# https://github.com/mikedh/trimesh
v 0.02906618 -1.38586681 -0.24549325
v 0.01060575 -1.40220709 -0.22350058
v 0.01518259 -1.39078508 -0.22781683
v 0.01762514 -1.40763862 -0.22034089
v 0.61188821 -0.71440357 -0.21918437
v 0.62147683 -0.71746403 -0.22034093
v 0.61121693 -0.74974881 -0.24414788
v 0.62849623 -0.72582574 -0.22350058
v 0.63126088 -0.73724775 -0.22976969
v 0.47530828 -1.38720920 -0.24549325
v 0.49034994 -1.40395099 -0.22002636
v 0.48534361 -1.39337734 -0.22094643
v 0.49829280 -1.40806606 -0.21909995
v 0.49693890 -1.40477874 -0.22799776
v 0.44278124 -0.71440357 -0.21918437
v 0.45232424 -0.71692905 -0.21940413
v 0.47530828 -0.74147336 -0.24549327
v 0.46026658 -0.72408166 -0.22002645
v 0.46527296 -0.73465549 -0.22094643
v 0.31955101 -1.38720920 -0.24549325
v 0.33327560 -1.40369487 -0.22004872
v 0.32847013 -1.39291900 -0.22098636
v 0.34446661 -1.40806606 -0.21917728
v 0.34028361 -1.40477874 -0.22799776
v 0.28837435 -0.71440357 -0.21918437
v 0.29794329 -0.71700140 -0.21941040
v 0.31955101 -0.74147336 -0.24549327
v 0.30582643 -0.72433795 -0.22004872
v 0.31063190 -0.73511382 -0.22098642
v 0.16379375 -1.38720920 -0.24549325
v 0.17764933 -1.40372062 -0.22004658
v 0.17282335 -1.39296518 -0.22098217
v 0.18555805 -1.40806606 -0.21925440
v 0.18461571 -1.40477874 -0.22799776
v 0.13248269 -0.71440357 -0.21918437
v 0.14204897 -0.71699411 -0.21940976
v 0.16379375 -0.74147345 -0.24549327
v 0.14993814 -0.72431203 -0.22004658
v 0.15476410 -0.73506782 -0.22098230
v 0.02019738 -1.06404637 -0.24549325
v 0.00803648 -1.37483585 -0.20481918
v 0.00803648 -1.34626179 -0.18143620
v 0.00803648 -1.30565048 -0.15979138
v 0.00803648 -1.25473074 -0.14151289
v 0.00803648 -1.19576283 -0.12772655
v 0.00803648 -1.13128767 -0.11917160
v 0.00803648 -1.06401633 -0.11627352
v 0.00803648 -0.99674481 -0.11917175
v 0.00803648 -0.93226983 -0.12772655
v 0.00803648 -0.87330209 -0.14151311
v 0.00803648 -0.82238243 -0.15979135
v 0.00803648 -0.78177113 -0.18143631
v 0.00803648 -0.75319663 -0.20481923
v 0.01518259 -0.73722088 -0.22790030
v 0.02944383 -0.74974873 -0.24549327
v 0.63126088 -1.39081186 -0.22976973
v 0.61159454 -1.38586681 -0.24414788
v 0.63061749 -1.06404620 -0.24414798
v 0.63106549 -1.37483585 -0.20481918
v 0.63106549 -1.34626179 -0.18143620
v 0.63106549 -1.30565014 -0.15979138
v 0.63106549 -1.25473074 -0.14151289
v 0.63106549 -1.19576283 -0.12772655
v 0.63106549 -1.13128767 -0.11917160
v 0.63106549 -1.06401633 -0.11627352
v 0.63106549 -0.99674481 -0.11917175
v 0.63106549 -0.93226983 -0.12772655
v 0.63106549 -0.87330209 -0.14151311
v 0.63106549 -0.82238243 -0.15979135
v 0.63106549 -0.78177113 -0.18143631
v 0.63106549 -0.75319663 -0.20481923
v 0.46527296 -1.39337734 -0.22094643
v 0.47530828 -1.35668472 -0.22413881
v 0.47530828 -0.77134802 -0.22413881
v 0.48534361 -0.73465549 -0.22094643
v 0.31063192 -1.39291900 -0.22098636
v 0.31955101 -1.35668472 -0.22413881
v 0.31955101 -0.77134802 -0.22413881
v 0.32847013 -0.73511382 -0.22098642
v 0.15476410 -1.39296518 -0.22098217
v 0.16379375 -1.35668472 -0.22413881
v 0.16379375 -0.77134802 -0.22413881
v 0.17282335 -0.73506782 -0.22098230
v 0.01762861 -0.71746051 -0.22035209
v 0.02722077 -0.71440357 -0.21918437
v 0.01060665 -0.72581218 -0.22354246
v 0.62849529 -1.40222065 -0.22354246
v 0.62134722 -1.40806606 -0.21991137
v 0.45232377 -1.40806606 -0.21909995
v 0.45367766 -1.40477874 -0.22799776
v 0.46026658 -1.40395099 -0.22002636
v 0.49829228 -0.71692905 -0.21940413
v 0.50783528 -0.71440357 -0.21918437
v 0.49034994 -0.72408166 -0.22002645
v 0.29881840 -1.40477874 -0.22799776
v 0.29463538 -1.40806606 -0.21917748
v 0.30582643 -1.40369487 -0.22004872
v 0.34115874 -0.71700140 -0.21941040
v 0.35072764 -0.71440357 -0.21918437
v 0.33327560 -0.72433795 -0.22004872
v 0.14202942 -1.40806606 -0.21925483
v 0.14297174 -1.40477874 -0.22799776
v 0.14993814 -1.40372062 -0.22004658
v 0.18553850 -0.71699411 -0.21940976
v 0.19510480 -0.71440357 -0.21918437
v 0.17764933 -0.72431203 -0.22004658
v -0.02906613 -1.38586681 -0.24549325
v -0.01518250 -1.39078508 -0.22781683
v -0.01060567 -1.40220709 -0.22350058
v -0.01762503 -1.40763862 -0.22034089
v -0.61188817 -0.71440357 -0.21918437
v -0.61121684 -0.74974881 -0.24414788
v -0.62147678 -0.71746403 -0.22034093
v -0.62849610 -0.72582574 -0.22350058
v -0.63126084 -0.73724775 -0.22976969
v -0.47530815 -1.38720920 -0.24549325
v -0.48534352 -1.39337734 -0.22094643
v -0.49034981 -1.40395099 -0.22002636
v -0.49829271 -1.40806606 -0.21909995
v -0.49693882 -1.40477874 -0.22799776
v -0.44278120 -0.71440357 -0.21918437
v -0.47530815 -0.74147336 -0.24549327
v -0.45232411 -0.71692905 -0.21940413
v -0.46026650 -0.72408166 -0.22002645
v -0.46527287 -0.73465549 -0.22094643
v -0.31955091 -1.38720920 -0.24549325
v -0.32847005 -1.39291900 -0.22098636
v -0.33327553 -1.40369487 -0.22004872
v -0.34446657 -1.40806606 -0.21917728
v -0.34028352 -1.40477874 -0.22799776
v -0.28837424 -0.71440357 -0.21918437
v -0.31955091 -0.74147336 -0.24549327
v -0.29794320 -0.71700140 -0.21941040
v -0.30582632 -0.72433795 -0.22004872
v -0.31063181 -0.73511382 -0.22098642
v -0.16379366 -1.38720920 -0.24549325
v -0.17282326 -1.39296518 -0.22098217
v -0.17764922 -1.40372062 -0.22004658
v -0.18555796 -1.40806606 -0.21925440
v -0.18461563 -1.40477874 -0.22799776
v -0.13248258 -0.71440357 -0.21918437
v -0.16379366 -0.74147345 -0.24549327
v -0.14204889 -0.71699411 -0.21940976
v -0.14993810 -0.72431203 -0.22004658
v -0.15476401 -0.73506782 -0.22098230
v -0.02019729 -1.06404637 -0.24549325
v -0.00803641 -1.37483585 -0.20481918
v -0.00803641 -1.34626179 -0.18143620
v -0.00803641 -1.30565048 -0.15979138
v -0.00803641 -1.25473074 -0.14151289
v -0.00803641 -1.19576283 -0.12772655
v -0.00803641 -1.13128767 -0.11917160
v -0.00803641 -1.06401633 -0.11627352
v -0.00803641 -0.99674481 -0.11917175
v -0.00803641 -0.93226983 -0.12772655
v -0.00803641 -0.87330209 -0.14151311
v -0.00803641 -0.82238243 -0.15979135
v -0.00803641 -0.78177113 -0.18143631
v -0.00803641 -0.75319663 -0.20481923
v -0.01518250 -0.73722088 -0.22790030
v -0.02944374 -0.74974873 -0.24549327
v -0.63126084 -1.39081186 -0.22976973
v -0.63061741 -1.06404620 -0.24414798
v -0.61159445 -1.38586681 -0.24414788
v -0.63106549 -1.37483585 -0.20481918
v -0.63106549 -1.34626179 -0.18143620
v -0.63106549 -1.30565014 -0.15979138
v -0.63106549 -1.25473074 -0.14151289
v -0.63106549 -1.19576283 -0.12772655
v -0.63106549 -1.13128767 -0.11917160
v -0.63106549 -1.06401633 -0.11627352
v -0.63106549 -0.99674481 -0.11917175
v -0.63106549 -0.93226983 -0.12772655
v -0.63106549 -0.87330209 -0.14151311
v -0.63106549 -0.82238243 -0.15979135
v -0.63106549 -0.78177113 -0.18143631
v -0.63106549 -0.75319663 -0.20481923
v -0.46527287 -1.39337734 -0.22094643
v -0.47530815 -1.35668472 -0.22413881
v -0.47530815 -0.77134802 -0.22413881
v -0.48534352 -0.73465549 -0.22094643
v -0.31063181 -1.39291900 -0.22098636
v -0.31955091 -1.35668472 -0.22413881
v -0.31955091 -0.77134802 -0.22413881
v -0.32847005 -0.73511382 -0.22098642
v -0.15476401 -1.39296518 -0.22098217
v -0.16379366 -1.35668472 -0.22413881
v -0.16379366 -0.77134802 -0.22413881
v -0.17282326 -0.73506782 -0.22098230
v -0.01762851 -0.71746051 -0.22035209
v -0.02722073 -0.71440357 -0.21918437
v -0.01060661 -0.72581218 -0.22354246
v -0.62134709 -1.40806606 -0.21991137
v -0.62849520 -1.40222065 -0.22354246
v -0.45367758 -1.40477874 -0.22799776
v -0.45232368 -1.40806606 -0.21909995
v -0.46026650 -1.40395099 -0.22002636
v -0.49829228 -0.71692905 -0.21940413
v -0.50783515 -0.71440357 -0.21918437
v -0.49034981 -0.72408166 -0.22002645
v -0.29881833 -1.40477874 -0.22799776
v -0.29463529 -1.40806606 -0.21917748
v -0.30582632 -1.40369487 -0.22004872
v -0.34115861 -0.71700140 -0.21941040
v -0.35072762 -0.71440357 -0.21918437
v -0.33327553 -0.72433795 -0.22004872
v -0.14297165 -1.40477874 -0.22799776
v -0.14202932 -1.40806606 -0.21925483
v -0.14993810 -1.40372062 -0.22004658
v -0.18553839 -0.71699411 -0.21940976
v -0.19510474 -0.71440357 -0.21918437
v -0.17764922 -0.72431203 -0.22004658
v 0.61178311 -1.40412660 -0.22772894
v 0.50770130 -1.39334438 -0.18993528
v 0.50778850 -1.40655235 -0.20897955
v 0.61188370 -1.40640026 -0.20876074
v 0.61188821 -1.39334438 -0.18993528
v 0.50733952 -1.36040394 -0.16297921
v 0.61188821 -1.36040394 -0.16297921
v 0.50695320 -1.31607342 -0.13935204
v 0.61188821 -1.31607342 -0.13935204
v 0.50662923 -1.26205622 -0.11996177
v 0.61188821 -1.26205622 -0.11996177
v 0.50638556 -1.20042875 -0.10555338
v 0.61188821 -1.20042875 -0.10555338
v 0.50626488 -1.13355875 -0.09668084
v 0.61188821 -1.13355875 -0.09668084
v 0.50611236 -1.06401633 -0.09368488
v 0.61188821 -1.06401633 -0.09368488
v 0.50616849 -0.99447407 -0.09668084
v 0.61188821 -0.99447407 -0.09668084
v 0.50638556 -0.92760407 -0.10555338
v 0.61188821 -0.92760407 -0.10555338
v 0.50662923 -0.86597652 -0.11996184
v 0.61188821 -0.86597652 -0.11996184
v 0.50695320 -0.81195924 -0.13935206
v 0.61188821 -0.81195924 -0.13935206
v 0.50733952 -0.76762881 -0.16297936
v 0.61188821 -0.76762881 -0.16297936
v 0.50770130 -0.73468819 -0.18993533
v 0.61188821 -0.73468819 -0.18993533
v 0.47530828 -1.33970398 -0.19965379
v 0.46581481 -1.37240118 -0.19372975
v 0.48466297 -1.37192344 -0.19381629
v 0.47530828 -1.31212847 -0.17708821
v 0.46641155 -1.33970569 -0.16902845
v 0.48393169 -1.33885872 -0.16927597
v 0.47530828 -1.27501854 -0.15730947
v 0.46714458 -1.29653870 -0.14789651
v 0.48324342 -1.29593634 -0.14816001
v 0.47530828 -1.22979984 -0.14107739
v 0.46775673 -1.24544008 -0.13083893
v 0.48268912 -1.24508663 -0.13107026
v 0.47530828 -1.17820994 -0.12901590
v 0.46821142 -1.18833452 -0.11832445
v 0.48229327 -1.18817471 -0.11849300
v 0.47530828 -1.12223168 -0.12158857
v 0.46850719 -1.12717810 -0.11071167
v 0.48205397 -1.12713793 -0.11080003
v 0.47530828 -1.06401633 -0.11908053
v 0.46865211 -1.06401633 -0.10822679
v 0.48196445 -1.06401633 -0.10822679
v 0.47530828 -1.00580098 -0.12158857
v 0.46856251 -1.00089490 -0.11080010
v 0.48210934 -1.00085456 -0.11071167
v 0.47530828 -0.94982289 -0.12901595
v 0.46832330 -0.93985778 -0.11849300
v 0.48240515 -0.93969813 -0.11832449
v 0.47530828 -0.89823298 -0.14107743
v 0.46792736 -0.88294619 -0.13107037
v 0.48285980 -0.88259266 -0.13083899
v 0.47530828 -0.85301420 -0.15730958
v 0.46737311 -0.83209632 -0.14816001
v 0.48347194 -0.83149396 -0.14789651
v 0.47530828 -0.81590410 -0.17708832
v 0.46668479 -0.78917402 -0.16927607
v 0.48420493 -0.78832696 -0.16902856
v 0.47530828 -0.78832885 -0.19965379
v 0.46595360 -0.75610930 -0.19381646
v 0.48480167 -0.75563139 -0.19372990
v 0.35060911 -1.39334438 -0.18993528
v 0.35068633 -1.40655235 -0.20897955
v 0.44282798 -1.40655235 -0.20897955
v 0.44291522 -1.39334438 -0.18993528
v 0.35025499 -1.36040394 -0.16297921
v 0.44327704 -1.36040394 -0.16297921
v 0.34986787 -1.31607342 -0.13935204
v 0.44366328 -1.31607342 -0.13935204
v 0.34953742 -1.26205622 -0.11996177
v 0.44398729 -1.26205622 -0.11996177
v 0.34928510 -1.20042875 -0.10555338
v 0.44423097 -1.20042875 -0.10555338
v 0.34916116 -1.13355875 -0.09668084
v 0.44444803 -1.13355875 -0.09668084
v 0.34899611 -1.06401633 -0.09368488
v 0.44450421 -1.06401633 -0.09368488
v 0.34905415 -0.99447407 -0.09668084
v 0.44435160 -0.99447407 -0.09668084
v 0.34928510 -0.92760407 -0.10555338
v 0.44423092 -0.92760407 -0.10555338
v 0.34953742 -0.86597652 -0.11996184
v 0.44398729 -0.86597652 -0.11996184
v 0.34986787 -0.81195924 -0.13935206
v 0.44366328 -0.81195924 -0.13935206
v 0.35025499 -0.76762881 -0.16297936
v 0.44327704 -0.76762881 -0.16297936
v 0.35060913 -0.73468819 -0.18993533
v 0.44291522 -0.73468819 -0.18993533
v 0.31955101 -1.33970398 -0.19965379
v 0.31114933 -1.37185581 -0.19382856
v 0.32781782 -1.37133980 -0.19392208
v 0.31955101 -1.31212847 -0.17708821
v 0.31172165 -1.33909338 -0.16920741
v 0.32711092 -1.33816538 -0.16947863
v 0.31955101 -1.27501854 -0.15730947
v 0.31243632 -1.29585720 -0.14819458
v 0.32643695 -1.29518703 -0.14848765
v 0.31955101 -1.22979984 -0.14107739
v 0.31304170 -1.24477936 -0.13127151
v 0.32588721 -1.24438093 -0.13153239
v 0.31955101 -1.17820994 -0.12901590
v 0.31349701 -1.18780615 -0.11888230
v 0.32549033 -1.18762453 -0.11907420
v 0.31955101 -1.12223168 -0.12158857
v 0.31379605 -1.12688216 -0.11136208
v 0.32524884 -1.12683615 -0.11146363
v 0.31955101 -1.06401633 -0.11908053
v 0.31394342 -1.06401633 -0.10892086
v 0.32515861 -1.06401633 -0.10892086
v 0.31955101 -1.00580098 -0.12158857
v 0.31385314 -1.00119668 -0.11146363
v 0.32530594 -1.00115050 -0.11136223
v 0.31955101 -0.94982289 -0.12901595
v 0.31361166 -0.94040829 -0.11907426
v 0.32560498 -0.94022633 -0.11888230
v 0.31955101 -0.89823298 -0.14107743
v 0.31321484 -0.88365189 -0.13153242
v 0.32606033 -0.88325338 -0.13127158
v 0.31955101 -0.85301420 -0.15730958
v 0.31266503 -0.83284562 -0.14848780
v 0.32666569 -0.83217563 -0.14819468
v 0.31955101 -0.81590410 -0.17708832
v 0.31199111 -0.78986728 -0.16947874
v 0.32738034 -0.78893928 -0.16920756
v 0.31955101 -0.78832885 -0.19965389
v 0.31128421 -0.75669286 -0.19392221
v 0.32795270 -0.75617685 -0.19382861
v 0.02782541 -1.40446289 -0.22787071
v 0.02721380 -1.39334438 -0.18993528
v 0.02721380 -1.40647974 -0.20887526
v 0.13252460 -1.40655235 -0.20897955
v 0.13260283 -1.39334438 -0.18993528
v 0.02721380 -1.36040394 -0.16297921
v 0.13295798 -1.36040394 -0.16297921
v 0.02721380 -1.31607342 -0.13935204
v 0.13334518 -1.31607342 -0.13935204
v 0.02721380 -1.26205622 -0.11996177
v 0.13367503 -1.26205622 -0.11996177
v 0.02721380 -1.20042875 -0.10555338
v 0.13392662 -1.20042875 -0.10555338
v 0.02721380 -1.13355875 -0.09668084
v 0.13415613 -1.13355875 -0.09668084
v 0.02721380 -1.06401633 -0.09368488
v 0.13421400 -1.06401633 -0.09368488
v 0.02721380 -0.99447407 -0.09668084
v 0.13405024 -0.99447407 -0.09668084
v 0.02721380 -0.92760407 -0.10555338
v 0.13392662 -0.92760407 -0.10555338
v 0.02721380 -0.86597652 -0.11996184
v 0.13367507 -0.86597652 -0.11996184
v 0.02721380 -0.81195924 -0.13935206
v 0.13334518 -0.81195924 -0.13935206
v 0.02721380 -0.76762881 -0.16297936
v 0.13295800 -0.76762881 -0.16297936
v 0.02721380 -0.73468819 -0.18993533
v 0.13260287 -0.73468819 -0.18993533
v 0.19498457 -1.39334438 -0.18993528
v 0.19506287 -1.40655235 -0.20897955
v 0.28841570 -1.40655235 -0.20897955
v 0.28849286 -1.39334438 -0.18993528
v 0.19462949 -1.36040394 -0.16297921
v 0.28884704 -1.36040394 -0.16297921
v 0.19424229 -1.31607342 -0.13935204
v 0.28923416 -1.31607342 -0.13935204
v 0.19391242 -1.26205622 -0.11996177
v 0.28956461 -1.26205622 -0.11996177
v 0.19366085 -1.20042875 -0.10555338
v 0.28981693 -1.20042875 -0.10555338
v 0.19353721 -1.13355875 -0.09668084
v 0.29004788 -1.13355875 -0.09668084
v 0.19337345 -1.06401633 -0.09368488
v 0.29010588 -1.06401633 -0.09368488
v 0.19343130 -0.99447407 -0.09668084
v 0.28994082 -0.99447407 -0.09668084
v 0.19366085 -0.92760407 -0.10555338
v 0.28981693 -0.92760407 -0.10555338
v 0.19391242 -0.86597661 -0.11996184
v 0.28956461 -0.86597661 -0.11996184
v 0.19424231 -0.81195941 -0.13935206
v 0.28923416 -0.81195941 -0.13935206
v 0.19462949 -0.76762889 -0.16297936
v 0.28884704 -0.76762889 -0.16297936
v 0.19498457 -0.73468845 -0.18993533
v 0.28849286 -0.73468845 -0.18993533
v 0.16379375 -1.33970398 -0.19965379
v 0.15528421 -1.37191074 -0.19381859
v 0.17216795 -1.37139868 -0.19391137
v 0.16379375 -1.31212864 -0.17708821
v 0.15585932 -1.33915501 -0.16918941
v 0.17145823 -1.33823593 -0.16945812
v 0.16379375 -1.27501854 -0.15730947
v 0.15657620 -1.29592604 -0.14816456
v 0.17078247 -1.29526325 -0.14845443
v 0.16379375 -1.22979984 -0.14107739
v 0.15718264 -1.24484648 -0.13122744
v 0.17023186 -1.24445269 -0.13148519
v 0.16379375 -1.17820994 -0.12901590
v 0.15763810 -1.18786022 -0.11882544
v 0.16983494 -1.18768067 -0.11901493
v 0.16379375 -1.12223168 -0.12158857
v 0.15793700 -1.12691254 -0.11129556
v 0.16959352 -1.12686705 -0.11139570
v 0.16379375 -1.06401633 -0.11908053
v 0.15808416 -1.06401633 -0.10884966
v 0.16950331 -1.06401633 -0.10884966
v 0.16379375 -1.00580098 -0.12158857
v 0.15799393 -1.00116578 -0.11139576
v 0.16965049 -1.00112012 -0.11129560
v 0.16379375 -0.94982289 -0.12901595
v 0.15775253 -0.94035165 -0.11901493
v 0.16994939 -0.94017260 -0.11882544
v 0.16379375 -0.89823298 -0.14107743
v 0.15735559 -0.88357997 -0.13148525
v 0.17040485 -0.88318618 -0.13122755
v 0.16379375 -0.85301420 -0.15730958
v 0.15680498 -0.83276923 -0.14845443
v 0.17101129 -0.83210645 -0.14816456
v 0.16379375 -0.81590410 -0.17708832
v 0.15612924 -0.78979707 -0.16945823
v 0.17172817 -0.78887756 -0.16918956
v 0.16379375 -0.78832885 -0.19965379
v 0.15541955 -0.75663407 -0.19391152
v 0.17230326 -0.75612200 -0.19381869
v 0.01060575 -1.38409046 -0.19737723
v 0.01762514 -1.39086490 -0.19192939
v 0.01762514 -1.35850914 -0.16545206
v 0.01060575 -1.35333286 -0.17220773
v 0.01762514 -1.31467712 -0.14209043
v 0.01060575 -1.31086178 -0.14957177
v 0.01762514 -1.26107466 -0.12284903
v 0.01060575 -1.25839348 -0.13073730
v 0.01762514 -1.19980339 -0.10852411
v 0.01060575 -1.19809570 -0.11664004
v 0.01762514 -1.13325440 -0.09969414
v 0.01060575 -1.13242321 -0.10792629
v 0.01762514 -1.06401633 -0.09671123
v 0.01060575 -1.06401633 -0.10497917
v 0.01762514 -0.99477826 -0.09969414
v 0.01060575 -0.99560944 -0.10792629
v 0.01762514 -0.92822926 -0.10852411
v 0.01060575 -0.92993712 -0.11664006
v 0.01762514 -0.86695791 -0.12284910
v 0.01060575 -0.86963926 -0.13073752
v 0.01762514 -0.81335579 -0.14209045
v 0.01060575 -0.81717088 -0.14957175
v 0.01762514 -0.76952360 -0.16545206
v 0.01060575 -0.77469997 -0.17220779
v 0.01762514 -0.73716792 -0.19192939
v 0.01060575 -0.74394263 -0.19737741
v 0.61185405 -1.40806606 -0.21950140
v 0.62849623 -1.38409046 -0.19737723
v 0.62147683 -1.39086490 -0.19192939
v 0.62147683 -1.35850914 -0.16545206
v 0.62849623 -1.35333286 -0.17220773
v 0.62147683 -1.31467678 -0.14209043
v 0.62849623 -1.31086178 -0.14957177
v 0.62147683 -1.26107466 -0.12284903
v 0.62849623 -1.25839348 -0.13073730
v 0.62147683 -1.19980339 -0.10852411
v 0.62849623 -1.19809570 -0.11664004
v 0.62147683 -1.13325440 -0.09969414
v 0.62849623 -1.13242321 -0.10792629
v 0.62147683 -1.06401633 -0.09671123
v 0.62849623 -1.06401633 -0.10497917
v 0.62147683 -0.99477826 -0.09969414
v 0.62849623 -0.99560944 -0.10792629
v 0.62147683 -0.92822926 -0.10852411
v 0.62849623 -0.92993712 -0.11664006
v 0.62147683 -0.86695791 -0.12284910
v 0.62849623 -0.86963926 -0.13073752
v 0.62147683 -0.81335579 -0.14209045
v 0.62849623 -0.81717088 -0.14957175
v 0.62147683 -0.76952360 -0.16545206
v 0.62849623 -0.77469997 -0.17220779
v 0.62147683 -0.73716792 -0.19192939
v 0.62849623 -0.74394263 -0.19737741
v 0.49812302 -1.39068603 -0.19041697
v 0.49000773 -1.38311405 -0.19178886
v 0.46054266 -1.38334493 -0.19174700
v 0.45247372 -1.39074371 -0.19040645
v 0.49783232 -1.35774799 -0.16375544
v 0.48961356 -1.35013635 -0.16597994
v 0.45274537 -1.35784910 -0.16372583
v 0.46087276 -1.35054439 -0.16586072
v 0.49753311 -1.31361111 -0.14042902
v 0.48923955 -1.30651445 -0.14353294
v 0.45305127 -1.31368217 -0.14039791
v 0.46126844 -1.30680353 -0.14340658
v 0.49728030 -1.25999920 -0.12130826
v 0.48894116 -1.25404821 -0.12520393
v 0.45331267 -1.26004057 -0.12128121
v 0.46159464 -1.25421696 -0.12509344
v 0.49708615 -1.19895659 -0.10710781
v 0.48873233 -1.19468926 -0.11161399
v 0.45351523 -1.19897513 -0.10708837
v 0.46183158 -1.19476513 -0.11153382
v 0.49697470 -1.13279332 -0.09836386
v 0.48861444 -1.13057356 -0.10324513
v 0.45368002 -1.13279812 -0.09835343
v 0.46198788 -1.13059227 -0.10320389
v 0.49688123 -1.06401633 -0.09541222
v 0.48855857 -1.06401633 -0.10042435
v 0.45373534 -1.06401633 -0.09541222
v 0.46205800 -1.06401633 -0.10042435
v 0.49693650 -0.99523453 -0.09835343
v 0.48862869 -0.99744038 -0.10320402
v 0.45364187 -0.99523934 -0.09836398
v 0.46200208 -0.99745927 -0.10324513
v 0.49710130 -0.92905753 -0.10708837
v 0.48878499 -0.93326770 -0.11153382
v 0.45353033 -0.92907607 -0.10710781
v 0.46188419 -0.93334340 -0.11161399
v 0.49730381 -0.86799226 -0.12128127
v 0.48902188 -0.87381570 -0.12509344
v 0.45333627 -0.86803346 -0.12130831
v 0.46167537 -0.87398461 -0.12520399
v 0.49756521 -0.81435065 -0.14039795
v 0.48934808 -0.82122921 -0.14340668
v 0.45308337 -0.81442189 -0.14042902
v 0.46137702 -0.82151795 -0.14353294
v 0.49787111 -0.77018356 -0.16372594
v 0.48974376 -0.77748826 -0.16586087
v 0.45278417 -0.77028475 -0.16375555
v 0.46100297 -0.77789639 -0.16598009
v 0.49814281 -0.73728894 -0.19040658
v 0.49007382 -0.74468789 -0.19174713
v 0.45249346 -0.73734671 -0.19041701
v 0.46060883 -0.74491869 -0.19178888
v 0.34100000 -1.39059643 -0.19043325
v 0.33294743 -1.38279545 -0.19184663
v 0.30609010 -1.38304538 -0.19180124
v 0.29808255 -1.39065943 -0.19042177
v 0.34071504 -1.35764482 -0.16378557
v 0.33256374 -1.34976488 -0.16608867
v 0.29834826 -1.35775640 -0.16375289
v 0.30640954 -1.35021274 -0.16595769
v 0.34041588 -1.31350176 -0.14047664
v 0.33219364 -1.30611843 -0.14370621
v 0.29865365 -1.31358158 -0.14044177
v 0.30679930 -1.30644064 -0.14356528
v 0.34015905 -1.25989843 -0.12137405
v 0.33189347 -1.25367897 -0.12544550
v 0.29891873 -1.25994564 -0.12134335
v 0.30712638 -1.25387003 -0.12532059
v 0.33995926 -1.19887951 -0.10718931
v 0.33167986 -1.19440430 -0.11191483
v 0.29912709 -1.19890045 -0.10716691
v 0.30736806 -1.19449116 -0.11182322
v 0.33984456 -1.13275160 -0.09845578
v 0.33155781 -1.13041907 -0.10358485
v 0.29930053 -1.13275709 -0.09844359
v 0.30753041 -1.13044070 -0.10353756
v 0.33974414 -1.06401633 -0.09550767
v 0.33149893 -1.06401633 -0.10077797
v 0.29935784 -1.06401633 -0.09550767
v 0.30760310 -1.06401633 -0.10077797
v 0.33980146 -0.99527573 -0.09844372
v 0.33157162 -0.99759213 -0.10353756
v 0.29925746 -0.99528123 -0.09845578
v 0.30754418 -0.99761376 -0.10358498
v 0.33997494 -0.92913186 -0.10716691
v 0.33173397 -0.93354167 -0.11182322
v 0.29914277 -0.92915349 -0.10718931
v 0.30742215 -0.93362836 -0.11191483
v 0.34018325 -0.86808710 -0.12134345
v 0.33197565 -0.87416280 -0.12532074
v 0.29894294 -0.86813396 -0.12137416
v 0.30720852 -0.87435368 -0.12544560
v 0.34044838 -0.81445099 -0.14044198
v 0.33230269 -0.82159210 -0.14356543
v 0.29868615 -0.81453090 -0.14047685
v 0.30690835 -0.82191431 -0.14370632
v 0.34075375 -0.77027625 -0.16375304
v 0.33269249 -0.77782008 -0.16595780
v 0.29838695 -0.77038826 -0.16378572
v 0.30653829 -0.77826812 -0.16608877
v 0.34101946 -0.73737323 -0.19042190
v 0.33301195 -0.74498727 -0.19180141
v 0.29810199 -0.73743623 -0.19043323
v 0.30615454 -0.74523738 -0.19184660
v 0.18537864 -1.39060570 -0.19043151
v 0.17731961 -1.38282772 -0.19184073
v 0.15020319 -1.38307594 -0.19179581
v 0.14218935 -1.39066801 -0.19042031
v 0.18509293 -1.35765512 -0.16378250
v 0.17693466 -1.34980247 -0.16607759
v 0.14245579 -1.35776584 -0.16375012
v 0.15052385 -1.35024639 -0.16594784
v 0.18479364 -1.31351292 -0.14047185
v 0.17656398 -1.30615894 -0.14368855
v 0.14276137 -1.31359188 -0.14043737
v 0.15091444 -1.30647789 -0.14354914
v 0.18453713 -1.25990891 -0.12136732
v 0.17626383 -1.25371691 -0.12542076
v 0.14302624 -1.25995525 -0.12133708
v 0.15124161 -1.25390556 -0.12529740
v 0.18433777 -1.19888741 -0.10718090
v 0.17605060 -1.19443365 -0.11188390
v 0.14323401 -1.19890835 -0.10715875
v 0.15148294 -1.19451931 -0.11179357
v 0.18422338 -1.13275589 -0.09844638
v 0.17592892 -1.13043503 -0.10354979
v 0.14340662 -1.13276121 -0.09843436
v 0.15164471 -1.13045632 -0.10350310
v 0.18412373 -1.06401633 -0.09549780
v 0.17587030 -1.06401633 -0.10074145
v 0.14346376 -1.06401633 -0.09549780
v 0.15171718 -1.06401633 -0.10074145
v 0.18418085 -0.99527144 -0.09843436
v 0.17594276 -0.99757651 -0.10350314
v 0.14336411 -0.99527676 -0.09844638
v 0.15165860 -0.99759780 -0.10354992
v 0.18435341 -0.92912448 -0.10715875
v 0.17610457 -0.93351334 -0.11179357
v 0.14324968 -0.92914542 -0.10718090
v 0.15153687 -0.93359900 -0.11188390
v 0.18456123 -0.86807749 -0.12133708
v 0.17634586 -0.87412735 -0.12529742
v 0.14305034 -0.86812358 -0.12136749
v 0.15132364 -0.87431592 -0.12542095
v 0.18482613 -0.81444095 -0.14043739
v 0.17667305 -0.82155511 -0.14354914
v 0.14279383 -0.81451965 -0.14047185
v 0.15102347 -0.82187371 -0.14368857
v 0.18513168 -0.77026673 -0.16375023
v 0.17706360 -0.77778644 -0.16594799
v 0.14249452 -0.77037753 -0.16378265
v 0.15065283 -0.77823001 -0.16607770
v 0.18539810 -0.73736482 -0.19042031
v 0.17738431 -0.74495697 -0.19179579
v 0.14220885 -0.73742696 -0.19043151
v 0.15026788 -0.74520502 -0.19184073
v 0.50472911 -1.40806606 -0.21909989
v 0.44588741 -1.40806606 -0.21909989
v 0.02738668 -1.40806606 -0.21872569
v 0.13547059 -1.40806606 -0.21909989
v 0.19211689 -1.40806606 -0.21909989
v -0.61178307 -1.40412660 -0.22772894
v -0.50770121 -1.39334438 -0.18993528
v -0.61188817 -1.39334438 -0.18993528
v -0.61188362 -1.40640026 -0.20876074
v -0.50778846 -1.40655235 -0.20897955
v -0.50733944 -1.36040394 -0.16297921
v -0.61188817 -1.36040394 -0.16297921
v -0.50695316 -1.31607342 -0.13935204
v -0.61188817 -1.31607342 -0.13935204
v -0.50662919 -1.26205622 -0.11996177
v -0.61188817 -1.26205622 -0.11996177
v -0.50638552 -1.20042875 -0.10555338
v -0.61188817 -1.20042875 -0.10555338
v -0.50626479 -1.13355875 -0.09668084
v -0.61188817 -1.13355875 -0.09668084
v -0.50611223 -1.06401633 -0.09368488
v -0.61188817 -1.06401633 -0.09368488
v -0.50616841 -0.99447407 -0.09668084
v -0.61188817 -0.99447407 -0.09668084
v -0.50638552 -0.92760407 -0.10555338
v -0.61188817 -0.92760407 -0.10555338
v -0.50662919 -0.86597652 -0.11996184
v -0.61188817 -0.86597652 -0.11996184
v -0.50695316 -0.81195924 -0.13935206
v -0.61188817 -0.81195924 -0.13935206
v -0.50733944 -0.76762881 -0.16297936
v -0.61188817 -0.76762881 -0.16297936
v -0.50770121 -0.73468819 -0.18993533
v -0.61188817 -0.73468819 -0.18993533
v -0.46581477 -1.37240118 -0.19372975
v -0.47530815 -1.33970398 -0.19965379
v -0.48466288 -1.37192344 -0.19381629
v -0.46641150 -1.33970569 -0.16902845
v -0.47530815 -1.31212847 -0.17708821
v -0.48393165 -1.33885872 -0.16927597
v -0.46714450 -1.29653870 -0.14789651
v -0.47530815 -1.27501854 -0.15730947
v -0.48324333 -1.29593634 -0.14816001
v -0.46775669 -1.24544008 -0.13083893
v -0.47530815 -1.22979984 -0.14107739
v -0.48268899 -1.24508663 -0.13107026
v -0.46821133 -1.18833452 -0.11832445
v -0.47530815 -1.17820994 -0.12901590
v -0.48229323 -1.18817471 -0.11849300
v -0.46850710 -1.12717810 -0.11071167
v -0.47530815 -1.12223168 -0.12158857
v -0.48205393 -1.12713793 -0.11080003
v -0.46865203 -1.06401633 -0.10822679
v -0.47530815 -1.06401633 -0.11908053
v -0.48196437 -1.06401633 -0.10822679
v -0.46856246 -1.00089490 -0.11080010
v -0.47530815 -1.00580098 -0.12158857
v -0.48210921 -1.00085456 -0.11071167
v -0.46832317 -0.93985778 -0.11849300
v -0.47530815 -0.94982289 -0.12901595
v -0.48240507 -0.93969813 -0.11832449
v -0.46792727 -0.88294619 -0.13107037
v -0.47530815 -0.89823298 -0.14107743
v -0.48285971 -0.88259266 -0.13083899
v -0.46737298 -0.83209632 -0.14816001
v -0.47530815 -0.85301420 -0.15730958
v -0.48347190 -0.83149396 -0.14789651
v -0.46668470 -0.78917402 -0.16927607
v -0.47530815 -0.81590410 -0.17708832
v -0.48420489 -0.78832696 -0.16902856
v -0.46595351 -0.75610930 -0.19381646
v -0.47530815 -0.78832885 -0.19965379
v -0.48480163 -0.75563139 -0.19372990
v -0.35060900 -1.39334438 -0.18993528
v -0.44291518 -1.39334438 -0.18993528
v -0.44282789 -1.40655235 -0.20897955
v -0.35068625 -1.40655235 -0.20897955
v -0.35025495 -1.36040394 -0.16297921
v -0.44327696 -1.36040394 -0.16297921
v -0.34986777 -1.31607342 -0.13935204
v -0.44366324 -1.31607342 -0.13935204
v -0.34953732 -1.26205622 -0.11996177
v -0.44398721 -1.26205622 -0.11996177
v -0.34928497 -1.20042875 -0.10555338
v -0.44423088 -1.20042875 -0.10555338
v -0.34916112 -1.13355875 -0.09668084
v -0.44444799 -1.13355875 -0.09668084
v -0.34899607 -1.06401633 -0.09368488
v -0.44450408 -1.06401633 -0.09368488
v -0.34905409 -0.99447407 -0.09668084
v -0.44435160 -0.99447407 -0.09668084
v -0.34928506 -0.92760407 -0.10555338
v -0.44423088 -0.92760407 -0.10555338
v -0.34953732 -0.86597652 -0.11996184
v -0.44398721 -0.86597652 -0.11996184
v -0.34986777 -0.81195924 -0.13935206
v -0.44366315 -0.81195924 -0.13935206
v -0.35025486 -0.76762881 -0.16297936
v -0.44327696 -0.76762881 -0.16297936
v -0.35060900 -0.73468819 -0.18993533
v -0.44291518 -0.73468819 -0.18993533
v -0.31114924 -1.37185581 -0.19382856
v -0.31955091 -1.33970398 -0.19965379
v -0.32781773 -1.37133980 -0.19392208
v -0.31172160 -1.33909338 -0.16920741
v -0.31955091 -1.31212847 -0.17708821
v -0.32711083 -1.33816538 -0.16947863
v -0.31243623 -1.29585720 -0.14819458
v -0.31955091 -1.27501854 -0.15730947
v -0.32643693 -1.29518703 -0.14848765
v -0.31304164 -1.24477936 -0.13127151
v -0.31955091 -1.22979984 -0.14107739
v -0.32588710 -1.24438093 -0.13153239
v -0.31349693 -1.18780615 -0.11888230
v -0.31955091 -1.17820994 -0.12901590
v -0.32549022 -1.18762453 -0.11907420
v -0.31379600 -1.12688216 -0.11136208
v -0.31955091 -1.12223168 -0.12158857
v -0.32524878 -1.12683615 -0.11146363
v -0.31394333 -1.06401633 -0.10892086
v -0.31955091 -1.06401633 -0.11908053
v -0.32515853 -1.06401633 -0.10892086
v -0.31385308 -1.00119668 -0.11146363
v -0.31955091 -1.00580098 -0.12158857
v -0.32530590 -1.00115050 -0.11136223
v -0.31361160 -0.94040829 -0.11907426
v -0.31955091 -0.94982289 -0.12901595
v -0.32560493 -0.94022633 -0.11888230
v -0.31321476 -0.88365189 -0.13153242
v -0.31955091 -0.89823298 -0.14107743
v -0.32606022 -0.88325338 -0.13127158
v -0.31266497 -0.83284562 -0.14848780
v -0.31955091 -0.85301420 -0.15730958
v -0.32666563 -0.83217563 -0.14819468
v -0.31199103 -0.78986728 -0.16947874
v -0.31955091 -0.81590410 -0.17708832
v -0.32738030 -0.78893928 -0.16920756
v -0.31128413 -0.75669286 -0.19392221
v -0.31955091 -0.78832885 -0.19965389
v -0.32795262 -0.75617685 -0.19382861
v -0.02782532 -1.40446289 -0.22787071
v -0.02721373 -1.39334438 -0.18993528
v -0.13260279 -1.39334438 -0.18993528
v -0.13252455 -1.40655235 -0.20897955
v -0.02721373 -1.40647974 -0.20887526
v -0.02721373 -1.36040394 -0.16297921
v -0.13295791 -1.36040394 -0.16297921
v -0.02721373 -1.31607342 -0.13935204
v -0.13334510 -1.31607342 -0.13935204
v -0.02721373 -1.26205622 -0.11996177
v -0.13367499 -1.26205622 -0.11996177
v -0.02721373 -1.20042875 -0.10555338
v -0.13392656 -1.20042875 -0.10555338
v -0.02721373 -1.13355875 -0.09668084
v -0.13415611 -1.13355875 -0.09668084
v -0.02721373 -1.06401633 -0.09368488
v -0.13421392 -1.06401633 -0.09368488
v -0.02721373 -0.99447407 -0.09668084
v -0.13405015 -0.99447407 -0.09668084
v -0.02721373 -0.92760407 -0.10555338
v -0.13392656 -0.92760407 -0.10555338
v -0.02721373 -0.86597652 -0.11996184
v -0.13367503 -0.86597652 -0.11996184
v -0.02721373 -0.81195924 -0.13935206
v -0.13334510 -0.81195924 -0.13935206
v -0.02721373 -0.76762881 -0.16297936
v -0.13295791 -0.76762881 -0.16297936
v -0.02721373 -0.73468819 -0.18993533
v -0.13260283 -0.73468819 -0.18993533
v -0.19498453 -1.39334438 -0.18993528
v -0.28849282 -1.39334438 -0.18993528
v -0.28841561 -1.40655235 -0.20897955
v -0.19506277 -1.40655235 -0.20897955
v -0.19462945 -1.36040394 -0.16297921
v -0.28884695 -1.36040394 -0.16297921
v -0.19424227 -1.31607342 -0.13935204
v -0.28923405 -1.31607342 -0.13935204
v -0.19391233 -1.26205622 -0.11996177
v -0.28956450 -1.26205622 -0.11996177
v -0.19366077 -1.20042875 -0.10555338
v -0.28981684 -1.20042875 -0.10555338
v -0.19353713 -1.13355875 -0.09668084
v -0.29004777 -1.13355875 -0.09668084
v -0.19337336 -1.06401633 -0.09368488
v -0.29010583 -1.06401633 -0.09368488
v -0.19343125 -0.99447407 -0.09668084
v -0.28994078 -0.99447407 -0.09668084
v -0.19366077 -0.92760407 -0.10555338
v -0.28981684 -0.92760407 -0.10555338
v -0.19391233 -0.86597661 -0.11996184
v -0.28956450 -0.86597661 -0.11996184
v -0.19424227 -0.81195941 -0.13935206
v -0.28923405 -0.81195941 -0.13935206
v -0.19462945 -0.76762889 -0.16297936
v -0.28884695 -0.76762889 -0.16297936
v -0.19498453 -0.73468845 -0.18993533
v -0.28849282 -0.73468845 -0.18993533
v -0.15528411 -1.37191074 -0.19381859
v -0.16379366 -1.33970398 -0.19965379
v -0.17216786 -1.37139868 -0.19391137
v -0.15585921 -1.33915501 -0.16918941
v -0.16379366 -1.31212864 -0.17708821
v -0.17145813 -1.33823593 -0.16945812
v -0.15657611 -1.29592604 -0.14816456
v -0.16379366 -1.27501854 -0.15730947
v -0.17078238 -1.29526325 -0.14845443
v -0.15718255 -1.24484648 -0.13122744
v -0.16379366 -1.22979984 -0.14107739
v -0.17023178 -1.24445269 -0.13148519
v -0.15763801 -1.18786022 -0.11882544
v -0.16379366 -1.17820994 -0.12901590
v -0.16983485 -1.18768067 -0.11901493
v -0.15793692 -1.12691254 -0.11129556
v -0.16379366 -1.12223168 -0.12158857
v -0.16959341 -1.12686705 -0.11139570
v -0.15808412 -1.06401633 -0.10884966
v -0.16379366 -1.06401633 -0.11908053
v -0.16950325 -1.06401633 -0.10884966
v -0.15799382 -1.00116578 -0.11139576
v -0.16379366 -1.00580098 -0.12158857
v -0.16965040 -1.00112012 -0.11129560
v -0.15775251 -0.94035165 -0.11901493
v -0.16379366 -0.94982289 -0.12901595
v -0.16994931 -0.94017260 -0.11882544
v -0.15735550 -0.88357997 -0.13148525
v -0.16379366 -0.89823298 -0.14107743
v -0.17040477 -0.88318618 -0.13122755
v -0.15680490 -0.83276923 -0.14845443
v -0.16379366 -0.85301420 -0.15730958
v -0.17101121 -0.83210645 -0.14816456
v -0.15612919 -0.78979707 -0.16945823
v -0.16379366 -0.81590410 -0.17708832
v -0.17172815 -0.78887756 -0.16918956
v -0.15541950 -0.75663407 -0.19391152
v -0.16379366 -0.78832885 -0.19965379
v -0.17230317 -0.75612200 -0.19381869
v -0.01060567 -1.38409046 -0.19737723
v -0.01762503 -1.39086490 -0.19192939
v -0.01762503 -1.35850914 -0.16545206
v -0.01060567 -1.35333286 -0.17220773
v -0.01762503 -1.31467712 -0.14209043
v -0.01060567 -1.31086178 -0.14957177
v -0.01762503 -1.26107466 -0.12284903
v -0.01060567 -1.25839348 -0.13073730
v -0.01762503 -1.19980339 -0.10852411
v -0.01060567 -1.19809570 -0.11664004
v -0.01762503 -1.13325440 -0.09969414
v -0.01060567 -1.13242321 -0.10792629
v -0.01762503 -1.06401633 -0.09671123
v -0.01060567 -1.06401633 -0.10497917
v -0.01762503 -0.99477826 -0.09969414
v -0.01060567 -0.99560944 -0.10792629
v -0.01762503 -0.92822926 -0.10852411
v -0.01060567 -0.92993712 -0.11664006
v -0.01762503 -0.86695791 -0.12284910
v -0.01060567 -0.86963926 -0.13073752
v -0.01762503 -0.81335579 -0.14209045
v -0.01060567 -0.81717088 -0.14957175
v -0.01762503 -0.76952360 -0.16545206
v -0.01060567 -0.77469997 -0.17220779
v -0.01762503 -0.73716792 -0.19192939
v -0.01060567 -0.74394263 -0.19737741
v -0.61185401 -1.40806606 -0.21950140
v -0.62147678 -1.39086490 -0.19192939
v -0.62849610 -1.38409046 -0.19737723
v -0.62147678 -1.35850914 -0.16545206
v -0.62849610 -1.35333286 -0.17220773
v -0.62147678 -1.31467678 -0.14209043
v -0.62849610 -1.31086178 -0.14957177
v -0.62147678 -1.26107466 -0.12284903
v -0.62849610 -1.25839348 -0.13073730
v -0.62147678 -1.19980339 -0.10852411
v -0.62849610 -1.19809570 -0.11664004
v -0.62147678 -1.13325440 -0.09969414
v -0.62849610 -1.13242321 -0.10792629
v -0.62147678 -1.06401633 -0.09671123
v -0.62849610 -1.06401633 -0.10497917
v -0.62147678 -0.99477826 -0.09969414
v -0.62849610 -0.99560944 -0.10792629
v -0.62147678 -0.92822926 -0.10852411
v -0.62849610 -0.92993712 -0.11664006
v -0.62147678 -0.86695791 -0.12284910
v -0.62849610 -0.86963926 -0.13073752
v -0.62147678 -0.81335579 -0.14209045
v -0.62849610 -0.81717088 -0.14957175
v -0.62147678 -0.76952360 -0.16545206
v -0.62849610 -0.77469997 -0.17220779
v -0.62147678 -0.73716792 -0.19192939
v -0.62849610 -0.74394263 -0.19737741
v -0.49812298 -1.39068603 -0.19041697
v -0.49000765 -1.38311405 -0.19178886
v -0.45247359 -1.39074371 -0.19040645
v -0.46054253 -1.38334493 -0.19174700
v -0.49783232 -1.35774799 -0.16375544
v -0.48961356 -1.35013635 -0.16597994
v -0.45274528 -1.35784910 -0.16372583
v -0.46087272 -1.35054439 -0.16586072
v -0.49753311 -1.31361111 -0.14042902
v -0.48923942 -1.30651445 -0.14353294
v -0.45305127 -1.31368217 -0.14039791
v -0.46126831 -1.30680353 -0.14340658
v -0.49728021 -1.25999920 -0.12130826
v -0.48894107 -1.25404821 -0.12520393
v -0.45331267 -1.26004057 -0.12128121
v -0.46159460 -1.25421696 -0.12509344
v -0.49708610 -1.19895659 -0.10710781
v -0.48873225 -1.19468926 -0.11161399
v -0.45351514 -1.19897513 -0.10708837
v -0.46183154 -1.19476513 -0.11153382
v -0.49697461 -1.13279332 -0.09836386
v -0.48861436 -1.13057356 -0.10324513
v -0.45367994 -1.13279812 -0.09835343
v -0.46198775 -1.13059227 -0.10320389
v -0.49688114 -1.06401633 -0.09541222
v -0.48855844 -1.06401633 -0.10042435
v -0.45373526 -1.06401633 -0.09541222
v -0.46205796 -1.06401633 -0.10042435
v -0.49693642 -0.99523453 -0.09835343
v -0.48862856 -0.99744038 -0.10320402
v -0.45364179 -0.99523934 -0.09836398
v -0.46200195 -0.99745927 -0.10324513
v -0.49710125 -0.92905753 -0.10708837
v -0.48878486 -0.93326770 -0.11153382
v -0.45353029 -0.92907607 -0.10710781
v -0.46188406 -0.93334340 -0.11161399
v -0.49730373 -0.86799226 -0.12128127
v -0.48902175 -0.87381570 -0.12509344
v -0.45333619 -0.86803346 -0.12130831
v -0.46167532 -0.87398461 -0.12520399
v -0.49756512 -0.81435065 -0.14039795
v -0.48934804 -0.82122921 -0.14340668
v -0.45308329 -0.81442189 -0.14042902
v -0.46137689 -0.82151795 -0.14353294
v -0.49787111 -0.77018356 -0.16372594
v -0.48974367 -0.77748826 -0.16586087
v -0.45278408 -0.77028475 -0.16375555
v -0.46100284 -0.77789639 -0.16598009
v -0.49814268 -0.73728894 -0.19040658
v -0.49007378 -0.74468789 -0.19174713
v -0.45249337 -0.73734671 -0.19041701
v -0.46060875 -0.74491869 -0.19178888
v -0.34099991 -1.39059643 -0.19043325
v -0.33294740 -1.38279545 -0.19184663
v -0.29808246 -1.39065943 -0.19042177
v -0.30609000 -1.38304538 -0.19180124
v -0.34071495 -1.35764482 -0.16378557
v -0.33256366 -1.34976488 -0.16608867
v -0.29834815 -1.35775640 -0.16375289
v -0.30640946 -1.35021274 -0.16595769
v -0.34041583 -1.31350176 -0.14047664
v -0.33219360 -1.30611843 -0.14370621
v -0.29865358 -1.31358158 -0.14044177
v -0.30679926 -1.30644064 -0.14356528
v -0.34015898 -1.25989843 -0.12137405
v -0.33189345 -1.25367897 -0.12544550
v -0.29891871 -1.25994564 -0.12134335
v -0.30712627 -1.25387003 -0.12532059
v -0.33995917 -1.19887951 -0.10718931
v -0.33167977 -1.19440430 -0.11191483
v -0.29912702 -1.19890045 -0.10716691
v -0.30736797 -1.19449116 -0.11182322
v -0.33984450 -1.13275160 -0.09845578
v -0.33155772 -1.13041907 -0.10358485
v -0.29930044 -1.13275709 -0.09844359
v -0.30753032 -1.13044070 -0.10353756
v -0.33974412 -1.06401633 -0.09550767
v -0.33149884 -1.06401633 -0.10077797
v -0.29935778 -1.06401633 -0.09550767
v -0.30760302 -1.06401633 -0.10077797
v -0.33980137 -0.99527573 -0.09844372
v -0.33157154 -0.99759213 -0.10353756
v -0.29925736 -0.99528123 -0.09845578
v -0.30754414 -0.99761376 -0.10358498
v -0.33997488 -0.92913186 -0.10716691
v -0.33173389 -0.93354167 -0.11182322
v -0.29914269 -0.92915349 -0.10718931
v -0.30742209 -0.93362836 -0.11191483
v -0.34018319 -0.86808710 -0.12134345
v -0.33197554 -0.87416280 -0.12532074
v -0.29894287 -0.86813396 -0.12137416
v -0.30720845 -0.87435368 -0.12544560
v -0.34044832 -0.81445099 -0.14044198
v -0.33230260 -0.82159210 -0.14356543
v -0.29868607 -0.81453090 -0.14047685
v -0.30690830 -0.82191431 -0.14370632
v -0.34075366 -0.77027625 -0.16375304
v -0.33269240 -0.77782008 -0.16595780
v -0.29838691 -0.77038826 -0.16378572
v -0.30653820 -0.77826812 -0.16608877
v -0.34101944 -0.73737323 -0.19042190
v -0.33301186 -0.74498727 -0.19180141
v -0.29810190 -0.73743623 -0.19043323
v -0.30615450 -0.74523738 -0.19184660
v -0.18537853 -1.39060570 -0.19043151
v -0.17731955 -1.38282772 -0.19184073
v -0.14218926 -1.39066801 -0.19042031
v -0.15020310 -1.38307594 -0.19179581
v -0.18509289 -1.35765512 -0.16378250
v -0.17693460 -1.34980247 -0.16607759
v -0.14245572 -1.35776584 -0.16375012
v -0.15052376 -1.35024639 -0.16594784
v -0.18479355 -1.31351292 -0.14047185
v -0.17656389 -1.30615894 -0.14368855
v -0.14276128 -1.31359188 -0.14043737
v -0.15091442 -1.30647789 -0.14354914
v -0.18453705 -1.25990891 -0.12136732
v -0.17626374 -1.25371691 -0.12542076
v -0.14302615 -1.25995525 -0.12133708
v -0.15124152 -1.25390556 -0.12529740
v -0.18433775 -1.19888741 -0.10718090
v -0.17605054 -1.19443365 -0.11188390
v -0.14323399 -1.19890835 -0.10715875
v -0.15148284 -1.19451931 -0.11179357
v -0.18422334 -1.13275589 -0.09844638
v -0.17592883 -1.13043503 -0.10354979
v -0.14340655 -1.13276121 -0.09843436
v -0.15164463 -1.13045632 -0.10350310
v -0.18412365 -1.06401633 -0.09549780
v -0.17587021 -1.06401633 -0.10074145
v -0.14346368 -1.06401633 -0.09549780
v -0.15171707 -1.06401633 -0.10074145
v -0.18418077 -0.99527144 -0.09843436
v -0.17594269 -0.99757651 -0.10350314
v -0.14336403 -0.99527676 -0.09844638
v -0.15165849 -0.99759780 -0.10354992
v -0.18435337 -0.92912448 -0.10715875
v -0.17610448 -0.93351334 -0.11179357
v -0.14324961 -0.92914542 -0.10718090
v -0.15153682 -0.93359900 -0.11188390
v -0.18456117 -0.86807749 -0.12133708
v -0.17634575 -0.87412735 -0.12529742
v -0.14305023 -0.86812358 -0.12136749
v -0.15132362 -0.87431592 -0.12542095
v -0.18482604 -0.81444095 -0.14043739
v -0.17667294 -0.82155511 -0.14354914
v -0.14279372 -0.81451965 -0.14047185
v -0.15102343 -0.82187371 -0.14368857
v -0.18513160 -0.77026673 -0.16375023
v -0.17706351 -0.77778644 -0.16594799
v -0.14249443 -0.77037753 -0.16378265
v -0.15065272 -0.77823001 -0.16607770
v -0.18539802 -0.73736482 -0.19042031
v -0.17738422 -0.74495697 -0.19179579
v -0.14220879 -0.73742696 -0.19043151
v -0.15026777 -0.74520502 -0.19184073
v -0.50472907 -1.40806606 -0.21909989
v -0.44588733 -1.40806606 -0.21909989
v -0.13547048 -1.40806606 -0.21909989
v -0.02738660 -1.40806606 -0.21872569
v -0.19211680 -1.40806606 -0.21909989
v 0.01787413 -1.40806606 -0.22031096
v -0.01787403 -1.40806606 -0.22031096
vt 0.58093083 0.38995832
vt 0.58493149 0.38671976
vt 0.58309174 0.38719720
vt 0.58614451 0.38699979
vt 0.71946484 0.26454598
vt 0.72083235 0.26480156
vt 0.72763675 0.26225066
vt 0.72246844 0.26490372
vt 0.72460514 0.26440108
vt 0.69334531 0.39879423
vt 0.69923842 0.39315683
vt 0.69714403 0.39316970
vt 0.70098102 0.39281017
vt 0.70040452 0.39426070
vt 0.68184829 0.25874901
vt 0.68364573 0.25888056
vt 0.69242465 0.25448525
vt 0.68553054 0.25893885
vt 0.68740869 0.25931400
vt 0.65521932 0.40041214
vt 0.66122693 0.39533216
vt 0.65932125 0.39506191
vt 0.66340655 0.39524657
vt 0.66213018 0.39669698
vt 0.64738303 0.25881708
vt 0.64905125 0.25889850
vt 0.65673143 0.25374019
vt 0.65081304 0.25888079
vt 0.65258950 0.25919133
vt 0.61665303 0.39872414
vt 0.62353331 0.39458495
vt 0.62161463 0.39407736
vt 0.62521774 0.39469796
vt 0.62428504 0.39598829
vt 0.61136955 0.25897038
vt 0.61326283 0.25882387
vt 0.62108904 0.25322992
vt 0.61522275 0.25860918
vt 0.61722547 0.25872862
vt 0.56197667 0.32239014
vt 0.58519650 0.38172323
vt 0.58709276 0.37503821
vt 0.58846539 0.36685318
vt 0.58916521 0.35732132
vt 0.58923841 0.34676075
vt 0.58901161 0.33565092
vt 0.58910364 0.32446831
vt 0.58991206 0.31332308
vt 0.59109819 0.30230629
vt 0.59199363 0.29180646
vt 0.59222209 0.28224832
vt 0.59169722 0.27392840
vt 0.59051901 0.26702052
vt 0.58890468 0.26133126
vt 0.58588332 0.25969422
vt 0.72688091 0.38704771
vt 0.72883153 0.39050835
vt 0.74781513 0.32497138
vt 0.72443056 0.38190955
vt 0.72248667 0.37545401
vt 0.72111857 0.36749405
vt 0.72047132 0.35819811
vt 0.72051132 0.34788144
vt 0.72093052 0.33700806
vt 0.72109890 0.32603884
vt 0.72064453 0.31509846
vt 0.71991223 0.30423778
vt 0.71950668 0.29390097
vt 0.71976626 0.28453153
vt 0.72075593 0.27643085
vt 0.72236836 0.26977187
vt 0.68817210 0.39419597
vt 0.69203401 0.38994247
vt 0.69124711 0.26347780
vt 0.69618940 0.26009387
vt 0.65088320 0.39508432
vt 0.65503788 0.39121741
vt 0.65650004 0.26317346
vt 0.66060412 0.25930285
vt 0.61294073 0.39302713
vt 0.61784464 0.38979334
vt 0.62180239 0.26231325
vt 0.62569720 0.25825429
vt 0.59267783 0.26216388
vt 0.59409368 0.26203626
vt 0.59100944 0.26217580
vt 0.72509205 0.38696343
vt 0.72383595 0.38726276
vt 0.68456209 0.39476413
vt 0.68557286 0.39607590
vt 0.68625271 0.39468080
vt 0.70016694 0.26039046
vt 0.70205641 0.26061732
vt 0.69821322 0.26008451
vt 0.64811420 0.39674300
vt 0.64678502 0.39529473
vt 0.64897722 0.39536601
vt 0.66415185 0.25911921
vt 0.66581804 0.25908709
vt 0.66239506 0.25904870
vt 0.60909849 0.39269680
vt 0.60961699 0.39413673
vt 0.61084801 0.39302486
vt 0.62948054 0.25791091
vt 0.63128799 0.25783402
vt 0.62759000 0.25791913
vt 0.40319037 0.24955678
vt 0.40102857 0.24677265
vt 0.39919847 0.24630547
vt 0.39799559 0.24659586
vt 0.26522511 0.12410438
vt 0.25703311 0.12180507
vt 0.26384959 0.12435448
vt 0.26220599 0.12445045
vt 0.26006377 0.12393695
vt 0.29191685 0.25944233
vt 0.28793833 0.25382876
vt 0.28584075 0.25383884
vt 0.28408572 0.25350857
vt 0.28470749 0.25496596
vt 0.30322340 0.11830556
vt 0.29260448 0.11397898
vt 0.30140507 0.11842453
vt 0.29949903 0.11847126
vt 0.29759398 0.11883593
vt 0.33017236 0.26052976
vt 0.32581794 0.25524998
vt 0.32392430 0.25555623
vt 0.32174131 0.25551111
vt 0.32308176 0.25694400
vt 0.33812171 0.11868966
vt 0.32886639 0.11341572
vt 0.33643445 0.11873257
vt 0.33465552 0.11867511
vt 0.33284914 0.11894667
vt 0.36825225 0.25823796
vt 0.36315009 0.25369084
vt 0.36126816 0.25423241
vt 0.35960090 0.25437665
vt 0.36056796 0.25565875
vt 0.37446710 0.11974478
vt 0.36500469 0.11370933
vt 0.37257829 0.11953568
vt 0.37062526 0.11925644
vt 0.36861253 0.11930847
vt 0.42209855 0.18357670
vt 0.39889586 0.24136710
vt 0.39696836 0.23478210
vt 0.39556408 0.22672606
vt 0.39483982 0.21734762
vt 0.39476013 0.20695889
vt 0.39501569 0.19602823
vt 0.39501834 0.18501949
vt 0.39438447 0.17402899
vt 0.39343771 0.16315091
vt 0.39281154 0.15278655
vt 0.39285308 0.14336467
vt 0.39363074 0.13518292
vt 0.39503440 0.12841058
vt 0.39685619 0.12284946
vt 0.39998245 0.12130940
vt 0.25799847 0.24796742
vt 0.23647162 0.18524659
vt 0.25610748 0.25144899
vt 0.26037464 0.24275613
vt 0.26223278 0.23621058
vt 0.26350242 0.22814536
vt 0.26404524 0.21873188
vt 0.26390663 0.20828843
vt 0.26341316 0.19728220
vt 0.26321560 0.18617821
vt 0.26369250 0.17510724
vt 0.26448348 0.16412848
vt 0.26495886 0.15368754
vt 0.26476637 0.14422894
vt 0.26383457 0.13605630
vt 0.26226753 0.12934315
vt 0.29693821 0.25475907
vt 0.29295099 0.25053036
vt 0.29364926 0.12300396
vt 0.28872207 0.11960709
vt 0.33421278 0.25512254
vt 0.32991722 0.25132859
vt 0.32875797 0.12286997
vt 0.32474270 0.11895037
vt 0.37169164 0.25255907
vt 0.36672586 0.24938214
vt 0.36384642 0.12273985
vt 0.36010391 0.11858928
vt 0.39306268 0.12351084
vt 0.39165932 0.12331927
vt 0.39472130 0.12359911
vt 0.26105666 0.24813783
vt 0.25979221 0.24785602
vt 0.29959688 0.25659227
vt 0.30056560 0.25527197
vt 0.29887319 0.25521535
vt 0.28471357 0.11990380
vt 0.28280920 0.12013090
vt 0.28668454 0.11959720
vt 0.33703271 0.25671571
vt 0.33828613 0.25524890
vt 0.33611575 0.25536466
vt 0.32115918 0.11873829
vt 0.31947479 0.11869347
vt 0.32293916 0.11868107
vt 0.37502122 0.25364190
vt 0.37547714 0.25221419
vt 0.37375984 0.25254601
vt 0.35629719 0.11814296
vt 0.35447401 0.11801648
vt 0.35820737 0.11820275
vt 0.72420079 0.38857538
vt 0.70165968 0.38719827
vt 0.70243824 0.39080697
vt 0.72176105 0.38621312
vt 0.71989745 0.38305515
vt 0.69993031 0.38025874
vt 0.71752489 0.37660366
vt 0.69807565 0.37172240
vt 0.71580893 0.36848432
vt 0.69661427 0.36171168
vt 0.71486813 0.35898203
vt 0.69573176 0.35062063
vt 0.71463847 0.34850222
vt 0.69533241 0.33889627
vt 0.71479875 0.33748120
vt 0.69517899 0.32688653
vt 0.71486074 0.32627213
vt 0.69524848 0.31481028
vt 0.71453071 0.31511521
vt 0.69549251 0.30306393
vt 0.71411860 0.30408865
vt 0.69613957 0.29189938
vt 0.71401215 0.29360718
vt 0.69730115 0.28177595
vt 0.71454459 0.28408217
vt 0.69887817 0.27311581
vt 0.71576405 0.27591318
vt 0.70052034 0.26609153
vt 0.71745789 0.26939893
vt 0.69106352 0.38358778
vt 0.68676126 0.38748342
vt 0.69632840 0.38643795
vt 0.68999815 0.37601393
vt 0.68632460 0.37979275
vt 0.69439673 0.37892789
vt 0.68902242 0.36748570
vt 0.68595362 0.37073678
vt 0.69255030 0.37006921
vt 0.68826914 0.35815519
vt 0.68555033 0.36062247
vt 0.69119155 0.36011213
vt 0.68779242 0.34815818
vt 0.68528056 0.34979504
vt 0.69035578 0.34943151
vt 0.68756950 0.33770448
vt 0.68519139 0.33852726
vt 0.68994868 0.33831364
vt 0.68750787 0.32702804
vt 0.68519580 0.32706690
vt 0.68981862 0.32698870
vt 0.68755531 0.31633383
vt 0.68521166 0.31559902
vt 0.68993628 0.31562656
vt 0.68773890 0.30584472
vt 0.68531418 0.30430889
vt 0.69028020 0.30445409
vt 0.68812227 0.29578626
vt 0.68553817 0.29344314
vt 0.69098651 0.29367155
vt 0.68873405 0.28635824
vt 0.68586612 0.28325236
vt 0.69214654 0.28356487
vt 0.68953276 0.27769595
vt 0.68613827 0.27408481
vt 0.69376206 0.27453637
vt 0.69042206 0.26996553
vt 0.68632591 0.26621765
vt 0.69546175 0.26691651
vt 0.66490978 0.38977295
vt 0.66481704 0.39354867
vt 0.68248820 0.39312392
vt 0.68192887 0.38937038
vt 0.66448492 0.38259000
vt 0.68132424 0.38213414
vt 0.66375905 0.37386030
vt 0.68084157 0.37333137
vt 0.66311413 0.36363381
vt 0.68037808 0.36309594
vt 0.66271001 0.35217696
vt 0.68001986 0.35172921
vt 0.66251832 0.33991206
vt 0.67989039 0.33960539
vt 0.66254658 0.32723451
vt 0.67986846 0.32714140
vt 0.66279620 0.31455040
vt 0.67992103 0.31466675
vt 0.66320807 0.30231315
vt 0.68014896 0.30248255
vt 0.66385335 0.29086894
vt 0.68049455 0.29104298
vt 0.66463631 0.28067195
vt 0.68091702 0.28070331
vt 0.66544837 0.27194184
vt 0.68128431 0.27181035
vt 0.66592366 0.26476246
vt 0.68160129 0.26450300
vt 0.65495569 0.38480622
vt 0.65021062 0.38823956
vt 0.65970254 0.38818330
vt 0.65488988 0.37720281
vt 0.65077049 0.38056546
vt 0.65890867 0.38047904
vt 0.65485406 0.36863571
vt 0.65151727 0.37152380
vt 0.65809339 0.37146956
vt 0.65485668 0.35920185
vt 0.65208352 0.36137038
vt 0.65754610 0.36134964
vt 0.65489864 0.34899879
vt 0.65249056 0.35041261
vt 0.65724558 0.35041851
vt 0.65497649 0.33823603
vt 0.65278369 0.33891606
vt 0.65713251 0.33894813
vt 0.65511686 0.32718897
vt 0.65302539 0.32716823
vt 0.65720725 0.32720757
vt 0.65529746 0.31614822
vt 0.65316761 0.31543165
vt 0.65747356 0.31546456
vt 0.65549755 0.30539346
vt 0.65322274 0.30395496
vt 0.65787411 0.30399251
vt 0.65572596 0.29520845
vt 0.65316033 0.29303730
vt 0.65846318 0.29305911
vt 0.65594339 0.28580260
vt 0.65289938 0.28293371
vt 0.65922797 0.28294396
vt 0.65614718 0.27726418
vt 0.65240633 0.27392840
vt 0.66019380 0.27394271
vt 0.65633535 0.26965952
vt 0.65193272 0.26620066
vt 0.66098768 0.26628351
vt 0.58587408 0.38820249
vt 0.58981991 0.38258106
vt 0.58815581 0.38582987
vt 0.60763204 0.39061826
vt 0.60835671 0.38698655
vt 0.59206778 0.37608308
vt 0.60993844 0.37997538
vt 0.59374648 0.36785907
vt 0.61170042 0.37136978
vt 0.59472460 0.35819834
vt 0.61314863 0.36127216
vt 0.59507114 0.34752566
vt 0.61411399 0.35006571
vt 0.59512556 0.33630103
vt 0.61470884 0.33820462
vt 0.59531373 0.32491541
vt 0.61517048 0.32602918
vt 0.59598255 0.31353408
vt 0.61550486 0.31388265
vt 0.59686184 0.30237919
vt 0.61571532 0.30200917
vt 0.59745532 0.29176372
vt 0.61556917 0.29073286
vt 0.59741116 0.28209853
vt 0.61492413 0.28049743
vt 0.59666848 0.27378577
vt 0.61383873 0.27172005
vt 0.59548098 0.26711839
vt 0.61262029 0.26457500
vt 0.62779158 0.38924950
vt 0.62727529 0.39302820
vt 0.64531642 0.39359838
vt 0.64510137 0.38982242
vt 0.62830263 0.38200122
vt 0.64535171 0.38258201
vt 0.62869424 0.37316579
vt 0.64596182 0.37379247
vt 0.62911290 0.36286002
vt 0.64657396 0.36353773
vt 0.62950987 0.35139459
vt 0.64705485 0.35208088
vt 0.62986189 0.33920372
vt 0.64740986 0.33978331
vt 0.63015336 0.32664680
vt 0.64768535 0.32709634
vt 0.63048309 0.31408817
vt 0.64784783 0.31441498
vt 0.63078362 0.30190748
vt 0.64791590 0.30209893
vt 0.63095158 0.29039311
vt 0.64782208 0.29063994
vt 0.63103598 0.27998185
vt 0.64752632 0.28039491
vt 0.63112265 0.27099943
vt 0.64715213 0.27164567
vt 0.63119477 0.26362222
vt 0.64703304 0.26447058
vt 0.61873382 0.38339931
vt 0.61359102 0.38623613
vt 0.62287885 0.38725775
vt 0.61971062 0.37576705
vt 0.61535472 0.37869090
vt 0.62315708 0.37944061
vt 0.62062579 0.36717802
vt 0.61716431 0.36974353
vt 0.62346703 0.37031704
vt 0.62138098 0.35777384
vt 0.61855131 0.35968333
vt 0.62386411 0.36014837
vt 0.62194067 0.34768766
vt 0.61949748 0.34889799
vt 0.62421459 0.34926999
vt 0.62234491 0.33714241
vt 0.62011224 0.33768684
vt 0.62450737 0.33796394
vt 0.62267774 0.32636487
vt 0.62055415 0.32627571
vt 0.62480086 0.32645166
vt 0.62297708 0.31559891
vt 0.62082976 0.31488007
vt 0.62517697 0.31494278
vt 0.62319773 0.30505061
vt 0.62092906 0.30366874
vt 0.62555093 0.30362391
vt 0.62325281 0.29492152
vt 0.62071687 0.29283613
vt 0.62584287 0.29267806
vt 0.62309521 0.28542000
vt 0.62008208 0.28265572
vt 0.62604862 0.28238153
vt 0.62274271 0.27667850
vt 0.61898476 0.27350700
vt 0.62628394 0.27310097
vt 0.62227148 0.26886129
vt 0.61765450 0.26569849
vt 0.62646931 0.26520413
vt 0.58672684 0.38206571
vt 0.58833134 0.38231534
vt 0.59049869 0.37580425
vt 0.58883345 0.37545937
vt 0.59210449 0.36758369
vt 0.59034038 0.36724406
vt 0.59300053 0.35794979
vt 0.59114379 0.35765249
vt 0.59326386 0.34730381
vt 0.59131593 0.34704536
vt 0.59323651 0.33611071
vt 0.59119582 0.33589321
vt 0.59339768 0.32478058
vt 0.59132606 0.32463169
vt 0.59410793 0.31346649
vt 0.59208167 0.31339711
vt 0.59507549 0.30235034
vt 0.59315032 0.30232948
vt 0.59576100 0.29176348
vt 0.59393609 0.29178274
vt 0.59579939 0.28211737
vt 0.59406519 0.28217113
vt 0.59511155 0.27378350
vt 0.59344739 0.27382743
vt 0.59391421 0.26707119
vt 0.59220040 0.26700044
vt 0.72296327 0.38757592
vt 0.72287315 0.38232094
vt 0.72132969 0.38270682
vt 0.71907806 0.37629300
vt 0.72073793 0.37590915
vt 0.71745461 0.36821145
vt 0.71922755 0.36787635
vt 0.71660280 0.35875970
vt 0.71847391 0.35849315
vt 0.71645665 0.34832281
vt 0.71841794 0.34811240
vt 0.71669191 0.33734387
vt 0.71873862 0.33718520
vt 0.71678507 0.32620347
vt 0.71886617 0.32612574
vt 0.71641898 0.31510556
vt 0.71845961 0.31510085
vt 0.71591270 0.30412835
vt 0.71784782 0.30418164
vt 0.71571475 0.29368520
vt 0.71755028 0.29378814
vt 0.71616364 0.28419530
vt 0.71790838 0.28434968
vt 0.71732086 0.27603424
vt 0.71899205 0.27620643
vt 0.71899354 0.26951420
vt 0.72065330 0.26964289
vt 0.70001006 0.38742632
vt 0.69820702 0.38719088
vt 0.68521643 0.38859528
vt 0.68358397 0.38921481
vt 0.69827390 0.38036889
vt 0.69641912 0.37990350
vt 0.68299210 0.38190132
vt 0.68465924 0.38109690
vt 0.69639468 0.37175328
vt 0.69453526 0.37117702
vt 0.68253970 0.37304312
vt 0.68425298 0.37214929
vt 0.69492304 0.36169845
vt 0.69310415 0.36113995
vt 0.68208098 0.36279124
vt 0.68381131 0.36193842
vt 0.69402397 0.35060674
vt 0.69222987 0.35019255
vt 0.68172979 0.35147101
vt 0.68348324 0.35080624
vt 0.69360328 0.33890504
vt 0.69181538 0.33870262
vt 0.68159509 0.33945328
vt 0.68335509 0.33908510
vt 0.69345593 0.32692087
vt 0.69167984 0.32695472
vt 0.68157566 0.32711983
vt 0.68334067 0.32709527
vt 0.69354069 0.31488270
vt 0.69177711 0.31516260
vt 0.68162227 0.31477481
vt 0.68337822 0.31509513
vt 0.69382417 0.30314916
vt 0.69208598 0.30363011
vt 0.68181717 0.30270356
vt 0.68353784 0.30333316
vt 0.69451046 0.29197675
vt 0.69278359 0.29259264
vt 0.68213904 0.29131120
vt 0.68382549 0.29214072
vt 0.69570136 0.28179789
vt 0.69396818 0.28241891
vt 0.68253887 0.28095078
vt 0.68419766 0.28183013
vt 0.69731140 0.27304047
vt 0.69559658 0.27353394
vt 0.68287051 0.27198499
vt 0.68449020 0.27276796
vt 0.69892669 0.26587749
vt 0.69722033 0.26613545
vt 0.68320012 0.26457214
vt 0.68479538 0.26513147
vt 0.66322058 0.38973516
vt 0.66146451 0.38921469
vt 0.64850992 0.38925415
vt 0.64678735 0.38977343
vt 0.66274410 0.38246053
vt 0.66088122 0.38172871
vt 0.64708179 0.38246125
vt 0.64889097 0.38176161
vt 0.66197747 0.37367111
vt 0.66007334 0.37284225
vt 0.64773399 0.37362415
vt 0.64959997 0.37283629
vt 0.66134375 0.36342257
vt 0.65947622 0.36262935
vt 0.64833927 0.36335176
vt 0.65018660 0.36259824
vt 0.66096240 0.35200226
vt 0.65913826 0.35139328
vt 0.64879781 0.35192859
vt 0.65061229 0.35135001
vt 0.66079122 0.33981174
vt 0.65900248 0.33948028
vt 0.64912969 0.33971232
vt 0.65091461 0.33941293
vt 0.66083866 0.32722890
vt 0.65906960 0.32722020
vt 0.64939320 0.32712221
vt 0.65116262 0.32714641
vt 0.66109413 0.31464320
vt 0.65932626 0.31495827
vt 0.64955556 0.31453806
vt 0.65132195 0.31488746
vt 0.66150314 0.30247563
vt 0.65972298 0.30305779
vt 0.64961904 0.30231267
vt 0.65138942 0.30295444
vt 0.66213602 0.29107213
vt 0.66032845 0.29183328
vt 0.64953053 0.29089642
vt 0.65131944 0.29172826
vt 0.66292351 0.28085053
vt 0.66110665 0.28163940
vt 0.64923114 0.28064167
vt 0.65103543 0.28152138
vt 0.66378754 0.27206588
vt 0.66203231 0.27275962
vt 0.64880836 0.27183938
vt 0.65056223 0.27262926
vt 0.66430408 0.26479262
vt 0.66264778 0.26528764
vt 0.64864814 0.26456022
vt 0.65029413 0.26512432
vt 0.62612718 0.38909060
vt 0.62446600 0.38843638
vt 0.61176640 0.38698941
vt 0.60999715 0.38722283
vt 0.62661904 0.38174289
vt 0.62490302 0.38086170
vt 0.61159045 0.38009995
vt 0.61340541 0.37964851
vt 0.62698168 0.37283951
vt 0.62522846 0.37185675
vt 0.61338216 0.37141365
vt 0.61522084 0.37084395
vt 0.62739927 0.36251408
vt 0.62564272 0.36157721
vt 0.61484188 0.36127251
vt 0.61665446 0.36071473
vt 0.62779647 0.35109943
vt 0.62603134 0.35036790
vt 0.61582416 0.35007054
vt 0.61762089 0.34966099
vt 0.62813932 0.33901125
vt 0.62636203 0.33858800
vt 0.61643553 0.33824152
vt 0.61823004 0.33805948
vt 0.62844235 0.32658780
vt 0.62666911 0.32652342
vt 0.61689579 0.32611144
vt 0.61867946 0.32619321
vt 0.62878793 0.31416529
vt 0.62702638 0.31446093
vt 0.61721861 0.31400329
vt 0.61898619 0.31434494
vt 0.62910384 0.30208188
vt 0.62735933 0.30267656
vt 0.61738682 0.30216116
vt 0.61912495 0.30273521
vt 0.62929958 0.29061365
vt 0.62759024 0.29140723
vt 0.61720288 0.29088640
vt 0.61892730 0.29161775
vt 0.62941450 0.28017521
vt 0.62774211 0.28100687
vt 0.61653131 0.28060019
vt 0.61826533 0.28134936
vt 0.62954766 0.27111965
vt 0.62793201 0.27184629
vt 0.61541462 0.27172393
vt 0.61713892 0.27234435
vt 0.62960845 0.26364273
vt 0.62801379 0.26415890
vt 0.61421674 0.26443052
vt 0.61591810 0.26478952
vt 0.70206237 0.39248937
vt 0.68345296 0.39472586
vt 0.58717597 0.38712662
vt 0.60800624 0.39233655
vt 0.62634760 0.39463812
vt 0.26071259 0.24945515
vt 0.28326023 0.24786651
vt 0.26493216 0.24385810
vt 0.26312006 0.24705660
vt 0.28257254 0.25151008
vt 0.28483227 0.24085343
vt 0.26720205 0.23732436
vt 0.28652048 0.23222208
vt 0.26880196 0.22910285
vt 0.28782788 0.22209990
vt 0.26962674 0.21948457
vt 0.28859207 0.21088803
vt 0.26975584 0.20887852
vt 0.28892371 0.19903922
vt 0.26952630 0.19772494
vt 0.28906584 0.18690443
vt 0.26944017 0.18638015
vt 0.28904343 0.17470980
vt 0.26979375 0.17509210
vt 0.28888533 0.16285366
vt 0.27027026 0.16394943
vt 0.28835079 0.15159762
vt 0.27045456 0.15336740
vt 0.28730485 0.14140278
vt 0.26999953 0.14375871
vt 0.28583181 0.13269067
vt 0.26884657 0.13552690
vt 0.28427613 0.12563062
vt 0.26720229 0.12897301
vt 0.29814312 0.24800384
vt 0.29375133 0.24412584
vt 0.28856918 0.24704576
vt 0.29837865 0.24026048
vt 0.29464206 0.23648214
vt 0.29032207 0.23945820
vt 0.29856104 0.23112631
vt 0.29545891 0.22786951
vt 0.29199222 0.23050547
vt 0.29881194 0.22091532
vt 0.29608375 0.21844506
vt 0.29320076 0.22044277
vt 0.29897857 0.20998681
vt 0.29647115 0.20835006
vt 0.29393038 0.20965195
vt 0.29901657 0.19861495
vt 0.29664832 0.19779551
vt 0.29428148 0.19842207
vt 0.29900962 0.18704832
vt 0.29670793 0.18701732
vt 0.29440621 0.18698561
vt 0.29904324 0.17547691
vt 0.29670343 0.17622423
vt 0.29433438 0.17551672
vt 0.29904053 0.16409314
vt 0.29660419 0.16564429
vt 0.29407933 0.16424561
vt 0.29894456 0.15314180
vt 0.29632992 0.15550476
vt 0.29348838 0.15337741
vt 0.29875785 0.14288324
vt 0.29583761 0.14601034
vt 0.29245225 0.14320111
vt 0.29862550 0.13366199
vt 0.29515758 0.13729346
vt 0.29095268 0.13411820
vt 0.29856697 0.12575972
vt 0.29437959 0.12952083
vt 0.28935277 0.12645823
vt 0.32002008 0.25004578
vt 0.30302337 0.24983692
vt 0.30258736 0.25360221
vt 0.32025963 0.25383073
vt 0.32020372 0.24283290
vt 0.30341661 0.24256468
vt 0.32069659 0.23406196
vt 0.30369201 0.23369884
vt 0.32115504 0.22378385
vt 0.30398002 0.22337329
vt 0.32144514 0.21226156
vt 0.30422106 0.21190572
vt 0.32157290 0.19992149
vt 0.30429512 0.19967830
vt 0.32156941 0.18717492
vt 0.30431384 0.18710601
vt 0.32141694 0.17442811
vt 0.30432212 0.17452621
vt 0.32115042 0.16212690
vt 0.30422181 0.16225249
vt 0.32071459 0.15063643
vt 0.30402780 0.15072846
vt 0.32011250 0.14037502
vt 0.30376533 0.14032853
vt 0.31949067 0.13159418
vt 0.30354685 0.13138962
vt 0.31920138 0.12438285
vt 0.30336320 0.12405890
vt 0.33459479 0.24827218
vt 0.32976332 0.24490917
vt 0.32515597 0.24836373
vt 0.33378696 0.24060285
vt 0.32960838 0.23729050
vt 0.32569748 0.24062848
vt 0.33282542 0.23155773
vt 0.32945710 0.22870290
vt 0.32629219 0.23158514
vt 0.33208811 0.22139049
vt 0.32930398 0.21924531
vt 0.32665625 0.22143292
vt 0.33158016 0.21040857
vt 0.32918170 0.20900667
vt 0.32685718 0.21044838
vt 0.33126581 0.19887984
vt 0.32908240 0.19820428
vt 0.32693470 0.19892645
vt 0.33105993 0.18709528
vt 0.32897577 0.18711698
vt 0.32689154 0.18713737
vt 0.33101338 0.17532122
vt 0.32888144 0.17603576
vt 0.32671762 0.17534614
vt 0.33111459 0.16380769
vt 0.32881799 0.16524005
vt 0.32646230 0.16382271
vt 0.33137208 0.15284914
vt 0.32876566 0.15501106
vt 0.32606870 0.15283728
vt 0.33185136 0.14271080
vt 0.32873431 0.14556789
vt 0.32549313 0.14267695
vt 0.33256000 0.13369441
vt 0.32871452 0.13700283
vt 0.32472512 0.13363671
vt 0.33326954 0.12596679
vt 0.32872567 0.12937433
vt 0.32413483 0.12594414
vt 0.39826518 0.24780530
vt 0.39431643 0.24220550
vt 0.37603253 0.24653798
vt 0.37686199 0.25014323
vt 0.39599633 0.24542958
vt 0.39201173 0.23577940
vt 0.37430441 0.23959184
vt 0.39028275 0.22766721
vt 0.37241313 0.23107004
vt 0.38926882 0.21814728
vt 0.37086940 0.22107208
vt 0.38891095 0.20763326
vt 0.36985788 0.20997632
vt 0.38888270 0.19657135
vt 0.36928061 0.19823182
vt 0.38879243 0.18535042
vt 0.36889422 0.18616080
vt 0.38829166 0.17411613
vt 0.36871174 0.17411506
vt 0.38764012 0.16309404
vt 0.36871821 0.16233575
vt 0.38731074 0.15260571
vt 0.36913502 0.15115172
vt 0.38763016 0.14306706
vt 0.37008217 0.14100796
vt 0.38863760 0.13487905
vt 0.37147281 0.13232267
vt 0.39006355 0.12832022
vt 0.37297466 0.12526476
vt 0.35685220 0.24896806
vt 0.33972400 0.24976093
vt 0.33966783 0.25353307
vt 0.35750183 0.25273806
vt 0.35612249 0.24174380
vt 0.33922386 0.24253023
vt 0.35553393 0.23294818
vt 0.33838820 0.23374665
vt 0.35496643 0.22269619
vt 0.33759388 0.22348905
vt 0.35449153 0.21129346
vt 0.33699369 0.21202874
vt 0.35411647 0.19915700
vt 0.33662081 0.19972706
vt 0.35389748 0.18665373
vt 0.33638436 0.18702054
vt 0.35371140 0.17414033
vt 0.33633322 0.17431474
vt 0.35359925 0.16199028
vt 0.33645296 0.16197699
vt 0.35368809 0.15051150
vt 0.33675873 0.15048832
vt 0.35389894 0.14013094
vt 0.33730376 0.14023101
vt 0.35410661 0.13116920
vt 0.33792621 0.13148928
vt 0.35431564 0.12380594
vt 0.33827370 0.12432986
vt 0.37083071 0.24582291
vt 0.36565909 0.24303710
vt 0.36165795 0.24690974
vt 0.36890227 0.23834765
vt 0.36451948 0.23546469
vt 0.36117029 0.23913443
vt 0.36695409 0.22947991
vt 0.36347577 0.22694337
vt 0.36068803 0.23006999
vt 0.36546922 0.21950591
vt 0.36263400 0.21761274
vt 0.36017352 0.21997285
vt 0.36447757 0.20881009
vt 0.36203557 0.20760369
vt 0.35976714 0.20917106
vt 0.36387396 0.19768679
vt 0.36164206 0.19713318
vt 0.35947505 0.19793832
vt 0.36350393 0.18635535
vt 0.36137876 0.18642557
vt 0.35925311 0.18649447
vt 0.36336195 0.17503440
vt 0.36120206 0.17572272
vt 0.35900858 0.17504501
vt 0.36345255 0.16389281
vt 0.36115092 0.16523111
vt 0.35881659 0.16377628
vt 0.36390978 0.15313125
vt 0.36131200 0.15515739
vt 0.35876334 0.15288031
vt 0.36483228 0.14302456
vt 0.36172184 0.14571095
vt 0.35883984 0.14262950
vt 0.36623853 0.13395393
vt 0.36234927 0.13702118
vt 0.35890573 0.13338101
vt 0.36787468 0.12622571
vt 0.36310497 0.12925053
vt 0.35901898 0.12550318
vt 0.39737773 0.24169838
vt 0.39578921 0.24194264
vt 0.39357325 0.23551035
vt 0.39523202 0.23518062
vt 0.39192355 0.22740698
vt 0.39368758 0.22708869
vt 0.39099547 0.21791875
vt 0.39285612 0.21764719
vt 0.39072257 0.20743644
vt 0.39267606 0.20720804
vt 0.39077759 0.19641232
vt 0.39282471 0.19623029
vt 0.39071342 0.18525028
vt 0.39279038 0.18513989
vt 0.39017302 0.17408597
vt 0.39220679 0.17405772
vt 0.38943636 0.16310507
vt 0.39137286 0.16312748
vt 0.38901645 0.15264845
vt 0.39085424 0.15271378
vt 0.38925210 0.14313281
vt 0.39099735 0.14323592
vt 0.39020181 0.13492846
vt 0.39187318 0.13502657
vt 0.39163280 0.12833357
vt 0.39335081 0.12832803
vt 0.26193720 0.24843925
vt 0.26349270 0.24352366
vt 0.26194072 0.24315274
vt 0.26564655 0.23702610
vt 0.26398417 0.23665440
vt 0.26715940 0.22884119
vt 0.26538956 0.22851706
vt 0.26789862 0.21927273
vt 0.26603454 0.21901643
vt 0.26794493 0.20870912
vt 0.26599148 0.20850897
vt 0.26763910 0.19759715
vt 0.26559860 0.19744861
vt 0.26752028 0.18632102
vt 0.26544383 0.18625367
vt 0.26790965 0.17509198
vt 0.26587313 0.17509782
vt 0.26847804 0.16399777
vt 0.26654518 0.16406071
vt 0.26875138 0.15345216
vt 0.26691538 0.15356416
vt 0.26837674 0.14387703
vt 0.26662815 0.14403856
vt 0.26728350 0.13565052
vt 0.26560554 0.13582659
vt 0.26565886 0.12908697
vt 0.26399094 0.12921458
vt 0.28491521 0.24807864
vt 0.28671181 0.24782276
vt 0.30136514 0.24970293
vt 0.29971671 0.24910247
vt 0.28648692 0.24094832
vt 0.28832689 0.24046099
vt 0.30174842 0.24234915
vt 0.30006769 0.24155748
vt 0.28819445 0.23223817
vt 0.29003569 0.23164034
vt 0.30199739 0.23342359
vt 0.30027688 0.23253727
vt 0.28950959 0.22207320
vt 0.29131153 0.22149515
vt 0.30228454 0.22307837
vt 0.30055511 0.22223067
vt 0.29029071 0.21086287
vt 0.29207185 0.21043277
vt 0.30251962 0.21165597
vt 0.30077210 0.21099615
vt 0.29064512 0.19903851
vt 0.29242429 0.19882476
vt 0.30259788 0.19953287
vt 0.30084547 0.19916916
vt 0.29078251 0.18693161
vt 0.29255205 0.18695867
vt 0.30261397 0.18708968
vt 0.30085662 0.18707073
vt 0.29074556 0.17477703
vt 0.29250211 0.17505395
vt 0.30262586 0.17463803
vt 0.30087364 0.17496431
vt 0.29055110 0.16293615
vt 0.29228309 0.16341799
vt 0.30255187 0.16247427
vt 0.30082518 0.16310883
vt 0.28998047 0.15167350
vt 0.29170197 0.15229231
vt 0.30237669 0.15099609
vt 0.30067638 0.15183014
vt 0.28890914 0.14142406
vt 0.29063970 0.14204830
vt 0.30213270 0.14057297
vt 0.30045378 0.14145410
vt 0.28740692 0.13261449
vt 0.28912327 0.13311052
vt 0.30194756 0.13155925
vt 0.30030465 0.13234162
vt 0.28588209 0.12541509
vt 0.28759509 0.12567401
vt 0.30174822 0.12412077
vt 0.30012879 0.12467492
vt 0.32170445 0.24997854
vt 0.32343757 0.24942648
vt 0.33804908 0.24974322
vt 0.33632046 0.24925625
vt 0.32193461 0.24267530
vt 0.32376865 0.24191189
vt 0.33750319 0.24243855
vt 0.33568683 0.24176931
vt 0.32246682 0.23384809
vt 0.32434922 0.23299086
vt 0.33662537 0.23360503
vt 0.33475620 0.23284423
vt 0.32291204 0.22359645
vt 0.32475549 0.22275555
vt 0.33583650 0.22332692
vt 0.33398980 0.22259653
vt 0.32317701 0.21207142
vt 0.32498336 0.21144331
vt 0.33525950 0.21189356
vt 0.33345219 0.21133149
vt 0.32329202 0.19981158
vt 0.32507277 0.19946945
vt 0.33490631 0.19966304
vt 0.33312750 0.19937074
vt 0.32327154 0.18716502
vt 0.32503495 0.18715274
vt 0.33468115 0.18704712
vt 0.33291683 0.18707216
vt 0.32311401 0.17452025
vt 0.32487437 0.17483652
vt 0.33462757 0.17443359
vt 0.33286092 0.17477953
vt 0.32285437 0.16229165
vt 0.32462707 0.16287947
vt 0.33474541 0.16218024
vt 0.33296382 0.16281396
vt 0.32242978 0.15083790
vt 0.32422492 0.15160310
vt 0.33504573 0.15072834
vt 0.33323956 0.15154850
vt 0.32182655 0.14056021
vt 0.32363385 0.14135957
vt 0.33558622 0.14040685
vt 0.33375496 0.14129412
vt 0.32115763 0.13172877
vt 0.32290566 0.13243675
vt 0.33625022 0.13165307
vt 0.33445409 0.13241500
vt 0.32083449 0.12442404
vt 0.32249054 0.12493253
vt 0.33663952 0.12438697
vt 0.33495897 0.12491870
vt 0.35849693 0.24878311
vt 0.36012211 0.24810541
vt 0.37441629 0.24678099
vt 0.37265873 0.24655938
vt 0.35778737 0.24146426
vt 0.35946947 0.24056649
vt 0.37266713 0.23972344
vt 0.37085646 0.23928571
vt 0.35723162 0.23260593
vt 0.35895899 0.23161292
vt 0.37073976 0.23111999
vt 0.36890262 0.23056304
vt 0.35667047 0.22234035
vt 0.35841241 0.22139943
vt 0.36918008 0.22107506
vt 0.36736828 0.22052515
vt 0.35619858 0.21099412
vt 0.35795677 0.21026325
vt 0.36814901 0.20997834
vt 0.36635327 0.20956933
vt 0.35583925 0.19896805
vt 0.35761797 0.19855177
vt 0.36755165 0.19825792
vt 0.36575601 0.19806695
vt 0.35560882 0.18660474
vt 0.35738319 0.18655217
vt 0.36716643 0.18622565
vt 0.36538044 0.18629026
vt 0.35540572 0.17423344
vt 0.35716429 0.17454588
vt 0.36699226 0.17421103
vt 0.36521623 0.17452645
vt 0.35528114 0.16218811
vt 0.35702002 0.16280657
vt 0.36703727 0.16245610
vt 0.36528122 0.16299564
vt 0.35534179 0.15076154
vt 0.35703915 0.15158355
vt 0.36748964 0.15126753
vt 0.36573848 0.15195686
vt 0.35552266 0.14035934
vt 0.35717851 0.14122474
vt 0.36846408 0.14106798
vt 0.36669827 0.14176881
vt 0.35568908 0.13132703
vt 0.35729054 0.13209093
vt 0.36989009 0.13228011
vt 0.36813533 0.13284785
vt 0.35591608 0.12386572
vt 0.35750395 0.12442136
vt 0.37137902 0.12507081
vt 0.36965692 0.12537408
vt 0.28299507 0.25320035
vt 0.30167410 0.25521702
vt 0.37654930 0.25185019
vt 0.39697126 0.24672455
vt 0.35847902 0.25433600
vt 0.58617485 0.38704342
vt 0.39796734 0.24664104
f 1/1 2/2 3/3
f 1/1 4/4 2/2
f 5/5 6/6 7/7
f 6/6 8/8 7/7
f 8/8 9/9 7/7
f 10/10 11/11 12/12
f 10/10 13/13 11/11
f 10/10 14/14 13/13
f 15/15 16/16 17/17
f 16/16 18/18 17/17
f 18/18 19/19 17/17
f 20/20 21/21 22/22
f 20/20 23/23 21/21
f 23/23 20/20 24/24
f 25/25 26/26 27/27
f 26/26 28/28 27/27
f 28/28 29/29 27/27
f 30/30 31/31 32/32
f 30/30 33/33 31/31
f 30/30 34/34 33/33
f 35/35 36/36 37/37
f 36/36 38/38 37/37
f 38/38 39/39 37/37
f 40/40 1/1 3/3
f 40/40 3/3 41/41
f 40/40 41/41 42/42
f 40/40 42/42 43/43
f 40/40 43/43 44/44
f 40/40 44/44 45/45
f 40/40 45/45 46/46
f 40/40 46/46 47/47
f 40/40 47/47 48/48
f 40/40 48/48 49/49
f 40/40 49/49 50/50
f 40/40 50/50 51/51
f 40/40 51/51 52/52
f 40/40 52/52 53/53
f 40/40 53/53 54/54
f 40/40 54/54 55/55
f 56/56 57/57 58/58
f 59/59 56/56 58/58
f 60/60 59/59 58/58
f 61/61 60/60 58/58
f 62/62 61/61 58/58
f 63/63 62/62 58/58
f 64/64 63/63 58/58
f 65/65 64/64 58/58
f 66/66 65/65 58/58
f 67/67 66/66 58/58
f 68/68 67/67 58/58
f 69/69 68/68 58/58
f 70/70 69/69 58/58
f 71/71 70/70 58/58
f 9/9 71/71 58/58
f 7/7 9/9 58/58
f 72/72 10/10 73/73
f 10/10 12/12 73/73
f 19/19 74/74 17/17
f 74/74 75/75 17/17
f 76/76 20/20 77/77
f 20/20 22/22 77/77
f 29/29 78/78 27/27
f 78/78 79/79 27/27
f 80/80 30/30 81/81
f 30/30 32/32 81/81
f 39/39 82/82 37/37
f 82/82 83/83 37/37
f 84/84 85/85 55/55
f 54/54 86/86 55/55
f 86/86 84/84 55/55
f 57/57 87/87 88/88
f 57/57 56/56 87/87
f 10/10 89/89 90/90
f 10/10 91/91 89/89
f 10/10 72/72 91/91
f 92/92 93/93 17/17
f 75/75 94/94 17/17
f 94/94 92/92 17/17
f 95/95 20/20 96/96
f 20/20 97/97 96/96
f 20/20 76/76 97/97
f 98/98 99/99 27/27
f 79/79 100/100 27/27
f 100/100 98/98 27/27
f 30/30 101/101 102/102
f 30/30 103/103 101/101
f 30/30 80/80 103/103
f 104/104 105/105 37/37
f 83/83 106/106 37/37
f 106/106 104/104 37/37
f 107/107 108/108 109/109
f 107/107 109/109 110/110
f 111/111 112/112 113/113
f 113/113 112/112 114/114
f 114/114 112/112 115/115
f 116/116 117/117 118/118
f 116/116 118/118 119/119
f 116/116 119/119 120/120
f 121/121 122/122 123/123
f 123/123 122/122 124/124
f 124/124 122/122 125/125
f 126/126 127/127 128/128
f 126/126 128/128 129/129
f 129/129 130/130 126/126
f 131/131 132/132 133/133
f 133/133 132/132 134/134
f 134/134 132/132 135/135
f 136/136 137/137 138/138
f 136/136 138/138 139/139
f 136/136 139/139 140/140
f 141/141 142/142 143/143
f 143/143 142/142 144/144
f 144/144 142/142 145/145
f 146/146 108/108 107/107
f 146/146 147/147 108/108
f 146/146 148/148 147/147
f 146/146 149/149 148/148
f 146/146 150/150 149/149
f 146/146 151/151 150/150
f 146/146 152/152 151/151
f 146/146 153/153 152/152
f 146/146 154/154 153/153
f 146/146 155/155 154/154
f 146/146 156/156 155/155
f 146/146 157/157 156/156
f 146/146 158/158 157/157
f 146/146 159/159 158/158
f 146/146 160/160 159/159
f 146/146 161/161 160/160
f 162/162 163/163 164/164
f 165/165 163/163 162/162
f 166/166 163/163 165/165
f 167/167 163/163 166/166
f 168/168 163/163 167/167
f 169/169 163/163 168/168
f 170/170 163/163 169/169
f 171/171 163/163 170/170
f 172/172 163/163 171/171
f 173/173 163/163 172/172
f 174/174 163/163 173/173
f 175/175 163/163 174/174
f 176/176 163/163 175/175
f 177/177 163/163 176/176
f 115/115 163/163 177/177
f 112/112 163/163 115/115
f 178/178 179/179 116/116
f 116/116 179/179 117/117
f 125/125 122/122 180/180
f 180/180 122/122 181/181
f 182/182 183/183 126/126
f 126/126 183/183 127/127
f 135/135 132/132 184/184
f 184/184 132/132 185/185
f 186/186 187/187 136/136
f 136/136 187/187 137/137
f 145/145 142/142 188/188
f 188/188 142/142 189/189
f 190/190 161/161 191/191
f 160/160 161/161 192/192
f 192/192 161/161 190/190
f 164/164 193/193 194/194
f 164/164 194/194 162/162
f 116/116 195/195 196/196
f 116/116 196/196 197/197
f 116/116 197/197 178/178
f 198/198 122/122 199/199
f 181/181 122/122 200/200
f 200/200 122/122 198/198
f 201/201 202/202 126/126
f 126/126 202/202 203/203
f 126/126 203/203 182/182
f 204/204 132/132 205/205
f 185/185 132/132 206/206
f 206/206 132/132 204/204
f 136/136 207/207 208/208
f 136/136 208/208 209/209
f 136/136 209/209 186/186
f 210/210 142/142 211/211
f 189/189 142/142 212/212
f 212/212 142/142 210/210
f 213/213 14/14 10/10
f 213/213 10/10 57/57
f 214/214 215/215 216/216
f 214/214 216/216 217/217
f 218/218 214/214 217/217
f 218/218 217/217 219/219
f 220/220 218/218 219/219
f 220/220 219/219 221/221
f 222/222 220/220 221/221
f 222/222 221/221 223/223
f 224/224 222/222 223/223
f 224/224 223/223 225/225
f 226/226 224/224 225/225
f 226/226 225/225 227/227
f 228/228 226/226 227/227
f 228/228 227/227 229/229
f 230/230 228/228 229/229
f 230/230 229/229 231/231
f 232/232 230/230 231/231
f 232/232 231/231 233/233
f 234/234 232/232 233/233
f 234/234 233/233 235/235
f 236/236 234/234 235/235
f 236/236 235/235 237/237
f 238/238 236/236 237/237
f 238/238 237/237 239/239
f 240/240 238/238 239/239
f 240/240 239/239 241/241
f 93/93 240/240 241/241
f 93/93 241/241 5/5
f 17/17 93/93 5/5
f 17/17 5/5 7/7
f 72/72 73/73 242/242
f 72/72 242/242 243/243
f 73/73 12/12 244/244
f 73/73 244/244 242/242
f 243/243 242/242 245/245
f 243/243 245/245 246/246
f 242/242 244/244 247/247
f 242/242 247/247 245/245
f 246/246 245/245 248/248
f 246/246 248/248 249/249
f 245/245 247/247 250/250
f 245/245 250/250 248/248
f 249/249 248/248 251/251
f 249/249 251/251 252/252
f 248/248 250/250 253/253
f 248/248 253/253 251/251
f 252/252 251/251 254/254
f 252/252 254/254 255/255
f 251/251 253/253 256/256
f 251/251 256/256 254/254
f 255/255 254/254 257/257
f 255/255 257/257 258/258
f 254/254 256/256 259/259
f 254/254 259/259 257/257
f 258/258 257/257 260/260
f 258/258 260/260 261/261
f 257/257 259/259 262/262
f 257/257 262/262 260/260
f 261/261 260/260 263/263
f 261/261 263/263 264/264
f 260/260 262/262 265/265
f 260/260 265/265 263/263
f 264/264 263/263 266/266
f 264/264 266/266 267/267
f 263/263 265/265 268/268
f 263/263 268/268 266/266
f 267/267 266/266 269/269
f 267/267 269/269 270/270
f 266/266 268/268 271/271
f 266/266 271/271 269/269
f 270/270 269/269 272/272
f 270/270 272/272 273/273
f 269/269 271/271 274/274
f 269/269 274/274 272/272
f 273/273 272/272 275/275
f 273/273 275/275 276/276
f 272/272 274/274 277/277
f 272/272 277/277 275/275
f 276/276 275/275 278/278
f 276/276 278/278 279/279
f 275/275 277/277 280/280
f 275/275 280/280 278/278
f 279/279 278/278 74/74
f 279/279 74/74 19/19
f 278/278 280/280 75/75
f 278/278 75/75 74/74
f 90/90 24/24 20/20
f 90/90 20/20 10/10
f 281/281 282/282 283/283
f 281/281 283/283 284/284
f 285/285 281/281 284/284
f 285/285 284/284 286/286
f 287/287 285/285 286/286
f 287/287 286/286 288/288
f 289/289 287/287 288/288
f 289/289 288/288 290/290
f 291/291 289/289 290/290
f 291/291 290/290 292/292
f 293/293 291/291 292/292
f 293/293 292/292 294/294
f 295/295 293/293 294/294
f 295/295 294/294 296/296
f 297/297 295/295 296/296
f 297/297 296/296 298/298
f 299/299 297/297 298/298
f 299/299 298/298 300/300
f 301/301 299/299 300/300
f 301/301 300/300 302/302
f 303/303 301/301 302/302
f 303/303 302/302 304/304
f 305/305 303/303 304/304
f 305/305 304/304 306/306
f 307/307 305/305 306/306
f 307/307 306/306 308/308
f 99/99 307/307 308/308
f 99/99 308/308 15/15
f 27/27 99/99 15/15
f 27/27 15/15 17/17
f 76/76 77/77 309/309
f 76/76 309/309 310/310
f 77/77 22/22 311/311
f 77/77 311/311 309/309
f 310/310 309/309 312/312
f 310/310 312/312 313/313
f 309/309 311/311 314/314
f 309/309 314/314 312/312
f 313/313 312/312 315/315
f 313/313 315/315 316/316
f 312/312 314/314 317/317
f 312/312 317/317 315/315
f 316/316 315/315 318/318
f 316/316 318/318 319/319
f 315/315 317/317 320/320
f 315/315 320/320 318/318
f 319/319 318/318 321/321
f 319/319 321/321 322/322
f 318/318 320/320 323/323
f 318/318 323/323 321/321
f 322/322 321/321 324/324
f 322/322 324/324 325/325
f 321/321 323/323 326/326
f 321/321 326/326 324/324
f 325/325 324/324 327/327
f 325/325 327/327 328/328
f 324/324 326/326 329/329
f 324/324 329/329 327/327
f 328/328 327/327 330/330
f 328/328 330/330 331/331
f 327/327 329/329 332/332
f 327/327 332/332 330/330
f 331/331 330/330 333/333
f 331/331 333/333 334/334
f 330/330 332/332 335/335
f 330/330 335/335 333/333
f 334/334 333/333 336/336
f 334/334 336/336 337/337
f 333/333 335/335 338/338
f 333/333 338/338 336/336
f 337/337 336/336 339/339
f 337/337 339/339 340/340
f 336/336 338/338 341/341
f 336/336 341/341 339/339
f 340/340 339/339 342/342
f 340/340 342/342 343/343
f 339/339 341/341 344/344
f 339/339 344/344 342/342
f 343/343 342/342 345/345
f 343/343 345/345 346/346
f 342/342 344/344 347/347
f 342/342 347/347 345/345
f 346/346 345/345 78/78
f 346/346 78/78 29/29
f 345/345 347/347 79/79
f 345/345 79/79 78/78
f 102/102 348/348 1/1
f 102/102 1/1 30/30
f 349/349 350/350 351/351
f 349/349 351/351 352/352
f 353/353 349/349 352/352
f 353/353 352/352 354/354
f 355/355 353/353 354/354
f 355/355 354/354 356/356
f 357/357 355/355 356/356
f 357/357 356/356 358/358
f 359/359 357/357 358/358
f 359/359 358/358 360/360
f 361/361 359/359 360/360
f 361/361 360/360 362/362
f 363/363 361/361 362/362
f 363/363 362/362 364/364
f 365/365 363/363 364/364
f 365/365 364/364 366/366
f 367/367 365/365 366/366
f 367/367 366/366 368/368
f 369/369 367/367 368/368
f 369/369 368/368 370/370
f 371/371 369/369 370/370
f 371/371 370/370 372/372
f 373/373 371/371 372/372
f 373/373 372/372 374/374
f 375/375 373/373 374/374
f 375/375 374/374 376/376
f 85/85 375/375 376/376
f 85/85 376/376 35/35
f 55/55 85/85 35/35
f 55/55 35/35 37/37
f 95/95 34/34 30/30
f 95/95 30/30 20/20
f 377/377 378/378 379/379
f 377/377 379/379 380/380
f 381/381 377/377 380/380
f 381/381 380/380 382/382
f 383/383 381/381 382/382
f 383/383 382/382 384/384
f 385/385 383/383 384/384
f 385/385 384/384 386/386
f 387/387 385/385 386/386
f 387/387 386/386 388/388
f 389/389 387/387 388/388
f 389/389 388/388 390/390
f 391/391 389/389 390/390
f 391/391 390/390 392/392
f 393/393 391/391 392/392
f 393/393 392/392 394/394
f 395/395 393/393 394/394
f 395/395 394/394 396/396
f 397/397 395/395 396/396
f 397/397 396/396 398/398
f 399/399 397/397 398/398
f 399/399 398/398 400/400
f 401/401 399/399 400/400
f 401/401 400/400 402/402
f 403/403 401/401 402/402
f 403/403 402/402 404/404
f 105/105 403/403 404/404
f 105/105 404/404 25/25
f 37/37 105/105 25/25
f 37/37 25/25 27/27
f 80/80 81/81 405/405
f 80/80 405/405 406/406
f 81/81 32/32 407/407
f 81/81 407/407 405/405
f 406/406 405/405 408/408
f 406/406 408/408 409/409
f 405/405 407/407 410/410
f 405/405 410/410 408/408
f 409/409 408/408 411/411
f 409/409 411/411 412/412
f 408/408 410/410 413/413
f 408/408 413/413 411/411
f 412/412 411/411 414/414
f 412/412 414/414 415/415
f 411/411 413/413 416/416
f 411/411 416/416 414/414
f 415/415 414/414 417/417
f 415/415 417/417 418/418
f 414/414 416/416 419/419
f 414/414 419/419 417/417
f 418/418 417/417 420/420
f 418/418 420/420 421/421
f 417/417 419/419 422/422
f 417/417 422/422 420/420
f 421/421 420/420 423/423
f 421/421 423/423 424/424
f 420/420 422/422 425/425
f 420/420 425/425 423/423
f 424/424 423/423 426/426
f 424/424 426/426 427/427
f 423/423 425/425 428/428
f 423/423 428/428 426/426
f 427/427 426/426 429/429
f 427/427 429/429 430/430
f 426/426 428/428 431/431
f 426/426 431/431 429/429
f 430/430 429/429 432/432
f 430/430 432/432 433/433
f 429/429 431/431 434/434
f 429/429 434/434 432/432
f 433/433 432/432 435/435
f 433/433 435/435 436/436
f 432/432 434/434 437/437
f 432/432 437/437 435/435
f 436/436 435/435 438/438
f 436/436 438/438 439/439
f 435/435 437/437 440/440
f 435/435 440/440 438/438
f 439/439 438/438 441/441
f 439/439 441/441 442/442
f 438/438 440/440 443/443
f 438/438 443/443 441/441
f 442/442 441/441 82/82
f 442/442 82/82 39/39
f 441/441 443/443 83/83
f 441/441 83/83 82/82
f 3/3 2/2 444/444
f 3/3 444/444 41/41
f 2/2 4/4 445/445
f 2/2 445/445 444/444
f 445/445 349/349 353/353
f 445/445 353/353 446/446
f 41/41 444/444 447/447
f 41/41 447/447 42/42
f 444/444 445/445 446/446
f 444/444 446/446 447/447
f 446/446 353/353 355/355
f 446/446 355/355 448/448
f 42/42 447/447 449/449
f 42/42 449/449 43/43
f 447/447 446/446 448/448
f 447/447 448/448 449/449
f 448/448 355/355 357/357
f 448/448 357/357 450/450
f 43/43 449/449 451/451
f 43/43 451/451 44/44
f 449/449 448/448 450/450
f 449/449 450/450 451/451
f 450/450 357/357 359/359
f 450/450 359/359 452/452
f 44/44 451/451 453/453
f 44/44 453/453 45/45
f 451/451 450/450 452/452
f 451/451 452/452 453/453
f 452/452 359/359 361/361
f 452/452 361/361 454/454
f 45/45 453/453 455/455
f 45/45 455/455 46/46
f 453/453 452/452 454/454
f 453/453 454/454 455/455
f 454/454 361/361 363/363
f 454/454 363/363 456/456
f 46/46 455/455 457/457
f 46/46 457/457 47/47
f 455/455 454/454 456/456
f 455/455 456/456 457/457
f 456/456 363/363 365/365
f 456/456 365/365 458/458
f 47/47 457/457 459/459
f 47/47 459/459 48/48
f 457/457 456/456 458/458
f 457/457 458/458 459/459
f 458/458 365/365 367/367
f 458/458 367/367 460/460
f 48/48 459/459 461/461
f 48/48 461/461 49/49
f 459/459 458/458 460/460
f 459/459 460/460 461/461
f 460/460 367/367 369/369
f 460/460 369/369 462/462
f 49/49 461/461 463/463
f 49/49 463/463 50/50
f 461/461 460/460 462/462
f 461/461 462/462 463/463
f 462/462 369/369 371/371
f 462/462 371/371 464/464
f 50/50 463/463 465/465
f 50/50 465/465 51/51
f 463/463 462/462 464/464
f 463/463 464/464 465/465
f 464/464 371/371 373/373
f 464/464 373/373 466/466
f 51/51 465/465 467/467
f 51/51 467/467 52/52
f 465/465 464/464 466/466
f 465/465 466/466 467/467
f 466/466 373/373 375/375
f 466/466 375/375 468/468
f 52/52 467/467 469/469
f 52/52 469/469 53/53
f 467/467 466/466 468/468
f 467/467 468/468 469/469
f 468/468 375/375 85/85
f 468/468 85/85 84/84
f 53/53 469/469 86/86
f 53/53 86/86 54/54
f 469/469 468/468 84/84
f 469/469 84/84 86/86
f 213/213 57/57 88/88
f 213/213 88/88 470/470
f 88/88 87/87 471/471
f 88/88 471/471 472/472
f 87/87 56/56 59/59
f 87/87 59/59 471/471
f 217/217 472/472 473/473
f 217/217 473/473 219/219
f 472/472 471/471 474/474
f 472/472 474/474 473/473
f 471/471 59/59 60/60
f 471/471 60/60 474/474
f 219/219 473/473 475/475
f 219/219 475/475 221/221
f 473/473 474/474 476/476
f 473/473 476/476 475/475
f 474/474 60/60 61/61
f 474/474 61/61 476/476
f 221/221 475/475 477/477
f 221/221 477/477 223/223
f 475/475 476/476 478/478
f 475/475 478/478 477/477
f 476/476 61/61 62/62
f 476/476 62/62 478/478
f 223/223 477/477 479/479
f 223/223 479/479 225/225
f 477/477 478/478 480/480
f 477/477 480/480 479/479
f 478/478 62/62 63/63
f 478/478 63/63 480/480
f 225/225 479/479 481/481
f 225/225 481/481 227/227
f 479/479 480/480 482/482
f 479/479 482/482 481/481
f 480/480 63/63 64/64
f 480/480 64/64 482/482
f 227/227 481/481 483/483
f 227/227 483/483 229/229
f 481/481 482/482 484/484
f 481/481 484/484 483/483
f 482/482 64/64 65/65
f 482/482 65/65 484/484
f 229/229 483/483 485/485
f 229/229 485/485 231/231
f 483/483 484/484 486/486
f 483/483 486/486 485/485
f 484/484 65/65 66/66
f 484/484 66/66 486/486
f 231/231 485/485 487/487
f 231/231 487/487 233/233
f 485/485 486/486 488/488
f 485/485 488/488 487/487
f 486/486 66/66 67/67
f 486/486 67/67 488/488
f 233/233 487/487 489/489
f 233/233 489/489 235/235
f 487/487 488/488 490/490
f 487/487 490/490 489/489
f 488/488 67/67 68/68
f 488/488 68/68 490/490
f 235/235 489/489 491/491
f 235/235 491/491 237/237
f 489/489 490/490 492/492
f 489/489 492/492 491/491
f 490/490 68/68 69/69
f 490/490 69/69 492/492
f 237/237 491/491 493/493
f 237/237 493/493 239/239
f 491/491 492/492 494/494
f 491/491 494/494 493/493
f 492/492 69/69 70/70
f 492/492 70/70 494/494
f 239/239 493/493 495/495
f 239/239 495/495 241/241
f 493/493 494/494 496/496
f 493/493 496/496 495/495
f 494/494 70/70 71/71
f 494/494 71/71 496/496
f 241/241 495/495 6/6
f 241/241 6/6 5/5
f 495/495 496/496 8/8
f 495/495 8/8 6/6
f 496/496 71/71 9/9
f 496/496 9/9 8/8
f 13/13 215/215 214/214
f 13/13 214/214 497/497
f 12/12 11/11 498/498
f 12/12 498/498 244/244
f 11/11 13/13 497/497
f 11/11 497/497 498/498
f 89/89 91/91 499/499
f 89/89 499/499 500/500
f 91/91 72/72 243/243
f 91/91 243/243 499/499
f 497/497 214/214 218/218
f 497/497 218/218 501/501
f 244/244 498/498 502/502
f 244/244 502/502 247/247
f 498/498 497/497 501/501
f 498/498 501/501 502/502
f 284/284 500/500 503/503
f 284/284 503/503 286/286
f 500/500 499/499 504/504
f 500/500 504/504 503/503
f 499/499 243/243 246/246
f 499/499 246/246 504/504
f 501/501 218/218 220/220
f 501/501 220/220 505/505
f 247/247 502/502 506/506
f 247/247 506/506 250/250
f 502/502 501/501 505/505
f 502/502 505/505 506/506
f 286/286 503/503 507/507
f 286/286 507/507 288/288
f 503/503 504/504 508/508
f 503/503 508/508 507/507
f 504/504 246/246 249/249
f 504/504 249/249 508/508
f 505/505 220/220 222/222
f 505/505 222/222 509/509
f 250/250 506/506 510/510
f 250/250 510/510 253/253
f 506/506 505/505 509/509
f 506/506 509/509 510/510
f 288/288 507/507 511/511
f 288/288 511/511 290/290
f 507/507 508/508 512/512
f 507/507 512/512 511/511
f 508/508 249/249 252/252
f 508/508 252/252 512/512
f 509/509 222/222 224/224
f 509/509 224/224 513/513
f 253/253 510/510 514/514
f 253/253 514/514 256/256
f 510/510 509/509 513/513
f 510/510 513/513 514/514
f 290/290 511/511 515/515
f 290/290 515/515 292/292
f 511/511 512/512 516/516
f 511/511 516/516 515/515
f 512/512 252/252 255/255
f 512/512 255/255 516/516
f 513/513 224/224 226/226
f 513/513 226/226 517/517
f 256/256 514/514 518/518
f 256/256 518/518 259/259
f 514/514 513/513 517/517
f 514/514 517/517 518/518
f 292/292 515/515 519/519
f 292/292 519/519 294/294
f 515/515 516/516 520/520
f 515/515 520/520 519/519
f 516/516 255/255 258/258
f 516/516 258/258 520/520
f 517/517 226/226 228/228
f 517/517 228/228 521/521
f 259/259 518/518 522/522
f 259/259 522/522 262/262
f 518/518 517/517 521/521
f 518/518 521/521 522/522
f 294/294 519/519 523/523
f 294/294 523/523 296/296
f 519/519 520/520 524/524
f 519/519 524/524 523/523
f 520/520 258/258 261/261
f 520/520 261/261 524/524
f 521/521 228/228 230/230
f 521/521 230/230 525/525
f 262/262 522/522 526/526
f 262/262 526/526 265/265
f 522/522 521/521 525/525
f 522/522 525/525 526/526
f 296/296 523/523 527/527
f 296/296 527/527 298/298
f 523/523 524/524 528/528
f 523/523 528/528 527/527
f 524/524 261/261 264/264
f 524/524 264/264 528/528
f 525/525 230/230 232/232
f 525/525 232/232 529/529
f 265/265 526/526 530/530
f 265/265 530/530 268/268
f 526/526 525/525 529/529
f 526/526 529/529 530/530
f 298/298 527/527 531/531
f 298/298 531/531 300/300
f 527/527 528/528 532/532
f 527/527 532/532 531/531
f 528/528 264/264 267/267
f 528/528 267/267 532/532
f 529/529 232/232 234/234
f 529/529 234/234 533/533
f 268/268 530/530 534/534
f 268/268 534/534 271/271
f 530/530 529/529 533/533
f 530/530 533/533 534/534
f 300/300 531/531 535/535
f 300/300 535/535 302/302
f 531/531 532/532 536/536
f 531/531 536/536 535/535
f 532/532 267/267 270/270
f 532/532 270/270 536/536
f 533/533 234/234 236/236
f 533/533 236/236 537/537
f 271/271 534/534 538/538
f 271/271 538/538 274/274
f 534/534 533/533 537/537
f 534/534 537/537 538/538
f 302/302 535/535 539/539
f 302/302 539/539 304/304
f 535/535 536/536 540/540
f 535/535 540/540 539/539
f 536/536 270/270 273/273
f 536/536 273/273 540/540
f 537/537 236/236 238/238
f 537/537 238/238 541/541
f 274/274 538/538 542/542
f 274/274 542/542 277/277
f 538/538 537/537 541/541
f 538/538 541/541 542/542
f 304/304 539/539 543/543
f 304/304 543/543 306/306
f 539/539 540/540 544/544
f 539/539 544/544 543/543
f 540/540 273/273 276/276
f 540/540 276/276 544/544
f 541/541 238/238 240/240
f 541/541 240/240 545/545
f 277/277 542/542 546/546
f 277/277 546/546 280/280
f 542/542 541/541 545/545
f 542/542 545/545 546/546
f 306/306 543/543 547/547
f 306/306 547/547 308/308
f 543/543 544/544 548/548
f 543/543 548/548 547/547
f 544/544 276/276 279/279
f 544/544 279/279 548/548
f 545/545 240/240 93/93
f 545/545 93/93 92/92
f 280/280 546/546 94/94
f 280/280 94/94 75/75
f 546/546 545/545 92/92
f 546/546 92/92 94/94
f 308/308 547/547 16/16
f 308/308 16/16 15/15
f 547/547 548/548 18/18
f 547/547 18/18 16/16
f 548/548 279/279 19/19
f 548/548 19/19 18/18
f 23/23 282/282 281/281
f 23/23 281/281 549/549
f 22/22 21/21 550/550
f 22/22 550/550 311/311
f 21/21 23/23 549/549
f 21/21 549/549 550/550
f 96/96 97/97 551/551
f 96/96 551/551 552/552
f 97/97 76/76 310/310
f 97/97 310/310 551/551
f 549/549 281/281 285/285
f 549/549 285/285 553/553
f 311/311 550/550 554/554
f 311/311 554/554 314/314
f 550/550 549/549 553/553
f 550/550 553/553 554/554
f 380/380 552/552 555/555
f 380/380 555/555 382/382
f 552/552 551/551 556/556
f 552/552 556/556 555/555
f 551/551 310/310 313/313
f 551/551 313/313 556/556
f 553/553 285/285 287/287
f 553/553 287/287 557/557
f 314/314 554/554 558/558
f 314/314 558/558 317/317
f 554/554 553/553 557/557
f 554/554 557/557 558/558
f 382/382 555/555 559/559
f 382/382 559/559 384/384
f 555/555 556/556 560/560
f 555/555 560/560 559/559
f 556/556 313/313 316/316
f 556/556 316/316 560/560
f 557/557 287/287 289/289
f 557/557 289/289 561/561
f 317/317 558/558 562/562
f 317/317 562/562 320/320
f 558/558 557/557 561/561
f 558/558 561/561 562/562
f 384/384 559/559 563/563
f 384/384 563/563 386/386
f 559/559 560/560 564/564
f 559/559 564/564 563/563
f 560/560 316/316 319/319
f 560/560 319/319 564/564
f 561/561 289/289 291/291
f 561/561 291/291 565/565
f 320/320 562/562 566/566
f 320/320 566/566 323/323
f 562/562 561/561 565/565
f 562/562 565/565 566/566
f 386/386 563/563 567/567
f 386/386 567/567 388/388
f 563/563 564/564 568/568
f 563/563 568/568 567/567
f 564/564 319/319 322/322
f 564/564 322/322 568/568
f 565/565 291/291 293/293
f 565/565 293/293 569/569
f 323/323 566/566 570/570
f 323/323 570/570 326/326
f 566/566 565/565 569/569
f 566/566 569/569 570/570
f 388/388 567/567 571/571
f 388/388 571/571 390/390
f 567/567 568/568 572/572
f 567/567 572/572 571/571
f 568/568 322/322 325/325
f 568/568 325/325 572/572
f 569/569 293/293 295/295
f 569/569 295/295 573/573
f 326/326 570/570 574/574
f 326/326 574/574 329/329
f 570/570 569/569 573/573
f 570/570 573/573 574/574
f 390/390 571/571 575/575
f 390/390 575/575 392/392
f 571/571 572/572 576/576
f 571/571 576/576 575/575
f 572/572 325/325 328/328
f 572/572 328/328 576/576
f 573/573 295/295 297/297
f 573/573 297/297 577/577
f 329/329 574/574 578/578
f 329/329 578/578 332/332
f 574/574 573/573 577/577
f 574/574 577/577 578/578
f 392/392 575/575 579/579
f 392/392 579/579 394/394
f 575/575 576/576 580/580
f 575/575 580/580 579/579
f 576/576 328/328 331/331
f 576/576 331/331 580/580
f 577/577 297/297 299/299
f 577/577 299/299 581/581
f 332/332 578/578 582/582
f 332/332 582/582 335/335
f 578/578 577/577 581/581
f 578/578 581/581 582/582
f 394/394 579/579 583/583
f 394/394 583/583 396/396
f 579/579 580/580 584/584
f 579/579 584/584 583/583
f 580/580 331/331 334/334
f 580/580 334/334 584/584
f 581/581 299/299 301/301
f 581/581 301/301 585/585
f 335/335 582/582 586/586
f 335/335 586/586 338/338
f 582/582 581/581 585/585
f 582/582 585/585 586/586
f 396/396 583/583 587/587
f 396/396 587/587 398/398
f 583/583 584/584 588/588
f 583/583 588/588 587/587
f 584/584 334/334 337/337
f 584/584 337/337 588/588
f 585/585 301/301 303/303
f 585/585 303/303 589/589
f 338/338 586/586 590/590
f 338/338 590/590 341/341
f 586/586 585/585 589/589
f 586/586 589/589 590/590
f 398/398 587/587 591/591
f 398/398 591/591 400/400
f 587/587 588/588 592/592
f 587/587 592/592 591/591
f 588/588 337/337 340/340
f 588/588 340/340 592/592
f 589/589 303/303 305/305
f 589/589 305/305 593/593
f 341/341 590/590 594/594
f 341/341 594/594 344/344
f 590/590 589/589 593/593
f 590/590 593/593 594/594
f 400/400 591/591 595/595
f 400/400 595/595 402/402
f 591/591 592/592 596/596
f 591/591 596/596 595/595
f 592/592 340/340 343/343
f 592/592 343/343 596/596
f 593/593 305/305 307/307
f 593/593 307/307 597/597
f 344/344 594/594 598/598
f 344/344 598/598 347/347
f 594/594 593/593 597/597
f 594/594 597/597 598/598
f 402/402 595/595 599/599
f 402/402 599/599 404/404
f 595/595 596/596 600/600
f 595/595 600/600 599/599
f 596/596 343/343 346/346
f 596/596 346/346 600/600
f 597/597 307/307 99/99
f 597/597 99/99 98/98
f 347/347 598/598 100/100
f 347/347 100/100 79/79
f 598/598 597/597 98/98
f 598/598 98/98 100/100
f 404/404 599/599 26/26
f 404/404 26/26 25/25
f 599/599 600/600 28/28
f 599/599 28/28 26/26
f 600/600 346/346 29/29
f 600/600 29/29 28/28
f 33/33 378/378 377/377
f 33/33 377/377 601/601
f 32/32 31/31 602/602
f 32/32 602/602 407/407
f 31/31 33/33 601/601
f 31/31 601/601 602/602
f 101/101 103/103 603/603
f 101/101 603/603 604/604
f 103/103 80/80 406/406
f 103/103 406/406 603/603
f 601/601 377/377 381/381
f 601/601 381/381 605/605
f 407/407 602/602 606/606
f 407/407 606/606 410/410
f 602/602 601/601 605/605
f 602/602 605/605 606/606
f 352/352 604/604 607/607
f 352/352 607/607 354/354
f 604/604 603/603 608/608
f 604/604 608/608 607/607
f 603/603 406/406 409/409
f 603/603 409/409 608/608
f 605/605 381/381 383/383
f 605/605 383/383 609/609
f 410/410 606/606 610/610
f 410/410 610/610 413/413
f 606/606 605/605 609/609
f 606/606 609/609 610/610
f 354/354 607/607 611/611
f 354/354 611/611 356/356
f 607/607 608/608 612/612
f 607/607 612/612 611/611
f 608/608 409/409 412/412
f 608/608 412/412 612/612
f 609/609 383/383 385/385
f 609/609 385/385 613/613
f 413/413 610/610 614/614
f 413/413 614/614 416/416
f 610/610 609/609 613/613
f 610/610 613/613 614/614
f 356/356 611/611 615/615
f 356/356 615/615 358/358
f 611/611 612/612 616/616
f 611/611 616/616 615/615
f 612/612 412/412 415/415
f 612/612 415/415 616/616
f 613/613 385/385 387/387
f 613/613 387/387 617/617
f 416/416 614/614 618/618
f 416/416 618/618 419/419
f 614/614 613/613 617/617
f 614/614 617/617 618/618
f 358/358 615/615 619/619
f 358/358 619/619 360/360
f 615/615 616/616 620/620
f 615/615 620/620 619/619
f 616/616 415/415 418/418
f 616/616 418/418 620/620
f 617/617 387/387 389/389
f 617/617 389/389 621/621
f 419/419 618/618 622/622
f 419/419 622/622 422/422
f 618/618 617/617 621/621
f 618/618 621/621 622/622
f 360/360 619/619 623/623
f 360/360 623/623 362/362
f 619/619 620/620 624/624
f 619/619 624/624 623/623
f 620/620 418/418 421/421
f 620/620 421/421 624/624
f 621/621 389/389 391/391
f 621/621 391/391 625/625
f 422/422 622/622 626/626
f 422/422 626/626 425/425
f 622/622 621/621 625/625
f 622/622 625/625 626/626
f 362/362 623/623 627/627
f 362/362 627/627 364/364
f 623/623 624/624 628/628
f 623/623 628/628 627/627
f 624/624 421/421 424/424
f 624/624 424/424 628/628
f 625/625 391/391 393/393
f 625/625 393/393 629/629
f 425/425 626/626 630/630
f 425/425 630/630 428/428
f 626/626 625/625 629/629
f 626/626 629/629 630/630
f 364/364 627/627 631/631
f 364/364 631/631 366/366
f 627/627 628/628 632/632
f 627/627 632/632 631/631
f 628/628 424/424 427/427
f 628/628 427/427 632/632
f 629/629 393/393 395/395
f 629/629 395/395 633/633
f 428/428 630/630 634/634
f 428/428 634/634 431/431
f 630/630 629/629 633/633
f 630/630 633/633 634/634
f 366/366 631/631 635/635
f 366/366 635/635 368/368
f 631/631 632/632 636/636
f 631/631 636/636 635/635
f 632/632 427/427 430/430
f 632/632 430/430 636/636
f 633/633 395/395 397/397
f 633/633 397/397 637/637
f 431/431 634/634 638/638
f 431/431 638/638 434/434
f 634/634 633/633 637/637
f 634/634 637/637 638/638
f 368/368 635/635 639/639
f 368/368 639/639 370/370
f 635/635 636/636 640/640
f 635/635 640/640 639/639
f 636/636 430/430 433/433
f 636/636 433/433 640/640
f 637/637 397/397 399/399
f 637/637 399/399 641/641
f 434/434 638/638 642/642
f 434/434 642/642 437/437
f 638/638 637/637 641/641
f 638/638 641/641 642/642
f 370/370 639/639 643/643
f 370/370 643/643 372/372
f 639/639 640/640 644/644
f 639/639 644/644 643/643
f 640/640 433/433 436/436
f 640/640 436/436 644/644
f 641/641 399/399 401/401
f 641/641 401/401 645/645
f 437/437 642/642 646/646
f 437/437 646/646 440/440
f 642/642 641/641 645/645
f 642/642 645/645 646/646
f 372/372 643/643 647/647
f 372/372 647/647 374/374
f 643/643 644/644 648/648
f 643/643 648/648 647/647
f 644/644 436/436 439/439
f 644/644 439/439 648/648
f 645/645 401/401 403/403
f 645/645 403/403 649/649
f 440/440 646/646 650/650
f 440/440 650/650 443/443
f 646/646 645/645 649/649
f 646/646 649/649 650/650
f 374/374 647/647 651/651
f 374/374 651/651 376/376
f 647/647 648/648 652/652
f 647/647 652/652 651/651
f 648/648 439/439 442/442
f 648/648 442/442 652/652
f 649/649 403/403 105/105
f 649/649 105/105 104/104
f 443/443 650/650 106/106
f 443/443 106/106 83/83
f 650/650 649/649 104/104
f 650/650 104/104 106/106
f 376/376 651/651 36/36
f 376/376 36/36 35/35
f 651/651 652/652 38/38
f 651/651 38/38 36/36
f 652/652 442/442 39/39
f 652/652 39/39 38/38
f 283/283 89/89 500/500
f 283/283 500/500 284/284
f 351/351 101/101 604/604
f 351/351 604/604 352/352
f 379/379 96/96 552/552
f 379/379 552/552 380/380
f 213/213 470/470 653/653
f 213/213 653/653 14/14
f 470/470 216/216 215/215
f 470/470 215/215 653/653
f 90/90 654/654 23/23
f 90/90 23/23 24/24
f 654/654 283/283 282/282
f 654/654 282/282 23/23
f 350/350 655/655 656/656
f 350/350 656/656 351/351
f 655/655 348/348 102/102
f 655/655 102/102 656/656
f 95/95 96/96 657/657
f 95/95 657/657 34/34
f 96/96 379/379 378/378
f 96/96 378/378 657/657
f 13/13 14/14 653/653
f 13/13 653/653 215/215
f 89/89 283/283 654/654
f 89/89 654/654 90/90
f 101/101 351/351 656/656
f 101/101 656/656 102/102
f 33/33 34/34 657/657
f 33/33 657/657 378/378
f 658/658 164/164 116/116
f 658/658 116/116 120/120
f 659/659 660/660 661/661
f 659/659 661/661 662/662
f 663/663 664/664 660/660
f 663/663 660/660 659/659
f 665/665 666/666 664/664
f 665/665 664/664 663/663
f 667/667 668/668 666/666
f 667/667 666/666 665/665
f 669/669 670/670 668/668
f 669/669 668/668 667/667
f 671/671 672/672 670/670
f 671/671 670/670 669/669
f 673/673 674/674 672/672
f 673/673 672/672 671/671
f 675/675 676/676 674/674
f 675/675 674/674 673/673
f 677/677 678/678 676/676
f 677/677 676/676 675/675
f 679/679 680/680 678/678
f 679/679 678/678 677/677
f 681/681 682/682 680/680
f 681/681 680/680 679/679
f 683/683 684/684 682/682
f 683/683 682/682 681/681
f 685/685 686/686 684/684
f 685/685 684/684 683/683
f 199/199 111/111 686/686
f 199/199 686/686 685/685
f 122/122 112/112 111/111
f 122/122 111/111 199/199
f 178/178 687/687 688/688
f 178/178 688/688 179/179
f 179/179 688/688 689/689
f 179/179 689/689 117/117
f 687/687 690/690 691/691
f 687/687 691/691 688/688
f 688/688 691/691 692/692
f 688/688 692/692 689/689
f 690/690 693/693 694/694
f 690/690 694/694 691/691
f 691/691 694/694 695/695
f 691/691 695/695 692/692
f 693/693 696/696 697/697
f 693/693 697/697 694/694
f 694/694 697/697 698/698
f 694/694 698/698 695/695
f 696/696 699/699 700/700
f 696/696 700/700 697/697
f 697/697 700/700 701/701
f 697/697 701/701 698/698
f 699/699 702/702 703/703
f 699/699 703/703 700/700
f 700/700 703/703 704/704
f 700/700 704/704 701/701
f 702/702 705/705 706/706
f 702/702 706/706 703/703
f 703/703 706/706 707/707
f 703/703 707/707 704/704
f 705/705 708/708 709/709
f 705/705 709/709 706/706
f 706/706 709/709 710/710
f 706/706 710/710 707/707
f 708/708 711/711 712/712
f 708/708 712/712 709/709
f 709/709 712/712 713/713
f 709/709 713/713 710/710
f 711/711 714/714 715/715
f 711/711 715/715 712/712
f 712/712 715/715 716/716
f 712/712 716/716 713/713
f 714/714 717/717 718/718
f 714/714 718/718 715/715
f 715/715 718/718 719/719
f 715/715 719/719 716/716
f 717/717 720/720 721/721
f 717/717 721/721 718/718
f 718/718 721/721 722/722
f 718/718 722/722 719/719
f 720/720 723/723 724/724
f 720/720 724/724 721/721
f 721/721 724/724 725/725
f 721/721 725/725 722/722
f 723/723 125/125 180/180
f 723/723 180/180 724/724
f 724/724 180/180 181/181
f 724/724 181/181 725/725
f 195/195 116/116 126/126
f 195/195 126/126 130/130
f 726/726 727/727 728/728
f 726/726 728/728 729/729
f 730/730 731/731 727/727
f 730/730 727/727 726/726
f 732/732 733/733 731/731
f 732/732 731/731 730/730
f 734/734 735/735 733/733
f 734/734 733/733 732/732
f 736/736 737/737 735/735
f 736/736 735/735 734/734
f 738/738 739/739 737/737
f 738/738 737/737 736/736
f 740/740 741/741 739/739
f 740/740 739/739 738/738
f 742/742 743/743 741/741
f 742/742 741/741 740/740
f 744/744 745/745 743/743
f 744/744 743/743 742/742
f 746/746 747/747 745/745
f 746/746 745/745 744/744
f 748/748 749/749 747/747
f 748/748 747/747 746/746
f 750/750 751/751 749/749
f 750/750 749/749 748/748
f 752/752 753/753 751/751
f 752/752 751/751 750/750
f 205/205 121/121 753/753
f 205/205 753/753 752/752
f 132/132 122/122 121/121
f 132/132 121/121 205/205
f 182/182 754/754 755/755
f 182/182 755/755 183/183
f 183/183 755/755 756/756
f 183/183 756/756 127/127
f 754/754 757/757 758/758
f 754/754 758/758 755/755
f 755/755 758/758 759/759
f 755/755 759/759 756/756
f 757/757 760/760 761/761
f 757/757 761/761 758/758
f 758/758 761/761 762/762
f 758/758 762/762 759/759
f 760/760 763/763 764/764
f 760/760 764/764 761/761
f 761/761 764/764 765/765
f 761/761 765/765 762/762
f 763/763 766/766 767/767
f 763/763 767/767 764/764
f 764/764 767/767 768/768
f 764/764 768/768 765/765
f 766/766 769/769 770/770
f 766/766 770/770 767/767
f 767/767 770/770 771/771
f 767/767 771/771 768/768
f 769/769 772/772 773/773
f 769/769 773/773 770/770
f 770/770 773/773 774/774
f 770/770 774/774 771/771
f 772/772 775/775 776/776
f 772/772 776/776 773/773
f 773/773 776/776 777/777
f 773/773 777/777 774/774
f 775/775 778/778 779/779
f 775/775 779/779 776/776
f 776/776 779/779 780/780
f 776/776 780/780 777/777
f 778/778 781/781 782/782
f 778/778 782/782 779/779
f 779/779 782/782 783/783
f 779/779 783/783 780/780
f 781/781 784/784 785/785
f 781/781 785/785 782/782
f 782/782 785/785 786/786
f 782/782 786/786 783/783
f 784/784 787/787 788/788
f 784/784 788/788 785/785
f 785/785 788/788 789/789
f 785/785 789/789 786/786
f 787/787 790/790 791/791
f 787/787 791/791 788/788
f 788/788 791/791 792/792
f 788/788 792/792 789/789
f 790/790 135/135 184/184
f 790/790 184/184 791/791
f 791/791 184/184 185/185
f 791/791 185/185 792/792
f 207/207 136/136 107/107
f 207/207 107/107 793/793
f 794/794 795/795 796/796
f 794/794 796/796 797/797
f 798/798 799/799 795/795
f 798/798 795/795 794/794
f 800/800 801/801 799/799
f 800/800 799/799 798/798
f 802/802 803/803 801/801
f 802/802 801/801 800/800
f 804/804 805/805 803/803
f 804/804 803/803 802/802
f 806/806 807/807 805/805
f 806/806 805/805 804/804
f 808/808 809/809 807/807
f 808/808 807/807 806/806
f 810/810 811/811 809/809
f 810/810 809/809 808/808
f 812/812 813/813 811/811
f 812/812 811/811 810/810
f 814/814 815/815 813/813
f 814/814 813/813 812/812
f 816/816 817/817 815/815
f 816/816 815/815 814/814
f 818/818 819/819 817/817
f 818/818 817/817 816/816
f 820/820 821/821 819/819
f 820/820 819/819 818/818
f 191/191 141/141 821/821
f 191/191 821/821 820/820
f 161/161 142/142 141/141
f 161/161 141/141 191/191
f 201/201 126/126 136/136
f 201/201 136/136 140/140
f 822/822 823/823 824/824
f 822/822 824/824 825/825
f 826/826 827/827 823/823
f 826/826 823/823 822/822
f 828/828 829/829 827/827
f 828/828 827/827 826/826
f 830/830 831/831 829/829
f 830/830 829/829 828/828
f 832/832 833/833 831/831
f 832/832 831/831 830/830
f 834/834 835/835 833/833
f 834/834 833/833 832/832
f 836/836 837/837 835/835
f 836/836 835/835 834/834
f 838/838 839/839 837/837
f 838/838 837/837 836/836
f 840/840 841/841 839/839
f 840/840 839/839 838/838
f 842/842 843/843 841/841
f 842/842 841/841 840/840
f 844/844 845/845 843/843
f 844/844 843/843 842/842
f 846/846 847/847 845/845
f 846/846 845/845 844/844
f 848/848 849/849 847/847
f 848/848 847/847 846/846
f 211/211 131/131 849/849
f 211/211 849/849 848/848
f 142/142 132/132 131/131
f 142/142 131/131 211/211
f 186/186 850/850 851/851
f 186/186 851/851 187/187
f 187/187 851/851 852/852
f 187/187 852/852 137/137
f 850/850 853/853 854/854
f 850/850 854/854 851/851
f 851/851 854/854 855/855
f 851/851 855/855 852/852
f 853/853 856/856 857/857
f 853/853 857/857 854/854
f 854/854 857/857 858/858
f 854/854 858/858 855/855
f 856/856 859/859 860/860
f 856/856 860/860 857/857
f 857/857 860/860 861/861
f 857/857 861/861 858/858
f 859/859 862/862 863/863
f 859/859 863/863 860/860
f 860/860 863/863 864/864
f 860/860 864/864 861/861
f 862/862 865/865 866/866
f 862/862 866/866 863/863
f 863/863 866/866 867/867
f 863/863 867/867 864/864
f 865/865 868/868 869/869
f 865/865 869/869 866/866
f 866/866 869/869 870/870
f 866/866 870/870 867/867
f 868/868 871/871 872/872
f 868/868 872/872 869/869
f 869/869 872/872 873/873
f 869/869 873/873 870/870
f 871/871 874/874 875/875
f 871/871 875/875 872/872
f 872/872 875/875 876/876
f 872/872 876/876 873/873
f 874/874 877/877 878/878
f 874/874 878/878 875/875
f 875/875 878/878 879/879
f 875/875 879/879 876/876
f 877/877 880/880 881/881
f 877/877 881/881 878/878
f 878/878 881/881 882/882
f 878/878 882/882 879/879
f 880/880 883/883 884/884
f 880/880 884/884 881/881
f 881/881 884/884 885/885
f 881/881 885/885 882/882
f 883/883 886/886 887/887
f 883/883 887/887 884/884
f 884/884 887/887 888/888
f 884/884 888/888 885/885
f 886/886 145/145 188/188
f 886/886 188/188 887/887
f 887/887 188/188 189/189
f 887/887 189/189 888/888
f 108/108 147/147 889/889
f 108/108 889/889 109/109
f 109/109 889/889 890/890
f 109/109 890/890 110/110
f 890/890 891/891 798/798
f 890/890 798/798 794/794
f 147/147 148/148 892/892
f 147/147 892/892 889/889
f 889/889 892/892 891/891
f 889/889 891/891 890/890
f 891/891 893/893 800/800
f 891/891 800/800 798/798
f 148/148 149/149 894/894
f 148/148 894/894 892/892
f 892/892 894/894 893/893
f 892/892 893/893 891/891
f 893/893 895/895 802/802
f 893/893 802/802 800/800
f 149/149 150/150 896/896
f 149/149 896/896 894/894
f 894/894 896/896 895/895
f 894/894 895/895 893/893
f 895/895 897/897 804/804
f 895/895 804/804 802/802
f 150/150 151/151 898/898
f 150/150 898/898 896/896
f 896/896 898/898 897/897
f 896/896 897/897 895/895
f 897/897 899/899 806/806
f 897/897 806/806 804/804
f 151/151 152/152 900/900
f 151/151 900/900 898/898
f 898/898 900/900 899/899
f 898/898 899/899 897/897
f 899/899 901/901 808/808
f 899/899 808/808 806/806
f 152/152 153/153 902/902
f 152/152 902/902 900/900
f 900/900 902/902 901/901
f 900/900 901/901 899/899
f 901/901 903/903 810/810
f 901/901 810/810 808/808
f 153/153 154/154 904/904
f 153/153 904/904 902/902
f 902/902 904/904 903/903
f 902/902 903/903 901/901
f 903/903 905/905 812/812
f 903/903 812/812 810/810
f 154/154 155/155 906/906
f 154/154 906/906 904/904
f 904/904 906/906 905/905
f 904/904 905/905 903/903
f 905/905 907/907 814/814
f 905/905 814/814 812/812
f 155/155 156/156 908/908
f 155/155 908/908 906/906
f 906/906 908/908 907/907
f 906/906 907/907 905/905
f 907/907 909/909 816/816
f 907/907 816/816 814/814
f 156/156 157/157 910/910
f 156/156 910/910 908/908
f 908/908 910/910 909/909
f 908/908 909/909 907/907
f 909/909 911/911 818/818
f 909/909 818/818 816/816
f 157/157 158/158 912/912
f 157/157 912/912 910/910
f 910/910 912/912 911/911
f 910/910 911/911 909/909
f 911/911 913/913 820/820
f 911/911 820/820 818/818
f 158/158 159/159 914/914
f 158/158 914/914 912/912
f 912/912 914/914 913/913
f 912/912 913/913 911/911
f 913/913 190/190 191/191
f 913/913 191/191 820/820
f 159/159 160/160 192/192
f 159/159 192/192 914/914
f 914/914 192/192 190/190
f 914/914 190/190 913/913
f 658/658 915/915 193/193
f 658/658 193/193 164/164
f 193/193 916/916 917/917
f 193/193 917/917 194/194
f 194/194 917/917 165/165
f 194/194 165/165 162/162
f 660/660 664/664 918/918
f 660/660 918/918 916/916
f 916/916 918/918 919/919
f 916/916 919/919 917/917
f 917/917 919/919 166/166
f 917/917 166/166 165/165
f 664/664 666/666 920/920
f 664/664 920/920 918/918
f 918/918 920/920 921/921
f 918/918 921/921 919/919
f 919/919 921/921 167/167
f 919/919 167/167 166/166
f 666/666 668/668 922/922
f 666/666 922/922 920/920
f 920/920 922/922 923/923
f 920/920 923/923 921/921
f 921/921 923/923 168/168
f 921/921 168/168 167/167
f 668/668 670/670 924/924
f 668/668 924/924 922/922
f 922/922 924/924 925/925
f 922/922 925/925 923/923
f 923/923 925/925 169/169
f 923/923 169/169 168/168
f 670/670 672/672 926/926
f 670/670 926/926 924/924
f 924/924 926/926 927/927
f 924/924 927/927 925/925
f 925/925 927/927 170/170
f 925/925 170/170 169/169
f 672/672 674/674 928/928
f 672/672 928/928 926/926
f 926/926 928/928 929/929
f 926/926 929/929 927/927
f 927/927 929/929 171/171
f 927/927 171/171 170/170
f 674/674 676/676 930/930
f 674/674 930/930 928/928
f 928/928 930/930 931/931
f 928/928 931/931 929/929
f 929/929 931/931 172/172
f 929/929 172/172 171/171
f 676/676 678/678 932/932
f 676/676 932/932 930/930
f 930/930 932/932 933/933
f 930/930 933/933 931/931
f 931/931 933/933 173/173
f 931/931 173/173 172/172
f 678/678 680/680 934/934
f 678/678 934/934 932/932
f 932/932 934/934 935/935
f 932/932 935/935 933/933
f 933/933 935/935 174/174
f 933/933 174/174 173/173
f 680/680 682/682 936/936
f 680/680 936/936 934/934
f 934/934 936/936 937/937
f 934/934 937/937 935/935
f 935/935 937/937 175/175
f 935/935 175/175 174/174
f 682/682 684/684 938/938
f 682/682 938/938 936/936
f 936/936 938/938 939/939
f 936/936 939/939 937/937
f 937/937 939/939 176/176
f 937/937 176/176 175/175
f 684/684 686/686 940/940
f 684/684 940/940 938/938
f 938/938 940/940 941/941
f 938/938 941/941 939/939
f 939/939 941/941 177/177
f 939/939 177/177 176/176
f 686/686 111/111 113/113
f 686/686 113/113 940/940
f 940/940 113/113 114/114
f 940/940 114/114 941/941
f 941/941 114/114 115/115
f 941/941 115/115 177/177
f 119/119 942/942 659/659
f 119/119 659/659 662/662
f 117/117 689/689 943/943
f 117/117 943/943 118/118
f 118/118 943/943 942/942
f 118/118 942/942 119/119
f 196/196 944/944 945/945
f 196/196 945/945 197/197
f 197/197 945/945 687/687
f 197/197 687/687 178/178
f 942/942 946/946 663/663
f 942/942 663/663 659/659
f 689/689 692/692 947/947
f 689/689 947/947 943/943
f 943/943 947/947 946/946
f 943/943 946/946 942/942
f 727/727 731/731 948/948
f 727/727 948/948 944/944
f 944/944 948/948 949/949
f 944/944 949/949 945/945
f 945/945 949/949 690/690
f 945/945 690/690 687/687
f 946/946 950/950 665/665
f 946/946 665/665 663/663
f 692/692 695/695 951/951
f 692/692 951/951 947/947
f 947/947 951/951 950/950
f 947/947 950/950 946/946
f 731/731 733/733 952/952
f 731/731 952/952 948/948
f 948/948 952/952 953/953
f 948/948 953/953 949/949
f 949/949 953/953 693/693
f 949/949 693/693 690/690
f 950/950 954/954 667/667
f 950/950 667/667 665/665
f 695/695 698/698 955/955
f 695/695 955/955 951/951
f 951/951 955/955 954/954
f 951/951 954/954 950/950
f 733/733 735/735 956/956
f 733/733 956/956 952/952
f 952/952 956/956 957/957
f 952/952 957/957 953/953
f 953/953 957/957 696/696
f 953/953 696/696 693/693
f 954/954 958/958 669/669
f 954/954 669/669 667/667
f 698/698 701/701 959/959
f 698/698 959/959 955/955
f 955/955 959/959 958/958
f 955/955 958/958 954/954
f 735/735 737/737 960/960
f 735/735 960/960 956/956
f 956/956 960/960 961/961
f 956/956 961/961 957/957
f 957/957 961/961 699/699
f 957/957 699/699 696/696
f 958/958 962/962 671/671
f 958/958 671/671 669/669
f 701/701 704/704 963/963
f 701/701 963/963 959/959
f 959/959 963/963 962/962
f 959/959 962/962 958/958
f 737/737 739/739 964/964
f 737/737 964/964 960/960
f 960/960 964/964 965/965
f 960/960 965/965 961/961
f 961/961 965/965 702/702
f 961/961 702/702 699/699
f 962/962 966/966 673/673
f 962/962 673/673 671/671
f 704/704 707/707 967/967
f 704/704 967/967 963/963
f 963/963 967/967 966/966
f 963/963 966/966 962/962
f 739/739 741/741 968/968
f 739/739 968/968 964/964
f 964/964 968/968 969/969
f 964/964 969/969 965/965
f 965/965 969/969 705/705
f 965/965 705/705 702/702
f 966/966 970/970 675/675
f 966/966 675/675 673/673
f 707/707 710/710 971/971
f 707/707 971/971 967/967
f 967/967 971/971 970/970
f 967/967 970/970 966/966
f 741/741 743/743 972/972
f 741/741 972/972 968/968
f 968/968 972/972 973/973
f 968/968 973/973 969/969
f 969/969 973/973 708/708
f 969/969 708/708 705/705
f 970/970 974/974 677/677
f 970/970 677/677 675/675
f 710/710 713/713 975/975
f 710/710 975/975 971/971
f 971/971 975/975 974/974
f 971/971 974/974 970/970
f 743/743 745/745 976/976
f 743/743 976/976 972/972
f 972/972 976/976 977/977
f 972/972 977/977 973/973
f 973/973 977/977 711/711
f 973/973 711/711 708/708
f 974/974 978/978 679/679
f 974/974 679/679 677/677
f 713/713 716/716 979/979
f 713/713 979/979 975/975
f 975/975 979/979 978/978
f 975/975 978/978 974/974
f 745/745 747/747 980/980
f 745/745 980/980 976/976
f 976/976 980/980 981/981
f 976/976 981/981 977/977
f 977/977 981/981 714/714
f 977/977 714/714 711/711
f 978/978 982/982 681/681
f 978/978 681/681 679/679
f 716/716 719/719 983/983
f 716/716 983/983 979/979
f 979/979 983/983 982/982
f 979/979 982/982 978/978
f 747/747 749/749 984/984
f 747/747 984/984 980/980
f 980/980 984/984 985/985
f 980/980 985/985 981/981
f 981/981 985/985 717/717
f 981/981 717/717 714/714
f 982/982 986/986 683/683
f 982/982 683/683 681/681
f 719/719 722/722 987/987
f 719/719 987/987 983/983
f 983/983 987/987 986/986
f 983/983 986/986 982/982
f 749/749 751/751 988/988
f 749/749 988/988 984/984
f 984/984 988/988 989/989
f 984/984 989/989 985/985
f 985/985 989/989 720/720
f 985/985 720/720 717/717
f 986/986 990/990 685/685
f 986/986 685/685 683/683
f 722/722 725/725 991/991
f 722/722 991/991 987/987
f 987/987 991/991 990/990
f 987/987 990/990 986/986
f 751/751 753/753 992/992
f 751/751 992/992 988/988
f 988/988 992/992 993/993
f 988/988 993/993 989/989
f 989/989 993/993 723/723
f 989/989 723/723 720/720
f 990/990 198/198 199/199
f 990/990 199/199 685/685
f 725/725 181/181 200/200
f 725/725 200/200 991/991
f 991/991 200/200 198/198
f 991/991 198/198 990/990
f 753/753 121/121 123/123
f 753/753 123/123 992/992
f 992/992 123/123 124/124
f 992/992 124/124 993/993
f 993/993 124/124 125/125
f 993/993 125/125 723/723
f 129/129 994/994 726/726
f 129/129 726/726 729/729
f 127/127 756/756 995/995
f 127/127 995/995 128/128
f 128/128 995/995 994/994
f 128/128 994/994 129/129
f 202/202 996/996 997/997
f 202/202 997/997 203/203
f 203/203 997/997 754/754
f 203/203 754/754 182/182
f 994/994 998/998 730/730
f 994/994 730/730 726/726
f 756/756 759/759 999/999
f 756/756 999/999 995/995
f 995/995 999/999 998/998
f 995/995 998/998 994/994
f 823/823 827/827 1000/1000
f 823/823 1000/1000 996/996
f 996/996 1000/1000 1001/1001
f 996/996 1001/1001 997/997
f 997/997 1001/1001 757/757
f 997/997 757/757 754/754
f 998/998 1002/1002 732/732
f 998/998 732/732 730/730
f 759/759 762/762 1003/1003
f 759/759 1003/1003 999/999
f 999/999 1003/1003 1002/1002
f 999/999 1002/1002 998/998
f 827/827 829/829 1004/1004
f 827/827 1004/1004 1000/1000
f 1000/1000 1004/1004 1005/1005
f 1000/1000 1005/1005 1001/1001
f 1001/1001 1005/1005 760/760
f 1001/1001 760/760 757/757
f 1002/1002 1006/1006 734/734
f 1002/1002 734/734 732/732
f 762/762 765/765 1007/1007
f 762/762 1007/1007 1003/1003
f 1003/1003 1007/1007 1006/1006
f 1003/1003 1006/1006 1002/1002
f 829/829 831/831 1008/1008
f 829/829 1008/1008 1004/1004
f 1004/1004 1008/1008 1009/1009
f 1004/1004 1009/1009 1005/1005
f 1005/1005 1009/1009 763/763
f 1005/1005 763/763 760/760
f 1006/1006 1010/1010 736/736
f 1006/1006 736/736 734/734
f 765/765 768/768 1011/1011
f 765/765 1011/1011 1007/1007
f 1007/1007 1011/1011 1010/1010
f 1007/1007 1010/1010 1006/1006
f 831/831 833/833 1012/1012
f 831/831 1012/1012 1008/1008
f 1008/1008 1012/1012 1013/1013
f 1008/1008 1013/1013 1009/1009
f 1009/1009 1013/1013 766/766
f 1009/1009 766/766 763/763
f 1010/1010 1014/1014 738/738
f 1010/1010 738/738 736/736
f 768/768 771/771 1015/1015
f 768/768 1015/1015 1011/1011
f 1011/1011 1015/1015 1014/1014
f 1011/1011 1014/1014 1010/1010
f 833/833 835/835 1016/1016
f 833/833 1016/1016 1012/1012
f 1012/1012 1016/1016 1017/1017
f 1012/1012 1017/1017 1013/1013
f 1013/1013 1017/1017 769/769
f 1013/1013 769/769 766/766
f 1014/1014 1018/1018 740/740
f 1014/1014 740/740 738/738
f 771/771 774/774 1019/1019
f 771/771 1019/1019 1015/1015
f 1015/1015 1019/1019 1018/1018
f 1015/1015 1018/1018 1014/1014
f 835/835 837/837 1020/1020
f 835/835 1020/1020 1016/1016
f 1016/1016 1020/1020 1021/1021
f 1016/1016 1021/1021 1017/1017
f 1017/1017 1021/1021 772/772
f 1017/1017 772/772 769/769
f 1018/1018 1022/1022 742/742
f 1018/1018 742/742 740/740
f 774/774 777/777 1023/1023
f 774/774 1023/1023 1019/1019
f 1019/1019 1023/1023 1022/1022
f 1019/1019 1022/1022 1018/1018
f 837/837 839/839 1024/1024
f 837/837 1024/1024 1020/1020
f 1020/1020 1024/1024 1025/1025
f 1020/1020 1025/1025 1021/1021
f 1021/1021 1025/1025 775/775
f 1021/1021 775/775 772/772
f 1022/1022 1026/1026 744/744
f 1022/1022 744/744 742/742
f 777/777 780/780 1027/1027
f 777/777 1027/1027 1023/1023
f 1023/1023 1027/1027 1026/1026
f 1023/1023 1026/1026 1022/1022
f 839/839 841/841 1028/1028
f 839/839 1028/1028 1024/1024
f 1024/1024 1028/1028 1029/1029
f 1024/1024 1029/1029 1025/1025
f 1025/1025 1029/1029 778/778
f 1025/1025 778/778 775/775
f 1026/1026 1030/1030 746/746
f 1026/1026 746/746 744/744
f 780/780 783/783 1031/1031
f 780/780 1031/1031 1027/1027
f 1027/1027 1031/1031 1030/1030
f 1027/1027 1030/1030 1026/1026
f 841/841 843/843 1032/1032
f 841/841 1032/1032 1028/1028
f 1028/1028 1032/1032 1033/1033
f 1028/1028 1033/1033 1029/1029
f 1029/1029 1033/1033 781/781
f 1029/1029 781/781 778/778
f 1030/1030 1034/1034 748/748
f 1030/1030 748/748 746/746
f 783/783 786/786 1035/1035
f 783/783 1035/1035 1031/1031
f 1031/1031 1035/1035 1034/1034
f 1031/1031 1034/1034 1030/1030
f 843/843 845/845 1036/1036
f 843/843 1036/1036 1032/1032
f 1032/1032 1036/1036 1037/1037
f 1032/1032 1037/1037 1033/1033
f 1033/1033 1037/1037 784/784
f 1033/1033 784/784 781/781
f 1034/1034 1038/1038 750/750
f 1034/1034 750/750 748/748
f 786/786 789/789 1039/1039
f 786/786 1039/1039 1035/1035
f 1035/1035 1039/1039 1038/1038
f 1035/1035 1038/1038 1034/1034
f 845/845 847/847 1040/1040
f 845/845 1040/1040 1036/1036
f 1036/1036 1040/1040 1041/1041
f 1036/1036 1041/1041 1037/1037
f 1037/1037 1041/1041 787/787
f 1037/1037 787/787 784/784
f 1038/1038 1042/1042 752/752
f 1038/1038 752/752 750/750
f 789/789 792/792 1043/1043
f 789/789 1043/1043 1039/1039
f 1039/1039 1043/1043 1042/1042
f 1039/1039 1042/1042 1038/1038
f 847/847 849/849 1044/1044
f 847/847 1044/1044 1040/1040
f 1040/1040 1044/1044 1045/1045
f 1040/1040 1045/1045 1041/1041
f 1041/1041 1045/1045 790/790
f 1041/1041 790/790 787/787
f 1042/1042 204/204 205/205
f 1042/1042 205/205 752/752
f 792/792 185/185 206/206
f 792/792 206/206 1043/1043
f 1043/1043 206/206 204/204
f 1043/1043 204/204 1042/1042
f 849/849 131/131 133/133
f 849/849 133/133 1044/1044
f 1044/1044 133/133 134/134
f 1044/1044 134/134 1045/1045
f 1045/1045 134/134 135/135
f 1045/1045 135/135 790/790
f 139/139 1046/1046 822/822
f 139/139 822/822 825/825
f 137/137 852/852 1047/1047
f 137/137 1047/1047 138/138
f 138/138 1047/1047 1046/1046
f 138/138 1046/1046 139/139
f 208/208 1048/1048 1049/1049
f 208/208 1049/1049 209/209
f 209/209 1049/1049 850/850
f 209/209 850/850 186/186
f 1046/1046 1050/1050 826/826
f 1046/1046 826/826 822/822
f 852/852 855/855 1051/1051
f 852/852 1051/1051 1047/1047
f 1047/1047 1051/1051 1050/1050
f 1047/1047 1050/1050 1046/1046
f 795/795 799/799 1052/1052
f 795/795 1052/1052 1048/1048
f 1048/1048 1052/1052 1053/1053
f 1048/1048 1053/1053 1049/1049
f 1049/1049 1053/1053 853/853
f 1049/1049 853/853 850/850
f 1050/1050 1054/1054 828/828
f 1050/1050 828/828 826/826
f 855/855 858/858 1055/1055
f 855/855 1055/1055 1051/1051
f 1051/1051 1055/1055 1054/1054
f 1051/1051 1054/1054 1050/1050
f 799/799 801/801 1056/1056
f 799/799 1056/1056 1052/1052
f 1052/1052 1056/1056 1057/1057
f 1052/1052 1057/1057 1053/1053
f 1053/1053 1057/1057 856/856
f 1053/1053 856/856 853/853
f 1054/1054 1058/1058 830/830
f 1054/1054 830/830 828/828
f 858/858 861/861 1059/1059
f 858/858 1059/1059 1055/1055
f 1055/1055 1059/1059 1058/1058
f 1055/1055 1058/1058 1054/1054
f 801/801 803/803 1060/1060
f 801/801 1060/1060 1056/1056
f 1056/1056 1060/1060 1061/1061
f 1056/1056 1061/1061 1057/1057
f 1057/1057 1061/1061 859/859
f 1057/1057 859/859 856/856
f 1058/1058 1062/1062 832/832
f 1058/1058 832/832 830/830
f 861/861 864/864 1063/1063
f 861/861 1063/1063 1059/1059
f 1059/1059 1063/1063 1062/1062
f 1059/1059 1062/1062 1058/1058
f 803/803 805/805 1064/1064
f 803/803 1064/1064 1060/1060
f 1060/1060 1064/1064 1065/1065
f 1060/1060 1065/1065 1061/1061
f 1061/1061 1065/1065 862/862
f 1061/1061 862/862 859/859
f 1062/1062 1066/1066 834/834
f 1062/1062 834/834 832/832
f 864/864 867/867 1067/1067
f 864/864 1067/1067 1063/1063
f 1063/1063 1067/1067 1066/1066
f 1063/1063 1066/1066 1062/1062
f 805/805 807/807 1068/1068
f 805/805 1068/1068 1064/1064
f 1064/1064 1068/1068 1069/1069
f 1064/1064 1069/1069 1065/1065
f 1065/1065 1069/1069 865/865
f 1065/1065 865/865 862/862
f 1066/1066 1070/1070 836/836
f 1066/1066 836/836 834/834
f 867/867 870/870 1071/1071
f 867/867 1071/1071 1067/1067
f 1067/1067 1071/1071 1070/1070
f 1067/1067 1070/1070 1066/1066
f 807/807 809/809 1072/1072
f 807/807 1072/1072 1068/1068
f 1068/1068 1072/1072 1073/1073
f 1068/1068 1073/1073 1069/1069
f 1069/1069 1073/1073 868/868
f 1069/1069 868/868 865/865
f 1070/1070 1074/1074 838/838
f 1070/1070 838/838 836/836
f 870/870 873/873 1075/1075
f 870/870 1075/1075 1071/1071
f 1071/1071 1075/1075 1074/1074
f 1071/1071 1074/1074 1070/1070
f 809/809 811/811 1076/1076
f 809/809 1076/1076 1072/1072
f 1072/1072 1076/1076 1077/1077
f 1072/1072 1077/1077 1073/1073
f 1073/1073 1077/1077 871/871
f 1073/1073 871/871 868/868
f 1074/1074 1078/1078 840/840
f 1074/1074 840/840 838/838
f 873/873 876/876 1079/1079
f 873/873 1079/1079 1075/1075
f 1075/1075 1079/1079 1078/1078
f 1075/1075 1078/1078 1074/1074
f 811/811 813/813 1080/1080
f 811/811 1080/1080 1076/1076
f 1076/1076 1080/1080 1081/1081
f 1076/1076 1081/1081 1077/1077
f 1077/1077 1081/1081 874/874
f 1077/1077 874/874 871/871
f 1078/1078 1082/1082 842/842
f 1078/1078 842/842 840/840
f 876/876 879/879 1083/1083
f 876/876 1083/1083 1079/1079
f 1079/1079 1083/1083 1082/1082
f 1079/1079 1082/1082 1078/1078
f 813/813 815/815 1084/1084
f 813/813 1084/1084 1080/1080
f 1080/1080 1084/1084 1085/1085
f 1080/1080 1085/1085 1081/1081
f 1081/1081 1085/1085 877/877
f 1081/1081 877/877 874/874
f 1082/1082 1086/1086 844/844
f 1082/1082 844/844 842/842
f 879/879 882/882 1087/1087
f 879/879 1087/1087 1083/1083
f 1083/1083 1087/1087 1086/1086
f 1083/1083 1086/1086 1082/1082
f 815/815 817/817 1088/1088
f 815/815 1088/1088 1084/1084
f 1084/1084 1088/1088 1089/1089
f 1084/1084 1089/1089 1085/1085
f 1085/1085 1089/1089 880/880
f 1085/1085 880/880 877/877
f 1086/1086 1090/1090 846/846
f 1086/1086 846/846 844/844
f 882/882 885/885 1091/1091
f 882/882 1091/1091 1087/1087
f 1087/1087 1091/1091 1090/1090
f 1087/1087 1090/1090 1086/1086
f 817/817 819/819 1092/1092
f 817/817 1092/1092 1088/1088
f 1088/1088 1092/1092 1093/1093
f 1088/1088 1093/1093 1089/1089
f 1089/1089 1093/1093 883/883
f 1089/1089 883/883 880/880
f 1090/1090 1094/1094 848/848
f 1090/1090 848/848 846/846
f 885/885 888/888 1095/1095
f 885/885 1095/1095 1091/1091
f 1091/1091 1095/1095 1094/1094
f 1091/1091 1094/1094 1090/1090
f 819/819 821/821 1096/1096
f 819/819 1096/1096 1092/1092
f 1092/1092 1096/1096 1097/1097
f 1092/1092 1097/1097 1093/1093
f 1093/1093 1097/1097 886/886
f 1093/1093 886/886 883/883
f 1094/1094 210/210 211/211
f 1094/1094 211/211 848/848
f 888/888 189/189 212/212
f 888/888 212/212 1095/1095
f 1095/1095 212/212 210/210
f 1095/1095 210/210 1094/1094
f 821/821 141/141 143/143
f 821/821 143/143 1096/1096
f 1096/1096 143/143 144/144
f 1096/1096 144/144 1097/1097
f 1097/1097 144/144 145/145
f 1097/1097 145/145 886/886
f 728/728 727/727 944/944
f 728/728 944/944 196/196
f 796/796 795/795 1048/1048
f 796/796 1048/1048 208/208
f 824/824 823/823 996/996
f 824/824 996/996 202/202
f 658/658 120/120 1098/1098
f 658/658 1098/1098 915/915
f 915/915 1098/1098 662/662
f 915/915 662/662 661/661
f 195/195 130/130 129/129
f 195/195 129/129 1099/1099
f 1099/1099 129/129 729/729
f 1099/1099 729/729 728/728
f 797/797 796/796 1100/1100
f 797/797 1100/1100 1101/1101
f 1101/1101 1100/1100 207/207
f 1101/1101 207/207 793/793
f 201/201 140/140 1102/1102
f 201/201 1102/1102 202/202
f 202/202 1102/1102 825/825
f 202/202 825/825 824/824
f 119/119 662/662 1098/1098
f 119/119 1098/1098 120/120
f 196/196 195/195 1099/1099
f 196/196 1099/1099 728/728
f 208/208 207/207 1100/1100
f 208/208 1100/1100 796/796
f 139/139 825/825 1102/1102
f 139/139 1102/1102 140/140
f 1/1 1103/1103 4/4
f 1103/1103 1/1 348/348
f 1103/1103 348/348 655/655
f 655/655 350/350 1103/1103
f 1103/1103 445/445 4/4
f 445/445 1103/1103 349/349
f 349/349 1103/1103 350/350
f 88/88 216/216 470/470
f 216/216 88/88 217/217
f 217/217 88/88 472/472
f 110/110 793/793 107/107
f 793/793 110/110 1104/1104
f 793/793 1104/1104 1101/1101
f 1104/1104 797/797 1101/1101
f 797/797 1104/1104 794/794
f 794/794 1104/1104 890/890
f 890/890 1104/1104 110/110
f 193/193 660/660 916/916
f 660/660 193/193 661/661
f 661/661 193/193 915/915

