# https://github.com/mikedh/trimesh
v -0.02684696 1.37379078 0.52082910
v -0.00796908 1.35179812 0.53682897
v -0.01264938 1.35611438 0.52564506
v -0.01514718 1.34863835 0.54214713
v -0.62284759 1.34748195 -0.13663215
v -0.63265306 1.34863852 -0.13363550
v -0.62216116 1.37244547 -0.10202393
v -0.63983116 1.35179812 -0.12544822
v -0.64265834 1.35806720 -0.11426438
v -0.48317934 1.37379078 0.52214369
v -0.49856115 1.34832395 0.53853649
v -0.49344160 1.34924397 0.52818342
v -0.50668361 1.34739741 0.54256581
v -0.50529907 1.35629531 0.53934673
v -0.44991686 1.34748195 -0.13663215
v -0.45967560 1.34770168 -0.13415935
v -0.48317934 1.37379078 -0.11012686
v -0.46779758 1.34832404 -0.12715589
v -0.47291713 1.34924397 -0.11680260
v -0.32390014 1.37379078 0.52214369
v -0.33793507 1.34834627 0.53828569
v -0.33302092 1.34928388 0.52773453
v -0.34937915 1.34747483 0.54256581
v -0.34510154 1.35629531 0.53934673
v -0.29201853 1.34748195 -0.13663215
v -0.30180385 1.34770795 -0.13408852
v -0.32390014 1.37379078 -0.11012686
v -0.30986522 1.34834627 -0.12690490
v -0.31477937 1.34928397 -0.11635382
v -0.16462094 1.37379078 0.52214369
v -0.17878978 1.34834412 0.53831084
v -0.17385471 1.34927976 0.52777967
v -0.18687737 1.34755191 0.54256581
v -0.18591373 1.35629531 0.53934673
v -0.13260189 1.34748195 -0.13663215
v -0.14238446 1.34770735 -0.13409560
v -0.16462094 1.37379078 -0.11012678
v -0.15045203 1.34834412 -0.12693028
v -0.15538712 1.34927985 -0.11639883
v -0.01777760 1.37379078 0.20571950
v -0.00534172 1.33311673 0.51002834
v -0.00534172 1.30973379 0.48204994
v -0.00534172 1.28808892 0.44228553
v -0.00534172 1.26981042 0.39242760
v -0.00534172 1.25602412 0.33468947
v -0.00534172 1.24746921 0.27155877
v -0.00534172 1.24457105 0.20569019
v -0.00534172 1.24746929 0.13982158
v -0.00534172 1.25602412 0.07669092
v -0.00534172 1.26981068 0.01895283
v -0.00534172 1.28808892 -0.03090497
v -0.00534172 1.30973388 -0.07066943
v -0.00534172 1.33311682 -0.09864800
v -0.01264938 1.35619789 -0.11429066
v -0.02723311 1.37379078 -0.10202402
v -0.64265834 1.35806720 0.52567133
v -0.62254731 1.37244547 0.52082910
v -0.64200036 1.37244555 0.20571942
v -0.64245857 1.33311673 0.51002834
v -0.64245857 1.30973379 0.48204994
v -0.64245857 1.28808892 0.44228544
v -0.64245857 1.26981042 0.39242760
v -0.64245857 1.25602412 0.33468947
v -0.64245857 1.24746921 0.27155877
v -0.64245857 1.24457105 0.20569019
v -0.64245857 1.24746929 0.13982158
v -0.64245857 1.25602412 0.07669092
v -0.64245857 1.26981068 0.01895283
v -0.64245857 1.28808892 -0.03090497
v -0.64245857 1.30973388 -0.07066943
v -0.64245857 1.33311682 -0.09864800
v -0.47291713 1.34924397 0.52818342
v -0.48317934 1.35243636 0.49225581
v -0.48317934 1.35243636 -0.08087517
v -0.49344160 1.34924397 -0.11680252
v -0.31477937 1.34928388 0.52773453
v -0.32390014 1.35243636 0.49225581
v -0.32390014 1.35243636 -0.08087517
v -0.33302092 1.34928397 -0.11635382
v -0.15538712 1.34927976 0.52777967
v -0.16462094 1.35243636 0.49225581
v -0.16462094 1.35243636 -0.08087517
v -0.17385471 1.34927985 -0.11639883
v -0.01515075 1.34864968 -0.13363900
v -0.02495982 1.34748195 -0.13663215
v -0.00797002 1.35184001 -0.12546146
v -0.63983022 1.35184001 0.53684211
v -0.63252049 1.34820894 0.54256581
v -0.45967513 1.34739741 0.54256581
v -0.46105962 1.35629531 0.53934673
v -0.46779758 1.34832395 0.53853649
v -0.50668309 1.34770168 -0.13415935
v -0.51644187 1.34748195 -0.13663215
v -0.49856110 1.34832404 -0.12715589
v -0.30269874 1.35629531 0.53934673
v -0.29842113 1.34747500 0.54256581
v -0.30986522 1.34834627 0.53828569
v -0.34599644 1.34770795 -0.13408852
v -0.35578176 1.34748195 -0.13663215
v -0.33793507 1.34834627 -0.12690490
v -0.14236446 1.34755242 0.54256581
v -0.14332808 1.35629531 0.53934673
v -0.15045203 1.34834412 0.53831084
v -0.18685737 1.34770735 -0.13409560
v -0.19663999 1.34748195 -0.13663215
v -0.17878978 1.34834412 -0.12693028
v 0.02684689 1.37379078 0.52082910
v 0.01264930 1.35611438 0.52564506
v 0.00796899 1.35179812 0.53682897
v 0.01514710 1.34863835 0.54214713
v 0.62284754 1.34748195 -0.13663215
v 0.62216107 1.37244547 -0.10202393
v 0.63265301 1.34863852 -0.13363550
v 0.63983103 1.35179812 -0.12544822
v 0.64265830 1.35806720 -0.11426438
v 0.48317930 1.37379078 0.52214369
v 0.49344148 1.34924397 0.52818342
v 0.49856102 1.34832395 0.53853649
v 0.50668352 1.34739741 0.54256581
v 0.50529898 1.35629531 0.53934673
v 0.44991673 1.34748195 -0.13663215
v 0.48317930 1.37379078 -0.11012686
v 0.45967551 1.34770168 -0.13415935
v 0.46779750 1.34832404 -0.12715589
v 0.47291704 1.34924397 -0.11680260
v 0.32390003 1.37379078 0.52214369
v 0.33302083 1.34928388 0.52773453
v 0.33793498 1.34834627 0.53828569
v 0.34937905 1.34747483 0.54256581
v 0.34510150 1.35629531 0.53934673
v 0.29201844 1.34748195 -0.13663215
v 0.32390003 1.37379078 -0.11012686
v 0.30180374 1.34770795 -0.13408852
v 0.30986513 1.34834627 -0.12690490
v 0.31477928 1.34928397 -0.11635382
v 0.16462085 1.37379078 0.52214369
v 0.17385460 1.34927976 0.52777967
v 0.17878970 1.34834412 0.53831084
v 0.18687727 1.34755191 0.54256581
v 0.18591364 1.35629531 0.53934673
v 0.13260180 1.34748195 -0.13663215
v 0.16462085 1.37379078 -0.11012678
v 0.14238435 1.34770735 -0.13409560
v 0.15045192 1.34834412 -0.12693028
v 0.15538702 1.34927985 -0.11639883
v 0.01777751 1.37379078 0.20571950
v 0.00534163 1.33311673 0.51002834
v 0.00534163 1.30973379 0.48204994
v 0.00534163 1.28808892 0.44228553
v 0.00534163 1.26981042 0.39242760
v 0.00534163 1.25602412 0.33468947
v 0.00534163 1.24746921 0.27155877
v 0.00534163 1.24457105 0.20569019
v 0.00534163 1.24746929 0.13982158
v 0.00534163 1.25602412 0.07669092
v 0.00534163 1.26981068 0.01895283
v 0.00534163 1.28808892 -0.03090497
v 0.00534163 1.30973388 -0.07066943
v 0.00534163 1.33311682 -0.09864800
v 0.01264930 1.35619789 -0.11429066
v 0.02723305 1.37379078 -0.10202402
v 0.64265830 1.35806720 0.52567133
v 0.64200032 1.37244555 0.20571942
v 0.62254722 1.37244547 0.52082910
v 0.64245848 1.33311673 0.51002834
v 0.64245848 1.30973379 0.48204994
v 0.64245848 1.28808892 0.44228544
v 0.64245848 1.26981042 0.39242760
v 0.64245848 1.25602412 0.33468947
v 0.64245848 1.24746921 0.27155877
v 0.64245848 1.24457105 0.20569019
v 0.64245848 1.24746929 0.13982158
v 0.64245848 1.25602412 0.07669092
v 0.64245848 1.26981068 0.01895283
v 0.64245848 1.28808892 -0.03090497
v 0.64245848 1.30973388 -0.07066943
v 0.64245848 1.33311682 -0.09864800
v 0.47291704 1.34924397 0.52818342
v 0.48317930 1.35243636 0.49225581
v 0.48317930 1.35243636 -0.08087517
v 0.49344148 1.34924397 -0.11680252
v 0.31477928 1.34928388 0.52773453
v 0.32390003 1.35243636 0.49225581
v 0.32390003 1.35243636 -0.08087517
v 0.33302083 1.34928397 -0.11635382
v 0.15538702 1.34927976 0.52777967
v 0.16462085 1.35243636 0.49225581
v 0.16462085 1.35243636 -0.08087517
v 0.17385460 1.34927985 -0.11639883
v 0.01515066 1.34864968 -0.13363900
v 0.02495974 1.34748195 -0.13663215
v 0.00796994 1.35184001 -0.12546146
v 0.63252040 1.34820894 0.54256581
v 0.63983017 1.35184001 0.53684211
v 0.46105953 1.35629531 0.53934673
v 0.45967500 1.34739741 0.54256581
v 0.46779750 1.34832395 0.53853649
v 0.50668300 1.34770168 -0.13415935
v 0.51644178 1.34748195 -0.13663215
v 0.49856102 1.34832404 -0.12715589
v 0.30269865 1.35629531 0.53934673
v 0.29842102 1.34747500 0.54256581
v 0.30986513 1.34834627 0.53828569
v 0.34599637 1.34770795 -0.13408852
v 0.35578167 1.34748195 -0.13663215
v 0.33793498 1.34834627 -0.12690490
v 0.14332798 1.35629531 0.53934673
v 0.14236436 1.34755242 0.54256581
v 0.15045192 1.34834412 0.53831084
v 0.18685727 1.34770735 -0.13409560
v 0.19663991 1.34748195 -0.13663215
v 0.17878970 1.34834412 -0.12693028
v -0.62274013 1.35602649 0.53870832
v -0.51630484 1.31823283 0.52815098
v -0.51639406 1.33727712 0.54108326
v -0.62284299 1.33705833 0.54093460
v -0.62284759 1.31823283 0.52815098
v -0.51593487 1.29127667 0.49589735
v -0.62284759 1.29127667 0.49589735
v -0.51553987 1.26764963 0.45249105
v -0.62284759 1.26764963 0.45249105
v -0.51520852 1.24825936 0.39960038
v -0.62284759 1.24825936 0.39960038
v -0.51495936 1.23385097 0.33925780
v -0.62284759 1.23385097 0.33925780
v -0.51483593 1.22497839 0.27378247
v -0.62284759 1.22497839 0.27378247
v -0.51467994 1.22198247 0.20569019
v -0.62284759 1.22198247 0.20569019
v -0.51473736 1.22497839 0.13759805
v -0.62284759 1.22497839 0.13759805
v -0.51495936 1.23385097 0.07212258
v -0.62284759 1.23385097 0.07212258
v -0.51520852 1.24825936 0.01178000
v -0.62284759 1.24825936 0.01178000
v -0.51553987 1.26764963 -0.04111080
v -0.62284759 1.26764963 -0.04111080
v -0.51593487 1.29127693 -0.08451683
v -0.62284759 1.29127693 -0.08451683
v -0.51630484 1.31823292 -0.11677057
v -0.62284759 1.31823292 -0.11677057
v -0.48317934 1.32795135 0.47562903
v -0.47347125 1.32202723 0.50764448
v -0.49274556 1.32211384 0.50717662
v -0.48317934 1.30538578 0.44862867
v -0.47408146 1.29732602 0.47563084
v -0.49199776 1.29757356 0.47480137
v -0.48317934 1.28560704 0.41229242
v -0.47483107 1.27619408 0.43336386
v -0.49129391 1.27645758 0.43277394
v -0.48317934 1.26937491 0.36801658
v -0.47545707 1.25913652 0.38333075
v -0.49072708 1.25936783 0.38298468
v -0.48317934 1.25731347 0.31750247
v -0.47592202 1.24662197 0.32741600
v -0.49032230 1.24679054 0.32725962
v -0.48317934 1.24988611 0.26269160
v -0.47622448 1.23900922 0.26753485
v -0.49007760 1.23909762 0.26749554
v -0.48317934 1.24737805 0.20569019
v -0.47637267 1.23652433 0.20569019
v -0.48998602 1.23652433 0.20569019
v -0.48317934 1.24988611 0.14868888
v -0.47628109 1.23909762 0.14388502
v -0.49013420 1.23900922 0.14384554
v -0.48317934 1.25731347 0.09387800
v -0.47603639 1.24679054 0.08412068
v -0.49043671 1.24662206 0.08396443
v -0.48317934 1.26937491 0.04336398
v -0.47563156 1.25936791 0.02839580
v -0.49090166 1.25913652 0.02804973
v -0.48317934 1.28560713 -0.00091195
v -0.47506474 1.27645758 -0.02139364
v -0.49152762 1.27619408 -0.02198338
v -0.48317934 1.30538587 -0.03724820
v -0.47436093 1.29757364 -0.06342090
v -0.49227722 1.29732611 -0.06425023
v -0.48317934 1.32795135 -0.06424847
v -0.47361313 1.32211392 -0.09579614
v -0.49288744 1.32202749 -0.09626405
v -0.35566052 1.31823283 0.52815098
v -0.35573946 1.33727712 0.54108326
v -0.44996463 1.33727712 0.54108326
v -0.45005385 1.31823283 0.52815098
v -0.35529840 1.29127667 0.49589735
v -0.45042382 1.29127667 0.49589735
v -0.35490253 1.26764963 0.45249105
v -0.45081881 1.26764963 0.45249105
v -0.35456459 1.24825936 0.39960038
v -0.45115016 1.24825936 0.39960038
v -0.35430654 1.23385097 0.33925780
v -0.45139933 1.23385097 0.33925789
v -0.35417986 1.22497839 0.27378247
v -0.45162129 1.22497839 0.27378247
v -0.35401107 1.22198247 0.20569019
v -0.45167875 1.22198247 0.20569019
v -0.35407040 1.22497839 0.13759805
v -0.45152271 1.22497839 0.13759805
v -0.35430656 1.23385097 0.07212258
v -0.45139929 1.23385097 0.07212258
v -0.35456459 1.24825936 0.01178000
v -0.45115016 1.24825936 0.01178000
v -0.35490253 1.26764963 -0.04111080
v -0.45081881 1.26764963 -0.04111080
v -0.35529838 1.29127693 -0.08451683
v -0.45042382 1.29127693 -0.08451683
v -0.35566054 1.31823292 -0.11677057
v -0.45005385 1.31823292 -0.11677057
v -0.32390014 1.32795135 0.47562912
v -0.31530851 1.32212611 0.50711053
v -0.33235386 1.32221967 0.50660516
v -0.32390014 1.30538578 0.44862867
v -0.31589377 1.29750489 0.47503122
v -0.33163100 1.29777612 0.47412262
v -0.32390014 1.28560704 0.41229242
v -0.31662457 1.27649217 0.43269644
v -0.33094182 1.27678519 0.43204043
v -0.32390014 1.26937491 0.36801658
v -0.31724365 1.25956910 0.38268375
v -0.33037959 1.25982994 0.38229365
v -0.32390014 1.25731347 0.31750247
v -0.31770928 1.24717979 0.32689870
v -0.32997376 1.24737179 0.32672077
v -0.32390014 1.24988611 0.26269160
v -0.31801507 1.23965964 0.26724517
v -0.32972682 1.23976118 0.26720011
v -0.32390014 1.24737805 0.20569019
v -0.31816573 1.23721845 0.20569019
v -0.32963455 1.23721845 0.20569019
v -0.32390014 1.24988611 0.14868888
v -0.31807346 1.23976118 0.14418045
v -0.32978521 1.23965982 0.14413530
v -0.32390014 1.25731347 0.09387800
v -0.31782650 1.24737187 0.08465966
v -0.33009102 1.24717979 0.08448169
v -0.32390014 1.26937491 0.04336398
v -0.31742070 1.25982994 0.02908690
v -0.33055663 1.25956910 0.02869663
v -0.32390014 1.28560713 -0.00091195
v -0.31685848 1.27678536 -0.02065996
v -0.33117573 1.27649225 -0.02131592
v -0.32390014 1.30538587 -0.03724820
v -0.31616931 1.29777629 -0.06274206
v -0.33190651 1.29750515 -0.06365075
v -0.32390014 1.32795144 -0.06424847
v -0.31544642 1.32221975 -0.09522468
v -0.33249179 1.32212620 -0.09572997
v -0.02557810 1.35616828 0.53903757
v -0.02495265 1.31823283 0.52815098
v -0.02495265 1.33717275 0.54101236
v -0.13264474 1.33727712 0.54108326
v -0.13272478 1.31823283 0.52815098
v -0.02495265 1.29127667 0.49589735
v -0.13308788 1.29127667 0.49589735
v -0.02495265 1.26764963 0.45249105
v -0.13348384 1.26764963 0.45249105
v -0.02495265 1.24825936 0.39960038
v -0.13382120 1.24825936 0.39960038
v -0.02495265 1.23385097 0.33925780
v -0.13407845 1.23385097 0.33925780
v -0.02495265 1.22497839 0.27378247
v -0.13431318 1.22497839 0.27378247
v -0.02495265 1.22198247 0.20569019
v -0.13437234 1.22198247 0.20569019
v -0.02495265 1.22497839 0.13759805
v -0.13420488 1.22497839 0.13759805
v -0.02495265 1.23385097 0.07212258
v -0.13407845 1.23385097 0.07212258
v -0.02495265 1.24825936 0.01178000
v -0.13382124 1.24825936 0.01178000
v -0.02495265 1.26764963 -0.04111080
v -0.13348384 1.26764963 -0.04111080
v -0.02495265 1.29127693 -0.08451683
v -0.13308793 1.29127693 -0.08451683
v -0.02495265 1.31823292 -0.11677057
v -0.13272480 1.31823292 -0.11677057
v -0.19651704 1.31823283 0.52815098
v -0.19659710 1.33727712 0.54108326
v -0.29206082 1.33727712 0.54108326
v -0.29213974 1.31823283 0.52815098
v -0.19615395 1.29127667 0.49589735
v -0.29250188 1.29127667 0.49589735
v -0.19575800 1.26764963 0.45249105
v -0.29289775 1.26764963 0.45249105
v -0.19542062 1.24825936 0.39960038
v -0.29323569 1.24825936 0.39960038
v -0.19516338 1.23385097 0.33925780
v -0.29349374 1.23385097 0.33925780
v -0.19503695 1.22497839 0.27378247
v -0.29372988 1.22497839 0.27378247
v -0.19486950 1.22198247 0.20569019
v -0.29378921 1.22198247 0.20569019
v -0.19492868 1.22497839 0.13759805
v -0.29362043 1.22497839 0.13759805
v -0.19516338 1.23385097 0.07212258
v -0.29349372 1.23385097 0.07212258
v -0.19542062 1.24825936 0.01178009
v -0.29323569 1.24825936 0.01178009
v -0.19575802 1.26764963 -0.04111062
v -0.29289775 1.26764963 -0.04111062
v -0.19615395 1.29127693 -0.08451675
v -0.29250190 1.29127693 -0.08451675
v -0.19651704 1.31823292 -0.11677031
v -0.29213974 1.31823292 -0.11677031
v -0.16462094 1.32795135 0.47562912
v -0.15591900 1.32211615 0.50716434
v -0.17318448 1.32220885 0.50666283
v -0.16462094 1.30538578 0.44862876
v -0.15650709 1.29748695 0.47509165
v -0.17245870 1.29775569 0.47419145
v -0.16462094 1.28560704 0.41229242
v -0.15724019 1.27646213 0.43276407
v -0.17176767 1.27675198 0.43211502
v -0.16462094 1.26937491 0.36801658
v -0.15786031 1.25952498 0.38274959
v -0.17120465 1.25978273 0.38236404
v -0.16462094 1.25731347 0.31750247
v -0.15832612 1.24712297 0.32695157
v -0.17079871 1.24731248 0.32677588
v -0.16462094 1.24988611 0.26269160
v -0.15863176 1.23959313 0.26727478
v -0.17055186 1.23969329 0.26723024
v -0.16462094 1.24737805 0.20569019
v -0.15878224 1.23714721 0.20569019
v -0.17045957 1.23714721 0.20569019
v -0.16462094 1.24988611 0.14868888
v -0.15868997 1.23969329 0.14415019
v -0.17061010 1.23959321 0.14410560
v -0.16462094 1.25731347 0.09387800
v -0.15844313 1.24731248 0.08460434
v -0.17091574 1.24712297 0.08442890
v -0.16462094 1.26937491 0.04336398
v -0.15803719 1.25978282 0.02901644
v -0.17138154 1.25952507 0.02863089
v -0.16462094 1.28560713 -0.00091195
v -0.15747416 1.27675198 -0.02073476
v -0.17200167 1.27646213 -0.02138369
v -0.16462094 1.30538587 -0.03724820
v -0.15678312 1.29775578 -0.06281085
v -0.17273477 1.29748704 -0.06371117
v -0.16462094 1.32795135 -0.06424847
v -0.15605738 1.32220911 -0.09528228
v -0.17332286 1.32211624 -0.09578366
v -0.00796908 1.32567478 0.51908974
v -0.01514718 1.32022694 0.52572317
v -0.01514718 1.29374963 0.49404203
v -0.00796908 1.30050536 0.48897373
v -0.01514718 1.27038797 0.45112386
v -0.00796908 1.27786923 0.44738833
v -0.01514718 1.25114662 0.39863942
v -0.00796908 1.25903489 0.39601403
v -0.01514718 1.23682165 0.33864575
v -0.00796908 1.24493763 0.33697359
v -0.01514718 1.22799165 0.27348455
v -0.00796908 1.23622384 0.27267062
v -0.01514718 1.22500878 0.20569019
v -0.00796908 1.23327676 0.20569019
v -0.01514718 1.22799165 0.13789592
v -0.00796908 1.23622384 0.13870981
v -0.01514718 1.23682165 0.07273464
v -0.00796908 1.24493763 0.07440684
v -0.01514718 1.25114671 0.01274096
v -0.00796908 1.25903506 0.01536644
v -0.01514718 1.27038797 -0.03974338
v -0.00796908 1.27786923 -0.03600786
v -0.01514718 1.29374963 -0.08266156
v -0.00796908 1.30050536 -0.07759309
v -0.01514718 1.32022694 -0.11434252
v -0.00796908 1.32567487 -0.10770910
v -0.62281270 1.34779893 0.54256581
v -0.63983116 1.32567478 0.51908974
v -0.63265306 1.32022694 0.52572317
v -0.63265306 1.29374963 0.49404203
v -0.63983116 1.30050536 0.48897373
v -0.63265306 1.27038797 0.45112377
v -0.63983116 1.27786923 0.44738833
v -0.63265306 1.25114662 0.39863942
v -0.63983116 1.25903489 0.39601403
v -0.63265306 1.23682165 0.33864575
v -0.63983116 1.24493763 0.33697359
v -0.63265306 1.22799165 0.27348455
v -0.63983116 1.23622384 0.27267062
v -0.63265306 1.22500878 0.20569019
v -0.63983116 1.23327676 0.20569019
v -0.63265306 1.22799165 0.13789592
v -0.63983116 1.23622384 0.13870981
v -0.63265306 1.23682165 0.07273464
v -0.63983116 1.24493763 0.07440684
v -0.63265306 1.25114671 0.01274096
v -0.63983116 1.25903506 0.01536644
v -0.63265306 1.27038797 -0.03974338
v -0.63983116 1.27786923 -0.03600786
v -0.63265306 1.29374963 -0.08266156
v -0.63983116 1.30050536 -0.07759309
v -0.63265306 1.32022694 -0.11434252
v -0.63983116 1.32567487 -0.10770910
v -0.50651001 1.31871451 0.52554799
v -0.49821117 1.32008643 0.51813393
v -0.46807988 1.32004455 0.51836010
v -0.45982846 1.31870404 0.52560455
v -0.50621274 1.29205301 0.49329676
v -0.49780811 1.29427749 0.48584400
v -0.46010625 1.29202340 0.49339590
v -0.46841745 1.29415827 0.48624328
v -0.50590675 1.26872655 0.45008007
v -0.49742561 1.27183053 0.44313173
v -0.46041911 1.26869548 0.45014968
v -0.46882206 1.27170410 0.44341480
v -0.50564819 1.24960579 0.39758637
v -0.49712048 1.25350147 0.39175932
v -0.46068643 1.24957875 0.39762671
v -0.46915568 1.25339101 0.39192472
v -0.50544970 1.23540536 0.33781654
v -0.49690698 1.23991156 0.33363830
v -0.46089353 1.23538596 0.33783465
v -0.46939794 1.23983139 0.33371263
v -0.50533568 1.22666144 0.27303299
v -0.49678638 1.23154264 0.27085950
v -0.46106206 1.22665097 0.27303780
v -0.46955776 1.23150144 0.27087778
v -0.50524010 1.22370973 0.20569019
v -0.49672922 1.22872190 0.20569019
v -0.46111858 1.22370973 0.20569019
v -0.46962947 1.22872190 0.20569019
v -0.50529667 1.22665097 0.13834276
v -0.49680093 1.23150161 0.14050260
v -0.46102301 1.22666153 0.13834748
v -0.46957230 1.23154264 0.14052101
v -0.50546515 1.23538596 0.07354570
v -0.49696079 1.23983139 0.07766802
v -0.46090898 1.23540536 0.07356385
v -0.46945171 1.23991156 0.07774209
v -0.50567226 1.24957875 0.01375372
v -0.49720305 1.25339101 0.01945576
v -0.46071050 1.24960588 0.01379415
v -0.46923821 1.25350156 0.01962115
v -0.50593958 1.26869548 -0.03876921
v -0.49753663 1.27170427 -0.03203420
v -0.46045189 1.26872655 -0.03869955
v -0.46893308 1.27183053 -0.03175143
v -0.50625239 1.29202357 -0.08201530
v -0.49794128 1.29415835 -0.07486298
v -0.46014595 1.29205310 -0.08191629
v -0.46855058 1.29427766 -0.07446336
v -0.50653023 1.31870413 -0.11422401
v -0.49827881 1.32004472 -0.10697932
v -0.45984867 1.31871460 -0.11416743
v -0.46814752 1.32008643 -0.10675338
v -0.34583415 1.31873082 0.52546036
v -0.33759949 1.32014411 0.51782194
v -0.31013485 1.32009879 0.51806673
v -0.30194624 1.31871932 0.52552198
v -0.34554276 1.29208314 0.49319583
v -0.33720712 1.29438615 0.48548025
v -0.30221796 1.29205052 0.49330518
v -0.31046150 1.29425517 0.48591876
v -0.34523681 1.26877419 0.44997330
v -0.33682867 1.27200374 0.44274386
v -0.30253025 1.26873934 0.45005149
v -0.31086012 1.27186280 0.44305946
v -0.34497419 1.24967162 0.39748783
v -0.33652169 1.25374309 0.39139797
v -0.30280135 1.24964089 0.39753367
v -0.31119456 1.25361812 0.39158491
v -0.34476983 1.23548690 0.33774092
v -0.33630326 1.24021239 0.33335926
v -0.30301438 1.23546450 0.33776169
v -0.31144171 1.24012073 0.33344424
v -0.34465256 1.22675328 0.27299214
v -0.33617844 1.23188235 0.27070818
v -0.30319177 1.22674110 0.27299746
v -0.31160775 1.23183515 0.27072938
v -0.34454989 1.22380526 0.20569019
v -0.33611823 1.22907552 0.20569019
v -0.30325039 1.22380526 0.20569019
v -0.31168206 1.22907552 0.20569019
v -0.34460849 1.22674127 0.13838297
v -0.33619253 1.23183515 0.14065118
v -0.30314772 1.22675328 0.13838838
v -0.31162185 1.23188253 0.14067229
v -0.34478590 1.23546450 0.07361844
v -0.33635857 1.24012073 0.07793632
v -0.30303043 1.23548690 0.07363960
v -0.31149703 1.24021239 0.07802121
v -0.34499891 1.24964098 0.01384659
v -0.33660572 1.25361829 0.01979565
v -0.30282611 1.24967171 0.01389251
v -0.31127859 1.25374317 0.01998254
v -0.34527005 1.26873951 -0.03867102
v -0.33694016 1.27186297 -0.03167886
v -0.30256347 1.26877444 -0.03859278
v -0.31097162 1.27200391 -0.03136331
v -0.34558232 1.29205061 -0.08192462
v -0.33733876 1.29425534 -0.07453811
v -0.30225753 1.29208331 -0.08181493
v -0.31059317 1.29438632 -0.07409939
v -0.34585404 1.31871949 -0.11414147
v -0.33766543 1.32009896 -0.10668626
v -0.30196613 1.31873082 -0.11407980
v -0.31020077 1.32014411 -0.10644134
v -0.18669391 1.31872910 0.52546937
v -0.17845264 1.32013827 0.51785361
v -0.15072306 1.32009338 0.51809643
v -0.14252801 1.31871777 0.52553039
v -0.18640174 1.29208005 0.49320596
v -0.17805898 1.29437516 0.48551699
v -0.14280048 1.29204769 0.49331436
v -0.15105098 1.29424539 0.48595163
v -0.18609567 1.26876938 0.44998428
v -0.17767991 1.27198614 0.44278343
v -0.14311297 1.26873496 0.45006153
v -0.15145044 1.27184667 0.44309560
v -0.18583335 1.24966493 0.39749796
v -0.17737298 1.25371828 0.39143497
v -0.14338381 1.24963463 0.39754328
v -0.15178496 1.25359494 0.39161959
v -0.18562950 1.23547849 0.33774873
v -0.17715492 1.24018149 0.33338793
v -0.14359633 1.23545634 0.33776924
v -0.15203174 1.24009111 0.33347179
v -0.18551254 1.22674393 0.27299626
v -0.17703051 1.23184733 0.27072380
v -0.14377284 1.22673191 0.27300158
v -0.15219721 1.23180064 0.27074458
v -0.18541059 1.22379539 0.20569019
v -0.17697056 1.22903895 0.20569019
v -0.14383125 1.22379539 0.20569019
v -0.15227128 1.22903895 0.20569019
v -0.18546902 1.22673191 0.13837881
v -0.17704463 1.23180073 0.14063585
v -0.14372932 1.22674393 0.13838413
v -0.15221139 1.23184751 0.14065667
v -0.18564551 1.23545634 0.07361114
v -0.17721013 1.24009111 0.07790851
v -0.14361231 1.23547849 0.07363170
v -0.15208691 1.24018149 0.07799241
v -0.18585803 1.24963463 0.01383719
v -0.17745688 1.25359494 0.01976093
v -0.14340849 1.24966501 0.01388238
v -0.15186886 1.25371854 0.01994559
v -0.18612891 1.26873496 -0.03868089
v -0.17779144 1.27184667 -0.03171495
v -0.14314617 1.26876938 -0.03860377
v -0.15156193 1.27198614 -0.03140309
v -0.18644137 1.29204778 -0.08193393
v -0.17819084 1.29424556 -0.07457107
v -0.14284007 1.29208022 -0.08182540
v -0.15118288 1.29437533 -0.07413668
v -0.18671380 1.31871777 -0.11414971
v -0.17851879 1.32009338 -0.10671587
v -0.14254797 1.31872910 -0.11408887
v -0.15078922 1.32013827 -0.10647305
v -0.51326545 1.34739741 0.54256581
v -0.45309324 1.34739741 0.54256581
v -0.02512947 1.34702328 0.54256581
v -0.13565733 1.34739741 0.54256581
v -0.19358450 1.34739741 0.54256581
v 0.62274008 1.35602649 0.53870832
v 0.51630471 1.31823283 0.52815098
v 0.62284754 1.31823283 0.52815098
v 0.62284291 1.33705833 0.54093460
v 0.51639397 1.33727712 0.54108326
v 0.51593478 1.29127667 0.49589735
v 0.62284754 1.29127667 0.49589735
v 0.51553979 1.26764963 0.45249105
v 0.62284754 1.26764963 0.45249105
v 0.51520848 1.24825936 0.39960038
v 0.62284754 1.24825936 0.39960038
v 0.51495923 1.23385097 0.33925780
v 0.62284754 1.23385097 0.33925780
v 0.51483589 1.22497839 0.27378247
v 0.62284754 1.22497839 0.27378247
v 0.51467985 1.22198247 0.20569019
v 0.62284754 1.22198247 0.20569019
v 0.51473727 1.22497839 0.13759805
v 0.62284754 1.22497839 0.13759805
v 0.51495923 1.23385097 0.07212258
v 0.62284754 1.23385097 0.07212258
v 0.51520848 1.24825936 0.01178000
v 0.62284754 1.24825936 0.01178000
v 0.51553979 1.26764963 -0.04111080
v 0.62284754 1.26764963 -0.04111080
v 0.51593478 1.29127693 -0.08451683
v 0.62284754 1.29127693 -0.08451683
v 0.51630471 1.31823292 -0.11677057
v 0.62284754 1.31823292 -0.11677057
v 0.47347116 1.32202723 0.50764448
v 0.48317930 1.32795135 0.47562903
v 0.49274547 1.32211384 0.50717662
v 0.47408142 1.29732602 0.47563084
v 0.48317930 1.30538578 0.44862867
v 0.49199772 1.29757356 0.47480137
v 0.47483098 1.27619408 0.43336386
v 0.48317930 1.28560704 0.41229242
v 0.49129382 1.27645758 0.43277394
v 0.47545703 1.25913652 0.38333075
v 0.48317930 1.26937491 0.36801658
v 0.49072699 1.25936783 0.38298468
v 0.47592189 1.24662197 0.32741600
v 0.48317930 1.25731347 0.31750247
v 0.49032222 1.24679054 0.32725962
v 0.47622444 1.23900922 0.26753485
v 0.48317930 1.24988611 0.26269160
v 0.49007751 1.23909762 0.26749554
v 0.47637258 1.23652433 0.20569019
v 0.48317930 1.24737805 0.20569019
v 0.48998593 1.23652433 0.20569019
v 0.47628100 1.23909762 0.14388502
v 0.48317930 1.24988611 0.14868888
v 0.49013408 1.23900922 0.14384554
v 0.47603630 1.24679054 0.08412068
v 0.48317930 1.25731347 0.09387800
v 0.49043663 1.24662206 0.08396443
v 0.47563144 1.25936791 0.02839580
v 0.48317930 1.26937491 0.04336398
v 0.49090157 1.25913652 0.02804973
v 0.47506461 1.27645758 -0.02139364
v 0.48317930 1.28560713 -0.00091195
v 0.49152754 1.27619408 -0.02198338
v 0.47436080 1.29757364 -0.06342090
v 0.48317930 1.30538587 -0.03724820
v 0.49227710 1.29732611 -0.06425023
v 0.47361304 1.32211392 -0.09579614
v 0.48317930 1.32795135 -0.06424847
v 0.49288735 1.32202749 -0.09626405
v 0.35566048 1.31823283 0.52815098
v 0.45005381 1.31823283 0.52815098
v 0.44996454 1.33727712 0.54108326
v 0.35573936 1.33727712 0.54108326
v 0.35529827 1.29127667 0.49589735
v 0.45042374 1.29127667 0.49589735
v 0.35490242 1.26764963 0.45249105
v 0.45081873 1.26764963 0.45249105
v 0.35456451 1.24825936 0.39960038
v 0.45115012 1.24825936 0.39960038
v 0.35430650 1.23385097 0.33925780
v 0.45139920 1.23385097 0.33925789
v 0.35417973 1.22497839 0.27378247
v 0.45162125 1.22497839 0.27378247
v 0.35401098 1.22198247 0.20569019
v 0.45167867 1.22198247 0.20569019
v 0.35407029 1.22497839 0.13759805
v 0.45152263 1.22497839 0.13759805
v 0.35430650 1.23385097 0.07212258
v 0.45139920 1.23385097 0.07212258
v 0.35456451 1.24825936 0.01178000
v 0.45115012 1.24825936 0.01178000
v 0.35490242 1.26764963 -0.04111080
v 0.45081873 1.26764963 -0.04111080
v 0.35529827 1.29127693 -0.08451683
v 0.45042374 1.29127693 -0.08451683
v 0.35566048 1.31823292 -0.11677057
v 0.45005381 1.31823292 -0.11677057
v 0.31530843 1.32212611 0.50711053
v 0.32390003 1.32795135 0.47562912
v 0.33235376 1.32221967 0.50660516
v 0.31589366 1.29750489 0.47503122
v 0.32390003 1.30538578 0.44862867
v 0.33163089 1.29777612 0.47412262
v 0.31662447 1.27649217 0.43269644
v 0.32390003 1.28560704 0.41229242
v 0.33094171 1.27678519 0.43204043
v 0.31724356 1.25956910 0.38268375
v 0.32390003 1.26937491 0.36801658
v 0.33037948 1.25982994 0.38229365
v 0.31770920 1.24717979 0.32689870
v 0.32390003 1.25731347 0.31750247
v 0.32997367 1.24737179 0.32672077
v 0.31801497 1.23965964 0.26724517
v 0.32390003 1.24988611 0.26269160
v 0.32972674 1.23976118 0.26720011
v 0.31816564 1.23721845 0.20569019
v 0.32390003 1.24737805 0.20569019
v 0.32963447 1.23721845 0.20569019
v 0.31807338 1.23976118 0.14418045
v 0.32390003 1.24988611 0.14868888
v 0.32978514 1.23965982 0.14413530
v 0.31782644 1.24737187 0.08465966
v 0.32390003 1.25731347 0.09387800
v 0.33009096 1.24717979 0.08448169
v 0.31742063 1.25982994 0.02908690
v 0.32390003 1.26937491 0.04336398
v 0.33055655 1.25956910 0.02869663
v 0.31685840 1.27678536 -0.02065996
v 0.32390003 1.28560713 -0.00091195
v 0.33117564 1.27649225 -0.02131592
v 0.31616922 1.29777629 -0.06274206
v 0.32390003 1.30538587 -0.03724820
v 0.33190641 1.29750515 -0.06365075
v 0.31544631 1.32221975 -0.09522468
v 0.32390003 1.32795144 -0.06424847
v 0.33249173 1.32212620 -0.09572997
v 0.02557802 1.35616828 0.53903757
v 0.02495257 1.31823283 0.52815098
v 0.13272471 1.31823283 0.52815098
v 0.13264463 1.33727712 0.54108326
v 0.02495257 1.33717275 0.54101236
v 0.02495257 1.29127667 0.49589735
v 0.13308778 1.29127667 0.49589735
v 0.02495257 1.26764963 0.45249105
v 0.13348375 1.26764963 0.45249105
v 0.02495257 1.24825936 0.39960038
v 0.13382111 1.24825936 0.39960038
v 0.02495257 1.23385097 0.33925780
v 0.13407835 1.23385097 0.33925780
v 0.02495257 1.22497839 0.27378247
v 0.13431309 1.22497839 0.27378247
v 0.02495257 1.22198247 0.20569019
v 0.13437223 1.22198247 0.20569019
v 0.02495257 1.22497839 0.13759805
v 0.13420478 1.22497839 0.13759805
v 0.02495257 1.23385097 0.07212258
v 0.13407835 1.23385097 0.07212258
v 0.02495257 1.24825936 0.01178000
v 0.13382116 1.24825936 0.01178000
v 0.02495257 1.26764963 -0.04111080
v 0.13348375 1.26764963 -0.04111080
v 0.02495257 1.29127693 -0.08451683
v 0.13308786 1.29127693 -0.08451683
v 0.02495257 1.31823292 -0.11677057
v 0.13272471 1.31823292 -0.11677057
v 0.19651695 1.31823283 0.52815098
v 0.29213968 1.31823283 0.52815098
v 0.29206071 1.33727712 0.54108326
v 0.19659699 1.33727712 0.54108326
v 0.19615385 1.29127667 0.49589735
v 0.29250180 1.29127667 0.49589735
v 0.19575791 1.26764963 0.45249105
v 0.29289769 1.26764963 0.45249105
v 0.19542051 1.24825936 0.39960038
v 0.29323561 1.24825936 0.39960038
v 0.19516327 1.23385097 0.33925780
v 0.29349366 1.23385097 0.33925780
v 0.19503685 1.22497839 0.27378247
v 0.29372978 1.22497839 0.27378247
v 0.19486939 1.22198247 0.20569019
v 0.29378913 1.22198247 0.20569019
v 0.19492861 1.22497839 0.13759805
v 0.29362034 1.22497839 0.13759805
v 0.19516327 1.23385097 0.07212258
v 0.29349366 1.23385097 0.07212258
v 0.19542051 1.24825936 0.01178009
v 0.29323561 1.24825936 0.01178009
v 0.19575791 1.26764963 -0.04111062
v 0.29289769 1.26764963 -0.04111062
v 0.19615385 1.29127693 -0.08451675
v 0.29250180 1.29127693 -0.08451675
v 0.19651695 1.31823292 -0.11677031
v 0.29213968 1.31823292 -0.11677031
v 0.15591891 1.32211615 0.50716434
v 0.16462085 1.32795135 0.47562912
v 0.17318440 1.32220885 0.50666283
v 0.15650702 1.29748695 0.47509165
v 0.16462085 1.30538578 0.44862876
v 0.17245861 1.29775569 0.47419145
v 0.15724010 1.27646213 0.43276407
v 0.16462085 1.28560704 0.41229242
v 0.17176759 1.27675198 0.43211502
v 0.15786023 1.25952498 0.38274959
v 0.16462085 1.26937491 0.36801658
v 0.17120458 1.25978273 0.38236404
v 0.15832603 1.24712297 0.32695157
v 0.16462085 1.25731347 0.31750247
v 0.17079860 1.24731248 0.32677588
v 0.15863167 1.23959313 0.26727478
v 0.16462085 1.24988611 0.26269160
v 0.17055175 1.23969329 0.26723024
v 0.15878214 1.23714721 0.20569019
v 0.16462085 1.24737805 0.20569019
v 0.17045949 1.23714721 0.20569019
v 0.15868987 1.23969329 0.14415019
v 0.16462085 1.24988611 0.14868888
v 0.17061003 1.23959321 0.14410560
v 0.15844302 1.24731248 0.08460434
v 0.16462085 1.25731347 0.09387800
v 0.17091568 1.24712297 0.08442890
v 0.15803712 1.25978282 0.02901644
v 0.16462085 1.26937491 0.04336398
v 0.17138148 1.25952507 0.02863089
v 0.15747408 1.27675198 -0.02073476
v 0.16462085 1.28560713 -0.00091195
v 0.17200161 1.27646213 -0.02138369
v 0.15678305 1.29775578 -0.06281085
v 0.16462085 1.30538587 -0.03724820
v 0.17273469 1.29748704 -0.06371117
v 0.15605727 1.32220911 -0.09528228
v 0.16462085 1.32795135 -0.06424847
v 0.17332280 1.32211624 -0.09578366
v 0.00796899 1.32567478 0.51908974
v 0.01514710 1.32022694 0.52572317
v 0.01514710 1.29374963 0.49404203
v 0.00796899 1.30050536 0.48897373
v 0.01514710 1.27038797 0.45112386
v 0.00796899 1.27786923 0.44738833
v 0.01514710 1.25114662 0.39863942
v 0.00796899 1.25903489 0.39601403
v 0.01514710 1.23682165 0.33864575
v 0.00796899 1.24493763 0.33697359
v 0.01514710 1.22799165 0.27348455
v 0.00796899 1.23622384 0.27267062
v 0.01514710 1.22500878 0.20569019
v 0.00796899 1.23327676 0.20569019
v 0.01514710 1.22799165 0.13789592
v 0.00796899 1.23622384 0.13870981
v 0.01514710 1.23682165 0.07273464
v 0.00796899 1.24493763 0.07440684
v 0.01514710 1.25114671 0.01274096
v 0.00796899 1.25903506 0.01536644
v 0.01514710 1.27038797 -0.03974338
v 0.00796899 1.27786923 -0.03600786
v 0.01514710 1.29374963 -0.08266156
v 0.00796899 1.30050536 -0.07759309
v 0.01514710 1.32022694 -0.11434252
v 0.00796899 1.32567487 -0.10770910
v 0.62281261 1.34779893 0.54256581
v 0.63265301 1.32022694 0.52572317
v 0.63983103 1.32567478 0.51908974
v 0.63265301 1.29374963 0.49404203
v 0.63983103 1.30050536 0.48897373
v 0.63265301 1.27038797 0.45112377
v 0.63983103 1.27786923 0.44738833
v 0.63265301 1.25114662 0.39863942
v 0.63983103 1.25903489 0.39601403
v 0.63265301 1.23682165 0.33864575
v 0.63983103 1.24493763 0.33697359
v 0.63265301 1.22799165 0.27348455
v 0.63983103 1.23622384 0.27267062
v 0.63265301 1.22500878 0.20569019
v 0.63983103 1.23327676 0.20569019
v 0.63265301 1.22799165 0.13789592
v 0.63983103 1.23622384 0.13870981
v 0.63265301 1.23682165 0.07273464
v 0.63983103 1.24493763 0.07440684
v 0.63265301 1.25114671 0.01274096
v 0.63983103 1.25903506 0.01536644
v 0.63265301 1.27038797 -0.03974338
v 0.63983103 1.27786923 -0.03600786
v 0.63265301 1.29374963 -0.08266156
v 0.63983103 1.30050536 -0.07759309
v 0.63265301 1.32022694 -0.11434252
v 0.63983103 1.32567487 -0.10770910
v 0.50650988 1.31871451 0.52554799
v 0.49821109 1.32008643 0.51813393
v 0.45982838 1.31870404 0.52560455
v 0.46807979 1.32004455 0.51836010
v 0.50621265 1.29205301 0.49329676
v 0.49780803 1.29427749 0.48584400
v 0.46010621 1.29202340 0.49339590
v 0.46841737 1.29415827 0.48624328
v 0.50590667 1.26872655 0.45008007
v 0.49742556 1.27183053 0.44313173
v 0.46041906 1.26869548 0.45014968
v 0.46882197 1.27170410 0.44341480
v 0.50564814 1.24960579 0.39758637
v 0.49712044 1.25350147 0.39175932
v 0.46068634 1.24957875 0.39762671
v 0.46915560 1.25339101 0.39192472
v 0.50544962 1.23540536 0.33781654
v 0.49690689 1.23991156 0.33363830
v 0.46089345 1.23538596 0.33783465
v 0.46939790 1.23983139 0.33371263
v 0.50533555 1.22666144 0.27303299
v 0.49678630 1.23154264 0.27085950
v 0.46106193 1.22665097 0.27303780
v 0.46955771 1.23150144 0.27087778
v 0.50524002 1.22370973 0.20569019
v 0.49672913 1.22872190 0.20569019
v 0.46111850 1.22370973 0.20569019
v 0.46962938 1.22872190 0.20569019
v 0.50529658 1.22665097 0.13834276
v 0.49680089 1.23150161 0.14050260
v 0.46102288 1.22666153 0.13834748
v 0.46957222 1.23154264 0.14052101
v 0.50546507 1.23538596 0.07354570
v 0.49696071 1.23983139 0.07766802
v 0.46090890 1.23540536 0.07356385
v 0.46945163 1.23991156 0.07774209
v 0.50567218 1.24957875 0.01375372
v 0.49720292 1.25339101 0.01945576
v 0.46071046 1.24960588 0.01379415
v 0.46923808 1.25350156 0.01962115
v 0.50593945 1.26869548 -0.03876921
v 0.49753654 1.27170427 -0.03203420
v 0.46045185 1.26872655 -0.03869955
v 0.46893304 1.27183053 -0.03175143
v 0.50625231 1.29202357 -0.08201530
v 0.49794115 1.29415835 -0.07486298
v 0.46014586 1.29205310 -0.08191629
v 0.46855049 1.29427766 -0.07446336
v 0.50653014 1.31870413 -0.11422401
v 0.49827872 1.32004472 -0.10697932
v 0.45984863 1.31871460 -0.11416743
v 0.46814743 1.32008643 -0.10675338
v 0.34583407 1.31873082 0.52546036
v 0.33759943 1.32014411 0.51782194
v 0.30194618 1.31871932 0.52552198
v 0.31013477 1.32009879 0.51806673
v 0.34554267 1.29208314 0.49319583
v 0.33720705 1.29438615 0.48548025
v 0.30221787 1.29205052 0.49330518
v 0.31046144 1.29425517 0.48591876
v 0.34523668 1.26877419 0.44997330
v 0.33682858 1.27200374 0.44274386
v 0.30253017 1.26873934 0.45005149
v 0.31086004 1.27186280 0.44305946
v 0.34497413 1.24967162 0.39748783
v 0.33652161 1.25374309 0.39139797
v 0.30280126 1.24964089 0.39753367
v 0.31119447 1.25361812 0.39158491
v 0.34476977 1.23548690 0.33774092
v 0.33630317 1.24021239 0.33335926
v 0.30301430 1.23546450 0.33776169
v 0.31144162 1.24012073 0.33344424
v 0.34465244 1.22675328 0.27299214
v 0.33617837 1.23188235 0.27070818
v 0.30319171 1.22674110 0.27299746
v 0.31160766 1.23183515 0.27072938
v 0.34454978 1.22380526 0.20569019
v 0.33611812 1.22907552 0.20569019
v 0.30325029 1.22380526 0.20569019
v 0.31168199 1.22907552 0.20569019
v 0.34460840 1.22674127 0.13838297
v 0.33619245 1.23183515 0.14065118
v 0.30314763 1.22675328 0.13838838
v 0.31162178 1.23188253 0.14067229
v 0.34478582 1.23546450 0.07361844
v 0.33635849 1.24012073 0.07793632
v 0.30303035 1.23548690 0.07363960
v 0.31149694 1.24021239 0.07802121
v 0.34499885 1.24964098 0.01384659
v 0.33660564 1.25361829 0.01979565
v 0.30282603 1.24967171 0.01389251
v 0.31127850 1.25374317 0.01998254
v 0.34526999 1.26873951 -0.03867102
v 0.33694008 1.27186297 -0.03167886
v 0.30256338 1.26877444 -0.03859278
v 0.31097153 1.27200391 -0.03136331
v 0.34558224 1.29205061 -0.08192462
v 0.33733867 1.29425534 -0.07453811
v 0.30225744 1.29208331 -0.08181493
v 0.31059310 1.29438632 -0.07409939
v 0.34585398 1.31871949 -0.11414147
v 0.33766535 1.32009896 -0.10668626
v 0.30196605 1.31873082 -0.11407980
v 0.31020068 1.32014411 -0.10644134
v 0.18669385 1.31872910 0.52546937
v 0.17845255 1.32013827 0.51785361
v 0.14252795 1.31871777 0.52553039
v 0.15072298 1.32009338 0.51809643
v 0.18640168 1.29208005 0.49320596
v 0.17805889 1.29437516 0.48551699
v 0.14280038 1.29204769 0.49331436
v 0.15105089 1.29424539 0.48595163
v 0.18609561 1.26876938 0.44998428
v 0.17767982 1.27198614 0.44278343
v 0.14311289 1.26873496 0.45006153
v 0.15145035 1.27184667 0.44309560
v 0.18583326 1.24966493 0.39749796
v 0.17737289 1.25371828 0.39143497
v 0.14338372 1.24963463 0.39754328
v 0.15178487 1.25359494 0.39161959
v 0.18562942 1.23547849 0.33774873
v 0.17715484 1.24018149 0.33338793
v 0.14359624 1.23545634 0.33776924
v 0.15203164 1.24009111 0.33347179
v 0.18551247 1.22674393 0.27299626
v 0.17703043 1.23184733 0.27072380
v 0.14377275 1.22673191 0.27300158
v 0.15219712 1.23180064 0.27074458
v 0.18541050 1.22379539 0.20569019
v 0.17697047 1.22903895 0.20569019
v 0.14383116 1.22379539 0.20569019
v 0.15227119 1.22903895 0.20569019
v 0.18546896 1.22673191 0.13837881
v 0.17704455 1.23180073 0.14063585
v 0.14372924 1.22674393 0.13838413
v 0.15221128 1.23184751 0.14065667
v 0.18564542 1.23545634 0.07361114
v 0.17721007 1.24009111 0.07790851
v 0.14361225 1.23547849 0.07363170
v 0.15208683 1.24018149 0.07799241
v 0.18585794 1.24963463 0.01383719
v 0.17745679 1.25359494 0.01976093
v 0.14340840 1.24966501 0.01388238
v 0.15186877 1.25371854 0.01994559
v 0.18612882 1.26873496 -0.03868089
v 0.17779136 1.27184667 -0.03171495
v 0.14314610 1.26876938 -0.03860377
v 0.15156184 1.27198614 -0.03140309
v 0.18644129 1.29204778 -0.08193393
v 0.17819077 1.29424556 -0.07457107
v 0.14283999 1.29208022 -0.08182540
v 0.15118277 1.29437533 -0.07413668
v 0.18671372 1.31871777 -0.11414971
v 0.17851873 1.32009338 -0.10671587
v 0.14254786 1.31872910 -0.11408887
v 0.15078915 1.32013827 -0.10647305
v 0.51326536 1.34739741 0.54256581
v 0.45309316 1.34739741 0.54256581
v 0.13565725 1.34739741 0.54256581
v 0.02512938 1.34702328 0.54256581
v 0.19358442 1.34739741 0.54256581
v -0.01540180 1.34860848 0.54256581
v 0.01540172 1.34860848 0.54256581
vt 0.98020172 0.12670690
vt 0.97625470 0.13000667
vt 0.97805184 0.12952852
vt 0.97505659 0.12970960
vt 0.83917820 0.24925214
vt 0.83780003 0.24898446
vt 0.83113998 0.25161016
vt 0.83617491 0.24887633
vt 0.83416897 0.24933803
vt 0.86625904 0.11740762
vt 0.86037463 0.12306833
vt 0.86245269 0.12304711
vt 0.85860366 0.12342262
vt 0.85917205 0.12196386
vt 0.87750858 0.25536299
vt 0.87566954 0.25522596
vt 0.86685985 0.25963128
vt 0.87376827 0.25516337
vt 0.87190264 0.25479174
vt 0.90494293 0.11584347
vt 0.89894146 0.12092519
vt 0.90083033 0.12119216
vt 0.89672047 0.12100863
vt 0.89800811 0.11955023
vt 0.91260821 0.25540668
vt 0.91089648 0.25533319
vt 0.90320873 0.26052165
vt 0.90911704 0.25535667
vt 0.90734965 0.25505745
vt 0.94405740 0.11766285
vt 0.93717211 0.12181091
vt 0.93907404 0.12231141
vt 0.93546218 0.12169278
vt 0.93639213 0.12039292
vt 0.94921738 0.25512433
vt 0.94728136 0.25528455
vt 0.93947297 0.26094198
vt 0.94530803 0.25551003
vt 0.94332188 0.25540519
vt 0.99892449 0.19293487
vt 0.97593904 0.13493341
vt 0.97403395 0.14150494
vt 0.97263956 0.14952797
vt 0.97190309 0.15884548
vt 0.97177684 0.16914505
vt 0.97194290 0.17996526
vt 0.97181988 0.19085884
vt 0.97103286 0.20171630
vt 0.96989703 0.21244991
vt 0.96904409 0.22269702
vt 0.96884024 0.23205185
vt 0.96937239 0.24022281
vt 0.97054601 0.24703074
vt 0.97215366 0.25266564
vt 0.97515941 0.25438774
vt 0.83223718 0.12935388
vt 0.83030832 0.12578529
vt 0.81126344 0.18997765
vt 0.83464247 0.13445622
vt 0.83657455 0.14080077
vt 0.83793277 0.14860409
vt 0.83857900 0.15769166
vt 0.83855015 0.16775411
vt 0.83814973 0.17834592
vt 0.83797735 0.18903387
vt 0.83838177 0.19969785
vt 0.83903629 0.21028185
vt 0.83937234 0.22036922
vt 0.83906049 0.22953296
vt 0.83803397 0.23747516
vt 0.83639270 0.24401784
vt 0.87142849 0.12203282
vt 0.86753970 0.12613922
vt 0.86805189 0.25075305
vt 0.86310697 0.25396878
vt 0.90925521 0.12119144
vt 0.90509361 0.12490851
vt 0.90343159 0.25121772
vt 0.89932829 0.25494170
vt 0.94773841 0.12339103
vt 0.94284064 0.12646621
vt 0.93874496 0.25197518
vt 0.93484944 0.25589931
vt 0.96845651 0.25184160
vt 0.96703964 0.25197613
vt 0.97009850 0.25181973
vt 0.83390504 0.12942696
vt 0.83516473 0.12912202
vt 0.87505263 0.12148499
vt 0.87405050 0.12015915
vt 0.87333530 0.12156403
vt 0.85912621 0.25363320
vt 0.85719258 0.25338423
vt 0.86109620 0.25395739
vt 0.91204637 0.11954129
vt 0.91337854 0.12100422
vt 0.91114557 0.12092340
vt 0.89576906 0.25510317
vt 0.89405763 0.25512362
vt 0.89754540 0.25518233
vt 0.95158708 0.12375629
vt 0.95108920 0.12230742
vt 0.94981283 0.12341189
vt 0.93107057 0.25623733
vt 0.92922372 0.25631654
vt 0.93297356 0.25622797
vt 0.53312403 0.41046113
vt 0.53518522 0.41335523
vt 0.53696615 0.41388249
vt 0.53817123 0.41361630
vt 0.66951305 0.53765273
vt 0.67742473 0.54037154
vt 0.67090106 0.53744757
vt 0.67252874 0.53741312
vt 0.67451221 0.53796637
vt 0.64749461 0.40449697
vt 0.65112543 0.41029990
vt 0.65320975 0.41040707
vt 0.65497398 0.41083527
vt 0.65445006 0.40935051
vt 0.63107288 0.54214501
vt 0.64147758 0.54683137
vt 0.63290775 0.54207957
vt 0.63480103 0.54209137
vt 0.63667214 0.54179323
vt 0.60850662 0.40161043
vt 0.61254799 0.40708870
vt 0.61445415 0.40688038
vt 0.61668700 0.40703368
vt 0.61541682 0.40553403
vt 0.59615451 0.54092836
vt 0.60533488 0.54634416
vt 0.59786379 0.54091048
vt 0.59963673 0.54099154
vt 0.60140944 0.54075003
vt 0.56925416 0.40249473
vt 0.57418859 0.40724617
vt 0.57610089 0.40678716
vt 0.57781684 0.40670717
vt 0.57690507 0.40538406
vt 0.55964845 0.53946865
vt 0.56919384 0.54560280
vt 0.56157863 0.53969347
vt 0.56354380 0.53998423
vt 0.56553310 0.53994489
vt 0.51222837 0.47560889
vt 0.53713858 0.41879612
vt 0.53884304 0.42538935
vt 0.53998441 0.43341249
vt 0.54041827 0.44270593
vt 0.54019839 0.45296067
vt 0.53965485 0.46372968
vt 0.53938133 0.47458732
vt 0.53975314 0.48543876
vt 0.54050982 0.49618214
vt 0.54099137 0.50643659
vt 0.54085517 0.51578033
vt 0.54002661 0.52391696
vt 0.53860700 0.53067100
vt 0.53679687 0.53623962
vt 0.53372961 0.53784907
vt 0.68120801 0.41788077
vt 0.69984829 0.47951716
vt 0.68328851 0.41440082
vt 0.67860407 0.42288536
vt 0.67642939 0.42915791
vt 0.67477578 0.43691677
vt 0.67378706 0.44599348
vt 0.67343611 0.45607597
vt 0.67343408 0.46670425
vt 0.67319405 0.47741842
vt 0.67236900 0.48808271
vt 0.67128712 0.49865395
vt 0.67053735 0.50873923
vt 0.67046857 0.51792681
vt 0.67116064 0.52592194
vt 0.67252213 0.53254318
vt 0.64213949 0.40893561
vt 0.64591479 0.41319185
vt 0.64067584 0.53791213
vt 0.64546251 0.54133368
vt 0.60408944 0.40685731
vt 0.60819131 0.41068596
vt 0.60545534 0.53704512
vt 0.60940218 0.54090893
vt 0.56551456 0.40811747
vt 0.57035857 0.41130823
vt 0.57022059 0.53666496
vt 0.57397348 0.54070973
vt 0.54052562 0.53554511
vt 0.54193854 0.53572762
vt 0.53888375 0.53546691
vt 0.67828709 0.41752648
vt 0.67953581 0.41788369
vt 0.63956296 0.40697443
vt 0.63850927 0.40826154
vt 0.64023542 0.40840018
vt 0.64944494 0.54117048
vt 0.65138364 0.54100549
vt 0.64746720 0.54140925
vt 0.60132569 0.40514541
vt 0.59996074 0.40657425
vt 0.60219967 0.40654504
vt 0.61293662 0.54120255
vt 0.61463815 0.54128730
vt 0.61116672 0.54121542
vt 0.56219059 0.40694869
vt 0.56167293 0.40838027
vt 0.56344622 0.40808439
vt 0.57773024 0.54116809
vt 0.57956868 0.54130661
vt 0.57583332 0.54109788
vt 0.83482903 0.12776911
vt 0.85787785 0.12903392
vt 0.85710222 0.12543559
vt 0.83728307 0.13014638
vt 0.83918935 0.13328612
vt 0.85958922 0.13589925
vt 0.84156841 0.13966221
vt 0.86141950 0.14429790
vt 0.84328145 0.14763242
vt 0.86286956 0.15411907
vt 0.84422708 0.15692407
vt 0.86375660 0.16499192
vt 0.84447342 0.16715044
vt 0.86416250 0.17648697
vt 0.84433210 0.17789495
vt 0.86430514 0.18826652
vt 0.84426576 0.18882322
vt 0.86419296 0.20010805
vt 0.84455073 0.19970119
vt 0.86389518 0.21162486
vt 0.84488589 0.21045446
vt 0.86319184 0.22256446
vt 0.84491909 0.22068477
vt 0.86198598 0.23248541
vt 0.84432942 0.22999966
vt 0.86038047 0.24099088
vt 0.84306550 0.23801458
vt 0.85871959 0.24792713
vt 0.84131551 0.24444234
vt 0.86849970 0.13244504
vt 0.87281251 0.12869674
vt 0.86326748 0.12972325
vt 0.86955547 0.13993257
vt 0.87323898 0.13628989
vt 0.86517692 0.13713712
vt 0.87052578 0.14834517
vt 0.87360322 0.14520067
vt 0.86700267 0.14585370
vt 0.87127930 0.15753335
vt 0.87400359 0.15514106
vt 0.86835492 0.15563875
vt 0.87176055 0.16736722
vt 0.87427604 0.16577882
vt 0.86919433 0.16613024
vt 0.87198520 0.17764652
vt 0.87436634 0.17684948
vt 0.86960417 0.17705154
vt 0.87203461 0.18814492
vt 0.87434918 0.18811214
vt 0.86972201 0.18817830
vt 0.87195677 0.19866002
vt 0.87430173 0.19938183
vt 0.86956960 0.19933951
vt 0.87173086 0.20897365
vt 0.87415522 0.21047461
vt 0.86917919 0.21031332
vt 0.87130278 0.21886694
vt 0.87388635 0.22115052
vt 0.86842328 0.22090113
vt 0.87065047 0.22814775
vt 0.87352085 0.23116505
vt 0.86722070 0.23082435
vt 0.86981708 0.23668563
vt 0.87321919 0.24018240
vt 0.86557484 0.23969436
vt 0.86889958 0.24431920
vt 0.87300432 0.24794471
vt 0.86385626 0.24720311
vt 0.89518034 0.12648374
vt 0.89528251 0.12271273
vt 0.87716764 0.12313151
vt 0.87772375 0.12687689
vt 0.89557630 0.13360101
vt 0.87831956 0.13403767
vt 0.89626485 0.14220339
vt 0.87879223 0.14270383
vt 0.89687788 0.15225154
vt 0.87924677 0.15275496
vt 0.89725769 0.16349846
vt 0.87960166 0.16390949
vt 0.89743000 0.17553926
vt 0.87972754 0.17581046
vt 0.89738137 0.18798983
vt 0.87973565 0.18804967
vt 0.89710814 0.20044601
vt 0.87965196 0.20030034
vt 0.89667517 0.21246350
vt 0.87938148 0.21225941
vt 0.89601678 0.22370028
vt 0.87899786 0.22348619
vt 0.89523256 0.23372650
vt 0.87854779 0.23363733
vt 0.89442998 0.24233401
vt 0.87815779 0.24238873
vt 0.89395809 0.24944979
vt 0.87781292 0.24961776
vt 0.90515774 0.13127524
vt 0.90989000 0.12798864
vt 0.90044457 0.12801939
vt 0.90520376 0.13880032
vt 0.90931755 0.13557023
vt 0.90120763 0.13563436
vt 0.90521920 0.14725834
vt 0.90856022 0.14447278
vt 0.90198863 0.14451021
vt 0.90519577 0.15655404
vt 0.90797597 0.15445703
vt 0.90250826 0.15446478
vt 0.90513319 0.16659480
vt 0.90754759 0.16522616
vt 0.90278536 0.16521031
vt 0.90503550 0.17718148
vt 0.90723282 0.17652416
vt 0.90287727 0.17648458
vt 0.90487581 0.18804789
vt 0.90697020 0.18807161
vt 0.90278226 0.18802595
vt 0.90467739 0.19890845
vt 0.90681010 0.19960880
vt 0.90249628 0.19956982
vt 0.90446228 0.20948935
vt 0.90674084 0.21089065
vt 0.90207905 0.21084809
vt 0.90422231 0.21951616
vt 0.90679091 0.22162592
vt 0.90147859 0.22159863
vt 0.90399569 0.22879064
vt 0.90703934 0.23157024
vt 0.90070915 0.23155451
vt 0.90378577 0.23722994
vt 0.90751797 0.24044931
vt 0.89974982 0.24042928
vt 0.90359551 0.24476719
vt 0.90798420 0.24809432
vt 0.89896250 0.24800706
vt 0.97532880 0.12847543
vt 0.97131813 0.13407826
vt 0.97302282 0.13084960
vt 0.95308203 0.12585378
vt 0.95234054 0.12946749
vt 0.96903211 0.14047688
vt 0.95074236 0.13639718
vt 0.96732217 0.14853221
vt 0.94896692 0.14485317
vt 0.96630126 0.15796798
vt 0.94748884 0.15474647
vt 0.96589631 0.16837507
vt 0.94647664 0.16571838
vt 0.96577972 0.17931175
vt 0.94583523 0.17733431
vt 0.96556205 0.19040561
vt 0.94533950 0.18926060
vt 0.96491182 0.20149541
vt 0.94500679 0.20116091
vt 0.96407986 0.21236825
vt 0.94482094 0.21278977
vt 0.96353281 0.22272539
vt 0.94499749 0.22382879
vt 0.96360886 0.23217499
vt 0.94566447 0.23385334
vt 0.96436965 0.24033093
vt 0.94676012 0.24247265
vt 0.96558338 0.24691403
vt 0.94798321 0.24953222
vt 0.93281811 0.12712693
vt 0.93335384 0.12335825
vt 0.91486448 0.12271464
vt 0.91506624 0.12648553
vt 0.93227500 0.13429970
vt 0.91480404 0.13365442
vt 0.93184817 0.14299482
vt 0.91418558 0.14231104
vt 0.93139136 0.15310878
vt 0.91355759 0.15238351
vt 0.93095201 0.16435164
vt 0.91305250 0.16362637
vt 0.93055660 0.17630744
vt 0.91267139 0.17569613
vt 0.93023771 0.18862700
vt 0.91237229 0.18815184
vt 0.92990118 0.20094836
vt 0.91219348 0.20060372
vt 0.92960793 0.21289778
vt 0.91211563 0.21269333
vt 0.92945302 0.22418892
vt 0.91219890 0.22394359
vt 0.92937839 0.23440468
vt 0.91248018 0.23401213
vt 0.92930400 0.24323988
vt 0.91283864 0.24263597
vt 0.92925709 0.25053650
vt 0.91295332 0.24974883
vt 0.94192594 0.13280648
vt 0.94704837 0.13012248
vt 0.93779582 0.12907332
vt 0.94092053 0.14034647
vt 0.94526798 0.13756281
vt 0.93748552 0.13678807
vt 0.93997258 0.14881128
vt 0.94343847 0.14635485
vt 0.93713814 0.14576238
vt 0.93917859 0.15806276
vt 0.94201690 0.15622824
vt 0.93670052 0.15575022
vt 0.93857640 0.16797364
vt 0.94102663 0.16680962
vt 0.93630499 0.16642922
vt 0.93813294 0.17833138
vt 0.94036943 0.17780972
vt 0.93596989 0.17752683
vt 0.93777430 0.18891704
vt 0.93989909 0.18900776
vt 0.93564957 0.18882871
vt 0.93747026 0.19949245
vt 0.93962008 0.20019233
vt 0.93526798 0.20012796
vt 0.93726140 0.20985532
vt 0.93953657 0.21119487
vt 0.93490607 0.21124053
vt 0.93722510 0.21980882
vt 0.93977135 0.22182333
vt 0.93463236 0.22198498
vt 0.93740153 0.22915471
vt 0.94042653 0.23181355
vt 0.93444330 0.23209524
vt 0.93777126 0.23776591
vt 0.94153792 0.24080038
vt 0.93422401 0.24121761
vt 0.93825936 0.24548280
vt 0.94287688 0.24849498
vt 0.93405998 0.24900591
vt 0.97442424 0.13461077
vt 0.97282296 0.13436043
vt 0.97062802 0.14076918
vt 0.97230160 0.14110678
vt 0.96899462 0.14881927
vt 0.97077024 0.14915353
vt 0.96805775 0.15822762
vt 0.96992803 0.15852350
vt 0.96773767 0.16860586
vt 0.96970057 0.16886479
vt 0.96770334 0.17950702
vt 0.96975994 0.17972553
vt 0.96751380 0.19054425
vt 0.96960020 0.19069517
vt 0.96682191 0.20156491
vt 0.96886420 0.20163798
vt 0.96590209 0.21239567
vt 0.96784437 0.21242070
vt 0.96526217 0.22272277
vt 0.96710289 0.22271013
vt 0.96525347 0.23215377
vt 0.96700096 0.23211062
vt 0.96595633 0.24033010
vt 0.96763003 0.24029922
vt 0.96717155 0.24695325
vt 0.96888471 0.24703139
vt 0.83606309 0.12877822
vt 0.83623624 0.13404512
vt 0.83775616 0.13365257
vt 0.83998907 0.13998502
vt 0.83831912 0.14036316
vt 0.84160495 0.14791268
vt 0.83981949 0.14823967
vt 0.84245926 0.15715116
vt 0.84057385 0.15741092
vt 0.84262007 0.16733116
vt 0.84064299 0.16753489
vt 0.84240347 0.17802906
vt 0.84034085 0.17817986
vt 0.84230548 0.18888450
vt 0.84020865 0.18895519
vt 0.84262592 0.19970429
vt 0.84056753 0.19970202
vt 0.84305507 0.21040285
vt 0.84110224 0.21034300
vt 0.84318119 0.22059238
vt 0.84132904 0.22048354
vt 0.84267694 0.22986996
vt 0.84091729 0.22971141
vt 0.84147996 0.23787272
vt 0.83979678 0.23769462
vt 0.83977282 0.24429846
vt 0.83813614 0.24414951
vt 0.85956609 0.12879521
vt 0.86138862 0.12900800
vt 0.87436980 0.12762469
vt 0.87602818 0.12702680
vt 0.86128193 0.13577455
vt 0.86315614 0.13620776
vt 0.87661153 0.13426048
vt 0.87491566 0.13503402
vt 0.86313438 0.14425141
vt 0.86501414 0.14479333
vt 0.87705642 0.14297873
vt 0.87531585 0.14383847
vt 0.86459339 0.15411943
vt 0.86643434 0.15464979
vt 0.87750912 0.15304655
vt 0.87575334 0.15386885
vt 0.86549532 0.16499811
vt 0.86731124 0.16539437
vt 0.87785965 0.16415709
vt 0.87608302 0.16479939
vt 0.86592096 0.17647696
vt 0.86772949 0.17667270
vt 0.87799293 0.17595530
vt 0.87621158 0.17631030
vt 0.86605680 0.18823671
vt 0.86785293 0.18820727
vt 0.87799889 0.18806756
vt 0.87621289 0.18808806
vt 0.86593145 0.20004630
vt 0.86771792 0.19978285
vt 0.87792033 0.20019162
vt 0.87614304 0.19987655
vt 0.86559588 0.21155596
vt 0.86735934 0.21110213
vt 0.87768120 0.21204150
vt 0.87593853 0.21142673
vt 0.86485595 0.22250903
vt 0.86661047 0.22193110
vt 0.87731797 0.22322381
vt 0.87560743 0.22241724
vt 0.86362308 0.23248851
vt 0.86538440 0.23191190
vt 0.87688643 0.23339593
vt 0.87520009 0.23254347
vt 0.86198699 0.24108982
vt 0.86372954 0.24063921
vt 0.87652844 0.24221647
vt 0.87487870 0.24145734
vt 0.86035544 0.24815983
vt 0.86208779 0.24793518
vt 0.87616992 0.24954426
vt 0.87454671 0.24899817
vt 0.89690799 0.12651956
vt 0.89868289 0.12702304
vt 0.91159672 0.12701708
vt 0.91334164 0.12652397
vt 0.89735508 0.13372380
vt 0.89923757 0.13442832
vt 0.91303521 0.13376039
vt 0.91120178 0.13442498
vt 0.89808255 0.14238375
vt 0.90000695 0.14318293
vt 0.91237634 0.14246255
vt 0.91048580 0.14321297
vt 0.89868289 0.15245515
vt 0.90057230 0.15322310
vt 0.91175652 0.15255362
vt 0.90988368 0.15327436
vt 0.89903849 0.16366893
vt 0.90088505 0.16426116
vt 0.91127580 0.16376704
vt 0.90943700 0.16432160
vt 0.89918840 0.17563927
vt 0.90099901 0.17596400
vt 0.91092020 0.17575979
vt 0.90911216 0.17604566
vt 0.89912015 0.18799853
vt 0.90091091 0.18801045
vt 0.91063344 0.18812287
vt 0.90884209 0.18809617
vt 0.89884228 0.20036018
vt 0.90063304 0.20005834
vt 0.91045398 0.20048201
vt 0.90866512 0.20014036
vt 0.89841354 0.21231174
vt 0.90021867 0.21175170
vt 0.91037828 0.21248591
vt 0.90858406 0.21186280
vt 0.89776981 0.22351182
vt 0.89960271 0.22278178
vt 0.91045463 0.22369790
vt 0.90864116 0.22289407
vt 0.89698249 0.23356342
vt 0.89882338 0.23280990
vt 0.91073811 0.23377895
vt 0.90890998 0.23293352
vt 0.89612985 0.24222445
vt 0.89790851 0.24156439
vt 0.91114324 0.24245572
vt 0.90936559 0.24169946
vt 0.89561808 0.24943000
vt 0.89729750 0.24896109
vt 0.91129822 0.24966812
vt 0.90962905 0.24912882
vt 0.93452168 0.12728858
vt 0.93620408 0.12792867
vt 0.94887549 0.12941521
vt 0.95066410 0.12921298
vt 0.93399751 0.13455540
vt 0.93573678 0.13541120
vt 0.94905478 0.13624996
vt 0.94721901 0.13666028
vt 0.93359727 0.14331514
vt 0.93537253 0.14426929
vt 0.94725090 0.14478534
vt 0.94538945 0.14531153
vt 0.93313903 0.15344888
vt 0.93491697 0.15436083
vt 0.94576210 0.15472490
vt 0.94392508 0.15524536
vt 0.93269700 0.16464347
vt 0.93448263 0.16535825
vt 0.94473469 0.16569811
vt 0.94291419 0.16608113
vt 0.93230993 0.17649961
vt 0.93410844 0.17691576
vt 0.94407767 0.17728817
vt 0.94226080 0.17745566
vt 0.93197864 0.18868864
vt 0.93377310 0.18875539
vt 0.94358474 0.18917561
vt 0.94178098 0.18909180
vt 0.93162704 0.20087707
vt 0.93341047 0.20059323
vt 0.94326228 0.20104384
vt 0.94147259 0.20071232
vt 0.93132108 0.21273232
vt 0.93308872 0.21215796
vt 0.94311565 0.21264827
vt 0.94135284 0.21209669
vt 0.93114108 0.22397900
vt 0.93287557 0.22321391
vt 0.94332713 0.22369158
vt 0.94157511 0.22299480
vt 0.93103927 0.23422134
vt 0.93273908 0.23342121
vt 0.94401860 0.23377025
vt 0.94225663 0.23306262
vt 0.93092155 0.24312556
vt 0.93256599 0.24242663
vt 0.94514430 0.24248731
vt 0.94339329 0.24190664
vt 0.93088609 0.25051510
vt 0.93250602 0.25001526
vt 0.94634634 0.24968886
vt 0.94462150 0.24935818
vt 0.85748899 0.12374675
vt 0.87619358 0.12152076
vt 0.97402239 0.12955356
vt 0.95271027 0.12412691
vt 0.93429953 0.12174463
vt 0.67867893 0.41618925
vt 0.65551007 0.41648114
vt 0.67409486 0.42152178
vt 0.67612565 0.41846162
vt 0.65641165 0.41291130
vt 0.65355718 0.42328721
vt 0.67147267 0.42780501
vt 0.65143275 0.43162888
vt 0.66946137 0.43571645
vt 0.64963508 0.44141537
vt 0.66816962 0.44498634
vt 0.64835459 0.45227867
vt 0.66754103 0.45522326
vt 0.64752281 0.46378070
vt 0.66727608 0.46599454
vt 0.64693367 0.47557271
vt 0.66692257 0.47694498
vt 0.64658558 0.48743242
vt 0.66621149 0.48782712
vt 0.64642626 0.49896747
vt 0.66544402 0.49858004
vt 0.64668602 0.50993681
vt 0.66499275 0.50881863
vt 0.64748311 0.51990545
vt 0.66519582 0.51816583
vt 0.64873105 0.52847600
vt 0.66612071 0.52624059
vt 0.65009427 0.53548217
vt 0.66759175 0.53274810
vt 0.64053535 0.41555291
vt 0.64474273 0.41947120
vt 0.65008211 0.41695160
vt 0.63986504 0.42314225
vt 0.64343697 0.42693406
vt 0.64791721 0.42430323
vt 0.63921040 0.43206066
vt 0.64218235 0.43533039
vt 0.64579207 0.43296820
vt 0.63847202 0.44201404
vt 0.64110845 0.44451463
vt 0.64409828 0.44272608
vt 0.63781637 0.45266777
vt 0.64027113 0.45435363
vt 0.64288038 0.45321119
vt 0.63731700 0.46375573
vt 0.63966560 0.46464354
vt 0.64206624 0.46413827
vt 0.63690984 0.47503310
vt 0.63921994 0.47515410
vt 0.64152795 0.47527623
vt 0.63652366 0.48631275
vt 0.63889253 0.48568070
vt 0.64124906 0.48645347
vt 0.63623238 0.49741453
vt 0.63871157 0.49600726
vt 0.64120525 0.49744695
vt 0.63607228 0.50809932
vt 0.63874227 0.50591689
vt 0.64153367 0.50806338
vt 0.63603252 0.51811957
vt 0.63901782 0.51521802
vt 0.64232993 0.51802981
vt 0.63596869 0.52714145
vt 0.63950157 0.52378321
vt 0.64360642 0.52696240
vt 0.63586390 0.53490651
vt 0.64010149 0.53144848
vt 0.64500535 0.53453910
vt 0.61811346 0.41256046
vt 0.63565660 0.41355562
vt 0.63632995 0.40983284
vt 0.61809874 0.40878487
vt 0.61753678 0.41967219
vt 0.63484108 0.42069906
vt 0.61661470 0.42826408
vt 0.63409853 0.42936426
vt 0.61571199 0.43830985
vt 0.63331789 0.43942696
vt 0.61492914 0.44956034
vt 0.63256347 0.45060092
vt 0.61432564 0.46160799
vt 0.63199985 0.46251899
vt 0.61391103 0.47406745
vt 0.63153338 0.47477096
vt 0.61370844 0.48653078
vt 0.63114697 0.48703015
vt 0.61367601 0.49855137
vt 0.63094425 0.49899966
vt 0.61387706 0.50979364
vt 0.63087690 0.51023531
vt 0.61428577 0.51985145
vt 0.63091910 0.52039015
vt 0.61475909 0.52848589
vt 0.63095891 0.52915025
vt 0.61495656 0.53561687
vt 0.63100880 0.53638959
vt 0.60331935 0.41364259
vt 0.60798568 0.41706127
vt 0.61278975 0.41393584
vt 0.60371721 0.42124993
vt 0.60775089 0.42459887
vt 0.61183709 0.42154080
vt 0.60424012 0.43018609
vt 0.60750312 0.43306941
vt 0.61081320 0.43040925
vt 0.60453147 0.44019216
vt 0.60724717 0.44236940
vt 0.61000735 0.44035512
vt 0.60459220 0.45097679
vt 0.60695368 0.45241976
vt 0.60934818 0.45110643
vt 0.60449529 0.46229118
vt 0.60666656 0.46301651
vt 0.60884869 0.46238667
vt 0.60432774 0.47384650
vt 0.60642123 0.47388870
vt 0.60851377 0.47393340
vt 0.60404825 0.48538113
vt 0.60620612 0.48474985
vt 0.60835946 0.48548180
vt 0.60368103 0.49665385
vt 0.60601205 0.49532819
vt 0.60833979 0.49676406
vt 0.60321522 0.50737792
vt 0.60585850 0.50535452
vt 0.60851359 0.50752628
vt 0.60259223 0.51730418
vt 0.60573357 0.51462889
vt 0.60890806 0.51749980
vt 0.60178185 0.52615571
vt 0.60562539 0.52306521
vt 0.60952973 0.52639747
vt 0.60103232 0.53377438
vt 0.60553211 0.53059840
vt 0.61002785 0.53399396
vt 0.53794098 0.41237104
vt 0.54177487 0.41809058
vt 0.56082237 0.41406059
vt 0.56014556 0.41043305
vt 0.54016459 0.41481936
vt 0.54388130 0.42453343
vt 0.56226182 0.42101580
vt 0.54534417 0.43260306
vt 0.56380999 0.42949730
vt 0.54605889 0.44202322
vt 0.56498682 0.43940228
vt 0.54611111 0.45239240
vt 0.56563365 0.45036727
vt 0.54584128 0.46328545
vt 0.56586295 0.46196210
vt 0.54564995 0.47434115
vt 0.56591964 0.47386688
vt 0.54588288 0.48540843
vt 0.56580609 0.48574054
vt 0.54632562 0.49628747
vt 0.56556243 0.49734467
vt 0.54649717 0.50664544
vt 0.56498116 0.50835598
vt 0.54607856 0.51607645
vt 0.56395060 0.51834309
vt 0.54502338 0.52419281
vt 0.56254733 0.52691495
vt 0.54357374 0.53072345
vt 0.56107652 0.53392518
vt 0.58037502 0.41220295
vt 0.59816587 0.41201115
vt 0.59843862 0.40824699
vt 0.57990164 0.40842175
vt 0.58077288 0.41938609
vt 0.59827435 0.41918963
vt 0.58098334 0.42808455
vt 0.59867406 0.42787141
vt 0.58114475 0.43819636
vt 0.59901160 0.43796903
vt 0.58121288 0.44943082
vt 0.59914720 0.44922596
vt 0.58118874 0.46137184
vt 0.59909064 0.46130633
vt 0.58104956 0.47367626
vt 0.59892708 0.47376472
vt 0.58092034 0.48598421
vt 0.59863132 0.48621023
vt 0.58076262 0.49792141
vt 0.59824306 0.49828917
vt 0.58049440 0.50920188
vt 0.59772974 0.50952256
vt 0.58019185 0.51940739
vt 0.59707040 0.51956701
vt 0.57994604 0.52823567
vt 0.59639198 0.52816594
vt 0.57973480 0.53552794
vt 0.59601581 0.53526556
vt 0.56608886 0.41485018
vt 0.57115018 0.41766006
vt 0.57535702 0.41403443
vt 0.56770122 0.42231959
vt 0.57197553 0.42521220
vt 0.57550150 0.42174882
vt 0.56929302 0.43113989
vt 0.57268727 0.43368477
vt 0.57561290 0.43071800
vt 0.57041246 0.44102687
vt 0.57319248 0.44293565
vt 0.57574779 0.44069701
vt 0.57104868 0.45160615
vt 0.57345957 0.45283669
vt 0.57578611 0.45136064
vt 0.57131463 0.46259236
vt 0.57353371 0.46317828
vt 0.57572740 0.46243858
vt 0.57137132 0.47377348
vt 0.57350028 0.47374648
vt 0.57562923 0.47372180
vt 0.57123047 0.48493600
vt 0.57340723 0.48430407
vt 0.57558554 0.48500550
vt 0.57090443 0.49591517
vt 0.57322878 0.49464953
vt 0.57553107 0.49610579
vt 0.57027698 0.50651616
vt 0.57289535 0.50458574
vt 0.57540447 0.50684071
vt 0.56925684 0.51647091
vt 0.57237518 0.51391184
vt 0.57522112 0.51694250
vt 0.56782359 0.52541137
vt 0.57169324 0.52250040
vt 0.57510942 0.52606082
vt 0.56621516 0.53305507
vt 0.57093096 0.53019369
vt 0.57499772 0.53384686
vt 0.53866214 0.41852510
vt 0.54026604 0.41832662
vt 0.54227626 0.42477411
vt 0.54059094 0.42505461
vt 0.54365999 0.43283457
vt 0.54187018 0.43310684
vt 0.54429096 0.44222420
vt 0.54240781 0.44245511
vt 0.54425991 0.45256203
vt 0.54228604 0.45275378
vt 0.54391056 0.46341705
vt 0.54184610 0.46356589
vt 0.54369432 0.47441798
vt 0.54160446 0.47449988
vt 0.54396981 0.48541909
vt 0.54192442 0.48542857
vt 0.54450411 0.49625558
vt 0.54256248 0.49621832
vt 0.54476947 0.50658584
vt 0.54293078 0.50651288
vt 0.54443574 0.51600075
vt 0.54269105 0.51589978
vt 0.54343748 0.52413881
vt 0.54176539 0.52405179
vt 0.54198414 0.53070879
vt 0.54026854 0.53072834
vt 0.67740208 0.41714513
vt 0.67551655 0.42194939
vt 0.67702383 0.42240644
vt 0.67304188 0.42819494
vt 0.67469931 0.42864472
vt 0.67112809 0.43606764
vt 0.67290193 0.43647105
vt 0.66992849 0.44528788
vt 0.67180341 0.44562763
vt 0.66938573 0.45548135
vt 0.67135346 0.45576817
vt 0.66919738 0.46620888
vt 0.67125183 0.46644592
vt 0.66887796 0.47708780
vt 0.67096895 0.47724622
vt 0.66813254 0.48791063
vt 0.67018712 0.48799479
vt 0.66727269 0.49860525
vt 0.66922355 0.49862766
vt 0.66672987 0.50880003
vt 0.66858143 0.50877011
vt 0.66684896 0.51810730
vt 0.66861010 0.51802492
vt 0.66770780 0.52616835
vt 0.66939384 0.52606392
vt 0.66913718 0.53267276
vt 0.67077661 0.53259683
vt 0.65382570 0.41617298
vt 0.65199053 0.41631144
vt 0.63735658 0.41376531
vt 0.63900495 0.41442293
vt 0.65186584 0.42309362
vt 0.64997333 0.42345208
vt 0.63654804 0.42098409
vt 0.63822436 0.42182142
vt 0.64971823 0.43151397
vt 0.64781833 0.43198293
vt 0.63582754 0.42970341
vt 0.63754165 0.43063027
vt 0.64791191 0.44134837
vt 0.64605266 0.44180840
vt 0.63504344 0.43978339
vt 0.63676846 0.44067317
vt 0.64661717 0.45221782
vt 0.64478856 0.45254523
vt 0.63429517 0.45091188
vt 0.63604671 0.45162022
vt 0.64576662 0.46370316
vt 0.64395303 0.46382999
vt 0.63372743 0.46272701
vt 0.63549376 0.46314758
vt 0.64518583 0.47547537
vt 0.64339316 0.47537690
vt 0.63326699 0.47485268
vt 0.63504970 0.47493935
vt 0.64485276 0.48730248
vt 0.64307988 0.48696911
vt 0.63287985 0.48698616
vt 0.63466620 0.48673785
vt 0.64473170 0.49883097
vt 0.64298993 0.49830723
vt 0.63265032 0.49884641
vt 0.63441426 0.49829811
vt 0.64502794 0.50981390
vt 0.64330077 0.50916541
vt 0.63256419 0.51003826
vt 0.63430381 0.50929844
vt 0.64584982 0.51984060
vt 0.64411694 0.51919186
vt 0.63258594 0.52021468
vt 0.63430196 0.51943004
vt 0.64712518 0.52850723
vt 0.64540678 0.52798343
vt 0.63258886 0.52904224
vt 0.63426310 0.52834904
vt 0.64845389 0.53564441
vt 0.64673680 0.53534579
vt 0.63264668 0.53638017
vt 0.63428479 0.53589821
vt 0.61637658 0.41254216
vt 0.61458147 0.41299158
vt 0.59989285 0.41209131
vt 0.60163057 0.41262764
vt 0.61574936 0.41974109
vt 0.61384332 0.42039019
vt 0.60004169 0.41934091
vt 0.60186011 0.42005354
vt 0.61478770 0.42838925
vt 0.61283487 0.42913550
vt 0.60047919 0.42807096
vt 0.60234922 0.42887264
vt 0.61390108 0.43843585
vt 0.61198562 0.43916029
vt 0.60080791 0.43818671
vt 0.60265946 0.43895775
vt 0.61314511 0.44967562
vt 0.61128002 0.45021290
vt 0.60091776 0.44941384
vt 0.60273623 0.45001876
vt 0.61256540 0.46165407
vt 0.61074448 0.46192354
vt 0.60083884 0.46141917
vt 0.60263520 0.46175700
vt 0.61217386 0.47402138
vt 0.61038411 0.47397691
vt 0.60066551 0.47378701
vt 0.60245651 0.47381389
vt 0.61197972 0.48638916
vt 0.61020213 0.48602986
vt 0.60037392 0.48614097
vt 0.60217452 0.48585433
vt 0.61194479 0.49834365
vt 0.61016309 0.49772644
vt 0.59998614 0.49813479
vt 0.60180253 0.49756759
vt 0.61213678 0.50955248
vt 0.61033791 0.50876665
vt 0.59948021 0.50933182
vt 0.60132068 0.50858617
vt 0.61254847 0.51962996
vt 0.61074150 0.51881588
vt 0.59881812 0.51939034
vt 0.60067433 0.51860499
vt 0.61306977 0.52831638
vt 0.61132234 0.52759469
vt 0.59809011 0.52804101
vt 0.59989196 0.52734375
vt 0.61330479 0.53553641
vt 0.61165029 0.53500676
vt 0.59766924 0.53523862
vt 0.59935379 0.53475416
vt 0.57866669 0.41232580
vt 0.57697088 0.41292745
vt 0.56249887 0.41385067
vt 0.56427908 0.41409856
vt 0.57904339 0.41960114
vt 0.57728344 0.42041534
vt 0.56395060 0.42091292
vt 0.56577426 0.42136949
vt 0.57922453 0.42836231
vt 0.57742178 0.42927152
vt 0.56552720 0.42947489
vt 0.56737268 0.43004841
vt 0.57938498 0.43849200
vt 0.57757694 0.43935674
vt 0.56671476 0.43942732
vt 0.56853545 0.43999559
vt 0.57945734 0.44967616
vt 0.57764632 0.45034170
vt 0.56737703 0.45039529
vt 0.56918520 0.45082742
vt 0.57942742 0.46151590
vt 0.57761264 0.46188146
vt 0.56762320 0.46196622
vt 0.56943500 0.46218491
vt 0.57930595 0.47368830
vt 0.57750869 0.47370327
vt 0.56767797 0.47383302
vt 0.56948572 0.47380191
vt 0.57919765 0.48586196
vt 0.57742560 0.48552561
vt 0.56755584 0.48567581
vt 0.56935835 0.48539889
vt 0.57905740 0.49770415
vt 0.57731277 0.49707699
vt 0.56727237 0.49725550
vt 0.56905556 0.49675906
vt 0.57881671 0.50893986
vt 0.57711327 0.50812221
vt 0.56665546 0.50827086
vt 0.56843162 0.50762951
vt 0.57854086 0.51917219
vt 0.57687372 0.51831996
vt 0.56559795 0.51831198
vt 0.56738371 0.51766074
vt 0.57833612 0.52807033
vt 0.57672060 0.52732050
vt 0.56416124 0.52698147
vt 0.56593108 0.52645743
vt 0.57811099 0.53545487
vt 0.57651252 0.53490412
vt 0.56270713 0.53413546
vt 0.56444198 0.53386128
vt 0.65608048 0.41120505
vt 0.63736063 0.40825760
vt 0.56054497 0.40871978
vt 0.53920919 0.41349250
vt 0.57897973 0.40678525
vt 0.97502762 0.12966537
vt 0.53820056 0.41357172
f 1/1 2/2 3/3
f 1/1 4/4 2/2
f 5/5 6/6 7/7
f 6/6 8/8 7/7
f 8/8 9/9 7/7
f 10/10 11/11 12/12
f 10/10 13/13 11/11
f 10/10 14/14 13/13
f 15/15 16/16 17/17
f 16/16 18/18 17/17
f 18/18 19/19 17/17
f 20/20 21/21 22/22
f 20/20 23/23 21/21
f 23/23 20/20 24/24
f 25/25 26/26 27/27
f 26/26 28/28 27/27
f 28/28 29/29 27/27
f 30/30 31/31 32/32
f 30/30 33/33 31/31
f 30/30 34/34 33/33
f 35/35 36/36 37/37
f 36/36 38/38 37/37
f 38/38 39/39 37/37
f 40/40 1/1 3/3
f 40/40 3/3 41/41
f 40/40 41/41 42/42
f 40/40 42/42 43/43
f 40/40 43/43 44/44
f 40/40 44/44 45/45
f 40/40 45/45 46/46
f 40/40 46/46 47/47
f 40/40 47/47 48/48
f 40/40 48/48 49/49
f 40/40 49/49 50/50
f 40/40 50/50 51/51
f 40/40 51/51 52/52
f 40/40 52/52 53/53
f 40/40 53/53 54/54
f 40/40 54/54 55/55
f 56/56 57/57 58/58
f 59/59 56/56 58/58
f 60/60 59/59 58/58
f 61/61 60/60 58/58
f 62/62 61/61 58/58
f 63/63 62/62 58/58
f 64/64 63/63 58/58
f 65/65 64/64 58/58
f 66/66 65/65 58/58
f 67/67 66/66 58/58
f 68/68 67/67 58/58
f 69/69 68/68 58/58
f 70/70 69/69 58/58
f 71/71 70/70 58/58
f 9/9 71/71 58/58
f 7/7 9/9 58/58
f 72/72 10/10 73/73
f 10/10 12/12 73/73
f 19/19 74/74 17/17
f 74/74 75/75 17/17
f 76/76 20/20 77/77
f 20/20 22/22 77/77
f 29/29 78/78 27/27
f 78/78 79/79 27/27
f 80/80 30/30 81/81
f 30/30 32/32 81/81
f 39/39 82/82 37/37
f 82/82 83/83 37/37
f 84/84 85/85 55/55
f 54/54 86/86 55/55
f 86/86 84/84 55/55
f 57/57 87/87 88/88
f 57/57 56/56 87/87
f 10/10 89/89 90/90
f 10/10 91/91 89/89
f 10/10 72/72 91/91
f 92/92 93/93 17/17
f 75/75 94/94 17/17
f 94/94 92/92 17/17
f 95/95 20/20 96/96
f 20/20 97/97 96/96
f 20/20 76/76 97/97
f 98/98 99/99 27/27
f 79/79 100/100 27/27
f 100/100 98/98 27/27
f 30/30 101/101 102/102
f 30/30 103/103 101/101
f 30/30 80/80 103/103
f 104/104 105/105 37/37
f 83/83 106/106 37/37
f 106/106 104/104 37/37
f 107/107 108/108 109/109
f 107/107 109/109 110/110
f 111/111 112/112 113/113
f 113/113 112/112 114/114
f 114/114 112/112 115/115
f 116/116 117/117 118/118
f 116/116 118/118 119/119
f 116/116 119/119 120/120
f 121/121 122/122 123/123
f 123/123 122/122 124/124
f 124/124 122/122 125/125
f 126/126 127/127 128/128
f 126/126 128/128 129/129
f 129/129 130/130 126/126
f 131/131 132/132 133/133
f 133/133 132/132 134/134
f 134/134 132/132 135/135
f 136/136 137/137 138/138
f 136/136 138/138 139/139
f 136/136 139/139 140/140
f 141/141 142/142 143/143
f 143/143 142/142 144/144
f 144/144 142/142 145/145
f 146/146 108/108 107/107
f 146/146 147/147 108/108
f 146/146 148/148 147/147
f 146/146 149/149 148/148
f 146/146 150/150 149/149
f 146/146 151/151 150/150
f 146/146 152/152 151/151
f 146/146 153/153 152/152
f 146/146 154/154 153/153
f 146/146 155/155 154/154
f 146/146 156/156 155/155
f 146/146 157/157 156/156
f 146/146 158/158 157/157
f 146/146 159/159 158/158
f 146/146 160/160 159/159
f 146/146 161/161 160/160
f 162/162 163/163 164/164
f 165/165 163/163 162/162
f 166/166 163/163 165/165
f 167/167 163/163 166/166
f 168/168 163/163 167/167
f 169/169 163/163 168/168
f 170/170 163/163 169/169
f 171/171 163/163 170/170
f 172/172 163/163 171/171
f 173/173 163/163 172/172
f 174/174 163/163 173/173
f 175/175 163/163 174/174
f 176/176 163/163 175/175
f 177/177 163/163 176/176
f 115/115 163/163 177/177
f 112/112 163/163 115/115
f 178/178 179/179 116/116
f 116/116 179/179 117/117
f 125/125 122/122 180/180
f 180/180 122/122 181/181
f 182/182 183/183 126/126
f 126/126 183/183 127/127
f 135/135 132/132 184/184
f 184/184 132/132 185/185
f 186/186 187/187 136/136
f 136/136 187/187 137/137
f 145/145 142/142 188/188
f 188/188 142/142 189/189
f 190/190 161/161 191/191
f 160/160 161/161 192/192
f 192/192 161/161 190/190
f 164/164 193/193 194/194
f 164/164 194/194 162/162
f 116/116 195/195 196/196
f 116/116 196/196 197/197
f 116/116 197/197 178/178
f 198/198 122/122 199/199
f 181/181 122/122 200/200
f 200/200 122/122 198/198
f 201/201 202/202 126/126
f 126/126 202/202 203/203
f 126/126 203/203 182/182
f 204/204 132/132 205/205
f 185/185 132/132 206/206
f 206/206 132/132 204/204
f 136/136 207/207 208/208
f 136/136 208/208 209/209
f 136/136 209/209 186/186
f 210/210 142/142 211/211
f 189/189 142/142 212/212
f 212/212 142/142 210/210
f 213/213 14/14 10/10
f 213/213 10/10 57/57
f 214/214 215/215 216/216
f 214/214 216/216 217/217
f 218/218 214/214 217/217
f 218/218 217/217 219/219
f 220/220 218/218 219/219
f 220/220 219/219 221/221
f 222/222 220/220 221/221
f 222/222 221/221 223/223
f 224/224 222/222 223/223
f 224/224 223/223 225/225
f 226/226 224/224 225/225
f 226/226 225/225 227/227
f 228/228 226/226 227/227
f 228/228 227/227 229/229
f 230/230 228/228 229/229
f 230/230 229/229 231/231
f 232/232 230/230 231/231
f 232/232 231/231 233/233
f 234/234 232/232 233/233
f 234/234 233/233 235/235
f 236/236 234/234 235/235
f 236/236 235/235 237/237
f 238/238 236/236 237/237
f 238/238 237/237 239/239
f 240/240 238/238 239/239
f 240/240 239/239 241/241
f 93/93 240/240 241/241
f 93/93 241/241 5/5
f 17/17 93/93 5/5
f 17/17 5/5 7/7
f 72/72 73/73 242/242
f 72/72 242/242 243/243
f 73/73 12/12 244/244
f 73/73 244/244 242/242
f 243/243 242/242 245/245
f 243/243 245/245 246/246
f 242/242 244/244 247/247
f 242/242 247/247 245/245
f 246/246 245/245 248/248
f 246/246 248/248 249/249
f 245/245 247/247 250/250
f 245/245 250/250 248/248
f 249/249 248/248 251/251
f 249/249 251/251 252/252
f 248/248 250/250 253/253
f 248/248 253/253 251/251
f 252/252 251/251 254/254
f 252/252 254/254 255/255
f 251/251 253/253 256/256
f 251/251 256/256 254/254
f 255/255 254/254 257/257
f 255/255 257/257 258/258
f 254/254 256/256 259/259
f 254/254 259/259 257/257
f 258/258 257/257 260/260
f 258/258 260/260 261/261
f 257/257 259/259 262/262
f 257/257 262/262 260/260
f 261/261 260/260 263/263
f 261/261 263/263 264/264
f 260/260 262/262 265/265
f 260/260 265/265 263/263
f 264/264 263/263 266/266
f 264/264 266/266 267/267
f 263/263 265/265 268/268
f 263/263 268/268 266/266
f 267/267 266/266 269/269
f 267/267 269/269 270/270
f 266/266 268/268 271/271
f 266/266 271/271 269/269
f 270/270 269/269 272/272
f 270/270 272/272 273/273
f 269/269 271/271 274/274
f 269/269 274/274 272/272
f 273/273 272/272 275/275
f 273/273 275/275 276/276
f 272/272 274/274 277/277
f 272/272 277/277 275/275
f 276/276 275/275 278/278
f 276/276 278/278 279/279
f 275/275 277/277 280/280
f 275/275 280/280 278/278
f 279/279 278/278 74/74
f 279/279 74/74 19/19
f 278/278 280/280 75/75
f 278/278 75/75 74/74
f 90/90 24/24 20/20
f 90/90 20/20 10/10
f 281/281 282/282 283/283
f 281/281 283/283 284/284
f 285/285 281/281 284/284
f 285/285 284/284 286/286
f 287/287 285/285 286/286
f 287/287 286/286 288/288
f 289/289 287/287 288/288
f 289/289 288/288 290/290
f 291/291 289/289 290/290
f 291/291 290/290 292/292
f 293/293 291/291 292/292
f 293/293 292/292 294/294
f 295/295 293/293 294/294
f 295/295 294/294 296/296
f 297/297 295/295 296/296
f 297/297 296/296 298/298
f 299/299 297/297 298/298
f 299/299 298/298 300/300
f 301/301 299/299 300/300
f 301/301 300/300 302/302
f 303/303 301/301 302/302
f 303/303 302/302 304/304
f 305/305 303/303 304/304
f 305/305 304/304 306/306
f 307/307 305/305 306/306
f 307/307 306/306 308/308
f 99/99 307/307 308/308
f 99/99 308/308 15/15
f 27/27 99/99 15/15
f 27/27 15/15 17/17
f 76/76 77/77 309/309
f 76/76 309/309 310/310
f 77/77 22/22 311/311
f 77/77 311/311 309/309
f 310/310 309/309 312/312
f 310/310 312/312 313/313
f 309/309 311/311 314/314
f 309/309 314/314 312/312
f 313/313 312/312 315/315
f 313/313 315/315 316/316
f 312/312 314/314 317/317
f 312/312 317/317 315/315
f 316/316 315/315 318/318
f 316/316 318/318 319/319
f 315/315 317/317 320/320
f 315/315 320/320 318/318
f 319/319 318/318 321/321
f 319/319 321/321 322/322
f 318/318 320/320 323/323
f 318/318 323/323 321/321
f 322/322 321/321 324/324
f 322/322 324/324 325/325
f 321/321 323/323 326/326
f 321/321 326/326 324/324
f 325/325 324/324 327/327
f 325/325 327/327 328/328
f 324/324 326/326 329/329
f 324/324 329/329 327/327
f 328/328 327/327 330/330
f 328/328 330/330 331/331
f 327/327 329/329 332/332
f 327/327 332/332 330/330
f 331/331 330/330 333/333
f 331/331 333/333 334/334
f 330/330 332/332 335/335
f 330/330 335/335 333/333
f 334/334 333/333 336/336
f 334/334 336/336 337/337
f 333/333 335/335 338/338
f 333/333 338/338 336/336
f 337/337 336/336 339/339
f 337/337 339/339 340/340
f 336/336 338/338 341/341
f 336/336 341/341 339/339
f 340/340 339/339 342/342
f 340/340 342/342 343/343
f 339/339 341/341 344/344
f 339/339 344/344 342/342
f 343/343 342/342 345/345
f 343/343 345/345 346/346
f 342/342 344/344 347/347
f 342/342 347/347 345/345
f 346/346 345/345 78/78
f 346/346 78/78 29/29
f 345/345 347/347 79/79
f 345/345 79/79 78/78
f 102/102 348/348 1/1
f 102/102 1/1 30/30
f 349/349 350/350 351/351
f 349/349 351/351 352/352
f 353/353 349/349 352/352
f 353/353 352/352 354/354
f 355/355 353/353 354/354
f 355/355 354/354 356/356
f 357/357 355/355 356/356
f 357/357 356/356 358/358
f 359/359 357/357 358/358
f 359/359 358/358 360/360
f 361/361 359/359 360/360
f 361/361 360/360 362/362
f 363/363 361/361 362/362
f 363/363 362/362 364/364
f 365/365 363/363 364/364
f 365/365 364/364 366/366
f 367/367 365/365 366/366
f 367/367 366/366 368/368
f 369/369 367/367 368/368
f 369/369 368/368 370/370
f 371/371 369/369 370/370
f 371/371 370/370 372/372
f 373/373 371/371 372/372
f 373/373 372/372 374/374
f 375/375 373/373 374/374
f 375/375 374/374 376/376
f 85/85 375/375 376/376
f 85/85 376/376 35/35
f 55/55 85/85 35/35
f 55/55 35/35 37/37
f 95/95 34/34 30/30
f 95/95 30/30 20/20
f 377/377 378/378 379/379
f 377/377 379/379 380/380
f 381/381 377/377 380/380
f 381/381 380/380 382/382
f 383/383 381/381 382/382
f 383/383 382/382 384/384
f 385/385 383/383 384/384
f 385/385 384/384 386/386
f 387/387 385/385 386/386
f 387/387 386/386 388/388
f 389/389 387/387 388/388
f 389/389 388/388 390/390
f 391/391 389/389 390/390
f 391/391 390/390 392/392
f 393/393 391/391 392/392
f 393/393 392/392 394/394
f 395/395 393/393 394/394
f 395/395 394/394 396/396
f 397/397 395/395 396/396
f 397/397 396/396 398/398
f 399/399 397/397 398/398
f 399/399 398/398 400/400
f 401/401 399/399 400/400
f 401/401 400/400 402/402
f 403/403 401/401 402/402
f 403/403 402/402 404/404
f 105/105 403/403 404/404
f 105/105 404/404 25/25
f 37/37 105/105 25/25
f 37/37 25/25 27/27
f 80/80 81/81 405/405
f 80/80 405/405 406/406
f 81/81 32/32 407/407
f 81/81 407/407 405/405
f 406/406 405/405 408/408
f 406/406 408/408 409/409
f 405/405 407/407 410/410
f 405/405 410/410 408/408
f 409/409 408/408 411/411
f 409/409 411/411 412/412
f 408/408 410/410 413/413
f 408/408 413/413 411/411
f 412/412 411/411 414/414
f 412/412 414/414 415/415
f 411/411 413/413 416/416
f 411/411 416/416 414/414
f 415/415 414/414 417/417
f 415/415 417/417 418/418
f 414/414 416/416 419/419
f 414/414 419/419 417/417
f 418/418 417/417 420/420
f 418/418 420/420 421/421
f 417/417 419/419 422/422
f 417/417 422/422 420/420
f 421/421 420/420 423/423
f 421/421 423/423 424/424
f 420/420 422/422 425/425
f 420/420 425/425 423/423
f 424/424 423/423 426/426
f 424/424 426/426 427/427
f 423/423 425/425 428/428
f 423/423 428/428 426/426
f 427/427 426/426 429/429
f 427/427 429/429 430/430
f 426/426 428/428 431/431
f 426/426 431/431 429/429
f 430/430 429/429 432/432
f 430/430 432/432 433/433
f 429/429 431/431 434/434
f 429/429 434/434 432/432
f 433/433 432/432 435/435
f 433/433 435/435 436/436
f 432/432 434/434 437/437
f 432/432 437/437 435/435
f 436/436 435/435 438/438
f 436/436 438/438 439/439
f 435/435 437/437 440/440
f 435/435 440/440 438/438
f 439/439 438/438 441/441
f 439/439 441/441 442/442
f 438/438 440/440 443/443
f 438/438 443/443 441/441
f 442/442 441/441 82/82
f 442/442 82/82 39/39
f 441/441 443/443 83/83
f 441/441 83/83 82/82
f 3/3 2/2 444/444
f 3/3 444/444 41/41
f 2/2 4/4 445/445
f 2/2 445/445 444/444
f 445/445 349/349 353/353
f 445/445 353/353 446/446
f 41/41 444/444 447/447
f 41/41 447/447 42/42
f 444/444 445/445 446/446
f 444/444 446/446 447/447
f 446/446 353/353 355/355
f 446/446 355/355 448/448
f 42/42 447/447 449/449
f 42/42 449/449 43/43
f 447/447 446/446 448/448
f 447/447 448/448 449/449
f 448/448 355/355 357/357
f 448/448 357/357 450/450
f 43/43 449/449 451/451
f 43/43 451/451 44/44
f 449/449 448/448 450/450
f 449/449 450/450 451/451
f 450/450 357/357 359/359
f 450/450 359/359 452/452
f 44/44 451/451 453/453
f 44/44 453/453 45/45
f 451/451 450/450 452/452
f 451/451 452/452 453/453
f 452/452 359/359 361/361
f 452/452 361/361 454/454
f 45/45 453/453 455/455
f 45/45 455/455 46/46
f 453/453 452/452 454/454
f 453/453 454/454 455/455
f 454/454 361/361 363/363
f 454/454 363/363 456/456
f 46/46 455/455 457/457
f 46/46 457/457 47/47
f 455/455 454/454 456/456
f 455/455 456/456 457/457
f 456/456 363/363 365/365
f 456/456 365/365 458/458
f 47/47 457/457 459/459
f 47/47 459/459 48/48
f 457/457 456/456 458/458
f 457/457 458/458 459/459
f 458/458 365/365 367/367
f 458/458 367/367 460/460
f 48/48 459/459 461/461
f 48/48 461/461 49/49
f 459/459 458/458 460/460
f 459/459 460/460 461/461
f 460/460 367/367 369/369
f 460/460 369/369 462/462
f 49/49 461/461 463/463
f 49/49 463/463 50/50
f 461/461 460/460 462/462
f 461/461 462/462 463/463
f 462/462 369/369 371/371
f 462/462 371/371 464/464
f 50/50 463/463 465/465
f 50/50 465/465 51/51
f 463/463 462/462 464/464
f 463/463 464/464 465/465
f 464/464 371/371 373/373
f 464/464 373/373 466/466
f 51/51 465/465 467/467
f 51/51 467/467 52/52
f 465/465 464/464 466/466
f 465/465 466/466 467/467
f 466/466 373/373 375/375
f 466/466 375/375 468/468
f 52/52 467/467 469/469
f 52/52 469/469 53/53
f 467/467 466/466 468/468
f 467/467 468/468 469/469
f 468/468 375/375 85/85
f 468/468 85/85 84/84
f 53/53 469/469 86/86
f 53/53 86/86 54/54
f 469/469 468/468 84/84
f 469/469 84/84 86/86
f 213/213 57/57 88/88
f 213/213 88/88 470/470
f 88/88 87/87 471/471
f 88/88 471/471 472/472
f 87/87 56/56 59/59
f 87/87 59/59 471/471
f 217/217 472/472 473/473
f 217/217 473/473 219/219
f 472/472 471/471 474/474
f 472/472 474/474 473/473
f 471/471 59/59 60/60
f 471/471 60/60 474/474
f 219/219 473/473 475/475
f 219/219 475/475 221/221
f 473/473 474/474 476/476
f 473/473 476/476 475/475
f 474/474 60/60 61/61
f 474/474 61/61 476/476
f 221/221 475/475 477/477
f 221/221 477/477 223/223
f 475/475 476/476 478/478
f 475/475 478/478 477/477
f 476/476 61/61 62/62
f 476/476 62/62 478/478
f 223/223 477/477 479/479
f 223/223 479/479 225/225
f 477/477 478/478 480/480
f 477/477 480/480 479/479
f 478/478 62/62 63/63
f 478/478 63/63 480/480
f 225/225 479/479 481/481
f 225/225 481/481 227/227
f 479/479 480/480 482/482
f 479/479 482/482 481/481
f 480/480 63/63 64/64
f 480/480 64/64 482/482
f 227/227 481/481 483/483
f 227/227 483/483 229/229
f 481/481 482/482 484/484
f 481/481 484/484 483/483
f 482/482 64/64 65/65
f 482/482 65/65 484/484
f 229/229 483/483 485/485
f 229/229 485/485 231/231
f 483/483 484/484 486/486
f 483/483 486/486 485/485
f 484/484 65/65 66/66
f 484/484 66/66 486/486
f 231/231 485/485 487/487
f 231/231 487/487 233/233
f 485/485 486/486 488/488
f 485/485 488/488 487/487
f 486/486 66/66 67/67
f 486/486 67/67 488/488
f 233/233 487/487 489/489
f 233/233 489/489 235/235
f 487/487 488/488 490/490
f 487/487 490/490 489/489
f 488/488 67/67 68/68
f 488/488 68/68 490/490
f 235/235 489/489 491/491
f 235/235 491/491 237/237
f 489/489 490/490 492/492
f 489/489 492/492 491/491
f 490/490 68/68 69/69
f 490/490 69/69 492/492
f 237/237 491/491 493/493
f 237/237 493/493 239/239
f 491/491 492/492 494/494
f 491/491 494/494 493/493
f 492/492 69/69 70/70
f 492/492 70/70 494/494
f 239/239 493/493 495/495
f 239/239 495/495 241/241
f 493/493 494/494 496/496
f 493/493 496/496 495/495
f 494/494 70/70 71/71
f 494/494 71/71 496/496
f 241/241 495/495 6/6
f 241/241 6/6 5/5
f 495/495 496/496 8/8
f 495/495 8/8 6/6
f 496/496 71/71 9/9
f 496/496 9/9 8/8
f 13/13 215/215 214/214
f 13/13 214/214 497/497
f 12/12 11/11 498/498
f 12/12 498/498 244/244
f 11/11 13/13 497/497
f 11/11 497/497 498/498
f 89/89 91/91 499/499
f 89/89 499/499 500/500
f 91/91 72/72 243/243
f 91/91 243/243 499/499
f 497/497 214/214 218/218
f 497/497 218/218 501/501
f 244/244 498/498 502/502
f 244/244 502/502 247/247
f 498/498 497/497 501/501
f 498/498 501/501 502/502
f 284/284 500/500 503/503
f 284/284 503/503 286/286
f 500/500 499/499 504/504
f 500/500 504/504 503/503
f 499/499 243/243 246/246
f 499/499 246/246 504/504
f 501/501 218/218 220/220
f 501/501 220/220 505/505
f 247/247 502/502 506/506
f 247/247 506/506 250/250
f 502/502 501/501 505/505
f 502/502 505/505 506/506
f 286/286 503/503 507/507
f 286/286 507/507 288/288
f 503/503 504/504 508/508
f 503/503 508/508 507/507
f 504/504 246/246 249/249
f 504/504 249/249 508/508
f 505/505 220/220 222/222
f 505/505 222/222 509/509
f 250/250 506/506 510/510
f 250/250 510/510 253/253
f 506/506 505/505 509/509
f 506/506 509/509 510/510
f 288/288 507/507 511/511
f 288/288 511/511 290/290
f 507/507 508/508 512/512
f 507/507 512/512 511/511
f 508/508 249/249 252/252
f 508/508 252/252 512/512
f 509/509 222/222 224/224
f 509/509 224/224 513/513
f 253/253 510/510 514/514
f 253/253 514/514 256/256
f 510/510 509/509 513/513
f 510/510 513/513 514/514
f 290/290 511/511 515/515
f 290/290 515/515 292/292
f 511/511 512/512 516/516
f 511/511 516/516 515/515
f 512/512 252/252 255/255
f 512/512 255/255 516/516
f 513/513 224/224 226/226
f 513/513 226/226 517/517
f 256/256 514/514 518/518
f 256/256 518/518 259/259
f 514/514 513/513 517/517
f 514/514 517/517 518/518
f 292/292 515/515 519/519
f 292/292 519/519 294/294
f 515/515 516/516 520/520
f 515/515 520/520 519/519
f 516/516 255/255 258/258
f 516/516 258/258 520/520
f 517/517 226/226 228/228
f 517/517 228/228 521/521
f 259/259 518/518 522/522
f 259/259 522/522 262/262
f 518/518 517/517 521/521
f 518/518 521/521 522/522
f 294/294 519/519 523/523
f 294/294 523/523 296/296
f 519/519 520/520 524/524
f 519/519 524/524 523/523
f 520/520 258/258 261/261
f 520/520 261/261 524/524
f 521/521 228/228 230/230
f 521/521 230/230 525/525
f 262/262 522/522 526/526
f 262/262 526/526 265/265
f 522/522 521/521 525/525
f 522/522 525/525 526/526
f 296/296 523/523 527/527
f 296/296 527/527 298/298
f 523/523 524/524 528/528
f 523/523 528/528 527/527
f 524/524 261/261 264/264
f 524/524 264/264 528/528
f 525/525 230/230 232/232
f 525/525 232/232 529/529
f 265/265 526/526 530/530
f 265/265 530/530 268/268
f 526/526 525/525 529/529
f 526/526 529/529 530/530
f 298/298 527/527 531/531
f 298/298 531/531 300/300
f 527/527 528/528 532/532
f 527/527 532/532 531/531
f 528/528 264/264 267/267
f 528/528 267/267 532/532
f 529/529 232/232 234/234
f 529/529 234/234 533/533
f 268/268 530/530 534/534
f 268/268 534/534 271/271
f 530/530 529/529 533/533
f 530/530 533/533 534/534
f 300/300 531/531 535/535
f 300/300 535/535 302/302
f 531/531 532/532 536/536
f 531/531 536/536 535/535
f 532/532 267/267 270/270
f 532/532 270/270 536/536
f 533/533 234/234 236/236
f 533/533 236/236 537/537
f 271/271 534/534 538/538
f 271/271 538/538 274/274
f 534/534 533/533 537/537
f 534/534 537/537 538/538
f 302/302 535/535 539/539
f 302/302 539/539 304/304
f 535/535 536/536 540/540
f 535/535 540/540 539/539
f 536/536 270/270 273/273
f 536/536 273/273 540/540
f 537/537 236/236 238/238
f 537/537 238/238 541/541
f 274/274 538/538 542/542
f 274/274 542/542 277/277
f 538/538 537/537 541/541
f 538/538 541/541 542/542
f 304/304 539/539 543/543
f 304/304 543/543 306/306
f 539/539 540/540 544/544
f 539/539 544/544 543/543
f 540/540 273/273 276/276
f 540/540 276/276 544/544
f 541/541 238/238 240/240
f 541/541 240/240 545/545
f 277/277 542/542 546/546
f 277/277 546/546 280/280
f 542/542 541/541 545/545
f 542/542 545/545 546/546
f 306/306 543/543 547/547
f 306/306 547/547 308/308
f 543/543 544/544 548/548
f 543/543 548/548 547/547
f 544/544 276/276 279/279
f 544/544 279/279 548/548
f 545/545 240/240 93/93
f 545/545 93/93 92/92
f 280/280 546/546 94/94
f 280/280 94/94 75/75
f 546/546 545/545 92/92
f 546/546 92/92 94/94
f 308/308 547/547 16/16
f 308/308 16/16 15/15
f 547/547 548/548 18/18
f 547/547 18/18 16/16
f 548/548 279/279 19/19
f 548/548 19/19 18/18
f 23/23 282/282 281/281
f 23/23 281/281 549/549
f 22/22 21/21 550/550
f 22/22 550/550 311/311
f 21/21 23/23 549/549
f 21/21 549/549 550/550
f 96/96 97/97 551/551
f 96/96 551/551 552/552
f 97/97 76/76 310/310
f 97/97 310/310 551/551
f 549/549 281/281 285/285
f 549/549 285/285 553/553
f 311/311 550/550 554/554
f 311/311 554/554 314/314
f 550/550 549/549 553/553
f 550/550 553/553 554/554
f 380/380 552/552 555/555
f 380/380 555/555 382/382
f 552/552 551/551 556/556
f 552/552 556/556 555/555
f 551/551 310/310 313/313
f 551/551 313/313 556/556
f 553/553 285/285 287/287
f 553/553 287/287 557/557
f 314/314 554/554 558/558
f 314/314 558/558 317/317
f 554/554 553/553 557/557
f 554/554 557/557 558/558
f 382/382 555/555 559/559
f 382/382 559/559 384/384
f 555/555 556/556 560/560
f 555/555 560/560 559/559
f 556/556 313/313 316/316
f 556/556 316/316 560/560
f 557/557 287/287 289/289
f 557/557 289/289 561/561
f 317/317 558/558 562/562
f 317/317 562/562 320/320
f 558/558 557/557 561/561
f 558/558 561/561 562/562
f 384/384 559/559 563/563
f 384/384 563/563 386/386
f 559/559 560/560 564/564
f 559/559 564/564 563/563
f 560/560 316/316 319/319
f 560/560 319/319 564/564
f 561/561 289/289 291/291
f 561/561 291/291 565/565
f 320/320 562/562 566/566
f 320/320 566/566 323/323
f 562/562 561/561 565/565
f 562/562 565/565 566/566
f 386/386 563/563 567/567
f 386/386 567/567 388/388
f 563/563 564/564 568/568
f 563/563 568/568 567/567
f 564/564 319/319 322/322
f 564/564 322/322 568/568
f 565/565 291/291 293/293
f 565/565 293/293 569/569
f 323/323 566/566 570/570
f 323/323 570/570 326/326
f 566/566 565/565 569/569
f 566/566 569/569 570/570
f 388/388 567/567 571/571
f 388/388 571/571 390/390
f 567/567 568/568 572/572
f 567/567 572/572 571/571
f 568/568 322/322 325/325
f 568/568 325/325 572/572
f 569/569 293/293 295/295
f 569/569 295/295 573/573
f 326/326 570/570 574/574
f 326/326 574/574 329/329
f 570/570 569/569 573/573
f 570/570 573/573 574/574
f 390/390 571/571 575/575
f 390/390 575/575 392/392
f 571/571 572/572 576/576
f 571/571 576/576 575/575
f 572/572 325/325 328/328
f 572/572 328/328 576/576
f 573/573 295/295 297/297
f 573/573 297/297 577/577
f 329/329 574/574 578/578
f 329/329 578/578 332/332
f 574/574 573/573 577/577
f 574/574 577/577 578/578
f 392/392 575/575 579/579
f 392/392 579/579 394/394
f 575/575 576/576 580/580
f 575/575 580/580 579/579
f 576/576 328/328 331/331
f 576/576 331/331 580/580
f 577/577 297/297 299/299
f 577/577 299/299 581/581
f 332/332 578/578 582/582
f 332/332 582/582 335/335
f 578/578 577/577 581/581
f 578/578 581/581 582/582
f 394/394 579/579 583/583
f 394/394 583/583 396/396
f 579/579 580/580 584/584
f 579/579 584/584 583/583
f 580/580 331/331 334/334
f 580/580 334/334 584/584
f 581/581 299/299 301/301
f 581/581 301/301 585/585
f 335/335 582/582 586/586
f 335/335 586/586 338/338
f 582/582 581/581 585/585
f 582/582 585/585 586/586
f 396/396 583/583 587/587
f 396/396 587/587 398/398
f 583/583 584/584 588/588
f 583/583 588/588 587/587
f 584/584 334/334 337/337
f 584/584 337/337 588/588
f 585/585 301/301 303/303
f 585/585 303/303 589/589
f 338/338 586/586 590/590
f 338/338 590/590 341/341
f 586/586 585/585 589/589
f 586/586 589/589 590/590
f 398/398 587/587 591/591
f 398/398 591/591 400/400
f 587/587 588/588 592/592
f 587/587 592/592 591/591
f 588/588 337/337 340/340
f 588/588 340/340 592/592
f 589/589 303/303 305/305
f 589/589 305/305 593/593
f 341/341 590/590 594/594
f 341/341 594/594 344/344
f 590/590 589/589 593/593
f 590/590 593/593 594/594
f 400/400 591/591 595/595
f 400/400 595/595 402/402
f 591/591 592/592 596/596
f 591/591 596/596 595/595
f 592/592 340/340 343/343
f 592/592 343/343 596/596
f 593/593 305/305 307/307
f 593/593 307/307 597/597
f 344/344 594/594 598/598
f 344/344 598/598 347/347
f 594/594 593/593 597/597
f 594/594 597/597 598/598
f 402/402 595/595 599/599
f 402/402 599/599 404/404
f 595/595 596/596 600/600
f 595/595 600/600 599/599
f 596/596 343/343 346/346
f 596/596 346/346 600/600
f 597/597 307/307 99/99
f 597/597 99/99 98/98
f 347/347 598/598 100/100
f 347/347 100/100 79/79
f 598/598 597/597 98/98
f 598/598 98/98 100/100
f 404/404 599/599 26/26
f 404/404 26/26 25/25
f 599/599 600/600 28/28
f 599/599 28/28 26/26
f 600/600 346/346 29/29
f 600/600 29/29 28/28
f 33/33 378/378 377/377
f 33/33 377/377 601/601
f 32/32 31/31 602/602
f 32/32 602/602 407/407
f 31/31 33/33 601/601
f 31/31 601/601 602/602
f 101/101 103/103 603/603
f 101/101 603/603 604/604
f 103/103 80/80 406/406
f 103/103 406/406 603/603
f 601/601 377/377 381/381
f 601/601 381/381 605/605
f 407/407 602/602 606/606
f 407/407 606/606 410/410
f 602/602 601/601 605/605
f 602/602 605/605 606/606
f 352/352 604/604 607/607
f 352/352 607/607 354/354
f 604/604 603/603 608/608
f 604/604 608/608 607/607
f 603/603 406/406 409/409
f 603/603 409/409 608/608
f 605/605 381/381 383/383
f 605/605 383/383 609/609
f 410/410 606/606 610/610
f 410/410 610/610 413/413
f 606/606 605/605 609/609
f 606/606 609/609 610/610
f 354/354 607/607 611/611
f 354/354 611/611 356/356
f 607/607 608/608 612/612
f 607/607 612/612 611/611
f 608/608 409/409 412/412
f 608/608 412/412 612/612
f 609/609 383/383 385/385
f 609/609 385/385 613/613
f 413/413 610/610 614/614
f 413/413 614/614 416/416
f 610/610 609/609 613/613
f 610/610 613/613 614/614
f 356/356 611/611 615/615
f 356/356 615/615 358/358
f 611/611 612/612 616/616
f 611/611 616/616 615/615
f 612/612 412/412 415/415
f 612/612 415/415 616/616
f 613/613 385/385 387/387
f 613/613 387/387 617/617
f 416/416 614/614 618/618
f 416/416 618/618 419/419
f 614/614 613/613 617/617
f 614/614 617/617 618/618
f 358/358 615/615 619/619
f 358/358 619/619 360/360
f 615/615 616/616 620/620
f 615/615 620/620 619/619
f 616/616 415/415 418/418
f 616/616 418/418 620/620
f 617/617 387/387 389/389
f 617/617 389/389 621/621
f 419/419 618/618 622/622
f 419/419 622/622 422/422
f 618/618 617/617 621/621
f 618/618 621/621 622/622
f 360/360 619/619 623/623
f 360/360 623/623 362/362
f 619/619 620/620 624/624
f 619/619 624/624 623/623
f 620/620 418/418 421/421
f 620/620 421/421 624/624
f 621/621 389/389 391/391
f 621/621 391/391 625/625
f 422/422 622/622 626/626
f 422/422 626/626 425/425
f 622/622 621/621 625/625
f 622/622 625/625 626/626
f 362/362 623/623 627/627
f 362/362 627/627 364/364
f 623/623 624/624 628/628
f 623/623 628/628 627/627
f 624/624 421/421 424/424
f 624/624 424/424 628/628
f 625/625 391/391 393/393
f 625/625 393/393 629/629
f 425/425 626/626 630/630
f 425/425 630/630 428/428
f 626/626 625/625 629/629
f 626/626 629/629 630/630
f 364/364 627/627 631/631
f 364/364 631/631 366/366
f 627/627 628/628 632/632
f 627/627 632/632 631/631
f 628/628 424/424 427/427
f 628/628 427/427 632/632
f 629/629 393/393 395/395
f 629/629 395/395 633/633
f 428/428 630/630 634/634
f 428/428 634/634 431/431
f 630/630 629/629 633/633
f 630/630 633/633 634/634
f 366/366 631/631 635/635
f 366/366 635/635 368/368
f 631/631 632/632 636/636
f 631/631 636/636 635/635
f 632/632 427/427 430/430
f 632/632 430/430 636/636
f 633/633 395/395 397/397
f 633/633 397/397 637/637
f 431/431 634/634 638/638
f 431/431 638/638 434/434
f 634/634 633/633 637/637
f 634/634 637/637 638/638
f 368/368 635/635 639/639
f 368/368 639/639 370/370
f 635/635 636/636 640/640
f 635/635 640/640 639/639
f 636/636 430/430 433/433
f 636/636 433/433 640/640
f 637/637 397/397 399/399
f 637/637 399/399 641/641
f 434/434 638/638 642/642
f 434/434 642/642 437/437
f 638/638 637/637 641/641
f 638/638 641/641 642/642
f 370/370 639/639 643/643
f 370/370 643/643 372/372
f 639/639 640/640 644/644
f 639/639 644/644 643/643
f 640/640 433/433 436/436
f 640/640 436/436 644/644
f 641/641 399/399 401/401
f 641/641 401/401 645/645
f 437/437 642/642 646/646
f 437/437 646/646 440/440
f 642/642 641/641 645/645
f 642/642 645/645 646/646
f 372/372 643/643 647/647
f 372/372 647/647 374/374
f 643/643 644/644 648/648
f 643/643 648/648 647/647
f 644/644 436/436 439/439
f 644/644 439/439 648/648
f 645/645 401/401 403/403
f 645/645 403/403 649/649
f 440/440 646/646 650/650
f 440/440 650/650 443/443
f 646/646 645/645 649/649
f 646/646 649/649 650/650
f 374/374 647/647 651/651
f 374/374 651/651 376/376
f 647/647 648/648 652/652
f 647/647 652/652 651/651
f 648/648 439/439 442/442
f 648/648 442/442 652/652
f 649/649 403/403 105/105
f 649/649 105/105 104/104
f 443/443 650/650 106/106
f 443/443 106/106 83/83
f 650/650 649/649 104/104
f 650/650 104/104 106/106
f 376/376 651/651 36/36
f 376/376 36/36 35/35
f 651/651 652/652 38/38
f 651/651 38/38 36/36
f 652/652 442/442 39/39
f 652/652 39/39 38/38
f 283/283 89/89 500/500
f 283/283 500/500 284/284
f 351/351 101/101 604/604
f 351/351 604/604 352/352
f 379/379 96/96 552/552
f 379/379 552/552 380/380
f 213/213 470/470 653/653
f 213/213 653/653 14/14
f 470/470 216/216 215/215
f 470/470 215/215 653/653
f 90/90 654/654 23/23
f 90/90 23/23 24/24
f 654/654 283/283 282/282
f 654/654 282/282 23/23
f 350/350 655/655 656/656
f 350/350 656/656 351/351
f 655/655 348/348 102/102
f 655/655 102/102 656/656
f 95/95 96/96 657/657
f 95/95 657/657 34/34
f 96/96 379/379 378/378
f 96/96 378/378 657/657
f 13/13 14/14 653/653
f 13/13 653/653 215/215
f 89/89 283/283 654/654
f 89/89 654/654 90/90
f 101/101 351/351 656/656
f 101/101 656/656 102/102
f 33/33 34/34 657/657
f 33/33 657/657 378/378
f 658/658 164/164 116/116
f 658/658 116/116 120/120
f 659/659 660/660 661/661
f 659/659 661/661 662/662
f 663/663 664/664 660/660
f 663/663 660/660 659/659
f 665/665 666/666 664/664
f 665/665 664/664 663/663
f 667/667 668/668 666/666
f 667/667 666/666 665/665
f 669/669 670/670 668/668
f 669/669 668/668 667/667
f 671/671 672/672 670/670
f 671/671 670/670 669/669
f 673/673 674/674 672/672
f 673/673 672/672 671/671
f 675/675 676/676 674/674
f 675/675 674/674 673/673
f 677/677 678/678 676/676
f 677/677 676/676 675/675
f 679/679 680/680 678/678
f 679/679 678/678 677/677
f 681/681 682/682 680/680
f 681/681 680/680 679/679
f 683/683 684/684 682/682
f 683/683 682/682 681/681
f 685/685 686/686 684/684
f 685/685 684/684 683/683
f 199/199 111/111 686/686
f 199/199 686/686 685/685
f 122/122 112/112 111/111
f 122/122 111/111 199/199
f 178/178 687/687 688/688
f 178/178 688/688 179/179
f 179/179 688/688 689/689
f 179/179 689/689 117/117
f 687/687 690/690 691/691
f 687/687 691/691 688/688
f 688/688 691/691 692/692
f 688/688 692/692 689/689
f 690/690 693/693 694/694
f 690/690 694/694 691/691
f 691/691 694/694 695/695
f 691/691 695/695 692/692
f 693/693 696/696 697/697
f 693/693 697/697 694/694
f 694/694 697/697 698/698
f 694/694 698/698 695/695
f 696/696 699/699 700/700
f 696/696 700/700 697/697
f 697/697 700/700 701/701
f 697/697 701/701 698/698
f 699/699 702/702 703/703
f 699/699 703/703 700/700
f 700/700 703/703 704/704
f 700/700 704/704 701/701
f 702/702 705/705 706/706
f 702/702 706/706 703/703
f 703/703 706/706 707/707
f 703/703 707/707 704/704
f 705/705 708/708 709/709
f 705/705 709/709 706/706
f 706/706 709/709 710/710
f 706/706 710/710 707/707
f 708/708 711/711 712/712
f 708/708 712/712 709/709
f 709/709 712/712 713/713
f 709/709 713/713 710/710
f 711/711 714/714 715/715
f 711/711 715/715 712/712
f 712/712 715/715 716/716
f 712/712 716/716 713/713
f 714/714 717/717 718/718
f 714/714 718/718 715/715
f 715/715 718/718 719/719
f 715/715 719/719 716/716
f 717/717 720/720 721/721
f 717/717 721/721 718/718
f 718/718 721/721 722/722
f 718/718 722/722 719/719
f 720/720 723/723 724/724
f 720/720 724/724 721/721
f 721/721 724/724 725/725
f 721/721 725/725 722/722
f 723/723 125/125 180/180
f 723/723 180/180 724/724
f 724/724 180/180 181/181
f 724/724 181/181 725/725
f 195/195 116/116 126/126
f 195/195 126/126 130/130
f 726/726 727/727 728/728
f 726/726 728/728 729/729
f 730/730 731/731 727/727
f 730/730 727/727 726/726
f 732/732 733/733 731/731
f 732/732 731/731 730/730
f 734/734 735/735 733/733
f 734/734 733/733 732/732
f 736/736 737/737 735/735
f 736/736 735/735 734/734
f 738/738 739/739 737/737
f 738/738 737/737 736/736
f 740/740 741/741 739/739
f 740/740 739/739 738/738
f 742/742 743/743 741/741
f 742/742 741/741 740/740
f 744/744 745/745 743/743
f 744/744 743/743 742/742
f 746/746 747/747 745/745
f 746/746 745/745 744/744
f 748/748 749/749 747/747
f 748/748 747/747 746/746
f 750/750 751/751 749/749
f 750/750 749/749 748/748
f 752/752 753/753 751/751
f 752/752 751/751 750/750
f 205/205 121/121 753/753
f 205/205 753/753 752/752
f 132/132 122/122 121/121
f 132/132 121/121 205/205
f 182/182 754/754 755/755
f 182/182 755/755 183/183
f 183/183 755/755 756/756
f 183/183 756/756 127/127
f 754/754 757/757 758/758
f 754/754 758/758 755/755
f 755/755 758/758 759/759
f 755/755 759/759 756/756
f 757/757 760/760 761/761
f 757/757 761/761 758/758
f 758/758 761/761 762/762
f 758/758 762/762 759/759
f 760/760 763/763 764/764
f 760/760 764/764 761/761
f 761/761 764/764 765/765
f 761/761 765/765 762/762
f 763/763 766/766 767/767
f 763/763 767/767 764/764
f 764/764 767/767 768/768
f 764/764 768/768 765/765
f 766/766 769/769 770/770
f 766/766 770/770 767/767
f 767/767 770/770 771/771
f 767/767 771/771 768/768
f 769/769 772/772 773/773
f 769/769 773/773 770/770
f 770/770 773/773 774/774
f 770/770 774/774 771/771
f 772/772 775/775 776/776
f 772/772 776/776 773/773
f 773/773 776/776 777/777
f 773/773 777/777 774/774
f 775/775 778/778 779/779
f 775/775 779/779 776/776
f 776/776 779/779 780/780
f 776/776 780/780 777/777
f 778/778 781/781 782/782
f 778/778 782/782 779/779
f 779/779 782/782 783/783
f 779/779 783/783 780/780
f 781/781 784/784 785/785
f 781/781 785/785 782/782
f 782/782 785/785 786/786
f 782/782 786/786 783/783
f 784/784 787/787 788/788
f 784/784 788/788 785/785
f 785/785 788/788 789/789
f 785/785 789/789 786/786
f 787/787 790/790 791/791
f 787/787 791/791 788/788
f 788/788 791/791 792/792
f 788/788 792/792 789/789
f 790/790 135/135 184/184
f 790/790 184/184 791/791
f 791/791 184/184 185/185
f 791/791 185/185 792/792
f 207/207 136/136 107/107
f 207/207 107/107 793/793
f 794/794 795/795 796/796
f 794/794 796/796 797/797
f 798/798 799/799 795/795
f 798/798 795/795 794/794
f 800/800 801/801 799/799
f 800/800 799/799 798/798
f 802/802 803/803 801/801
f 802/802 801/801 800/800
f 804/804 805/805 803/803
f 804/804 803/803 802/802
f 806/806 807/807 805/805
f 806/806 805/805 804/804
f 808/808 809/809 807/807
f 808/808 807/807 806/806
f 810/810 811/811 809/809
f 810/810 809/809 808/808
f 812/812 813/813 811/811
f 812/812 811/811 810/810
f 814/814 815/815 813/813
f 814/814 813/813 812/812
f 816/816 817/817 815/815
f 816/816 815/815 814/814
f 818/818 819/819 817/817
f 818/818 817/817 816/816
f 820/820 821/821 819/819
f 820/820 819/819 818/818
f 191/191 141/141 821/821
f 191/191 821/821 820/820
f 161/161 142/142 141/141
f 161/161 141/141 191/191
f 201/201 126/126 136/136
f 201/201 136/136 140/140
f 822/822 823/823 824/824
f 822/822 824/824 825/825
f 826/826 827/827 823/823
f 826/826 823/823 822/822
f 828/828 829/829 827/827
f 828/828 827/827 826/826
f 830/830 831/831 829/829
f 830/830 829/829 828/828
f 832/832 833/833 831/831
f 832/832 831/831 830/830
f 834/834 835/835 833/833
f 834/834 833/833 832/832
f 836/836 837/837 835/835
f 836/836 835/835 834/834
f 838/838 839/839 837/837
f 838/838 837/837 836/836
f 840/840 841/841 839/839
f 840/840 839/839 838/838
f 842/842 843/843 841/841
f 842/842 841/841 840/840
f 844/844 845/845 843/843
f 844/844 843/843 842/842
f 846/846 847/847 845/845
f 846/846 845/845 844/844
f 848/848 849/849 847/847
f 848/848 847/847 846/846
f 211/211 131/131 849/849
f 211/211 849/849 848/848
f 142/142 132/132 131/131
f 142/142 131/131 211/211
f 186/186 850/850 851/851
f 186/186 851/851 187/187
f 187/187 851/851 852/852
f 187/187 852/852 137/137
f 850/850 853/853 854/854
f 850/850 854/854 851/851
f 851/851 854/854 855/855
f 851/851 855/855 852/852
f 853/853 856/856 857/857
f 853/853 857/857 854/854
f 854/854 857/857 858/858
f 854/854 858/858 855/855
f 856/856 859/859 860/860
f 856/856 860/860 857/857
f 857/857 860/860 861/861
f 857/857 861/861 858/858
f 859/859 862/862 863/863
f 859/859 863/863 860/860
f 860/860 863/863 864/864
f 860/860 864/864 861/861
f 862/862 865/865 866/866
f 862/862 866/866 863/863
f 863/863 866/866 867/867
f 863/863 867/867 864/864
f 865/865 868/868 869/869
f 865/865 869/869 866/866
f 866/866 869/869 870/870
f 866/866 870/870 867/867
f 868/868 871/871 872/872
f 868/868 872/872 869/869
f 869/869 872/872 873/873
f 869/869 873/873 870/870
f 871/871 874/874 875/875
f 871/871 875/875 872/872
f 872/872 875/875 876/876
f 872/872 876/876 873/873
f 874/874 877/877 878/878
f 874/874 878/878 875/875
f 875/875 878/878 879/879
f 875/875 879/879 876/876
f 877/877 880/880 881/881
f 877/877 881/881 878/878
f 878/878 881/881 882/882
f 878/878 882/882 879/879
f 880/880 883/883 884/884
f 880/880 884/884 881/881
f 881/881 884/884 885/885
f 881/881 885/885 882/882
f 883/883 886/886 887/887
f 883/883 887/887 884/884
f 884/884 887/887 888/888
f 884/884 888/888 885/885
f 886/886 145/145 188/188
f 886/886 188/188 887/887
f 887/887 188/188 189/189
f 887/887 189/189 888/888
f 108/108 147/147 889/889
f 108/108 889/889 109/109
f 109/109 889/889 890/890
f 109/109 890/890 110/110
f 890/890 891/891 798/798
f 890/890 798/798 794/794
f 147/147 148/148 892/892
f 147/147 892/892 889/889
f 889/889 892/892 891/891
f 889/889 891/891 890/890
f 891/891 893/893 800/800
f 891/891 800/800 798/798
f 148/148 149/149 894/894
f 148/148 894/894 892/892
f 892/892 894/894 893/893
f 892/892 893/893 891/891
f 893/893 895/895 802/802
f 893/893 802/802 800/800
f 149/149 150/150 896/896
f 149/149 896/896 894/894
f 894/894 896/896 895/895
f 894/894 895/895 893/893
f 895/895 897/897 804/804
f 895/895 804/804 802/802
f 150/150 151/151 898/898
f 150/150 898/898 896/896
f 896/896 898/898 897/897
f 896/896 897/897 895/895
f 897/897 899/899 806/806
f 897/897 806/806 804/804
f 151/151 152/152 900/900
f 151/151 900/900 898/898
f 898/898 900/900 899/899
f 898/898 899/899 897/897
f 899/899 901/901 808/808
f 899/899 808/808 806/806
f 152/152 153/153 902/902
f 152/152 902/902 900/900
f 900/900 902/902 901/901
f 900/900 901/901 899/899
f 901/901 903/903 810/810
f 901/901 810/810 808/808
f 153/153 154/154 904/904
f 153/153 904/904 902/902
f 902/902 904/904 903/903
f 902/902 903/903 901/901
f 903/903 905/905 812/812
f 903/903 812/812 810/810
f 154/154 155/155 906/906
f 154/154 906/906 904/904
f 904/904 906/906 905/905
f 904/904 905/905 903/903
f 905/905 907/907 814/814
f 905/905 814/814 812/812
f 155/155 156/156 908/908
f 155/155 908/908 906/906
f 906/906 908/908 907/907
f 906/906 907/907 905/905
f 907/907 909/909 816/816
f 907/907 816/816 814/814
f 156/156 157/157 910/910
f 156/156 910/910 908/908
f 908/908 910/910 909/909
f 908/908 909/909 907/907
f 909/909 911/911 818/818
f 909/909 818/818 816/816
f 157/157 158/158 912/912
f 157/157 912/912 910/910
f 910/910 912/912 911/911
f 910/910 911/911 909/909
f 911/911 913/913 820/820
f 911/911 820/820 818/818
f 158/158 159/159 914/914
f 158/158 914/914 912/912
f 912/912 914/914 913/913
f 912/912 913/913 911/911
f 913/913 190/190 191/191
f 913/913 191/191 820/820
f 159/159 160/160 192/192
f 159/159 192/192 914/914
f 914/914 192/192 190/190
f 914/914 190/190 913/913
f 658/658 915/915 193/193
f 658/658 193/193 164/164
f 193/193 916/916 917/917
f 193/193 917/917 194/194
f 194/194 917/917 165/165
f 194/194 165/165 162/162
f 660/660 664/664 918/918
f 660/660 918/918 916/916
f 916/916 918/918 919/919
f 916/916 919/919 917/917
f 917/917 919/919 166/166
f 917/917 166/166 165/165
f 664/664 666/666 920/920
f 664/664 920/920 918/918
f 918/918 920/920 921/921
f 918/918 921/921 919/919
f 919/919 921/921 167/167
f 919/919 167/167 166/166
f 666/666 668/668 922/922
f 666/666 922/922 920/920
f 920/920 922/922 923/923
f 920/920 923/923 921/921
f 921/921 923/923 168/168
f 921/921 168/168 167/167
f 668/668 670/670 924/924
f 668/668 924/924 922/922
f 922/922 924/924 925/925
f 922/922 925/925 923/923
f 923/923 925/925 169/169
f 923/923 169/169 168/168
f 670/670 672/672 926/926
f 670/670 926/926 924/924
f 924/924 926/926 927/927
f 924/924 927/927 925/925
f 925/925 927/927 170/170
f 925/925 170/170 169/169
f 672/672 674/674 928/928
f 672/672 928/928 926/926
f 926/926 928/928 929/929
f 926/926 929/929 927/927
f 927/927 929/929 171/171
f 927/927 171/171 170/170
f 674/674 676/676 930/930
f 674/674 930/930 928/928
f 928/928 930/930 931/931
f 928/928 931/931 929/929
f 929/929 931/931 172/172
f 929/929 172/172 171/171
f 676/676 678/678 932/932
f 676/676 932/932 930/930
f 930/930 932/932 933/933
f 930/930 933/933 931/931
f 931/931 933/933 173/173
f 931/931 173/173 172/172
f 678/678 680/680 934/934
f 678/678 934/934 932/932
f 932/932 934/934 935/935
f 932/932 935/935 933/933
f 933/933 935/935 174/174
f 933/933 174/174 173/173
f 680/680 682/682 936/936
f 680/680 936/936 934/934
f 934/934 936/936 937/937
f 934/934 937/937 935/935
f 935/935 937/937 175/175
f 935/935 175/175 174/174
f 682/682 684/684 938/938
f 682/682 938/938 936/936
f 936/936 938/938 939/939
f 936/936 939/939 937/937
f 937/937 939/939 176/176
f 937/937 176/176 175/175
f 684/684 686/686 940/940
f 684/684 940/940 938/938
f 938/938 940/940 941/941
f 938/938 941/941 939/939
f 939/939 941/941 177/177
f 939/939 177/177 176/176
f 686/686 111/111 113/113
f 686/686 113/113 940/940
f 940/940 113/113 114/114
f 940/940 114/114 941/941
f 941/941 114/114 115/115
f 941/941 115/115 177/177
f 119/119 942/942 659/659
f 119/119 659/659 662/662
f 117/117 689/689 943/943
f 117/117 943/943 118/118
f 118/118 943/943 942/942
f 118/118 942/942 119/119
f 196/196 944/944 945/945
f 196/196 945/945 197/197
f 197/197 945/945 687/687
f 197/197 687/687 178/178
f 942/942 946/946 663/663
f 942/942 663/663 659/659
f 689/689 692/692 947/947
f 689/689 947/947 943/943
f 943/943 947/947 946/946
f 943/943 946/946 942/942
f 727/727 731/731 948/948
f 727/727 948/948 944/944
f 944/944 948/948 949/949
f 944/944 949/949 945/945
f 945/945 949/949 690/690
f 945/945 690/690 687/687
f 946/946 950/950 665/665
f 946/946 665/665 663/663
f 692/692 695/695 951/951
f 692/692 951/951 947/947
f 947/947 951/951 950/950
f 947/947 950/950 946/946
f 731/731 733/733 952/952
f 731/731 952/952 948/948
f 948/948 952/952 953/953
f 948/948 953/953 949/949
f 949/949 953/953 693/693
f 949/949 693/693 690/690
f 950/950 954/954 667/667
f 950/950 667/667 665/665
f 695/695 698/698 955/955
f 695/695 955/955 951/951
f 951/951 955/955 954/954
f 951/951 954/954 950/950
f 733/733 735/735 956/956
f 733/733 956/956 952/952
f 952/952 956/956 957/957
f 952/952 957/957 953/953
f 953/953 957/957 696/696
f 953/953 696/696 693/693
f 954/954 958/958 669/669
f 954/954 669/669 667/667
f 698/698 701/701 959/959
f 698/698 959/959 955/955
f 955/955 959/959 958/958
f 955/955 958/958 954/954
f 735/735 737/737 960/960
f 735/735 960/960 956/956
f 956/956 960/960 961/961
f 956/956 961/961 957/957
f 957/957 961/961 699/699
f 957/957 699/699 696/696
f 958/958 962/962 671/671
f 958/958 671/671 669/669
f 701/701 704/704 963/963
f 701/701 963/963 959/959
f 959/959 963/963 962/962
f 959/959 962/962 958/958
f 737/737 739/739 964/964
f 737/737 964/964 960/960
f 960/960 964/964 965/965
f 960/960 965/965 961/961
f 961/961 965/965 702/702
f 961/961 702/702 699/699
f 962/962 966/966 673/673
f 962/962 673/673 671/671
f 704/704 707/707 967/967
f 704/704 967/967 963/963
f 963/963 967/967 966/966
f 963/963 966/966 962/962
f 739/739 741/741 968/968
f 739/739 968/968 964/964
f 964/964 968/968 969/969
f 964/964 969/969 965/965
f 965/965 969/969 705/705
f 965/965 705/705 702/702
f 966/966 970/970 675/675
f 966/966 675/675 673/673
f 707/707 710/710 971/971
f 707/707 971/971 967/967
f 967/967 971/971 970/970
f 967/967 970/970 966/966
f 741/741 743/743 972/972
f 741/741 972/972 968/968
f 968/968 972/972 973/973
f 968/968 973/973 969/969
f 969/969 973/973 708/708
f 969/969 708/708 705/705
f 970/970 974/974 677/677
f 970/970 677/677 675/675
f 710/710 713/713 975/975
f 710/710 975/975 971/971
f 971/971 975/975 974/974
f 971/971 974/974 970/970
f 743/743 745/745 976/976
f 743/743 976/976 972/972
f 972/972 976/976 977/977
f 972/972 977/977 973/973
f 973/973 977/977 711/711
f 973/973 711/711 708/708
f 974/974 978/978 679/679
f 974/974 679/679 677/677
f 713/713 716/716 979/979
f 713/713 979/979 975/975
f 975/975 979/979 978/978
f 975/975 978/978 974/974
f 745/745 747/747 980/980
f 745/745 980/980 976/976
f 976/976 980/980 981/981
f 976/976 981/981 977/977
f 977/977 981/981 714/714
f 977/977 714/714 711/711
f 978/978 982/982 681/681
f 978/978 681/681 679/679
f 716/716 719/719 983/983
f 716/716 983/983 979/979
f 979/979 983/983 982/982
f 979/979 982/982 978/978
f 747/747 749/749 984/984
f 747/747 984/984 980/980
f 980/980 984/984 985/985
f 980/980 985/985 981/981
f 981/981 985/985 717/717
f 981/981 717/717 714/714
f 982/982 986/986 683/683
f 982/982 683/683 681/681
f 719/719 722/722 987/987
f 719/719 987/987 983/983
f 983/983 987/987 986/986
f 983/983 986/986 982/982
f 749/749 751/751 988/988
f 749/749 988/988 984/984
f 984/984 988/988 989/989
f 984/984 989/989 985/985
f 985/985 989/989 720/720
f 985/985 720/720 717/717
f 986/986 990/990 685/685
f 986/986 685/685 683/683
f 722/722 725/725 991/991
f 722/722 991/991 987/987
f 987/987 991/991 990/990
f 987/987 990/990 986/986
f 751/751 753/753 992/992
f 751/751 992/992 988/988
f 988/988 992/992 993/993
f 988/988 993/993 989/989
f 989/989 993/993 723/723
f 989/989 723/723 720/720
f 990/990 198/198 199/199
f 990/990 199/199 685/685
f 725/725 181/181 200/200
f 725/725 200/200 991/991
f 991/991 200/200 198/198
f 991/991 198/198 990/990
f 753/753 121/121 123/123
f 753/753 123/123 992/992
f 992/992 123/123 124/124
f 992/992 124/124 993/993
f 993/993 124/124 125/125
f 993/993 125/125 723/723
f 129/129 994/994 726/726
f 129/129 726/726 729/729
f 127/127 756/756 995/995
f 127/127 995/995 128/128
f 128/128 995/995 994/994
f 128/128 994/994 129/129
f 202/202 996/996 997/997
f 202/202 997/997 203/203
f 203/203 997/997 754/754
f 203/203 754/754 182/182
f 994/994 998/998 730/730
f 994/994 730/730 726/726
f 756/756 759/759 999/999
f 756/756 999/999 995/995
f 995/995 999/999 998/998
f 995/995 998/998 994/994
f 823/823 827/827 1000/1000
f 823/823 1000/1000 996/996
f 996/996 1000/1000 1001/1001
f 996/996 1001/1001 997/997
f 997/997 1001/1001 757/757
f 997/997 757/757 754/754
f 998/998 1002/1002 732/732
f 998/998 732/732 730/730
f 759/759 762/762 1003/1003
f 759/759 1003/1003 999/999
f 999/999 1003/1003 1002/1002
f 999/999 1002/1002 998/998
f 827/827 829/829 1004/1004
f 827/827 1004/1004 1000/1000
f 1000/1000 1004/1004 1005/1005
f 1000/1000 1005/1005 1001/1001
f 1001/1001 1005/1005 760/760
f 1001/1001 760/760 757/757
f 1002/1002 1006/1006 734/734
f 1002/1002 734/734 732/732
f 762/762 765/765 1007/1007
f 762/762 1007/1007 1003/1003
f 1003/1003 1007/1007 1006/1006
f 1003/1003 1006/1006 1002/1002
f 829/829 831/831 1008/1008
f 829/829 1008/1008 1004/1004
f 1004/1004 1008/1008 1009/1009
f 1004/1004 1009/1009 1005/1005
f 1005/1005 1009/1009 763/763
f 1005/1005 763/763 760/760
f 1006/1006 1010/1010 736/736
f 1006/1006 736/736 734/734
f 765/765 768/768 1011/1011
f 765/765 1011/1011 1007/1007
f 1007/1007 1011/1011 1010/1010
f 1007/1007 1010/1010 1006/1006
f 831/831 833/833 1012/1012
f 831/831 1012/1012 1008/1008
f 1008/1008 1012/1012 1013/1013
f 1008/1008 1013/1013 1009/1009
f 1009/1009 1013/1013 766/766
f 1009/1009 766/766 763/763
f 1010/1010 1014/1014 738/738
f 1010/1010 738/738 736/736
f 768/768 771/771 1015/1015
f 768/768 1015/1015 1011/1011
f 1011/1011 1015/1015 1014/1014
f 1011/1011 1014/1014 1010/1010
f 833/833 835/835 1016/1016
f 833/833 1016/1016 1012/1012
f 1012/1012 1016/1016 1017/1017
f 1012/1012 1017/1017 1013/1013
f 1013/1013 1017/1017 769/769
f 1013/1013 769/769 766/766
f 1014/1014 1018/1018 740/740
f 1014/1014 740/740 738/738
f 771/771 774/774 1019/1019
f 771/771 1019/1019 1015/1015
f 1015/1015 1019/1019 1018/1018
f 1015/1015 1018/1018 1014/1014
f 835/835 837/837 1020/1020
f 835/835 1020/1020 1016/1016
f 1016/1016 1020/1020 1021/1021
f 1016/1016 1021/1021 1017/1017
f 1017/1017 1021/1021 772/772
f 1017/1017 772/772 769/769
f 1018/1018 1022/1022 742/742
f 1018/1018 742/742 740/740
f 774/774 777/777 1023/1023
f 774/774 1023/1023 1019/1019
f 1019/1019 1023/1023 1022/1022
f 1019/1019 1022/1022 1018/1018
f 837/837 839/839 1024/1024
f 837/837 1024/1024 1020/1020
f 1020/1020 1024/1024 1025/1025
f 1020/1020 1025/1025 1021/1021
f 1021/1021 1025/1025 775/775
f 1021/1021 775/775 772/772
f 1022/1022 1026/1026 744/744
f 1022/1022 744/744 742/742
f 777/777 780/780 1027/1027
f 777/777 1027/1027 1023/1023
f 1023/1023 1027/1027 1026/1026
f 1023/1023 1026/1026 1022/1022
f 839/839 841/841 1028/1028
f 839/839 1028/1028 1024/1024
f 1024/1024 1028/1028 1029/1029
f 1024/1024 1029/1029 1025/1025
f 1025/1025 1029/1029 778/778
f 1025/1025 778/778 775/775
f 1026/1026 1030/1030 746/746
f 1026/1026 746/746 744/744
f 780/780 783/783 1031/1031
f 780/780 1031/1031 1027/1027
f 1027/1027 1031/1031 1030/1030
f 1027/1027 1030/1030 1026/1026
f 841/841 843/843 1032/1032
f 841/841 1032/1032 1028/1028
f 1028/1028 1032/1032 1033/1033
f 1028/1028 1033/1033 1029/1029
f 1029/1029 1033/1033 781/781
f 1029/1029 781/781 778/778
f 1030/1030 1034/1034 748/748
f 1030/1030 748/748 746/746
f 783/783 786/786 1035/1035
f 783/783 1035/1035 1031/1031
f 1031/1031 1035/1035 1034/1034
f 1031/1031 1034/1034 1030/1030
f 843/843 845/845 1036/1036
f 843/843 1036/1036 1032/1032
f 1032/1032 1036/1036 1037/1037
f 1032/1032 1037/1037 1033/1033
f 1033/1033 1037/1037 784/784
f 1033/1033 784/784 781/781
f 1034/1034 1038/1038 750/750
f 1034/1034 750/750 748/748
f 786/786 789/789 1039/1039
f 786/786 1039/1039 1035/1035
f 1035/1035 1039/1039 1038/1038
f 1035/1035 1038/1038 1034/1034
f 845/845 847/847 1040/1040
f 845/845 1040/1040 1036/1036
f 1036/1036 1040/1040 1041/1041
f 1036/1036 1041/1041 1037/1037
f 1037/1037 1041/1041 787/787
f 1037/1037 787/787 784/784
f 1038/1038 1042/1042 752/752
f 1038/1038 752/752 750/750
f 789/789 792/792 1043/1043
f 789/789 1043/1043 1039/1039
f 1039/1039 1043/1043 1042/1042
f 1039/1039 1042/1042 1038/1038
f 847/847 849/849 1044/1044
f 847/847 1044/1044 1040/1040
f 1040/1040 1044/1044 1045/1045
f 1040/1040 1045/1045 1041/1041
f 1041/1041 1045/1045 790/790
f 1041/1041 790/790 787/787
f 1042/1042 204/204 205/205
f 1042/1042 205/205 752/752
f 792/792 185/185 206/206
f 792/792 206/206 1043/1043
f 1043/1043 206/206 204/204
f 1043/1043 204/204 1042/1042
f 849/849 131/131 133/133
f 849/849 133/133 1044/1044
f 1044/1044 133/133 134/134
f 1044/1044 134/134 1045/1045
f 1045/1045 134/134 135/135
f 1045/1045 135/135 790/790
f 139/139 1046/1046 822/822
f 139/139 822/822 825/825
f 137/137 852/852 1047/1047
f 137/137 1047/1047 138/138
f 138/138 1047/1047 1046/1046
f 138/138 1046/1046 139/139
f 208/208 1048/1048 1049/1049
f 208/208 1049/1049 209/209
f 209/209 1049/1049 850/850
f 209/209 850/850 186/186
f 1046/1046 1050/1050 826/826
f 1046/1046 826/826 822/822
f 852/852 855/855 1051/1051
f 852/852 1051/1051 1047/1047
f 1047/1047 1051/1051 1050/1050
f 1047/1047 1050/1050 1046/1046
f 795/795 799/799 1052/1052
f 795/795 1052/1052 1048/1048
f 1048/1048 1052/1052 1053/1053
f 1048/1048 1053/1053 1049/1049
f 1049/1049 1053/1053 853/853
f 1049/1049 853/853 850/850
f 1050/1050 1054/1054 828/828
f 1050/1050 828/828 826/826
f 855/855 858/858 1055/1055
f 855/855 1055/1055 1051/1051
f 1051/1051 1055/1055 1054/1054
f 1051/1051 1054/1054 1050/1050
f 799/799 801/801 1056/1056
f 799/799 1056/1056 1052/1052
f 1052/1052 1056/1056 1057/1057
f 1052/1052 1057/1057 1053/1053
f 1053/1053 1057/1057 856/856
f 1053/1053 856/856 853/853
f 1054/1054 1058/1058 830/830
f 1054/1054 830/830 828/828
f 858/858 861/861 1059/1059
f 858/858 1059/1059 1055/1055
f 1055/1055 1059/1059 1058/1058
f 1055/1055 1058/1058 1054/1054
f 801/801 803/803 1060/1060
f 801/801 1060/1060 1056/1056
f 1056/1056 1060/1060 1061/1061
f 1056/1056 1061/1061 1057/1057
f 1057/1057 1061/1061 859/859
f 1057/1057 859/859 856/856
f 1058/1058 1062/1062 832/832
f 1058/1058 832/832 830/830
f 861/861 864/864 1063/1063
f 861/861 1063/1063 1059/1059
f 1059/1059 1063/1063 1062/1062
f 1059/1059 1062/1062 1058/1058
f 803/803 805/805 1064/1064
f 803/803 1064/1064 1060/1060
f 1060/1060 1064/1064 1065/1065
f 1060/1060 1065/1065 1061/1061
f 1061/1061 1065/1065 862/862
f 1061/1061 862/862 859/859
f 1062/1062 1066/1066 834/834
f 1062/1062 834/834 832/832
f 864/864 867/867 1067/1067
f 864/864 1067/1067 1063/1063
f 1063/1063 1067/1067 1066/1066
f 1063/1063 1066/1066 1062/1062
f 805/805 807/807 1068/1068
f 805/805 1068/1068 1064/1064
f 1064/1064 1068/1068 1069/1069
f 1064/1064 1069/1069 1065/1065
f 1065/1065 1069/1069 865/865
f 1065/1065 865/865 862/862
f 1066/1066 1070/1070 836/836
f 1066/1066 836/836 834/834
f 867/867 870/870 1071/1071
f 867/867 1071/1071 1067/1067
f 1067/1067 1071/1071 1070/1070
f 1067/1067 1070/1070 1066/1066
f 807/807 809/809 1072/1072
f 807/807 1072/1072 1068/1068
f 1068/1068 1072/1072 1073/1073
f 1068/1068 1073/1073 1069/1069
f 1069/1069 1073/1073 868/868
f 1069/1069 868/868 865/865
f 1070/1070 1074/1074 838/838
f 1070/1070 838/838 836/836
f 870/870 873/873 1075/1075
f 870/870 1075/1075 1071/1071
f 1071/1071 1075/1075 1074/1074
f 1071/1071 1074/1074 1070/1070
f 809/809 811/811 1076/1076
f 809/809 1076/1076 1072/1072
f 1072/1072 1076/1076 1077/1077
f 1072/1072 1077/1077 1073/1073
f 1073/1073 1077/1077 871/871
f 1073/1073 871/871 868/868
f 1074/1074 1078/1078 840/840
f 1074/1074 840/840 838/838
f 873/873 876/876 1079/1079
f 873/873 1079/1079 1075/1075
f 1075/1075 1079/1079 1078/1078
f 1075/1075 1078/1078 1074/1074
f 811/811 813/813 1080/1080
f 811/811 1080/1080 1076/1076
f 1076/1076 1080/1080 1081/1081
f 1076/1076 1081/1081 1077/1077
f 1077/1077 1081/1081 874/874
f 1077/1077 874/874 871/871
f 1078/1078 1082/1082 842/842
f 1078/1078 842/842 840/840
f 876/876 879/879 1083/1083
f 876/876 1083/1083 1079/1079
f 1079/1079 1083/1083 1082/1082
f 1079/1079 1082/1082 1078/1078
f 813/813 815/815 1084/1084
f 813/813 1084/1084 1080/1080
f 1080/1080 1084/1084 1085/1085
f 1080/1080 1085/1085 1081/1081
f 1081/1081 1085/1085 877/877
f 1081/1081 877/877 874/874
f 1082/1082 1086/1086 844/844
f 1082/1082 844/844 842/842
f 879/879 882/882 1087/1087
f 879/879 1087/1087 1083/1083
f 1083/1083 1087/1087 1086/1086
f 1083/1083 1086/1086 1082/1082
f 815/815 817/817 1088/1088
f 815/815 1088/1088 1084/1084
f 1084/1084 1088/1088 1089/1089
f 1084/1084 1089/1089 1085/1085
f 1085/1085 1089/1089 880/880
f 1085/1085 880/880 877/877
f 1086/1086 1090/1090 846/846
f 1086/1086 846/846 844/844
f 882/882 885/885 1091/1091
f 882/882 1091/1091 1087/1087
f 1087/1087 1091/1091 1090/1090
f 1087/1087 1090/1090 1086/1086
f 817/817 819/819 1092/1092
f 817/817 1092/1092 1088/1088
f 1088/1088 1092/1092 1093/1093
f 1088/1088 1093/1093 1089/1089
f 1089/1089 1093/1093 883/883
f 1089/1089 883/883 880/880
f 1090/1090 1094/1094 848/848
f 1090/1090 848/848 846/846
f 885/885 888/888 1095/1095
f 885/885 1095/1095 1091/1091
f 1091/1091 1095/1095 1094/1094
f 1091/1091 1094/1094 1090/1090
f 819/819 821/821 1096/1096
f 819/819 1096/1096 1092/1092
f 1092/1092 1096/1096 1097/1097
f 1092/1092 1097/1097 1093/1093
f 1093/1093 1097/1097 886/886
f 1093/1093 886/886 883/883
f 1094/1094 210/210 211/211
f 1094/1094 211/211 848/848
f 888/888 189/189 212/212
f 888/888 212/212 1095/1095
f 1095/1095 212/212 210/210
f 1095/1095 210/210 1094/1094
f 821/821 141/141 143/143
f 821/821 143/143 1096/1096
f 1096/1096 143/143 144/144
f 1096/1096 144/144 1097/1097
f 1097/1097 144/144 145/145
f 1097/1097 145/145 886/886
f 728/728 727/727 944/944
f 728/728 944/944 196/196
f 796/796 795/795 1048/1048
f 796/796 1048/1048 208/208
f 824/824 823/823 996/996
f 824/824 996/996 202/202
f 658/658 120/120 1098/1098
f 658/658 1098/1098 915/915
f 915/915 1098/1098 662/662
f 915/915 662/662 661/661
f 195/195 130/130 129/129
f 195/195 129/129 1099/1099
f 1099/1099 129/129 729/729
f 1099/1099 729/729 728/728
f 797/797 796/796 1100/1100
f 797/797 1100/1100 1101/1101
f 1101/1101 1100/1100 207/207
f 1101/1101 207/207 793/793
f 201/201 140/140 1102/1102
f 201/201 1102/1102 202/202
f 202/202 1102/1102 825/825
f 202/202 825/825 824/824
f 119/119 662/662 1098/1098
f 119/119 1098/1098 120/120
f 196/196 195/195 1099/1099
f 196/196 1099/1099 728/728
f 208/208 207/207 1100/1100
f 208/208 1100/1100 796/796
f 139/139 825/825 1102/1102
f 139/139 1102/1102 140/140
f 348/348 4/4 1/1
f 4/4 348/348 1103/1103
f 1103/1103 348/348 655/655
f 1103/1103 445/445 4/4
f 445/445 1103/1103 655/655
f 445/445 655/655 350/350
f 445/445 350/350 349/349
f 472/472 470/470 88/88
f 470/470 472/472 216/216
f 216/216 472/472 217/217
f 110/110 793/793 107/107
f 793/793 110/110 1104/1104
f 793/793 1104/1104 1101/1101
f 890/890 1104/1104 110/110
f 1104/1104 890/890 1101/1101
f 1101/1101 890/890 797/797
f 797/797 890/890 794/794
f 915/915 916/916 193/193
f 916/916 915/915 661/661
f 916/916 661/661 660/660

