# https://github.com/mikedh/trimesh
v 1.01630940 1.56856940 -1.58687350
v 1.00978869 1.57981897 -1.58690236
v 1.00991281 1.57244483 -1.58701263
v 1.01616541 1.58357364 -1.58693552
v 1.02257917 1.57232416 -1.58706875
v 1.02274403 1.57981809 -1.58697253
v 1.02286243 1.57245471 -1.61706914
v 1.01643783 1.56851422 -1.58690341
v 1.01638990 1.56859280 -1.61713279
v 1.02272442 1.57229942 -1.58691700
v 1.02271532 1.57232515 -1.61707232
v 1.02287581 1.57989664 -1.58690301
v 1.02275215 1.57233339 -1.58685865
v 1.02297440 1.57974410 -1.61689913
v 1.01643569 1.58371902 -1.61702846
v 1.02278733 1.58002534 -1.58673689
v 1.02300631 1.58001054 -1.61701884
v 1.01617132 1.58363769 -1.58687184
v 1.00964448 1.57991532 -1.58689530
v 1.01636843 1.58351559 -1.61712433
v 1.00973266 1.57975334 -1.61687580
v 1.01624506 1.58367220 -1.58696656
v 1.00994173 1.58001109 -1.58687424
v 1.00954975 1.57235219 -1.61698507
v 1.00988175 1.57228284 -1.58675120
v 1.00964116 1.57980595 -1.61695905
v 1.01630146 1.56879033 -1.58692028
v 1.00971229 1.57230772 -1.61716878
v 1.01616414 1.56864832 -1.61699568
v 1.00991183 1.57226869 -1.58676496
v 1.01626664 1.58380112 -1.61710063
v 1.00970170 1.57237266 -1.61694907
v 1.00979450 1.57981381 -1.61719466
v 1.01615132 1.56863510 -1.61695339
v 1.02280282 1.57976322 -1.61696547
v 1.02268729 1.57227299 -1.61699156
v -0.44957617 -4.23027464 -1.61711699
v -0.45585539 -4.24162130 -1.61703587
v -0.45579485 -4.23417304 -1.61690971
v -0.44926811 -4.24526637 -1.61693622
v -0.44274319 -4.23400718 -1.61704896
v -0.44297239 -4.24162744 -1.61713644
v -0.45601396 -4.23406779 -1.58699960
v -0.45597329 -4.24172142 -1.61702901
v -0.45582957 -4.24147658 -1.58694219
v -0.45575886 -4.23394940 -1.61693774
v -0.45611152 -4.23396737 -1.58690559
v -0.44929940 -4.23027621 -1.61701717
v -0.45583364 -4.23413169 -1.61725362
v -0.44935454 -4.23039783 -1.58682894
v -0.44937315 -4.23030600 -1.61714473
v -0.44287756 -4.23409574 -1.58709449
v -0.44279358 -4.23410552 -1.61717952
v -0.44959150 -4.23026153 -1.58697155
v -0.44287957 -4.24163791 -1.61686877
v -0.44282986 -4.23408558 -1.58709467
v -0.44265420 -4.24151850 -1.58683031
v -0.44281977 -4.23399966 -1.61701839
v -0.44276124 -4.24162922 -1.61720935
v -0.44923677 -4.24555398 -1.58696558
v -0.44936443 -4.24546164 -1.61699333
v -0.44284544 -4.24165868 -1.58688694
v -0.44939259 -4.24520993 -1.58690437
v -0.45591580 -4.24181471 -1.61719215
v -0.44923077 -4.24535894 -1.61708609
v -0.45569661 -4.24174623 -1.58700137
v -0.44939218 -4.24529301 -1.58700943
v -0.45593019 -4.23426069 -1.58686525
v -0.45578326 -4.24166277 -1.58692384
v -0.44947706 -4.23036347 -1.58679812
v -0.44281066 -4.24137433 -1.58702223
v -0.44276464 -4.23411478 -1.58688218
v -3.08427565 3.16615834 -1.61714541
v -3.09049075 3.15491341 -1.61726435
v -3.09087524 3.16251968 -1.61710736
v -3.08413409 3.15126113 -1.61707137
v -3.07778569 3.16234549 -1.61712806
v -3.07788930 3.15504608 -1.61689096
v -3.07786684 3.15479910 -1.61723866
v -3.07783658 3.16212797 -1.58705780
v -3.07760258 3.15488564 -1.58685111
v -3.07778743 3.16263173 -1.61703499
v -3.07777636 3.15518561 -1.61708919
v -3.08440131 3.15117828 -1.58694358
v -3.08416453 3.15106198 -1.61697231
v -3.07764855 3.15485231 -1.58692267
v -3.08436089 3.15140019 -1.58701245
v -3.09085500 3.15481110 -1.61709143
v -3.08427551 3.15123685 -1.61711880
v -3.09082733 3.15477480 -1.58702521
v -3.09052286 3.16255727 -1.58702045
v -3.09094654 3.15482044 -1.61705785
v -3.09080451 3.15484437 -1.58707273
v -3.09066088 3.16249625 -1.61709438
v -3.09083095 3.16239468 -1.58724347
v -3.08426293 3.16610562 -1.61715939
v -3.09087438 3.16252529 -1.61717677
v -3.08442336 3.16628266 -1.58686148
v -3.08437416 3.16627464 -1.61708579
v -3.07770563 3.16231898 -1.58685335
v -3.07761227 3.16251543 -1.61699781
v -3.08466536 3.16624341 -1.58694220
v -3.08429012 3.15109211 -1.58693383
v -3.09076545 3.16242219 -1.58698752
v -3.09068082 3.15480700 -1.58683294
v -3.08425660 3.16613318 -1.58696958
v -3.07783204 3.15499129 -1.58690355
v -3.07779445 3.16233541 -1.58690833
v -0.98272073 -2.83840137 -1.58689721
v -0.98939195 -2.82709170 -1.58697067
v -0.98932259 -2.83478182 -1.58687384
v -0.98284362 -2.82329754 -1.58697574
v -0.97626811 -2.83473657 -1.58681743
v -0.97647760 -2.82720626 -1.58691612
v -0.98266841 -2.82330587 -1.61708222
v -0.97644878 -2.82711849 -1.58694257
v -0.97612628 -2.82703430 -1.61721483
v -0.98261004 -2.82337554 -1.58703155
v -0.98920037 -2.82710384 -1.58697855
v -0.98279718 -2.82324720 -1.61695374
v -0.98949537 -2.82689184 -1.61695855
v -0.98285907 -2.82341939 -1.58704082
v -0.98934026 -2.82716577 -1.58701969
v -0.98926906 -2.83458781 -1.61709740
v -0.98927703 -2.83448402 -1.58705381
v -0.98941547 -2.82700113 -1.61698215
v -0.98279636 -2.83826927 -1.58705316
v -0.98950613 -2.83471524 -1.61704388
v -0.98290222 -2.83844002 -1.61715748
v -0.98941725 -2.83472955 -1.58690248
v -0.97621899 -2.83467528 -1.61707801
v -0.98287997 -2.83833460 -1.58693130
v -0.98265482 -2.83850298 -1.61701904
v -0.97625531 -2.83466286 -1.58688012
v -0.97645017 -2.83440624 -1.61719547
v -0.97620606 -2.82721474 -1.58682139
v -0.97634110 -2.83460915 -1.58693500
v -0.97618734 -2.82713198 -1.61736368
v -0.98289850 -2.82331564 -1.61710215
v -0.98927335 -2.83452046 -1.61707186
v -0.98950722 -2.82695542 -1.61694446
v -0.98285079 -2.83817136 -1.61709267
v -0.97641897 -2.82711483 -1.61694500
v -0.97639830 -2.83442358 -1.61714936
v 0.48291861 1.76784406 -1.58695574
v 0.47641800 1.77892778 -1.58679927
v 0.47629956 1.77149537 -1.58686225
v 0.48292953 1.78292651 -1.58673283
v 0.48945512 1.77168437 -1.58699567
v 0.48935429 1.77914130 -1.58694163
v 0.48937448 1.77159562 -1.61696845
v 0.48280931 1.76775150 -1.58702553
v 0.48272752 1.76790921 -1.61706458
v 0.48942472 1.77141723 -1.58714041
v 0.48923467 1.77167020 -1.61694528
v 0.48937763 1.77899999 -1.58695333
v 0.48931244 1.77151581 -1.58719919
v 0.48925446 1.77906335 -1.61689887
v 0.48283646 1.78299183 -1.61709659
v 0.48931711 1.77867941 -1.58689183
v 0.48939989 1.77926558 -1.61710622
v 0.48282957 1.78277381 -1.58706154
v 0.47623234 1.77904731 -1.58679950
v 0.48282005 1.78276501 -1.61704115
v 0.47632867 1.77901303 -1.61693750
v 0.48262437 1.78282473 -1.58687095
v 0.47616762 1.77912042 -1.58680597
v 0.47635311 1.77137657 -1.61713121
v 0.47643370 1.77158239 -1.58694081
v 0.47635182 1.77915766 -1.61712917
v 0.48278977 1.76780250 -1.58699610
v 0.47629234 1.77168585 -1.61715601
v 0.48301925 1.76798238 -1.61723319
v 0.47629156 1.77158698 -1.58701855
v 0.48274312 1.78282226 -1.61697933
v 0.47625323 1.77174059 -1.61702582
v 0.47629554 1.77923303 -1.61699101
v 0.48285805 1.76775358 -1.61686808
v 0.48942729 1.77906197 -1.61721909
v 0.48938186 1.77143313 -1.61723345
v -3.10493368 2.35165557 -1.32071715
v -3.11373297 2.01745388 -1.32097686
v -3.11376454 2.33440327 -1.32076072
v -3.10489277 2.00021766 -1.32090216
v -3.08742633 2.35661841 -1.32097926
v -3.08744521 1.99515231 -1.32104706
v -2.54409758 2.35653802 -1.32093812
v -2.54423583 1.99519978 -1.32069389
v -2.51795419 2.33443931 -1.32070780
v -2.52673921 2.00024503 -1.32089929
v -2.51785720 2.01736445 -1.32073876
v -2.51804089 2.33430972 -1.32071865
v -2.54421707 2.35653832 -1.32084187
v -2.52686580 2.35176430 -1.32097919
v -0.98621920 -2.08051463 -1.58695121
v -0.99278080 -2.06934556 -1.58689637
v -0.99280442 -2.07671961 -1.58709816
v -0.98626106 -2.06548788 -1.58707001
v -0.97959804 -2.07678842 -1.58704764
v -0.97982274 -2.06941773 -1.58693512
v -0.99281749 -2.06939695 -1.58696434
v -0.98596788 -2.06546291 -1.61697748
v -0.99267574 -2.06917463 -1.61719547
v -0.98624817 -2.06546459 -1.58694226
v -0.99271763 -2.06932460 -1.58696715
v -0.99277789 -2.07703718 -1.61718009
v -0.99264852 -2.07662533 -1.58675268
v -0.99268774 -2.06916320 -1.61696246
v -0.98627527 -2.08072629 -1.58693721
v -0.99288015 -2.07681961 -1.61699350
v -0.98635060 -2.08054719 -1.61692810
v -0.99266033 -2.07673244 -1.58684655
v -0.97948615 -2.07677083 -1.61692918
v -0.98621026 -2.08060707 -1.58690782
v -0.98626632 -2.08060986 -1.61711935
v -0.97990312 -2.07677558 -1.58707122
v -0.97967663 -2.07663642 -1.61711037
v -0.97972163 -2.06911450 -1.58688386
v -0.97956445 -2.07682327 -1.58686297
v -0.97973655 -2.06932565 -1.61699473
v -0.98626555 -2.06541224 -1.61680889
v -0.97984006 -2.06933353 -1.58682446
v -0.97968054 -2.06913550 -1.61716099
v -0.98616932 -2.06550722 -1.58692587
v -0.98616934 -2.06561792 -1.61716763
v -0.99255292 -2.07675615 -1.61704544
v -0.99270232 -2.06921877 -1.61717609
v -0.98630702 -2.08041551 -1.61704079
v -0.97957752 -2.06931837 -1.61691395
v -0.97962979 -2.07673669 -1.61699965
v 0.48273733 1.56838995 -1.58705104
v 0.47647492 1.58000905 -1.58697570
v 0.47627493 1.57245410 -1.58695722
v 0.48268534 1.58376915 -1.58689040
v 0.48908280 1.57231438 -1.58692492
v 0.48939307 1.57989017 -1.58700560
v 0.48280784 1.58366867 -1.61708358
v 0.48930477 1.58000402 -1.58703777
v 0.48930709 1.57966417 -1.61699984
v 0.48290556 1.58369493 -1.58684481
v 0.47635177 1.57990987 -1.58689074
v 0.48279216 1.58376115 -1.61709192
v 0.47615479 1.57996238 -1.61686427
v 0.48272044 1.58362763 -1.58701074
v 0.47626676 1.57987919 -1.58706833
v 0.47627741 1.57219506 -1.61711465
v 0.47618339 1.57223718 -1.58711782
v 0.47643236 1.57992711 -1.61725431
v 0.48275805 1.56851367 -1.58701131
v 0.47615639 1.57242489 -1.61709681
v 0.48286828 1.56863759 -1.61691347
v 0.47611830 1.57252676 -1.58680846
v 0.48940258 1.57259352 -1.61703462
v 0.48290485 1.56850664 -1.58682238
v 0.48283720 1.56853637 -1.61683672
v 0.48931171 1.57234772 -1.58696021
v 0.48926504 1.57240179 -1.61697941
v 0.48937994 1.57963008 -1.58683546
v 0.48930701 1.57222090 -1.58687735
v 0.48940152 1.57976645 -1.61679992
v 0.48269462 1.58345878 -1.61717530
v 0.47645322 1.57232860 -1.61709435
v 0.47629972 1.57981267 -1.61712728
v 0.48275345 1.56865635 -1.61695021
v 0.48923405 1.57989918 -1.61697425
v 0.48923129 1.57229478 -1.61716328
v 0.41384342 1.78285738 -1.61713203
v 0.40752382 1.77154847 -1.61701313
v 0.40742824 1.77901730 -1.61706522
v 0.41397653 1.76771480 -1.61701168
v 0.42057288 1.77909939 -1.61687848
v 0.42043015 1.77160540 -1.61709814
v 0.40748278 1.77899712 -1.58682437
v 0.40747672 1.77167492 -1.61718689
v 0.40740741 1.77145913 -1.58699485
v 0.40738681 1.77907055 -1.61705762
v 0.40745425 1.77902552 -1.58692039
v 0.41406768 1.78275344 -1.61705574
v 0.40745083 1.77913150 -1.61706245
v 0.41397543 1.78274425 -1.58693755
v 0.41388163 1.78290021 -1.61706652
v 0.42049973 1.77899078 -1.58685660
v 0.42056726 1.77917220 -1.61682529
v 0.41397161 1.78297139 -1.58695261
v 0.42053640 1.77158933 -1.61702845
v 0.42056374 1.77905156 -1.58693556
v 0.42055101 1.77173243 -1.58702698
v 0.42030866 1.77903292 -1.61704653
v 0.42051372 1.77156106 -1.61693341
v 0.41407808 1.76778260 -1.58698839
v 0.41394124 1.76775098 -1.61707919
v 0.42033283 1.77150379 -1.58698377
v 0.41395750 1.76776138 -1.58687024
v 0.40740344 1.77150612 -1.61699974
v 0.41395269 1.76781026 -1.61698655
v 0.40750217 1.77157741 -1.58696013
v 0.41404763 1.76780588 -1.58699205
v 0.40744289 1.77895694 -1.58703932
v 0.40726360 1.77148114 -1.58680155
v 0.41391945 1.78292835 -1.58694015
v 0.42042309 1.77169004 -1.58687953
v 0.42031428 1.77919082 -1.58705104
v 0.41395864 1.56865222 -1.58697083
v 0.40757431 1.57995322 -1.58710301
v 0.40740960 1.57237600 -1.58699931
v 0.41395466 1.58372094 -1.58690700
v 0.42040031 1.57236487 -1.58700317
v 0.42036982 1.57975745 -1.58691009
v 0.42049270 1.57234736 -1.61717448
v 0.41395801 1.56847571 -1.58703568
v 0.41395996 1.56843988 -1.61698656
v 0.42075302 1.57239429 -1.58704774
v 0.42046754 1.57218580 -1.61709492
v 0.42054812 1.57993543 -1.58704659
v 0.42052657 1.57246650 -1.58675813
v 0.42042307 1.57978497 -1.61705020
v 0.41367397 1.58358319 -1.61708388
v 0.42044806 1.57971048 -1.58696521
v 0.42041522 1.57995282 -1.61715090
v 0.41394783 1.58361404 -1.58688104
v 0.40719498 1.57983916 -1.58686117
v 0.41393961 1.58348010 -1.61702203
v 0.40749335 1.57984642 -1.61717588
v 0.41390039 1.58360568 -1.58703042
v 0.40725974 1.57979479 -1.58694618
v 0.40740601 1.57233898 -1.61704718
v 0.40755130 1.57257491 -1.58686405
v 0.40731314 1.57959941 -1.61706561
v 0.41398444 1.56846281 -1.58691164
v 0.40737911 1.57238848 -1.61708953
v 0.41401819 1.56840264 -1.61710122
v 0.40744312 1.57219932 -1.58674496
v 0.41392108 1.58378202 -1.61712460
v 0.40743469 1.57246934 -1.61702439
v 0.40747838 1.57990195 -1.61719724
v 0.41393673 1.56848407 -1.61703540
v 0.42043930 1.57986986 -1.61706384
v 0.42049184 1.57234321 -1.61712336
v -0.45282150 -2.27982829 -1.58682953
v -0.45919223 -2.26840391 -1.58679760
v -0.45935304 -2.27593873 -1.58705172
v -0.45274701 -2.26465050 -1.58677335
v -0.44626992 -2.27600133 -1.58682076
v -0.44634317 -2.26842718 -1.58697235
v -0.45932222 -2.26844948 -1.58687886
v -0.45280681 -2.26466129 -1.61703854
v -0.45935949 -2.26830387 -1.61694367
v -0.45280141 -2.26476134 -1.58686066
v -0.45928224 -2.26865508 -1.58683187
v -0.45923005 -2.27579413 -1.61701948
v -0.45921119 -2.27569399 -1.58695823
v -0.45932948 -2.26844094 -1.61693893
v -0.45283300 -2.27985353 -1.58689389
v -0.45956190 -2.27610462 -1.61697415
v -0.45277313 -2.27992787 -1.61685717
v -0.45937696 -2.27604569 -1.58697902
v -0.44618036 -2.27602976 -1.61706486
v -0.45270645 -2.27976849 -1.58693079
v -0.45295864 -2.27971387 -1.61720186
v -0.44641323 -2.27584854 -1.58707350
v -0.44617035 -2.27607148 -1.61712671
v -0.44613890 -2.26857316 -1.58690187
v -0.44614956 -2.27587099 -1.58697524
v -0.44608064 -2.26828656 -1.61689225
v -0.45265174 -2.26465413 -1.61676155
v -0.44595792 -2.26854401 -1.58684484
v -0.44612666 -2.26845718 -1.61704062
v -0.45266191 -2.26460360 -1.58691780
v -0.45267723 -2.26455653 -1.61702360
v -0.45917454 -2.27588902 -1.61688743
v -0.45910395 -2.26842562 -1.61703497
v -0.45283905 -2.27972929 -1.61716384
v -0.44629496 -2.26839733 -1.61706689
v -0.44614009 -2.27605641 -1.61693215
v -3.08087135 2.79185542 -1.58686990
v -3.08740721 2.80297491 -1.58693634
v -3.08733861 2.79556858 -1.58706335
v -3.08078007 2.80676527 -1.58685522
v -3.07446428 2.79556239 -1.58702205
v -3.07437870 2.80299360 -1.58696916
v -3.07445074 2.79548047 -1.61723581
v -3.08079550 2.79183202 -1.58698543
v -3.08102904 2.79166554 -1.61695756
v -3.07432734 2.79546528 -1.58684673
v -3.07449989 2.79543296 -1.61700652
v -3.07440202 2.80296346 -1.58719962
v -3.07432261 2.79552988 -1.58712001
v -3.07432995 2.80302296 -1.61702678
v -3.08078840 2.80671083 -1.61698179
v -3.07432131 2.80310327 -1.58677027
v -3.07432391 2.80296632 -1.61686950
v -3.08100085 2.80673952 -1.58703943
v -3.08743495 2.80313646 -1.58680527
v -3.08083825 2.80672434 -1.61711295
v -3.08748675 2.80312307 -1.61714948
v -3.08079675 2.80678404 -1.58692179
v -3.08726784 2.80297524 -1.58676760
v -3.08757020 2.79541100 -1.61721902
v -3.08750161 2.79555670 -1.58686324
v -3.08739256 2.80305209 -1.61717709
v -3.08102357 2.79176394 -1.58680009
v -3.08746201 2.79536506 -1.61721435
v -3.08095668 2.79189598 -1.61707715
v -3.08753175 2.79543328 -1.58698965
v -3.08085874 2.80671910 -1.61714776
v -3.08744378 2.79554488 -1.61698143
v -3.08736733 2.80297709 -1.61723110
v -3.08096888 2.79176189 -1.61719369
v -3.07436594 2.80296338 -1.61711590
v -3.07427621 2.79551901 -1.61691381
v -0.11959673 1.56870011 -1.58684570
v -0.12632807 1.57986528 -1.58678016
v -0.12593753 1.57230112 -1.58696389
v -0.11963439 1.58365951 -1.58712540
v -0.11308117 1.57246264 -1.58694192
v -0.11301369 1.57986346 -1.58665599
v -0.11939236 1.58355787 -1.61688332
v -0.11298527 1.57995099 -1.58700051
v -0.11307315 1.57995742 -1.61713542
v -0.11958038 1.58373109 -1.58706007
v -0.12616497 1.57993084 -1.58714265
v -0.11957732 1.58360031 -1.61719508
v -0.12613372 1.57994334 -1.61702556
v -0.11959740 1.58369296 -1.58678254
v -0.12615081 1.57988076 -1.58673520
v -0.12595481 1.57243099 -1.61707655
v -0.12610066 1.57246515 -1.58687213
v -0.12602340 1.57982625 -1.61723674
v -0.11948337 1.56851147 -1.58695344
v -0.12594862 1.57243168 -1.61698141
v -0.11926610 1.56870367 -1.61713306
v -0.12610277 1.57258778 -1.58700845
v -0.11298064 1.57252741 -1.61687829
v -0.11950517 1.56860811 -1.58710904
v -0.11959353 1.56854526 -1.61705642
v -0.11300954 1.57236257 -1.58671283
v -0.11292801 1.57237876 -1.61705565
v -0.11299387 1.58000204 -1.58704240
v -0.11298907 1.57223338 -1.58693077
v -0.11296375 1.57996970 -1.61693187
v -0.11943088 1.58380607 -1.61689141
v -0.12598542 1.57238545 -1.61725625
v -0.12598492 1.57987389 -1.61723061
v -0.11954416 1.56868217 -1.61718406
v -0.11284224 1.57992357 -1.61707948
v -0.11299081 1.57243271 -1.61720400
v 1.01650762 1.78276264 -1.61713505
v 1.00990419 1.77163329 -1.61691865
v 1.00988610 1.77912198 -1.61718795
v 1.01624744 1.76780840 -1.61705761
v 1.02260735 1.77919113 -1.61687665
v 1.02297137 1.77144616 -1.61701071
v 1.00955772 1.77925795 -1.58714058
v 1.00982032 1.77167185 -1.61692217
v 1.00981344 1.77140395 -1.58695027
v 1.00975006 1.77912115 -1.61695360
v 1.00984636 1.77930263 -1.58687137
v 1.01625614 1.78301555 -1.61708839
v 1.00980701 1.77910173 -1.61729320
v 1.01632504 1.78287679 -1.58696150
v 1.01628176 1.78271389 -1.61704730
v 1.02297539 1.77906467 -1.58699384
v 1.02275692 1.77929181 -1.61719611
v 1.01638384 1.78285836 -1.58674097
v 1.02295555 1.77154237 -1.61721539
v 1.02296780 1.77923394 -1.58705416
v 1.02289696 1.77146863 -1.58702013
v 1.02265325 1.77917959 -1.61702777
v 1.02287101 1.77170186 -1.61698663
v 1.01635689 1.76786526 -1.58704998
v 1.01629282 1.76766300 -1.61714898
v 1.02281032 1.77166143 -1.58672675
v 1.01618406 1.76780565 -1.58694713
v 1.00983240 1.77161180 -1.61701832
v 1.01619628 1.76782871 -1.61696347
v 1.00972469 1.77175627 -1.58696411
v 1.01623078 1.76781838 -1.58696645
v 1.00963632 1.77908032 -1.58677463
v 1.00998511 1.77149282 -1.58684609
v 1.01631010 1.78287622 -1.58680861
v 1.02290802 1.77156749 -1.58703592
v 1.02270348 1.77907640 -1.58690630
v -0.11944743 1.76786864 -1.58683840
v -0.12626680 1.77917654 -1.58704821
v -0.12590275 1.77158636 -1.58687453
v -0.11955550 1.78287609 -1.58713306
v -0.11286271 1.77151727 -1.58720778
v -0.11286620 1.77925658 -1.58703048
v -0.11285055 1.77147391 -1.61729044
v -0.11953656 1.76782146 -1.58692597
v -0.11948879 1.76781854 -1.61703342
v -0.11299844 1.77148927 -1.58696730
v -0.11301247 1.77152016 -1.61717000
v -0.11303224 1.77909153 -1.58690777
v -0.11298270 1.77153250 -1.58688447
v -0.11289177 1.77915342 -1.61723696
v -0.11954665 1.78291987 -1.61700249
v -0.11290571 1.77911556 -1.58702814
v -0.11284953 1.77894230 -1.61695380
v -0.11950121 1.78269440 -1.58698080
v -0.12589347 1.77902212 -1.58706510
v -0.11952940 1.78276216 -1.61718528
v -0.12597278 1.77916564 -1.61711294
v -0.11944531 1.78280677 -1.58695011
v -0.12600529 1.77923759 -1.58688726
v -0.12612148 1.77160491 -1.61707873
v -0.12606634 1.77146459 -1.58694251
v -0.12602429 1.77904139 -1.61719983
v -0.11967622 1.76780095 -1.58692135
v -0.12579210 1.77153302 -1.61695011
v -0.11937580 1.76778154 -1.61704789
v -0.12606256 1.77173526 -1.58709593
v -0.11950362 1.78299010 -1.61706698
v -0.12607716 1.77157562 -1.61700129
v -0.12595933 1.77911218 -1.61697820
v -0.11940163 1.76767329 -1.61709505
v -0.11288606 1.77913360 -1.61703155
v -0.11290647 1.77165007 -1.61714465
v -0.44947026 -3.42732400 -1.61686429
v -0.45597584 -3.43852770 -1.61707587
v -0.45575998 -3.43116351 -1.61706074
v -0.44921756 -3.44216823 -1.61701431
v -0.44285172 -3.43080165 -1.61722973
v -0.44272317 -3.43845082 -1.61699550
v -0.45583919 -3.43096234 -1.58684429
v -0.45598605 -3.43863244 -1.61703986
v -0.45586130 -3.43848648 -1.58677601
v -0.45592666 -3.43090581 -1.61701688
v -0.45562174 -3.43112872 -1.58699715
v -0.44939054 -3.42706790 -1.61714154
v -0.45569509 -3.43081817 -1.61696708
v -0.44929799 -3.42736567 -1.58692178
v -0.44949135 -3.42724212 -1.61703565
v -0.44285668 -3.43088517 -1.58695400
v -0.44298500 -3.43109330 -1.61718853
v -0.44937601 -3.42707546 -1.58688828
v -0.44278957 -3.43863646 -1.61681145
v -0.44282763 -3.43073341 -1.58703042
v -0.44288348 -3.43823433 -1.58705190
v -0.44278137 -3.43101859 -1.61714087
v -0.44260102 -3.43860735 -1.61696378
v -0.44922896 -3.44238836 -1.58713701
v -0.44952757 -3.44236639 -1.61703363
v -0.44278999 -3.43852299 -1.58695153
v -0.44924244 -3.44220412 -1.58690143
v -0.45593056 -3.43842293 -1.61703792
v -0.44942067 -3.44234334 -1.61692950
v -0.45567569 -3.43855825 -1.58715573
v -0.44928246 -3.44237712 -1.58686481
v -0.45590561 -3.43075280 -1.58692901
v -0.45577325 -3.43862918 -1.58723245
v -0.44932925 -3.42717747 -1.58686608
v -0.44288203 -3.43863713 -1.58710629
v -0.44276745 -3.43091006 -1.58703128
v -0.18839694 1.78277146 -1.61725200
v -0.19484023 1.77163908 -1.61707895
v -0.19500808 1.77906250 -1.61691461
v -0.18812182 1.76781571 -1.61713750
v -0.18202437 1.77892301 -1.61706504
v -0.18179548 1.77157808 -1.61708306
v -0.19502057 1.77891985 -1.58692454
v -0.19494619 1.77168657 -1.61720684
v -0.19468621 1.77148253 -1.58691669
v -0.19483774 1.77904742 -1.61726425
v -0.19491077 1.77924061 -1.58707236
v -0.18853296 1.78282418 -1.61709852
v -0.19499466 1.77900513 -1.61710563
v -0.18838502 1.78286368 -1.58686665
v -0.18830222 1.78288221 -1.61688193
v -0.18170548 1.77878152 -1.58697738
v -0.18198203 1.77901169 -1.61697602
v -0.18836311 1.78280249 -1.58680348
v -0.18197450 1.77154180 -1.61699904
v -0.18181635 1.77896262 -1.58694213
v -0.18173526 1.77158849 -1.58690691
v -0.18178702 1.77909702 -1.61718431
v -0.18185084 1.77159611 -1.61737821
v -0.18826391 1.76782263 -1.58705201
v -0.18841954 1.76776676 -1.61701304
v -0.18185756 1.77167231 -1.58689703
v -0.18842370 1.76773893 -1.58691624
v -0.19478545 1.77162190 -1.61706594
v -0.18832681 1.76778526 -1.61697075
v -0.19496292 1.77161391 -1.58713153
v -0.18829560 1.76781422 -1.58693983
v -0.19508158 1.77924519 -1.58684680
v -0.19485821 1.77159899 -1.58703703
v -0.18828926 1.78300831 -1.58706173
v -0.18154013 1.77150629 -1.58685415
v -0.18190436 1.77912343 -1.58707165
v -2.55087632 4.95651168 -1.58700714
v -2.55733212 4.96793641 -1.58707145
v -2.55743090 4.96032042 -1.58699766
v -2.55091200 4.97162805 -1.58699767
v -2.54424011 4.96031144 -1.58696009
v -2.54428197 4.96794130 -1.58680324
v -2.55082463 4.95642873 -1.58709569
v -2.55753832 4.96019383 -1.61714352
v -2.55081354 4.95634069 -1.61690732
v -2.55719704 4.96044444 -1.58699235
v -2.54424965 4.96021749 -1.61689489
v -2.55093366 4.95648218 -1.58679193
v -2.55055039 4.95652585 -1.61709818
v -2.54453441 4.96049260 -1.58690736
v -2.54446990 4.96040574 -1.61699176
v -2.54431159 4.96777765 -1.58686369
v -2.54425069 4.96036594 -1.58681231
v -2.54415140 4.96791411 -1.61699472
v -2.55094041 4.97149892 -1.61697058
v -2.54420791 4.96788902 -1.58685228
v -2.54433225 4.96789386 -1.61715766
v -2.55080165 4.97171057 -1.58700932
v -2.55710499 4.96795277 -1.58679724
v -2.55082996 4.97147061 -1.61712761
v -2.55725003 4.96780651 -1.61698064
v -2.55079253 4.97155334 -1.58684256
v -2.55716721 4.96775961 -1.58688627
v -2.55729092 4.96034462 -1.61706608
v -2.55743679 4.96046145 -1.58704728
v -2.55739724 4.96790332 -1.61703668
v -2.55089050 4.97154632 -1.61707173
v -2.55735227 4.96038247 -1.61717581
v -2.55726952 4.96799381 -1.61703446
v -2.55090005 4.95646050 -1.61705078
v -2.54433951 4.96796318 -1.61724579
v -2.54410526 4.96010595 -1.61705955
v -0.98631571 -3.06771082 -1.61713672
v -0.99281503 -3.07912180 -1.61709914
v -0.99289804 -3.07151149 -1.61730425
v -0.98608185 -3.08288359 -1.61695796
v -0.97972769 -3.07164062 -1.61698914
v -0.97972599 -3.07924680 -1.61706561
v -0.97980806 -3.07908794 -1.61691387
v -0.97956588 -3.07155834 -1.58695771
v -0.97969832 -3.07915260 -1.58690380
v -0.97968187 -3.07159804 -1.61702865
v -0.97987444 -3.07888410 -1.61699138
v -0.98634788 -3.08283752 -1.58705742
v -0.98625943 -3.08294208 -1.61694358
v -0.97986434 -3.07912329 -1.58711125
v -0.98620573 -3.08288231 -1.58708616
v -0.99254873 -3.07892478 -1.61711500
v -0.98614959 -3.08286483 -1.61703140
v -0.99253917 -3.07911442 -1.58675505
v -0.99272758 -3.07156822 -1.58674500
v -0.99266927 -3.07929693 -1.61703333
v -0.99283043 -3.07925870 -1.58703813
v -0.99266400 -3.07167377 -1.61720164
v -0.99273706 -3.07151665 -1.58701264
v -0.98633884 -3.06802060 -1.61713694
v -0.99261036 -3.07145481 -1.61697485
v -0.98622176 -3.06778233 -1.58680934
v -0.98629353 -3.06775803 -1.61725025
v -0.97959490 -3.07160522 -1.58706017
v -0.97958553 -3.07167355 -1.61714637
v -0.98604454 -3.06790399 -1.58700846
v -0.98627433 -3.08276819 -1.58713059
v -0.99256833 -3.07158372 -1.58697335
v -0.99279057 -3.07910166 -1.58678836
v -0.98618158 -3.06789224 -1.58697651
v -0.97961021 -3.07907778 -1.58696719
v -0.97960295 -3.07152116 -1.58705211
v -1.22490768 2.13082726 -1.32065771
v -1.23365185 1.79650541 -1.32070981
v -1.23338683 2.11354618 -1.32072062
v -1.22463178 1.77922630 -1.32105893
v -1.20736220 2.13576271 -1.32080658
v -1.20732005 1.77424617 -1.32101561
v -0.91157773 2.13571185 -1.32101297
v -0.91140537 1.77425235 -1.32089408
v -0.89374241 2.13078045 -1.32088553
v -0.89398034 1.77913129 -1.32071136
v -0.88502211 2.11348436 -1.32082624
v -0.88517938 1.79656102 -1.32098898
v -3.08424722 4.77255774 -1.61700915
v -3.09086918 4.76120488 -1.61685344
v -3.09073245 4.76864837 -1.61713838
v -3.08422981 4.75754241 -1.61726410
v -3.07763566 4.76865360 -1.61689870
v -3.07775006 4.76088261 -1.61684921
v -3.07785682 4.76118941 -1.61706854
v -3.07774091 4.76865255 -1.58699580
v -3.07771750 4.76113841 -1.58685633
v -3.07772388 4.76867129 -1.61691786
v -3.07783018 4.76111383 -1.61700583
v -3.08416773 4.75733686 -1.58692901
v -3.08431061 4.75747182 -1.61708858
v -3.07766588 4.76109602 -1.58693610
v -3.08440150 4.75734931 -1.58694237
v -3.09096167 4.76102993 -1.61710232
v -3.08443313 4.75721746 -1.61690323
v -3.09091472 4.76101790 -1.58708377
v -3.09068106 4.76873335 -1.58690636
v -3.09079939 4.76105565 -1.61708478
v -3.09087789 4.76117470 -1.58686765
v -3.09071364 4.76885038 -1.61698214
v -3.09074243 4.76874220 -1.58709891
v -3.08427441 4.77224579 -1.61689208
v -3.09085914 4.76882184 -1.61694546
v -3.08433206 4.77223055 -1.58705564
v -3.08416739 4.77236909 -1.61720866
v -3.07776008 4.76881351 -1.58677273
v -3.07778578 4.76867020 -1.61699192
v -3.08442801 4.77234718 -1.58698126
v -3.08423308 4.75729063 -1.58708394
v -3.09077455 4.76857185 -1.58706639
v -3.09093494 4.76108349 -1.58678910
v -3.08429297 4.77251342 -1.58717179
v -3.07782362 4.76097636 -1.58696772
v -3.07765710 4.76858174 -1.58706811
v -2.55071001 3.35028748 -1.58691131
v -2.55737596 3.36171094 -1.58697923
v -2.55722482 3.35419468 -1.58670961
v -2.55081640 3.36532049 -1.58705971
v -2.54433673 3.35416925 -1.58701341
v -2.54411768 3.36167814 -1.58704065
v -2.55085602 3.35030029 -1.58692107
v -2.55741326 3.35426309 -1.61709245
v -2.55083267 3.35046192 -1.61713304
v -2.55730727 3.35431591 -1.58689697
v -2.54424449 3.35408109 -1.61715848
v -2.55062709 3.35034979 -1.58674307
v -2.55087889 3.35049626 -1.61707682
v -2.54423176 3.35425634 -1.58689382
v -2.54419183 3.35396863 -1.61710325
v -2.54406326 3.36163369 -1.58690655
v -2.54429178 3.35406606 -1.58709417
v -2.54439308 3.36183157 -1.61706375
v -2.55093116 3.36532787 -1.61696516
v -2.54437294 3.36159268 -1.58705511
v -2.54440523 3.36182810 -1.61707015
v -2.55084138 3.36535919 -1.58686578
v -2.55730077 3.36168767 -1.58692536
v -2.55084509 3.36537167 -1.61723514
v -2.55735803 3.36188135 -1.61718386
v -2.55080765 3.36545620 -1.58681594
v -2.55703198 3.36161634 -1.58703031
v -2.55719739 3.35415245 -1.61684789
v -2.55723205 3.35406118 -1.58695988
v -2.55726334 3.36170923 -1.61717296
v -2.55100727 3.36525545 -1.61699169
v -2.55732299 3.35394048 -1.61711258
v -2.55750762 3.36163017 -1.61714514
v -2.55086586 3.35035763 -1.61703667
v -2.54426874 3.36179111 -1.61680705
v -2.54418672 3.35411077 -1.61697773
v -3.08096151 3.59473782 -1.58702967
v -3.08739406 3.60624666 -1.58670927
v -3.08728724 3.59865956 -1.58701073
v -3.08087830 3.60993876 -1.58695214
v -3.07419927 3.59850247 -1.58701341
v -3.07435275 3.60632619 -1.58712712
v -3.07447966 3.59872065 -1.61712581
v -3.08067310 3.59473827 -1.58682849
v -3.08089536 3.59487087 -1.61716275
v -3.07455834 3.59866762 -1.58699427
v -3.07448718 3.59847294 -1.61716370
v -3.07425202 3.60602297 -1.58699564
v -3.07418852 3.59854259 -1.58694007
v -3.07435404 3.60608783 -1.61712676
v -3.08075386 3.60991561 -1.61712069
v -3.07453548 3.60599864 -1.58704554
v -3.07461525 3.60623998 -1.61704496
v -3.08083068 3.60973564 -1.58698970
v -3.08744917 3.60612629 -1.58696084
v -3.08101509 3.60999552 -1.61698201
v -3.08741657 3.60622531 -1.61693048
v -3.08074195 3.60989938 -1.58697207
v -3.08747398 3.60621072 -1.58701209
v -3.08751887 3.59864473 -1.61700140
v -3.08735843 3.59849944 -1.58690836
v -3.08732958 3.60606880 -1.61708328
v -3.08091707 3.59498055 -1.58684625
v -3.08756307 3.59842993 -1.61698824
v -3.08090829 3.59487843 -1.61702803
v -3.08731982 3.59841907 -1.58699620
v -3.08086025 3.60990678 -1.61715367
v -3.08747888 3.59852670 -1.61705091
v -3.08735180 3.60608996 -1.61707137
v -3.08110299 3.59471347 -1.61686373
v -3.07456957 3.60625969 -1.61708636
v -3.07459530 3.59873822 -1.61692262
v -3.08432699 4.95662511 -1.58697610
v -3.09080283 4.96785260 -1.58696317
v -3.09075383 4.96035548 -1.58699338
v -3.08424426 4.97156050 -1.58692541
v -3.07778825 4.96032562 -1.58677358
v -3.07780450 4.96768394 -1.58677425
v -3.09077784 4.96776805 -1.58696510
v -3.08436948 4.97171145 -1.61698147
v -3.09074304 4.96785818 -1.61726750
v -3.08439776 4.97164382 -1.58721406
v -3.09081631 4.96772926 -1.58687371
v -3.09082846 4.96042516 -1.61702035
v -3.09079633 4.96021480 -1.58687429
v -3.09056183 4.96765835 -1.61716127
v -3.08410266 4.95658831 -1.58696989
v -3.09072717 4.96034997 -1.61712285
v -3.08434408 4.95662387 -1.61701977
v -3.09069656 4.96038322 -1.58700281
v -3.07757906 4.96022000 -1.61710222
v -3.08435593 4.95639031 -1.58687482
v -3.08438388 4.95646452 -1.61695772
v -3.07764726 4.96025123 -1.58707465
v -3.07774761 4.96015016 -1.61715989
v -3.07777695 4.96781902 -1.58699673
v -3.07775186 4.96045860 -1.58687435
v -3.07759406 4.96792813 -1.61703129
v -3.08440054 4.97147609 -1.61705743
v -3.07777911 4.96773866 -1.58689685
v -3.07761012 4.96782834 -1.61704642
v -3.08433152 4.97154317 -1.58673497
v -3.08440495 4.97159769 -1.61710158
v -3.09081948 4.96042385 -1.61695244
v -3.09082261 4.96795168 -1.61713464
v -3.08423809 4.95671953 -1.61711509
v -3.07771559 4.96799050 -1.61714250
v -3.07773016 4.96028297 -1.61717091
v -3.08084439 2.59243704 -1.58676826
v -3.08742218 2.60379768 -1.58693541
v -3.08741368 2.59626676 -1.58693372
v -3.08094573 2.60753177 -1.58688509
v -3.07461322 2.59620463 -1.58693875
v -3.07435665 2.60377900 -1.58692554
v -3.08092240 2.60739087 -1.61695834
v -3.07436435 2.60372033 -1.58678697
v -3.07432196 2.60375468 -1.61694115
v -3.08083044 2.60766926 -1.58700193
v -3.08748193 2.60373430 -1.58699564
v -3.08112565 2.60769564 -1.61717787
v -3.08736535 2.60368505 -1.61704359
v -3.08100965 2.60758141 -1.58710522
v -3.08748558 2.60388770 -1.58691750
v -3.08740661 2.59619853 -1.61728304
v -3.08751675 2.59623450 -1.58678653
v -3.08736537 2.60385218 -1.61711591
v -3.08096171 2.59259072 -1.58697815
v -3.08745919 2.59648590 -1.61715731
v -3.08091538 2.59249857 -1.61712310
v -3.08757042 2.59641908 -1.58708584
v -3.07448603 2.59631391 -1.61718442
v -3.08090236 2.59249785 -1.58696415
v -3.08090073 2.59237863 -1.61711256
v -3.07425913 2.59640786 -1.58699975
v -3.07427980 2.59619010 -1.61719686
v -3.07460089 2.60370422 -1.58689204
v -3.07442579 2.59645937 -1.58685275
v -3.07442875 2.60379632 -1.61707803
v -3.08078282 2.60754370 -1.61705718
v -3.08750044 2.59642181 -1.61709182
v -3.08749126 2.60366208 -1.61695567
v -3.08094748 2.59251713 -1.61709817
v -3.07441140 2.60361422 -1.61713689
v -3.07450425 2.59651286 -1.61691627
v -0.45266706 -2.08029314 -1.58680819
v -0.45937015 -2.06938871 -1.58691268
v -0.45923814 -2.07676461 -1.58702579
v -0.45252138 -2.06552798 -1.58682445
v -0.44603791 -2.07684708 -1.58688074
v -0.44602408 -2.06910474 -1.58686259
v -0.45266689 -2.08054238 -1.58680908
v -0.45917061 -2.07677363 -1.61710537
v -0.45285241 -2.08056850 -1.61686346
v -0.45928101 -2.07685287 -1.58696531
v -0.44621100 -2.07684438 -1.61698987
v -0.45267868 -2.08042810 -1.58687814
v -0.45269310 -2.08076822 -1.61703604
v -0.44625657 -2.07667495 -1.58693280
v -0.44626790 -2.07684273 -1.61718081
v -0.44624564 -2.06922305 -1.58681839
v -0.44613516 -2.07670269 -1.58684817
v -0.44622246 -2.06910527 -1.61719636
v -0.45269963 -2.06554606 -1.61725988
v -0.44601725 -2.06946245 -1.58686905
v -0.44600336 -2.06927670 -1.61706839
v -0.45290894 -2.06551749 -1.58679022
v -0.45928500 -2.06935653 -1.58718010
v -0.45257933 -2.06544902 -1.61708771
v -0.45912302 -2.06931061 -1.61709102
v -0.45249255 -2.06558441 -1.58691035
v -0.45920782 -2.06924559 -1.58693975
v -0.45936621 -2.07680073 -1.61708154
v -0.45930020 -2.07687278 -1.58704409
v -0.45931474 -2.06921333 -1.61705267
v -0.45254105 -2.06542919 -1.61711804
v -0.45928676 -2.07680440 -1.61709268
v -0.45923057 -2.06905475 -1.61707218
v -0.45269874 -2.08067388 -1.61721176
v -0.44620300 -2.06929887 -1.61703557
v -0.44604851 -2.07683934 -1.61712731
v -2.54732303 3.60983741 -1.61704958
v -2.55396846 3.59878185 -1.61722975
v -2.55404249 3.60618583 -1.61693545
v -2.54753083 3.59494532 -1.61710429
v -2.54096140 3.60605325 -1.61701891
v -2.54083607 3.59849680 -1.61703421
v -2.55399707 3.60599501 -1.58676438
v -2.55405766 3.59859795 -1.61717610
v -2.55400217 3.59859675 -1.58692278
v -2.55406349 3.60610606 -1.61701931
v -2.55380390 3.60620108 -1.58682844
v -2.54735879 3.60981346 -1.61708952
v -2.55386369 3.60604732 -1.61717160
v -2.54742885 3.60969433 -1.58702047
v -2.54754227 3.60983981 -1.61691969
v -2.54064618 3.60617985 -1.58703892
v -2.54081056 3.60616199 -1.61711788
v -2.54733312 3.60983246 -1.58699946
v -2.54088029 3.59865829 -1.61709365
v -2.54084946 3.60592911 -1.58690923
v -2.54093575 3.59853322 -1.58720092
v -2.54103623 3.60593779 -1.61699286
v -2.54098166 3.59861563 -1.61698733
v -2.54748087 3.59471695 -1.58681419
v -2.54739720 3.59469571 -1.61700580
v -2.54095494 3.59863546 -1.58685397
v -2.54750888 3.59487419 -1.58725119
v -2.55390089 3.59838446 -1.61679412
v -2.54738766 3.59475980 -1.61693823
v -2.55403872 3.59859968 -1.58696898
v -2.54742419 3.59476539 -1.58689414
v -2.55403410 3.60613012 -1.58687443
v -2.55401916 3.59867383 -1.58688921
v -2.54745491 3.60982931 -1.58694454
v -2.54093310 3.59853416 -1.58695322
v -2.54090820 3.60612952 -1.58679253
v -1.00673912 -3.07920253 -1.32079719
v -1.01575341 -3.41365227 -1.32087444
v -1.01556814 -3.09639931 -1.32100165
v -1.00701713 -3.43061308 -1.32070339
v -0.98945694 -3.07434668 -1.32084556
v -0.98927790 -3.43579819 -1.32078963
v -0.44610692 -3.07430757 -1.32074164
v -0.44612007 -3.43588031 -1.32075748
v -0.42874426 -3.07919754 -1.32082333
v -0.42879508 -3.43076004 -1.32091662
v -0.41980846 -3.09656528 -1.32074619
v -0.41991009 -3.41358053 -1.32092333
v -3.08435708 3.35033844 -1.58691735
v -3.09075007 3.36166269 -1.58698663
v -3.09096948 3.35422792 -1.58699207
v -3.08423342 3.36531120 -1.58678279
v -3.07766524 3.35403842 -1.58690350
v -3.07759783 3.36163913 -1.58711562
v -3.09076082 3.36184863 -1.58710485
v -3.08416883 3.36539735 -1.61706501
v -3.09078826 3.36165868 -1.61696626
v -3.08439544 3.36541254 -1.58703637
v -3.09086097 3.36196509 -1.58702709
v -3.09076165 3.35416211 -1.61725430
v -3.09092685 3.35394241 -1.58695535
v -3.09094418 3.36156454 -1.61721447
v -3.08420522 3.35042814 -1.58678568
v -3.09082631 3.35420680 -1.61693865
v -3.08405836 3.35023703 -1.61713944
v -3.09090964 3.35398688 -1.58686558
v -3.07766145 3.35398572 -1.61716795
v -3.08424243 3.35031547 -1.58691582
v -3.08429240 3.35047608 -1.61693895
v -3.07792622 3.35427079 -1.58698940
v -3.07785420 3.35419281 -1.61715697
v -3.07786695 3.36162170 -1.58679863
v -3.07792498 3.35402262 -1.58711461
v -3.07786151 3.36164203 -1.61719218
v -3.08424278 3.36543240 -1.61698082
v -3.07753808 3.36155510 -1.58698931
v -3.07779937 3.36161061 -1.61701382
v -3.08421281 3.36536908 -1.58680168
v -3.08430302 3.36540945 -1.61714768
v -3.09073897 3.35420759 -1.61705528
v -3.09103096 3.36163217 -1.61699416
v -3.08431809 3.35035635 -1.61700252
v -3.07792514 3.36173967 -1.61725158
v -3.07772693 3.35418991 -1.61710752
v -2.55075975 4.75739456 -1.58699433
v -2.55735106 4.76872151 -1.58690757
v -2.55724497 4.76114909 -1.58699823
v -2.55091751 4.77229662 -1.58707758
v -2.54448283 4.76104550 -1.58703254
v -2.54426824 4.76861468 -1.58690067
v -2.55719060 4.76853677 -1.58696520
v -2.55084751 4.77231192 -1.61717882
v -2.55730095 4.76866559 -1.61708404
v -2.55074990 4.77243462 -1.58683458
v -2.55730265 4.76865416 -1.58682329
v -2.55735180 4.76115439 -1.61695231
v -2.55721370 4.76119267 -1.58687460
v -2.55733633 4.76874020 -1.61710739
v -2.55085159 4.75732147 -1.58688319
v -2.55714053 4.76124333 -1.61692343
v -2.55073650 4.75735955 -1.61714513
v -2.55736749 4.76112104 -1.58676259
v -2.54421501 4.76114516 -1.61699514
v -2.55094683 4.75727511 -1.58688584
v -2.55070215 4.75728206 -1.61699748
v -2.54446974 4.76115878 -1.58679152
v -2.54429561 4.76104291 -1.61677841
v -2.54426976 4.76878151 -1.58700652
v -2.54439790 4.76094826 -1.58683620
v -2.54444648 4.76843175 -1.61711883
v -2.55084832 4.77237384 -1.61718370
v -2.54435846 4.76864422 -1.58713934
v -2.54426476 4.76870102 -1.61691320
v -2.55076094 4.77252215 -1.58690812
v -2.55065341 4.77241556 -1.61683928
v -2.55724504 4.76104888 -1.61703622
v -2.55748741 4.76876366 -1.61708363
v -2.55068050 4.75757213 -1.61705426
v -2.54427094 4.76862268 -1.61701672
v -2.54404549 4.76123948 -1.61703035
v -3.08077646 3.39540543 -1.58692670
v -3.08771719 3.40702586 -1.58716401
v -3.08736763 3.39928887 -1.58667464
v -3.08101712 3.41064345 -1.58676433
v -3.07434617 3.39940379 -1.58696331
v -3.07438230 3.40683190 -1.58695666
v -3.08089075 3.41075314 -1.61704716
v -3.07430445 3.40675558 -1.58679351
v -3.07434471 3.40707919 -1.61700048
v -3.08089674 3.41069210 -1.58705892
v -3.08744772 3.40692877 -1.58692558
v -3.08105561 3.41072829 -1.61715942
v -3.08744654 3.40699760 -1.61712868
v -3.08089918 3.41063193 -1.58688360
v -3.08754358 3.40674893 -1.58715423
v -3.08719909 3.39945249 -1.61688807
v -3.08746303 3.39949851 -1.58698560
v -3.08755502 3.40699715 -1.61708605
v -3.08085933 3.39566180 -1.58687830
v -3.08744634 3.39914328 -1.61717854
v -3.08082770 3.39581996 -1.61705921
v -3.08728150 3.39913632 -1.58678529
v -3.07450963 3.39927742 -1.61708660
v -3.08085552 3.39549446 -1.58683642
v -3.08103551 3.39563252 -1.61714705
v -3.07437000 3.39917349 -1.58704089
v -3.07452138 3.39947648 -1.61728739
v -3.07421293 3.40685636 -1.58691988
v -3.07465578 3.39929983 -1.58685283
v -3.07423679 3.40680691 -1.61693832
v -3.08086812 3.41074394 -1.61707756
v -3.08726751 3.39920558 -1.61698907
v -3.08726516 3.40698910 -1.61708524
v -3.08083266 3.39564550 -1.61708407
v -3.07428138 3.40704847 -1.61719641
v -3.07419973 3.39938768 -1.61707324
v -0.01996514 2.13069604 -1.32080151
v -0.02895235 1.79651639 -1.32080987
v -0.02891627 2.11350546 -1.32072523
v -0.02000165 1.77933551 -1.32075837
v -0.00284077 2.13581860 -1.32061118
v -0.00273157 1.77459558 -1.32103526
v 0.29316755 2.13579428 -1.32091184
v 0.29314762 1.77435079 -1.32080471
v 0.31076678 2.13074728 -1.32105995
v 0.31073554 1.77941791 -1.32089772
v 0.31961512 2.11339833 -1.32092474
v 0.31941089 1.79652995 -1.32097123
v -0.45254097 -3.08279639 -1.58693604
v -0.45915686 -3.07142631 -1.58690032
v -0.45931755 -3.07907757 -1.58698572
v -0.45265666 -3.06783578 -1.58693322
v -0.44608027 -3.07916927 -1.58695584
v -0.44621312 -3.07162162 -1.58667569
v -0.45910992 -3.07162671 -1.58700703
v -0.45267707 -3.06766462 -1.61706720
v -0.45914272 -3.07173937 -1.61701474
v -0.45257522 -3.06777891 -1.58700633
v -0.45911593 -3.07166032 -1.58696976
v -0.45916740 -3.07918058 -1.61678218
v -0.45925057 -3.07929491 -1.58682628
v -0.45919344 -3.07156233 -1.61700559
v -0.45264583 -3.08285989 -1.58686865
v -0.45918975 -3.07898716 -1.61710584
v -0.45275144 -3.08278357 -1.61698319
v -0.45923260 -3.07907586 -1.58684105
v -0.44627636 -3.07921021 -1.61697367
v -0.45267180 -3.08292170 -1.58696961
v -0.45279050 -3.08290301 -1.61691928
v -0.44618339 -3.07920138 -1.58688597
v -0.44613412 -3.07909280 -1.61706357
v -0.44613662 -3.07147871 -1.58695056
v -0.44624734 -3.07911012 -1.58683906
v -0.44610887 -3.07160208 -1.61676252
v -0.45245247 -3.06790463 -1.61694999
v -0.44629209 -3.07155396 -1.58677972
v -0.44610885 -3.07168210 -1.61700300
v -0.45296630 -3.06795989 -1.58693690
v -0.45279786 -3.06763245 -1.61704278
v -0.45909872 -3.07907444 -1.61703905
v -0.45921307 -3.07135498 -1.61688917
v -0.45282819 -3.08287632 -1.61688208
v -0.44634484 -3.07136819 -1.61699093
v -0.44629460 -3.07931659 -1.61705039
v -1.00665307 -2.27617232 -1.32079329
v -1.01564053 -2.61047801 -1.32080962
v -1.01575589 -2.29349195 -1.32094627
v -1.00687221 -2.62772737 -1.32083142
v -0.98942786 -2.27141911 -1.32096509
v -0.98941983 -2.63258286 -1.32088070
v -0.44609481 -2.27140682 -1.32072756
v -0.44618300 -2.63272105 -1.32084672
v -0.42864720 -2.27621999 -1.32078234
v -0.42887665 -2.62769896 -1.32076161
v -0.41978679 -2.29346197 -1.32081697
v -0.41965459 -2.61056947 -1.32082362
v -3.10489172 4.76097771 -1.32096771
v -3.11359641 4.42673664 -1.32060957
v -3.11375386 4.74360805 -1.32103557
v -3.10495364 4.40928211 -1.32105776
v -3.08755303 4.76582833 -1.32086687
v -3.08719583 4.40462581 -1.32082929
v -2.54412219 4.76581639 -1.32089241
v -2.54414518 4.40445289 -1.32068386
v -2.51785914 4.74356324 -1.32100384
v -2.52677796 4.40953811 -1.32095780
v -2.51803321 4.42689511 -1.32084648
v -2.51797131 4.74392792 -1.32087999
v -2.54431363 4.76586407 -1.32097883
v -2.52695850 4.76100538 -1.32090724
v -0.89312056 3.11886976 -1.58696443
v -0.89329864 3.13192673 -1.58675828
v -0.89685835 3.12557509 -1.58694169
v -0.88567801 3.11898170 -1.58698406
v -0.88558866 3.13201473 -1.58691903
v -0.88160519 3.12550423 -1.58705208
v -0.88171732 3.12539779 -1.61716271
v -0.88545448 3.13207065 -1.58704395
v -0.88187185 3.12565123 -1.58703314
v -0.88561967 3.13227748 -1.61706863
v -0.89334394 3.13198523 -1.58696837
v -0.88569575 3.13220587 -1.61703357
v -0.89316701 3.13208253 -1.61703901
v -0.88584147 3.13209492 -1.58688226
v -0.89313051 3.13210099 -1.58682353
v -0.89679184 3.12533921 -1.61713382
v -0.89704127 3.12545736 -1.58690141
v -0.89335619 3.13209363 -1.61721233
v -0.89703888 3.12537820 -1.58699061
v -0.89313815 3.11877140 -1.61689399
v -0.89327130 3.11920835 -1.58709886
v -0.89684664 3.12556341 -1.61707972
v -0.88579030 3.11893590 -1.58680608
v -0.89308256 3.11907341 -1.61690114
v -0.88559171 3.11897797 -1.61696525
v -0.89309920 3.11912698 -1.58689012
v -0.88557880 3.11908916 -1.61705558
v -0.88199456 3.12550084 -1.58692927
v -0.88552537 3.11905199 -1.58699136
v -0.88185839 3.12547360 -1.61710672
v -0.89308711 3.13191627 -1.61694549
v -0.89320688 3.11902911 -1.61709700
v -0.89700459 3.12543925 -1.61696813
v -0.88581781 3.13203658 -1.61712222
v -0.88569456 3.11917311 -1.61712817
v -0.88195862 3.12534435 -1.61724918
v -0.98622860 -3.68680251 -1.58686916
v -0.99267679 -3.67552664 -1.58678867
v -0.99258395 -3.68298967 -1.58685956
v -0.98602632 -3.67165176 -1.58699729
v -0.97965340 -3.68297366 -1.58691194
v -0.97954693 -3.67539955 -1.58711167
v -0.99278061 -3.67554283 -1.58690397
v -0.98623142 -3.67165600 -1.61710788
v -0.99277314 -3.67532713 -1.61701500
v -0.98622839 -3.67186463 -1.58707384
v -0.99282034 -3.67543877 -1.58703989
v -0.99258700 -3.68291479 -1.61707379
v -0.99278592 -3.68304366 -1.58691054
v -0.99269558 -3.67545441 -1.61693531
v -0.98623980 -3.68674586 -1.58688333
v -0.99266973 -3.68287977 -1.61710767
v -0.98628421 -3.68666347 -1.61704352
v -0.99261578 -3.68291693 -1.58686749
v -0.97976645 -3.68300166 -1.61711256
v -0.98625195 -3.68671880 -1.58678376
v -0.98598744 -3.68681674 -1.61706093
v -0.97974884 -3.68307235 -1.58696865
v -0.97983339 -3.68295442 -1.61717343
v -0.97968363 -3.67551508 -1.58687034
v -0.97958269 -3.68292906 -1.58694690
v -0.97983213 -3.67554213 -1.61701093
v -0.98626675 -3.67172571 -1.61700350
v -0.97944683 -3.67550959 -1.58689600
v -0.97972463 -3.67554900 -1.61709240
v -0.98622980 -3.67173763 -1.58688804
v -0.98623359 -3.67190597 -1.61700212
v -0.99264800 -3.68314021 -1.61712671
v -0.99274767 -3.67536228 -1.61708267
v -0.98610522 -3.68680999 -1.61696851
v -0.97966536 -3.67547085 -1.61697047
v -0.97958313 -3.68293209 -1.61707000
v -0.98609528 -3.87078190 -1.61708895
v -0.99268663 -3.88232156 -1.61712732
v -0.99259698 -3.87474459 -1.61702218
v -0.98620756 -3.88577440 -1.61704232
v -0.97985982 -3.87468944 -1.61701304
v -0.97960265 -3.88211655 -1.61692526
v -0.97963937 -3.88236063 -1.61712295
v -0.97964365 -3.87471651 -1.58690469
v -0.97963616 -3.88199769 -1.58701374
v -0.97978995 -3.87477556 -1.61710600
v -0.97961374 -3.88218081 -1.61712810
v -0.98631835 -3.88596887 -1.58687653
v -0.98608817 -3.88581529 -1.61698323
v -0.97963406 -3.88222917 -1.58690850
v -0.98605003 -3.88593334 -1.58686356
v -0.99269750 -3.88211559 -1.61715260
v -0.98633618 -3.88604631 -1.61725836
v -0.99260876 -3.88191789 -1.58696231
v -0.99277993 -3.87460887 -1.58677566
v -0.99268839 -3.88203169 -1.61705774
v -0.99267366 -3.88232157 -1.58690451
v -0.99279405 -3.87475411 -1.61721891
v -0.99263557 -3.87440914 -1.58701532
v -0.98623152 -3.87094278 -1.61701109
v -0.99259596 -3.87464949 -1.61709817
v -0.98638965 -3.87083996 -1.58693251
v -0.98639073 -3.87102698 -1.61715883
v -0.97971169 -3.87473860 -1.58686022
v -0.97976399 -3.87469798 -1.61716508
v -0.98613211 -3.87095007 -1.58694016
v -0.98614641 -3.88594558 -1.58695539
v -0.99261991 -3.87460691 -1.58692871
v -0.99273759 -3.88214773 -1.58701515
v -0.98604880 -3.87087608 -1.58689410
v -0.97973191 -3.88218771 -1.58686926
v -0.97986728 -3.87467370 -1.58700714
v -3.10502216 3.15479089 -1.32092923
v -3.11386979 2.82056505 -1.32104438
v -3.11365523 3.13759479 -1.32106136
v -3.10492838 2.80325814 -1.32074455
v -3.08751830 3.15965233 -1.32077267
v -3.08755672 2.79833571 -1.32073551
v -2.54430533 3.15970048 -1.32084167
v -2.54430550 2.79829116 -1.32087657
v -2.51801917 3.13744705 -1.32095087
v -2.52675322 2.80327085 -1.32077159
v -2.51792662 2.82048326 -1.32090776
v -2.51786957 3.13741975 -1.32079130
v -2.54424416 3.15958935 -1.32080941
v -2.52662525 3.15480907 -1.32089626
v -3.08103006 1.78927789 -1.58691074
v -3.08740736 1.80052510 -1.58695620
v -3.08731284 1.79319460 -1.58694310
v -3.08100632 1.80455991 -1.58701290
v -3.07445112 1.79331589 -1.58704463
v -3.07441305 1.80072382 -1.58689988
v -3.08072705 1.80448663 -1.61700179
v -3.07440164 1.80055159 -1.58682462
v -3.07431628 1.80084922 -1.61716473
v -3.08087154 1.80468532 -1.58671155
v -3.08741651 1.80075552 -1.58703912
v -3.08090754 1.80440930 -1.61694759
v -3.08746606 1.80071541 -1.61697361
v -3.08089989 1.80459614 -1.58695718
v -3.08734681 1.80062017 -1.58694153
v -3.08757704 1.79310794 -1.61713223
v -3.08722425 1.79308767 -1.58673913
v -3.08735597 1.80077268 -1.61713131
v -3.08080197 1.78962878 -1.58683843
v -3.08738314 1.79320514 -1.61698433
v -3.08086976 1.78941199 -1.61696575
v -3.08745862 1.79328911 -1.58672195
v -3.07429270 1.79314733 -1.61707519
v -3.08077645 1.78934819 -1.58674637
v -3.08090642 1.78944779 -1.61701215
v -3.07405495 1.79318820 -1.58699899
v -3.07443388 1.79326530 -1.61688025
v -3.07449738 1.80068838 -1.58696245
v -3.07443205 1.79335262 -1.58684808
v -3.07424548 1.80067521 -1.61716936
v -3.08089152 1.80441115 -1.61703358
v -3.08731463 1.79297092 -1.61697940
v -3.08720262 1.80059797 -1.61702256
v -3.08100815 1.78934309 -1.61704402
v -3.07420323 1.80089141 -1.61704405
v -3.07428581 1.79291099 -1.61709229
v -0.69399326 3.11904375 -1.58702068
v -0.69405890 3.13192885 -1.58688062
v -0.69769314 3.12546653 -1.58684260
v -0.68644770 3.11891943 -1.58701142
v -0.68664986 3.13204138 -1.58686768
v -0.68262178 3.12577991 -1.58697598
v -0.69410079 3.13220942 -1.58677748
v -0.69781311 3.12549835 -1.61710631
v -0.69767592 3.12546959 -1.58685986
v -0.69386550 3.13222964 -1.61709829
v -0.69765176 3.12561237 -1.58691450
v -0.69379929 3.11903021 -1.61704076
v -0.69374710 3.11890470 -1.58681590
v -0.69780795 3.12556640 -1.61697103
v -0.68633410 3.11913476 -1.58700838
v -0.69409625 3.11900638 -1.61702190
v -0.68644126 3.11924263 -1.61704228
v -0.69409957 3.11891055 -1.58689049
v -0.68644250 3.11910735 -1.61696324
v -0.68257788 3.12559384 -1.58685467
v -0.68644519 3.11914640 -1.58682258
v -0.68274537 3.12555083 -1.61694763
v -0.68252311 3.12555407 -1.61696594
v -0.68663466 3.13199847 -1.58693863
v -0.68277853 3.12550431 -1.58696652
v -0.68655317 3.13208280 -1.61712392
v -0.69400760 3.13212478 -1.58700637
v -0.68628813 3.13207318 -1.61714174
v -0.69411757 3.13203280 -1.61713138
v -0.68655530 3.13189280 -1.58699323
v -0.69401653 3.13204111 -1.61718509
v -0.69402205 3.11891992 -1.61713368
v -0.69759718 3.12553256 -1.61683341
v -0.68635116 3.13206278 -1.61692561
v -0.68631185 3.11881668 -1.61713882
v -0.68269671 3.12553400 -1.61702648
v -3.08443465 3.96934663 -1.61700913
v -3.09090118 3.95789542 -1.61699642
v -3.09085393 3.96563149 -1.61695065
v -3.08423597 3.95410388 -1.61714765
v -3.07792621 3.96549079 -1.61714756
v -3.07757498 3.95808311 -1.61708119
v -3.07786312 3.95820325 -1.61714622
v -3.07794543 3.96546567 -1.58708854
v -3.07765228 3.95791009 -1.58688638
v -3.07758099 3.96544830 -1.61706766
v -3.07753922 3.95798862 -1.61708201
v -3.08430714 3.95417468 -1.58702157
v -3.08416668 3.95438068 -1.61714879
v -3.07752911 3.95818692 -1.58697139
v -3.08444621 3.95414655 -1.58696039
v -3.09083313 3.95819423 -1.61718774
v -3.08428676 3.95423236 -1.61697037
v -3.09083232 3.95798734 -1.58694137
v -3.09085599 3.96560048 -1.58688237
v -3.09089821 3.95810455 -1.61702141
v -3.09082020 3.95811761 -1.58680637
v -3.09088739 3.96550621 -1.61704437
v -3.09063607 3.96558487 -1.58691498
v -3.08406744 3.96928296 -1.61695417
v -3.09087811 3.96555357 -1.61696074
v -3.08434906 3.96923943 -1.58695303
v -3.08411968 3.96913667 -1.61711693
v -3.07763421 3.96531627 -1.58674361
v -3.07771982 3.96575104 -1.61715356
v -3.08418924 3.96924015 -1.58690992
v -3.08435148 3.95418656 -1.58711712
v -3.09110151 3.96553773 -1.58669482
v -3.09083842 3.95796600 -1.58688875
v -3.08434426 3.96925431 -1.58707004
v -3.07783294 3.95812791 -1.58702757
v -3.07771588 3.96550527 -1.58702938
v -0.69393514 3.65254711 -1.58706603
v -0.69393117 3.66558187 -1.58697119
v -0.69774019 3.65898092 -1.58691842
v -0.68654986 3.65240815 -1.58689668
v -0.68651164 3.66549153 -1.58694701
v -0.68275403 3.65899418 -1.58680413
v -0.68275543 3.65891669 -1.61707213
v -0.68655806 3.66543819 -1.58709304
v -0.68286654 3.65901507 -1.58685281
v -0.68625333 3.66548383 -1.61695662
v -0.69399779 3.66542445 -1.58687272
v -0.68645912 3.66556864 -1.61702525
v -0.69406830 3.66538653 -1.61716276
v -0.68650136 3.66559442 -1.58695114
v -0.69382003 3.66555696 -1.58695789
v -0.69782056 3.65877704 -1.61694323
v -0.69759691 3.65895625 -1.58675848
v -0.69397396 3.66549801 -1.61693748
v -0.69773065 3.65893339 -1.58697661
v -0.69414516 3.65245346 -1.61705760
v -0.69384113 3.65252821 -1.58701667
v -0.69764848 3.65901075 -1.61689343
v -0.68633957 3.65245082 -1.58683145
v -0.69400590 3.65236227 -1.61703047
v -0.68637547 3.65256977 -1.61705854
v -0.69396128 3.65253661 -1.58694699
v -0.68626642 3.65230775 -1.61718659
v -0.68270189 3.65909510 -1.58694900
v -0.68657333 3.65254193 -1.58705587
v -0.68254053 3.65907404 -1.61689971
v -0.69383749 3.66561386 -1.61698146
v -0.69399933 3.65245108 -1.61705407
v -0.69771146 3.65892476 -1.61713115
v -0.68628613 3.66537929 -1.61694375
v -0.68622236 3.65235631 -1.61691157
v -0.68268514 3.65913216 -1.61711366
v -3.08414079 4.15338622 -1.58707476
v -3.09062492 4.16466626 -1.58707090
v -3.09080448 4.15718890 -1.58681609
v -3.08436444 4.16847143 -1.58685747
v -3.07781125 4.15732847 -1.58682808
v -3.07753124 4.16496997 -1.58701419
v -3.09088217 4.16465797 -1.58694110
v -3.08428792 4.16849412 -1.61717429
v -3.09067349 4.16459907 -1.61711106
v -3.08419206 4.16858147 -1.58696080
v -3.09070958 4.16471833 -1.58673422
v -3.09069959 4.15714388 -1.61696661
v -3.09083077 4.15726124 -1.58681272
v -3.09089353 4.16489798 -1.61708301
v -3.08416165 4.15350317 -1.58699643
v -3.09094876 4.15709466 -1.61702464
v -3.08438744 4.15340615 -1.61708092
v -3.09087447 4.15717511 -1.58687653
v -3.07762100 4.15726969 -1.61698863
v -3.08421959 4.15341193 -1.58692018
v -3.08444988 4.15346573 -1.61709968
v -3.07760872 4.15702906 -1.58705013
v -3.07750090 4.15729745 -1.61691229
v -3.07781845 4.16460202 -1.58688944
v -3.07772023 4.15727771 -1.58677928
v -3.07764839 4.16459233 -1.61710822
v -3.08450329 4.16857316 -1.61710357
v -3.07786835 4.16478971 -1.58705379
v -3.07763245 4.16482673 -1.61682412
v -3.08435281 4.16861534 -1.58698605
v -3.08439951 4.16870888 -1.61716528
v -3.09063725 4.15718459 -1.61698042
v -3.09085230 4.16467247 -1.61714861
v -3.08431810 4.15348281 -1.61691036
v -3.07781897 4.16475545 -1.61708330
v -3.07774554 4.15711548 -1.61719831
v 0.94385528 3.65545809 -1.61680660
v 0.94405890 3.64237965 -1.61718956
v 0.93996220 3.64903898 -1.61693092
v 0.95164807 3.65543424 -1.61701522
v 0.95139763 3.64256904 -1.61695942
v 0.95511270 3.64895885 -1.61715896
v 0.95144462 3.64227506 -1.58691917
v 0.94402726 3.64255240 -1.61718379
v 0.95143839 3.64228337 -1.61694252
v 0.94394595 3.64230411 -1.58703404
v 0.94019705 3.64876552 -1.58693237
v 0.94394127 3.64235326 -1.61708301
v 0.94391316 3.64248138 -1.58706874
v 0.94008101 3.64902425 -1.61732579
v 0.94400529 3.65559986 -1.58674314
v 0.93989491 3.64889382 -1.61712255
v 0.94028938 3.64901042 -1.58683346
v 0.94397990 3.65530369 -1.61701205
v 0.94367839 3.65550717 -1.58691866
v 0.95141443 3.65548611 -1.61698153
v 0.94382291 3.65549854 -1.61690481
v 0.95147407 3.65548530 -1.58694099
v 0.95505854 3.64908921 -1.61709821
v 0.95143727 3.65543055 -1.58697629
v 0.95513182 3.64886845 -1.58684299
v 0.95157447 3.65548649 -1.61717510
v 0.95142626 3.64265141 -1.61702320
v 0.95517260 3.64885656 -1.58688461
v 0.95140834 3.64255448 -1.58682700
v 0.95524609 3.64894914 -1.61699977
v 0.94393648 3.64239737 -1.58680184
v 0.94389421 3.65540607 -1.58711314
v 0.94011692 3.64878260 -1.58686054
v 0.95134967 3.64232684 -1.58717387
v 0.95146169 3.65543007 -1.58686704
v 0.95509682 3.64904722 -1.58686304
v -2.55063840 4.15341025 -1.58682249
v -2.55739159 4.16476342 -1.58696379
v -2.55716329 4.15726658 -1.58673646
v -2.55076669 4.16853513 -1.58694611
v -2.54424644 4.15714728 -1.58704961
v -2.54432978 4.16471545 -1.58699208
v -2.55058163 4.15343927 -1.58696939
v -2.55717630 4.15731529 -1.61713019
v -2.55071898 4.15356296 -1.61714079
v -2.55732068 4.15729591 -1.58684492
v -2.54435109 4.15734612 -1.61699805
v -2.55090200 4.15343307 -1.58674872
v -2.55076681 4.15326218 -1.61718341
v -2.54411794 4.15721630 -1.58692140
v -2.54439525 4.15738117 -1.61706692
v -2.54433701 4.16474008 -1.58662743
v -2.54427153 4.15726038 -1.58708743
v -2.54433980 4.16456005 -1.61695617
v -2.55087837 4.16847031 -1.61704224
v -2.54423708 4.16496599 -1.58693673
v -2.54416537 4.16467881 -1.61715809
v -2.55088178 4.16851064 -1.58691249
v -2.55719767 4.16484798 -1.58699760
v -2.55077738 4.16862848 -1.61719363
v -2.55737686 4.16462098 -1.61699240
v -2.55081047 4.16842645 -1.58688660
v -2.55734400 4.16485466 -1.58695959
v -2.55727289 4.15707763 -1.61700851
v -2.55734632 4.15704626 -1.58712684
v -2.55740790 4.16483361 -1.61727473
v -2.55068639 4.16849854 -1.61703119
v -2.55722910 4.15713950 -1.61705836
v -2.55732217 4.16469153 -1.61696684
v -2.55079541 4.15353556 -1.61696643
v -2.54423341 4.16483255 -1.61717174
v -2.54441040 4.15737176 -1.61709456
v 0.57219877 3.66970406 -1.32081161
v 0.56726866 3.10876080 -1.32098577
v 0.56706525 3.65209038 -1.32111928
v 0.57208959 3.09125774 -1.32074659
v 0.58940756 3.67849972 -1.32105016
v 0.58932219 3.08274106 -1.32092355
v 0.90647794 3.67835755 -1.32086554
v 0.90666314 3.08265988 -1.32071357
v 0.92362045 3.66943161 -1.32099997
v 0.92371136 3.09148053 -1.32069909
v 0.92852249 3.65219016 -1.32092165
v 0.92864059 3.10867090 -1.32084586
v -2.55089990 3.95423892 -1.58683439
v -2.55726704 3.96560841 -1.58702156
v -2.55758369 3.95789982 -1.58691232
v -2.55092912 3.96934596 -1.58713004
v -2.54429113 3.95815425 -1.58688738
v -2.54436284 3.96561381 -1.58695319
v -2.55737172 3.96565995 -1.58690010
v -2.55101095 3.96924120 -1.61689577
v -2.55731906 3.96574845 -1.61697745
v -2.55070992 3.96913519 -1.58698882
v -2.55715100 3.96568565 -1.58691910
v -2.55737582 3.95792343 -1.61708363
v -2.55731819 3.95791485 -1.58704019
v -2.55724846 3.96567471 -1.61701252
v -2.55079603 3.95439371 -1.58706380
v -2.55732396 3.95797524 -1.61710966
v -2.55090743 3.95435586 -1.61699424
v -2.55733112 3.95817490 -1.58709404
v -2.54429430 3.95791943 -1.61688188
v -2.55082670 3.95428458 -1.58697601
v -2.55069433 3.95430904 -1.61700512
v -2.54425864 3.95810530 -1.58688627
v -2.54421059 3.95786858 -1.61692910
v -2.54416195 3.96561542 -1.58696847
v -2.54427034 3.95790574 -1.58698885
v -2.54406745 3.96553183 -1.61711209
v -2.55077722 3.96929560 -1.61716484
v -2.54422331 3.96549957 -1.58693269
v -2.54415100 3.96557213 -1.61691542
v -2.55075135 3.96923951 -1.58701733
v -2.55079813 3.96920163 -1.61700774
v -2.55715108 3.95799469 -1.61706694
v -2.55710856 3.96563594 -1.61699571
v -2.55070734 3.95427095 -1.61689213
v -2.54417703 3.96530085 -1.61697632
v -2.54423226 3.95786032 -1.61693689
v -3.08427964 2.54721546 -1.58715342
v -3.09080948 2.55856456 -1.58687466
v -3.09078214 2.55103359 -1.58701855
v -3.08430681 2.56238975 -1.58711360
v -3.07778916 2.55103538 -1.58694354
v -3.07766641 2.55875179 -1.58697233
v -3.09083212 2.55852301 -1.58716000
v -3.08414986 2.56236635 -1.61698234
v -3.09080403 2.55865229 -1.61707935
v -3.08420148 2.56226803 -1.58681319
v -3.09092689 2.55863653 -1.58691167
v -3.09072180 2.55100903 -1.61712767
v -3.09086246 2.55100743 -1.58695336
v -3.09090602 2.55853298 -1.61724642
v -3.08431455 2.54725423 -1.58673712
v -3.09064378 2.55116269 -1.61697620
v -3.08427798 2.54709768 -1.61709008
v -3.09085044 2.55096020 -1.58684626
v -3.07776264 2.55095448 -1.61722524
v -3.08413202 2.54737370 -1.58694412
v -3.08422974 2.54726222 -1.61697842
v -3.07770186 2.55099068 -1.58700250
v -3.07786733 2.55100047 -1.61693642
v -3.07791993 2.55861159 -1.58689213
v -3.07779976 2.55087245 -1.58700219
v -3.07779883 2.55862206 -1.61700376
v -3.08430380 2.56239205 -1.61714036
v -3.07773268 2.55867892 -1.58697276
v -3.07774467 2.55842356 -1.61707514
v -3.08422492 2.56228226 -1.58678856
v -3.08420725 2.56233958 -1.61695741
v -3.09068050 2.55116474 -1.61715770
v -3.09088006 2.55856601 -1.61713139
v -3.08407099 2.54707824 -1.61703468
v -3.07788887 2.55845158 -1.61692167
v -3.07774880 2.55104802 -1.61700665
v -3.08093501 1.98869997 -1.58687682
v -3.08742327 1.99989623 -1.58691752
v -3.08732510 1.99238641 -1.58694795
v -3.08102359 2.00378830 -1.58700435
v -3.07429592 1.99245692 -1.58680791
v -3.07434770 1.99984220 -1.58669660
v -3.07426310 1.99240459 -1.61712415
v -3.08099506 1.98879983 -1.58696294
v -3.08085086 1.98872756 -1.61702248
v -3.07433575 1.99239025 -1.58686386
v -3.07428461 1.99239349 -1.61701888
v -3.07442622 1.99996259 -1.58679925
v -3.07435160 1.99236612 -1.58694478
v -3.07450158 1.99990700 -1.61692174
v -3.08072355 2.00351866 -1.61698008
v -3.07436881 1.99975931 -1.58689513
v -3.07435177 2.00000134 -1.61718531
v -3.08093551 2.00374279 -1.58710500
v -3.08726965 1.99997081 -1.58698776
v -3.08074654 2.00382284 -1.61709447
v -3.08752026 2.00001494 -1.61677316
v -3.08085990 2.00366098 -1.58705429
v -3.08734272 1.99980301 -1.58687409
v -3.08737024 1.99242858 -1.61708192
v -3.08720806 1.99241070 -1.58674885
v -3.08735969 2.00007579 -1.61710259
v -3.08083208 1.98864501 -1.58695976
v -3.08754878 1.99241486 -1.61682461
v -3.08069794 1.98862543 -1.61685356
v -3.08740408 1.99232023 -1.58694494
v -3.08083252 2.00377716 -1.61703412
v -3.08742042 1.99246790 -1.61704145
v -3.08752822 1.99992081 -1.61705434
v -3.08093188 1.98868572 -1.61703983
v -3.07445770 2.00006738 -1.61709476
v -3.07436589 1.99239115 -1.61713175
v -0.89311337 3.66552614 -1.61697941
v -0.89297297 3.65246946 -1.61707604
v -0.89723223 3.65903609 -1.61712340
v -0.88571880 3.66544194 -1.61700808
v -0.88566989 3.65243552 -1.61708723
v -0.88188514 3.65894755 -1.61712985
v -0.88575286 3.65255916 -1.58688910
v -0.89317519 3.65239319 -1.61687760
v -0.88568388 3.65253099 -1.61717984
v -0.89305962 3.65253370 -1.58703033
v -0.89692743 3.65887416 -1.58697241
v -0.89330412 3.65248126 -1.61695054
v -0.89323886 3.65242126 -1.58690711
v -0.89712042 3.65899322 -1.61710461
v -0.89316845 3.66521759 -1.58705090
v -0.89697074 3.65905879 -1.61719306
v -0.89707519 3.65894681 -1.58699382
v -0.89314748 3.66541975 -1.61705027
v -0.89327895 3.66550458 -1.58684781
v -0.88570464 3.66544760 -1.61691206
v -0.89326136 3.66538786 -1.61722455
v -0.88573209 3.66548592 -1.58698992
v -0.88165978 3.65889300 -1.61715598
v -0.88565743 3.66561832 -1.58698878
v -0.88186839 3.65899731 -1.58698677
v -0.88564984 3.66537593 -1.61732021
v -0.88569074 3.65254972 -1.61706391
v -0.88199318 3.65894860 -1.58680924
v -0.88574676 3.65246539 -1.58693236
v -0.88179197 3.65891163 -1.61693651
v -0.89322088 3.65253330 -1.58683207
v -0.89299520 3.66568210 -1.58704124
v -0.89678737 3.65882244 -1.58699456
v -0.88561468 3.65232458 -1.58693311
v -0.88559123 3.66559040 -1.58695752
v -0.88175350 3.65898545 -1.58685277
v 0.21965786 3.19948289 -1.58695003
v 0.21961165 3.21232566 -1.58695805
v 0.21570177 3.20591878 -1.58703753
v 0.22695658 3.19927447 -1.58699637
v 0.22731909 3.21236250 -1.58671125
v 0.23070129 3.20574131 -1.58679921
v 0.21948776 3.21226550 -1.58688457
v 0.21571601 3.20574261 -1.61697555
v 0.21575918 3.20582977 -1.58682084
v 0.21968217 3.21242437 -1.61684912
v 0.21575096 3.20572000 -1.58675122
v 0.21959255 3.19926406 -1.61727615
v 0.21966317 3.19937937 -1.58701427
v 0.21582978 3.20591154 -1.61719368
v 0.22716055 3.19931455 -1.58703324
v 0.21951189 3.19924885 -1.61712738
v 0.22704625 3.19909577 -1.61707424
v 0.21974044 3.19932709 -1.58701161
v 0.22713188 3.19935937 -1.61700411
v 0.23095983 3.20571227 -1.58683434
v 0.22696033 3.19930840 -1.58710469
v 0.23087351 3.20563716 -1.61703607
v 0.23114305 3.20563202 -1.61704450
v 0.22710366 3.21233081 -1.58687687
v 0.23070258 3.20598186 -1.58688738
v 0.22715404 3.21232778 -1.61696961
v 0.21941220 3.21243019 -1.58700204
v 0.22711955 3.21241016 -1.61698097
v 0.21964394 3.21238086 -1.61719333
v 0.22719411 3.21236895 -1.58690935
v 0.21941008 3.21233233 -1.61700480
v 0.21959873 3.19931001 -1.61693914
v 0.21567999 3.20568122 -1.61725406
v 0.22710875 3.21239036 -1.61703508
v 0.22709717 3.19908005 -1.61700623
v 0.23081495 3.20599554 -1.61718441
v -3.08438896 2.36315881 -1.61724793
v -3.09089003 2.35197689 -1.61701014
v -3.09084992 2.35954313 -1.61701309
v -3.08424677 2.34800779 -1.61692101
v -3.07790968 2.35948854 -1.61695651
v -3.07773245 2.35204118 -1.61702704
v -3.07770062 2.35174345 -1.61710401
v -3.07767302 2.35942114 -1.58690586
v -3.07770591 2.35196432 -1.58696355
v -3.07769756 2.35919959 -1.61696754
v -3.07776473 2.35199872 -1.61699199
v -3.08422660 2.34787729 -1.58709470
v -3.08428623 2.34799575 -1.61711074
v -3.07777493 2.35174311 -1.58684961
v -3.08423181 2.34822705 -1.58704414
v -3.09058886 2.35177434 -1.61703560
v -3.08407290 2.34817620 -1.61721540
v -3.09071923 2.35199053 -1.58689387
v -3.09073941 2.35925880 -1.58694303
v -3.09085902 2.35169310 -1.61713908
v -3.09085411 2.35174456 -1.58701912
v -3.09088017 2.35950182 -1.61690512
v -3.09055810 2.35927905 -1.58690286
v -3.08426242 2.36306452 -1.61713785
v -3.09071344 2.35945839 -1.61684358
v -3.08439107 2.36326964 -1.58699336
v -3.08438246 2.36321483 -1.61706178
v -3.07756819 2.35917120 -1.58682005
v -3.07783642 2.35928256 -1.61726899
v -3.08421251 2.36308113 -1.58681026
v -3.08424629 2.34796259 -1.58704702
v -3.09092420 2.35922112 -1.58688789
v -3.09092213 2.35176831 -1.58693936
v -3.08430341 2.36312974 -1.58686711
v -3.07768648 2.35171718 -1.58694112
v -3.07789066 2.35932730 -1.58689504
v -0.98285633 -3.44223837 -1.58679598
v -0.98920776 -3.43121100 -1.58701156
v -0.98936631 -3.43839351 -1.58698094
v -0.98264043 -3.42714126 -1.58703244
v -0.97639197 -3.43858352 -1.58711170
v -0.97632997 -3.43083890 -1.58689704
v -0.97617600 -3.43856664 -1.61714229
v -0.98286292 -3.44237741 -1.58673729
v -0.98284917 -3.44217841 -1.61702332
v -0.97635946 -3.43839821 -1.58688125
v -0.97626194 -3.43850501 -1.61702812
v -0.97624286 -3.43080415 -1.58696921
v -0.97634786 -3.43862193 -1.58695288
v -0.97626426 -3.43079706 -1.61716993
v -0.98303520 -3.42726059 -1.61708430
v -0.97637621 -3.43074780 -1.58723734
v -0.97641746 -3.43103939 -1.61701026
v -0.98273868 -3.42719937 -1.58687985
v -0.98938672 -3.43115780 -1.58694026
v -0.98293389 -3.42744124 -1.61714592
v -0.98939611 -3.43098644 -1.61705641
v -0.98280831 -3.42704212 -1.58691226
v -0.98932605 -3.43083384 -1.58682058
v -0.98943931 -3.43846267 -1.61713864
v -0.98934845 -3.43834538 -1.58692745
v -0.98938942 -3.43112070 -1.61701626
v -0.98282915 -3.44219768 -1.58686411
v -0.98927291 -3.43838145 -1.61707145
v -0.98267779 -3.44245574 -1.61693714
v -0.98946418 -3.43868611 -1.58696351
v -0.98284946 -3.42711019 -1.61713690
v -0.98947780 -3.43849007 -1.61700694
v -0.98943948 -3.43097059 -1.61718045
v -0.98280675 -3.44228681 -1.61731499
v -0.97625205 -3.43100333 -1.61715855
v -0.97610675 -3.43845496 -1.61710277
v 0.56433325 3.11864539 -1.61696679
v 0.56441021 3.10563769 -1.61715411
v 0.56061502 3.11220530 -1.61704350
v 0.57198890 3.11858907 -1.61692073
v 0.57185869 3.10549614 -1.61719194
v 0.57572654 3.11208435 -1.61696849
v 0.56434794 3.11845528 -1.58693517
v 0.57183361 3.11855073 -1.61694630
v 0.56444380 3.11857072 -1.61705965
v 0.57180254 3.11847663 -1.58688261
v 0.57581478 3.11213963 -1.61716449
v 0.57191307 3.11860843 -1.58694600
v 0.57555778 3.11214631 -1.58696021
v 0.57180993 3.11842671 -1.61718189
v 0.57184494 3.10560278 -1.61697581
v 0.57553416 3.11216730 -1.58685750
v 0.57184760 3.10549969 -1.58674697
v 0.57567075 3.11216006 -1.61709227
v 0.57189559 3.10542574 -1.58696294
v 0.56427458 3.10547982 -1.61700545
v 0.57186890 3.10580257 -1.61708299
v 0.56448065 3.10561748 -1.58709112
v 0.56040441 3.11192423 -1.58696049
v 0.56450802 3.10551209 -1.61703984
v 0.56441406 3.10585319 -1.58699673
v 0.56058296 3.11209206 -1.61704234
v 0.56415780 3.11861605 -1.58700235
v 0.56062123 3.11199631 -1.61697249
v 0.56074673 3.11215502 -1.58684925
v 0.56430473 3.11852825 -1.61711946
v 0.56446948 3.10567681 -1.58684594
v 0.56441428 3.11864780 -1.58685419
v 0.56056521 3.11206124 -1.58689872
v 0.57208859 3.10564421 -1.58694289
v 0.57187484 3.11863319 -1.58722255
v 0.57576987 3.11214875 -1.58702783
v -0.45267754 -3.88593810 -1.58704740
v -0.45908911 -3.87462764 -1.58704854
v -0.45900631 -3.88216929 -1.58701028
v -0.45263502 -3.87081321 -1.58690815
v -0.44648987 -3.88217029 -1.58694838
v -0.44620001 -3.87458120 -1.58691489
v -0.45925604 -3.87479706 -1.58687071
v -0.45273831 -3.87088877 -1.61693667
v -0.45914292 -3.87462597 -1.61714954
v -0.45280025 -3.87103994 -1.58699814
v -0.45904691 -3.87465560 -1.58694394
v -0.45922389 -3.88210493 -1.61693352
v -0.45925259 -3.88208120 -1.58661941
v -0.45949128 -3.87467728 -1.61706428
v -0.45270885 -3.88592420 -1.58700869
v -0.45890542 -3.88219588 -1.61703344
v -0.45273532 -3.88588928 -1.61700179
v -0.45919890 -3.88201818 -1.58695520
v -0.44608443 -3.88231700 -1.61695126
v -0.45265647 -3.88588477 -1.58692617
v -0.45274619 -3.88618718 -1.61711539
v -0.44621498 -3.88224413 -1.58689764
v -0.44622735 -3.88210888 -1.61711799
v -0.44614138 -3.87463680 -1.58695725
v -0.44630498 -3.88202999 -1.58697941
v -0.44631629 -3.87450717 -1.61714428
v -0.45280455 -3.87088874 -1.61720504
v -0.44625770 -3.87483206 -1.58713728
v -0.44619025 -3.87466748 -1.61692694
v -0.45252564 -3.87087716 -1.58689809
v -0.45283540 -3.87095252 -1.61704656
v -0.45912927 -3.88210140 -1.61707423
v -0.45925032 -3.87473049 -1.61720282
v -0.45280628 -3.88595133 -1.61703382
v -0.44621168 -3.87461578 -1.61686961
v -0.44616664 -3.88219635 -1.61706827
v -0.44955188 -3.64143803 -1.58691692
v -0.45584143 -3.63028863 -1.58702429
v -0.45601275 -3.63771234 -1.58664650
v -0.44929713 -3.62620534 -1.58702394
v -0.44280918 -3.63761062 -1.58681573
v -0.44300724 -3.63024641 -1.58683929
v -0.44265436 -3.63778799 -1.61713996
v -0.44949185 -3.64151237 -1.58701797
v -0.44916713 -3.64134985 -1.61703712
v -0.44268570 -3.63763905 -1.58693532
v -0.44274923 -3.63764018 -1.61705412
v -0.44288975 -3.63021962 -1.58691851
v -0.44268560 -3.63778166 -1.58695709
v -0.44270083 -3.63024838 -1.61695890
v -0.44944970 -3.62645251 -1.61708165
v -0.44267555 -3.63018731 -1.58707027
v -0.44295436 -3.62999287 -1.61700086
v -0.44939020 -3.62632972 -1.58701089
v -0.45582711 -3.63026209 -1.58692727
v -0.44946607 -3.62637665 -1.61694787
v -0.45588543 -3.63013541 -1.61713543
v -0.44936988 -3.62639611 -1.58685426
v -0.45585959 -3.63024802 -1.58705940
v -0.45588095 -3.63783679 -1.61697356
v -0.45605141 -3.63769286 -1.58696635
v -0.45589679 -3.63019945 -1.61699097
v -0.44931121 -3.64163465 -1.58683170
v -0.45597291 -3.63774111 -1.61699696
v -0.44935579 -3.64159042 -1.61713333
v -0.45591658 -3.63756581 -1.58707913
v -0.44923467 -3.62655455 -1.61711142
v -0.45581612 -3.63779796 -1.61706665
v -0.45589781 -3.63029573 -1.61688660
v -0.44936129 -3.64133644 -1.61727647
v -0.44271271 -3.63019848 -1.61707032
v -0.44270918 -3.63762245 -1.61692790
v -0.18825674 1.56855711 -1.58698600
v -0.19491447 1.57975386 -1.58683528
v -0.19477801 1.57238062 -1.58698199
v -0.18842429 1.58359601 -1.58696286
v -0.18176560 1.57241343 -1.58710238
v -0.18180996 1.57989037 -1.58690817
v -0.18192810 1.57237165 -1.61708955
v -0.18828969 1.56862025 -1.58686811
v -0.18818856 1.56863273 -1.61699638
v -0.18172182 1.57226118 -1.58699189
v -0.18182186 1.57231337 -1.61688920
v -0.18181372 1.57974794 -1.58711099
v -0.18154361 1.57234562 -1.58683607
v -0.18174988 1.58005800 -1.61706151
v -0.18858848 1.58350839 -1.61707755
v -0.18187908 1.57993856 -1.58698947
v -0.18162361 1.57980958 -1.61701362
v -0.18849840 1.58374185 -1.58710384
v -0.19484964 1.57985719 -1.58707294
v -0.18843298 1.58368117 -1.61712539
v -0.19480184 1.57982488 -1.61702698
v -0.18840621 1.58372041 -1.58698489
v -0.19498693 1.57990373 -1.58683582
v -0.19493081 1.57233580 -1.61709307
v -0.19476081 1.57227751 -1.58702515
v -0.19493385 1.57995785 -1.61707494
v -0.18825162 1.56856069 -1.58693856
v -0.19495457 1.57233441 -1.61721632
v -0.18832949 1.56847840 -1.61705250
v -0.19484661 1.57240487 -1.58694985
v -0.18838970 1.58386770 -1.61691918
v -0.19482124 1.57224097 -1.61700534
v -0.19495413 1.57997056 -1.61708625
v -0.18835557 1.56876188 -1.61692196
v -0.18176930 1.57984998 -1.61717953
v -0.18171928 1.57234198 -1.61706048
v 0.94369242 3.10883197 -1.58714610
v 0.94391077 3.12197212 -1.58712899
v 0.94013306 3.11537272 -1.58719210
v 0.95148673 3.10914297 -1.58700689
v 0.95149762 3.12198093 -1.58698188
v 0.95541356 3.11534333 -1.58687096
v 0.95505846 3.11535126 -1.61698151
v 0.95133012 3.12198265 -1.58699574
v 0.95521540 3.11539032 -1.58688975
v 0.95133718 3.12198084 -1.61709252
v 0.94378653 3.12184232 -1.58700427
v 0.95118710 3.12222353 -1.61696101
v 0.94394804 3.12216142 -1.61728498
v 0.95150564 3.12182118 -1.58690519
v 0.94389730 3.12181586 -1.58687088
v 0.94025623 3.11549350 -1.61703718
v 0.94015614 3.11532715 -1.58694536
v 0.94397714 3.12201563 -1.61689408
v 0.94015925 3.11537164 -1.58689687
v 0.94397127 3.10889691 -1.61699342
v 0.94398857 3.10888486 -1.58685606
v 0.94024420 3.11534258 -1.61705849
v 0.95151324 3.10895580 -1.58685835
v 0.94385734 3.10881638 -1.61704241
v 0.95122899 3.10897393 -1.61690100
v 0.94394393 3.10890263 -1.58700311
v 0.95142945 3.10915935 -1.61697397
v 0.95518118 3.11542840 -1.58691847
v 0.95162483 3.10884085 -1.58701113
v 0.95513781 3.11545891 -1.61702138
v 0.94410517 3.12205635 -1.61722581
v 0.94376052 3.10892015 -1.61705014
v 0.94017886 3.11539664 -1.61708195
v 0.95131344 3.12187887 -1.61706328
v 0.95153561 3.10881170 -1.61694441
v 0.95516607 3.11537533 -1.61698101
v -0.98285002 -3.64147671 -1.58696049
v -0.98937127 -3.63021609 -1.58688604
v -0.98943875 -3.63758459 -1.58684762
v -0.98274571 -3.62637532 -1.58691779
v -0.97617207 -3.63762750 -1.58691337
v -0.97626018 -3.63003248 -1.58677122
v -0.98266883 -3.62643346 -1.61690386
v -0.97632578 -3.63010351 -1.58687721
v -0.97630472 -3.63012550 -1.61697342
v -0.98284466 -3.62640112 -1.58703773
v -0.98908941 -3.63027566 -1.58689148
v -0.98280627 -3.62630895 -1.61710778
v -0.98924887 -3.63005325 -1.61702104
v -0.98285337 -3.62635186 -1.58705971
v -0.98933587 -3.63006011 -1.58691855
v -0.98958457 -3.63779098 -1.61706090
v -0.98939542 -3.63791373 -1.58706838
v -0.98927090 -3.63019149 -1.61732942
v -0.98271789 -3.64151963 -1.58695237
v -0.98948758 -3.63766827 -1.61713161
v -0.98285382 -3.64161518 -1.61728220
v -0.98921720 -3.63782992 -1.58702229
v -0.97630813 -3.63764375 -1.61711703
v -0.98276899 -3.64130691 -1.58689922
v -0.98288779 -3.64137652 -1.61714712
v -0.97634577 -3.63765965 -1.58689643
v -0.97646253 -3.63750511 -1.61699298
v -0.97616460 -3.63019580 -1.58678649
v -0.97636113 -3.63772248 -1.58694462
v -0.97622288 -3.63033827 -1.61696643
v -0.98285576 -3.62647650 -1.61702673
v -0.98955591 -3.63765486 -1.61714354
v -0.98931048 -3.63014293 -1.61673189
v -0.98309558 -3.64158955 -1.61685466
v -0.97640246 -3.63021688 -1.61708386
v -0.97636667 -3.63751360 -1.61705674
v 0.21950791 3.73291093 -1.58698922
v 0.21954075 3.74579143 -1.58674960
v 0.21574268 3.73915391 -1.58687149
v 0.22697797 3.73269715 -1.58690875
v 0.22704689 3.74568184 -1.58694208
v 0.23072943 3.73930487 -1.58706106
v 0.23080890 3.73947634 -1.61714491
v 0.22708446 3.74592076 -1.58682516
v 0.23091469 3.73928698 -1.58681835
v 0.22704067 3.74602461 -1.61703370
v 0.21939118 3.74606655 -1.58698691
v 0.22712843 3.74590706 -1.61694828
v 0.21947669 3.74575668 -1.61704659
v 0.22739132 3.74586018 -1.58694369
v 0.21957867 3.74591059 -1.58675451
v 0.21577613 3.73922772 -1.61711692
v 0.21572819 3.73938358 -1.58688793
v 0.21962703 3.74599280 -1.61707860
v 0.21590231 3.73933940 -1.58698622
v 0.21950296 3.73273589 -1.61704553
v 0.21965150 3.73287509 -1.58690644
v 0.21589806 3.73931916 -1.61701921
v 0.22706979 3.73297583 -1.58677033
v 0.21950237 3.73285870 -1.61703062
v 0.22705904 3.73284517 -1.61703680
v 0.21956977 3.73274513 -1.58694913
v 0.22694259 3.73269997 -1.61706396
v 0.23093819 3.73945742 -1.58690222
v 0.22695974 3.73269299 -1.58689509
v 0.23079605 3.73917751 -1.61708732
v 0.21955171 3.74585397 -1.61715125
v 0.21953859 3.73283426 -1.61698405
v 0.21590612 3.73934590 -1.61704388
v 0.22730422 3.74580651 -1.61688506
v 0.22702867 3.73288852 -1.61720569
v 0.23092504 3.73922413 -1.61708819
v 1.14308595 3.10888268 -1.58722529
v 1.14331567 3.12194462 -1.58708261
v 1.13946863 3.11563784 -1.58694643
v 1.15062048 3.10881837 -1.58689858
v 1.15053770 3.12218303 -1.58695629
v 1.15445707 3.11537482 -1.58700059
v 1.14315261 3.12187278 -1.58685187
v 1.13925999 3.11549728 -1.61715053
v 1.13943710 3.11531561 -1.58694691
v 1.14310091 3.12178713 -1.61713779
v 1.13935615 3.11535205 -1.58696910
v 1.14283122 3.10895172 -1.61715440
v 1.14299070 3.10886261 -1.58698160
v 1.13928532 3.11549737 -1.61696382
v 1.15068778 3.10892037 -1.58681358
v 1.14301409 3.10890084 -1.61736521
v 1.15063957 3.10889177 -1.61693838
v 1.14306311 3.10888200 -1.58670208
v 1.15068536 3.10886383 -1.61721872
v 1.15426282 3.11558133 -1.58693836
v 1.15069546 3.10897938 -1.58700901
v 1.15434082 3.11554596 -1.61708489
v 1.15436463 3.11543586 -1.61704881
v 1.15078031 3.12202244 -1.58684589
v 1.15429258 3.11536381 -1.58681055
v 1.15068919 3.12201564 -1.61707625
v 1.14327518 3.12202251 -1.58697988
v 1.15060115 3.12195554 -1.61696382
v 1.14317923 3.12204196 -1.61685805
v 1.15069034 3.12199385 -1.58686680
v 1.14317582 3.12181301 -1.61716082
v 1.14319283 3.10903600 -1.61708079
v 1.13929811 3.11533012 -1.61703990
v 1.15067642 3.12205401 -1.61709600
v 1.15058347 3.10904811 -1.61706717
v 1.15441372 3.11529721 -1.61710477
v -1.00669738 -3.88226293 -1.32087697
v -1.01564186 -4.21664625 -1.32063557
v -1.01595520 -3.89961354 -1.32118966
v -1.00675603 -4.23369466 -1.32086207
v -0.98937624 -3.87738744 -1.32072673
v -0.98961272 -4.23885443 -1.32081828
v -0.44617493 -3.87750879 -1.32094403
v -0.44616518 -4.23879404 -1.32073060
v -0.42868341 -3.88249541 -1.32083760
v -0.42858394 -4.23391345 -1.32085976
v -0.41975626 -3.89966944 -1.32086640
v -0.41983375 -4.21660067 -1.32105288
v -0.72179352 1.56853994 -1.58694891
v -0.72823403 1.57993121 -1.58670732
v -0.72828443 1.57214454 -1.58700271
v -0.72177960 1.58364828 -1.58680946
v -0.71548663 1.57239108 -1.58692642
v -0.71527319 1.57985466 -1.58696665
v -0.72196739 1.58382496 -1.61715632
v -0.71519215 1.57985234 -1.58695692
v -0.71510163 1.57985420 -1.61693712
v -0.72183080 1.58369889 -1.58698042
v -0.72844284 1.57980010 -1.58685665
v -0.72177121 1.58367403 -1.61707629
v -0.72831393 1.57996704 -1.61703624
v -0.72179723 1.58349347 -1.58700377
v -0.72840809 1.57978362 -1.58691387
v -0.72814996 1.57248635 -1.61699956
v -0.72843877 1.57240950 -1.58677019
v -0.72844954 1.57979222 -1.61732708
v -0.72197838 1.56878443 -1.58673782
v -0.72825401 1.57238945 -1.61711250
v -0.72173081 1.56856436 -1.61684933
v -0.72823479 1.57245550 -1.58692126
v -0.71535915 1.57247241 -1.61709618
v -0.72195492 1.56871242 -1.58685323
v -0.72181765 1.56863429 -1.61678829
v -0.71553789 1.57233952 -1.58689316
v -0.71532357 1.57226199 -1.61689727
v -0.71505558 1.57997865 -1.58680277
v -0.71536641 1.57232073 -1.58690058
v -0.71520654 1.57984834 -1.61691403
v -0.72177873 1.58373330 -1.61688904
v -0.72827140 1.57225648 -1.61718179
v -0.72839916 1.57986594 -1.61706060
v -0.72186268 1.56861365 -1.61704472
v -0.71523669 1.57982919 -1.61693794
v -0.71553168 1.57238253 -1.61704679
v -1.27259651 3.12884246 -1.61695993
v -1.27263588 3.11557574 -1.61698570
v -1.27646033 3.12209407 -1.61693435
v -1.26510997 3.12870065 -1.61705287
v -1.26522518 3.11540774 -1.61700334
v -1.26132798 3.12216206 -1.61716650
v -1.27270705 3.12865139 -1.58708862
v -1.26515421 3.12867827 -1.61705683
v -1.27278094 3.12862342 -1.61712774
v -1.26526968 3.12851764 -1.58694777
v -1.26147650 3.12234859 -1.61704351
v -1.26510976 3.12865279 -1.58700727
v -1.26131577 3.12219270 -1.58687687
v -1.26509570 3.12847188 -1.61699645
v -1.26516242 3.11562111 -1.61695450
v -1.26142833 3.12200784 -1.58689145
v -1.26492499 3.11548641 -1.58690486
v -1.26143663 3.12226640 -1.61705512
v -1.26527349 3.11540817 -1.58678979
v -1.27266088 3.11554107 -1.61707454
v -1.26513934 3.11553500 -1.61707873
v -1.27258374 3.11548854 -1.58682767
v -1.27650348 3.12216400 -1.58678613
v -1.27276412 3.11561513 -1.61700973
v -1.27256286 3.11553436 -1.58678964
v -1.27663871 3.12216261 -1.61716694
v -1.27267578 3.12873922 -1.58696663
v -1.27633265 3.12215872 -1.61698889
v -1.27638413 3.12191870 -1.58677110
v -1.27281661 3.12868023 -1.61702178
v -1.27283060 3.11559256 -1.58699874
v -1.27274899 3.12868912 -1.58691574
v -1.27642952 3.12216005 -1.58708010
v -1.26509627 3.11549576 -1.58698329
v -1.26519638 3.12851350 -1.58688014
v -1.26123517 3.12210491 -1.58686767
v -0.72189962 1.76784499 -1.58676879
v -0.72825906 1.77897302 -1.58692907
v -0.72837471 1.77152318 -1.58674272
v -0.72187648 1.78276680 -1.58686933
v -0.71538386 1.77143855 -1.58715402
v -0.71543158 1.77901635 -1.58700960
v -0.71524833 1.77156993 -1.61690191
v -0.72176424 1.76775697 -1.58692856
v -0.72158893 1.76780930 -1.61697086
v -0.71514828 1.77149839 -1.58685530
v -0.71524585 1.77151901 -1.61690203
v -0.71538359 1.77905578 -1.58697235
v -0.71543235 1.77166475 -1.58696212
v -0.71542342 1.77901844 -1.61713575
v -0.72167352 1.78291269 -1.61693009
v -0.71527363 1.77913035 -1.58703455
v -0.71522433 1.77904579 -1.61700463
v -0.72183258 1.78273630 -1.58678081
v -0.72837715 1.77930645 -1.58692204
v -0.72180699 1.78291060 -1.61698192
v -0.72826484 1.77908969 -1.61699885
v -0.72189271 1.78272483 -1.58675429
v -0.72827559 1.77909360 -1.58709269
v -0.72820125 1.77155388 -1.61718972
v -0.72837069 1.77163396 -1.58691275
v -0.72821374 1.77873404 -1.61693734
v -0.72187372 1.76782744 -1.58697206
v -0.72827798 1.77162854 -1.61694106
v -0.72179717 1.76786690 -1.61700289
v -0.72840308 1.77154898 -1.58681672
v -0.72203253 1.78300306 -1.61706878
v -0.72823312 1.77153358 -1.61720408
v -0.72849822 1.77901635 -1.61720165
v -0.72173501 1.76763144 -1.61724723
v -0.71520588 1.77905850 -1.61716129
v -0.71536922 1.77152884 -1.61706751
v 1.14306782 3.64215180 -1.58703525
v 1.14296483 3.65543422 -1.58690660
v 1.13933262 3.64890950 -1.58696388
v 1.15043795 3.64249768 -1.58686865
v 1.15070778 3.65548151 -1.58703589
v 1.15436271 3.64890973 -1.58703272
v 1.15455580 3.64898068 -1.61688844
v 1.15074217 3.65548773 -1.58696979
v 1.15441319 3.64888996 -1.58703615
v 1.15054088 3.65549311 -1.61718652
v 1.14309429 3.65531387 -1.58681315
v 1.15062913 3.65543858 -1.61702942
v 1.14307037 3.65532085 -1.61710417
v 1.15079400 3.65549241 -1.58682223
v 1.14337233 3.65548812 -1.58695784
v 1.13947611 3.64894908 -1.61716238
v 1.13920593 3.64886896 -1.58691255
v 1.14307750 3.65542171 -1.61717685
v 1.13929317 3.64894888 -1.58712866
v 1.14302607 3.64264511 -1.61694144
v 1.14324666 3.64220891 -1.58695310
v 1.13939296 3.64893576 -1.61696589
v 1.15068310 3.64248135 -1.58683260
v 1.14293340 3.64245726 -1.61717665
v 1.15068752 3.64255750 -1.61706381
v 1.14294784 3.64227970 -1.58694429
v 1.15057691 3.64258767 -1.61708577
v 1.15459279 3.64894018 -1.58705420
v 1.15087294 3.64239087 -1.58678458
v 1.15455516 3.64892601 -1.61698341
v 1.14321502 3.65560533 -1.61708259
v 1.14300140 3.64254245 -1.61699395
v 1.13915076 3.64905226 -1.61719781
v 1.15060560 3.65540066 -1.61708406
v 1.15063913 3.64232537 -1.61694880
v 1.15446017 3.64900823 -1.61692313
v -1.26481273 3.67965215 -1.32082891
v -1.26996284 3.11896837 -1.32087990
v -1.27008421 3.66224067 -1.32095569
v -1.26478980 3.10167673 -1.32077094
v -1.24780473 3.68849843 -1.32095439
v -1.24777511 3.09253769 -1.32086198
v -0.93067517 3.68848098 -1.32081740
v -0.93079119 3.09274721 -1.32074028
v -0.91351311 3.67967495 -1.32091630
v -0.91353593 3.10147883 -1.32075178
v -0.90852845 3.66222257 -1.32081955
v -0.90864160 3.11863100 -1.32099770
v -0.98288273 -2.63926807 -1.58703918
v -0.98954093 -2.62786677 -1.58683236
v -0.98921178 -2.63536242 -1.58701964
v -0.98276569 -2.62431734 -1.58684922
v -0.97621096 -2.63551016 -1.58691061
v -0.97626911 -2.62787529 -1.58675396
v -0.97628652 -2.63554530 -1.61717956
v -0.98270362 -2.63934980 -1.58692030
v -0.98298129 -2.63912546 -1.61706987
v -0.97619725 -2.63557416 -1.58709539
v -0.97633204 -2.63547874 -1.61693197
v -0.97631321 -2.62788537 -1.58697234
v -0.97616287 -2.63564963 -1.58696048
v -0.97644400 -2.62806021 -1.61686160
v -0.98268743 -2.62402347 -1.61714329
v -0.97624960 -2.62784004 -1.58693696
v -0.97623199 -2.62777195 -1.61697944
v -0.98268634 -2.62401159 -1.58696720
v -0.98929085 -2.62800986 -1.58710678
v -0.98270800 -2.62421814 -1.61702452
v -0.98942537 -2.62788587 -1.61692003
v -0.98269017 -2.62413994 -1.58688685
v -0.98937680 -2.62783739 -1.58704254
v -0.98925746 -2.63537859 -1.61713419
v -0.98923106 -2.63546009 -1.58707530
v -0.98935528 -2.62786290 -1.61697576
v -0.98283437 -2.63906949 -1.58689743
v -0.98942771 -2.63543906 -1.61690560
v -0.98300650 -2.63905371 -1.61712633
v -0.98926395 -2.63546796 -1.58684970
v -0.98274744 -2.62431597 -1.61723871
v -0.98939744 -2.63553879 -1.61716543
v -0.98927063 -2.62794688 -1.61712806
v -0.98287519 -2.63929992 -1.61711440
v -0.97639371 -2.62771602 -1.61691691
v -0.97629341 -2.63529639 -1.61698637
v -0.45273061 -3.68673450 -1.58695609
v -0.45905535 -3.67532825 -1.58698093
v -0.45933446 -3.68308642 -1.58692725
v -0.45265699 -3.67165790 -1.58703084
v -0.44616562 -3.68290797 -1.58715224
v -0.44629936 -3.67554457 -1.58699447
v -0.45273499 -3.68681106 -1.58693999
v -0.45952045 -3.68297970 -1.61714572
v -0.45253981 -3.68689854 -1.61719455
v -0.45932669 -3.68286761 -1.58708933
v -0.44617666 -3.68288050 -1.61703299
v -0.45285757 -3.68673930 -1.58695408
v -0.45275052 -3.68681434 -1.61698879
v -0.44616735 -3.68289103 -1.58685068
v -0.44627192 -3.68305405 -1.61687328
v -0.44641645 -3.67529888 -1.58677538
v -0.44618694 -3.68293068 -1.58662314
v -0.44627541 -3.67531406 -1.61699296
v -0.45276394 -3.67158391 -1.61697683
v -0.44624244 -3.67529996 -1.58698742
v -0.44619022 -3.67539965 -1.61686918
v -0.45256889 -3.67159149 -1.58696590
v -0.45911407 -3.67561155 -1.58702661
v -0.45260179 -3.67160814 -1.61689643
v -0.45906823 -3.67544779 -1.61717072
v -0.45286485 -3.67163873 -1.58688686
v -0.45899081 -3.67545310 -1.58684116
v -0.45899118 -3.68289992 -1.61681189
v -0.45909809 -3.68306103 -1.58706703
v -0.45921131 -3.67533121 -1.61708887
v -0.45258040 -3.67165077 -1.61706797
v -0.45924040 -3.68301582 -1.61706618
v -0.45924469 -3.67537799 -1.61719107
v -0.45276694 -3.68684087 -1.61724241
v -0.44619838 -3.67571259 -1.61720615
v -0.44625668 -3.68316545 -1.61706242
v -0.62228104 2.13075460 -1.32097567
v -0.63114135 1.79657949 -1.32098201
v -0.63115883 2.11353849 -1.32084526
v -0.62241798 1.77922345 -1.32093829
v -0.60494502 2.13565707 -1.32089857
v -0.60489354 1.77430344 -1.32099200
v -0.30918449 2.13581711 -1.32068316
v -0.30909179 1.77429421 -1.32089167
v -0.29161290 2.13077741 -1.32059702
v -0.29165807 1.77927110 -1.32079216
v -0.28267521 2.11349708 -1.32092668
v -0.28278591 1.79654063 -1.32085543
v -0.37130926 4.94108960 -1.32071243
v -0.37633653 4.62755594 -1.32091832
v -0.37647615 4.92359178 -1.32082423
v -0.37159241 4.61032676 -1.32095061
v -0.35420532 4.95002393 -1.32082115
v -0.35423818 4.60165262 -1.32083542
v -0.03731717 4.94978929 -1.32090169
v -0.03720696 4.60134987 -1.32075205
v -0.02007343 4.94090692 -1.32090873
v -0.01997067 4.61025061 -1.32079586
v -0.01500778 4.92379045 -1.32065488
v -0.01501831 4.62781242 -1.32082433
v 0.58219159 2.13087287 -1.32100717
v 0.57372503 1.79646758 -1.32090471
v 0.57337721 2.11349021 -1.32106890
v 0.58242444 1.77919191 -1.32096314
v 0.59962843 2.13576552 -1.32072070
v 0.59972903 1.77452571 -1.32071765
v 0.89555063 2.13562062 -1.32075120
v 0.89556881 1.77437406 -1.32078519
v 0.91301825 2.13074343 -1.32094523
v 0.91314719 1.77934797 -1.32078079
v 0.92178812 2.11361081 -1.32094783
v 0.92177804 1.79667823 -1.32064157
v 0.02043314 3.19909701 -1.58687921
v 0.02023604 3.21240864 -1.58678944
v 0.01656804 3.20563155 -1.58696977
v 0.02776237 3.19928224 -1.58698638
v 0.02802979 3.21209944 -1.58701006
v 0.03159472 3.20574300 -1.58695269
v 0.03167733 3.20600661 -1.61705770
v 0.02767463 3.21231881 -1.58698350
v 0.03173666 3.20578885 -1.58680930
v 0.02772565 3.21209725 -1.61699887
v 0.02046954 3.21226896 -1.58688737
v 0.02784629 3.21254778 -1.61695210
v 0.02037444 3.21235473 -1.61689027
v 0.02789254 3.21235848 -1.58692817
v 0.02039620 3.21258493 -1.58696730
v 0.01666075 3.20571951 -1.61702151
v 0.01640725 3.20597839 -1.58683730
v 0.02035495 3.21221006 -1.61682902
v 0.01677348 3.20570066 -1.58701163
v 0.02027649 3.19923175 -1.61709323
v 0.02036872 3.19916729 -1.58683714
v 0.01657120 3.20581242 -1.61691024
v 0.02800038 3.19929952 -1.58698193
v 0.02038744 3.19926170 -1.61694296
v 0.02774018 3.19924423 -1.61710117
v 0.02031896 3.19929518 -1.58698512
v 0.02774174 3.19928955 -1.61696115
v 0.03141090 3.20582879 -1.58692073
v 0.02797717 3.19923166 -1.58693786
v 0.03170162 3.20577082 -1.61708453
v 0.02031162 3.21219725 -1.61699518
v 0.02038741 3.19929887 -1.61714563
v 0.01661747 3.20583719 -1.61711229
v 0.02772283 3.21238223 -1.61705584
v 0.02794654 3.19916803 -1.61731526
v 0.03167296 3.20579473 -1.61718141
v 0.36513863 3.63901387 -1.58702333
v 0.36526263 3.65191479 -1.58714133
v 0.36119653 3.64561090 -1.58726911
v 0.37274305 3.63908869 -1.58695315
v 0.37273126 3.65217524 -1.58699180
v 0.37648598 3.64577363 -1.58697670
v 0.37269289 3.63913281 -1.61702462
v 0.37648227 3.64559698 -1.58700612
v 0.37272759 3.63915915 -1.58691562
v 0.37636658 3.64547752 -1.61721695
v 0.37651475 3.64568420 -1.61712014
v 0.37287400 3.65204138 -1.58710373
v 0.37642144 3.64560436 -1.58692956
v 0.37271842 3.65194635 -1.61701261
v 0.36513207 3.65195472 -1.58691776
v 0.37273879 3.65218639 -1.61708960
v 0.36544423 3.65220462 -1.61697275
v 0.37256120 3.65187078 -1.58694010
v 0.36528032 3.65222372 -1.58703792
v 0.36160744 3.64544238 -1.61713407
v 0.36135089 3.64564784 -1.58698196
v 0.36532066 3.65201852 -1.61689263
v 0.36144077 3.64551675 -1.58694345
v 0.36527525 3.63899587 -1.61713917
v 0.36529390 3.63918236 -1.58680059
v 0.36129645 3.64561353 -1.61698993
v 0.37256083 3.63910241 -1.58687294
v 0.36538688 3.63894006 -1.61706247
v 0.37298983 3.63896445 -1.61710935
v 0.36514171 3.63890042 -1.58685036
v 0.36544434 3.65216132 -1.61695992
v 0.36504912 3.63902919 -1.61713704
v 0.36130132 3.64540316 -1.61698684
v 0.37261485 3.65216446 -1.61699711
v 0.37275513 3.63894271 -1.61690766
v 0.37656819 3.64574317 -1.61691733
v -0.98615867 -2.88349652 -1.58690808
v -0.99272564 -2.87241861 -1.58692961
v -0.99268618 -2.88005592 -1.58691374
v -0.98607042 -2.86864119 -1.58669811
v -0.97974654 -2.87983073 -1.58681284
v -0.97953918 -2.87229009 -1.58691877
v -0.99263692 -2.87248277 -1.58697566
v -0.98630242 -2.86852845 -1.61688821
v -0.99274777 -2.87234141 -1.61686118
v -0.98621244 -2.86855379 -1.58691598
v -0.99266311 -2.87252065 -1.58684903
v -0.99263437 -2.88007075 -1.61685482
v -0.99270833 -2.88001802 -1.58695216
v -0.99261846 -2.87241861 -1.61699274
v -0.98622058 -2.88355552 -1.58694685
v -0.99264683 -2.87979295 -1.61702712
v -0.98613289 -2.88364200 -1.61702014
v -0.99254641 -2.87992642 -1.58689075
v -0.97989886 -2.87988540 -1.61697412
v -0.98615628 -2.88373147 -1.58693006
v -0.98622256 -2.88357367 -1.61699646
v -0.97974590 -2.87964676 -1.58704576
v -0.97956520 -2.87991124 -1.61695997
v -0.97949357 -2.87224100 -1.58691660
v -0.97962971 -2.87991099 -1.58697448
v -0.97955355 -2.87237033 -1.61701056
v -0.98605138 -2.86853327 -1.61716014
v -0.97976694 -2.87248508 -1.58704310
v -0.97974957 -2.87230032 -1.61715073
v -0.98625675 -2.86877617 -1.58704231
v -0.98622635 -2.86857675 -1.61693336
v -0.99270936 -2.87971713 -1.61725416
v -0.99258934 -2.87238158 -1.61694812
v -0.98607485 -2.88358643 -1.61714414
v -0.97963660 -2.87225570 -1.61712663
v -0.97959851 -2.87977739 -1.61703968
v -0.55847051 3.72933301 -1.58695909
v -0.55826775 3.74242981 -1.58702647
v -0.56199955 3.73599382 -1.58682393
v -0.55097194 3.72927376 -1.58687931
v -0.55081203 3.74219453 -1.58691700
v -0.54715124 3.73602091 -1.58685958
v -0.55078418 3.72928276 -1.61696146
v -0.54728271 3.73581867 -1.58712291
v -0.55111798 3.72930358 -1.58691995
v -0.54711236 3.73603410 -1.61726020
v -0.54714429 3.73582505 -1.61702669
v -0.55090527 3.74249748 -1.58693167
v -0.54700422 3.73566397 -1.58693870
v -0.55092446 3.74244185 -1.61714540
v -0.55827896 3.74237312 -1.58684152
v -0.55080114 3.74242275 -1.61704260
v -0.55844650 3.74229931 -1.61719984
v -0.55073870 3.74235511 -1.58691569
v -0.55841417 3.74246992 -1.58689116
v -0.56209554 3.73606521 -1.61719148
v -0.56228873 3.73604508 -1.58703923
v -0.55841485 3.74269845 -1.61696156
v -0.56241225 3.73600184 -1.58690914
v -0.55857957 3.72950902 -1.61694593
v -0.55846706 3.72944017 -1.58687055
v -0.56222480 3.73588284 -1.61697557
v -0.55076300 3.72938065 -1.58707405
v -0.55845837 3.72944165 -1.61713882
v -0.55068852 3.72938843 -1.61720202
v -0.55869943 3.72940561 -1.58687405
v -0.55838827 3.74241451 -1.61713704
v -0.55843271 3.72929392 -1.61695254
v -0.56217272 3.73595026 -1.61701601
v -0.55059270 3.74241977 -1.61706031
v -0.55071010 3.72951830 -1.61692535
v -0.54707729 3.73576419 -1.61712318
v -3.10517506 3.95764073 -1.32063122
v -3.11367158 3.62349971 -1.32091915
v -3.11386281 3.94048201 -1.32081548
v -3.10482012 3.60630234 -1.32072237
v -3.08772400 3.96286350 -1.32065663
v -3.08739627 3.60129305 -1.32089692
v -2.54433317 3.96266522 -1.32103707
v -2.54417244 3.60132450 -1.32081003
v -2.51787388 3.94060162 -1.32094193
v -2.52689223 3.60633622 -1.32095769
v -2.51789235 3.62361841 -1.32085584
v -2.51792488 3.94055366 -1.32078643
v -2.54424293 3.96275107 -1.32061376
v -2.52689305 3.95778519 -1.32078870
v -1.53605806 4.95109199 -1.32083221
v -1.54088090 4.63782092 -1.32064699
v -1.54083903 4.93370297 -1.32074142
v -1.53598122 4.62050139 -1.32091604
v -1.51877561 4.95999137 -1.32084675
v -1.51882214 4.61140429 -1.32085633
v -1.20183433 4.95985069 -1.32088209
v -1.20179395 4.61153994 -1.32091011
v -1.18444387 4.95090396 -1.32083934
v -1.18434313 4.62024436 -1.32067417
v -1.17937158 4.93366354 -1.32086651
v -1.17947249 4.63753135 -1.32083067
v -1.47176840 3.64913245 -1.58696686
v -1.47183190 3.66209079 -1.58698497
v -1.47560241 3.65559884 -1.58697250
v -1.46451020 3.64922773 -1.58705227
v -1.46443327 3.66215184 -1.58695052
v -1.46071598 3.65555879 -1.58696485
v -1.46422955 3.64901204 -1.61715438
v -1.46055266 3.65555808 -1.58703693
v -1.46430284 3.64907789 -1.58694332
v -1.46046075 3.65561975 -1.61710194
v -1.46073514 3.65548577 -1.61710430
v -1.46440399 3.66199927 -1.58698251
v -1.46061137 3.65544384 -1.58700430
v -1.46451578 3.66196446 -1.61694436
v -1.47181392 3.66191850 -1.58706126
v -1.46436721 3.66208228 -1.61706089
v -1.47187811 3.66217355 -1.61722076
v -1.46436346 3.66216431 -1.58707573
v -1.47185436 3.66225362 -1.58699615
v -1.47562310 3.65560617 -1.61677511
v -1.47555013 3.65558369 -1.58713212
v -1.47182360 3.66210575 -1.61687313
v -1.47546603 3.65576601 -1.58689817
v -1.47200212 3.64920368 -1.61705703
v -1.47173097 3.64906320 -1.58710733
v -1.47583835 3.65549924 -1.61695643
v -1.46450605 3.64909100 -1.58701330
v -1.47173246 3.64910051 -1.61715601
v -1.46433937 3.64922664 -1.61701908
v -1.47184544 3.64893432 -1.58683745
v -1.47185550 3.66223349 -1.61708406
v -1.47193214 3.64924066 -1.61717424
v -1.47573478 3.65563543 -1.61729165
v -1.46436391 3.66227201 -1.61717298
v -1.46451341 3.64905045 -1.61692865
v -1.46063097 3.65544109 -1.61696033
v -0.44936161 -2.83837070 -1.58665711
v -0.45589539 -2.82728329 -1.58684982
v -0.45572530 -2.83461352 -1.58687849
v -0.44930086 -2.82327244 -1.58675076
v -0.44299522 -2.83464539 -1.58689024
v -0.44270686 -2.82726738 -1.58692966
v -0.44285519 -2.83472642 -1.61691297
v -0.44926799 -2.83826037 -1.58682951
v -0.44931196 -2.83849761 -1.61722012
v -0.44280341 -2.83462523 -1.58704223
v -0.44282185 -2.83467967 -1.61701715
v -0.44258958 -2.82708359 -1.58687896
v -0.44276506 -2.83444098 -1.58697757
v -0.44293229 -2.82714069 -1.61716445
v -0.44925630 -2.82332501 -1.61721129
v -0.44276664 -2.82726360 -1.58702893
v -0.44276902 -2.82726846 -1.61697669
v -0.44945275 -2.82355315 -1.58688620
v -0.45579403 -2.82713951 -1.58690681
v -0.44946759 -2.82326530 -1.61685685
v -0.45598024 -2.82720871 -1.61711147
v -0.44920006 -2.82342247 -1.58694797
v -0.45592179 -2.82717103 -1.58701237
v -0.45580151 -2.83467108 -1.61685110
v -0.45592882 -2.83446081 -1.58683962
v -0.45596564 -2.82698622 -1.61697444
v -0.44937314 -2.83841365 -1.58685366
v -0.45586024 -2.83455657 -1.61699654
v -0.44920627 -2.83843460 -1.61715005
v -0.45572653 -2.83469451 -1.58680080
v -0.44935547 -2.82340673 -1.61697979
v -0.45579680 -2.83447210 -1.61716165
v -0.45564478 -2.82712199 -1.61707792
v -0.44933870 -2.83834078 -1.61709856
v -0.44285330 -2.82713900 -1.61690720
v -0.44297817 -2.83472844 -1.61708176
v -2.55082424 2.34793163 -1.58701951
v -2.55736286 2.35943412 -1.58689603
v -2.55720556 2.35176982 -1.58706031
v -2.55073011 2.36306026 -1.58707088
v -2.54434653 2.35183315 -1.58714272
v -2.54431954 2.35947130 -1.58699277
v -2.55723472 2.35950333 -1.58690598
v -2.55080533 2.36312161 -1.61682753
v -2.55727535 2.35942074 -1.61695604
v -2.55084915 2.36321417 -1.58714400
v -2.55726214 2.35942166 -1.58692309
v -2.55737465 2.35181331 -1.61691358
v -2.55724445 2.35187794 -1.58695281
v -2.55742621 2.35927862 -1.61708978
v -2.55076506 2.34818500 -1.58717459
v -2.55740339 2.35184669 -1.61686287
v -2.55095236 2.34801765 -1.61692214
v -2.55724518 2.35161587 -1.58714983
v -2.54435133 2.35166599 -1.61706677
v -2.55069265 2.34805436 -1.58691813
v -2.55094074 2.34797867 -1.61698920
v -2.54422075 2.35193477 -1.58688492
v -2.54414204 2.35166622 -1.61693188
v -2.54453644 2.35941857 -1.58671523
v -2.54431572 2.35187764 -1.58695528
v -2.54438776 2.35934257 -1.61701474
v -2.55079433 2.36318006 -1.61707727
v -2.54444458 2.35950448 -1.58694670
v -2.54440441 2.35927002 -1.61714022
v -2.55084206 2.36312896 -1.58701395
v -2.55100577 2.36305817 -1.61688691
v -2.55729427 2.35195072 -1.61717569
v -2.55729755 2.35933942 -1.61681319
v -2.55063908 2.34788709 -1.61710519
v -2.54415048 2.35924240 -1.61729422
v -2.54429099 2.35190239 -1.61705077
v 0.73272194 4.94115828 -1.32082008
v 0.72772612 4.62766980 -1.32089362
v 0.72788903 4.92361991 -1.32101820
v 0.73280499 4.61014298 -1.32089459
v 0.75012725 4.94970940 -1.32092574
v 0.74993505 4.60129082 -1.32072761
v 1.06694627 4.94988438 -1.32086896
v 1.06709356 4.60145951 -1.32073261
v 1.08413031 4.94099007 -1.32075624
v 1.08429971 4.61034236 -1.32083079
v 1.08911193 4.92360653 -1.32087071
v 1.08923426 4.62763807 -1.32094661
v -0.79068921 1.78294614 -1.61692654
v -0.79726412 1.77160933 -1.61701566
v -0.79737117 1.77902263 -1.61696885
v -0.79056784 1.76768586 -1.61706994
v -0.78424291 1.77894501 -1.61711429
v -0.78407060 1.77145788 -1.61708159
v -0.79734355 1.77905354 -1.58716002
v -0.79718193 1.77176361 -1.61706453
v -0.79723383 1.77166674 -1.58701386
v -0.79704942 1.77908993 -1.61708738
v -0.79704947 1.77900191 -1.58689575
v -0.79073250 1.78275535 -1.61689040
v -0.79719553 1.77904638 -1.61684175
v -0.79059162 1.78305866 -1.58681248
v -0.79056895 1.78276272 -1.61691759
v -0.78420225 1.77917859 -1.58692023
v -0.78400429 1.77918449 -1.61716416
v -0.79056211 1.78280340 -1.58687421
v -0.78410921 1.77153013 -1.61706746
v -0.78407739 1.77917386 -1.58683149
v -0.78424796 1.77157215 -1.58684331
v -0.78386052 1.77905297 -1.61706619
v -0.78398001 1.77149832 -1.61709806
v -0.79050161 1.76787475 -1.58686252
v -0.79065414 1.76766902 -1.61705005
v -0.78414784 1.77137053 -1.58695766
v -0.79067576 1.76784487 -1.58696845
v -0.79710260 1.77150564 -1.61690375
v -0.79041427 1.76770406 -1.61692837
v -0.79709256 1.77165511 -1.58695843
v -0.79064598 1.76782998 -1.58691636
v -0.79702500 1.77932197 -1.58699348
v -0.79730506 1.77145469 -1.58678667
v -0.79061024 1.78285944 -1.58708930
v -0.78416588 1.77152041 -1.58676130
v -0.78413183 1.77919998 -1.58698245
v -2.54734393 4.19869337 -1.58686020
v -2.55385543 4.20986058 -1.58680130
v -2.55376236 4.20265069 -1.58691810
v -2.54731915 4.21380077 -1.58696775
v -2.54096962 4.20241025 -1.58691402
v -2.54088338 4.21011940 -1.58700144
v -2.54079659 4.20230966 -1.61709562
v -2.54745055 4.19879973 -1.58675539
v -2.54754367 4.19861642 -1.61709531
v -2.54123312 4.20258442 -1.58694448
v -2.54069373 4.20237718 -1.61707110
v -2.54104867 4.20975869 -1.58701503
v -2.54075649 4.20234746 -1.58670505
v -2.54080377 4.20996317 -1.61710853
v -2.54730016 4.21370934 -1.61708498
v -2.54070877 4.21011235 -1.58692809
v -2.54089160 4.21017208 -1.61695160
v -2.54730285 4.21361777 -1.58687004
v -2.55385962 4.21005007 -1.58687894
v -2.54756882 4.21376462 -1.61732787
v -2.55387612 4.20995390 -1.61703463
v -2.54731948 4.21387196 -1.58694915
v -2.55387962 4.20992019 -1.58684108
v -2.55388213 4.20247367 -1.61716784
v -2.55401016 4.20248517 -1.58694219
v -2.55403766 4.21000212 -1.61698980
v -2.54752000 4.19860858 -1.58704157
v -2.55395270 4.20256054 -1.61692315
v -2.54738885 4.19866601 -1.61717957
v -2.55390100 4.20249816 -1.58696721
v -2.54725711 4.21368731 -1.61699161
v -2.55407177 4.20251596 -1.61699989
v -2.55407854 4.21025432 -1.61692610
v -2.54758968 4.19873672 -1.61699180
v -2.54077711 4.20995757 -1.61713422
v -2.54096092 4.20241363 -1.61707775
v -0.44939130 -4.44453538 -1.58703609
v -0.45589132 -4.43324500 -1.58686178
v -0.45577481 -4.44069889 -1.58694077
v -0.44936567 -4.42953491 -1.58704903
v -0.44291313 -4.44099890 -1.58704892
v -0.44281963 -4.43310256 -1.58684962
v -0.44281426 -4.44090623 -1.61694669
v -0.44928856 -4.44458658 -1.58684565
v -0.44945938 -4.44454655 -1.61697751
v -0.44299458 -4.44085548 -1.58696443
v -0.44299232 -4.44082064 -1.61708301
v -0.44290483 -4.43334795 -1.58681137
v -0.44293243 -4.44070446 -1.58696052
v -0.44276686 -4.43332157 -1.61695191
v -0.44940851 -4.42943394 -1.61693804
v -0.44292619 -4.43319523 -1.58701013
v -0.44270942 -4.43319156 -1.61711564
v -0.44932958 -4.42949872 -1.58707506
v -0.45567384 -4.43327493 -1.58685538
v -0.44920803 -4.42963597 -1.61718404
v -0.45598835 -4.43318984 -1.61707676
v -0.44923836 -4.42942836 -1.58694378
v -0.45570496 -4.43322900 -1.58702238
v -0.45577763 -4.44086850 -1.61699570
v -0.45592603 -4.44072763 -1.58694068
v -0.45587182 -4.43331363 -1.61685395
v -0.44934539 -4.44439891 -1.58724276
v -0.45585317 -4.44084363 -1.61701244
v -0.44924502 -4.44467326 -1.61680992
v -0.45575400 -4.44078902 -1.58693594
v -0.44931129 -4.42961915 -1.61708483
v -0.45590002 -4.44088099 -1.61697204
v -0.45589966 -4.43321788 -1.61694537
v -0.44926240 -4.44442302 -1.61707095
v -0.44277347 -4.43333288 -1.61715934
v -0.44279254 -4.44079467 -1.61708009
v 0.02041239 3.74574853 -1.61719386
v 0.02022046 3.73276823 -1.61699938
v 0.01670320 3.73933598 -1.61711120
v 0.02779267 3.74561537 -1.61707562
v 0.02803670 3.73275224 -1.61698195
v 0.03169586 3.73936856 -1.61693791
v 0.02801150 3.73277145 -1.58714500
v 0.02045614 3.73280197 -1.61702553
v 0.02790882 3.73272861 -1.61719744
v 0.02029549 3.73290680 -1.58692993
v 0.01660593 3.73928473 -1.58682653
v 0.02026628 3.73281114 -1.61708899
v 0.02045708 3.73268026 -1.58673757
v 0.01665159 3.73943806 -1.61697704
v 0.02021905 3.74585688 -1.58686337
v 0.01667366 3.73930263 -1.61690731
v 0.01652602 3.73928568 -1.58683746
v 0.02029419 3.74567920 -1.61681523
v 0.02041937 3.74567212 -1.58686378
v 0.02788335 3.74579379 -1.61708241
v 0.02036955 3.74591403 -1.61706977
v 0.02790604 3.74588655 -1.58686344
v 0.03156446 3.73919586 -1.61708550
v 0.02777541 3.74564364 -1.58690087
v 0.03175338 3.73931768 -1.58703292
v 0.02757918 3.74581999 -1.61704433
v 0.02771299 3.73292179 -1.61696540
v 0.03166510 3.73942894 -1.58699073
v 0.02793589 3.73276650 -1.58692284
v 0.03191572 3.73937364 -1.61719766
v 0.02030889 3.73286751 -1.58709223
v 0.02023958 3.74571681 -1.58696635
v 0.01669400 3.73936681 -1.58691304
v 0.02791997 3.73290194 -1.58708309
v 0.02788166 3.74585485 -1.58696311
v 0.03157928 3.73941560 -1.58693784
v -0.79053555 1.56870539 -1.58700925
v -0.79718353 1.57983942 -1.58695639
v -0.79723033 1.57221641 -1.58716810
v -0.79082134 1.58360665 -1.58686287
v -0.78425780 1.57233387 -1.58690620
v -0.78417256 1.57971824 -1.58699871
v -0.78410183 1.57234471 -1.61690738
v -0.79044707 1.56876573 -1.58695454
v -0.79045742 1.56847573 -1.61701458
v -0.78407966 1.57233322 -1.58696145
v -0.78414635 1.57242775 -1.61703041
v -0.78409672 1.57998899 -1.58711173
v -0.78413684 1.57233639 -1.58712307
v -0.78416318 1.57984214 -1.61715645
v -0.79067628 1.58354619 -1.61711983
v -0.78406821 1.57977877 -1.58708267
v -0.78406525 1.57996469 -1.61706680
v -0.79076513 1.58342783 -1.58702363
v -0.79707943 1.57986449 -1.58679323
v -0.79073222 1.58352852 -1.61725774
v -0.79742698 1.57958532 -1.61724974
v -0.79051379 1.58371063 -1.58695531
v -0.79718458 1.57998195 -1.58684535
v -0.79727545 1.57229887 -1.61716362
v -0.79722403 1.57246023 -1.58694884
v -0.79722636 1.57976580 -1.61722431
v -0.79051091 1.56849077 -1.58699607
v -0.79706964 1.57250885 -1.61710055
v -0.79054855 1.56884943 -1.61688016
v -0.79722869 1.57246333 -1.58701553
v -0.79067769 1.58367394 -1.61713692
v -0.79732791 1.57229272 -1.61695064
v -0.79710715 1.57992312 -1.61707793
v -0.79062206 1.56857318 -1.61708069
v -0.78423845 1.57977843 -1.61712625
v -0.78405903 1.57241151 -1.61695578
v -2.55111240 2.54727487 -1.58700329
v -2.55761560 2.55848713 -1.58688917
v -2.55732252 2.55100594 -1.58695530
v -2.55077404 2.56227731 -1.58699207
v -2.54436894 2.55116815 -1.58689230
v -2.54439927 2.55842488 -1.58687133
v -2.55078982 2.54713248 -1.58711355
v -2.55749869 2.55115366 -1.61693379
v -2.55071676 2.54720896 -1.61714197
v -2.55738414 2.55077501 -1.58684099
v -2.54417930 2.55097508 -1.61715196
v -2.55072776 2.54721947 -1.58690512
v -2.55095064 2.54745340 -1.61711087
v -2.54454582 2.55110844 -1.58680579
v -2.54432830 2.55123457 -1.61689688
v -2.54421032 2.55855707 -1.58683826
v -2.54426141 2.55111651 -1.58697439
v -2.54429094 2.55856668 -1.61694796
v -2.55084659 2.56223968 -1.61692303
v -2.54435175 2.55874043 -1.58695790
v -2.54434095 2.55848029 -1.61702184
v -2.55081224 2.56226099 -1.58683286
v -2.55728583 2.55858768 -1.58685843
v -2.55068234 2.56244373 -1.61705703
v -2.55728951 2.55872841 -1.61720205
v -2.55069537 2.56243596 -1.58700292
v -2.55747377 2.55859889 -1.58697146
v -2.55724753 2.55082641 -1.61695240
v -2.55713582 2.55094110 -1.58704247
v -2.55712571 2.55864121 -1.61703916
v -2.55069850 2.56229812 -1.61711706
v -2.55714199 2.55099792 -1.61699614
v -2.55736870 2.55836146 -1.61696250
v -2.55070365 2.54718218 -1.61682308
v -2.54409183 2.55850091 -1.61707217
v -2.54420862 2.55107771 -1.61713658
v -3.08086366 4.19874525 -1.58718740
v -3.08742272 4.21002343 -1.58703678
v -3.08744942 4.20256011 -1.58701865
v -3.08107193 4.21360708 -1.58695674
v -3.07425615 4.20263716 -1.58709553
v -3.07446387 4.20998673 -1.58688247
v -3.08094422 4.21381179 -1.61717568
v -3.07453875 4.20990562 -1.58691867
v -3.07437249 4.20993675 -1.61713859
v -3.08082676 4.21370092 -1.58701774
v -3.08732874 4.20995808 -1.58712119
v -3.08083802 4.21390918 -1.61707434
v -3.08736824 4.21003223 -1.61687614
v -3.08107253 4.21371959 -1.58686348
v -3.08739923 4.21009559 -1.58694498
v -3.08737771 4.20252127 -1.61697803
v -3.08736207 4.20250699 -1.58688136
v -3.08731386 4.20997336 -1.61714398
v -3.08075702 4.19862521 -1.58688620
v -3.08719299 4.20252845 -1.61699606
v -3.08065034 4.19866415 -1.61703241
v -3.08731354 4.20255380 -1.58690682
v -3.07461737 4.20243255 -1.61701079
v -3.08085464 4.19867532 -1.58689739
v -3.08093885 4.19893030 -1.61702412
v -3.07444899 4.20239533 -1.58689091
v -3.07432469 4.20252330 -1.61696534
v -3.07465702 4.21002229 -1.58681928
v -3.07426356 4.20250293 -1.58700615
v -3.07445440 4.21015275 -1.61709185
v -3.08092872 4.21349743 -1.61719192
v -3.08748541 4.20244342 -1.61703623
v -3.08739017 4.21008473 -1.61702409
v -3.08089337 4.19870972 -1.61693216
v -3.07433473 4.20982943 -1.61706374
v -3.07435242 4.20253450 -1.61721931
v -1.32417605 1.56863816 -1.58701268
v -1.33069701 1.57981822 -1.58685701
v -1.33075687 1.57225246 -1.58706624
v -1.32393758 1.58370809 -1.58693302
v -1.31758275 1.57260231 -1.58691515
v -1.31743801 1.57979919 -1.58706035
v -1.32419192 1.58366643 -1.61699210
v -1.31762785 1.57999550 -1.58681759
v -1.31741862 1.57983811 -1.61717582
v -1.32411875 1.58359739 -1.58690894
v -1.33073165 1.57994245 -1.58683642
v -1.32407577 1.58372713 -1.61698970
v -1.33065545 1.57969026 -1.61713147
v -1.32412706 1.58372974 -1.58711786
v -1.33046182 1.57988512 -1.58681988
v -1.33073042 1.57248604 -1.61714336
v -1.33043705 1.57229254 -1.58678633
v -1.33066566 1.57994207 -1.61694603
v -1.32408388 1.56860970 -1.58699365
v -1.33057388 1.57241579 -1.61714639
v -1.32416857 1.56845221 -1.61703773
v -1.33070137 1.57224321 -1.58706303
v -1.31752300 1.57227051 -1.61701952
v -1.32439446 1.56864933 -1.58699895
v -1.32402297 1.56850746 -1.61692966
v -1.31763528 1.57227261 -1.58684903
v -1.31754157 1.57229013 -1.61701586
v -1.31773293 1.57980285 -1.58693339
v -1.31747215 1.57213134 -1.58710606
v -1.31780986 1.57965843 -1.61697013
v -1.32422408 1.58354497 -1.61700762
v -1.33059392 1.57241256 -1.61688156
v -1.33072952 1.57984394 -1.61712084
v -1.32404714 1.56855854 -1.61710791
v -1.31759592 1.57988526 -1.61696895
v -1.31752409 1.57232939 -1.61708870
v 0.56432857 3.63902157 -1.58670540
v 0.56441451 3.65202816 -1.58681200
v 0.56061354 3.64531036 -1.58697568
v 0.57190528 3.63918865 -1.58678524
v 0.57200008 3.65223443 -1.58699387
v 0.57561507 3.64556265 -1.58693607
v 0.56066228 3.64556171 -1.58691664
v 0.56444552 3.63899716 -1.61698249
v 0.56438021 3.63901970 -1.58694524
v 0.56077862 3.64567810 -1.61698341
v 0.57193045 3.63887895 -1.58690533
v 0.56430121 3.63904135 -1.61706648
v 0.57190654 3.63902525 -1.61711158
v 0.56450634 3.63907530 -1.58692567
v 0.57197583 3.63909892 -1.61706246
v 0.57562756 3.64562899 -1.58686929
v 0.57189870 3.63918417 -1.58703974
v 0.57576610 3.64530798 -1.61701796
v 0.57576570 3.64546515 -1.61714492
v 0.57187140 3.65197044 -1.58686581
v 0.57588086 3.64550406 -1.58688627
v 0.57184568 3.65180259 -1.61712461
v 0.56441905 3.65201381 -1.58695467
v 0.57200418 3.65198172 -1.61700122
v 0.56437768 3.65210200 -1.61692744
v 0.57194289 3.65199086 -1.58691821
v 0.56439927 3.65209386 -1.58701514
v 0.56069334 3.64576572 -1.61728211
v 0.56073505 3.64574911 -1.58683925
v 0.56445275 3.65200527 -1.61709538
v 0.56449144 3.65197402 -1.61703037
v 0.56449266 3.63906465 -1.61704752
v 0.56060644 3.64550989 -1.61685422
v 0.57205479 3.65218988 -1.61707536
v 0.57191905 3.63916183 -1.61697126
v 0.57559147 3.64558037 -1.61706721
v -0.98296474 -4.44455541 -1.58691510
v -0.98940144 -4.43334508 -1.58675063
v -0.98938063 -4.44083028 -1.58698730
v -0.98291117 -4.42943111 -1.58686418
v -0.97637981 -4.44084124 -1.58700801
v -0.97636320 -4.43319539 -1.58700766
v -0.98286250 -4.42950190 -1.61708110
v -0.97626618 -4.43318610 -1.58690388
v -0.97613509 -4.43326813 -1.61702014
v -0.98269201 -4.42968718 -1.58705234
v -0.98938083 -4.43322507 -1.58685551
v -0.98292402 -4.42950201 -1.61709641
v -0.98946281 -4.43330176 -1.61705511
v -0.98292170 -4.42946704 -1.58718961
v -0.98934139 -4.43317747 -1.58691841
v -0.98940973 -4.44097346 -1.61710841
v -0.98939963 -4.44099690 -1.58691178
v -0.98928153 -4.43333048 -1.61704437
v -0.98273374 -4.44444055 -1.58705558
v -0.98925408 -4.44079643 -1.61704426
v -0.98259865 -4.44457458 -1.61728541
v -0.98927100 -4.44085121 -1.58694612
v -0.97640745 -4.44081179 -1.61690637
v -0.98270969 -4.44457135 -1.58695686
v -0.98270452 -4.44447766 -1.61689131
v -0.97632227 -4.44078732 -1.58692425
v -0.97628017 -4.44084004 -1.61699940
v -0.97616400 -4.43330973 -1.58683591
v -0.97636403 -4.44067180 -1.58688686
v -0.97638765 -4.43346334 -1.61708965
v -0.98268793 -4.42964128 -1.61703816
v -0.98938813 -4.44083046 -1.61701157
v -0.98938390 -4.43318717 -1.61700140
v -0.98288134 -4.44439804 -1.61704968
v -0.97640179 -4.43311247 -1.61689738
v -0.97623720 -4.44058618 -1.61713645
v -2.54731976 1.78930232 -1.58677315
v -2.55388827 1.80082599 -1.58702765
v -2.55396143 1.79320474 -1.58694830
v -2.54741469 1.80458145 -1.58677043
v -2.54073861 1.79328404 -1.58704759
v -2.54089547 1.80057155 -1.58689262
v -2.54070042 1.79327351 -1.61699431
v -2.54740183 1.78938364 -1.58672371
v -2.54728879 1.78939467 -1.61708761
v -2.54094415 1.79329798 -1.58696163
v -2.54093149 1.79342027 -1.61708550
v -2.54075849 1.80061689 -1.58696331
v -2.54090336 1.79330842 -1.58697760
v -2.54074380 1.80068172 -1.61707731
v -2.54731711 1.80438079 -1.61704982
v -2.54093045 1.80073203 -1.58687227
v -2.54085342 1.80085349 -1.61696665
v -2.54747741 1.80452426 -1.58696482
v -2.55406406 1.80068119 -1.58688390
v -2.54762399 1.80453223 -1.61692690
v -2.55391831 1.80062409 -1.61691512
v -2.54739334 1.80463223 -1.58699210
v -2.55380490 1.80064505 -1.58681564
v -2.55410938 1.79326895 -1.61697621
v -2.55401708 1.79329915 -1.58695812
v -2.55400687 1.80073650 -1.61703231
v -2.54720902 1.78963161 -1.58680978
v -2.55402979 1.79316755 -1.61720046
v -2.54755182 1.78950421 -1.61703609
v -2.55417609 1.79329930 -1.58686404
v -2.54732027 1.80452862 -1.61722626
v -2.55386362 1.79325973 -1.61694038
v -2.55392930 1.80063681 -1.61698056
v -2.54736341 1.78948368 -1.61706868
v -2.54091077 1.80052593 -1.61717062
v -2.54088750 1.79294588 -1.61721422
v -1.27268040 3.64917600 -1.58683007
v -1.27261812 3.66219935 -1.58679216
v -1.27618445 3.65565197 -1.58699140
v -1.26511882 3.64896174 -1.58695598
v -1.26504482 3.66225913 -1.58684128
v -1.26137153 3.65574173 -1.58679111
v -1.27637061 3.65555598 -1.58698274
v -1.27264432 3.64902427 -1.61697947
v -1.27241304 3.64904677 -1.58670025
v -1.27653368 3.65563427 -1.61705128
v -1.26511658 3.64914843 -1.58703304
v -1.27267990 3.64934025 -1.61715846
v -1.26505860 3.64911060 -1.61695968
v -1.27262425 3.64897832 -1.58702029
v -1.26503126 3.64923184 -1.61694897
v -1.26140264 3.65564790 -1.58686807
v -1.26523030 3.64919114 -1.58709795
v -1.26124043 3.65558227 -1.61696173
v -1.26132442 3.65546501 -1.61704663
v -1.26520395 3.66217020 -1.58707403
v -1.26129724 3.65572708 -1.58696585
v -1.26484566 3.66201245 -1.61711686
v -1.27265388 3.66211532 -1.58700392
v -1.26501550 3.66215069 -1.61712552
v -1.27270244 3.66186589 -1.61686681
v -1.26523958 3.66214996 -1.58691261
v -1.27270276 3.66206823 -1.58705809
v -1.27667981 3.65570698 -1.61700458
v -1.27651266 3.65563290 -1.58697371
v -1.27270670 3.66211077 -1.61694007
v -1.27262995 3.66202185 -1.61696971
v -1.27273459 3.64915982 -1.61699288
v -1.27675970 3.65564185 -1.61713031
v -1.26515658 3.66233142 -1.61700456
v -1.26513992 3.64888354 -1.61688610
v -1.26140835 3.65572171 -1.61705112
v -1.32419994 1.76762700 -1.58689285
v -1.33075260 1.77920473 -1.58678540
v -1.33075786 1.77142153 -1.58706260
v -1.32423478 1.78283612 -1.58702920
v -1.31783021 1.77156647 -1.58709388
v -1.31774175 1.77906261 -1.58708446
v -1.31760064 1.77161691 -1.61700210
v -1.32406429 1.76790766 -1.58695055
v -1.32421353 1.76767267 -1.61695070
v -1.31777489 1.77164790 -1.58702555
v -1.31762208 1.77158492 -1.61722937
v -1.31754164 1.77901404 -1.58703896
v -1.31766768 1.77155916 -1.58685188
v -1.31751011 1.77911709 -1.61710152
v -1.32417621 1.78285139 -1.61716176
v -1.31767120 1.77907140 -1.58729252
v -1.31764184 1.77900502 -1.61692436
v -1.32409755 1.78266758 -1.58690499
v -1.33088209 1.77924129 -1.58703982
v -1.32417257 1.78295637 -1.61712441
v -1.33069498 1.77896967 -1.61693183
v -1.32395776 1.78284995 -1.58700327
v -1.33063846 1.77906273 -1.58689512
v -1.33062846 1.77160724 -1.61702400
v -1.33071496 1.77138595 -1.58703431
v -1.33065755 1.77918325 -1.61711150
v -1.32410095 1.76770369 -1.58699134
v -1.33066424 1.77170038 -1.61707551
v -1.32410388 1.76776617 -1.61708092
v -1.33050883 1.77163753 -1.58717550
v -1.32404861 1.78285414 -1.61717428
v -1.33066587 1.77151878 -1.61707592
v -1.33055865 1.77899519 -1.61703936
v -1.32411543 1.76775283 -1.61712429
v -1.31750590 1.77916117 -1.61695522
v -1.31761995 1.77167242 -1.61688259
v -0.35920305 3.20891918 -1.61692246
v -0.35911024 3.19605891 -1.61699097
v -0.36290072 3.20246592 -1.61707614
v -0.35158235 3.20895661 -1.61712389
v -0.35147422 3.19589375 -1.61699078
v -0.34799602 3.20242125 -1.61710937
v -0.35923895 3.20897544 -1.58684774
v -0.35162067 3.20911735 -1.61703731
v -0.35919423 3.20904190 -1.61711309
v -0.35175765 3.20902572 -1.58706404
v -0.34791596 3.20229912 -1.61700213
v -0.35176476 3.20904725 -1.58693762
v -0.34798706 3.20231152 -1.58697733
v -0.35156526 3.20903061 -1.61680768
v -0.35139398 3.19589557 -1.61704781
v -0.34800227 3.20237248 -1.58707569
v -0.35160320 3.19591444 -1.58682964
v -0.34782015 3.20234700 -1.61706472
v -0.35179020 3.19594802 -1.58693034
v -0.35928801 3.19597687 -1.61700090
v -0.35144003 3.19585755 -1.61700419
v -0.35915072 3.19611799 -1.58681224
v -0.36284713 3.20249645 -1.58698834
v -0.35922274 3.19577339 -1.61712913
v -0.35915975 3.19593331 -1.58695964
v -0.36273222 3.20254809 -1.61722573
v -0.35919715 3.20905361 -1.58690348
v -0.36287404 3.20236523 -1.61705165
v -0.36262707 3.20242879 -1.58698849
v -0.35919187 3.20893783 -1.61690695
v -0.35921240 3.19602021 -1.58689992
v -0.35921767 3.20886420 -1.58700704
v -0.36284617 3.20234374 -1.58657913
v -0.35153302 3.19600871 -1.58682062
v -0.35159655 3.20907055 -1.58693452
v -0.34771987 3.20225251 -1.58692628
v -0.45284703 -2.88372365 -1.58683515
v -0.45915387 -2.87240487 -1.58699706
v -0.45930711 -2.87986784 -1.58696620
v -0.45285465 -2.86862682 -1.58687288
v -0.44618224 -2.87983551 -1.58695592
v -0.44613177 -2.87248213 -1.58704611
v -0.45278076 -2.88352813 -1.58683873
v -0.45919588 -2.87980851 -1.61701813
v -0.45243067 -2.88366684 -1.61686727
v -0.45921205 -2.87985147 -1.58702473
v -0.44621698 -2.87980482 -1.61717368
v -0.45274847 -2.88365458 -1.58700175
v -0.45262789 -2.88356355 -1.61706853
v -0.44612703 -2.87980336 -1.58695411
v -0.44633414 -2.87968397 -1.61716787
v -0.44608252 -2.87211698 -1.58686477
v -0.44600695 -2.87991230 -1.58692280
v -0.44602977 -2.87241344 -1.61715790
v -0.45271132 -2.86855335 -1.61703681
v -0.44625314 -2.87226458 -1.58694496
v -0.44633349 -2.87239280 -1.61702635
v -0.45265877 -2.86845343 -1.58703116
v -0.45935066 -2.87230966 -1.58708707
v -0.45272757 -2.86861627 -1.61695292
v -0.45917575 -2.87226931 -1.61714543
v -0.45288342 -2.86854860 -1.58689734
v -0.45902766 -2.87237334 -1.58709144
v -0.45926105 -2.87976729 -1.61708788
v -0.45931164 -2.87990458 -1.58685393
v -0.45935871 -2.87247605 -1.61699206
v -0.45251312 -2.86860876 -1.61692584
v -0.45933240 -2.87994005 -1.61722154
v -0.45917722 -2.87241908 -1.61699477
v -0.45261773 -2.88366433 -1.61695776
v -0.44631197 -2.87217492 -1.61714333
v -0.44622434 -2.87993482 -1.61704872
v -2.54751598 2.59260740 -1.58691422
v -2.55364609 2.60387908 -1.58689112
v -2.55383024 2.59621612 -1.58701304
v -2.54745802 2.60732196 -1.58689437
v -2.54098869 2.59643595 -1.58708886
v -2.54088337 2.60352355 -1.58720394
v -2.54080633 2.59636012 -1.61714420
v -2.54735549 2.59256158 -1.58673015
v -2.54750174 2.59250748 -1.61699334
v -2.54088205 2.59653768 -1.58681797
v -2.54090609 2.59646377 -1.61709137
v -2.54104062 2.60390342 -1.58688022
v -2.54089520 2.59635280 -1.58710294
v -2.54095255 2.60382320 -1.61698632
v -2.54738075 2.60765048 -1.61703581
v -2.54100152 2.60378263 -1.58698794
v -2.54084025 2.60392522 -1.61713627
v -2.54748012 2.60757515 -1.58679632
v -2.55390695 2.60375003 -1.58692393
v -2.54754485 2.60771715 -1.61692948
v -2.55386489 2.60376145 -1.61706054
v -2.54750818 2.60775963 -1.58696156
v -2.55392537 2.60387710 -1.58699396
v -2.55390175 2.59635026 -1.61709947
v -2.55398699 2.59622940 -1.58684028
v -2.55386370 2.60388439 -1.61697369
v -2.54734364 2.59257237 -1.58695641
v -2.55386916 2.59634907 -1.61699897
v -2.54731331 2.59247230 -1.61722952
v -2.55394510 2.59635472 -1.58692131
v -2.54733335 2.60755619 -1.61699421
v -2.55397612 2.59627588 -1.61710103
v -2.55380669 2.60399352 -1.61711403
v -2.54768006 2.59236761 -1.61701486
v -2.54081411 2.60378028 -1.61710577
v -2.54085553 2.59637892 -1.61707896
v -0.35921348 3.72944616 -1.58688258
v -0.35912571 3.74233263 -1.58682394
v -0.36293067 3.73583692 -1.58692081
v -0.35171238 3.72945852 -1.58684294
v -0.35166752 3.74271523 -1.58696079
v -0.34779069 3.73586311 -1.58688901
v -0.36300670 3.73595412 -1.58677073
v -0.35929168 3.72925745 -1.61713697
v -0.35914327 3.72948742 -1.58691137
v -0.36282118 3.73590566 -1.61713377
v -0.35160546 3.72928728 -1.58698122
v -0.35917767 3.72927150 -1.61694158
v -0.35157169 3.72923485 -1.61697293
v -0.35919291 3.72935990 -1.58693139
v -0.35166373 3.72954370 -1.61713792
v -0.34799942 3.73583585 -1.58692457
v -0.35185936 3.72928202 -1.58706977
v -0.34809798 3.73588896 -1.61710230
v -0.34783307 3.73590413 -1.61716832
v -0.35172523 3.74253662 -1.58704294
v -0.34778619 3.73594219 -1.58699982
v -0.35161826 3.74236022 -1.61694293
v -0.35932856 3.74242661 -1.58702971
v -0.35158947 3.74239002 -1.61711249
v -0.35911503 3.74236482 -1.61692083
v -0.35165663 3.74243768 -1.58696111
v -0.35936395 3.74240626 -1.58712244
v -0.36285497 3.73566150 -1.61716504
v -0.36288883 3.73609319 -1.58685534
v -0.35918209 3.74240424 -1.61699969
v -0.35912345 3.74228380 -1.61688503
v -0.35906902 3.72946263 -1.61705414
v -0.36296764 3.73600210 -1.61708193
v -0.35162298 3.74251737 -1.61698461
v -0.35157863 3.72944355 -1.61716642
v -0.34808614 3.73617186 -1.61706814
v -2.55094337 3.15122361 -1.58698988
v -2.55725103 3.16248174 -1.58705150
v -2.55740620 3.15479647 -1.58685994
v -2.55091882 3.16622085 -1.58685650
v -2.54428209 3.15489611 -1.58687475
v -2.54426168 3.16227059 -1.58687106
v -2.55742401 3.16257137 -1.58687350
v -2.55085947 3.16631325 -1.61717638
v -2.55714259 3.16227690 -1.61703260
v -2.55079529 3.16603490 -1.58676100
v -2.55727839 3.16229629 -1.58694870
v -2.55725968 3.15498874 -1.61697658
v -2.55746738 3.15490341 -1.58675581
v -2.55724714 3.16243256 -1.61701795
v -2.55088836 3.15112738 -1.58693900
v -2.55734240 3.15504110 -1.61711754
v -2.55069870 3.15123791 -1.61693108
v -2.55744376 3.15492608 -1.58687527
v -2.54417763 3.15490195 -1.61721966
v -2.55064717 3.15117129 -1.58689675
v -2.55070004 3.15108312 -1.61687111
v -2.54437547 3.15503429 -1.58698777
v -2.54429174 3.15479715 -1.61708493
v -2.54417271 3.16235333 -1.58690806
v -2.54427057 3.15478694 -1.58703835
v -2.54426239 3.16234572 -1.61719916
v -2.55064713 3.16600191 -1.61707207
v -2.54437269 3.16244552 -1.58676638
v -2.54426789 3.16247334 -1.61697635
v -2.55080885 3.16636537 -1.58687225
v -2.55074116 3.16606711 -1.61696478
v -2.55739592 3.15485430 -1.61710354
v -2.55718342 3.16251327 -1.61697850
v -2.55077816 3.15128285 -1.61705828
v -2.54419340 3.16250928 -1.61700476
v -2.54422973 3.15497017 -1.61697091
v -0.55837279 3.19577390 -1.58696952
v -0.55834586 3.20900470 -1.58692841
v -0.56205936 3.20239131 -1.58696223
v -0.55078390 3.19597771 -1.58691133
v -0.55077611 3.20889622 -1.58703205
v -0.54719966 3.20265474 -1.58682166
v -0.56218477 3.20248251 -1.58688036
v -0.55848412 3.19594398 -1.61694898
v -0.55847267 3.19604489 -1.58693049
v -0.56215147 3.20227202 -1.61688942
v -0.55091017 3.19579106 -1.58702325
v -0.55830149 3.19566514 -1.61693365
v -0.55109809 3.19589874 -1.61711857
v -0.55818681 3.19602660 -1.58693559
v -0.55077016 3.19587367 -1.61692881
v -0.54704681 3.20250646 -1.58692278
v -0.55074522 3.19594341 -1.58692925
v -0.54687864 3.20244271 -1.61689475
v -0.54712550 3.20239551 -1.61700298
v -0.55089900 3.20894356 -1.58721403
v -0.54713091 3.20238574 -1.58671800
v -0.55081230 3.20895821 -1.61704571
v -0.55846771 3.20899827 -1.58689202
v -0.55074431 3.20889301 -1.61700659
v -0.55840639 3.20905738 -1.61702571
v -0.55096267 3.20905264 -1.58710767
v -0.55836445 3.20904669 -1.58694508
v -0.56223079 3.20239549 -1.61710724
v -0.56203670 3.20250854 -1.58706718
v -0.55827280 3.20905415 -1.61703702
v -0.55857469 3.20906080 -1.61701502
v -0.55827391 3.19568700 -1.61712508
v -0.56211118 3.20235694 -1.61679236
v -0.55096917 3.20902811 -1.61692120
v -0.55064544 3.19600329 -1.61699484
v -0.54712883 3.20241741 -1.61727990
v 0.36508635 3.10555078 -1.58695305
v 0.36529120 3.11867441 -1.58704321
v 0.36153527 3.11213626 -1.58713553
v 0.37250886 3.10553670 -1.58682458
v 0.37274666 3.11868128 -1.58702953
v 0.37648791 3.11201693 -1.58691457
v 0.36148123 3.11193922 -1.58712778
v 0.36496583 3.10558403 -1.61695449
v 0.36520998 3.10559601 -1.58693153
v 0.36134532 3.11219586 -1.61699434
v 0.37285948 3.10575909 -1.58692125
v 0.36508825 3.10558351 -1.61705364
v 0.37263089 3.10543483 -1.61700356
v 0.36517553 3.10558832 -1.58702901
v 0.37266380 3.10556938 -1.61712844
v 0.37642191 3.11184660 -1.58683905
v 0.37272546 3.10561732 -1.58692877
v 0.37641408 3.11223005 -1.61699659
v 0.37653950 3.11209063 -1.61703806
v 0.37278528 3.11860202 -1.58694180
v 0.37632205 3.11214610 -1.58689816
v 0.37279746 3.11844413 -1.61703077
v 0.36518531 3.11853310 -1.58698636
v 0.37267267 3.11856659 -1.61697823
v 0.36521393 3.11868406 -1.61698884
v 0.37268562 3.11858142 -1.58703181
v 0.36523837 3.11850313 -1.58686375
v 0.36152093 3.11211153 -1.61715501
v 0.36147201 3.11207959 -1.58684567
v 0.36512005 3.11866332 -1.61717980
v 0.36526111 3.11865433 -1.61697960
v 0.36513462 3.10564587 -1.61708957
v 0.36135527 3.11200722 -1.61710710
v 0.37267405 3.11878177 -1.61705089
v 0.37273300 3.10562905 -1.61699228
v 0.37643927 3.11208011 -1.61691711
v -2.88121048 -4.11390052 -1.32098203
v -2.88601875 -4.42711365 -1.32098938
v -2.88624078 -4.13134541 -1.32067709
v -2.88127116 -4.44435454 -1.32084726
v -2.86401354 -4.10511752 -1.32075895
v -2.86407222 -4.45349350 -1.32078548
v -2.54705231 -4.10498926 -1.32097352
v -2.54681699 -4.45355350 -1.32079447
v -2.52952377 -4.11379464 -1.32086105
v -2.52966948 -4.44469546 -1.32085982
v -2.52464500 -4.13122537 -1.32095888
v -2.52460384 -4.42726033 -1.32097168
v -2.54742009 4.41307193 -1.61701886
v -2.55418421 4.40173573 -1.61714113
v -2.55395443 4.40928021 -1.61689934
v -2.54744254 4.39790526 -1.61705388
v -2.54080713 4.40905454 -1.61713534
v -2.54110334 4.40182068 -1.61705240
v -2.55399932 4.40932101 -1.58699988
v -2.55396414 4.40177192 -1.61710190
v -2.55384997 4.40178715 -1.58696212
v -2.55395705 4.40926300 -1.61711516
v -2.55409538 4.40923433 -1.58700160
v -2.54749179 4.41293755 -1.61715792
v -2.55400904 4.40899778 -1.61695489
v -2.54743473 4.41290241 -1.58701222
v -2.54737050 4.41296894 -1.61704424
v -2.54105685 4.40909304 -1.58688579
v -2.54087658 4.40941836 -1.61711469
v -2.54736403 4.41283036 -1.58710714
v -2.54094686 4.40159274 -1.61714423
v -2.54086683 4.40919899 -1.58695250
v -2.54075980 4.40170451 -1.58708492
v -2.54079824 4.40927773 -1.61711972
v -2.54080905 4.40174824 -1.61711599
v -2.54745913 4.39800922 -1.58709614
v -2.54745613 4.39777946 -1.61721073
v -2.54085427 4.40196178 -1.58666498
v -2.54719387 4.39790404 -1.58711330
v -2.55376559 4.40159296 -1.61687942
v -2.54744391 4.39790852 -1.61703522
v -2.55393242 4.40172147 -1.58714465
v -2.54734507 4.39789829 -1.58689290
v -2.55396526 4.40916279 -1.58685426
v -2.55390160 4.40173560 -1.58691216
v -2.54751525 4.41298652 -1.58705748
v -2.54079460 4.40151017 -1.58700979
v -2.54122148 4.40907540 -1.58695109
v -0.44939887 -2.62418498 -1.61689742
v -0.45587681 -2.63550294 -1.61712087
v -0.45580468 -2.62793894 -1.61712116
v -0.44928073 -2.63919033 -1.61715682
v -0.44275709 -2.62786233 -1.61705301
v -0.44273100 -2.63527315 -1.61697138
v -0.45580474 -2.62791668 -1.58702389
v -0.45570036 -2.63545647 -1.61708379
v -0.45578712 -2.63532874 -1.58690645
v -0.45579429 -2.62782018 -1.61705379
v -0.45583674 -2.62776425 -1.58686959
v -0.44927558 -2.62426833 -1.61705388
v -0.45581492 -2.62804870 -1.61697832
v -0.44934820 -2.62409460 -1.58699585
v -0.44954005 -2.62421504 -1.61701272
v -0.44296255 -2.62782589 -1.58699687
v -0.44289368 -2.62786783 -1.61694878
v -0.44933613 -2.62403645 -1.58709072
v -0.44265542 -2.63540132 -1.61692156
v -0.44273414 -2.62790406 -1.58676572
v -0.44288878 -2.63535878 -1.58671872
v -0.44297191 -2.62788424 -1.61687497
v -0.44261050 -2.63557517 -1.61709314
v -0.44933464 -2.63923590 -1.58704453
v -0.44924818 -2.63903091 -1.61710339
v -0.44274890 -2.63531666 -1.58681874
v -0.44937957 -2.63925624 -1.58697357
v -0.45568605 -2.63543060 -1.61713643
v -0.44946162 -2.63911954 -1.61701167
v -0.45595589 -2.63536055 -1.58700968
v -0.44939107 -2.63920483 -1.58710780
v -0.45593605 -2.62802925 -1.58692052
v -0.45573897 -2.63525304 -1.58682462
v -0.44920653 -2.62414747 -1.58684082
v -0.44268721 -2.63562618 -1.58699779
v -0.44281974 -2.62760056 -1.58689525
v -2.54765505 2.80670851 -1.61692040
v -2.55388017 2.79556340 -1.61698613
v -2.55384442 2.80289995 -1.61708673
v -2.54756087 2.79172104 -1.61729572
v -2.54080422 2.80305738 -1.61692874
v -2.54058457 2.79552732 -1.61714873
v -2.55393287 2.80315037 -1.58686562
v -2.55392933 2.79527242 -1.61696623
v -2.55403886 2.79533590 -1.58690892
v -2.55384624 2.80295254 -1.61712459
v -2.55408142 2.80308983 -1.58708657
v -2.54754737 2.80669638 -1.61701981
v -2.55381522 2.80295275 -1.61715452
v -2.54746031 2.80681881 -1.58685575
v -2.54739634 2.80664065 -1.61718524
v -2.54097597 2.80301645 -1.58689046
v -2.54074489 2.80299399 -1.61701632
v -2.54731541 2.80665617 -1.58699998
v -2.54082827 2.79549745 -1.61735880
v -2.54103385 2.80299775 -1.58695433
v -2.54098286 2.79559960 -1.58697397
v -2.54073993 2.80297325 -1.61720435
v -2.54093351 2.79553498 -1.61718959
v -2.54712128 2.79153763 -1.58691084
v -2.54722203 2.79177557 -1.61712442
v -2.54110703 2.79548188 -1.58679282
v -2.54755624 2.79179805 -1.58678730
v -2.55386934 2.79559599 -1.61705664
v -2.54736435 2.79163171 -1.61701362
v -2.55397504 2.79533604 -1.58692353
v -2.54766734 2.79170218 -1.58701666
v -2.55397467 2.80293130 -1.58684642
v -2.55395543 2.79550016 -1.58698534
v -2.54736367 2.80689425 -1.58694125
v -2.54097015 2.79545203 -1.58690331
v -2.54106245 2.80301599 -1.58694721
v -2.54744891 2.00384221 -1.61707405
v -2.55401153 1.99237099 -1.61708207
v -2.55412946 2.00014560 -1.61696859
v -2.54742917 1.98855634 -1.61717550
v -2.54089612 1.99984954 -1.61710691
v -2.54076794 1.99236437 -1.61706104
v -2.55384737 1.99987820 -1.58693287
v -2.55399606 1.99258228 -1.61722916
v -2.55396468 1.99239079 -1.58711058
v -2.55392633 2.00008103 -1.61694307
v -2.55385452 1.99993646 -1.58709609
v -2.54738053 2.00356150 -1.61706637
v -2.55386040 1.99986417 -1.61712774
v -2.54756396 2.00361400 -1.58706562
v -2.54737448 2.00378169 -1.61735990
v -2.54085218 1.99976449 -1.58681664
v -2.54087189 1.99999437 -1.61700928
v -2.54739620 2.00369680 -1.58684651
v -2.54082447 1.99246255 -1.61687708
v -2.54101833 1.99996058 -1.58701699
v -2.54097757 1.99240577 -1.58682472
v -2.54100779 1.99990172 -1.61717397
v -2.54105025 1.99241635 -1.61700987
v -2.54722781 1.98854050 -1.58700627
v -2.54751114 1.98875682 -1.61716930
v -2.54096311 1.99237589 -1.58691082
v -2.54737549 1.98861585 -1.58699760
v -2.55387737 1.99244331 -1.61713747
v -2.54724985 1.98879714 -1.61706384
v -2.55405322 1.99254972 -1.58679349
v -2.54740955 1.98857273 -1.58679018
v -2.55405139 2.00006983 -1.58698468
v -2.55398838 1.99242492 -1.58689635
v -2.54769387 2.00373132 -1.58697025
v -2.54098779 1.99236026 -1.58713234
v -2.54090920 1.99983852 -1.58682719
v -0.98285332 -4.24524501 -1.58698473
v -0.98946633 -4.23385007 -1.58701428
v -0.98953003 -4.24178419 -1.58697140
v -0.98273698 -4.23047925 -1.58678585
v -0.97613415 -4.24120507 -1.58676436
v -0.97621397 -4.23405137 -1.58672987
v -0.97634032 -4.24159627 -1.61696717
v -0.98305039 -4.24543828 -1.58694733
v -0.98288208 -4.24528213 -1.61687952
v -0.97622528 -4.24161506 -1.58687954
v -0.97639738 -4.24157579 -1.61725062
v -0.97619610 -4.23419562 -1.58688322
v -0.97629659 -4.24147239 -1.58706682
v -0.97632745 -4.23400851 -1.61698032
v -0.98292258 -4.23024654 -1.61691935
v -0.97637144 -4.23399028 -1.58708030
v -0.97635275 -4.23386981 -1.61705493
v -0.98293923 -4.23022424 -1.58689036
v -0.98924461 -4.23413711 -1.58694275
v -0.98292013 -4.23027866 -1.61706200
v -0.98929239 -4.23420714 -1.61696579
v -0.98278909 -4.23035354 -1.58687322
v -0.98937784 -4.23401362 -1.58700522
v -0.98938825 -4.24165614 -1.61713375
v -0.98930955 -4.24153890 -1.58703133
v -0.98909942 -4.23410385 -1.61724151
v -0.98295425 -4.24547634 -1.58692209
v -0.98943077 -4.24165986 -1.61699340
v -0.98276032 -4.24542720 -1.61714809
v -0.98923413 -4.24164629 -1.58713418
v -0.98267196 -4.23033198 -1.61705088
v -0.98944261 -4.24166026 -1.61703885
v -0.98937417 -4.23396597 -1.61694680
v -0.98300185 -4.24545144 -1.61707337
v -0.97634032 -4.23398434 -1.61686899
v -0.97641411 -4.24162303 -1.61719549
v -0.35145273 3.76003709 -1.32066315
v -0.35630519 3.19924860 -1.32089028
v -0.35637900 3.74250202 -1.32078791
v -0.35129448 3.18173058 -1.32104695
v -0.33413959 3.76888811 -1.32094057
v -0.33421885 3.17303838 -1.32089614
v -0.01712307 3.76890972 -1.32075175
v -0.01721901 3.17314810 -1.32085565
v 0.00011783 3.75989418 -1.32070036
v 0.00026834 3.18183161 -1.32063538
v 0.00498533 3.74247986 -1.32099769
v 0.00517595 3.19916729 -1.32063376
v -0.98623582 -2.26454128 -1.61694693
v -0.99280320 -2.27602988 -1.61698479
v -0.99258986 -2.26835765 -1.61708031
v -0.98632054 -2.27973971 -1.61714468
v -0.97986838 -2.26855446 -1.61701117
v -0.97969905 -2.27608319 -1.61707699
v -0.97966837 -2.27585719 -1.61711074
v -0.97955179 -2.26839470 -1.58699685
v -0.97976089 -2.27599726 -1.58695295
v -0.97968693 -2.26861602 -1.61713821
v -0.97976041 -2.27599446 -1.61708492
v -0.98624437 -2.27970816 -1.58691701
v -0.98634708 -2.27975011 -1.61701522
v -0.97955372 -2.27602160 -1.58692463
v -0.98611137 -2.27985740 -1.58702840
v -0.99281182 -2.27594602 -1.61696137
v -0.98614236 -2.27975656 -1.61721367
v -0.99258022 -2.27587058 -1.58696135
v -0.99276455 -2.26848514 -1.58701483
v -0.99268657 -2.27599023 -1.61703315
v -0.99267599 -2.27608524 -1.58705799
v -0.99271622 -2.26844411 -1.61711215
v -0.99295504 -2.26848050 -1.58693749
v -0.98608878 -2.26465382 -1.61700940
v -0.99270513 -2.26845839 -1.61712581
v -0.98612514 -2.26460338 -1.58662363
v -0.98626855 -2.26437001 -1.61713120
v -0.97965251 -2.26852508 -1.58687443
v -0.97959307 -2.26851399 -1.61716500
v -0.98627088 -2.26464616 -1.58723980
v -0.98635943 -2.27974334 -1.58680276
v -0.99264881 -2.26847640 -1.58689014
v -0.99268819 -2.27597019 -1.58707200
v -0.98631637 -2.26479701 -1.58690818
v -0.97974457 -2.27596809 -1.58700492
v -0.97975244 -2.26844006 -1.58703074
v -2.54738582 3.39563301 -1.58687224
v -2.55391209 3.40685693 -1.58685673
v -2.55396554 3.39954652 -1.58696625
v -2.54746264 3.41063164 -1.58679164
v -2.54101981 3.39939896 -1.58669547
v -2.54070415 3.40692073 -1.58692083
v -2.54076382 3.39944882 -1.61693169
v -2.54744166 3.39572863 -1.58700978
v -2.54757700 3.39563112 -1.61701773
v -2.54091786 3.39948998 -1.58681219
v -2.54090783 3.39938295 -1.61719006
v -2.54094482 3.40679179 -1.58695629
v -2.54095380 3.39933794 -1.58682087
v -2.54090774 3.40700804 -1.61689480
v -2.54748418 3.41074546 -1.61699782
v -2.54095694 3.40672146 -1.58675550
v -2.54066001 3.40686169 -1.61690755
v -2.54766976 3.41079230 -1.58691154
v -2.55409573 3.40679117 -1.58695567
v -2.54732926 3.41076903 -1.61704912
v -2.55384226 3.40687673 -1.61712319
v -2.54740178 3.41078775 -1.58695359
v -2.55397328 3.40687702 -1.58691344
v -2.55413985 3.39956748 -1.61701998
v -2.55390527 3.39957312 -1.58681522
v -2.55377821 3.40690155 -1.61705828
v -2.54737816 3.39546332 -1.58703764
v -2.55398730 3.39927885 -1.61696113
v -2.54756626 3.39566746 -1.61713639
v -2.55400487 3.39951113 -1.58697021
v -2.54732118 3.41062635 -1.61702152
v -2.55404348 3.39919011 -1.61714555
v -2.55401073 3.40691863 -1.61704015
v -2.54735318 3.39554962 -1.61705826
v -2.54093194 3.40700515 -1.61702084
v -2.54078649 3.39924966 -1.61696762
v -3.08091724 4.39798697 -1.58702033
v -3.08737844 4.40918760 -1.58701600
v -3.08754644 4.40184295 -1.58692010
v -3.08084175 4.41272865 -1.58701796
v -3.07433867 4.40161142 -1.58701673
v -3.07438137 4.40911974 -1.58701553
v -3.07448435 4.40170819 -1.61712876
v -3.08076940 4.39776353 -1.58689747
v -3.08082675 4.39774236 -1.61707832
v -3.07448025 4.40158531 -1.58681317
v -3.07435993 4.40160286 -1.61716476
v -3.07433917 4.40915333 -1.58689491
v -3.07428709 4.40169398 -1.58698651
v -3.07452249 4.40924012 -1.61697386
v -3.08117303 4.41297292 -1.61702091
v -3.07466436 4.40923652 -1.58707469
v -3.07434009 4.40937550 -1.61719132
v -3.08099107 4.41294628 -1.58699871
v -3.08758440 4.40921620 -1.58705922
v -3.08086325 4.41283499 -1.61694871
v -3.08744133 4.40904920 -1.61713660
v -3.08082687 4.41295739 -1.58681336
v -3.08736318 4.40914185 -1.58680301
v -3.08752456 4.40161777 -1.61699452
v -3.08728099 4.40163638 -1.58700911
v -3.08736241 4.40918210 -1.61705011
v -3.08080629 4.39781131 -1.58700042
v -3.08741893 4.40178480 -1.61706542
v -3.08100820 4.39790456 -1.61706708
v -3.08758132 4.40173382 -1.58717265
v -3.08081790 4.41289665 -1.61725608
v -3.08733146 4.40164351 -1.61716518
v -3.08744565 4.40914347 -1.61716843
v -3.08080284 4.39785024 -1.61701189
v -3.07436342 4.40918128 -1.61708276
v -3.07454431 4.40161944 -1.61709924
v -1.47178120 3.11569428 -1.58685946
v -1.47193070 3.12863543 -1.58692900
v -1.47553816 3.12209118 -1.58686141
v -1.46413320 3.11543973 -1.58687801
v -1.46427245 3.12856788 -1.58694667
v -1.46066643 3.12215720 -1.58694948
v -1.47569925 3.12216099 -1.58684116
v -1.47183485 3.11565228 -1.61695252
v -1.47201836 3.11565071 -1.58701523
v -1.47567836 3.12216601 -1.61692127
v -1.46467139 3.11568004 -1.58706095
v -1.47185675 3.11571710 -1.61720586
v -1.46440797 3.11566300 -1.61710839
v -1.47201016 3.11562028 -1.58705120
v -1.46433012 3.11563911 -1.61715360
v -1.46053842 3.12209244 -1.58687461
v -1.46439155 3.11557964 -1.58690358
v -1.46040552 3.12216272 -1.61689665
v -1.46061185 3.12221948 -1.61696612
v -1.46432294 3.12876733 -1.58691107
v -1.46049224 3.12215696 -1.58704675
v -1.46435504 3.12858075 -1.61725560
v -1.47175263 3.12861647 -1.58696892
v -1.46440588 3.12850342 -1.61711743
v -1.47174375 3.12856712 -1.61704401
v -1.46441429 3.12868247 -1.58688631
v -1.47168277 3.12863261 -1.58685243
v -1.47578698 3.12216707 -1.61697736
v -1.47547385 3.12207982 -1.58703007
v -1.47200098 3.12851017 -1.61711717
v -1.47198277 3.12861317 -1.61720601
v -1.47174076 3.11566150 -1.61693653
v -1.47564919 3.12215265 -1.61724241
v -1.46441361 3.12847324 -1.61719429
v -1.46433590 3.11559076 -1.61703073
v -1.46053965 3.12211921 -1.61673293
vt -193.63189697 -71.99606323
vt -194.28390503 -73.12519836
vt -194.28390503 -72.37243652
vt -193.63189697 -73.50157166
vt -192.97950745 -72.37243652
vt -192.97950745 -73.12519836
vt 0.90640002 0.99949998
vt 0.75000000 0.00050002
vt 0.75000000 0.99949998
vt 0.90640002 0.00050002
vt 0.90640002 0.99949998
vt 1.09360003 0.00050002
vt 0.90640002 0.00050002
vt 1.09360003 0.99949998
vt 0.25000000 0.99949998
vt 0.09359997 0.00050002
vt 0.09359997 0.99949998
vt 0.25000000 0.00050002
vt 0.40640000 0.00050002
vt 0.25000000 0.99949998
vt 0.40640000 0.99949998
vt 0.25000000 0.00050002
vt 0.40640000 0.00050002
vt 0.59359998 0.99949998
vt 0.59359998 0.00050002
vt 0.40640000 0.99949998
vt 0.75000000 0.00050002
vt 0.59359998 0.99949998
vt 0.75000000 0.99949998
vt 0.59359998 0.00050002
vt 193.63189697 -73.50157166
vt 194.28390503 -72.37243652
vt 194.28390503 -73.12519836
vt 193.63189697 -71.99606323
vt 192.97950745 -73.12519836
vt 192.97950745 -72.37243652
vt 340.19610596 507.89370728
vt 340.84811401 509.02359009
vt 340.84811401 508.27169800
vt 340.19610596 509.39761353
vt 339.54409790 508.27169800
vt 339.54409790 509.02359009
vt 0.40640000 0.00050002
vt 0.59359998 0.99949998
vt 0.59359998 0.00050002
vt 0.40640000 0.99949998
vt 0.40640000 0.00050002
vt 0.25000000 0.99949998
vt 0.40640000 0.99949998
vt 0.25000000 0.00050002
vt 0.25000000 0.99949998
vt 0.09359997 0.00050002
vt 0.09359997 0.99949998
vt 0.25000000 0.00050002
vt 0.90640002 0.99949998
vt 1.09360003 0.00050002
vt 0.90640002 0.00050002
vt 1.09360003 0.99949998
vt 0.90640002 0.99949998
vt 0.75000000 0.00050002
vt 0.75000000 0.99949998
vt 0.90640002 0.00050002
vt 0.75000000 0.00050002
vt 0.59359998 0.99949998
vt 0.75000000 0.99949998
vt 0.59359998 0.00050002
vt -340.19610596 509.39761353
vt -340.84811401 508.27169800
vt -340.84811401 509.02359009
vt -340.19610596 507.89370728
vt -339.54409790 509.02359009
vt -339.54409790 508.27169800
vt 603.68902588 -231.75939941
vt 604.34252930 -230.62989807
vt 604.34252930 -231.38270569
vt 603.68902588 -230.25349426
vt 603.03540039 -231.38270569
vt 603.03540039 -230.62989807
vt 0.40640000 0.99949998
vt 0.59359998 0.00050002
vt 0.40640000 0.00050002
vt 0.59359998 0.99949998
vt 0.40640000 0.99949998
vt 0.25000000 0.00050002
vt 0.25000000 0.99949998
vt 0.40640000 0.00050002
vt 0.25000000 0.00050002
vt 0.09359997 0.99949998
vt 0.25000000 0.99949998
vt 0.09359997 0.00050002
vt 0.90640002 0.00050002
vt 1.09360003 0.99949998
vt 1.09360003 0.00050002
vt 0.90640002 0.99949998
vt 0.90640002 0.00050002
vt 0.75000000 0.99949998
vt 0.90640002 0.99949998
vt 0.75000000 0.00050002
vt 0.75000000 0.99949998
vt 0.59359998 0.00050002
vt 0.59359998 0.99949998
vt 0.75000000 0.00050002
vt -603.68902588 -230.25349426
vt -604.34252930 -231.38270569
vt -604.34252930 -230.62989807
vt -603.68902588 -231.75939941
vt -603.03540039 -230.62989807
vt -603.03540039 -231.38270569
vt -393.54370117 368.70120239
vt -394.19689941 367.57211304
vt -394.19689941 368.32479858
vt -393.54370117 367.19570923
vt -392.89181519 368.32479858
vt -392.89181519 367.57211304
vt 0.25000000 0.99949998
vt 0.09359997 0.00050002
vt 0.09359997 0.99949998
vt 0.25000000 0.00050002
vt 0.40640000 0.00050002
vt 0.25000000 0.99949998
vt 0.40640000 0.99949998
vt 0.25000000 0.00050002
vt 0.40640000 0.00050002
vt 0.59359998 0.99949998
vt 0.59359998 0.00050002
vt 0.40640000 0.99949998
vt 0.75000000 0.00050002
vt 0.59359998 0.99949998
vt 0.75000000 0.99949998
vt 0.59359998 0.00050002
vt 0.90640002 0.99949998
vt 0.75000000 0.00050002
vt 0.75000000 0.99949998
vt 0.90640002 0.00050002
vt 0.90640002 0.99949998
vt 1.09360003 0.00050002
vt 0.90640002 0.00050002
vt 1.09360003 0.99949998
vt 393.54370117 367.19570923
vt 394.19689941 368.32479858
vt 394.19689941 367.57211304
vt 393.54370117 368.70120239
vt 392.89181519 367.57211304
vt 392.89181519 368.32479858
vt -246.97950745 -91.91654205
vt -247.63110352 -93.04605865
vt -247.63110352 -92.29290771
vt -246.97950745 -93.42243958
vt -246.32719421 -92.29290771
vt -246.32719421 -93.04605865
vt 0.90640002 0.99949998
vt 0.75000000 0.00050002
vt 0.75000000 0.99949998
vt 0.90640002 0.00050002
vt 0.90640002 0.99949998
vt 1.09360003 0.00050002
vt 0.90640002 0.00050002
vt 1.09360003 0.99949998
vt 0.25000000 0.99949998
vt 0.09359997 0.00050002
vt 0.09359997 0.99949998
vt 0.25000000 0.00050002
vt 0.40640000 0.00050002
vt 0.25000000 0.99949998
vt 0.40640000 0.99949998
vt 0.25000000 0.00050002
vt 0.40640000 0.00050002
vt 0.59359998 0.99949998
vt 0.59359998 0.00050002
vt 0.40640000 0.99949998
vt 0.75000000 0.00050002
vt 0.59359998 0.99949998
vt 0.75000000 0.99949998
vt 0.59359998 0.00050002
vt 246.97950745 -93.42243958
vt 247.63110352 -92.29290771
vt 247.63110352 -93.04605865
vt 246.97950745 -91.91654205
vt 246.32719421 -93.04605865
vt 246.32719421 -92.29290771
vt 0.04881271 0.92343360
vt 1.85790002 0.96705556
vt 0.14210001 0.96705556
vt 1.95118701 0.92343360
vt 0.02202831 0.83754683
vt 1.97797203 0.83754683
vt 0.02202831 -1.83774090
vt 1.97797203 -1.83774090
vt 0.14210001 -1.96705604
vt 1.95118701 -1.92343402
vt 1.85790002 -1.96705604
vt 0.14210001 -1.96700001
vt 0.02199995 -1.83750010
vt 0.04879999 -1.92339993
vt -393.88189697 292.91729736
vt -394.53149414 291.78781128
vt -394.53149414 292.54089355
vt -393.88189697 291.41140747
vt -393.22830200 292.54089355
vt -393.22830200 291.78781128
vt 0.90640002 0.00050002
vt 0.75000000 0.99949998
vt 0.90640002 0.99949998
vt 0.75000000 0.00050002
vt 0.90640002 0.00050002
vt 1.09360003 0.99949998
vt 1.09360003 0.00050002
vt 0.90640002 0.99949998
vt 0.25000000 0.00050002
vt 0.09359997 0.99949998
vt 0.25000000 0.99949998
vt 0.09359997 0.00050002
vt 0.40640000 0.99949998
vt 0.25000000 0.00050002
vt 0.25000000 0.99949998
vt 0.40640000 0.00050002
vt 0.40640000 0.99949998
vt 0.59359998 0.00050002
vt 0.40640000 0.00050002
vt 0.59359998 0.99949998
vt 0.75000000 0.99949998
vt 0.59359998 0.00050002
vt 0.59359998 0.99949998
vt 0.75000000 0.00050002
vt 393.88189697 291.41140747
vt 394.53149414 292.54089355
vt 394.53149414 291.78781128
vt 393.88189697 292.91729736
vt 393.22830200 291.78781128
vt 393.22830200 292.54089355
vt -246.97950745 -71.99606323
vt -247.63110352 -73.12519836
vt -247.63110352 -72.37243652
vt -246.97950745 -73.50157166
vt -246.32719421 -72.37243652
vt -246.32719421 -73.12519836
vt 0.25000000 0.99949998
vt 0.09359997 0.00050002
vt 0.09359997 0.99949998
vt 0.25000000 0.00050002
vt 0.40640000 0.00050002
vt 0.25000000 0.99949998
vt 0.40640000 0.99949998
vt 0.25000000 0.00050002
vt 0.40640000 0.00050002
vt 0.59359998 0.99949998
vt 0.59359998 0.00050002
vt 0.40640000 0.99949998
vt 0.75000000 0.00050002
vt 0.59359998 0.99949998
vt 0.75000000 0.99949998
vt 0.59359998 0.00050002
vt 0.90640002 0.99949998
vt 0.75000000 0.00050002
vt 0.75000000 0.99949998
vt 0.90640002 0.00050002
vt 0.90640002 0.99949998
vt 1.09360003 0.00050002
vt 0.90640002 0.00050002
vt 1.09360003 0.99949998
vt 246.97950745 -73.50157166
vt 247.63110352 -72.37243652
vt 247.63110352 -73.12519836
vt 246.97950745 -71.99606323
vt 246.32719421 -73.12519836
vt 246.32719421 -72.37243652
vt 253.86380005 -93.42243958
vt 254.51570129 -92.29290771
vt 254.51570129 -93.04605865
vt 253.86380005 -91.91654205
vt 253.21180725 -93.04605865
vt 253.21180725 -92.29290771
vt 0.40640000 0.00050002
vt 0.59359998 0.99949998
vt 0.59359998 0.00050002
vt 0.40640000 0.99949998
vt 0.40640000 0.00050002
vt 0.25000000 0.99949998
vt 0.40640000 0.99949998
vt 0.25000000 0.00050002
vt 0.25000000 0.99949998
vt 0.09359997 0.00050002
vt 0.09359997 0.99949998
vt 0.25000000 0.00050002
vt 0.90640002 0.99949998
vt 1.09360003 0.00050002
vt 0.90640002 0.00050002
vt 1.09360003 0.99949998
vt 0.90640002 0.99949998
vt 0.75000000 0.00050002
vt 0.75000000 0.99949998
vt 0.90640002 0.00050002
vt 0.75000000 0.00050002
vt 0.59359998 0.99949998
vt 0.75000000 0.99949998
vt 0.59359998 0.00050002
vt -253.86380005 -91.91654205
vt -254.51570129 -93.04605865
vt -254.51570129 -92.29290771
vt -253.86380005 -93.42243958
vt -253.21180725 -92.29290771
vt -253.21180725 -93.04605865
vt -253.86380005 -71.99606323
vt -254.51570129 -73.12519836
vt -254.51570129 -72.37243652
vt -253.86380005 -73.50157166
vt -253.21180725 -72.37243652
vt -253.21180725 -73.12519836
vt 0.90640002 0.99949998
vt 0.75000000 0.00050002
vt 0.75000000 0.99949998
vt 0.90640002 0.00050002
vt 0.90640002 0.99949998
vt 1.09360003 0.00050002
vt 0.90640002 0.00050002
vt 1.09360003 0.99949998
vt 0.25000000 0.99949998
vt 0.09359997 0.00050002
vt 0.09359997 0.99949998
vt 0.25000000 0.00050002
vt 0.40640000 0.00050002
vt 0.25000000 0.99949998
vt 0.40640000 0.99949998
vt 0.25000000 0.00050002
vt 0.40640000 0.00050002
vt 0.59359998 0.99949998
vt 0.59359998 0.00050002
vt 0.40640000 0.99949998
vt 0.75000000 0.00050002
vt 0.59359998 0.99949998
vt 0.75000000 0.99949998
vt 0.59359998 0.00050002
vt 253.86380005 -73.50157166
vt 254.51570129 -72.37243652
vt 254.51570129 -73.12519836
vt 253.86380005 -71.99606323
vt 253.21180725 -73.12519836
vt 253.21180725 -72.37243652
vt -340.53271484 312.83819580
vt -341.18460083 311.70870972
vt -341.18460083 312.46139526
vt -340.53271484 311.33230591
vt -339.88070679 312.46139526
vt -339.88070679 311.70870972
vt 0.90640002 0.00050002
vt 0.75000000 0.99949998
vt 0.90640002 0.99949998
vt 0.75000000 0.00050002
vt 0.90640002 0.00050002
vt 1.09360003 0.99949998
vt 1.09360003 0.00050002
vt 0.90640002 0.99949998
vt 0.25000000 0.00050002
vt 0.09359997 0.99949998
vt 0.25000000 0.99949998
vt 0.09359997 0.00050002
vt 0.40640000 0.99949998
vt 0.25000000 0.00050002
vt 0.25000000 0.99949998
vt 0.40640000 0.00050002
vt 0.40640000 0.99949998
vt 0.59359998 0.00050002
vt 0.40640000 0.00050002
vt 0.59359998 0.99949998
vt 0.75000000 0.99949998
vt 0.59359998 0.00050002
vt 0.59359998 0.99949998
vt 0.75000000 0.00050002
vt 340.53271484 311.33230591
vt 341.18460083 312.46139526
vt 341.18460083 311.70870972
vt 340.53271484 312.83819580
vt 339.88070679 311.70870972
vt 339.88070679 312.46139526
vt -603.35040283 -194.31100464
vt -604.00390625 -195.44020081
vt -604.00390625 -194.68739319
vt -603.35040283 -195.81649780
vt -602.70080566 -194.68739319
vt -602.70080566 -195.44020081
vt 0.90640002 0.99949998
vt 0.75000000 0.00050002
vt 0.75000000 0.99949998
vt 0.90640002 0.00050002
vt 0.90640002 0.99949998
vt 1.09360003 0.00050002
vt 0.90640002 0.00050002
vt 1.09360003 0.99949998
vt 0.25000000 0.99949998
vt 0.09359997 0.00050002
vt 0.09359997 0.99949998
vt 0.25000000 0.00050002
vt 0.40640000 0.00050002
vt 0.25000000 0.99949998
vt 0.40640000 0.99949998
vt 0.25000000 0.00050002
vt 0.40640000 0.00050002
vt 0.59359998 0.99949998
vt 0.59359998 0.00050002
vt 0.40640000 0.99949998
vt 0.75000000 0.00050002
vt 0.59359998 0.99949998
vt 0.75000000 0.99949998
vt 0.59359998 0.00050002
vt 603.35040283 -195.81649780
vt 604.00390625 -194.68739319
vt 604.00390625 -195.44020081
vt 603.35040283 -194.31100464
vt 602.70080566 -195.44020081
vt 602.70080566 -194.68739319
vt -307.21139526 -71.99606323
vt -307.86340332 -73.12519836
vt -307.86340332 -72.37243652
vt -307.21139526 -73.50157166
vt -306.55938721 -72.37243652
vt -306.55938721 -73.12519836
vt 0.25000000 0.99949998
vt 0.09359997 0.00050002
vt 0.09359997 0.99949998
vt 0.25000000 0.00050002
vt 0.40640000 0.00050002
vt 0.25000000 0.99949998
vt 0.40640000 0.99949998
vt 0.25000000 0.00050002
vt 0.40640000 0.00050002
vt 0.59359998 0.99949998
vt 0.59359998 0.00050002
vt 0.40640000 0.99949998
vt 0.75000000 0.00050002
vt 0.59359998 0.99949998
vt 0.75000000 0.99949998
vt 0.59359998 0.00050002
vt 0.90640002 0.99949998
vt 0.75000000 0.00050002
vt 0.75000000 0.99949998
vt 0.90640002 0.00050002
vt 0.90640002 0.99949998
vt 1.09360003 0.00050002
vt 0.90640002 0.00050002
vt 1.09360003 0.99949998
vt 307.21139526 -73.50157166
vt 307.86340332 -72.37243652
vt 307.86340332 -73.12519836
vt 307.21139526 -71.99606323
vt 306.55938721 -73.12519836
vt 306.55938721 -72.37243652
vt 193.63189697 -93.42243958
vt 194.28390503 -92.29290771
vt 194.28390503 -93.04605865
vt 193.63189697 -91.91654205
vt 192.97950745 -93.04605865
vt 192.97950745 -92.29290771
vt 0.40640000 0.00050002
vt 0.59359998 0.99949998
vt 0.59359998 0.00050002
vt 0.40640000 0.99949998
vt 0.40640000 0.00050002
vt 0.25000000 0.99949998
vt 0.40640000 0.99949998
vt 0.25000000 0.00050002
vt 0.25000000 0.99949998
vt 0.09359997 0.00050002
vt 0.09359997 0.99949998
vt 0.25000000 0.00050002
vt 0.90640002 0.99949998
vt 1.09360003 0.00050002
vt 0.90640002 0.00050002
vt 1.09360003 0.99949998
vt 0.90640002 0.99949998
vt 0.75000000 0.00050002
vt 0.75000000 0.99949998
vt 0.90640002 0.00050002
vt 0.75000000 0.00050002
vt 0.59359998 0.99949998
vt 0.75000000 0.99949998
vt 0.59359998 0.00050002
vt -193.63189697 -91.91654205
vt -194.28390503 -93.04605865
vt -194.28390503 -92.29290771
vt -193.63189697 -93.42243958
vt -192.97950745 -92.29290771
vt -192.97950745 -93.04605865
vt -307.21139526 -91.91654205
vt -307.86340332 -93.04605865
vt -307.86340332 -92.29290771
vt -307.21139526 -93.42243958
vt -306.55938721 -92.29290771
vt -306.55938721 -93.04605865
vt 0.90640002 0.99949998
vt 0.75000000 0.00050002
vt 0.75000000 0.99949998
vt 0.90640002 0.00050002
vt 0.90640002 0.99949998
vt 1.09360003 0.00050002
vt 0.90640002 0.00050002
vt 1.09360003 0.99949998
vt 0.25000000 0.99949998
vt 0.09359997 0.00050002
vt 0.09359997 0.99949998
vt 0.25000000 0.00050002
vt 0.40640000 0.00050002
vt 0.25000000 0.99949998
vt 0.40640000 0.99949998
vt 0.25000000 0.00050002
vt 0.40640000 0.00050002
vt 0.59359998 0.99949998
vt 0.59359998 0.00050002
vt 0.40640000 0.99949998
vt 0.75000000 0.00050002
vt 0.59359998 0.99949998
vt 0.75000000 0.99949998
vt 0.59359998 0.00050002
vt 307.21139526 -93.42243958
vt 307.86340332 -92.29290771
vt 307.86340332 -93.04605865
vt 307.21139526 -91.91654205
vt 306.55938721 -93.04605865
vt 306.55938721 -92.29290771
vt 340.19610596 427.58270264
vt 340.84811401 428.71258545
vt 340.84811401 427.96060181
vt 340.19610596 429.09060669
vt 339.54409790 427.96060181
vt 339.54409790 428.71258545
vt 0.40640000 0.00050002
vt 0.59359998 0.99949998
vt 0.59359998 0.00050002
vt 0.40640000 0.99949998
vt 0.40640000 0.00050002
vt 0.25000000 0.99949998
vt 0.40640000 0.99949998
vt 0.25000000 0.00050002
vt 0.25000000 0.99949998
vt 0.09359997 0.00050002
vt 0.09359997 0.99949998
vt 0.25000000 0.00050002
vt 0.90640002 0.99949998
vt 1.09360003 0.00050002
vt 0.90640002 0.00050002
vt 1.09360003 0.99949998
vt 0.90640002 0.99949998
vt 0.75000000 0.00050002
vt 0.75000000 0.99949998
vt 0.90640002 0.00050002
vt 0.75000000 0.00050002
vt 0.59359998 0.99949998
vt 0.75000000 0.99949998
vt 0.59359998 0.00050002
vt -340.19610596 429.09060669
vt -340.84811401 427.96060181
vt -340.84811401 428.71258545
vt -340.19610596 427.58270264
vt -339.54409790 428.71258545
vt -339.54409790 427.96060181
vt 314.09570312 -93.42243958
vt 314.74758911 -92.29290771
vt 314.74758911 -93.04605865
vt 314.09570312 -91.91654205
vt 313.44369507 -93.04605865
vt 313.44369507 -92.29290771
vt 0.40640000 0.00050002
vt 0.59359998 0.99949998
vt 0.59359998 0.00050002
vt 0.40640000 0.99949998
vt 0.40640000 0.00050002
vt 0.25000000 0.99949998
vt 0.40640000 0.99949998
vt 0.25000000 0.00050002
vt 0.25000000 0.99949998
vt 0.09359997 0.00050002
vt 0.09359997 0.99949998
vt 0.25000000 0.00050002
vt 0.90640002 0.99949998
vt 1.09360003 0.00050002
vt 0.90640002 0.00050002
vt 1.09360003 0.99949998
vt 0.90640002 0.99949998
vt 0.75000000 0.00050002
vt 0.75000000 0.99949998
vt 0.90640002 0.00050002
vt 0.75000000 0.00050002
vt 0.59359998 0.99949998
vt 0.75000000 0.99949998
vt 0.59359998 0.00050002
vt -314.09570312 -91.91654205
vt -314.74758911 -93.04605865
vt -314.74758911 -92.29290771
vt -314.09570312 -93.42243958
vt -313.44369507 -92.29290771
vt -313.44369507 -93.04605865
vt -550.34252930 -410.79129028
vt -550.99212646 -411.92129517
vt -550.99212646 -411.16931152
vt -550.34252930 -412.29919434
vt -549.68902588 -411.16931152
vt -549.68902588 -411.92129517
vt 0.25000000 0.00050002
vt 0.09359997 0.99949998
vt 0.25000000 0.99949998
vt 0.09359997 0.00050002
vt 0.40640000 0.99949998
vt 0.25000000 0.00050002
vt 0.25000000 0.99949998
vt 0.40640000 0.00050002
vt 0.40640000 0.99949998
vt 0.59359998 0.00050002
vt 0.40640000 0.00050002
vt 0.59359998 0.99949998
vt 0.75000000 0.99949998
vt 0.59359998 0.00050002
vt 0.59359998 0.99949998
vt 0.75000000 0.00050002
vt 0.90640002 0.00050002
vt 0.75000000 0.99949998
vt 0.90640002 0.99949998
vt 0.75000000 0.00050002
vt 0.90640002 0.00050002
vt 1.09360003 0.99949998
vt 1.09360003 0.00050002
vt 0.90640002 0.99949998
vt 550.34252930 -412.29919434
vt 550.99212646 -411.16931152
vt 550.99212646 -411.92129517
vt 550.34252930 -410.79129028
vt 549.68902588 -411.92129517
vt 549.68902588 -411.16931152
vt 393.88189697 391.64181519
vt 394.53149414 392.77090454
vt 394.53149414 392.01809692
vt 393.88189697 393.14718628
vt 393.22830200 392.01809692
vt 393.22830200 392.77090454
vt 0.40640000 0.99949998
vt 0.59359998 0.00050002
vt 0.40640000 0.00050002
vt 0.59359998 0.99949998
vt 0.40640000 0.99949998
vt 0.25000000 0.00050002
vt 0.25000000 0.99949998
vt 0.40640000 0.00050002
vt 0.25000000 0.00050002
vt 0.09359997 0.99949998
vt 0.25000000 0.99949998
vt 0.09359997 0.00050002
vt 0.90640002 0.00050002
vt 1.09360003 0.99949998
vt 1.09360003 0.00050002
vt 0.90640002 0.99949998
vt 0.90640002 0.00050002
vt 0.75000000 0.99949998
vt 0.90640002 0.99949998
vt 0.75000000 0.00050002
vt 0.75000000 0.99949998
vt 0.59359998 0.00050002
vt 0.59359998 0.99949998
vt 0.75000000 0.00050002
vt -393.88189697 393.14718628
vt -394.53149414 392.01809692
vt -394.53149414 392.77090454
vt -393.88189697 391.64181519
vt -393.22830200 392.77090454
vt -393.22830200 392.01809692
vt 0.04881271 0.31552231
vt 1.85790002 0.35913938
vt 0.14210001 0.35913938
vt 1.95118701 0.31552231
vt 0.02202831 0.22964519
vt 1.97797203 0.22964519
vt 0.02202831 -1.22714496
vt 1.97797203 -1.22714496
vt 0.04881271 -1.31301999
vt 1.95118701 -1.31301999
vt 0.14210001 -1.35662007
vt 1.85790002 -1.35662007
vt 603.68902588 -392.37799072
vt 604.34252930 -391.24841309
vt 604.34252930 -392.00158691
vt 603.68902588 -390.87210083
vt 603.03540039 -392.00158691
vt 603.03540039 -391.24841309
vt 0.40640000 0.99949998
vt 0.59359998 0.00050002
vt 0.40640000 0.00050002
vt 0.59359998 0.99949998
vt 0.40640000 0.99949998
vt 0.25000000 0.00050002
vt 0.25000000 0.99949998
vt 0.40640000 0.00050002
vt 0.25000000 0.00050002
vt 0.09359997 0.99949998
vt 0.25000000 0.99949998
vt 0.09359997 0.00050002
vt 0.90640002 0.00050002
vt 1.09360003 0.99949998
vt 1.09360003 0.00050002
vt 0.90640002 0.99949998
vt 0.90640002 0.00050002
vt 0.75000000 0.99949998
vt 0.90640002 0.99949998
vt 0.75000000 0.00050002
vt 0.75000000 0.99949998
vt 0.59359998 0.00050002
vt 0.59359998 0.99949998
vt 0.75000000 0.00050002
vt -603.68902588 -390.87210083
vt -604.34252930 -392.00158691
vt -604.34252930 -391.24841309
vt -603.68902588 -392.37799072
vt -603.03540039 -391.24841309
vt -603.03540039 -392.00158691
vt -550.34252930 -250.17439270
vt -550.99212646 -251.30349731
vt -550.99212646 -250.55079651
vt -550.34252930 -251.67990112
vt -549.68902588 -250.55079651
vt -549.68902588 -251.30349731
vt 0.25000000 0.00050002
vt 0.09359997 0.99949998
vt 0.25000000 0.99949998
vt 0.09359997 0.00050002
vt 0.40640000 0.99949998
vt 0.25000000 0.00050002
vt 0.25000000 0.99949998
vt 0.40640000 0.00050002
vt 0.40640000 0.99949998
vt 0.59359998 0.00050002
vt 0.40640000 0.00050002
vt 0.59359998 0.99949998
vt 0.75000000 0.99949998
vt 0.59359998 0.00050002
vt 0.59359998 0.99949998
vt 0.75000000 0.00050002
vt 0.90640002 0.00050002
vt 0.75000000 0.99949998
vt 0.90640002 0.99949998
vt 0.75000000 0.00050002
vt 0.90640002 0.00050002
vt 1.09360003 0.99949998
vt 1.09360003 0.00050002
vt 0.90640002 0.99949998
vt 550.34252930 -251.67990112
vt 550.99212646 -250.55079651
vt 550.99212646 -251.30349731
vt 550.34252930 -250.17439270
vt 549.68902588 -251.30349731
vt 549.68902588 -250.55079651
vt -603.35040283 -274.62008667
vt -604.00390625 -275.74960327
vt -604.00390625 -274.99649048
vt -603.35040283 -276.12600708
vt -602.70080566 -274.99649048
vt -602.70080566 -275.74960327
vt 0.90640002 0.99949998
vt 0.75000000 0.00050002
vt 0.75000000 0.99949998
vt 0.90640002 0.00050002
vt 0.90640002 0.99949998
vt 1.09360003 0.00050002
vt 0.90640002 0.00050002
vt 1.09360003 0.99949998
vt 0.25000000 0.99949998
vt 0.09359997 0.00050002
vt 0.09359997 0.99949998
vt 0.25000000 0.00050002
vt 0.40640000 0.00050002
vt 0.25000000 0.99949998
vt 0.40640000 0.99949998
vt 0.25000000 0.00050002
vt 0.40640000 0.00050002
vt 0.59359998 0.99949998
vt 0.59359998 0.00050002
vt 0.40640000 0.99949998
vt 0.75000000 0.00050002
vt 0.59359998 0.99949998
vt 0.75000000 0.99949998
vt 0.59359998 0.00050002
vt 603.35040283 -276.12600708
vt 604.00390625 -274.99649048
vt 604.00390625 -275.74960327
vt 603.35040283 -274.62008667
vt 602.70080566 -275.74960327
vt 602.70080566 -274.99649048
vt -603.68902588 -410.79129028
vt -604.34252930 -411.92129517
vt -604.34252930 -411.16931152
vt -603.68902588 -412.29919434
vt -603.03540039 -411.16931152
vt -603.03540039 -411.92129517
vt 0.90640002 0.00050002
vt 0.75000000 0.99949998
vt 0.90640002 0.99949998
vt 0.75000000 0.00050002
vt 0.90640002 0.00050002
vt 1.09360003 0.99949998
vt 1.09360003 0.00050002
vt 0.90640002 0.99949998
vt 0.25000000 0.00050002
vt 0.09359997 0.99949998
vt 0.25000000 0.99949998
vt 0.09359997 0.00050002
vt 0.40640000 0.99949998
vt 0.25000000 0.00050002
vt 0.25000000 0.99949998
vt 0.40640000 0.00050002
vt 0.40640000 0.99949998
vt 0.59359998 0.00050002
vt 0.40640000 0.00050002
vt 0.59359998 0.99949998
vt 0.75000000 0.99949998
vt 0.59359998 0.00050002
vt 0.59359998 0.99949998
vt 0.75000000 0.00050002
vt 603.68902588 -412.29919434
vt 604.34252930 -411.16931152
vt 604.34252930 -411.92129517
vt 603.68902588 -410.79129028
vt 603.03540039 -411.92129517
vt 603.03540039 -411.16931152
vt -603.35040283 -174.39019775
vt -604.00390625 -175.51969910
vt -604.00390625 -174.76649475
vt -603.35040283 -175.89610291
vt -602.70080566 -174.76649475
vt -602.70080566 -175.51969910
vt 0.25000000 0.99949998
vt 0.09359997 0.00050002
vt 0.09359997 0.99949998
vt 0.25000000 0.00050002
vt 0.40640000 0.00050002
vt 0.25000000 0.99949998
vt 0.40640000 0.99949998
vt 0.25000000 0.00050002
vt 0.40640000 0.00050002
vt 0.59359998 0.99949998
vt 0.59359998 0.00050002
vt 0.40640000 0.99949998
vt 0.75000000 0.00050002
vt 0.59359998 0.99949998
vt 0.75000000 0.99949998
vt 0.59359998 0.00050002
vt 0.90640002 0.99949998
vt 0.75000000 0.00050002
vt 0.75000000 0.99949998
vt 0.90640002 0.00050002
vt 0.90640002 0.99949998
vt 1.09360003 0.00050002
vt 0.90640002 0.00050002
vt 1.09360003 0.99949998
vt 603.35040283 -175.89610291
vt 604.00390625 -174.76649475
vt 604.00390625 -175.51969910
vt 603.35040283 -174.39019775
vt 602.70080566 -175.51969910
vt 602.70080566 -174.76649475
vt -340.53271484 292.91729736
vt -341.18460083 291.78781128
vt -341.18460083 292.54089355
vt -340.53271484 291.41140747
vt -339.88070679 292.54089355
vt -339.88070679 291.78781128
vt 0.25000000 0.00050002
vt 0.09359997 0.99949998
vt 0.25000000 0.99949998
vt 0.09359997 0.00050002
vt 0.40640000 0.99949998
vt 0.25000000 0.00050002
vt 0.25000000 0.99949998
vt 0.40640000 0.00050002
vt 0.40640000 0.99949998
vt 0.59359998 0.00050002
vt 0.40640000 0.00050002
vt 0.59359998 0.99949998
vt 0.75000000 0.99949998
vt 0.59359998 0.00050002
vt 0.59359998 0.99949998
vt 0.75000000 0.00050002
vt 0.90640002 0.00050002
vt 0.75000000 0.99949998
vt 0.90640002 0.99949998
vt 0.75000000 0.00050002
vt 0.90640002 0.00050002
vt 1.09360003 0.99949998
vt 1.09360003 0.00050002
vt 0.90640002 0.99949998
vt 340.53271484 291.41140747
vt 341.18460083 292.54089355
vt 341.18460083 291.78781128
vt 340.53271484 292.91729736
vt 339.88070679 291.78781128
vt 339.88070679 292.54089355
vt 550.00390625 -276.12600708
vt 550.65747070 -274.99649048
vt 550.65747070 -275.74960327
vt 550.00390625 -274.62008667
vt 549.35040283 -275.74960327
vt 549.35040283 -274.99649048
vt 0.40640000 0.00050002
vt 0.59359998 0.99949998
vt 0.59359998 0.00050002
vt 0.40640000 0.99949998
vt 0.40640000 0.00050002
vt 0.25000000 0.99949998
vt 0.40640000 0.99949998
vt 0.25000000 0.00050002
vt 0.25000000 0.99949998
vt 0.09359997 0.00050002
vt 0.09359997 0.99949998
vt 0.25000000 0.00050002
vt 0.90640002 0.99949998
vt 1.09360003 0.00050002
vt 0.90640002 0.00050002
vt 1.09360003 0.99949998
vt 0.90640002 0.99949998
vt 0.75000000 0.00050002
vt 0.75000000 0.99949998
vt 0.90640002 0.00050002
vt 0.75000000 0.00050002
vt 0.59359998 0.99949998
vt 0.75000000 0.99949998
vt 0.59359998 0.00050002
vt -550.00390625 -274.62008667
vt -550.65747070 -275.74960327
vt -550.65747070 -274.99649048
vt -550.00390625 -276.12600708
vt -549.35040283 -274.99649048
vt -549.35040283 -275.74960327
vt 0.04883402 0.92342854
vt 1.85790002 0.96704835
vt 0.14210001 0.96704835
vt 1.95123005 0.92342854
vt 0.02202831 0.83754611
vt 1.97807801 0.83754611
vt 0.02202831 -1.83754802
vt 1.97807801 -1.83754802
vt 0.04883402 -1.92342997
vt 1.95123005 -1.92342997
vt 0.14210001 -1.96705008
vt 1.85790002 -1.96705008
vt -603.68902588 -250.17439270
vt -604.34252930 -251.30349731
vt -604.34252930 -250.55079651
vt -603.68902588 -251.67990112
vt -603.03540039 -250.55079651
vt -603.03540039 -251.30349731
vt 0.90640002 0.00050002
vt 0.75000000 0.99949998
vt 0.90640002 0.99949998
vt 0.75000000 0.00050002
vt 0.90640002 0.00050002
vt 1.09360003 0.99949998
vt 1.09360003 0.00050002
vt 0.90640002 0.99949998
vt 0.25000000 0.00050002
vt 0.09359997 0.99949998
vt 0.25000000 0.99949998
vt 0.09359997 0.00050002
vt 0.40640000 0.99949998
vt 0.25000000 0.00050002
vt 0.25000000 0.99949998
vt 0.40640000 0.00050002
vt 0.40640000 0.99949998
vt 0.59359998 0.00050002
vt 0.40640000 0.00050002
vt 0.59359998 0.99949998
vt 0.75000000 0.99949998
vt 0.59359998 0.00050002
vt 0.59359998 0.99949998
vt 0.75000000 0.00050002
vt 603.68902588 -251.67990112
vt 604.34252930 -250.55079651
vt 604.34252930 -251.30349731
vt 603.68902588 -250.17439270
vt 603.03540039 -251.30349731
vt 603.03540039 -250.55079651
vt -550.34252930 -390.87210083
vt -550.99212646 -392.00158691
vt -550.99212646 -391.24841309
vt -550.34252930 -392.37799072
vt -549.68902588 -391.24841309
vt -549.68902588 -392.00158691
vt 0.90640002 0.00050002
vt 0.75000000 0.99949998
vt 0.90640002 0.99949998
vt 0.75000000 0.00050002
vt 0.90640002 0.00050002
vt 1.09360003 0.99949998
vt 1.09360003 0.00050002
vt 0.90640002 0.99949998
vt 0.25000000 0.00050002
vt 0.09359997 0.99949998
vt 0.25000000 0.99949998
vt 0.09359997 0.00050002
vt 0.40640000 0.99949998
vt 0.25000000 0.00050002
vt 0.25000000 0.99949998
vt 0.40640000 0.00050002
vt 0.40640000 0.99949998
vt 0.59359998 0.00050002
vt 0.40640000 0.00050002
vt 0.59359998 0.99949998
vt 0.75000000 0.99949998
vt 0.59359998 0.00050002
vt 0.59359998 0.99949998
vt 0.75000000 0.00050002
vt 550.34252930 -392.37799072
vt 550.99212646 -391.24841309
vt 550.99212646 -392.00158691
vt 550.34252930 -390.87210083
vt 549.68902588 -392.00158691
vt 549.68902588 -391.24841309
vt -603.35040283 -254.69960022
vt -604.00390625 -255.82870483
vt -604.00390625 -255.07598877
vt -603.35040283 -256.20550537
vt -602.70080566 -255.07598877
vt -602.70080566 -255.82870483
vt 0.25000000 0.99949998
vt 0.09359997 0.00050002
vt 0.09359997 0.99949998
vt 0.25000000 0.00050002
vt 0.40640000 0.00050002
vt 0.25000000 0.99949998
vt 0.40640000 0.99949998
vt 0.25000000 0.00050002
vt 0.40640000 0.00050002
vt 0.59359998 0.99949998
vt 0.59359998 0.00050002
vt 0.40640000 0.99949998
vt 0.75000000 0.00050002
vt 0.59359998 0.99949998
vt 0.75000000 0.99949998
vt 0.59359998 0.00050002
vt 0.90640002 0.99949998
vt 0.75000000 0.00050002
vt 0.75000000 0.99949998
vt 0.90640002 0.00050002
vt 0.90640002 0.99949998
vt 1.09360003 0.00050002
vt 0.90640002 0.00050002
vt 1.09360003 0.99949998
vt 603.35040283 -256.20550537
vt 604.00390625 -255.07598877
vt 604.00390625 -255.82870483
vt 603.35040283 -254.69960022
vt 602.70080566 -255.82870483
vt 602.70080566 -255.07598877
vt 0.04881271 0.31550431
vt 1.85790002 0.35912192
vt 0.14210001 0.35912192
vt 1.95118701 0.31550431
vt 0.02202831 0.22964537
vt 1.97797203 0.22964537
vt 0.02202831 -1.22716498
vt 1.97797203 -1.22716498
vt 0.04881271 -1.31302404
vt 1.95118701 -1.31302404
vt 0.14210001 -1.35664105
vt 1.85790002 -1.35664105
vt -340.53271484 393.14718628
vt -341.18460083 392.01809692
vt -341.18460083 392.77090454
vt -340.53271484 391.64181519
vt -339.88070679 392.77090454
vt -339.88070679 392.01809692
vt 0.90640002 0.00050002
vt 0.75000000 0.99949998
vt 0.90640002 0.99949998
vt 0.75000000 0.00050002
vt 0.90640002 0.00050002
vt 1.09360003 0.99949998
vt 1.09360003 0.00050002
vt 0.90640002 0.99949998
vt 0.25000000 0.00050002
vt 0.09359997 0.99949998
vt 0.25000000 0.99949998
vt 0.09359997 0.00050002
vt 0.40640000 0.99949998
vt 0.25000000 0.00050002
vt 0.25000000 0.99949998
vt 0.40640000 0.00050002
vt 0.40640000 0.99949998
vt 0.59359998 0.00050002
vt 0.40640000 0.00050002
vt 0.59359998 0.99949998
vt 0.75000000 0.99949998
vt 0.59359998 0.00050002
vt 0.59359998 0.99949998
vt 0.75000000 0.00050002
vt 340.53271484 391.64181519
vt 341.18460083 392.77090454
vt 341.18460083 392.01809692
vt 340.53271484 393.14718628
vt 339.88070679 392.01809692
vt 339.88070679 392.77090454
vt 0.04881271 0.92342854
vt 1.85790002 0.96704835
vt 0.14210001 0.96704835
vt 1.95118701 0.92342854
vt 0.02202831 0.83754611
vt 1.97797406 0.83754611
vt 0.02202831 -1.83754802
vt 1.97797406 -1.83754802
vt 0.04881271 -1.92342997
vt 1.95118701 -1.92342997
vt 0.14210001 -1.96705008
vt 1.85790002 -1.96705008
vt 0.04881612 0.92343360
vt 1.85790002 0.96705556
vt 0.14210001 0.96705556
vt 1.95116496 0.92343360
vt 0.02202995 0.83754683
vt 1.97794902 0.83754683
vt 0.02202995 -1.83774090
vt 1.97794902 -1.83774090
vt 0.14210001 -1.96705604
vt 1.95116496 -1.92343402
vt 1.85790002 -1.96705604
vt 0.14210001 -1.96700001
vt 0.02199995 -1.83750010
vt 0.04879999 -1.92339993
vt -384.57879639 -227.03619385
vt -384.57879639 -228.34019470
vt -384.95510864 -227.68820190
vt -383.82598877 -227.03619385
vt -383.82598877 -228.34019470
vt -383.44958496 -227.68820190
vt 0.75000000 0.99949998
vt 0.90640002 0.00050002
vt 0.75000000 0.00050002
vt 0.90640002 0.99949998
vt 1.09360003 0.00050002
vt 0.90640002 0.99949998
vt 1.09360003 0.99949998
vt 0.90640002 0.00050002
vt 0.09359997 0.00050002
vt 0.25000000 0.99949998
vt 0.25000000 0.00050002
vt 0.09359997 0.99949998
vt 0.25000000 0.00050002
vt 0.40640000 0.99949998
vt 0.40640000 0.00050002
vt 0.25000000 0.99949998
vt 0.59359998 0.00050002
vt 0.40640000 0.99949998
vt 0.59359998 0.99949998
vt 0.40640000 0.00050002
vt 0.59359998 0.99949998
vt 0.75000000 0.00050002
vt 0.59359998 0.00050002
vt 0.75000000 0.99949998
vt 384.57879639 -228.34019470
vt 384.57879639 -227.03619385
vt 384.95510864 -227.68820190
vt 383.82598877 -228.34019470
vt 383.82598877 -227.03619385
vt 383.44958496 -227.68820190
vt -393.88189697 453.53540039
vt -394.53149414 452.40548706
vt -394.53149414 453.16140747
vt -393.88189697 452.03149414
vt -393.22830200 453.16140747
vt -393.22830200 452.40548706
vt 0.90640002 0.00050002
vt 0.75000000 0.99949998
vt 0.90640002 0.99949998
vt 0.75000000 0.00050002
vt 0.90640002 0.00050002
vt 1.09360003 0.99949998
vt 1.09360003 0.00050002
vt 0.90640002 0.99949998
vt 0.25000000 0.00050002
vt 0.09359997 0.99949998
vt 0.25000000 0.99949998
vt 0.09359997 0.00050002
vt 0.40640000 0.99949998
vt 0.25000000 0.00050002
vt 0.25000000 0.99949998
vt 0.40640000 0.00050002
vt 0.40640000 0.99949998
vt 0.59359998 0.00050002
vt 0.40640000 0.00050002
vt 0.59359998 0.99949998
vt 0.75000000 0.99949998
vt 0.59359998 0.00050002
vt 0.59359998 0.99949998
vt 0.75000000 0.00050002
vt 393.88189697 452.03149414
vt 394.53149414 453.16140747
vt 394.53149414 452.40548706
vt 393.88189697 453.53540039
vt 393.22830200 452.40548706
vt 393.22830200 453.16140747
vt 393.88189697 471.95278931
vt 394.53149414 473.07870483
vt 394.53149414 472.32681274
vt 393.88189697 473.45669556
vt 393.22830200 472.32681274
vt 393.22830200 473.07870483
vt 0.40640000 0.99949998
vt 0.59359998 0.00050002
vt 0.40640000 0.00050002
vt 0.59359998 0.99949998
vt 0.40640000 0.99949998
vt 0.25000000 0.00050002
vt 0.25000000 0.99949998
vt 0.40640000 0.00050002
vt 0.25000000 0.00050002
vt 0.09359997 0.99949998
vt 0.25000000 0.99949998
vt 0.09359997 0.00050002
vt 0.90640002 0.00050002
vt 1.09360003 0.99949998
vt 1.09360003 0.00050002
vt 0.90640002 0.99949998
vt 0.90640002 0.00050002
vt 0.75000000 0.99949998
vt 0.90640002 0.99949998
vt 0.75000000 0.00050002
vt 0.75000000 0.99949998
vt 0.59359998 0.00050002
vt 0.59359998 0.99949998
vt 0.75000000 0.00050002
vt -393.88189697 473.45669556
vt -394.53149414 472.32681274
vt -394.53149414 473.07870483
vt -393.88189697 471.95278931
vt -393.22830200 473.07870483
vt -393.22830200 472.32681274
vt 0.04881387 0.92343360
vt 1.85790002 0.96705556
vt 0.14210001 0.96705556
vt 1.95116496 0.92343360
vt 0.02202980 0.83754683
vt 1.97797000 0.83754683
vt 0.02202980 -1.83774090
vt 1.97797000 -1.83774090
vt 0.14210001 -1.96705604
vt 1.95116496 -1.92343402
vt 1.85790002 -1.96705604
vt 0.14210001 -1.96700001
vt 0.02199995 -1.83750010
vt 0.04879999 -1.92339993
vt -603.35040283 -94.08110046
vt -604.00390625 -95.21024323
vt -604.00390625 -94.45748138
vt -603.35040283 -95.58660889
vt -602.70080566 -94.45748138
vt -602.70080566 -95.21024323
vt 0.25000000 0.99949998
vt 0.09359997 0.00050002
vt 0.09359997 0.99949998
vt 0.25000000 0.00050002
vt 0.40640000 0.00050002
vt 0.25000000 0.99949998
vt 0.40640000 0.99949998
vt 0.25000000 0.00050002
vt 0.40640000 0.00050002
vt 0.59359998 0.99949998
vt 0.59359998 0.00050002
vt 0.40640000 0.99949998
vt 0.75000000 0.00050002
vt 0.59359998 0.99949998
vt 0.75000000 0.99949998
vt 0.59359998 0.00050002
vt 0.90640002 0.99949998
vt 0.75000000 0.00050002
vt 0.75000000 0.99949998
vt 0.90640002 0.00050002
vt 0.90640002 0.99949998
vt 1.09360003 0.00050002
vt 0.90640002 0.00050002
vt 1.09360003 0.99949998
vt 603.35040283 -95.58660889
vt 604.00390625 -94.45748138
vt 604.00390625 -95.21024323
vt 603.35040283 -94.08110046
vt 602.70080566 -95.21024323
vt 602.70080566 -94.45748138
vt -364.65829468 -227.03619385
vt -364.65829468 -228.34019470
vt -365.03469849 -227.68820190
vt -363.90509033 -227.03619385
vt -363.90509033 -228.34019470
vt -363.52880859 -227.68820190
vt 0.09359997 0.00050002
vt 0.25000000 0.99949998
vt 0.25000000 0.00050002
vt 0.09359997 0.99949998
vt 0.25000000 0.00050002
vt 0.40640000 0.99949998
vt 0.40640000 0.00050002
vt 0.25000000 0.99949998
vt 0.59359998 0.00050002
vt 0.40640000 0.99949998
vt 0.59359998 0.99949998
vt 0.40640000 0.00050002
vt 0.59359998 0.99949998
vt 0.75000000 0.00050002
vt 0.59359998 0.00050002
vt 0.75000000 0.99949998
vt 0.75000000 0.99949998
vt 0.90640002 0.00050002
vt 0.75000000 0.00050002
vt 0.90640002 0.99949998
vt 1.09360003 0.00050002
vt 0.90640002 0.99949998
vt 1.09360003 0.99949998
vt 0.90640002 0.00050002
vt 364.65829468 -228.34019470
vt 364.65829468 -227.03619385
vt 365.03469849 -227.68820190
vt 363.90509033 -228.34019470
vt 363.90509033 -227.03619385
vt 363.52880859 -227.68820190
vt 603.68902588 -312.06851196
vt 604.34252930 -310.93939209
vt 604.34252930 -311.69210815
vt 603.68902588 -310.56298828
vt 603.03540039 -311.69210815
vt 603.03540039 -310.93939209
vt 0.40640000 0.99949998
vt 0.59359998 0.00050002
vt 0.40640000 0.00050002
vt 0.59359998 0.99949998
vt 0.40640000 0.99949998
vt 0.25000000 0.00050002
vt 0.25000000 0.99949998
vt 0.40640000 0.00050002
vt 0.25000000 0.00050002
vt 0.09359997 0.99949998
vt 0.25000000 0.99949998
vt 0.09359997 0.00050002
vt 0.90640002 0.00050002
vt 1.09360003 0.99949998
vt 1.09360003 0.00050002
vt 0.90640002 0.99949998
vt 0.90640002 0.00050002
vt 0.75000000 0.99949998
vt 0.90640002 0.99949998
vt 0.75000000 0.00050002
vt 0.75000000 0.99949998
vt 0.59359998 0.00050002
vt 0.59359998 0.99949998
vt 0.75000000 0.00050002
vt -603.68902588 -310.56298828
vt -604.34252930 -311.69210815
vt -604.34252930 -310.93939209
vt -603.68902588 -312.06851196
vt -603.03540039 -310.93939209
vt -603.03540039 -311.69210815
vt -364.65829468 -280.38391113
vt -364.65829468 -281.68780518
vt -365.03469849 -281.03579712
vt -363.90509033 -280.38391113
vt -363.90509033 -281.68780518
vt -363.52880859 -281.03579712
vt 0.75000000 0.99949998
vt 0.90640002 0.00050002
vt 0.75000000 0.00050002
vt 0.90640002 0.99949998
vt 1.09360003 0.00050002
vt 0.90640002 0.99949998
vt 1.09360003 0.99949998
vt 0.90640002 0.00050002
vt 0.09359997 0.00050002
vt 0.25000000 0.99949998
vt 0.25000000 0.00050002
vt 0.09359997 0.99949998
vt 0.25000000 0.00050002
vt 0.40640000 0.99949998
vt 0.40640000 0.00050002
vt 0.25000000 0.99949998
vt 0.59359998 0.00050002
vt 0.40640000 0.99949998
vt 0.59359998 0.99949998
vt 0.40640000 0.00050002
vt 0.59359998 0.99949998
vt 0.75000000 0.00050002
vt 0.59359998 0.00050002
vt 0.75000000 0.99949998
vt 364.65829468 -281.68780518
vt 364.65829468 -280.38391113
vt 365.03469849 -281.03579712
vt 363.90509033 -281.68780518
vt 363.90509033 -280.38391113
vt 363.52880859 -281.03579712
vt -603.68902588 -330.48348999
vt -604.34252930 -331.61300659
vt -604.34252930 -330.85989380
vt -603.68902588 -331.98941040
vt -603.03540039 -330.85989380
vt -603.03540039 -331.61300659
vt 0.90640002 0.00050002
vt 0.75000000 0.99949998
vt 0.90640002 0.99949998
vt 0.75000000 0.00050002
vt 0.90640002 0.00050002
vt 1.09360003 0.99949998
vt 1.09360003 0.00050002
vt 0.90640002 0.99949998
vt 0.25000000 0.00050002
vt 0.09359997 0.99949998
vt 0.25000000 0.99949998
vt 0.09359997 0.00050002
vt 0.40640000 0.99949998
vt 0.25000000 0.00050002
vt 0.25000000 0.99949998
vt 0.40640000 0.00050002
vt 0.40640000 0.99949998
vt 0.59359998 0.00050002
vt 0.40640000 0.00050002
vt 0.59359998 0.99949998
vt 0.75000000 0.99949998
vt 0.59359998 0.00050002
vt 0.59359998 0.99949998
vt 0.75000000 0.00050002
vt 603.68902588 -331.98941040
vt 604.34252930 -330.85989380
vt 604.34252930 -331.61300659
vt 603.68902588 -330.48348999
vt 603.03540039 -331.61300659
vt 603.03540039 -330.85989380
vt 200.87130737 -280.68389893
vt 200.87130737 -279.37991333
vt 201.24760437 -280.03189087
vt 200.11849976 -280.68389893
vt 200.11849976 -279.37991333
vt 199.74209595 -280.03189087
vt 0.59359998 0.00050002
vt 0.40640000 0.99949998
vt 0.59359998 0.99949998
vt 0.40640000 0.00050002
vt 0.25000000 0.00050002
vt 0.40640000 0.99949998
vt 0.40640000 0.00050002
vt 0.25000000 0.99949998
vt 0.09359997 0.00050002
vt 0.25000000 0.99949998
vt 0.25000000 0.00050002
vt 0.09359997 0.99949998
vt 1.09360003 0.00050002
vt 0.90640002 0.99949998
vt 1.09360003 0.99949998
vt 0.90640002 0.00050002
vt 0.75000000 0.99949998
vt 0.90640002 0.00050002
vt 0.75000000 0.00050002
vt 0.90640002 0.99949998
vt 0.59359998 0.99949998
vt 0.75000000 0.00050002
vt 0.59359998 0.00050002
vt 0.75000000 0.99949998
vt -200.87130737 -279.37991333
vt -200.87130737 -280.68389893
vt -201.24760437 -280.03189087
vt -200.11849976 -279.37991333
vt -200.11849976 -280.68389893
vt -199.74209595 -280.03189087
vt -550.34252930 -330.48348999
vt -550.99212646 -331.61300659
vt -550.99212646 -330.85989380
vt -550.34252930 -331.98941040
vt -549.68902588 -330.85989380
vt -549.68902588 -331.61300659
vt 0.25000000 0.00050002
vt 0.09359997 0.99949998
vt 0.25000000 0.99949998
vt 0.09359997 0.00050002
vt 0.40640000 0.99949998
vt 0.25000000 0.00050002
vt 0.25000000 0.99949998
vt 0.40640000 0.00050002
vt 0.40640000 0.99949998
vt 0.59359998 0.00050002
vt 0.40640000 0.00050002
vt 0.59359998 0.99949998
vt 0.75000000 0.99949998
vt 0.59359998 0.00050002
vt 0.59359998 0.99949998
vt 0.75000000 0.00050002
vt 0.90640002 0.00050002
vt 0.75000000 0.99949998
vt 0.90640002 0.99949998
vt 0.75000000 0.00050002
vt 0.90640002 0.00050002
vt 1.09360003 0.99949998
vt 1.09360003 0.00050002
vt 0.90640002 0.99949998
vt 550.34252930 -331.98941040
vt 550.99212646 -330.85989380
vt 550.99212646 -331.61300659
vt 550.34252930 -330.48348999
vt 549.68902588 -331.61300659
vt 549.68902588 -330.85989380
vt 1.95116496 0.92340761
vt 1.97794902 -1.83756495
vt 1.97794902 0.83754581
vt 1.95116496 -1.92342710
vt 1.85790002 0.96702671
vt 1.85790002 -1.96704602
vt 0.14210001 0.96702671
vt 0.14210001 -1.96704602
vt 0.04881387 0.92340761
vt 0.04881387 -1.92342710
vt 0.02202980 0.83754581
vt 0.02202980 -1.83756495
vt -550.34252930 -310.56298828
vt -550.99212646 -311.69210815
vt -550.99212646 -310.93939209
vt -550.34252930 -312.06851196
vt -549.68902588 -310.93939209
vt -549.68902588 -311.69210815
vt 0.90640002 0.00050002
vt 0.75000000 0.99949998
vt 0.90640002 0.99949998
vt 0.75000000 0.00050002
vt 0.90640002 0.00050002
vt 1.09360003 0.99949998
vt 1.09360003 0.00050002
vt 0.90640002 0.99949998
vt 0.25000000 0.00050002
vt 0.09359997 0.99949998
vt 0.25000000 0.99949998
vt 0.09359997 0.00050002
vt 0.40640000 0.99949998
vt 0.25000000 0.00050002
vt 0.25000000 0.99949998
vt 0.40640000 0.00050002
vt 0.40640000 0.99949998
vt 0.59359998 0.00050002
vt 0.40640000 0.00050002
vt 0.59359998 0.99949998
vt 0.75000000 0.99949998
vt 0.59359998 0.00050002
vt 0.59359998 0.99949998
vt 0.75000000 0.00050002
vt 550.34252930 -312.06851196
vt 550.99212646 -310.93939209
vt 550.99212646 -311.69210815
vt 550.34252930 -310.56298828
vt 549.68902588 -311.69210815
vt 549.68902588 -310.93939209
vt -603.68902588 -169.86500549
vt -604.34252930 -170.99409485
vt -604.34252930 -170.24130249
vt -603.68902588 -171.37089539
vt -603.03540039 -170.24130249
vt -603.03540039 -170.99409485
vt 0.90640002 0.00050002
vt 0.75000000 0.99949998
vt 0.90640002 0.99949998
vt 0.75000000 0.00050002
vt 0.90640002 0.00050002
vt 1.09360003 0.99949998
vt 1.09360003 0.00050002
vt 0.90640002 0.99949998
vt 0.25000000 0.00050002
vt 0.09359997 0.99949998
vt 0.25000000 0.99949998
vt 0.09359997 0.00050002
vt 0.40640000 0.99949998
vt 0.25000000 0.00050002
vt 0.25000000 0.99949998
vt 0.40640000 0.00050002
vt 0.40640000 0.99949998
vt 0.59359998 0.00050002
vt 0.40640000 0.00050002
vt 0.59359998 0.99949998
vt 0.75000000 0.99949998
vt 0.59359998 0.00050002
vt 0.59359998 0.99949998
vt 0.75000000 0.00050002
vt 603.68902588 -171.37089539
vt 604.34252930 -170.24130249
vt 604.34252930 -170.99409485
vt 603.68902588 -169.86500549
vt 603.03540039 -170.99409485
vt 603.03540039 -170.24130249
vt -603.35040283 -114.00160217
vt -604.00390625 -115.13110352
vt -604.00390625 -114.37799835
vt -603.35040283 -115.50749969
vt -602.70080566 -114.37799835
vt -602.70080566 -115.13110352
vt 0.90640002 0.99949998
vt 0.75000000 0.00050002
vt 0.75000000 0.99949998
vt 0.90640002 0.00050002
vt 0.90640002 0.99949998
vt 1.09360003 0.00050002
vt 0.90640002 0.00050002
vt 1.09360003 0.99949998
vt 0.25000000 0.99949998
vt 0.09359997 0.00050002
vt 0.09359997 0.99949998
vt 0.25000000 0.00050002
vt 0.40640000 0.00050002
vt 0.25000000 0.99949998
vt 0.40640000 0.99949998
vt 0.25000000 0.00050002
vt 0.40640000 0.00050002
vt 0.59359998 0.99949998
vt 0.59359998 0.00050002
vt 0.40640000 0.99949998
vt 0.75000000 0.00050002
vt 0.59359998 0.99949998
vt 0.75000000 0.99949998
vt 0.59359998 0.00050002
vt 603.35040283 -115.50749969
vt 604.00390625 -114.37799835
vt 604.00390625 -115.13110352
vt 603.35040283 -114.00160217
vt 602.70080566 -115.13110352
vt 602.70080566 -114.37799835
vt 384.57879639 -281.68780518
vt 384.57879639 -280.38391113
vt 384.95510864 -281.03579712
vt 383.82598877 -281.68780518
vt 383.82598877 -280.38391113
vt 383.44958496 -281.03579712
vt 0.59359998 0.00050002
vt 0.40640000 0.99949998
vt 0.59359998 0.99949998
vt 0.40640000 0.00050002
vt 0.25000000 0.00050002
vt 0.40640000 0.99949998
vt 0.40640000 0.00050002
vt 0.25000000 0.99949998
vt 0.09359997 0.00050002
vt 0.25000000 0.99949998
vt 0.25000000 0.00050002
vt 0.09359997 0.99949998
vt 1.09360003 0.00050002
vt 0.90640002 0.99949998
vt 1.09360003 0.99949998
vt 0.90640002 0.00050002
vt 0.75000000 0.99949998
vt 0.90640002 0.00050002
vt 0.75000000 0.00050002
vt 0.90640002 0.99949998
vt 0.59359998 0.99949998
vt 0.75000000 0.00050002
vt 0.59359998 0.00050002
vt 0.75000000 0.99949998
vt -384.57879639 -280.38391113
vt -384.57879639 -281.68780518
vt -384.95510864 -281.03579712
vt -383.82598877 -280.38391113
vt -383.82598877 -281.68780518
vt -383.44958496 -281.03579712
vt -273.30630493 -235.06689453
vt -273.30630493 -236.37130737
vt -273.68270874 -235.71929932
vt -272.55349731 -235.06689453
vt -272.55349731 -236.37130737
vt -272.17678833 -235.71929932
vt 0.09359997 0.00050002
vt 0.25000000 0.99949998
vt 0.25000000 0.00050002
vt 0.09359997 0.99949998
vt 0.25000000 0.00050002
vt 0.40640000 0.99949998
vt 0.40640000 0.00050002
vt 0.25000000 0.99949998
vt 0.59359998 0.00050002
vt 0.40640000 0.99949998
vt 0.59359998 0.99949998
vt 0.40640000 0.00050002
vt 0.59359998 0.99949998
vt 0.75000000 0.00050002
vt 0.59359998 0.00050002
vt 0.75000000 0.99949998
vt 0.75000000 0.99949998
vt 0.90640002 0.00050002
vt 0.75000000 0.00050002
vt 0.90640002 0.99949998
vt 1.09360003 0.00050002
vt 0.90640002 0.99949998
vt 1.09360003 0.99949998
vt 0.90640002 0.00050002
vt 273.30630493 -236.37130737
vt 273.30630493 -235.06689453
vt 273.68270874 -235.71929932
vt 272.55349731 -236.37130737
vt 272.55349731 -235.06689453
vt 272.17678833 -235.71929932
vt 603.68902588 -151.44999695
vt 604.34252930 -150.32090759
vt 604.34252930 -151.07359314
vt 603.68902588 -149.94410706
vt 603.03540039 -151.07359314
vt 603.03540039 -150.32090759
vt 0.40640000 0.99949998
vt 0.59359998 0.00050002
vt 0.40640000 0.00050002
vt 0.59359998 0.99949998
vt 0.40640000 0.99949998
vt 0.25000000 0.00050002
vt 0.25000000 0.99949998
vt 0.40640000 0.00050002
vt 0.25000000 0.00050002
vt 0.09359997 0.99949998
vt 0.25000000 0.99949998
vt 0.09359997 0.00050002
vt 0.90640002 0.00050002
vt 1.09360003 0.99949998
vt 1.09360003 0.00050002
vt 0.90640002 0.99949998
vt 0.90640002 0.00050002
vt 0.75000000 0.99949998
vt 0.90640002 0.99949998
vt 0.75000000 0.00050002
vt 0.75000000 0.99949998
vt 0.59359998 0.00050002
vt 0.59359998 0.99949998
vt 0.75000000 0.00050002
vt -603.68902588 -149.94410706
vt -604.34252930 -151.07359314
vt -604.34252930 -150.32090759
vt -603.68902588 -151.44999695
vt -603.03540039 -150.32090759
vt -603.03540039 -151.07359314
vt -393.54370117 429.09060669
vt -394.19689941 427.96060181
vt -394.19689941 428.71258545
vt -393.54370117 427.58270264
vt -392.89181519 428.71258545
vt -392.89181519 427.96060181
vt 0.90640002 0.99949998
vt 0.75000000 0.00050002
vt 0.75000000 0.99949998
vt 0.90640002 0.00050002
vt 0.90640002 0.99949998
vt 1.09360003 0.00050002
vt 0.90640002 0.00050002
vt 1.09360003 0.99949998
vt 0.25000000 0.99949998
vt 0.09359997 0.00050002
vt 0.09359997 0.99949998
vt 0.25000000 0.00050002
vt 0.40640000 0.00050002
vt 0.25000000 0.99949998
vt 0.40640000 0.99949998
vt 0.25000000 0.00050002
vt 0.40640000 0.00050002
vt 0.59359998 0.99949998
vt 0.59359998 0.00050002
vt 0.40640000 0.99949998
vt 0.75000000 0.00050002
vt 0.59359998 0.99949998
vt 0.75000000 0.99949998
vt 0.59359998 0.00050002
vt 393.54370117 427.58270264
vt 394.19689941 428.71258545
vt 394.19689941 427.96060181
vt 393.54370117 429.09060669
vt 392.89181519 427.96060181
vt 392.89181519 428.71258545
vt 238.82170105 -226.99960327
vt 238.82170105 -225.69569397
vt 239.19799805 -226.34759521
vt 238.06889343 -226.99960327
vt 238.06889343 -225.69569397
vt 237.69209290 -226.34759521
vt 0.59359998 0.00050002
vt 0.40640000 0.99949998
vt 0.59359998 0.99949998
vt 0.40640000 0.00050002
vt 0.25000000 0.99949998
vt 0.40640000 0.00050002
vt 0.25000000 0.00050002
vt 0.40640000 0.99949998
vt 0.09359997 0.99949998
vt 0.25000000 0.00050002
vt 0.09359997 0.00050002
vt 0.25000000 0.99949998
vt 1.09360003 0.00050002
vt 0.90640002 0.99949998
vt 1.09360003 0.99949998
vt 0.90640002 0.00050002
vt 0.75000000 0.00050002
vt 0.90640002 0.99949998
vt 0.90640002 0.00050002
vt 0.75000000 0.99949998
vt 0.59359998 0.00050002
vt 0.75000000 0.99949998
vt 0.75000000 0.00050002
vt 0.59359998 0.99949998
vt -238.82170105 -225.69569397
vt -238.82170105 -226.99960327
vt -239.19799805 -226.34759521
vt -238.06889343 -225.69569397
vt -238.06889343 -226.99960327
vt -237.69209290 -226.34759521
vt -340.53271484 473.45669556
vt -341.18460083 472.32681274
vt -341.18460083 473.07870483
vt -340.53271484 471.95278931
vt -339.88070679 473.07870483
vt -339.88070679 472.32681274
vt 0.90640002 0.00050002
vt 0.75000000 0.99949998
vt 0.90640002 0.99949998
vt 0.75000000 0.00050002
vt 0.90640002 0.00050002
vt 1.09360003 0.99949998
vt 1.09360003 0.00050002
vt 0.90640002 0.99949998
vt 0.25000000 0.00050002
vt 0.09359997 0.99949998
vt 0.25000000 0.99949998
vt 0.09359997 0.00050002
vt 0.40640000 0.99949998
vt 0.25000000 0.00050002
vt 0.25000000 0.99949998
vt 0.40640000 0.00050002
vt 0.40640000 0.99949998
vt 0.59359998 0.00050002
vt 0.40640000 0.00050002
vt 0.59359998 0.99949998
vt 0.75000000 0.99949998
vt 0.59359998 0.00050002
vt 0.59359998 0.99949998
vt 0.75000000 0.00050002
vt 340.53271484 471.95278931
vt 341.18460083 473.07870483
vt 341.18460083 472.32681274
vt 340.53271484 473.45669556
vt 339.88070679 472.32681274
vt 339.88070679 473.07870483
vt -340.19610596 449.01181030
vt -340.84811401 447.88189697
vt -340.84811401 448.63391113
vt -340.19610596 447.50390625
vt -339.54409790 448.63391113
vt -339.54409790 447.88189697
vt 0.90640002 0.99949998
vt 0.75000000 0.00050002
vt 0.75000000 0.99949998
vt 0.90640002 0.00050002
vt 0.90640002 0.99949998
vt 1.09360003 0.00050002
vt 0.90640002 0.00050002
vt 1.09360003 0.99949998
vt 0.25000000 0.99949998
vt 0.09359997 0.00050002
vt 0.09359997 0.99949998
vt 0.25000000 0.00050002
vt 0.40640000 0.00050002
vt 0.25000000 0.99949998
vt 0.40640000 0.99949998
vt 0.25000000 0.00050002
vt 0.40640000 0.00050002
vt 0.59359998 0.99949998
vt 0.59359998 0.00050002
vt 0.40640000 0.99949998
vt 0.75000000 0.00050002
vt 0.59359998 0.99949998
vt 0.75000000 0.99949998
vt 0.59359998 0.00050002
vt 340.19610596 447.50390625
vt 340.84811401 448.63391113
vt 340.84811401 447.88189697
vt 340.19610596 449.01181030
vt 339.54409790 447.88189697
vt 339.54409790 448.63391113
vt -314.09570312 -71.99606323
vt -314.74758911 -73.12519836
vt -314.74758911 -72.37243652
vt -314.09570312 -73.50157166
vt -313.44369507 -72.37243652
vt -313.44369507 -73.12519836
vt 0.90640002 0.99949998
vt 0.75000000 0.00050002
vt 0.75000000 0.99949998
vt 0.90640002 0.00050002
vt 0.90640002 0.99949998
vt 1.09360003 0.00050002
vt 0.90640002 0.00050002
vt 1.09360003 0.99949998
vt 0.25000000 0.99949998
vt 0.09359997 0.00050002
vt 0.09359997 0.99949998
vt 0.25000000 0.00050002
vt 0.40640000 0.00050002
vt 0.25000000 0.99949998
vt 0.40640000 0.99949998
vt 0.25000000 0.00050002
vt 0.40640000 0.00050002
vt 0.59359998 0.99949998
vt 0.59359998 0.00050002
vt 0.40640000 0.99949998
vt 0.75000000 0.00050002
vt 0.59359998 0.99949998
vt 0.75000000 0.99949998
vt 0.59359998 0.00050002
vt 314.09570312 -73.50157166
vt 314.74758911 -72.37243652
vt 314.74758911 -73.12519836
vt 314.09570312 -71.99606323
vt 313.44369507 -73.12519836
vt 313.44369507 -72.37243652
vt -200.87130737 -226.03230286
vt -200.87130737 -227.33619690
vt -201.24760437 -226.68429565
vt -200.11849976 -226.03230286
vt -200.11849976 -227.33619690
vt -199.74209595 -226.68429565
vt 0.75000000 0.99949998
vt 0.90640002 0.00050002
vt 0.75000000 0.00050002
vt 0.90640002 0.99949998
vt 1.09360003 0.00050002
vt 0.90640002 0.99949998
vt 1.09360003 0.99949998
vt 0.90640002 0.00050002
vt 0.09359997 0.00050002
vt 0.25000000 0.99949998
vt 0.25000000 0.00050002
vt 0.09359997 0.99949998
vt 0.25000000 0.00050002
vt 0.40640000 0.99949998
vt 0.40640000 0.00050002
vt 0.25000000 0.99949998
vt 0.59359998 0.00050002
vt 0.40640000 0.99949998
vt 0.59359998 0.99949998
vt 0.40640000 0.00050002
vt 0.59359998 0.99949998
vt 0.75000000 0.00050002
vt 0.59359998 0.00050002
vt 0.75000000 0.99949998
vt 200.87130737 -227.33619690
vt 200.87130737 -226.03230286
vt 201.24760437 -226.68429565
vt 200.11849976 -227.33619690
vt 200.11849976 -226.03230286
vt 199.74209595 -226.68429565
vt -393.54370117 449.01181030
vt -394.19689941 447.88189697
vt -394.19689941 448.63391113
vt -393.54370117 447.50390625
vt -392.89181519 448.63391113
vt -392.89181519 447.88189697
vt 0.25000000 0.99949998
vt 0.09359997 0.00050002
vt 0.09359997 0.99949998
vt 0.25000000 0.00050002
vt 0.40640000 0.00050002
vt 0.25000000 0.99949998
vt 0.40640000 0.99949998
vt 0.25000000 0.00050002
vt 0.40640000 0.00050002
vt 0.59359998 0.99949998
vt 0.59359998 0.00050002
vt 0.40640000 0.99949998
vt 0.75000000 0.00050002
vt 0.59359998 0.99949998
vt 0.75000000 0.99949998
vt 0.59359998 0.00050002
vt 0.90640002 0.99949998
vt 0.75000000 0.00050002
vt 0.75000000 0.99949998
vt 0.90640002 0.00050002
vt 0.90640002 0.99949998
vt 1.09360003 0.00050002
vt 0.90640002 0.00050002
vt 1.09360003 0.99949998
vt 393.54370117 447.50390625
vt 394.19689941 448.63391113
vt 394.19689941 447.88189697
vt 393.54370117 449.01181030
vt 392.89181519 447.88189697
vt 392.89181519 448.63391113
vt -273.30630493 -288.41461182
vt -273.30630493 -289.71890259
vt -273.68270874 -289.06689453
vt -272.55349731 -288.41461182
vt -272.55349731 -289.71890259
vt -272.17678833 -289.06689453
vt 0.75000000 0.99949998
vt 0.90640002 0.00050002
vt 0.75000000 0.00050002
vt 0.90640002 0.99949998
vt 1.09360003 0.00050002
vt 0.90640002 0.99949998
vt 1.09360003 0.99949998
vt 0.90640002 0.00050002
vt 0.09359997 0.00050002
vt 0.25000000 0.99949998
vt 0.25000000 0.00050002
vt 0.09359997 0.99949998
vt 0.25000000 0.00050002
vt 0.40640000 0.99949998
vt 0.40640000 0.00050002
vt 0.25000000 0.99949998
vt 0.59359998 0.00050002
vt 0.40640000 0.99949998
vt 0.59359998 0.99949998
vt 0.40640000 0.00050002
vt 0.59359998 0.99949998
vt 0.75000000 0.00050002
vt 0.59359998 0.00050002
vt 0.75000000 0.99949998
vt 273.30630493 -289.71890259
vt 273.30630493 -288.41461182
vt 273.68270874 -289.06689453
vt 272.55349731 -289.71890259
vt 272.55349731 -288.41461182
vt 272.17678833 -289.06689453
vt -180.95039368 -226.03230286
vt -180.95039368 -227.33619690
vt -181.32719421 -226.68429565
vt -180.19760132 -226.03230286
vt -180.19760132 -227.33619690
vt -179.82130432 -226.68429565
vt 0.09359997 0.00050002
vt 0.25000000 0.99949998
vt 0.25000000 0.00050002
vt 0.09359997 0.99949998
vt 0.25000000 0.00050002
vt 0.40640000 0.99949998
vt 0.40640000 0.00050002
vt 0.25000000 0.99949998
vt 0.59359998 0.00050002
vt 0.40640000 0.99949998
vt 0.59359998 0.99949998
vt 0.40640000 0.00050002
vt 0.59359998 0.99949998
vt 0.75000000 0.00050002
vt 0.59359998 0.00050002
vt 0.75000000 0.99949998
vt 0.75000000 0.99949998
vt 0.90640002 0.00050002
vt 0.75000000 0.00050002
vt 0.90640002 0.99949998
vt 1.09360003 0.00050002
vt 0.90640002 0.99949998
vt 1.09360003 0.99949998
vt 0.90640002 0.00050002
vt 180.95039368 -227.33619690
vt 180.95039368 -226.03230286
vt 181.32719421 -226.68429565
vt 180.19760132 -227.33619690
vt 180.19760132 -226.03230286
vt 179.82130432 -226.68429565
vt 0.04899127 0.92342854
vt 1.85790002 0.96704835
vt 0.14210001 0.96704835
vt 1.95100904 0.92342854
vt 0.02214528 0.83754611
vt 1.97785497 0.83754611
vt 0.02214528 -1.83754802
vt 1.97785497 -1.83754802
vt 0.04899127 -1.92342997
vt 1.95100904 -1.92342997
vt 0.14210001 -1.96705008
vt 1.85790002 -1.96705008
vt -367.44329834 -71.99606323
vt -368.09530640 -73.12519836
vt -368.09530640 -72.37243652
vt -367.44329834 -73.50157166
vt -366.79129028 -72.37243652
vt -366.79129028 -73.12519836
vt 0.25000000 0.99949998
vt 0.09359997 0.00050002
vt 0.09359997 0.99949998
vt 0.25000000 0.00050002
vt 0.40640000 0.00050002
vt 0.25000000 0.99949998
vt 0.40640000 0.99949998
vt 0.25000000 0.00050002
vt 0.40640000 0.00050002
vt 0.59359998 0.99949998
vt 0.59359998 0.00050002
vt 0.40640000 0.99949998
vt 0.75000000 0.00050002
vt 0.59359998 0.99949998
vt 0.75000000 0.99949998
vt 0.59359998 0.00050002
vt 0.90640002 0.99949998
vt 0.75000000 0.00050002
vt 0.75000000 0.99949998
vt 0.90640002 0.00050002
vt 0.90640002 0.99949998
vt 1.09360003 0.00050002
vt 0.90640002 0.00050002
vt 1.09360003 0.99949998
vt 367.44329834 -73.50157166
vt 368.09530640 -72.37243652
vt 368.09530640 -73.12519836
vt 367.44329834 -71.99606323
vt 366.79129028 -73.12519836
vt 366.79129028 -72.37243652
vt 422.52758789 -228.00349426
vt 422.52758789 -226.69960022
vt 422.90548706 -227.35159302
vt 421.77560425 -228.00349426
vt 421.77560425 -226.69960022
vt 421.40161133 -227.35159302
vt 0.59359998 0.00050002
vt 0.40640000 0.99949998
vt 0.59359998 0.99949998
vt 0.40640000 0.00050002
vt 0.25000000 0.99949998
vt 0.40640000 0.00050002
vt 0.25000000 0.00050002
vt 0.40640000 0.99949998
vt 0.09359997 0.99949998
vt 0.25000000 0.00050002
vt 0.09359997 0.00050002
vt 0.25000000 0.99949998
vt 1.09360003 0.00050002
vt 0.90640002 0.99949998
vt 1.09360003 0.99949998
vt 0.90640002 0.00050002
vt 0.75000000 0.00050002
vt 0.90640002 0.99949998
vt 0.90640002 0.00050002
vt 0.75000000 0.99949998
vt 0.59359998 0.00050002
vt 0.75000000 0.99949998
vt 0.75000000 0.00050002
vt 0.59359998 0.99949998
vt -422.52758789 -226.69960022
vt -422.52758789 -228.00349426
vt -422.90548706 -227.35159302
vt -421.77560425 -226.69960022
vt -421.77560425 -228.00349426
vt -421.40161133 -227.35159302
vt -367.44329834 -91.91654205
vt -368.09530640 -93.04605865
vt -368.09530640 -92.29290771
vt -367.44329834 -93.42243958
vt -366.79129028 -92.29290771
vt -366.79129028 -93.04605865
vt 0.90640002 0.99949998
vt 0.75000000 0.00050002
vt 0.75000000 0.99949998
vt 0.90640002 0.00050002
vt 0.90640002 0.99949998
vt 1.09360003 0.00050002
vt 0.90640002 0.00050002
vt 1.09360003 0.99949998
vt 0.25000000 0.99949998
vt 0.09359997 0.00050002
vt 0.09359997 0.99949998
vt 0.25000000 0.00050002
vt 0.40640000 0.00050002
vt 0.25000000 0.99949998
vt 0.40640000 0.99949998
vt 0.25000000 0.00050002
vt 0.40640000 0.00050002
vt 0.59359998 0.99949998
vt 0.59359998 0.00050002
vt 0.40640000 0.99949998
vt 0.75000000 0.00050002
vt 0.59359998 0.99949998
vt 0.75000000 0.99949998
vt 0.59359998 0.00050002
vt 367.44329834 -93.42243958
vt 368.09530640 -92.29290771
vt 368.09530640 -93.04605865
vt 367.44329834 -91.91654205
vt 366.79129028 -93.04605865
vt 366.79129028 -92.29290771
vt -180.95039368 -279.37991333
vt -180.95039368 -280.68389893
vt -181.32719421 -280.03189087
vt -180.19760132 -279.37991333
vt -180.19760132 -280.68389893
vt -179.82130432 -280.03189087
vt 0.75000000 0.99949998
vt 0.90640002 0.00050002
vt 0.75000000 0.00050002
vt 0.90640002 0.99949998
vt 1.09360003 0.00050002
vt 0.90640002 0.99949998
vt 1.09360003 0.99949998
vt 0.90640002 0.00050002
vt 0.09359997 0.00050002
vt 0.25000000 0.99949998
vt 0.25000000 0.00050002
vt 0.09359997 0.99949998
vt 0.25000000 0.00050002
vt 0.40640000 0.99949998
vt 0.40640000 0.00050002
vt 0.25000000 0.99949998
vt 0.59359998 0.00050002
vt 0.40640000 0.99949998
vt 0.59359998 0.99949998
vt 0.40640000 0.00050002
vt 0.59359998 0.99949998
vt 0.75000000 0.00050002
vt 0.59359998 0.00050002
vt 0.75000000 0.99949998
vt 180.95039368 -280.68389893
vt 180.95039368 -279.37991333
vt 181.32719421 -280.03189087
vt 180.19760132 -280.68389893
vt 180.19760132 -279.37991333
vt 179.82130432 -280.03189087
vt 1.95123196 0.92342699
vt 1.97808099 -1.83754611
vt 1.97808099 0.83756518
vt 1.95123196 -1.92342710
vt 1.85790002 0.96704614
vt 1.85790002 -1.96702695
vt 0.14210001 0.96704614
vt 0.14210001 -1.96702695
vt 0.04880815 0.92342699
vt 0.04880815 -1.92342710
vt 0.02202304 0.83756518
vt 0.02202304 -1.83754611
vt -393.54370117 348.78070068
vt -394.19689941 347.65121460
vt -394.19689941 348.40429688
vt -393.54370117 347.27481079
vt -392.89181519 348.40429688
vt -392.89181519 347.65121460
vt 0.90640002 0.99949998
vt 0.75000000 0.00050002
vt 0.75000000 0.99949998
vt 0.90640002 0.00050002
vt 0.90640002 0.99949998
vt 1.09360003 0.00050002
vt 0.90640002 0.00050002
vt 1.09360003 0.99949998
vt 0.25000000 0.99949998
vt 0.09359997 0.00050002
vt 0.09359997 0.99949998
vt 0.25000000 0.00050002
vt 0.40640000 0.00050002
vt 0.25000000 0.99949998
vt 0.40640000 0.99949998
vt 0.25000000 0.00050002
vt 0.40640000 0.00050002
vt 0.59359998 0.99949998
vt 0.59359998 0.00050002
vt 0.40640000 0.99949998
vt 0.75000000 0.00050002
vt 0.59359998 0.99949998
vt 0.75000000 0.99949998
vt 0.59359998 0.00050002
vt 393.54370117 347.27481079
vt 394.19689941 348.40429688
vt 394.19689941 347.65121460
vt 393.54370117 348.78070068
vt 392.89181519 347.65121460
vt 392.89181519 348.40429688
vt -340.53271484 453.53540039
vt -341.18460083 452.40548706
vt -341.18460083 453.16140747
vt -340.53271484 452.03149414
vt -339.88070679 453.16140747
vt -339.88070679 452.40548706
vt 0.25000000 0.00050002
vt 0.09359997 0.99949998
vt 0.25000000 0.99949998
vt 0.09359997 0.00050002
vt 0.40640000 0.99949998
vt 0.25000000 0.00050002
vt 0.25000000 0.99949998
vt 0.40640000 0.00050002
vt 0.40640000 0.99949998
vt 0.59359998 0.00050002
vt 0.40640000 0.00050002
vt 0.59359998 0.99949998
vt 0.75000000 0.99949998
vt 0.59359998 0.00050002
vt 0.59359998 0.99949998
vt 0.75000000 0.00050002
vt 0.90640002 0.00050002
vt 0.75000000 0.99949998
vt 0.90640002 0.99949998
vt 0.75000000 0.00050002
vt 0.90640002 0.00050002
vt 1.09360003 0.99949998
vt 1.09360003 0.00050002
vt 0.90640002 0.99949998
vt 340.53271484 452.03149414
vt 341.18460083 453.16140747
vt 341.18460083 452.40548706
vt 340.53271484 453.53540039
vt 339.88070679 452.40548706
vt 339.88070679 453.16140747
vt 0.04881271 0.31550622
vt 1.85790002 0.35912389
vt 0.14210001 0.35912389
vt 1.95118701 0.31550622
vt 0.02202831 0.22964537
vt 1.97797203 0.22964537
vt 0.02202831 -1.22714305
vt 1.97797203 -1.22714305
vt 0.04881271 -1.31302190
vt 1.95118701 -1.31302190
vt 0.14210001 -1.35662198
vt 1.85790002 -1.35662198
vt 0.04883529 -1.31301999
vt 0.02202995 0.22964281
vt 0.02202995 -1.22714496
vt 0.04883529 0.31550020
vt 0.14210001 -1.35663509
vt 0.14210001 0.35911608
vt 1.85790002 -1.35663509
vt 1.85790002 0.35911608
vt 1.95118594 -1.31301999
vt 1.95118594 0.31550020
vt 1.97797000 -1.22714496
vt 1.97797000 0.22964281
vt 0.04881271 0.31550431
vt 1.85790002 0.35912192
vt 0.14210001 0.35912192
vt 1.95118701 0.31550431
vt 0.02202831 0.22962600
vt 1.97797203 0.22962600
vt 0.02202831 -1.22716498
vt 1.97797203 -1.22716498
vt 0.04881271 -1.31302404
vt 1.95118701 -1.31302404
vt 0.14210001 -1.35664105
vt 1.85790002 -1.35664105
vt -293.22720337 -235.06689453
vt -293.22720337 -236.37130737
vt -293.60348511 -235.71929932
vt -292.47399902 -235.06689453
vt -292.47399902 -236.37130737
vt -292.09759521 -235.71929932
vt 0.75000000 0.99949998
vt 0.90640002 0.00050002
vt 0.75000000 0.00050002
vt 0.90640002 0.99949998
vt 1.09360003 0.00050002
vt 0.90640002 0.99949998
vt 1.09360003 0.99949998
vt 0.90640002 0.00050002
vt 0.09359997 0.00050002
vt 0.25000000 0.99949998
vt 0.25000000 0.00050002
vt 0.09359997 0.99949998
vt 0.25000000 0.00050002
vt 0.40640000 0.99949998
vt 0.40640000 0.00050002
vt 0.25000000 0.99949998
vt 0.59359998 0.00050002
vt 0.40640000 0.99949998
vt 0.59359998 0.99949998
vt 0.40640000 0.00050002
vt 0.59359998 0.99949998
vt 0.75000000 0.00050002
vt 0.59359998 0.00050002
vt 0.75000000 0.99949998
vt 293.22720337 -236.37130737
vt 293.22720337 -235.06689453
vt 293.60348511 -235.71929932
vt 292.47399902 -236.37130737
vt 292.47399902 -235.06689453
vt 292.09759521 -235.71929932
vt -258.74209595 -279.04330444
vt -258.74209595 -280.34719849
vt -259.11889648 -279.69531250
vt -257.98941040 -279.04330444
vt -257.98941040 -280.34719849
vt -257.61300659 -279.69531250
vt 0.09359997 0.99949998
vt 0.25000000 0.00050002
vt 0.09359997 0.00050002
vt 0.25000000 0.99949998
vt 0.25000000 0.99949998
vt 0.40640000 0.00050002
vt 0.25000000 0.00050002
vt 0.40640000 0.99949998
vt 0.59359998 0.00050002
vt 0.40640000 0.99949998
vt 0.59359998 0.99949998
vt 0.40640000 0.00050002
vt 0.59359998 0.00050002
vt 0.75000000 0.99949998
vt 0.75000000 0.00050002
vt 0.59359998 0.99949998
vt 0.75000000 0.00050002
vt 0.90640002 0.99949998
vt 0.90640002 0.00050002
vt 0.75000000 0.99949998
vt 1.09360003 0.00050002
vt 0.90640002 0.99949998
vt 1.09360003 0.99949998
vt 0.90640002 0.00050002
vt 258.74209595 -280.34719849
vt 258.74209595 -279.04330444
vt 259.11889648 -279.69531250
vt 257.98941040 -280.34719849
vt 257.98941040 -279.04330444
vt 257.61300659 -279.69531250
vt -393.88189697 373.22680664
vt -394.53149414 372.09719849
vt -394.53149414 372.85000610
vt -393.88189697 371.72088623
vt -393.22830200 372.85000610
vt -393.22830200 372.09719849
vt 0.90640002 0.00050002
vt 0.75000000 0.99949998
vt 0.90640002 0.99949998
vt 0.75000000 0.00050002
vt 0.90640002 0.00050002
vt 1.09360003 0.99949998
vt 1.09360003 0.00050002
vt 0.90640002 0.99949998
vt 0.25000000 0.00050002
vt 0.09359997 0.99949998
vt 0.25000000 0.99949998
vt 0.09359997 0.00050002
vt 0.40640000 0.99949998
vt 0.25000000 0.00050002
vt 0.25000000 0.99949998
vt 0.40640000 0.00050002
vt 0.40640000 0.99949998
vt 0.59359998 0.00050002
vt 0.40640000 0.00050002
vt 0.59359998 0.99949998
vt 0.75000000 0.99949998
vt 0.59359998 0.00050002
vt 0.59359998 0.99949998
vt 0.75000000 0.00050002
vt 393.88189697 371.72088623
vt 394.53149414 372.85000610
vt 394.53149414 372.09719849
vt 393.88189697 373.22680664
vt 393.22830200 372.09719849
vt 393.22830200 372.85000610
vt -351.09799194 -288.07800293
vt -351.09799194 -289.38229370
vt -351.47439575 -288.72988892
vt -350.34490967 -288.07800293
vt -350.34490967 -289.38229370
vt -349.96850586 -288.72988892
vt 0.09359997 0.99949998
vt 0.25000000 0.00050002
vt 0.09359997 0.00050002
vt 0.25000000 0.99949998
vt 0.25000000 0.99949998
vt 0.40640000 0.00050002
vt 0.25000000 0.00050002
vt 0.40640000 0.99949998
vt 0.59359998 0.00050002
vt 0.40640000 0.99949998
vt 0.59359998 0.99949998
vt 0.40640000 0.00050002
vt 0.59359998 0.00050002
vt 0.75000000 0.99949998
vt 0.75000000 0.00050002
vt 0.59359998 0.99949998
vt 0.75000000 0.00050002
vt 0.90640002 0.99949998
vt 0.90640002 0.00050002
vt 0.75000000 0.99949998
vt 1.09360003 0.00050002
vt 0.90640002 0.99949998
vt 1.09360003 0.99949998
vt 0.90640002 0.00050002
vt 351.09799194 -289.38229370
vt 351.09799194 -288.07800293
vt 351.47439575 -288.72988892
vt 350.34490967 -289.38229370
vt 350.34490967 -288.07800293
vt 349.96850586 -288.72988892
vt 0.04883518 0.92343360
vt 1.85790002 0.96705556
vt 0.14210001 0.96705556
vt 1.95118594 0.92343360
vt 0.02202980 0.83754683
vt 1.97797000 0.83754683
vt 0.02202980 -1.83774090
vt 1.97797000 -1.83774090
vt 0.14210001 -1.96705604
vt 1.95118594 -1.92343402
vt 1.85790002 -1.96705604
vt 0.14210001 -1.96700001
vt 0.02199995 -1.83750010
vt 0.04879999 -1.92339993
vt 0.04877821 -1.31301999
vt 0.02214528 0.22964668
vt 0.02214528 -1.22714496
vt 0.04877821 0.31552172
vt 0.14210001 -1.35663605
vt 0.14210001 0.35913759
vt 1.85790002 -1.35663605
vt 1.85790002 0.35913759
vt 1.95100904 -1.31301999
vt 1.95100904 0.31552172
vt 1.97785497 -1.22714496
vt 1.97785497 0.22964668
vt -442.44879150 -280.04721069
vt -442.44879150 -281.35119629
vt -442.82681274 -280.69918823
vt -441.69689941 -280.04721069
vt -441.69689941 -281.35119629
vt -441.31890869 -280.69918823
vt 0.09359997 0.99949998
vt 0.25000000 0.00050002
vt 0.09359997 0.00050002
vt 0.25000000 0.99949998
vt 0.25000000 0.99949998
vt 0.40640000 0.00050002
vt 0.25000000 0.00050002
vt 0.40640000 0.99949998
vt 0.59359998 0.00050002
vt 0.40640000 0.99949998
vt 0.59359998 0.99949998
vt 0.40640000 0.00050002
vt 0.59359998 0.00050002
vt 0.75000000 0.99949998
vt 0.75000000 0.00050002
vt 0.59359998 0.99949998
vt 0.75000000 0.00050002
vt 0.90640002 0.99949998
vt 0.90640002 0.00050002
vt 0.75000000 0.99949998
vt 1.09360003 0.00050002
vt 0.90640002 0.99949998
vt 1.09360003 0.99949998
vt 0.90640002 0.00050002
vt 442.44879150 -281.35119629
vt 442.44879150 -280.04721069
vt 442.82681274 -280.69918823
vt 441.69689941 -281.35119629
vt 441.69689941 -280.04721069
vt 441.31890869 -280.69918823
vt -340.19610596 368.70120239
vt -340.84811401 367.57211304
vt -340.84811401 368.32479858
vt -340.19610596 367.19570923
vt -339.54409790 368.32479858
vt -339.54409790 367.57211304
vt 0.90640002 0.99949998
vt 0.75000000 0.00050002
vt 0.75000000 0.99949998
vt 0.90640002 0.00050002
vt 0.90640002 0.99949998
vt 1.09360003 0.00050002
vt 0.90640002 0.00050002
vt 1.09360003 0.99949998
vt 0.25000000 0.99949998
vt 0.09359997 0.00050002
vt 0.09359997 0.99949998
vt 0.25000000 0.00050002
vt 0.40640000 0.00050002
vt 0.25000000 0.99949998
vt 0.40640000 0.99949998
vt 0.25000000 0.00050002
vt 0.40640000 0.00050002
vt 0.59359998 0.99949998
vt 0.59359998 0.00050002
vt 0.40640000 0.99949998
vt 0.75000000 0.00050002
vt 0.59359998 0.99949998
vt 0.75000000 0.99949998
vt 0.59359998 0.00050002
vt 340.19610596 367.19570923
vt 340.84811401 368.32479858
vt 340.84811401 367.57211304
vt 340.19610596 368.70120239
vt 339.54409790 367.57211304
vt 339.54409790 368.32479858
vt -550.34252930 -149.94410706
vt -550.99212646 -151.07359314
vt -550.99212646 -150.32090759
vt -550.34252930 -151.44999695
vt -549.68902588 -150.32090759
vt -549.68902588 -151.07359314
vt 0.90640002 0.00050002
vt 0.75000000 0.99949998
vt 0.90640002 0.99949998
vt 0.75000000 0.00050002
vt 0.90640002 0.00050002
vt 1.09360003 0.99949998
vt 1.09360003 0.00050002
vt 0.90640002 0.99949998
vt 0.25000000 0.00050002
vt 0.09359997 0.99949998
vt 0.25000000 0.99949998
vt 0.09359997 0.00050002
vt 0.40640000 0.99949998
vt 0.25000000 0.00050002
vt 0.25000000 0.99949998
vt 0.40640000 0.00050002
vt 0.40640000 0.99949998
vt 0.59359998 0.00050002
vt 0.40640000 0.00050002
vt 0.59359998 0.99949998
vt 0.75000000 0.99949998
vt 0.59359998 0.00050002
vt 0.59359998 0.99949998
vt 0.75000000 0.00050002
vt 550.34252930 -151.44999695
vt 550.99212646 -150.32090759
vt 550.99212646 -151.07359314
vt 550.34252930 -149.94410706
vt 549.68902588 -151.07359314
vt 549.68902588 -150.32090759
vt 0.04883518 -1.31301999
vt 0.02205111 0.22964281
vt 0.02205111 -1.22714496
vt 0.04883518 0.31550020
vt 0.14210001 -1.35663509
vt 0.14210001 0.35911608
vt 1.85790002 -1.35663509
vt 1.85790002 0.35911608
vt 1.95118594 -1.31301999
vt 1.95118594 0.31550020
vt 1.97797000 -1.22714496
vt 1.97797000 0.22964281
vt 374.32760620 -93.42243958
vt 374.97949219 -92.29290771
vt 374.97949219 -93.04605865
vt 374.32760620 -91.91654205
vt 373.67559814 -93.04605865
vt 373.67559814 -92.29290771
vt 0.40640000 0.00050002
vt 0.59359998 0.99949998
vt 0.59359998 0.00050002
vt 0.40640000 0.99949998
vt 0.40640000 0.00050002
vt 0.25000000 0.99949998
vt 0.40640000 0.99949998
vt 0.25000000 0.00050002
vt 0.25000000 0.99949998
vt 0.09359997 0.00050002
vt 0.09359997 0.99949998
vt 0.25000000 0.00050002
vt 0.90640002 0.99949998
vt 1.09360003 0.00050002
vt 0.90640002 0.00050002
vt 1.09360003 0.99949998
vt 0.90640002 0.99949998
vt 0.75000000 0.00050002
vt 0.75000000 0.99949998
vt 0.90640002 0.00050002
vt 0.75000000 0.00050002
vt 0.59359998 0.99949998
vt 0.75000000 0.99949998
vt 0.59359998 0.00050002
vt -374.32760620 -91.91654205
vt -374.97949219 -93.04605865
vt -374.97949219 -92.29290771
vt -374.32760620 -93.42243958
vt -373.67559814 -92.29290771
vt -373.67559814 -93.04605865
vt -550.00390625 -335.00909424
vt -550.65747070 -336.13821411
vt -550.65747070 -335.38549805
vt -550.00390625 -336.51458740
vt -549.35040283 -335.38549805
vt -549.35040283 -336.13821411
vt 0.90640002 0.99949998
vt 0.75000000 0.00050002
vt 0.75000000 0.99949998
vt 0.90640002 0.00050002
vt 0.90640002 0.99949998
vt 1.09360003 0.00050002
vt 0.90640002 0.00050002
vt 1.09360003 0.99949998
vt 0.25000000 0.99949998
vt 0.09359997 0.00050002
vt 0.09359997 0.99949998
vt 0.25000000 0.00050002
vt 0.40640000 0.00050002
vt 0.25000000 0.99949998
vt 0.40640000 0.99949998
vt 0.25000000 0.00050002
vt 0.40640000 0.00050002
vt 0.59359998 0.99949998
vt 0.59359998 0.00050002
vt 0.40640000 0.99949998
vt 0.75000000 0.00050002
vt 0.59359998 0.99949998
vt 0.75000000 0.99949998
vt 0.59359998 0.00050002
vt 550.00390625 -336.51458740
vt 550.65747070 -335.38549805
vt 550.65747070 -336.13821411
vt 550.00390625 -335.00909424
vt 549.35040283 -336.13821411
vt 549.35040283 -335.38549805
vt -340.19610596 529.31890869
vt -340.84811401 528.18902588
vt -340.84811401 528.94488525
vt -340.19610596 527.81500244
vt -339.54409790 528.94488525
vt -339.54409790 528.18902588
vt 0.90640002 0.99949998
vt 0.75000000 0.00050002
vt 0.75000000 0.99949998
vt 0.90640002 0.00050002
vt 0.90640002 0.99949998
vt 1.09360003 0.00050002
vt 0.90640002 0.00050002
vt 1.09360003 0.99949998
vt 0.25000000 0.99949998
vt 0.09359997 0.00050002
vt 0.09359997 0.99949998
vt 0.25000000 0.00050002
vt 0.40640000 0.00050002
vt 0.25000000 0.99949998
vt 0.40640000 0.99949998
vt 0.25000000 0.00050002
vt 0.40640000 0.00050002
vt 0.59359998 0.99949998
vt 0.59359998 0.00050002
vt 0.40640000 0.99949998
vt 0.75000000 0.00050002
vt 0.59359998 0.99949998
vt 0.75000000 0.99949998
vt 0.59359998 0.00050002
vt 340.19610596 527.81500244
vt 340.84811401 528.94488525
vt 340.84811401 528.18902588
vt 340.19610596 529.31890869
vt 339.54409790 528.18902588
vt 339.54409790 528.94488525
vt 293.22720337 -289.71890259
vt 293.22720337 -288.41461182
vt 293.60348511 -289.06649780
vt 292.47399902 -289.71890259
vt 292.47399902 -288.41461182
vt 292.09759521 -289.06649780
vt 0.59359998 0.00050002
vt 0.40640000 0.99949998
vt 0.59359998 0.99949998
vt 0.40640000 0.00050002
vt 0.25000000 0.00050002
vt 0.40640000 0.99949998
vt 0.40640000 0.00050002
vt 0.25000000 0.99949998
vt 0.09359997 0.00050002
vt 0.25000000 0.99949998
vt 0.25000000 0.00050002
vt 0.09359997 0.99949998
vt 1.09360003 0.00050002
vt 0.90640002 0.99949998
vt 1.09360003 0.99949998
vt 0.90640002 0.00050002
vt 0.75000000 0.99949998
vt 0.90640002 0.00050002
vt 0.75000000 0.00050002
vt 0.90640002 0.99949998
vt 0.59359998 0.99949998
vt 0.75000000 0.00050002
vt 0.59359998 0.00050002
vt 0.75000000 0.99949998
vt -293.22720337 -288.41461182
vt -293.22720337 -289.71890259
vt -293.60348511 -289.06649780
vt -292.47399902 -288.41461182
vt -292.47399902 -289.71890259
vt -292.09759521 -289.06649780
vt -374.32760620 -71.99606323
vt -374.97949219 -73.12519836
vt -374.97949219 -72.37243652
vt -374.32760620 -73.50157166
vt -373.67559814 -72.37243652
vt -373.67559814 -73.12519836
vt 0.90640002 0.99949998
vt 0.75000000 0.00050002
vt 0.75000000 0.99949998
vt 0.90640002 0.00050002
vt 0.90640002 0.99949998
vt 1.09360003 0.00050002
vt 0.90640002 0.00050002
vt 1.09360003 0.99949998
vt 0.25000000 0.99949998
vt 0.09359997 0.00050002
vt 0.09359997 0.99949998
vt 0.25000000 0.00050002
vt 0.40640000 0.00050002
vt 0.25000000 0.99949998
vt 0.40640000 0.99949998
vt 0.25000000 0.00050002
vt 0.40640000 0.00050002
vt 0.59359998 0.99949998
vt 0.59359998 0.00050002
vt 0.40640000 0.99949998
vt 0.75000000 0.00050002
vt 0.59359998 0.99949998
vt 0.75000000 0.99949998
vt 0.59359998 0.00050002
vt 374.32760620 -73.50157166
vt 374.97949219 -72.37243652
vt 374.97949219 -73.12519836
vt 374.32760620 -71.99606323
vt 373.67559814 -73.12519836
vt 373.67559814 -72.37243652
vt -550.34252930 -169.86500549
vt -550.99212646 -170.99409485
vt -550.99212646 -170.24130249
vt -550.34252930 -171.37089539
vt -549.68902588 -170.24130249
vt -549.68902588 -170.99409485
vt 0.25000000 0.00050002
vt 0.09359997 0.99949998
vt 0.25000000 0.99949998
vt 0.09359997 0.00050002
vt 0.40640000 0.99949998
vt 0.25000000 0.00050002
vt 0.25000000 0.99949998
vt 0.40640000 0.00050002
vt 0.40640000 0.99949998
vt 0.59359998 0.00050002
vt 0.40640000 0.00050002
vt 0.59359998 0.99949998
vt 0.75000000 0.99949998
vt 0.59359998 0.00050002
vt 0.59359998 0.99949998
vt 0.75000000 0.00050002
vt 0.90640002 0.00050002
vt 0.75000000 0.99949998
vt 0.90640002 0.99949998
vt 0.75000000 0.00050002
vt 0.90640002 0.00050002
vt 1.09360003 0.99949998
vt 1.09360003 0.00050002
vt 0.90640002 0.99949998
vt 550.34252930 -171.37089539
vt 550.99212646 -170.24130249
vt 550.99212646 -170.99409485
vt 550.34252930 -169.86500549
vt 549.68902588 -170.99409485
vt 549.68902588 -170.24130249
vt -603.35040283 -335.00909424
vt -604.00390625 -336.13821411
vt -604.00390625 -335.38549805
vt -603.35040283 -336.51458740
vt -602.70080566 -335.38549805
vt -602.70080566 -336.13821411
vt 0.25000000 0.99949998
vt 0.09359997 0.00050002
vt 0.09359997 0.99949998
vt 0.25000000 0.00050002
vt 0.40640000 0.00050002
vt 0.25000000 0.99949998
vt 0.40640000 0.99949998
vt 0.25000000 0.00050002
vt 0.40640000 0.00050002
vt 0.59359998 0.99949998
vt 0.59359998 0.00050002
vt 0.40640000 0.99949998
vt 0.75000000 0.00050002
vt 0.59359998 0.99949998
vt 0.75000000 0.99949998
vt 0.59359998 0.00050002
vt 0.90640002 0.99949998
vt 0.75000000 0.00050002
vt 0.75000000 0.99949998
vt 0.90640002 0.00050002
vt 0.90640002 0.99949998
vt 1.09360003 0.00050002
vt 0.90640002 0.00050002
vt 1.09360003 0.99949998
vt 603.35040283 -336.51458740
vt 604.00390625 -335.38549805
vt 604.00390625 -336.13821411
vt 603.35040283 -335.00909424
vt 602.70080566 -336.13821411
vt 602.70080566 -335.38549805
vt -427.67718506 -71.99606323
vt -428.32681274 -73.12519836
vt -428.32681274 -72.37243652
vt -427.67718506 -73.50157166
vt -427.02359009 -72.37243652
vt -427.02359009 -73.12519836
vt 0.25000000 0.99949998
vt 0.09359997 0.00050002
vt 0.09359997 0.99949998
vt 0.25000000 0.00050002
vt 0.40640000 0.00050002
vt 0.25000000 0.99949998
vt 0.40640000 0.99949998
vt 0.25000000 0.00050002
vt 0.40640000 0.00050002
vt 0.59359998 0.99949998
vt 0.59359998 0.00050002
vt 0.40640000 0.99949998
vt 0.75000000 0.00050002
vt 0.59359998 0.99949998
vt 0.75000000 0.99949998
vt 0.59359998 0.00050002
vt 0.90640002 0.99949998
vt 0.75000000 0.00050002
vt 0.75000000 0.99949998
vt 0.90640002 0.00050002
vt 0.90640002 0.99949998
vt 1.09360003 0.00050002
vt 0.90640002 0.00050002
vt 1.09360003 0.99949998
vt 427.67718506 -73.50157166
vt 428.32681274 -72.37243652
vt 428.32681274 -73.12519836
vt 427.67718506 -71.99606323
vt 427.02359009 -73.12519836
vt 427.02359009 -72.37243652
vt -238.82170105 -279.04330444
vt -238.82170105 -280.34719849
vt -239.19799805 -279.69531250
vt -238.06889343 -279.04330444
vt -238.06889343 -280.34719849
vt -237.69209290 -279.69531250
vt 0.75000000 0.00050002
vt 0.90640002 0.99949998
vt 0.90640002 0.00050002
vt 0.75000000 0.99949998
vt 1.09360003 0.00050002
vt 0.90640002 0.99949998
vt 1.09360003 0.99949998
vt 0.90640002 0.00050002
vt 0.09359997 0.99949998
vt 0.25000000 0.00050002
vt 0.09359997 0.00050002
vt 0.25000000 0.99949998
vt 0.25000000 0.99949998
vt 0.40640000 0.00050002
vt 0.25000000 0.00050002
vt 0.40640000 0.99949998
vt 0.59359998 0.00050002
vt 0.40640000 0.99949998
vt 0.59359998 0.99949998
vt 0.40640000 0.00050002
vt 0.59359998 0.00050002
vt 0.75000000 0.99949998
vt 0.75000000 0.00050002
vt 0.59359998 0.99949998
vt 238.82170105 -280.34719849
vt 238.82170105 -279.04330444
vt 239.19799805 -279.69531250
vt 238.06889343 -280.34719849
vt 238.06889343 -279.04330444
vt 237.69209290 -279.69531250
vt -393.54370117 529.31890869
vt -394.19689941 528.18902588
vt -394.19689941 528.94488525
vt -393.54370117 527.81500244
vt -392.89181519 528.94488525
vt -392.89181519 528.18902588
vt 0.25000000 0.99949998
vt 0.09359997 0.00050002
vt 0.09359997 0.99949998
vt 0.25000000 0.00050002
vt 0.40640000 0.00050002
vt 0.25000000 0.99949998
vt 0.40640000 0.99949998
vt 0.25000000 0.00050002
vt 0.40640000 0.00050002
vt 0.59359998 0.99949998
vt 0.59359998 0.00050002
vt 0.40640000 0.99949998
vt 0.75000000 0.00050002
vt 0.59359998 0.99949998
vt 0.75000000 0.99949998
vt 0.59359998 0.00050002
vt 0.90640002 0.99949998
vt 0.75000000 0.00050002
vt 0.75000000 0.99949998
vt 0.90640002 0.00050002
vt 0.90640002 0.99949998
vt 1.09360003 0.00050002
vt 0.90640002 0.00050002
vt 1.09360003 0.99949998
vt 393.54370117 527.81500244
vt 394.19689941 528.94488525
vt 394.19689941 528.18902588
vt 393.54370117 529.31890869
vt 392.89181519 528.18902588
vt 392.89181519 528.94488525
vt -550.00390625 -94.08110046
vt -550.65747070 -95.21024323
vt -550.65747070 -94.45748138
vt -550.00390625 -95.58660889
vt -549.35040283 -94.45748138
vt -549.35040283 -95.21024323
vt 0.90640002 0.99949998
vt 0.75000000 0.00050002
vt 0.75000000 0.99949998
vt 0.90640002 0.00050002
vt 0.90640002 0.99949998
vt 1.09360003 0.00050002
vt 0.90640002 0.00050002
vt 1.09360003 0.99949998
vt 0.25000000 0.99949998
vt 0.09359997 0.00050002
vt 0.09359997 0.99949998
vt 0.25000000 0.00050002
vt 0.40640000 0.00050002
vt 0.25000000 0.99949998
vt 0.40640000 0.99949998
vt 0.25000000 0.00050002
vt 0.40640000 0.00050002
vt 0.59359998 0.99949998
vt 0.59359998 0.00050002
vt 0.40640000 0.99949998
vt 0.75000000 0.00050002
vt 0.59359998 0.99949998
vt 0.75000000 0.99949998
vt 0.59359998 0.00050002
vt 550.00390625 -95.58660889
vt 550.65747070 -94.45748138
vt 550.65747070 -95.21024323
vt 550.00390625 -94.08110046
vt 549.35040283 -95.21024323
vt 549.35040283 -94.45748138
vt -422.52758789 -280.04721069
vt -422.52758789 -281.35119629
vt -422.90548706 -280.69918823
vt -421.77560425 -280.04721069
vt -421.77560425 -281.35119629
vt -421.40161133 -280.69918823
vt 0.75000000 0.00050002
vt 0.90640002 0.99949998
vt 0.90640002 0.00050002
vt 0.75000000 0.99949998
vt 1.09360003 0.00050002
vt 0.90640002 0.99949998
vt 1.09360003 0.99949998
vt 0.90640002 0.00050002
vt 0.09359997 0.99949998
vt 0.25000000 0.00050002
vt 0.09359997 0.00050002
vt 0.25000000 0.99949998
vt 0.25000000 0.99949998
vt 0.40640000 0.00050002
vt 0.25000000 0.00050002
vt 0.40640000 0.99949998
vt 0.59359998 0.00050002
vt 0.40640000 0.99949998
vt 0.59359998 0.99949998
vt 0.40640000 0.00050002
vt 0.59359998 0.00050002
vt 0.75000000 0.99949998
vt 0.75000000 0.00050002
vt 0.59359998 0.99949998
vt 422.52758789 -281.35119629
vt 422.52758789 -280.04721069
vt 422.90548706 -280.69918823
vt 421.77560425 -281.35119629
vt 421.77560425 -280.04721069
vt 421.40161133 -280.69918823
vt -427.67718506 -91.91654205
vt -428.32681274 -93.04605865
vt -428.32681274 -92.29290771
vt -427.67718506 -93.42243958
vt -427.02359009 -92.29290771
vt -427.02359009 -93.04605865
vt 0.90640002 0.99949998
vt 0.75000000 0.00050002
vt 0.75000000 0.99949998
vt 0.90640002 0.00050002
vt 0.90640002 0.99949998
vt 1.09360003 0.00050002
vt 0.90640002 0.00050002
vt 1.09360003 0.99949998
vt 0.25000000 0.99949998
vt 0.09359997 0.00050002
vt 0.09359997 0.99949998
vt 0.25000000 0.00050002
vt 0.40640000 0.00050002
vt 0.25000000 0.99949998
vt 0.40640000 0.99949998
vt 0.25000000 0.00050002
vt 0.40640000 0.00050002
vt 0.59359998 0.99949998
vt 0.59359998 0.00050002
vt 0.40640000 0.99949998
vt 0.75000000 0.00050002
vt 0.59359998 0.99949998
vt 0.75000000 0.99949998
vt 0.59359998 0.00050002
vt 427.67718506 -93.42243958
vt 428.32681274 -92.29290771
vt 428.32681274 -93.04605865
vt 427.67718506 -91.91654205
vt 427.02359009 -93.04605865
vt 427.02359009 -92.29290771
vt 331.17718506 -236.03460693
vt 331.17718506 -234.73030090
vt 331.55389404 -235.38270569
vt 330.42440796 -236.03460693
vt 330.42440796 -234.73030090
vt 330.04800415 -235.38270569
vt 0.59359998 0.00050002
vt 0.40640000 0.99949998
vt 0.59359998 0.99949998
vt 0.40640000 0.00050002
vt 0.25000000 0.99949998
vt 0.40640000 0.00050002
vt 0.25000000 0.00050002
vt 0.40640000 0.99949998
vt 0.09359997 0.99949998
vt 0.25000000 0.00050002
vt 0.09359997 0.00050002
vt 0.25000000 0.99949998
vt 1.09360003 0.00050002
vt 0.90640002 0.99949998
vt 1.09360003 0.99949998
vt 0.90640002 0.00050002
vt 0.75000000 0.00050002
vt 0.90640002 0.99949998
vt 0.90640002 0.00050002
vt 0.75000000 0.99949998
vt 0.59359998 0.00050002
vt 0.75000000 0.99949998
vt 0.75000000 0.00050002
vt 0.59359998 0.99949998
vt -331.17718506 -234.73030090
vt -331.17718506 -236.03460693
vt -331.55389404 -235.38270569
vt -330.42440796 -234.73030090
vt -330.42440796 -236.03460693
vt -330.04800415 -235.38270569
vt -340.53271484 373.22680664
vt -341.18460083 372.09719849
vt -341.18460083 372.85000610
vt -340.53271484 371.72088623
vt -339.88070679 372.85000610
vt -339.88070679 372.09719849
vt 0.25000000 0.00050002
vt 0.09359997 0.99949998
vt 0.25000000 0.99949998
vt 0.09359997 0.00050002
vt 0.40640000 0.99949998
vt 0.25000000 0.00050002
vt 0.25000000 0.99949998
vt 0.40640000 0.00050002
vt 0.40640000 0.99949998
vt 0.59359998 0.00050002
vt 0.40640000 0.00050002
vt 0.59359998 0.99949998
vt 0.75000000 0.99949998
vt 0.59359998 0.00050002
vt 0.59359998 0.99949998
vt 0.75000000 0.00050002
vt 0.90640002 0.00050002
vt 0.75000000 0.99949998
vt 0.90640002 0.99949998
vt 0.75000000 0.00050002
vt 0.90640002 0.00050002
vt 1.09360003 0.99949998
vt 1.09360003 0.00050002
vt 0.90640002 0.99949998
vt 340.53271484 371.72088623
vt 341.18460083 372.85000610
vt 341.18460083 372.09719849
vt 340.53271484 373.22680664
vt 339.88070679 372.09719849
vt 339.88070679 372.85000610
vt -550.00390625 -174.39019775
vt -550.65747070 -175.51969910
vt -550.65747070 -174.76649475
vt -550.00390625 -175.89610291
vt -549.35040283 -174.76649475
vt -549.35040283 -175.51969910
vt 0.90640002 0.99949998
vt 0.75000000 0.00050002
vt 0.75000000 0.99949998
vt 0.90640002 0.00050002
vt 0.90640002 0.99949998
vt 1.09360003 0.00050002
vt 0.90640002 0.00050002
vt 1.09360003 0.99949998
vt 0.25000000 0.99949998
vt 0.09359997 0.00050002
vt 0.09359997 0.99949998
vt 0.25000000 0.00050002
vt 0.40640000 0.00050002
vt 0.25000000 0.99949998
vt 0.40640000 0.99949998
vt 0.25000000 0.00050002
vt 0.40640000 0.00050002
vt 0.59359998 0.99949998
vt 0.59359998 0.00050002
vt 0.40640000 0.99949998
vt 0.75000000 0.00050002
vt 0.59359998 0.99949998
vt 0.75000000 0.99949998
vt 0.59359998 0.00050002
vt 550.00390625 -175.89610291
vt 550.65747070 -174.76649475
vt 550.65747070 -175.51969910
vt 550.00390625 -174.39019775
vt 549.35040283 -175.51969910
vt 549.35040283 -174.76649475
vt -331.17718506 -288.07800293
vt -331.17718506 -289.38229370
vt -331.55389404 -288.72988892
vt -330.42440796 -288.07800293
vt -330.42440796 -289.38229370
vt -330.04800415 -288.72988892
vt 0.75000000 0.00050002
vt 0.90640002 0.99949998
vt 0.90640002 0.00050002
vt 0.75000000 0.99949998
vt 1.09360003 0.00050002
vt 0.90640002 0.99949998
vt 1.09360003 0.99949998
vt 0.90640002 0.00050002
vt 0.09359997 0.99949998
vt 0.25000000 0.00050002
vt 0.09359997 0.00050002
vt 0.25000000 0.99949998
vt 0.25000000 0.99949998
vt 0.40640000 0.00050002
vt 0.25000000 0.00050002
vt 0.40640000 0.99949998
vt 0.59359998 0.00050002
vt 0.40640000 0.99949998
vt 0.59359998 0.99949998
vt 0.40640000 0.00050002
vt 0.59359998 0.00050002
vt 0.75000000 0.99949998
vt 0.75000000 0.00050002
vt 0.59359998 0.99949998
vt 331.17718506 -289.38229370
vt 331.17718506 -288.07800293
vt 331.55389404 -288.72988892
vt 330.42440796 -289.38229370
vt 330.42440796 -288.07800293
vt 330.04800415 -288.72988892
vt -550.34252930 -230.25349426
vt -550.99212646 -231.38270569
vt -550.99212646 -230.62989807
vt -550.34252930 -231.75939941
vt -549.68902588 -230.62989807
vt -549.68902588 -231.38270569
vt 0.90640002 0.00050002
vt 0.75000000 0.99949998
vt 0.90640002 0.99949998
vt 0.75000000 0.00050002
vt 0.90640002 0.00050002
vt 1.09360003 0.99949998
vt 1.09360003 0.00050002
vt 0.90640002 0.99949998
vt 0.25000000 0.00050002
vt 0.09359997 0.99949998
vt 0.25000000 0.99949998
vt 0.09359997 0.00050002
vt 0.40640000 0.99949998
vt 0.25000000 0.00050002
vt 0.25000000 0.99949998
vt 0.40640000 0.00050002
vt 0.40640000 0.99949998
vt 0.59359998 0.00050002
vt 0.40640000 0.00050002
vt 0.59359998 0.99949998
vt 0.75000000 0.99949998
vt 0.59359998 0.00050002
vt 0.59359998 0.99949998
vt 0.75000000 0.00050002
vt 550.34252930 -231.75939941
vt 550.99212646 -230.62989807
vt 550.99212646 -231.38270569
vt 550.34252930 -230.25349426
vt 549.68902588 -231.38270569
vt 549.68902588 -230.62989807
vt -351.09799194 -234.73030090
vt -351.09799194 -236.03460693
vt -351.47439575 -235.38229370
vt -350.34490967 -234.73030090
vt -350.34490967 -236.03460693
vt -349.96850586 -235.38229370
vt 0.75000000 0.00050002
vt 0.90640002 0.99949998
vt 0.90640002 0.00050002
vt 0.75000000 0.99949998
vt 1.09360003 0.00050002
vt 0.90640002 0.99949998
vt 1.09360003 0.99949998
vt 0.90640002 0.00050002
vt 0.09359997 0.99949998
vt 0.25000000 0.00050002
vt 0.09359997 0.00050002
vt 0.25000000 0.99949998
vt 0.25000000 0.99949998
vt 0.40640000 0.00050002
vt 0.25000000 0.00050002
vt 0.40640000 0.99949998
vt 0.59359998 0.00050002
vt 0.40640000 0.99949998
vt 0.59359998 0.99949998
vt 0.40640000 0.00050002
vt 0.59359998 0.00050002
vt 0.75000000 0.99949998
vt 0.75000000 0.00050002
vt 0.59359998 0.99949998
vt 351.09799194 -236.03460693
vt 351.09799194 -234.73030090
vt 351.47439575 -235.38229370
vt 350.34490967 -236.03460693
vt 350.34490967 -234.73030090
vt 349.96850586 -235.38229370
vt -258.74209595 -225.69569397
vt -258.74209595 -226.99960327
vt -259.11889648 -226.34759521
vt -257.98941040 -225.69569397
vt -257.98941040 -226.99960327
vt -257.61300659 -226.34759521
vt 0.75000000 0.00050002
vt 0.90640002 0.99949998
vt 0.90640002 0.00050002
vt 0.75000000 0.99949998
vt 1.09360003 0.00050002
vt 0.90640002 0.99949998
vt 1.09360003 0.99949998
vt 0.90640002 0.00050002
vt 0.09359997 0.99949998
vt 0.25000000 0.00050002
vt 0.09359997 0.00050002
vt 0.25000000 0.99949998
vt 0.25000000 0.99949998
vt 0.40640000 0.00050002
vt 0.25000000 0.00050002
vt 0.40640000 0.99949998
vt 0.59359998 0.00050002
vt 0.40640000 0.99949998
vt 0.59359998 0.99949998
vt 0.40640000 0.00050002
vt 0.59359998 0.00050002
vt 0.75000000 0.99949998
vt 0.75000000 0.00050002
vt 0.59359998 0.99949998
vt 258.74209595 -226.99960327
vt 258.74209595 -225.69569397
vt 259.11889648 -226.34759521
vt 257.98941040 -226.99960327
vt 257.98941040 -225.69569397
vt 257.61300659 -226.34759521
vt 0.04876662 -1.31302094
vt 0.02191729 0.22964501
vt 0.02191729 -1.22714496
vt 0.04876662 0.31552088
vt 0.14210001 -1.35663700
vt 0.14210001 0.35913742
vt 1.85790002 -1.35663700
vt 1.85790002 0.35913742
vt 1.95123303 -1.31302094
vt 1.95123303 0.31552088
vt 1.97786999 -1.22714496
vt 1.97786999 0.22964501
vt 550.00390625 -356.43548584
vt 550.65747070 -355.30590820
vt 550.65747070 -356.05868530
vt 550.00390625 -354.92959595
vt 549.35040283 -356.05868530
vt 549.35040283 -355.30590820
vt 0.40640000 0.00050002
vt 0.59359998 0.99949998
vt 0.59359998 0.00050002
vt 0.40640000 0.99949998
vt 0.40640000 0.00050002
vt 0.25000000 0.99949998
vt 0.40640000 0.99949998
vt 0.25000000 0.00050002
vt 0.25000000 0.99949998
vt 0.09359997 0.00050002
vt 0.09359997 0.99949998
vt 0.25000000 0.00050002
vt 0.90640002 0.99949998
vt 1.09360003 0.00050002
vt 0.90640002 0.00050002
vt 1.09360003 0.99949998
vt 0.90640002 0.99949998
vt 0.75000000 0.00050002
vt 0.75000000 0.99949998
vt 0.90640002 0.00050002
vt 0.75000000 0.00050002
vt 0.59359998 0.99949998
vt 0.75000000 0.99949998
vt 0.59359998 0.00050002
vt -550.00390625 -354.92959595
vt -550.65747070 -356.05868530
vt -550.65747070 -355.30590820
vt -550.00390625 -356.43548584
vt -549.35040283 -355.30590820
vt -549.35040283 -356.05868530
vt 340.19610596 347.27481079
vt 340.84811401 348.40429688
vt 340.84811401 347.65121460
vt 340.19610596 348.78070068
vt 339.54409790 347.65121460
vt 339.54409790 348.40429688
vt 0.40640000 0.00050002
vt 0.59359998 0.99949998
vt 0.59359998 0.00050002
vt 0.40640000 0.99949998
vt 0.40640000 0.00050002
vt 0.25000000 0.99949998
vt 0.40640000 0.99949998
vt 0.25000000 0.00050002
vt 0.25000000 0.99949998
vt 0.09359997 0.00050002
vt 0.09359997 0.99949998
vt 0.25000000 0.00050002
vt 0.90640002 0.99949998
vt 1.09360003 0.00050002
vt 0.90640002 0.00050002
vt 1.09360003 0.99949998
vt 0.90640002 0.99949998
vt 0.75000000 0.00050002
vt 0.75000000 0.99949998
vt 0.90640002 0.00050002
vt 0.75000000 0.00050002
vt 0.59359998 0.99949998
vt 0.75000000 0.99949998
vt 0.59359998 0.00050002
vt -340.19610596 348.78070068
vt -340.84811401 347.65121460
vt -340.84811401 348.40429688
vt -340.19610596 347.27481079
vt -339.54409790 348.40429688
vt -339.54409790 347.65121460
vt 550.00390625 -195.81649780
vt 550.65747070 -194.68739319
vt 550.65747070 -195.44020081
vt 550.00390625 -194.31100464
vt 549.35040283 -195.44020081
vt 549.35040283 -194.68739319
vt 0.40640000 0.00050002
vt 0.59359998 0.99949998
vt 0.59359998 0.00050002
vt 0.40640000 0.99949998
vt 0.40640000 0.00050002
vt 0.25000000 0.99949998
vt 0.40640000 0.99949998
vt 0.25000000 0.00050002
vt 0.25000000 0.99949998
vt 0.09359997 0.00050002
vt 0.09359997 0.99949998
vt 0.25000000 0.00050002
vt 0.90640002 0.99949998
vt 1.09360003 0.00050002
vt 0.90640002 0.00050002
vt 1.09360003 0.99949998
vt 0.90640002 0.99949998
vt 0.75000000 0.00050002
vt 0.75000000 0.99949998
vt 0.90640002 0.00050002
vt 0.75000000 0.00050002
vt 0.59359998 0.99949998
vt 0.75000000 0.99949998
vt 0.59359998 0.00050002
vt -550.00390625 -194.31100464
vt -550.65747070 -195.44020081
vt -550.65747070 -194.68739319
vt -550.00390625 -195.81649780
vt -549.35040283 -194.68739319
vt -549.35040283 -195.44020081
vt 550.00390625 -115.50749969
vt 550.65747070 -114.37799835
vt 550.65747070 -115.13110352
vt 550.00390625 -114.00160217
vt 549.35040283 -115.13110352
vt 549.35040283 -114.37799835
vt 0.40640000 0.00050002
vt 0.59359998 0.99949998
vt 0.59359998 0.00050002
vt 0.40640000 0.99949998
vt 0.40640000 0.00050002
vt 0.25000000 0.99949998
vt 0.40640000 0.99949998
vt 0.25000000 0.00050002
vt 0.25000000 0.99949998
vt 0.09359997 0.00050002
vt 0.09359997 0.99949998
vt 0.25000000 0.00050002
vt 0.90640002 0.99949998
vt 1.09360003 0.00050002
vt 0.90640002 0.00050002
vt 1.09360003 0.99949998
vt 0.90640002 0.99949998
vt 0.75000000 0.00050002
vt 0.75000000 0.99949998
vt 0.90640002 0.00050002
vt 0.75000000 0.00050002
vt 0.59359998 0.99949998
vt 0.75000000 0.99949998
vt 0.59359998 0.00050002
vt -550.00390625 -114.00160217
vt -550.65747070 -115.13110352
vt -550.65747070 -114.37799835
vt -550.00390625 -115.50749969
vt -549.35040283 -114.37799835
vt -549.35040283 -115.13110352
vt -393.54370117 509.39761353
vt -394.19689941 508.27169800
vt -394.19689941 509.02359009
vt -393.54370117 507.89370728
vt -392.89181519 509.02359009
vt -392.89181519 508.27169800
vt 0.90640002 0.99949998
vt 0.75000000 0.00050002
vt 0.75000000 0.99949998
vt 0.90640002 0.00050002
vt 0.90640002 0.99949998
vt 1.09360003 0.00050002
vt 0.90640002 0.00050002
vt 1.09360003 0.99949998
vt 0.25000000 0.99949998
vt 0.09359997 0.00050002
vt 0.09359997 0.99949998
vt 0.25000000 0.00050002
vt 0.40640000 0.00050002
vt 0.25000000 0.99949998
vt 0.40640000 0.99949998
vt 0.25000000 0.00050002
vt 0.40640000 0.00050002
vt 0.59359998 0.99949998
vt 0.59359998 0.00050002
vt 0.40640000 0.99949998
vt 0.75000000 0.00050002
vt 0.59359998 0.99949998
vt 0.75000000 0.99949998
vt 0.59359998 0.00050002
vt 393.54370117 507.89370728
vt 394.19689941 509.02359009
vt 394.19689941 508.27169800
vt 393.54370117 509.39761353
vt 392.89181519 508.27169800
vt 392.89181519 509.02359009
vt 1.95118797 0.92342699
vt 1.97797203 -1.83754611
vt 1.97797203 0.83754581
vt 1.95118797 -1.92342710
vt 1.85790002 0.96704614
vt 1.85790002 -1.96704602
vt 0.14210001 0.96704614
vt 0.14210001 -1.96704602
vt 0.04883518 0.92342699
vt 0.04883518 -1.92342710
vt 0.02202980 0.83754581
vt 0.02202980 -1.83754611
vt 393.88189697 311.33230591
vt 394.53149414 312.46139526
vt 394.53149414 311.70870972
vt 393.88189697 312.83819580
vt 393.22830200 311.70870972
vt 393.22830200 312.46139526
vt 0.40640000 0.99949998
vt 0.59359998 0.00050002
vt 0.40640000 0.00050002
vt 0.59359998 0.99949998
vt 0.40640000 0.99949998
vt 0.25000000 0.00050002
vt 0.25000000 0.99949998
vt 0.40640000 0.00050002
vt 0.25000000 0.00050002
vt 0.09359997 0.99949998
vt 0.25000000 0.99949998
vt 0.09359997 0.00050002
vt 0.90640002 0.00050002
vt 1.09360003 0.99949998
vt 1.09360003 0.00050002
vt 0.90640002 0.99949998
vt 0.90640002 0.00050002
vt 0.75000000 0.99949998
vt 0.90640002 0.99949998
vt 0.75000000 0.00050002
vt 0.75000000 0.99949998
vt 0.59359998 0.00050002
vt 0.59359998 0.99949998
vt 0.75000000 0.00050002
vt -393.88189697 312.83819580
vt -394.53149414 311.70870972
vt -394.53149414 312.46139526
vt -393.88189697 311.33230591
vt -393.22830200 312.46139526
vt -393.22830200 311.70870972
vt -550.00390625 -254.69960022
vt -550.65747070 -255.82870483
vt -550.65747070 -255.07598877
vt -550.00390625 -256.20550537
vt -549.35040283 -255.07598877
vt -549.35040283 -255.82870483
vt 0.90640002 0.99949998
vt 0.75000000 0.00050002
vt 0.75000000 0.99949998
vt 0.90640002 0.00050002
vt 0.90640002 0.99949998
vt 1.09360003 0.00050002
vt 0.90640002 0.00050002
vt 1.09360003 0.99949998
vt 0.25000000 0.99949998
vt 0.09359997 0.00050002
vt 0.09359997 0.99949998
vt 0.25000000 0.00050002
vt 0.40640000 0.00050002
vt 0.25000000 0.99949998
vt 0.40640000 0.99949998
vt 0.25000000 0.00050002
vt 0.40640000 0.00050002
vt 0.59359998 0.99949998
vt 0.59359998 0.00050002
vt 0.40640000 0.99949998
vt 0.75000000 0.00050002
vt 0.59359998 0.99949998
vt 0.75000000 0.99949998
vt 0.59359998 0.00050002
vt 550.00390625 -256.20550537
vt 550.65747070 -255.07598877
vt 550.65747070 -255.82870483
vt 550.00390625 -254.69960022
vt 549.35040283 -255.82870483
vt 549.35040283 -255.07598877
vt -603.35040283 -354.92959595
vt -604.00390625 -356.05868530
vt -604.00390625 -355.30590820
vt -603.35040283 -356.43548584
vt -602.70080566 -355.30590820
vt -602.70080566 -356.05868530
vt 0.90640002 0.99949998
vt 0.75000000 0.00050002
vt 0.75000000 0.99949998
vt 0.90640002 0.00050002
vt 0.90640002 0.99949998
vt 1.09360003 0.00050002
vt 0.90640002 0.00050002
vt 1.09360003 0.99949998
vt 0.25000000 0.99949998
vt 0.09359997 0.00050002
vt 0.09359997 0.99949998
vt 0.25000000 0.00050002
vt 0.40640000 0.00050002
vt 0.25000000 0.99949998
vt 0.40640000 0.99949998
vt 0.25000000 0.00050002
vt 0.40640000 0.00050002
vt 0.59359998 0.99949998
vt 0.59359998 0.00050002
vt 0.40640000 0.99949998
vt 0.75000000 0.00050002
vt 0.59359998 0.99949998
vt 0.75000000 0.99949998
vt 0.59359998 0.00050002
vt 603.35040283 -356.43548584
vt 604.00390625 -355.30590820
vt 604.00390625 -356.05868530
vt 603.35040283 -354.92959595
vt 602.70080566 -356.05868530
vt 602.70080566 -355.30590820
vt -442.44879150 -226.69960022
vt -442.44879150 -228.00349426
vt -442.82681274 -227.35159302
vt -441.69689941 -226.69960022
vt -441.69689941 -228.00349426
vt -441.31890869 -227.35159302
vt 0.75000000 0.00050002
vt 0.90640002 0.99949998
vt 0.90640002 0.00050002
vt 0.75000000 0.99949998
vt 1.09360003 0.00050002
vt 0.90640002 0.99949998
vt 1.09360003 0.99949998
vt 0.90640002 0.00050002
vt 0.09359997 0.99949998
vt 0.25000000 0.00050002
vt 0.09359997 0.00050002
vt 0.25000000 0.99949998
vt 0.25000000 0.99949998
vt 0.40640000 0.00050002
vt 0.25000000 0.00050002
vt 0.40640000 0.99949998
vt 0.59359998 0.00050002
vt 0.40640000 0.99949998
vt 0.59359998 0.99949998
vt 0.40640000 0.00050002
vt 0.59359998 0.00050002
vt 0.75000000 0.99949998
vt 0.75000000 0.00050002
vt 0.59359998 0.99949998
vt 442.44879150 -228.00349426
vt 442.44879150 -226.69960022
vt 442.82681274 -227.35159302
vt 441.69689941 -228.00349426
vt 441.69689941 -226.69960022
vt 441.31890869 -227.35159302
f 1/1 2/2 3/3
f 2/2 1/1 4/4
f 4/4 1/1 5/5
f 4/4 5/5 6/6
f 7/7 8/8 9/9
f 8/8 7/7 10/10
f 11/11 12/12 13/13
f 12/12 11/11 14/14
f 15/15 16/16 17/17
f 16/16 15/15 18/18
f 19/19 20/20 21/21
f 20/20 19/19 22/22
f 23/23 24/24 25/25
f 24/24 23/23 26/26
f 27/27 28/28 29/29
f 28/28 27/27 30/30
f 31/31 32/32 33/33
f 32/32 31/31 34/34
f 34/34 31/31 35/35
f 34/34 35/35 36/36
f 37/37 38/38 39/39
f 38/38 37/37 40/40
f 40/40 37/37 41/41
f 40/40 41/41 42/42
f 43/43 44/44 45/45
f 44/44 43/43 46/46
f 47/47 48/48 49/49
f 48/48 47/47 50/50
f 51/51 52/52 53/53
f 52/52 51/51 54/54
f 55/55 56/56 57/57
f 56/56 55/55 58/58
f 59/59 60/60 61/61
f 60/60 59/59 62/62
f 63/63 64/64 65/65
f 64/64 63/63 66/66
f 67/67 68/68 69/69
f 68/68 67/67 70/70
f 70/70 67/67 71/71
f 70/70 71/71 72/72
f 73/73 74/74 75/75
f 74/74 73/73 76/76
f 76/76 73/73 77/77
f 76/76 77/77 78/78
f 79/79 80/80 81/81
f 80/80 79/79 82/82
f 83/83 84/84 85/85
f 84/84 83/83 86/86
f 87/87 88/88 89/89
f 88/88 87/87 90/90
f 91/91 92/92 93/93
f 92/92 91/91 94/94
f 95/95 96/96 97/97
f 96/96 95/95 98/98
f 99/99 100/100 101/101
f 100/100 99/99 102/102
f 103/103 104/104 105/105
f 104/104 103/103 106/106
f 106/106 103/103 107/107
f 106/106 107/107 108/108
f 109/109 110/110 111/111
f 110/110 109/109 112/112
f 112/112 109/109 113/113
f 112/112 113/113 114/114
f 115/115 116/116 117/117
f 116/116 115/115 118/118
f 119/119 120/120 121/121
f 120/120 119/119 122/122
f 123/123 124/124 125/125
f 124/124 123/123 126/126
f 127/127 128/128 129/129
f 128/128 127/127 130/130
f 131/131 132/132 133/133
f 132/132 131/131 134/134
f 135/135 136/136 137/137
f 136/136 135/135 138/138
f 139/139 140/140 141/141
f 140/140 139/139 142/142
f 142/142 139/139 143/143
f 142/142 143/143 144/144
f 145/145 146/146 147/147
f 146/146 145/145 148/148
f 148/148 145/145 149/149
f 148/148 149/149 150/150
f 151/151 152/152 153/153
f 152/152 151/151 154/154
f 155/155 156/156 157/157
f 156/156 155/155 158/158
f 159/159 160/160 161/161
f 160/160 159/159 162/162
f 163/163 164/164 165/165
f 164/164 163/163 166/166
f 167/167 168/168 169/169
f 168/168 167/167 170/170
f 171/171 172/172 173/173
f 172/172 171/171 174/174
f 175/175 176/176 177/177
f 176/176 175/175 178/178
f 178/178 175/175 179/179
f 178/178 179/179 180/180
f 181/181 182/182 183/183
f 182/182 181/181 184/184
f 184/184 181/181 185/185
f 184/184 185/185 186/186
f 186/186 185/185 187/187
f 186/186 187/187 188/188
f 188/188 187/187 189/189
f 188/188 189/189 190/190
f 190/190 189/189 191/191
f 192/192 193/193 194/194
f 195/195 196/196 197/197
f 196/196 195/195 198/198
f 198/198 195/195 199/199
f 198/198 199/199 200/200
f 201/201 202/202 203/203
f 202/202 201/201 204/204
f 205/205 206/206 207/207
f 206/206 205/205 208/208
f 209/209 210/210 211/211
f 210/210 209/209 212/212
f 213/213 214/214 215/215
f 214/214 213/213 216/216
f 217/217 218/218 219/219
f 218/218 217/217 220/220
f 221/221 222/222 223/223
f 222/222 221/221 224/224
f 225/225 226/226 227/227
f 226/226 225/225 228/228
f 228/228 225/225 229/229
f 228/228 229/229 230/230
f 231/231 232/232 233/233
f 232/232 231/231 234/234
f 234/234 231/231 235/235
f 234/234 235/235 236/236
f 237/237 238/238 239/239
f 238/238 237/237 240/240
f 241/241 242/242 243/243
f 242/242 241/241 244/244
f 245/245 246/246 247/247
f 246/246 245/245 248/248
f 249/249 250/250 251/251
f 250/250 249/249 252/252
f 253/253 254/254 255/255
f 254/254 253/253 256/256
f 257/257 258/258 259/259
f 258/258 257/257 260/260
f 261/261 262/262 263/263
f 262/262 261/261 264/264
f 264/264 261/261 265/265
f 264/264 265/265 266/266
f 267/267 268/268 269/269
f 268/268 267/267 270/270
f 270/270 267/267 271/271
f 270/270 271/271 272/272
f 273/273 274/274 275/275
f 274/274 273/273 276/276
f 277/277 278/278 279/279
f 278/278 277/277 280/280
f 281/281 282/282 283/283
f 282/282 281/281 284/284
f 285/285 286/286 287/287
f 286/286 285/285 288/288
f 289/289 290/290 291/291
f 290/290 289/289 292/292
f 293/293 294/294 295/295
f 294/294 293/293 296/296
f 297/297 298/298 299/299
f 298/298 297/297 300/300
f 300/300 297/297 301/301
f 300/300 301/301 302/302
f 303/303 304/304 305/305
f 304/304 303/303 306/306
f 306/306 303/303 307/307
f 306/306 307/307 308/308
f 309/309 310/310 311/311
f 310/310 309/309 312/312
f 313/313 314/314 315/315
f 314/314 313/313 316/316
f 317/317 318/318 319/319
f 318/318 317/317 320/320
f 321/321 322/322 323/323
f 322/322 321/321 324/324
f 325/325 326/326 327/327
f 326/326 325/325 328/328
f 329/329 330/330 331/331
f 330/330 329/329 332/332
f 333/333 334/334 335/335
f 334/334 333/333 336/336
f 336/336 333/333 337/337
f 336/336 337/337 338/338
f 339/339 340/340 341/341
f 340/340 339/339 342/342
f 342/342 339/339 343/343
f 342/342 343/343 344/344
f 345/345 346/346 347/347
f 346/346 345/345 348/348
f 349/349 350/350 351/351
f 350/350 349/349 352/352
f 353/353 354/354 355/355
f 354/354 353/353 356/356
f 357/357 358/358 359/359
f 358/358 357/357 360/360
f 361/361 362/362 363/363
f 362/362 361/361 364/364
f 365/365 366/366 367/367
f 366/366 365/365 368/368
f 369/369 370/370 371/371
f 370/370 369/369 372/372
f 372/372 369/369 373/373
f 372/372 373/373 374/374
f 375/375 376/376 377/377
f 376/376 375/375 378/378
f 378/378 375/375 379/379
f 378/378 379/379 380/380
f 381/381 382/382 383/383
f 382/382 381/381 384/384
f 385/385 386/386 387/387
f 386/386 385/385 388/388
f 389/389 390/390 391/391
f 390/390 389/389 392/392
f 393/393 394/394 395/395
f 394/394 393/393 396/396
f 397/397 398/398 399/399
f 398/398 397/397 400/400
f 401/401 402/402 403/403
f 402/402 401/401 404/404
f 405/405 406/406 407/407
f 406/406 405/405 408/408
f 408/408 405/405 409/409
f 408/408 409/409 410/410
f 411/411 412/412 413/413
f 412/412 411/411 414/414
f 414/414 411/411 415/415
f 414/414 415/415 416/416
f 417/417 418/418 419/419
f 418/418 417/417 420/420
f 421/421 422/422 423/423
f 422/422 421/421 424/424
f 425/425 426/426 427/427
f 426/426 425/425 428/428
f 429/429 430/430 431/431
f 430/430 429/429 432/432
f 433/433 434/434 435/435
f 434/434 433/433 436/436
f 437/437 438/438 439/439
f 438/438 437/437 440/440
f 441/441 442/442 443/443
f 442/442 441/441 444/444
f 444/444 441/441 445/445
f 444/444 445/445 446/446
f 447/447 448/448 449/449
f 448/448 447/447 450/450
f 450/450 447/447 451/451
f 450/450 451/451 452/452
f 453/453 454/454 455/455
f 454/454 453/453 456/456
f 457/457 458/458 459/459
f 458/458 457/457 460/460
f 461/461 462/462 463/463
f 462/462 461/461 464/464
f 465/465 466/466 467/467
f 466/466 465/465 468/468
f 469/469 470/470 471/471
f 470/470 469/469 472/472
f 473/473 474/474 475/475
f 474/474 473/473 476/476
f 477/477 478/478 479/479
f 478/478 477/477 480/480
f 480/480 477/477 481/481
f 480/480 481/481 482/482
f 483/483 484/484 485/485
f 484/484 483/483 486/486
f 486/486 483/483 487/487
f 486/486 487/487 488/488
f 489/489 490/490 491/491
f 490/490 489/489 492/492
f 493/493 494/494 495/495
f 494/494 493/493 496/496
f 497/497 498/498 499/499
f 498/498 497/497 500/500
f 501/501 502/502 503/503
f 502/502 501/501 504/504
f 505/505 506/506 507/507
f 506/506 505/505 508/508
f 509/509 510/510 511/511
f 510/510 509/509 512/512
f 513/513 514/514 515/515
f 514/514 513/513 516/516
f 516/516 513/513 517/517
f 516/516 517/517 518/518
f 519/519 520/520 521/521
f 520/520 519/519 522/522
f 522/522 519/519 523/523
f 522/522 523/523 524/524
f 525/525 526/526 527/527
f 526/526 525/525 528/528
f 529/529 530/530 531/531
f 530/530 529/529 532/532
f 533/533 534/534 535/535
f 534/534 533/533 536/536
f 537/537 538/538 539/539
f 538/538 537/537 540/540
f 541/541 542/542 543/543
f 542/542 541/541 544/544
f 545/545 546/546 547/547
f 546/546 545/545 548/548
f 549/549 550/550 551/551
f 550/550 549/549 552/552
f 552/552 549/549 553/553
f 552/552 553/553 554/554
f 555/555 556/556 557/557
f 556/556 555/555 558/558
f 558/558 555/555 559/559
f 558/558 559/559 560/560
f 561/561 562/562 563/563
f 562/562 561/561 564/564
f 565/565 566/566 567/567
f 566/566 565/565 568/568
f 569/569 570/570 571/571
f 570/570 569/569 572/572
f 573/573 574/574 575/575
f 574/574 573/573 576/576
f 577/577 578/578 579/579
f 578/578 577/577 580/580
f 581/581 582/582 583/583
f 582/582 581/581 584/584
f 585/585 586/586 587/587
f 586/586 585/585 588/588
f 588/588 585/585 589/589
f 588/588 589/589 590/590
f 591/591 592/592 593/593
f 592/592 591/591 594/594
f 594/594 591/591 595/595
f 594/594 595/595 596/596
f 597/597 598/598 599/599
f 598/598 597/597 600/600
f 601/601 602/602 603/603
f 602/602 601/601 604/604
f 605/605 606/606 607/607
f 606/606 605/605 608/608
f 609/609 610/610 611/611
f 610/610 609/609 612/612
f 613/613 614/614 615/615
f 614/614 613/613 616/616
f 617/617 618/618 619/619
f 618/618 617/617 620/620
f 621/621 622/622 623/623
f 622/622 621/621 624/624
f 624/624 621/621 625/625
f 624/624 625/625 626/626
f 627/627 628/628 629/629
f 628/628 627/627 630/630
f 630/630 627/627 631/631
f 630/630 631/631 632/632
f 633/633 634/634 635/635
f 634/634 633/633 636/636
f 637/637 638/638 639/639
f 638/638 637/637 640/640
f 641/641 642/642 643/643
f 642/642 641/641 644/644
f 645/645 646/646 647/647
f 646/646 645/645 648/648
f 649/649 650/650 651/651
f 650/650 649/649 652/652
f 653/653 654/654 655/655
f 654/654 653/653 656/656
f 657/657 658/658 659/659
f 658/658 657/657 660/660
f 660/660 657/657 661/661
f 660/660 661/661 662/662
f 663/663 664/664 665/665
f 664/664 663/663 666/666
f 666/666 663/663 667/667
f 666/666 667/667 668/668
f 668/668 667/667 669/669
f 668/668 669/669 670/670
f 670/670 669/669 671/671
f 670/670 671/671 672/672
f 672/672 671/671 673/673
f 672/672 673/673 674/674
f 675/675 676/676 677/677
f 676/676 675/675 678/678
f 678/678 675/675 679/679
f 678/678 679/679 680/680
f 681/681 682/682 683/683
f 682/682 681/681 684/684
f 685/685 686/686 687/687
f 686/686 685/685 688/688
f 689/689 690/690 691/691
f 690/690 689/689 692/692
f 693/693 694/694 695/695
f 694/694 693/693 696/696
f 697/697 698/698 699/699
f 698/698 697/697 700/700
f 701/701 702/702 703/703
f 702/702 701/701 704/704
f 705/705 706/706 707/707
f 706/706 705/705 708/708
f 708/708 705/705 709/709
f 708/708 709/709 710/710
f 711/711 712/712 713/713
f 712/712 711/711 714/714
f 714/714 711/711 715/715
f 714/714 715/715 716/716
f 717/717 718/718 719/719
f 718/718 717/717 720/720
f 721/721 722/722 723/723
f 722/722 721/721 724/724
f 725/725 726/726 727/727
f 726/726 725/725 728/728
f 729/729 730/730 731/731
f 730/730 729/729 732/732
f 733/733 734/734 735/735
f 734/734 733/733 736/736
f 737/737 738/738 739/739
f 738/738 737/737 740/740
f 741/741 742/742 743/743
f 742/742 741/741 744/744
f 744/744 741/741 745/745
f 744/744 745/745 746/746
f 747/747 748/748 749/749
f 748/748 747/747 750/750
f 750/750 747/747 751/751
f 750/750 751/751 752/752
f 753/753 754/754 755/755
f 754/754 753/753 756/756
f 757/757 758/758 759/759
f 758/758 757/757 760/760
f 761/761 762/762 763/763
f 762/762 761/761 764/764
f 765/765 766/766 767/767
f 766/766 765/765 768/768
f 769/769 770/770 771/771
f 770/770 769/769 772/772
f 773/773 774/774 775/775
f 774/774 773/773 776/776
f 777/777 778/778 779/779
f 778/778 777/777 780/780
f 780/780 777/777 781/781
f 780/780 781/781 782/782
f 783/783 784/784 785/785
f 784/784 783/783 786/786
f 786/786 783/783 787/787
f 786/786 787/787 788/788
f 789/789 790/790 791/791
f 790/790 789/789 792/792
f 793/793 794/794 795/795
f 794/794 793/793 796/796
f 797/797 798/798 799/799
f 798/798 797/797 800/800
f 801/801 802/802 803/803
f 802/802 801/801 804/804
f 805/805 806/806 807/807
f 806/806 805/805 808/808
f 809/809 810/810 811/811
f 810/810 809/809 812/812
f 813/813 814/814 815/815
f 814/814 813/813 816/816
f 816/816 813/813 817/817
f 816/816 817/817 818/818
f 819/819 820/820 821/821
f 820/820 819/819 822/822
f 822/822 819/819 823/823
f 822/822 823/823 824/824
f 825/825 826/826 827/827
f 826/826 825/825 828/828
f 829/829 830/830 831/831
f 830/830 829/829 832/832
f 833/833 834/834 835/835
f 834/834 833/833 836/836
f 837/837 838/838 839/839
f 838/838 837/837 840/840
f 841/841 842/842 843/843
f 842/842 841/841 844/844
f 845/845 846/846 847/847
f 846/846 845/845 848/848
f 849/849 850/850 851/851
f 850/850 849/849 852/852
f 852/852 849/849 853/853
f 852/852 853/853 854/854
f 855/855 856/856 857/857
f 856/856 855/855 858/858
f 858/858 855/855 859/859
f 858/858 859/859 860/860
f 861/861 862/862 863/863
f 862/862 861/861 864/864
f 865/865 866/866 867/867
f 866/866 865/865 868/868
f 869/869 870/870 871/871
f 870/870 869/869 872/872
f 873/873 874/874 875/875
f 874/874 873/873 876/876
f 877/877 878/878 879/879
f 878/878 877/877 880/880
f 881/881 882/882 883/883
f 882/882 881/881 884/884
f 885/885 886/886 887/887
f 886/886 885/885 888/888
f 888/888 885/885 889/889
f 888/888 889/889 890/890
f 891/891 892/892 893/893
f 892/892 891/891 894/894
f 894/894 891/891 895/895
f 894/894 895/895 896/896
f 897/897 898/898 899/899
f 898/898 897/897 900/900
f 901/901 902/902 903/903
f 902/902 901/901 904/904
f 905/905 906/906 907/907
f 906/906 905/905 908/908
f 909/909 910/910 911/911
f 910/910 909/909 912/912
f 913/913 914/914 915/915
f 914/914 913/913 916/916
f 917/917 918/918 919/919
f 918/918 917/917 920/920
f 921/921 922/922 923/923
f 922/922 921/921 924/924
f 924/924 921/921 925/925
f 924/924 925/925 926/926
f 927/927 928/928 929/929
f 928/928 927/927 930/930
f 930/930 927/927 931/931
f 930/930 931/931 932/932
f 932/932 931/931 933/933
f 932/932 933/933 934/934
f 934/934 933/933 935/935
f 934/934 935/935 936/936
f 936/936 935/935 937/937
f 936/936 937/937 938/938
f 939/939 940/940 941/941
f 940/940 939/939 942/942
f 942/942 939/939 943/943
f 942/942 943/943 944/944
f 945/945 946/946 947/947
f 946/946 945/945 948/948
f 949/949 950/950 951/951
f 950/950 949/949 952/952
f 953/953 954/954 955/955
f 954/954 953/953 956/956
f 957/957 958/958 959/959
f 958/958 957/957 960/960
f 961/961 962/962 963/963
f 962/962 961/961 964/964
f 965/965 966/966 967/967
f 966/966 965/965 968/968
f 969/969 970/970 971/971
f 970/970 969/969 972/972
f 972/972 969/969 973/973
f 972/972 973/973 974/974
f 975/975 976/976 977/977
f 976/976 975/975 978/978
f 978/978 975/975 979/979
f 978/978 979/979 980/980
f 981/981 982/982 983/983
f 982/982 981/981 984/984
f 985/985 986/986 987/987
f 986/986 985/985 988/988
f 989/989 990/990 991/991
f 990/990 989/989 992/992
f 993/993 994/994 995/995
f 994/994 993/993 996/996
f 997/997 998/998 999/999
f 998/998 997/997 1000/1000
f 1001/1001 1002/1002 1003/1003
f 1002/1002 1001/1001 1004/1004
f 1005/1005 1006/1006 1007/1007
f 1006/1006 1005/1005 1008/1008
f 1008/1008 1005/1005 1009/1009
f 1008/1008 1009/1009 1010/1010
f 1011/1011 1012/1012 1013/1013
f 1012/1012 1011/1011 1014/1014
f 1014/1014 1011/1011 1015/1015
f 1014/1014 1015/1015 1016/1016
f 1017/1017 1018/1018 1019/1019
f 1018/1018 1017/1017 1020/1020
f 1021/1021 1022/1022 1023/1023
f 1022/1022 1021/1021 1024/1024
f 1025/1025 1026/1026 1027/1027
f 1026/1026 1025/1025 1028/1028
f 1029/1029 1030/1030 1031/1031
f 1030/1030 1029/1029 1032/1032
f 1033/1033 1034/1034 1035/1035
f 1034/1034 1033/1033 1036/1036
f 1037/1037 1038/1038 1039/1039
f 1038/1038 1037/1037 1040/1040
f 1041/1041 1042/1042 1043/1043
f 1042/1042 1041/1041 1044/1044
f 1044/1044 1041/1041 1045/1045
f 1044/1044 1045/1045 1046/1046
f 1047/1047 1048/1048 1049/1049
f 1048/1048 1047/1047 1050/1050
f 1050/1050 1047/1047 1051/1051
f 1050/1050 1051/1051 1052/1052
f 1052/1052 1051/1051 1053/1053
f 1052/1052 1053/1053 1054/1054
f 1054/1054 1053/1053 1055/1055
f 1054/1054 1055/1055 1056/1056
f 1056/1056 1055/1055 1057/1057
f 1056/1056 1057/1057 1058/1058
f 1059/1059 1060/1060 1061/1061
f 1060/1060 1059/1059 1062/1062
f 1062/1062 1059/1059 1063/1063
f 1062/1062 1063/1063 1064/1064
f 1065/1065 1066/1066 1067/1067
f 1066/1066 1065/1065 1068/1068
f 1069/1069 1070/1070 1071/1071
f 1070/1070 1069/1069 1072/1072
f 1073/1073 1074/1074 1075/1075
f 1074/1074 1073/1073 1076/1076
f 1077/1077 1078/1078 1079/1079
f 1078/1078 1077/1077 1080/1080
f 1081/1081 1082/1082 1083/1083
f 1082/1082 1081/1081 1084/1084
f 1085/1085 1086/1086 1087/1087
f 1086/1086 1085/1085 1088/1088
f 1089/1089 1090/1090 1091/1091
f 1090/1090 1089/1089 1092/1092
f 1092/1092 1089/1089 1093/1093
f 1092/1092 1093/1093 1094/1094
f 1095/1095 1096/1096 1097/1097
f 1096/1096 1095/1095 1098/1098
f 1098/1098 1095/1095 1099/1099
f 1098/1098 1099/1099 1100/1100
f 1100/1100 1099/1099 1101/1101
f 1100/1100 1101/1101 1102/1102
f 1102/1102 1101/1101 1103/1103
f 1102/1102 1103/1103 1104/1104
f 1104/1104 1103/1103 1105/1105
f 1104/1104 1105/1105 1106/1106
f 1107/1107 1108/1108 1109/1109
f 1108/1108 1107/1107 1110/1110
f 1110/1110 1107/1107 1111/1111
f 1110/1110 1111/1111 1112/1112
f 1112/1112 1111/1111 1113/1113
f 1112/1112 1113/1113 1114/1114
f 1114/1114 1113/1113 1115/1115
f 1114/1114 1115/1115 1116/1116
f 1116/1116 1115/1115 1117/1117
f 1118/1118 1119/1119 1120/1120
f 1121/1121 1122/1122 1123/1123
f 1122/1122 1121/1121 1124/1124
f 1122/1122 1124/1124 1125/1125
f 1125/1125 1124/1124 1126/1126
f 1127/1127 1128/1128 1129/1129
f 1128/1128 1127/1127 1130/1130
f 1131/1131 1132/1132 1133/1133
f 1132/1132 1131/1131 1134/1134
f 1135/1135 1136/1136 1137/1137
f 1136/1136 1135/1135 1138/1138
f 1139/1139 1140/1140 1141/1141
f 1140/1140 1139/1139 1142/1142
f 1143/1143 1144/1144 1145/1145
f 1144/1144 1143/1143 1146/1146
f 1147/1147 1148/1148 1149/1149
f 1148/1148 1147/1147 1150/1150
f 1151/1151 1152/1152 1153/1153
f 1152/1152 1151/1151 1154/1154
f 1152/1152 1154/1154 1155/1155
f 1155/1155 1154/1154 1156/1156
f 1157/1157 1158/1158 1159/1159
f 1158/1158 1157/1157 1160/1160
f 1160/1160 1157/1157 1161/1161
f 1160/1160 1161/1161 1162/1162
f 1163/1163 1164/1164 1165/1165
f 1164/1164 1163/1163 1166/1166
f 1167/1167 1168/1168 1169/1169
f 1168/1168 1167/1167 1170/1170
f 1171/1171 1172/1172 1173/1173
f 1172/1172 1171/1171 1174/1174
f 1175/1175 1176/1176 1177/1177
f 1176/1176 1175/1175 1178/1178
f 1179/1179 1180/1180 1181/1181
f 1180/1180 1179/1179 1182/1182
f 1183/1183 1184/1184 1185/1185
f 1184/1184 1183/1183 1186/1186
f 1187/1187 1188/1188 1189/1189
f 1188/1188 1187/1187 1190/1190
f 1190/1190 1187/1187 1191/1191
f 1190/1190 1191/1191 1192/1192
f 1193/1193 1194/1194 1195/1195
f 1194/1194 1193/1193 1196/1196
f 1196/1196 1193/1193 1197/1197
f 1196/1196 1197/1197 1198/1198
f 1199/1199 1200/1200 1201/1201
f 1200/1200 1199/1199 1202/1202
f 1203/1203 1204/1204 1205/1205
f 1204/1204 1203/1203 1206/1206
f 1207/1207 1208/1208 1209/1209
f 1208/1208 1207/1207 1210/1210
f 1211/1211 1212/1212 1213/1213
f 1212/1212 1211/1211 1214/1214
f 1215/1215 1216/1216 1217/1217
f 1216/1216 1215/1215 1218/1218
f 1219/1219 1220/1220 1221/1221
f 1220/1220 1219/1219 1222/1222
f 1223/1223 1224/1224 1225/1225
f 1224/1224 1223/1223 1226/1226
f 1226/1226 1223/1223 1227/1227
f 1226/1226 1227/1227 1228/1228
f 1229/1229 1230/1230 1231/1231
f 1230/1230 1229/1229 1232/1232
f 1232/1232 1229/1229 1233/1233
f 1232/1232 1233/1233 1234/1234
f 1234/1234 1233/1233 1235/1235
f 1234/1234 1235/1235 1236/1236
f 1236/1236 1235/1235 1237/1237
f 1236/1236 1237/1237 1238/1238
f 1238/1238 1237/1237 1239/1239
f 1240/1240 1241/1241 1242/1242
f 1243/1243 1244/1244 1245/1245
f 1244/1244 1243/1243 1246/1246
f 1246/1246 1243/1243 1247/1247
f 1246/1246 1247/1247 1248/1248
f 1249/1249 1250/1250 1251/1251
f 1250/1250 1249/1249 1252/1252
f 1253/1253 1254/1254 1255/1255
f 1254/1254 1253/1253 1256/1256
f 1257/1257 1258/1258 1259/1259
f 1258/1258 1257/1257 1260/1260
f 1261/1261 1262/1262 1263/1263
f 1262/1262 1261/1261 1264/1264
f 1265/1265 1266/1266 1267/1267
f 1266/1266 1265/1265 1268/1268
f 1269/1269 1270/1270 1271/1271
f 1270/1270 1269/1269 1272/1272
f 1273/1273 1274/1274 1275/1275
f 1274/1274 1273/1273 1276/1276
f 1276/1276 1273/1273 1277/1277
f 1276/1276 1277/1277 1278/1278
f 1279/1279 1280/1280 1281/1281
f 1280/1280 1279/1279 1282/1282
f 1280/1280 1282/1282 1283/1283
f 1283/1283 1282/1282 1284/1284
f 1285/1285 1286/1286 1287/1287
f 1286/1286 1285/1285 1288/1288
f 1289/1289 1290/1290 1291/1291
f 1290/1290 1289/1289 1292/1292
f 1293/1293 1294/1294 1295/1295
f 1294/1294 1293/1293 1296/1296
f 1297/1297 1298/1298 1299/1299
f 1298/1298 1297/1297 1300/1300
f 1301/1301 1302/1302 1303/1303
f 1302/1302 1301/1301 1304/1304
f 1305/1305 1306/1306 1307/1307
f 1306/1306 1305/1305 1308/1308
f 1309/1309 1310/1310 1311/1311
f 1310/1310 1309/1309 1312/1312
f 1310/1310 1312/1312 1313/1313
f 1313/1313 1312/1312 1314/1314
f 1315/1315 1316/1316 1317/1317
f 1316/1316 1315/1315 1318/1318
f 1318/1318 1315/1315 1319/1319
f 1318/1318 1319/1319 1320/1320
f 1321/1321 1322/1322 1323/1323
f 1322/1322 1321/1321 1324/1324
f 1325/1325 1326/1326 1327/1327
f 1326/1326 1325/1325 1328/1328
f 1329/1329 1330/1330 1331/1331
f 1330/1330 1329/1329 1332/1332
f 1333/1333 1334/1334 1335/1335
f 1334/1334 1333/1333 1336/1336
f 1337/1337 1338/1338 1339/1339
f 1338/1338 1337/1337 1340/1340
f 1341/1341 1342/1342 1343/1343
f 1342/1342 1341/1341 1344/1344
f 1345/1345 1346/1346 1347/1347
f 1346/1346 1345/1345 1348/1348
f 1348/1348 1345/1345 1349/1349
f 1348/1348 1349/1349 1350/1350
f 1351/1351 1352/1352 1353/1353
f 1352/1352 1351/1351 1354/1354
f 1352/1352 1354/1354 1355/1355
f 1355/1355 1354/1354 1356/1356
f 1357/1357 1358/1358 1359/1359
f 1358/1358 1357/1357 1360/1360
f 1361/1361 1362/1362 1363/1363
f 1362/1362 1361/1361 1364/1364
f 1365/1365 1366/1366 1367/1367
f 1366/1366 1365/1365 1368/1368
f 1369/1369 1370/1370 1371/1371
f 1370/1370 1369/1369 1372/1372
f 1373/1373 1374/1374 1375/1375
f 1374/1374 1373/1373 1376/1376
f 1377/1377 1378/1378 1379/1379
f 1378/1378 1377/1377 1380/1380
f 1381/1381 1382/1382 1383/1383
f 1382/1382 1381/1381 1384/1384
f 1382/1382 1384/1384 1385/1385
f 1385/1385 1384/1384 1386/1386
f 1387/1387 1388/1388 1389/1389
f 1388/1388 1387/1387 1390/1390
f 1390/1390 1387/1387 1391/1391
f 1390/1390 1391/1391 1392/1392
f 1393/1393 1394/1394 1395/1395
f 1394/1394 1393/1393 1396/1396
f 1397/1397 1398/1398 1399/1399
f 1398/1398 1397/1397 1400/1400
f 1401/1401 1402/1402 1403/1403
f 1402/1402 1401/1401 1404/1404
f 1405/1405 1406/1406 1407/1407
f 1406/1406 1405/1405 1408/1408
f 1409/1409 1410/1410 1411/1411
f 1410/1410 1409/1409 1412/1412
f 1413/1413 1414/1414 1415/1415
f 1414/1414 1413/1413 1416/1416
f 1417/1417 1418/1418 1419/1419
f 1418/1418 1417/1417 1420/1420
f 1420/1420 1417/1417 1421/1421
f 1420/1420 1421/1421 1422/1422
f 1423/1423 1424/1424 1425/1425
f 1424/1424 1423/1423 1426/1426
f 1424/1424 1426/1426 1427/1427
f 1427/1427 1426/1426 1428/1428
f 1429/1429 1430/1430 1431/1431
f 1430/1430 1429/1429 1432/1432
f 1433/1433 1434/1434 1435/1435
f 1434/1434 1433/1433 1436/1436
f 1437/1437 1438/1438 1439/1439
f 1438/1438 1437/1437 1440/1440
f 1441/1441 1442/1442 1443/1443
f 1442/1442 1441/1441 1444/1444
f 1445/1445 1446/1446 1447/1447
f 1446/1446 1445/1445 1448/1448
f 1449/1449 1450/1450 1451/1451
f 1450/1450 1449/1449 1452/1452
f 1453/1453 1454/1454 1455/1455
f 1454/1454 1453/1453 1456/1456
f 1454/1454 1456/1456 1457/1457
f 1457/1457 1456/1456 1458/1458
f 1459/1459 1460/1460 1461/1461
f 1460/1460 1459/1459 1462/1462
f 1462/1462 1459/1459 1463/1463
f 1462/1462 1463/1463 1464/1464
f 1465/1465 1466/1466 1467/1467
f 1466/1466 1465/1465 1468/1468
f 1469/1469 1470/1470 1471/1471
f 1470/1470 1469/1469 1472/1472
f 1473/1473 1474/1474 1475/1475
f 1474/1474 1473/1473 1476/1476
f 1477/1477 1478/1478 1479/1479
f 1478/1478 1477/1477 1480/1480
f 1481/1481 1482/1482 1483/1483
f 1482/1482 1481/1481 1484/1484
f 1485/1485 1486/1486 1487/1487
f 1486/1486 1485/1485 1488/1488
f 1489/1489 1490/1490 1491/1491
f 1490/1490 1489/1489 1492/1492
f 1492/1492 1489/1489 1493/1493
f 1492/1492 1493/1493 1494/1494
f 1495/1495 1496/1496 1497/1497
f 1496/1496 1495/1495 1498/1498
f 1498/1498 1495/1495 1499/1499
f 1498/1498 1499/1499 1500/1500
f 1500/1500 1499/1499 1501/1501
f 1500/1500 1501/1501 1502/1502
f 1502/1502 1501/1501 1503/1503
f 1502/1502 1503/1503 1504/1504
f 1504/1504 1503/1503 1505/1505
f 1504/1504 1505/1505 1506/1506
f 1507/1507 1508/1508 1509/1509
f 1508/1508 1507/1507 1510/1510
f 1510/1510 1507/1507 1511/1511
f 1510/1510 1511/1511 1512/1512
f 1513/1513 1514/1514 1515/1515
f 1514/1514 1513/1513 1516/1516
f 1517/1517 1518/1518 1519/1519
f 1518/1518 1517/1517 1520/1520
f 1521/1521 1522/1522 1523/1523
f 1522/1522 1521/1521 1524/1524
f 1525/1525 1526/1526 1527/1527
f 1526/1526 1525/1525 1528/1528
f 1529/1529 1530/1530 1531/1531
f 1530/1530 1529/1529 1532/1532
f 1533/1533 1534/1534 1535/1535
f 1534/1534 1533/1533 1536/1536
f 1537/1537 1538/1538 1539/1539
f 1538/1538 1537/1537 1540/1540
f 1540/1540 1537/1537 1541/1541
f 1540/1540 1541/1541 1542/1542
f 1543/1543 1544/1544 1545/1545
f 1544/1544 1543/1543 1546/1546
f 1546/1546 1543/1543 1547/1547
f 1546/1546 1547/1547 1548/1548
f 1549/1549 1550/1550 1551/1551
f 1550/1550 1549/1549 1552/1552
f 1553/1553 1554/1554 1555/1555
f 1554/1554 1553/1553 1556/1556
f 1557/1557 1558/1558 1559/1559
f 1558/1558 1557/1557 1560/1560
f 1561/1561 1562/1562 1563/1563
f 1562/1562 1561/1561 1564/1564
f 1565/1565 1566/1566 1567/1567
f 1566/1566 1565/1565 1568/1568
f 1569/1569 1570/1570 1571/1571
f 1570/1570 1569/1569 1572/1572
f 1573/1573 1574/1574 1575/1575
f 1574/1574 1573/1573 1576/1576
f 1576/1576 1573/1573 1577/1577
f 1576/1576 1577/1577 1578/1578
f 1579/1579 1580/1580 1581/1581
f 1580/1580 1579/1579 1582/1582
f 1582/1582 1579/1579 1583/1583
f 1582/1582 1583/1583 1584/1584
f 1585/1585 1586/1586 1587/1587
f 1586/1586 1585/1585 1588/1588
f 1589/1589 1590/1590 1591/1591
f 1590/1590 1589/1589 1592/1592
f 1593/1593 1594/1594 1595/1595
f 1594/1594 1593/1593 1596/1596
f 1597/1597 1598/1598 1599/1599
f 1598/1598 1597/1597 1600/1600
f 1601/1601 1602/1602 1603/1603
f 1602/1602 1601/1601 1604/1604
f 1605/1605 1606/1606 1607/1607
f 1606/1606 1605/1605 1608/1608
f 1609/1609 1610/1610 1611/1611
f 1610/1610 1609/1609 1612/1612
f 1612/1612 1609/1609 1613/1613
f 1612/1612 1613/1613 1614/1614
f 1615/1615 1616/1616 1617/1617
f 1616/1616 1615/1615 1618/1618
f 1616/1616 1618/1618 1619/1619
f 1619/1619 1618/1618 1620/1620
f 1621/1621 1622/1622 1623/1623
f 1622/1622 1621/1621 1624/1624
f 1625/1625 1626/1626 1627/1627
f 1626/1626 1625/1625 1628/1628
f 1629/1629 1630/1630 1631/1631
f 1630/1630 1629/1629 1632/1632
f 1633/1633 1634/1634 1635/1635
f 1634/1634 1633/1633 1636/1636
f 1637/1637 1638/1638 1639/1639
f 1638/1638 1637/1637 1640/1640
f 1641/1641 1642/1642 1643/1643
f 1642/1642 1641/1641 1644/1644
f 1645/1645 1646/1646 1647/1647
f 1646/1646 1645/1645 1648/1648
f 1646/1646 1648/1648 1649/1649
f 1649/1649 1648/1648 1650/1650
f 1651/1651 1652/1652 1653/1653
f 1652/1652 1651/1651 1654/1654
f 1652/1652 1654/1654 1655/1655
f 1655/1655 1654/1654 1656/1656
f 1657/1657 1658/1658 1659/1659
f 1658/1658 1657/1657 1660/1660
f 1661/1661 1662/1662 1663/1663
f 1662/1662 1661/1661 1664/1664
f 1665/1665 1666/1666 1667/1667
f 1666/1666 1665/1665 1668/1668
f 1669/1669 1670/1670 1671/1671
f 1670/1670 1669/1669 1672/1672
f 1673/1673 1674/1674 1675/1675
f 1674/1674 1673/1673 1676/1676
f 1677/1677 1678/1678 1679/1679
f 1678/1678 1677/1677 1680/1680
f 1681/1681 1682/1682 1683/1683
f 1682/1682 1681/1681 1684/1684
f 1682/1682 1684/1684 1685/1685
f 1685/1685 1684/1684 1686/1686
f 1687/1687 1688/1688 1689/1689
f 1688/1688 1687/1687 1690/1690
f 1690/1690 1687/1687 1691/1691
f 1690/1690 1691/1691 1692/1692
f 1693/1693 1694/1694 1695/1695
f 1694/1694 1693/1693 1696/1696
f 1697/1697 1698/1698 1699/1699
f 1698/1698 1697/1697 1700/1700
f 1701/1701 1702/1702 1703/1703
f 1702/1702 1701/1701 1704/1704
f 1705/1705 1706/1706 1707/1707
f 1706/1706 1705/1705 1708/1708
f 1709/1709 1710/1710 1711/1711
f 1710/1710 1709/1709 1712/1712
f 1713/1713 1714/1714 1715/1715
f 1714/1714 1713/1713 1716/1716
f 1717/1717 1718/1718 1719/1719
f 1718/1718 1717/1717 1720/1720
f 1720/1720 1717/1717 1721/1721
f 1720/1720 1721/1721 1722/1722
f 1723/1723 1724/1724 1725/1725
f 1724/1724 1723/1723 1726/1726
f 1726/1726 1723/1723 1727/1727
f 1726/1726 1727/1727 1728/1728
f 1729/1729 1730/1730 1731/1731
f 1730/1730 1729/1729 1732/1732
f 1733/1733 1734/1734 1735/1735
f 1734/1734 1733/1733 1736/1736
f 1737/1737 1738/1738 1739/1739
f 1738/1738 1737/1737 1740/1740
f 1741/1741 1742/1742 1743/1743
f 1742/1742 1741/1741 1744/1744
f 1745/1745 1746/1746 1747/1747
f 1746/1746 1745/1745 1748/1748
f 1749/1749 1750/1750 1751/1751
f 1750/1750 1749/1749 1752/1752
f 1753/1753 1754/1754 1755/1755
f 1754/1754 1753/1753 1756/1756
f 1756/1756 1753/1753 1757/1757
f 1756/1756 1757/1757 1758/1758
f 1759/1759 1760/1760 1761/1761
f 1760/1760 1759/1759 1762/1762
f 1760/1760 1762/1762 1763/1763
f 1763/1763 1762/1762 1764/1764
f 1765/1765 1766/1766 1767/1767
f 1766/1766 1765/1765 1768/1768
f 1769/1769 1770/1770 1771/1771
f 1770/1770 1769/1769 1772/1772
f 1773/1773 1774/1774 1775/1775
f 1774/1774 1773/1773 1776/1776
f 1777/1777 1778/1778 1779/1779
f 1778/1778 1777/1777 1780/1780
f 1781/1781 1782/1782 1783/1783
f 1782/1782 1781/1781 1784/1784
f 1785/1785 1786/1786 1787/1787
f 1786/1786 1785/1785 1788/1788
f 1789/1789 1790/1790 1791/1791
f 1790/1790 1789/1789 1792/1792
f 1790/1790 1792/1792 1793/1793
f 1793/1793 1792/1792 1794/1794
f 1795/1795 1796/1796 1797/1797
f 1796/1796 1795/1795 1798/1798
f 1798/1798 1795/1795 1799/1799
f 1798/1798 1799/1799 1800/1800
f 1801/1801 1802/1802 1803/1803
f 1802/1802 1801/1801 1804/1804
f 1805/1805 1806/1806 1807/1807
f 1806/1806 1805/1805 1808/1808
f 1809/1809 1810/1810 1811/1811
f 1810/1810 1809/1809 1812/1812
f 1813/1813 1814/1814 1815/1815
f 1814/1814 1813/1813 1816/1816
f 1817/1817 1818/1818 1819/1819
f 1818/1818 1817/1817 1820/1820
f 1821/1821 1822/1822 1823/1823
f 1822/1822 1821/1821 1824/1824
f 1825/1825 1826/1826 1827/1827
f 1826/1826 1825/1825 1828/1828
f 1828/1828 1825/1825 1829/1829
f 1828/1828 1829/1829 1830/1830
f 1831/1831 1832/1832 1833/1833
f 1832/1832 1831/1831 1834/1834
f 1834/1834 1831/1831 1835/1835
f 1834/1834 1835/1835 1836/1836
f 1837/1837 1838/1838 1839/1839
f 1838/1838 1837/1837 1840/1840
f 1841/1841 1842/1842 1843/1843
f 1842/1842 1841/1841 1844/1844
f 1845/1845 1846/1846 1847/1847
f 1846/1846 1845/1845 1848/1848
f 1849/1849 1850/1850 1851/1851
f 1850/1850 1849/1849 1852/1852
f 1853/1853 1854/1854 1855/1855
f 1854/1854 1853/1853 1856/1856
f 1857/1857 1858/1858 1859/1859
f 1858/1858 1857/1857 1860/1860
f 1861/1861 1862/1862 1863/1863
f 1862/1862 1861/1861 1864/1864
f 1864/1864 1861/1861 1865/1865
f 1864/1864 1865/1865 1866/1866
f 1867/1867 1868/1868 1869/1869
f 1868/1868 1867/1867 1870/1870
f 1870/1870 1867/1867 1871/1871
f 1870/1870 1871/1871 1872/1872
f 1873/1873 1874/1874 1875/1875
f 1874/1874 1873/1873 1876/1876
f 1877/1877 1878/1878 1879/1879
f 1878/1878 1877/1877 1880/1880
f 1881/1881 1882/1882 1883/1883
f 1882/1882 1881/1881 1884/1884
f 1885/1885 1886/1886 1887/1887
f 1886/1886 1885/1885 1888/1888
f 1889/1889 1890/1890 1891/1891
f 1890/1890 1889/1889 1892/1892
f 1893/1893 1894/1894 1895/1895
f 1894/1894 1893/1893 1896/1896
f 1897/1897 1898/1898 1899/1899
f 1898/1898 1897/1897 1900/1900
f 1900/1900 1897/1897 1901/1901
f 1900/1900 1901/1901 1902/1902
f 1903/1903 1904/1904 1905/1905
f 1904/1904 1903/1903 1906/1906
f 1904/1904 1906/1906 1907/1907
f 1907/1907 1906/1906 1908/1908
f 1909/1909 1910/1910 1911/1911
f 1910/1910 1909/1909 1912/1912
f 1913/1913 1914/1914 1915/1915
f 1914/1914 1913/1913 1916/1916
f 1917/1917 1918/1918 1919/1919
f 1918/1918 1917/1917 1920/1920
f 1921/1921 1922/1922 1923/1923
f 1922/1922 1921/1921 1924/1924
f 1925/1925 1926/1926 1927/1927
f 1926/1926 1925/1925 1928/1928
f 1929/1929 1930/1930 1931/1931
f 1930/1930 1929/1929 1932/1932
f 1933/1933 1934/1934 1935/1935
f 1934/1934 1933/1933 1936/1936
f 1934/1934 1936/1936 1937/1937
f 1937/1937 1936/1936 1938/1938
f 1939/1939 1940/1940 1941/1941
f 1940/1940 1939/1939 1942/1942
f 1942/1942 1939/1939 1943/1943
f 1942/1942 1943/1943 1944/1944
f 1945/1945 1946/1946 1947/1947
f 1946/1946 1945/1945 1948/1948
f 1949/1949 1950/1950 1951/1951
f 1950/1950 1949/1949 1952/1952
f 1953/1953 1954/1954 1955/1955
f 1954/1954 1953/1953 1956/1956
f 1957/1957 1958/1958 1959/1959
f 1958/1958 1957/1957 1960/1960
f 1961/1961 1962/1962 1963/1963
f 1962/1962 1961/1961 1964/1964
f 1965/1965 1966/1966 1967/1967
f 1966/1966 1965/1965 1968/1968
f 1969/1969 1970/1970 1971/1971
f 1970/1970 1969/1969 1972/1972
f 1972/1972 1969/1969 1973/1973
f 1972/1972 1973/1973 1974/1974
f 1975/1975 1976/1976 1977/1977
f 1976/1976 1975/1975 1978/1978
f 1976/1976 1978/1978 1979/1979
f 1979/1979 1978/1978 1980/1980
f 1981/1981 1982/1982 1983/1983
f 1982/1982 1981/1981 1984/1984
f 1985/1985 1986/1986 1987/1987
f 1986/1986 1985/1985 1988/1988
f 1989/1989 1990/1990 1991/1991
f 1990/1990 1989/1989 1992/1992
f 1993/1993 1994/1994 1995/1995
f 1994/1994 1993/1993 1996/1996
f 1997/1997 1998/1998 1999/1999
f 1998/1998 1997/1997 2000/2000
f 2001/2001 2002/2002 2003/2003
f 2002/2002 2001/2001 2004/2004
f 2005/2005 2006/2006 2007/2007
f 2006/2006 2005/2005 2008/2008
f 2006/2006 2008/2008 2009/2009
f 2009/2009 2008/2008 2010/2010
f 2011/2011 2012/2012 2013/2013
f 2012/2012 2011/2011 2014/2014
f 2012/2012 2014/2014 2015/2015
f 2015/2015 2014/2014 2016/2016
f 2017/2017 2018/2018 2019/2019
f 2018/2018 2017/2017 2020/2020
f 2021/2021 2022/2022 2023/2023
f 2022/2022 2021/2021 2024/2024
f 2025/2025 2026/2026 2027/2027
f 2026/2026 2025/2025 2028/2028
f 2029/2029 2030/2030 2031/2031
f 2030/2030 2029/2029 2032/2032
f 2033/2033 2034/2034 2035/2035
f 2034/2034 2033/2033 2036/2036
f 2037/2037 2038/2038 2039/2039
f 2038/2038 2037/2037 2040/2040
f 2041/2041 2042/2042 2043/2043
f 2042/2042 2041/2041 2044/2044
f 2042/2042 2044/2044 2045/2045
f 2045/2045 2044/2044 2046/2046
f 2047/2047 2048/2048 2049/2049
f 2048/2048 2047/2047 2050/2050
f 2050/2050 2047/2047 2051/2051
f 2050/2050 2051/2051 2052/2052
f 2052/2052 2051/2051 2053/2053
f 2052/2052 2053/2053 2054/2054
f 2054/2054 2053/2053 2055/2055
f 2054/2054 2055/2055 2056/2056
f 2056/2056 2055/2055 2057/2057
f 2056/2056 2057/2057 2058/2058
f 2059/2059 2060/2060 2061/2061
f 2060/2060 2059/2059 2062/2062
f 2062/2062 2059/2059 2063/2063
f 2062/2062 2063/2063 2064/2064
f 2065/2065 2066/2066 2067/2067
f 2066/2066 2065/2065 2068/2068
f 2069/2069 2070/2070 2071/2071
f 2070/2070 2069/2069 2072/2072
f 2073/2073 2074/2074 2075/2075
f 2074/2074 2073/2073 2076/2076
f 2077/2077 2078/2078 2079/2079
f 2078/2078 2077/2077 2080/2080
f 2081/2081 2082/2082 2083/2083
f 2082/2082 2081/2081 2084/2084
f 2085/2085 2086/2086 2087/2087
f 2086/2086 2085/2085 2088/2088
f 2089/2089 2090/2090 2091/2091
f 2090/2090 2089/2089 2092/2092
f 2092/2092 2089/2089 2093/2093
f 2092/2092 2093/2093 2094/2094
f 2095/2095 2096/2096 2097/2097
f 2096/2096 2095/2095 2098/2098
f 2096/2096 2098/2098 2099/2099
f 2099/2099 2098/2098 2100/2100
f 2101/2101 2102/2102 2103/2103
f 2102/2102 2101/2101 2104/2104
f 2105/2105 2106/2106 2107/2107
f 2106/2106 2105/2105 2108/2108
f 2109/2109 2110/2110 2111/2111
f 2110/2110 2109/2109 2112/2112
f 2113/2113 2114/2114 2115/2115
f 2114/2114 2113/2113 2116/2116
f 2117/2117 2118/2118 2119/2119
f 2118/2118 2117/2117 2120/2120
f 2121/2121 2122/2122 2123/2123
f 2122/2122 2121/2121 2124/2124
f 2125/2125 2126/2126 2127/2127
f 2126/2126 2125/2125 2128/2128
f 2126/2126 2128/2128 2129/2129
f 2129/2129 2128/2128 2130/2130
f 2131/2131 2132/2132 2133/2133
f 2132/2132 2131/2131 2134/2134
f 2134/2134 2131/2131 2135/2135
f 2134/2134 2135/2135 2136/2136
f 2137/2137 2138/2138 2139/2139
f 2138/2138 2137/2137 2140/2140
f 2141/2141 2142/2142 2143/2143
f 2142/2142 2141/2141 2144/2144
f 2145/2145 2146/2146 2147/2147
f 2146/2146 2145/2145 2148/2148
f 2149/2149 2150/2150 2151/2151
f 2150/2150 2149/2149 2152/2152
f 2153/2153 2154/2154 2155/2155
f 2154/2154 2153/2153 2156/2156
f 2157/2157 2158/2158 2159/2159
f 2158/2158 2157/2157 2160/2160
f 2161/2161 2162/2162 2163/2163
f 2162/2162 2161/2161 2164/2164
f 2164/2164 2161/2161 2165/2165
f 2164/2164 2165/2165 2166/2166
f 2167/2167 2168/2168 2169/2169
f 2168/2168 2167/2167 2170/2170
f 2168/2168 2170/2170 2171/2171
f 2171/2171 2170/2170 2172/2172
f 2173/2173 2174/2174 2175/2175
f 2174/2174 2173/2173 2176/2176
f 2177/2177 2178/2178 2179/2179
f 2178/2178 2177/2177 2180/2180
f 2181/2181 2182/2182 2183/2183
f 2182/2182 2181/2181 2184/2184
f 2185/2185 2186/2186 2187/2187
f 2186/2186 2185/2185 2188/2188
f 2189/2189 2190/2190 2191/2191
f 2190/2190 2189/2189 2192/2192
f 2193/2193 2194/2194 2195/2195
f 2194/2194 2193/2193 2196/2196
f 2197/2197 2198/2198 2199/2199
f 2198/2198 2197/2197 2200/2200
f 2198/2198 2200/2200 2201/2201
f 2201/2201 2200/2200 2202/2202
f 2203/2203 2204/2204 2205/2205
f 2204/2204 2203/2203 2206/2206
f 2206/2206 2203/2203 2207/2207
f 2206/2206 2207/2207 2208/2208
f 2208/2208 2207/2207 2209/2209
f 2208/2208 2209/2209 2210/2210
f 2210/2210 2209/2209 2211/2211
f 2210/2210 2211/2211 2212/2212
f 2212/2212 2211/2211 2213/2213
f 2212/2212 2213/2213 2214/2214
f 2215/2215 2216/2216 2217/2217
f 2216/2216 2215/2215 2218/2218
f 2218/2218 2215/2215 2219/2219
f 2218/2218 2219/2219 2220/2220
f 2221/2221 2222/2222 2223/2223
f 2222/2222 2221/2221 2224/2224
f 2225/2225 2226/2226 2227/2227
f 2226/2226 2225/2225 2228/2228
f 2229/2229 2230/2230 2231/2231
f 2230/2230 2229/2229 2232/2232
f 2233/2233 2234/2234 2235/2235
f 2234/2234 2233/2233 2236/2236
f 2237/2237 2238/2238 2239/2239
f 2238/2238 2237/2237 2240/2240
f 2241/2241 2242/2242 2243/2243
f 2242/2242 2241/2241 2244/2244
f 2245/2245 2246/2246 2247/2247
f 2246/2246 2245/2245 2248/2248
f 2248/2248 2245/2245 2249/2249
f 2248/2248 2249/2249 2250/2250
f 2251/2251 2252/2252 2253/2253
f 2252/2252 2251/2251 2254/2254
f 2254/2254 2251/2251 2255/2255
f 2254/2254 2255/2255 2256/2256
f 2257/2257 2258/2258 2259/2259
f 2258/2258 2257/2257 2260/2260
f 2261/2261 2262/2262 2263/2263
f 2262/2262 2261/2261 2264/2264
f 2265/2265 2266/2266 2267/2267
f 2266/2266 2265/2265 2268/2268
f 2269/2269 2270/2270 2271/2271
f 2270/2270 2269/2269 2272/2272
f 2273/2273 2274/2274 2275/2275
f 2274/2274 2273/2273 2276/2276
f 2277/2277 2278/2278 2279/2279
f 2278/2278 2277/2277 2280/2280
f 2281/2281 2282/2282 2283/2283
f 2282/2282 2281/2281 2284/2284
f 2284/2284 2281/2281 2285/2285
f 2284/2284 2285/2285 2286/2286
f 2287/2287 2288/2288 2289/2289
f 2288/2288 2287/2287 2290/2290
f 2290/2290 2287/2287 2291/2291
f 2290/2290 2291/2291 2292/2292
f 2292/2292 2291/2291 2293/2293
f 2292/2292 2293/2293 2294/2294
f 2294/2294 2293/2293 2295/2295
f 2294/2294 2295/2295 2296/2296
f 2296/2296 2295/2295 2297/2297
f 2296/2296 2297/2297 2298/2298
f 2299/2299 2300/2300 2301/2301
f 2300/2300 2299/2299 2302/2302
f 2302/2302 2299/2299 2303/2303
f 2302/2302 2303/2303 2304/2304
f 2304/2304 2303/2303 2305/2305
f 2304/2304 2305/2305 2306/2306
f 2306/2306 2305/2305 2307/2307
f 2306/2306 2307/2307 2308/2308
f 2308/2308 2307/2307 2309/2309
f 2308/2308 2309/2309 2310/2310
f 2311/2311 2312/2312 2313/2313
f 2312/2312 2311/2311 2314/2314
f 2314/2314 2311/2311 2315/2315
f 2314/2314 2315/2315 2316/2316
f 2316/2316 2315/2315 2317/2317
f 2316/2316 2317/2317 2318/2318
f 2318/2318 2317/2317 2319/2319
f 2318/2318 2319/2319 2320/2320
f 2320/2320 2319/2319 2321/2321
f 2320/2320 2321/2321 2322/2322
f 2323/2323 2324/2324 2325/2325
f 2324/2324 2323/2323 2326/2326
f 2324/2324 2326/2326 2327/2327
f 2327/2327 2326/2326 2328/2328
f 2329/2329 2330/2330 2331/2331
f 2330/2330 2329/2329 2332/2332
f 2333/2333 2334/2334 2335/2335
f 2334/2334 2333/2333 2336/2336
f 2337/2337 2338/2338 2339/2339
f 2338/2338 2337/2337 2340/2340
f 2341/2341 2342/2342 2343/2343
f 2342/2342 2341/2341 2344/2344
f 2345/2345 2346/2346 2347/2347
f 2346/2346 2345/2345 2348/2348
f 2349/2349 2350/2350 2351/2351
f 2350/2350 2349/2349 2352/2352
f 2353/2353 2354/2354 2355/2355
f 2354/2354 2353/2353 2356/2356
f 2354/2354 2356/2356 2357/2357
f 2357/2357 2356/2356 2358/2358
f 2359/2359 2360/2360 2361/2361
f 2360/2360 2359/2359 2362/2362
f 2360/2360 2362/2362 2363/2363
f 2363/2363 2362/2362 2364/2364
f 2365/2365 2366/2366 2367/2367
f 2366/2366 2365/2365 2368/2368
f 2369/2369 2370/2370 2371/2371
f 2370/2370 2369/2369 2372/2372
f 2373/2373 2374/2374 2375/2375
f 2374/2374 2373/2373 2376/2376
f 2377/2377 2378/2378 2379/2379
f 2378/2378 2377/2377 2380/2380
f 2381/2381 2382/2382 2383/2383
f 2382/2382 2381/2381 2384/2384
f 2385/2385 2386/2386 2387/2387
f 2386/2386 2385/2385 2388/2388
f 2389/2389 2390/2390 2391/2391
f 2390/2390 2389/2389 2392/2392
f 2390/2390 2392/2392 2393/2393
f 2393/2393 2392/2392 2394/2394
f 2395/2395 2396/2396 2397/2397
f 2396/2396 2395/2395 2398/2398
f 2398/2398 2395/2395 2399/2399
f 2398/2398 2399/2399 2400/2400
f 2401/2401 2402/2402 2403/2403
f 2402/2402 2401/2401 2404/2404
f 2405/2405 2406/2406 2407/2407
f 2406/2406 2405/2405 2408/2408
f 2409/2409 2410/2410 2411/2411
f 2410/2410 2409/2409 2412/2412
f 2413/2413 2414/2414 2415/2415
f 2414/2414 2413/2413 2416/2416
f 2417/2417 2418/2418 2419/2419
f 2418/2418 2417/2417 2420/2420
f 2421/2421 2422/2422 2423/2423
f 2422/2422 2421/2421 2424/2424
f 2425/2425 2426/2426 2427/2427
f 2426/2426 2425/2425 2428/2428
f 2428/2428 2425/2425 2429/2429
f 2428/2428 2429/2429 2430/2430
f 2431/2431 2432/2432 2433/2433
f 2432/2432 2431/2431 2434/2434
f 2432/2432 2434/2434 2435/2435
f 2435/2435 2434/2434 2436/2436
f 2437/2437 2438/2438 2439/2439
f 2438/2438 2437/2437 2440/2440
f 2441/2441 2442/2442 2443/2443
f 2442/2442 2441/2441 2444/2444
f 2445/2445 2446/2446 2447/2447
f 2446/2446 2445/2445 2448/2448
f 2449/2449 2450/2450 2451/2451
f 2450/2450 2449/2449 2452/2452
f 2453/2453 2454/2454 2455/2455
f 2454/2454 2453/2453 2456/2456
f 2457/2457 2458/2458 2459/2459
f 2458/2458 2457/2457 2460/2460
f 2461/2461 2462/2462 2463/2463
f 2462/2462 2461/2461 2464/2464
f 2462/2462 2464/2464 2465/2465
f 2465/2465 2464/2464 2466/2466
f 2467/2467 2468/2468 2469/2469
f 2468/2468 2467/2467 2470/2470
f 2470/2470 2467/2467 2471/2471
f 2470/2470 2471/2471 2472/2472
f 2472/2472 2471/2471 2473/2473
f 2472/2472 2473/2473 2474/2474
f 2474/2474 2473/2473 2475/2475
f 2474/2474 2475/2475 2476/2476
f 2476/2476 2475/2475 2477/2477
f 2478/2478 2479/2479 2480/2480
f 2481/2481 2482/2482 2483/2483
f 2482/2482 2481/2481 2484/2484
f 2484/2484 2481/2481 2485/2485
f 2484/2484 2485/2485 2486/2486
f 2486/2486 2485/2485 2487/2487
f 2486/2486 2487/2487 2488/2488
f 2488/2488 2487/2487 2489/2489
f 2488/2488 2489/2489 2490/2490
f 2490/2490 2489/2489 2491/2491
f 2490/2490 2491/2491 2492/2492
f 2493/2493 2494/2494 2495/2495
f 2494/2494 2493/2493 2496/2496
f 2494/2494 2496/2496 2497/2497
f 2497/2497 2496/2496 2498/2498
f 2499/2499 2500/2500 2501/2501
f 2500/2500 2499/2499 2502/2502
f 2503/2503 2504/2504 2505/2505
f 2504/2504 2503/2503 2506/2506
f 2507/2507 2508/2508 2509/2509
f 2508/2508 2507/2507 2510/2510
f 2511/2511 2512/2512 2513/2513
f 2512/2512 2511/2511 2514/2514
f 2515/2515 2516/2516 2517/2517
f 2516/2516 2515/2515 2518/2518
f 2519/2519 2520/2520 2521/2521
f 2520/2520 2519/2519 2522/2522
f 2523/2523 2524/2524 2525/2525
f 2524/2524 2523/2523 2526/2526
f 2524/2524 2526/2526 2527/2527
f 2527/2527 2526/2526 2528/2528
f 2529/2529 2530/2530 2531/2531
f 2530/2530 2529/2529 2532/2532
f 2532/2532 2529/2529 2533/2533
f 2532/2532 2533/2533 2534/2534
f 2535/2535 2536/2536 2537/2537
f 2536/2536 2535/2535 2538/2538
f 2539/2539 2540/2540 2541/2541
f 2540/2540 2539/2539 2542/2542
f 2543/2543 2544/2544 2545/2545
f 2544/2544 2543/2543 2546/2546
f 2547/2547 2548/2548 2549/2549
f 2548/2548 2547/2547 2550/2550
f 2551/2551 2552/2552 2553/2553
f 2552/2552 2551/2551 2554/2554
f 2555/2555 2556/2556 2557/2557
f 2556/2556 2555/2555 2558/2558
f 2559/2559 2560/2560 2561/2561
f 2560/2560 2559/2559 2562/2562
f 2562/2562 2559/2559 2563/2563
f 2562/2562 2563/2563 2564/2564
f 2565/2565 2566/2566 2567/2567
f 2566/2566 2565/2565 2568/2568
f 2568/2568 2565/2565 2569/2569
f 2568/2568 2569/2569 2570/2570
f 2571/2571 2572/2572 2573/2573
f 2572/2572 2571/2571 2574/2574
f 2575/2575 2576/2576 2577/2577
f 2576/2576 2575/2575 2578/2578
f 2579/2579 2580/2580 2581/2581
f 2580/2580 2579/2579 2582/2582
f 2583/2583 2584/2584 2585/2585
f 2584/2584 2583/2583 2586/2586
f 2587/2587 2588/2588 2589/2589
f 2588/2588 2587/2587 2590/2590
f 2591/2591 2592/2592 2593/2593
f 2592/2592 2591/2591 2594/2594
f 2595/2595 2596/2596 2597/2597
f 2596/2596 2595/2595 2598/2598
f 2598/2598 2595/2595 2599/2599
f 2598/2598 2599/2599 2600/2600
f 2601/2601 2602/2602 2603/2603
f 2602/2602 2601/2601 2604/2604
f 2604/2604 2601/2601 2605/2605
f 2604/2604 2605/2605 2606/2606
f 2606/2606 2605/2605 2607/2607
f 2606/2606 2607/2607 2608/2608
f 2608/2608 2607/2607 2609/2609
f 2608/2608 2609/2609 2610/2610
f 2610/2610 2609/2609 2611/2611
f 2610/2610 2611/2611 2612/2612
f 2613/2613 2614/2614 2615/2615
f 2614/2614 2613/2613 2616/2616
f 2616/2616 2613/2613 2617/2617
f 2616/2616 2617/2617 2618/2618
f 2619/2619 2620/2620 2621/2621
f 2620/2620 2619/2619 2622/2622
f 2623/2623 2624/2624 2625/2625
f 2624/2624 2623/2623 2626/2626
f 2627/2627 2628/2628 2629/2629
f 2628/2628 2627/2627 2630/2630
f 2631/2631 2632/2632 2633/2633
f 2632/2632 2631/2631 2634/2634
f 2635/2635 2636/2636 2637/2637
f 2636/2636 2635/2635 2638/2638
f 2639/2639 2640/2640 2641/2641
f 2640/2640 2639/2639 2642/2642
f 2643/2643 2644/2644 2645/2645
f 2644/2644 2643/2643 2646/2646
f 2646/2646 2643/2643 2647/2647
f 2646/2646 2647/2647 2648/2648
f 2649/2649 2650/2650 2651/2651
f 2650/2650 2649/2649 2652/2652
f 2652/2652 2649/2649 2653/2653
f 2652/2652 2653/2653 2654/2654
f 2655/2655 2656/2656 2657/2657
f 2656/2656 2655/2655 2658/2658
f 2659/2659 2660/2660 2661/2661
f 2660/2660 2659/2659 2662/2662
f 2663/2663 2664/2664 2665/2665
f 2664/2664 2663/2663 2666/2666
f 2667/2667 2668/2668 2669/2669
f 2668/2668 2667/2667 2670/2670
f 2671/2671 2672/2672 2673/2673
f 2672/2672 2671/2671 2674/2674
f 2675/2675 2676/2676 2677/2677
f 2676/2676 2675/2675 2678/2678
f 2679/2679 2680/2680 2681/2681
f 2680/2680 2679/2679 2682/2682
f 2682/2682 2679/2679 2683/2683
f 2682/2682 2683/2683 2684/2684
f 2685/2685 2686/2686 2687/2687
f 2686/2686 2685/2685 2688/2688
f 2688/2688 2685/2685 2689/2689
f 2688/2688 2689/2689 2690/2690
f 2691/2691 2692/2692 2693/2693
f 2692/2692 2691/2691 2694/2694
f 2695/2695 2696/2696 2697/2697
f 2696/2696 2695/2695 2698/2698
f 2699/2699 2700/2700 2701/2701
f 2700/2700 2699/2699 2702/2702
f 2703/2703 2704/2704 2705/2705
f 2704/2704 2703/2703 2706/2706
f 2707/2707 2708/2708 2709/2709
f 2708/2708 2707/2707 2710/2710
f 2711/2711 2712/2712 2713/2713
f 2712/2712 2711/2711 2714/2714
f 2715/2715 2716/2716 2717/2717
f 2716/2716 2715/2715 2718/2718
f 2718/2718 2715/2715 2719/2719
f 2718/2718 2719/2719 2720/2720
f 2721/2721 2722/2722 2723/2723
f 2722/2722 2721/2721 2724/2724
f 2722/2722 2724/2724 2725/2725
f 2725/2725 2724/2724 2726/2726
f 2727/2727 2728/2728 2729/2729
f 2728/2728 2727/2727 2730/2730
f 2731/2731 2732/2732 2733/2733
f 2732/2732 2731/2731 2734/2734
f 2735/2735 2736/2736 2737/2737
f 2736/2736 2735/2735 2738/2738
f 2739/2739 2740/2740 2741/2741
f 2740/2740 2739/2739 2742/2742
f 2743/2743 2744/2744 2745/2745
f 2744/2744 2743/2743 2746/2746
f 2747/2747 2748/2748 2749/2749
f 2748/2748 2747/2747 2750/2750
f 2751/2751 2752/2752 2753/2753
f 2752/2752 2751/2751 2754/2754
f 2752/2752 2754/2754 2755/2755
f 2755/2755 2754/2754 2756/2756
f 2757/2757 2758/2758 2759/2759
f 2758/2758 2757/2757 2760/2760
f 2760/2760 2757/2757 2761/2761
f 2760/2760 2761/2761 2762/2762
f 2763/2763 2764/2764 2765/2765
f 2764/2764 2763/2763 2766/2766
f 2767/2767 2768/2768 2769/2769
f 2768/2768 2767/2767 2770/2770
f 2771/2771 2772/2772 2773/2773
f 2772/2772 2771/2771 2774/2774
f 2775/2775 2776/2776 2777/2777
f 2776/2776 2775/2775 2778/2778
f 2779/2779 2780/2780 2781/2781
f 2780/2780 2779/2779 2782/2782
f 2783/2783 2784/2784 2785/2785
f 2784/2784 2783/2783 2786/2786
f 2787/2787 2788/2788 2789/2789
f 2788/2788 2787/2787 2790/2790
f 2790/2790 2787/2787 2791/2791
f 2790/2790 2791/2791 2792/2792
f 2793/2793 2794/2794 2795/2795
f 2794/2794 2793/2793 2796/2796
f 2796/2796 2793/2793 2797/2797
f 2796/2796 2797/2797 2798/2798
f 2799/2799 2800/2800 2801/2801
f 2800/2800 2799/2799 2802/2802
f 2803/2803 2804/2804 2805/2805
f 2804/2804 2803/2803 2806/2806
f 2807/2807 2808/2808 2809/2809
f 2808/2808 2807/2807 2810/2810
f 2811/2811 2812/2812 2813/2813
f 2812/2812 2811/2811 2814/2814
f 2815/2815 2816/2816 2817/2817
f 2816/2816 2815/2815 2818/2818
f 2819/2819 2820/2820 2821/2821
f 2820/2820 2819/2819 2822/2822
f 2823/2823 2824/2824 2825/2825
f 2824/2824 2823/2823 2826/2826
f 2826/2826 2823/2823 2827/2827
f 2826/2826 2827/2827 2828/2828
f 2829/2829 2830/2830 2831/2831
f 2830/2830 2829/2829 2832/2832
f 2832/2832 2829/2829 2833/2833
f 2832/2832 2833/2833 2834/2834
f 2835/2835 2836/2836 2837/2837
f 2836/2836 2835/2835 2838/2838
f 2839/2839 2840/2840 2841/2841
f 2840/2840 2839/2839 2842/2842
f 2843/2843 2844/2844 2845/2845
f 2844/2844 2843/2843 2846/2846
f 2847/2847 2848/2848 2849/2849
f 2848/2848 2847/2847 2850/2850
f 2851/2851 2852/2852 2853/2853
f 2852/2852 2851/2851 2854/2854
f 2855/2855 2856/2856 2857/2857
f 2856/2856 2855/2855 2858/2858
f 2859/2859 2860/2860 2861/2861
f 2860/2860 2859/2859 2862/2862
f 2862/2862 2859/2859 2863/2863
f 2862/2862 2863/2863 2864/2864
f 2865/2865 2866/2866 2867/2867
f 2866/2866 2865/2865 2868/2868
f 2868/2868 2865/2865 2869/2869
f 2868/2868 2869/2869 2870/2870
f 2871/2871 2872/2872 2873/2873
f 2872/2872 2871/2871 2874/2874
f 2875/2875 2876/2876 2877/2877
f 2876/2876 2875/2875 2878/2878
f 2879/2879 2880/2880 2881/2881
f 2880/2880 2879/2879 2882/2882
f 2883/2883 2884/2884 2885/2885
f 2884/2884 2883/2883 2886/2886
f 2887/2887 2888/2888 2889/2889
f 2888/2888 2887/2887 2890/2890
f 2891/2891 2892/2892 2893/2893
f 2892/2892 2891/2891 2894/2894
f 2895/2895 2896/2896 2897/2897
f 2896/2896 2895/2895 2898/2898
f 2898/2898 2895/2895 2899/2899
f 2898/2898 2899/2899 2900/2900
f 2901/2901 2902/2902 2903/2903
f 2902/2902 2901/2901 2904/2904
f 2902/2902 2904/2904 2905/2905
f 2905/2905 2904/2904 2906/2906
f 2907/2907 2908/2908 2909/2909
f 2908/2908 2907/2907 2910/2910
f 2911/2911 2912/2912 2913/2913
f 2912/2912 2911/2911 2914/2914
f 2915/2915 2916/2916 2917/2917
f 2916/2916 2915/2915 2918/2918
f 2919/2919 2920/2920 2921/2921
f 2920/2920 2919/2919 2922/2922
f 2923/2923 2924/2924 2925/2925
f 2924/2924 2923/2923 2926/2926
f 2927/2927 2928/2928 2929/2929
f 2928/2928 2927/2927 2930/2930
f 2931/2931 2932/2932 2933/2933
f 2932/2932 2931/2931 2934/2934
f 2932/2932 2934/2934 2935/2935
f 2935/2935 2934/2934 2936/2936
f 2937/2937 2938/2938 2939/2939
f 2938/2938 2937/2937 2940/2940
f 2940/2940 2937/2937 2941/2941
f 2940/2940 2941/2941 2942/2942
f 2943/2943 2944/2944 2945/2945
f 2944/2944 2943/2943 2946/2946
f 2947/2947 2948/2948 2949/2949
f 2948/2948 2947/2947 2950/2950
f 2951/2951 2952/2952 2953/2953
f 2952/2952 2951/2951 2954/2954
f 2955/2955 2956/2956 2957/2957
f 2956/2956 2955/2955 2958/2958
f 2959/2959 2960/2960 2961/2961
f 2960/2960 2959/2959 2962/2962
f 2963/2963 2964/2964 2965/2965
f 2964/2964 2963/2963 2966/2966
f 2967/2967 2968/2968 2969/2969
f 2968/2968 2967/2967 2970/2970
f 2970/2970 2967/2967 2971/2971
f 2970/2970 2971/2971 2972/2972
f 2973/2973 2974/2974 2975/2975
f 2974/2974 2973/2973 2976/2976
f 2976/2976 2973/2973 2977/2977
f 2976/2976 2977/2977 2978/2978
f 2979/2979 2980/2980 2981/2981
f 2980/2980 2979/2979 2982/2982
f 2983/2983 2984/2984 2985/2985
f 2984/2984 2983/2983 2986/2986
f 2987/2987 2988/2988 2989/2989
f 2988/2988 2987/2987 2990/2990
f 2991/2991 2992/2992 2993/2993
f 2992/2992 2991/2991 2994/2994
f 2995/2995 2996/2996 2997/2997
f 2996/2996 2995/2995 2998/2998
f 2999/2999 3000/3000 3001/3001
f 3000/3000 2999/2999 3002/3002
f 3003/3003 3004/3004 3005/3005
f 3004/3004 3003/3003 3006/3006
f 3006/3006 3003/3003 3007/3007
f 3006/3006 3007/3007 3008/3008
f 3009/3009 3010/3010 3011/3011
f 3010/3010 3009/3009 3012/3012
f 3010/3010 3012/3012 3013/3013
f 3013/3013 3012/3012 3014/3014
f 3015/3015 3016/3016 3017/3017
f 3016/3016 3015/3015 3018/3018
f 3019/3019 3020/3020 3021/3021
f 3020/3020 3019/3019 3022/3022
f 3023/3023 3024/3024 3025/3025
f 3024/3024 3023/3023 3026/3026
f 3027/3027 3028/3028 3029/3029
f 3028/3028 3027/3027 3030/3030
f 3031/3031 3032/3032 3033/3033
f 3032/3032 3031/3031 3034/3034
f 3035/3035 3036/3036 3037/3037
f 3036/3036 3035/3035 3038/3038
f 3039/3039 3040/3040 3041/3041
f 3040/3040 3039/3039 3042/3042
f 3040/3040 3042/3042 3043/3043
f 3043/3043 3042/3042 3044/3044
f 3045/3045 3046/3046 3047/3047
f 3046/3046 3045/3045 3048/3048
f 3048/3048 3045/3045 3049/3049
f 3048/3048 3049/3049 3050/3050
f 3051/3051 3052/3052 3053/3053
f 3052/3052 3051/3051 3054/3054
f 3055/3055 3056/3056 3057/3057
f 3056/3056 3055/3055 3058/3058
f 3059/3059 3060/3060 3061/3061
f 3060/3060 3059/3059 3062/3062
f 3063/3063 3064/3064 3065/3065
f 3064/3064 3063/3063 3066/3066
f 3067/3067 3068/3068 3069/3069
f 3068/3068 3067/3067 3070/3070
f 3071/3071 3072/3072 3073/3073
f 3072/3072 3071/3071 3074/3074
f 3075/3075 3076/3076 3077/3077
f 3076/3076 3075/3075 3078/3078
f 3078/3078 3075/3075 3079/3079
f 3078/3078 3079/3079 3080/3080
f 3081/3081 3082/3082 3083/3083
f 3082/3082 3081/3081 3084/3084
f 3082/3082 3084/3084 3085/3085
f 3085/3085 3084/3084 3086/3086
f 3087/3087 3088/3088 3089/3089
f 3088/3088 3087/3087 3090/3090
f 3091/3091 3092/3092 3093/3093
f 3092/3092 3091/3091 3094/3094
f 3095/3095 3096/3096 3097/3097
f 3096/3096 3095/3095 3098/3098
f 3099/3099 3100/3100 3101/3101
f 3100/3100 3099/3099 3102/3102
f 3103/3103 3104/3104 3105/3105
f 3104/3104 3103/3103 3106/3106
f 3107/3107 3108/3108 3109/3109
f 3108/3108 3107/3107 3110/3110
f 3111/3111 3112/3112 3113/3113
f 3112/3112 3111/3111 3114/3114
f 3112/3112 3114/3114 3115/3115
f 3115/3115 3114/3114 3116/3116
f 3117/3117 3118/3118 3119/3119
f 3118/3118 3117/3117 3120/3120
f 3120/3120 3117/3117 3121/3121
f 3120/3120 3121/3121 3122/3122
f 3123/3123 3124/3124 3125/3125
f 3124/3124 3123/3123 3126/3126
f 3127/3127 3128/3128 3129/3129
f 3128/3128 3127/3127 3130/3130
f 3131/3131 3132/3132 3133/3133
f 3132/3132 3131/3131 3134/3134
f 3135/3135 3136/3136 3137/3137
f 3136/3136 3135/3135 3138/3138
f 3139/3139 3140/3140 3141/3141
f 3140/3140 3139/3139 3142/3142
f 3143/3143 3144/3144 3145/3145
f 3144/3144 3143/3143 3146/3146
f 3147/3147 3148/3148 3149/3149
f 3148/3148 3147/3147 3150/3150
f 3150/3150 3147/3147 3151/3151
f 3150/3150 3151/3151 3152/3152
f 3153/3153 3154/3154 3155/3155
f 3154/3154 3153/3153 3156/3156
f 3156/3156 3153/3153 3157/3157
f 3156/3156 3157/3157 3158/3158
f 3159/3159 3160/3160 3161/3161
f 3160/3160 3159/3159 3162/3162
f 3163/3163 3164/3164 3165/3165
f 3164/3164 3163/3163 3166/3166
f 3167/3167 3168/3168 3169/3169
f 3168/3168 3167/3167 3170/3170
f 3171/3171 3172/3172 3173/3173
f 3172/3172 3171/3171 3174/3174
f 3175/3175 3176/3176 3177/3177
f 3176/3176 3175/3175 3178/3178
f 3179/3179 3180/3180 3181/3181
f 3180/3180 3179/3179 3182/3182
f 3183/3183 3184/3184 3185/3185
f 3184/3184 3183/3183 3186/3186
f 3186/3186 3183/3183 3187/3187
f 3186/3186 3187/3187 3188/3188
f 3189/3189 3190/3190 3191/3191
f 3190/3190 3189/3189 3192/3192
f 3190/3190 3192/3192 3193/3193
f 3193/3193 3192/3192 3194/3194
f 3195/3195 3196/3196 3197/3197
f 3196/3196 3195/3195 3198/3198
f 3199/3199 3200/3200 3201/3201
f 3200/3200 3199/3199 3202/3202
f 3203/3203 3204/3204 3205/3205
f 3204/3204 3203/3203 3206/3206
f 3207/3207 3208/3208 3209/3209
f 3208/3208 3207/3207 3210/3210
f 3211/3211 3212/3212 3213/3213
f 3212/3212 3211/3211 3214/3214
f 3215/3215 3216/3216 3217/3217
f 3216/3216 3215/3215 3218/3218
f 3219/3219 3220/3220 3221/3221
f 3220/3220 3219/3219 3222/3222
f 3220/3220 3222/3222 3223/3223
f 3223/3223 3222/3222 3224/3224
f 3225/3225 3226/3226 3227/3227
f 3226/3226 3225/3225 3228/3228
f 3228/3228 3225/3225 3229/3229
f 3228/3228 3229/3229 3230/3230
f 3231/3231 3232/3232 3233/3233
f 3232/3232 3231/3231 3234/3234
f 3235/3235 3236/3236 3237/3237
f 3236/3236 3235/3235 3238/3238
f 3239/3239 3240/3240 3241/3241
f 3240/3240 3239/3239 3242/3242
f 3243/3243 3244/3244 3245/3245
f 3244/3244 3243/3243 3246/3246
f 3247/3247 3248/3248 3249/3249
f 3248/3248 3247/3247 3250/3250
f 3251/3251 3252/3252 3253/3253
f 3252/3252 3251/3251 3254/3254
f 3255/3255 3256/3256 3257/3257
f 3256/3256 3255/3255 3258/3258
f 3258/3258 3255/3255 3259/3259
f 3258/3258 3259/3259 3260/3260
f 3261/3261 3262/3262 3263/3263
f 3262/3262 3261/3261 3264/3264
f 3262/3262 3264/3264 3265/3265
f 3265/3265 3264/3264 3266/3266
f 3267/3267 3268/3268 3269/3269
f 3268/3268 3267/3267 3270/3270
f 3271/3271 3272/3272 3273/3273
f 3272/3272 3271/3271 3274/3274
f 3275/3275 3276/3276 3277/3277
f 3276/3276 3275/3275 3278/3278
f 3279/3279 3280/3280 3281/3281
f 3280/3280 3279/3279 3282/3282
f 3283/3283 3284/3284 3285/3285
f 3284/3284 3283/3283 3286/3286
f 3287/3287 3288/3288 3289/3289
f 3288/3288 3287/3287 3290/3290
f 3291/3291 3292/3292 3293/3293
f 3292/3292 3291/3291 3294/3294
f 3292/3292 3294/3294 3295/3295
f 3295/3295 3294/3294 3296/3296
f 3297/3297 3298/3298 3299/3299
f 3298/3298 3297/3297 3300/3300
f 3298/3298 3300/3300 3301/3301
f 3301/3301 3300/3300 3302/3302
f 3303/3303 3304/3304 3305/3305
f 3304/3304 3303/3303 3306/3306
f 3307/3307 3308/3308 3309/3309
f 3308/3308 3307/3307 3310/3310
f 3311/3311 3312/3312 3313/3313
f 3312/3312 3311/3311 3314/3314
f 3315/3315 3316/3316 3317/3317
f 3316/3316 3315/3315 3318/3318
f 3319/3319 3320/3320 3321/3321
f 3320/3320 3319/3319 3322/3322
f 3323/3323 3324/3324 3325/3325
f 3324/3324 3323/3323 3326/3326
f 3327/3327 3328/3328 3329/3329
f 3328/3328 3327/3327 3330/3330
f 3328/3328 3330/3330 3331/3331
f 3331/3331 3330/3330 3332/3332
f 3333/3333 3334/3334 3335/3335
f 3334/3334 3333/3333 3336/3336
f 3336/3336 3333/3333 3337/3337
f 3336/3336 3337/3337 3338/3338
f 3338/3338 3337/3337 3339/3339
f 3338/3338 3339/3339 3340/3340
f 3340/3340 3339/3339 3341/3341
f 3340/3340 3341/3341 3342/3342
f 3342/3342 3341/3341 3343/3343
f 3342/3342 3343/3343 3344/3344
f 3345/3345 3346/3346 3347/3347
f 3346/3346 3345/3345 3348/3348
f 3348/3348 3345/3345 3349/3349
f 3348/3348 3349/3349 3350/3350
f 3351/3351 3352/3352 3353/3353
f 3352/3352 3351/3351 3354/3354
f 3355/3355 3356/3356 3357/3357
f 3356/3356 3355/3355 3358/3358
f 3359/3359 3360/3360 3361/3361
f 3360/3360 3359/3359 3362/3362
f 3363/3363 3364/3364 3365/3365
f 3364/3364 3363/3363 3366/3366
f 3367/3367 3368/3368 3369/3369
f 3368/3368 3367/3367 3370/3370
f 3371/3371 3372/3372 3373/3373
f 3372/3372 3371/3371 3374/3374
f 3375/3375 3376/3376 3377/3377
f 3376/3376 3375/3375 3378/3378
f 3378/3378 3375/3375 3379/3379
f 3378/3378 3379/3379 3380/3380
f 3381/3381 3382/3382 3383/3383
f 3382/3382 3381/3381 3384/3384
f 3384/3384 3381/3381 3385/3385
f 3384/3384 3385/3385 3386/3386
f 3387/3387 3388/3388 3389/3389
f 3388/3388 3387/3387 3390/3390
f 3391/3391 3392/3392 3393/3393
f 3392/3392 3391/3391 3394/3394
f 3395/3395 3396/3396 3397/3397
f 3396/3396 3395/3395 3398/3398
f 3399/3399 3400/3400 3401/3401
f 3400/3400 3399/3399 3402/3402
f 3403/3403 3404/3404 3405/3405
f 3404/3404 3403/3403 3406/3406
f 3407/3407 3408/3408 3409/3409
f 3408/3408 3407/3407 3410/3410
f 3411/3411 3412/3412 3413/3413
f 3412/3412 3411/3411 3414/3414
f 3414/3414 3411/3411 3415/3415
f 3414/3414 3415/3415 3416/3416
f 3417/3417 3418/3418 3419/3419
f 3418/3418 3417/3417 3420/3420
f 3420/3420 3417/3417 3421/3421
f 3420/3420 3421/3421 3422/3422
f 3423/3423 3424/3424 3425/3425
f 3424/3424 3423/3423 3426/3426
f 3427/3427 3428/3428 3429/3429
f 3428/3428 3427/3427 3430/3430
f 3431/3431 3432/3432 3433/3433
f 3432/3432 3431/3431 3434/3434
f 3435/3435 3436/3436 3437/3437
f 3436/3436 3435/3435 3438/3438
f 3439/3439 3440/3440 3441/3441
f 3440/3440 3439/3439 3442/3442
f 3443/3443 3444/3444 3445/3445
f 3444/3444 3443/3443 3446/3446
f 3447/3447 3448/3448 3449/3449
f 3448/3448 3447/3447 3450/3450
f 3450/3450 3447/3447 3451/3451
f 3450/3450 3451/3451 3452/3452
f 3453/3453 3454/3454 3455/3455
f 3454/3454 3453/3453 3456/3456
f 3456/3456 3453/3453 3457/3457
f 3456/3456 3457/3457 3458/3458
f 3459/3459 3460/3460 3461/3461
f 3460/3460 3459/3459 3462/3462
f 3463/3463 3464/3464 3465/3465
f 3464/3464 3463/3463 3466/3466
f 3467/3467 3468/3468 3469/3469
f 3468/3468 3467/3467 3470/3470
f 3471/3471 3472/3472 3473/3473
f 3472/3472 3471/3471 3474/3474
f 3475/3475 3476/3476 3477/3477
f 3476/3476 3475/3475 3478/3478
f 3479/3479 3480/3480 3481/3481
f 3480/3480 3479/3479 3482/3482
f 3483/3483 3484/3484 3485/3485
f 3484/3484 3483/3483 3486/3486
f 3486/3486 3483/3483 3487/3487
f 3486/3486 3487/3487 3488/3488
f 3489/3489 3490/3490 3491/3491
f 3490/3490 3489/3489 3492/3492
f 3492/3492 3489/3489 3493/3493
f 3492/3492 3493/3493 3494/3494
f 3495/3495 3496/3496 3497/3497
f 3496/3496 3495/3495 3498/3498
f 3499/3499 3500/3500 3501/3501
f 3500/3500 3499/3499 3502/3502
f 3503/3503 3504/3504 3505/3505
f 3504/3504 3503/3503 3506/3506
f 3507/3507 3508/3508 3509/3509
f 3508/3508 3507/3507 3510/3510
f 3511/3511 3512/3512 3513/3513
f 3512/3512 3511/3511 3514/3514
f 3515/3515 3516/3516 3517/3517
f 3516/3516 3515/3515 3518/3518
f 3519/3519 3520/3520 3521/3521
f 3520/3520 3519/3519 3522/3522
f 3522/3522 3519/3519 3523/3523
f 3522/3522 3523/3523 3524/3524
f 3525/3525 3526/3526 3527/3527
f 3526/3526 3525/3525 3528/3528
f 3528/3528 3525/3525 3529/3529
f 3528/3528 3529/3529 3530/3530
f 3530/3530 3529/3529 3531/3531
f 3530/3530 3531/3531 3532/3532
f 3532/3532 3531/3531 3533/3533
f 3532/3532 3533/3533 3534/3534
f 3534/3534 3533/3533 3535/3535
f 3534/3534 3535/3535 3536/3536
f 3537/3537 3538/3538 3539/3539
f 3538/3538 3537/3537 3540/3540
f 3540/3540 3537/3537 3541/3541
f 3540/3540 3541/3541 3542/3542
f 3543/3543 3544/3544 3545/3545
f 3544/3544 3543/3543 3546/3546
f 3547/3547 3548/3548 3549/3549
f 3548/3548 3547/3547 3550/3550
f 3551/3551 3552/3552 3553/3553
f 3552/3552 3551/3551 3554/3554
f 3555/3555 3556/3556 3557/3557
f 3556/3556 3555/3555 3558/3558
f 3559/3559 3560/3560 3561/3561
f 3560/3560 3559/3559 3562/3562
f 3563/3563 3564/3564 3565/3565
f 3564/3564 3563/3563 3566/3566
f 3567/3567 3568/3568 3569/3569
f 3568/3568 3567/3567 3570/3570
f 3570/3570 3567/3567 3571/3571
f 3570/3570 3571/3571 3572/3572
f 3573/3573 3574/3574 3575/3575
f 3574/3574 3573/3573 3576/3576
f 3576/3576 3573/3573 3577/3577
f 3576/3576 3577/3577 3578/3578
f 3579/3579 3580/3580 3581/3581
f 3580/3580 3579/3579 3582/3582
f 3583/3583 3584/3584 3585/3585
f 3584/3584 3583/3583 3586/3586
f 3587/3587 3588/3588 3589/3589
f 3588/3588 3587/3587 3590/3590
f 3591/3591 3592/3592 3593/3593
f 3592/3592 3591/3591 3594/3594
f 3595/3595 3596/3596 3597/3597
f 3596/3596 3595/3595 3598/3598
f 3599/3599 3600/3600 3601/3601
f 3600/3600 3599/3599 3602/3602
f 3603/3603 3604/3604 3605/3605
f 3604/3604 3603/3603 3606/3606
f 3606/3606 3603/3603 3607/3607
f 3606/3606 3607/3607 3608/3608
f 3609/3609 3610/3610 3611/3611
f 3610/3610 3609/3609 3612/3612
f 3612/3612 3609/3609 3613/3613
f 3612/3612 3613/3613 3614/3614
f 3615/3615 3616/3616 3617/3617
f 3616/3616 3615/3615 3618/3618
f 3619/3619 3620/3620 3621/3621
f 3620/3620 3619/3619 3622/3622
f 3623/3623 3624/3624 3625/3625
f 3624/3624 3623/3623 3626/3626
f 3627/3627 3628/3628 3629/3629
f 3628/3628 3627/3627 3630/3630
f 3631/3631 3632/3632 3633/3633
f 3632/3632 3631/3631 3634/3634
f 3635/3635 3636/3636 3637/3637
f 3636/3636 3635/3635 3638/3638
f 3639/3639 3640/3640 3641/3641
f 3640/3640 3639/3639 3642/3642
f 3642/3642 3639/3639 3643/3643
f 3642/3642 3643/3643 3644/3644
f 3645/3645 3646/3646 3647/3647
f 3646/3646 3645/3645 3648/3648
f 3646/3646 3648/3648 3649/3649
f 3649/3649 3648/3648 3650/3650
f 3651/3651 3652/3652 3653/3653
f 3652/3652 3651/3651 3654/3654
f 3655/3655 3656/3656 3657/3657
f 3656/3656 3655/3655 3658/3658
f 3659/3659 3660/3660 3661/3661
f 3660/3660 3659/3659 3662/3662
f 3663/3663 3664/3664 3665/3665
f 3664/3664 3663/3663 3666/3666
f 3667/3667 3668/3668 3669/3669
f 3668/3668 3667/3667 3670/3670
f 3671/3671 3672/3672 3673/3673
f 3672/3672 3671/3671 3674/3674
f 3675/3675 3676/3676 3677/3677
f 3676/3676 3675/3675 3678/3678
f 3676/3676 3678/3678 3679/3679
f 3679/3679 3678/3678 3680/3680

