# https://github.com/mikedh/trimesh
v -0.35249912 4.69054564 -1.44612462
v -0.48069465 4.70054270 -1.44615364
v -0.48056984 4.69065796 -1.44626452
v -0.35264392 4.70053358 -1.44618697
v -0.35275420 4.69053661 -1.44632095
v -0.48078178 4.69050274 -1.46630140
v -0.35246936 4.69066790 -1.46628186
v -0.48056334 4.69049015 -1.44615469
v -0.35241817 4.69056917 -1.46634587
v -0.35260814 4.70055081 -1.44616835
v -0.35261729 4.69053762 -1.44620785
v -0.35245591 4.70062079 -1.46623149
v -0.48077362 4.70058496 -1.44610967
v -0.35235677 4.70046740 -1.46611091
v -0.48056548 4.70067977 -1.46624096
v -0.35254488 4.70075021 -1.44598724
v -0.48051805 4.70073533 -1.44615408
v -0.48083133 4.69055892 -1.46620015
v -0.48083966 4.69060051 -1.44614653
v -0.48063312 4.70047520 -1.46633735
v -0.35255763 4.70047669 -1.46608744
v -0.48075718 4.69059363 -1.46629540
v -0.48054075 4.70073588 -1.46620256
v -0.35274156 4.69056480 -1.46619732
v -1.51204150 4.85847908 -1.51168664
v -1.51228343 4.71471050 -1.53185418
v -1.51214089 4.71498777 -1.51185475
v -1.51221190 4.85850410 -1.53206702
v -1.51227898 4.85860901 -1.51181579
v -1.50197219 4.85846485 -1.53177764
v -1.51217591 4.85870727 -1.53199849
v -1.50218349 4.85856939 -1.51176892
v -1.50209018 4.85848245 -1.53209305
v -1.51229187 4.71483168 -1.53184849
v -1.51216310 4.85843157 -1.53186258
v -1.50224020 4.71470514 -1.53188687
v -1.50234114 4.71481957 -1.51193491
v -1.51213462 4.71477148 -1.53193047
v -1.50203468 4.71470042 -1.53180360
v -1.51207042 4.71486718 -1.51175313
v -1.50202496 4.71486721 -1.51186650
v -1.51229450 4.85852934 -1.51195637
v -1.51229408 4.71480626 -1.51193355
v -1.50221412 4.85843484 -1.51184834
v -1.50206960 4.71491700 -1.53195295
v -1.50199850 4.85868935 -1.51175656
v -1.50235312 4.71490724 -1.51183902
v -1.50206283 4.85858203 -1.53191361
v -0.48066744 4.70056598 -1.51207230
v -0.35252354 4.70051968 -1.53183908
v -0.48073074 4.70061202 -1.53203993
v -0.35256535 4.70060213 -1.51202897
v -0.35248091 4.69055231 -1.53207492
v -0.35276182 4.70065673 -1.51190534
v -0.35256737 4.69053877 -1.51168531
v -0.35251739 4.70061235 -1.53210628
v -0.35234075 4.70069883 -1.53184045
v -0.48069572 4.69065876 -1.53191289
v -0.48063686 4.70058749 -1.53210491
v -0.35240512 4.69036196 -1.53197648
v -0.48072197 4.70049479 -1.51181055
v -0.48072153 4.69051788 -1.53189740
v -0.48075029 4.69070792 -1.51183779
v -0.48075005 4.70040097 -1.53208762
v -0.35239909 4.69055809 -1.51190384
v -0.48052965 4.70046983 -1.51193533
v -0.48074987 4.69062438 -1.51194343
v -0.35257605 4.70043626 -1.51179846
v -0.35242830 4.69051377 -1.51185737
v -0.48083523 4.69051425 -1.53180808
v -0.35249808 4.69080382 -1.53203344
v -0.48064029 4.69054301 -1.51181548
v -1.51699050 4.86045398 -1.44628158
v -1.64485910 4.87054340 -1.44640117
v -1.64524573 4.86058296 -1.44624332
v -1.51684815 4.87065579 -1.44620713
v -1.64522737 4.87044687 -1.44626413
v -1.51714308 4.87067681 -1.46610280
v -1.64530897 4.87042846 -1.46645244
v -1.51709007 4.87022814 -1.44631016
v -1.64504324 4.87051547 -1.44610232
v -1.64522912 4.86069565 -1.46624763
v -1.64521798 4.86077805 -1.44622504
v -1.64530533 4.87057247 -1.46627241
v -1.51687876 4.86041646 -1.44610752
v -1.64508947 4.86044290 -1.46625138
v -1.51707621 4.86075655 -1.46634166
v -1.64522538 4.86040145 -1.44622730
v -1.51699036 4.86059230 -1.46633191
v -1.51700908 4.87040402 -1.44627739
v -1.51670291 4.86062077 -1.44627261
v -1.51712895 4.87044991 -1.46627063
v -1.51698613 4.87047398 -1.46640228
v -1.64503018 4.86055940 -1.46630735
v -1.64520119 4.87049634 -1.46657396
v -1.51697771 4.86040096 -1.46637273
v -1.64375072 4.85787163 -1.44651979
v -1.67379430 4.87290199 -1.25916074
v -1.67374483 4.85785395 -1.25926961
v -1.64365272 4.87270414 -1.44631126
v -1.64355884 4.85786172 -1.53166855
v -1.66415484 4.85782254 -1.61705799
v -1.65078435 4.85772978 -1.61704958
v -1.66371931 4.85776795 -1.44644618
v -1.64355609 4.85768036 -1.44629073
v -1.67362662 4.85771170 -1.25926944
v -1.68437066 4.85786567 -1.25920304
v -1.64374204 4.85768069 -1.53169526
v -1.64358443 4.87282354 -1.53168312
v -1.66380135 4.87284242 -1.44642827
v -1.65073844 4.87267825 -1.61698829
v -1.66378614 4.87287271 -1.61709076
v -1.64365074 4.87272375 -1.53160289
v -1.64386139 4.87272722 -1.44637342
v -1.68412265 4.87286434 -1.25926506
v -1.67379335 4.87281548 -1.25924132
v -1.67346906 4.85786016 -1.25939841
v -1.68406395 4.87279427 -1.25933079
v -1.68412140 4.85779023 -1.25927749
v -1.67362225 4.87292333 -1.25913586
v -1.66390534 4.87304340 -1.44629940
v -1.66380168 4.85771020 -1.61715620
v -1.66374937 4.85772796 -1.44647756
v -1.66367777 4.87287333 -1.61709641
v -1.65069262 4.87297771 -1.61716926
v -1.66382500 4.85789352 -1.61698051
v -1.66373861 4.87295638 -1.61716860
v -1.65092300 4.85770522 -1.61704259
v -1.65085190 4.85774470 -1.61715682
v -1.65083362 4.87273081 -1.61701709
v -1.68419217 4.87278538 -1.25926083
v -1.68433538 4.85785070 -1.25922998
v 0.83495352 2.26831539 -1.25920191
v 0.81977522 2.23841997 -1.44633764
v 0.83463787 2.23867802 -1.44653806
v 0.81982474 2.26831272 -1.25911985
v 0.81968896 2.25855195 -1.61705021
v 0.81984357 2.24553797 -1.61736459
v 0.81964989 2.25855062 -1.53177293
v 0.81980913 2.26853509 -1.25925502
v 0.81957396 2.23860156 -1.53161436
v 0.81969786 2.23867693 -1.44643468
v 0.81961065 2.25851924 -1.44628619
v 0.81963143 2.27927856 -1.25933295
v 0.81982834 2.23851416 -1.53174312
v 0.81984147 2.23830139 -1.53158578
v 0.83477609 2.23840103 -1.53164911
v 0.83489303 2.23853761 -1.53151897
v 0.83489520 2.23859108 -1.53178328
v 0.83479868 2.26848801 -1.25924148
v 0.83481899 2.23850184 -1.44631050
v 0.83477702 2.25849905 -1.44648459
v 0.83468990 2.25865353 -1.53173588
v 0.83486951 2.27894044 -1.25944137
v 0.83467840 2.26854876 -1.25912847
v 0.81976356 2.27899198 -1.25925325
v 0.81969801 2.26839351 -1.25950048
v 0.83469830 2.27905568 -1.25908180
v 0.81974573 2.25867730 -1.53176806
v 0.83476130 2.25812960 -1.61700753
v 0.81978595 2.25871904 -1.61710642
v 0.83479251 2.25845806 -1.53184951
v 0.83471338 2.25849955 -1.61691468
v 0.81972923 2.24548916 -1.61704099
v 0.81975165 2.25846508 -1.61693677
v 0.83459105 2.24554922 -1.61698654
v 0.81958970 2.24560904 -1.61692119
v 0.83483482 2.24539552 -1.61713155
v 0.81985727 2.27910652 -1.25924066
v 0.83483352 2.25861051 -1.44647211
v 0.81969878 2.25855034 -1.44645499
v 0.83477371 2.27921056 -1.25934037
v 0.83498325 2.25872710 -1.53190543
v 0.81971433 2.25856716 -1.53180628
v 0.83471046 2.24554673 -1.61697882
v 0.83472949 2.25872162 -1.53169690
v 0.83477204 2.23860833 -1.53166190
v 0.83482603 2.25850100 -1.61686695
v 0.83256741 2.11176624 -1.53211807
v 0.83252173 2.23985334 -1.51205526
v 0.83245386 2.11181671 -1.51174329
v 0.83251231 2.24005627 -1.53208146
v 0.83248056 2.11180034 -1.51178703
v 0.82245593 2.11187111 -1.53200639
v 0.83252017 2.11183060 -1.53208399
v 0.82246212 2.11175407 -1.51207496
v 0.83258266 2.23993472 -1.53204259
v 0.82240458 2.11180180 -1.53179696
v 0.82242658 2.24002155 -1.53181090
v 0.83253844 2.11189863 -1.53200350
v 0.82252410 2.23996635 -1.51176483
v 0.83237846 2.23989124 -1.53182182
v 0.82242344 2.23993502 -1.53194579
v 0.83241115 2.24011101 -1.51200668
v 0.83246724 2.11182353 -1.51188765
v 0.82236034 2.23988200 -1.51183238
v 0.82233659 2.11185468 -1.51203541
v 0.83242515 2.23997616 -1.51200699
v 0.82251171 2.23997045 -1.51198450
v 0.82228576 2.11162446 -1.53194860
v 0.82232344 2.11164535 -1.51190084
v 0.82268090 2.24000127 -1.53187446
v -1.64515608 4.71072389 -1.51201416
v -1.51703456 4.71066960 -1.53195337
v -1.64519821 4.71057309 -1.53197840
v -1.51707033 4.71039032 -1.51199870
v -1.51694024 4.70076540 -1.53176274
v -1.51697968 4.71073538 -1.51177987
v -1.51706180 4.70042661 -1.51187116
v -1.51717316 4.71060910 -1.53188821
v -1.51713755 4.71064576 -1.53182244
v -1.64514060 4.70065770 -1.53185713
v -1.64499785 4.71065816 -1.53182353
v -1.51699643 4.70054649 -1.53191874
v -1.64524128 4.71058274 -1.51193763
v -1.64541714 4.70061431 -1.53208305
v -1.64518939 4.70075425 -1.51192860
v -1.64523464 4.71078436 -1.53189464
v -1.51688811 4.70056635 -1.51179651
v -1.64524964 4.71057203 -1.51181231
v -1.64524050 4.70068318 -1.51162544
v -1.51716525 4.71056410 -1.51175778
v -1.51700485 4.70072418 -1.51197950
v -1.64514374 4.70058766 -1.53193689
v -1.51695528 4.70047635 -1.53206330
v -1.64503258 4.70063385 -1.51186330
v -0.48879609 4.84854144 -1.44631159
v -0.48889549 4.70485227 -1.46625274
v -0.48870300 4.70465345 -1.44604798
v -0.48875557 4.84855442 -1.46621125
v -0.48887446 4.84831014 -1.44630314
v -0.47858273 4.84863971 -1.46630448
v -0.48882290 4.84861223 -1.46628590
v -0.47888767 4.84863606 -1.44614161
v -0.47901435 4.84847174 -1.46625341
v -0.48874141 4.70473233 -1.46633465
v -0.48880355 4.84853502 -1.46629626
v -0.47879115 4.70484681 -1.46636701
v -0.47878881 4.70450507 -1.44613497
v -0.48870530 4.70477358 -1.46617297
v -0.47870657 4.70475214 -1.46621915
v -0.48881933 4.70484018 -1.44622755
v -0.47890465 4.70480494 -1.44599865
v -0.48889144 4.84849376 -1.44626262
v -0.48883112 4.70472129 -1.44632052
v -0.47878134 4.84835175 -1.44625042
v -0.47887589 4.70460626 -1.46644750
v -0.47862553 4.84855732 -1.44639085
v -0.47881456 4.70464671 -1.44626319
v -0.47890304 4.84858285 -1.46630957
v -2.51466075 1.85243329 -1.50638480
v -3.11717864 2.01400039 -1.50639590
v -3.11693010 1.85262656 -1.50650662
v -2.51462397 2.01374257 -1.50640989
v -3.11697228 1.79824466 -1.24574621
v -3.11702147 1.77207215 -1.58685794
v -3.11706840 1.77212652 -1.24588969
v -3.11695286 1.85213277 -1.50642304
v -3.11702620 2.01369283 -1.58677458
v -3.11693116 1.85226990 -1.47956781
v -3.11711565 2.01363905 -1.50664809
v -3.11684186 1.85236016 -1.47986388
v -2.51471594 1.85231637 -1.50659980
v -3.11705649 1.85245215 -1.50642175
v -2.51481929 1.85240336 -1.47974311
v -2.51482206 1.77201892 -1.58694545
v -2.51484385 1.79830223 -1.24604317
v -2.51464378 1.77206817 -1.24592360
v -2.51473989 1.85231237 -1.50653740
v -2.51470999 2.01374596 -1.58679297
v -2.51463176 1.85239492 -1.47964681
v -2.51477529 2.01387361 -1.50657050
v -3.11696533 2.01373304 -1.50641189
v -2.51469115 2.01394352 -1.58696915
v -3.11704111 2.01372653 -1.58689273
v -2.51478156 2.01380688 -1.50652975
v -2.51471374 2.01376161 -1.58681786
v -3.11689861 1.77197732 -1.58683731
v -3.11699746 2.01386818 -1.58684401
v -2.51471110 1.77196807 -1.58683515
v -2.51480543 1.77212490 -1.24597729
v -3.11698560 1.77197847 -1.58675375
v -2.51463741 1.77216090 -1.58660557
v -3.11699521 1.77219648 -1.24597944
v -2.51466845 1.77210925 -1.24593901
v -3.11692123 1.79825999 -1.24596229
v -3.11693403 1.77225315 -1.24605422
v -2.51489746 1.79824124 -1.24595719
v -3.11697153 1.79830122 -1.24584344
v -2.51460788 1.79828650 -1.24601542
v 0.67668518 2.25095931 -1.53197537
v 0.82031239 2.25094841 -1.51192088
v 0.82045641 2.25096993 -1.53188392
v 0.67666583 2.25095075 -1.51181838
v 0.82045158 2.24098002 -1.53188420
v 0.82051999 2.25102244 -1.51189711
v 0.82054705 2.24097576 -1.51192921
v 0.82046038 2.25086961 -1.53205395
v 0.82028010 2.25092563 -1.53181486
v 0.67666327 2.24103946 -1.53195228
v 0.67664828 2.25113569 -1.53189129
v 0.82029374 2.24106588 -1.53206574
v 0.67670267 2.25106594 -1.51190600
v 0.67683765 2.24103672 -1.53211605
v 0.67667202 2.24098685 -1.51193464
v 0.67669868 2.25107964 -1.53191891
v 0.82038025 2.24097566 -1.51194039
v 0.67659471 2.25087878 -1.51184492
v 0.67671827 2.24095805 -1.51199409
v 0.82045693 2.25088845 -1.51197308
v 0.82045889 2.24081350 -1.51180700
v 0.67698003 2.24100524 -1.53206047
v 0.82044785 2.24079559 -1.53199317
v 0.67677399 2.24101883 -1.51198218
v -0.35248107 4.85059277 -1.44600860
v -0.48077851 4.86042244 -1.44618561
v -0.48101033 4.85041714 -1.44621948
v -0.35256002 4.86034754 -1.44621683
v -0.48078640 4.86059123 -1.44628687
v -0.35254159 4.86048814 -1.46620929
v -0.48097055 4.86047694 -1.46618930
v -0.35254985 4.86035346 -1.44615728
v -0.48067052 4.86048424 -1.44631199
v -0.48078266 4.85043976 -1.46635950
v -0.48090542 4.85039234 -1.44619770
v -0.48075834 4.86050452 -1.46625966
v -0.35241889 4.85070179 -1.44611511
v -0.48085173 4.85019587 -1.46627820
v -0.35250478 4.85035148 -1.46624005
v -0.48078539 4.85051432 -1.44622515
v -0.35247084 4.85029097 -1.46631400
v -0.35252767 4.86036408 -1.44599535
v -0.35256849 4.85061708 -1.44626042
v -0.35253614 4.86063561 -1.46623674
v -0.35249222 4.86054007 -1.46641056
v -0.48074611 4.85037286 -1.46624782
v -0.48076219 4.86050780 -1.46627641
v -0.35251599 4.85046880 -1.46633627
v 0.67521500 2.09138028 -1.44628684
v 0.66030506 2.11158850 -1.44625474
v 0.66014335 2.09150251 -1.44651027
v 0.67528991 2.11157781 -1.44623035
v 0.67524330 2.10408155 -1.61693541
v 0.67516964 2.09149109 -1.53175921
v 0.67523294 2.09146469 -1.61699384
v 0.67522977 2.11156696 -1.44638033
v 0.67519546 2.09161112 -1.44628493
v 0.67523520 2.11147039 -1.53164690
v 0.66021455 2.11133592 -1.44628920
v 0.67532562 2.11172994 -1.53168992
v 0.66029088 2.11183064 -1.53174501
v 0.66017193 2.11155530 -1.53160891
v 0.67520344 2.11143287 -1.44635156
v 0.65993332 2.11141368 -1.44631558
v 0.66020993 2.09128411 -1.53152670
v 0.66011930 2.09139496 -1.44643717
v 0.66027965 2.11149299 -1.53173555
v 0.67533069 2.09144041 -1.44638866
v 0.66002339 2.09149931 -1.53187330
v 0.67509920 2.09159717 -1.53186092
v 0.66028483 2.09136902 -1.44646899
v 0.67537505 2.09134430 -1.53168833
v 0.66030574 2.09157063 -1.61709075
v 0.67543364 2.09162853 -1.61689061
v 0.66033200 2.09150015 -1.53143054
v 0.67555704 2.10401162 -1.61695963
v 0.66032877 2.09145695 -1.61703980
v 0.66031688 2.10418501 -1.61703299
v 0.67536007 2.09159433 -1.61702269
v 0.67538143 2.10419448 -1.61688576
v 0.66039871 2.09149266 -1.53170549
v 0.66013876 2.10411785 -1.61716371
v 0.66015953 2.09151714 -1.61706623
v 0.66032015 2.11146619 -1.53160210
v 0.66028596 2.11165507 -1.53165703
v 0.67534191 2.10404161 -1.61705248
v 0.66035230 2.10416006 -1.61718020
v 0.67269221 2.11176515 -1.44610680
v 0.66247379 2.24004289 -1.44627457
v 0.66255985 2.11175639 -1.44622138
v 0.67252648 2.23996052 -1.44637283
v 0.66263763 2.24007660 -1.44623774
v 0.66240278 2.11172010 -1.46617023
v 0.66261149 2.11175615 -1.44609826
v 0.66243799 2.23991274 -1.46621947
v 0.67257547 2.11172609 -1.44645312
v 0.66261625 2.11182111 -1.46645027
v 0.67264793 2.11178592 -1.46623984
v 0.66264477 2.11171040 -1.44611738
v 0.67265663 2.11186668 -1.46609859
v 0.67265401 2.23991805 -1.44600447
v 0.67247020 2.11173925 -1.44629204
v 0.67257475 2.24008914 -1.46613379
v 0.66259463 2.23991307 -1.44624928
v 0.67252267 2.24007568 -1.46636322
v 0.66263637 2.23997311 -1.46625096
v 0.67274279 2.23992703 -1.44601870
v 0.67243875 2.23989066 -1.46643315
v 0.66246866 2.11184808 -1.46619208
v 0.66257832 2.24000430 -1.46639099
v 0.67244735 2.11181904 -1.46612858
v -0.48574347 4.86077342 -1.43915127
v -0.48903813 4.70507377 -1.43901330
v -0.48907532 4.84682713 -1.43904201
v -0.48567792 4.69079373 -1.43908431
v -0.47334232 4.87130916 -1.43891705
v -0.47326545 4.68047973 -1.43916811
v -0.33403087 4.87128994 -1.43913049
v -0.33392146 4.68046594 -1.43905227
v -0.32145819 4.86092822 -1.43884906
v -0.32167247 4.69098012 -1.43889706
v -0.31861983 4.84688138 -1.43883116
v -0.31822712 4.70486343 -1.43901591
v -0.41674451 -3.57852101 -1.50671551
v -1.01902413 -3.41697000 -1.50653090
v -1.01895628 -3.57855350 -1.50624349
v -0.41650114 -3.41716722 -1.50635528
v -1.01892770 -3.63256064 -1.24602852
v -1.01901607 -3.65877396 -1.58691831
v -1.01899978 -3.65876397 -1.24608842
v -1.01906618 -3.57848575 -1.50673286
v -1.01899670 -3.41712454 -1.58697827
v -1.01903476 -3.57847317 -1.47979563
v -1.01901689 -3.41703138 -1.50637063
v -1.01905194 -3.57853610 -1.47962033
v -0.41654528 -3.57845782 -1.50654971
v -1.01900151 -3.57842347 -1.50646083
v -0.41661425 -3.57859091 -1.48000798
v -0.41659266 -3.65892942 -1.58685201
v -0.41653905 -3.63255229 -1.24589263
v -0.41637417 -3.65873615 -1.24604512
v -0.41669406 -3.57830016 -1.50659791
v -0.41661348 -3.41690488 -1.58665971
v -0.41661457 -3.57851730 -1.47999626
v -0.41670343 -3.41712450 -1.50652935
v -1.01895211 -3.41707064 -1.50630054
v -0.41656056 -3.41705436 -1.58683806
v -1.01893635 -3.41695816 -1.58694142
v -0.41662196 -3.41720054 -1.50651969
v -0.41659650 -3.41699068 -1.58671359
v -1.01884944 -3.65868857 -1.58667295
v -1.01888563 -3.41704763 -1.58703978
v -0.41657555 -3.65885795 -1.58701403
v -0.41665379 -3.65875777 -1.24609640
v -1.01878388 -3.65880800 -1.58686205
v -0.41662370 -3.65877104 -1.58698727
v -1.01870605 -3.65894209 -1.24604712
v -0.41648183 -3.65877519 -1.24582951
v -1.01880959 -3.63259846 -1.24610031
v -1.01896767 -3.65883677 -1.24596925
v -0.41682255 -3.63252893 -1.24578728
v -1.01876607 -3.63274358 -1.24592209
v -0.41683022 -3.63246173 -1.24616937
v -0.48588257 4.86110550 -1.44623635
v -0.48893148 4.70518303 -1.44638128
v -0.48899521 4.84649586 -1.44626795
v -0.48585639 4.69103625 -1.44630195
v -0.47334369 4.87143003 -1.44640349
v -0.47327389 4.68054616 -1.44660944
v -0.33394336 4.87129050 -1.44639258
v -0.33398687 4.68039366 -1.44636217
v -0.32119367 4.86096605 -1.44642510
v -0.32141335 4.69102537 -1.44651181
v -0.31822016 4.84646912 -1.44617082
v -0.31817162 4.70532223 -1.44653120
v -0.48881848 4.84660928 -1.43868897
v -0.48888972 4.70524807 -1.44645154
v -0.48913479 4.70542852 -1.43854575
v -0.48891582 4.84660870 -1.44630116
v -0.48586445 4.86106248 -1.43868466
v -0.48592888 4.86085895 -1.44646442
v -0.48593485 4.86109502 -1.43835963
v -0.47341617 4.87127842 -1.44637813
v -0.48587042 4.86104512 -1.44633303
v -0.47340389 4.87130146 -1.43848098
v -0.47335666 4.87146627 -1.43859831
v -0.33403814 4.87129122 -1.44639756
v -0.47344552 4.87125765 -1.44620467
v -0.33376374 4.87120136 -1.43847963
v -0.33395837 4.87128992 -1.44623884
v -0.32126141 4.86100056 -1.43867052
v -0.32146709 4.86097783 -1.44633707
v -0.33391980 4.87134177 -1.43847190
v -0.31855823 4.84655155 -1.44647978
v -0.32123414 4.86101954 -1.43850823
v -0.31836441 4.84648694 -1.43876832
v -0.32123610 4.86095006 -1.44664023
v -0.31819762 4.70550594 -1.44646194
v -0.31818188 4.70525338 -1.43880988
v -0.32138735 4.69084938 -1.44635685
v -0.32133931 4.69084628 -1.43855143
v -0.32137258 4.69075284 -1.44639842
v -0.33400877 4.68049581 -1.43868877
v -0.33402864 4.68053590 -1.44633855
v -0.32135676 4.69079631 -1.43851834
v -0.33388740 4.68059813 -1.43875611
v -0.47335062 4.68060079 -1.44631711
v -0.33390141 4.68056006 -1.44645959
v -0.47317597 4.68038583 -1.43847137
v -0.47330493 4.68037407 -1.43861520
v -0.48580000 4.69075419 -1.44649676
v -0.47333328 4.68044220 -1.44650092
v -0.48587975 4.69089851 -1.43863140
v -0.48587079 4.69077515 -1.44638113
v -0.48591245 4.69097086 -1.43852114
v -0.41671288 -3.89600893 -1.50655190
v -1.01896700 -3.73469312 -1.50653161
v -1.01892472 -3.89610448 -1.50667367
v -0.41678657 -3.73459239 -1.50651033
v -0.41638166 -3.89608122 -1.58673201
v -0.41648449 -3.73461207 -1.50652088
v -0.41665363 -3.89587786 -1.50668588
v -0.41661301 -3.65418638 -1.58684949
v -0.41666831 -3.68052630 -1.24591261
v -0.41654983 -3.65430113 -1.24588939
v -0.41651046 -3.73472092 -1.47986551
v -0.41651837 -3.73455486 -1.47980165
v -1.01884846 -3.73450661 -1.50661818
v -0.41673659 -3.73472579 -1.50633542
v -1.01902821 -3.73463013 -1.47984537
v -1.01881114 -3.68073147 -1.24597155
v -1.01879206 -3.73448967 -1.50648627
v -1.01894562 -3.73442277 -1.48000009
v -1.01881635 -3.89600973 -1.58677680
v -1.01889079 -3.89604127 -1.50643199
v -1.01903847 -3.65446019 -1.58682137
v -1.01891303 -3.65431341 -1.24580193
v -0.41666918 -3.89598442 -1.50648886
v -1.01867214 -3.89620857 -1.58689515
v -0.41665643 -3.89592517 -1.58692366
v -1.01874589 -3.89589629 -1.50643878
v -0.41656336 -3.65449242 -1.58681932
v -1.01906737 -3.89610037 -1.58681718
v -1.01895061 -3.65423148 -1.58685173
v -0.41677007 -3.89617296 -1.58697091
v -1.01895139 -3.65420059 -1.24591482
v -0.41657355 -3.65446423 -1.58659169
v -1.01892140 -3.65407888 -1.58692857
v -0.41666799 -3.65405986 -1.24607935
v -0.41656531 -3.68058574 -1.24605213
v -1.01869352 -3.65443496 -1.24587406
v -1.01880352 -3.68065585 -1.24616493
v -0.41679422 -3.65441367 -1.24594429
v -0.41657397 -3.68057021 -1.24597843
v -1.01881708 -3.68047059 -1.24592804
v 0.67252123 2.11186835 -1.53193306
v 0.67250761 2.23991234 -1.51174691
v 0.67277752 2.11173228 -1.51209108
v 0.67264659 2.23987837 -1.53187568
v 0.67254632 2.11201948 -1.51186311
v 0.66264524 2.11166095 -1.53224536
v 0.67259953 2.11181468 -1.53187695
v 0.66249363 2.11165296 -1.51204137
v 0.67264302 2.24004631 -1.53204308
v 0.66249631 2.11171162 -1.53214918
v 0.66257199 2.24006044 -1.53197517
v 0.67243739 2.11176677 -1.53180991
v 0.66277296 2.24000039 -1.51195691
v 0.67237878 2.23981148 -1.53196118
v 0.66257477 2.23999909 -1.53197929
v 0.67242483 2.23980830 -1.51185946
v 0.67249963 2.11192323 -1.51202664
v 0.66272687 2.23990301 -1.51185156
v 0.66257450 2.11175161 -1.51208436
v 0.67253524 2.24013084 -1.51200810
v 0.66235954 2.23994960 -1.51191771
v 0.66241671 2.11170908 -1.53200200
v 0.66250830 2.11180436 -1.51180124
v 0.66259156 2.24000795 -1.53177705
v -0.47907301 4.68936723 -1.44643575
v -0.50932181 4.70465758 -1.25915900
v -0.50917865 4.68962582 -1.25910218
v -0.47934353 4.70471954 -1.44634084
v -0.50915520 4.68954933 -1.25924160
v -0.49917621 4.68970759 -1.44636489
v -0.47915501 4.68968448 -1.44652715
v -0.51983442 4.68971525 -1.25956342
v -0.47910332 4.68970858 -1.53183955
v -0.47925981 4.70470809 -1.53168367
v -0.47922106 4.70485077 -1.53168370
v -0.49934212 4.70468027 -1.44637427
v -0.48621569 4.70480009 -1.61706550
v -0.49924469 4.70472670 -1.61696978
v -0.47928478 4.70479205 -1.53191951
v -0.47914007 4.70475598 -1.44639799
v -0.52002421 4.70489238 -1.25914574
v -0.50915507 4.70477705 -1.25933703
v -0.50910440 4.68983279 -1.25936187
v -0.51952198 4.70468383 -1.25915313
v -0.51988823 4.68971104 -1.25937185
v -0.50922631 4.70470552 -1.25930751
v -0.51982737 4.70483089 -1.25937218
v -0.49938471 4.68967531 -1.44645668
v -0.51990672 4.68968415 -1.25929800
v -0.49922527 4.70472517 -1.44641890
v -0.47919411 4.68977691 -1.44626118
v -0.49927687 4.68956626 -1.53188400
v -0.47941461 4.68955106 -1.53181542
v -0.49926572 4.68947468 -1.44624915
v -0.48618569 4.68980001 -1.61710872
v -0.48626611 4.70463070 -1.61689403
v -0.47930838 4.70467585 -1.53157855
v -0.48603724 4.68966086 -1.61709845
v -0.48655245 4.70490734 -1.61702326
v -0.49945634 4.68976110 -1.61699145
v -0.49929714 4.70467125 -1.61697935
v -0.48627204 4.68972108 -1.61692768
v -0.49913606 4.68975262 -1.53166579
v -0.49939329 4.70461321 -1.61697015
v -0.49919289 4.68972434 -1.61696787
v -0.47923979 4.68973226 -1.53182963
v -0.49925376 4.68976714 -1.61712579
v -0.48609312 4.68978845 -1.61691253
v -0.49928223 4.68952890 -1.53179942
v -0.34759639 4.84847529 -1.51180120
v -0.34763815 4.70467891 -1.53185427
v -0.34751311 4.70466409 -1.51182109
v -0.34763751 4.84853357 -1.53196429
v -0.34778419 4.84865104 -1.51198490
v -0.33770048 4.84857264 -1.53193473
v -0.34773666 4.84843589 -1.53196997
v -0.33765525 4.84857163 -1.51199745
v -0.33757205 4.84866364 -1.53193249
v -0.34774627 4.70466504 -1.53194696
v -0.34771878 4.84863283 -1.53214500
v -0.33743927 4.70452953 -1.53195577
v -0.33772258 4.70482566 -1.51195493
v -0.34777174 4.70470490 -1.53199428
v -0.33781127 4.70478760 -1.53220054
v -0.34753137 4.70470594 -1.51177518
v -0.33767237 4.70465775 -1.51180653
v -0.34771461 4.84834325 -1.51188534
v -0.34779714 4.70473895 -1.51173085
v -0.33750967 4.84850453 -1.51189353
v -0.33764284 4.70467394 -1.53191455
v -0.33762630 4.84846461 -1.51184817
v -0.33781994 4.70494393 -1.51180878
v -0.33775493 4.84851631 -1.53207097
v -1.51220212 4.85931632 -1.44607763
v -1.51234591 4.71386845 -1.46644012
v -1.51214812 4.71387227 -1.44633769
v -1.51199614 4.85957221 -1.46632709
v -1.51209167 4.85939400 -1.44616593
v -1.50194746 4.85938152 -1.46608183
v -1.51217599 4.85939975 -1.46607172
v -1.50207829 4.85919799 -1.44616787
v -1.50224035 4.85923644 -1.46636648
v -1.51211206 4.71378945 -1.46641433
v -1.51218552 4.85945160 -1.46634085
v -1.50224291 4.71367919 -1.46634927
v -1.50201906 4.71400964 -1.44610907
v -1.51216424 4.71391880 -1.46613654
v -1.50219735 4.71394323 -1.46646321
v -1.51207498 4.71385839 -1.44631155
v -1.50202649 4.71378967 -1.44628154
v -1.51198604 4.85930061 -1.44625955
v -1.51221711 4.71398702 -1.44638236
v -1.50197679 4.85938416 -1.44622425
v -1.50220026 4.71389020 -1.46611544
v -1.50208478 4.85931242 -1.44622743
v -1.50205131 4.71391422 -1.44621805
v -1.50204401 4.85944707 -1.46638054
v -0.48089999 4.86056448 -1.51168295
v -0.35259763 4.86049771 -1.53181251
v -0.48051962 4.86051918 -1.53182337
v -0.35243408 4.86045454 -1.51208640
v -0.35260686 4.85051084 -1.53190981
v -0.35256448 4.86042312 -1.51204284
v -0.35268710 4.85045970 -1.51204018
v -0.35251378 4.86042933 -1.53199781
v -0.35229099 4.86051741 -1.53198921
v -0.48071872 4.85031903 -1.53181407
v -0.48061244 4.86045702 -1.53192958
v -0.35258211 4.85051366 -1.53209323
v -0.48067284 4.86066865 -1.51182983
v -0.48076210 4.85057127 -1.53175043
v -0.48062461 4.85048253 -1.51195978
v -0.48065534 4.86071247 -1.53216337
v -0.35241049 4.85048779 -1.51171876
v -0.48071400 4.86028718 -1.51166900
v -0.48082136 4.85055571 -1.51188956
v -0.35251633 4.86052671 -1.51193309
v -0.35249279 4.85050444 -1.51179284
v -0.48068767 4.85050558 -1.53181521
v -0.35260609 4.85047971 -1.53190366
v -0.48059291 4.85046579 -1.51186594
v -1.49671315 4.69844849 -1.44643138
v -1.51668404 4.71336769 -1.44639474
v -1.51688267 4.69832530 -1.44640104
v -1.49683166 4.71330123 -1.44644519
v -1.51691448 4.71325161 -1.44624500
v -1.49678445 4.71329340 -1.53187198
v -1.51662762 4.71347814 -1.53169358
v -1.49666848 4.71332710 -1.44642756
v -1.51682554 4.71344681 -1.44632591
v -1.51666038 4.69853662 -1.53165310
v -1.51668933 4.69842387 -1.44655845
v -1.51675488 4.71322514 -1.53156254
v -1.51680669 4.71356712 -1.53161622
v -1.49673472 4.69814664 -1.44651494
v -1.51664726 4.69828992 -1.53188088
v -1.49670063 4.69849955 -1.53155921
v -1.51680461 4.69835147 -1.44633418
v -1.49683120 4.71332283 -1.61709754
v -1.49663519 4.69827025 -1.53187215
v -1.49664350 4.69825257 -1.61718314
v -1.49680479 4.71335509 -1.44624692
v -1.49669541 4.71349426 -1.53196049
v -1.49676454 4.69818846 -1.44642653
v -1.49659708 4.71332569 -1.53185623
v -1.49657860 4.71329897 -1.61702697
v -1.51682459 4.71343639 -1.53176662
v -1.50923120 4.71344720 -1.61682414
v -1.50932231 4.69821788 -1.61717619
v -1.49673942 4.69836243 -1.53180100
v -1.50915587 4.69834025 -1.61715703
v -1.49672543 4.69825295 -1.61703679
v -1.51686210 4.69845680 -1.53176379
v -1.49670194 4.71347438 -1.61713324
v -1.50931411 4.69850594 -1.61701255
v -1.50928338 4.71333298 -1.61715882
v -1.49649522 4.69830273 -1.61685779
v -1.51682655 4.71351319 -1.53174807
v -1.49663387 4.71350493 -1.61700938
v -1.50923043 4.71321989 -1.61710329
v 0.82321331 2.27224056 -1.29274666
v 0.82298351 2.26997879 -1.26230614
v 0.82288165 2.26612056 -1.29278806
v 0.82287675 2.27627233 -1.26205972
v 0.77330230 2.27572242 -1.26226685
v 0.82286943 2.26611707 -1.29279449
v 0.82296702 2.26998089 -1.26207648
v 0.72380278 2.27803885 -1.29276558
v 0.67415959 2.26589538 -1.29296040
v 0.67414559 2.27248959 -1.29290883
v 0.72379684 2.27172043 -1.29265555
v 0.77367756 2.27796712 -1.29287112
v 0.77351123 2.27170766 -1.29257100
v 0.82307598 2.27219479 -1.29280029
v 0.82304452 2.26599755 -1.29289787
v 0.82280021 2.27619950 -1.26208639
v 0.82298454 2.27207343 -1.29283716
v 0.77319927 2.27798103 -1.29286990
v 0.72373831 2.27577873 -1.26213162
v 0.67420298 2.27650087 -1.26190072
v 0.67428545 2.27002375 -1.26207236
v 0.72372069 2.28202052 -1.26224131
v 0.77343131 2.27591641 -1.26191914
v 0.77353871 2.28217909 -1.26222227
v 0.82300847 2.27010005 -1.26216336
v 0.82319438 2.27628108 -1.26222496
v 0.77344044 2.27599638 -1.26233931
v 0.77331282 2.27181953 -1.29285049
v 0.82321481 2.26585993 -1.29266822
v 0.72378721 2.27173332 -1.29288765
v 0.72362921 2.27586823 -1.26220572
v 0.67410116 2.26992845 -1.26225940
v 0.67433763 2.26584940 -1.29283629
v 0.72400109 2.27164049 -1.29278042
v 0.67423504 2.27001268 -1.26222225
v 0.67432989 2.27229769 -1.29284535
v 0.67405259 2.26582494 -1.29288647
v 0.67397238 2.27648861 -1.26214000
v 0.72385224 2.28195879 -1.26220112
v 0.72377140 2.27801629 -1.29280130
v 0.67406720 2.27237805 -1.29270590
v 0.77340867 2.27811586 -1.29265408
v 0.77354596 2.28212344 -1.26218340
v 0.82295055 2.27645919 -1.26222364
v 0.72370130 2.28216418 -1.26209619
v 0.67426303 2.27217601 -1.29274853
v 0.67429204 2.27631648 -1.26217854
v 0.67416577 2.27020161 -1.26205687
v -0.41674842 -4.38177205 -1.50646132
v -1.01894064 -4.22014110 -1.50650133
v -1.01881337 -4.38178298 -1.50658601
v -0.41658276 -4.22017213 -1.50662767
v -1.01897333 -4.43576959 -1.24596289
v -1.01884554 -4.46195738 -1.58685437
v -1.01913643 -4.46203915 -1.24577468
v -1.01909693 -4.38147176 -1.50655999
v -1.01912279 -4.22004481 -1.58670475
v -1.01897084 -4.38152350 -1.47986323
v -1.01891316 -4.22017923 -1.50655303
v -1.01886388 -4.38157362 -1.47988061
v -0.41657808 -4.38166795 -1.50651506
v -1.01897017 -4.38160364 -1.50636239
v -0.41667695 -4.38176606 -1.47966026
v -0.41657845 -4.46199643 -1.58686442
v -0.41670399 -4.43561100 -1.24589329
v -0.41654346 -4.46190579 -1.24618092
v -0.41673243 -4.38158417 -1.50680532
v -0.41661714 -4.22030325 -1.58677248
v -0.41662935 -4.38150355 -1.47979104
v -0.41659705 -4.22029784 -1.50646365
v -1.01867081 -4.22037456 -1.50663554
v -0.41643568 -4.22014326 -1.58686920
v -1.01883707 -4.22016193 -1.58690632
v -0.41667844 -4.22010751 -1.50649326
v -0.41649672 -4.22012849 -1.58690230
v -1.01875982 -4.46202480 -1.58688562
v -1.01899993 -4.22034237 -1.58677360
v -0.41671847 -4.46199993 -1.58674031
v -0.41651883 -4.46199339 -1.24610369
v -1.01892931 -4.46209502 -1.58694360
v -0.41664925 -4.46194517 -1.58689623
v -1.01893358 -4.46178486 -1.24590227
v -0.41646533 -4.46183545 -1.24594340
v -1.01904480 -4.43584768 -1.24596968
v -1.01896099 -4.46202598 -1.24592490
v -0.41648148 -4.43571570 -1.24595861
v -1.01897539 -4.43578022 -1.24576212
v -0.41673966 -4.43572540 -1.24601408
v -1.64369552 4.69981838 -1.44629452
v -1.67365960 4.71488531 -1.25931904
v -1.67360800 4.69989469 -1.25929937
v -1.64366273 4.71492435 -1.44648564
v -1.67363832 4.69967671 -1.25935551
v -1.66372013 4.69962161 -1.44622562
v -1.64368193 4.69968760 -1.44639370
v -1.68426420 4.69968874 -1.25923330
v -1.64374391 4.69966146 -1.53167185
v -1.64390644 4.69963023 -1.53172581
v -1.64364845 4.71472772 -1.53171253
v -1.64372046 4.71457470 -1.53162882
v -1.66373431 4.71466873 -1.44624443
v -1.65069853 4.71470327 -1.61694016
v -1.66370610 4.71485464 -1.61711798
v -1.64374202 4.71468277 -1.53178302
v -1.64392484 4.71488117 -1.44652082
v -1.68421560 4.71463325 -1.25922710
v -1.67376912 4.71476630 -1.25940576
v -1.67370663 4.69977813 -1.25921699
v -1.68425710 4.71467902 -1.25946788
v -1.68436785 4.69965629 -1.25908529
v -1.67358574 4.71480131 -1.25929982
v -1.68435081 4.71483505 -1.25927798
v -1.66379727 4.69990909 -1.44650014
v -1.68430421 4.69968348 -1.25930705
v -1.66390913 4.71490080 -1.44654496
v -1.64377855 4.69973615 -1.44652741
v -1.66377842 4.69968673 -1.53175135
v -1.64369866 4.69956685 -1.53178390
v -1.66362851 4.69983062 -1.44645840
v -1.65065612 4.71467055 -1.61719731
v -1.65097901 4.69959363 -1.61700747
v -1.65080293 4.71494132 -1.61696797
v -1.66379907 4.69968623 -1.61707781
v -1.66365822 4.71472838 -1.61705685
v -1.65084559 4.69984465 -1.61709168
v -1.66382953 4.69955522 -1.53162613
v -1.66382379 4.71476105 -1.61709806
v -1.66378162 4.69950312 -1.61713700
v -1.64379687 4.69994017 -1.53158652
v -1.66371661 4.69996830 -1.61692239
v -1.65090901 4.69957570 -1.61702746
v -1.66376943 4.69973545 -1.53181257
v -0.50531329 4.85098793 -1.34954281
v -0.49493355 4.85096356 -1.38023048
v -0.50123801 4.85117625 -1.38021222
v -0.49914125 4.85103268 -1.34952735
v -0.49502476 4.85103741 -1.38033967
v -0.49932780 4.85100641 -1.34946535
v -0.50497954 4.80135080 -1.34968445
v -0.50142596 4.85096627 -1.38022352
v -0.50711209 4.75193464 -1.38022786
v -0.50712659 4.80119865 -1.38026995
v -0.50147179 4.70232165 -1.38028283
v -0.50090701 4.80136100 -1.38041552
v -0.49514244 4.85105728 -1.38016777
v -0.50077353 4.75189580 -1.38019772
v -0.49511913 4.70236072 -1.38043116
v -0.50549253 4.85096975 -1.34986397
v -0.50697332 4.80120962 -1.38021872
v -0.50695936 4.80139640 -1.38030248
v -0.51145007 4.80139154 -1.34950839
v -0.51130679 4.80131612 -1.34990044
v -0.50126999 4.85106734 -1.38032191
v -0.50539683 4.70215424 -1.34969417
v -0.51103137 4.80132426 -1.34962919
v -0.51122918 4.75182167 -1.34965875
v -0.50564137 4.85101016 -1.34968464
v -0.50499882 4.75172477 -1.34976367
v -0.49927126 4.70225205 -1.34965561
v -0.50475689 4.80148034 -1.34972134
v -0.49924312 4.85100647 -1.34969584
v -0.49508506 4.85122652 -1.38030629
v -0.50491546 4.80129351 -1.34981559
v -0.50084175 4.80137411 -1.38026948
v -0.50068640 4.75175839 -1.38036172
v -0.50482735 4.75176618 -1.34965342
v -0.50083864 4.75200712 -1.38046566
v -0.49927245 4.70227721 -1.34953866
v -0.49519256 4.70233217 -1.38033950
v -0.49926260 4.70214389 -1.34962258
v -0.50135337 4.70211842 -1.38026903
v -0.49512522 4.70208532 -1.38011438
v -0.50560607 4.70222015 -1.34978065
v -0.51129734 4.75182098 -1.34964261
v -0.51135900 4.75179905 -1.34962298
v -0.50124933 4.70229255 -1.38017880
v -0.50543948 4.70214004 -1.34969358
v -0.50705164 4.75173997 -1.38040718
v -0.50715055 4.75162230 -1.38037191
v -0.49930562 4.70216654 -1.34952281
v 0.66309051 2.24503823 -1.43909205
v 0.65258830 2.09326421 -1.43905476
v 0.65260391 2.23254809 -1.43905237
v 0.66285509 2.08091775 -1.43903040
v 0.67693395 2.24805010 -1.43896164
v 0.67684718 2.07752904 -1.43925495
v 0.81870903 2.24805883 -1.43892904
v 0.81876391 2.07761191 -1.43892348
v 0.83285084 2.24486956 -1.43886607
v 0.83293498 2.08071810 -1.43894206
v 0.84317554 2.23264681 -1.43890607
v 0.84315960 2.09327162 -1.43930550
v -0.33768475 3.16950546 -1.50626490
v -0.49914527 3.77196373 -1.50640974
v -0.49926378 3.16972188 -1.50655742
v -0.33774158 3.77196935 -1.50648209
v -0.33781871 3.77203930 -1.50646228
v -0.33780368 3.77211548 -1.58678655
v -0.49921289 3.77197409 -1.50653277
v -0.57953688 3.77197502 -1.58685091
v -0.57951184 3.77203870 -1.24581847
v -0.49908723 3.77211601 -1.47977104
v -0.55333189 3.77191719 -1.24598993
v -0.49905867 3.16983429 -1.50667952
v -0.49936679 3.77220191 -1.47967657
v -0.49924734 3.16970144 -1.47981976
v -0.49906731 3.77197680 -1.50646610
v -0.33771320 3.16974076 -1.50641806
v -0.57947448 3.16957611 -1.58674325
v -0.33779239 3.16980292 -1.58680962
v -0.49928393 3.16973602 -1.50659386
v -0.57946162 3.16966739 -1.24586119
v -0.49925621 3.16967121 -1.47989781
v -0.55335167 3.16968140 -1.24594402
v -0.33768334 3.16971478 -1.58688454
v -0.33790397 3.77212565 -1.50658053
v -0.33769999 3.16959861 -1.50637016
v -0.33766972 3.77193601 -1.58680087
v -0.33760194 3.77201012 -1.58701418
v -0.57944220 3.16990176 -1.58700342
v -0.57938308 3.77200427 -1.58684659
v -0.33772174 3.16971075 -1.58674738
v -0.57961096 3.77201863 -1.24606362
v -0.57954290 3.17001887 -1.58692523
v -0.57944303 3.16974136 -1.24616615
v -0.57960915 3.77183947 -1.58685301
v -0.55340588 3.16961608 -1.24612610
v -0.57941968 3.77208971 -1.24581154
v -0.57950805 3.16978630 -1.24584875
v -0.55305130 3.77189753 -1.24605059
v -0.55337114 3.77188326 -1.24589188
v -0.55319326 3.16956398 -1.24607933
v 0.75176849 4.85042123 -1.44616744
v 0.62353465 4.86062272 -1.44607400
v 0.62336179 4.85061358 -1.44624142
v 0.75161781 4.86057514 -1.44629324
v 0.62342139 4.86047648 -1.44604960
v 0.75154663 4.86040401 -1.46644443
v 0.62342685 4.86049693 -1.46640574
v 0.75176814 4.86052340 -1.44611610
v 0.62375209 4.86040951 -1.44624133
v 0.62348935 4.85042535 -1.46622638
v 0.62361468 4.85041975 -1.44605266
v 0.62352397 4.86050033 -1.46636099
v 0.75180536 4.85055003 -1.44619098
v 0.62332815 4.85044703 -1.46620662
v 0.75169241 4.85046234 -1.46621502
v 0.62336288 4.85055513 -1.44638837
v 0.75174578 4.85053226 -1.46632061
v 0.75178446 4.86056379 -1.44624662
v 0.75169167 4.85055608 -1.44615937
v 0.75179834 4.86055515 -1.46632763
v 0.75162583 4.86040608 -1.46640742
v 0.62334316 4.85041100 -1.46636213
v 0.62355894 4.86048863 -1.46622953
v 0.75185302 4.85037031 -1.46629441
v -1.49671687 4.85742952 -1.44652213
v -1.51674916 4.87262600 -1.44642681
v -1.51669684 4.85755290 -1.44629266
v -1.49667274 4.87261452 -1.44628130
v -1.51680030 4.87264666 -1.44629435
v -1.49658329 4.87264609 -1.53166161
v -1.51678473 4.87266197 -1.53177901
v -1.49672098 4.87257647 -1.44634153
v -1.51658785 4.87273610 -1.44626531
v -1.51668336 4.85753664 -1.53181696
v -1.51681607 4.85753500 -1.53154898
v -1.51669515 4.85755926 -1.44633742
v -1.51689487 4.87249080 -1.53167291
v -1.51664883 4.87249778 -1.53166849
v -1.49687317 4.85757295 -1.44624936
v -1.50933479 4.85745643 -1.61677687
v -1.49667208 4.85766445 -1.61712294
v -1.51687905 4.85736126 -1.53162299
v -1.51692790 4.85731275 -1.44646179
v -1.49671768 4.87256991 -1.61718441
v -1.49676127 4.87256546 -1.53192783
v -1.49666705 4.85758352 -1.61691241
v -1.49662982 4.87271904 -1.44636660
v -1.49652169 4.85753374 -1.44618069
v -1.51669294 4.87250151 -1.53170744
v -1.49685853 4.87272463 -1.61708379
v -1.50918565 4.87282853 -1.61705425
v -1.49667326 4.87254379 -1.53168783
v -1.50908327 4.85765409 -1.61703021
v -1.50920359 4.87238437 -1.61704244
v -1.49697175 4.87271559 -1.61728107
v -1.50925696 4.85742648 -1.61678898
v -1.50944558 4.87256435 -1.61687917
v -1.49663107 4.85754203 -1.61707926
v -0.34763909 4.84929241 -1.44620851
v -0.34765347 4.70394662 -1.46626003
v -0.34756080 4.70371578 -1.44604444
v -0.34760128 4.84954107 -1.46621298
v -0.34765949 4.84938512 -1.44631133
v -0.33763340 4.84938982 -1.46625435
v -0.34781924 4.84942151 -1.46637280
v -0.33763221 4.84945903 -1.44626479
v -0.33762289 4.84932461 -1.46621213
v -0.34776885 4.70370909 -1.46648438
v -0.34742245 4.84944098 -1.46609994
v -0.33764879 4.70398738 -1.46631482
v -0.33774130 4.70395870 -1.44622192
v -0.34762187 4.70391415 -1.46620692
v -0.33763201 4.70363017 -1.46639214
v -0.34759007 4.70407319 -1.44619493
v -0.33746625 4.70362317 -1.44603618
v -0.34776712 4.84926494 -1.44622248
v -0.34761805 4.70374588 -1.44608759
v -0.33775997 4.84938458 -1.44628326
v -0.33758765 4.70366055 -1.46637041
v -0.33773987 4.84946510 -1.44642439
v -0.33742970 4.70381712 -1.44617152
v -0.33787502 4.84928747 -1.46618119
v -0.33202401 4.84737733 -1.44628005
v -0.35223520 4.86262633 -1.44642007
v -0.35209573 4.84730274 -1.44633109
v -0.33202013 4.86263956 -1.44642779
v -0.35219955 4.86258672 -1.44642661
v -0.33206885 4.86266021 -1.53186829
v -0.35205998 4.86252583 -1.53174444
v -0.33208375 4.86247966 -1.44634922
v -0.35228750 4.86255587 -1.44635763
v -0.35225122 4.84744631 -1.53160123
v -0.35219371 4.84753243 -1.53163456
v -0.35247088 4.84757511 -1.44615783
v -0.35236107 4.86278254 -1.53191298
v -0.33225277 4.84755065 -1.44646017
v -0.34490954 4.84749640 -1.61700983
v -0.33208916 4.84745214 -1.61726648
v -0.35219382 4.84761530 -1.53177467
v -0.35217153 4.84733858 -1.44647314
v -0.33230366 4.86256951 -1.61717727
v -0.33200779 4.86257378 -1.53172213
v -0.33210567 4.84761343 -1.61701488
v -0.33226725 4.86256859 -1.44644337
v -0.33212412 4.84744018 -1.44639058
v -0.35214412 4.86243732 -1.53174204
v -0.33220447 4.86249607 -1.61678900
v -0.34469030 4.86249095 -1.61712218
v -0.33214465 4.86265227 -1.53173733
v -0.34472328 4.86237767 -1.61701325
v -0.34467407 4.86257641 -1.61712148
v -0.34470123 4.84737811 -1.61708471
v -0.35218951 4.84738597 -1.53145072
v -0.34483174 4.86235005 -1.61694043
v -0.33214245 4.84747665 -1.61700405
v -0.34474995 4.84746994 -1.61698303
v -0.33213874 4.86265951 -1.61710486
v -1.68163838 4.86112976 -1.26207643
v -1.67116620 4.86107435 -1.29267938
v -1.67755126 4.86093925 -1.29269606
v -1.67521552 4.86099086 -1.26217946
v -1.67699016 4.81140364 -1.29264136
v -1.67525075 4.86094813 -1.26209536
v -1.68095315 4.81145130 -1.26215726
v -1.67111192 4.86114381 -1.29278950
v -1.67752208 4.86103989 -1.29267738
v -1.68312991 4.76180772 -1.29248373
v -1.68294907 4.81134800 -1.29267225
v -1.67756707 4.71225313 -1.29261772
v -1.67683106 4.81133327 -1.29272554
v -1.67141986 4.86089845 -1.29277577
v -1.67699756 4.76201568 -1.29276555
v -1.67103157 4.71226077 -1.29276180
v -1.67744539 4.86126822 -1.29261108
v -1.68332688 4.81143047 -1.29260396
v -1.68175586 4.86125494 -1.26208421
v -1.68170535 4.71201727 -1.26214408
v -1.68712570 4.81148193 -1.26209256
v -1.68725646 4.76182593 -1.26210891
v -1.68166446 4.86100388 -1.26224639
v -1.68104723 4.76181251 -1.26213082
v -1.67529232 4.71207603 -1.26226539
v -1.68103619 4.81151259 -1.26218038
v -1.67521567 4.86090339 -1.26202646
v -1.67695963 4.76176762 -1.29277541
v -1.68096139 4.76182798 -1.26208155
v -1.67134837 4.71223812 -1.29268983
v -1.67520643 4.71221901 -1.26211645
v -1.67507350 4.71213099 -1.26212306
v -1.67745024 4.71232119 -1.29289823
v -1.67099783 4.71233925 -1.29253809
v -1.68159073 4.71218589 -1.26233735
v -1.68325958 4.76171943 -1.29298878
v -1.67755353 4.71222131 -1.29279682
v -1.68703809 4.76201380 -1.26212984
v -1.68723213 4.81141828 -1.26219331
v -1.68154723 4.71223695 -1.26198367
v -1.65033918 4.87091677 -1.44652586
v -1.65342826 4.71549584 -1.44647957
v -1.65354156 4.85674666 -1.44636762
v -1.65045197 4.70111350 -1.44640133
v -1.63789338 4.88130815 -1.44650071
v -1.63794086 4.69066383 -1.44642872
v -1.49839371 4.88118418 -1.44639576
v -1.49857279 4.69046516 -1.44618846
v -1.48576905 4.87109551 -1.44637290
v -1.48588329 4.70085180 -1.44641550
v -1.48272215 4.85648687 -1.44635011
v -1.48249720 4.71537025 -1.44648390
v -1.65327890 4.85638932 -1.43868167
v -1.65325617 4.71541701 -1.44647572
v -1.65343429 4.71551808 -1.43866807
v -1.65342228 4.85675108 -1.44638385
v -1.65059099 4.87098511 -1.43860282
v -1.65047144 4.87120697 -1.44634859
v -1.65041308 4.87108295 -1.43855717
v -1.63797637 4.88137037 -1.44631313
v -1.65037637 4.87110151 -1.44625408
v -1.63763088 4.88113327 -1.43865251
v -1.63788170 4.88125208 -1.43853549
v -1.49863066 4.88136907 -1.44652835
v -1.63787929 4.88117248 -1.44642208
v -1.49841140 4.88108528 -1.43841134
v -1.49854529 4.88152466 -1.44653094
v -1.48575728 4.87108375 -1.43859811
v -1.48599620 4.87097574 -1.44623653
v -1.49835550 4.88138897 -1.43841853
v -1.48272522 4.85649014 -1.44627990
v -1.48577458 4.87116787 -1.43852414
v -1.48271224 4.85660195 -1.43857394
v -1.48596002 4.87102084 -1.44636040
v -1.48265851 4.71543847 -1.44642284
v -1.48275181 4.71533945 -1.43862537
v -1.48576242 4.70074578 -1.44626002
v -1.48588286 4.70089947 -1.43861559
v -1.48591610 4.70078892 -1.44628279
v -1.49862153 4.69057561 -1.43864096
v -1.49849759 4.69075314 -1.44644372
v -1.48592389 4.70069350 -1.43876862
v -1.49846995 4.69049202 -1.43850206
v -1.63775480 4.69046862 -1.44621791
v -1.49833039 4.69056533 -1.44628920
v -1.63759759 4.69060433 -1.43863091
v -1.63776368 4.69058143 -1.43854508
v -1.65029822 4.70088756 -1.44654271
v -1.63785920 4.69045235 -1.44633385
v -1.65044544 4.70089120 -1.43862543
v -1.65049329 4.70096038 -1.44632881
v -1.65044239 4.70068141 -1.43870788
v 0.83440065 2.09144306 -1.44649815
v 0.81957670 2.11160468 -1.44641554
v 0.81937668 2.09139712 -1.44636808
v 0.83452612 2.11150531 -1.44627629
v 0.83448754 2.09143903 -1.53166947
v 0.83455211 2.11163990 -1.44644962
v 0.83444288 2.09151790 -1.44638510
v 0.83460635 2.11160657 -1.53165354
v 0.81936384 2.11151733 -1.44645453
v 0.83447532 2.11154429 -1.53156934
v 0.81967783 2.11144580 -1.53173137
v 0.83444015 2.11144624 -1.44642651
v 0.81929654 2.11156483 -1.44651573
v 0.81944225 2.09137029 -1.53165640
v 0.81954863 2.09151235 -1.44640464
v 0.81929292 2.10398111 -1.61700973
v 0.81939696 2.11149805 -1.53167362
v 0.83474384 2.09137184 -1.44635345
v 0.81940101 2.09133618 -1.53176301
v 0.83449760 2.09140802 -1.53167420
v 0.81943519 2.09123478 -1.44634347
v 0.83457395 2.10393805 -1.61712614
v 0.83447374 2.09152394 -1.53175323
v 0.83462287 2.09137057 -1.61696707
v 0.83452410 2.11149282 -1.53164040
v 0.83460678 2.10414733 -1.61706912
v 0.81956938 2.11165570 -1.53175950
v 0.83453512 2.10392963 -1.61712672
v 0.81956178 2.10399197 -1.61702100
v 0.81945648 2.10426248 -1.61704125
v 0.81926995 2.09140544 -1.61701180
v 0.81952367 2.09150173 -1.53159490
v 0.83455022 2.09125629 -1.53179369
v 0.81948733 2.09137822 -1.61701954
v 0.83455345 2.09161728 -1.61712920
v 0.81933534 2.09132281 -1.53177665
v 0.83457601 2.10407116 -1.61712750
v 0.81934996 2.09142495 -1.61699123
v 0.81957654 2.10422137 -1.61698183
v 0.83455557 2.09138451 -1.61702337
v 0.16805727 3.16972072 -1.50645019
v 0.00646266 3.77207688 -1.50662407
v 0.00632909 3.16960712 -1.50673049
v 0.16799233 3.77227568 -1.50654941
v 0.00637977 3.16974650 -1.50636180
v 0.00647182 3.16984313 -1.58683817
v 0.16792706 3.16955165 -1.50649137
v 0.24810873 3.16960045 -1.58700024
v 0.24826809 3.16994734 -1.24604135
v 0.16787477 3.16967194 -1.47977905
v 0.22208723 3.16970565 -1.24600797
v 0.16771576 3.77209344 -1.47981664
v 0.16771468 3.16958727 -1.50663041
v 0.16785642 3.16961605 -1.47974402
v 0.16780382 3.77197501 -1.50663662
v 0.00653431 3.77198272 -1.50652714
v 0.24826309 3.77202743 -1.58685187
v 0.00654068 3.77206750 -1.58682504
v 0.16786278 3.77204456 -1.50660254
v 0.24836124 3.77205712 -1.24591937
v 0.16783608 3.77200436 -1.47975304
v 0.22178199 3.77199943 -1.24603304
v 0.00634437 3.77209841 -1.50660762
v 0.00635422 3.16981367 -1.58703274
v 0.00656998 3.16982044 -1.50674056
v 0.00643867 3.77205836 -1.58673117
v 0.24815034 3.77201125 -1.58675960
v 0.00636855 3.16977006 -1.58672216
v 0.00635325 3.77205966 -1.58682898
v 0.24809623 3.16972527 -1.58686400
v 0.24812295 3.16967188 -1.58693886
v 0.24824701 3.77207022 -1.24588750
v 0.24821601 3.16973143 -1.24602451
v 0.24827338 3.77196346 -1.58677833
v 0.24815792 3.16962888 -1.24592576
v 0.22215499 3.77211669 -1.24601301
v 0.22184024 3.16955305 -1.24593715
v 0.24822261 3.77182671 -1.24598278
v 0.22209696 3.77202492 -1.24596961
v 0.22186411 3.16978125 -1.24603988
v 0.67665207 2.26854871 -1.25934510
v 0.66163175 2.23845644 -1.44635828
v 0.66181290 2.23845558 -1.44634403
v 0.67670182 2.23828325 -1.44628260
v 0.66172907 2.26855445 -1.25934914
v 0.66166760 2.25873335 -1.61682629
v 0.66166068 2.24560226 -1.61715568
v 0.66163140 2.25845182 -1.53161824
v 0.66161085 2.26841990 -1.25915695
v 0.66163909 2.23856570 -1.53174461
v 0.66173077 2.23835221 -1.44640016
v 0.66149925 2.25844565 -1.44647519
v 0.66185402 2.27896528 -1.25903790
v 0.66172156 2.23850556 -1.53180298
v 0.67680104 2.23865391 -1.53162520
v 0.67675283 2.25854340 -1.44632647
v 0.67672799 2.26840784 -1.25914905
v 0.67667693 2.23854986 -1.44617936
v 0.67681137 2.27902527 -1.25925910
v 0.67682182 2.26834368 -1.25904517
v 0.66163253 2.27908989 -1.25919571
v 0.66199185 2.26842031 -1.25929921
v 0.67666941 2.27914390 -1.25906307
v 0.66154695 2.25849480 -1.53174991
v 0.67667124 2.25869170 -1.61696358
v 0.66180026 2.25848553 -1.61716992
v 0.67671099 2.25845368 -1.53170470
v 0.67682172 2.25830787 -1.61697890
v 0.66187576 2.24544384 -1.61702230
v 0.66153024 2.25844461 -1.61704388
v 0.67690622 2.24573891 -1.61704391
v 0.66175971 2.24528359 -1.61709242
v 0.67669019 2.24563114 -1.61713733
v 0.66156071 2.27897941 -1.25918036
v 0.67675043 2.25849732 -1.44630087
v 0.67669675 2.25847016 -1.44647063
v 0.66143487 2.25855256 -1.44632608
v 0.67676328 2.27935246 -1.25927625
v 0.67658206 2.25871756 -1.53156410
v 0.66157121 2.25852536 -1.53177807
v 0.67677263 2.23842243 -1.53164694
v 0.67681378 2.25874186 -1.44644129
v 0.67679205 2.23856601 -1.44637316
v 0.67688524 2.25857758 -1.53171216
v 0.67693283 2.25845534 -1.61693141
v 0.67663987 2.25859378 -1.53164204
v 0.67681586 2.24572266 -1.61712496
v 0.67658662 2.25855362 -1.53169319
v 0.67670811 2.23871718 -1.53171368
v 0.67658329 2.24549720 -1.61700641
v -1.51699919 4.70072211 -1.44609840
v -1.64508223 4.71072831 -1.44610590
v -1.64519037 4.70076138 -1.44607364
v -1.51706217 4.71068506 -1.44608270
v -1.51683868 4.70064834 -1.44610111
v -1.64538090 4.70057240 -1.46626754
v -1.51709552 4.70059830 -1.46629559
v -1.64529896 4.70065719 -1.44625996
v -1.51703028 4.70069940 -1.46633566
v -1.51684396 4.71068749 -1.44627788
v -1.51714087 4.70060691 -1.44626747
v -1.51711262 4.71050611 -1.46632245
v -1.64522774 4.71065524 -1.44632148
v -1.51704481 4.71057361 -1.46634699
v -1.64504272 4.71066669 -1.46604505
v -1.51690734 4.71067704 -1.44606055
v -1.64505629 4.71046980 -1.44627495
v -1.64520172 4.70062816 -1.46623920
v -1.64533886 4.70063774 -1.44614469
v -1.64527182 4.71051682 -1.46620912
v -1.51703582 4.71072688 -1.46616309
v -1.64513907 4.70044918 -1.46636120
v -1.64536867 4.71058541 -1.46636110
v -1.51682701 4.70066558 -1.46629436
v 0.66266840 2.24538539 -1.44646244
v 0.65230243 2.09316611 -1.44652121
v 0.65259721 2.23246852 -1.44631785
v 0.66295210 2.08052665 -1.44638352
v 0.67751071 2.24821262 -1.44639788
v 0.67727959 2.07750540 -1.44645387
v 0.81855365 2.24836959 -1.44646503
v 0.81865369 2.07775498 -1.44640341
v 0.83278428 2.24509109 -1.44639227
v 0.83293138 2.08080127 -1.44650427
v 0.84323270 2.23255530 -1.44628562
v 0.84322028 2.09321523 -1.44637322
v 0.67726386 2.24829779 -1.43851700
v 0.81835422 2.24832919 -1.44633694
v 0.67729985 2.24834233 -1.44623739
v 0.81836510 2.24820299 -1.43856321
v 0.83312953 2.24523903 -1.43854978
v 0.83316516 2.24517271 -1.44626933
v 0.84317423 2.23258548 -1.44627594
v 0.83288198 2.24512894 -1.43858804
v 0.84340071 2.23240354 -1.43863617
v 0.83305972 2.24496894 -1.44617428
v 0.84326172 2.09345307 -1.44646991
v 0.84333077 2.23250760 -1.43854470
v 0.84316763 2.09317828 -1.43875305
v 0.84294959 2.23256955 -1.44612522
v 0.83292606 2.08057177 -1.44632030
v 0.84317489 2.09319085 -1.43870570
v 0.83285989 2.08073458 -1.43866301
v 0.84326568 2.09320594 -1.44646172
v 0.83298887 2.08070844 -1.44649849
v 0.81848114 2.07766530 -1.43860623
v 0.81843652 2.07758398 -1.44635006
v 0.83283914 2.08056871 -1.43853131
v 0.67723304 2.07757446 -1.44637882
v 0.67723087 2.07759732 -1.43843824
v 0.66271287 2.08055834 -1.44638794
v 0.66266976 2.08055976 -1.43872876
v 0.65231793 2.09327926 -1.43848719
v 0.66297619 2.08060565 -1.44627179
v 0.66276473 2.08054595 -1.43850721
v 0.65248605 2.09331293 -1.44634081
v 0.65241063 2.23246078 -1.43868218
v 0.65244357 2.09333886 -1.44638296
v 0.65266028 2.09330119 -1.43859286
v 0.65242308 2.23237088 -1.44625825
v 0.66293118 2.24517315 -1.43839233
v 0.65250549 2.23257289 -1.44625247
v 0.65251350 2.23252810 -1.43861168
v 0.66261654 2.24518932 -1.44637325
v 0.66292227 2.24526448 -1.43865197
v 0.66287933 2.24522796 -1.44620817
v 0.67679083 2.24805272 -1.44608302
v 0.82045678 2.24796368 -1.46624366
v 0.67675474 2.24817233 -1.46627189
v 0.82050165 2.24813898 -1.44619920
v 0.82066322 2.23786979 -1.46640066
v 0.82046690 2.24817883 -1.44620122
v 0.82035460 2.23810527 -1.44630869
v 0.82062915 2.24815766 -1.46611218
v 0.82062613 2.24817751 -1.46619438
v 0.67666455 2.23801392 -1.46626740
v 0.67671737 2.24800755 -1.46634491
v 0.82064340 2.23790257 -1.46615647
v 0.67690870 2.24795768 -1.44604689
v 0.67668491 2.23817704 -1.46632731
v 0.67683164 2.23795293 -1.44632779
v 0.67688098 2.24797679 -1.46640113
v 0.82049925 2.23799179 -1.44606768
v 0.67660674 2.24801814 -1.44610930
v 0.67662192 2.23813213 -1.44607974
v 0.82070233 2.24828218 -1.44626689
v 0.82042112 2.23792939 -1.44619340
v 0.67668369 2.23800189 -1.46638839
v 0.82063097 2.23787016 -1.46632482
v 0.67678008 2.23808974 -1.44621320
v 0.67595112 2.10688710 -1.44598536
v 0.82145434 2.10684353 -1.46617956
v 0.67582926 2.10696155 -1.46614151
v 0.82125931 2.10706775 -1.44621941
v 0.82145909 2.09692849 -1.46632624
v 0.82120378 2.10679405 -1.44616071
v 0.82123205 2.09683093 -1.44621730
v 0.82127848 2.10687494 -1.46620567
v 0.82146168 2.10697005 -1.46620170
v 0.67590767 2.09683674 -1.46624956
v 0.67567610 2.10692990 -1.46631337
v 0.82147402 2.09668902 -1.46638023
v 0.67608928 2.10699796 -1.44604773
v 0.67576996 2.09673108 -1.46621865
v 0.67586873 2.09693905 -1.44603067
v 0.67594097 2.10676040 -1.46632197
v 0.82111555 2.09693933 -1.44624008
v 0.67571978 2.10695888 -1.44630671
v 0.67595699 2.09695704 -1.44595907
v 0.82126687 2.10702081 -1.44623859
v 0.82121991 2.09707581 -1.44630213
v 0.67602386 2.09684541 -1.46619345
v 0.82130077 2.09680193 -1.46636257
v 0.67580861 2.09690801 -1.44604579
v 1.09137491 3.07936133 -1.50655580
v 0.93000832 3.68157504 -1.50667138
v 0.92996829 3.07935501 -1.50627745
v 1.09161348 3.68163937 -1.50666247
v 0.92983915 3.07945655 -1.50640247
v 0.93023325 3.07933103 -1.58679668
v 1.09142185 3.07950666 -1.50643112
v 1.17168452 3.07937597 -1.58694122
v 1.17177671 3.07921104 -1.24594589
v 1.09158166 3.07948993 -1.47995394
v 1.14554487 3.07921940 -1.24585268
v 1.09149990 3.68156340 -1.47991996
v 1.09151573 3.07918156 -1.50652061
v 1.09149519 3.07928967 -1.47985260
v 1.09146693 3.68174166 -1.50665766
v 0.92995861 3.68176488 -1.50679946
v 1.17186718 3.68182073 -1.58663967
v 0.92977148 3.68163373 -1.58690449
v 1.09160857 3.68175098 -1.50642107
v 1.17184165 3.68152290 -1.24592252
v 1.09123084 3.68172751 -1.47980394
v 1.14552077 3.68170635 -1.24589184
v 0.92993574 3.68171884 -1.50637613
v 0.93005828 3.07938238 -1.58683873
v 0.92988201 3.07950705 -1.50657069
v 0.93002128 3.68165047 -1.58687411
v 1.17170375 3.68160822 -1.58674006
v 0.93015925 3.07938357 -1.58695745
v 0.93001020 3.68191264 -1.58680459
v 1.17174475 3.07927311 -1.58678203
v 1.17174023 3.07949202 -1.58672411
v 1.17181865 3.68168935 -1.24591017
v 1.17179799 3.07933404 -1.24582790
v 1.17175549 3.68162586 -1.58701172
v 1.17174277 3.07919874 -1.24588693
v 1.14545565 3.68158626 -1.24620193
v 1.14556829 3.07932684 -1.24589347
v 1.17166855 3.68178798 -1.24588937
v 1.14571020 3.68163417 -1.24584871
v 1.14545462 3.07936935 -1.24599087
v -1.64503358 4.87059691 -1.51167223
v -1.51694810 4.87057015 -1.53196023
v -1.64514960 4.87047694 -1.53206430
v -1.51704493 4.87051419 -1.51192928
v -1.51676201 4.86049422 -1.53198363
v -1.51685819 4.87064589 -1.51195146
v -1.51690013 4.86061860 -1.51196213
v -1.51700338 4.87062640 -1.53185847
v -1.51706635 4.87067690 -1.53189576
v -1.64527264 4.86048799 -1.53176173
v -1.64513670 4.87035521 -1.53208215
v -1.51683191 4.86050728 -1.53193537
v -1.64529924 4.87071214 -1.51188785
v -1.64524068 4.86049990 -1.53163977
v -1.64517483 4.86055161 -1.51202516
v -1.64524348 4.87035793 -1.53185365
v -1.51706040 4.86046591 -1.51186303
v -1.64514019 4.87076613 -1.51187362
v -1.64506808 4.86043829 -1.51197952
v -1.51706383 4.87054552 -1.51184925
v -1.51687967 4.86060840 -1.51193483
v -1.64514733 4.86062495 -1.53209243
v -1.51705986 4.86038014 -1.53189008
v -1.64518060 4.86042180 -1.51182321
v -0.49175827 4.84860706 -1.51189661
v -0.49168676 4.70459575 -1.53190434
v -0.49176060 4.70456421 -1.51206288
v -0.49182252 4.84858589 -1.53217398
v -0.49159880 4.84848623 -1.51185192
v -0.48160366 4.84842200 -1.53195641
v -0.49173631 4.84844302 -1.53186438
v -0.48166936 4.84858299 -1.51178679
v -0.48164041 4.84858482 -1.53207042
v -0.49185744 4.70489151 -1.53199087
v -0.49165339 4.84861857 -1.53191519
v -0.48159806 4.70461398 -1.53208828
v -0.48180261 4.70467701 -1.51214548
v -0.49176318 4.70454754 -1.53184778
v -0.48163711 4.70479089 -1.53215312
v -0.49176202 4.70489171 -1.51194859
v -0.48159285 4.70464793 -1.51189033
v -0.49144569 4.84857411 -1.51173935
v -0.49172626 4.70458057 -1.51202552
v -0.48159577 4.84853560 -1.51172478
v -0.48173169 4.70477734 -1.53202389
v -0.48161293 4.84828762 -1.51187237
v -0.48177444 4.70472682 -1.51176877
v -0.48164181 4.84856958 -1.53203606
v -0.51737038 4.85090729 -1.26212301
v -0.50679406 4.85106309 -1.29297114
v -0.51300704 4.85116313 -1.29272712
v -0.51085747 4.85109516 -1.26216411
v -0.50673732 4.85114155 -1.29273991
v -0.51097301 4.85095775 -1.26198967
v -0.51652811 4.80162361 -1.26207181
v -0.51289199 4.85085115 -1.29282913
v -0.51857102 4.75195444 -1.29275902
v -0.51879710 4.80132410 -1.29280778
v -0.51300185 4.70210740 -1.29288078
v -0.51235556 4.80154947 -1.29273628
v -0.50666022 4.85116665 -1.29290452
v -0.51243147 4.75177018 -1.29283396
v -0.50677224 4.70231359 -1.29271789
v -0.51711641 4.85118390 -1.26230574
v -0.51874754 4.80132007 -1.29260491
v -0.52285317 4.80144998 -1.26218705
v -0.51287631 4.85108151 -1.29272883
v -0.51707593 4.70229891 -1.26209689
v -0.52276980 4.80126894 -1.26202319
v -0.52272089 4.75188383 -1.26217947
v -0.51708769 4.85091324 -1.26219996
v -0.51630751 4.75179978 -1.26220720
v -0.51073798 4.70219745 -1.26226032
v -0.51646423 4.80137335 -1.26214349
v -0.51064445 4.85105325 -1.26200943
v -0.50661529 4.85095605 -1.29285780
v -0.51650609 4.80131103 -1.26210227
v -0.51225763 4.80139575 -1.29279100
v -0.51221488 4.75190446 -1.29271937
v -0.51641478 4.75183026 -1.26198601
v -0.51231614 4.75156750 -1.29269987
v -0.51072616 4.70205256 -1.26203110
v -0.50667713 4.70215212 -1.29299441
v -0.51077043 4.70221066 -1.26208498
v -0.51296461 4.70220759 -1.29285879
v -0.50670445 4.70226815 -1.29295437
v -0.51714492 4.70220939 -1.26215425
v -0.52276368 4.75200098 -1.26218312
v -0.51301487 4.70216887 -1.29300103
v -0.51696654 4.70224463 -1.26207657
v -0.51872393 4.75190092 -1.29280324
v -0.51069521 4.70214576 -1.26202317
v -1.65340802 4.85861695 -1.44616315
v -1.65320179 4.71472989 -1.46634087
v -1.65334323 4.71472828 -1.44620507
v -1.65338703 4.85851282 -1.46646016
v -1.65332845 4.85852503 -1.44598763
v -1.64308427 4.85867133 -1.46618845
v -1.65329167 4.85836761 -1.46630295
v -1.64329208 4.85846772 -1.44609737
v -1.64327548 4.85846196 -1.46643886
v -1.65314489 4.71485825 -1.46627298
v -1.65324316 4.85853307 -1.46619068
v -1.64321436 4.71471144 -1.46633169
v -1.64338075 4.71472128 -1.44607134
v -1.65347271 4.71480494 -1.46622071
v -1.64331281 4.71459256 -1.46633138
v -1.65335093 4.71481547 -1.44613906
v -1.64327857 4.71481746 -1.44627642
v -1.65328442 4.85865957 -1.44622457
v -1.65329647 4.71461587 -1.44621084
v -1.64319925 4.85849400 -1.44603935
v -1.64318149 4.71476470 -1.46616966
v -1.64312119 4.85867339 -1.44629386
v -1.64332186 4.71475911 -1.44626740
v -1.64304446 4.85834807 -1.46624725
v 0.82284759 2.26056507 -1.38015610
v 0.82298844 2.25847409 -1.34961048
v 0.82295144 2.25442022 -1.38022756
v 0.82300154 2.26474206 -1.34963742
v 0.77350065 2.26418541 -1.34966803
v 0.82286237 2.25444974 -1.38035581
v 0.82309719 2.25851626 -1.34952721
v 0.72384103 2.26632973 -1.38004634
v 0.67432649 2.25436055 -1.38035958
v 0.67408735 2.26083976 -1.38031417
v 0.72383195 2.26019198 -1.38025735
v 0.77345753 2.26640927 -1.38021454
v 0.77350895 2.26009341 -1.38025373
v 0.82296617 2.26070677 -1.38014956
v 0.82304120 2.25432187 -1.38029591
v 0.77329078 2.26639489 -1.38015605
v 0.82316408 2.26459975 -1.34958364
v 0.82302390 2.26050236 -1.38024598
v 0.77344143 2.27059269 -1.34979002
v 0.72374683 2.26424712 -1.34982595
v 0.67435231 2.26481706 -1.34970806
v 0.67433725 2.25858756 -1.34969867
v 0.72369991 2.27060636 -1.34937557
v 0.77342736 2.26416485 -1.34977496
v 0.77348293 2.27039326 -1.34959375
v 0.82305487 2.25848776 -1.34968605
v 0.82321795 2.26478784 -1.34946781
v 0.77346587 2.26434462 -1.34970684
v 0.77345533 2.26010898 -1.38031097
v 0.82287533 2.25437088 -1.38005837
v 0.72398573 2.26008929 -1.38008749
v 0.72381674 2.26411886 -1.34966500
v 0.67425078 2.25854163 -1.34963798
v 0.67420070 2.25442422 -1.38027642
v 0.72369191 2.26008966 -1.38028939
v 0.67415087 2.25850898 -1.34964373
v 0.67413080 2.26081215 -1.38033003
v 0.67422312 2.25434703 -1.38036722
v 0.67425512 2.26480531 -1.34958324
v 0.67439630 2.26478746 -1.34968041
v 0.72349854 2.26647750 -1.38035910
v 0.67411964 2.26061862 -1.38024314
v 0.72376844 2.27049827 -1.34969166
v 0.67419395 2.25842842 -1.34973451
v -1.65028961 4.87104359 -1.43894101
v -1.65344865 4.71488060 -1.43881276
v -1.65348685 4.85699915 -1.43911668
v -1.65006584 4.70097496 -1.43908303
v -1.63780628 4.88119260 -1.43902479
v -1.63794841 4.69058318 -1.43888611
v -1.49851267 4.88125893 -1.43895913
v -1.49863024 4.69057623 -1.43904104
v -1.48604441 4.87066096 -1.43910371
v -1.48608226 4.70098122 -1.43912998
v -1.48291581 4.85689554 -1.43904632
v -1.48275184 4.71486816 -1.43898639
v -2.51481763 3.14103958 -1.50643558
v -3.11705264 3.30242332 -1.50638342
v -3.11708022 3.14092221 -1.50669773
v -2.51479997 3.30246185 -1.50657840
v -2.51448569 3.14094757 -1.58693818
v -2.51472489 3.30259499 -1.50657726
v -2.51469546 3.14105245 -1.50657531
v -2.51471726 3.38265825 -1.58710329
v -2.51475840 3.35665208 -1.24597467
v -2.51482094 3.38275152 -1.24583527
v -2.51481473 3.30248036 -1.47981780
v -2.51461861 3.30240734 -1.47970528
v -3.11703952 3.30254866 -1.50641967
v -2.51453231 3.30265913 -1.50663001
v -3.11684025 3.30231766 -1.47988034
v -3.11696218 3.35642568 -1.24595983
v -3.11693860 3.30256691 -1.50654583
v -3.11686020 3.30248157 -1.47973776
v -3.11688453 3.14122804 -1.58684774
v -3.11693100 3.14102556 -1.50654640
v -3.11707703 3.38288744 -1.58693569
v -3.11711638 3.38276650 -1.24602341
v -2.51447159 3.14106260 -1.50629822
v -3.11713644 3.14096093 -1.58669609
v -2.51477530 3.14096506 -1.58678191
v -3.11706271 3.14096224 -1.50644726
v -2.51473903 3.38279793 -1.58671779
v -3.11686008 3.14112481 -1.58662954
v -3.11702757 3.38268755 -1.58664778
v -2.51466992 3.14100799 -1.58705895
v -3.11687919 3.38287198 -1.24604140
v -2.51466804 3.38288015 -1.58697598
v -3.11691128 3.38280680 -1.58693138
v -2.51475104 3.38274074 -1.24603842
v -2.51474594 3.35636672 -1.24598498
v -3.11680149 3.38281941 -1.24603873
v -3.11694012 3.35663178 -1.24591446
v -2.51459618 3.38267977 -1.24586047
v -2.51483234 3.35658053 -1.24613233
v -3.11696326 3.35638415 -1.24594660
v -0.33188264 4.68809987 -1.44638679
v -0.35223216 4.70333481 -1.44633495
v -0.35239881 4.68845166 -1.44634551
v -0.33210825 4.70333177 -1.44631148
v -0.35239523 4.70343475 -1.44646081
v -0.33214294 4.70341735 -1.53165165
v -0.35216219 4.70338789 -1.53186519
v -0.33206797 4.70337317 -1.44636761
v -0.35239736 4.70333634 -1.44634686
v -0.35220765 4.68830303 -1.53160959
v -0.35236261 4.68814934 -1.44659751
v -0.35222704 4.70339744 -1.53170606
v -0.33216545 4.68807179 -1.44634830
v -0.34484441 4.68846542 -1.61718486
v -0.33229487 4.68832091 -1.61724861
v -0.35233580 4.68843048 -1.53168087
v -0.35229546 4.68847010 -1.44635508
v -0.33215188 4.68822828 -1.61691988
v -0.33235401 4.70347044 -1.44629819
v -0.33217578 4.68849514 -1.44636911
v -0.33214377 4.70325099 -1.61710390
v -0.33211602 4.70340540 -1.53169270
v -0.33214910 4.70347584 -1.53175071
v -0.33214070 4.70317988 -1.61696667
v -0.35228149 4.70351043 -1.53166262
v -0.34476832 4.70315503 -1.61721122
v -0.34482829 4.70327415 -1.61711067
v -0.34485034 4.68819541 -1.61696477
v -0.35221009 4.68844876 -1.53183175
v -0.33195971 4.70328204 -1.61703511
v -0.34460889 4.68839762 -1.61721590
v -0.34472753 4.70350219 -1.61700928
v -0.33211110 4.68818418 -1.61705872
v -0.35230462 4.70320310 -1.53181053
v -0.33222643 4.70325210 -1.61713522
v -0.34488936 4.70348653 -1.61690390
v 0.83273430 2.11170765 -1.44615463
v 0.82246128 2.23991829 -1.44627424
v 0.82254392 2.11188800 -1.44597833
v 0.83236610 2.24012455 -1.44624563
v 0.83237476 2.11188035 -1.46627495
v 0.83265248 2.23978829 -1.44607136
v 0.83238275 2.11171118 -1.44640611
v 0.83254565 2.23993500 -1.46613873
v 0.82247751 2.23987502 -1.44629959
v 0.83236617 2.23983849 -1.46621679
v 0.82233407 2.23991295 -1.46626854
v 0.83245425 2.23998388 -1.44611868
v 0.82249935 2.23986154 -1.44619310
v 0.82229403 2.11175618 -1.46622397
v 0.82241202 2.11183293 -1.44604620
v 0.82259481 2.23974782 -1.46634018
v 0.83246956 2.11189794 -1.44623218
v 0.82262913 2.11185110 -1.46636118
v 0.83239171 2.11170687 -1.46644089
v 0.82241987 2.11193290 -1.44614782
v 0.83260887 2.23991293 -1.46635495
v 0.82240539 2.11169311 -1.46606439
v 0.82241922 2.24008231 -1.46623533
v 0.83242440 2.11189320 -1.46620915
v -1.66994337 4.86106194 -1.34963069
v -1.65952867 4.86124397 -1.38031921
v -1.66593308 4.86094436 -1.38030279
v -1.66364687 4.86125110 -1.34977329
v -1.65980398 4.86100723 -1.38031825
v -1.66375944 4.86130063 -1.34995776
v -1.66954799 4.81140140 -1.34961273
v -1.66580464 4.86106879 -1.38022935
v -1.67167206 4.76167631 -1.38029010
v -1.67175288 4.81121955 -1.38038021
v -1.66592956 4.71224566 -1.38029020
v -1.66528384 4.81162089 -1.38026194
v -1.65956027 4.86121412 -1.38016975
v -1.66538218 4.76189248 -1.38037289
v -1.65958280 4.71240746 -1.38027721
v -1.67001950 4.86092566 -1.34961876
v -1.67164756 4.81154395 -1.38021352
v -1.67564942 4.81158017 -1.34967426
v -1.66574340 4.86089047 -1.38017026
v -1.67009468 4.71206483 -1.34968241
v -1.67575978 4.81155244 -1.34974008
v -1.67585545 4.76186492 -1.34960939
v -1.67006985 4.86107660 -1.34978387
v -1.66941801 4.76184831 -1.34991916
v -1.66363459 4.71222868 -1.34976185
v -1.66923555 4.81150625 -1.34970576
v -1.66374816 4.86109060 -1.34957009
v -1.66528210 4.81151615 -1.38038953
v -1.66531772 4.76195901 -1.38027830
v -1.66936817 4.76182194 -1.34952378
v -1.66375204 4.71216483 -1.34979650
v -1.65955649 4.71223442 -1.38020286
v -1.66373338 4.71208444 -1.34965499
v -1.66597941 4.71218042 -1.38018056
v -1.65954032 4.71220052 -1.38029453
v -1.67010733 4.71210591 -1.34960213
v -1.67561034 4.76189297 -1.34976889
v -1.66589950 4.71223844 -1.38029694
v -1.67012170 4.71229672 -1.34968016
v -1.67175517 4.76165867 -1.38041746
v -1.65628540 4.85856693 -1.51179604
v -1.65636615 4.71484865 -1.53186898
v -1.65628272 4.71469923 -1.51168071
v -1.65622880 4.85860541 -1.53199031
v -1.65623447 4.85838891 -1.51189978
v -1.64628763 4.85844329 -1.53190301
v -1.65626131 4.85876784 -1.53198099
v -1.64608041 4.85858171 -1.51202868
v -1.64639865 4.85836827 -1.53197449
v -1.65609195 4.71471170 -1.53193565
v -1.65618643 4.85881873 -1.53201093
v -1.64621910 4.71477300 -1.53193816
v -1.64640506 4.71477693 -1.51193751
v -1.65621968 4.71467671 -1.53186793
v -1.64605442 4.71483631 -1.53186068
v -1.65629637 4.71468864 -1.51193858
v -1.64609164 4.71487733 -1.51178023
v -1.65618620 4.85857289 -1.51179043
v -1.65627601 4.71474200 -1.51183330
v -1.64600133 4.85860859 -1.51187963
v -1.64621626 4.71479416 -1.53223606
v -1.64609007 4.85859404 -1.51196504
v -1.64612950 4.71478581 -1.51198166
v -1.64602192 4.85856155 -1.53206188
v 0.67694709 2.10691676 -1.53202188
v 0.82055389 2.10701423 -1.51184403
v 0.82017349 2.10691576 -1.53196162
v 0.67671009 2.10698631 -1.51184883
v 0.82045085 2.09673423 -1.53188351
v 0.82045002 2.10693824 -1.51175603
v 0.82056460 2.09690628 -1.51197008
v 0.82038774 2.10678623 -1.53201166
v 0.82066114 2.10691150 -1.53195716
v 0.67672830 2.09694646 -1.53182800
v 0.67669944 2.10700534 -1.53162884
v 0.82021430 2.09685468 -1.53196148
v 0.67672476 2.10694190 -1.51194315
v 0.67704854 2.09685500 -1.53192848
v 0.67669814 2.09694199 -1.51181952
v 0.67675343 2.10706871 -1.53196650
v 0.82058119 2.09673320 -1.51177069
v 0.67677743 2.10698154 -1.51186017
v 0.67668722 2.09664243 -1.51193376
v 0.82044992 2.10684150 -1.51183347
v 0.82043747 2.09694248 -1.51193835
v 0.67676904 2.09689538 -1.53196856
v 0.82035941 2.09702181 -1.53199282
v 0.67659315 2.09702573 -1.51196281
v -0.47927967 4.84777316 -1.44654707
v -0.50922684 4.86260801 -1.25943692
v -0.50915900 4.84773443 -1.25910872
v -0.47899921 4.86282386 -1.44635510
v -0.47930581 4.84770902 -1.53171642
v -0.49915800 4.84781991 -1.61707292
v -0.48631097 4.84767108 -1.61720222
v -0.49935465 4.84774950 -1.44637490
v -0.47920985 4.84778642 -1.44620977
v -0.50913527 4.84772443 -1.25925084
v -0.52001203 4.84781430 -1.25921537
v -0.47915672 4.84766373 -1.53181075
v -0.47932899 4.86279977 -1.53143086
v -0.49921387 4.86300787 -1.44648169
v -0.48628077 4.86290206 -1.61692971
v -0.49944381 4.86274525 -1.61695339
v -0.47901083 4.86272370 -1.53181037
v -0.47933642 4.86277861 -1.44647569
v -0.51962513 4.86294204 -1.25921955
v -0.50901794 4.86287347 -1.25923387
v -0.50908181 4.84783326 -1.25923665
v -0.51986765 4.86277220 -1.25921697
v -0.51966236 4.84769100 -1.25925577
v -0.50903314 4.86274327 -1.25914089
v -0.49936728 4.86275933 -1.44642303
v -0.49911027 4.84776562 -1.61718566
v -0.49939063 4.84796115 -1.44634179
v -0.49930745 4.86288280 -1.61712595
v -0.48625658 4.86272949 -1.61704186
v -0.49938375 4.84779655 -1.61694589
v -0.49927909 4.86285688 -1.61713450
v -0.48631827 4.84777698 -1.61696845
v -0.48628436 4.84770458 -1.61717473
v -0.51981658 4.86267463 -1.25915564
v -0.51998799 4.84778030 -1.25926508
v -0.48632665 4.86279247 -1.61698923
v -0.47914990 4.86265565 -1.53161709
v -0.48639830 4.84773178 -1.61699526
v -2.42842325 -4.20379585 -1.51195283
v -2.55664928 -4.20354885 -1.53209219
v -2.42830145 -4.20383925 -1.53200797
v -2.55654826 -4.20378230 -1.51188577
v -2.55663040 -4.19376033 -1.51170472
v -2.55661725 -4.20354045 -1.53217393
v -2.55648650 -4.20370252 -1.51188947
v -2.55648296 -4.19356583 -1.53182342
v -2.42832462 -4.19368668 -1.53199942
v -2.55665305 -4.20382179 -1.53184786
v -2.55651583 -4.19362658 -1.53199539
v -2.42849310 -4.20374294 -1.53197615
v -2.42835710 -4.20363356 -1.53211644
v -2.42840170 -4.19364454 -1.51184398
v -2.42852050 -4.20367557 -1.51190968
v -2.42835776 -4.19362320 -1.53188087
v -2.42825607 -4.20365062 -1.51181599
v -2.55650155 -4.19374669 -1.51192817
v -2.55660215 -4.20373418 -1.51170822
v -2.42840549 -4.19378777 -1.51204793
v -2.55632235 -4.19366177 -1.51177148
v -2.42834130 -4.19347598 -1.53195865
v -2.55684668 -4.19379107 -1.53197479
v -2.42847122 -4.19359609 -1.51192573
v 0.75680033 4.84843913 -1.51183383
v 0.75644703 4.70484457 -1.53211647
v 0.75661526 4.70472297 -1.51200826
v 0.75651281 4.84854759 -1.53202339
v 0.75666334 4.84845452 -1.51184726
v 0.76657390 4.84858705 -1.53199879
v 0.75647722 4.84853381 -1.53184890
v 0.76656783 4.84849327 -1.51191372
v 0.76673877 4.84843465 -1.53203929
v 0.75653059 4.70482419 -1.53197071
v 0.75669517 4.84848183 -1.53195221
v 0.76654393 4.70472783 -1.53211288
v 0.76665105 4.70463505 -1.51187101
v 0.75661832 4.70479869 -1.53196162
v 0.76659050 4.70497112 -1.53181409
v 0.75664382 4.70463387 -1.51182360
v 0.76654438 4.70483697 -1.51190496
v 0.75659065 4.84868414 -1.51174166
v 0.75665383 4.70471572 -1.51199875
v 0.76673831 4.84849949 -1.51188095
v 0.76642562 4.70462617 -1.53215919
v 0.76664519 4.84849198 -1.51206676
v 0.76663204 4.70464710 -1.51212831
v 0.76669211 4.84870294 -1.53202115
v -1.24228132 4.87094194 -1.43903423
v -1.24539088 4.71482660 -1.43892269
v -1.24574795 4.85681456 -1.43891717
v -1.24244975 4.70090064 -1.43904817
v -1.22996026 4.88122395 -1.43894159
v -1.23007937 4.69055977 -1.43902880
v -1.09073072 4.88115656 -1.43905674
v -1.09086017 4.69080381 -1.43889656
v -1.07816597 4.87112344 -1.43922233
v -1.07813751 4.70073827 -1.43895712
v -1.07495039 4.85675984 -1.43892261
v -1.07482612 4.71497760 -1.43897315
v -2.56145998 -4.35171372 -1.53196076
v -2.56140331 -4.20780307 -1.51171335
v -2.56145685 -4.35166898 -1.51183484
v -2.56140921 -4.20788330 -1.53189042
v -2.56139182 -4.35163565 -1.51179380
v -2.57137143 -4.35169820 -1.53195784
v -2.56139647 -4.35156432 -1.53187327
v -2.57152377 -4.35170451 -1.51186450
v -2.56168231 -4.20780584 -1.53179748
v -2.57143671 -4.35161778 -1.53201883
v -2.57148073 -4.20761940 -1.53187086
v -2.56148881 -4.35161190 -1.53193373
v -2.57128426 -4.20793967 -1.51194775
v -2.56153242 -4.20784099 -1.53191853
v -2.57127456 -4.20776213 -1.53212410
v -2.56162113 -4.20785993 -1.51187029
v -2.56143713 -4.35164384 -1.51190426
v -2.57159738 -4.20794060 -1.51188350
v -2.57137398 -4.35170921 -1.51176595
v -2.56150400 -4.20792504 -1.51180077
v -2.57150742 -4.20781541 -1.51189572
v -2.57149540 -4.35159437 -1.53190000
v -2.57156325 -4.35144189 -1.51178420
v -2.57140252 -4.20779293 -1.53192994
v -1.24245065 4.87111415 -1.44634330
v -1.24557147 4.71553545 -1.44620036
v -1.24546096 4.85647966 -1.44621705
v -1.24260521 4.70094803 -1.44630694
v -1.22994732 4.88137086 -1.44628700
v -1.22996883 4.69057894 -1.44646835
v -1.09034770 4.88121987 -1.44632129
v -1.09059916 4.69067163 -1.44642211
v -1.07791040 4.87116855 -1.44633489
v -1.07804887 4.70091962 -1.44649045
v -1.07492659 4.85663376 -1.44634851
v -1.07517668 4.71529577 -1.44637496
v -1.07498647 4.71517234 -1.44649918
v -1.07486127 4.85650165 -1.43884820
v -1.07484134 4.71534639 -1.43858574
v -1.07507915 4.85654526 -1.44644606
v -1.07804933 4.70073431 -1.44659750
v -1.07787855 4.70074061 -1.43865605
v -1.07802204 4.70092782 -1.44643140
v -1.09056167 4.69075316 -1.43853229
v -1.09068113 4.69068316 -1.44646167
v -1.07805988 4.70091184 -1.43852948
v -1.09077495 4.69077610 -1.43850989
v -1.22980642 4.69056409 -1.44621572
v -1.09067298 4.69055752 -1.44637473
v -1.22986503 4.69042082 -1.43848319
v -1.22997998 4.69050315 -1.43854382
v -1.24278458 4.70091665 -1.44645807
v -1.22990106 4.69061726 -1.44604412
v -1.24285786 4.70076009 -1.43837079
v -1.24571455 4.71535002 -1.43860127
v -1.24264633 4.70105870 -1.44637078
v -1.24262613 4.70099766 -1.43862402
v -1.24562533 4.71535034 -1.44617984
v -1.24565894 4.85635834 -1.43850563
v -1.24571793 4.85642478 -1.44633989
v -1.24261640 4.87089413 -1.43857650
v -1.24269896 4.87103804 -1.44649304
v -1.24261905 4.87121046 -1.43866377
v -1.22994190 4.88140934 -1.44625583
v -1.24251267 4.87102005 -1.44624898
v -1.22998593 4.88151378 -1.43855194
v -1.23010679 4.88155594 -1.43862158
v -1.09056662 4.88139557 -1.44626295
v -1.23002080 4.88124435 -1.44636180
v -1.09030227 4.88134842 -1.43857812
v -1.09058720 4.88139911 -1.44618479
v -1.07802765 4.87096046 -1.43863562
v -1.07807586 4.87111718 -1.44631895
v -1.09053858 4.88148178 -1.43859709
v -1.07790076 4.87107276 -1.43862088
v -1.07806568 4.87099163 -1.44636073
v -2.39984503 -4.35071929 -1.25920759
v -2.42983376 -4.36587783 -1.44636299
v -2.39995664 -4.36569733 -1.25907072
v -2.42999498 -4.35073576 -1.44637447
v -2.42996745 -4.35074938 -1.53170940
v -2.40984909 -4.35084997 -1.61706657
v -2.42295565 -4.35089538 -1.61706534
v -2.40977419 -4.35065946 -1.44636204
v -2.43006731 -4.35090240 -1.44635487
v -2.39999525 -4.35094093 -1.25927279
v -2.38931548 -4.35078368 -1.25933707
v -2.42995856 -4.36583969 -1.53165636
v -2.42982564 -4.35077160 -1.53171651
v -2.40964278 -4.36591075 -1.44622810
v -2.42286909 -4.36578513 -1.61720786
v -2.40978742 -4.36597339 -1.61708971
v -2.42997084 -4.36596890 -1.53201551
v -2.42973984 -4.36594577 -1.44654333
v -2.38918790 -4.36573235 -1.25924769
v -2.39996558 -4.36603356 -1.25919957
v -2.38941894 -4.36570603 -1.25925760
v -2.39988833 -4.35091749 -1.25930214
v -2.39990381 -4.36601801 -1.25915259
v -2.38939770 -4.35079436 -1.25933623
v -2.40977136 -4.36605638 -1.61706422
v -2.40987767 -4.35102479 -1.44648212
v -2.40985276 -4.36601974 -1.44642918
v -2.41014886 -4.35082012 -1.61715617
v -2.40998849 -4.35090973 -1.61709910
v -2.42287321 -4.36587361 -1.61696453
v -2.42276900 -4.35085165 -1.61693015
v -2.40996498 -4.36595064 -1.61736815
v -2.42281748 -4.36595975 -1.61693894
v -2.42286491 -4.35089024 -1.61681802
v -2.38927045 -4.35090851 -1.25940480
v -2.38945378 -4.36578918 -1.25923957
v 1.18556392 4.85121544 -1.51194409
v 1.05726528 4.85126235 -1.53198091
v 1.18547282 4.85115164 -1.53194463
v 1.05746565 4.85121958 -1.51178006
v 1.05721678 4.86111825 -1.51174452
v 1.05737402 4.85121274 -1.53197222
v 1.05748995 4.85121965 -1.51191480
v 1.05728549 4.86119137 -1.53185917
v 1.18557706 4.86127827 -1.53175281
v 1.05737518 4.85119083 -1.53187829
v 1.05739003 4.86104805 -1.53205727
v 1.18559073 4.85127238 -1.53197679
v 1.18546485 4.85104531 -1.53193567
v 1.18554478 4.86129039 -1.51191487
v 1.18545131 4.85128455 -1.51188588
v 1.18552218 4.86105127 -1.53200090
v 1.18564713 4.85132060 -1.51190040
v 1.05737599 4.86122763 -1.51165767
v 1.05706091 4.85117347 -1.51221484
v 1.18558815 4.86138406 -1.51188543
v 1.05734260 4.86127374 -1.51174933
v 1.18528840 4.86118443 -1.53191861
v 1.05728676 4.86115172 -1.53204505
v 1.18548016 4.86124515 -1.51175322
v -2.55686206 -4.20651113 -1.44638593
v -2.57684017 -4.19143390 -1.44640821
v -2.57687007 -4.20648071 -1.44641489
v -2.55686987 -4.19132450 -1.44660241
v -2.55684709 -4.20645999 -1.53173732
v -2.57684673 -4.20635952 -1.61682302
v -2.56426069 -4.20662002 -1.61712005
v -2.57687216 -4.20640644 -1.53159709
v -2.55706485 -4.20637210 -1.44638591
v -2.57692834 -4.20643650 -1.44642637
v -2.55702192 -4.20622877 -1.53182919
v -2.55676872 -4.19139977 -1.44641659
v -2.55667770 -4.20643696 -1.44627999
v -2.55688458 -4.19131648 -1.53176901
v -2.57701765 -4.19145230 -1.53164455
v -2.56426606 -4.19134148 -1.61707736
v -2.57692708 -4.19128443 -1.61703708
v -2.55685082 -4.19152305 -1.53179248
v -2.57702177 -4.19146887 -1.44637330
v -2.55668408 -4.19123724 -1.44634278
v -2.57705261 -4.19131452 -1.44622881
v -2.57702438 -4.20649928 -1.53200090
v -2.57711111 -4.20621414 -1.44619627
v -2.57682776 -4.19133468 -1.53178514
v -2.57682309 -4.19139638 -1.53152050
v -2.57684750 -4.20630732 -1.61703815
v -2.57697572 -4.20629032 -1.53176872
v -2.57708752 -4.19124749 -1.61696975
v -2.56431276 -4.19132606 -1.61678775
v -2.57719452 -4.20642395 -1.61700989
v -2.57697900 -4.19146285 -1.61689734
v -2.56407280 -4.20631181 -1.61691901
v -2.56438536 -4.20644285 -1.61701736
v -2.56422460 -4.19140379 -1.61691419
v -2.41734491 -4.35147903 -1.53178721
v -2.41731888 -4.20792530 -1.51200244
v -2.41744736 -4.35158323 -1.51188256
v -2.41742933 -4.20780373 -1.53194178
v -2.41732621 -4.35162019 -1.51175922
v -2.42766190 -4.35153878 -1.53194584
v -2.41732273 -4.35138860 -1.53185873
v -2.42740137 -4.35161764 -1.51180747
v -2.41740772 -4.20787902 -1.53183102
v -2.42739496 -4.35153120 -1.53195218
v -2.42751081 -4.20804634 -1.53190040
v -2.41731391 -4.35155089 -1.53206644
v -2.42747295 -4.20784050 -1.51202567
v -2.41740039 -4.20781347 -1.53195418
v -2.42754724 -4.20786862 -1.53202549
v -2.41751650 -4.20797499 -1.51188404
v -2.41746326 -4.35136332 -1.51186561
v -2.42739475 -4.20783909 -1.51194386
v -2.42734070 -4.35152007 -1.51181472
v -2.41734155 -4.20802100 -1.51181629
v -2.42744771 -4.20783179 -1.51177411
v -2.42745388 -4.35170596 -1.53190656
v -2.42720896 -4.35170748 -1.51184287
v -2.42746223 -4.20770573 -1.53195247
v -1.08334553 4.86100896 -1.44604067
v -1.21140113 4.87118257 -1.44621031
v -1.21139910 4.86113649 -1.44621453
v -1.08313508 4.87112976 -1.44607876
v -1.21146478 4.87128616 -1.44603699
v -1.08331647 4.87125705 -1.46622224
v -1.21130256 4.87117583 -1.46611761
v -1.08341229 4.87128476 -1.44630323
v -1.21141610 4.87134267 -1.44621849
v -1.21129300 4.86124087 -1.46620128
v -1.21134476 4.86099951 -1.44602187
v -1.21155772 4.87128336 -1.46623436
v -1.08338332 4.86119438 -1.44625078
v -1.21148973 4.86125232 -1.46624441
v -1.08320193 4.86124221 -1.46640969
v -1.21135579 4.86109704 -1.44623524
v -1.08326798 4.86107572 -1.46620861
v -1.08304578 4.87122674 -1.44611898
v -1.08329168 4.86127800 -1.44601932
v -1.08313168 4.87114976 -1.46625759
v -1.08324796 4.87123188 -1.46607020
v -1.21145688 4.86113992 -1.46619751
v -1.21148787 4.87114678 -1.46648379
v -1.08334738 4.86115335 -1.46633857
v 1.19364353 4.70329489 -1.46611370
v 1.19365110 4.84705650 -1.44617997
v 1.19382738 4.70329793 -1.44610583
v 1.19374414 4.84703399 -1.46618341
v 1.19364603 4.70324368 -1.44603661
v 1.18347334 4.70324897 -1.46630122
v 1.19345849 4.70339024 -1.46629093
v 1.18343329 4.70321143 -1.44627163
v 1.19374233 4.84715363 -1.46614193
v 1.18358391 4.70332396 -1.46636377
v 1.18363349 4.84704996 -1.46621688
v 1.19358239 4.70316522 -1.46610861
v 1.18352204 4.84731207 -1.44617342
v 1.19360811 4.84715153 -1.46619404
v 1.18363498 4.84709411 -1.46621106
v 1.19352192 4.84696472 -1.44600474
v 1.19365834 4.70328700 -1.44634502
v 1.18369893 4.84708978 -1.44632590
v 1.18352854 4.70335928 -1.44616408
v 1.19372054 4.84673648 -1.44607212
v 1.18350683 4.84712736 -1.44622372
v 1.18362176 4.70335382 -1.46615306
v 1.18358381 4.70335585 -1.44613804
v 1.18349597 4.84708485 -1.46614461
v 0.62485593 4.84791344 -1.44641097
v 0.59520008 4.86277737 -1.25938832
v 0.59493350 4.84768931 -1.25938588
v 0.62515511 4.86263812 -1.44659041
v 0.62516083 4.84773168 -1.53183271
v 0.60491357 4.84773354 -1.61706708
v 0.61791132 4.84748507 -1.61715163
v 0.60484389 4.84772899 -1.53169360
v 0.62506010 4.84772433 -1.44642248
v 0.60478252 4.84783288 -1.44632672
v 0.59516127 4.84777655 -1.25933620
v 0.58441132 4.84772455 -1.25933300
v 0.62522560 4.84779590 -1.53155864
v 0.62517144 4.86282186 -1.53175714
v 0.60500407 4.86274374 -1.53182387
v 0.61785477 4.86282727 -1.61718706
v 0.60496919 4.86264703 -1.61692830
v 0.62505777 4.86277244 -1.53170041
v 0.60494513 4.86265405 -1.44644686
v 0.62522355 4.86282657 -1.44628004
v 0.58471167 4.86282225 -1.25925771
v 0.59522880 4.86280319 -1.25934670
v 0.59495712 4.84768356 -1.25921216
v 0.58441519 4.86275547 -1.25936125
v 0.58440031 4.84776393 -1.25942948
v 0.59500801 4.86302019 -1.25912452
v 0.60512729 4.86258157 -1.53174035
v 0.60503776 4.84775073 -1.61696520
v 0.60503392 4.84781646 -1.53161918
v 0.60480740 4.86283130 -1.61717713
v 0.61800223 4.86293210 -1.61706367
v 0.60482192 4.84761369 -1.61706017
v 0.60492225 4.86296243 -1.61708575
v 0.61814854 4.84775518 -1.61717070
v 0.61818868 4.84772547 -1.61689957
v 0.58460484 4.86277999 -1.25916674
v 0.60509059 4.84790105 -1.44642516
v 0.58433867 4.84787790 -1.25917733
v 0.60479422 4.86290695 -1.44654103
v 0.60495599 4.84769525 -1.53175535
v 0.60498970 4.86269867 -1.53161934
v 0.61801518 4.86286266 -1.61692220
v 0.62520265 4.86281725 -1.53170580
v 0.61789816 4.84779948 -1.61708567
v -1.08339087 4.70137515 -1.44629788
v -1.21124402 4.71156001 -1.44611204
v -1.21150650 4.70133753 -1.44629658
v -1.08328824 4.71127329 -1.44620358
v -1.08319953 4.70131998 -1.44615883
v -1.21150466 4.70144491 -1.46615841
v -1.08327420 4.70137229 -1.46633549
v -1.21148563 4.70132193 -1.44609277
v -1.08323562 4.70135695 -1.46623820
v -1.08334940 4.71107047 -1.44634005
v -1.08327370 4.70124355 -1.44629049
v -1.08339940 4.71138965 -1.46615976
v -1.21125689 4.71142501 -1.44627084
v -1.08315601 4.71117384 -1.46617672
v -1.21130811 4.71127645 -1.46623841
v -1.08317811 4.71138107 -1.44600371
v -1.21138410 4.71124111 -1.44631496
v -1.21128208 4.70116136 -1.46624815
v -1.21156129 4.70138696 -1.44620466
v -1.21129433 4.71121210 -1.46642421
v -1.08324139 4.71130805 -1.46614320
v -1.21141094 4.70133188 -1.46630052
v -1.21125975 4.71113620 -1.46628856
v -1.08335397 4.70115606 -1.46607243
v -2.42020622 -4.35151100 -1.46635706
v -2.42028740 -4.20774455 -1.44618915
v -2.42026969 -4.35149535 -1.44611521
v -2.42020513 -4.20767977 -1.46629673
v -2.42027683 -4.35173459 -1.44635999
v -2.43026597 -4.35170675 -1.46623763
v -2.42041210 -4.35160991 -1.46613256
v -2.43024804 -4.35162812 -1.44613884
v -2.42036326 -4.20774188 -1.46637248
v -2.43028232 -4.35157159 -1.46634791
v -2.43025577 -4.20783427 -1.46640539
v -2.42034162 -4.35158681 -1.46618861
v -2.43039305 -4.20767877 -1.44614935
v -2.42041445 -4.20781313 -1.46611805
v -2.43056613 -4.20766291 -1.46634001
v -2.42024978 -4.20784218 -1.44610136
v -2.42026656 -4.35180513 -1.44637592
v -2.43042308 -4.20791341 -1.44630216
v -2.43029556 -4.35167126 -1.44626466
v -2.42039503 -4.20791049 -1.44625084
v -2.43047138 -4.20761984 -1.44605225
v -2.43037052 -4.35148894 -1.46619928
v -2.43039673 -4.35161671 -1.44620826
v -2.43020184 -4.20768973 -1.46631034
v 1.18540618 4.69119315 -1.44617778
v 1.05737750 4.70136231 -1.44628195
v 1.05734525 4.69137259 -1.44640402
v 1.18539924 4.70121476 -1.44624537
v 1.18548754 4.69120852 -1.44619058
v 1.05703067 4.69130046 -1.46635798
v 1.18568381 4.69112055 -1.46640708
v 1.05722551 4.69141317 -1.44634076
v 1.18552263 4.69140020 -1.46624462
v 1.18536428 4.70131974 -1.44620476
v 1.18547193 4.69120522 -1.44612297
v 1.18553199 4.70142868 -1.46617799
v 1.05723836 4.70126476 -1.44600682
v 1.18528150 4.70146182 -1.46610227
v 1.05732381 4.70138881 -1.46594919
v 1.18542332 4.70144655 -1.44612717
v 1.05726995 4.70143671 -1.44611095
v 1.05726801 4.69142166 -1.46631550
v 1.05732052 4.69132142 -1.44600270
v 1.05746608 4.70142909 -1.46629385
v 1.18562779 4.70114740 -1.46635490
v 1.05743301 4.69137329 -1.46610731
v 1.05748541 4.70131208 -1.46638313
v 1.18535696 4.69134253 -1.46621437
v -2.51446798 4.74720365 -1.50642740
v -3.11674863 4.90875373 -1.50628127
v -3.11685613 4.74715465 -1.50665452
v -2.51468972 4.90876328 -1.50655979
v -2.51457674 4.74726640 -1.58684827
v -2.51471897 4.90863718 -1.50653698
v -2.51472328 4.74727917 -1.50666257
v -2.51476432 4.98886653 -1.58702361
v -2.51471894 4.96247464 -1.24611636
v -2.51477756 4.98880166 -1.24597183
v -2.51460958 4.90864053 -1.47995106
v -2.51461250 4.90872132 -1.47995743
v -3.11691035 4.90866056 -1.50652272
v -2.51474729 4.90860078 -1.50661628
v -3.11699092 4.90859370 -1.47987352
v -3.11693916 4.96272467 -1.24610891
v -3.11709032 4.90875464 -1.50635972
v -3.11699710 4.90862053 -1.47986658
v -3.11695941 4.74722640 -1.58658259
v -3.11700483 4.74721163 -1.50646932
v -3.11687379 4.98893386 -1.58691401
v -3.11698511 4.98899718 -1.24597158
v -2.51451620 4.74728991 -1.50638969
v -3.11686808 4.74706617 -1.58690606
v -2.51472821 4.74723288 -1.58681160
v -3.11708119 4.74727590 -1.50662905
v -2.51464442 4.98911865 -1.58680843
v -3.11695773 4.74746082 -1.58682270
v -3.11705876 4.98888270 -1.58688941
v -2.51466767 4.74715638 -1.58673886
v -3.11705131 4.98885823 -1.24602571
v -2.51466771 4.98895134 -1.58678285
v -3.11693620 4.98918467 -1.58664123
v -2.51466651 4.98907610 -1.24594069
v -2.51477656 4.96285431 -1.24612417
v -3.11666379 4.98892373 -1.24602113
v -3.11701355 4.96270685 -1.24618624
v -2.51454241 4.98888401 -1.24607988
v -2.51478115 4.96279761 -1.24583610
v -3.11696026 4.96294817 -1.24583303
v -2.42841914 -4.36368721 -1.44609344
v -2.55658934 -4.35350315 -1.44612761
v -2.55657635 -4.36361496 -1.44628855
v -2.42825821 -4.35347798 -1.44612319
v -2.42847591 -4.36351098 -1.44629116
v -2.55667452 -4.36342366 -1.46606030
v -2.42832125 -4.36377822 -1.46620920
v -2.55670793 -4.36350922 -1.44604183
v -2.42842226 -4.36376767 -1.46630027
v -2.42852243 -4.35355167 -1.44623987
v -2.42825352 -4.36382014 -1.44626368
v -2.42845435 -4.35361532 -1.46628309
v -2.55655975 -4.35335023 -1.44619486
v -2.42861065 -4.35355927 -1.46631407
v -2.55650009 -4.35356920 -1.46613891
v -2.42855935 -4.35378207 -1.44613570
v -2.55647312 -4.35360940 -1.44614031
v -2.55662652 -4.36336932 -1.46616577
v -2.55656875 -4.36356344 -1.44602650
v -2.55658001 -4.35351938 -1.46625844
v -2.42835839 -4.35329168 -1.46629778
v -2.55651751 -4.36367922 -1.46623557
v -2.55677242 -4.35337861 -1.46616707
v -2.42839987 -4.36370891 -1.46604201
v 1.02657437 4.86079005 -1.43906419
v 1.02304955 4.70484940 -1.43902952
v 1.02314230 4.84676578 -1.43888872
v 1.02637096 4.69085940 -1.43884550
v 1.03887999 4.87126856 -1.43903432
v 1.03879588 4.68049749 -1.43887840
v 1.17800311 4.87121296 -1.43903750
v 1.17811179 4.68053116 -1.43903753
v 1.19037772 4.86090361 -1.43889670
v 1.19028170 4.69087586 -1.43897278
v 1.19387618 4.84683051 -1.43899001
v 1.19383576 4.70486450 -1.43902077
v -2.58757430 -4.19407550 -1.43893229
v -2.59076469 -4.34995280 -1.43908370
v -2.59077001 -4.20796976 -1.43905006
v -2.58769305 -4.36396852 -1.43899340
v -2.57510481 -4.18374556 -1.43925415
v -2.57514325 -4.37435126 -1.43911967
v -2.43582358 -4.18366336 -1.43907736
v -2.43569890 -4.37451107 -1.43919614
v -2.42364363 -4.19390093 -1.43932451
v -2.42338964 -4.36398211 -1.43900690
v -2.42013002 -4.20791037 -1.43904566
v -2.42014000 -4.34976116 -1.43903059
v 0.77204819 4.68836207 -1.44636687
v 0.75199494 4.70336108 -1.44646496
v 0.75200497 4.68838855 -1.44637396
v 0.77195673 4.70324095 -1.44656027
v 0.75202760 4.70344878 -1.44646292
v 0.77222543 4.70328895 -1.53189186
v 0.75193378 4.70337124 -1.53171672
v 0.77207386 4.70319064 -1.44635480
v 0.75193837 4.70319906 -1.44637611
v 0.75201622 4.68837678 -1.53176097
v 0.75225227 4.68839511 -1.44631471
v 0.75183764 4.70311740 -1.53172732
v 0.77216069 4.68841432 -1.53182568
v 0.75962113 4.68815038 -1.61713432
v 0.77199988 4.68835698 -1.61709805
v 0.75212802 4.68820798 -1.53156290
v 0.77209026 4.68822517 -1.44640194
v 0.75208235 4.68822436 -1.44648206
v 0.77217435 4.68841189 -1.53158703
v 0.77194513 4.70337772 -1.44633199
v 0.77191540 4.68833149 -1.44633104
v 0.77226784 4.70322622 -1.53173368
v 0.77234190 4.70325075 -1.53178083
v 0.77202619 4.70318362 -1.61696571
v 0.75225238 4.70340956 -1.53163056
v 0.75929149 4.70331585 -1.61713731
v 0.75930842 4.70316892 -1.61698627
v 0.75933300 4.68835473 -1.61699660
v 0.75203265 4.68817091 -1.53157801
v 0.77215946 4.70350808 -1.61691637
v 0.75948611 4.68843424 -1.61702268
v 0.75940800 4.70327284 -1.61704437
v 0.77208927 4.68810502 -1.61702841
v 0.77221158 4.68822923 -1.61681159
v 0.77199129 4.70338944 -1.53159831
v 0.77219981 4.68834409 -1.53170483
v 0.77213880 4.70320558 -1.61709068
v 0.75190016 4.70340059 -1.53155737
v 0.77202734 4.70334772 -1.61685884
v 0.75942716 4.70337510 -1.61703067
v -1.13435725 2.11161536 -1.44609965
v -1.14436741 2.23978230 -1.44598875
v -1.14444179 2.11164624 -1.44620336
v -1.13431235 2.23990705 -1.44612744
v -1.14444822 2.24006711 -1.44619798
v -1.14437995 2.11187256 -1.46623922
v -1.14436003 2.11179107 -1.44615500
v -1.14427896 2.23992744 -1.46621882
v -1.13462672 2.11177959 -1.44610871
v -1.14438356 2.11170110 -1.46625831
v -1.13441114 2.11185977 -1.46620839
v -1.14451197 2.11201956 -1.44629749
v -1.13429120 2.11175362 -1.46617170
v -1.13421918 2.24008565 -1.44616760
v -1.13435608 2.11175386 -1.44622581
v -1.13427949 2.23995560 -1.46622257
v -1.14427807 2.24002995 -1.44629577
v -1.13449407 2.23984021 -1.46637201
v -1.14451566 2.24002601 -1.46636352
v -1.13444553 2.23978570 -1.44629401
v -1.13441496 2.23998623 -1.46614494
v -1.14444282 2.11194880 -1.46646752
v -1.14432214 2.23994429 -1.46615978
v -1.13426261 2.11184695 -1.46635689
v -2.58775167 -4.19380334 -1.44644270
v -2.59074071 -4.34942680 -1.44635527
v -2.59091740 -4.20849453 -1.44639203
v -2.58768617 -4.36407022 -1.44645978
v -2.57501154 -4.18354863 -1.44625612
v -2.57527935 -4.37445987 -1.44631181
v -2.43578750 -4.18387376 -1.44634971
v -2.43589194 -4.37423030 -1.44629196
v -2.42312278 -4.19401808 -1.44627772
v -2.42338743 -4.36415779 -1.44655676
v -2.42042621 -4.20852412 -1.44635267
v -2.42018390 -4.34941418 -1.44657813
v -2.42021601 -4.34962440 -1.44634332
v -2.42021232 -4.20837229 -1.43856756
v -2.42007515 -4.34978638 -1.43857463
v -2.42023161 -4.20842822 -1.44646268
v -2.42308807 -4.36412722 -1.44627380
v -2.42313983 -4.36407732 -1.43856249
v -2.42325655 -4.36420144 -1.44651743
v -2.43571376 -4.37442121 -1.43855156
v -2.43586075 -4.37430576 -1.44632372
v -2.42314029 -4.36390988 -1.43871220
v -2.43597128 -4.37420600 -1.43867579
v -2.57519249 -4.37407596 -1.44627782
v -2.43609548 -4.37424948 -1.44634180
v -2.57535813 -4.37422330 -1.43846528
v -2.57524499 -4.37429253 -1.43850618
v -2.58787964 -4.36409327 -1.44629191
v -2.57506926 -4.37435238 -1.44650763
v -2.58787786 -4.36401516 -1.43865925
v -2.59066331 -4.34954170 -1.43872272
v -2.58812025 -4.36405140 -1.44630652
v -2.58780736 -4.36408560 -1.43865746
v -2.59087940 -4.34963674 -1.44626875
v -2.59085462 -4.20839559 -1.43853568
v -2.59056695 -4.20845043 -1.44637712
v -2.58765767 -4.19378123 -1.43844452
v -2.58779024 -4.19405571 -1.44644035
v -2.58805254 -4.19406951 -1.43835572
v -2.57504803 -4.18367742 -1.44644215
v -2.58788192 -4.19399576 -1.44633791
v -2.57505402 -4.18363886 -1.43844738
v -2.57540123 -4.18352206 -1.43838127
v -2.43574063 -4.18369945 -1.44641979
v -2.57527631 -4.18372144 -1.44656073
v -2.43578363 -4.18366782 -1.43853552
v -2.43574462 -4.18359930 -1.44646506
v -2.42326973 -4.19388097 -1.43868401
v -2.42312648 -4.19383424 -1.44637849
v -2.43579591 -4.18364753 -1.43851179
v -2.42321779 -4.19391130 -1.43833816
v -2.42327055 -4.19392425 -1.44631098
v 1.02610964 4.86101311 -1.44635343
v 1.02316232 4.70540034 -1.44616703
v 1.02320442 4.84653850 -1.44626214
v 1.02618690 4.69100629 -1.44643758
v 1.03876826 4.87133056 -1.44636805
v 1.03872147 4.68047781 -1.44637753
v 1.17799411 4.87118910 -1.44640358
v 1.17803472 4.68061422 -1.44643161
v 1.19080063 4.86082403 -1.44636060
v 1.19090193 4.69074783 -1.44619436
v 1.19394972 4.84649886 -1.44638792
v 1.19384824 4.70510916 -1.44635173
v 1.19387671 4.70536954 -1.44639828
v 1.19381286 4.84641367 -1.43861970
v 1.19382170 4.70531585 -1.43860716
v 1.19361392 4.84659145 -1.44648416
v 1.19065417 4.69083296 -1.44638184
v 1.19059182 4.69075960 -1.43859948
v 1.19085902 4.69073246 -1.44647016
v 1.17813398 4.68047079 -1.43867196
v 1.17816326 4.68051060 -1.44637461
v 1.19084847 4.69082089 -1.43862064
v 1.17795049 4.68039808 -1.43862301
v 1.03873050 4.68039147 -1.44641402
v 1.17807494 4.68035592 -1.44643592
v 1.03861808 4.68035645 -1.43846218
v 1.03884071 4.68031024 -1.43869642
v 1.02614541 4.69076302 -1.44637615
v 1.03877615 4.68056671 -1.44653690
v 1.02614917 4.69084551 -1.43871098
v 1.02313597 4.70545131 -1.43863095
v 1.02618858 4.69080723 -1.44608877
v 1.02626196 4.69078463 -1.43876767
v 1.02316691 4.70530262 -1.44618734
v 1.02330454 4.84661006 -1.43853243
v 1.02298740 4.84656726 -1.44637226
v 1.02630204 4.86095298 -1.43874263
v 1.02597214 4.86086878 -1.44627110
v 1.02600579 4.86098093 -1.43864808
v 1.03892261 4.87126637 -1.44647179
v 1.02617340 4.86111733 -1.44633410
v 1.03880901 4.87109926 -1.43847125
v 1.03879890 4.87136002 -1.43860255
v 1.17805288 4.87140730 -1.44649013
v 1.03869835 4.87128160 -1.44660819
v 1.17810185 4.87139876 -1.43869196
v 1.17795152 4.87121604 -1.44624317
v 1.19067730 4.86081030 -1.43847813
v 1.19071641 4.86100349 -1.44608577
v 1.17808394 4.87107475 -1.43848266
v 1.19087705 4.86099659 -1.43851148
v 1.19077750 4.86104706 -1.44617994
v -2.40011531 -4.19277538 -1.25919022
v -2.42982535 -4.20796412 -1.44638845
v -2.39997451 -4.20789593 -1.25909639
v -2.42986816 -4.19262550 -1.44628774
v -2.42991237 -4.19286406 -1.44656384
v -2.42992243 -4.19275511 -1.53183043
v -2.40986285 -4.19280985 -1.61701716
v -2.42257851 -4.19274025 -1.61699489
v -2.40980575 -4.19256983 -1.44643662
v -2.43005203 -4.19279766 -1.44650785
v -2.39985640 -4.19274574 -1.25939637
v -2.38925558 -4.19292126 -1.25932968
v -2.42988785 -4.19292614 -1.53164784
v -2.43005395 -4.20805419 -1.53167353
v -2.38924089 -4.20783553 -1.25920688
v -2.43006887 -4.20772475 -1.44619854
v -2.40997989 -4.20790513 -1.44645458
v -2.39979985 -4.20788280 -1.25924827
v -2.38936936 -4.20786723 -1.25931303
v -2.39987830 -4.19280121 -1.25903417
v -2.40000632 -4.20762884 -1.25913932
v -2.38941346 -4.19264233 -1.25915820
v -2.40989577 -4.20781869 -1.61696945
v -2.40985922 -4.20772513 -1.44633901
v -2.40972796 -4.20783975 -1.44649337
v -2.40972477 -4.20790382 -1.53158766
v -2.40987799 -4.19282791 -1.44632216
v -2.40979543 -4.19260113 -1.61716246
v -2.40964256 -4.19277886 -1.61707827
v -2.42281036 -4.20774541 -1.61709902
v -2.42284369 -4.19279596 -1.61690660
v -2.41002004 -4.20789795 -1.61708212
v -2.42283117 -4.20792711 -1.61713706
v -2.42287098 -4.19267926 -1.61701289
v -2.38921183 -4.19281747 -1.25936209
v -2.38923553 -4.20785699 -1.25937272
v -2.40993775 -4.20779285 -1.44660354
v -2.42998874 -4.20772091 -1.53178154
v -2.40979292 -4.20768870 -1.53169427
v -2.42994106 -4.20779530 -1.44616990
v -2.40983376 -4.20777175 -1.53162792
v -2.42285621 -4.20770222 -1.61726225
v -2.40982049 -4.20773085 -1.61704011
v -2.43001175 -4.20785278 -1.53158522
v -1.04677046 4.71085418 -1.26216353
v -1.05738781 4.71072731 -1.29281369
v -1.05088201 4.71092966 -1.29301566
v -1.05326818 4.71082275 -1.26195640
v -1.04756938 4.76036343 -1.26201593
v -1.05720577 4.71059065 -1.29299077
v -1.05324824 4.71064105 -1.26216143
v -1.05140002 4.76040035 -1.29275778
v -1.05105867 4.85952101 -1.29271256
v -1.05146166 4.81010414 -1.29272438
v -1.05713446 4.85944011 -1.29265491
v -1.05177911 4.76047008 -1.29255375
v -1.05096633 4.71085388 -1.29279514
v -1.05738156 4.71079161 -1.29273824
v -1.04516437 4.81005828 -1.29280112
v -1.04534884 4.76055647 -1.29278651
v -1.05105552 4.71071865 -1.29286442
v -1.04112057 4.76041613 -1.26222493
v -1.04703227 4.71074290 -1.26198058
v -1.04516529 4.76052942 -1.29290008
v -1.04682387 4.71078844 -1.26190644
v -1.04725435 4.76023215 -1.26220000
v -1.05304627 4.71069088 -1.26239015
v -1.04744050 4.81007158 -1.26214527
v -1.04686319 4.85974087 -1.26212073
v -1.05324598 4.85956256 -1.26219452
v -1.04099720 4.76044629 -1.26231995
v -1.04103261 4.80986697 -1.26219550
v -1.04727917 4.80982623 -1.26222698
v -1.05156424 4.80987288 -1.29265678
v -1.05322984 4.85960821 -1.26216988
v -1.05717841 4.85964853 -1.29266181
v -1.05328242 4.85957173 -1.26205654
v -1.05086598 4.85967348 -1.29276055
v -1.05734847 4.85962960 -1.29280084
v -1.04679089 4.85953066 -1.26224781
v -1.04520597 4.81010017 -1.29264943
v -1.04691791 4.85966446 -1.26210985
v -1.04127848 4.80993958 -1.26206277
v -1.05083099 4.85950376 -1.29279362
v -2.56158236 -4.35257957 -1.46632864
v -2.56140909 -4.20706284 -1.44621858
v -2.56164134 -4.35247044 -1.44641422
v -2.56147882 -4.20675541 -1.46627860
v -2.56153100 -4.35232492 -1.44626724
v -2.57138463 -4.35243385 -1.46630157
v -2.56134562 -4.35252236 -1.46622557
v -2.57158738 -4.35253279 -1.44602641
v -2.56149250 -4.20700554 -1.46605458
v -2.57144572 -4.35222779 -1.46614184
v -2.57142292 -4.20705327 -1.46613084
v -2.56154148 -4.35234469 -1.46625018
v -2.57138147 -4.20686666 -1.44630161
v -2.56137699 -4.20701236 -1.46620391
v -2.57148698 -4.20699019 -1.46628155
v -2.56141592 -4.20687734 -1.44608378
v -2.56158743 -4.35242004 -1.44609574
v -2.57123690 -4.20699891 -1.44620309
v -2.57135706 -4.35249428 -1.44623522
v -2.56131615 -4.20688116 -1.44611498
v -2.57150860 -4.20708819 -1.44618687
v -2.57152582 -4.35262279 -1.46628782
v -2.57153033 -4.35238331 -1.44622158
v -2.57143811 -4.20701482 -1.46611692
v -1.05453887 4.87208127 -1.25911108
v -1.08466043 4.85719158 -1.44641669
v -1.05477187 4.85712991 -1.25921569
v -1.08459249 4.87240581 -1.44645194
v -1.08487411 4.87206817 -1.53157269
v -1.06461386 4.87217821 -1.61720568
v -1.07764748 4.87213425 -1.61687585
v -1.06465914 4.87228314 -1.44644085
v -1.08466770 4.87214541 -1.44631834
v -1.05468494 4.87202072 -1.25910041
v -1.04391752 4.87233977 -1.25921787
v -1.08464278 4.85712004 -1.53175521
v -1.08483239 4.87209799 -1.53170117
v -1.06466266 4.85720286 -1.44646036
v -1.07752949 4.85691871 -1.61709577
v -1.06469191 4.85717423 -1.61687033
v -1.08486856 4.85698991 -1.53176678
v -1.08509735 4.85719500 -1.44640308
v -1.04392020 4.85698661 -1.25925502
v -1.05495094 4.85684014 -1.25931533
v -1.04398330 4.85695672 -1.25900363
v -1.05470468 4.87212389 -1.25929266
v -1.05466275 4.85702810 -1.25926898
v -1.04393532 4.87227390 -1.25922791
v -1.06467093 4.85725584 -1.61695094
v -1.06454338 4.87201415 -1.44632823
v -1.06456708 4.85713315 -1.44633718
v -1.06481083 4.87216182 -1.61732931
v -1.06458368 4.87211457 -1.61703444
v -1.07751421 4.85719163 -1.61706518
v -1.07754130 4.87208067 -1.61695650
v -1.06458972 4.85708363 -1.61716839
v -1.07767256 4.85709520 -1.61705817
v -1.07770022 4.87216306 -1.61698936
v -1.04420998 4.87206014 -1.25934202
v -1.04410892 4.85717099 -1.25910625
v -1.05837010 4.71075986 -1.34978425
v -1.06878350 4.71082835 -1.38031846
v -1.06237336 4.71072604 -1.38022630
v -1.06486343 4.71084625 -1.34960357
v -1.05911828 4.76066068 -1.34952936
v -1.06900662 4.71083097 -1.38022650
v -1.06463881 4.71076023 -1.34973864
v -1.06316836 4.76034541 -1.38031292
v -1.06258981 4.85963776 -1.38038630
v -1.06311801 4.81002325 -1.38021103
v -1.06874793 4.85973456 -1.38029046
v -1.06311579 4.76040218 -1.38039932
v -1.06263042 4.71063406 -1.38039921
v -1.06883523 4.71097368 -1.38019880
v -1.05678393 4.80992004 -1.38017972
v -1.05673942 4.76038951 -1.38019481
v -1.05691119 4.76042975 -1.38021071
v -1.05857658 4.71077826 -1.34968318
v -1.06271005 4.71081330 -1.38031680
v -1.05848634 4.71072692 -1.34952927
v -1.05910491 4.76053218 -1.34967925
v -1.06469037 4.71075345 -1.34955391
v -1.05906219 4.81009447 -1.34953996
v -1.05850781 4.85967932 -1.34972914
v -1.06463260 4.85968301 -1.34971855
v -1.05268400 4.76043858 -1.34979442
v -1.05250382 4.80999315 -1.34957353
v -1.05886060 4.80989132 -1.34978733
v -1.06321559 4.81007872 -1.38031052
v -1.06464305 4.85970611 -1.34966242
v -1.06867769 4.85964536 -1.38037252
v -1.06465897 4.85956400 -1.34959794
v -1.06260116 4.85970566 -1.38029037
v -1.06884548 4.85956026 -1.38008647
v -1.05840790 4.85977500 -1.34996307
v -1.06252790 4.85958901 -1.38024583
v -1.05259896 4.80989311 -1.34941112
v -1.05668110 4.81003791 -1.38028559
v -1.05266560 4.76031747 -1.34968756
v -1.05843927 4.85955145 -1.34957415
v 0.58712750 4.85107470 -1.26203817
v 0.59766676 4.85116890 -1.29279364
v 0.59131373 4.85095905 -1.29288253
v 0.59351623 4.85105640 -1.26217364
v 0.59190691 4.80135426 -1.29291858
v 0.59335942 4.85102415 -1.26209382
v 0.58786111 4.80146638 -1.26220626
v 0.59750413 4.85082729 -1.29279969
v 0.59142628 4.85100807 -1.29270549
v 0.58557802 4.75189312 -1.29266121
v 0.58565875 4.80142045 -1.29298614
v 0.59137473 4.70224308 -1.29274932
v 0.59187386 4.80137738 -1.29292219
v 0.59753643 4.85116349 -1.29276987
v 0.59186486 4.75180883 -1.29266589
v 0.59750706 4.70225230 -1.29281313
v 0.58727411 4.85093569 -1.26194725
v 0.58559242 4.80156903 -1.29270056
v 0.58129257 4.80146321 -1.26207374
v 0.59135680 4.85103978 -1.29263043
v 0.58710678 4.70220773 -1.26204777
v 0.58136813 4.80128454 -1.26190865
v 0.58149401 4.75167140 -1.26207416
v 0.58717051 4.85100671 -1.26217732
v 0.58776227 4.75191466 -1.26216461
v 0.59351657 4.70228498 -1.26207389
v 0.58766269 4.80132548 -1.26218042
v 0.59338521 4.85085572 -1.26211145
v 0.59195422 4.75184195 -1.29287344
v 0.58744083 4.75182010 -1.26213902
v 0.59742401 4.70236356 -1.29268886
v 0.59351095 4.70235179 -1.26220189
v 0.59354659 4.70220741 -1.26213362
v 0.59154129 4.70229618 -1.29292240
v 0.59754990 4.70230898 -1.29293307
v 0.58705541 4.70211429 -1.26217738
v 0.58153350 4.75189136 -1.26212369
v 0.59130890 4.70234360 -1.29292389
v 0.58716881 4.70225310 -1.26217412
v 0.58546079 4.75194042 -1.29277783
v -2.55674578 -4.36550627 -1.44646933
v -2.57695405 -4.35058573 -1.44641617
v -2.57700112 -4.36576039 -1.44662906
v -2.55703317 -4.35058222 -1.44632213
v -2.55699284 -4.36564228 -1.53169441
v -2.57698526 -4.36578632 -1.61711608
v -2.56427741 -4.36563138 -1.61690755
v -2.57669588 -4.36544559 -1.53174302
v -2.55666722 -4.36573721 -1.44635799
v -2.57689183 -4.36564293 -1.44642125
v -2.55688077 -4.36554787 -1.53170262
v -2.55683087 -4.35043533 -1.44657237
v -2.55687121 -4.36563974 -1.44658378
v -2.55689769 -4.35058300 -1.53182936
v -2.57692636 -4.35064301 -1.53179254
v -2.56424361 -4.35064672 -1.61720050
v -2.57687734 -4.35045977 -1.61706785
v -2.55697664 -4.35076203 -1.53181249
v -2.57684938 -4.35056052 -1.44625210
v -2.55694355 -4.35066078 -1.44660251
v -2.57719886 -4.35084125 -1.44659446
v -2.57676297 -4.36555639 -1.53174379
v -2.57695511 -4.36552114 -1.44630451
v -2.57700742 -4.35059874 -1.53183658
v -2.57695572 -4.35043647 -1.53173729
v -2.57699712 -4.36573849 -1.61722624
v -2.57676007 -4.36572209 -1.53178478
v -2.57683953 -4.35038758 -1.61710179
v -2.56420027 -4.35028269 -1.61688018
v -2.57699947 -4.36551210 -1.61713298
v -2.57696685 -4.35051455 -1.61713836
v -2.56446252 -4.36568365 -1.61695105
v -2.56424053 -4.36558031 -1.61707905
v -2.56427418 -4.35056048 -1.61708182
v -1.08331127 4.70123496 -1.51194708
v -1.21131933 4.70139655 -1.53185288
v -1.08351644 4.70133388 -1.53201750
v -1.21170911 4.70125480 -1.51182553
v -1.21141440 4.71133689 -1.51189203
v -1.21136467 4.70127710 -1.53200621
v -1.21149349 4.70146491 -1.51182867
v -1.21152399 4.71122730 -1.53188480
v -1.08319206 4.71122579 -1.53212837
v -1.21159156 4.70145034 -1.53183092
v -1.21130707 4.71130269 -1.53204026
v -1.08328789 4.70106958 -1.53185429
v -1.08311431 4.70127077 -1.53205030
v -1.08312965 4.71131326 -1.51184156
v -1.08335377 4.70151339 -1.51193177
v -1.08348287 4.71143997 -1.53181889
v -1.08326415 4.70153170 -1.51171659
v -1.21133399 4.71136023 -1.51177433
v -1.21138536 4.70141298 -1.51191122
v -1.08322658 4.71136989 -1.51176796
v -1.21143762 4.71127435 -1.51174289
v -1.08328773 4.71154461 -1.53197185
v -1.21146534 4.71128302 -1.53191945
v -1.08321460 4.71129579 -1.51176890
v -1.21626032 4.71336397 -1.53187183
v -1.21615528 4.85720036 -1.51187562
v -1.21626402 4.71350151 -1.51202346
v -1.21616838 4.85719256 -1.53201510
v -1.21644931 4.71337127 -1.51190827
v -1.22626087 4.71312933 -1.53184963
v -1.21610947 4.71324465 -1.53205689
v -1.22613837 4.71341383 -1.51185966
v -1.21617152 4.85705395 -1.53201319
v -1.22615474 4.71330179 -1.53189362
v -1.22638271 4.85688435 -1.53185776
v -1.21617670 4.71324872 -1.53171959
v -1.22613671 4.85702458 -1.51189083
v -1.21621508 4.85712989 -1.53203281
v -1.22629810 4.85711945 -1.53220087
v -1.21628014 4.85710636 -1.51197221
v -1.21630698 4.71341872 -1.51195600
v -1.22650754 4.85692527 -1.51189171
v -1.22618411 4.71349621 -1.51203331
v -1.21635392 4.85706945 -1.51181703
v -1.22637911 4.85713112 -1.51199519
v -1.22646828 4.71324003 -1.53193267
v -1.22630109 4.71326737 -1.51195992
v -1.22626100 4.85701963 -1.53203026
v -1.05469148 4.71403252 -1.25942208
v -1.08470006 4.69916204 -1.44641698
v -1.05473121 4.69904819 -1.25905898
v -1.08493587 4.71403029 -1.44632164
v -1.05476238 4.71417080 -1.25924489
v -1.06461866 4.71412338 -1.44632013
v -1.08468594 4.71410902 -1.44633961
v -1.04400269 4.71404789 -1.25932831
v -1.08461860 4.69893569 -1.53167323
v -1.08451592 4.71413488 -1.53166702
v -1.08451133 4.71403405 -1.53170357
v -1.04400238 4.69909720 -1.25920652
v -1.08497507 4.69897527 -1.44635308
v -1.06463376 4.69898211 -1.44635573
v -1.05484051 4.69923851 -1.25920779
v -1.04417099 4.69893784 -1.25919053
v -1.05471982 4.71412542 -1.25914867
v -1.05505401 4.69903819 -1.25911850
v -1.04398453 4.71410494 -1.25930640
v -1.06472818 4.69916938 -1.44643459
v -1.04415649 4.71380690 -1.25937651
v -1.04417521 4.69898620 -1.25921996
v -1.06463119 4.71415989 -1.44636645
v -1.08475571 4.71407560 -1.44627401
v -1.06460785 4.71390743 -1.53173508
v -1.08470864 4.71414095 -1.53189151
v -1.06468396 4.71413468 -1.44647125
v -1.07766503 4.71402704 -1.61697210
v -1.07772523 4.69892552 -1.61718249
v -1.06444417 4.69909071 -1.44639115
v -1.08471145 4.69928129 -1.53170193
v -1.06448290 4.69894871 -1.53184794
v -1.08478293 4.69904882 -1.44633387
v -1.06467379 4.71420104 -1.61693246
v -1.06446340 4.69898784 -1.53184735
v -1.06462635 4.69897940 -1.61702432
v -1.06474577 4.71415196 -1.53162275
v -1.06458312 4.71417303 -1.53166020
v -1.06466915 4.71389410 -1.61713139
v -1.08471771 4.71417566 -1.53190576
v -1.08455745 4.71409432 -1.53160612
v -1.06474453 4.71421929 -1.61714335
v -1.07740363 4.71402899 -1.61690102
v -1.06467941 4.71414731 -1.61694493
v -1.07754538 4.69904717 -1.61710950
v -1.07754122 4.71415293 -1.61714639
v -1.06467644 4.69888880 -1.61703713
v -1.06471531 4.69892018 -1.53185063
v -1.07752246 4.69894367 -1.61701883
v -1.06490359 4.69908702 -1.61711482
v -1.08461304 4.69894832 -1.53159982
v -2.39204455 -4.35416945 -1.26206051
v -2.40234582 -4.35415183 -1.29274077
v -2.39623942 -4.35416681 -1.29277453
v -2.39817934 -4.35431151 -1.26231897
v -2.39277186 -4.30470450 -1.26206560
v -2.40249106 -4.35418855 -1.29273248
v -2.39826938 -4.35402873 -1.26197653
v -2.39620358 -4.20534529 -1.29284626
v -2.39660512 -4.25490625 -1.29283326
v -2.40240047 -4.20530374 -1.29269353
v -2.39662024 -4.30450481 -1.29281402
v -2.39619427 -4.35412895 -1.29254558
v -2.40240668 -4.35416148 -1.29265277
v -2.39040222 -4.25514827 -1.29281729
v -2.39039953 -4.30435339 -1.29262587
v -2.39605126 -4.35395406 -1.29283565
v -2.38636292 -4.30450029 -1.26214834
v -2.39200359 -4.35410878 -1.26212880
v -2.39032960 -4.30454595 -1.29270752
v -2.39204567 -4.35413083 -1.26215756
v -2.39243837 -4.30438419 -1.26207925
v -2.39832343 -4.35427236 -1.26211743
v -2.39267686 -4.25489580 -1.26216279
v -2.39204865 -4.20534504 -1.26220814
v -2.39821766 -4.20529471 -1.26213788
v -2.38623190 -4.30444362 -1.26215875
v -2.38635036 -4.25482787 -1.26208118
v -2.39674403 -4.30435790 -1.29288178
v -2.39250987 -4.25515066 -1.26211399
v -2.39664602 -4.25499262 -1.29287078
v -2.40247949 -4.20543931 -1.29270681
v -2.39814155 -4.20538654 -1.26209826
v -2.39840868 -4.20560809 -1.26222124
v -2.39610329 -4.20539570 -1.29279617
v -2.40234598 -4.20542797 -1.29272628
v -2.39204821 -4.20530702 -1.26202297
v -2.39036170 -4.25498573 -1.29275950
v -2.39202650 -4.20531520 -1.26222785
v -2.38622529 -4.25469037 -1.26237962
v -2.39602710 -4.20514012 -1.29268010
v -0.41655280 -2.77553825 -1.50656876
v -1.01882346 -2.61412468 -1.50650339
v -1.01882224 -2.77543938 -1.50652063
v -0.41663983 -2.61406963 -1.50632625
v -1.01878922 -2.82943556 -1.24598718
v -1.01892572 -2.85564471 -1.58675343
v -1.01902337 -2.85574682 -1.24597898
v -1.01906418 -2.77543731 -1.50650285
v -1.01896714 -2.61408128 -1.58664692
v -1.01894622 -2.77545250 -1.47987272
v -1.01901031 -2.61390658 -1.50645165
v -1.01899743 -2.77546352 -1.47989355
v -0.41667116 -2.77537577 -1.50659593
v -1.01896137 -2.77542278 -1.50655309
v -0.41657360 -2.77536643 -1.47978885
v -0.41644178 -2.85575196 -1.58680127
v -0.41648036 -2.82969204 -1.24607941
v -0.41663684 -2.85570866 -1.24588148
v -0.41671367 -2.77542289 -1.50656849
v -0.41671928 -2.61403773 -1.58683641
v -0.41671133 -2.77538773 -1.48007617
v -0.41659719 -2.61391275 -1.50650619
v -1.01897547 -2.61415147 -1.50658055
v -0.41665575 -2.61417504 -1.58680897
v -1.01884656 -2.61406661 -1.58682560
v -0.41652232 -2.61387680 -1.50664411
v -0.41650939 -2.61397345 -1.58682549
v -1.01869605 -2.85575962 -1.58706803
v -1.01883597 -2.61402853 -1.58684349
v -0.41671566 -2.85573694 -1.58668688
v -0.41649814 -2.85575638 -1.24598340
v -1.01880251 -2.85566216 -1.58667173
v -0.41663000 -2.85571234 -1.58682154
v -1.01889724 -2.85576535 -1.24590949
v -0.41647085 -2.85579379 -1.24586178
v -1.01898156 -2.82937608 -1.24591301
v -1.01900531 -2.85594825 -1.24600024
v -0.41647626 -2.82964588 -1.24594847
v -1.01895375 -2.82953562 -1.24592172
v -0.41663993 -2.82945046 -1.24591150
v -1.21173911 4.85867388 -1.44639077
v -1.23185645 4.87369961 -1.44623761
v -1.23169095 4.85874591 -1.44647802
v -1.21157210 4.87341155 -1.44623042
v -1.21160761 4.85860601 -1.44648633
v -1.23175930 4.85847311 -1.53173526
v -1.21166757 4.85855902 -1.53155640
v -1.23160692 4.85859161 -1.44650638
v -1.21168654 4.87338922 -1.53167927
v -1.21149040 4.85858101 -1.44633608
v -1.21165463 4.85841550 -1.53150942
v -1.21154097 4.87350441 -1.44642991
v -1.23181361 4.87364468 -1.44641995
v -1.21915928 4.87376766 -1.61708513
v -1.23162692 4.87343482 -1.61707899
v -1.21169447 4.87365518 -1.53176472
v -1.21153402 4.87350000 -1.44641954
v -1.23164757 4.85839600 -1.44639190
v -1.23179984 4.85851153 -1.61698748
v -1.23172238 4.85859491 -1.53163698
v -1.23180876 4.87357933 -1.44642316
v -1.23186251 4.87349947 -1.61699914
v -1.23195616 4.85850952 -1.53159702
v -1.23171594 4.85840299 -1.61691384
v -1.21164610 4.85861008 -1.53177930
v -1.21896030 4.85838531 -1.61693053
v -1.21926648 4.87361549 -1.61697523
v -1.21917367 4.87364587 -1.61707377
v -1.23180500 4.85851603 -1.61703169
v -1.23153887 4.87374266 -1.61692460
v -1.21918644 4.85843571 -1.61720077
v -1.21924199 4.85853674 -1.61703549
v 0.59852778 4.85112710 -1.34958327
v 0.60927211 4.85106479 -1.38046184
v 0.60294354 4.85108731 -1.38017438
v 0.60509429 4.85093592 -1.34958371
v 0.60348654 4.80146806 -1.38030338
v 0.60504124 4.85082443 -1.34977483
v 0.59932246 4.80116477 -1.34981867
v 0.60914565 4.85110639 -1.38018044
v 0.60288992 4.85108979 -1.38014232
v 0.59735700 4.75184938 -1.38034267
v 0.59712250 4.80128399 -1.38030706
v 0.60294399 4.70233490 -1.38019172
v 0.60345284 4.80154566 -1.38014127
v 0.60923523 4.85096581 -1.38033396
v 0.60343975 4.75174086 -1.38021399
v 0.60941450 4.70216143 -1.38004990
v 0.59865133 4.85104454 -1.34965513
v 0.59712476 4.80147172 -1.38038454
v 0.59297916 4.80166461 -1.34976291
v 0.60293013 4.85104062 -1.38019409
v 0.59878219 4.70209260 -1.34974066
v 0.59310898 4.80155560 -1.34955225
v 0.59299675 4.75184529 -1.34958759
v 0.59865592 4.85112161 -1.34981875
v 0.59948311 4.75177930 -1.34956508
v 0.60514084 4.70205934 -1.34965045
v 0.59925858 4.80145354 -1.34979470
v 0.60516817 4.85113786 -1.34968592
v 0.60372043 4.75168889 -1.38035214
v 0.59932857 4.75179233 -1.34972420
v 0.60929183 4.70222586 -1.38036085
v 0.60502193 4.70193947 -1.34946964
v 0.60496494 4.70222512 -1.34963238
v 0.60280481 4.70214294 -1.38040973
v 0.60892431 4.70230265 -1.38023924
v 0.59867248 4.70222816 -1.34969382
v 0.59295221 4.75178777 -1.34954331
v 0.60287802 4.70209630 -1.38020417
v 0.59867124 4.70227511 -1.34959640
v 0.59677854 4.75183921 -1.38036566
v 1.05704547 4.84866247 -1.44634670
v 1.03698410 4.86329215 -1.44622758
v 1.03697538 4.84857234 -1.44639352
v 1.05702053 4.86334274 -1.44635075
v 1.05696168 4.84858674 -1.44624270
v 1.03688315 4.84829459 -1.53185016
v 1.05698549 4.84841452 -1.53181657
v 1.03677311 4.84847940 -1.44655290
v 1.05694019 4.86348381 -1.53187214
v 1.05708208 4.84853011 -1.44634392
v 1.05715693 4.84854592 -1.53173748
v 1.05700686 4.86338850 -1.44629223
v 1.03683362 4.86360126 -1.53181291
v 1.04961911 4.86353793 -1.61722984
v 1.03706328 4.86343496 -1.61715506
v 1.05701467 4.86351202 -1.53163826
v 1.03709499 4.86353859 -1.44644389
v 1.05704440 4.86350892 -1.44650446
v 1.03693301 4.84845267 -1.44675265
v 1.03696741 4.86342590 -1.53159446
v 1.03705025 4.84824504 -1.53169167
v 1.03675335 4.86366349 -1.44649854
v 1.03697481 4.84853544 -1.53179562
v 1.03694150 4.84835159 -1.61693065
v 1.05726406 4.84842842 -1.53179049
v 1.04963505 4.84840489 -1.61701042
v 1.04964511 4.86356037 -1.61702333
v 1.04955813 4.86333785 -1.61715038
v 1.03697914 4.84856636 -1.61711132
v 1.03704194 4.86341985 -1.61710718
v 1.04960913 4.84857499 -1.61707512
v 1.03704388 4.86348252 -1.53175189
v 1.03712869 4.84855207 -1.61729236
v 1.03709946 4.84843264 -1.53184577
v 1.03697077 4.86347142 -1.61707554
v 1.04971530 4.84833697 -1.61703878
v -1.07218648 4.71330432 -1.53202233
v -1.07211465 4.85716598 -1.51177308
v -1.07222933 4.71345715 -1.51170207
v -1.07227459 4.85703780 -1.53181758
v -1.07218127 4.71346978 -1.51181128
v -1.08224631 4.71335606 -1.53197413
v -1.07218268 4.71332758 -1.53202215
v -1.08211301 4.71330370 -1.51181109
v -1.07236199 4.85705900 -1.53200553
v -1.08234975 4.71334651 -1.53186119
v -1.08226028 4.85723708 -1.53193307
v -1.07226572 4.71341334 -1.53201129
v -1.08239801 4.85714494 -1.51199946
v -1.07228148 4.85693619 -1.53189769
v -1.08240517 4.85716658 -1.53194955
v -1.07235298 4.85694866 -1.51191227
v -1.07216550 4.71339802 -1.51162697
v -1.08203233 4.85705736 -1.51186642
v -1.08240734 4.71325813 -1.51201320
v -1.07220365 4.85707633 -1.51176372
v -1.08222420 4.85698434 -1.51188342
v -1.08243074 4.71336224 -1.53194421
v -1.08239908 4.71338728 -1.51182126
v -1.08207863 4.85701913 -1.53189976
v 0.62355928 4.86070601 -1.51174825
v 0.75181149 4.86055961 -1.53200254
v 0.62348686 4.86035948 -1.53202739
v 0.75173380 4.86052030 -1.51189646
v 0.75192704 4.85057156 -1.53212452
v 0.75169618 4.86059796 -1.51184003
v 0.75178444 4.85038768 -1.51187230
v 0.75203278 4.86049157 -1.53200269
v 0.75170149 4.86048154 -1.53180396
v 0.62349725 4.85056771 -1.53191359
v 0.62349195 4.86040751 -1.53202134
v 0.75181246 4.85036607 -1.53159105
v 0.62364818 4.86059612 -1.51175668
v 0.62358430 4.85057502 -1.53194841
v 0.62369695 4.85027433 -1.51186296
v 0.62341687 4.86043394 -1.53184746
v 0.75181336 4.85041678 -1.51193314
v 0.62347567 4.86052222 -1.51190210
v 0.62340920 4.85043180 -1.51180826
v 0.75174260 4.86055474 -1.51189176
v 0.75179335 4.85033909 -1.51198246
v 0.62348350 4.85059056 -1.53185106
v 0.75177112 4.85054191 -1.53191477
v 0.62383554 4.85045108 -1.51168589
v -1.08319143 4.86124669 -1.51195893
v -1.21142710 4.86129360 -1.53206920
v -1.08324672 4.86121139 -1.53201300
v -1.21131394 4.86130293 -1.51188625
v -1.21133665 4.87133505 -1.51188792
v -1.21154490 4.86141513 -1.53206336
v -1.21129189 4.86145426 -1.51179809
v -1.21121590 4.87122551 -1.53193365
v -1.08305037 4.87119613 -1.53205333
v -1.21139783 4.86125366 -1.53193156
v -1.21146346 4.87134582 -1.53195593
v -1.08335578 4.86117690 -1.53192105
v -1.08315651 4.86135413 -1.53204261
v -1.08333081 4.87130049 -1.51202162
v -1.08322571 4.86119039 -1.51177000
v -1.08315493 4.87134106 -1.53204079
v -1.08338242 4.86125843 -1.51183084
v -1.21119450 4.87123646 -1.51202602
v -1.21142918 4.86133135 -1.51190571
v -1.08329158 4.87123327 -1.51178718
v -1.21152739 4.87113317 -1.51180935
v -1.08301005 4.87123792 -1.53181998
v -1.21150094 4.87119760 -1.53211732
v -1.08315641 4.87119046 -1.51181208
v -2.40351075 -4.35411365 -1.34956147
v -2.41416421 -4.35391925 -1.38037917
v -2.40773333 -4.35415237 -1.38028404
v -2.41003602 -4.35401140 -1.34963529
v -2.40388361 -4.30442732 -1.34961207
v -2.41391254 -4.35416651 -1.38036577
v -2.40997774 -4.35435781 -1.34961534
v -2.40839160 -4.30433791 -1.38044201
v -2.40769488 -4.20561216 -1.38055773
v -2.40820823 -4.25480845 -1.38038097
v -2.41397132 -4.20527726 -1.38008130
v -2.40836643 -4.30450434 -1.38022926
v -2.40769355 -4.35384316 -1.38016961
v -2.41406050 -4.35391748 -1.38032784
v -2.40210593 -4.25479713 -1.38023220
v -2.40195970 -4.30442153 -1.38045616
v -2.40776445 -4.35409105 -1.38022220
v -2.39781020 -4.30441992 -1.34964088
v -2.40372189 -4.35413185 -1.34970942
v -2.40190445 -4.30438092 -1.38037300
v -2.40366207 -4.35410321 -1.34951674
v -2.40414592 -4.30455709 -1.34964506
v -2.41006505 -4.35396042 -1.34953395
v -2.40410363 -4.25493989 -1.34966574
v -2.40369029 -4.20513750 -1.34968290
v -2.40991152 -4.20525664 -1.34971548
v -2.39779793 -4.30442408 -1.34970489
v -2.39788364 -4.25493990 -1.34956094
v -2.40410244 -4.25481627 -1.34957841
v -2.40820745 -4.25483337 -1.38030882
v -2.40985500 -4.20525261 -1.34960383
v -2.41392890 -4.20536704 -1.38046676
v -2.40993136 -4.20524693 -1.34964243
v -2.40760628 -4.20534207 -1.38023014
v -2.41405923 -4.20532620 -1.38033755
v -2.40345429 -4.20513957 -1.34971953
v -2.40220786 -4.25503927 -1.38025091
v -2.40353344 -4.20535400 -1.34971122
v -2.39782313 -4.25478955 -1.34968426
v -2.40775383 -4.20527070 -1.38023478
v -1.07510698 4.71319809 -1.46615233
v -1.07514751 4.85704159 -1.44617253
v -1.07522359 4.71336783 -1.44609422
v -1.07517848 4.85739782 -1.46628983
v -1.07506568 4.71325293 -1.44614055
v -1.08526303 4.71334444 -1.46609882
v -1.07527387 4.71316564 -1.46635042
v -1.08516369 4.71339689 -1.44616304
v -1.07503742 4.85711071 -1.46634708
v -1.08515513 4.71319564 -1.46631048
v -1.08519829 4.85699477 -1.46615382
v -1.07508212 4.71314291 -1.46618546
v -1.08521361 4.85708366 -1.44618317
v -1.07517467 4.85726849 -1.46635126
v -1.08531463 4.85704052 -1.46625340
v -1.07537139 4.85700535 -1.44632232
v -1.07537467 4.71327892 -1.44623834
v -1.08514735 4.85710917 -1.44630473
v -1.08527557 4.71340322 -1.44629534
v -1.07506115 4.85714745 -1.44625198
v -1.08516801 4.85704084 -1.44607809
v -1.08535001 4.71329260 -1.46635924
v -1.08513906 4.71325580 -1.44624858
v -1.08513530 4.85704547 -1.46613296
v -2.42843902 -4.36359050 -1.51189955
v -2.55680650 -4.36362210 -1.53213895
v -2.42834287 -4.36384404 -1.53206510
v -2.55656540 -4.36340994 -1.51179319
v -2.55662363 -4.35358385 -1.51182166
v -2.55656466 -4.36374524 -1.53178353
v -2.55650994 -4.36352227 -1.51187641
v -2.55664465 -4.35346126 -1.53198152
v -2.42840517 -4.35347009 -1.53188366
v -2.55654906 -4.36354145 -1.53206649
v -2.55682273 -4.35329055 -1.53196766
v -2.42854667 -4.36351616 -1.53200553
v -2.42835423 -4.36355034 -1.53206750
v -2.42851027 -4.35366812 -1.51179770
v -2.42852198 -4.36357832 -1.51179424
v -2.42841787 -4.35356792 -1.53188976
v -2.42839735 -4.36376267 -1.51180888
v -2.55671665 -4.35341992 -1.51181133
v -2.55665077 -4.36348540 -1.51199921
v -2.42824519 -4.35371604 -1.51185463
v -2.55658623 -4.35372502 -1.51169821
v -2.42838175 -4.35369654 -1.53196412
v -2.55655141 -4.35347478 -1.53187547
v -2.42857179 -4.35356058 -1.51169299
v 1.19659108 4.70328344 -1.53191563
v 1.19645006 4.84701726 -1.51187369
v 1.19649529 4.70342082 -1.51193856
v 1.19664077 4.84712840 -1.53182625
v 1.19639337 4.70330516 -1.51181163
v 1.18658951 4.70328090 -1.53211845
v 1.19669259 4.70331447 -1.53191044
v 1.18660037 4.70322581 -1.51169076
v 1.19642964 4.84716092 -1.53199994
v 1.18647477 4.70317552 -1.53198298
v 1.18659446 4.84695073 -1.53191978
v 1.19653512 4.70316525 -1.53205282
v 1.18650428 4.84694307 -1.51201861
v 1.19669264 4.84683171 -1.53196802
v 1.18639337 4.84704343 -1.53177732
v 1.19653781 4.84707140 -1.51179455
v 1.19653002 4.70345024 -1.51180859
v 1.18655902 4.84689727 -1.51178292
v 1.18640241 4.70323298 -1.51192448
v 1.19665516 4.84711156 -1.51179672
v 1.18652182 4.84717360 -1.51187695
v 1.18657366 4.70336059 -1.53190236
v 1.18653712 4.70334950 -1.51179111
v 1.18648067 4.84689504 -1.53198159
v -1.13024030 2.26846581 -1.25922846
v -1.14522793 2.23840313 -1.44642120
v -1.13020746 2.23851004 -1.44636998
v -1.14523869 2.26835673 -1.25933267
v -1.14542794 2.25874599 -1.61693724
v -1.14535404 2.24560879 -1.61699627
v -1.14541839 2.25855013 -1.53161987
v -1.14540688 2.26854952 -1.25923051
v -1.14532055 2.23828317 -1.53155997
v -1.14537350 2.23832236 -1.44648252
v -1.14523475 2.25827370 -1.44627574
v -1.14556246 2.27904861 -1.25930295
v -1.14511943 2.23855921 -1.53172309
v -1.13019364 2.23840542 -1.53159959
v -1.13023517 2.25859689 -1.61703892
v -1.13016856 2.25854956 -1.53171671
v -1.13006606 2.24556877 -1.61689400
v -1.13031430 2.23840735 -1.53167417
v -1.13032320 2.26840433 -1.25951566
v -1.13031973 2.23839752 -1.44617561
v -1.13023601 2.25852510 -1.44638842
v -1.13036283 2.27910540 -1.25919187
v -1.13016765 2.26835349 -1.25919034
v -1.14534023 2.27916484 -1.25920957
v -1.14542628 2.26851401 -1.25940871
v -1.13025899 2.27915409 -1.25924522
v -1.14540032 2.25848133 -1.53177901
v -1.13016608 2.25859898 -1.61718412
v -1.14520590 2.25862158 -1.61703707
v -1.13047040 2.25862431 -1.53168628
v -1.13016796 2.25829569 -1.61712562
v -1.14528004 2.24548252 -1.61679105
v -1.14543282 2.25859540 -1.61692061
v -1.13006823 2.24564972 -1.61699465
v -1.14535671 2.24554332 -1.61728130
v -1.13036346 2.24554268 -1.61706932
v -1.14519653 2.27913172 -1.25934386
v -1.13014871 2.25857354 -1.44659543
v -1.14550991 2.25849254 -1.44628275
v -1.13023172 2.27913863 -1.25933010
v -1.13025525 2.25844959 -1.53170195
v -1.14524211 2.25837144 -1.53191635
v 0.09204953 4.70330516 -1.53185181
v 0.09229503 4.84706415 -1.51186618
v 0.09219447 4.70339849 -1.51181467
v 0.09241591 4.84722814 -1.53193305
v 0.09217263 4.70330463 -1.51187430
v 0.08214698 4.70315513 -1.53190115
v 0.09226039 4.70330947 -1.53204343
v 0.08218008 4.70329043 -1.51194951
v 0.09221256 4.84679424 -1.53185039
v 0.08224208 4.70333863 -1.53194264
v 0.08216563 4.84717982 -1.53189212
v 0.09233081 4.70329267 -1.53193584
v 0.08230223 4.84703089 -1.51187650
v 0.09211215 4.84709540 -1.53190984
v 0.08231448 4.84687212 -1.53192649
v 0.09227023 4.84696158 -1.51192131
v 0.09222806 4.70324831 -1.51179847
v 0.08225995 4.84711338 -1.51180712
v 0.08220202 4.70326322 -1.51196904
v 0.09232358 4.84693145 -1.51179802
v 0.08233199 4.84706064 -1.51197421
v 0.08228280 4.70328158 -1.53185907
v 0.08216554 4.70334558 -1.51200116
v 0.08230739 4.84708348 -1.53187504
v 0.61540285 4.84857119 -1.44622542
v 0.61538807 4.70462482 -1.46632026
v 0.61541304 4.70488070 -1.44618653
v 0.61547232 4.84855428 -1.46620469
v 0.61541361 4.84848596 -1.44605200
v 0.62545430 4.84846100 -1.46640017
v 0.61556876 4.84855527 -1.46640748
v 0.62538456 4.84845719 -1.44601643
v 0.62539328 4.84875690 -1.46626457
v 0.61536581 4.70459801 -1.46617595
v 0.61530680 4.84847503 -1.46620244
v 0.62535902 4.70472699 -1.46639172
v 0.62559564 4.70462685 -1.44613438
v 0.61560397 4.70477963 -1.46627862
v 0.62549652 4.70462624 -1.46627731
v 0.61556553 4.70479005 -1.44629979
v 0.62564599 4.70461993 -1.44631258
v 0.61546568 4.84859949 -1.44615455
v 0.61523347 4.70477100 -1.44627750
v 0.62550360 4.84857565 -1.44603437
v 0.62548216 4.70470328 -1.46626697
v 0.62558003 4.84834872 -1.44627168
v 0.62528217 4.70485643 -1.44618827
v 0.62545845 4.84861668 -1.46632925
v -0.97217707 2.26852032 -1.25928642
v -0.98712085 2.23856371 -1.44642128
v -0.97216993 2.23851150 -1.44645849
v -0.98736763 2.26845459 -1.25930225
v -0.98729686 2.25849549 -1.61715888
v -0.98728081 2.24535876 -1.61695471
v -0.98723947 2.25845620 -1.53180037
v -0.98717489 2.26842101 -1.25922843
v -0.98740057 2.23834059 -1.53167324
v -0.98721930 2.23866773 -1.44645802
v -0.98716838 2.25838771 -1.44656711
v -0.98728997 2.27898620 -1.25932899
v -0.98720950 2.23844713 -1.53174032
v -0.97204328 2.23848061 -1.53187348
v -0.97208193 2.25860429 -1.61712046
v -0.97209280 2.25859859 -1.53178804
v -0.97220542 2.24566278 -1.61721343
v -0.97220240 2.23831778 -1.53188330
v -0.97213828 2.26871124 -1.25896376
v -0.97193868 2.23844306 -1.44657331
v -0.97197741 2.25844641 -1.44622144
v -0.97219012 2.27906554 -1.25921937
v -0.97214517 2.26846959 -1.25944609
v -0.98714932 2.27905525 -1.25919295
v -0.98723679 2.26838266 -1.25915409
v -0.97211418 2.27912985 -1.25921230
v -0.98732044 2.25854077 -1.53184588
v -0.97207826 2.25836316 -1.61712661
v -0.98756612 2.25840082 -1.61706758
v -0.97222633 2.25847186 -1.53156706
v -0.97218058 2.25845259 -1.61712043
v -0.98716664 2.24552193 -1.61712072
v -0.98716612 2.25852967 -1.61715658
v -0.97210241 2.24559897 -1.61705219
v -0.98713478 2.24571964 -1.61697011
v -0.97210810 2.24554432 -1.61713964
v -0.98706174 2.27903933 -1.25926701
v -0.97209039 2.25862777 -1.44636411
v -0.98715619 2.25860538 -1.44639558
v -0.97214029 2.27920163 -1.25916835
v -0.97210235 2.25838804 -1.53172439
v -0.98717693 2.25837161 -1.53164841
v -1.13022225 2.10695271 -1.53200761
v -0.98667493 2.10683160 -1.51183269
v -0.98661566 2.10698564 -1.53201061
v -1.13028665 2.10694347 -1.51176641
v -0.98646988 2.09697616 -1.53210498
v -0.98630682 2.10694078 -1.51174102
v -0.98638598 2.09687201 -1.51170104
v -0.98654148 2.10698356 -1.53173088
v -0.98662507 2.10692696 -1.53177130
v -1.13000189 2.09673095 -1.53198871
v -1.13020862 2.10686985 -1.53205651
v -0.98638144 2.09704096 -1.53200100
v -1.13014106 2.10702591 -1.51175233
v -1.13025379 2.09681437 -1.53198516
v -1.13003563 2.09687632 -1.51195511
v -1.13033631 2.10698685 -1.53190678
v -0.98656674 2.09694676 -1.51194632
v -1.13026536 2.10690109 -1.51204300
v -1.13028702 2.09674613 -1.51185472
v -0.98634862 2.10708989 -1.51176024
v -0.98633956 2.09686452 -1.51177656
v -1.13007903 2.09667965 -1.53200952
v -0.98647205 2.09717721 -1.53190842
v -1.13044930 2.09680710 -1.51173880
v 0.08133023 4.85124874 -1.51180435
v -0.04681254 4.85105615 -1.53198273
v 0.08111513 4.85116983 -1.53219288
v -0.04684380 4.85121445 -1.51174664
v -0.04662293 4.86125152 -1.51196786
v -0.04690148 4.85130796 -1.53187707
v -0.04689792 4.85095614 -1.51178434
v -0.04700806 4.86105903 -1.53192061
v 0.08136434 4.86114809 -1.53202079
v -0.04705086 4.85124708 -1.53209925
v -0.04705000 4.86112886 -1.53191543
v 0.08139554 4.85110924 -1.53205089
v 0.08121625 4.85121291 -1.53186715
v 0.08128057 4.86107282 -1.51200458
v 0.08116220 4.85117329 -1.51182484
v 0.08139457 4.86118978 -1.53191192
v 0.08136196 4.85104936 -1.51193497
v -0.04686799 4.86122149 -1.51217910
v -0.04707471 4.85115450 -1.51188906
v 0.08115528 4.86132421 -1.51190882
v -0.04677915 4.86116892 -1.51202379
v 0.08120490 4.86125922 -1.53208615
v -0.04662154 4.86102446 -1.53192254
v 0.08145585 4.86126372 -1.51194342
v 0.08912124 4.70326180 -1.46612088
v 0.08921060 4.84715334 -1.44603812
v 0.08943193 4.70337654 -1.44619227
v 0.08940356 4.84698606 -1.46622611
v 0.08932565 4.70311514 -1.44617511
v 0.07905983 4.70324589 -1.46634596
v 0.08932601 4.70318270 -1.46617478
v 0.07930631 4.70328018 -1.44623727
v 0.08940424 4.84719484 -1.46627002
v 0.07921981 4.70323178 -1.46623198
v 0.07912700 4.84707890 -1.46627602
v 0.08931854 4.70342195 -1.46628684
v 0.07924989 4.84705580 -1.44621769
v 0.08917036 4.84730072 -1.46618067
v 0.07929932 4.84700483 -1.46638874
v 0.08933332 4.84700301 -1.44624267
v 0.08946221 4.70323810 -1.44619655
v 0.07941496 4.84703182 -1.44618435
v 0.07926545 4.70345722 -1.44636560
v 0.08933606 4.84707571 -1.44636305
v 0.07933557 4.84723578 -1.44607792
v 0.07940777 4.70327938 -1.46642569
v 0.07934823 4.70313968 -1.44620190
v 0.07940186 4.84701771 -1.46634071
v -0.97462040 2.11170352 -1.53208048
v -0.97442986 2.24005711 -1.51218246
v -0.97444574 2.11161750 -1.51175297
v -0.97446556 2.24003362 -1.53190709
v -0.97445170 2.11178678 -1.51178301
v -0.98444717 2.11184788 -1.53177419
v -0.97461282 2.11181467 -1.53203158
v -0.98460113 2.11179078 -1.51176110
v -0.97460222 2.23994045 -1.53207270
v -0.98467421 2.11180142 -1.53190773
v -0.98431168 2.23987388 -1.53202076
v -0.97456728 2.11190643 -1.53206804
v -0.98458658 2.23994570 -1.51184756
v -0.97443088 2.23994964 -1.53201203
v -0.98442868 2.24001350 -1.53203600
v -0.97430454 2.24013195 -1.51188475
v -0.97457621 2.11193553 -1.51172969
v -0.98449443 2.23990629 -1.51172625
v -0.98460367 2.11192453 -1.51192195
v -0.97451101 2.23999501 -1.51183301
v -0.98478033 2.24000646 -1.51190733
v -0.98461140 2.11174502 -1.53214756
v -0.98453237 2.11169194 -1.51176359
v -0.98454296 2.24008167 -1.53199809
v 0.08114340 4.69153428 -1.44626522
v -0.04710914 4.70115584 -1.44622210
v -0.04684785 4.69112292 -1.44603551
v 0.08142537 4.70173818 -1.44601390
v 0.08134511 4.69133186 -1.44597922
v -0.04697042 4.69130574 -1.46617837
v 0.08102547 4.69120340 -1.46627510
v -0.04699376 4.69136042 -1.44601301
v 0.08133373 4.69128685 -1.46620693
v 0.08116068 4.70136540 -1.44638618
v 0.08136308 4.69118681 -1.44613343
v 0.08126203 4.70146938 -1.46639526
v -0.04695748 4.70141403 -1.44611438
v 0.08115399 4.70139599 -1.46613028
v -0.04700172 4.70143236 -1.46640881
v 0.08120556 4.70155350 -1.44618941
v -0.04705122 4.70141841 -1.44614061
v -0.04682213 4.69124565 -1.46627049
v -0.04703201 4.69132462 -1.44619651
v -0.04687017 4.70121430 -1.46617698
v 0.08128823 4.70128839 -1.46620058
v -0.04695610 4.69136983 -1.46633332
v -0.04696657 4.70128460 -1.46634587
v 0.08130104 4.69136343 -1.46635957
v 0.61880238 4.86089610 -1.43917743
v 0.61515047 4.70478604 -1.43897292
v 0.61520747 4.84684391 -1.43892794
v 0.61860720 4.69078852 -1.43908349
v 0.63104485 4.87122737 -1.43918619
v 0.63107398 4.68050990 -1.43898573
v 0.77021509 4.87121332 -1.43897364
v 0.77028392 4.68065663 -1.43888108
v 0.78249519 4.86080717 -1.43900836
v 0.78263896 4.69097324 -1.43880284
v 0.78583136 4.84688095 -1.43913116
v 0.78592018 4.70500558 -1.43880413
v -0.98388290 2.26068971 -1.38033162
v -0.98395712 2.25846318 -1.34959769
v -0.98382303 2.25429308 -1.38048916
v -0.98390492 2.26486867 -1.34975120
v -1.03359400 2.26430298 -1.34970644
v -0.98391482 2.25446926 -1.38019239
v -0.98401130 2.25867326 -1.34966573
v -1.08311919 2.26637402 -1.38014072
v -1.13257233 2.25439468 -1.38007530
v -1.13280782 2.26065693 -1.38043969
v -1.08301164 2.26003284 -1.38007367
v -1.03359928 2.26658174 -1.38018069
v -1.03367293 2.26006381 -1.38021876
v -0.98384903 2.26078509 -1.38031481
v -0.98407509 2.25437829 -1.38037954
v -1.03377088 2.26633121 -1.38024529
v -0.98399123 2.26468732 -1.34968040
v -0.98396038 2.26081256 -1.38034541
v -1.03345252 2.27059479 -1.34971651
v -1.08326728 2.26419574 -1.34967237
v -1.13279740 2.26462731 -1.34974197
v -1.13287129 2.25845849 -1.34968838
v -1.08321237 2.27057609 -1.34963623
v -1.03371116 2.26421097 -1.34961829
v -1.03345447 2.27049419 -1.34964389
v -0.98386476 2.25836303 -1.34974823
v -0.98407222 2.26482526 -1.34956414
v -1.03350530 2.26420449 -1.34981785
v -1.03344871 2.26022399 -1.38031188
v -0.98402469 2.25433777 -1.38036566
v -1.08316015 2.26010368 -1.38026739
v -1.08314951 2.26410726 -1.34977798
v -1.13279445 2.25848212 -1.34971576
v -1.13303460 2.25434244 -1.38028789
v -1.08305592 2.26014945 -1.38024351
v -1.13278330 2.25846776 -1.34972950
v -1.13269697 2.26077528 -1.37997228
v -1.13284117 2.25469082 -1.38036598
v -1.13276279 2.26471876 -1.34959341
v -1.13270302 2.26472991 -1.34976890
v -1.08323902 2.26647627 -1.38059188
v -1.13293257 2.26069376 -1.38015241
v -1.08312217 2.27051264 -1.34960921
v -1.13276626 2.25848290 -1.34979208
v 0.61821425 4.86088757 -1.44633832
v 0.61520617 4.70535498 -1.44643559
v 0.61519825 4.84648225 -1.44646155
v 0.61836635 4.69083008 -1.44630310
v 0.63099539 4.87120753 -1.44628750
v 0.63094164 4.68069246 -1.44639763
v 0.77024222 4.87121427 -1.44622205
v 0.77014644 4.68054408 -1.44612534
v 0.78308593 4.86099581 -1.44635195
v 0.78302592 4.69088230 -1.44624619
v 0.78592738 4.84656832 -1.44644140
v 0.78579129 4.70534418 -1.44633271
v 0.61525383 4.84656577 -1.43844592
v 0.61526392 4.70533205 -1.44650599
v 0.61522673 4.70521307 -1.43859083
v 0.61521770 4.84641289 -1.44625143
v 0.61830601 4.86108360 -1.43841220
v 0.61826744 4.86105285 -1.44631268
v 0.61825653 4.86079543 -1.43838880
v 0.63117719 4.87121231 -1.44622191
v 0.61808082 4.86109994 -1.44634262
v 0.63081073 4.87114140 -1.43859009
v 0.63104529 4.87135243 -1.43856737
v 0.77039666 4.87122743 -1.44643875
v 0.63097237 4.87137125 -1.44638490
v 0.77026492 4.87122773 -1.43854763
v 0.77009741 4.87144656 -1.44633497
v 0.78295537 4.86117635 -1.43844886
v 0.78308314 4.86097652 -1.44637348
v 0.77032718 4.87110439 -1.43867252
v 0.78591488 4.84635347 -1.44627579
v 0.78276010 4.86103380 -1.43865513
v 0.78589721 4.84658705 -1.43860482
v 0.78300654 4.86093307 -1.44633651
v 0.78585838 4.70513814 -1.44646124
v 0.78589132 4.70534062 -1.43855847
v 0.78297437 4.69074623 -1.44637346
v 0.78285687 4.69091162 -1.43853905
v 0.78300313 4.69068203 -1.44628232
v 0.77024958 4.68059630 -1.43865541
v 0.77032689 4.68050554 -1.44644784
v 0.78278003 4.69097776 -1.43855463
v 0.77032549 4.68027732 -1.43865303
v 0.63100343 4.68045686 -1.44644858
v 0.77029154 4.68043730 -1.44644737
v 0.63085693 4.68055416 -1.43864776
v 0.63106719 4.68037162 -1.43853187
v 0.61838745 4.69063841 -1.44639383
v 0.63086105 4.68043060 -1.44624389
v 0.61835997 4.69073633 -1.43868396
v 0.61838085 4.69075916 -1.44632608
v 0.61843322 4.69082796 -1.43862141
v -1.13176931 2.09148043 -1.44631640
v -1.14696564 2.11152301 -1.44636371
v -1.14695103 2.09147682 -1.44653448
v -1.13158589 2.11169455 -1.44653508
v -1.13174361 2.10406022 -1.61711547
v -1.13179916 2.09146034 -1.53184768
v -1.13161508 2.09130633 -1.61694850
v -1.13165529 2.11136643 -1.44648005
v -1.13157850 2.09142941 -1.44627170
v -1.13157670 2.11146364 -1.53159004
v -1.14677805 2.11146330 -1.44633718
v -1.13149406 2.11148606 -1.53179729
v -1.14661500 2.11150411 -1.53172183
v -1.13155780 2.11141973 -1.44645980
v -1.14667183 2.11163126 -1.44640848
v -1.14679989 2.09143949 -1.53173889
v -1.14683512 2.09150203 -1.44663298
v -1.14660853 2.10400636 -1.61725758
v -1.14658387 2.11149323 -1.53183754
v -1.14669870 2.09138325 -1.61716945
v -1.13155433 2.09138090 -1.44635464
v -1.14664841 2.09142524 -1.53175465
v -1.13179125 2.09139097 -1.53177123
v -1.14658538 2.09152569 -1.44631783
v -1.13169665 2.09143133 -1.53171650
v -1.14656292 2.09140198 -1.61697717
v -1.13141714 2.09126973 -1.61699386
v -1.14659622 2.09136340 -1.53173427
v -1.13173140 2.10411036 -1.61706573
v -1.14672491 2.09147218 -1.61695681
v -1.14663932 2.10412147 -1.61695210
v -1.13178479 2.09148188 -1.61713185
v -1.13166483 2.10411921 -1.61692068
v -1.14699738 2.11159340 -1.53184918
v -1.13162228 2.10419063 -1.61720685
v -1.14673250 2.10413226 -1.61710884
v -0.75806073 1.63152979 -1.50664021
v -1.36023331 1.79298961 -1.50662650
v -1.36022084 1.63148176 -1.50646264
v -0.75796110 1.79292981 -1.50649178
v -1.36008720 1.57746575 -1.24580671
v -1.36029468 1.55130242 -1.58674746
v -1.36022609 1.55133142 -1.24593789
v -1.36017440 1.63154664 -1.50663575
v -1.36025837 1.79289177 -1.58703851
v -1.36013575 1.63148680 -1.47985478
v -1.36030950 1.79281401 -1.50659012
v -1.36012682 1.63143717 -1.47981361
v -0.75798397 1.63155317 -1.50647441
v -1.36006550 1.63150303 -1.50644034
v -0.75805824 1.63155680 -1.47974658
v -0.75774337 1.55116198 -1.58692845
v -0.75805150 1.57729322 -1.24602846
v -0.75803319 1.55117640 -1.24611779
v -0.75778983 1.63157124 -1.50640822
v -0.75791969 1.79298319 -1.58702525
v -0.75798329 1.63134277 -1.47996472
v -0.75790514 1.79294099 -1.50650295
v -1.36022208 1.79294956 -1.50620348
v -0.75796591 1.79307606 -1.58684381
v -1.36026758 1.79307997 -1.58671776
v -0.75799125 1.79294773 -1.50644700
v -0.75790115 1.79282708 -1.58686361
v -1.36027442 1.55116188 -1.58677531
v -1.36037666 1.79298479 -1.58662160
v -0.75784764 1.55110069 -1.58693408
v -0.75794028 1.55124036 -1.24591146
v -1.36020431 1.55124121 -1.58687043
v -0.75807545 1.55127131 -1.58672725
v -1.36020047 1.55143170 -1.24578462
v -0.75783300 1.55104373 -1.24598913
v -1.36014762 1.57739527 -1.24586570
v -1.36020994 1.55126271 -1.24599918
v -0.75788076 1.57764030 -1.24587684
v -1.36019054 1.57757742 -1.24600327
v -0.75790757 1.57749171 -1.24599569
v 0.75181012 4.69037146 -1.44635302
v 0.62354152 4.70056786 -1.44621076
v 0.62361219 4.69064509 -1.44611371
v 0.75177623 4.70063334 -1.44634587
v 0.75165311 4.69058501 -1.44611113
v 0.62347502 4.69058090 -1.46609752
v 0.75195678 4.69063623 -1.46636926
v 0.62361457 4.69045505 -1.44605556
v 0.75173913 4.69062045 -1.46625861
v 0.75174547 4.70076155 -1.44629715
v 0.75174780 4.69067631 -1.44605435
v 0.75173721 4.70050412 -1.46634777
v 0.62358236 4.70061446 -1.44620341
v 0.75184558 4.70058413 -1.46638110
v 0.62346291 4.70050275 -1.46633099
v 0.75175292 4.70052336 -1.44626172
v 0.62354374 4.70049439 -1.44592693
v 0.62360126 4.69071597 -1.46637047
v 0.62358711 4.69059882 -1.44607551
v 0.62354870 4.70040209 -1.46627201
v 0.75170103 4.70050968 -1.46642937
v 0.62367980 4.69060091 -1.46625373
v 0.62348811 4.70060470 -1.46608736
v 0.75192360 4.69055254 -1.46639522
v -0.07797647 4.86092858 -1.43893140
v -0.08107159 4.70506082 -1.43897702
v -0.08105906 4.84683998 -1.43892102
v -0.07784783 4.69100148 -1.43902027
v -0.06562582 4.87134932 -1.43925839
v -0.06550060 4.68062552 -1.43912897
v 0.07381956 4.87154377 -1.43902973
v 0.07394125 4.68058992 -1.43904238
v 0.08625818 4.86092941 -1.43883897
v 0.08610129 4.69091834 -1.43905349
v 0.08963842 4.84684637 -1.43905742
v 0.08949790 4.70488598 -1.43889416
v -0.98397811 2.27223333 -1.29287201
v -0.98392629 2.26999503 -1.26207619
v -0.98399355 2.26593914 -1.29278484
v -0.98383167 2.27610307 -1.26208359
v -1.03347307 2.27580693 -1.26221591
v -0.98399846 2.26591236 -1.29286334
v -0.98399878 2.26996888 -1.26215103
v -1.08313169 2.27789863 -1.29297861
v -1.13267598 2.26589919 -1.29272035
v -1.13280489 2.27215930 -1.29273956
v -1.08324015 2.27163801 -1.29298728
v -1.03377418 2.27813222 -1.29286091
v -1.03363404 2.27164206 -1.29274996
v -0.98425615 2.27259290 -1.29275725
v -0.98377699 2.26572579 -1.29280398
v -1.03366210 2.27805878 -1.29273244
v -1.03364522 2.27798598 -1.29282775
v -0.98379932 2.27644113 -1.26203677
v -0.98398689 2.27235797 -1.29265866
v -1.03365930 2.28219918 -1.26212389
v -1.03336551 2.28211085 -1.26216606
v -1.08325853 2.27589578 -1.26227138
v -1.13279960 2.27627274 -1.26236922
v -1.13274614 2.27008973 -1.26219732
v -1.08305455 2.28203891 -1.26196703
v -1.03345548 2.27572458 -1.26242078
v -1.03359733 2.28220225 -1.26202716
v -0.98373235 2.27010545 -1.26201800
v -0.98397598 2.27620400 -1.26218006
v -1.03350309 2.27576509 -1.26228200
v -1.03353892 2.27173885 -1.29280553
v -0.98389503 2.26591412 -1.29285332
v -1.08305630 2.27176760 -1.29280898
v -1.08315469 2.27597556 -1.26203798
v -1.13298908 2.27004130 -1.26220697
v -1.13296605 2.26575586 -1.29281658
v -1.08329852 2.27158728 -1.29271053
v -1.13278726 2.27001095 -1.26208171
v -1.13284659 2.27227066 -1.29266498
v -1.13272360 2.26586786 -1.29286108
v -1.13284885 2.27631378 -1.26197155
v -1.08303196 2.28216711 -1.26208531
v -1.08303459 2.27805163 -1.29292112
v -1.13269387 2.27217328 -1.29270625
v -1.08309372 2.28225692 -1.26218522
v -1.13286325 2.27229294 -1.29262957
v -1.13296914 2.27630925 -1.26208342
v -1.13273016 2.27006781 -1.26214409
v -0.97239143 2.09139830 -1.44634835
v -0.98757709 2.11154023 -1.44655107
v -0.98760763 2.09144242 -1.44643213
v -0.97251946 2.11154224 -1.44632320
v -0.97251301 2.09155008 -1.53168882
v -0.97229781 2.11154428 -1.44645184
v -0.97238088 2.09148305 -1.44651851
v -0.97250972 2.11160383 -1.53188216
v -0.98767180 2.11166051 -1.44651665
v -0.97247567 2.11149139 -1.53174516
v -0.98766256 2.11142449 -1.53164606
v -0.98751512 2.11142625 -1.53173336
v -0.97244270 2.11162349 -1.44637069
v -0.98750915 2.11145774 -1.44633297
v -0.98749768 2.09152698 -1.53178159
v -0.98742908 2.09159704 -1.44640832
v -0.98762842 2.10419440 -1.61705401
v -0.98755621 2.11153142 -1.53179500
v -0.98779757 2.09165049 -1.61685492
v -0.97228240 2.09153256 -1.44639141
v -0.98741254 2.09145218 -1.53167558
v -0.97244986 2.09129121 -1.53174125
v -0.98783597 2.09162254 -1.44629407
v -0.97242644 2.10394125 -1.61704242
v -0.97250794 2.09137647 -1.53196525
v -0.97230938 2.09143572 -1.61703109
v -0.97245115 2.11153281 -1.53163816
v -0.97234411 2.10390795 -1.61699301
v -0.98746094 2.11143135 -1.53178607
v -0.97243960 2.10416202 -1.61704084
v -0.98727073 2.10400311 -1.61701616
v -0.97236958 2.10415934 -1.61691730
v -0.98766601 2.09168459 -1.61720819
v -0.98766479 2.10410735 -1.61709186
v -0.97224743 2.09132919 -1.61695695
v -0.97239897 2.09151225 -1.53186746
v -0.98756273 2.09129766 -1.61722957
v -0.97240652 2.09152694 -1.61708731
v -0.98766550 2.09138194 -1.53160972
v -0.07808354 4.86104283 -1.44638433
v -0.08101264 4.70536007 -1.44643719
v -0.08099440 4.84653169 -1.44624139
v -0.07817893 4.69074681 -1.44637574
v -0.06553068 4.87118972 -1.44631993
v -0.06546005 4.68052654 -1.44645456
v 0.07392811 4.87134232 -1.44651754
v 0.07380492 4.68057399 -1.44626115
v 0.08650970 4.86128782 -1.44651545
v 0.08644337 4.69067748 -1.44643642
v 0.08932463 4.84638035 -1.44646160
v 0.08963982 4.70523645 -1.44630234
v 0.08951884 4.70529175 -1.44656937
v 0.08941383 4.84651928 -1.43839325
v 0.08960978 4.70554721 -1.43843432
v 0.08947615 4.84659641 -1.44616133
v 0.08655316 4.69072788 -1.44631821
v 0.08664985 4.69076958 -1.43850485
v 0.08659392 4.69091476 -1.44634816
v 0.07389937 4.68061738 -1.43853627
v 0.07377534 4.68062718 -1.44660096
v 0.08639646 4.69099265 -1.43867404
v 0.07376587 4.68050489 -1.43860360
v -0.06530134 4.68047850 -1.44638648
v 0.07389476 4.68072347 -1.44624607
v -0.06537119 4.68046286 -1.43865016
v -0.06559581 4.68060366 -1.43864049
v -0.07811948 4.69084625 -1.44617278
v -0.06529771 4.68054875 -1.44626347
v -0.07828383 4.69086772 -1.43867698
v -0.08120852 4.70520354 -1.43849866
v -0.07792903 4.69093791 -1.44651033
v -0.07816820 4.69083965 -1.43856066
v -0.08112479 4.70530730 -1.44646230
v -0.08101570 4.84636595 -1.43845288
v -0.08110016 4.84646820 -1.44626651
v -0.07793411 4.86106256 -1.43865029
v -0.07810159 4.86097292 -1.44643009
v -0.07809301 4.86096402 -1.43848340
v -0.06557814 4.87111813 -1.44634511
v -0.07805837 4.86111128 -1.44641652
v -0.06534674 4.87130603 -1.43853510
v -0.06553193 4.87116479 -1.43851419
v 0.07376536 4.87140633 -1.44650242
v -0.06557802 4.87127097 -1.44637844
v 0.07391672 4.87136527 -1.43834994
v 0.07402956 4.87118565 -1.44640349
v 0.08642055 4.86100236 -1.43869568
v 0.08635630 4.86098957 -1.44638993
v 0.07389741 4.87131818 -1.43875845
v 0.08648877 4.86097710 -1.43848984
v 0.08648719 4.86091012 -1.44643001
v -1.13114693 2.10691758 -1.44622569
v -0.98564751 2.10692656 -1.46628651
v -1.13116339 2.10715458 -1.46617428
v -0.98561962 2.10693278 -1.44616780
v -0.98569990 2.09682380 -1.46642528
v -0.98570719 2.10696740 -1.44637539
v -0.98559815 2.09686242 -1.44628725
v -0.98550874 2.10694187 -1.46630981
v -0.98550966 2.10698526 -1.46631481
v -1.13129975 2.09685133 -1.46639035
v -1.13108338 2.10703920 -1.46610331
v -0.98565591 2.09697328 -1.46632219
v -1.13112076 2.10703761 -1.44618010
v -1.13106789 2.09699920 -1.46629866
v -1.13105005 2.09714607 -1.44617518
v -1.13113136 2.10700635 -1.46629165
v -0.98553243 2.09694631 -1.44623122
v -1.13113295 2.10701854 -1.44624683
v -1.13130121 2.09668337 -1.44616410
v -0.98570065 2.10678422 -1.44635261
v -0.98563362 2.09687332 -1.44613644
v -1.13109929 2.09707131 -1.46616293
v -0.98561227 2.09699681 -1.46622914
v -1.13126009 2.09694871 -1.44606421
v 0.08121618 4.85122169 -1.44619994
v -0.04684589 4.86126247 -1.44602769
v -0.04706916 4.85138206 -1.44618297
v 0.08123860 4.86115099 -1.44615103
v -0.04684604 4.86128472 -1.44620295
v 0.08107334 4.86121203 -1.46631824
v -0.04693568 4.86110564 -1.46626629
v 0.08113283 4.86119380 -1.44618577
v -0.04689258 4.86129113 -1.44621030
v -0.04723901 4.85115392 -1.46635350
v -0.04699369 4.85123012 -1.44607471
v -0.04675007 4.86124895 -1.46624346
v 0.08147606 4.85111207 -1.44614802
v -0.04677552 4.85114402 -1.46627840
v 0.08116638 4.85111047 -1.46612806
v -0.04679130 4.85107901 -1.44616434
v 0.08119077 4.85101428 -1.46624760
v 0.08117644 4.86136374 -1.44615156
v 0.08131166 4.85133214 -1.44624997
v 0.08139192 4.86091355 -1.46624641
v 0.08137329 4.86130066 -1.46608466
v -0.04706186 4.85109933 -1.46618550
v -0.04693106 4.86089092 -1.46635365
v 0.08135264 4.85101187 -1.46600507
v -0.41671541 -3.09292063 -1.50648593
v -1.01895201 -2.93159676 -1.50652751
v -1.01909300 -3.09293118 -1.50657498
v -0.41677378 -2.93140637 -1.50650779
v -0.41649825 -3.09301859 -1.58704169
v -0.41649517 -2.93157699 -1.50656887
v -0.41669094 -3.09278348 -1.50654323
v -0.41660272 -2.85093196 -1.58683453
v -0.41661109 -2.87750942 -1.24618987
v -0.41661395 -2.85104061 -1.24600472
v -0.41641710 -2.93154438 -1.47981616
v -0.41668252 -2.93145630 -1.47968708
v -1.01886008 -2.93147489 -1.50652599
v -0.41656247 -2.93162558 -1.50644706
v -1.01890695 -2.93159665 -1.47999194
v -1.01888349 -2.87739151 -1.24595960
v -1.01895937 -2.93156044 -1.50646176
v -1.01903769 -2.93163739 -1.47974305
v -1.01894615 -3.09297728 -1.58668785
v -1.01881027 -3.09303012 -1.50656251
v -1.01881740 -2.85124679 -1.58689479
v -1.01878263 -2.85131941 -1.24587368
v -0.41683300 -3.09301270 -1.50651763
v -1.01886636 -3.09315960 -1.58694813
v -0.41654183 -3.09298303 -1.58695776
v -1.01892628 -3.09283509 -1.50648993
v -0.41674336 -2.85107705 -1.58677648
v -1.01886420 -3.09293341 -1.58682919
v -1.01889348 -2.85122195 -1.58693967
v -0.41659291 -3.09312927 -1.58670026
v -1.01870469 -2.85120889 -1.24586024
v -0.41667730 -2.85109959 -1.58681714
v -1.01918447 -2.85142842 -1.58687852
v -0.41671364 -2.85108579 -1.24595463
v -0.41657759 -2.87766732 -1.24587503
v -1.01900156 -2.85126992 -1.24608790
v -1.01893943 -2.87737601 -1.24614191
v -0.41655907 -2.85126887 -1.24593408
v -0.41661091 -2.87733427 -1.24590076
v -1.01890866 -2.87765197 -1.24596819
v -2.51475594 3.45872128 -1.50630512
v -3.11693733 3.61992370 -1.50670623
v -3.11699366 3.45844329 -1.50655874
v -2.51470982 3.61996137 -1.50655995
v -3.11711050 3.40448921 -1.24599266
v -3.11691858 3.37845289 -1.58692190
v -3.11728721 3.37822210 -1.24597976
v -3.11691562 3.45857356 -1.50654686
v -3.11703839 3.62020584 -1.58687047
v -3.11689816 3.45872153 -1.47985665
v -3.11699196 3.61991399 -1.50641142
v -3.11689773 3.45859928 -1.47980650
v -2.51450790 3.45870838 -1.50664471
v -3.11698005 3.45866262 -1.50646649
v -2.51462575 3.45861792 -1.47972665
v -2.51459443 3.37838254 -1.58687647
v -2.51458640 3.40444022 -1.24605999
v -2.51491558 3.37828449 -1.24608558
v -2.51475985 3.45862877 -1.50644251
v -2.51489391 3.62009322 -1.58686788
v -2.51462328 3.45868865 -1.47988038
v -2.51464852 3.61998520 -1.50663833
v -3.11701727 3.62010055 -1.50644439
v -2.51462930 3.61997391 -1.58701975
v -3.11691071 3.61997345 -1.58683393
v -2.51470284 3.62003256 -1.50653205
v -2.51467753 3.61998579 -1.58694470
v -3.11703692 3.37836822 -1.58662466
v -3.11686761 3.61986694 -1.58693309
v -2.51477313 3.37822350 -1.58695453
v -2.51464745 3.37819956 -1.24600309
v -3.11689403 3.37822983 -1.58699164
v -2.51461295 3.37830689 -1.58690368
v -3.11705216 3.37827571 -1.24617198
v -2.51456146 3.37845149 -1.24605286
v -3.11717389 3.40430716 -1.24586956
v -3.11691285 3.37840182 -1.24601011
v -2.51462742 3.40438833 -1.24607089
v -3.11709779 3.40434414 -1.24594454
v -2.51467911 3.40464794 -1.24592395
v 0.10609547 4.70068396 -1.34961277
v 0.09547898 4.70065506 -1.38046701
v 0.10208933 4.70075658 -1.38026616
v 0.09983201 4.70080864 -1.34969740
v 0.10529516 4.75034975 -1.34962709
v 0.09577162 4.70084666 -1.38040820
v 0.09981195 4.70083067 -1.34978738
v 0.10194277 4.84951923 -1.38033120
v 0.10145760 4.80006642 -1.38037689
v 0.09558798 4.84945876 -1.38045365
v 0.10144614 4.75035948 -1.38051126
v 0.10202140 4.70062778 -1.38017913
v 0.09552909 4.70080949 -1.38032683
v 0.10759470 4.79993070 -1.38024223
v 0.10767064 4.75025067 -1.38027064
v 0.10194669 4.70069180 -1.38024355
v 0.11174175 4.75030215 -1.34960596
v 0.10616331 4.70089507 -1.34961839
v 0.10766955 4.75034886 -1.38021613
v 0.10596109 4.70084654 -1.34968043
v 0.10555347 4.75044886 -1.34966519
v 0.09982277 4.70075737 -1.34970247
v 0.10566975 4.80014770 -1.34973971
v 0.10604740 4.84973146 -1.34962149
v 0.09970648 4.84947431 -1.34962465
v 0.11185383 4.75042306 -1.34967877
v 0.11182201 4.79994423 -1.34974040
v 0.10137207 4.75036565 -1.38023602
v 0.09552220 4.70060556 -1.38032868
v 0.10545977 4.75035310 -1.34945610
v 0.10560551 4.79987638 -1.34969590
v 0.10133194 4.80020036 -1.38034443
v 0.09569131 4.84957642 -1.38042010
v 0.10146231 4.80002311 -1.38024555
v 0.09978444 4.84936922 -1.34955874
v 0.09964358 4.84974573 -1.34971215
v 0.10192866 4.84955563 -1.38036073
v 0.09551656 4.84960517 -1.38041363
v 0.10614963 4.84946877 -1.34959117
v 0.10771212 4.80010487 -1.38016066
v 0.10619305 4.84941986 -1.34956451
v 0.11185041 4.80016831 -1.34966045
v 0.10201730 4.84952945 -1.38029512
v 0.09977304 4.84965003 -1.34978731
v -2.42830207 -4.20385067 -1.44605917
v -2.55656373 -4.19351345 -1.44647921
v -2.55643209 -4.20371406 -1.44614163
v -2.42842090 -4.19359513 -1.44623380
v -2.55670701 -4.19361937 -1.44627699
v -2.42850497 -4.19376149 -1.46612004
v -2.55666786 -4.19349402 -1.46631151
v -2.42850010 -4.19371780 -1.44630174
v -2.55670277 -4.19369911 -1.44646623
v -2.55645046 -4.20375801 -1.46615497
v -2.55675993 -4.20374679 -1.44633966
v -2.55659505 -4.19365345 -1.46610730
v -2.42837407 -4.20358333 -1.44617109
v -2.55638335 -4.20379324 -1.46607852
v -2.42841427 -4.20362526 -1.46627183
v -2.55647306 -4.20375629 -1.44618224
v -2.42821490 -4.20362275 -1.46623000
v -2.42840663 -4.19377802 -1.44610015
v -2.42830859 -4.20359194 -1.44618741
v -2.42831474 -4.19365922 -1.46632158
v -2.42834200 -4.19364940 -1.46624873
v -2.55644547 -4.20366947 -1.46614629
v -2.55648697 -4.19377574 -1.46619099
v -2.42840901 -4.20365161 -1.46634631
v -1.14409984 2.24533520 -1.44642638
v -1.15437935 2.09331298 -1.44642021
v -1.15436423 2.23263679 -1.44639624
v -1.14420820 2.08070683 -1.44644485
v -1.12971917 2.24831896 -1.44643266
v -1.12964556 2.07762908 -1.44631168
v -0.98838786 2.24827063 -1.44639745
v -0.98859796 2.07744194 -1.44625525
v -0.97400882 2.24527888 -1.44633474
v -0.97401051 2.08040200 -1.44644259
v -0.96369416 2.23270108 -1.44627416
v -0.96362793 2.09325588 -1.44640974
v -1.12970683 2.24830398 -1.43852940
v -0.98856784 2.24829820 -1.44655937
v -1.12958963 2.24813083 -1.44631835
v -0.98861775 2.24817956 -1.43866580
v -0.97399569 2.24530194 -1.43859532
v -0.97397169 2.24528206 -1.44648230
v -0.96358014 2.23269837 -1.44638442
v -0.97399193 2.24508538 -1.43862548
v -0.96378979 2.23271777 -1.43859888
v -0.97407446 2.24519849 -1.44646482
v -0.96395584 2.09318080 -1.44619149
v -0.96351922 2.23256677 -1.43847682
v -0.96371012 2.09311078 -1.43851846
v -0.96352636 2.23257692 -1.44653432
v -0.97387185 2.08053066 -1.44650432
v -0.96377524 2.09313345 -1.43850043
v -0.97387927 2.08045857 -1.43860989
v -0.96361136 2.09322618 -1.44618980
v -0.97395147 2.08061011 -1.44634733
v -0.98843651 2.07759238 -1.43869303
v -0.98858406 2.07753564 -1.44619863
v -0.97406338 2.08048125 -1.43855776
v -1.12962779 2.07755627 -1.44634200
v -1.12965948 2.07756561 -1.43849034
v -1.14400302 2.08064898 -1.44637712
v -1.14416577 2.08055370 -1.43860864
v -1.15457787 2.09325675 -1.43858546
v -1.14403179 2.08041307 -1.44620247
v -1.14410487 2.08066047 -1.43860436
v -1.15451412 2.09308035 -1.44634058
v -1.15458709 2.23280652 -1.43851429
v -1.15455165 2.09327710 -1.44644628
v -1.15453894 2.09324114 -1.43872532
v -1.15438716 2.23270071 -1.44630211
v -1.14423236 2.24514999 -1.43855748
v -1.15437930 2.23266280 -1.44628261
v -1.15444033 2.23256893 -1.43846442
v -1.14424190 2.24515865 -1.44646719
v -1.14427518 2.24519102 -1.43859074
v -1.14427244 2.24530544 -1.44642460
v -0.05186153 4.70237396 -1.46635654
v -0.05185469 4.84799678 -1.44606309
v -0.05168323 4.70249996 -1.44615817
v -0.05177333 4.84799486 -1.46624376
v -0.05173855 4.70242232 -1.44620513
v -0.06176295 4.70235884 -1.46605204
v -0.05202124 4.70220067 -1.46635641
v -0.06178531 4.70231295 -1.44607587
v -0.05176597 4.84788518 -1.46641931
v -0.06166025 4.70252000 -1.46629335
v -0.06170230 4.84783441 -1.46632526
v -0.05186731 4.70258804 -1.46611755
v -0.06187455 4.84796689 -1.44612344
v -0.05185087 4.84793029 -1.46617091
v -0.06190829 4.84795853 -1.46638321
v -0.05183947 4.84798251 -1.44628752
v -0.05171601 4.70244972 -1.44622483
v -0.06188158 4.84797344 -1.44608694
v -0.06178158 4.70236788 -1.44617859
v -0.05157425 4.84781771 -1.44619568
v -0.06167386 4.84784039 -1.44644350
v -0.06185415 4.70247207 -1.46624316
v -0.06189412 4.70241490 -1.44610223
v -0.06183843 4.84790859 -1.46631260
v -0.04716095 4.68929653 -1.44642438
v -0.06736131 4.70428825 -1.44650668
v -0.06722166 4.68929841 -1.44644255
v -0.04717987 4.70424692 -1.44653743
v -0.04716469 4.68948763 -1.44651317
v -0.06726188 4.68935304 -1.53171789
v -0.04692634 4.68932722 -1.53176708
v -0.06698444 4.68920969 -1.44645238
v -0.04705780 4.68932363 -1.53167161
v -0.04727109 4.70442478 -1.44641578
v -0.04708760 4.68919651 -1.44644143
v -0.04710202 4.70432778 -1.53171864
v -0.04717833 4.70425047 -1.53172153
v -0.06712460 4.70446528 -1.44633731
v -0.05463614 4.70431543 -1.61712346
v -0.06718873 4.70439545 -1.61694165
v -0.04713809 4.70436705 -1.53174519
v -0.04701446 4.70427205 -1.44622675
v -0.06742336 4.70424324 -1.44633781
v -0.06715122 4.68931742 -1.53172991
v -0.06730726 4.68918703 -1.44642279
v -0.06724608 4.70424835 -1.61712264
v -0.06731581 4.68931417 -1.61704623
v -0.04733012 4.68905777 -1.53190053
v -0.06718303 4.68914084 -1.61710490
v -0.05468770 4.68944095 -1.61706056
v -0.06743092 4.68915210 -1.53178388
v -0.05468844 4.68935454 -1.61693555
v -0.05467849 4.70425877 -1.61717988
v -0.04705829 4.70439294 -1.53173218
v -0.05477244 4.68920228 -1.61735117
v -0.05461626 4.70436747 -1.61696098
v -0.06725540 4.68935845 -1.61690427
v -0.06744673 4.70439381 -1.61686877
v -0.05484243 4.68940623 -1.61720603
v -1.14418403 2.24487139 -1.43917856
v -1.15449623 2.09328291 -1.43885437
v -1.15453843 2.23283160 -1.43891613
v -1.14405762 2.08076972 -1.43907368
v -1.13018614 2.24818947 -1.43909929
v -1.13029458 2.07764206 -1.43899492
v -0.98811750 2.24823968 -1.43898104
v -0.98817923 2.07773432 -1.43893332
v -0.97404566 2.24495972 -1.43911790
v -0.97402570 2.08095678 -1.43882784
v -0.96371650 2.23269823 -1.43906857
v -0.96375076 2.09318087 -1.43890803
v 0.11776149 4.70073871 -1.26215487
v 0.10746062 4.70071242 -1.29292181
v 0.11354061 4.70073731 -1.29273476
v 0.11137597 4.70074846 -1.26211000
v 0.11712809 4.75032271 -1.26227671
v 0.10711340 4.70094366 -1.29256248
v 0.11138363 4.70094579 -1.26221530
v 0.11291008 4.75044152 -1.29282822
v 0.11346152 4.84948483 -1.29282452
v 0.11291897 4.80005682 -1.29297291
v 0.10709159 4.84925126 -1.29281530
v 0.11290778 4.75040080 -1.29279558
v 0.11361245 4.70074557 -1.29287336
v 0.10718918 4.70082771 -1.29267937
v 0.11905679 4.79986297 -1.29272315
v 0.11935940 4.75037641 -1.29280718
v 0.11360944 4.70073201 -1.29284203
v 0.12341748 4.75051185 -1.26198885
v 0.11780218 4.70080337 -1.26236955
v 0.11929613 4.75042821 -1.29293035
v 0.11753426 4.70090177 -1.26219342
v 0.11713619 4.75047465 -1.26217315
v 0.11147089 4.70071915 -1.26220322
v 0.11694610 4.79994546 -1.26217373
v 0.11763718 4.84960334 -1.26219057
v 0.11142493 4.84951929 -1.26232156
v 0.12349832 4.75045262 -1.26229685
v 0.12325678 4.80011245 -1.26214335
v 0.11698582 4.79981419 -1.26215081
v 0.11293461 4.80003457 -1.29279802
v 0.11129691 4.84941786 -1.26233841
v 0.10726706 4.84953150 -1.29262235
v 0.11132806 4.84940412 -1.26226887
v 0.11360526 4.84945778 -1.29279082
v 0.10719473 4.84967364 -1.29284151
v 0.11762574 4.84940980 -1.26215389
v 0.11935528 4.79994532 -1.29280348
v 0.11761259 4.84962901 -1.26221414
v 0.12325717 4.79973758 -1.26225006
v 0.11337580 4.84963497 -1.29292002
v 0.10966217 4.86215127 -1.25931896
v 0.07977408 4.84705879 -1.44641035
v 0.10965442 4.84691819 -1.25950342
v 0.07963938 4.86216396 -1.44659960
v 0.07967965 4.86209473 -1.53173028
v 0.09980714 4.86216464 -1.61719319
v 0.08700017 4.86224769 -1.61694877
v 0.09983899 4.86215878 -1.44659646
v 0.07965159 4.86193641 -1.44639855
v 0.10961904 4.86207449 -1.25913813
v 0.12033662 4.86219042 -1.25928045
v 0.07989164 4.84699912 -1.53179074
v 0.07964749 4.86218266 -1.53166654
v 0.09996193 4.84690654 -1.44640645
v 0.08678697 4.84713581 -1.61699476
v 0.09972962 4.84706886 -1.61709990
v 0.07957423 4.84707061 -1.53185094
v 0.07986812 4.84714307 -1.44639239
v 0.12035280 4.84715237 -1.25919069
v 0.10960691 4.84700941 -1.25922103
v 0.12031070 4.84707027 -1.25926551
v 0.10977267 4.86223675 -1.25930700
v 0.10977490 4.84695250 -1.25916535
v 0.12026883 4.86216246 -1.25931501
v 0.09971088 4.84708813 -1.61707934
v 0.09992598 4.86195650 -1.44646223
v 0.09974701 4.84707952 -1.44662217
v 0.09978005 4.86226791 -1.61706807
v 0.09980219 4.86213651 -1.61707450
v 0.08690176 4.84690803 -1.61712014
v 0.08687269 4.86209499 -1.61720760
v 0.10000870 4.84713523 -1.61708484
v 0.08692351 4.84698704 -1.61691877
v 0.08677314 4.86204192 -1.61724168
v 0.12043465 4.86216873 -1.25917270
v 0.12030240 4.84690652 -1.25904181
v -0.97447943 2.11173046 -1.44612882
v -0.98452389 2.23993242 -1.44632263
v -0.98434648 2.11188657 -1.44608220
v -0.97456762 2.23997902 -1.44617222
v -0.97461030 2.11191475 -1.46614369
v -0.97446984 2.24000983 -1.44631673
v -0.97466032 2.11189085 -1.44609779
v -0.97451286 2.23991166 -1.46620149
v -0.98456078 2.23988157 -1.44633438
v -0.97439022 2.23992261 -1.46632290
v -0.98454242 2.23974002 -1.46654556
v -0.97442649 2.23999774 -1.44606394
v -0.98431169 2.24006425 -1.44626115
v -0.98448885 2.11185239 -1.46611464
v -0.98443259 2.11181819 -1.44620398
v -0.98449721 2.24004975 -1.46626737
v -0.97442145 2.11181771 -1.44611733
v -0.98444179 2.11176152 -1.46633123
v -0.97444513 2.11189285 -1.46626599
v -0.98435034 2.11186995 -1.44602326
v -0.97437127 2.23992728 -1.46642424
v -0.98443860 2.11193869 -1.46637955
v -0.98470593 2.24007366 -1.46643698
v -0.97435371 2.11181764 -1.46630303
v -0.15570053 1.63158414 -1.50656720
v -0.75765907 1.79311281 -1.50660701
v -0.75805681 1.63144747 -1.50642243
v -0.15551762 1.79299311 -1.50645394
v -0.75795795 1.57744207 -1.24583435
v -0.75776953 1.55104146 -1.58698699
v -0.75804817 1.55119241 -1.24596287
v -0.75777029 1.63169563 -1.50646080
v -0.75783471 1.79307168 -1.58696801
v -0.75787581 1.63153761 -1.47966568
v -0.75776309 1.79284302 -1.50650993
v -0.75798531 1.63152937 -1.47982142
v -0.15558537 1.63142487 -1.50644656
v -0.75781886 1.63172565 -1.50652696
v -0.15555062 1.63135124 -1.47973800
v -0.15551935 1.55103212 -1.58678734
v -0.15548895 1.57740946 -1.24603041
v -0.15564808 1.55121768 -1.24614147
v -0.15544211 1.63168080 -1.50644523
v -0.15568805 1.79315480 -1.58679118
v -0.15552890 1.63168645 -1.47978764
v -0.15552271 1.79299375 -1.50644621
v -0.75805152 1.79289261 -1.50638797
v -0.15539382 1.79290667 -1.58676983
v -0.75781291 1.79289490 -1.58690619
v -0.15557568 1.79283049 -1.50672170
v -0.15560657 1.79308088 -1.58693586
v -0.75794785 1.55089339 -1.58695999
v -0.75795296 1.79306326 -1.58703699
v -0.15553797 1.55128870 -1.58672672
v -0.15576312 1.55120625 -1.24586105
v -0.75790308 1.55122321 -1.58682519
v -0.15559389 1.55116799 -1.58701825
v -0.75802942 1.55123844 -1.24604590
v -0.15583828 1.55131365 -1.24605333
v -0.75775760 1.57754291 -1.24600334
v -0.75803213 1.55110104 -1.24584480
v -0.15556809 1.57740126 -1.24572663
v -0.75802223 1.57725015 -1.24586663
v -0.15562568 1.57756489 -1.24598486
v -2.51446893 2.33791500 -1.50650570
v -3.11690038 2.49948830 -1.50647393
v -3.11710913 2.33801817 -1.50662960
v -2.51463562 2.49930242 -1.50653988
v -2.51480853 2.33782589 -1.58670455
v -2.51480395 2.49941277 -1.50669526
v -2.51468101 2.33802442 -1.50657078
v -2.51474926 2.57977124 -1.58683845
v -2.51463863 2.55337539 -1.24586023
v -2.51474581 2.57969223 -1.24595760
v -2.51474368 2.49935730 -1.47976128
v -2.51487903 2.49943639 -1.47995250
v -3.11694903 2.49949880 -1.50648196
v -2.51474930 2.49935032 -1.50658318
v -3.11701227 2.49932007 -1.47990065
v -3.11693201 2.55340168 -1.24617357
v -3.11682027 2.49947789 -1.50638900
v -3.11694213 2.49932638 -1.47986964
v -3.11703894 2.33796003 -1.58679684
v -3.11694226 2.33801565 -1.50664157
v -3.11695598 2.57967771 -1.58676465
v -3.11725791 2.57980164 -1.24604315
v -2.51466893 2.33780988 -1.50643280
v -3.11679391 2.33796899 -1.58676342
v -2.51481206 2.33798696 -1.58674774
v -3.11696976 2.33793142 -1.50662375
v -2.51470174 2.57974458 -1.58674183
v -3.11713534 2.33788842 -1.58681358
v -3.11696448 2.57990658 -1.58676215
v -2.51459733 2.33819985 -1.58691901
v -3.11700226 2.57966370 -1.24583872
v -2.51475203 2.57984808 -1.58688410
v -3.11703640 2.57964107 -1.58677739
v -2.51456713 2.57964159 -1.24586017
v -2.51467957 2.55350836 -1.24584255
v -3.11715965 2.57971008 -1.24616287
v -3.11689209 2.55331080 -1.24599977
v -2.51484139 2.57978301 -1.24585550
v -2.51490722 2.55353386 -1.24609770
v -3.11712557 2.55355014 -1.24597048
v 0.62510097 4.68988073 -1.44642388
v 0.59517523 4.70454993 -1.25931185
v 0.59514866 4.68947311 -1.25921446
v 0.62505806 4.70466055 -1.44650885
v 0.59514467 4.68971681 -1.25910549
v 0.60488547 4.68986701 -1.44628505
v 0.62503890 4.68960587 -1.44657145
v 0.58453155 4.68979031 -1.25932198
v 0.62506180 4.68954729 -1.53170385
v 0.62505583 4.70471631 -1.53159551
v 0.62489205 4.70476201 -1.53192940
v 0.60494018 4.70455996 -1.53171037
v 0.61782354 4.70461745 -1.61680401
v 0.60509436 4.70458488 -1.61723850
v 0.62501721 4.70464455 -1.53154307
v 0.60493885 4.70487200 -1.44644798
v 0.62504304 4.70475052 -1.44651953
v 0.58441495 4.70475000 -1.25934015
v 0.59501708 4.70474314 -1.25923576
v 0.59505659 4.68967456 -1.25933676
v 0.58432789 4.70458267 -1.25937648
v 0.58434989 4.68958239 -1.25925833
v 0.59510930 4.70468371 -1.25912176
v 0.58447441 4.70482282 -1.25911384
v 0.60496060 4.68961859 -1.44640082
v 0.58434020 4.68975009 -1.25927680
v 0.60485722 4.70460402 -1.44637231
v 0.62504719 4.68976136 -1.44632066
v 0.60514835 4.68964683 -1.53163202
v 0.62499994 4.68972401 -1.53181296
v 0.60509753 4.68964812 -1.44635843
v 0.61789019 4.68979293 -1.61708374
v 0.61794979 4.70461547 -1.61714953
v 0.62493125 4.70479662 -1.53181324
v 0.61790489 4.68975302 -1.61715877
v 0.61787535 4.70470037 -1.61690331
v 0.60499576 4.68971330 -1.61709595
v 0.60508286 4.70462929 -1.61704408
v 0.61801120 4.68964846 -1.61696448
v 0.60501118 4.68975017 -1.53176949
v 0.60508032 4.70475838 -1.61695375
v 0.60506573 4.68960959 -1.61715392
v 0.60508240 4.70468636 -1.53160766
v 0.60499523 4.68974846 -1.53179001
v 0.60471868 4.70472059 -1.53181794
v 0.62494525 4.68955923 -1.53175233
v 0.60520293 4.68934710 -1.61708641
v 0.61818857 4.68956537 -1.61696094
v 0.60479598 4.68966596 -1.53178665
v 0.61255480 4.84856048 -1.51165269
v 0.61252561 4.70466736 -1.53191893
v 0.61252578 4.70479668 -1.51198604
v 0.61250517 4.84852202 -1.53202980
v 0.61250493 4.84857474 -1.51201344
v 0.62260109 4.84865909 -1.53175224
v 0.61249841 4.84849319 -1.53204740
v 0.62266837 4.84860384 -1.51180880
v 0.62261135 4.84852726 -1.53170320
v 0.61266984 4.70477659 -1.53194108
v 0.61267888 4.84847404 -1.53185096
v 0.62267133 4.70465039 -1.53197411
v 0.62237887 4.70485668 -1.51189042
v 0.61252950 4.70476764 -1.53192809
v 0.62257979 4.70485409 -1.53177956
v 0.61247484 4.70475226 -1.51180265
v 0.62267780 4.70473048 -1.51193736
v 0.61256547 4.84836216 -1.51194001
v 0.61251275 4.70483769 -1.51171816
v 0.62261682 4.84860528 -1.51199206
v 0.62249429 4.70467855 -1.53193966
v 0.62253291 4.84839686 -1.51228422
v 0.62256378 4.70465809 -1.51174324
v 0.62264949 4.84864219 -1.53221149
v 0.62359500 4.70060980 -1.51188012
v 0.75177101 4.70063320 -1.53202440
v 0.62350114 4.70044868 -1.53193460
v 0.75168507 4.70060270 -1.51183605
v 0.75151617 4.69054483 -1.53200707
v 0.75159544 4.70051747 -1.51173778
v 0.75158103 4.69041086 -1.51192768
v 0.75165622 4.70053567 -1.53192617
v 0.75178910 4.70046160 -1.53218436
v 0.62343994 4.69066384 -1.53191338
v 0.62370599 4.70071810 -1.53202583
v 0.75182234 4.69041456 -1.53191715
v 0.62343740 4.70068361 -1.51191557
v 0.62340402 4.69042944 -1.53189320
v 0.62359077 4.69055193 -1.51180166
v 0.62368806 4.70054567 -1.53213820
v 0.75182675 4.69050036 -1.51198386
v 0.62354103 4.70071170 -1.51206600
v 0.62368681 4.69066928 -1.51185588
v 0.75170886 4.70051686 -1.51180713
v 0.75159551 4.69034633 -1.51182069
v 0.62366243 4.69045335 -1.53199674
v 0.75179197 4.69065574 -1.53200395
v 0.62357445 4.69068121 -1.51206391
v -1.13019034 2.24799924 -1.44619448
v -0.98641917 2.24801293 -1.46641505
v -1.13028801 2.24814979 -1.46625446
v -0.98651824 2.24795623 -1.44615350
v -0.98649815 2.23808014 -1.46631110
v -0.98642250 2.24818866 -1.44628747
v -0.98637849 2.23791933 -1.44612435
v -0.98664401 2.24796988 -1.46644487
v -0.98643747 2.24803315 -1.46647135
v -1.13024883 2.23795209 -1.46614936
v -1.13032100 2.24798585 -1.46626225
v -0.98656590 2.23811670 -1.46647641
v -1.13000858 2.24794608 -1.44621071
v -1.13011166 2.23806196 -1.46606246
v -1.13016767 2.23787388 -1.44616934
v -1.13008642 2.24820514 -1.46602641
v -0.98643343 2.23781110 -1.44623793
v -1.13028169 2.24795917 -1.44611452
v -1.13031135 2.23802721 -1.44611803
v -0.98644832 2.24798446 -1.44614461
v -0.98640104 2.23794417 -1.44614366
v -1.13030343 2.23791060 -1.46622220
v -0.98642696 2.23802492 -1.46643112
v -1.13024141 2.23776627 -1.44607223
v 0.08144484 4.69154946 -1.51188370
v -0.04693457 4.69123741 -1.53185210
v 0.08129798 4.69130918 -1.53182813
v -0.04685838 4.69132921 -1.51209506
v -0.04676819 4.70135188 -1.51185019
v -0.04705429 4.69125233 -1.53202530
v -0.04694095 4.69115414 -1.51205998
v -0.04696356 4.70145342 -1.53179002
v 0.08122116 4.70146470 -1.53202691
v -0.04698409 4.69126242 -1.53204649
v -0.04695174 4.70124873 -1.53213414
v 0.08116263 4.69128434 -1.53205224
v 0.08126462 4.69145332 -1.53203817
v 0.08121361 4.70117921 -1.51181793
v 0.08134309 4.69117207 -1.51168948
v 0.08118404 4.70116676 -1.53214593
v 0.08117561 4.69124962 -1.51197446
v -0.04693263 4.70152415 -1.51184416
v -0.04690210 4.69130539 -1.51198586
v 0.08113361 4.70124677 -1.51200657
v -0.04677253 4.70138043 -1.51184445
v 0.08126133 4.70109799 -1.53200352
v -0.04707975 4.70117773 -1.53180244
v 0.08123241 4.70130746 -1.51190899
v -0.05167324 4.70317410 -1.53196914
v -0.05176696 4.84703543 -1.51185525
v -0.05181270 4.70338330 -1.51176539
v -0.05175754 4.84706467 -1.53184479
v -0.05185672 4.70330876 -1.51158718
v -0.06171120 4.70346126 -1.53192306
v -0.05172067 4.70320884 -1.53199937
v -0.06186457 4.70328323 -1.51202485
v -0.05162112 4.84708961 -1.53211713
v -0.06177006 4.70339075 -1.53181523
v -0.06185518 4.84711793 -1.53201916
v -0.05180725 4.70339184 -1.53194173
v -0.06182477 4.84692658 -1.51180002
v -0.05186187 4.84716300 -1.53197609
v -0.06177550 4.84708950 -1.53205213
v -0.05198259 4.84716547 -1.51207697
v -0.05167640 4.70314826 -1.51168328
v -0.06187054 4.84696589 -1.51177913
v -0.06190166 4.70320516 -1.51190594
v -0.05179803 4.84715885 -1.51194717
v -0.06184005 4.84714195 -1.51185601
v -0.06220802 4.70312950 -1.53207952
v -0.06187494 4.70323783 -1.51179009
v -0.06173137 4.84706541 -1.53202471
v 1.18561371 4.85122871 -1.44603010
v 1.05722910 4.86124579 -1.44635979
v 1.05728975 4.85107648 -1.44608291
v 1.18540388 4.86124091 -1.44617820
v 1.05739099 4.86118869 -1.44631847
v 1.18552131 4.86131545 -1.46623894
v 1.05719178 4.86148469 -1.46625037
v 1.18531917 4.86132353 -1.44633607
v 1.05735817 4.86112451 -1.44595582
v 1.05747459 4.85124492 -1.46627477
v 1.05729449 4.85129399 -1.44626260
v 1.05745819 4.86128725 -1.46616916
v 1.18544638 4.85101058 -1.44617651
v 1.05741009 4.85148782 -1.46629199
v 1.18544558 4.85123746 -1.46608609
v 1.05725383 4.85127852 -1.44609799
v 1.18540837 4.85105155 -1.46610966
v 1.18548699 4.86146033 -1.44647905
v 1.18557964 4.85124493 -1.44626590
v 1.18568800 4.86134780 -1.46598914
v 1.18548293 4.86135655 -1.46618010
v 1.05733036 4.85119915 -1.46636882
v 1.05728836 4.86110744 -1.46630891
v 1.18553898 4.85129528 -1.46622515
v 0.10970750 4.70397368 -1.25918329
v 0.07995373 4.68887775 -1.44653457
v 0.10958783 4.68914839 -1.25932502
v 0.07965103 4.70423005 -1.44655170
v 0.10975047 4.70413749 -1.25924011
v 0.09971216 4.70406785 -1.44646442
v 0.07961867 4.70392502 -1.44649215
v 0.12029343 4.70404052 -1.25922716
v 0.07989201 4.68889657 -1.53175698
v 0.07968056 4.70396254 -1.53187246
v 0.07979540 4.70417997 -1.53160917
v 0.12038794 4.68894607 -1.25927362
v 0.07951854 4.68894953 -1.44628640
v 0.09978800 4.68891962 -1.44654370
v 0.10972698 4.68887132 -1.25915175
v 0.12019817 4.68895171 -1.25925620
v 0.10986429 4.70429773 -1.25931341
v 0.10968448 4.68899645 -1.25924399
v 0.12036234 4.70389304 -1.25917356
v 0.09976572 4.68888607 -1.44648122
v 0.12048441 4.70402515 -1.25936362
v 0.12038059 4.68883206 -1.25918196
v 0.09979731 4.70413367 -1.44615754
v 0.07970326 4.70387327 -1.44634210
v 0.09984660 4.70400476 -1.53185043
v 0.07968842 4.70408562 -1.53190512
v 0.09984379 4.70394204 -1.44628884
v 0.08685640 4.70413015 -1.61690755
v 0.08681673 4.68901933 -1.61691512
v 0.09975835 4.68919356 -1.44625296
v 0.07986558 4.68890674 -1.53186603
v 0.10002191 4.68891003 -1.53167658
v 0.07972032 4.68905899 -1.44633370
v 0.09984498 4.70411515 -1.61701267
v 0.09976918 4.68914916 -1.53173876
v 0.09979934 4.68895746 -1.61701434
v 0.09989450 4.70410910 -1.53173506
v 0.09983972 4.70419512 -1.53155549
v 0.09969934 4.70389175 -1.61715245
v 0.07985157 4.70396206 -1.53188253
v 0.07961658 4.70412303 -1.53177943
v 0.09992230 4.70399623 -1.61721214
v 0.08675678 4.70405938 -1.61717366
v 0.09984188 4.70402553 -1.61711485
v 0.08694938 4.68888320 -1.61696897
v 0.08701914 4.70429872 -1.61693409
v 0.09980292 4.68905768 -1.61717625
v 0.09977355 4.68892627 -1.53183500
v 0.08695048 4.68909588 -1.61709298
v 0.09982412 4.68885068 -1.61720202
v 0.07996310 4.68907405 -1.53187745
v -1.13435068 2.11174697 -1.53195530
v -1.13449245 2.24003662 -1.51181277
v -1.13461047 2.11178979 -1.51196631
v -1.13414138 2.24015664 -1.53194196
v -1.13457400 2.11181546 -1.51179157
v -1.14453303 2.11176181 -1.53198606
v -1.13441712 2.11173875 -1.53188363
v -1.14436447 2.11182155 -1.51186915
v -1.13440269 2.23991407 -1.53218685
v -1.14432432 2.11170787 -1.53183225
v -1.14432048 2.24000796 -1.53205732
v -1.13437616 2.11175539 -1.53207858
v -1.14457250 2.24005595 -1.51184552
v -1.13446218 2.23987767 -1.53187861
v -1.14450533 2.24001987 -1.53184096
v -1.13438904 2.23999350 -1.51184140
v -1.13433186 2.11187504 -1.51209702
v -1.14430149 2.24001985 -1.51186441
v -1.14447393 2.11187410 -1.51200864
v -1.13448086 2.24003719 -1.51190858
v -1.14429737 2.23989638 -1.51181159
v -1.14431685 2.11170929 -1.53201194
v -1.14420993 2.11166089 -1.51170131
v -1.14427485 2.24008076 -1.53189609
v -1.13025714 2.25108977 -1.53196831
v -0.98650506 2.25112230 -1.51162365
v -0.98627554 2.25115431 -1.53194756
v -1.13025436 2.25107889 -1.51198728
v -0.98647520 2.24101461 -1.53206388
v -0.98634281 2.25107626 -1.51177442
v -0.98650715 2.24095923 -1.51182856
v -0.98644990 2.25097823 -1.53191474
v -0.98642950 2.25101251 -1.53192307
v -1.13016344 2.24107402 -1.53192081
v -1.13027356 2.25108055 -1.53183043
v -0.98645586 2.24091405 -1.53208963
v -1.13013821 2.25079542 -1.51164212
v -1.13018454 2.24080614 -1.53187934
v -1.13032685 2.24096181 -1.51182898
v -1.13008720 2.25109526 -1.53196164
v -0.98654579 2.24098086 -1.51208356
v -1.13028506 2.25092714 -1.51190659
v -1.13013617 2.24101098 -1.51173271
v -0.98629419 2.25099466 -1.51185740
v -0.98652820 2.24095685 -1.51183259
v -1.13014643 2.24090427 -1.53202572
v -0.98653323 2.24098129 -1.53190311
v -1.13011063 2.24092150 -1.51181193
v -0.04727219 4.84854493 -1.44649246
v -0.06739370 4.86341356 -1.44624612
v -0.06722980 4.84845228 -1.44641210
v -0.04728879 4.86350618 -1.44640096
v -0.04723922 4.84857164 -1.44649958
v -0.06715570 4.84859838 -1.53171633
v -0.04724115 4.84846559 -1.53182646
v -0.06733107 4.84856020 -1.44651484
v -0.04718956 4.86362681 -1.53169428
v -0.04737668 4.84878330 -1.44620097
v -0.04716320 4.84838106 -1.53164240
v -0.04693138 4.86362341 -1.44644595
v -0.06726039 4.86356074 -1.44663881
v -0.05467175 4.86352489 -1.61698046
v -0.06730835 4.86346047 -1.61700045
v -0.04722828 4.86347123 -1.53164276
v -0.04712199 4.86338958 -1.44644616
v -0.06719680 4.84846619 -1.44633011
v -0.06729104 4.84838179 -1.61704226
v -0.06744946 4.84835082 -1.53169755
v -0.06721062 4.86354448 -1.44625597
v -0.06719046 4.86364700 -1.61710933
v -0.06736005 4.84830378 -1.53167157
v -0.06737134 4.84861905 -1.61708322
v -0.04728047 4.84847705 -1.53162014
v -0.05481083 4.84841596 -1.61688956
v -0.05465771 4.86351337 -1.61699523
v -0.04719739 4.86361077 -1.53173193
v -0.05464990 4.84839979 -1.61709469
v -0.05489590 4.86337067 -1.61719160
v -0.06729228 4.84840320 -1.61697691
v -0.06727315 4.86352546 -1.61708712
v -0.05444100 4.84842637 -1.61697260
v -0.05461702 4.84847474 -1.61692357
v -0.37189064 2.11170080 -1.53194378
v -0.37223680 2.24008032 -1.51193401
v -0.37198746 2.11172402 -1.51162089
v -0.37209452 2.23997277 -1.53195330
v -0.37232426 2.11162462 -1.51188790
v -0.38212637 2.11176295 -1.53189540
v -0.37213944 2.11166578 -1.53212620
v -0.38226839 2.11158008 -1.51171763
v -0.37216957 2.24003990 -1.53189332
v -0.38208030 2.11192562 -1.53183067
v -0.38213283 2.24003029 -1.53199100
v -0.37222249 2.11186573 -1.53185945
v -0.38241188 2.23998266 -1.51181356
v -0.37218903 2.23984505 -1.53177983
v -0.38231453 2.24027198 -1.53205126
v -0.37219540 2.24010939 -1.51178385
v -0.37212580 2.11184258 -1.51167399
v -0.38220547 2.23997289 -1.51174116
v -0.38197204 2.11178100 -1.51187317
v -0.37220031 2.23993574 -1.51198767
v -0.38227823 2.23989141 -1.51176746
v -0.38211527 2.11179824 -1.53209783
v -0.38213312 2.11168819 -1.51183490
v -0.38212885 2.23986026 -1.53196981
v 1.21404848 4.86229289 -1.25927356
v 1.18391179 4.84696651 -1.44650092
v 1.21405422 4.84694054 -1.25928343
v 1.18404224 4.86201469 -1.44640479
v 1.18397581 4.86215493 -1.53173657
v 1.20413932 4.86224207 -1.61697124
v 1.19107049 4.86213385 -1.61702867
v 1.20414161 4.86203518 -1.53172377
v 1.18405007 4.86234647 -1.44633431
v 1.20398175 4.86222886 -1.44620614
v 1.21381180 4.86207770 -1.25940637
v 1.22463464 4.86218992 -1.25917193
v 1.18402977 4.84697559 -1.53154559
v 1.18399259 4.86223917 -1.53156349
v 1.20410447 4.84690415 -1.53162357
v 1.19114739 4.84713629 -1.61706277
v 1.20393600 4.84699753 -1.61700153
v 1.18394922 4.84702740 -1.53185285
v 1.20423139 4.84711794 -1.44650591
v 1.18398786 4.84709543 -1.44632939
v 1.22451835 4.84708009 -1.25919987
v 1.21386081 4.84698955 -1.25928816
v 1.22454823 4.84701947 -1.25917745
v 1.21390055 4.86192201 -1.25902694
v 1.21398307 4.84683361 -1.25919698
v 1.22455654 4.86214158 -1.25926763
v 1.20397535 4.84700346 -1.61701333
v 1.20414967 4.86206254 -1.53172611
v 1.20411815 4.84721704 -1.53167034
v 1.20399530 4.86217753 -1.61689093
v 1.20395978 4.86229042 -1.61711163
v 1.19102212 4.84704177 -1.61714869
v 1.19110249 4.86205570 -1.61700081
v 1.20429513 4.84703025 -1.61699153
v 1.19102610 4.84721978 -1.61717033
v 1.19115160 4.86223564 -1.61712744
v 1.20389518 4.84708967 -1.44628460
v 1.22455181 4.86221199 -1.25917182
v 1.22474218 4.84698242 -1.25933897
v 1.20409564 4.86217304 -1.44645858
v 1.20390003 4.84715024 -1.53175166
v 1.20400204 4.86220294 -1.53159380
v 1.04905039 1.63152404 -1.50660907
v 0.44658169 1.79289281 -1.50648668
v 0.44677831 1.63150658 -1.50641484
v 1.04924687 1.79290289 -1.50641002
v 0.44665370 1.57734933 -1.24594222
v 0.44679461 1.55113292 -1.58685875
v 0.44689381 1.55126563 -1.24588412
v 0.44672674 1.63159395 -1.50647757
v 0.44677573 1.79303823 -1.58677578
v 0.44659245 1.63149618 -1.47971373
v 0.44665794 1.79299689 -1.50671141
v 0.44681563 1.63160908 -1.47993089
v 1.04910265 1.63164409 -1.50668552
v 0.44690427 1.63133162 -1.50640851
v 1.04888580 1.63161601 -1.47986222
v 1.04897246 1.55134784 -1.58676630
v 1.04894860 1.57756052 -1.24606850
v 1.04902371 1.55132266 -1.24603351
v 1.04926308 1.63148725 -1.50648783
v 1.04910446 1.79300760 -1.58686995
v 1.04901286 1.63160750 -1.47987234
v 1.04912042 1.79295564 -1.50641881
v 0.44667785 1.79285811 -1.50651478
v 1.04893149 1.79283128 -1.58686439
v 0.44680409 1.79298735 -1.58684274
v 1.04903922 1.79308420 -1.50633901
v 1.04908508 1.79313583 -1.58676179
v 0.44674711 1.55126558 -1.58684806
v 0.44671573 1.79301475 -1.58697804
v 1.04912582 1.55116025 -1.58670653
v 1.04906494 1.55121104 -1.24610852
v 0.44666469 1.55125097 -1.58686892
v 1.04893201 1.55118605 -1.58674257
v 0.44673449 1.55137406 -1.24591896
v 1.04886196 1.55130866 -1.24594228
v 0.44685690 1.57742541 -1.24571340
v 0.44689492 1.55103871 -1.24589655
v 1.04904778 1.57735948 -1.24610359
v 0.44668193 1.57742922 -1.24596766
v 1.04904089 1.57736097 -1.24614935
v -0.52858101 2.10677238 -1.44615571
v -0.38315954 2.10689561 -1.46624061
v -0.52882419 2.10709566 -1.46634022
v -0.38329137 2.10698633 -1.44598887
v -0.38316615 2.09673772 -1.46626400
v -0.38317020 2.10701748 -1.44627069
v -0.38321030 2.09679163 -1.44630340
v -0.38347229 2.10684105 -1.46658543
v -0.38346491 2.10713224 -1.46630830
v -0.52869376 2.09670982 -1.46629226
v -0.52876540 2.10691871 -1.46623942
v -0.38328272 2.09683514 -1.46635764
v -0.52876993 2.10682607 -1.44638098
v -0.52871337 2.09690271 -1.46626742
v -0.52867485 2.09708918 -1.44620307
v -0.52882017 2.10695321 -1.46638284
v -0.38311900 2.09692385 -1.44622111
v -0.52886311 2.10683554 -1.44612867
v -0.52886218 2.09681897 -1.44629160
v -0.38320705 2.10707830 -1.44619842
v -0.38341245 2.09674864 -1.44624942
v -0.52879627 2.09670807 -1.46636762
v -0.38301939 2.09688989 -1.46629514
v -0.52882762 2.09699849 -1.44611644
v -0.36996835 2.09144524 -1.44633453
v -0.38522871 2.11148296 -1.44634634
v -0.38504606 2.09144732 -1.44631477
v -0.37016152 2.11140110 -1.44658330
v -0.37022872 2.10428356 -1.61694600
v -0.36980828 2.09135618 -1.53168849
v -0.36998881 2.09153275 -1.61708234
v -0.37014525 2.11145355 -1.44622768
v -0.36987675 2.09132038 -1.44645742
v -0.37002825 2.11157163 -1.53161862
v -0.38527766 2.11136720 -1.44658882
v -0.36995527 2.11151634 -1.53170519
v -0.38496409 2.11168436 -1.53155360
v -0.37021967 2.11135285 -1.44648197
v -0.38523117 2.11154101 -1.44645358
v -0.38514234 2.09159786 -1.53191052
v -0.38516036 2.09157990 -1.44635090
v -0.38520106 2.10420408 -1.61701777
v -0.38520512 2.11153917 -1.53174157
v -0.38513265 2.09153686 -1.61712797
v -0.37000118 2.09129241 -1.44652680
v -0.38503736 2.09146152 -1.53165878
v -0.37010786 2.09143326 -1.53188880
v -0.38509919 2.09149844 -1.44653628
v -0.37019362 2.09137550 -1.53174300
v -0.38524885 2.09139044 -1.61734796
v -0.37007319 2.09159532 -1.61724251
v -0.38495925 2.09148193 -1.53166862
v -0.37026423 2.10399854 -1.61704731
v -0.38531864 2.09149235 -1.61704769
v -0.38515356 2.10398435 -1.61698374
v -0.37008524 2.09152289 -1.61704176
v -0.36993251 2.10421240 -1.61722937
v -0.38520768 2.11131972 -1.53172057
v -0.37006209 2.10419195 -1.61699976
v -0.38521631 2.10392684 -1.61692570
v -1.25108854 3.08950932 -1.50653215
v -1.41258153 3.69163898 -1.50667638
v -1.41272207 3.08933472 -1.50659880
v -1.25126075 3.69164188 -1.50652211
v -1.25131331 3.69158322 -1.50659732
v -1.25102032 3.69169911 -1.58672763
v -1.41291946 3.69183194 -1.50639303
v -1.49294073 3.69165394 -1.58682943
v -1.49310763 3.69169588 -1.24606402
v -1.41270045 3.69178207 -1.47974908
v -1.46669650 3.69172452 -1.24582326
v -1.41264309 3.08947553 -1.50656368
v -1.41272850 3.69162149 -1.47983747
v -1.41280864 3.08935818 -1.47956722
v -1.41255963 3.69162776 -1.50661122
v -1.25130410 3.08945500 -1.50660641
v -1.49286033 3.08942071 -1.58685867
v -1.25132829 3.08939255 -1.58687548
v -1.41273402 3.08928177 -1.50649593
v -1.49295132 3.08943762 -1.24605447
v -1.41252883 3.08937063 -1.47995599
v -1.46692127 3.08937221 -1.24593264
v -1.25118231 3.08936369 -1.58679233
v -1.25113903 3.69177174 -1.50647014
v -1.25141703 3.08924508 -1.50665502
v -1.25129121 3.69174629 -1.58686482
v -1.25122712 3.69175207 -1.58693962
v -1.49284782 3.08962258 -1.58672915
v -1.49290935 3.69159753 -1.58692216
v -1.25115459 3.08953273 -1.58676496
v -1.49285754 3.69167851 -1.24580295
v -1.49307880 3.08929079 -1.58675036
v -1.49301654 3.08932849 -1.24607185
v -1.49291943 3.69166276 -1.58678442
v -1.46680413 3.08929704 -1.24593461
v -1.49301669 3.69166923 -1.24589600
v -1.49306385 3.08948208 -1.24593639
v -1.46690908 3.69185134 -1.24596181
v -1.46674144 3.69189293 -1.24600047
v -1.46690560 3.08936453 -1.24603572
v -0.38168414 2.27239727 -1.29267079
v -0.38158053 2.26979033 -1.26221252
v -0.38143064 2.26597746 -1.29261632
v -0.38148517 2.27628240 -1.26210137
v -0.43109528 2.27588675 -1.26195762
v -0.38177852 2.26596777 -1.29268921
v -0.38142926 2.26999231 -1.26219338
v -0.48097782 2.27788839 -1.29277039
v -0.53029238 2.26585138 -1.29253511
v -0.53042396 2.27243713 -1.29282384
v -0.48091124 2.27157988 -1.29258612
v -0.43131321 2.27795143 -1.29266593
v -0.43135393 2.27175763 -1.29260420
v -0.38158923 2.27230642 -1.29289130
v -0.38151809 2.26589069 -1.29270846
v -0.43104057 2.27807908 -1.29272569
v -0.43122250 2.27809967 -1.29282412
v -0.38180356 2.27645118 -1.26204064
v -0.38158134 2.27222717 -1.29266877
v -0.43139053 2.28207554 -1.26193785
v -0.43111843 2.28215171 -1.26214159
v -0.48076418 2.27595563 -1.26204480
v -0.53069162 2.27646294 -1.26217912
v -0.53033448 2.27009421 -1.26210074
v -0.48087392 2.28200755 -1.26210208
v -0.43112044 2.27568871 -1.26219494
v -0.43108499 2.28208600 -1.26225932
v -0.38169116 2.27007174 -1.26198880
v -0.38177786 2.27663041 -1.26217309
v -0.43126024 2.27570400 -1.26215819
v -0.43120921 2.27175868 -1.29282963
v -0.38170141 2.26597230 -1.29280481
v -0.48109541 2.27155341 -1.29279347
v -0.48089254 2.27560473 -1.26196155
v -0.53035063 2.27013199 -1.26221947
v -0.53033929 2.26592455 -1.29274246
v -0.48086939 2.27179777 -1.29271198
v -0.53043456 2.27006454 -1.26217978
v -0.53048301 2.27230210 -1.29283786
v -0.53053676 2.26600771 -1.29279969
v -0.53043197 2.27617192 -1.26216096
v -0.48078866 2.28188989 -1.26196126
v -0.48072178 2.27797106 -1.29258925
v -0.53041798 2.27215766 -1.29281436
v -0.48079401 2.28216556 -1.26223960
v -0.53057596 2.27216543 -1.29254851
v -0.53030560 2.27635308 -1.26217008
v -0.53052211 2.27013673 -1.26229061
v -0.52781344 2.26848802 -1.25927641
v -0.54301292 2.23848031 -1.44640664
v -0.52771540 2.23848560 -1.44604880
v -0.54317042 2.26824956 -1.25922067
v -0.54301088 2.26843943 -1.25926231
v -0.54305277 2.25856369 -1.44616845
v -0.54280993 2.23847159 -1.44646583
v -0.54298993 2.27880134 -1.25918299
v -0.54300269 2.23824006 -1.53164421
v -0.54305463 2.23839849 -1.53162413
v -0.52789185 2.23850084 -1.53162825
v -0.52800808 2.23835080 -1.53174457
v -0.52778677 2.25849126 -1.61696404
v -0.52791995 2.25851608 -1.53176633
v -0.52804659 2.24555710 -1.61716372
v -0.52792262 2.23862633 -1.53152414
v -0.52790616 2.26847230 -1.25912238
v -0.52803853 2.23838845 -1.44650555
v -0.52799286 2.25838075 -1.44650890
v -0.52798864 2.27915682 -1.25940558
v -0.52804945 2.26833003 -1.25923474
v -0.54292007 2.27911219 -1.25911217
v -0.54288381 2.26801067 -1.25931230
v -0.52807626 2.27897315 -1.25925087
v -0.54289648 2.27899869 -1.25931019
v -0.52776609 2.25864490 -1.44657452
v -0.54301267 2.25851764 -1.44639918
v -0.52776223 2.27902700 -1.25926659
v -0.54298132 2.25853587 -1.44634941
v -0.54310370 2.23848171 -1.53172303
v -0.54291225 2.23837466 -1.44644798
v -0.54308326 2.25846117 -1.53169944
v -0.54297864 2.24567213 -1.61714696
v -0.52798601 2.24543052 -1.61718837
v -0.52788283 2.25845743 -1.61705539
v -0.54313135 2.24571629 -1.61718442
v -0.54302052 2.25857091 -1.61705821
v -0.52794511 2.24558763 -1.61703988
v -0.54299125 2.25866229 -1.53186241
v -0.52786308 2.25852338 -1.61734683
v -0.54283419 2.25855068 -1.61699463
v -0.52798501 2.25846732 -1.53164443
v -0.52804814 2.25870900 -1.53173870
v -0.54302094 2.25851633 -1.53155764
v -0.54319019 2.25841048 -1.53155022
v -0.54287172 2.24554276 -1.61723987
v -0.54283962 2.23845676 -1.53156699
v -0.54300965 2.25856015 -1.61709981
v 1.21033659 4.70078622 -1.34987580
v 1.19990780 4.70065758 -1.38029067
v 1.20621842 4.70081208 -1.38042620
v 1.20422619 4.70081830 -1.34966477
v 1.20971325 4.75031711 -1.34965719
v 1.19982117 4.70072829 -1.38031557
v 1.20410235 4.70081692 -1.34960357
v 1.20567103 4.75024904 -1.38063185
v 1.20627151 4.84939617 -1.38031380
v 1.20570768 4.79982724 -1.38027044
v 1.19999308 4.84957613 -1.38028887
v 1.20572049 4.75029929 -1.38034951
v 1.20627824 4.70084393 -1.38038176
v 1.19989216 4.70070381 -1.38020396
v 1.21198014 4.80022447 -1.38048113
v 1.21189247 4.75034736 -1.38035151
v 1.20618005 4.70086142 -1.38057892
v 1.21601485 4.75053588 -1.34971501
v 1.21006787 4.70075005 -1.34974558
v 1.21189990 4.75046745 -1.38035634
v 1.21034290 4.70081313 -1.34956669
v 1.20965491 4.75035818 -1.34966818
v 1.20389541 4.70069483 -1.34973744
v 1.20970448 4.79991924 -1.34941923
v 1.21026427 4.84941586 -1.34964819
v 1.20402937 4.84951560 -1.34950922
v 1.21616880 4.75012867 -1.34951397
v 1.21597500 4.79988269 -1.34978057
v 1.20975760 4.79998724 -1.34977154
v 1.20564023 4.79994080 -1.38043352
v 1.20397029 4.84971036 -1.34950028
v 1.19994462 4.84956542 -1.38029023
v 1.20392360 4.84961412 -1.34967249
v 1.20628039 4.84962316 -1.38043918
v 1.19984457 4.84947771 -1.38026625
v 1.21036570 4.84963469 -1.34954530
v 1.21193669 4.79995565 -1.38026518
v 1.21034471 4.84955195 -1.34971564
v 1.21616522 4.79975173 -1.34980709
v 1.20614664 4.84960158 -1.38032910
v -0.38145023 2.26070649 -1.38030136
v -0.38168889 2.25861069 -1.34967165
v -0.38180145 2.25433498 -1.38026020
v -0.38161978 2.26479755 -1.34966580
v -0.43141396 2.26423724 -1.34964042
v -0.38165789 2.25424282 -1.38016590
v -0.38168346 2.25839138 -1.34957979
v -0.48089977 2.26643002 -1.38028896
v -0.53041524 2.25459692 -1.38032237
v -0.53033105 2.26065949 -1.38049918
v -0.48079793 2.25998551 -1.38025448
v -0.43130861 2.26635481 -1.38050627
v -0.43122279 2.26016177 -1.38030409
v -0.38152678 2.26052970 -1.38020017
v -0.38148660 2.25433206 -1.38016050
v -0.43111282 2.26645503 -1.38027260
v -0.38160806 2.26469187 -1.34962638
v -0.38167545 2.26075086 -1.38042228
v -0.43109918 2.27022703 -1.34963784
v -0.48096532 2.26422654 -1.34971905
v -0.53048473 2.26480125 -1.34968178
v -0.53044273 2.25852012 -1.34958723
v -0.48075668 2.27059282 -1.34972478
v -0.43135574 2.26423449 -1.34964951
v -0.43117642 2.27059051 -1.34993065
v -0.38151259 2.25848765 -1.34955102
v -0.38170335 2.26493871 -1.34979092
v -0.43120118 2.26419111 -1.34976856
v -0.43129696 2.26022253 -1.38021096
v -0.38170684 2.25435112 -1.38016674
v -0.48071941 2.25988459 -1.38039750
v -0.48104373 2.26419603 -1.34950985
v -0.53045978 2.25842387 -1.34962072
v -0.53044343 2.25429653 -1.38036851
v -0.48091759 2.26024883 -1.38046041
v -0.53038131 2.25863470 -1.34967101
v -0.53052842 2.26075441 -1.38038372
v -0.53029572 2.25422759 -1.38022489
v -0.53038972 2.26476053 -1.34967145
v -0.53052832 2.26474733 -1.34987926
v -0.48092505 2.26648924 -1.38028365
v -0.53036018 2.26088524 -1.38025554
v -0.48083344 2.27061374 -1.34954652
v -0.53038994 2.25832304 -1.34971216
v 1.18554989 4.69124954 -1.51183604
v 1.05724767 4.69131902 -1.53195975
v 1.18556015 4.69133600 -1.53182111
v 1.05732140 4.69125499 -1.51177740
v 1.05726755 4.70142041 -1.51178750
v 1.05740828 4.69135718 -1.53173681
v 1.05727906 4.69131723 -1.51170277
v 1.05724754 4.70124924 -1.53200855
v 1.18554359 4.70126933 -1.53203049
v 1.05742334 4.69111927 -1.53190281
v 1.05739794 4.70133609 -1.53197931
v 1.18551447 4.69144653 -1.53174304
v 1.18536681 4.69123969 -1.53209285
v 1.18548418 4.70131694 -1.51180535
v 1.18554820 4.69133063 -1.51177301
v 1.18565715 4.70130674 -1.53193112
v 1.18533392 4.69144888 -1.51191693
v 1.05735871 4.70139348 -1.51192840
v 1.05733734 4.69134904 -1.51188355
v 1.18533531 4.70136887 -1.51183862
v 1.05744337 4.70123250 -1.51197639
v 1.18554980 4.70145797 -1.53175084
v 1.05745374 4.70137056 -1.53202503
v 1.18556613 4.70133547 -1.51185677
v 1.22187698 4.70083594 -1.26221102
v 1.21155372 4.70075226 -1.29290293
v 1.21791156 4.70070013 -1.29266194
v 1.21561050 4.70075038 -1.26197920
v 1.22121211 4.75036858 -1.26237896
v 1.21140708 4.70077039 -1.29296738
v 1.21566722 4.70092587 -1.26211719
v 1.21777588 4.84979015 -1.29281194
v 1.21738942 4.79990078 -1.29259770
v 1.21141384 4.84968146 -1.29271286
v 1.21714585 4.75024938 -1.29279427
v 1.21790737 4.70067588 -1.29277487
v 1.21138417 4.70071611 -1.29278350
v 1.22364267 4.79981263 -1.29283457
v 1.22356315 4.75013016 -1.29268844
v 1.21781406 4.70055610 -1.29275808
v 1.22750448 4.75036942 -1.26201971
v 1.22186104 4.70077042 -1.26215994
v 1.22343987 4.75020593 -1.29295894
v 1.22191756 4.70073487 -1.26221532
v 1.22121617 4.75037767 -1.26222973
v 1.21557893 4.70070188 -1.26201789
v 1.22127954 4.79983786 -1.26215714
v 1.22177052 4.84954953 -1.26230591
v 1.21557128 4.84952293 -1.26225244
v 1.22759919 4.75052187 -1.26233094
v 1.22753237 4.79981996 -1.26206092
v 1.21713480 4.75028478 -1.29266478
v 1.21139312 4.70091407 -1.29281351
v 1.22135550 4.75045712 -1.26209609
v 1.22134318 4.79971279 -1.26213136
v 1.21719696 4.80004373 -1.29269281
v 1.21125948 4.84946121 -1.29276033
v 1.21739059 4.79986081 -1.29278123
v 1.21542938 4.84955453 -1.26216718
v 1.21557826 4.84951426 -1.26210355
v 1.21771428 4.84970490 -1.29266771
v 1.21160894 4.84959256 -1.29283854
v 1.22174134 4.84953343 -1.26230413
v 1.22342136 4.80018733 -1.29278831
v 1.22183786 4.84952276 -1.26225813
v 1.22773380 4.79998776 -1.26224309
v 1.21785170 4.84967038 -1.29271266
v 1.21553300 4.84958719 -1.26207379
v -0.52784540 2.10690537 -1.53187828
v -0.38425574 2.10698062 -1.51196006
v -0.38411542 2.10714346 -1.53200560
v -0.52775353 2.10672947 -1.51184030
v -0.38418228 2.09691046 -1.53188232
v -0.38400059 2.10692447 -1.51184313
v -0.38407972 2.09675697 -1.51188785
v -0.38420148 2.10680127 -1.53191633
v -0.38432881 2.10698380 -1.53193184
v -0.52790640 2.09681056 -1.53193789
v -0.52788248 2.10697500 -1.53204815
v -0.38415097 2.09704675 -1.53179284
v -0.52794475 2.10694424 -1.51188221
v -0.52796199 2.09677722 -1.53189846
v -0.52770510 2.09700990 -1.51188660
v -0.52788072 2.10687318 -1.53230139
v -0.38424315 2.09697564 -1.51173480
v -0.52806299 2.10700489 -1.51186975
v -0.52791227 2.09677486 -1.51208813
v -0.38437566 2.10690271 -1.51193952
v -0.38408244 2.09697774 -1.51192554
v -0.52786501 2.09690761 -1.53178705
v -0.38423454 2.09678908 -1.53181327
v -0.52788899 2.09677061 -1.51207763
v -0.36989303 2.26845067 -1.25922226
v -0.38480366 2.23835620 -1.44645359
v -0.36981605 2.23840960 -1.44646713
v -0.38481578 2.26833467 -1.25944702
v -0.38483372 2.26841450 -1.25926923
v -0.38502183 2.25847213 -1.44644940
v -0.38477846 2.23855851 -1.44623041
v -0.38492572 2.27906583 -1.25922008
v -0.38501882 2.23856459 -1.53188758
v -0.37001060 2.23837692 -1.53193765
v -0.36995759 2.25869461 -1.44656523
v -0.36981473 2.26858185 -1.25923040
v -0.36983305 2.23849881 -1.44636040
v -0.36989814 2.27917584 -1.25922817
v -0.36990675 2.26835725 -1.25921119
v -0.38508071 2.27913749 -1.25920953
v -0.38486040 2.26819671 -1.25917589
v -0.36969057 2.27912411 -1.25919944
v -0.38496945 2.27909698 -1.25941154
v -0.36981336 2.25871062 -1.44639550
v -0.38493263 2.25839927 -1.44643002
v -0.37010582 2.27898744 -1.25915051
v -0.38504150 2.25850172 -1.44621145
v -0.38488893 2.23868647 -1.53176611
v -0.38501632 2.23837240 -1.44643666
v -0.38488327 2.25850206 -1.53172375
v -0.38491098 2.24566929 -1.61698499
v -0.36966778 2.24558685 -1.61691725
v -0.37001287 2.23849246 -1.53169482
v -0.36985175 2.25847144 -1.44635304
v -0.36981961 2.23841027 -1.44625442
v -0.36990224 2.25851523 -1.53182197
v -0.36983164 2.25859876 -1.53165416
v -0.38488549 2.25858000 -1.53174148
v -0.38496333 2.25850887 -1.53178120
v -0.38495709 2.24557462 -1.61709128
v -0.38506480 2.23849103 -1.53169097
v -0.38493358 2.25862625 -1.61707222
v -0.36992120 2.25857653 -1.61691172
v -0.38478212 2.24570810 -1.61714830
v -0.38487374 2.25838730 -1.61723602
v -0.36970269 2.24548767 -1.61698399
v -0.36990649 2.24550751 -1.61713982
v -0.36971272 2.25838747 -1.53173588
v -0.36995778 2.23831056 -1.53149538
v -0.36989368 2.25854866 -1.61714883
v -0.38504410 2.25861432 -1.53179592
v -0.36984434 2.25863994 -1.61710551
v -0.38491852 2.25848310 -1.61703281
v -0.36988195 2.25854832 -1.53188894
v -0.52936826 2.09134964 -1.44642415
v -0.54451699 2.11157387 -1.44646197
v -0.54407758 2.09145011 -1.44640142
v -0.52921620 2.11156497 -1.44637944
v -0.52933289 2.10426865 -1.61714587
v -0.52943606 2.09146769 -1.53166867
v -0.52938834 2.09145725 -1.61711854
v -0.52946501 2.11154974 -1.44632304
v -0.52927804 2.09132366 -1.44639673
v -0.52931412 2.11149464 -1.53183918
v -0.54428728 2.11146178 -1.44632103
v -0.52949822 2.11159837 -1.53162709
v -0.54440918 2.11154876 -1.53183907
v -0.52925326 2.11155666 -1.44631902
v -0.54423146 2.11142843 -1.44632431
v -0.54448594 2.09125305 -1.53183212
v -0.54450998 2.09149311 -1.44619847
v -0.54436307 2.10419023 -1.61696764
v -0.54432416 2.11160277 -1.53154515
v -0.54450587 2.09145433 -1.61714583
v -0.52941884 2.09152689 -1.44650396
v -0.54428922 2.09145847 -1.53165732
v -0.52917757 2.09160513 -1.53167784
v -0.54429982 2.09154833 -1.44634474
v -0.52943122 2.09144745 -1.53153331
v -0.54448360 2.09143860 -1.61709295
v -0.52940655 2.09142205 -1.61710513
v -0.54449889 2.09148296 -1.53169998
v -0.52918072 2.10414198 -1.61712818
v -0.54439204 2.09119907 -1.61717053
v -0.54443503 2.10407574 -1.61724184
v -0.52918842 2.09160209 -1.61681217
v -0.52925699 2.10412500 -1.61695644
v -0.54425880 2.11139289 -1.53182416
v -0.52942397 2.10407609 -1.61693626
v -0.54434099 2.10427029 -1.61712162
v -0.52802686 2.25095403 -1.53196200
v -0.38435695 2.25099276 -1.51182164
v -0.38403738 2.25095744 -1.53194263
v -0.52801472 2.25093673 -1.51191774
v -0.38432652 2.24082299 -1.53183313
v -0.38396258 2.25102687 -1.51185250
v -0.38432231 2.24094390 -1.51169558
v -0.38420904 2.25091581 -1.53198228
v -0.38426358 2.25082751 -1.53181028
v -0.52809479 2.24092696 -1.53194153
v -0.52790616 2.25107774 -1.53205901
v -0.38421763 2.24112207 -1.53202777
v -0.52773362 2.25096826 -1.51209256
v -0.52791482 2.24097744 -1.53198058
v -0.52787598 2.24092891 -1.51187272
v -0.52790854 2.25109232 -1.53187690
v -0.38419979 2.24110984 -1.51200822
v -0.52781648 2.25110844 -1.51165623
v -0.52793384 2.24099412 -1.51194397
v -0.38400560 2.25084151 -1.51181459
v -0.38417041 2.24102393 -1.51175908
v -0.52784034 2.24103706 -1.53188713
v -0.38424405 2.24092389 -1.53208684
v -0.52792573 2.24098011 -1.51183082
v -0.53206994 2.11167861 -1.53199550
v -0.53234748 2.23995287 -1.51182745
v -0.53191786 2.11190284 -1.51183272
v -0.53186082 2.23986826 -1.53183649
v -0.53191896 2.11172780 -1.51190182
v -0.54219305 2.11171102 -1.53204716
v -0.53222012 2.11180313 -1.53214811
v -0.54212661 2.11180491 -1.51172674
v -0.53205197 2.23970525 -1.53182614
v -0.54221674 2.11171718 -1.53190561
v -0.54213070 2.23990504 -1.53189729
v -0.53205686 2.11181873 -1.53199048
v -0.54208452 2.23997894 -1.51206178
v -0.53205085 2.23989385 -1.53166911
v -0.54213917 2.23996332 -1.53182486
v -0.53213711 2.23996972 -1.51177207
v -0.53202668 2.11177404 -1.51185119
v -0.54215898 2.23996256 -1.51172489
v -0.54225661 2.11179935 -1.51190852
v -0.53210458 2.24002281 -1.51188595
v -0.54215579 2.24010034 -1.51185443
v -0.54216036 2.11176427 -1.53198768
v -0.54212487 2.11187584 -1.51192415
v -0.54209530 2.24012745 -1.53200396
v -0.52768667 2.24825560 -1.44616440
v -0.38404751 2.24797137 -1.46617544
v -0.52789777 2.24808275 -1.46625948
v -0.38408526 2.24804598 -1.44620667
v -0.38403587 2.23794626 -1.46650179
v -0.38395754 2.24791382 -1.44620632
v -0.38428254 2.23804864 -1.44620550
v -0.38402582 2.24817660 -1.46627466
v -0.38419083 2.24806370 -1.46631193
v -0.52797403 2.23792294 -1.46621879
v -0.52788096 2.24801149 -1.46629344
v -0.38423094 2.23797690 -1.46617227
v -0.52800794 2.24812482 -1.44626686
v -0.52792464 2.23803666 -1.46648524
v -0.52803939 2.23796245 -1.44601990
v -0.52799678 2.24791287 -1.46646276
v -0.38404931 2.23799180 -1.44612555
v -0.52780650 2.24815071 -1.44627580
v -0.52797472 2.23813397 -1.44615153
v -0.38405732 2.24797909 -1.44630986
v -0.38418806 2.23809426 -1.44615494
v -0.52805251 2.23801482 -1.46621528
v -0.38412555 2.23801261 -1.46625516
v -0.52794871 2.23796071 -1.44604151
v -0.37203758 2.11186506 -1.44618041
v -0.38209424 2.23999259 -1.44624644
v -0.38206013 2.11180349 -1.44620918
v -0.37228683 2.23994627 -1.44636709
v -0.37226092 2.11178177 -1.46636347
v -0.37224231 2.23985313 -1.44619401
v -0.37218408 2.11183719 -1.44602620
v -0.37218343 2.23994446 -1.46628121
v -0.38213410 2.23999080 -1.44637510
v -0.37230195 2.23998252 -1.46629676
v -0.38208502 2.23995789 -1.46634802
v -0.37194357 2.24001739 -1.44621871
v -0.38218401 2.23987815 -1.44611281
v -0.38218230 2.11182858 -1.46634323
v -0.38198790 2.11156691 -1.44623598
v -0.38210615 2.24008617 -1.46626324
v -0.37222325 2.11183596 -1.44622571
v -0.38236170 2.11178517 -1.46631369
v -0.37217714 2.11181362 -1.46631692
v -0.38212370 2.11186702 -1.44617343
v -0.37209421 2.23984871 -1.46607186
v -0.38226545 2.11179148 -1.46632878
v -0.38214581 2.23992511 -1.46626357
v -0.37217941 2.11169570 -1.46605053
v 1.05236830 4.70335992 -1.53182078
v 1.05251560 4.84700854 -1.51175008
v 1.05260785 4.70326610 -1.51186780
v 1.05251121 4.84723213 -1.53191544
v 1.05243790 4.70325447 -1.51185692
v 1.04257245 4.70332567 -1.53191279
v 1.05237030 4.70334334 -1.53217589
v 1.04257638 4.70331154 -1.51189101
v 1.05253324 4.84688187 -1.53207748
v 1.04231322 4.70319968 -1.53187341
v 1.04247695 4.84697662 -1.53182838
v 1.05261064 4.70324609 -1.53194159
v 1.04240114 4.84710953 -1.51189057
v 1.05261520 4.84716856 -1.53203971
v 1.04243652 4.84696720 -1.53193424
v 1.05257347 4.84723546 -1.51193027
v 1.05246432 4.70314544 -1.51182894
v 1.04249521 4.84712641 -1.51180419
v 1.04247021 4.70323519 -1.51197807
v 1.05246719 4.84698029 -1.51165235
v 1.04243721 4.84717606 -1.51185592
v 1.04249445 4.70322377 -1.53176907
v 1.04251434 4.70339273 -1.51169113
v 1.04254888 4.84710293 -1.53198399
v -0.54180173 2.24495147 -1.43900386
v -0.55212765 2.09339595 -1.43909319
v -0.55207892 2.23267759 -1.43899484
v -0.54170278 2.08077172 -1.43890359
v -0.52768595 2.24821744 -1.43907417
v -0.52788929 2.07761365 -1.43881661
v -0.38570522 2.24820114 -1.43891366
v -0.38583264 2.07760650 -1.43884838
v -0.37172832 2.24497013 -1.43901848
v -0.37178450 2.08068459 -1.43895628
v -0.36134075 2.23254304 -1.43909763
v -0.36128928 2.09320055 -1.43892377
v 0.75672328 4.84953323 -1.44614116
v 0.75652215 4.70392688 -1.46623729
v 0.75651086 4.70394775 -1.44609370
v 0.75658046 4.84945371 -1.46620830
v 0.75660390 4.84949854 -1.44649486
v 0.76656709 4.84934835 -1.46626909
v 0.75647033 4.84935910 -1.46632134
v 0.76669672 4.84940885 -1.44630063
v 0.76663589 4.84942846 -1.46618536
v 0.75661482 4.70394811 -1.46635132
v 0.75646289 4.84936986 -1.46630424
v 0.76667844 4.70387589 -1.46626328
v 0.76656218 4.70379727 -1.44645060
v 0.75660340 4.70423455 -1.46630690
v 0.76667704 4.70377895 -1.46632759
v 0.75665723 4.70407609 -1.44621033
v 0.76665507 4.70404166 -1.44614222
v 0.75652734 4.84946918 -1.44610673
v 0.75642898 4.70388812 -1.44622900
v 0.76660060 4.84937355 -1.44610565
v 0.76657738 4.70386858 -1.46626667
v 0.76661386 4.84927558 -1.44610088
v 0.76649054 4.70376478 -1.44624956
v 0.76671322 4.84931065 -1.46613282
v -3.00142214 -4.20646728 -1.51178178
v -3.00139063 -4.35007413 -1.53191736
v -3.00134462 -4.35027659 -1.51203081
v -3.00139002 -4.20623927 -1.53182009
v -3.00144344 -4.20644904 -1.51196620
v -2.99145595 -4.20635979 -1.53205848
v -3.00131563 -4.20638606 -1.53185712
v -2.99140563 -4.20641517 -1.51186075
v -2.99121721 -4.20636114 -1.53192545
v -3.00126733 -4.35002803 -1.53208601
v -3.00133922 -4.20616203 -1.53193632
v -2.99130647 -4.35007676 -1.53216767
v -2.99136632 -4.35022118 -1.51199382
v -3.00117790 -4.35004621 -1.53202112
v -2.99125949 -4.35029094 -1.53208697
v -3.00129858 -4.35019107 -1.51184094
v -2.99138743 -4.35013568 -1.51179187
v -3.00139105 -4.20644273 -1.51175374
v -3.00131088 -4.35016314 -1.51180902
v -2.99118429 -4.20653608 -1.51188854
v -2.99158596 -4.34999834 -1.53186160
v -2.99146150 -4.20657960 -1.51193443
v -2.99149143 -4.34995010 -1.51175442
v -2.99142313 -4.20635988 -1.53210923
v -2.51468211 3.94410929 -1.50647380
v -3.11701682 4.10558746 -1.50665351
v -3.11704650 3.94406470 -1.50640068
v -2.51447441 4.10556041 -1.50649641
v -2.51481779 3.94413463 -1.58686240
v -2.51472029 4.10533297 -1.50641693
v -2.51461149 3.94425677 -1.50665597
v -2.51493331 4.18582210 -1.58678406
v -2.51476991 4.15968091 -1.24584774
v -2.51467368 4.18596188 -1.24594277
v -2.51479235 4.10556246 -1.47987609
v -2.51476044 4.10562716 -1.47972107
v -3.11697690 4.10559637 -1.50668924
v -2.51468646 4.10558351 -1.50652338
v -3.11695222 4.10569284 -1.47994386
v -3.11700912 4.15964342 -1.24574474
v -3.11700263 4.10549933 -1.50635508
v -3.11685949 4.10541835 -1.47980728
v -3.11682972 3.94400714 -1.58686206
v -3.11711914 3.94410804 -1.50666745
v -3.11715688 4.18592268 -1.58683027
v -3.11706398 4.18585736 -1.24611804
v -2.51476413 3.94405553 -1.50643756
v -3.11685504 3.94391348 -1.58688838
v -2.51476910 3.94426260 -1.58686136
v -3.11708389 3.94401847 -1.50663349
v -2.51479271 4.18576779 -1.58682745
v -3.11698791 3.94406164 -1.58678242
v -3.11707255 4.18581005 -1.58698361
v -2.51462695 3.94413152 -1.58675472
v -3.11687442 4.18575245 -1.24593702
v -2.51478928 4.18583956 -1.58689707
v -3.11683883 4.18584658 -1.58697097
v -2.51467264 4.18604773 -1.24595699
v -2.51456652 4.15951153 -1.24587894
v -3.11668243 4.18589859 -1.24611722
v -3.11695066 4.15956683 -1.24595657
v -2.51464628 4.18583667 -1.24597876
v -2.51480037 4.15971967 -1.24597324
v -3.11685132 4.15946873 -1.24594715
v -2.99566621 -4.19389994 -1.44621607
v -2.99849457 -4.34950388 -1.44647635
v -2.99858593 -4.20842182 -1.44639648
v -2.99563297 -4.36396978 -1.44647128
v -2.98306950 -4.18362701 -1.44648296
v -2.98299378 -4.37452684 -1.44637371
v -2.84368853 -4.18359032 -1.44625969
v -2.84347518 -4.37425009 -1.44621935
v -2.83096215 -4.19391648 -1.44639766
v -2.83103289 -4.36401485 -1.44635316
v -2.82779724 -4.20851089 -1.44629832
v -2.82807059 -4.34968083 -1.44639453
v -2.99868801 -4.20843663 -1.43844748
v -2.99859614 -4.34960827 -1.44622806
v -2.99850031 -4.34945470 -1.43878416
v -2.99852094 -4.20842274 -1.44623042
v -2.99557843 -4.19388121 -1.43860004
v -2.99570149 -4.19398487 -1.44631890
v -2.99556877 -4.19385094 -1.43852697
v -2.98307113 -4.18335308 -1.44637279
v -2.99566030 -4.19391348 -1.44636623
v -2.98290447 -4.18376844 -1.43841788
v -2.98315424 -4.18357427 -1.43863437
v -2.84357880 -4.18354192 -1.44617112
v -2.98285832 -4.18372364 -1.44639635
v -2.84334813 -4.18363919 -1.43841711
v -2.84361237 -4.18352738 -1.44647163
v -2.83119791 -4.19410093 -1.43864915
v -2.83089023 -4.19382754 -1.44630075
v -2.84375867 -4.18345521 -1.43842050
v -2.82800432 -4.20821326 -1.44643197
v -2.83102507 -4.19376376 -1.43861085
v -2.82802419 -4.20834158 -1.43867138
v -2.83102028 -4.19400830 -1.44642930
v -2.82803101 -4.34935307 -1.44639970
v -2.82817481 -4.34970874 -1.43881324
v -2.83101818 -4.36413074 -1.44646571
v -2.83092641 -4.36402563 -1.43848845
v -2.83093354 -4.36397126 -1.44647443
v -2.84380524 -4.37431136 -1.43847703
v -2.84371679 -4.37429027 -1.44645459
v -2.83102186 -4.36418941 -1.43860282
v -2.84381237 -4.37430603 -1.43852064
v -2.98307750 -4.37437518 -1.44625142
v -2.84345208 -4.37436571 -1.44668476
v -2.98308351 -4.37458048 -1.43874010
v -2.98307368 -4.37410153 -1.43871464
v -2.99550757 -4.36396727 -1.44643162
v -2.98293837 -4.37426265 -1.44621974
v -2.99569620 -4.36416671 -1.43866571
v -2.99553389 -4.36381774 -1.44646466
v -2.99550492 -4.36406508 -1.43873035
v -2.86204825 -4.36414730 -1.44626731
v -2.99038215 -4.35434271 -1.44608823
v -2.99023105 -4.36432875 -1.44613013
v -2.86212045 -4.35419445 -1.44610669
v -2.86224718 -4.36431458 -1.44605012
v -2.99029871 -4.36440779 -1.46629061
v -2.86216590 -4.36431717 -1.46628297
v -2.99028073 -4.36425639 -1.44619261
v -2.86218782 -4.36418244 -1.46625512
v -2.86216788 -4.35430607 -1.44622944
v -2.86216893 -4.36443687 -1.44611211
v -2.86216199 -4.35415274 -1.46631619
v -2.99019108 -4.35433355 -1.44624693
v -2.86216581 -4.35417849 -1.46631400
v -2.99031051 -4.35432893 -1.46622477
v -2.86225320 -4.35429008 -1.44607487
v -2.99039742 -4.35429591 -1.44634873
v -2.99058627 -4.36435357 -1.46621610
v -2.99044046 -4.36418054 -1.44615896
v -2.99040406 -4.35418580 -1.46635751
v -2.86222090 -4.35440924 -1.46630140
v -2.99043212 -4.36429893 -1.46634451
v -2.99035540 -4.35440499 -1.46617043
v -2.86224976 -4.36421727 -1.46618147
v -0.74568426 3.08934627 -1.50667343
v -0.90715683 3.69188162 -1.50649694
v -0.90695766 3.08944576 -1.50627139
v -0.74545967 3.69174600 -1.50636289
v -0.90710380 3.08948059 -1.50641303
v -0.90717887 3.08928790 -1.58683298
v -0.74550876 3.08954655 -1.50659155
v -0.66529677 3.08946256 -1.58685126
v -0.66538926 3.08924195 -1.24620993
v -0.74560863 3.08939376 -1.47991023
v -0.69140945 3.08939194 -1.24595768
v -0.74554695 3.69169383 -1.47985262
v -0.74571814 3.08945131 -1.50660996
v -0.74560927 3.08949350 -1.47982042
v -0.74555893 3.69181715 -1.50659121
v -0.90696214 3.69165392 -1.50653294
v -0.66518834 3.69172198 -1.58677990
v -0.90706401 3.69181815 -1.58674225
v -0.74542547 3.69176115 -1.50643767
v -0.66498563 3.69171673 -1.24607523
v -0.74557932 3.69173200 -1.47984241
v -0.69150224 3.69182213 -1.24601451
v -0.90710611 3.69160453 -1.50639194
v -0.90685290 3.08927923 -1.58714345
v -0.90712666 3.08942617 -1.50646605
v -0.90692920 3.69159720 -1.58692491
v -0.66542907 3.69173221 -1.58679449
v -0.90689829 3.08947712 -1.58682226
v -0.90701416 3.69171390 -1.58681739
v -0.66550372 3.08944151 -1.58686575
v -0.66520587 3.08952301 -1.58694914
v -0.66549867 3.69169859 -1.24600558
v -0.66537308 3.08937353 -1.24601896
v -0.66517964 3.69165511 -1.58686609
v -0.66538893 3.08943873 -1.24608459
v -0.69158101 3.69175174 -1.24609482
v -0.69158420 3.08934921 -1.24603097
v -0.66547449 3.69166499 -1.24589212
v -0.69140644 3.69180873 -1.24590593
v -0.69153993 3.08926983 -1.24586888
v -2.99549579 -4.19399480 -1.43900689
v -2.99875133 -4.34998773 -1.43887171
v -2.99871278 -4.20800177 -1.43899504
v -2.99523746 -4.36396445 -1.43903540
v -2.98288329 -4.18356321 -1.43909399
v -2.98306984 -4.37443107 -1.43909231
v -2.84347653 -4.18360745 -1.43900440
v -2.84359336 -4.37433996 -1.43898705
v -2.83114924 -4.19373475 -1.43899555
v -2.83129025 -4.36425438 -1.43897978
v -2.82807378 -4.20785558 -1.43892242
v -2.82795359 -4.34999595 -1.43892036
v -2.86224253 -4.20438354 -1.44632148
v -2.99028469 -4.19434019 -1.44613551
v -2.99056327 -4.20444464 -1.44613871
v -2.86245685 -4.19434767 -1.44626998
v -2.99042602 -4.19439409 -1.44617749
v -2.86220920 -4.19433650 -1.46618955
v -2.99048054 -4.19451307 -1.46627931
v -2.86229690 -4.19444525 -1.44635404
v -2.99026655 -4.19424844 -1.44616683
v -2.99016147 -4.20437157 -1.46637439
v -2.99020445 -4.20441112 -1.44614688
v -2.99031683 -4.19450711 -1.46625801
v -2.86228186 -4.20451501 -1.44624366
v -2.99046572 -4.20454554 -1.46641539
v -2.86213446 -4.20448805 -1.46629375
v -2.99046195 -4.20444064 -1.44610950
v -2.86224170 -4.20445330 -1.46629541
v -2.86226091 -4.19438996 -1.44614158
v -2.86208517 -4.20447569 -1.44615942
v -2.86220475 -4.19411245 -1.46641308
v -2.86203126 -4.19442019 -1.46651164
v -2.99055308 -4.20458928 -1.46641375
v -2.99021873 -4.19421906 -1.46613874
v -2.86233549 -4.20442242 -1.46632673
v -2.99836320 -4.20641721 -1.44616759
v -2.99834376 -4.35018971 -1.46643792
v -2.99828695 -4.35039582 -1.44623437
v -2.99850668 -4.20633300 -1.46606939
v -2.99847486 -4.20619664 -1.44618567
v -2.98821307 -4.20624135 -1.46626177
v -2.99840099 -4.20643490 -1.46645831
v -2.98822203 -4.20636359 -1.44603682
v -2.98837899 -4.20619516 -1.46617490
v -2.99844029 -4.35020473 -1.46632527
v -2.99841363 -4.20634304 -1.46628847
v -2.98839517 -4.35002033 -1.46631036
v -2.98852781 -4.35023627 -1.44607634
v -2.99827999 -4.35026313 -1.46651085
v -2.98844446 -4.35011619 -1.46625554
v -2.99847431 -4.35009422 -1.44613098
v -2.98830116 -4.35009893 -1.44638249
v -2.99847254 -4.20649785 -1.44610923
v -2.99848234 -4.35018321 -1.44617988
v -2.98841771 -4.20632831 -1.44625225
v -2.98847232 -4.35041958 -1.46636043
v -2.98841974 -4.20634851 -1.44627647
v -2.98837501 -4.35001045 -1.44605192
v -2.98836867 -4.20638763 -1.46630754
v -2.99043440 -4.35419794 -1.51193745
v -2.86225177 -4.35422568 -1.53208260
v -2.99037859 -4.35423158 -1.53196428
v -2.86229097 -4.35425069 -1.51174120
v -2.86222284 -4.36444902 -1.53195063
v -2.86213901 -4.35435806 -1.51180835
v -2.86223045 -4.36422033 -1.51192140
v -2.86230782 -4.35429089 -1.53193306
v -2.86220249 -4.35426459 -1.53203565
v -2.99032037 -4.36419541 -1.53204009
v -2.99038072 -4.35426287 -1.53204607
v -2.86217372 -4.36432503 -1.53180854
v -2.99027229 -4.35420850 -1.51193880
v -2.99024489 -4.36413082 -1.53201368
v -2.99039125 -4.36422480 -1.51184630
v -2.99034314 -4.35430965 -1.53196718
v -2.86210212 -4.36419887 -1.51190521
v -2.99016127 -4.35443622 -1.51174560
v -2.99039245 -4.36427071 -1.51186464
v -2.86234076 -4.35412716 -1.51167128
v -2.86199504 -4.36434459 -1.51178745
v -2.99026130 -4.36453496 -1.53198179
v -2.86214641 -4.36420176 -1.53189457
v -2.99038028 -4.36431227 -1.51206515
v -2.51469281 4.26160959 -1.50616847
v -3.11698690 4.42313959 -1.50638661
v -3.11703338 4.26156732 -1.50639678
v -2.51477436 4.42320056 -1.50645222
v -3.11683929 4.20746147 -1.24578192
v -3.11705904 4.18142496 -1.58704426
v -3.11682358 4.18144391 -1.24595481
v -3.11724653 4.26174770 -1.50647627
v -3.11694579 4.42314315 -1.58691128
v -3.11709858 4.26185791 -1.47971550
v -3.11701609 4.42310649 -1.50644732
v -3.11710204 4.26205131 -1.47979315
v -2.51469595 4.26154936 -1.50646095
v -3.11698605 4.26158807 -1.50648282
v -2.51473104 4.26150895 -1.47971775
v -2.51451877 4.18120851 -1.58687024
v -2.51476549 4.20736103 -1.24600240
v -2.51467969 4.18138391 -1.24595401
v -2.51457596 4.26152084 -1.50665176
v -2.51446524 4.42314237 -1.58690723
v -2.51478204 4.26178520 -1.47967769
v -2.51472557 4.42299933 -1.50629908
v -3.11706497 4.42308550 -1.50659181
v -2.51468395 4.42319367 -1.58683869
v -3.11690343 4.42289773 -1.58693250
v -2.51462807 4.42308643 -1.50650859
v -2.51482647 4.42328052 -1.58688853
v -3.11680342 4.18124163 -1.58697187
v -3.11690991 4.42305464 -1.58684381
v -2.51457077 4.18122625 -1.58662056
v -2.51465362 4.18133871 -1.24608835
v -3.11708496 4.18143626 -1.58673450
v -2.51471637 4.18150241 -1.58680814
v -3.11701719 4.18127780 -1.24573735
v -2.51476586 4.18119798 -1.24610337
v -3.11686372 4.20776747 -1.24591195
v -3.11706410 4.18128197 -1.24593938
v -2.51469168 4.20725438 -1.24601587
v -3.11704182 4.20745006 -1.24594014
v -2.51479225 4.20744282 -1.24586200
v 1.05253708 4.70224900 -1.46623140
v 1.05257770 4.84797759 -1.44624986
v 1.05247908 4.70236298 -1.44616728
v 1.05245193 4.84777325 -1.46631928
v 1.05257026 4.70237387 -1.44622121
v 1.04231614 4.70223838 -1.46638322
v 1.05250032 4.70259176 -1.46620947
v 1.04238809 4.70239701 -1.44623721
v 1.05236457 4.84797101 -1.46627286
v 1.04227924 4.70249239 -1.46616008
v 1.04243748 4.84779656 -1.46615299
v 1.05235356 4.70237625 -1.46632750
v 1.04232407 4.84781792 -1.44628521
v 1.05228271 4.84789798 -1.46627102
v 1.04254449 4.84790676 -1.46633415
v 1.05249733 4.84789418 -1.44637176
v 1.05241596 4.70254357 -1.44623636
v 1.04252972 4.84791644 -1.44625040
v 1.04260686 4.70236430 -1.44621378
v 1.05260533 4.84778015 -1.44622632
v 1.04249125 4.84787255 -1.44603372
v 1.04229181 4.70234017 -1.46624593
v 1.04244996 4.70241501 -1.44625567
v 1.04241783 4.84777017 -1.46622374
v -2.51481910 2.65540699 -1.50670117
v -3.11682402 2.81685869 -1.50639477
v -3.11706716 2.65557254 -1.50629801
v -2.51462367 2.81703637 -1.50651066
v -3.11704916 2.60137285 -1.24616842
v -3.11709052 2.57513405 -1.58716242
v -3.11695434 2.57519589 -1.24614586
v -3.11691963 2.65541579 -1.50651262
v -3.11708847 2.81703456 -1.58675670
v -3.11709123 2.65546172 -1.47983971
v -3.11691341 2.81694826 -1.50648814
v -3.11694224 2.65561850 -1.47989982
v -2.51472576 2.65554183 -1.50650748
v -3.11685882 2.65570426 -1.50673064
v -2.51485894 2.65545870 -1.47972718
v -2.51483234 2.57516417 -1.58688963
v -2.51469746 2.60134246 -1.24595789
v -2.51460575 2.57512954 -1.24618243
v -2.51465243 2.65529171 -1.50628995
v -2.51477112 2.81682877 -1.58693116
v -2.51473588 2.65537527 -1.47973219
v -2.51483234 2.81686635 -1.50641417
v -3.11701191 2.81706808 -1.50644703
v -2.51468629 2.81671095 -1.58687110
v -3.11694972 2.81686942 -1.58686034
v -2.51468353 2.81705392 -1.50663588
v -2.51478809 2.81698471 -1.58696422
v -3.11707377 2.57517656 -1.58675920
v -3.11709749 2.81707667 -1.58697163
v -2.51485918 2.57530950 -1.58673129
v -2.51476297 2.57516984 -1.24606230
v -3.11685317 2.57511488 -1.58691286
v -2.51460072 2.57525297 -1.58677493
v -3.11711365 2.57517422 -1.24604383
v -2.51476237 2.57512563 -1.24594702
v -3.11690163 2.60145727 -1.24594293
v -3.11683169 2.57507368 -1.24598391
v -2.51480288 2.60145810 -1.24610445
v -3.11711219 2.60106849 -1.24594687
v -2.51479265 2.60138781 -1.24594430
v -2.84173813 -4.36645243 -1.44630470
v -2.86196555 -4.35162622 -1.44625433
v -2.86185651 -4.36653551 -1.44634363
v -2.84191831 -4.35148124 -1.44642334
v -2.86213942 -4.35157086 -1.53159941
v -2.84165623 -4.35142919 -1.61711862
v -2.85452587 -4.35153290 -1.61707762
v -2.84173113 -4.35158686 -1.44645429
v -2.86201554 -4.35153956 -1.44651941
v -2.86197936 -4.35170326 -1.44630993
v -2.86203605 -4.36659242 -1.53191534
v -2.86176950 -4.36666900 -1.44658288
v -2.86199475 -4.35157694 -1.53150668
v -2.84192120 -4.36643562 -1.44640181
v -2.85445779 -4.36653374 -1.61692722
v -2.84178798 -4.36675632 -1.61705421
v -2.86201406 -4.36644439 -1.53180603
v -2.86188253 -4.36656167 -1.44647637
v -2.84191282 -4.36645305 -1.61714907
v -2.84170954 -4.35140299 -1.44645022
v -2.84182175 -4.36656782 -1.44649644
v -2.84199943 -4.35149061 -1.61711494
v -2.84180476 -4.35139798 -1.61713428
v -2.85451523 -4.36665158 -1.61706426
v -2.85437823 -4.35141634 -1.61698540
v -2.84191814 -4.36651661 -1.61694707
v -2.85419187 -4.36646958 -1.61701488
v -2.85437863 -4.35150469 -1.61701497
v -2.98894723 -4.20716932 -1.44653213
v -3.01891663 -4.19207159 -1.25933976
v -3.01880467 -4.20709568 -1.25936474
v -2.98881642 -4.19214586 -1.44644255
v -2.98866593 -4.20707245 -1.53176941
v -3.00899985 -4.20723977 -1.61719366
v -2.99604653 -4.20706340 -1.61705074
v -3.00891507 -4.20705109 -1.44651116
v -2.98881647 -4.20725107 -1.44654595
v -3.01902780 -4.20705428 -1.25932271
v -3.02955944 -4.20727748 -1.25938388
v -2.98890056 -4.20714707 -1.53171812
v -2.98892081 -4.19211026 -1.53163113
v -3.00882924 -4.19200351 -1.44653561
v -2.99599258 -4.19220032 -1.61736868
v -3.00903943 -4.19209070 -1.61720355
v -2.98889009 -4.19210202 -1.53185038
v -2.98882078 -4.19214588 -1.44647936
v -3.02927377 -4.19222180 -1.25906431
v -3.01890937 -4.19187093 -1.25918310
v -3.01898667 -4.20707386 -1.25916052
v -3.02952641 -4.19208863 -1.25940592
v -3.02963062 -4.20698615 -1.25912789
v -3.01874271 -4.19220888 -1.25909464
v -3.00887352 -4.19186542 -1.44628294
v -3.00872892 -4.20722899 -1.61717964
v -3.00893851 -4.20710743 -1.44650438
v -3.00894141 -4.19221888 -1.61708098
v -2.99608690 -4.19202686 -1.61691521
v -3.00894392 -4.20731776 -1.61719057
v -3.00899621 -4.19221630 -1.61701901
v -2.99588915 -4.20704479 -1.61702212
v -2.99609259 -4.20709333 -1.61710672
v -2.99584680 -4.19203980 -1.61697425
v -3.02933010 -4.19210492 -1.25909290
v -3.02964784 -4.20708083 -1.25928810
v -2.85727768 -4.20632496 -1.51203964
v -2.85721041 -4.35008983 -1.53203235
v -2.85726017 -4.35008223 -1.51167401
v -2.85726559 -4.20635254 -1.53192689
v -2.85715799 -4.20656915 -1.51194154
v -2.84721471 -4.20643170 -1.53210551
v -2.85709606 -4.20638245 -1.53192098
v -2.84731148 -4.20627312 -1.51198615
v -2.84736036 -4.20632862 -1.53175587
v -2.85711519 -4.35009740 -1.53185124
v -2.85748101 -4.20640793 -1.53189558
v -2.84716795 -4.35020834 -1.53196314
v -2.84718907 -4.34999834 -1.51175702
v -2.85731114 -4.35008514 -1.53212774
v -2.84724718 -4.35010260 -1.53196459
v -2.85723768 -4.35017529 -1.51177710
v -2.84712619 -4.35021469 -1.51188039
v -2.85734056 -4.20661602 -1.51190814
v -2.85731978 -4.34998811 -1.51191292
v -2.84717799 -4.20640304 -1.51173105
v -2.84731583 -4.35022123 -1.53215663
v -2.84727963 -4.20632035 -1.51179080
v -2.84734876 -4.35000014 -1.51200368
v -2.84722649 -4.20625902 -1.53210663
v -2.99036968 -4.19436340 -1.51199439
v -2.86216750 -4.19438427 -1.53183888
v -2.99028148 -4.19433317 -1.53200447
v -2.86227829 -4.19436061 -1.51189246
v -2.86220519 -4.20454836 -1.53192957
v -2.86233859 -4.19441322 -1.51178822
v -2.86206010 -4.20430317 -1.51183264
v -2.86225211 -4.19433730 -1.53206597
v -2.86218635 -4.19449354 -1.53198028
v -2.99049304 -4.20442596 -1.53186463
v -2.99031212 -4.19432763 -1.53211939
v -2.86211335 -4.20457692 -1.53201766
v -2.99033998 -4.19451843 -1.51194983
v -2.99035302 -4.20435958 -1.53202150
v -2.99034490 -4.20439432 -1.51201028
v -2.99026352 -4.19421217 -1.53191038
v -2.86219940 -4.20451318 -1.51193584
v -2.99030192 -4.19432663 -1.51187681
v -2.99042737 -4.20454089 -1.51186271
v -2.86207384 -4.19431728 -1.51170900
v -2.86216952 -4.20444771 -1.51193328
v -2.99033475 -4.20437465 -1.53178375
v -2.86199042 -4.20428116 -1.53200538
v -2.99038401 -4.20435042 -1.51190886
v 1.05705762 4.68933251 -1.44613217
v 1.03685615 4.70453472 -1.44643500
v 1.03711256 4.68922819 -1.44663793
v 1.05695676 4.70437110 -1.44624492
v 1.05714050 4.68936482 -1.44639422
v 1.03686605 4.68929715 -1.53177363
v 1.05715194 4.68925483 -1.53162288
v 1.03681284 4.68924002 -1.44637068
v 1.05699856 4.68929997 -1.53168908
v 1.05707073 4.68915141 -1.53168760
v 1.05717868 4.70417371 -1.44627687
v 1.05702854 4.68913135 -1.44619345
v 1.05707235 4.70434549 -1.53149806
v 1.05725120 4.70432208 -1.53162240
v 1.03708326 4.70425590 -1.53182335
v 1.04964293 4.70426044 -1.61696942
v 1.03689508 4.70433851 -1.61732350
v 1.05707106 4.70429218 -1.53168169
v 1.03686707 4.70439797 -1.44651473
v 1.05723151 4.70436161 -1.44650897
v 1.03696253 4.70434178 -1.44623977
v 1.03711738 4.68920570 -1.53172276
v 1.03703999 4.68929110 -1.44649032
v 1.03709375 4.70424686 -1.53175586
v 1.05699691 4.68920107 -1.53171872
v 1.03690286 4.68917798 -1.61700529
v 1.04967513 4.68934278 -1.61705641
v 1.03686480 4.68920239 -1.53170541
v 1.04960971 4.70430996 -1.61703200
v 1.04958755 4.68926050 -1.61724243
v 1.04974791 4.70419747 -1.61695739
v 1.03726619 4.68936408 -1.61712464
v 1.03704749 4.70427811 -1.61713259
v 1.04972247 4.68942802 -1.61702902
v 1.03712632 4.68916934 -1.53173059
v 1.03709300 4.70421729 -1.61713877
v 1.03689147 4.68922452 -1.61720312
v 1.03711693 4.70408939 -1.53180009
v -3.01504791 -4.20394158 -1.34947362
v -3.00480807 -4.20381398 -1.38029341
v -3.01095926 -4.20385508 -1.38030955
v -3.00877038 -4.20375832 -1.34979661
v -3.01050821 -4.25325919 -1.38027196
v -3.00874838 -4.20384072 -1.34955893
v -3.01471779 -4.25346719 -1.34963419
v -3.00461456 -4.20400547 -1.38040630
v -3.01098860 -4.20378067 -1.38028422
v -3.01676609 -4.30287870 -1.38032872
v -3.01688535 -4.25330725 -1.38028743
v -3.01107005 -4.35271882 -1.38036327
v -3.01054891 -4.25353923 -1.38021436
v -3.00471157 -4.20388023 -1.38043099
v -3.01040163 -4.30318023 -1.38022046
v -3.00467163 -4.35252504 -1.38051948
v -3.01123980 -4.20384049 -1.38031912
v -3.01670132 -4.25351353 -1.38026716
v -3.01524367 -4.20386902 -1.34997601
v -3.01513835 -4.35262081 -1.34949885
v -3.02101707 -4.25349964 -1.34963861
v -3.02094924 -4.30322772 -1.34951783
v -3.01536527 -4.20399872 -1.34971831
v -3.01463457 -4.30300158 -1.34968432
v -3.00877454 -4.35266205 -1.34974838
v -3.01448443 -4.25337634 -1.34983677
v -3.00875637 -4.20390791 -1.34956283
v -3.01025664 -4.30284803 -1.38026377
v -3.01451396 -4.30319385 -1.34957985
v -3.00479251 -4.35270585 -1.38045693
v -3.00907895 -4.35260888 -1.34968459
v -3.00869235 -4.35264525 -1.34967813
v -3.01109207 -4.35241819 -1.38031604
v -3.00463858 -4.35263300 -1.38032757
v -3.01519083 -4.35279428 -1.34941457
v -3.01678378 -4.30318876 -1.38023943
v -3.01104818 -4.35265007 -1.38022050
v -3.02080113 -4.30300855 -1.34954616
v -3.02092133 -4.25368054 -1.34969871
v -3.01531187 -4.35279017 -1.34967770
v -2.98883239 -4.36518368 -1.44644202
v -3.01879906 -4.35004607 -1.25923103
v -3.01887689 -4.36511660 -1.25916828
v -2.98871891 -4.35027960 -1.44638605
v -2.98884676 -4.36529605 -1.53170063
v -3.00892130 -4.36514388 -1.61718386
v -2.99587838 -4.36508273 -1.61680835
v -3.00885554 -4.36514599 -1.44631467
v -2.98895555 -4.36518260 -1.44645290
v -3.01895538 -4.36520935 -1.25934278
v -3.02961680 -4.36526987 -1.25919919
v -2.98888815 -4.36520851 -1.53163325
v -2.98888921 -4.35003865 -1.53164757
v -3.00901262 -4.35003768 -1.44648095
v -2.99609981 -4.35009925 -1.61691811
v -3.00890101 -4.34989551 -1.61708872
v -2.98873966 -4.35027783 -1.53181369
v -2.98880331 -4.35024015 -1.44654019
v -3.02938080 -4.35010082 -1.25922846
v -3.01886858 -4.34988696 -1.25927882
v -3.01900366 -4.36514315 -1.25906957
v -3.02941158 -4.35024327 -1.25925215
v -3.02938781 -4.36520328 -1.25910268
v -3.01890894 -4.35005031 -1.25918201
v -3.00882256 -4.35016202 -1.44640866
v -3.00890887 -4.36517477 -1.61733664
v -3.00886889 -4.36529264 -1.44621173
v -3.00891661 -4.35027670 -1.61686161
v -2.99589305 -4.35006694 -1.61694162
v -3.00885703 -4.36525763 -1.61718646
v -3.00884941 -4.35028195 -1.61706238
v -2.99594783 -4.36520753 -1.61734802
v -2.99604397 -4.36532102 -1.61708295
v -2.99599396 -4.35012527 -1.61717940
v -3.02940095 -4.35011911 -1.25911463
v -3.02939255 -4.36496873 -1.25938479
v -3.02671190 -4.20381318 -1.26222695
v -3.01633273 -4.20381289 -1.29275420
v -3.02270964 -4.20385489 -1.29280461
v -3.02040880 -4.20369213 -1.26226954
v -3.01627139 -4.20371226 -1.29262100
v -3.02053544 -4.20394862 -1.26209440
v -3.02606751 -4.25352705 -1.26201199
v -3.02279194 -4.20398668 -1.29290528
v -3.02833944 -4.30310289 -1.29283414
v -3.02846343 -4.25364090 -1.29299726
v -3.02274377 -4.35266171 -1.29294228
v -3.02223911 -4.25341775 -1.29266489
v -3.01638301 -4.20395794 -1.29270898
v -3.02216480 -4.30311489 -1.29291381
v -3.01626249 -4.35268202 -1.29257037
v -3.02689873 -4.20389395 -1.26207890
v -3.02843925 -4.25332243 -1.29287660
v -3.03262396 -4.25339530 -1.26201926
v -3.02260577 -4.20392462 -1.29288020
v -3.02676318 -4.35290387 -1.26199336
v -3.03232873 -4.25341478 -1.26231561
v -3.03259552 -4.30298799 -1.26215799
v -3.02659514 -4.20383621 -1.26218154
v -3.02597463 -4.30285463 -1.26208701
v -3.02046343 -4.35277875 -1.26196325
v -3.02628742 -4.25344901 -1.26194254
v -3.02049252 -4.20386972 -1.26207917
v -3.02224141 -4.25338618 -1.29286743
v -3.02221741 -4.30314899 -1.29259197
v -3.02624509 -4.30323070 -1.26209171
v -3.02046845 -4.35260941 -1.26210089
v -3.01648697 -4.35259671 -1.29283703
v -3.02046325 -4.35271179 -1.26202889
v -3.02273771 -4.35270863 -1.29285478
v -3.01633192 -4.35270969 -1.29271843
v -3.02682855 -4.35258727 -1.26223467
v -3.03275656 -4.30300654 -1.26222468
v -3.02260068 -4.35255226 -1.29275395
v -3.02662507 -4.35274797 -1.26204483
v -3.02860127 -4.30311276 -1.29270797
v -2.84175063 -4.20736528 -1.44629710
v -2.86182411 -4.19225909 -1.44640328
v -2.86199255 -4.20731448 -1.44634628
v -2.84182183 -4.19243560 -1.44624542
v -2.86200058 -4.19250218 -1.53158167
v -2.84184557 -4.19233317 -1.61704677
v -2.85448265 -4.19221495 -1.61706836
v -2.84180226 -4.19231926 -1.44640613
v -2.86198253 -4.19225148 -1.44652222
v -2.86205255 -4.19244521 -1.44640142
v -2.86185744 -4.20743738 -1.53151452
v -2.86188685 -4.20736522 -1.44634766
v -2.86178766 -4.19227850 -1.53159371
v -2.84174831 -4.20726302 -1.44648352
v -2.85466451 -4.20723942 -1.61712318
v -2.84177358 -4.20729244 -1.61712279
v -2.86185956 -4.20732733 -1.53160063
v -2.86188955 -4.20756196 -1.44626364
v -2.84192683 -4.20751192 -1.61717801
v -2.84181109 -4.19242607 -1.44649606
v -2.84181140 -4.20735482 -1.44629604
v -2.84182130 -4.19222703 -1.61703885
v -2.84193236 -4.19247116 -1.61714211
v -2.85448904 -4.20724848 -1.61718905
v -2.85450475 -4.19238004 -1.61708978
v -2.84185288 -4.20732629 -1.61712370
v -2.85439347 -4.20733528 -1.61685318
v -2.85449430 -4.19221100 -1.61692839
v -2.85720154 -4.20548979 -1.44638906
v -2.85734328 -4.35108182 -1.46631741
v -2.85738652 -4.35116311 -1.44621518
v -2.85712070 -4.20553375 -1.46622431
v -2.85715250 -4.20555756 -1.44618488
v -2.84735811 -4.20565229 -1.46615326
v -2.85745943 -4.20565886 -1.46633954
v -2.84741566 -4.20567520 -1.44631725
v -2.84719712 -4.20535253 -1.46632929
v -2.85717656 -4.35107625 -1.46622656
v -2.85741966 -4.20540766 -1.46630850
v -2.84722791 -4.35101443 -1.46634545
v -2.84718188 -4.35080111 -1.44626390
v -2.85704261 -4.35098024 -1.46594731
v -2.84733724 -4.35107445 -1.46613605
v -2.85722849 -4.35113506 -1.44614571
v -2.84731127 -4.35094706 -1.44625295
v -2.85737929 -4.20546014 -1.44626596
v -2.85731961 -4.35101533 -1.44608707
v -2.84735568 -4.20571935 -1.44627314
v -2.84721669 -4.35107365 -1.46622722
v -2.84729458 -4.20542338 -1.44634829
v -2.84720747 -4.35088298 -1.44624770
v -2.84714529 -4.20529919 -1.46608730
v 0.22082158 2.26076267 -1.38003798
v 0.22051554 2.25854416 -1.34967964
v 0.22073555 2.25441586 -1.38033734
v 0.22067858 2.26495181 -1.34967157
v 0.17115440 2.26416082 -1.34982111
v 0.22080173 2.25438773 -1.38029279
v 0.22074307 2.25846705 -1.34966581
v 0.12140974 2.26650289 -1.38024509
v 0.07197870 2.25417708 -1.38029640
v 0.07177083 2.26073861 -1.38024273
v 0.12139119 2.26018864 -1.38025118
v 0.17108430 2.26633197 -1.38030316
v 0.17110133 2.26010997 -1.38033082
v 0.22089204 2.26059208 -1.38033041
v 0.22071367 2.25443982 -1.38021683
v 0.17116749 2.26643624 -1.38052563
v 0.22060413 2.26479875 -1.34976098
v 0.22068725 2.26090564 -1.38032257
v 0.17100632 2.27054575 -1.34964385
v 0.12145912 2.26410683 -1.34967095
v 0.07185602 2.26489184 -1.34988511
v 0.07166263 2.25860387 -1.34969705
v 0.12151010 2.27033840 -1.34965719
v 0.17103013 2.26435395 -1.34952677
v 0.17117672 2.27045681 -1.34953693
v 0.22057087 2.25843611 -1.34957285
v 0.22056851 2.26487772 -1.34953085
v 0.17111388 2.26429296 -1.34955903
v 0.17126557 2.26013733 -1.38028860
v 0.22068564 2.25448841 -1.38038695
v 0.12149695 2.26001323 -1.38017165
v 0.12145844 2.26421830 -1.34962193
v 0.07174920 2.25834752 -1.34956349
v 0.07211955 2.25426337 -1.38038397
v 0.12164316 2.25998100 -1.38014162
v 0.07193707 2.25851791 -1.34957959
v 0.07173927 2.26100793 -1.38013667
v 0.07174464 2.25453037 -1.38018789
v 0.07181137 2.26466648 -1.34971512
v 0.07178401 2.26485229 -1.34966394
v 0.12145761 2.26646459 -1.38021954
v 0.07197794 2.26060589 -1.38022662
v 0.12131358 2.27058820 -1.34955028
v 0.07207431 2.25840497 -1.34960882
v 0.07036120 2.11173908 -1.53191994
v 0.07024337 2.23992654 -1.51188648
v 0.07024827 2.11178094 -1.51192467
v 0.07027423 2.23993157 -1.53192091
v 0.07023749 2.11171351 -1.51194461
v 0.06051615 2.11175596 -1.53181392
v 0.07018122 2.11176755 -1.53197704
v 0.06025845 2.11170462 -1.51186682
v 0.07032761 2.24010300 -1.53203333
v 0.06024588 2.11153866 -1.53193893
v 0.06019643 2.24004824 -1.53200729
v 0.07038852 2.11178924 -1.53207398
v 0.06030790 2.24003867 -1.51180949
v 0.07031434 2.23982973 -1.53196332
v 0.06039754 2.24004308 -1.53192715
v 0.07040766 2.24003518 -1.51190835
v 0.07027570 2.11169107 -1.51176256
v 0.06021868 2.24002131 -1.51169955
v 0.06017357 2.11191124 -1.51177497
v 0.07038297 2.24006150 -1.51172126
v 0.06023853 2.23988250 -1.51184412
v 0.06040631 2.11165617 -1.53185833
v 0.06001530 2.11196084 -1.51179688
v 0.06024762 2.24015348 -1.53186699
v 0.07460689 2.25096576 -1.53201963
v 0.21820744 2.25103964 -1.51185799
v 0.21807933 2.25105102 -1.53196367
v 0.07422308 2.25101637 -1.51188246
v 0.21822301 2.24078415 -1.53181105
v 0.21818251 2.25105529 -1.51184109
v 0.21808126 2.24090073 -1.51179191
v 0.21811166 2.25079239 -1.53194546
v 0.21817505 2.25102237 -1.53187277
v 0.07448280 2.24084166 -1.53206602
v 0.07438461 2.25113073 -1.53219007
v 0.21800729 2.24104685 -1.53182339
v 0.07441140 2.25120870 -1.51193473
v 0.07446227 2.24107073 -1.53204167
v 0.07444589 2.24101078 -1.51194005
v 0.07439762 2.25099425 -1.53206615
v 0.21813753 2.24083747 -1.51202798
v 0.07428433 2.25090290 -1.51186252
v 0.07430272 2.24085312 -1.51172549
v 0.21810065 2.25113522 -1.51186536
v 0.21815381 2.24094606 -1.51169297
v 0.07435177 2.24071897 -1.53204845
v 0.21823313 2.24101466 -1.53188271
v 0.07430056 2.24089616 -1.51199651
v 0.58585457 3.07939939 -1.50637412
v 0.42441387 3.68173188 -1.50654171
v 0.42413443 3.07935573 -1.50648910
v 0.58585527 3.68175205 -1.50658251
v 0.58597378 3.68168093 -1.50650303
v 0.58595831 3.68169252 -1.58692030
v 0.42432601 3.68159465 -1.50643267
v 0.34397642 3.68160443 -1.58696433
v 0.34407812 3.68177672 -1.24586450
v 0.42432753 3.68184444 -1.47995493
v 0.37028212 3.68173380 -1.24594799
v 0.42431522 3.07946445 -1.50652195
v 0.42446893 3.68156909 -1.47974312
v 0.42455455 3.07929007 -1.47975783
v 0.42440858 3.68159128 -1.50649055
v 0.58574715 3.07920377 -1.50647438
v 0.34411826 3.07921617 -1.58687250
v 0.58564609 3.07934153 -1.58683299
v 0.42441223 3.07954674 -1.50666817
v 0.34390939 3.07926530 -1.24604797
v 0.42431376 3.07932435 -1.47988671
v 0.37037718 3.07915502 -1.24601828
v 0.58559778 3.07922722 -1.58673252
v 0.58592211 3.68168574 -1.50651967
v 0.58570463 3.07934726 -1.50650132
v 0.58576949 3.68175720 -1.58672333
v 0.58577294 3.68177138 -1.58682058
v 0.34392810 3.07938775 -1.58682746
v 0.34428471 3.68163969 -1.58691764
v 0.58579631 3.07928112 -1.58656776
v 0.34397653 3.68179906 -1.24609862
v 0.34406412 3.07954491 -1.58659292
v 0.34391737 3.07934212 -1.24586568
v 0.34409407 3.68165467 -1.58691548
v 0.37028320 3.07930493 -1.24581849
v 0.34406228 3.68170573 -1.24605736
v 0.34418383 3.07928948 -1.24587945
v 0.37021191 3.68162396 -1.24587301
v 0.37014271 3.68162509 -1.24589986
v 0.37033032 3.07927781 -1.24600996
v 0.07291436 2.09164619 -1.44643641
v 0.05790355 2.11148891 -1.44640732
v 0.05811756 2.09151265 -1.44626774
v 0.07303931 2.11157694 -1.44634520
v 0.07293689 2.10421242 -1.61709669
v 0.07308490 2.09135526 -1.53187029
v 0.07300261 2.09135751 -1.61679868
v 0.07285157 2.11153362 -1.44642173
v 0.07277985 2.09143989 -1.44647436
v 0.07305483 2.11142751 -1.53153706
v 0.05797119 2.11141583 -1.44651586
v 0.07305203 2.11136951 -1.53164710
v 0.05791962 2.11155419 -1.53187843
v 0.05794736 2.11175758 -1.53154329
v 0.07313070 2.11150003 -1.44630512
v 0.05798196 2.11139618 -1.44641055
v 0.05765369 2.09150375 -1.53163601
v 0.05810435 2.09152232 -1.44631541
v 0.05783640 2.11164046 -1.53165875
v 0.07309414 2.09154017 -1.44646094
v 0.05795130 2.09147098 -1.53174787
v 0.07308698 2.09152432 -1.53179570
v 0.05805441 2.09143477 -1.44638452
v 0.07298975 2.09142853 -1.53185775
v 0.05790025 2.09143610 -1.61685023
v 0.07311783 2.09141440 -1.61703653
v 0.05805711 2.09163605 -1.53153427
v 0.07307503 2.10398766 -1.61695627
v 0.05785863 2.09161771 -1.61704297
v 0.05788289 2.10400967 -1.61700567
v 0.07302891 2.09156832 -1.61720379
v 0.07304410 2.10421174 -1.61717802
v 0.05791687 2.09144175 -1.53165727
v 0.05792441 2.10402325 -1.61692185
v 0.05793054 2.09165072 -1.61698476
v 0.05802077 2.11154681 -1.53162915
v 0.05809916 2.11160278 -1.53166254
v 0.07297428 2.10413403 -1.61680409
v 0.05808304 2.10411924 -1.61702020
v 0.77206901 4.84744193 -1.44639306
v 0.75200142 4.86258062 -1.44634996
v 0.75210200 4.84744819 -1.44636587
v 0.77203904 4.86246668 -1.44642316
v 0.75200092 4.86262271 -1.44649367
v 0.77220880 4.86251920 -1.53167692
v 0.75196259 4.86252983 -1.53185357
v 0.77208541 4.86252125 -1.44637059
v 0.75202971 4.86275864 -1.44632551
v 0.75191216 4.84744257 -1.53177486
v 0.75221214 4.84734377 -1.53169936
v 0.75182720 4.84722429 -1.44635097
v 0.75189268 4.86240734 -1.53174788
v 0.77204871 4.84744678 -1.53174206
v 0.75928028 4.84743284 -1.61704143
v 0.77211700 4.84732255 -1.61698612
v 0.75196766 4.84729145 -1.53180570
v 0.77209374 4.84742435 -1.44648981
v 0.75191848 4.84754799 -1.44642506
v 0.77197261 4.84756325 -1.53181484
v 0.77214319 4.86254632 -1.44631796
v 0.77209450 4.84752791 -1.44629502
v 0.77228393 4.86252445 -1.53172433
v 0.75196147 4.86268941 -1.53168289
v 0.77209198 4.86236472 -1.61687111
v 0.75953455 4.86250959 -1.61695113
v 0.77205715 4.86243012 -1.53175084
v 0.75956913 4.86251605 -1.61693814
v 0.75955661 4.86258578 -1.61711841
v 0.75950622 4.84752525 -1.61693605
v 0.75202295 4.84747428 -1.53167973
v 0.75946514 4.86247631 -1.61702320
v 0.77207645 4.84739291 -1.61702967
v 0.75953923 4.84746156 -1.61708743
v 0.77213299 4.86267794 -1.61712026
v 0.77202568 4.84753874 -1.61724657
v 0.77205651 4.86238564 -1.53180791
v 0.77214277 4.84730519 -1.53186747
v 0.77211534 4.86265615 -1.61717349
v 0.23253219 2.26832311 -1.25919406
v 0.21749890 2.23841491 -1.44647889
v 0.23244662 2.23840819 -1.44631320
v 0.21723105 2.26847756 -1.25923842
v 0.21747491 2.26839129 -1.25924904
v 0.21745527 2.25852884 -1.44644125
v 0.21742463 2.23852870 -1.44633961
v 0.21721099 2.27924430 -1.25925650
v 0.21732960 2.23838799 -1.53176569
v 0.23256648 2.23862833 -1.53168823
v 0.23255515 2.25857687 -1.44612078
v 0.23242792 2.26855901 -1.25925168
v 0.23246963 2.23858534 -1.44640408
v 0.23240898 2.27903377 -1.25928600
v 0.23241481 2.26834102 -1.25930901
v 0.21769144 2.27900769 -1.25915339
v 0.21742085 2.26852109 -1.25941515
v 0.23237107 2.27907992 -1.25921247
v 0.21730758 2.27909122 -1.25916576
v 0.23257773 2.25849719 -1.44650153
v 0.21731005 2.25848645 -1.44627209
v 0.23243852 2.27900021 -1.25946769
v 0.21717313 2.25845385 -1.44667568
v 0.21752890 2.23839368 -1.53180522
v 0.21750482 2.23844872 -1.44627925
v 0.21745191 2.25855545 -1.53179416
v 0.21745966 2.24549393 -1.61712406
v 0.23237947 2.24549640 -1.61697236
v 0.23249898 2.23851759 -1.53182858
v 0.23225229 2.25879409 -1.44623204
v 0.23240479 2.23837915 -1.44646406
v 0.23255678 2.25851389 -1.53178469
v 0.23232097 2.25843989 -1.53171939
v 0.21738488 2.25847842 -1.53155951
v 0.21726433 2.25846706 -1.53164798
v 0.21746543 2.24566799 -1.61706812
v 0.21733795 2.23850378 -1.53170697
v 0.21741026 2.25847093 -1.61701132
v 0.23252329 2.25840555 -1.61693807
v 0.21733137 2.24555788 -1.61717663
v 0.21760990 2.25840613 -1.61707186
v 0.23247502 2.24547993 -1.61697609
v 0.23233204 2.24557358 -1.61696648
v 0.23227328 2.25862724 -1.53175606
v 0.23242689 2.23842273 -1.53147859
v 0.23239958 2.25844532 -1.61719931
v 0.21751377 2.25836086 -1.53180975
v 0.23248611 2.25854402 -1.61691839
v 0.21741161 2.25857229 -1.61707650
v 0.23252148 2.25855661 -1.53181394
v 0.07441290 2.10677440 -1.53183570
v 0.21823629 2.10683148 -1.51186954
v 0.21824108 2.10697026 -1.53174595
v 0.07428020 2.10681126 -1.51191036
v 0.21789503 2.09696265 -1.53208224
v 0.21805361 2.10697456 -1.51187262
v 0.21826062 2.09684821 -1.51198603
v 0.21845850 2.10676727 -1.53202182
v 0.21832753 2.10686581 -1.53206860
v 0.07441402 2.09685805 -1.53192220
v 0.07451575 2.10688204 -1.53189655
v 0.21817629 2.09702702 -1.53193805
v 0.07455947 2.10680302 -1.51199969
v 0.07437096 2.09693773 -1.53199632
v 0.07452027 2.09697121 -1.51183775
v 0.07436046 2.10696357 -1.53208281
v 0.21834460 2.09694196 -1.51196832
v 0.07459043 2.10696490 -1.51186488
v 0.07447726 2.09676866 -1.51173215
v 0.21805973 2.10672819 -1.51189518
v 0.21804468 2.09683233 -1.51194753
v 0.07435998 2.09698171 -1.53193156
v 0.21817610 2.09670597 -1.53197363
v 0.07435294 2.09670617 -1.51162288
v 0.23015077 2.11172011 -1.53201748
v 0.23023954 2.24005135 -1.51190292
v 0.23026713 2.11167327 -1.51191008
v 0.23006092 2.23998335 -1.53195731
v 0.23013211 2.11178046 -1.51181339
v 0.22006164 2.11165665 -1.53199866
v 0.23022765 2.11173680 -1.53202318
v 0.22000582 2.11173569 -1.51178255
v 0.23024048 2.23997615 -1.53171169
v 0.22011637 2.11185194 -1.53201774
v 0.22011871 2.23988645 -1.53187979
v 0.23009428 2.11182346 -1.53191999
v 0.22000876 2.24008436 -1.51182647
v 0.23015029 2.24003078 -1.53180062
v 0.21999396 2.23978331 -1.53202940
v 0.23017742 2.24007795 -1.51187104
v 0.23028236 2.11176893 -1.51199700
v 0.21998285 2.24000001 -1.51177501
v 0.22022359 2.11172626 -1.51207768
v 0.23013340 2.23998772 -1.51194437
v 0.22013947 2.23999908 -1.51194822
v 0.22017476 2.11166880 -1.53189559
v 0.22005869 2.11194059 -1.51182358
v 0.22014256 2.23983157 -1.53193966
v -0.53213547 2.11185086 -1.44619252
v -0.54194475 2.23985948 -1.44638941
v -0.54198095 2.11182474 -1.44623561
v -0.53178528 2.24004593 -1.44643576
v -0.54214698 2.24005347 -1.44609033
v -0.54224739 2.23988821 -1.44623872
v -0.54214860 2.11190557 -1.46611507
v -0.54225265 2.11182432 -1.44627789
v -0.54192905 2.23993433 -1.46625416
v -0.53215456 2.11165401 -1.44629701
v -0.54204200 2.11187300 -1.46608818
v -0.53198509 2.11194133 -1.46625873
v -0.54227141 2.11170022 -1.44630902
v -0.53208149 2.11166995 -1.46616151
v -0.53190727 2.24012857 -1.44631862
v -0.53196970 2.11189223 -1.44623525
v -0.53184817 2.23992654 -1.46621472
v -0.54197693 2.24005400 -1.44627869
v -0.53217614 2.23985425 -1.46613036
v -0.54198802 2.23993305 -1.46631950
v -0.53190141 2.23984139 -1.44630364
v -0.53217650 2.24008756 -1.46628880
v -0.54224467 2.11177717 -1.46633577
v -0.54223177 2.23992858 -1.46620442
v -0.53231845 2.11168775 -1.46602686
v 0.07441417 2.26852562 -1.25920676
v 0.05917510 2.23847680 -1.44639696
v 0.07420483 2.23843336 -1.44638129
v 0.05939725 2.26843556 -1.25930569
v 0.05942153 2.26852824 -1.25925845
v 0.05941240 2.25868175 -1.44647986
v 0.05940041 2.23830434 -1.44641251
v 0.05915061 2.27923350 -1.25938025
v 0.05921010 2.23850378 -1.53168255
v 0.05938890 2.23825148 -1.53167237
v 0.07446377 2.23848225 -1.53178899
v 0.07423496 2.25850623 -1.44629054
v 0.07451094 2.26849539 -1.25922116
v 0.07442802 2.23858973 -1.44657673
v 0.07438512 2.27910577 -1.25912444
v 0.07435124 2.26832840 -1.25923492
v 0.05934727 2.27907008 -1.25928953
v 0.05923685 2.26847053 -1.25910950
v 0.07438573 2.27887850 -1.25931116
v 0.05935513 2.27900906 -1.25911818
v 0.07443636 2.25858918 -1.44640220
v 0.05933711 2.25854139 -1.44629951
v 0.07453859 2.27912662 -1.25952184
v 0.05927630 2.25856089 -1.44630905
v 0.05935141 2.23839517 -1.53186776
v 0.05940805 2.23819936 -1.44633902
v 0.05953930 2.25842861 -1.53181359
v 0.05939740 2.24559672 -1.61696613
v 0.07431549 2.24554599 -1.61706003
v 0.07426641 2.23859744 -1.53173099
v 0.07423076 2.25846545 -1.44654556
v 0.07437482 2.23840102 -1.44648513
v 0.07443187 2.25856496 -1.53171497
v 0.07434634 2.25860789 -1.53185686
v 0.05923323 2.25848900 -1.53153869
v 0.05951179 2.25848131 -1.53162191
v 0.05927065 2.24558969 -1.61701251
v 0.05932423 2.23845932 -1.53153222
v 0.05950162 2.25864989 -1.61696086
v 0.07424064 2.25856660 -1.61700075
v 0.05940036 2.24552037 -1.61687377
v 0.05942857 2.25852687 -1.61701343
v 0.07440075 2.24563185 -1.61723517
v 0.07441787 2.25859497 -1.53166320
v 0.07448032 2.23848357 -1.53157082
v 0.07441574 2.24563394 -1.61713959
v 0.05930372 2.25845339 -1.53166061
v 0.07432069 2.25847987 -1.61730342
v 0.05926905 2.25854906 -1.61709454
v 0.07428869 2.25861948 -1.53175172
v 0.07439756 2.25847218 -1.61701572
v 0.07438600 2.25859855 -1.53187261
v 0.07442001 2.24576108 -1.61709588
v 0.22077530 2.27243081 -1.29269772
v 0.22057015 2.27012973 -1.26224733
v 0.22056804 2.26602412 -1.29276418
v 0.22071654 2.27624788 -1.26218509
v 0.17103178 2.27594232 -1.26222806
v 0.22063148 2.26589238 -1.29278157
v 0.22065197 2.27000490 -1.26201790
v 0.12139580 2.27803090 -1.29286666
v 0.07199171 2.26587976 -1.29272672
v 0.07203090 2.27216307 -1.29257470
v 0.12147963 2.27158877 -1.29280549
v 0.17113767 2.27799114 -1.29257966
v 0.17105103 2.27168772 -1.29269503
v 0.22073522 2.27221912 -1.29267777
v 0.22085719 2.26594808 -1.29282372
v 0.22074117 2.27639531 -1.26229464
v 0.22085914 2.27211455 -1.29282957
v 0.17087148 2.27804930 -1.29276626
v 0.12148963 2.27568565 -1.26212090
v 0.07181760 2.27639915 -1.26220747
v 0.07187287 2.26999341 -1.26199052
v 0.12145894 2.28201869 -1.26219118
v 0.17117777 2.27584895 -1.26203797
v 0.17112675 2.28218307 -1.26211643
v 0.22072982 2.26995857 -1.26210910
v 0.22062911 2.27636622 -1.26216022
v 0.17103411 2.27589048 -1.26220925
v 0.17099627 2.27177972 -1.29280942
v 0.22067970 2.26584632 -1.29271797
v 0.12147087 2.27170641 -1.29280663
v 0.12146435 2.27570728 -1.26209086
v 0.07184257 2.27014635 -1.26204531
v 0.07184842 2.26608464 -1.29294749
v 0.12145853 2.27161211 -1.29265976
v 0.07184987 2.27004842 -1.26201529
v 0.07188926 2.27216171 -1.29280267
v 0.07185020 2.26591159 -1.29287655
v 0.07183554 2.27633933 -1.26214218
v 0.12131830 2.28210152 -1.26198127
v 0.12124230 2.27787259 -1.29258861
v 0.07194062 2.27230552 -1.29277190
v 0.17081047 2.27796715 -1.29283504
v 0.17120773 2.28193572 -1.26201921
v 0.22078870 2.27648906 -1.26238333
v 0.12158244 2.28219788 -1.26209456
v 0.07160220 2.27229000 -1.29284438
v 0.07173884 2.27635950 -1.26206809
v 0.07183798 2.26998991 -1.26217941
v -1.21636229 4.71231722 -1.46628253
v -1.21645615 4.85805522 -1.44624782
v -1.21633653 4.71246365 -1.44595327
v -1.21622528 4.85784514 -1.46633417
v -1.21639506 4.71255150 -1.44620129
v -1.22634832 4.71253573 -1.46628597
v -1.21621166 4.71258981 -1.46613481
v -1.22631757 4.71245680 -1.44615310
v -1.21637642 4.85818625 -1.46639560
v -1.22630680 4.71246282 -1.46631269
v -1.22633371 4.85787065 -1.46616105
v -1.21621719 4.71249454 -1.46622702
v -1.22638952 4.85784750 -1.44623627
v -1.21630300 4.85791913 -1.46623618
v -1.22636976 4.85794512 -1.46619493
v -1.21615416 4.85801837 -1.44615414
v -1.21615588 4.71222382 -1.44616340
v -1.22629563 4.85791568 -1.44624986
v -1.22621527 4.71234706 -1.44647270
v -1.21632681 4.85794650 -1.44647597
v -1.22636215 4.85787344 -1.44619677
v -1.22616852 4.71254187 -1.46641979
v -1.22662023 4.71229518 -1.44630456
v -1.22631876 4.85797365 -1.46628844
v 0.23205740 2.09145148 -1.44624634
v 0.21708363 2.11164870 -1.44644623
v 0.21703616 2.09143473 -1.44624154
v 0.23230163 2.11148263 -1.44635089
v 0.23218810 2.10404371 -1.61693645
v 0.23201525 2.09143255 -1.53171995
v 0.23224928 2.09139198 -1.61697639
v 0.23222139 2.11132631 -1.44650628
v 0.23203903 2.09152604 -1.44645112
v 0.23212910 2.11147400 -1.53181782
v 0.21705344 2.11153464 -1.44654165
v 0.23221072 2.11154790 -1.53155457
v 0.21706554 2.11172676 -1.53143607
v 0.23227518 2.11146681 -1.44643355
v 0.21713227 2.11156406 -1.44649557
v 0.21714558 2.09139330 -1.53185636
v 0.21707207 2.09154479 -1.44631303
v 0.21718022 2.11139103 -1.53191181
v 0.23225403 2.09162060 -1.44642919
v 0.21722472 2.09148921 -1.53183000
v 0.23217665 2.09133226 -1.53175209
v 0.21722168 2.09140843 -1.44635680
v 0.23228926 2.09135963 -1.53165650
v 0.21703371 2.09177596 -1.61698972
v 0.23221169 2.09148759 -1.61721611
v 0.21738791 2.09131841 -1.53175847
v 0.23228234 2.10388282 -1.61699503
v 0.21712915 2.09151424 -1.61703265
v 0.21732006 2.10425468 -1.61702920
v 0.23219568 2.09151936 -1.61700018
v 0.23218413 2.10407861 -1.61725667
v 0.21720416 2.11152102 -1.53189426
v 0.21705188 2.10389169 -1.61723029
v 0.21717480 2.09137012 -1.53172064
v 0.21707712 2.10404808 -1.61702197
v 0.21706236 2.09154849 -1.61711305
v 0.21725343 2.09145260 -1.53184367
v 0.21705416 2.11164619 -1.53165877
v 0.23192642 2.10388082 -1.61708279
v 0.21721753 2.10389676 -1.61725929
v -1.21172118 4.69916891 -1.44645408
v -1.23174308 4.71434319 -1.44638963
v -1.23179776 4.69912624 -1.44621460
v -1.21166818 4.71416199 -1.44643653
v -1.21157340 4.69935036 -1.44646170
v -1.23181275 4.69924502 -1.53176104
v -1.21162377 4.69939822 -1.53172234
v -1.23197757 4.69944347 -1.44637610
v -1.21161998 4.69926715 -1.53185006
v -1.21169471 4.69936849 -1.53178916
v -1.21151411 4.71416565 -1.44642513
v -1.21162201 4.69915962 -1.44656959
v -1.21181299 4.71441293 -1.53176727
v -1.23176206 4.71462867 -1.44637742
v -1.21159338 4.71428238 -1.53179405
v -1.23165790 4.71456661 -1.53177925
v -1.21185801 4.71445206 -1.44632106
v -1.23171671 4.71419126 -1.44636043
v -1.23182439 4.69956195 -1.53179398
v -1.23162479 4.69934022 -1.44648876
v -1.23184723 4.71450097 -1.61720566
v -1.23180554 4.69922338 -1.61698046
v -1.23170461 4.71408422 -1.53163813
v -1.21166131 4.69899912 -1.53190573
v -1.23164162 4.69943364 -1.61689443
v -1.21909349 4.69945931 -1.61712104
v -1.23174140 4.69913008 -1.53181934
v -1.21906713 4.71450909 -1.61699521
v -1.21909120 4.69919299 -1.61708197
v -1.21173009 4.71450230 -1.53188637
v -1.21916609 4.71437953 -1.61704268
v -1.23181726 4.71433289 -1.53178397
v -1.23184353 4.71433318 -1.53190862
v -1.21908205 4.71441628 -1.61717097
v -1.23182736 4.71423764 -1.61712325
v -1.21930209 4.71434735 -1.61708262
v -1.23177099 4.69923027 -1.61719760
v -1.23177035 4.71437451 -1.61712651
v -1.21905958 4.69916441 -1.61695420
v 0.07361517 2.10665916 -1.44622553
v 0.21911777 2.10677967 -1.46624598
v 0.07358362 2.10692368 -1.46622406
v 0.21899424 2.10694663 -1.44620932
v 0.21898457 2.09690450 -1.46631592
v 0.21890780 2.09695699 -1.46618317
v 0.21910517 2.10692481 -1.44614940
v 0.21910855 2.09682375 -1.44610207
v 0.21911048 2.10709052 -1.46622591
v 0.21902362 2.10676148 -1.46642460
v 0.07355593 2.09678133 -1.46644217
v 0.07339664 2.10702608 -1.46637638
v 0.21899256 2.09696450 -1.46623600
v 0.07358232 2.10685875 -1.44613347
v 0.07343261 2.09700381 -1.46625652
v 0.07345435 2.09705465 -1.44623512
v 0.07357372 2.10683370 -1.46632765
v 0.21893696 2.09687104 -1.44622709
v 0.07357808 2.10688963 -1.44627998
v 0.07344907 2.09699682 -1.44638064
v 0.21914266 2.10678421 -1.44607808
v 0.21879787 2.09693324 -1.44618947
v 0.07359809 2.09689697 -1.46618880
v 0.21892572 2.09702893 -1.46641996
v 0.07379403 2.09680292 -1.44619140
v 0.44662277 1.63151586 -1.50666518
v -0.15556062 1.79298500 -1.50649428
v -0.15548578 1.63154220 -1.50646796
v 0.44674238 1.79289281 -1.50636864
v -0.15546585 1.57753892 -1.24610682
v -0.15559975 1.55115270 -1.58682872
v -0.15563759 1.55117976 -1.24594293
v -0.15556750 1.63158773 -1.50640108
v -0.15531340 1.79295106 -1.58666674
v -0.15566312 1.63140604 -1.47982807
v -0.15552932 1.79290346 -1.50663788
v -0.15554287 1.63155092 -1.47994900
v 0.44675409 1.63158731 -1.50650653
v -0.15556653 1.63156429 -1.50649076
v 0.44680211 1.63159967 -1.47969486
v 0.44666516 1.55118962 -1.58696334
v 0.44665885 1.57739965 -1.24607797
v 0.44677414 1.55116533 -1.24579156
v 0.44675894 1.63151917 -1.50650966
v 0.44666376 1.79311508 -1.58668025
v 0.44681476 1.63158493 -1.47987598
v 0.44657955 1.79291997 -1.50630495
v -0.15568548 1.79294297 -1.50648806
v 0.44685619 1.79304795 -1.58683160
v -0.15542769 1.79301206 -1.58691852
v 0.44657449 1.79286616 -1.50645450
v 0.44693512 1.79309199 -1.58687139
v -0.15556094 1.55094789 -1.58694662
v -0.15544038 1.79312729 -1.58690875
v 0.44676073 1.55148512 -1.58680509
v 0.44674564 1.55132107 -1.24605328
v -0.15581090 1.55102724 -1.58682081
v 0.44659252 1.55111380 -1.58672770
v -0.15563842 1.55116090 -1.24588770
v 0.44683114 1.55106854 -1.24579528
v -0.15566229 1.57746201 -1.24594073
v -0.15559873 1.55126571 -1.24605839
v 0.44660426 1.57742287 -1.24600943
v -0.15567300 1.57749588 -1.24598623
v 0.44678811 1.57751340 -1.24587205
v 0.06056059 2.24495570 -1.43912327
v 0.05027085 2.09324592 -1.43902713
v 0.05002975 2.23256367 -1.43899275
v 0.06047862 2.08088801 -1.43907392
v 0.07454453 2.24819566 -1.43890803
v 0.07464083 2.07743781 -1.43911562
v 0.21655033 2.24824054 -1.43903833
v 0.21653755 2.07775871 -1.43922449
v 0.23051734 2.24492483 -1.43902111
v 0.23048946 2.08076298 -1.43895689
v 0.24087935 2.23258130 -1.43893391
v 0.24094176 2.09331554 -1.43899553
v -0.54207358 2.24531388 -1.44653750
v -0.55231611 2.09334348 -1.44643401
v -0.55210052 2.23266494 -1.44626452
v -0.54197836 2.08077971 -1.44633052
v -0.52748493 2.24821213 -1.44656649
v -0.52736342 2.07763421 -1.44635058
v -0.38630884 2.24814722 -1.44630522
v -0.38616340 2.07751601 -1.44631428
v -0.37171039 2.24515234 -1.44632274
v -0.37172564 2.08070282 -1.44633778
v -0.36126970 2.23245858 -1.44651611
v -0.36137939 2.09305079 -1.44624266
v -0.52732055 2.24816820 -1.43849639
v -0.38633281 2.24830187 -1.44625701
v -0.52729403 2.24825130 -1.44629378
v -0.38623611 2.24820058 -1.43846065
v -0.37158166 2.24523660 -1.43858079
v -0.37161852 2.24525760 -1.44658849
v -0.36145867 2.23266271 -1.44648635
v -0.37172337 2.24532624 -1.43861999
v -0.36117754 2.23251393 -1.43841398
v -0.37180065 2.24516768 -1.44637610
v -0.36140889 2.09323659 -1.44639896
v -0.36146939 2.23250726 -1.43864823
v -0.36139350 2.09319433 -1.43868691
v -0.36136495 2.23272797 -1.44631106
v -0.37180750 2.08051772 -1.44638123
v -0.36135820 2.09335825 -1.43846891
v -0.37180612 2.08052177 -1.43848963
v -0.36139249 2.09322121 -1.44640934
v -0.37169935 2.08054539 -1.44642600
v -0.38603154 2.07767793 -1.43870639
v -0.38617575 2.07754558 -1.44631818
v -0.37180963 2.08072632 -1.43853230
v -0.52739671 2.07758296 -1.44632325
v -0.52744662 2.07767351 -1.43861208
v -0.54189842 2.08048121 -1.44622950
v -0.54187114 2.08058424 -1.43854078
v -0.55211392 2.09334945 -1.43871865
v -0.54181527 2.08065673 -1.44625629
v -0.54188689 2.08062968 -1.43868551
v -0.55213048 2.09331555 -1.44629076
v -0.55205591 2.23278493 -1.43859096
v -0.55198561 2.09326825 -1.44641653
v -0.55195591 2.09332354 -1.43847633
v -0.55220664 2.23245792 -1.44647358
v -0.54195002 2.24513170 -1.43853894
v -0.55193166 2.23274318 -1.44624534
v -0.55213541 2.23256980 -1.43854444
v -0.54171467 2.24498518 -1.44634068
v -0.54180160 2.24524829 -1.43862603
v -0.54197957 2.24522206 -1.44622740
v 1.21384110 4.70400240 -1.25934594
v 1.18415509 4.68889735 -1.44634274
v 1.21376043 4.68896154 -1.25908010
v 1.18412407 4.70391598 -1.44621323
v 1.21393347 4.70400729 -1.25920335
v 1.20385427 4.70404486 -1.44637269
v 1.18407803 4.70396832 -1.44644943
v 1.22446034 4.70404704 -1.25913282
v 1.18413419 4.68905761 -1.53164413
v 1.18403203 4.70407174 -1.53164953
v 1.18389738 4.70428325 -1.53183043
v 1.22484153 4.68909068 -1.25909870
v 1.18402475 4.68904902 -1.44643754
v 1.20400864 4.68889118 -1.44625787
v 1.21407235 4.68895721 -1.25925765
v 1.22469190 4.68892459 -1.25932378
v 1.21397056 4.70419399 -1.25919435
v 1.21411878 4.68893506 -1.25913806
v 1.22462498 4.70406269 -1.25927789
v 1.20429795 4.68882706 -1.44639361
v 1.22446192 4.70399315 -1.25913304
v 1.22456647 4.68899772 -1.25938838
v 1.20417105 4.70409568 -1.44626411
v 1.18392037 4.70415351 -1.44635687
v 1.20400857 4.70400811 -1.53157207
v 1.18407562 4.70399275 -1.53189832
v 1.20410144 4.70414360 -1.44649596
v 1.19132620 4.70433431 -1.61699669
v 1.19100616 4.68894433 -1.61721741
v 1.20405027 4.68896398 -1.44653192
v 1.18376623 4.68892650 -1.53179048
v 1.20415776 4.68894637 -1.53167232
v 1.18381885 4.68899616 -1.44632521
v 1.20407934 4.68899071 -1.53178663
v 1.20411999 4.70407514 -1.53185810
v 1.20402208 4.70402789 -1.53172431
v 1.20403802 4.70402465 -1.61706825
v 1.18394625 4.70406757 -1.53192357
v 1.18388007 4.70407366 -1.53181957
v 1.20393285 4.70406276 -1.61701814
v 1.19110429 4.70394083 -1.61728245
v 1.20405056 4.70412057 -1.61703856
v 1.19112214 4.68916145 -1.61713896
v 1.19107130 4.70403396 -1.61707364
v 1.20393158 4.68877539 -1.61688262
v 1.20404015 4.68884678 -1.53173935
v 1.19121924 4.68897509 -1.61708804
v 1.20411651 4.68872897 -1.61706555
v 1.18387004 4.68895725 -1.53184328
v 1.20406516 4.70391256 -1.61693750
v 1.20397570 4.68911312 -1.53167464
v 1.20386566 4.68887889 -1.61686661
v 1.20409960 4.70396654 -1.53169627
v 0.07018550 2.11161723 -1.44621058
v 0.06046866 2.23991328 -1.44625562
v 0.06004977 2.11173336 -1.44613439
v 0.07023686 2.23992394 -1.44611845
v 0.06016348 2.24010297 -1.44622760
v 0.06018340 2.11174079 -1.46629990
v 0.06014252 2.11158851 -1.44637846
v 0.06045060 2.23997407 -1.46619529
v 0.07019184 2.11174508 -1.44599275
v 0.06025583 2.11189275 -1.46626068
v 0.07037975 2.11190958 -1.46621894
v 0.06007142 2.11190189 -1.44627439
v 0.07015299 2.11182038 -1.46606372
v 0.07016361 2.23975303 -1.44610149
v 0.07025470 2.11171232 -1.44639516
v 0.07021683 2.24014400 -1.46612728
v 0.06041754 2.23994632 -1.44629858
v 0.07038324 2.23995348 -1.46636764
v 0.06046182 2.23997404 -1.46639660
v 0.07038854 2.23993015 -1.44612021
v 0.07024361 2.23998421 -1.46630552
v 0.06036564 2.11183700 -1.46627684
v 0.06040614 2.24014507 -1.46638725
v 0.07012133 2.11181501 -1.46631241
v -0.41666746 -2.28997552 -1.50636670
v -1.01875930 -2.12841175 -1.50656113
v -1.01889080 -2.28987774 -1.50651229
v -0.41676791 -2.12854353 -1.50656968
v -0.41661803 -2.28975186 -1.58684743
v -0.41662687 -2.12832176 -1.50650327
v -0.41660685 -2.28998275 -1.50639972
v -0.41673131 -2.04815241 -1.58686812
v -0.41679387 -2.07435655 -1.24604140
v -0.41655388 -2.04816192 -1.24590361
v -0.41654454 -2.12848871 -1.47979284
v -0.41670018 -2.12840069 -1.47977152
v -1.01882913 -2.12833716 -1.50639462
v -0.41663825 -2.12832500 -1.50659569
v -1.01899479 -2.12838350 -1.47984004
v -1.01884456 -2.07424313 -1.24593699
v -1.01908202 -2.12857969 -1.50668092
v -1.01890189 -2.12837269 -1.47967029
v -1.01896777 -2.28995149 -1.58674914
v -1.01883100 -2.29001416 -1.50650771
v -1.01891254 -2.04826356 -1.58678901
v -1.01891578 -2.04822882 -1.24596428
v -0.41667428 -2.28968033 -1.50653917
v -1.01919042 -2.28972586 -1.58693212
v -0.41660926 -2.28984924 -1.58682073
v -1.01870815 -2.28988813 -1.50662888
v -0.41660146 -2.04815341 -1.58674007
v -1.01894475 -2.28996236 -1.58682537
v -1.01917494 -2.04786079 -1.58683442
v -0.41667573 -2.28991742 -1.58678548
v -1.01899152 -2.04801408 -1.24594474
v -0.41648299 -2.04815368 -1.58660343
v -1.01894084 -2.04824790 -1.58684457
v -0.41668225 -2.04818046 -1.24592147
v -0.41656307 -2.07447703 -1.24601685
v -1.01882426 -2.04822652 -1.24598133
v -1.01886142 -2.07427827 -1.24583731
v -0.41652382 -2.04816425 -1.24607461
v -0.41665831 -2.07421804 -1.24601822
v -1.01890821 -2.07426688 -1.24594949
v 0.06052032 2.24520553 -1.44640876
v 0.05009649 2.09312386 -1.44638314
v 0.05012143 2.23239379 -1.44626556
v 0.06041888 2.08064289 -1.44652229
v 0.07499084 2.24832314 -1.44651262
v 0.07486210 2.07753997 -1.44622659
v 0.21617266 2.24815230 -1.44647941
v 0.21609691 2.07752990 -1.44641499
v 0.23057826 2.24517880 -1.44643203
v 0.23065461 2.08060111 -1.44638943
v 0.24104367 2.23258294 -1.44631886
v 0.24087408 2.09313176 -1.44662449
v 0.07493894 2.24823106 -1.43852174
v 0.21613610 2.24816441 -1.44642402
v 0.07504598 2.24829967 -1.44655640
v 0.21585073 2.24822312 -1.43847154
v 0.23076905 2.24517265 -1.43854474
v 0.23043871 2.24548543 -1.44637436
v 0.24089121 2.23262270 -1.44620336
v 0.23065405 2.24513542 -1.43848237
v 0.24077309 2.23276157 -1.43869960
v 0.23080366 2.24536360 -1.44628269
v 0.24087570 2.09320708 -1.44651535
v 0.24091108 2.23262875 -1.43860671
v 0.24093939 2.09325924 -1.43865578
v 0.24055594 2.23271031 -1.44639395
v 0.23054462 2.08062428 -1.44634448
v 0.24096255 2.09334674 -1.43842194
v 0.23064627 2.08055714 -1.43867344
v 0.24070848 2.09324356 -1.44637404
v 0.23055095 2.08071680 -1.44624659
v 0.21621775 2.07765009 -1.43849382
v 0.21612509 2.07765531 -1.44642816
v 0.23065609 2.08065385 -1.43867495
v 0.07494831 2.07747455 -1.44635386
v 0.07495007 2.07752693 -1.43862732
v 0.06059406 2.08070448 -1.44643028
v 0.06044504 2.08070346 -1.43845837
v 0.05008395 2.09313659 -1.43873003
v 0.06060255 2.08068618 -1.44645326
v 0.06048088 2.08046839 -1.43841511
v 0.05024302 2.09318376 -1.44626729
v 0.04997290 2.23258638 -1.43854465
v 0.05005186 2.09330880 -1.44634512
v 0.05008117 2.09324688 -1.43845889
v 0.05014964 2.23258024 -1.44649377
v 0.06039584 2.24497181 -1.43861324
v 0.05028694 2.23252992 -1.44636666
v 0.05022559 2.23257104 -1.43872948
v 0.06055621 2.24513830 -1.44637437
v 0.06049935 2.24534382 -1.43868800
v 0.06036456 2.24510796 -1.44649644
v 0.07418401 2.24820981 -1.44612741
v 0.21815945 2.24809057 -1.46616138
v 0.07463175 2.24800448 -1.46632732
v 0.21820646 2.24803241 -1.44628359
v 0.21818560 2.23792797 -1.46625387
v 0.21816396 2.24814337 -1.44614133
v 0.21838440 2.23811885 -1.44628764
v 0.21819462 2.24808582 -1.46623991
v 0.21812986 2.24796463 -1.46616866
v 0.07422225 2.23791853 -1.46625508
v 0.07418485 2.24803124 -1.46629075
v 0.21821923 2.23804726 -1.46617892
v 0.07437476 2.24805839 -1.44615019
v 0.07428164 2.23802223 -1.46644748
v 0.07448855 2.23807055 -1.44623353
v 0.07450459 2.24803716 -1.46620476
v 0.21846360 2.23805884 -1.44623080
v 0.07456873 2.24805589 -1.44616859
v 0.07467469 2.23785407 -1.44636896
v 0.21825366 2.24812570 -1.44639211
v 0.21806271 2.23817129 -1.44620944
v 0.07448376 2.23809277 -1.46635705
v 0.21821161 2.23816201 -1.46619812
v 0.07448992 2.23802929 -1.44622378
v 0.23030970 2.11178834 -1.44625026
v 0.22014589 2.24002316 -1.44611650
v 0.22013125 2.11179328 -1.44639402
v 0.23024322 2.23983582 -1.44615992
v 0.23004309 2.11176193 -1.46632752
v 0.23018047 2.24005686 -1.44617635
v 0.23010637 2.11173382 -1.44614815
v 0.23017691 2.24005065 -1.46627149
v 0.22015419 2.23992450 -1.44627198
v 0.23028242 2.23981297 -1.46621998
v 0.22017990 2.24006196 -1.46623364
v 0.23013561 2.23986744 -1.44618404
v 0.21999914 2.23999319 -1.44629222
v 0.22024173 2.11171626 -1.46628236
v 0.22024912 2.11173314 -1.44604814
v 0.22007440 2.23996053 -1.46628082
v 0.23021064 2.11174623 -1.44634810
v 0.22003192 2.11196810 -1.46635764
v 0.23003346 2.11190098 -1.46634134
v 0.22013626 2.11176982 -1.44621311
v 0.23015136 2.23991077 -1.46622264
v 0.22018004 2.11169940 -1.46644481
v 0.22013815 2.23999426 -1.46627495
v 0.23004766 2.11183649 -1.46623111
vt 1.00000000 0.00000000
vt 0.00000000 1.00000000
vt 1.00000000 1.00000000
vt 0.00000000 0.00000000
vt 1.00000000 0.00000000
vt 0.00000000 1.00000000
vt 1.00000000 1.00000000
vt 0.00000000 0.00000000
vt 0.00000000 1.00000000
vt 1.00000000 0.00000000
vt 0.00000000 0.00000000
vt 1.00000000 1.00000000
vt 1.00000000 0.00000000
vt 0.00000000 1.00000000
vt 1.00000000 1.00000000
vt 0.00000000 0.00000000
vt 0.00000000 0.00000000
vt 1.00000000 1.00000000
vt 1.00000000 0.00000000
vt 0.00000000 1.00000000
vt 1.00000000 0.00000000
vt -0.00000000 1.00000000
vt 1.00000000 1.00000000
vt -0.00000000 0.00000000
vt 0.00050000 0.00050002
vt 0.99949998 0.99949998
vt 0.99949998 0.00050002
vt 0.00050000 0.99949998
vt 0.99949998 0.00050002
vt 0.00050000 0.99949998
vt 0.99949998 0.99949998
vt 0.00050000 0.00050002
vt 0.00050000 0.00050002
vt 0.99949998 0.99949998
vt 0.99949998 0.00050002
vt 0.00050000 0.99949998
vt 0.99949998 0.00050002
vt 0.00050000 0.99949998
vt 0.99949998 0.99949998
vt 0.00050000 0.00050002
vt 0.99949998 0.99949998
vt 0.00050000 0.00050002
vt 0.00050000 0.99949998
vt 0.99949998 0.00050002
vt 0.00050000 0.99949998
vt 0.99949998 0.00050002
vt 0.00050000 0.00050002
vt 0.99949998 0.99949998
vt 0.99949998 0.00050002
vt 0.00050000 0.99949998
vt 0.99949998 0.99949998
vt 0.00050000 0.00050002
vt 0.00050000 0.99949998
vt 0.99949998 0.00050002
vt 0.00050000 0.00050002
vt 0.99949998 0.99949998
vt 0.99949998 0.00050002
vt 0.00050000 0.99949998
vt 0.99949998 0.99949998
vt 0.00050000 0.00050002
vt 0.00050000 0.00050002
vt 0.99949998 0.99949998
vt 0.99949998 0.00050002
vt 0.00050000 0.99949998
vt 0.99949998 0.00050002
vt 0.00050000 0.99949998
vt 0.99949998 0.99949998
vt 0.00050000 0.00050002
vt 0.99949998 0.00050002
vt 0.00050000 0.99949998
vt 0.99949998 0.99949998
vt 0.00050000 0.00050002
vt 1.00000000 0.00000000
vt 0.00000000 1.00000000
vt 1.00000000 1.00000000
vt 0.00000000 0.00000000
vt 1.00000000 0.00000000
vt 0.00000000 1.00000000
vt 1.00000000 1.00000000
vt 0.00000000 0.00000000
vt -0.00000000 0.00000000
vt 1.00000000 1.00000000
vt 1.00000000 0.00000000
vt 0.00000000 1.00000000
vt 1.00000000 0.00000000
vt 0.00000000 1.00000000
vt 1.00000000 1.00000000
vt 0.00000000 0.00000000
vt 0.00000000 1.00000000
vt 1.00000000 0.00000000
vt 0.00000000 0.00000000
vt 1.00000000 1.00000000
vt 1.00000000 0.00000000
vt -0.00000000 1.00000000
vt 1.00000000 1.00000000
vt -0.00000000 0.00000000
vt 0.47499999 0.52740002
vt 0.52499998 -0.09410000
vt 0.47499999 -0.09410000
vt 0.52499998 0.52740002
vt 0.56745583 0.81075221
vt 0.50091159 1.09410405
vt 0.54400569 1.09410405
vt 0.50080001 0.52740002
vt 0.56739998 0.52740002
vt 0.46790001 -0.09410000
vt 0.43264121 -0.09410000
vt 0.47499999 0.81070000
vt 0.52499998 0.81070000
vt 0.49919999 0.52740002
vt 0.45595679 1.09410405
vt 0.49905089 1.09410405
vt 0.43252540 0.81075221
vt 0.43259999 0.52740002
vt 0.56739998 -0.09410000
vt 0.53214121 -0.09410000
vt 0.52499998 0.53209996
vt 0.47499999 0.56739998
vt 0.52499998 0.56739998
vt 0.47499999 0.53209996
vt 0.47499999 0.52740002
vt 0.52499998 1.09399962
vt 0.52499998 0.52740002
vt 0.47499999 1.09399962
vt 0.52499998 0.45620000
vt 0.47499999 0.49919999
vt 0.52499998 0.49919999
vt 0.47499999 0.45620000
vt 0.47499999 1.09410000
vt 0.52499998 1.09410000
vt 0.47499999 -0.09410000
vt 0.52499998 -0.09410000
vt 0.52499998 -0.09410000
vt 0.47499999 0.52740002
vt 0.52499998 0.52740002
vt 0.47499999 -0.09410000
vt 0.50087577 1.09410405
vt 0.54387850 1.09410405
vt 0.50085098 0.81075221
vt 0.46790001 -0.09410000
vt 0.56743789 0.81075221
vt 0.56739998 0.52740002
vt 0.50080001 0.52740002
vt 0.43258891 -0.09410000
vt 0.47499999 0.81070000
vt 0.47501311 0.81070000
vt 0.52498692 0.81070000
vt 0.52499998 0.81070000
vt 0.43292189 0.81087250
vt 0.53244370 -0.09397995
vt 0.43295479 0.52752042
vt 0.49955481 0.52752042
vt 0.49950880 0.81087250
vt 0.56775481 -0.09397995
vt 0.47499999 0.53209996
vt 0.52499998 0.56739998
vt 0.52499998 0.53209996
vt 0.47499999 0.56739998
vt 0.52499998 0.81070000
vt 0.47499999 1.09410000
vt 0.52499998 1.09410000
vt 0.47501311 0.81070000
vt 0.52499998 0.49919999
vt 0.47499999 0.45620000
vt 0.47499999 0.49919999
vt 0.52499998 0.45620000
vt 0.47499999 1.09410000
vt 0.52499998 1.09410000
vt 0.52499998 -0.09410000
vt 0.47499999 0.52740002
vt 0.52499998 0.52740002
vt 0.47499999 -0.09410000
vt 0.47499999 0.81070000
vt 0.52498692 0.81070000
vt 0.45620000 1.09410000
vt 0.49919999 0.81070000
vt 0.43259999 0.81070000
vt 0.49921110 1.09410000
vt 0.00050000 0.99949998
vt 0.99949998 0.00050002
vt 0.00050000 0.00050002
vt 0.99949998 0.99949998
vt 0.99949998 0.00050002
vt 0.00050000 0.99949998
vt 0.99949998 0.99949998
vt 0.00050000 0.00050002
vt 0.99949998 0.99949998
vt 0.00050000 0.00050002
vt 0.00050000 0.99949998
vt 0.99949998 0.00050002
vt 0.99949998 0.00050002
vt 0.00050000 0.99949998
vt 0.99949998 0.99949998
vt 0.00050000 0.00050002
vt 0.00050000 0.00050002
vt 0.99949998 0.99949998
vt 0.99949998 0.00050002
vt 0.00050000 0.99949998
vt 0.00050000 0.00050002
vt 0.99949998 0.99949998
vt 0.99949998 0.00050002
vt 0.00050000 0.99949998
vt 0.99949998 0.00050002
vt 0.00050000 0.99949998
vt 0.99949998 0.99949998
vt 0.00050000 0.00050002
vt 0.00050000 0.99949998
vt 0.99949998 0.00050002
vt 0.00050000 0.00050002
vt 0.99949998 0.99949998
vt 0.99949998 0.00050002
vt 0.00050000 0.99949998
vt 0.99949998 0.99949998
vt 0.00050000 0.00050002
vt 0.00050000 0.00050002
vt 0.99949998 0.99949998
vt 0.99949998 0.00050002
vt 0.00050000 0.99949998
vt 0.99949998 0.00050002
vt 0.00050000 0.99949998
vt 0.99949998 0.99949998
vt 0.00050000 0.00050002
vt 0.99949998 0.00050002
vt 0.00050000 0.99949998
vt 0.99949998 0.99949998
vt 0.00050000 0.00050002
vt 0.00000000 0.00000000
vt 1.00000000 1.00000000
vt 1.00000000 0.00000000
vt 0.00000000 1.00000000
vt 1.00000000 0.00000000
vt 0.00000000 1.00000000
vt 1.00000000 1.00000000
vt 0.00000000 0.00000000
vt 0.00000000 0.00000000
vt 1.00000000 1.00000000
vt 1.00000000 0.00000000
vt 0.00000000 1.00000000
vt 1.00000000 0.00000000
vt 0.00000000 1.00000000
vt 1.00000000 1.00000000
vt 0.00000000 0.00000000
vt 1.00000000 1.00000000
vt 0.00000000 0.00000000
vt 0.00000000 1.00000000
vt 1.00000000 0.00000000
vt 0.00000000 1.00000000
vt 1.00000000 0.00000000
vt -0.00000000 0.00000000
vt 1.00000000 1.00000000
vt 0.66759998 0.00050002
vt 0.00050000 0.99949998
vt 0.66759998 0.99949998
vt 0.00050000 0.00050002
vt 0.89113379 0.00050002
vt 0.99949998 0.99953461
vt 0.99949998 0.00050002
vt 0.66759998 0.76416123
vt 0.00038305 0.99953461
vt 0.66759998 0.68589997
vt 0.00038305 0.76416123
vt 0.99949998 0.68589997
vt 0.00050000 0.76410002
vt 0.99949998 0.76410002
vt 0.00050000 0.68589997
vt 0.00048454 0.99953461
vt 0.10890000 0.00050002
vt 0.00053379 0.00050002
vt 0.33239609 0.76416123
vt 0.99960148 0.99953461
vt 0.33239999 0.68589997
vt 0.99961311 0.76416123
vt 0.99949998 0.76410002
vt 0.00050000 0.99949998
vt 0.99949998 0.99949998
vt 0.00050000 0.76410002
vt 0.99949998 0.00050002
vt 0.00055818 0.99949998
vt 0.99949998 0.99949998
vt 0.00055818 0.00050002
vt 0.99949998 0.00050002
vt 0.00050000 0.99953461
vt 0.99949998 0.99953461
vt 0.00050000 0.00050002
vt 0.99949998 0.00050002
vt 0.89109999 0.99949998
vt 0.99949998 0.99949998
vt 0.89109999 0.00050002
vt 0.99949998 0.00050002
vt 0.00050000 0.00050002
vt 0.99949998 0.99949998
vt 0.00050000 0.00050002
vt 0.00050000 0.99949998
vt 0.99949998 0.00050002
vt 0.00050000 0.99949998
vt 0.99949998 0.00050002
vt 0.00050000 0.00050002
vt 0.99949998 0.99949998
vt 0.99949998 0.00050002
vt 0.00050000 0.99949998
vt 0.99949998 0.99949998
vt 0.00050000 0.00050002
vt 0.00050000 0.00050002
vt 0.99949998 0.99949998
vt 0.99949998 0.00050002
vt 0.00050000 0.99949998
vt 0.99949998 0.00050002
vt 0.00050000 0.99949998
vt 0.99949998 0.99949998
vt 0.00050000 0.00050002
vt 0.99949998 0.00050002
vt 0.00050000 0.99949998
vt 0.99949998 0.99949998
vt 0.00050000 0.00050002
vt 1.00000000 0.00000000
vt 0.00000000 1.00000000
vt 1.00000000 1.00000000
vt 0.00000000 0.00000000
vt 1.00000000 0.00000000
vt 0.00000000 1.00000000
vt 1.00000000 1.00000000
vt 0.00000000 0.00000000
vt -0.00000000 0.00000000
vt 1.00000000 1.00000000
vt 1.00000000 0.00000000
vt -0.00000000 1.00000000
vt 1.00000000 0.00000000
vt 0.00000000 1.00000000
vt 1.00000000 1.00000000
vt 0.00000000 0.00000000
vt -0.00000000 1.00000000
vt 1.00000000 0.00000000
vt -0.00000000 0.00000000
vt 1.00000000 1.00000000
vt 1.00000000 0.00000000
vt -0.00000000 1.00000000
vt 1.00000000 1.00000000
vt -0.00000000 0.00000000
vt 0.00050000 0.00050002
vt 0.99949998 0.99949998
vt 0.99949998 0.00050002
vt 0.00050000 0.99949998
vt 0.62908649 0.99949944
vt 0.00050000 0.50000000
vt 0.00010824 0.99949944
vt 0.99949998 0.00050002
vt 0.00050000 0.00050002
vt 0.99949998 0.50000000
vt 0.99949998 0.00050002
vt 0.00050000 0.50000000
vt 0.99923879 0.50000000
vt 0.99949998 0.50000000
vt 0.00050000 0.00050002
vt 0.00050000 0.00050002
vt 0.99949998 0.50000000
vt 0.99949998 0.00050002
vt 0.00050000 0.50000000
vt 0.99949998 0.00050002
vt 0.00050000 0.50000000
vt 0.99923879 0.50000000
vt 0.00050000 0.00050002
vt 0.99949998 0.50000000
vt 0.00050000 0.99949998
vt 0.99949998 0.99949998
vt 0.00076118 0.50000000
vt 0.99949998 0.62930000
vt 0.00050000 0.00050002
vt 0.00050000 0.62910420
vt 0.99949998 0.00050002
vt 0.00050000 0.99949998
vt 0.99949998 0.50000000
vt 0.37070000 0.99949998
vt 0.99948239 0.99949998
vt 0.00050000 0.50000000
vt 0.99949998 0.50000000
vt 0.00050000 0.99949998
vt 0.99949998 0.99949998
vt 0.00000000 0.00000000
vt 1.00000000 1.00000000
vt 1.00000000 0.00000000
vt 0.00000000 1.00000000
vt 0.00000000 0.00000000
vt 1.00000000 1.00000000
vt 1.00000000 0.00000000
vt 0.00000000 1.00000000
vt 1.00000000 0.00000000
vt 0.00000000 1.00000000
vt 1.00000000 1.00000000
vt 0.00000000 0.00000000
vt -0.00000000 1.00000000
vt 1.00000000 0.00000000
vt 0.00000000 0.00000000
vt 1.00000000 1.00000000
vt 1.00000000 0.00000000
vt -0.00000000 1.00000000
vt 1.00000000 1.00000000
vt -0.00000000 0.00000000
vt 1.00000000 1.00000000
vt 0.00000000 0.00000000
vt 0.00000000 1.00000000
vt 1.00000000 0.00000000
vt 0.05479457 0.98046780
vt 0.87180001 0.99957812
vt 0.12819991 0.99957812
vt 0.94537032 0.98046780
vt 0.00056535 0.90799999
vt 0.99949640 0.90799999
vt 0.00056535 0.09200001
vt 0.99949640 0.09200001
vt 0.05479457 0.01955527
vt 0.94537032 0.01955527
vt 0.12819991 0.00044948
vt 0.87180001 0.00044948
vt 0.66759998 0.00050002
vt 0.00050000 0.99949998
vt 0.66759998 0.99949998
vt 0.00050000 0.00050002
vt 0.89114439 0.00050002
vt 0.99949998 0.99953461
vt 0.99949998 0.00050002
vt 0.66759998 0.76416123
vt 0.00038338 0.99953461
vt 0.66759998 0.68589997
vt 0.00038338 0.76416123
vt 0.99949998 0.68589997
vt 0.00050000 0.76410002
vt 0.99949998 0.76410002
vt 0.00050000 0.68589997
vt 0.00047968 0.99953461
vt 0.10890000 0.00050002
vt 0.00054441 0.00050002
vt 0.33239490 0.76416123
vt 0.99959630 0.99953461
vt 0.33239999 0.68589997
vt 0.99961150 0.76416123
vt 0.99949998 0.76410002
vt 0.00050000 0.99949998
vt 0.99949998 0.99949998
vt 0.00050000 0.76410002
vt 0.99949998 0.00050002
vt 0.00055801 0.99949998
vt 0.99949998 0.99949998
vt 0.00055801 0.00050002
vt 0.99949998 0.00050002
vt 0.00050000 0.99953461
vt 0.99949998 0.99953461
vt 0.00050000 0.00050002
vt 0.99949998 0.00050002
vt 0.89109999 0.99949998
vt 0.99949998 0.99949998
vt 0.89109999 0.00050002
vt 0.99949998 0.00050002
vt 0.00050000 0.00050002
vt 0.94569349 0.98168570
vt 0.13040000 0.99950260
vt 0.86960000 0.99950260
vt 0.05436835 0.98168570
vt 0.99951577 0.90780002
vt 0.00048425 0.90780002
vt 0.99951577 0.09219998
vt 0.00048425 0.09219998
vt 0.94569349 0.01831663
vt 0.05436835 0.01831663
vt 0.86960000 0.00052512
vt 0.13040000 0.00052512
vt 0.13040000 0.00050002
vt 0.86960000 0.56659997
vt 0.86960000 0.00050002
vt 0.13040000 0.56659997
vt 0.05439996 0.00050002
vt 0.05439996 0.56659997
vt 0.98170000 0.00050002
vt 0.90780002 0.56659997
vt 0.98170000 0.56659997
vt 0.90780002 0.00050002
vt 0.90780002 0.00050002
vt 0.09219998 0.56659997
vt 0.90780002 0.56659997
vt 0.09219998 0.00050002
vt 0.09219998 0.56659997
vt 0.01829999 0.00050002
vt 0.01829999 0.56659997
vt 0.09219998 0.00050002
vt 0.86960000 0.56659997
vt 0.94559997 0.00050002
vt 0.86960000 0.00050002
vt 0.94559997 0.56659997
vt 0.13040000 0.56659997
vt 0.13040000 0.00050002
vt 0.05439996 0.56659997
vt 0.05439996 0.00050002
vt 0.98170000 0.56659997
vt 0.90780002 0.00050002
vt 0.90780002 0.56659997
vt 0.98170000 0.00050002
vt 0.90780002 0.00050002
vt 0.09219998 0.56659997
vt 0.90780002 0.56659997
vt 0.09219998 0.00050002
vt 0.09219998 0.00050002
vt 0.01829999 0.56659997
vt 0.09219998 0.56659997
vt 0.01829999 0.00050002
vt 0.94559997 0.56659997
vt 0.94559997 0.00050002
vt 0.00050000 0.99949998
vt 0.66759998 0.00050002
vt 0.00050000 0.00050002
vt 0.66759998 0.99949998
vt 0.00005615 0.99953461
vt 0.66759998 0.76416123
vt 0.00005615 0.76416123
vt 0.99949998 0.99953461
vt 0.89109129 0.00050002
vt 0.99949998 0.00050002
vt 0.66759998 0.68589997
vt 0.99949998 0.68589997
vt 0.00050000 0.76410002
vt 0.99949998 0.76410002
vt 0.00050000 0.68589997
vt 0.10890000 0.00050002
vt 0.33240101 0.76416123
vt 0.33239999 0.68589997
vt 0.99994779 0.99953461
vt 0.99994481 0.76416123
vt 0.00050399 0.99953461
vt 0.00049127 0.00050002
vt 0.99949998 0.76410002
vt 0.00050000 0.99949998
vt 0.99949998 0.99949998
vt 0.00050000 0.76410002
vt 0.00072068 0.99949998
vt 0.99949998 0.00050002
vt 0.00072068 0.00050002
vt 0.99949998 0.99949998
vt 0.99949998 0.00050002
vt 0.00050000 0.99953461
vt 0.99949998 0.99953461
vt 0.00050000 0.00050002
vt 0.89109999 0.99949998
vt 0.99949998 0.00050002
vt 0.89109999 0.00050002
vt 0.99949998 0.99949998
vt 0.99949998 0.00050002
vt 0.00050000 0.00050002
vt 0.00050000 0.99949998
vt 0.99949998 0.00050002
vt 0.00050000 0.00050002
vt 0.99949998 0.99949998
vt 0.99949998 0.00050002
vt 0.00050000 0.99949998
vt 0.99949998 0.99949998
vt 0.00050000 0.00050002
vt 0.99949998 0.99949998
vt 0.00050000 0.00050002
vt 0.00050000 0.99949998
vt 0.99949998 0.00050002
vt 0.99949998 0.00050002
vt 0.00050000 0.99949998
vt 0.99949998 0.99949998
vt 0.00050000 0.00050002
vt 0.00050000 0.00050002
vt 0.99949998 0.99949998
vt 0.99949998 0.00050002
vt 0.00050000 0.99949998
vt 0.00050000 0.00050002
vt 0.99949998 0.99949998
vt 0.99949998 0.00050002
vt 0.00050000 0.99949998
vt 0.47499999 0.52740002
vt 0.52499998 -0.09410000
vt 0.47499999 -0.09410000
vt 0.52499998 0.52740002
vt 0.46790001 -0.09410000
vt 0.50080001 0.52740002
vt 0.56739998 0.52740002
vt 0.43258330 -0.09410000
vt 0.47499999 0.81070000
vt 0.52498817 0.81070000
vt 0.52499998 0.81070000
vt 0.49919999 0.52740002
vt 0.45612219 1.09410405
vt 0.49914640 1.09410405
vt 0.43256149 0.81075221
vt 0.43259999 0.52740002
vt 0.56739998 -0.09410000
vt 0.53208327 -0.09410000
vt 0.52499998 0.53209996
vt 0.47499999 0.56739998
vt 0.52499998 0.56739998
vt 0.47499999 0.53209996
vt 0.47499999 -0.09410000
vt 0.52499998 0.52740002
vt 0.52499998 -0.09410000
vt 0.47499999 0.52740002
vt 0.56739998 0.52740002
vt 0.50080001 0.81070000
vt 0.56739998 0.81070000
vt 0.50081182 0.52740002
vt 0.47499999 1.09410000
vt 0.52499998 1.09410000
vt 0.52499998 0.81070000
vt 0.47499999 1.09410000
vt 0.52499998 0.45620000
vt 0.47499999 0.49918562
vt 0.52499998 0.49919999
vt 0.47499999 0.45620000
vt 0.52498817 0.81070000
vt 0.47499999 1.09399962
vt 0.52499998 1.09399962
vt 0.56739998 0.81070000
vt 0.50080001 1.09410000
vt 0.54380220 1.09410000
vt 0.50080001 0.81070000
vt 0.00050000 0.00050002
vt 0.99949998 0.99949998
vt 0.99949998 0.00050002
vt 0.00050000 0.99949998
vt 0.99949998 0.00050002
vt 0.00050000 0.99949998
vt 0.99949998 0.99949998
vt 0.00050000 0.00050002
vt 0.00050000 0.00050002
vt 0.99949998 0.99949998
vt 0.99949998 0.00050002
vt 0.00050000 0.99949998
vt 0.99949998 0.00050002
vt 0.00050000 0.99949998
vt 0.99949998 0.99949998
vt 0.00050000 0.00050002
vt 0.99949998 0.99949998
vt 0.00050000 0.00050002
vt 0.00050000 0.99949998
vt 0.99949998 0.00050002
vt 0.00050000 0.99949998
vt 0.99949998 0.00050002
vt 0.00050000 0.00050002
vt 0.99949998 0.99949998
vt 0.00000000 0.00000000
vt 1.00000000 1.00000000
vt 1.00000000 0.00000000
vt -0.00000000 1.00000000
vt 1.00000000 0.00000000
vt 0.00000000 1.00000000
vt 1.00000000 1.00000000
vt 0.00000000 0.00000000
vt 0.00000000 0.00000000
vt 1.00000000 1.00000000
vt 1.00000000 0.00000000
vt 0.00000000 1.00000000
vt 1.00000000 0.00000000
vt 0.00000000 1.00000000
vt 1.00000000 1.00000000
vt 0.00000000 0.00000000
vt 1.00000000 1.00000000
vt 0.00000000 0.00000000
vt 0.00000000 1.00000000
vt 1.00000000 0.00000000
vt -0.00000000 1.00000000
vt 1.00000000 0.00000000
vt -0.00000000 0.00000000
vt 1.00000000 1.00000000
vt 0.99949998 0.00050002
vt 0.00050000 0.99949998
vt 0.99949998 0.99949998
vt 0.00050000 0.00050002
vt 0.00050000 0.99949998
vt 0.99949998 0.00050002
vt 0.00050000 0.00050002
vt 0.99949998 0.99949998
vt 0.99949998 0.00050002
vt 0.00050000 0.99949998
vt 0.99949998 0.99949998
vt 0.00050000 0.00050002
vt 0.00050000 0.00050002
vt 0.99949998 0.99949998
vt 0.99949998 0.00050002
vt 0.00050000 0.99949998
vt 0.99949998 0.00050002
vt 0.00050000 0.99949998
vt 0.99949998 0.99949998
vt 0.00050000 0.00050002
vt 0.99949998 0.00050002
vt 0.00050000 0.99949998
vt 0.99949998 0.99949998
vt 0.00050000 0.00050002
vt 0.99949998 0.00050002
vt 0.00050000 0.99949998
vt 0.99949998 0.99949998
vt 0.00050000 0.00050002
vt 0.99949998 0.00050002
vt 0.00050000 0.50000000
vt 0.99949998 0.50000000
vt 0.00050000 0.00050002
vt 0.00050000 0.00050002
vt 0.99949998 0.50000000
vt 0.99949998 0.00050002
vt 0.00050000 0.50000000
vt 0.00078721 0.50000000
vt 0.99949998 0.00050002
vt 0.00050000 0.50000000
vt 0.99949998 0.50000000
vt 0.00050000 0.00050002
vt 0.99892539 0.99949944
vt 0.00050000 0.50000000
vt -0.00007459 0.99949944
vt 0.99949998 0.00050002
vt 0.99949998 0.50000000
vt 0.00050000 0.00050002
vt 0.00050000 0.50000000
vt 0.00050000 0.99949998
vt 0.99949998 0.50000000
vt 0.00050000 0.99949998
vt 0.99949998 0.99949998
vt 0.99949998 0.50000000
vt 0.37070000 0.99949998
vt 0.99948239 0.99949998
vt 0.00050000 0.50000000
vt 0.99921280 0.00050002
vt 0.00050000 0.62930000
vt 0.99949998 0.62930000
vt 0.00050000 0.00050002
vt 0.99949998 0.50000000
vt 0.00050000 0.99949998
vt 0.62930000 0.99949998
vt 0.39085680 0.99949998
vt 0.25400001 0.00050002
vt 0.00050000 0.99949998
vt 0.64459997 0.00050002
vt 0.66649997 0.00050002
vt 0.99949998 0.99949998
vt 0.99949998 0.00050002
vt 0.74599999 0.66649997
vt 0.00050000 0.99949998
vt 0.39085680 0.99949998
vt 0.35540000 0.66649997
vt 0.74629551 0.33350003
vt 0.35569549 0.33350003
vt 0.39174330 0.00050002
vt 0.00138655 0.00050002
vt 0.00050000 0.00050002
vt 0.00050000 0.99949998
vt 0.33350000 0.99949998
vt 0.39109999 0.66649997
vt 0.35540000 0.99949998
vt 0.74599999 0.99949998
vt 0.00074321 0.66649997
vt 0.39104769 0.33350003
vt 0.00069091 0.33350003
vt 0.74584311 0.00050002
vt 0.35524309 0.00050002
vt 0.66649997 0.00050002
vt 0.66649997 0.99949998
vt 0.99949998 0.99949998
vt 0.33350000 0.99949998
vt 0.33350000 0.00050002
vt 0.00050000 0.00050002
vt 0.00050000 0.99949998
vt 0.33350000 0.99949998
vt 0.74599999 0.00050002
vt 0.60890001 0.99949998
vt 0.99925679 0.99949998
vt 0.35540000 0.00050002
vt 0.66649997 0.00050002
vt 0.66649997 0.99949998
vt 0.99949998 0.99949998
vt 0.33350000 0.99949998
vt 0.33350000 0.00050002
vt 0.00050000 0.00050002
vt 0.66649997 0.00050002
vt 0.99949998 0.99949998
vt 0.99949998 0.00050002
vt 0.00050000 0.00050002
vt 0.66759998 0.00050002
vt 0.00050000 0.99949998
vt 0.66759998 0.99949998
vt 0.00050000 0.00050002
vt 0.89114439 0.00050002
vt 0.99949998 0.99953461
vt 0.99949998 0.00050002
vt 0.66759998 0.76416123
vt 0.00054608 0.99953461
vt 0.66759998 0.68589997
vt 0.00054608 0.76416123
vt 0.99949998 0.68589997
vt 0.00050000 0.76410002
vt 0.99949998 0.76410002
vt 0.00050000 0.68589997
vt 0.00047968 0.99953461
vt 0.10890000 0.00050002
vt 0.00054441 0.00050002
vt 0.33239490 0.76416123
vt 0.99943358 0.99953461
vt 0.33239999 0.68589997
vt 0.99944890 0.76416123
vt 0.99949998 0.76410002
vt 0.00050000 0.99949998
vt 0.99949998 0.99949998
vt 0.00050000 0.76410002
vt 0.99949998 0.00050002
vt 0.00047707 0.99949998
vt 0.99949998 0.99949998
vt 0.00047707 0.00050002
vt 0.99949998 0.00050002
vt 0.00050000 0.99953461
vt 0.99949998 0.99953461
vt 0.00050000 0.00050002
vt 0.99949998 0.00050002
vt 0.89109999 0.99949998
vt 0.99949998 0.99949998
vt 0.89109999 0.00050002
vt 0.99949998 0.00050002
vt 0.00050000 0.00050002
vt 0.47499999 0.52740002
vt 0.52499998 -0.09410000
vt 0.47499999 -0.09410000
vt 0.52499998 0.52740002
vt 0.46790001 -0.09410000
vt 0.50080001 0.52740002
vt 0.56739998 0.52740002
vt 0.43264121 -0.09410000
vt 0.47499999 0.81070000
vt 0.47501180 0.81070000
vt 0.52498817 0.81070000
vt 0.52499998 0.81070000
vt 0.49919999 0.52740002
vt 0.45595679 1.09410405
vt 0.49905089 1.09410405
vt 0.43252540 0.81075221
vt 0.43259999 0.52740002
vt 0.56739998 -0.09410000
vt 0.53214121 -0.09410000
vt 0.52499998 0.53209996
vt 0.47499999 0.56739998
vt 0.52499998 0.56739998
vt 0.47499999 0.53209996
vt 0.47499999 -0.09410000
vt 0.52499998 0.52740002
vt 0.52499998 -0.09410000
vt 0.47499999 0.52740002
vt 0.56739998 0.52740002
vt 0.50080001 0.81070000
vt 0.56739998 0.81070000
vt 0.50080001 0.52740002
vt 0.52499998 1.09410000
vt 0.47499999 1.09410000
vt 0.52499998 0.45620000
vt 0.47499999 0.49919999
vt 0.52499998 0.49919999
vt 0.47499999 0.45620000
vt 0.52498817 0.81070000
vt 0.47499999 1.09399962
vt 0.52499998 1.09399962
vt 0.56739998 0.81070000
vt 0.50080001 1.09410000
vt 0.54389411 1.09410000
vt 0.50080001 0.81070000
vt 0.64459997 0.00050002
vt 0.00050000 0.99949998
vt 0.39105129 0.99949998
vt 0.25400001 0.00050002
vt 0.99949998 0.99949998
vt 0.99949998 0.00050002
vt 0.66649997 0.00050002
vt 0.39052719 0.00044721
vt 0.74599999 0.66649997
vt 0.74580908 0.33347362
vt 0.39109999 0.99949998
vt 0.35520911 0.33347362
vt -0.00007276 0.00044721
vt 0.35540000 0.66649997
vt 0.00050000 0.99949998
vt 0.00040086 0.00132841
vt 0.33340099 1.00032759
vt 0.33350000 0.99949998
vt 0.33340061 0.00132918
vt 0.33350000 0.00050002
vt 0.00040097 1.00032842
vt 0.35540000 0.99949998
vt 0.00042337 0.33347362
vt 0.00050000 0.66649997
vt 0.35517010 0.00044721
vt 0.39109999 0.66649997
vt 0.74578112 0.99949998
vt 0.39102340 0.33347362
vt 0.74555123 0.00044721
vt 0.99949998 0.99949998
vt 0.66649997 0.00050002
vt 0.66649997 0.99949998
vt 0.33350000 0.99949998
vt 0.33350000 0.00050002
vt 0.33350000 0.99949998
vt 0.00050000 0.00050002
vt 0.00050000 0.99949998
vt 0.74599999 0.00050002
vt 0.60890001 0.99949998
vt 0.99945128 0.99949998
vt 0.35540000 0.00050002
vt 0.66641980 0.00117087
vt 0.66649997 0.00050002
vt 0.99941993 1.00016999
vt 0.99941981 0.00117010
vt 0.66641963 1.00016916
vt 0.66649997 0.99949998
vt 0.00050000 0.00050002
vt 0.94537842 0.98046780
vt 0.99953121 0.09200001
vt 0.99953121 0.90799999
vt 0.94537842 0.01955527
vt 0.87180001 0.99957585
vt 0.87180001 0.00044721
vt 0.12819991 0.99957585
vt 0.12819991 0.00044721
vt 0.05462145 0.98046780
vt 0.05462145 0.01955527
vt 0.00046871 0.90799999
vt 0.00046871 0.09200001
vt 0.00050000 0.00050002
vt 0.66759998 0.99949998
vt 0.66759998 0.00050002
vt 0.00050000 0.99949998
vt 0.00038305 0.76416123
vt 0.00038305 0.99953461
vt 0.66759998 0.76416123
vt 0.99949998 0.99953461
vt 0.99949998 0.00050002
vt 0.66759998 0.68589997
vt 0.89113539 0.00050002
vt 0.00050000 0.76410002
vt 0.99949998 0.68589997
vt 0.00050000 0.68589997
vt 0.99949998 0.76410002
vt 0.99961293 0.76416123
vt 0.00048379 0.99953461
vt 0.99960071 0.99953461
vt 0.33239600 0.76416123
vt 0.00053541 0.00050002
vt 0.33239999 0.68589997
vt 0.10890000 0.00050002
vt 0.00050000 0.99949998
vt 0.99949998 0.76410002
vt 0.00050000 0.76410002
vt 0.99949998 0.99949998
vt 0.99949998 0.99949998
vt 0.00055818 0.00050002
vt 0.00055818 0.99949998
vt 0.99949998 0.00050002
vt 0.00050000 0.00050002
vt 0.99949998 0.99953461
vt 0.99949998 0.00050002
vt 0.00050000 0.99953461
vt 0.89109999 0.00050002
vt 0.99949998 0.99949998
vt 0.99949998 0.00050002
vt 0.89109999 0.99949998
vt 0.99949998 0.00050002
vt 0.00050000 0.00050002
vt 1.00000000 0.00000000
vt 0.00000000 1.00000000
vt 1.00000000 1.00000000
vt 0.00000000 0.00000000
vt 1.00000000 0.00000000
vt 0.00000000 1.00000000
vt 1.00000000 1.00000000
vt 0.00000000 0.00000000
vt -0.00000000 0.00000000
vt 1.00000000 1.00000000
vt 1.00000000 0.00000000
vt -0.00000000 1.00000000
vt 1.00000000 0.00000000
vt 0.00000000 1.00000000
vt 1.00000000 1.00000000
vt 0.00000000 0.00000000
vt -0.00000000 1.00000000
vt 1.00000000 0.00000000
vt -0.00000000 0.00000000
vt 1.00000000 1.00000000
vt 1.00000000 0.00000000
vt -0.00000000 1.00000000
vt 1.00000000 1.00000000
vt -0.00000000 0.00000000
vt 0.99949998 0.00050002
vt 0.00050000 0.99949998
vt 0.99949998 0.99949998
vt 0.00050000 0.00050002
vt 0.99949998 0.00050002
vt 0.00050000 0.50000000
vt 0.99949998 0.50000000
vt 0.00050000 0.00050002
vt 0.00050000 0.00050002
vt 0.99689162 0.50000000
vt 0.99949998 0.50000000
vt 0.99949998 0.00050002
vt 0.00050000 0.50000000
vt 0.00310835 0.50000000
vt 0.99949998 0.00050002
vt 0.37071761 0.99949944
vt 0.99949998 0.99949944
vt 0.00050000 0.50000000
vt 0.00050000 0.00050002
vt 0.99949998 0.99949944
vt 0.99689162 0.50000000
vt 0.00050000 0.99949944
vt 0.99949998 0.00050002
vt 0.00050000 0.00050002
vt 0.99949998 0.50000000
vt 0.00050000 0.99949944
vt 0.62928241 0.99949998
vt 0.00050000 0.50000000
vt 0.99949998 0.99949998
vt 0.00050000 0.99949998
vt 0.99949998 0.00050002
vt 0.00050000 0.62930000
vt 0.99949998 0.62930000
vt 0.00050000 0.00050002
vt -0.00000000 0.00000000
vt 1.00000000 1.00000000
vt 1.00000000 0.00000000
vt -0.00000000 1.00000000
vt 1.00000000 0.00000000
vt -0.00000000 1.00000000
vt 1.00000000 1.00000000
vt -0.00000000 0.00000000
vt -0.00000000 0.00000000
vt 1.00000000 1.00000000
vt 1.00000000 0.00000000
vt 0.00000000 1.00000000
vt 1.00000000 0.00000000
vt 0.00000000 1.00000000
vt 1.00000000 1.00000000
vt 0.00000000 0.00000000
vt 1.00000000 1.00000000
vt -0.00000000 0.00000000
vt 0.00000000 1.00000000
vt 1.00000000 0.00000000
vt 0.00000000 1.00000000
vt 1.00000000 0.00000000
vt 0.00000000 0.00000000
vt 1.00000000 1.00000000
vt 0.99949998 0.00050002
vt 0.00050000 0.99949998
vt 0.99949998 0.99949998
vt 0.00050000 0.00050002
vt 0.99949998 0.00050002
vt 0.00050000 0.50000000
vt 0.99949998 0.50000000
vt 0.00050000 0.00050002
vt 0.00050000 0.00050002
vt 0.99689162 0.50000000
vt 0.99949998 0.50000000
vt 0.99949998 0.00050002
vt 0.00050000 0.50000000
vt 0.99949998 0.00050002
vt 0.37060669 0.99949944
vt 0.99949998 0.99949944
vt 0.00050000 0.50000000
vt 0.00050000 0.00050002
vt 0.99949998 0.99949944
vt 0.99689162 0.50000000
vt 0.00050000 0.99949944
vt 0.99949998 0.00050002
vt 0.00050000 0.00050002
vt 0.99949998 0.50000000
vt 0.00050000 0.99949998
vt 0.62921703 0.99949998
vt 0.00050000 0.50000000
vt 0.00050000 0.99949998
vt 0.00050000 0.99949998
vt 0.99949998 0.99949998
vt 0.99949998 0.50000000
vt 0.99949998 0.62930000
vt 0.00050000 0.00050002
vt 0.00050000 0.62930000
vt 0.99949998 0.00067627
vt 0.64459997 0.00050002
vt 0.00050000 0.99949998
vt 0.38867390 0.99949998
vt 0.25400001 0.00050002
vt 0.66649997 0.99949998
vt 0.99949998 0.00050002
vt 0.66649997 0.00050002
vt 0.99949998 0.99949998
vt 0.38653231 0.00044978
vt 0.74599999 0.66649997
vt 0.74447739 0.33347619
vt 0.39109999 0.99949998
vt 0.35387740 0.33347619
vt -0.00406773 0.00044978
vt 0.35540000 0.66649997
vt 0.00050000 0.99949998
vt 0.00050000 0.99949998
vt 0.33350000 0.99949998
vt 0.00050000 0.00050002
vt 0.35540000 0.99949998
vt 0.00223473 0.33347619
vt 0.00292609 0.66649997
vt 0.35332599 0.00044978
vt 0.39109999 0.66649997
vt 0.74599999 0.99949998
vt 0.39040861 0.33347619
vt 0.74392599 0.00044978
vt 0.33350000 0.99949998
vt 0.33350000 0.00050002
vt 0.00050000 0.99949998
vt 0.00050000 0.00050002
vt 0.74599999 0.00050002
vt 0.60890001 0.99949998
vt 0.99707389 0.99949998
vt 0.35540000 0.00050002
vt 0.66649997 0.99949998
vt 0.99949998 0.99949998
vt 0.66649997 0.00050002
vt 0.33350000 0.00050002
vt 0.99949998 0.00050002
vt 0.94569349 0.98177785
vt 0.13040000 0.99952334
vt 0.86960000 0.99952334
vt 0.05436835 0.98177785
vt 0.99951577 0.90780002
vt 0.00046363 0.90780002
vt 0.99951577 0.09219998
vt 0.00046363 0.09219998
vt 0.94569349 0.01845258
vt 0.05436835 0.01845258
vt 0.86960000 0.00047672
vt 0.13040000 0.00047672
vt 0.13040000 0.00050002
vt 0.86960000 0.56659997
vt 0.86960000 0.00050002
vt 0.13040000 0.56659997
vt 0.05439996 0.00050002
vt 0.05439996 0.56659997
vt 0.98170000 0.00050002
vt 0.90780002 0.56659997
vt 0.98170000 0.56659997
vt 0.90780002 0.00050002
vt 0.90780002 0.00050002
vt 0.09219998 0.56659997
vt 0.90780002 0.56659997
vt 0.09219998 0.00050002
vt 0.09219998 0.56659997
vt 0.01829999 0.00050002
vt 0.01829999 0.56659997
vt 0.09219998 0.00050002
vt 0.86960000 0.56659997
vt 0.94559997 0.00050002
vt 0.86960000 0.00050002
vt 0.94559997 0.56659997
vt 0.13040000 0.56659997
vt 0.13040000 0.00050002
vt 0.05439996 0.56659997
vt 0.05439996 0.00050002
vt 0.98170000 0.56659997
vt 0.90780002 0.00050002
vt 0.90780002 0.56659997
vt 0.98170000 0.00050002
vt 0.90780002 0.00050002
vt 0.09219998 0.56659997
vt 0.90780002 0.56659997
vt 0.09219998 0.00050002
vt 0.09219998 0.00050002
vt 0.01829999 0.56659997
vt 0.09219998 0.56659997
vt 0.01829999 0.00050002
vt 0.94559997 0.56659997
vt 0.94559997 0.00050002
vt 0.00050000 0.00050002
vt 0.99949998 0.99949998
vt 0.99949998 0.00050002
vt 0.00050000 0.99949998
vt 0.00050000 0.50000000
vt 0.99949998 0.00050002
vt 0.00050000 0.00050002
vt 0.99949998 0.50000000
vt 0.99949998 0.00050002
vt 0.00050000 0.50000000
vt 0.99949998 0.50000000
vt 0.00050000 0.00050002
vt 0.00126455 0.00025427
vt 1.00026500 0.49975431
vt 1.00026500 0.00025427
vt 0.37167811 0.99925369
vt 0.00126455 0.49975431
vt 0.99949998 0.00050002
vt 0.00050000 0.50000000
vt 0.99949998 0.50000000
vt 0.00050000 0.00050002
vt 0.62928241 0.99949998
vt 0.00050000 0.50000000
vt 0.00050000 0.99949998
vt 0.99949998 0.50000000
vt 0.00050000 0.99949998
vt 0.99949998 0.50000000
vt 0.00050000 0.99949998
vt 0.99949998 0.99949998
vt 0.37070000 0.99949998
vt 0.99949998 0.99949998
vt 0.99949998 0.50000000
vt 0.99949998 0.50000000
vt 0.00050000 0.99949998
vt 0.99949998 0.99949998
vt 0.00050000 0.50000000
vt 0.99949992 0.62930000
vt 0.00050000 0.00050008
vt 0.00050000 0.62930000
vt 0.99923879 0.00069588
vt 0.66759998 0.99949998
vt 0.00050000 0.00050002
vt 0.00050000 0.99949998
vt 0.66759998 0.00050002
vt 0.00035034 0.76416123
vt 0.00035034 0.99953461
vt 0.66759998 0.76416123
vt 0.99949998 0.99953461
vt 0.99949998 0.00050002
vt 0.66759998 0.68589997
vt 0.89112848 0.00050002
vt 0.00050000 0.68589997
vt 0.99949998 0.76410002
vt 0.99949998 0.68589997
vt 0.00050000 0.76410002
vt 0.99964643 0.76416123
vt 0.00048697 0.99953461
vt 0.99963659 0.99953461
vt 0.33239669 0.76416123
vt 0.00052847 0.00050002
vt 0.33239999 0.68589997
vt 0.10890000 0.00050002
vt 0.00050000 0.76410002
vt 0.99949998 0.99949998
vt 0.99949998 0.76410002
vt 0.00050000 0.99949998
vt 0.00057445 0.00050002
vt 0.99949998 0.99949998
vt 0.99949998 0.00050002
vt 0.00057445 0.99949998
vt 0.00050000 0.99953461
vt 0.99949998 0.00050002
vt 0.00050000 0.00050002
vt 0.99949998 0.99953461
vt 0.99949998 0.99949998
vt 0.89109999 0.00050002
vt 0.89109999 0.99949998
vt 0.99949998 0.00050002
vt 0.00050000 0.00050002
vt 0.99949998 0.00050002
vt 0.52499998 -0.09410000
vt 0.47499999 0.52740002
vt 0.47501311 0.52740002
vt 0.52499998 0.52740002
vt 0.47499999 -0.09410000
vt 0.50087577 1.09410405
vt 0.54387850 1.09410405
vt 0.50085098 0.81075221
vt 0.46790001 -0.09410000
vt 0.56743789 0.81075221
vt 0.56739998 0.52740002
vt 0.50080001 0.52740002
vt 0.43258891 -0.09410000
vt 0.47499999 0.81070000
vt 0.52499998 0.81070000
vt 0.49919999 0.52740002
vt 0.53208888 -0.09410000
vt 0.43259999 0.52740002
vt 0.56739998 -0.09410000
vt 0.47499999 0.53209996
vt 0.52499998 0.56739998
vt 0.52499998 0.53209996
vt 0.47499999 0.56739998
vt 0.52499998 0.81070000
vt 0.47499999 1.09410000
vt 0.52498692 1.09410000
vt 0.47499999 0.81070000
vt 0.52499998 0.49919999
vt 0.47499999 0.45620000
vt 0.47501311 0.49919999
vt 0.52499998 0.45620000
vt 0.47499999 1.09410000
vt 0.52499998 1.09410000
vt 0.52499998 -0.09410000
vt 0.47499999 0.52740002
vt 0.47501311 0.52740002
vt 0.52499998 0.52740002
vt 0.47499999 -0.09410000
vt 0.47499999 0.81070000
vt 0.52499998 0.81070000
vt 0.43259999 0.81070000
vt 0.49919999 0.52740002
vt 0.43259999 0.52740002
vt 0.49918690 0.81070000
vt 0.49919999 1.09410000
vt 0.49919999 0.81070000
vt 0.45620000 1.09410000
vt 0.49919999 0.81070000
vt 0.43259999 0.81070000
vt 0.45620000 1.09410000
vt 1.00000000 0.00000000
vt 0.00000000 1.00000000
vt 1.00000000 1.00000000
vt 0.00000000 0.00000000
vt 1.00000000 0.00000000
vt 0.00000000 1.00000000
vt 1.00000000 1.00000000
vt 0.00000000 0.00000000
vt -0.00000000 1.00000000
vt 1.00000000 0.00000000
vt 0.00000000 0.00000000
vt 1.00000000 1.00000000
vt 1.00000000 0.00000000
vt 0.00000000 1.00000000
vt 1.00000000 1.00000000
vt 0.00000000 0.00000000
vt 0.00000000 0.00000000
vt 1.00000000 1.00000000
vt 1.00000000 0.00000000
vt 0.00000000 1.00000000
vt 1.00000000 0.00000000
vt -0.00000000 1.00000000
vt 1.00000000 1.00000000
vt -0.00000000 0.00000000
vt 0.05437047 0.98168570
vt 0.00048787 0.09219998
vt 0.00048787 0.90780002
vt 0.05437047 0.01831430
vt 0.13040000 0.99950027
vt 0.13040000 0.00052279
vt 0.86960000 0.99950027
vt 0.86960000 0.00052279
vt 0.94562948 0.98168570
vt 0.94562948 0.01831430
vt 0.99951208 0.90780002
vt 0.99951208 0.09219998
vt 0.86960000 0.00050002
vt 0.13040000 0.56659997
vt 0.86960000 0.56659997
vt 0.13040000 0.00050002
vt 0.05439996 0.00050002
vt 0.05439996 0.56659997
vt 0.90780002 0.56659997
vt 0.98170000 0.00050002
vt 0.90780002 0.00050002
vt 0.98170000 0.56659997
vt 0.09219998 0.56659997
vt 0.90780002 0.00050002
vt 0.09219998 0.00050002
vt 0.90780002 0.56659997
vt 0.01829999 0.56659997
vt 0.09219998 0.00050002
vt 0.01829999 0.00050002
vt 0.09219998 0.56659997
vt 0.94559997 0.56659997
vt 0.86960000 0.00050002
vt 0.86960000 0.56659997
vt 0.94559997 0.00050002
vt 0.13040000 0.56659997
vt 0.13040000 0.00050002
vt 0.05439996 0.56659997
vt 0.05439996 0.00050002
vt 0.90780002 0.00050002
vt 0.98170000 0.56659997
vt 0.98170000 0.00050002
vt 0.90780002 0.56659997
vt 0.09219998 0.00050002
vt 0.90780002 0.56659997
vt 0.90780002 0.00050002
vt 0.09219998 0.56659997
vt 0.01829999 0.00050002
vt 0.09219998 0.56659997
vt 0.09219998 0.00050002
vt 0.01829999 0.56659997
vt 0.94559997 0.00050002
vt 0.94559997 0.56659997
vt 1.00000000 0.00000000
vt 0.00000000 1.00000000
vt 1.00000000 1.00000000
vt 0.00000000 0.00000000
vt 0.00000000 1.00000000
vt 1.00000000 0.00000000
vt 0.00000000 0.00000000
vt 1.00000000 1.00000000
vt 1.00000000 0.00000000
vt -0.00000000 1.00000000
vt 1.00000000 1.00000000
vt -0.00000000 0.00000000
vt 0.00000000 0.00000000
vt 1.00000000 1.00000000
vt 1.00000000 0.00000000
vt 0.00000000 1.00000000
vt 1.00000000 0.00000000
vt 0.00000000 1.00000000
vt 1.00000000 1.00000000
vt 0.00000000 0.00000000
vt 1.00000000 0.00000000
vt 0.00000000 1.00000000
vt 1.00000000 1.00000000
vt 0.00000000 0.00000000
vt 1.00000000 0.00000000
vt 0.00000000 1.00000000
vt 1.00000000 1.00000000
vt 0.00000000 0.00000000
vt 0.00000000 1.00000000
vt 1.00000000 0.00000000
vt 0.00000000 0.00000000
vt 1.00000000 1.00000000
vt 1.00000000 0.00000000
vt -0.00000000 1.00000000
vt 1.00000000 1.00000000
vt -0.00000000 0.00000000
vt -0.00000000 0.00000000
vt 1.00000000 1.00000000
vt 1.00000000 0.00000000
vt -0.00000000 1.00000000
vt 1.00000000 0.00000000
vt 0.00000000 1.00000000
vt 1.00000000 1.00000000
vt 0.00000000 0.00000000
vt 1.00000000 0.00000000
vt 0.00000000 1.00000000
vt 1.00000000 1.00000000
vt -0.00000000 0.00000000
vt 0.66759998 0.99949998
vt 0.00050000 0.00050002
vt 0.00050000 0.99949998
vt 0.66759998 0.00050002
vt 0.00038305 0.76416123
vt 0.00038305 0.99953461
vt 0.66759998 0.76416123
vt 0.99949998 0.99953461
vt 0.99949998 0.00050002
vt 0.66759998 0.68589997
vt 0.89111751 0.00050002
vt 0.00050000 0.68589997
vt 0.99949998 0.76410002
vt 0.99949998 0.68589997
vt 0.00050000 0.76410002
vt 0.99961501 0.76416123
vt 0.00049198 0.99953461
vt 0.99960887 0.99953461
vt 0.33239800 0.76416123
vt 0.00051752 0.00050002
vt 0.33239999 0.68589997
vt 0.10890000 0.00050002
vt 0.00050000 0.76410002
vt 0.99949998 0.99949998
vt 0.99949998 0.76410002
vt 0.00050000 0.99949998
vt 0.00055818 0.00050002
vt 0.99949998 0.99949998
vt 0.99949998 0.00050002
vt 0.00055818 0.99949998
vt 0.00050000 0.99953461
vt 0.99949998 0.00050002
vt 0.00050000 0.00050002
vt 0.99949998 0.99953461
vt 0.99949998 0.99949998
vt 0.89109999 0.00050002
vt 0.89109999 0.99949998
vt 0.99949998 0.00050002
vt 0.00050000 0.00050002
vt 0.99949998 0.00050002
vt 0.99949998 0.00050002
vt 0.00050000 0.99949998
vt 0.99949998 0.99949998
vt 0.00050000 0.00050002
vt 0.00050000 0.99949998
vt 0.99949998 0.00050002
vt 0.00050000 0.00050002
vt 0.99949998 0.99949998
vt 0.99949998 0.00050002
vt 0.00050000 0.99949998
vt 0.99949998 0.99949998
vt 0.00050000 0.00050002
vt 0.00050000 0.00050002
vt 0.99949998 0.99949998
vt 0.99949998 0.00050002
vt 0.00050000 0.99949998
vt 0.99949998 0.00050002
vt 0.00050000 0.99949998
vt 0.99949998 0.99949998
vt 0.00050000 0.00050002
vt 0.99949998 0.00050002
vt 0.00050000 0.99949998
vt 0.99949998 0.99949998
vt 0.00050000 0.00050002
vt 0.00050000 0.00050002
vt 0.99949998 0.99949998
vt 0.99949998 0.00050002
vt 0.00050000 0.99949998
vt 0.99949998 0.00050002
vt 0.00050000 0.99949998
vt 0.99949998 0.99949998
vt 0.00050000 0.00050002
vt 0.00050000 0.00050002
vt 0.99949998 0.99949998
vt 0.99949998 0.00050002
vt 0.00050000 0.99949998
vt 0.99949998 0.00050002
vt 0.00050000 0.99949998
vt 0.99949998 0.99949998
vt 0.00050000 0.00050002
vt 0.99949998 0.99949998
vt 0.00050000 0.00050002
vt 0.00050000 0.99949998
vt 0.99949998 0.00050002
vt 0.00050000 0.99949998
vt 0.99949998 0.00050002
vt 0.00050000 0.00050002
vt 0.99949998 0.99949998
vt 0.64459997 0.00050002
vt 0.00050000 0.99949998
vt 0.39085680 0.99949998
vt 0.25400001 0.00050002
vt 0.99949998 0.99949998
vt 0.99949998 0.00050002
vt 0.66649997 0.00050002
vt 0.39132380 0.00044721
vt 0.74599999 0.66649997
vt 0.74607462 0.33347362
vt 0.39109999 0.99949998
vt 0.35549891 0.33347362
vt 0.00072375 0.00044721
vt 0.35542431 0.66649997
vt 0.00050000 0.99949998
vt 0.00050000 0.00050002
vt 0.33350000 0.99949998
vt 0.33350000 0.00050002
vt 0.00050000 0.99949998
vt 0.35540000 0.99949998
vt 0.00073955 0.33347362
vt 0.00076753 0.66649997
vt 0.35531601 0.00044721
vt 0.39109999 0.66649997
vt 0.74599999 0.99949998
vt 0.39107201 0.33347362
vt 0.74591601 0.00044721
vt 0.99949998 0.99949998
vt 0.66649997 0.00050002
vt 0.66649997 0.99949998
vt 0.33350000 0.99949998
vt 0.33350000 0.00050002
vt 0.33350000 0.99949998
vt 0.00050000 0.00050002
vt 0.00050000 0.99949998
vt 0.74599999 0.00050002
vt 0.60890001 0.99949998
vt 0.99925679 0.99949998
vt 0.35540000 0.00050002
vt 0.66649997 0.00050002
vt 0.99949998 0.99949998
vt 0.99949998 0.00050002
vt 0.66649997 0.99949998
vt 0.00050000 0.00050002
vt -0.00000000 0.00000000
vt 1.00000000 1.00000000
vt 1.00000000 0.00000000
vt -0.00000000 1.00000000
vt 1.00000000 0.00000000
vt 0.00000000 1.00000000
vt 1.00000000 1.00000000
vt 0.00000000 0.00000000
vt 0.00000000 0.00000000
vt 1.00000000 1.00000000
vt 1.00000000 0.00000000
vt 0.00000000 1.00000000
vt 1.00000000 0.00000000
vt 0.00000000 1.00000000
vt 1.00000000 1.00000000
vt 0.00000000 0.00000000
vt 1.00000000 1.00000000
vt 0.00000000 0.00000000
vt 0.00000000 1.00000000
vt 1.00000000 0.00000000
vt -0.00000000 1.00000000
vt 1.00000000 0.00000000
vt -0.00000000 0.00000000
vt 1.00000000 1.00000000
vt 0.39109999 0.99949998
vt 0.25400001 0.00050002
vt 0.00050000 0.99949998
vt 0.64459997 0.00050002
vt 0.66649997 0.00050002
vt 0.99949998 0.99949998
vt 0.99949998 0.00050002
vt 0.74599999 0.66649997
vt 0.00050000 0.99949998
vt 0.39109999 0.99949998
vt 0.35540000 0.66649997
vt 0.74583119 0.33350003
vt 0.35523120 0.33350003
vt 0.39059359 0.00050002
vt -0.00000636 0.00050002
vt 0.33350000 0.99949998
vt 0.00050000 0.00050002
vt 0.00050000 0.99949998
vt 0.33350000 0.00050002
vt 0.39109999 0.66649997
vt 0.35540000 0.99949998
vt 0.74575680 0.99949998
vt 0.00050000 0.66649997
vt 0.39104769 0.33350003
vt 0.00044770 0.33350003
vt 0.74559993 0.00050002
vt 0.35524309 0.00050002
vt 0.66649997 0.00050002
vt 0.66649997 0.99949998
vt 0.99949998 0.99949998
vt 0.33350000 0.99949998
vt 0.33350000 0.00050002
vt 0.00050000 0.00050002
vt 0.00050000 0.99949998
vt 0.33350000 0.99949998
vt 0.74599999 0.00050002
vt 0.60890001 0.99949998
vt 0.99949998 0.99949998
vt 0.35540000 0.00050002
vt 0.99949998 0.00050002
vt 0.66649997 0.99949998
vt 0.99949998 0.99949998
vt 0.66649997 0.00050002
vt 0.00050000 0.00050002
vt 0.05479457 0.98037964
vt 0.87180001 0.99951184
vt 0.12819991 0.99951184
vt 0.94536817 0.98037964
vt 0.00056535 0.90799999
vt 0.99951702 0.90799999
vt 0.00056535 0.09200001
vt 0.99951702 0.09200001
vt 0.05479457 0.01938981
vt 0.94536817 0.01938981
vt 0.12819991 0.00025761
vt 0.87180001 0.00025761
vt 0.00050000 0.99949998
vt 0.66759998 0.00050002
vt 0.00050000 0.00050002
vt 0.66759998 0.99949998
vt 0.00038305 0.99953461
vt 0.66759998 0.76416123
vt 0.00038305 0.76416123
vt 0.99949998 0.99953461
vt 0.89113379 0.00050002
vt 0.99949998 0.00050002
vt 0.66759998 0.68589997
vt 0.99949998 0.68589997
vt 0.00050000 0.76410002
vt 0.99949998 0.76410002
vt 0.00050000 0.68589997
vt 0.10890000 0.00050002
vt 0.33239609 0.76416123
vt 0.33239999 0.68589997
vt 0.99960148 0.99953461
vt 0.99961311 0.76416123
vt 0.00048454 0.99953461
vt 0.00053379 0.00050002
vt 0.99949998 0.76410002
vt 0.00050000 0.99949998
vt 0.99949998 0.99949998
vt 0.00050000 0.76410002
vt 0.00055818 0.99949998
vt 0.99949998 0.00050002
vt 0.00055818 0.00050002
vt 0.99949998 0.99949998
vt 0.99949998 0.00050002
vt 0.00050000 0.99953461
vt 0.99949998 0.99953461
vt 0.00050000 0.00050002
vt 0.89109999 0.99949998
vt 0.99949998 0.00050002
vt 0.89109999 0.00050002
vt 0.99949998 0.99949998
vt 0.99949998 0.00050002
vt 0.00050000 0.00050002
vt 0.99949998 0.00050002
vt 0.00050000 0.99949998
vt 0.99949998 0.99949998
vt 0.00050000 0.00050002
vt 0.99949998 0.00050002
vt 0.00050000 0.50000000
vt 0.99949998 0.50000000
vt 0.00050000 0.00050002
vt 0.00076118 0.00050002
vt 0.99949998 0.50000000
vt 0.99949998 0.00050002
vt 0.00050000 0.50000000
vt 0.99949998 0.00050002
vt 0.37078300 0.99949944
vt 0.99949998 0.99949944
vt 0.00050000 0.50000000
vt 0.00050000 0.00050002
vt 0.00023882 0.99949944
vt 0.99949998 0.00050002
vt 0.00076118 0.00050002
vt 0.99897760 0.99949944
vt 0.99949998 0.50000000
vt 0.00050000 0.50000000
vt 0.00050000 0.99949998
vt 0.99949998 0.50000000
vt 0.00050000 0.99949998
vt 0.00050000 0.99949998
vt 0.99949998 0.99949998
vt 0.99949998 0.50000000
vt 0.99949998 0.00050002
vt 0.00023882 0.62912369
vt 0.99949998 0.62930000
vt 0.00050000 0.00050002
vt 0.99949998 0.50000000
vt 0.00050000 0.99949998
vt 0.62930000 0.99949998
vt 0.00000000 0.00000000
vt 1.00000000 1.00000000
vt 1.00000000 0.00000000
vt 0.00000000 1.00000000
vt -0.00000000 1.00000000
vt 1.00000000 0.00000000
vt 0.00000000 0.00000000
vt 1.00000000 1.00000000
vt 1.00000000 0.00000000
vt 0.00000000 1.00000000
vt 1.00000000 1.00000000
vt 0.00000000 0.00000000
vt 0.00000000 0.00000000
vt 1.00000000 1.00000000
vt 1.00000000 0.00000000
vt 0.00000000 1.00000000
vt 1.00000000 0.00000000
vt 0.00000000 1.00000000
vt 1.00000000 1.00000000
vt 0.00000000 0.00000000
vt 1.00000000 1.00000000
vt -0.00000000 0.00000000
vt -0.00000000 1.00000000
vt 1.00000000 0.00000000
vt 0.64459997 0.00050002
vt 0.00050000 0.99949998
vt 0.39109999 0.99949998
vt 0.25400001 0.00050002
vt 0.99949998 0.99949998
vt 0.99949998 0.00050002
vt 0.66649997 0.00050002
vt 0.39802659 0.00044978
vt 0.74599999 0.66649997
vt 0.74911761 0.33347619
vt 0.38867390 0.99949998
vt 0.35851759 0.33347619
vt 0.00985264 0.00044978
vt 0.35540000 0.66649997
vt 0.00050000 0.99949998
vt 0.00050000 0.00050002
vt 0.33350000 0.99949998
vt 0.33350000 0.00050002
vt 0.00050000 0.99949998
vt 0.35540000 0.99949998
vt 0.00202261 0.33347619
vt 0.00050000 0.66649997
vt 0.35996771 0.00044978
vt 0.39109999 0.66649997
vt 0.74599999 0.99949998
vt 0.39262259 0.33347619
vt 0.75056767 0.00044978
vt 0.66649997 0.99949998
vt 0.33350000 0.99949998
vt 0.33350000 0.00050002
vt 0.00050000 0.00050002
vt 0.00050000 0.99949998
vt 0.74599999 0.00050002
vt 0.60890001 0.99949998
vt 0.99949998 0.99949998
vt 0.35540000 0.00050002
vt 0.66649997 0.00050002
vt 0.99949998 0.99949998
vt 0.99949998 0.00050002
vt 0.66649997 0.99949998
vt 0.00050000 0.00050002
vt 0.99949998 0.99949998
vt 0.99949998 0.00050002
vt 0.00050000 0.99949998
vt 0.99949998 0.00050002
vt 0.00050000 0.99949998
vt 0.99949998 0.99949998
vt 0.00050000 0.00050002
vt 0.00050000 0.00050002
vt 0.99949998 0.99949998
vt 0.99949998 0.00050002
vt 0.00050000 0.99949998
vt 0.99949998 0.00050002
vt 0.00050000 0.99949998
vt 0.99949998 0.99949998
vt 0.00050000 0.00050002
vt 0.99949998 0.99949998
vt 0.00050000 0.00050002
vt 0.00050000 0.99949998
vt 0.99949998 0.00050002
vt 0.00050000 0.99949998
vt 0.99949998 0.00050002
vt 0.00050000 0.00050002
vt 0.99949998 0.99949998
vt 0.99949998 0.99949998
vt 0.00050000 0.00050002
vt 0.00050000 0.99949998
vt 0.99949998 0.00050002
vt 0.00050000 0.99949998
vt 0.99949998 0.00050002
vt 0.00050000 0.00050002
vt 0.99949998 0.99949998
vt 0.99949998 0.00050002
vt 0.00050000 0.99949998
vt 0.99949998 0.99949998
vt 0.00050000 0.00050002
vt 0.00050000 0.00050002
vt 0.99949998 0.99949998
vt 0.99949998 0.00050002
vt 0.00050000 0.99949998
vt 0.99949998 0.00050002
vt 0.00050000 0.99949998
vt 0.99949998 0.99949998
vt 0.00050000 0.00050002
vt 0.99949998 0.00050002
vt 0.00050000 0.99949998
vt 0.99949998 0.99949998
vt 0.00050000 0.00050002
vt 0.47499999 0.52740002
vt 0.52499998 -0.09410000
vt 0.47499999 -0.09410000
vt 0.52499998 0.52740002
vt 0.56744611 0.81075221
vt 0.50086880 1.09410405
vt 0.54389298 1.09410405
vt 0.50080001 0.52740002
vt 0.56739998 0.52740002
vt 0.46790001 -0.09410000
vt 0.43258330 -0.09410000
vt 0.47499999 0.81070000
vt 0.52499998 0.81070000
vt 0.49919999 0.52740002
vt 0.45613661 1.09410405
vt 0.49914640 1.09410405
vt 0.43256149 0.81075221
vt 0.43259999 0.52740002
vt 0.56739998 -0.09410000
vt 0.53208327 -0.09410000
vt 0.52499998 0.53209996
vt 0.47499999 0.56739998
vt 0.52499998 0.56739998
vt 0.47499999 0.53209996
vt 0.47499999 0.52740002
vt 0.52499998 1.09399962
vt 0.52499998 0.52740002
vt 0.47499999 1.09399962
vt 0.52499998 0.45621443
vt 0.47499999 0.49919999
vt 0.52499998 0.49919999
vt 0.47499999 0.45620000
vt 0.47499999 1.09410000
vt 0.47499999 -0.09410000
vt 0.52499998 -0.09410000
vt 0.52499998 1.09410000
vt 0.52499998 0.81070000
vt 0.47499999 1.09410000
vt 0.99949998 0.00050002
vt 0.00050000 0.99949998
vt 0.99949998 0.99949998
vt 0.00050000 0.00050002
vt 0.00050000 0.00050002
vt 0.99949998 0.99949998
vt 0.99949998 0.00050002
vt 0.00050000 0.99949998
vt 0.00050000 0.99949998
vt 0.99949998 0.00050002
vt 0.00050000 0.00050002
vt 0.99949998 0.99949998
vt 0.00050000 0.99949998
vt 0.99949998 0.00050002
vt 0.00050000 0.00050002
vt 0.99949998 0.99949998
vt 0.00050000 0.99949998
vt 0.99949998 0.00050002
vt 0.00050000 0.00050002
vt 0.99949998 0.99949998
vt 0.99949998 0.00050002
vt 0.00050000 0.99949998
vt 0.99949998 0.99949998
vt 0.00050000 0.00050002
vt 0.00050000 0.00050002
vt 0.99949998 0.99949998
vt 0.99949998 0.00050002
vt 0.00050000 0.99949998
vt 0.99949998 0.00050002
vt 0.00050000 0.99949998
vt 0.99949998 0.99949998
vt 0.00050000 0.00050002
vt 0.00050000 0.00050002
vt 0.99949998 0.99949998
vt 0.99949998 0.00050002
vt 0.00050000 0.99949998
vt 0.99949998 0.00050002
vt 0.00050000 0.99949998
vt 0.99949998 0.99949998
vt 0.00050000 0.00050002
vt 0.99949998 0.99949998
vt 0.00050000 0.00050002
vt 0.00050000 0.99949998
vt 0.99949998 0.00050002
vt 0.00050000 0.99949998
vt 0.99949998 0.00050002
vt 0.00050000 0.00050002
vt 0.99949998 0.99949998
vt 0.94520527 0.01962030
vt 0.12819991 0.00048810
vt 0.87180001 0.00048810
vt 0.05463168 0.01962030
vt 0.99943447 0.09200001
vt 0.00048288 0.09200001
vt 0.99943447 0.90799999
vt 0.00048288 0.90799999
vt 0.94520527 0.98061019
vt 0.05463168 0.98061019
vt 0.87180001 0.99974239
vt 0.12819991 0.99974239
vt 0.00050000 0.99949998
vt 0.99949998 0.00050002
vt 0.00050000 0.00050002
vt 0.99949998 0.99949998
vt 0.99949998 0.00050002
vt 0.00050000 0.99949998
vt 0.99949998 0.99949998
vt 0.00050000 0.00050002
vt 0.99949998 0.99949998
vt 0.00050000 0.00050002
vt 0.00050000 0.99949998
vt 0.99949998 0.00050002
vt 0.99949998 0.00050002
vt 0.00050000 0.99949998
vt 0.99949998 0.99949998
vt 0.00050000 0.00050002
vt 0.00050000 0.00050002
vt 0.99949998 0.99949998
vt 0.99949998 0.00050002
vt 0.00050000 0.99949998
vt 0.00050000 0.00050002
vt 0.99949998 0.99949998
vt 0.99949998 0.00050002
vt 0.00050000 0.99949998
vt 0.05430649 0.01822221
vt 0.86960000 0.00047672
vt 0.13040000 0.00047672
vt 0.94563162 0.01822221
vt 0.00048425 0.09219998
vt 0.99953640 0.09219998
vt 0.00048425 0.90780002
vt 0.99953640 0.90780002
vt 0.05430649 0.98154742
vt 0.94563162 0.98154742
vt 0.13040000 0.99952334
vt 0.86960000 0.99952334
vt 0.13040000 0.56659997
vt 0.86960000 0.00050002
vt 0.13040000 0.00050002
vt 0.86960000 0.56659997
vt 0.05439996 0.56659997
vt 0.05439996 0.00050002
vt 0.98170000 0.56659997
vt 0.90780002 0.00050002
vt 0.90780002 0.56659997
vt 0.98170000 0.00050002
vt 0.90780002 0.00050002
vt 0.09219998 0.56659997
vt 0.90780002 0.56659997
vt 0.09219998 0.00050002
vt 0.09219998 0.00050002
vt 0.01829999 0.56659997
vt 0.09219998 0.56659997
vt 0.01829999 0.00050002
vt 0.86960000 0.00050002
vt 0.94559997 0.56659997
vt 0.94559997 0.00050002
vt 0.86960000 0.56659997
vt 0.13040000 0.00050002
vt 0.13040000 0.56659997
vt 0.05439996 0.00050002
vt 0.05439996 0.56659997
vt 0.98170000 0.00050002
vt 0.90780002 0.56659997
vt 0.98170000 0.56659997
vt 0.90780002 0.00050002
vt 0.90780002 0.00050002
vt 0.09219998 0.56659997
vt 0.90780002 0.56659997
vt 0.09219998 0.00050002
vt 0.09219998 0.56659997
vt 0.01829999 0.00050002
vt 0.01829999 0.56659997
vt 0.09219998 0.00050002
vt 0.94559997 0.00050002
vt 0.94559997 0.56659997
vt 0.47499999 -0.09410000
vt 0.52499998 0.52740002
vt 0.52499998 -0.09410000
vt 0.47499999 0.52740002
vt 0.56739622 0.81075221
vt 0.50079250 1.09410405
vt 0.54375601 1.09410405
vt 0.50080001 0.52740002
vt 0.56739998 0.52740002
vt 0.46790001 -0.09410000
vt 0.43264121 -0.09410000
vt 0.52499998 0.81070000
vt 0.47499999 0.81070000
vt 0.49919999 0.52740002
vt 0.45620641 1.09410405
vt 0.49917001 1.09410405
vt 0.43258500 0.81075221
vt 0.43259999 0.52740002
vt 0.56739998 -0.09410000
vt 0.53214121 -0.09410000
vt 0.47499999 0.56739998
vt 0.52499998 0.53209996
vt 0.47499999 0.53209996
vt 0.52499998 0.56739998
vt 0.47499999 1.09399962
vt 0.52499998 0.52740002
vt 0.47499999 0.52740002
vt 0.52499998 1.09399962
vt 0.47499999 0.49919999
vt 0.52499998 0.45620000
vt 0.47499999 0.45620000
vt 0.52499998 0.49919999
vt 0.52499998 1.09410000
vt 0.47499999 1.09410000
vt 0.52499998 -0.09410000
vt 0.47499999 -0.09410000
vt 0.99949998 0.00050002
vt 0.00050000 0.99949998
vt 0.99949998 0.99949998
vt 0.00050000 0.00050002
vt 0.00050000 0.00050002
vt 0.99949998 0.99949998
vt 0.99949998 0.00050002
vt 0.00050000 0.99949998
vt 0.00050000 0.99949998
vt 0.99949998 0.00050002
vt 0.00050000 0.00050002
vt 0.99949998 0.99949998
vt 0.00050000 0.99949998
vt 0.99949998 0.00050002
vt 0.00050000 0.00050002
vt 0.99949998 0.99949998
vt 0.00050000 0.99949998
vt 0.99949998 0.00050002
vt 0.00050000 0.00050002
vt 0.99949998 0.99949998
vt 0.99949998 0.00050002
vt 0.00050000 0.99949998
vt 0.99949998 0.99949998
vt 0.00050000 0.00050002
vt 0.00050000 0.99949998
vt 0.99949998 0.00050002
vt 0.00050000 0.00050002
vt 0.99949998 0.99949998
vt 0.99754119 0.50000000
vt -0.00341765 0.99949944
vt 0.62536472 0.99949944
vt 0.00050000 0.50000000
vt 0.99949998 0.00050002
vt 0.00050000 0.00050002
vt 0.00050000 0.50000000
vt 0.99949998 0.00050002
vt 0.00050000 0.00050002
vt 0.99949998 0.50000000
vt 0.99754119 0.50000000
vt 0.37071761 0.99949944
vt 0.99949998 0.99949944
vt 0.00050000 0.50000000
vt 0.99949998 0.00050002
vt 0.00050000 0.00050002
vt 0.00050000 0.00050002
vt 0.99949998 0.50000000
vt 0.99949998 0.00050002
vt 0.00050000 0.50000000
vt 0.00050000 0.50000000
vt 0.99949998 0.99949998
vt 0.99949998 0.50000000
vt 0.00050000 0.99949998
vt 0.00050000 0.62930000
vt 0.99949998 0.00050002
vt 0.00050000 0.00050002
vt 0.99949998 0.62930000
vt 0.00050000 0.99949998
vt 0.99949998 0.99949998
vt 0.00050000 0.99949998
vt 0.99949998 0.00050002
vt 0.00050000 0.00050002
vt 0.99949998 0.99949998
vt 0.99949998 0.00050002
vt 0.00050000 0.99949998
vt 0.99949998 0.99949998
vt 0.00050000 0.00050002
vt 0.99949998 0.99949998
vt 0.00050000 0.00050002
vt 0.00050000 0.99949998
vt 0.99949998 0.00050002
vt 0.99949998 0.00050002
vt 0.00050000 0.99949998
vt 0.99949998 0.99949998
vt 0.00050000 0.00050002
vt 0.00050000 0.00050002
vt 0.99949998 0.99949998
vt 0.99949998 0.00050002
vt 0.00050000 0.99949998
vt 0.00050000 0.00050002
vt 0.99949998 0.99949998
vt 0.99949998 0.00050002
vt 0.00050000 0.99949998
vt -0.00000000 1.00000000
vt 1.00000000 0.00000000
vt -0.00000000 0.00000000
vt 1.00000000 1.00000000
vt 1.00000000 0.00000000
vt 0.00000000 1.00000000
vt 1.00000000 1.00000000
vt 0.00000000 0.00000000
vt 0.00000000 0.00000000
vt 1.00000000 1.00000000
vt 1.00000000 0.00000000
vt 0.00000000 1.00000000
vt 1.00000000 0.00000000
vt 0.00000000 1.00000000
vt 1.00000000 1.00000000
vt 0.00000000 0.00000000
vt 0.00000000 1.00000000
vt 1.00000000 0.00000000
vt 0.00000000 0.00000000
vt 1.00000000 1.00000000
vt 0.00000000 1.00000000
vt 1.00000000 0.00000000
vt 0.00000000 0.00000000
vt 1.00000000 1.00000000
vt -0.00000000 1.00000000
vt 1.00000000 0.00000000
vt -0.00000000 0.00000000
vt 1.00000000 1.00000000
vt 1.00000000 0.00000000
vt 0.00000000 1.00000000
vt 1.00000000 1.00000000
vt 0.00000000 0.00000000
vt 1.00000000 1.00000000
vt 0.00000000 0.00000000
vt 0.00000000 1.00000000
vt 1.00000000 0.00000000
vt 1.00000000 0.00000000
vt 0.00000000 1.00000000
vt 1.00000000 1.00000000
vt 0.00000000 0.00000000
vt 0.00000000 0.00000000
vt 1.00000000 1.00000000
vt 1.00000000 0.00000000
vt 0.00000000 1.00000000
vt -0.00000000 0.00000000
vt 1.00000000 1.00000000
vt 1.00000000 0.00000000
vt 0.00000000 1.00000000
vt 0.47499999 0.52740002
vt 0.52499998 -0.09410000
vt 0.47499999 -0.09410000
vt 0.52499998 0.52740002
vt 0.56743789 0.81075221
vt 0.50087577 1.09410405
vt 0.54389161 1.09410405
vt 0.50085098 0.81075221
vt 0.56739998 0.52740002
vt 0.50080001 0.52740002
vt 0.46790001 -0.09410000
vt 0.43258891 -0.09410000
vt 0.47499999 0.81070000
vt 0.52499998 0.81070000
vt 0.49915409 0.81075221
vt 0.45613149 1.09410405
vt 0.49913421 1.09410405
vt 0.43256709 0.81075221
vt 0.49919999 0.52740002
vt 0.43259999 0.52740002
vt 0.56739998 -0.09410000
vt 0.53208888 -0.09410000
vt 0.52499998 0.53209996
vt 0.47499999 0.56739998
vt 0.52499998 0.56739998
vt 0.47499999 0.53209996
vt 0.47499999 0.81070000
vt 0.52499998 1.09410000
vt 0.52499998 0.81070000
vt 0.47499999 1.09410000
vt 0.52499998 0.45621312
vt 0.47499999 0.49919999
vt 0.52499998 0.49919999
vt 0.47499999 0.45620000
vt 0.47499999 1.09410000
vt 0.47499999 -0.09410000
vt 0.52499998 0.52740002
vt 0.52499998 -0.09410000
vt 0.47499999 0.52740002
vt 0.52499998 0.81070000
vt 0.47499999 0.81070000
vt 0.52499998 1.09410000
vt 0.52499998 0.81070000
vt 0.47499999 1.09410000
vt -0.00000000 1.00000000
vt 1.00000000 0.00000000
vt -0.00000000 0.00000000
vt 1.00000000 1.00000000
vt 1.00000000 0.00000000
vt 0.00000000 1.00000000
vt 1.00000000 1.00000000
vt 0.00000000 0.00000000
vt -0.00000000 1.00000000
vt 1.00000000 0.00000000
vt -0.00000000 0.00000000
vt 1.00000000 1.00000000
vt 1.00000000 0.00000000
vt 0.00000000 1.00000000
vt 1.00000000 1.00000000
vt 0.00000000 0.00000000
vt -0.00000000 0.00000000
vt 1.00000000 1.00000000
vt 1.00000000 0.00000000
vt -0.00000000 1.00000000
vt 0.00000000 1.00000000
vt 1.00000000 0.00000000
vt 0.00000000 0.00000000
vt 1.00000000 1.00000000
vt 0.00000000 1.00000000
vt 1.00000000 0.00000000
vt 0.00000000 0.00000000
vt 1.00000000 1.00000000
vt 1.00000000 0.00000000
vt -0.00000000 1.00000000
vt 1.00000000 1.00000000
vt -0.00000000 0.00000000
vt 1.00000000 1.00000000
vt 0.00000000 0.00000000
vt 0.00000000 1.00000000
vt 1.00000000 0.00000000
vt 1.00000000 0.00000000
vt 0.00000000 1.00000000
vt 1.00000000 1.00000000
vt 0.00000000 0.00000000
vt 0.00000000 0.00000000
vt 1.00000000 1.00000000
vt 1.00000000 0.00000000
vt 0.00000000 1.00000000
vt 0.00000000 0.00000000
vt 1.00000000 1.00000000
vt 1.00000000 0.00000000
vt 0.00000000 1.00000000
vt -0.00000000 1.00000000
vt 1.00000000 0.00000000
vt -0.00000000 0.00000000
vt 1.00000000 1.00000000
vt 1.00000000 0.00000000
vt -0.00000000 1.00000000
vt 1.00000000 1.00000000
vt -0.00000000 0.00000000
vt 0.00000000 1.00000000
vt 1.00000000 0.00000000
vt 0.00000000 0.00000000
vt 1.00000000 1.00000000
vt 1.00000000 0.00000000
vt 0.00000000 1.00000000
vt 1.00000000 1.00000000
vt 0.00000000 0.00000000
vt 0.00000000 0.00000000
vt 1.00000000 1.00000000
vt 1.00000000 0.00000000
vt 0.00000000 1.00000000
vt 0.00000000 1.00000000
vt 1.00000000 0.00000000
vt 0.00000000 0.00000000
vt 1.00000000 1.00000000
vt 0.00050000 0.99949998
vt 0.66759998 0.00050002
vt 0.00050000 0.00050002
vt 0.66759998 0.99949998
vt 0.00046473 0.99953461
vt 0.66759998 0.76416123
vt 0.00046473 0.76416123
vt 0.99949998 0.99953461
vt 0.89114439 0.00050002
vt 0.99949998 0.00050002
vt 0.66759998 0.68589997
vt 0.99949998 0.68589997
vt 0.00050000 0.76410002
vt 0.99949998 0.76410002
vt 0.00050000 0.68589997
vt 0.10890000 0.00050002
vt 0.33239490 0.76416123
vt 0.33239999 0.68589997
vt 0.99951488 0.99953461
vt 0.99953020 0.76416123
vt 0.00047968 0.99953461
vt 0.00054441 0.00050002
vt 0.99949998 0.76410002
vt 0.00050000 0.99949998
vt 0.99949998 0.99949998
vt 0.00050000 0.76410002
vt 0.00051755 0.99949998
vt 0.99949998 0.00050002
vt 0.00051755 0.00050002
vt 0.99949998 0.99949998
vt 0.99949998 0.00050002
vt 0.00050000 0.99953461
vt 0.99949998 0.99953461
vt 0.00050000 0.00050002
vt 0.89109999 0.99949998
vt 0.99949998 0.00050002
vt 0.89109999 0.00050002
vt 0.99949998 0.99949998
vt 0.99949998 0.00050002
vt 0.00050000 0.00050002
vt 0.00000000 1.00000000
vt 1.00000000 0.00000000
vt 0.00000000 0.00000000
vt 1.00000000 1.00000000
vt 1.00000000 0.00000000
vt 0.00000000 1.00000000
vt 1.00000000 1.00000000
vt 0.00000000 0.00000000
vt 0.00000000 1.00000000
vt 1.00000000 0.00000000
vt 0.00000000 0.00000000
vt 1.00000000 1.00000000
vt 1.00000000 0.00000000
vt -0.00000000 1.00000000
vt 1.00000000 1.00000000
vt -0.00000000 0.00000000
vt 0.00000000 0.00000000
vt 1.00000000 1.00000000
vt 1.00000000 0.00000000
vt 0.00000000 1.00000000
vt -0.00000000 1.00000000
vt 1.00000000 0.00000000
vt -0.00000000 0.00000000
vt 1.00000000 1.00000000
vt 0.94520527 0.01955730
vt 0.12819991 0.00044978
vt 0.87180001 0.00044978
vt 0.05462962 0.01955730
vt 0.99943447 0.09200001
vt 0.00050350 0.09200001
vt 0.99943447 0.90799999
vt 0.00050350 0.90799999
vt 0.94520527 0.98044264
vt 0.05462962 0.98044264
vt 0.87180001 0.99955022
vt 0.12819991 0.99955022
vt 0.94541758 0.01964080
vt 0.12819991 0.00051397
vt 0.87180001 0.00051397
vt 0.05458225 0.01964080
vt 0.99944520 0.09200001
vt 0.00055474 0.09200001
vt 0.99944520 0.90799999
vt 0.00055474 0.90799999
vt 0.94541758 0.98035920
vt 0.05458225 0.98035920
vt 0.87180001 0.99948603
vt 0.12819991 0.99948603
vt 0.99949998 0.00050002
vt 0.00050000 0.99949998
vt 0.99949998 0.99949998
vt 0.00050000 0.00050002
vt 0.99949998 0.00050002
vt 0.00050000 0.50000000
vt 0.99930412 0.50000000
vt 0.00050000 0.00050002
vt 0.00076118 0.00050002
vt 0.99949998 0.50000000
vt 0.99949998 0.00050002
vt 0.00050000 0.50000000
vt 0.99930412 0.50000000
vt 0.37071761 0.99949944
vt 0.99949998 0.99949944
vt 0.00050000 0.50000000
vt 0.99949998 0.00050002
vt 0.00050000 0.00050002
vt 0.00050000 0.50000000
vt 0.99949998 0.00050002
vt 0.00076118 0.00050002
vt 0.99949998 0.50000000
vt 0.00050000 0.50000000
vt 0.00050000 0.99949998
vt 0.99949998 0.50000000
vt 0.00050000 0.99949998
vt 0.00050000 0.99949998
vt 0.99949998 0.99949998
vt 0.99949998 0.50000000
vt 0.99949998 0.00050002
vt 0.00023883 0.62910420
vt 0.99949998 0.62930000
vt 0.00050000 0.00050002
vt 0.00050000 0.99949998
vt 0.99949998 0.50000000
vt 0.00050000 0.50000000
vt 0.99923879 0.99949998
vt 0.99949998 0.50000000
vt 0.00050000 0.99949998
vt 0.62930000 0.99949998
vt 0.00000000 0.00000000
vt 1.00000000 1.00000000
vt 1.00000000 0.00000000
vt 0.00000000 1.00000000
vt 0.00000000 0.00000000
vt 1.00000000 1.00000000
vt 1.00000000 0.00000000
vt 0.00000000 1.00000000
vt 1.00000000 0.00000000
vt 0.00000000 1.00000000
vt 1.00000000 1.00000000
vt 0.00000000 0.00000000
vt -0.00000000 1.00000000
vt 1.00000000 0.00000000
vt 0.00000000 0.00000000
vt 1.00000000 1.00000000
vt 1.00000000 0.00000000
vt -0.00000000 1.00000000
vt 1.00000000 1.00000000
vt -0.00000000 0.00000000
vt 1.00000000 1.00000000
vt 0.00000000 0.00000000
vt 0.00000000 1.00000000
vt 1.00000000 0.00000000
vt 0.05429375 0.01822221
vt 0.86960000 0.00047672
vt 0.13040000 0.00047672
vt 0.94570619 0.01822221
vt 0.00046250 0.09219998
vt 0.99953753 0.09219998
vt 0.00046250 0.90780002
vt 0.99953753 0.90780002
vt 0.05429375 0.98177785
vt 0.94570619 0.98177785
vt 0.13040000 0.99952334
vt 0.86960000 0.99952334
vt 0.13040000 0.56659997
vt 0.86960000 0.00050002
vt 0.13040000 0.00050002
vt 0.86960000 0.56659997
vt 0.05439996 0.56659997
vt 0.05439996 0.00050002
vt 0.98170000 0.56659997
vt 0.90780002 0.00050002
vt 0.90780002 0.56659997
vt 0.98170000 0.00050002
vt 0.90780002 0.00050002
vt 0.09219998 0.56659997
vt 0.90780002 0.56659997
vt 0.09219998 0.00050002
vt 0.09219998 0.00050002
vt 0.01829999 0.56659997
vt 0.09219998 0.56659997
vt 0.01829999 0.00050002
vt 0.86960000 0.00050002
vt 0.94559997 0.56659997
vt 0.94559997 0.00050002
vt 0.86960000 0.56659997
vt 0.13040000 0.00050002
vt 0.13040000 0.56659997
vt 0.05439996 0.00050002
vt 0.05439996 0.56659997
vt 0.98170000 0.00050002
vt 0.90780002 0.56659997
vt 0.98170000 0.56659997
vt 0.90780002 0.00050002
vt 0.90780002 0.00050002
vt 0.09219998 0.56659997
vt 0.90780002 0.56659997
vt 0.09219998 0.00050002
vt 0.09219998 0.56659997
vt 0.01829999 0.00050002
vt 0.01829999 0.56659997
vt 0.09219998 0.00050002
vt 0.94559997 0.00050002
vt 0.94559997 0.56659997
vt 0.05430649 0.01831430
vt 0.86960000 0.00049973
vt 0.13040000 0.00049973
vt 0.94563162 0.01831430
vt 0.00048425 0.09219998
vt 0.99951577 0.09219998
vt 0.00048425 0.90780002
vt 0.99951577 0.90780002
vt 0.05430649 0.98168570
vt 0.94563162 0.98168570
vt 0.13040000 0.99947727
vt 0.86960000 0.99947727
vt 0.13040000 0.56659997
vt 0.86960000 0.00050002
vt 0.13040000 0.00050002
vt 0.86960000 0.56659997
vt 0.05439996 0.56659997
vt 0.05439996 0.00050002
vt 0.98170000 0.56659997
vt 0.90780002 0.00050002
vt 0.90780002 0.56659997
vt 0.98170000 0.00050002
vt 0.90780002 0.00050002
vt 0.09219998 0.56659997
vt 0.90780002 0.56659997
vt 0.09219998 0.00050002
vt 0.09219998 0.00050002
vt 0.01829999 0.56659997
vt 0.09219998 0.56659997
vt 0.01829999 0.00050002
vt 0.86960000 0.00050002
vt 0.94559997 0.56659997
vt 0.94559997 0.00050002
vt 0.86960000 0.56659997
vt 0.13040000 0.00050002
vt 0.13040000 0.56659997
vt 0.05439996 0.00050002
vt 0.05439996 0.56659997
vt 0.98170000 0.00050002
vt 0.90780002 0.56659997
vt 0.98170000 0.56659997
vt 0.90780002 0.00050002
vt 0.90780002 0.00050002
vt 0.09219998 0.56659997
vt 0.90780002 0.56659997
vt 0.09219998 0.00050002
vt 0.09219998 0.56659997
vt 0.01829999 0.00050002
vt 0.01829999 0.56659997
vt 0.09219998 0.00050002
vt 0.94559997 0.00050002
vt 0.94559997 0.56659997
vt 0.47499999 -0.09410000
vt 0.52499998 0.52740002
vt 0.52499998 -0.09410000
vt 0.47499999 0.52740002
vt 0.47513050 0.52740002
vt 0.56739622 0.81075221
vt 0.50079250 1.09410405
vt 0.54375601 1.09410405
vt 0.50080001 0.52740002
vt 0.56739998 0.52740002
vt 0.46790001 -0.09410000
vt 0.43264121 -0.09410000
vt 0.47499999 0.81070000
vt 0.52499998 0.81070000
vt 0.56739998 -0.09410000
vt 0.43259999 0.52740002
vt 0.49919999 0.52740002
vt 0.53214121 -0.09410000
vt 0.47499999 0.56739998
vt 0.52499998 0.53209996
vt 0.47499999 0.53209996
vt 0.52499998 0.56739998
vt 0.47513050 1.09399962
vt 0.47513050 0.52740002
vt 0.47499999 0.52740002
vt 0.47499999 0.81070000
vt 0.52499998 0.52740002
vt 0.52499998 1.09399962
vt 0.47499999 0.49919999
vt 0.52499998 0.45620000
vt 0.47499999 0.45620000
vt 0.52499998 0.49919999
vt 0.52486950 1.09410000
vt 0.47499999 1.09410000
vt 0.52499998 -0.09410000
vt 0.47499999 -0.09410000
vt 0.49919999 0.52740002
vt 0.43259999 0.81070000
vt 0.49919999 0.81070000
vt 0.43259999 0.52740002
vt 0.49919999 0.81070000
vt 0.45620000 1.09410000
vt 0.49916351 1.09410000
vt 0.43259999 0.81070000
vt 0.64459997 0.00050002
vt 0.00050000 0.99949998
vt 0.39109999 0.99949998
vt 0.25400001 0.00050002
vt 0.66649997 0.00050002
vt 0.99949998 0.99949998
vt 0.99949998 0.00050002
vt 0.66649997 0.99949998
vt 0.39109999 0.99949998
vt 0.35540000 0.66649997
vt 0.00050000 0.99949998
vt 0.35609111 0.33360571
vt 0.39317361 0.00063223
vt 0.00257364 0.00063223
vt 0.74599999 0.66649997
vt 0.74669111 0.33360571
vt 0.00050000 0.99949998
vt 0.33350000 0.00050002
vt 0.00050000 0.00050002
vt 0.33350000 0.99949998
vt 0.35332641 0.00063223
vt 0.39040890 0.33360571
vt 0.74392641 0.00063223
vt 0.39109999 0.66649997
vt 0.35540000 0.99949998
vt 0.74599999 0.99949998
vt -0.00019108 0.33360571
vt 0.00050000 0.66649997
vt 0.33350000 0.00050002
vt 0.33350000 0.99949998
vt 0.00050000 0.00050002
vt 0.00050000 0.99949998
vt 0.74599999 0.00050002
vt 0.60890001 0.99949998
vt 0.99949998 0.99949998
vt 0.35540000 0.00050002
vt 0.66649997 0.99949998
vt 0.99949998 0.00050002
vt 0.66649997 0.00050002
vt 0.99949998 0.99949998
vt -0.00000000 1.00000000
vt 1.00000000 0.00000000
vt 0.00000000 0.00000000
vt 1.00000000 1.00000000
vt 1.00000000 0.00000000
vt 0.00000000 1.00000000
vt 1.00000000 1.00000000
vt 0.00000000 0.00000000
vt 1.00000000 1.00000000
vt -0.00000000 0.00000000
vt -0.00000000 1.00000000
vt 1.00000000 0.00000000
vt 1.00000000 0.00000000
vt 0.00000000 1.00000000
vt 1.00000000 1.00000000
vt 0.00000000 0.00000000
vt 0.00000000 0.00000000
vt 1.00000000 1.00000000
vt 1.00000000 0.00000000
vt 0.00000000 1.00000000
vt 0.00000000 0.00000000
vt 1.00000000 1.00000000
vt 1.00000000 0.00000000
vt 0.00000000 1.00000000
vt 0.47499999 -0.09410000
vt 0.52499998 0.52740002
vt 0.52499998 -0.09410000
vt 0.47499999 0.52740002
vt 0.56745583 0.81075221
vt 0.50091159 1.09410405
vt 0.54387510 1.09410405
vt 0.50080001 0.52740002
vt 0.56739998 0.52740002
vt 0.46790001 -0.09410000
vt 0.43251061 -0.09410000
vt 0.52499998 0.81070000
vt 0.47499999 0.81070000
vt 0.49919999 0.52740002
vt 0.45620641 1.09410405
vt 0.49917001 1.09410405
vt 0.43258500 0.81075221
vt 0.43259999 0.52740002
vt 0.56739998 -0.09410000
vt 0.53201061 -0.09410000
vt 0.47499999 0.56739998
vt 0.52499998 0.53209996
vt 0.47499999 0.53209996
vt 0.52499998 0.56739998
vt 0.47499999 1.09399962
vt 0.52499998 0.52740002
vt 0.47499999 0.52740002
vt 0.52499998 1.09399962
vt 0.47499999 0.49919999
vt 0.52499998 0.45620000
vt 0.47499999 0.45620000
vt 0.52499998 0.49919999
vt 0.52499998 1.09410000
vt 0.47499999 1.09410000
vt 0.52499998 -0.09410000
vt 0.47499999 -0.09410000
vt 0.64459997 0.00050002
vt 0.00050000 0.99949998
vt 0.38867390 0.99949998
vt 0.25400001 0.00050002
vt 0.66649997 0.00050002
vt 0.99949998 0.99949998
vt 0.99949998 0.00050002
vt 0.66649997 0.99949998
vt 0.39109999 0.99949998
vt 0.35540000 0.66649997
vt 0.00050000 0.99949998
vt 0.35387799 0.33360571
vt 0.38653311 0.00063223
vt -0.00406690 0.00063223
vt 0.74599999 0.66649997
vt 0.74447799 0.33360571
vt 0.33350000 0.99949998
vt 0.00050000 0.00050002
vt 0.00050000 0.99949998
vt 0.35332641 0.00063223
vt 0.39040890 0.33360571
vt 0.74392641 0.00063223
vt 0.39109999 0.66649997
vt 0.35540000 0.99949998
vt 0.74599999 0.99949998
vt 0.00223500 0.33360571
vt 0.00292609 0.66649997
vt 0.33350000 0.00050002
vt 0.33350000 0.99949998
vt 0.00050000 0.00050002
vt 0.00050000 0.99949998
vt 0.74599999 0.00050002
vt 0.60890001 0.99949998
vt 0.99707389 0.99949998
vt 0.35540000 0.00050002
vt 0.99949998 0.99949998
vt 0.66649997 0.00050002
vt 0.66649997 0.99949998
vt 0.33350000 0.00050002
vt 0.99949998 0.00050002
vt 0.64459997 0.00050002
vt 0.00050000 0.99949998
vt 0.39109999 0.99949998
vt 0.25400001 0.00050002
vt 0.66649997 0.99949998
vt 0.99949998 0.00050002
vt 0.66649997 0.00050002
vt 0.99949998 0.99949998
vt 0.39198661 0.00044721
vt 0.74599999 0.66649997
vt 0.74629551 0.33347362
vt 0.39109999 0.99949998
vt 0.35593879 0.33347362
vt 0.00138660 0.00044721
vt 0.35564321 0.66649997
vt 0.00050000 0.99949998
vt 0.00050000 0.00050002
vt 0.33350000 0.99949998
vt 0.33350000 0.00050002
vt 0.00050000 0.99949998
vt 0.35540000 0.99949998
vt 0.00069090 0.33347362
vt 0.00074321 0.66649997
vt 0.35524309 0.00044721
vt 0.39109999 0.66649997
vt 0.74599999 0.99949998
vt 0.39104769 0.33347362
vt 0.74584311 0.00044721
vt 0.33350000 0.99949998
vt 0.33350000 0.00050002
vt 0.00050000 0.99949998
vt 0.00050000 0.00050002
vt 0.74599999 0.00050002
vt 0.60890001 0.99949998
vt 0.99949998 0.99949998
vt 0.35540000 0.00050002
vt 0.66649997 0.00050002
vt 0.99949998 0.99949998
vt 0.99949998 0.00050002
vt 0.66649997 0.99949998
vt 0.00050000 0.99949998
vt 0.99949998 0.00050002
vt 0.00050000 0.00050002
vt 0.99949998 0.99949998
vt 0.99754119 0.50000000
vt -0.00341765 0.99949944
vt 0.62536472 0.99949944
vt 0.00050000 0.50000000
vt 0.99949998 0.00050002
vt 0.00050000 0.00050002
vt 0.00050000 0.50000000
vt 0.99949998 0.00050002
vt 0.00050000 0.00050002
vt 0.99949998 0.50000000
vt 0.99754119 0.50000000
vt 0.37071761 0.99949944
vt 0.99949998 0.99949944
vt 0.00050000 0.50000000
vt 0.99949998 0.00050002
vt 0.00050000 0.00050002
vt 0.00050000 0.00050002
vt 0.99949998 0.50000000
vt 0.99949998 0.00050002
vt 0.00050000 0.50000000
vt 0.00050000 0.50000000
vt 0.99949998 0.99949998
vt 0.99949998 0.50000000
vt 0.00050000 0.99949998
vt 0.00050000 0.62930000
vt 0.99949998 0.00050002
vt 0.00050000 0.00050002
vt 0.99949998 0.62930000
vt 0.00050000 0.99949998
vt 0.99949998 0.99949998
vt 0.99949998 0.00050002
vt 0.00050000 0.99949998
vt 0.99949998 0.99949998
vt 0.00050000 0.00050002
vt 0.00050000 0.00050002
vt 0.99949998 0.99949998
vt 0.99949998 0.00050002
vt 0.00050000 0.99949998
vt 0.00050000 0.99949998
vt 0.99949998 0.00050002
vt 0.00050000 0.00050002
vt 0.99949998 0.99949998
vt 0.00050000 0.99949998
vt 0.99949998 0.00050002
vt 0.00050000 0.00050002
vt 0.99949998 0.99949998
vt 0.00050000 0.99949998
vt 0.99949998 0.00050002
vt 0.00050000 0.00050002
vt 0.99949998 0.99949998
vt 0.99949998 0.00050002
vt 0.00050000 0.99949998
vt 0.99949998 0.99949998
vt 0.00050000 0.00050002
vt 0.00050000 0.99949998
vt 0.99949998 0.00050002
vt 0.00050000 0.00050002
vt 0.99947542 0.99949998
vt 0.99949998 0.00050002
vt 0.00050000 0.99949998
vt 0.99949998 0.99949998
vt 0.00050000 0.00050002
vt 0.99949998 0.99949998
vt 0.00050000 0.00050002
vt 0.00050000 0.99949998
vt 0.99949998 0.00050002
vt 0.99949998 0.00050002
vt 0.00050000 0.99949998
vt 0.99949998 0.99949998
vt 0.00050000 0.00050002
vt 0.00050000 0.00050002
vt 0.99949998 0.99949998
vt 0.99949998 0.00050002
vt 0.00050000 0.99949998
vt 0.00050000 0.00050002
vt 0.99947542 0.99949998
vt 0.99949998 0.00050002
vt 0.00050000 0.99949998
vt 0.47499999 -0.09410000
vt 0.52499998 0.52740002
vt 0.52499998 -0.09410000
vt 0.47499999 0.52740002
vt 0.46790001 -0.09410000
vt 0.50080001 0.52740002
vt 0.56739998 0.52740002
vt 0.43251061 -0.09410000
vt 0.52499998 0.81070000
vt 0.47499999 0.81070000
vt 0.47501180 0.81070000
vt 0.56739998 -0.09410000
vt 0.43259999 0.52740002
vt 0.49919999 0.52740002
vt 0.53201061 -0.09410000
vt 0.47499999 0.56739998
vt 0.52499998 0.53209996
vt 0.47499999 0.53209996
vt 0.52499998 0.56739998
vt 0.47499999 0.52740002
vt 0.52499998 -0.09410000
vt 0.47499999 -0.09410000
vt 0.52499998 0.52740002
vt 0.56739998 0.52740002
vt 0.50080001 0.81070000
vt 0.56739998 0.81070000
vt 0.50080001 0.52740002
vt 0.47499999 1.09410000
vt 0.52499998 1.09410000
vt 0.49919999 0.52740002
vt 0.43259999 0.81070000
vt 0.49919999 0.81070000
vt 0.43259999 0.52740002
vt 0.52497649 1.09399962
vt 0.47499999 0.81070000
vt 0.47497651 1.09399962
vt 0.52499998 0.81070000
vt 0.50080001 0.81070000
vt 0.50080001 1.09410000
vt 0.56739998 0.81070000
vt 0.56739998 0.81070000
vt 0.50080001 1.09410000
vt 0.54380000 1.09410000
vt 0.47501180 0.49919999
vt 0.52499998 0.45620000
vt 0.47499999 0.45620000
vt 0.52499998 0.49919999
vt 0.49919999 0.81070000
vt 0.45620000 1.09410000
vt 0.49916351 1.09410000
vt 0.43259999 0.81070000
vt 0.64459997 0.00050002
vt 0.00050000 0.99949998
vt 0.39109999 0.99949998
vt 0.25400001 0.00050002
vt 0.66649997 0.00050002
vt 0.99949998 0.99949998
vt 0.99949998 0.00050002
vt 0.38867390 0.99949998
vt 0.35540000 0.66649997
vt 0.00050000 0.99949998
vt 0.35851991 0.33323550
vt 0.39803100 -0.00002897
vt 0.00985713 -0.00002897
vt 0.74599999 0.66649997
vt 0.74911988 0.33323550
vt 0.00050000 0.99949998
vt 0.33350000 0.00050002
vt 0.00050000 0.00050002
vt 0.33350000 0.99949998
vt 0.35996991 -0.00002897
vt 0.39262369 0.33323550
vt 0.75056988 -0.00002897
vt 0.39109999 0.66649997
vt 0.35540000 0.99949998
vt 0.74599999 0.99949998
vt 0.00202371 0.33323550
vt 0.00050000 0.66649997
vt 0.66649997 0.99949998
vt 0.33350000 0.00050002
vt 0.33350000 0.99949998
vt 0.00050000 0.99949998
vt 0.00050000 0.00050002
vt 0.74599999 0.00050002
vt 0.60890001 0.99949998
vt 0.99949998 0.99949998
vt 0.35540000 0.00050002
vt 0.66649997 0.99949998
vt 0.99949998 0.00050002
vt 0.66649997 0.00050002
vt 0.99949998 0.99949998
vt 0.66759998 0.00050002
vt 0.00050000 0.99949998
vt 0.66759998 0.99949998
vt 0.00050000 0.00050002
vt 0.89113009 0.00050002
vt 0.99949998 0.99953461
vt 0.99949998 0.00050002
vt 0.66759998 0.76416123
vt 0.00033406 0.99953461
vt 0.66759998 0.68589997
vt 0.00033406 0.76416123
vt 0.99949998 0.68589997
vt 0.00050000 0.76410002
vt 0.99949998 0.76410002
vt 0.00050000 0.68589997
vt 0.00048623 0.99953461
vt 0.10890000 0.00050002
vt 0.00053010 0.00050002
vt 0.33239660 0.76416123
vt 0.99965221 0.99953461
vt 0.33239999 0.68589997
vt 0.99966252 0.76416123
vt 0.99949998 0.76410002
vt 0.00050000 0.99949998
vt 0.99949998 0.99949998
vt 0.00050000 0.76410002
vt 0.99949998 0.00050002
vt 0.00058254 0.99949998
vt 0.99949998 0.99949998
vt 0.00058254 0.00050002
vt 0.99949998 0.00050002
vt 0.00050000 0.99953461
vt 0.99949998 0.99953461
vt 0.00050000 0.00050002
vt 0.99949998 0.00050002
vt 0.89109999 0.99949998
vt 0.99949998 0.99949998
vt 0.89109999 0.00050002
vt 0.99949998 0.00050002
vt 0.00050000 0.00050002
vt 0.00050000 0.99949998
vt 0.99949998 0.00050002
vt 0.00050000 0.00050002
vt 0.99949998 0.99949998
vt 0.99949998 0.00050002
vt 0.00050000 0.50000000
vt 0.99949998 0.50000000
vt 0.00050000 0.00050002
vt 0.99949998 0.50000000
vt 0.00310835 0.00050002
vt 0.00050000 0.50000000
vt 0.99949998 0.00050002
vt 0.99949998 0.00050002
vt 0.37071761 0.99949944
vt 0.99949998 0.99949944
vt 0.00050000 0.50000000
vt 0.00050000 0.00050002
vt 0.99949998 0.00050002
vt 0.99428332 0.99949944
vt 0.99949998 0.50000000
vt 0.00310835 0.00050002
vt -0.00210835 0.99949944
vt 0.00050000 0.50000000
vt 0.00050000 0.99949998
vt 0.99949998 0.50000000
vt 0.00050000 0.99949998
vt 0.99949998 0.99949998
vt 0.00050000 0.62930000
vt 0.99689162 0.00050002
vt 0.00050000 0.00050002
vt 0.99949998 0.62930000
vt 0.62930000 0.99949998
vt 0.64459997 0.00050002
vt 0.00050000 0.99949998
vt 0.39109999 0.99949998
vt 0.25400001 0.00050002
vt 0.66649997 0.99949998
vt 0.99949998 0.00050002
vt 0.66649997 0.00050002
vt 0.99949998 0.99949998
vt 0.39174339 0.00044721
vt 0.74599999 0.66649997
vt 0.74629551 0.33347362
vt 0.39085680 0.99949998
vt 0.35569549 0.33347362
vt 0.00138660 0.00044721
vt 0.35540000 0.66649997
vt 0.00050000 0.99949998
vt 0.00050000 0.00050002
vt 0.33350000 0.99949998
vt 0.33350000 0.00050002
vt 0.00050000 0.99949998
vt 0.35540000 0.99949998
vt 0.00044769 0.33347362
vt 0.00050000 0.66649997
vt 0.35524309 0.00044721
vt 0.39109999 0.66649997
vt 0.74575680 0.99949998
vt 0.39104769 0.33347362
vt 0.74559993 0.00044721
vt 0.33350000 0.99949998
vt 0.33350000 0.00050002
vt 0.00050000 0.99949998
vt 0.00050000 0.00050002
vt 0.74599999 0.00050002
vt 0.60890001 0.99949998
vt 0.99949998 0.99949998
vt 0.35540000 0.00050002
vt 0.66649997 0.00050002
vt 0.99949998 0.99949998
vt 0.99949998 0.00050002
vt 0.66649997 0.99949998
vt 0.00050000 0.99949998
vt 0.99949998 0.00050002
vt 0.00050000 0.00050002
vt 0.99949998 0.99949998
vt 0.99949998 0.00050002
vt 0.00050000 0.50000000
vt 0.99949998 0.50000000
vt 0.00050000 0.00050002
vt 0.99949998 0.50000000
vt 0.00310835 0.00050002
vt 0.00050000 0.50000000
vt 0.99949998 0.00050002
vt 0.99949998 0.50000000
vt 0.37098619 0.99949944
vt 0.99989182 0.99949944
vt 0.00050000 0.50000000
vt 0.99949998 0.00050002
vt 0.00050000 0.00050002
vt 0.99949998 0.00050002
vt 0.00050000 0.50000000
vt 0.99949998 0.50000000
vt 0.00310835 0.00050002
vt 0.00050000 0.50000000
vt 0.00050000 0.99949998
vt 0.99949998 0.50000000
vt 0.00050000 0.99949998
vt 0.99949998 0.99949998
vt 0.00050000 0.62930000
vt 0.99689162 0.00050002
vt 0.00050000 0.00050002
vt 0.99949998 0.62930000
vt 0.00050000 0.50000000
vt 0.99689162 0.99949998
vt 0.99949998 0.50000000
vt 0.00050000 0.99949998
vt 0.62930000 0.99949998
vt 0.00050000 0.99949998
vt 0.99949998 0.00050002
vt 0.00050000 0.00050002
vt 0.99947542 0.99949998
vt 0.99949998 0.00050002
vt 0.00050000 0.99949998
vt 0.99949998 0.99949998
vt 0.00050000 0.00050002
vt 0.99949998 0.99949998
vt 0.00050000 0.00050002
vt 0.00050000 0.99949998
vt 0.99949998 0.00050002
vt 0.99949998 0.00050002
vt 0.00050000 0.99949998
vt 0.99949998 0.99949998
vt 0.00050000 0.00050002
vt 0.00050000 0.00050002
vt 0.99949998 0.99949998
vt 0.99949998 0.00050002
vt 0.00050000 0.99949998
vt 0.00050000 0.00050002
vt 0.99947542 0.99949998
vt 0.99949998 0.00050002
vt 0.00050000 0.99949998
vt 0.99949998 0.00050002
vt 0.00050000 0.99949998
vt 0.99949998 0.99949998
vt 0.00050000 0.00050002
vt 0.00050000 0.99949998
vt 0.99949998 0.00050002
vt 0.00050000 0.00050002
vt 0.99949998 0.99949998
vt 0.99949998 0.00050002
vt 0.00050000 0.99949998
vt 0.99949998 0.99949998
vt 0.00050000 0.00050002
vt 0.00050000 0.00050002
vt 0.99949998 0.99949998
vt 0.99949998 0.00050002
vt 0.00050000 0.99949998
vt 0.99949998 0.00050002
vt 0.00050000 0.99949998
vt 0.99949998 0.99949998
vt 0.00050000 0.00050002
vt 0.99949998 0.00050002
vt 0.00050000 0.99949998
vt 0.99949998 0.99949998
vt 0.00050000 0.00050002
vt 0.99949998 0.00050002
vt 0.00050000 0.99949998
vt 0.99949998 0.99949998
vt 0.00050000 0.00050002
vt 0.00050000 0.00050002
vt 0.99949998 0.99949998
vt 0.99949998 0.00050002
vt 0.00050000 0.99949998
vt 0.00050000 0.99949998
vt 0.99949998 0.00050002
vt 0.00050000 0.00050002
vt 0.99949998 0.99949998
vt 0.00050000 0.99949998
vt 0.99949998 0.00050002
vt 0.00050000 0.00050002
vt 0.99949998 0.99949998
vt 0.00050000 0.99949998
vt 0.99949998 0.00050002
vt 0.00050000 0.00050002
vt 0.99949998 0.99949998
vt 0.99949998 0.00050002
vt 0.00050000 0.99949998
vt 0.99949998 0.99949998
vt 0.00050000 0.00050002
vt 0.64459997 0.00050002
vt 0.00050000 0.99949998
vt 0.39109999 0.99949998
vt 0.25400001 0.00050002
vt 0.66649997 0.00050002
vt 0.99949998 0.99949998
vt 0.99949998 0.00050002
vt 0.66649997 0.99949998
vt 0.39109999 0.99949998
vt 0.35540000 0.66649997
vt 0.00050000 0.99949998
vt 0.35609189 0.33323550
vt 0.39317501 -0.00002897
vt 0.00257501 -0.00002897
vt 0.74599999 0.66649997
vt 0.74669188 0.33323550
vt 0.00050000 0.99949998
vt 0.33350000 0.00050002
vt 0.00050000 0.00050002
vt 0.33350000 0.99949998
vt 0.35332501 -0.00002897
vt 0.39040810 0.33323550
vt 0.74392498 -0.00002897
vt 0.39109999 0.66649997
vt 0.35540000 0.99949998
vt 0.74599999 0.99949998
vt -0.00019185 0.33323550
vt 0.00050000 0.66649997
vt 0.33350000 0.00050002
vt 0.33350000 0.99949998
vt 0.00050000 0.00050002
vt 0.00050000 0.99949998
vt 0.74599999 0.00050002
vt 0.60890001 0.99949998
vt 0.99949998 0.99949998
vt 0.35540000 0.00050002
vt 0.66649997 0.99949998
vt 0.99949998 0.00050002
vt 0.66649997 0.00050002
vt 0.99949998 0.99949998
vt -0.00000000 1.00000000
vt 1.00000000 0.00000000
vt -0.00000000 0.00000000
vt 1.00000000 1.00000000
vt 1.00000000 0.00000000
vt 0.00000000 1.00000000
vt 1.00000000 1.00000000
vt 0.00000000 0.00000000
vt 1.00000000 1.00000000
vt 0.00000000 0.00000000
vt 0.00000000 1.00000000
vt 1.00000000 0.00000000
vt 1.00000000 0.00000000
vt 0.00000000 1.00000000
vt 1.00000000 1.00000000
vt 0.00000000 0.00000000
vt 0.00000000 0.00000000
vt 1.00000000 1.00000000
vt 1.00000000 0.00000000
vt 0.00000000 1.00000000
vt 0.00000000 0.00000000
vt 1.00000000 1.00000000
vt 1.00000000 0.00000000
vt 0.00000000 1.00000000
vt 0.99949998 0.00050002
vt 0.00050000 0.99949998
vt 0.99949998 0.99949998
vt 0.00050000 0.00050002
vt 0.00050000 0.00050002
vt 0.99949998 0.99949998
vt 0.99949998 0.00050002
vt 0.00050000 0.99949998
vt 0.00050000 0.99949998
vt 0.99949998 0.00050002
vt 0.00050000 0.00050002
vt 0.99949998 0.99949998
vt 0.00050000 0.99949998
vt 0.99949998 0.00050002
vt 0.00050000 0.00050002
vt 0.99949998 0.99949998
vt 0.00050000 0.99949998
vt 0.99949998 0.00050002
vt 0.00050000 0.00050002
vt 0.99949998 0.99949998
vt 0.99949998 0.00050002
vt 0.00050000 0.99949998
vt 0.99949998 0.99949998
vt 0.00050000 0.00050002
vt 0.00050000 0.99949998
vt 0.99949998 0.00050002
vt 0.00050000 0.00050002
vt 0.99949998 0.99949998
vt 0.99949998 0.00050002
vt 0.00050000 0.99949998
vt 0.99949998 0.99949998
vt 0.00050000 0.00050002
vt 0.99949998 0.99949998
vt 0.00050000 0.00050002
vt 0.00050000 0.99949998
vt 0.99949998 0.00050002
vt 0.99949998 0.00050002
vt 0.00050000 0.99949998
vt 0.99949998 0.99949998
vt 0.00050000 0.00050002
vt 0.00050000 0.00050002
vt 0.99949998 0.99949998
vt 0.99949998 0.00050002
vt 0.00050000 0.99949998
vt 0.00050000 0.00050002
vt 0.99949998 0.99949998
vt 0.99949998 0.00050002
vt 0.00050000 0.99949998
vt 0.52499998 -0.09410000
vt 0.47499999 0.52740002
vt 0.52499998 0.52740002
vt 0.47499999 -0.09410000
vt 0.50087577 1.09410405
vt 0.54387850 1.09410405
vt 0.50085098 0.81075221
vt 0.46790001 -0.09410000
vt 0.56743789 0.81075221
vt 0.56739998 0.52740002
vt 0.50080001 0.52740002
vt 0.43258891 -0.09410000
vt 0.47499999 0.81070000
vt 0.52499998 0.81070000
vt 0.49913421 1.09410405
vt 0.49915409 0.81075221
vt 0.45613149 1.09410405
vt 0.43256709 0.81075221
vt 0.53208888 -0.09410000
vt 0.43259999 0.52740002
vt 0.49919999 0.52740002
vt 0.56739998 -0.09410000
vt 0.47499999 0.53209996
vt 0.52499998 0.56739998
vt 0.52499998 0.53209996
vt 0.47499999 0.56739998
vt 0.52499998 0.81070000
vt 0.47499999 1.09410000
vt 0.52499998 1.09410000
vt 0.47499999 0.81070000
vt 0.52499998 0.49919999
vt 0.47499999 0.45620000
vt 0.47499999 0.49919999
vt 0.52499998 0.45620000
vt 0.47499999 1.09410000
vt 0.52499998 1.09410000
vt 0.52499998 -0.09410000
vt 0.47499999 0.52740002
vt 0.52499998 0.52740002
vt 0.47499999 -0.09410000
vt 0.47499999 0.81070000
vt 0.52499998 0.81070000
vt 0.00050000 0.99949998
vt 0.99949998 0.00050002
vt 0.00050000 0.00050002
vt 0.99949998 0.99949998
vt 0.99949998 0.00050002
vt 0.00050000 0.99949998
vt 0.99949998 0.99949998
vt 0.00050000 0.00050002
vt 0.99949998 0.99949998
vt 0.00050000 0.00050002
vt 0.00050000 0.99949998
vt 0.99949998 0.00050002
vt 0.99949998 0.00050002
vt 0.00050000 0.99949998
vt 0.99949998 0.99949998
vt 0.00050000 0.00050002
vt 0.00050000 0.00050002
vt 0.99949998 0.99949998
vt 0.99949998 0.00050002
vt 0.00050000 0.99949998
vt 0.00050000 0.00050002
vt 0.99949998 0.99949998
vt 0.99949998 0.00050002
vt 0.00050000 0.99949998
vt 0.00000000 0.00000000
vt 1.00000000 1.00000000
vt 1.00000000 0.00000000
vt 0.00000000 1.00000000
vt 1.00000000 0.00000000
vt -0.00000000 1.00000000
vt 1.00000000 1.00000000
vt 0.00000000 0.00000000
vt 0.00000000 0.00000000
vt 1.00000000 1.00000000
vt 1.00000000 0.00000000
vt 0.00000000 1.00000000
vt 1.00000000 0.00000000
vt 0.00000000 1.00000000
vt 1.00000000 1.00000000
vt 0.00000000 0.00000000
vt 1.00000000 1.00000000
vt 0.00000000 0.00000000
vt 0.00000000 1.00000000
vt 1.00000000 0.00000000
vt 0.00000000 1.00000000
vt 1.00000000 0.00000000
vt -0.00000000 0.00000000
vt 1.00000000 1.00000000
vt 0.52499998 -0.09410000
vt 0.47499999 0.52740002
vt 0.52499998 0.52740002
vt 0.47499999 -0.09410000
vt 0.50087577 1.09410405
vt 0.54387850 1.09410405
vt 0.50085098 0.81075221
vt 0.46790001 -0.09410000
vt 0.56743789 0.81075221
vt 0.56739998 0.52740002
vt 0.50080001 0.52740002
vt 0.43258891 -0.09410000
vt 0.47499999 0.81070000
vt 0.52499998 0.81070000
vt 0.49913421 1.09410405
vt 0.49915409 0.81075221
vt 0.45613149 1.09410405
vt 0.43256709 0.81075221
vt 0.53208888 -0.09410000
vt 0.43259999 0.52740002
vt 0.49919999 0.52740002
vt 0.56739998 -0.09410000
vt 0.47499999 0.53209996
vt 0.52499998 0.56739998
vt 0.52499998 0.53209996
vt 0.47499999 0.56739998
vt 0.52499998 0.81070000
vt 0.47499999 1.09410000
vt 0.52499998 1.09410000
vt 0.47499999 0.81070000
vt 0.52499998 0.49919999
vt 0.47499999 0.45620000
vt 0.47499999 0.49919999
vt 0.52499998 0.45620000
vt 0.47499999 1.09410000
vt 0.52499998 1.09410000
vt 0.52499998 -0.09410000
vt 0.47499999 0.52740002
vt 0.52499998 0.52740002
vt 0.47499999 -0.09410000
vt 0.47499999 0.81070000
vt 0.52499998 0.81070000
vt 0.99949998 0.99949998
vt 0.00050000 0.00050002
vt 0.00050000 0.99949998
vt 0.99949998 0.00050002
vt 0.00050000 0.99949998
vt 0.99949998 0.00050002
vt 0.00050000 0.00050002
vt 0.99949998 0.99949998
vt 0.99949998 0.00050002
vt 0.00050000 0.99949998
vt 0.99949998 0.99949998
vt 0.00050000 0.00050002
vt 0.00050000 0.00050002
vt 0.99949998 0.99949998
vt 0.99949998 0.00050002
vt 0.00050000 0.99949998
vt 0.99949998 0.00050002
vt 0.00050000 0.99949998
vt 0.99949998 0.99949998
vt 0.00050000 0.00050002
vt 0.99949998 0.00050002
vt 0.00050000 0.99949998
vt 0.99949998 0.99949998
vt 0.00050000 0.00050002
vt 0.99949998 0.00050002
vt 0.00050000 0.99949998
vt 0.99949998 0.99949998
vt 0.00050000 0.00050002
vt 0.00050000 0.00050002
vt 0.99949998 0.99949998
vt 0.99949998 0.00050002
vt 0.00050000 0.99949998
vt 0.00050000 0.99949998
vt 0.99949998 0.00050002
vt 0.00050000 0.00050002
vt 0.99949998 0.99949998
vt 0.00050000 0.99949998
vt 0.99949998 0.00050002
vt 0.00050000 0.00050002
vt 0.99949998 0.99949998
vt 0.00050000 0.99949998
vt 0.99949998 0.00050002
vt 0.00050000 0.00050002
vt 0.99949998 0.99949998
vt 0.99949998 0.00050002
vt 0.00050000 0.99949998
vt 0.99949998 0.99949998
vt 0.00050000 0.00050002
vt -0.00000000 1.00000000
vt 1.00000000 0.00000000
vt -0.00000000 0.00000000
vt 1.00000000 1.00000000
vt 1.00000000 0.00000000
vt 0.00000000 1.00000000
vt 1.00000000 1.00000000
vt 0.00000000 0.00000000
vt 1.00000000 1.00000000
vt 0.00000000 0.00000000
vt -0.00000000 1.00000000
vt 1.00000000 0.00000000
vt 1.00000000 0.00000000
vt 0.00000000 1.00000000
vt 1.00000000 1.00000000
vt 0.00000000 0.00000000
vt 0.00000000 0.00000000
vt 1.00000000 1.00000000
vt 1.00000000 0.00000000
vt 0.00000000 1.00000000
vt -0.00000000 0.00000000
vt 1.00000000 1.00000000
vt 1.00000000 0.00000000
vt 0.00000000 1.00000000
vt 0.00050000 0.99949998
vt 0.99949998 0.00050002
vt 0.00050000 0.00050002
vt 0.99949998 0.99949998
vt 0.99949998 0.00050002
vt 0.00050000 0.99949998
vt 0.99949998 0.99949998
vt 0.00050000 0.00050002
vt 0.99949998 0.99949998
vt 0.00050000 0.00050002
vt 0.00050000 0.99949998
vt 0.99949998 0.00050002
vt 0.99949998 0.00050002
vt 0.00050000 0.99949998
vt 0.99949998 0.99949998
vt 0.00050000 0.00050002
vt 0.00050000 0.00050002
vt 0.99949998 0.99949998
vt 0.99949998 0.00050002
vt 0.00050000 0.99949998
vt 0.00050000 0.00050002
vt 0.99949998 0.99949998
vt 0.99949998 0.00050002
vt 0.00050000 0.99949998
vt -0.00000000 1.00000000
vt 1.00000000 0.00000000
vt -0.00000000 0.00000000
vt 1.00000000 1.00000000
vt 1.00000000 0.00000000
vt 0.00000000 1.00000000
vt 1.00000000 1.00000000
vt 0.00000000 0.00000000
vt 0.00000000 1.00000000
vt 1.00000000 0.00000000
vt 0.00000000 0.00000000
vt 1.00000000 1.00000000
vt 1.00000000 0.00000000
vt 0.00000000 1.00000000
vt 1.00000000 1.00000000
vt 0.00000000 0.00000000
vt 0.00000000 0.00000000
vt 1.00000000 1.00000000
vt 1.00000000 0.00000000
vt 0.00000000 1.00000000
vt 0.00000000 1.00000000
vt 1.00000000 0.00000000
vt 0.00000000 0.00000000
vt 1.00000000 1.00000000
vt 0.05479457 0.98046780
vt 0.87180001 0.99957585
vt 0.12819991 0.99957585
vt 0.94537032 0.98046780
vt 0.00056535 0.90799999
vt 0.99949640 0.90799999
vt 0.00056535 0.09200001
vt 0.99949640 0.09200001
vt 0.05479457 0.01955527
vt 0.94537032 0.01955527
vt 0.12819991 0.00044721
vt 0.87180001 0.00044721
vt 0.39109999 0.99949998
vt 0.25400001 0.00050002
vt 0.00050000 0.99949998
vt 0.64459997 0.00050002
vt 0.66649997 0.00050002
vt 0.99949998 0.99949998
vt 0.99949998 0.00050002
vt 0.74599999 0.66649997
vt 0.00050000 0.99949998
vt 0.39109999 0.99949998
vt 0.35540000 0.66649997
vt 0.74583119 0.33350003
vt 0.35523120 0.33350003
vt 0.39059359 0.00047362
vt -0.00000637 0.00047362
vt 0.33350000 0.99949998
vt 0.00050000 0.00050002
vt 0.00050000 0.99949998
vt 0.33350000 0.00050002
vt 0.39109999 0.66649997
vt 0.35540000 0.99949998
vt 0.74575680 0.99949998
vt 0.00050000 0.66649997
vt 0.39104769 0.33350003
vt 0.00044770 0.33350003
vt 0.74559993 0.00047362
vt 0.35524309 0.00047362
vt 0.66649997 0.00050002
vt 0.66649997 0.99949998
vt 0.99949998 0.99949998
vt 0.33350000 0.99949998
vt 0.33350000 0.00050002
vt 0.00050000 0.00050002
vt 0.00050000 0.99949998
vt 0.33350000 0.99949998
vt 0.74599999 0.00050002
vt 0.60890001 0.99949998
vt 0.99949998 0.99949998
vt 0.35540000 0.00050002
vt 0.99949998 0.00050002
vt 0.66649997 0.99949998
vt 0.99949998 0.99949998
vt 0.66649997 0.00050002
vt 0.00050000 0.00050002
vt 0.94569349 0.98168570
vt 0.13040000 0.99950027
vt 0.86960000 0.99950027
vt 0.05436835 0.98168570
vt 0.99951577 0.90780002
vt 0.00048425 0.90780002
vt 0.99951577 0.09219998
vt 0.00048425 0.09219998
vt 0.94569349 0.01831430
vt 0.05436835 0.01831430
vt 0.86960000 0.00052279
vt 0.13040000 0.00052279
vt 0.13040000 0.00050002
vt 0.86960000 0.56659997
vt 0.86960000 0.00050002
vt 0.13040000 0.56659997
vt 0.05439996 0.00050002
vt 0.05439996 0.56659997
vt 0.98170000 0.00050002
vt 0.90780002 0.56659997
vt 0.98170000 0.56659997
vt 0.90780002 0.00050002
vt 0.90780002 0.00050002
vt 0.09219998 0.56659997
vt 0.90780002 0.56659997
vt 0.09219998 0.00050002
vt 0.09219998 0.56659997
vt 0.01829999 0.00050002
vt 0.01829999 0.56659997
vt 0.09219998 0.00050002
vt 0.86960000 0.56659997
vt 0.94559997 0.00050002
vt 0.86960000 0.00050002
vt 0.94559997 0.56659997
vt 0.13040000 0.56659997
vt 0.13040000 0.00050002
vt 0.05439996 0.56659997
vt 0.05439996 0.00050002
vt 0.98170000 0.56659997
vt 0.90780002 0.00050002
vt 0.90780002 0.56659997
vt 0.98170000 0.00050002
vt 0.90780002 0.00050002
vt 0.09219998 0.56659997
vt 0.90780002 0.56659997
vt 0.09219998 0.00050002
vt 0.09219998 0.00050002
vt 0.01829999 0.56659997
vt 0.09219998 0.56659997
vt 0.01829999 0.00050002
vt 0.94559997 0.56659997
vt 0.94559997 0.00050002
vt 0.00050000 0.00050002
vt 0.99949998 0.99949998
vt 0.99949998 0.00050002
vt 0.00050000 0.99949998
vt 0.62908649 0.99949944
vt 0.00050000 0.50000000
vt 0.00010824 0.99949944
vt 0.99949998 0.00050002
vt 0.00050000 0.00050002
vt 0.99949998 0.50000000
vt 0.99949998 0.00050002
vt 0.00050000 0.50000000
vt 0.99949998 0.50000000
vt 0.00050000 0.00050002
vt 0.00050000 0.00050002
vt 0.99949998 0.50000000
vt 0.99949998 0.00050002
vt 0.37110940 0.99949944
vt 0.00050000 0.50000000
vt 0.99989182 0.99949944
vt 0.99949998 0.00050002
vt 0.00050000 0.50000000
vt 0.99949998 0.50000000
vt 0.00050000 0.00050002
vt 0.99949998 0.50000000
vt 0.00050000 0.99949998
vt 0.99949998 0.99949998
vt 0.00050000 0.50000000
vt 0.99949998 0.62930000
vt 0.00050000 0.00050002
vt 0.00050000 0.62910420
vt 0.99949998 0.00050002
vt 0.00050000 0.99949998
vt 0.99949998 0.50000000
vt 0.00050000 0.99949998
vt 0.99949998 0.99949998
vt 0.66759998 0.00050002
vt 0.00050000 0.99949998
vt 0.66759998 0.99949998
vt 0.00050000 0.00050002
vt 0.89113379 0.00050002
vt 0.99949998 0.99953461
vt 0.99949998 0.00050002
vt 0.66759998 0.76416123
vt 0.00038305 0.99953461
vt 0.66759998 0.68589997
vt 0.00038305 0.76416123
vt 0.99949998 0.68589997
vt 0.00050000 0.76410002
vt 0.99949998 0.76410002
vt 0.00050000 0.68589997
vt 0.00048454 0.99953461
vt 0.10890000 0.00050002
vt 0.00053379 0.00050002
vt 0.33239609 0.76416123
vt 0.99960148 0.99953461
vt 0.33239999 0.68589997
vt 0.99961311 0.76416123
vt 0.99949998 0.76410002
vt 0.00050000 0.99949998
vt 0.99949998 0.99949998
vt 0.00050000 0.76410002
vt 0.99949998 0.00050002
vt 0.00055818 0.99949998
vt 0.99949998 0.99949998
vt 0.00055818 0.00050002
vt 0.99949998 0.00050002
vt 0.00050000 0.99953461
vt 0.99949998 0.99953461
vt 0.00050000 0.00050002
vt 0.99949998 0.00050002
vt 0.89109999 0.99949998
vt 0.99949998 0.99949998
vt 0.89109999 0.00050002
vt 0.99949998 0.00050002
vt 0.00050000 0.00050002
vt 1.00000000 0.00000000
vt 0.00000000 1.00000000
vt 1.00000000 1.00000000
vt 0.00000000 0.00000000
vt 1.00000000 0.00000000
vt 0.00000000 1.00000000
vt 1.00000000 1.00000000
vt 0.00000000 0.00000000
vt 0.00000000 1.00000000
vt 1.00000000 0.00000000
vt 0.00000000 0.00000000
vt 1.00000000 1.00000000
vt 1.00000000 0.00000000
vt 0.00000000 1.00000000
vt 1.00000000 1.00000000
vt 0.00000000 0.00000000
vt 0.00000000 0.00000000
vt 1.00000000 1.00000000
vt 1.00000000 0.00000000
vt 0.00000000 1.00000000
vt 1.00000000 0.00000000
vt -0.00000000 1.00000000
vt 1.00000000 1.00000000
vt -0.00000000 0.00000000
vt 0.94520527 0.01955730
vt 0.12819991 0.00044978
vt 0.87180001 0.00044978
vt 0.05462962 0.01955730
vt 0.99943447 0.09200001
vt 0.00050350 0.09200001
vt 0.99943447 0.90799999
vt 0.00050350 0.90799999
vt 0.94520527 0.98044264
vt 0.05462962 0.98044264
vt 0.87180001 0.99955022
vt 0.12819991 0.99955022
vt 0.39085680 0.99949998
vt 0.25400001 0.00050002
vt 0.00050000 0.99949998
vt 0.64459997 0.00050002
vt 0.66649997 0.00050002
vt 0.99949998 0.99949998
vt 0.99949998 0.00050002
vt 0.74599999 0.66649997
vt 0.00050000 0.99949998
vt 0.39085680 0.99949998
vt 0.35540000 0.66649997
vt 0.74629551 0.33350003
vt 0.35569549 0.33350003
vt 0.39174339 0.00047362
vt 0.00138657 0.00047362
vt 0.33324999 1.00065696
vt 0.33350000 0.99949998
vt 0.00024899 0.00166517
vt 0.00025005 1.00066531
vt 0.33324599 0.00167358
vt 0.33350000 0.00050002
vt 0.39109999 0.66649997
vt 0.35540000 0.99949998
vt 0.74599999 0.99949998
vt 0.00074321 0.66649997
vt 0.39104769 0.33350003
vt 0.00069091 0.33350003
vt 0.74584311 0.00047362
vt 0.35524309 0.00047362
vt 0.66649997 0.00050002
vt 0.66649997 0.99949998
vt 0.99949998 0.99949998
vt 0.33350000 0.99949998
vt 0.33350000 0.00050002
vt 0.00050000 0.00050002
vt 0.00050000 0.99949998
vt 0.33350000 0.99949998
vt 0.74599999 0.00050002
vt 0.60890001 0.99949998
vt 0.99925679 0.99949998
vt 0.35540000 0.00050002
vt 0.66649997 0.00050002
vt 0.66649997 0.99949998
vt 0.99949998 0.99949998
vt 0.66649997 0.00050002
vt 0.99949998 0.99949998
vt 0.99949998 0.00050002
vt 0.00050000 0.00050002
vt 0.00050000 0.00050002
vt 0.99949998 0.99949998
vt 0.99949998 0.00050002
vt 0.00050000 0.99949998
vt 0.00050000 0.50000000
vt 0.99949998 0.00050002
vt 0.00050000 0.00050002
vt 0.99949998 0.50000000
vt 0.99949998 0.00050002
vt 0.00050000 0.50000000
vt 0.99926507 0.50000000
vt 0.99949998 0.50000000
vt 0.00050000 0.00050002
vt 0.00050000 0.00050002
vt 0.99949998 0.50000000
vt 0.99949998 0.00050002
vt 0.37091351 0.99949944
vt 0.00050000 0.50000000
vt 0.99989182 0.99949944
vt 0.99949998 0.00050002
vt 0.00050000 0.50000000
vt 0.99926507 0.50000000
vt 0.00050000 0.00050002
vt 0.62928241 0.99949998
vt 0.00050000 0.50000000
vt 0.00050000 0.99949998
vt 0.99949998 0.50000000
vt 0.00050000 0.99949998
vt 0.99949998 0.50000000
vt 0.00050000 0.99949998
vt 0.99949998 0.99949998
vt 0.99949992 0.62930000
vt 0.00050000 0.00050008
vt 0.00050000 0.62930000
vt 0.99949992 0.00069588
vt 0.99949998 0.50000000
vt 0.00050000 0.99949998
vt 0.99949998 0.99949998
vt 0.00073494 0.50000000
vt 0.05430649 0.01831639
vt 0.86960000 0.00052541
vt 0.13040000 0.00052541
vt 0.94563162 0.01831639
vt 0.00048425 0.09219998
vt 0.99951577 0.09219998
vt 0.00048425 0.90780002
vt 0.99951577 0.90780002
vt 0.05430649 0.98166054
vt 0.94563162 0.98166054
vt 0.13040000 0.99947464
vt 0.86960000 0.99947464
vt 0.13040000 0.56659997
vt 0.86960000 0.00050002
vt 0.13040000 0.00050002
vt 0.86960000 0.56659997
vt 0.05439996 0.56659997
vt 0.05439996 0.00050002
vt 0.98170000 0.56659997
vt 0.90780002 0.00050002
vt 0.90780002 0.56659997
vt 0.98170000 0.00050002
vt 0.90780002 0.00050002
vt 0.09219998 0.56659997
vt 0.90780002 0.56659997
vt 0.09219998 0.00050002
vt 0.09219998 0.00050002
vt 0.01829999 0.56659997
vt 0.09219998 0.56659997
vt 0.01829999 0.00050002
vt 0.86960000 0.00050002
vt 0.94559997 0.56659997
vt 0.94559997 0.00050002
vt 0.86960000 0.56659997
vt 0.13040000 0.00050002
vt 0.13040000 0.56659997
vt 0.05439996 0.00050002
vt 0.05439996 0.56659997
vt 0.98170000 0.00050002
vt 0.90780002 0.56659997
vt 0.98170000 0.56659997
vt 0.90780002 0.00050002
vt 0.90780002 0.00050002
vt 0.09219998 0.56659997
vt 0.90780002 0.56659997
vt 0.09219998 0.00050002
vt 0.09219998 0.56659997
vt 0.01829999 0.00050002
vt 0.01829999 0.56659997
vt 0.09219998 0.00050002
vt 0.94559997 0.00050002
vt 0.94559997 0.56659997
vt 1.00000000 0.00000000
vt 0.00000000 1.00000000
vt 1.00000000 1.00000000
vt 0.00000000 0.00000000
vt 0.00000000 1.00000000
vt 1.00000000 0.00000000
vt 0.00000000 0.00000000
vt 1.00000000 1.00000000
vt 1.00000000 0.00000000
vt -0.00000000 1.00000000
vt 1.00000000 1.00000000
vt -0.00000000 0.00000000
vt -0.00000000 0.00000000
vt 1.00000000 1.00000000
vt 1.00000000 0.00000000
vt -0.00000000 1.00000000
vt 1.00000000 0.00000000
vt 0.00000000 1.00000000
vt 1.00000000 1.00000000
vt 0.00000000 0.00000000
vt 1.00000000 0.00000000
vt 0.00000000 1.00000000
vt 1.00000000 1.00000000
vt 0.00000000 0.00000000
vt -0.00000000 1.00000000
vt 1.00000000 0.00000000
vt -0.00000000 0.00000000
vt 1.00000000 1.00000000
vt 1.00000000 0.00000000
vt 0.00000000 1.00000000
vt 1.00000000 1.00000000
vt 0.00000000 0.00000000
vt -0.00000000 0.00000000
vt 1.00000000 1.00000000
vt 1.00000000 0.00000000
vt 0.00000000 1.00000000
vt 1.00000000 0.00000000
vt 0.00000000 1.00000000
vt 1.00000000 1.00000000
vt 0.00000000 0.00000000
vt 0.00000000 1.00000000
vt 1.00000000 0.00000000
vt 0.00000000 0.00000000
vt 1.00000000 1.00000000
vt 0.00000000 1.00000000
vt 1.00000000 0.00000000
vt 0.00000000 0.00000000
vt 1.00000000 1.00000000
vt 0.00050000 0.99949998
vt 0.66759998 0.00050002
vt 0.00050000 0.00050002
vt 0.66759998 0.99949998
vt 0.00038305 0.99953461
vt 0.66759998 0.76416123
vt 0.00038305 0.76416123
vt 0.99949998 0.99953461
vt 0.89111751 0.00050002
vt 0.99949998 0.00050002
vt 0.66759998 0.68589997
vt 0.99949998 0.68589997
vt 0.00050000 0.76410002
vt 0.99949998 0.76410002
vt 0.00050000 0.68589997
vt 0.10890000 0.00050002
vt 0.33239800 0.76416123
vt 0.33239999 0.68589997
vt 0.99960887 0.99953461
vt 0.99961501 0.76416123
vt 0.00049198 0.99953461
vt 0.00051752 0.00050002
vt 0.99949998 0.76410002
vt 0.00050000 0.99949998
vt 0.99949998 0.99949998
vt 0.00050000 0.76410002
vt 0.00055818 0.99949998
vt 0.99949998 0.00050002
vt 0.00055818 0.00050002
vt 0.99949998 0.99949998
vt 0.99949998 0.00050002
vt 0.00050000 0.99953461
vt 0.99949998 0.99953461
vt 0.00050000 0.00050002
vt 0.89109999 0.99949998
vt 0.99949998 0.00050002
vt 0.89109999 0.00050002
vt 0.99949998 0.99949998
vt 0.99949998 0.00050002
vt 0.00050000 0.00050002
vt 0.66759998 0.00050002
vt 0.00050000 0.99949998
vt 0.66759998 0.99949998
vt 0.00050000 0.00050002
vt 0.89113379 0.00050002
vt 0.99949998 0.99953461
vt 0.99949998 0.00050002
vt 0.66759998 0.76416123
vt 0.00038305 0.99953461
vt 0.66759998 0.68589997
vt 0.00038305 0.76416123
vt 0.99949998 0.68589997
vt 0.00050000 0.76410002
vt 0.99949998 0.76410002
vt 0.00050000 0.68589997
vt 0.00048454 0.99953461
vt 0.10890000 0.00050002
vt 0.00053379 0.00050002
vt 0.33239609 0.76416123
vt 0.99960148 0.99953461
vt 0.33239999 0.68589997
vt 0.99961311 0.76416123
vt 0.99949998 0.76410002
vt 0.00050000 0.99949998
vt 0.99949998 0.99949998
vt 0.00050000 0.76410002
vt 0.99949998 0.00050002
vt 0.00055818 0.99949998
vt 0.99949998 0.99949998
vt 0.00055818 0.00050002
vt 0.99949998 0.00050002
vt 0.00050000 0.99953461
vt 0.99949998 0.99953461
vt 0.00050000 0.00050002
vt 0.99949998 0.00050002
vt 0.89109999 0.99949998
vt 0.99949998 0.99949998
vt 0.89109999 0.00050002
vt 0.99949998 0.00050002
vt 0.00050000 0.00050002
vt 0.64459997 0.00050002
vt 0.00050000 0.99949998
vt 0.39109999 0.99949998
vt 0.25400001 0.00050002
vt 0.66649997 0.00050002
vt 0.99949998 0.99949998
vt 0.99949998 0.00050002
vt 0.39109999 0.99949998
vt 0.35540000 0.66649997
vt 0.00050000 0.99949998
vt 0.35523131 0.33360571
vt 0.39059371 0.00063223
vt -0.00000629 0.00063223
vt 0.74599999 0.66649997
vt 0.74583131 0.33360571
vt 0.00050000 0.99949998
vt 0.33350000 0.00050002
vt 0.00050000 0.00050002
vt 0.33350000 0.99949998
vt 0.35524309 0.00063223
vt 0.39104769 0.33360571
vt 0.74559993 0.00063223
vt 0.39109999 0.66649997
vt 0.35540000 0.99949998
vt 0.74575680 0.99949998
vt 0.00044771 0.33360571
vt 0.00050000 0.66649997
vt 0.66649997 0.99949998
vt 0.99949998 0.99949998
vt 0.66649997 0.00050002
vt 0.33350000 0.00050002
vt 0.33350000 0.99949998
vt 0.00050000 0.99949998
vt 0.33350000 0.99949998
vt 0.00050000 0.00050002
vt 0.74599999 0.00050002
vt 0.60890001 0.99949998
vt 0.99949998 0.99949998
vt 0.35540000 0.00050002
vt 0.66649997 0.99949998
vt 0.99949998 0.00050002
vt 0.66649997 0.00050002
vt 0.99949998 0.99949998
vt 0.00050000 0.00050002
vt 0.00000000 1.00000000
vt 1.00000000 0.00000000
vt 0.00000000 0.00000000
vt 1.00000000 1.00000000
vt 1.00000000 0.00000000
vt -0.00000000 1.00000000
vt 1.00000000 1.00000000
vt -0.00000000 0.00000000
vt 0.00000000 0.00000000
vt 1.00000000 1.00000000
vt 1.00000000 0.00000000
vt 0.00000000 1.00000000
vt 1.00000000 0.00000000
vt 0.00000000 1.00000000
vt 1.00000000 1.00000000
vt 0.00000000 0.00000000
vt 0.00000000 1.00000000
vt 1.00000000 0.00000000
vt 0.00000000 0.00000000
vt 1.00000000 1.00000000
vt -0.00000000 1.00000000
vt 1.00000000 0.00000000
vt -0.00000000 0.00000000
vt 1.00000000 1.00000000
vt 0.05429375 0.98168570
vt 0.00046250 0.09219998
vt 0.00046250 0.90780002
vt 0.05429375 0.01831430
vt 0.13040000 0.99950027
vt 0.13040000 0.00052279
vt 0.86960000 0.99950027
vt 0.86960000 0.00052279
vt 0.94568563 0.98168570
vt 0.94568563 0.01831430
vt 0.99957669 0.90780002
vt 0.99957669 0.09219998
vt 0.86960000 0.00050002
vt 0.13040000 0.56659997
vt 0.86960000 0.56659997
vt 0.13040000 0.00050002
vt 0.05439996 0.00050002
vt 0.05439996 0.56659997
vt 0.90780002 0.56659997
vt 0.98170000 0.00050002
vt 0.90780002 0.00050002
vt 0.98170000 0.56659997
vt 0.09219998 0.56659997
vt 0.90780002 0.00050002
vt 0.09219998 0.00050002
vt 0.90780002 0.56659997
vt 0.01829999 0.56659997
vt 0.09219998 0.00050002
vt 0.01829999 0.00050002
vt 0.09219998 0.56659997
vt 0.94559997 0.56659997
vt 0.86960000 0.00050002
vt 0.86960000 0.56659997
vt 0.94559997 0.00050002
vt 0.13040000 0.56659997
vt 0.13040000 0.00050002
vt 0.05439996 0.56659997
vt 0.05439996 0.00050002
vt 0.90780002 0.00050002
vt 0.98170000 0.56659997
vt 0.98170000 0.00050002
vt 0.90780002 0.56659997
vt 0.09219998 0.00050002
vt 0.90780002 0.56659997
vt 0.90780002 0.00050002
vt 0.09219998 0.56659997
vt 0.01829999 0.00050002
vt 0.09219998 0.56659997
vt 0.09219998 0.00050002
vt 0.01829999 0.56659997
vt 0.94559997 0.00050002
vt 0.94559997 0.56659997
vt -0.00000000 1.00000000
vt 1.00000000 0.00000000
vt 0.00000000 0.00000000
vt 1.00000000 1.00000000
vt 1.00000000 0.00000000
vt 0.00000000 1.00000000
vt 1.00000000 1.00000000
vt 0.00000000 0.00000000
vt 1.00000000 1.00000000
vt -0.00000000 0.00000000
vt -0.00000000 1.00000000
vt 1.00000000 0.00000000
vt 1.00000000 0.00000000
vt -0.00000000 1.00000000
vt 1.00000000 1.00000000
vt -0.00000000 0.00000000
vt 0.00000000 0.00000000
vt 1.00000000 1.00000000
vt 1.00000000 0.00000000
vt 0.00000000 1.00000000
vt 0.00000000 0.00000000
vt 1.00000000 1.00000000
vt 1.00000000 0.00000000
vt 0.00000000 1.00000000
vt 0.00050000 0.99949998
vt 0.99949998 0.00050002
vt 0.00050000 0.00050002
vt 0.99949998 0.99949998
vt 0.99949998 0.00050002
vt 0.00050000 0.50000000
vt 0.99949998 0.50000000
vt 0.00069588 0.00050002
vt 0.00050000 0.50000000
vt 0.99949998 0.00050002
vt 0.00050000 0.00050002
vt 0.99926490 0.50000000
vt 0.99949998 0.50000000
vt 0.99949998 0.00050002
vt 0.37071761 0.99949944
vt 0.99949998 0.99949944
vt 0.00050000 0.50000000
vt 0.00069588 0.00050002
vt 0.00050000 0.00050002
vt 0.99926490 0.50000000
vt 0.99949998 0.00050002
vt 0.00050000 0.99949944
vt 0.99949998 0.99949944
vt 0.99949998 0.50000000
vt 0.00050000 0.99949998
vt 0.62908649 0.99949998
vt 0.00050000 0.50000000
vt 0.00050000 0.99949998
vt 0.99949998 0.99949998
vt 0.99949998 0.50000000
vt 0.00050000 0.99949998
vt 0.00050000 0.62930000
vt 0.99949998 0.00069588
vt 0.00050000 0.00050002
vt 0.99949998 0.62930000
vt 0.94541758 0.98046780
vt 0.99944520 0.09200001
vt 0.99944520 0.90799999
vt 0.94541758 0.01955527
vt 0.87180001 0.99957585
vt 0.87180001 0.00044721
vt 0.12819991 0.99957585
vt 0.12819991 0.00044721
vt 0.05466474 0.98046780
vt 0.05466474 0.01955527
vt 0.00051556 0.90799999
vt 0.00051556 0.09200001
vt 0.64459997 0.00050002
vt 0.00050000 0.99949998
vt 0.39109999 0.99949998
vt 0.25400001 0.00050002
vt 0.66649997 0.00050002
vt 0.99949998 0.99949998
vt 0.99949998 0.00050002
vt 0.66649997 0.99949998
vt 0.39085680 0.99949998
vt 0.35540000 0.66649997
vt 0.00050000 0.99949998
vt 0.35569540 0.33360571
vt 0.39174321 0.00063223
vt 0.00138643 0.00063223
vt 0.74599999 0.66649997
vt 0.74629539 0.33360571
vt 0.00050000 0.99949998
vt 0.33350000 0.00050002
vt 0.00050000 0.00050002
vt 0.33350000 0.99949998
vt 0.35524309 0.00063223
vt 0.39104769 0.33360571
vt 0.74559993 0.00063223
vt 0.39109999 0.66649997
vt 0.35540000 0.99949998
vt 0.74575680 0.99949998
vt 0.00044771 0.33360571
vt 0.00050000 0.66649997
vt 0.33350000 0.00050002
vt 0.33350000 0.99949998
vt 0.00050000 0.00050002
vt 0.00050000 0.99949998
vt 0.74599999 0.00050002
vt 0.60890001 0.99949998
vt 0.99949998 0.99949998
vt 0.35540000 0.00050002
vt 0.66649997 0.99949998
vt 0.99949998 0.00050002
vt 0.66649997 0.00050002
vt 0.99949998 0.99949998
vt 0.47499999 -0.09410000
vt 0.52499998 0.52740002
vt 0.52499998 -0.09410000
vt 0.47499999 0.52740002
vt 0.56744802 0.81075221
vt 0.50086999 1.09410405
vt 0.54388112 1.09410405
vt 0.50080001 0.52740002
vt 0.56739998 0.52740002
vt 0.46790001 -0.09410000
vt 0.43256900 -0.09410000
vt 0.52499998 0.81070000
vt 0.47499999 0.81070000
vt 0.49919999 0.52740002
vt 0.45614719 1.09410405
vt 0.49915829 1.09410405
vt 0.43256611 0.81075221
vt 0.43259999 0.52740002
vt 0.56739998 -0.09410000
vt 0.53206903 -0.09410000
vt 0.47499999 0.56739998
vt 0.52499998 0.53209996
vt 0.47499999 0.53209996
vt 0.52499998 0.56739998
vt 0.47499999 1.09399962
vt 0.52499998 0.52740002
vt 0.47499999 0.52740002
vt 0.52499998 1.09399962
vt 0.47499999 0.49919999
vt 0.52499998 0.45620000
vt 0.47499999 0.45620000
vt 0.52499998 0.49919999
vt 0.52499998 1.09410000
vt 0.47499999 1.09410000
vt 0.52499998 -0.09410000
vt 0.47499999 -0.09410000
vt 0.00000000 0.00000000
vt 1.00000000 1.00000000
vt 1.00000000 0.00000000
vt 0.00000000 1.00000000
vt -0.00000000 1.00000000
vt 1.00000000 0.00000000
vt 0.00000000 0.00000000
vt 1.00000000 1.00000000
vt 1.00000000 0.00000000
vt 0.00000000 1.00000000
vt 1.00000000 1.00000000
vt 0.00000000 0.00000000
vt 0.00000000 0.00000000
vt 1.00000000 1.00000000
vt 1.00000000 0.00000000
vt 0.00000000 1.00000000
vt 1.00000000 0.00000000
vt 0.00000000 1.00000000
vt 1.00000000 1.00000000
vt 0.00000000 0.00000000
vt 1.00000000 1.00000000
vt 0.00000000 0.00000000
vt 0.00000000 1.00000000
vt 1.00000000 0.00000000
vt 0.66759998 0.00050002
vt 0.00050000 0.99949998
vt 0.66759998 0.99949998
vt 0.00050000 0.00050002
vt 0.89113379 0.00050002
vt 0.99949998 0.99953461
vt 0.99949998 0.00050002
vt 0.66759998 0.76416123
vt 0.00038305 0.99953461
vt 0.66759998 0.68589997
vt 0.00038305 0.76416123
vt 0.99949998 0.68589997
vt 0.00050000 0.76410002
vt 0.99949998 0.76410002
vt 0.00050000 0.68589997
vt 0.00048454 0.99953461
vt 0.10890000 0.00050002
vt 0.00053379 0.00050002
vt 0.33239609 0.76416123
vt 0.99960148 0.99953461
vt 0.33239999 0.68589997
vt 0.99961311 0.76416123
vt 0.99949998 0.76410002
vt 0.00050000 0.99949998
vt 0.99949998 0.99949998
vt 0.00050000 0.76410002
vt 0.99949998 0.00050002
vt 0.00055818 0.99949998
vt 0.99949998 0.99949998
vt 0.00055818 0.00050002
vt 0.99949998 0.00050002
vt 0.00050000 0.99953461
vt 0.99949998 0.99953461
vt 0.00050000 0.00050002
vt 0.99949998 0.00050002
vt 0.89109999 0.99949998
vt 0.99949998 0.99949998
vt 0.89109999 0.00050002
vt 0.99949998 0.00050002
vt 0.00050000 0.00050002
vt 0.00050000 0.99949998
vt 0.66759998 0.00050002
vt 0.00050000 0.00050002
vt 0.66759998 0.99949998
vt 0.00038305 0.99953461
vt 0.66759998 0.76416123
vt 0.00038305 0.76416123
vt 0.99949998 0.99953461
vt 0.89111751 0.00050002
vt 0.99949998 0.00050002
vt 0.66759998 0.68589997
vt 0.99949998 0.68589997
vt 0.00050000 0.76410002
vt 0.99949998 0.76410002
vt 0.00050000 0.68589997
vt 0.10890000 0.00050002
vt 0.33239800 0.76416123
vt 0.33239999 0.68589997
vt 0.99960887 0.99953461
vt 0.99961501 0.76416123
vt 0.00049198 0.99953461
vt 0.00051752 0.00050002
vt 0.99949998 0.76410002
vt 0.00050000 0.99949998
vt 0.99949998 0.99949998
vt 0.00050000 0.76410002
vt 0.00055818 0.99949998
vt 0.99949998 0.00050002
vt 0.00055818 0.00050002
vt 0.99949998 0.99949998
vt 0.99949998 0.00050002
vt 0.00050000 0.99953461
vt 0.99949998 0.99953461
vt 0.00050000 0.00050002
vt 0.89109999 0.99949998
vt 0.99949998 0.00050002
vt 0.89109999 0.00050002
vt 0.99949998 0.99949998
vt 0.99949998 0.00050002
vt 0.00050000 0.00050002
vt 0.47499999 0.52740002
vt 0.52499998 -0.09410000
vt 0.47499999 -0.09410000
vt 0.52499998 0.52740002
vt 0.46790001 -0.09410000
vt 0.50080001 0.52740002
vt 0.56739998 0.52740002
vt 0.43258891 -0.09410000
vt 0.47499999 0.81070000
vt 0.52498817 0.81070000
vt 0.52499998 0.81070000
vt 0.49915409 0.81075221
vt 0.45611849 1.09410405
vt 0.49913421 1.09410405
vt 0.43256709 0.81075221
vt 0.49919999 0.52740002
vt 0.43259999 0.52740002
vt 0.56739998 -0.09410000
vt 0.53208888 -0.09410000
vt 0.52499998 0.53209996
vt 0.47499999 0.56739998
vt 0.52499998 0.56739998
vt 0.47499999 0.53209996
vt 0.47499999 -0.09410000
vt 0.52499998 0.52740002
vt 0.52499998 -0.09410000
vt 0.47499999 0.52740002
vt 0.56739998 0.52740002
vt 0.50080001 0.81070000
vt 0.56738693 0.81070000
vt 0.50080001 0.52740002
vt 0.47499999 1.09410000
vt 0.52499998 1.09410000
vt 0.52499998 0.81070000
vt 0.47499999 1.09410000
vt 0.52499998 0.45620000
vt 0.47499999 0.49918687
vt 0.52499998 0.49919999
vt 0.47499999 0.45620000
vt 0.52499998 0.81070000
vt 0.47499999 1.09410000
vt 0.52499998 1.09410000
vt 0.47501180 0.81070000
vt 0.52498817 0.81070000
vt 0.47499999 0.81070000
vt 0.56739998 0.81070000
vt 0.50080001 1.09410000
vt 0.54381108 1.09410000
vt 0.50080001 0.81070000
vt 0.00050000 0.00050002
vt 0.99949998 0.99949998
vt 0.99949998 0.00050002
vt 0.00050000 0.99949998
vt 0.99949998 0.00050002
vt 0.00050000 0.99949998
vt 0.99949998 0.99949998
vt 0.00050000 0.00050002
vt 0.00050000 0.00050002
vt 0.99949998 0.99949998
vt 0.99949998 0.00050002
vt 0.00050000 0.99949998
vt 0.99949998 0.00050002
vt 0.00050000 0.99949998
vt 0.99949998 0.99949998
vt 0.00050000 0.00050002
vt 0.99949998 0.99949998
vt 0.00050000 0.00050002
vt 0.00050000 0.99949998
vt 0.99949998 0.00050002
vt 0.00050000 0.99949998
vt 0.99949998 0.00050002
vt 0.00050000 0.00050002
vt 0.99949998 0.99949998
vt 0.99949998 0.00050002
vt 0.00050000 0.99949998
vt 0.99949998 0.99949998
vt 0.00050000 0.00050002
vt 0.00050000 0.99949998
vt 0.99949998 0.00050002
vt 0.00050000 0.00050002
vt 0.99949998 0.99949998
vt 0.99949998 0.00050002
vt 0.00050000 0.99949998
vt 0.99949998 0.99949998
vt 0.00050000 0.00050002
vt 0.00050000 0.00050002
vt 0.99949998 0.99949998
vt 0.99949998 0.00050002
vt 0.00050000 0.99949998
vt 0.99949998 0.00050002
vt 0.00050000 0.99949998
vt 0.99949998 0.99949998
vt 0.00050000 0.00050002
vt 0.99949998 0.00050002
vt 0.00050000 0.99949998
vt 0.99949998 0.99949998
vt 0.00050000 0.00050002
vt 1.00000000 0.00000000
vt -0.00000000 1.00000000
vt 1.00000000 1.00000000
vt -0.00000000 0.00000000
vt 0.00000000 1.00000000
vt 1.00000000 0.00000000
vt 0.00000000 0.00000000
vt 1.00000000 1.00000000
vt 1.00000000 0.00000000
vt -0.00000000 1.00000000
vt 1.00000000 1.00000000
vt -0.00000000 0.00000000
vt 0.00000000 0.00000000
vt 1.00000000 1.00000000
vt 1.00000000 0.00000000
vt 0.00000000 1.00000000
vt 1.00000000 0.00000000
vt 0.00000000 1.00000000
vt 1.00000000 1.00000000
vt 0.00000000 0.00000000
vt 1.00000000 0.00000000
vt 0.00000000 1.00000000
vt 1.00000000 1.00000000
vt 0.00000000 0.00000000
vt 0.99949998 0.00050002
vt 0.00050000 0.99949998
vt 0.99949998 0.99949998
vt 0.00050000 0.00050002
vt 0.00050000 0.00050002
vt 0.99949998 0.99949998
vt 0.99949998 0.00050002
vt 0.00050000 0.99949998
vt 0.00050000 0.99949998
vt 0.99949998 0.00050002
vt 0.00050000 0.00050002
vt 0.99949998 0.99949998
vt 0.00050000 0.99949998
vt 0.99949998 0.00050002
vt 0.00050000 0.00050002
vt 0.99949998 0.99949998
vt 0.00050000 0.99949998
vt 0.99949998 0.00050002
vt 0.00050000 0.00050002
vt 0.99949998 0.99949998
vt 0.99949998 0.00050002
vt 0.00050000 0.99949998
vt 0.99949998 0.99949998
vt 0.00050000 0.00050002
vt 0.00050000 0.99949998
vt 0.99949998 0.00050002
vt 0.00050000 0.00050002
vt 0.99949998 0.99949998
vt 0.99949998 0.00050002
vt 0.00050000 0.99949998
vt 0.99949998 0.99949998
vt 0.00050000 0.00050002
vt 0.99949998 0.99949998
vt 0.00050000 0.00050002
vt 0.00050000 0.99949998
vt 0.99949998 0.00050002
vt 0.99949998 0.00050002
vt 0.00050000 0.99949998
vt 0.99949998 0.99949998
vt 0.00050000 0.00050002
vt 0.00050000 0.00050002
vt 0.99949998 0.99949998
vt 0.99949998 0.00050002
vt 0.00050000 0.99949998
vt 0.00050000 0.00050002
vt 0.99949998 0.99949998
vt 0.99949998 0.00050002
vt 0.00050000 0.99949998
vt -0.00000000 1.00000000
vt 1.00000000 0.00000000
vt -0.00000000 0.00000000
vt 1.00000000 1.00000000
vt 1.00000000 0.00000000
vt 0.00000000 1.00000000
vt 1.00000000 1.00000000
vt 0.00000000 0.00000000
vt -0.00000000 0.00000000
vt 1.00000000 1.00000000
vt 1.00000000 0.00000000
vt 0.00000000 1.00000000
vt 1.00000000 0.00000000
vt -0.00000000 1.00000000
vt 1.00000000 1.00000000
vt -0.00000000 0.00000000
vt 0.00000000 1.00000000
vt 1.00000000 0.00000000
vt 0.00000000 0.00000000
vt 1.00000000 1.00000000
vt 0.00000000 1.00000000
vt 1.00000000 0.00000000
vt 0.00000000 0.00000000
vt 1.00000000 1.00000000
vt 0.47499999 -0.09410000
vt 0.52499998 0.52740002
vt 0.52499998 -0.09410000
vt 0.47499999 0.52740002
vt 0.46790001 -0.09410000
vt 0.50080001 0.52740002
vt 0.56739998 0.52740002
vt 0.43256900 -0.09410000
vt 0.52499998 0.81070000
vt 0.47499999 0.81070000
vt 0.47501180 0.81070000
vt 0.56739998 -0.09410000
vt 0.43259999 0.52740002
vt 0.49919999 0.52740002
vt 0.53206903 -0.09410000
vt 0.47499999 0.56739998
vt 0.52499998 0.53209996
vt 0.47499999 0.53209996
vt 0.52499998 0.56739998
vt 0.47499999 0.52740002
vt 0.52499998 -0.09410000
vt 0.47499999 -0.09410000
vt 0.52499998 0.52740002
vt 0.56739998 0.52740002
vt 0.50080001 0.81070000
vt 0.56739998 0.81070000
vt 0.50081313 0.52740002
vt 0.47499999 1.09410000
vt 0.52499998 1.09410000
vt 0.49919999 0.52740002
vt 0.43259999 0.81070000
vt 0.49919999 0.81070000
vt 0.43261310 0.52740002
vt 0.52497649 1.09399962
vt 0.47499999 0.81070000
vt 0.47497651 1.09399962
vt 0.52499998 0.81070000
vt 0.50080001 0.81070000
vt 0.50080001 1.09410000
vt 0.56739998 0.81070000
vt 0.56739998 0.81070000
vt 0.50080001 1.09410000
vt 0.54380000 1.09410000
vt 0.47501180 0.49919999
vt 0.52499998 0.45620000
vt 0.47499999 0.45620000
vt 0.52499998 0.49919999
vt 0.49919999 0.81070000
vt 0.45620000 1.09410000
vt 0.49920270 1.09410000
vt 0.43259999 0.81070000
vt 0.00050000 0.99949998
vt 0.99949998 0.00050002
vt 0.00050000 0.00050002
vt 0.99949998 0.99949998
vt 0.99949998 0.00050002
vt 0.00050000 0.99949998
vt 0.99949998 0.99949998
vt 0.00050000 0.00050002
vt 0.99949998 0.99949998
vt 0.00050000 0.00050002
vt 0.00050000 0.99949998
vt 0.99949998 0.00050002
vt 0.99949998 0.00050002
vt 0.00050000 0.99949998
vt 0.99949998 0.99949998
vt 0.00050000 0.00050002
vt 0.00050000 0.00050002
vt 0.99949998 0.99949998
vt 0.99949998 0.00050002
vt 0.00050000 0.99949998
vt 0.00050000 0.00050002
vt 0.99949998 0.99949998
vt 0.99949998 0.00050002
vt 0.00050000 0.99949998
vt 0.99949998 0.99949998
vt 0.00050000 0.00050002
vt 0.00050000 0.99949998
vt 0.99949998 0.00050002
vt 0.00050000 0.99949998
vt 0.99949998 0.00050002
vt 0.00050000 0.00050002
vt 0.99949998 0.99949998
vt 0.99949998 0.00050002
vt 0.00050000 0.99949998
vt 0.99949998 0.99949998
vt 0.00050000 0.00050002
vt 0.00050000 0.00050002
vt 0.99949998 0.99949998
vt 0.99949998 0.00050002
vt 0.00050000 0.99949998
vt 0.99949998 0.00050002
vt 0.00050000 0.99949998
vt 0.99949998 0.99949998
vt 0.00050000 0.00050002
vt 0.99949998 0.00050002
vt 0.00050000 0.99949998
vt 0.99949998 0.99949998
vt 0.00050000 0.00050002
vt 0.00050000 0.99949998
vt 0.99949998 0.00050002
vt 0.00050000 0.00050002
vt 0.99949998 0.99949998
vt 0.99949998 0.00050002
vt 0.00050000 0.50000000
vt 0.99949998 0.50000000
vt 0.00069588 0.00050002
vt 0.99949998 0.50000000
vt 0.00310835 0.00050002
vt 0.00050000 0.50000000
vt 0.99949998 0.00050002
vt 0.99949998 0.00050002
vt 0.37091351 0.99949944
vt 0.99949998 0.99949944
vt 0.00050000 0.50000000
vt 0.00069588 0.00050002
vt 0.99949998 0.00050002
vt 0.99428332 0.99949944
vt 0.99949998 0.50000000
vt 0.00310835 0.00050002
vt -0.00210835 0.99949944
vt 0.00050000 0.50000000
vt 0.00050000 0.99949998
vt 0.99949998 0.50000000
vt 0.00050000 0.99949998
vt 0.99949998 0.99949998
vt 0.99949998 0.50000000
vt 0.00050000 0.99949998
vt 0.00050000 0.62930000
vt 0.99689162 0.00030458
vt 0.00050000 0.00050002
vt 0.99949998 0.62930000
vt 0.62930000 0.99949998
vt 0.00050000 0.99949998
vt 0.99949998 0.00050002
vt 0.00050000 0.00050002
vt 0.99949998 0.99949998
vt 0.99949998 0.00050002
vt 0.00050000 0.99949998
vt 0.99949998 0.99949998
vt 0.00050000 0.00050002
vt 0.99949998 0.99949998
vt 0.00050000 0.00050002
vt 0.00050000 0.99949998
vt 0.99949998 0.00050002
vt 0.99949998 0.00050002
vt 0.00050000 0.99949998
vt 0.99949998 0.99949998
vt 0.00050000 0.00050002
vt 0.00050000 0.00050002
vt 0.99949998 0.99949998
vt 0.99949998 0.00050002
vt 0.00050000 0.99949998
vt 0.00050000 0.00050002
vt 0.99949998 0.99949998
vt 0.99949998 0.00050002
vt 0.00050000 0.99949998
vt 0.47499999 -0.09410000
vt 0.52499998 0.52740002
vt 0.52499998 -0.09410000
vt 0.47499999 0.52740002
vt 0.56743789 0.81075221
vt 0.50087577 1.09410405
vt 0.54389161 1.09410405
vt 0.50085098 0.81075221
vt 0.56739998 0.52740002
vt 0.50080001 0.52740002
vt 0.46790001 -0.09410000
vt 0.43258891 -0.09410000
vt 0.52499998 0.81070000
vt 0.47499999 0.81070000
vt 0.49915409 0.81075221
vt 0.45611849 1.09410405
vt 0.49913421 1.09410405
vt 0.43256709 0.81075221
vt 0.49919999 0.52740002
vt 0.43259999 0.52740002
vt 0.56739998 -0.09410000
vt 0.53208888 -0.09410000
vt 0.47499999 0.56739998
vt 0.52499998 0.53209996
vt 0.47499999 0.53209996
vt 0.52499998 0.56739998
vt 0.47499999 1.09410000
vt 0.52499998 0.81070000
vt 0.47499999 0.81070000
vt 0.52499998 1.09410000
vt 0.47499999 0.49919999
vt 0.52499998 0.45620000
vt 0.47499999 0.45620000
vt 0.52499998 0.49919999
vt 0.52499998 1.09410000
vt 0.47499999 1.09410000
vt 0.47499999 0.52740002
vt 0.52499998 -0.09410000
vt 0.47499999 -0.09410000
vt 0.52499998 0.52740002
vt 0.47499999 0.81070000
vt 0.52499998 0.81070000
vt 0.66759998 0.00050002
vt 0.00050000 0.99949998
vt 0.66759998 0.99949998
vt 0.00050000 0.00050002
vt 0.89113379 0.00050002
vt 0.99949998 0.99953461
vt 0.99949998 0.00050002
vt 0.66759998 0.76416123
vt 0.00038305 0.99953461
vt 0.66759998 0.68589997
vt 0.00038305 0.76416123
vt 0.99949998 0.68589997
vt 0.00050000 0.76410002
vt 0.99949998 0.76410002
vt 0.00050000 0.68589997
vt 0.00048454 0.99953461
vt 0.10890000 0.00050002
vt 0.00053379 0.00050002
vt 0.33239609 0.76416123
vt 0.99960148 0.99953461
vt 0.33239999 0.68589997
vt 0.99961311 0.76416123
vt 0.99949998 0.76410002
vt 0.00050000 0.99949998
vt 0.99949998 0.99949998
vt 0.00050000 0.76410002
vt 0.99949998 0.00050002
vt 0.00055818 0.99949998
vt 0.99949998 0.99949998
vt 0.00055818 0.00050002
vt 0.99949998 0.00050002
vt 0.00050000 0.99953461
vt 0.99949998 0.99953461
vt 0.00050000 0.00050002
vt 0.99949998 0.00050002
vt 0.89109999 0.99949998
vt 0.99949998 0.99949998
vt 0.89109999 0.00050002
vt 0.99949998 0.00050002
vt 0.00050000 0.00050002
vt 1.00000000 0.00000000
vt 0.00000000 1.00000000
vt 1.00000000 1.00000000
vt 0.00000000 0.00000000
vt 0.00000000 1.00000000
vt 1.00000000 0.00000000
vt 0.00000000 0.00000000
vt 1.00000000 1.00000000
vt 1.00000000 0.00000000
vt -0.00000000 1.00000000
vt 1.00000000 1.00000000
vt -0.00000000 0.00000000
vt -0.00000000 0.00000000
vt 1.00000000 1.00000000
vt 1.00000000 0.00000000
vt -0.00000000 1.00000000
vt 1.00000000 0.00000000
vt 0.00000000 1.00000000
vt 1.00000000 1.00000000
vt 0.00000000 0.00000000
vt 1.00000000 0.00000000
vt 0.00000000 1.00000000
vt 1.00000000 1.00000000
vt -0.00000000 0.00000000
vt 0.00050000 0.00050002
vt 0.99949998 0.99949998
vt 0.99949998 0.00050002
vt 0.00050000 0.99949998
vt 0.62889057 0.99949944
vt 0.00050000 0.50000000
vt 0.00010824 0.99949944
vt 0.99949998 0.00050002
vt 0.00050000 0.00050002
vt 0.99949998 0.50000000
vt 0.99949998 0.00050002
vt 0.00050000 0.50000000
vt 0.99949998 0.50000000
vt 0.00050000 0.00050002
vt 0.00050000 0.00050002
vt 0.99949998 0.50000000
vt 0.99949998 0.00050002
vt 0.37091351 0.99949944
vt 0.00050000 0.50000000
vt 0.99989182 0.99949944
vt 0.99949998 0.00050002
vt 0.00050000 0.50000000
vt 0.99949998 0.50000000
vt 0.00050000 0.00050002
vt 0.99949998 0.50000000
vt 0.00050000 0.99949998
vt 0.99949998 0.99949998
vt 0.00050000 0.50000000
vt 0.99949992 0.62930000
vt 0.00050000 0.00050008
vt 0.00050000 0.62930000
vt 0.99949992 0.00069588
vt 0.00050000 0.99949998
vt 0.99949998 0.50000000
vt 0.00050000 0.99949998
vt 0.99949998 0.99949998
vt 0.00050000 0.00050002
vt 0.66759998 0.99949998
vt 0.66759998 0.00050002
vt 0.00050000 0.99949998
vt 0.00038338 0.76416123
vt 0.00038338 0.99953461
vt 0.66759998 0.76416123
vt 0.99949998 0.99953461
vt 0.99949998 0.00050002
vt 0.66759998 0.68589997
vt 0.89114439 0.00050002
vt 0.00050000 0.76410002
vt 0.99949998 0.68589997
vt 0.00050000 0.68589997
vt 0.99949998 0.76410002
vt 0.99961150 0.76416123
vt 0.00047968 0.99953461
vt 0.99959630 0.99953461
vt 0.33239490 0.76416123
vt 0.00054441 0.00050002
vt 0.33239999 0.68589997
vt 0.10890000 0.00050002
vt 0.00050000 0.99949998
vt 0.99949998 0.76410002
vt 0.00050000 0.76410002
vt 0.99949998 0.99949998
vt 0.99949998 0.99949998
vt 0.00055801 0.00050002
vt 0.00055801 0.99949998
vt 0.99949998 0.00050002
vt 0.00050000 0.00050002
vt 0.99949998 0.99953461
vt 0.99949998 0.00050002
vt 0.00050000 0.99953461
vt 0.89109999 0.00050002
vt 0.99949998 0.99949998
vt 0.99949998 0.00050002
vt 0.89109999 0.99949998
vt 0.99949998 0.00050002
vt 0.00050000 0.00050002
vt 0.39085680 0.99949998
vt 0.25400001 0.00050002
vt 0.00050000 0.99949998
vt 0.64459997 0.00050002
vt 0.66649997 0.00050002
vt 0.99949998 0.99949998
vt 0.99949998 0.00050002
vt 0.74599999 0.66649997
vt 0.00050000 0.99949998
vt 0.39085680 0.99949998
vt 0.35540000 0.66649997
vt 0.74629551 0.33347088
vt 0.35569549 0.33347088
vt 0.39174339 0.00047100
vt 0.00138658 0.00047100
vt 0.33323261 1.00089455
vt 0.33350000 0.99949998
vt 0.00023159 0.00190282
vt 0.00023265 1.00090289
vt 0.33322859 0.00191110
vt 0.33350000 0.00050002
vt 0.39109999 0.66649997
vt 0.35540000 0.99949998
vt 0.74599999 0.99949998
vt 0.00074321 0.66649997
vt 0.39104769 0.33347088
vt 0.00069090 0.33347088
vt 0.74584311 0.00047100
vt 0.35524309 0.00047100
vt 0.66649997 0.00050002
vt 0.66649997 0.99949998
vt 0.99949998 0.99949998
vt 0.33350000 0.99949998
vt 0.33350000 0.00050002
vt 0.00050000 0.00050002
vt 0.00050000 0.99949998
vt 0.33350000 0.99949998
vt 0.74599999 0.00050002
vt 0.60890001 0.99949998
vt 0.99925679 0.99949998
vt 0.35540000 0.00050002
vt 0.66649997 0.00050002
vt 0.66649997 0.99949998
vt 0.99949998 0.99949998
vt 0.66649997 0.00050002
vt 0.99949998 0.99949998
vt 0.99949998 0.00050002
vt 0.00050000 0.00050002
vt 0.52499998 -0.09410000
vt 0.47499999 0.52740002
vt 0.52499998 0.52740002
vt 0.47499999 -0.09410000
vt 0.46790001 -0.09410000
vt 0.50080001 0.52740002
vt 0.56739998 0.52740002
vt 0.43258891 -0.09410000
vt 0.47499999 0.81070000
vt 0.47501180 0.81070000
vt 0.52498817 0.81070000
vt 0.52499998 0.81070000
vt 0.49913421 1.09410405
vt 0.49915409 0.81075221
vt 0.45613149 1.09410405
vt 0.43256709 0.81075221
vt 0.53208888 -0.09410000
vt 0.43259999 0.52740002
vt 0.49919999 0.52740002
vt 0.56739998 -0.09410000
vt 0.47499999 0.53209996
vt 0.52499998 0.56739998
vt 0.52499998 0.53209996
vt 0.47499999 0.56739998
vt 0.52499998 -0.09410000
vt 0.47499999 0.52740002
vt 0.52499998 0.52740002
vt 0.47499999 -0.09410000
vt 0.50080001 0.52740002
vt 0.56738693 0.81070000
vt 0.56739998 0.52740002
vt 0.50080001 0.81070000
vt 0.47499999 1.09410000
vt 0.52499998 1.09410000
vt 0.52499998 0.49919999
vt 0.47499999 0.45620000
vt 0.47499999 0.49919999
vt 0.52499998 0.45620000
vt 0.52499998 0.81070000
vt 0.47499999 1.09410000
vt 0.52499998 1.09410000
vt 0.47501180 0.81070000
vt 0.47499999 0.81070000
vt 0.52498817 0.81070000
vt 0.50080001 0.81070000
vt 0.54381108 1.09410000
vt 0.56739998 0.81070000
vt 0.50080001 1.09410000
vt 0.64459997 0.00050002
vt 0.00050000 0.99949998
vt 0.39109999 0.99949998
vt 0.25400001 0.00050002
vt 0.66649997 0.00050002
vt 0.99949998 0.99949998
vt 0.99949998 0.00050002
vt 0.66649997 0.99949998
vt 0.39109999 0.99949998
vt 0.35564321 0.66649997
vt 0.00050000 0.99949998
vt 0.35593861 0.33360571
vt 0.39198640 0.00063223
vt 0.00138643 0.00063223
vt 0.74599999 0.66649997
vt 0.74629539 0.33360571
vt 0.00050000 0.99949998
vt 0.33350000 0.00050002
vt 0.00050000 0.00050002
vt 0.33350000 0.99949998
vt 0.35524309 0.00063223
vt 0.39104769 0.33360571
vt 0.74584311 0.00063223
vt 0.39109999 0.66649997
vt 0.35540000 0.99949998
vt 0.74599999 0.99949998
vt 0.00069093 0.33360571
vt 0.00074321 0.66649997
vt 0.33350000 0.00050002
vt 0.33350000 0.99949998
vt 0.00050000 0.00050002
vt 0.00050000 0.99949998
vt 0.74599999 0.00050002
vt 0.60890001 0.99949998
vt 0.99949998 0.99949998
vt 0.35540000 0.00050002
vt 0.66649997 0.99949998
vt 0.99949998 0.00050002
vt 0.66649997 0.00050002
vt 0.99949998 0.99949998
vt 0.39109999 0.99949998
vt 0.25400001 0.00050002
vt 0.00050000 0.99949998
vt 0.64459997 0.00050002
vt 0.66649997 0.00050002
vt 0.99949998 0.99949998
vt 0.99949998 0.00050002
vt 0.74599999 0.66649997
vt 0.00050000 0.99949998
vt 0.39109999 0.99949998
vt 0.35540000 0.66649997
vt 0.74583119 0.33347088
vt 0.35523120 0.33347088
vt 0.39059359 0.00047100
vt -0.00000637 0.00047100
vt 0.33350000 0.99949998
vt 0.00050000 0.00050002
vt 0.00050000 0.99949998
vt 0.33350000 0.00050002
vt 0.39109999 0.66649997
vt 0.35540000 0.99949998
vt 0.74575680 0.99949998
vt 0.00050000 0.66649997
vt 0.39104769 0.33347088
vt 0.00044769 0.33347088
vt 0.74559993 0.00047100
vt 0.35524309 0.00047100
vt 0.66649997 0.00050002
vt 0.66649997 0.99949998
vt 0.99949998 0.99949998
vt 0.33350000 0.99949998
vt 0.33350000 0.00050002
vt 0.00050000 0.00050002
vt 0.00050000 0.99949998
vt 0.33350000 0.99949998
vt 0.74599999 0.00050002
vt 0.60890001 0.99949998
vt 0.99949998 0.99949998
vt 0.35540000 0.00050002
vt 0.99949998 0.00050002
vt 0.66649997 0.99949998
vt 0.99949998 0.99949998
vt 0.66649997 0.00050002
vt 0.00050000 0.00050002
vt 0.99949998 0.00050002
vt 0.00050000 0.99949998
vt 0.99949998 0.99949998
vt 0.00050000 0.00050002
vt 0.00050000 0.00050002
vt 0.99949998 0.99949998
vt 0.99949998 0.00050002
vt 0.00050000 0.99949998
vt 0.00050000 0.99949998
vt 0.99949998 0.00050002
vt 0.00050000 0.00050002
vt 0.99949998 0.99949998
vt 0.00050000 0.99949998
vt 0.99949998 0.00050002
vt 0.00050000 0.00050002
vt 0.99949998 0.99949998
vt 0.00050000 0.99949998
vt 0.99949998 0.00050002
vt 0.00050000 0.00050002
vt 0.99949998 0.99949998
vt 0.99949998 0.00050002
vt 0.00050000 0.99949998
vt 0.99949998 0.99949998
vt 0.00050000 0.00050002
vt 0.64459997 0.00050002
vt 0.00050000 0.99949998
vt 0.39109999 0.99949998
vt 0.25400001 0.00050002
vt 0.66649997 0.00050002
vt 0.99949998 0.99949998
vt 0.99949998 0.00050002
vt 0.39109999 0.99949998
vt 0.35540000 0.66649997
vt 0.00050000 0.99949998
vt 0.35523131 0.33360571
vt 0.39059371 0.00063223
vt -0.00000629 0.00063223
vt 0.74599999 0.66649997
vt 0.74583131 0.33360571
vt 0.00050000 0.99949998
vt 0.33350000 0.00050002
vt 0.00050000 0.00050002
vt 0.33350000 0.99949998
vt 0.35524309 0.00063223
vt 0.39104769 0.33360571
vt 0.74559993 0.00063223
vt 0.39109999 0.66649997
vt 0.35540000 0.99949998
vt 0.74575680 0.99949998
vt 0.00044771 0.33360571
vt 0.00050000 0.66649997
vt 0.66649997 0.99949998
vt 0.99949998 0.99949998
vt 0.66649997 0.00050002
vt 0.33350000 0.00050002
vt 0.33350000 0.99949998
vt 0.00050000 0.99949998
vt 0.33350000 0.99949998
vt 0.00050000 0.00050002
vt 0.74599999 0.00050002
vt 0.60890001 0.99949998
vt 0.99949998 0.99949998
vt 0.35540000 0.00050002
vt 0.66649997 0.99949998
vt 0.99949998 0.00050002
vt 0.66649997 0.00050002
vt 0.99949998 0.99949998
vt 0.00050000 0.00050002
vt 0.99949998 0.99949998
vt 0.00050000 0.00050002
vt 0.00050000 0.99949998
vt 0.99949998 0.00050002
vt 0.00050000 0.99949998
vt 0.99949998 0.00050002
vt 0.00050000 0.00050002
vt 0.99949998 0.99949998
vt 0.99949998 0.00050002
vt 0.00050000 0.99949998
vt 0.99949998 0.99949998
vt 0.00050000 0.00050002
vt 0.00050000 0.00050002
vt 0.99949998 0.99949998
vt 0.99949998 0.00050002
vt 0.00050000 0.99949998
vt 0.99949998 0.00050002
vt 0.00050000 0.99949998
vt 0.99949998 0.99949998
vt 0.00050000 0.00050002
vt 0.99949998 0.00050002
vt 0.00050000 0.99949998
vt 0.99949998 0.99949998
vt 0.00050000 0.00050002
vt 0.52499998 -0.09410000
vt 0.47499999 0.52740002
vt 0.52499998 0.52740002
vt 0.47499999 -0.09410000
vt 0.46790001 -0.09410000
vt 0.50080001 0.52740002
vt 0.56739998 0.52740002
vt 0.43258891 -0.09410000
vt 0.47499999 0.81070000
vt 0.52499998 0.81070000
vt 0.49919999 0.52740002
vt 0.53208888 -0.09410000
vt 0.43259999 0.52740002
vt 0.56739998 -0.09410000
vt 0.47499999 0.53209996
vt 0.52499998 0.56739998
vt 0.52499998 0.53209996
vt 0.47499999 0.56739998
vt 0.52499998 -0.09410000
vt 0.47499999 0.52740002
vt 0.52499998 0.52740002
vt 0.47499999 -0.09410000
vt 0.50080001 0.52740002
vt 0.56738693 0.81070000
vt 0.56739998 0.52740002
vt 0.50080001 0.81070000
vt 0.47499999 1.09410000
vt 0.52499998 1.09410000
vt 0.43259999 0.81070000
vt 0.49919999 0.52740002
vt 0.43259999 0.52740002
vt 0.49918690 0.81070000
vt 0.47499999 0.81070000
vt 0.52499998 0.81070000
vt 0.50080001 0.81070000
vt 0.54381108 1.09410000
vt 0.56739998 0.81070000
vt 0.50080001 1.09410000
vt 0.52499998 0.49919999
vt 0.47499999 0.45620000
vt 0.47499999 0.49919999
vt 0.52499998 0.45620000
vt 0.45620000 1.09410000
vt 0.49919999 0.81070000
vt 0.43259999 0.81070000
vt 0.49921110 1.09410000
vt 0.52499998 0.81070000
vt 0.47499999 1.09410000
vt 0.52499998 1.09410000
vt 0.47499999 0.81070000
vt 0.00050000 0.00050002
vt 0.99949998 0.99949998
vt 0.99949998 0.00050002
vt 0.00050000 0.99949998
vt 0.62908649 0.99949944
vt 0.00050000 0.50000000
vt 0.00010824 0.99949944
vt 0.99949998 0.00050002
vt 0.00050000 0.00050002
vt 0.99949998 0.50000000
vt 0.99949998 0.00050002
vt 0.00050000 0.50000000
vt 0.99949998 0.50000000
vt 0.00050000 0.00050002
vt 0.00050000 0.00050002
vt 0.99949998 0.50000000
vt 0.99949998 0.00050002
vt 0.37110940 0.99949944
vt 0.00050000 0.50000000
vt 0.99989182 0.99949944
vt 0.99949998 0.00050002
vt 0.00050000 0.50000000
vt 0.99949998 0.50000000
vt 0.00050000 0.00050002
vt 0.99949998 0.50000000
vt 0.00050000 0.99949998
vt 0.99949998 0.99949998
vt 0.00050000 0.50000000
vt 0.99949998 0.62930000
vt 0.00050000 0.00050002
vt 0.00050000 0.62910420
vt 0.99949998 0.00050002
vt 0.00050000 0.99949998
vt 0.99949998 0.50000000
vt 0.00050000 0.99949998
vt 0.99949998 0.99949998
vt 0.99949998 0.99949998
vt 0.00050000 0.00050002
vt 0.00050000 0.99949998
vt 0.99949998 0.00050002
vt 0.00050000 0.99949998
vt 0.99949998 0.00050002
vt 0.00050000 0.00050002
vt 0.99949998 0.99949998
vt 0.99949998 0.00050002
vt 0.00050000 0.99949998
vt 0.99949998 0.99949998
vt 0.00050000 0.00050002
vt 0.00050000 0.00050002
vt 0.99949998 0.99949998
vt 0.99949998 0.00050002
vt 0.00050000 0.99949998
vt 0.99949998 0.00050002
vt 0.00050000 0.99949998
vt 0.99949998 0.99949998
vt 0.00050000 0.00050002
vt 0.99949998 0.00050002
vt 0.00050000 0.99949998
vt 0.99949998 0.99949998
vt 0.00050000 0.00050002
vt 0.00050000 0.99949998
vt 0.99949998 0.00050002
vt 0.00050000 0.00050002
vt 0.99949998 0.99949998
vt 0.99949998 0.00050002
vt 0.00050000 0.99949998
vt 0.99949998 0.99949998
vt 0.00050000 0.00050002
vt 0.99949998 0.99949998
vt 0.00050000 0.00050002
vt 0.00050000 0.99949998
vt 0.99949998 0.00050002
vt 0.99949998 0.00050002
vt 0.00050000 0.99949998
vt 0.99949998 0.99949998
vt 0.00050000 0.00050002
vt 0.00050000 0.00050002
vt 0.99949998 0.99949998
vt 0.99949998 0.00050002
vt 0.00050000 0.99949998
vt 0.00050000 0.00050002
vt 0.99949998 0.99949998
vt 0.99949998 0.00050002
vt 0.00050000 0.99949998
vt 1.00000000 0.00000000
vt -0.00000000 1.00000000
vt 1.00000000 1.00000000
vt -0.00000000 0.00000000
vt 0.00000000 1.00000000
vt 1.00000000 0.00000000
vt 0.00000000 0.00000000
vt 1.00000000 1.00000000
vt 1.00000000 0.00000000
vt -0.00000000 1.00000000
vt 1.00000000 1.00000000
vt -0.00000000 0.00000000
vt 0.00000000 0.00000000
vt 1.00000000 1.00000000
vt 1.00000000 0.00000000
vt 0.00000000 1.00000000
vt 1.00000000 0.00000000
vt 0.00000000 1.00000000
vt 1.00000000 1.00000000
vt 0.00000000 0.00000000
vt 1.00000000 0.00000000
vt 0.00000000 1.00000000
vt 1.00000000 1.00000000
vt 0.00000000 0.00000000
vt 0.00000000 0.00000000
vt 1.00000000 1.00000000
vt 1.00000000 0.00000000
vt 0.00000000 1.00000000
vt -0.00000000 1.00000000
vt 1.00000000 0.00000000
vt 0.00000000 0.00000000
vt 1.00000000 1.00000000
vt 1.00000000 0.00000000
vt 0.00000000 1.00000000
vt 1.00000000 1.00000000
vt 0.00000000 0.00000000
vt 0.00000000 0.00000000
vt 1.00000000 1.00000000
vt 1.00000000 0.00000000
vt 0.00000000 1.00000000
vt 1.00000000 0.00000000
vt 0.00000000 1.00000000
vt 1.00000000 1.00000000
vt 0.00000000 0.00000000
vt 1.00000000 1.00000000
vt -0.00000000 0.00000000
vt -0.00000000 1.00000000
vt 1.00000000 0.00000000
vt 0.00050000 0.99949998
vt 0.99949998 0.00050002
vt 0.00050000 0.00050002
vt 0.99949998 0.99949998
vt 0.99949998 0.00050002
vt 0.00050000 0.99949998
vt 0.99949998 0.99949998
vt 0.00050000 0.00050002
vt 0.99949998 0.99949998
vt 0.00050000 0.00050002
vt 0.00050000 0.99949998
vt 0.99949998 0.00050002
vt 0.99949998 0.00050002
vt 0.00050000 0.99949998
vt 0.99949998 0.99949998
vt 0.00050000 0.00050002
vt 0.00050000 0.00050002
vt 0.99949998 0.99949998
vt 0.99949998 0.00050002
vt 0.00050000 0.99949998
vt 0.00050000 0.00050002
vt 0.99949998 0.99949998
vt 0.99949998 0.00050002
vt 0.00050000 0.99949998
vt 0.94540340 0.98046780
vt 0.99953508 0.09200001
vt 0.99953508 0.90799999
vt 0.94540340 0.01955527
vt 0.87180001 0.99957585
vt 0.87180001 0.00044721
vt 0.12819991 0.99957585
vt 0.12819991 0.00044721
vt 0.05459653 0.98046780
vt 0.05459653 0.01955527
vt 0.00046481 0.90799999
vt 0.00046481 0.09200001
vt -0.00000000 0.00000000
vt 1.00000000 1.00000000
vt 1.00000000 0.00000000
vt -0.00000000 1.00000000
vt 1.00000000 0.00000000
vt 0.00000000 1.00000000
vt 1.00000000 1.00000000
vt 0.00000000 0.00000000
vt -0.00000000 0.00000000
vt 1.00000000 1.00000000
vt 1.00000000 0.00000000
vt 0.00000000 1.00000000
vt 1.00000000 0.00000000
vt -0.00000000 1.00000000
vt 1.00000000 1.00000000
vt -0.00000000 0.00000000
vt 1.00000000 1.00000000
vt -0.00000000 0.00000000
vt 0.00000000 1.00000000
vt 1.00000000 0.00000000
vt 0.00000000 1.00000000
vt 1.00000000 0.00000000
vt 0.00000000 0.00000000
vt 1.00000000 1.00000000
vt 0.00050000 0.00050002
vt 0.99949998 0.99949998
vt 0.99949998 0.00050002
vt 0.00050000 0.99949998
vt 0.99949998 0.00050002
vt 0.00050000 0.99949998
vt 0.99949998 0.99949998
vt 0.00050000 0.00050002
vt 0.00050000 0.00050002
vt 0.99949998 0.99949998
vt 0.99949998 0.00050002
vt 0.00050000 0.99949998
vt 0.99949998 0.00050002
vt 0.00050000 0.99949998
vt 0.99949998 0.99949998
vt 0.00050000 0.00050002
vt 0.99949998 0.99949998
vt 0.00050000 0.00050002
vt 0.00050000 0.99949998
vt 0.99949998 0.00050002
vt 0.00050000 0.99949998
vt 0.99949998 0.00050002
vt 0.00050000 0.00050002
vt 0.99949998 0.99949998
vt 0.00050000 0.99949998
vt 0.66759998 0.00050002
vt 0.00050000 0.00050002
vt 0.66759998 0.99949998
vt 0.00038632 0.99953461
vt 0.66759998 0.76416123
vt 0.00038632 0.76416123
vt 0.99949998 0.99953461
vt 0.89111638 0.00050002
vt 0.99949998 0.00050002
vt 0.66759998 0.68589997
vt 0.99949998 0.68589997
vt 0.00050000 0.76410002
vt 0.99949998 0.76410002
vt 0.00050000 0.68589997
vt 0.10890000 0.00050002
vt 0.33239809 0.76416123
vt 0.33239999 0.68589997
vt 0.99960619 0.99953461
vt 0.99961179 0.76416123
vt 0.00049249 0.99953461
vt 0.00051642 0.00050002
vt 0.99949998 0.76410002
vt 0.00050000 0.99949998
vt 0.99949998 0.99949998
vt 0.00050000 0.76410002
vt 0.00055655 0.99949998
vt 0.99949998 0.00050002
vt 0.00055655 0.00050002
vt 0.99949998 0.99949998
vt 0.99949998 0.00050002
vt 0.00050000 0.99953461
vt 0.99949998 0.99953461
vt 0.00050000 0.00050002
vt 0.89109999 0.99949998
vt 0.99949998 0.00050002
vt 0.89109999 0.00050002
vt 0.99949998 0.99949998
vt 0.99949998 0.00050002
vt 0.00050000 0.00050002
vt 0.94570631 0.98154742
vt 0.13040000 0.99952334
vt 0.86960000 0.99952334
vt 0.05429375 0.98154742
vt 0.99953753 0.90780002
vt 0.00046250 0.90780002
vt 0.99953753 0.09219998
vt 0.00046250 0.09219998
vt 0.94570631 0.01822221
vt 0.05429375 0.01822221
vt 0.86960000 0.00047672
vt 0.13040000 0.00047672
vt 0.13040000 0.00050002
vt 0.86960000 0.56659997
vt 0.86960000 0.00050002
vt 0.13040000 0.56659997
vt 0.05439996 0.00050002
vt 0.05439996 0.56659997
vt 0.98170000 0.00050002
vt 0.90780002 0.56659997
vt 0.98170000 0.56659997
vt 0.90780002 0.00050002
vt 0.90780002 0.00050002
vt 0.09219998 0.56659997
vt 0.90780002 0.56659997
vt 0.09219998 0.00050002
vt 0.09219998 0.56659997
vt 0.01829999 0.00050002
vt 0.01829999 0.56659997
vt 0.09219998 0.00050002
vt 0.86960000 0.56659997
vt 0.94559997 0.00050002
vt 0.86960000 0.00050002
vt 0.94559997 0.56659997
vt 0.13040000 0.56659997
vt 0.13040000 0.00050002
vt 0.05439996 0.56659997
vt 0.05439996 0.00050002
vt 0.98170000 0.56659997
vt 0.90780002 0.00050002
vt 0.90780002 0.56659997
vt 0.98170000 0.00050002
vt 0.90780002 0.00050002
vt 0.09219998 0.56659997
vt 0.90780002 0.56659997
vt 0.09219998 0.00050002
vt 0.09219998 0.00050002
vt 0.01829999 0.56659997
vt 0.09219998 0.56659997
vt 0.01829999 0.00050002
vt 0.94559997 0.56659997
vt 0.94559997 0.00050002
vt 1.00000000 0.00000000
vt -0.00000000 1.00000000
vt 1.00000000 1.00000000
vt -0.00000000 0.00000000
vt 1.00000000 0.00000000
vt 0.00000000 1.00000000
vt 1.00000000 1.00000000
vt 0.00000000 0.00000000
vt -0.00000000 1.00000000
vt 1.00000000 0.00000000
vt -0.00000000 0.00000000
vt 1.00000000 1.00000000
vt 1.00000000 0.00000000
vt 0.00000000 1.00000000
vt 1.00000000 1.00000000
vt 0.00000000 0.00000000
vt 0.00000000 0.00000000
vt 1.00000000 1.00000000
vt 1.00000000 0.00000000
vt 0.00000000 1.00000000
vt 1.00000000 0.00000000
vt 0.00000000 1.00000000
vt 1.00000000 1.00000000
vt 0.00000000 0.00000000
vt 0.66759998 0.99949998
vt 0.00050000 0.00050002
vt 0.00050000 0.99949998
vt 0.66759998 0.00050002
vt 0.00037978 0.76416123
vt 0.00037978 0.99953461
vt 0.66759998 0.76416123
vt 0.99949998 0.99953461
vt 0.99949998 0.00050002
vt 0.66759998 0.68589997
vt 0.89111859 0.00050002
vt 0.00050000 0.68589997
vt 0.99949998 0.76410002
vt 0.99949998 0.68589997
vt 0.00050000 0.76410002
vt 0.99961811 0.76416123
vt 0.00049148 0.99953461
vt 0.99961168 0.99953461
vt 0.33239791 0.76416123
vt 0.00051861 0.00050002
vt 0.33239999 0.68589997
vt 0.10890000 0.00050002
vt 0.00050000 0.76410002
vt 0.99949998 0.99949998
vt 0.99949998 0.76410002
vt 0.00050000 0.99949998
vt 0.00055980 0.00050002
vt 0.99949998 0.99949998
vt 0.99949998 0.00050002
vt 0.00055980 0.99949998
vt 0.00050000 0.99953461
vt 0.99949998 0.00050002
vt 0.00050000 0.00050002
vt 0.99949998 0.99953461
vt 0.99949998 0.99949998
vt 0.89109999 0.00050002
vt 0.89109999 0.99949998
vt 0.99949998 0.00050002
vt 0.00050000 0.00050002
vt 0.99949998 0.00050002
vt 0.05458225 0.98061019
vt 0.87180001 0.99974239
vt 0.12819991 0.99974239
vt 0.94541758 0.98061019
vt 0.00055474 0.90799999
vt 0.99944520 0.90799999
vt 0.00055474 0.09200001
vt 0.99944520 0.09200001
vt 0.05458225 0.01962030
vt 0.94541758 0.01962030
vt 0.12819991 0.00048810
vt 0.87180001 0.00048810
vt 1.00000000 0.00000000
vt -0.00000000 1.00000000
vt 1.00000000 1.00000000
vt -0.00000000 0.00000000
vt 1.00000000 0.00000000
vt 0.00000000 1.00000000
vt 1.00000000 1.00000000
vt 0.00000000 0.00000000
vt 0.00000000 0.00000000
vt 1.00000000 1.00000000
vt 1.00000000 0.00000000
vt -0.00000000 1.00000000
vt 1.00000000 0.00000000
vt 0.00000000 1.00000000
vt 1.00000000 1.00000000
vt 0.00000000 0.00000000
vt 0.00000000 1.00000000
vt 1.00000000 0.00000000
vt 0.00000000 0.00000000
vt 1.00000000 1.00000000
vt 1.00000000 0.00000000
vt 0.00000000 1.00000000
vt 1.00000000 1.00000000
vt 0.00000000 0.00000000
vt -0.00000000 0.00000000
vt 1.00000000 1.00000000
vt 1.00000000 0.00000000
vt -0.00000000 1.00000000
vt 1.00000000 0.00000000
vt 0.00000000 1.00000000
vt 1.00000000 1.00000000
vt 0.00000000 0.00000000
vt 0.00000000 0.00000000
vt 1.00000000 1.00000000
vt 1.00000000 0.00000000
vt 0.00000000 1.00000000
vt 1.00000000 0.00000000
vt 0.00000000 1.00000000
vt 1.00000000 1.00000000
vt 0.00000000 0.00000000
vt 1.00000000 1.00000000
vt -0.00000000 0.00000000
vt -0.00000000 1.00000000
vt 1.00000000 0.00000000
vt 0.00000000 1.00000000
vt 1.00000000 0.00000000
vt 0.00000000 0.00000000
vt 1.00000000 1.00000000
vt 0.99949998 0.00050002
vt 0.00050000 0.99949998
vt 0.99949998 0.99949998
vt 0.00050000 0.00050002
vt 0.00050000 0.99949998
vt 0.99949998 0.00050002
vt 0.00050000 0.00050002
vt 0.99949998 0.99949998
vt 0.99949998 0.00050002
vt 0.00050000 0.99949998
vt 0.99949998 0.99949998
vt 0.00050000 0.00050002
vt 0.00050000 0.00050002
vt 0.99949998 0.99949998
vt 0.99949998 0.00050002
vt 0.00050000 0.99949998
vt 0.99949998 0.00050002
vt 0.00050000 0.99949998
vt 0.99949998 0.99949998
vt 0.00050000 0.00050002
vt 0.99949998 0.00050002
vt 0.00050000 0.99949998
vt 0.99949998 0.99949998
vt 0.00050000 0.00050002
vt 0.66759998 0.00050002
vt 0.00050000 0.99949998
vt 0.66759998 0.99949998
vt 0.00050000 0.00050002
vt 0.89112848 0.00050002
vt 0.99949998 0.99953461
vt 0.99949998 0.00050002
vt 0.66759998 0.76416123
vt 0.00035034 0.99953461
vt 0.66759998 0.68589997
vt 0.00035034 0.76416123
vt 0.99949998 0.68589997
vt 0.00050000 0.76410002
vt 0.99949998 0.76410002
vt 0.00050000 0.68589997
vt 0.00048697 0.99953461
vt 0.10890000 0.00050002
vt 0.00052847 0.00050002
vt 0.33239669 0.76416123
vt 0.99963659 0.99953461
vt 0.33239999 0.68589997
vt 0.99964643 0.76416123
vt 0.99949998 0.76410002
vt 0.00050000 0.99949998
vt 0.99949998 0.99949998
vt 0.00050000 0.76410002
vt 0.99949998 0.00050002
vt 0.00057445 0.99949998
vt 0.99949998 0.99949998
vt 0.00057445 0.00050002
vt 0.99949998 0.00050002
vt 0.00050000 0.99953461
vt 0.99949998 0.99953461
vt 0.00050000 0.00050002
vt 0.99949998 0.00050002
vt 0.89109999 0.99949998
vt 0.99949998 0.99949998
vt 0.89109999 0.00050002
vt 0.99949998 0.00050002
vt 0.00050000 0.00050002
vt -0.00000000 1.00000000
vt 1.00000000 0.00000000
vt 0.00000000 0.00000000
vt 1.00000000 1.00000000
vt 1.00000000 0.00000000
vt 0.00000000 1.00000000
vt 1.00000000 1.00000000
vt 0.00000000 0.00000000
vt 1.00000000 1.00000000
vt 0.00000000 0.00000000
vt 0.00000000 1.00000000
vt 1.00000000 0.00000000
vt 1.00000000 0.00000000
vt 0.00000000 1.00000000
vt 1.00000000 1.00000000
vt 0.00000000 0.00000000
vt 0.00000000 0.00000000
vt 1.00000000 1.00000000
vt 1.00000000 0.00000000
vt 0.00000000 1.00000000
vt 0.00000000 0.00000000
vt 1.00000000 1.00000000
vt 1.00000000 0.00000000
vt 0.00000000 1.00000000
vt 0.66759998 0.00050002
vt 0.00050000 0.99949998
vt 0.66759998 0.99949998
vt 0.00050000 0.00050002
vt 0.89111751 0.00050002
vt 0.99949998 0.99953461
vt 0.99949998 0.00050002
vt 0.66759998 0.76416123
vt 0.00038305 0.99953461
vt 0.66759998 0.68589997
vt 0.00038305 0.76416123
vt 0.99949998 0.68589997
vt 0.00050000 0.76410002
vt 0.99949998 0.76410002
vt 0.00050000 0.68589997
vt 0.00049198 0.99953461
vt 0.10890000 0.00050002
vt 0.00051752 0.00050002
vt 0.33239800 0.76416123
vt 0.99960887 0.99953461
vt 0.33239999 0.68589997
vt 0.99961501 0.76416123
vt 0.99949998 0.76410002
vt 0.00050000 0.99949998
vt 0.99949998 0.99949998
vt 0.00050000 0.76410002
vt 0.99949998 0.00050002
vt 0.00055818 0.99949998
vt 0.99949998 0.99949998
vt 0.00055818 0.00050002
vt 0.99949998 0.00050002
vt 0.00050000 0.99953461
vt 0.99949998 0.99953461
vt 0.00050000 0.00050002
vt 0.99949998 0.00050002
vt 0.89109999 0.99949998
vt 0.99949998 0.99949998
vt 0.89109999 0.00050002
vt 0.99949998 0.00050002
vt 0.00050000 0.00050002
vt 0.99949998 0.00050002
vt 0.00050000 0.99949998
vt 0.99949998 0.99949998
vt 0.00050000 0.00050002
vt 0.99949998 0.50000000
vt 0.00050000 0.99949944
vt 0.62928241 0.99949944
vt 0.00050000 0.00050002
vt 0.99949998 0.00050002
vt 0.00050000 0.00050002
vt 0.99949998 0.50000000
vt 0.99949998 0.00050002
vt 0.00050000 0.50000000
vt 0.99949998 0.00050002
vt 0.37071761 0.99949944
vt 0.99949998 0.99949944
vt 0.00050000 0.50000000
vt 0.00050000 0.00050002
vt 0.00050000 0.99949944
vt 0.99949998 0.00050002
vt 0.00050000 0.00050002
vt 0.99949998 0.99949944
vt 0.99949998 0.00050002
vt 0.00050000 0.62930000
vt 0.99949998 0.62930000
vt 0.00050000 0.00050002
vt 0.99949998 0.99949998
vt 0.00050000 0.99949998
vt 0.47499999 0.52740002
vt 0.52499998 -0.09410000
vt 0.47499999 -0.09410000
vt 0.52499998 0.52740002
vt 0.56739622 0.81075221
vt 0.50079250 1.09410405
vt 0.54375601 1.09410405
vt 0.50080001 0.52740002
vt 0.56739998 0.52740002
vt 0.46790001 -0.09410000
vt 0.43264121 -0.09410000
vt 0.47499999 0.81070000
vt 0.52499998 0.81070000
vt 0.49919999 0.52740002
vt 0.45620641 1.09410405
vt 0.49917001 1.09410405
vt 0.43258500 0.81075221
vt 0.43259999 0.52740002
vt 0.56739998 -0.09410000
vt 0.53214121 -0.09410000
vt 0.52499998 0.53209996
vt 0.47499999 0.56739998
vt 0.52499998 0.56739998
vt 0.47499999 0.53209996
vt 0.47499999 0.52740002
vt 0.52499998 1.09399962
vt 0.52499998 0.52740002
vt 0.47499999 1.09399962
vt 0.52499998 0.45620000
vt 0.47499999 0.49919999
vt 0.52499998 0.49919999
vt 0.47499999 0.45620000
vt 0.47499999 1.09410000
vt 0.52499998 1.09410000
vt 0.47499999 -0.09410000
vt 0.52499998 -0.09410000
vt 0.00050000 0.00050002
vt 0.99949998 0.99949998
vt 0.99949998 0.00050002
vt 0.00050000 0.99949998
vt 0.99949998 0.00050002
vt 0.00050000 0.99949998
vt 0.99949998 0.99949998
vt 0.00050000 0.00050002
vt 0.00050000 0.00050002
vt 0.99949998 0.99949998
vt 0.99949998 0.00050002
vt 0.00050000 0.99949998
vt 0.99949998 0.00050002
vt 0.00050000 0.99949998
vt 0.99949998 0.99949998
vt 0.00050000 0.00050002
vt 0.99949998 0.99949998
vt 0.00050000 0.00050002
vt 0.00050000 0.99949998
vt 0.99949998 0.00050002
vt 0.00050000 0.99949998
vt 0.99949998 0.00050002
vt 0.00050000 0.00050002
vt 0.99949998 0.99949998
vt 0.99949998 0.00050002
vt 0.00050000 0.99949998
vt 0.99949998 0.99949998
vt 0.00050000 0.00050002
vt 0.00050000 0.99949998
vt 0.99949998 0.00050002
vt 0.00050000 0.00050002
vt 0.99949998 0.99949998
vt 0.99949998 0.00050002
vt 0.00050000 0.99949998
vt 0.99949998 0.99949998
vt 0.00050000 0.00050002
vt 0.00050000 0.00050002
vt 0.99949998 0.99949998
vt 0.99949998 0.00050002
vt 0.00050000 0.99949998
vt 0.99949998 0.00050002
vt 0.00050000 0.99949998
vt 0.99949998 0.99949998
vt 0.00050000 0.00050002
vt 0.99949998 0.00050002
vt 0.00050000 0.99949998
vt 0.99949998 0.99949998
vt 0.00050000 0.00050002
vt 0.00050000 0.99949998
vt 0.99949998 0.00050002
vt 0.00050000 0.00050002
vt 0.99949998 0.99949998
vt 0.99949998 0.00050002
vt 0.00050000 0.50000000
vt 0.99949998 0.50000000
vt 0.00050000 0.00050002
vt 0.00050000 0.50000000
vt 0.00073507 0.50000000
vt 0.99949998 0.00050002
vt 0.00050000 0.00050002
vt 0.99926490 0.50000000
vt 0.99949998 0.50000000
vt 0.99949998 0.50000000
vt 0.37098619 0.99949944
vt 0.99989182 0.99949944
vt 0.00050000 0.50000000
vt 0.99949998 0.00050002
vt 0.00050000 0.00050002
vt 0.00050000 0.00050002
vt 0.99926490 0.50000000
vt 0.99949998 0.00050002
vt 0.00050000 0.50000000
vt 0.99949998 0.50000000
vt 0.00050000 0.99949998
vt 0.62940568 0.99949998
vt 0.00050000 0.50000000
vt 0.99949998 0.99949998
vt 0.00050000 0.99949998
vt 0.00050000 0.62930000
vt 0.99949998 0.00050002
vt 0.00050000 0.00050002
vt 0.99949998 0.62930000
vt 0.99949998 0.50000000
vt 0.00050000 0.99949998
vt 0.99949998 0.99949998
vt 0.00073507 0.50000000
vt 0.64459997 0.00050002
vt 0.00050000 0.99949998
vt 0.39109999 0.99949998
vt 0.25400001 0.00050002
vt 0.66649997 0.99949998
vt 0.99949998 0.00050002
vt 0.66649997 0.00050002
vt 0.99949998 0.99949998
vt 0.40045220 0.00050002
vt 0.74599999 0.66649997
vt 0.74911737 0.33350003
vt 0.39109999 0.99949998
vt 0.36094350 0.33350003
vt 0.00985217 0.00050002
vt 0.35782611 0.66649997
vt 0.00050000 0.99949998
vt 0.00050000 0.99949998
vt 0.33350000 0.99949998
vt 0.00050000 0.00050002
vt 0.35540000 0.99949998
vt -0.00019130 0.33350003
vt 0.00050000 0.66649997
vt 0.35332611 0.00050002
vt 0.39109999 0.66649997
vt 0.74599999 0.99949998
vt 0.39040869 0.33350003
vt 0.74392611 0.00050002
vt 0.33350000 0.99949998
vt 0.33350000 0.00050002
vt 0.00050000 0.99949998
vt 0.00050000 0.00050002
vt 0.74599999 0.00050002
vt 0.60890001 0.99949998
vt 0.99949998 0.99949998
vt 0.35540000 0.00050002
vt 0.66649997 0.99949998
vt 0.99949998 0.99949998
vt 0.66649997 0.00050002
vt 0.33350000 0.00050002
vt 0.99949998 0.00050002
vt 0.47499999 0.52740002
vt 0.52499998 -0.09410000
vt 0.47499999 -0.09410000
vt 0.52499998 0.52740002
vt 0.56739622 0.81075221
vt 0.50079250 1.09410405
vt 0.54375601 1.09410405
vt 0.50080001 0.52740002
vt 0.56739998 0.52740002
vt 0.46790001 -0.09410000
vt 0.43264121 -0.09410000
vt 0.47499999 0.81070000
vt 0.52499998 0.81070000
vt 0.49919999 0.52740002
vt 0.45620641 1.09410405
vt 0.49917001 1.09410405
vt 0.43258500 0.81075221
vt 0.43259999 0.52740002
vt 0.56739998 -0.09410000
vt 0.53214121 -0.09410000
vt 0.52499998 0.53209996
vt 0.47499999 0.56739998
vt 0.52499998 0.56739998
vt 0.47499999 0.53209996
vt 0.47499999 0.52740002
vt 0.52499998 1.09399962
vt 0.52499998 0.52740002
vt 0.47499999 1.09399962
vt 0.52499998 0.45620000
vt 0.47499999 0.49919999
vt 0.52499998 0.49919999
vt 0.47499999 0.45620000
vt 0.47499999 1.09410000
vt 0.52499998 1.09410000
vt 0.47499999 -0.09410000
vt 0.52499998 -0.09410000
vt 0.64459997 0.00050002
vt 0.00050000 0.99949998
vt 0.39109999 0.99949998
vt 0.25642610 0.00050002
vt 0.99949998 0.99949998
vt 0.99949998 0.00050002
vt 0.66649997 0.00050002
vt 0.39317390 0.00050002
vt 0.74599999 0.66649997
vt 0.74669129 0.33350003
vt 0.39109999 0.99949998
vt 0.35609129 0.33350003
vt 0.00257391 0.00050002
vt 0.35540000 0.66649997
vt 0.00050000 0.99949998
vt 0.00050000 0.00050002
vt 0.33350000 0.99949998
vt 0.33350000 0.00050002
vt 0.00050000 0.99949998
vt 0.35540000 0.99949998
vt -0.00019130 0.33350003
vt 0.00050000 0.66649997
vt 0.35332611 0.00050002
vt 0.39109999 0.66649997
vt 0.74357390 0.99949998
vt 0.39040869 0.33350003
vt 0.74150002 0.00050002
vt 0.66649997 0.99949998
vt 0.33350000 0.99949998
vt 0.33350000 0.00050002
vt 0.00050000 0.00050002
vt 0.00050000 0.99949998
vt 0.74599999 0.00050002
vt 0.60890001 0.99949998
vt 0.99949998 0.99949998
vt 0.35782611 0.00050002
vt 0.66649997 0.00050002
vt 0.99949998 0.99949998
vt 0.99949998 0.00050002
vt 0.66649997 0.99949998
vt 0.99949998 0.00050002
vt 0.00050000 0.99949998
vt 0.99949998 0.99949998
vt 0.00050000 0.00050002
vt 0.99949998 0.50000000
vt 0.00050000 0.99949944
vt 0.62928241 0.99949944
vt 0.00050000 0.00050002
vt 0.99949998 0.00050002
vt 0.00050000 0.00050002
vt 0.99949998 0.50000000
vt 0.99949998 0.00050002
vt 0.00050000 0.50000000
vt 0.99949998 0.00050002
vt 0.37071761 0.99949944
vt 0.99949998 0.99949944
vt 0.00050000 0.50000000
vt 0.00050000 0.00050002
vt 0.00050000 0.99949944
vt 0.99949998 0.00050002
vt 0.00050000 0.00050002
vt 0.99949998 0.99949944
vt 0.99949998 0.00050002
vt 0.00050000 0.62930000
vt 0.99949998 0.62930000
vt 0.00050000 0.00050002
vt 0.99949998 0.99949998
vt 0.00050000 0.99949998
vt -0.00000000 0.00000000
vt 1.00000000 1.00000000
vt 1.00000000 0.00000000
vt -0.00000000 1.00000000
vt 1.00000000 0.00000000
vt 0.00000000 1.00000000
vt 1.00000000 1.00000000
vt 0.00000000 0.00000000
vt -0.00000000 0.00000000
vt 1.00000000 1.00000000
vt 1.00000000 0.00000000
vt -0.00000000 1.00000000
vt 1.00000000 0.00000000
vt -0.00000000 1.00000000
vt 1.00000000 1.00000000
vt 0.00000000 0.00000000
vt 1.00000000 1.00000000
vt 0.00000000 0.00000000
vt 0.00000000 1.00000000
vt 1.00000000 0.00000000
vt 0.00000000 1.00000000
vt 1.00000000 0.00000000
vt 0.00000000 0.00000000
vt 1.00000000 1.00000000
vt 0.39109999 0.99949998
vt 0.25400001 0.00050002
vt 0.00050000 0.99949998
vt 0.64459997 0.00050002
vt 0.66649997 0.00050002
vt 0.99949998 0.99949998
vt 0.99949998 0.00050002
vt 0.74599999 0.66649997
vt 0.00050000 0.99949998
vt 0.39109999 0.99949998
vt 0.35540000 0.66649997
vt 0.74583119 0.33352649
vt 0.35523120 0.33352649
vt 0.39059371 0.00055289
vt -0.00000633 0.00055289
vt 0.33350000 0.99949998
vt 0.00050000 0.00050002
vt 0.00050000 0.99949998
vt 0.33350000 0.00050002
vt 0.39109999 0.66649997
vt 0.35540000 0.99949998
vt 0.74575680 0.99949998
vt 0.00050000 0.66649997
vt 0.39104769 0.33352649
vt 0.00044770 0.33352649
vt 0.74559993 0.00055289
vt 0.35524309 0.00055289
vt 0.66649997 0.00050002
vt 0.66649997 0.99949998
vt 0.99949998 0.99949998
vt 0.33350000 0.99949998
vt 0.33350000 0.00050002
vt 0.00050000 0.00050002
vt 0.00050000 0.99949998
vt 0.33350000 0.99949998
vt 0.74599999 0.00050002
vt 0.60890001 0.99949998
vt 0.99949998 0.99949998
vt 0.35540000 0.00050002
vt 0.99949998 0.00050002
vt 0.66649997 0.99949998
vt 0.99949998 0.99949998
vt 0.66649997 0.00050002
vt 0.00050000 0.00050002
vt 0.00050000 0.99949998
vt 0.99949998 0.00050002
vt 0.00050000 0.00050002
vt 0.99949998 0.99949998
vt 0.99949998 0.00050002
vt 0.00050000 0.99949998
vt 0.99949998 0.99949998
vt 0.00050000 0.00050002
vt 0.99949998 0.99949998
vt 0.00050000 0.00050002
vt 0.00050000 0.99949998
vt 0.99949998 0.00050002
vt 0.99949998 0.00050002
vt 0.00050000 0.99949998
vt 0.99949998 0.99949998
vt 0.00050000 0.00050002
vt 0.00050000 0.00050002
vt 0.99949998 0.99949998
vt 0.99949998 0.00050002
vt 0.00050000 0.99949998
vt 0.00050000 0.00050002
vt 0.99949998 0.99949998
vt 0.99949998 0.00050002
vt 0.00050000 0.99949998
vt 0.99949998 0.99949998
vt 0.00050000 0.00050002
vt 0.00050000 0.99949998
vt 0.99949998 0.00050002
vt 0.00050000 0.99949998
vt 0.99949998 0.00050002
vt 0.00050000 0.00050002
vt 0.99949998 0.99949998
vt 0.99949998 0.00050002
vt 0.00050000 0.99949998
vt 0.99949998 0.99949998
vt 0.00050000 0.00050002
vt 0.00050000 0.00050002
vt 0.99949998 0.99949998
vt 0.99949998 0.00050002
vt 0.00050000 0.99949998
vt 0.99949998 0.00050002
vt 0.00050000 0.99949998
vt 0.99949998 0.99949998
vt 0.00050000 0.00050002
vt 0.99949998 0.00050002
vt 0.00050000 0.99949998
vt 0.99949998 0.99949998
vt 0.00050000 0.00050002
vt 0.00050000 0.00050002
vt 0.66759998 0.99949998
vt 0.66759998 0.00050002
vt 0.00050000 0.99949998
vt 0.00036678 0.76416123
vt 0.00036678 0.99953461
vt 0.66759998 0.76416123
vt 0.99949998 0.99953461
vt 0.99949998 0.00050002
vt 0.66759998 0.68589997
vt 0.89111751 0.00050002
vt 0.00050000 0.76410002
vt 0.99949998 0.68589997
vt 0.00050000 0.68589997
vt 0.99949998 0.76410002
vt 0.99963123 0.76416123
vt 0.00049198 0.99953461
vt 0.99962521 0.99953461
vt 0.33239800 0.76416123
vt 0.00051752 0.00050002
vt 0.33239999 0.68589997
vt 0.10890000 0.00050002
vt 0.00050000 0.99949998
vt 0.99949998 0.76410002
vt 0.00050000 0.76410002
vt 0.99949998 0.99949998
vt 0.99949998 0.99949998
vt 0.00056627 0.00050002
vt 0.00056627 0.99949998
vt 0.99949998 0.00050002
vt 0.00050000 0.00050002
vt 0.99949998 0.99953461
vt 0.99949998 0.00050002
vt 0.00050000 0.99953461
vt 0.89109999 0.00050002
vt 0.99949998 0.99949998
vt 0.99949998 0.00050002
vt 0.89109999 0.99949998
vt 0.99949998 0.00050002
vt 0.00050000 0.00050002
vt 0.00050000 0.00050002
vt 0.99949998 0.99949998
vt 0.99949998 0.00050002
vt 0.00050000 0.99949998
vt 0.62908649 0.99949944
vt 0.00050000 0.50000000
vt 0.00010824 0.99949944
vt 0.99949998 0.00050002
vt 0.00050000 0.00050002
vt 0.99949998 0.50000000
vt 0.99949998 0.00050002
vt 0.00050000 0.50000000
vt 0.99923879 0.50000000
vt 0.99949998 0.50000000
vt 0.00050000 0.00050002
vt 0.00050000 0.00050002
vt 0.99949998 0.50000000
vt 0.99949998 0.00050002
vt 0.00050000 0.50000000
vt 0.99949998 0.00050002
vt 0.00050000 0.50000000
vt 0.99923879 0.50000000
vt 0.00050000 0.00050002
vt 0.99949998 0.50000000
vt 0.00050000 0.99949998
vt 0.99949998 0.99949998
vt 0.00076118 0.50000000
vt 0.99949998 0.62930000
vt 0.00050000 0.00050002
vt 0.00050000 0.62910420
vt 0.99949998 0.00050002
vt 0.00050000 0.99949998
vt 0.99949998 0.50000000
vt 0.37070000 0.99949998
vt 0.99948239 0.99949998
vt 0.00050000 0.50000000
vt 0.99949998 0.50000000
vt 0.00050000 0.99949998
vt 0.99949998 0.99949998
vt 0.99949998 0.00050002
vt 0.00050000 0.99949998
vt 0.99949998 0.99949998
vt 0.00050000 0.00050002
vt 0.99949998 0.00050002
vt 0.00050000 0.50000000
vt 0.99930412 0.50000000
vt 0.00050000 0.00050002
vt 0.00050000 0.00050002
vt 0.99689162 0.50000000
vt 0.99949998 0.50000000
vt 0.99949998 0.00050002
vt 0.00050000 0.50000000
vt 0.99930412 0.50000000
vt 0.37052181 0.99949944
vt 0.99949998 0.99949944
vt 0.00050000 0.50000000
vt 0.99949998 0.00050002
vt 0.00050000 0.00050002
vt 0.00050000 0.50000000
vt 0.99949998 0.00050002
vt 0.00050000 0.00050002
vt 0.99689162 0.50000000
vt 0.99949998 0.50000000
vt 0.00050000 0.99949998
vt 0.62940568 0.99949998
vt 0.00050000 0.50000000
vt 0.00050000 0.99949998
vt 0.00050000 0.99949998
vt 0.99949998 0.99949998
vt 0.99949998 0.50000000
vt 0.99949998 0.62930000
vt 0.00050000 0.00050002
vt 0.00050000 0.62930000
vt 0.99949998 0.00069582
vt 0.00050000 0.99949998
vt 0.99949998 0.50000000
vt 0.00310835 0.50000000
vt 0.99949998 0.99949998
vt 0.52499998 -0.09410000
vt 0.47499999 0.52740002
vt 0.52499998 0.52740002
vt 0.47499999 -0.09410000
vt 0.46790001 -0.09410000
vt 0.50080001 0.52740002
vt 0.56739998 0.52740002
vt 0.43258891 -0.09410000
vt 0.47499999 0.81070000
vt 0.52499998 0.81070000
vt 0.49919999 0.52740002
vt 0.53208888 -0.09410000
vt 0.43259999 0.52740002
vt 0.56739998 -0.09410000
vt 0.47499999 0.53209996
vt 0.52499998 0.56739998
vt 0.52499998 0.53209996
vt 0.47499999 0.56739998
vt 0.52499998 -0.09410000
vt 0.47499999 0.52740002
vt 0.52499998 0.52740002
vt 0.47499999 -0.09410000
vt 0.50080001 0.52740002
vt 0.56738693 0.81070000
vt 0.56739998 0.52740002
vt 0.50080001 0.81070000
vt 0.47499999 1.09410000
vt 0.52499998 1.09410000
vt 0.43259999 0.81070000
vt 0.49919999 0.52740002
vt 0.43259999 0.52740002
vt 0.49918690 0.81070000
vt 0.47499999 0.81070000
vt 0.52499998 0.81070000
vt 0.50080001 0.81070000
vt 0.54381108 1.09410000
vt 0.56739998 0.81070000
vt 0.50080001 1.09410000
vt 0.52499998 0.49919999
vt 0.47499999 0.45620000
vt 0.47499999 0.49919999
vt 0.52499998 0.45620000
vt 0.45620000 1.09410000
vt 0.49919999 0.81070000
vt 0.43259999 0.81070000
vt 0.49921110 1.09410000
vt 0.52499998 0.81070000
vt 0.47499999 1.09410000
vt 0.52499998 1.09410000
vt 0.47499999 0.81070000
vt 0.99949998 0.99949998
vt 0.00050000 0.00050002
vt 0.00050000 0.99949998
vt 0.99949998 0.00050002
vt 0.00050000 0.99949998
vt 0.99949998 0.00050002
vt 0.00050000 0.00050002
vt 0.99949998 0.99949998
vt 0.99949998 0.00050002
vt 0.00050000 0.99949998
vt 0.99949998 0.99949998
vt 0.00050000 0.00050002
vt 0.00050000 0.00050002
vt 0.99949998 0.99949998
vt 0.99949998 0.00050002
vt 0.00050000 0.99949998
vt 0.99949998 0.00050002
vt 0.00050000 0.99949998
vt 0.99949998 0.99949998
vt 0.00050000 0.00050002
vt 0.99949998 0.00050002
vt 0.00050000 0.99949998
vt 0.99949998 0.99949998
vt 0.00050000 0.00050002
vt 0.00050000 0.99949998
vt 0.99949998 0.00050002
vt 0.00050000 0.00050002
vt 0.99949998 0.99949998
vt 0.99949998 0.00050002
vt 0.00050000 0.99949998
vt 0.99949998 0.99949998
vt 0.00050000 0.00050002
vt 0.99949998 0.99949998
vt 0.00050000 0.00050002
vt 0.00050000 0.99949998
vt 0.99949998 0.00050002
vt 0.99949998 0.00050002
vt 0.00050000 0.99949998
vt 0.99949998 0.99949998
vt 0.00050000 0.00050002
vt 0.00050000 0.00050002
vt 0.99949998 0.99949998
vt 0.99949998 0.00050002
vt 0.00050000 0.99949998
vt 0.00050000 0.00050002
vt 0.99949998 0.99949998
vt 0.99949998 0.00050002
vt 0.00050000 0.99949998
vt 0.00000000 0.00000000
vt 1.00000000 1.00000000
vt 1.00000000 0.00000000
vt 0.00000000 1.00000000
vt 0.00000000 0.00000000
vt 0.00000000 0.00000000
vt 1.00000000 1.00000000
vt 1.00000000 0.00000000
vt 0.00000000 1.00000000
vt 1.00000000 0.00000000
vt 0.00000000 1.00000000
vt 1.00000000 1.00000000
vt 0.00000000 0.00000000
vt -0.00000000 1.00000000
vt 1.00000000 0.00000000
vt 0.00000000 0.00000000
vt 1.00000000 1.00000000
vt 1.00000000 0.00000000
vt 0.00000000 1.00000000
vt 1.00000000 1.00000000
vt 0.00000000 0.00000000
vt 1.00000000 1.00000000
vt 0.00000000 0.00000000
vt 0.00000000 1.00000000
vt 1.00000000 0.00000000
vt 0.52499998 -0.09410000
vt 0.47499999 0.52740002
vt 0.52499998 0.52740002
vt 0.47499999 -0.09410000
vt 0.46790001 -0.09410000
vt 0.50080001 0.52740002
vt 0.56739998 0.52740002
vt 0.43258891 -0.09410000
vt 0.47499999 0.81070000
vt 0.47501311 0.81070000
vt 0.52499998 0.81070000
vt 0.49919999 0.52740002
vt 0.53208888 -0.09410000
vt 0.43259999 0.52740002
vt 0.56739998 -0.09410000
vt 0.47499999 0.53209996
vt 0.52499998 0.56739998
vt 0.52499998 0.53209996
vt 0.47499999 0.56739998
vt 0.52499998 -0.09410000
vt 0.47499999 0.52740002
vt 0.52499998 0.52740002
vt 0.47499999 -0.09410000
vt 0.50080001 0.52740002
vt 0.56738693 0.81070000
vt 0.56739998 0.52740002
vt 0.50080001 0.81070000
vt 0.47499999 1.09410000
vt 0.52499998 1.09410000
vt 0.43259999 0.81070000
vt 0.49919999 0.52740002
vt 0.43259999 0.52740002
vt 0.49918690 0.81070000
vt 0.47499999 0.81070000
vt 0.52499998 0.81070000
vt 0.50080001 0.81070000
vt 0.54381108 1.09410000
vt 0.56739998 0.81070000
vt 0.50080001 1.09410000
vt 0.52499998 0.49919999
vt 0.47499999 0.45620000
vt 0.47501311 0.49919999
vt 0.52499998 0.45620000
vt 0.49919999 0.81070000
vt 0.43259999 0.81070000
vt 0.45620000 1.09410000
vt 0.52499998 0.81070000
vt 0.47499999 1.09410000
vt 0.52499998 1.09410000
vt 0.47499999 0.81070000
vt 0.49919999 1.09410000
vt 0.49919999 0.81070000
vt 0.45620000 1.09410000
vt 0.39085680 0.99949998
vt 0.25400001 0.00050002
vt 0.00050000 0.99949998
vt 0.64459997 0.00050002
vt 0.66649997 0.00050002
vt 0.99949998 0.99949998
vt 0.99949998 0.00050002
vt 0.74599999 0.66649997
vt 0.00050000 0.99949998
vt 0.39085680 0.99949998
vt 0.35540000 0.66649997
vt 0.74629551 0.33352649
vt 0.35569549 0.33352649
vt 0.39174330 0.00055289
vt 0.00138650 0.00055289
vt 0.00050000 0.00050002
vt 0.00050000 0.99949998
vt 0.33350000 0.99949998
vt 0.39109999 0.66649997
vt 0.35540000 0.99949998
vt 0.74599999 0.99949998
vt 0.00074321 0.66649997
vt 0.39104769 0.33352649
vt 0.00069091 0.33352649
vt 0.74584311 0.00055289
vt 0.35524309 0.00055289
vt 0.66649997 0.00050002
vt 0.66649997 0.99949998
vt 0.99949998 0.99949998
vt 0.33350000 0.99949998
vt 0.33350000 0.00050002
vt 0.00050000 0.00050002
vt 0.00050000 0.99949998
vt 0.33350000 0.99949998
vt 0.74599999 0.00050002
vt 0.60890001 0.99949998
vt 0.99925679 0.99949998
vt 0.35540000 0.00050002
vt 0.66649997 0.00050002
vt 0.66649997 0.99949998
vt 0.99949998 0.99949998
vt 0.33350000 0.99949998
vt 0.33350000 0.00050002
vt 0.00050000 0.00050002
vt 0.66649997 0.00050002
vt 0.99949998 0.99949998
vt 0.99949998 0.00050002
vt 0.00050000 0.00050002
vt 0.00000000 1.00000000
vt 1.00000000 0.00000000
vt 0.00000000 0.00000000
vt 1.00000000 1.00000000
vt 1.00000000 0.00000000
vt 0.00000000 1.00000000
vt 1.00000000 1.00000000
vt 0.00000000 0.00000000
vt 1.00000000 1.00000000
vt 0.00000000 0.00000000
vt 0.00000000 1.00000000
vt 1.00000000 0.00000000
vt 1.00000000 0.00000000
vt 0.00000000 1.00000000
vt 1.00000000 1.00000000
vt 0.00000000 0.00000000
vt 0.00000000 0.00000000
vt 1.00000000 1.00000000
vt 1.00000000 0.00000000
vt 0.00000000 1.00000000
vt 0.00000000 0.00000000
vt 1.00000000 1.00000000
vt 1.00000000 0.00000000
vt 0.00000000 1.00000000
vt 0.00050000 0.00050002
vt 0.99949998 0.99949998
vt 0.99949998 0.00050002
vt 0.00050000 0.99949998
vt 0.62889057 0.99949944
vt 0.00050000 0.50000000
vt 0.00010824 0.99949944
vt 0.99949998 0.00050002
vt 0.00050000 0.00050002
vt 0.99949998 0.50000000
vt 0.99949998 0.00050002
vt 0.00050000 0.50000000
vt 0.99949998 0.50000000
vt 0.00076118 0.00050002
vt 0.00050000 0.00050002
vt 0.99949998 0.50000000
vt 0.99949998 0.00050002
vt 0.00050000 0.50000000
vt 0.99949998 0.00050002
vt 0.00050000 0.50000000
vt 0.99949998 0.50000000
vt 0.00076118 0.00050002
vt 0.99949998 0.50000000
vt 0.00050000 0.99949998
vt 0.99923879 0.99949998
vt 0.00050000 0.50000000
vt 0.99949992 0.62930000
vt 0.00050000 0.00050008
vt 0.00050000 0.62930000
vt 0.99923879 0.00069588
vt 0.00050000 0.99949998
vt 0.00050000 0.50000000
vt 0.37070000 0.99949998
vt 0.99949998 0.50000000
vt 0.37070000 0.99949998
vt 0.99949998 0.99949998
vt 0.99949998 0.50000000
vt 0.99949998 0.50000000
vt 0.00050000 0.99949998
vt 0.99949998 0.99949998
vt 0.00050000 0.99949998
vt 0.99949998 0.00050002
vt 0.00050000 0.00050002
vt 0.99949998 0.99949998
vt 0.99949998 0.00050002
vt 0.00050000 0.50000000
vt 0.99949998 0.50000000
vt 0.00050000 0.00050002
vt 0.00050000 0.50000000
vt 0.00073506 0.50000000
vt 0.99949998 0.00050002
vt 0.00055225 0.00050002
vt 0.99949998 0.50000000
vt 0.99949998 0.00050002
vt 0.00050000 0.50000000
vt 0.99949998 0.50000000
vt 0.00050000 0.00050002
vt 0.00055225 0.00050002
vt 0.99949998 0.50000000
vt 0.99949998 0.00050002
vt 0.00102248 0.99949944
vt 0.99997020 0.99949944
vt 0.00050000 0.50000000
vt 0.99949998 0.50000000
vt 0.00050000 0.99949998
vt 0.62928241 0.99949998
vt 0.00050000 0.50000000
vt 0.99949998 0.99949998
vt 0.00050000 0.99949998
vt 0.00050000 0.50000000
vt 0.37070000 0.99949998
vt 0.99949998 0.50000000
vt 0.99949998 0.50000000
vt 0.37070000 0.99949998
vt 0.99949998 0.99949998
vt 0.00050000 0.62930000
vt 0.99921268 0.00050002
vt 0.00050000 0.00050002
vt 0.99949998 0.62930000
vt 1.00000000 0.00000000
vt 0.00000000 1.00000000
vt 1.00000000 1.00000000
vt 0.00000000 0.00000000
vt 0.00000000 1.00000000
vt 0.00000000 1.00000000
vt 1.00000000 0.00000000
vt 0.00000000 0.00000000
vt 1.00000000 1.00000000
vt 1.00000000 0.00000000
vt -0.00000000 1.00000000
vt 1.00000000 1.00000000
vt -0.00000000 0.00000000
vt -0.00000000 0.00000000
vt 1.00000000 1.00000000
vt 1.00000000 0.00000000
vt -0.00000000 1.00000000
vt 1.00000000 0.00000000
vt 0.00000000 1.00000000
vt 1.00000000 1.00000000
vt 0.00000000 0.00000000
vt 1.00000000 0.00000000
vt 0.00000000 1.00000000
vt 1.00000000 1.00000000
vt 0.00000000 0.00000000
vt 0.66759998 0.00050002
vt 0.00050000 0.99949998
vt 0.66759998 0.99949998
vt 0.00050000 0.00050002
vt 0.89113379 0.00050002
vt 0.99949998 0.99953461
vt 0.99949998 0.00050002
vt 0.66759998 0.76416123
vt 0.00038305 0.99953461
vt 0.66759998 0.68589997
vt 0.00038305 0.76416123
vt 0.99949998 0.68589997
vt 0.00050000 0.76410002
vt 0.99949998 0.76410002
vt 0.00050000 0.68589997
vt 0.00048454 0.99953461
vt 0.10890000 0.00050002
vt 0.00053379 0.00050002
vt 0.33239609 0.76416123
vt 0.99960148 0.99953461
vt 0.33239999 0.68589997
vt 0.99961311 0.76416123
vt 0.99949998 0.76410002
vt 0.00050000 0.99949998
vt 0.99949998 0.99949998
vt 0.00050000 0.76410002
vt 0.99949998 0.00050002
vt 0.00055818 0.99949998
vt 0.99949998 0.99949998
vt 0.00055818 0.00050002
vt 0.99949998 0.00050002
vt 0.00050000 0.99953461
vt 0.99949998 0.99953461
vt 0.00050000 0.00050002
vt 0.99949998 0.00050002
vt 0.89109999 0.99949998
vt 0.99949998 0.99949998
vt 0.89109999 0.00050002
vt 0.99949998 0.00050002
vt 0.00050000 0.00050002
vt 0.94537842 0.98046780
vt 0.99953121 0.09200001
vt 0.99953121 0.90799999
vt 0.94537842 0.01955527
vt 0.87180001 0.99957585
vt 0.87180001 0.00044721
vt 0.12819991 0.99957585
vt 0.12819991 0.00044721
vt 0.05462145 0.98046780
vt 0.05462145 0.01955527
vt 0.00048933 0.90799999
vt 0.00048933 0.09200001
vt 0.05436857 0.98168570
vt 0.00048667 0.09219998
vt 0.00048667 0.90780002
vt 0.05436857 0.01831430
vt 0.13040000 0.99950027
vt 0.13040000 0.00052279
vt 0.86960000 0.99950027
vt 0.86960000 0.00052279
vt 0.94563138 0.98168570
vt 0.94563138 0.01831430
vt 0.99951333 0.90780002
vt 0.99951333 0.09219998
vt 0.86960000 0.00050002
vt 0.13040000 0.56659997
vt 0.86960000 0.56659997
vt 0.13040000 0.00050002
vt 0.05439996 0.00050002
vt 0.05439996 0.56659997
vt 0.90780002 0.56659997
vt 0.98170000 0.00050002
vt 0.90780002 0.00050002
vt 0.98170000 0.56659997
vt 0.09219998 0.56659997
vt 0.90780002 0.00050002
vt 0.09219998 0.00050002
vt 0.90780002 0.56659997
vt 0.01829999 0.56659997
vt 0.09219998 0.00050002
vt 0.01829999 0.00050002
vt 0.09219998 0.56659997
vt 0.94559997 0.56659997
vt 0.86960000 0.00050002
vt 0.86960000 0.56659997
vt 0.94559997 0.00050002
vt 0.13040000 0.56659997
vt 0.13040000 0.00050002
vt 0.05439996 0.56659997
vt 0.05439996 0.00050002
vt 0.90780002 0.00050002
vt 0.98170000 0.56659997
vt 0.98170000 0.00050002
vt 0.90780002 0.56659997
vt 0.09219998 0.00050002
vt 0.90780002 0.56659997
vt 0.90780002 0.00050002
vt 0.09219998 0.56659997
vt 0.01829999 0.00050002
vt 0.09219998 0.56659997
vt 0.09219998 0.00050002
vt 0.01829999 0.56659997
vt 0.94559997 0.00050002
vt 0.94559997 0.56659997
vt 0.47499999 -0.09410000
vt 0.52499998 0.52740002
vt 0.52499998 -0.09410000
vt 0.47499999 0.52740002
vt 0.46790001 -0.09410000
vt 0.50080001 0.52740002
vt 0.56739998 0.52740002
vt 0.43258891 -0.09410000
vt 0.52499998 0.81070000
vt 0.47499999 0.81070000
vt 0.47501180 0.81070000
vt 0.56739998 -0.09410000
vt 0.43259999 0.52740002
vt 0.49919999 0.52740002
vt 0.53208888 -0.09410000
vt 0.47499999 0.56739998
vt 0.52499998 0.53209996
vt 0.47499999 0.53209996
vt 0.52499998 0.56739998
vt 0.47499999 0.52740002
vt 0.52499998 -0.09410000
vt 0.47499999 -0.09410000
vt 0.52499998 0.52740002
vt 0.56739998 0.52740002
vt 0.50080001 0.81070000
vt 0.56738693 0.81070000
vt 0.50080001 0.52740002
vt 0.47499999 1.09410000
vt 0.52499998 1.09410000
vt 0.49919999 0.52740002
vt 0.43259999 0.81070000
vt 0.49918690 0.81070000
vt 0.43259999 0.52740002
vt 0.47499999 0.81070000
vt 0.52499998 0.81070000
vt 0.50080001 0.81070000
vt 0.50080001 1.09410000
vt 0.56739998 0.81070000
vt 0.56739998 0.81070000
vt 0.50080001 1.09410000
vt 0.54380000 1.09410000
vt 0.47501180 0.49919999
vt 0.52499998 0.45620000
vt 0.47499999 0.45620000
vt 0.52499998 0.49919999
vt 0.49919999 0.81070000
vt 0.45620000 1.09410000
vt 0.49922419 1.09410000
vt 0.43259999 0.81070000
vt 0.52499998 1.09410000
vt 0.47499999 0.81070000
vt 0.47499999 1.09410000
vt 0.52499998 0.81070000
vt 0.00000000 0.00000000
vt 1.00000000 1.00000000
vt 1.00000000 0.00000000
vt 0.00000000 1.00000000
vt 0.00000000 0.00000000
vt 1.00000000 1.00000000
vt 1.00000000 0.00000000
vt 0.00000000 1.00000000
vt 1.00000000 0.00000000
vt 0.00000000 1.00000000
vt 1.00000000 1.00000000
vt 0.00000000 0.00000000
vt -0.00000000 1.00000000
vt 1.00000000 0.00000000
vt 0.00000000 0.00000000
vt 1.00000000 1.00000000
vt 1.00000000 0.00000000
vt 0.00000000 1.00000000
vt 1.00000000 1.00000000
vt 0.00000000 0.00000000
vt 1.00000000 1.00000000
vt 0.00000000 0.00000000
vt 0.00000000 1.00000000
vt 1.00000000 0.00000000
vt 0.00050000 0.99949998
vt 0.66759998 0.00050002
vt 0.00050000 0.00050002
vt 0.66759998 0.99949998
vt 0.00035034 0.99953461
vt 0.66759998 0.76416123
vt 0.00035034 0.76416123
vt 0.99949998 0.99953461
vt 0.89112848 0.00050002
vt 0.99949998 0.00050002
vt 0.66759998 0.68589997
vt 0.99949998 0.68589997
vt 0.00050000 0.76410002
vt 0.99949998 0.76410002
vt 0.00050000 0.68589997
vt 0.10890000 0.00050002
vt 0.33239669 0.76416123
vt 0.33239999 0.68589997
vt 0.99963659 0.99953461
vt 0.99964643 0.76416123
vt 0.00048697 0.99953461
vt 0.00052847 0.00050002
vt 0.99949998 0.76410002
vt 0.00050000 0.99949998
vt 0.99949998 0.99949998
vt 0.00050000 0.76410002
vt 0.00057445 0.99949998
vt 0.99949998 0.00050002
vt 0.00057445 0.00050002
vt 0.99949998 0.99949998
vt 0.99949998 0.00050002
vt 0.00050000 0.99953461
vt 0.99949998 0.99953461
vt 0.00050000 0.00050002
vt 0.89109999 0.99949998
vt 0.99949998 0.00050002
vt 0.89109999 0.00050002
vt 0.99949998 0.99949998
vt 0.99949998 0.00050002
vt 0.00050000 0.00050002
vt 0.05436835 0.98168570
vt 0.00048425 0.09219998
vt 0.00048425 0.90780002
vt 0.05436835 0.01831430
vt 0.13040000 0.99950027
vt 0.13040000 0.00052279
vt 0.86960000 0.99950027
vt 0.86960000 0.00052279
vt 0.94563162 0.98168570
vt 0.94563162 0.01831430
vt 0.99951577 0.90780002
vt 0.99951577 0.09219998
vt 0.86960000 0.00050002
vt 0.13040000 0.56659997
vt 0.86960000 0.56659997
vt 0.13040000 0.00050002
vt 0.05439996 0.00050002
vt 0.05439996 0.56659997
vt 0.90780002 0.56659997
vt 0.98170000 0.00050002
vt 0.90780002 0.00050002
vt 0.98170000 0.56659997
vt 0.09219998 0.56659997
vt 0.90780002 0.00050002
vt 0.09219998 0.00050002
vt 0.90780002 0.56659997
vt 0.01829999 0.56659997
vt 0.09219998 0.00050002
vt 0.01829999 0.00050002
vt 0.09219998 0.56659997
vt 0.94559997 0.56659997
vt 0.86960000 0.00050002
vt 0.86960000 0.56659997
vt 0.94559997 0.00050002
vt 0.13040000 0.56659997
vt 0.13040000 0.00050002
vt 0.05439996 0.56659997
vt 0.05439996 0.00050002
vt 0.90780002 0.00050002
vt 0.98170000 0.56659997
vt 0.98170000 0.00050002
vt 0.90780002 0.56659997
vt 0.09219998 0.00050002
vt 0.90780002 0.56659997
vt 0.90780002 0.00050002
vt 0.09219998 0.56659997
vt 0.01829999 0.00050002
vt 0.09219998 0.56659997
vt 0.09219998 0.00050002
vt 0.01829999 0.56659997
vt 0.94559997 0.00050002
vt 0.94559997 0.56659997
vt 1.00000000 0.00000000
vt 0.00000000 1.00000000
vt 1.00000000 1.00000000
vt 0.00000000 0.00000000
vt 0.00000000 1.00000000
vt 1.00000000 0.00000000
vt 0.00000000 0.00000000
vt 1.00000000 1.00000000
vt 1.00000000 0.00000000
vt -0.00000000 1.00000000
vt 1.00000000 1.00000000
vt -0.00000000 0.00000000
vt 0.00000000 0.00000000
vt 1.00000000 1.00000000
vt 1.00000000 0.00000000
vt 0.00000000 1.00000000
vt 1.00000000 0.00000000
vt 0.00000000 1.00000000
vt 1.00000000 1.00000000
vt 0.00000000 0.00000000
vt 1.00000000 0.00000000
vt 0.00000000 1.00000000
vt 1.00000000 1.00000000
vt 0.00000000 0.00000000
vt 0.00000000 0.00000000
vt 1.00000000 1.00000000
vt 1.00000000 0.00000000
vt 0.00000000 1.00000000
vt -0.00000000 1.00000000
vt 1.00000000 0.00000000
vt 0.00000000 0.00000000
vt 1.00000000 1.00000000
vt 1.00000000 0.00000000
vt 0.00000000 1.00000000
vt 1.00000000 1.00000000
vt 0.00000000 0.00000000
vt 0.00000000 0.00000000
vt 1.00000000 1.00000000
vt 1.00000000 0.00000000
vt 0.00000000 1.00000000
vt 1.00000000 0.00000000
vt 0.00000000 1.00000000
vt 1.00000000 1.00000000
vt 0.00000000 0.00000000
vt 1.00000000 1.00000000
vt 0.00000000 0.00000000
vt 0.00000000 1.00000000
vt 1.00000000 0.00000000
f 1/1 2/2 3/3
f 2/2 1/1 4/4
f 5/5 6/6 7/7
f 6/6 5/5 8/8
f 9/9 10/10 11/11
f 10/10 9/9 12/12
f 13/13 14/14 15/15
f 14/14 13/13 16/16
f 17/17 18/18 19/19
f 18/18 17/17 20/20
f 21/21 22/22 23/23
f 22/22 21/21 24/24
f 25/25 26/26 27/27
f 26/26 25/25 28/28
f 29/29 30/30 31/31
f 30/30 29/29 32/32
f 33/33 34/34 35/35
f 34/34 33/33 36/36
f 37/37 38/38 39/39
f 38/38 37/37 40/40
f 41/41 42/42 43/43
f 42/42 41/41 44/44
f 45/45 46/46 47/47
f 46/46 45/45 48/48
f 49/49 50/50 51/51
f 50/50 49/49 52/52
f 53/53 54/54 55/55
f 54/54 53/53 56/56
f 57/57 58/58 59/59
f 58/58 57/57 60/60
f 61/61 62/62 63/63
f 62/62 61/61 64/64
f 65/65 66/66 67/67
f 66/66 65/65 68/68
f 69/69 70/70 71/71
f 70/70 69/69 72/72
f 73/73 74/74 75/75
f 74/74 73/73 76/76
f 77/77 78/78 79/79
f 78/78 77/77 80/80
f 81/81 82/82 83/83
f 82/82 81/81 84/84
f 85/85 86/86 87/87
f 86/86 85/85 88/88
f 89/89 90/90 91/91
f 90/90 89/89 92/92
f 93/93 94/94 95/95
f 94/94 93/93 96/96
f 97/97 98/98 99/99
f 98/98 97/97 100/100
f 101/101 102/102 103/103
f 102/102 101/101 104/104
f 104/104 101/101 105/105
f 104/104 105/105 106/106
f 104/104 106/106 107/107
f 108/108 100/100 97/97
f 100/100 108/108 109/109
f 110/110 111/111 112/112
f 111/111 110/110 113/113
f 113/113 110/110 114/114
f 114/114 110/110 115/115
f 114/114 115/115 116/116
f 117/117 118/118 119/119
f 118/118 117/117 120/120
f 121/121 122/122 123/123
f 122/122 121/121 124/124
f 125/125 126/126 127/127
f 126/126 125/125 128/128
f 129/129 109/109 108/108
f 109/109 129/129 130/130
f 131/131 123/123 132/132
f 123/123 131/131 121/121
f 133/133 134/134 135/135
f 134/134 133/133 136/136
f 137/137 138/138 139/139
f 140/140 141/141 142/142
f 141/141 140/140 138/138
f 138/138 140/140 143/143
f 138/138 143/143 139/139
f 143/143 140/140 144/144
f 135/135 145/145 147/147
f 145/145 135/135 134/134
f 149/149 150/150 151/151
f 150/150 149/149 152/152
f 152/152 149/149 153/153
f 150/150 152/152 154/154
f 155/155 156/156 157/157
f 156/156 155/155 158/158
f 159/159 160/160 161/161
f 160/160 159/159 162/162
f 163/163 164/164 165/165
f 164/164 163/163 166/166
f 148/148 167/167 168/168
f 167/167 148/148 146/146
f 169/169 170/170 171/171
f 170/170 169/169 172/172
f 171/171 173/173 174/174
f 173/173 171/171 170/170
f 175/175 176/176 177/177
f 176/176 175/175 178/178
f 179/179 180/180 181/181
f 180/180 179/179 182/182
f 183/183 184/184 185/185
f 184/184 183/183 186/186
f 187/187 188/188 189/189
f 188/188 187/187 190/190
f 191/191 192/192 193/193
f 192/192 191/191 194/194
f 195/195 196/196 197/197
f 196/196 195/195 198/198
f 199/199 200/200 201/201
f 200/200 199/199 202/202
f 203/203 204/204 205/205
f 204/204 203/203 206/206
f 207/207 208/208 209/209
f 208/208 207/207 210/210
f 211/211 212/212 213/213
f 212/212 211/211 214/214
f 215/215 216/216 217/217
f 216/216 215/215 218/218
f 219/219 220/220 221/221
f 220/220 219/219 222/222
f 223/223 224/224 225/225
f 224/224 223/223 226/226
f 227/227 228/228 229/229
f 228/228 227/227 230/230
f 231/231 232/232 233/233
f 232/232 231/231 234/234
f 235/235 236/236 237/237
f 236/236 235/235 238/238
f 239/239 240/240 241/241
f 240/240 239/239 242/242
f 243/243 244/244 245/245
f 244/244 243/243 246/246
f 247/247 248/248 249/249
f 248/248 247/247 250/250
f 251/251 252/252 253/253
f 252/252 251/251 254/254
f 255/255 256/256 257/257
f 256/256 255/255 258/258
f 256/256 258/258 259/259
f 258/258 255/255 260/260
f 259/259 258/258 261/261
f 262/262 263/263 264/264
f 263/263 262/262 265/265
f 266/266 267/267 268/268
f 267/267 266/266 269/269
f 269/269 266/266 270/270
f 267/267 269/269 271/271
f 269/269 270/270 272/272
f 273/273 274/274 275/275
f 274/274 273/273 276/276
f 277/277 278/278 279/279
f 278/278 277/277 280/280
f 281/281 282/282 283/283
f 282/282 281/281 284/284
f 285/285 286/286 287/287
f 286/286 285/285 288/288
f 289/289 265/265 262/262
f 265/265 289/289 290/290
f 291/291 292/292 293/293
f 292/292 291/291 294/294
f 295/295 296/296 297/297
f 296/296 295/295 298/298
f 299/299 300/300 301/301
f 300/300 299/299 302/302
f 303/303 304/304 305/305
f 304/304 303/303 306/306
f 307/307 308/308 309/309
f 308/308 307/307 310/310
f 311/311 312/312 313/313
f 312/312 311/311 314/314
f 315/315 316/316 317/317
f 316/316 315/315 318/318
f 319/319 320/320 321/321
f 320/320 319/319 322/322
f 323/323 324/324 325/325
f 324/324 323/323 326/326
f 327/327 328/328 329/329
f 328/328 327/327 330/330
f 331/331 332/332 333/333
f 332/332 331/331 334/334
f 335/335 336/336 337/337
f 336/336 335/335 338/338
f 339/339 340/340 341/341
f 340/340 339/339 342/342
f 343/343 344/344 345/345
f 344/344 346/346 347/347
f 346/346 344/344 343/343
f 346/346 343/343 348/348
f 349/349 350/350 351/351
f 350/350 349/349 353/353
f 354/354 355/355 356/356
f 355/355 354/354 357/357
f 358/358 359/359 360/360
f 359/359 358/358 361/361
f 362/362 363/363 364/364
f 363/363 362/362 365/365
f 366/366 367/367 368/368
f 367/367 366/366 369/369
f 350/350 370/370 352/352
f 371/371 372/372 373/373
f 372/372 371/371 374/374
f 375/375 376/376 377/377
f 378/378 379/379 380/380
f 379/379 378/378 381/381
f 382/382 383/383 384/384
f 383/383 382/382 385/385
f 386/386 387/387 388/388
f 387/387 386/386 389/389
f 390/390 391/391 392/392
f 391/391 390/390 393/393
f 394/394 395/395 396/396
f 395/395 394/394 397/397
f 398/398 399/399 400/400
f 399/399 398/398 401/401
f 402/402 403/403 404/404
f 403/403 402/402 405/405
f 405/405 402/402 406/406
f 405/405 406/406 407/407
f 407/407 406/406 408/408
f 407/407 408/408 409/409
f 409/409 408/408 410/410
f 409/409 410/410 411/411
f 411/411 410/410 412/412
f 411/411 412/412 413/413
f 414/414 415/415 416/416
f 415/415 414/414 417/417
f 418/418 419/419 420/420
f 419/419 418/418 421/421
f 419/419 421/421 422/422
f 421/421 418/418 423/423
f 422/422 421/421 424/424
f 425/425 426/426 427/427
f 426/426 425/425 428/428
f 429/429 430/430 431/431
f 430/430 429/429 432/432
f 432/432 429/429 433/433
f 430/430 432/432 434/434
f 432/432 433/433 435/435
f 436/436 437/437 438/438
f 437/437 436/436 439/439
f 440/440 441/441 442/442
f 441/441 440/440 443/443
f 444/444 445/445 446/446
f 445/445 444/444 447/447
f 448/448 449/449 450/450
f 449/449 448/448 451/451
f 452/452 428/428 425/425
f 428/428 452/452 453/453
f 454/454 455/455 456/456
f 455/455 454/454 457/457
f 457/457 454/454 458/458
f 457/457 458/458 459/459
f 459/459 458/458 460/460
f 459/459 460/460 461/461
f 461/461 460/460 462/462
f 461/461 462/462 463/463
f 463/463 462/462 464/464
f 463/463 464/464 465/465
f 466/466 467/467 468/468
f 467/467 466/466 469/469
f 470/470 469/469 466/466
f 469/469 470/470 471/471
f 472/472 473/473 474/474
f 473/473 472/472 475/475
f 476/476 477/477 478/478
f 477/477 476/476 479/479
f 480/480 481/481 482/482
f 481/481 480/480 483/483
f 484/484 485/485 486/486
f 485/485 484/484 487/487
f 488/488 486/486 489/489
f 486/486 488/488 484/484
f 490/490 489/489 491/491
f 489/489 490/490 488/488
f 492/492 493/493 494/494
f 493/493 492/492 495/495
f 496/496 497/497 498/498
f 497/497 496/496 499/499
f 500/500 501/501 502/502
f 501/501 500/500 503/503
f 468/468 504/504 505/505
f 504/504 468/468 467/467
f 506/506 507/507 508/508
f 507/507 506/506 509/509
f 510/510 511/511 512/512
f 511/511 510/510 513/513
f 511/511 513/513 514/514
f 514/514 513/513 515/515
f 514/514 516/516 511/511
f 517/517 518/518 519/519
f 518/518 517/517 520/520
f 521/521 522/522 523/523
f 522/522 524/524 525/525
f 524/524 522/522 526/526
f 526/526 522/522 521/521
f 526/526 521/521 527/527
f 528/528 529/529 530/530
f 529/529 528/528 531/531
f 532/532 533/533 534/534
f 533/533 532/532 535/535
f 536/536 537/537 538/538
f 537/537 536/536 539/539
f 540/540 541/541 542/542
f 541/541 540/540 543/543
f 544/544 520/520 517/517
f 520/520 544/544 545/545
f 546/546 547/547 548/548
f 547/547 546/546 549/549
f 550/550 551/551 552/552
f 551/551 550/550 553/553
f 554/554 555/555 556/556
f 555/555 554/554 557/557
f 558/558 559/559 560/560
f 559/559 558/558 561/561
f 562/562 563/563 564/564
f 563/563 562/562 565/565
f 566/566 567/567 568/568
f 567/567 566/566 569/569
f 570/570 571/571 572/572
f 571/571 570/570 573/573
f 574/574 575/575 576/576
f 575/575 574/574 577/577
f 578/578 573/573 570/570
f 573/573 578/578 579/579
f 581/581 582/582 583/583
f 582/582 581/581 584/584
f 584/584 581/581 585/585
f 585/585 581/581 586/586
f 585/585 586/586 587/587
f 588/588 589/589 590/590
f 589/589 588/588 591/591
f 592/592 593/593 594/594
f 593/593 592/592 595/595
f 596/596 597/597 598/598
f 597/597 596/596 599/599
f 580/580 578/578 600/600
f 601/601 602/602 603/603
f 604/604 605/605 606/606
f 605/605 604/604 607/607
f 595/595 608/608 593/593
f 608/608 609/609 610/610
f 609/609 608/608 595/595
f 611/611 612/612 613/613
f 612/612 611/611 614/614
f 615/615 616/616 617/617
f 616/616 615/615 618/618
f 619/619 620/620 621/621
f 620/620 619/619 622/622
f 623/623 624/624 625/625
f 624/624 623/623 626/626
f 627/627 628/628 629/629
f 628/628 627/627 630/630
f 631/631 632/632 633/633
f 632/632 631/631 634/634
f 635/635 636/636 637/637
f 636/636 635/635 638/638
f 639/639 640/640 641/641
f 640/640 639/639 642/642
f 643/643 644/644 645/645
f 644/644 643/643 646/646
f 647/647 648/648 649/649
f 648/648 647/647 650/650
f 651/651 652/652 653/653
f 652/652 651/651 654/654
f 655/655 656/656 657/657
f 656/656 655/655 658/658
f 659/659 660/660 661/661
f 660/660 659/659 662/662
f 663/663 664/664 665/665
f 664/664 663/663 666/666
f 667/667 668/668 669/669
f 668/668 667/667 670/670
f 671/671 672/672 673/673
f 672/672 671/671 674/674
f 675/675 676/676 677/677
f 676/676 675/675 678/678
f 679/679 680/680 681/681
f 680/680 679/679 682/682
f 683/683 684/684 685/685
f 684/684 683/683 686/686
f 687/687 688/688 689/689
f 688/688 687/687 690/690
f 691/691 692/692 693/693
f 692/692 691/691 694/694
f 695/695 696/696 697/697
f 696/696 695/695 698/698
f 700/700 701/701 702/702
f 701/701 700/700 703/703
f 704/704 705/705 706/706
f 705/705 704/704 707/707
f 707/707 704/704 708/708
f 707/707 709/709 705/705
f 710/710 711/711 712/712
f 696/696 713/713 714/714
f 713/713 696/696 699/699
f 715/715 716/716 717/717
f 716/716 715/715 718/718
f 719/719 720/720 721/721
f 720/720 719/719 722/722
f 723/723 724/724 725/725
f 726/726 727/727 728/728
f 727/727 726/726 729/729
f 730/730 731/731 732/732
f 733/733 734/734 735/735
f 734/734 733/733 736/736
f 736/736 733/733 737/737
f 736/736 737/737 738/738
f 738/738 737/737 739/739
f 738/738 739/739 740/740
f 741/741 742/742 743/743
f 744/744 745/745 746/746
f 745/745 744/744 747/747
f 747/747 744/744 748/748
f 747/747 748/748 749/749
f 749/749 748/748 750/750
f 749/749 750/750 751/751
f 752/752 753/753 754/754
f 752/752 755/755 753/753
f 755/755 752/752 756/756
f 757/757 758/758 759/759
f 760/760 761/761 762/762
f 761/761 760/760 763/763
f 764/764 765/765 766/766
f 764/764 767/767 765/765
f 767/767 764/764 768/768
f 768/768 769/769 767/767
f 770/770 771/771 772/772
f 756/756 773/773 755/755
f 774/774 775/775 776/776
f 775/775 774/774 777/777
f 778/778 779/779 780/780
f 779/779 778/778 781/781
f 779/779 781/781 782/782
f 781/781 778/778 783/783
f 782/782 781/781 784/784
f 785/785 786/786 787/787
f 786/786 785/785 788/788
f 789/789 790/790 791/791
f 790/790 789/789 792/792
f 792/792 789/789 793/793
f 790/790 792/792 794/794
f 792/792 793/793 795/795
f 796/796 797/797 798/798
f 797/797 796/796 799/799
f 800/800 801/801 802/802
f 801/801 800/800 803/803
f 804/804 805/805 806/806
f 805/805 804/804 807/807
f 808/808 809/809 810/810
f 809/809 808/808 811/811
f 812/812 788/788 785/785
f 788/788 812/812 813/813
f 814/814 815/815 816/816
f 815/815 814/814 817/817
f 818/818 819/819 820/820
f 819/819 818/818 821/821
f 822/822 817/817 814/814
f 817/817 822/822 824/824
f 826/826 827/827 828/828
f 827/827 826/826 829/829
f 829/829 826/826 830/830
f 830/830 826/826 831/831
f 830/830 831/831 832/832
f 833/833 834/834 835/835
f 834/834 833/833 836/836
f 837/837 838/838 839/839
f 838/838 837/837 840/840
f 841/841 842/842 843/843
f 842/842 841/841 844/844
f 845/845 823/823 846/846
f 823/823 845/845 825/825
f 847/847 848/848 849/849
f 848/848 847/847 850/850
f 840/840 851/851 838/838
f 851/851 852/852 853/853
f 852/852 851/851 840/840
f 854/854 855/855 856/856
f 855/855 854/854 857/857
f 858/858 859/859 860/860
f 859/859 858/858 861/861
f 862/862 863/863 864/864
f 865/865 866/866 867/867
f 866/866 865/865 868/868
f 868/868 865/865 869/869
f 869/869 865/865 870/870
f 868/868 871/871 872/872
f 871/871 868/868 869/869
f 873/873 874/874 876/876
f 874/874 873/873 878/878
f 879/879 880/880 881/881
f 880/880 879/879 882/882
f 882/882 879/879 883/883
f 883/883 879/879 884/884
f 882/882 885/885 886/886
f 885/885 882/882 883/883
f 887/887 888/888 889/889
f 890/890 888/888 891/891
f 888/888 890/890 889/889
f 892/892 893/893 894/894
f 895/895 896/896 897/897
f 896/896 895/895 898/898
f 899/899 901/901 902/902
f 901/901 899/899 903/903
f 877/877 904/904 900/900
f 904/904 877/877 875/875
f 890/890 891/891 905/905
f 906/906 907/907 908/908
f 907/907 906/906 909/909
f 909/909 906/906 910/910
f 909/909 910/910 911/911
f 911/911 910/910 912/912
f 911/911 912/912 913/913
f 913/913 912/912 914/914
f 913/913 914/914 915/915
f 915/915 914/914 916/916
f 915/915 916/916 917/917
f 918/918 919/919 920/920
f 919/919 918/918 921/921
f 922/922 923/923 924/924
f 925/925 924/924 923/923
f 924/924 925/925 926/926
f 924/924 926/926 927/927
f 927/927 926/926 928/928
f 929/929 930/930 931/931
f 930/930 929/929 932/932
f 933/933 934/934 935/935
f 934/934 933/933 936/936
f 934/934 936/936 937/937
f 937/937 936/936 938/938
f 937/937 938/938 939/939
f 940/940 941/941 942/942
f 941/941 940/940 943/943
f 944/944 945/945 946/946
f 945/945 944/944 947/947
f 948/948 949/949 950/950
f 949/949 948/948 951/951
f 952/952 953/953 954/954
f 953/953 952/952 955/955
f 931/931 956/956 957/957
f 956/956 931/931 930/930
f 958/958 959/959 960/960
f 959/959 958/958 961/961
f 962/962 963/963 964/964
f 963/963 962/962 965/965
f 966/966 967/967 968/968
f 967/967 966/966 969/969
f 970/970 971/971 972/972
f 971/971 970/970 973/973
f 974/974 975/975 976/976
f 975/975 974/974 977/977
f 978/978 979/979 980/980
f 979/979 978/978 981/981
f 982/982 983/983 984/984
f 983/983 982/982 985/985
f 986/986 987/987 988/988
f 987/987 986/986 989/989
f 990/990 991/991 993/993
f 991/991 990/990 994/994
f 996/996 997/997 998/998
f 997/997 996/996 999/999
f 999/999 996/996 1000/1000
f 1001/1001 1002/1002 1003/1003
f 1003/1003 1004/1004 1005/1005
f 1004/1004 1003/1003 1002/1002
f 1006/1006 1007/1007 1008/1008
f 1007/1007 1006/1006 1009/1009
f 995/995 1010/1010 992/992
f 1010/1010 995/995 1011/1011
f 1012/1012 1013/1013 1014/1014
f 1013/1013 1012/1012 1015/1015
f 1016/1016 1017/1017 1018/1018
f 1017/1017 1016/1016 1019/1019
f 1020/1020 1021/1021 1022/1022
f 1021/1021 1020/1020 1023/1023
f 1024/1024 1025/1025 1026/1026
f 1025/1025 1024/1024 1027/1027
f 1028/1028 1029/1029 1030/1030
f 1029/1029 1028/1028 1031/1031
f 1032/1032 1033/1033 1034/1034
f 1033/1033 1032/1032 1035/1035
f 1036/1036 1037/1037 1038/1038
f 1037/1037 1036/1036 1039/1039
f 1040/1040 1041/1041 1042/1042
f 1041/1041 1040/1040 1043/1043
f 1044/1044 1045/1045 1046/1046
f 1045/1045 1044/1044 1047/1047
f 1048/1048 1049/1049 1051/1051
f 1049/1049 1048/1048 1052/1052
f 1053/1053 1054/1054 1055/1055
f 1054/1054 1053/1053 1056/1056
f 1056/1056 1053/1053 1057/1057
f 1058/1058 1059/1059 1060/1060
f 1060/1060 1061/1061 1062/1062
f 1061/1061 1060/1060 1059/1059
f 1063/1063 1064/1064 1065/1065
f 1064/1064 1063/1063 1066/1066
f 1067/1067 1050/1050 1052/1052
f 1068/1068 1069/1069 1070/1070
f 1071/1071 1072/1072 1073/1073
f 1072/1072 1071/1071 1074/1074
f 1075/1075 1076/1076 1077/1077
f 1076/1076 1075/1075 1078/1078
f 1079/1079 1080/1080 1081/1081
f 1080/1080 1079/1079 1082/1082
f 1083/1083 1084/1084 1085/1085
f 1084/1084 1083/1083 1086/1086
f 1086/1086 1083/1083 1087/1087
f 1087/1087 1083/1083 1088/1088
f 1086/1086 1089/1089 1090/1090
f 1089/1089 1086/1086 1087/1087
f 1091/1091 1092/1092 1093/1093
f 1094/1094 1095/1095 1096/1096
f 1095/1095 1094/1094 1097/1097
f 1097/1097 1094/1094 1098/1098
f 1098/1098 1094/1094 1099/1099
f 1097/1097 1100/1100 1101/1101
f 1100/1100 1097/1097 1098/1098
f 1102/1102 1081/1081 1103/1103
f 1081/1081 1102/1102 1079/1079
f 1104/1104 1103/1103 1105/1105
f 1103/1103 1104/1104 1102/1102
f 1106/1106 1107/1107 1108/1108
f 1107/1107 1106/1106 1109/1109
f 1110/1110 1111/1111 1112/1112
f 1113/1113 1110/1110 1112/1112
f 1110/1110 1113/1113 1092/1092
f 1093/1093 1092/1092 1113/1113
f 1112/1112 1111/1111 1114/1114
f 1115/1115 1116/1116 1117/1117
f 1116/1116 1115/1115 1118/1118
f 1118/1118 1115/1115 1119/1119
f 1118/1118 1119/1119 1120/1120
f 1120/1120 1119/1119 1121/1121
f 1120/1120 1121/1121 1122/1122
f 1122/1122 1121/1121 1123/1123
f 1122/1122 1123/1123 1124/1124
f 1124/1124 1123/1123 1125/1125
f 1124/1124 1125/1125 1126/1126
f 1127/1127 1128/1128 1129/1129
f 1128/1128 1127/1127 1130/1130
f 1131/1131 1130/1130 1127/1127
f 1130/1130 1131/1131 1132/1132
f 1133/1133 1134/1134 1135/1135
f 1134/1134 1133/1133 1136/1136
f 1137/1137 1138/1138 1139/1139
f 1138/1138 1137/1137 1140/1140
f 1141/1141 1142/1142 1143/1143
f 1142/1142 1141/1141 1144/1144
f 1145/1145 1146/1146 1147/1147
f 1146/1146 1145/1145 1148/1148
f 1149/1149 1147/1147 1150/1150
f 1147/1147 1149/1149 1145/1145
f 1151/1151 1150/1150 1152/1152
f 1150/1150 1151/1151 1149/1149
f 1153/1153 1154/1154 1155/1155
f 1154/1154 1153/1153 1156/1156
f 1157/1157 1158/1158 1159/1159
f 1158/1158 1157/1157 1160/1160
f 1161/1161 1162/1162 1163/1163
f 1162/1162 1161/1161 1164/1164
f 1129/1129 1165/1165 1166/1166
f 1165/1165 1129/1129 1128/1128
f 1167/1167 1168/1168 1169/1169
f 1168/1168 1167/1167 1170/1170
f 1171/1171 1172/1172 1173/1173
f 1172/1172 1171/1171 1174/1174
f 1175/1175 1176/1176 1177/1177
f 1176/1176 1175/1175 1178/1178
f 1179/1179 1180/1180 1181/1181
f 1180/1180 1179/1179 1182/1182
f 1182/1182 1179/1179 1183/1183
f 1184/1184 1185/1185 1186/1186
f 1185/1185 1184/1184 1187/1187
f 1188/1188 1189/1189 1190/1190
f 1189/1189 1188/1188 1191/1191
f 1176/1176 1192/1192 1177/1177
f 1193/1193 1194/1194 1195/1195
f 1196/1196 1197/1197 1198/1198
f 1199/1199 1200/1200 1201/1201
f 1200/1200 1199/1199 1202/1202
f 1203/1203 1204/1204 1205/1205
f 1204/1204 1203/1203 1206/1206
f 1207/1207 1208/1208 1209/1209
f 1208/1208 1207/1207 1210/1210
f 1211/1211 1212/1212 1213/1213
f 1214/1214 1213/1213 1212/1212
f 1213/1213 1214/1214 1215/1215
f 1213/1213 1215/1215 1216/1216
f 1216/1216 1215/1215 1217/1217
f 1218/1218 1219/1219 1220/1220
f 1219/1219 1218/1218 1221/1221
f 1222/1222 1223/1223 1224/1224
f 1223/1223 1222/1222 1225/1225
f 1223/1223 1225/1225 1226/1226
f 1226/1226 1225/1225 1227/1227
f 1226/1226 1227/1227 1228/1228
f 1229/1229 1230/1230 1231/1231
f 1230/1230 1229/1229 1232/1232
f 1233/1233 1234/1234 1235/1235
f 1234/1234 1233/1233 1236/1236
f 1237/1237 1238/1238 1239/1239
f 1238/1238 1237/1237 1240/1240
f 1241/1241 1242/1242 1243/1243
f 1242/1242 1241/1241 1244/1244
f 1245/1245 1220/1220 1246/1246
f 1220/1220 1245/1245 1218/1218
f 1247/1247 1248/1248 1250/1250
f 1248/1248 1247/1247 1251/1251
f 1252/1252 1253/1253 1254/1254
f 1255/1255 1256/1256 1257/1257
f 1256/1256 1255/1255 1253/1253
f 1253/1253 1255/1255 1258/1258
f 1253/1253 1258/1258 1254/1254
f 1258/1258 1255/1255 1259/1259
f 1250/1250 1260/1260 1261/1261
f 1260/1260 1250/1250 1249/1249
f 1262/1262 1263/1263 1264/1264
f 1263/1263 1262/1262 1265/1265
f 1266/1266 1267/1267 1268/1268
f 1267/1267 1266/1266 1269/1269
f 1270/1270 1271/1271 1272/1272
f 1271/1271 1270/1270 1273/1273
f 1274/1274 1275/1275 1276/1276
f 1275/1275 1274/1274 1277/1277
f 1261/1261 1278/1278 1279/1279
f 1278/1278 1261/1261 1260/1260
f 1280/1280 1281/1281 1283/1283
f 1281/1281 1280/1280 1284/1284
f 1283/1283 1285/1285 1286/1286
f 1285/1285 1283/1283 1282/1282
f 1287/1287 1288/1288 1289/1289
f 1288/1288 1287/1287 1290/1290
f 1291/1291 1292/1292 1293/1293
f 1294/1294 1295/1295 1296/1296
f 1297/1297 1298/1298 1299/1299
f 1298/1298 1297/1297 1300/1300
f 1301/1301 1302/1302 1303/1303
f 1302/1302 1301/1301 1304/1304
f 1305/1305 1306/1306 1307/1307
f 1306/1306 1305/1305 1308/1308
f 1309/1309 1310/1310 1311/1311
f 1310/1310 1309/1309 1312/1312
f 1313/1313 1314/1314 1315/1315
f 1314/1314 1313/1313 1316/1316
f 1317/1317 1318/1318 1319/1319
f 1318/1318 1317/1317 1320/1320
f 1321/1321 1322/1322 1323/1323
f 1322/1322 1321/1321 1324/1324
f 1324/1324 1321/1321 1325/1325
f 1324/1324 1325/1325 1326/1326
f 1326/1326 1325/1325 1327/1327
f 1326/1326 1327/1327 1328/1328
f 1328/1328 1327/1327 1329/1329
f 1328/1328 1329/1329 1330/1330
f 1330/1330 1329/1329 1331/1331
f 1330/1330 1331/1331 1332/1332
f 1333/1333 1334/1334 1335/1335
f 1334/1334 1333/1333 1336/1336
f 1334/1334 1337/1337 1338/1338
f 1337/1337 1334/1334 1336/1336
f 1339/1339 1340/1340 1341/1341
f 1340/1340 1339/1339 1342/1342
f 1343/1343 1344/1344 1345/1345
f 1344/1344 1343/1343 1346/1346
f 1347/1347 1348/1348 1349/1349
f 1348/1348 1347/1347 1350/1350
f 1351/1351 1352/1352 1353/1353
f 1352/1352 1351/1351 1354/1354
f 1352/1352 1355/1355 1353/1353
f 1355/1355 1352/1352 1356/1356
f 1356/1356 1357/1357 1355/1355
f 1357/1357 1356/1356 1358/1358
f 1359/1359 1360/1360 1361/1361
f 1360/1360 1359/1359 1362/1362
f 1363/1363 1364/1364 1365/1365
f 1364/1364 1363/1363 1366/1366
f 1367/1367 1368/1368 1369/1369
f 1368/1368 1367/1367 1370/1370
f 1371/1371 1335/1335 1372/1372
f 1335/1335 1371/1371 1333/1333
f 1373/1373 1374/1374 1375/1375
f 1374/1374 1373/1373 1376/1376
f 1377/1377 1378/1378 1379/1379
f 1378/1378 1377/1377 1380/1380
f 1381/1381 1382/1382 1383/1383
f 1382/1382 1381/1381 1384/1384
f 1385/1385 1386/1386 1387/1387
f 1386/1386 1385/1385 1388/1388
f 1389/1389 1390/1390 1391/1391
f 1390/1390 1389/1389 1392/1392
f 1393/1393 1394/1394 1395/1395
f 1394/1394 1393/1393 1396/1396
f 1397/1397 1398/1398 1399/1399
f 1398/1398 1397/1397 1400/1400
f 1401/1401 1402/1402 1403/1403
f 1402/1402 1401/1401 1404/1404
f 1405/1405 1406/1406 1407/1407
f 1406/1406 1405/1405 1408/1408
f 1409/1409 1410/1410 1411/1411
f 1410/1410 1409/1409 1412/1412
f 1413/1413 1414/1414 1415/1415
f 1414/1414 1413/1413 1416/1416
f 1417/1417 1418/1418 1419/1419
f 1418/1418 1417/1417 1420/1420
f 1421/1421 1422/1422 1423/1423
f 1422/1422 1421/1421 1424/1424
f 1425/1425 1426/1426 1427/1427
f 1428/1428 1427/1427 1426/1426
f 1427/1427 1428/1428 1429/1429
f 1427/1427 1429/1429 1430/1430
f 1430/1430 1429/1429 1431/1431
f 1432/1432 1433/1433 1434/1434
f 1433/1433 1432/1432 1435/1435
f 1436/1436 1437/1437 1438/1438
f 1437/1437 1436/1436 1439/1439
f 1437/1437 1439/1439 1440/1440
f 1440/1440 1439/1439 1441/1441
f 1440/1440 1441/1441 1442/1442
f 1443/1443 1444/1444 1445/1445
f 1444/1444 1443/1443 1446/1446
f 1447/1447 1448/1448 1449/1449
f 1448/1448 1447/1447 1450/1450
f 1451/1451 1452/1452 1453/1453
f 1452/1452 1451/1451 1454/1454
f 1455/1455 1456/1456 1457/1457
f 1456/1456 1455/1455 1458/1458
f 1459/1459 1434/1434 1460/1460
f 1434/1434 1459/1459 1432/1432
f 1461/1461 1462/1462 1463/1463
f 1462/1462 1461/1461 1464/1464
f 1465/1465 1466/1466 1467/1467
f 1466/1466 1465/1465 1468/1468
f 1469/1469 1470/1470 1471/1471
f 1470/1470 1469/1469 1472/1472
f 1473/1473 1474/1474 1475/1475
f 1474/1474 1473/1473 1476/1476
f 1477/1477 1478/1478 1479/1479
f 1478/1478 1477/1477 1480/1480
f 1481/1481 1482/1482 1483/1483
f 1482/1482 1481/1481 1484/1484
f 1485/1485 1486/1486 1487/1487
f 1486/1486 1485/1485 1488/1488
f 1489/1489 1490/1490 1491/1491
f 1490/1490 1489/1489 1492/1492
f 1493/1493 1494/1494 1495/1495
f 1494/1494 1493/1493 1496/1496
f 1497/1497 1498/1498 1499/1499
f 1498/1498 1497/1497 1500/1500
f 1501/1501 1502/1502 1503/1503
f 1502/1502 1501/1501 1504/1504
f 1505/1505 1506/1506 1507/1507
f 1506/1506 1505/1505 1508/1508
f 1509/1509 1510/1510 1511/1511
f 1510/1510 1509/1509 1512/1512
f 1513/1513 1514/1514 1515/1515
f 1516/1516 1517/1517 1518/1518
f 1517/1517 1516/1516 1519/1519
f 1519/1519 1516/1516 1520/1520
f 1520/1520 1516/1516 1521/1521
f 1519/1519 1522/1522 1523/1523
f 1522/1522 1519/1519 1520/1520
f 1524/1524 1525/1525 1526/1526
f 1525/1525 1524/1524 1527/1527
f 1528/1528 1529/1529 1530/1530
f 1529/1529 1528/1528 1531/1531
f 1531/1531 1528/1528 1532/1532
f 1532/1532 1528/1528 1533/1533
f 1531/1531 1534/1534 1535/1535
f 1534/1534 1531/1531 1532/1532
f 1536/1536 1537/1537 1538/1538
f 1539/1539 1537/1537 1540/1540
f 1537/1537 1539/1539 1538/1538
f 1541/1541 1542/1542 1543/1543
f 1544/1544 1545/1545 1546/1546
f 1545/1545 1544/1544 1547/1547
f 1548/1548 1549/1549 1550/1550
f 1549/1549 1548/1548 1551/1551
f 1526/1526 1551/1551 1548/1548
f 1551/1551 1526/1526 1525/1525
f 1539/1539 1540/1540 1552/1552
f 1553/1553 1554/1554 1555/1555
f 1554/1554 1553/1553 1556/1556
f 1557/1557 1558/1558 1559/1559
f 1558/1558 1557/1557 1560/1560
f 1561/1561 1562/1562 1563/1563
f 1562/1562 1561/1561 1564/1564
f 1565/1565 1566/1566 1567/1567
f 1566/1566 1565/1565 1568/1568
f 1569/1569 1570/1570 1571/1571
f 1570/1570 1569/1569 1572/1572
f 1573/1573 1574/1574 1575/1575
f 1574/1574 1573/1573 1576/1576
f 1577/1577 1578/1578 1579/1579
f 1578/1578 1577/1577 1580/1580
f 1581/1581 1582/1582 1583/1583
f 1584/1584 1585/1585 1586/1586
f 1585/1585 1584/1584 1587/1587
f 1587/1587 1584/1584 1588/1588
f 1587/1587 1588/1588 1589/1589
f 1589/1589 1588/1588 1590/1590
f 1589/1589 1590/1590 1591/1591
f 1592/1592 1593/1593 1594/1594
f 1593/1593 1592/1592 1595/1595
f 1596/1596 1597/1597 1598/1598
f 1597/1597 1596/1596 1599/1599
f 1599/1599 1596/1596 1600/1600
f 1599/1599 1600/1600 1601/1601
f 1601/1601 1600/1600 1602/1602
f 1601/1601 1602/1602 1603/1603
f 1604/1604 1605/1605 1606/1606
f 1604/1604 1607/1607 1605/1605
f 1607/1607 1604/1604 1608/1608
f 1609/1609 1610/1610 1611/1611
f 1612/1612 1613/1613 1614/1614
f 1613/1613 1612/1612 1615/1615
f 1616/1616 1617/1617 1618/1618
f 1617/1617 1616/1616 1619/1619
f 1619/1619 1592/1592 1617/1617
f 1592/1592 1619/1619 1595/1595
f 1608/1608 1620/1620 1607/1607
f 1621/1621 1622/1622 1623/1623
f 1622/1622 1621/1621 1624/1624
f 1624/1624 1621/1621 1625/1625
f 1624/1624 1625/1625 1626/1626
f 1626/1626 1625/1625 1627/1627
f 1626/1626 1627/1627 1628/1628
f 1628/1628 1627/1627 1629/1629
f 1628/1628 1629/1629 1630/1630
f 1630/1630 1629/1629 1631/1631
f 1630/1630 1631/1631 1632/1632
f 1633/1633 1634/1634 1635/1635
f 1634/1634 1633/1633 1636/1636
f 1637/1637 1638/1638 1639/1639
f 1638/1638 1637/1637 1640/1640
f 1638/1638 1640/1640 1641/1641
f 1641/1641 1640/1640 1642/1642
f 1641/1641 1643/1643 1638/1638
f 1644/1644 1645/1645 1646/1646
f 1645/1645 1644/1644 1647/1647
f 1648/1648 1649/1649 1650/1650
f 1649/1649 1651/1651 1652/1652
f 1651/1651 1649/1649 1653/1653
f 1653/1653 1649/1649 1648/1648
f 1653/1653 1648/1648 1654/1654
f 1655/1655 1656/1656 1657/1657
f 1656/1656 1655/1655 1658/1658
f 1659/1659 1660/1660 1661/1661
f 1660/1660 1659/1659 1662/1662
f 1663/1663 1664/1664 1665/1665
f 1664/1664 1663/1663 1666/1666
f 1667/1667 1668/1668 1669/1669
f 1668/1668 1667/1667 1670/1670
f 1671/1671 1647/1647 1644/1644
f 1647/1647 1671/1671 1672/1672
f 1673/1673 1674/1674 1675/1675
f 1674/1674 1673/1673 1676/1676
f 1677/1677 1678/1678 1679/1679
f 1678/1678 1677/1677 1680/1680
f 1681/1681 1682/1682 1683/1683
f 1682/1682 1681/1681 1684/1684
f 1685/1685 1686/1686 1687/1687
f 1686/1686 1685/1685 1688/1688
f 1688/1688 1685/1685 1689/1689
f 1690/1690 1691/1691 1692/1692
f 1691/1691 1690/1690 1693/1693
f 1691/1691 1693/1693 1694/1694
f 1695/1695 1696/1696 1697/1697
f 1698/1698 1682/1682 1684/1684
f 1699/1699 1700/1700 1701/1701
f 1702/1702 1703/1703 1704/1704
f 1703/1703 1702/1702 1705/1705
f 1706/1706 1707/1707 1708/1708
f 1709/1709 1710/1710 1711/1711
f 1710/1710 1709/1709 1712/1712
f 1713/1713 1714/1714 1715/1715
f 1714/1714 1713/1713 1716/1716
f 1717/1717 1718/1718 1719/1719
f 1718/1718 1717/1717 1720/1720
f 1721/1721 1722/1722 1723/1723
f 1722/1722 1721/1721 1724/1724
f 1725/1725 1726/1726 1727/1727
f 1726/1726 1725/1725 1728/1728
f 1729/1729 1730/1730 1731/1731
f 1730/1730 1729/1729 1732/1732
f 1733/1733 1734/1734 1735/1735
f 1734/1734 1733/1733 1736/1736
f 1737/1737 1738/1738 1739/1739
f 1740/1740 1741/1741 1742/1742
f 1741/1741 1740/1740 1743/1743
f 1743/1743 1740/1740 1744/1744
f 1744/1744 1740/1740 1745/1745
f 1743/1743 1746/1746 1747/1747
f 1746/1746 1743/1743 1744/1744
f 1748/1748 1749/1749 1750/1750
f 1749/1749 1748/1748 1751/1751
f 1752/1752 1753/1753 1754/1754
f 1753/1753 1752/1752 1755/1755
f 1755/1755 1752/1752 1756/1756
f 1756/1756 1752/1752 1757/1757
f 1755/1755 1758/1758 1759/1759
f 1758/1758 1755/1755 1756/1756
f 1737/1737 1739/1739 1760/1760
f 1761/1761 1739/1739 1762/1762
f 1739/1739 1761/1761 1760/1760
f 1761/1761 1763/1763 1764/1764
f 1765/1765 1766/1766 1767/1767
f 1766/1766 1765/1765 1768/1768
f 1769/1769 1770/1770 1771/1771
f 1770/1770 1769/1769 1772/1772
f 1750/1750 1772/1772 1769/1769
f 1772/1772 1750/1750 1749/1749
f 1761/1761 1762/1762 1763/1763
f 1773/1773 1774/1774 1775/1775
f 1774/1774 1773/1773 1776/1776
f 1777/1777 1778/1778 1779/1779
f 1778/1778 1777/1777 1780/1780
f 1781/1781 1782/1782 1783/1783
f 1782/1782 1781/1781 1784/1784
f 1785/1785 1786/1786 1787/1787
f 1786/1786 1785/1785 1788/1788
f 1789/1789 1790/1790 1791/1791
f 1790/1790 1789/1789 1792/1792
f 1793/1793 1794/1794 1795/1795
f 1794/1794 1793/1793 1796/1796
f 1797/1797 1798/1798 1799/1799
f 1798/1798 1797/1797 1800/1800
f 1801/1801 1802/1802 1803/1803
f 1802/1802 1801/1801 1804/1804
f 1805/1805 1806/1806 1807/1807
f 1806/1806 1805/1805 1808/1808
f 1809/1809 1810/1810 1811/1811
f 1810/1810 1809/1809 1812/1812
f 1813/1813 1814/1814 1815/1815
f 1814/1814 1813/1813 1816/1816
f 1817/1817 1818/1818 1819/1819
f 1818/1818 1817/1817 1820/1820
f 1821/1821 1822/1822 1823/1823
f 1822/1822 1821/1821 1824/1824
f 1825/1825 1826/1826 1827/1827
f 1826/1826 1825/1825 1828/1828
f 1828/1828 1825/1825 1829/1829
f 1828/1828 1829/1829 1830/1830
f 1828/1828 1830/1830 1831/1831
f 1832/1832 1824/1824 1821/1821
f 1824/1824 1832/1832 1833/1833
f 1834/1834 1835/1835 1836/1836
f 1835/1835 1834/1834 1837/1837
f 1837/1837 1834/1834 1838/1838
f 1838/1838 1834/1834 1839/1839
f 1838/1838 1839/1839 1840/1840
f 1841/1841 1842/1842 1843/1843
f 1842/1842 1841/1841 1844/1844
f 1845/1845 1846/1846 1847/1847
f 1846/1846 1845/1845 1848/1848
f 1849/1849 1850/1850 1851/1851
f 1850/1850 1849/1849 1852/1852
f 1833/1833 1832/1832 1853/1853
f 1854/1854 1847/1847 1855/1855
f 1847/1847 1854/1854 1845/1845
f 1856/1856 1857/1857 1858/1858
f 1859/1859 1860/1860 1861/1861
f 1860/1860 1859/1859 1862/1862
f 1863/1863 1864/1864 1865/1865
f 1864/1864 1863/1863 1866/1866
f 1867/1867 1868/1868 1869/1869
f 1868/1868 1867/1867 1870/1870
f 1871/1871 1872/1872 1873/1873
f 1872/1872 1871/1871 1874/1874
f 1875/1875 1876/1876 1877/1877
f 1876/1876 1875/1875 1878/1878
f 1879/1879 1880/1880 1881/1881
f 1880/1880 1879/1879 1882/1882
f 1883/1883 1884/1884 1885/1885
f 1884/1884 1883/1883 1886/1886
f 1887/1887 1888/1888 1889/1889
f 1888/1888 1887/1887 1890/1890
f 1891/1891 1892/1892 1893/1893
f 1892/1892 1891/1891 1894/1894
f 1895/1895 1896/1896 1897/1897
f 1896/1896 1895/1895 1898/1898
f 1899/1899 1900/1900 1901/1901
f 1900/1900 1899/1899 1902/1902
f 1903/1903 1904/1904 1905/1905
f 1904/1904 1903/1903 1906/1906
f 1907/1907 1908/1908 1909/1909
f 1908/1908 1907/1907 1910/1910
f 1910/1910 1907/1907 1911/1911
f 1910/1910 1911/1911 1912/1912
f 1912/1912 1911/1911 1913/1913
f 1912/1912 1913/1913 1914/1914
f 1914/1914 1913/1913 1915/1915
f 1914/1914 1915/1915 1916/1916
f 1916/1916 1915/1915 1917/1917
f 1916/1916 1917/1917 1918/1918
f 1919/1919 1920/1920 1921/1921
f 1920/1920 1919/1919 1922/1922
f 1923/1923 1924/1924 1925/1925
f 1924/1924 1923/1923 1926/1926
f 1927/1927 1928/1928 1929/1929
f 1928/1928 1927/1927 1930/1930
f 1931/1931 1932/1932 1933/1933
f 1932/1932 1931/1931 1934/1934
f 1935/1935 1936/1936 1937/1937
f 1936/1936 1935/1935 1938/1938
f 1939/1939 1940/1940 1941/1941
f 1940/1940 1939/1939 1942/1942
f 1943/1943 1944/1944 1945/1945
f 1944/1944 1943/1943 1946/1946
f 1946/1946 1943/1943 1947/1947
f 1946/1946 1947/1947 1948/1948
f 1948/1948 1947/1947 1949/1949
f 1948/1948 1949/1949 1950/1950
f 1950/1950 1949/1949 1951/1951
f 1950/1950 1951/1951 1952/1952
f 1952/1952 1951/1951 1953/1953
f 1952/1952 1953/1953 1954/1954
f 1955/1955 1956/1956 1957/1957
f 1956/1956 1955/1955 1958/1958
f 1959/1959 1957/1957 1960/1960
f 1957/1957 1959/1959 1955/1955
f 1961/1961 1962/1962 1963/1963
f 1962/1962 1961/1961 1964/1964
f 1965/1965 1966/1966 1967/1967
f 1966/1966 1965/1965 1968/1968
f 1969/1969 1970/1970 1971/1971
f 1970/1970 1969/1969 1972/1972
f 1973/1973 1974/1974 1975/1975
f 1974/1974 1973/1973 1976/1976
f 1977/1977 1976/1976 1973/1973
f 1976/1976 1977/1977 1978/1978
f 1979/1979 1978/1978 1977/1977
f 1978/1978 1979/1979 1980/1980
f 1981/1981 1982/1982 1983/1983
f 1982/1982 1981/1981 1984/1984
f 1985/1985 1986/1986 1987/1987
f 1986/1986 1985/1985 1988/1988
f 1989/1989 1990/1990 1991/1991
f 1990/1990 1989/1989 1992/1992
f 1958/1958 1993/1993 1956/1956
f 1993/1993 1958/1958 1994/1994
f 1995/1995 1996/1996 1997/1997
f 1996/1996 1995/1995 1998/1998
f 1999/1999 2000/2000 2001/2001
f 2000/2000 1999/1999 2002/2002
f 2002/2002 1999/1999 2003/2003
f 2002/2002 2003/2003 2004/2004
f 2002/2002 2004/2004 2005/2005
f 1998/1998 2006/2006 1996/1996
f 2006/2006 1998/1998 2007/2007
f 2008/2008 2009/2009 2010/2010
f 2009/2009 2008/2008 2011/2011
f 2011/2011 2008/2008 2012/2012
f 2012/2012 2008/2008 2013/2013
f 2012/2012 2013/2013 2014/2014
f 2015/2015 2016/2016 2017/2017
f 2016/2016 2015/2015 2018/2018
f 2019/2019 2020/2020 2021/2021
f 2020/2020 2019/2019 2022/2022
f 2023/2023 2024/2024 2025/2025
f 2024/2024 2023/2023 2026/2026
f 2007/2007 2027/2027 2006/2006
f 2027/2027 2007/2007 2028/2028
f 2021/2021 2029/2029 2030/2030
f 2029/2029 2021/2021 2020/2020
f 2031/2031 2032/2032 2033/2033
f 2032/2032 2031/2031 2034/2034
f 2035/2035 2036/2036 2037/2037
f 2036/2036 2035/2035 2038/2038
f 2039/2039 2040/2040 2041/2041
f 2040/2040 2039/2039 2042/2042
f 2043/2043 2044/2044 2045/2045
f 2044/2044 2043/2043 2046/2046
f 2047/2047 2048/2048 2049/2049
f 2048/2048 2047/2047 2050/2050
f 2051/2051 2052/2052 2053/2053
f 2052/2052 2051/2051 2054/2054
f 2055/2055 2056/2056 2057/2057
f 2056/2056 2055/2055 2058/2058
f 2059/2059 2060/2060 2061/2061
f 2060/2060 2059/2059 2062/2062
f 2062/2062 2059/2059 2063/2063
f 2062/2062 2063/2063 2064/2064
f 2065/2065 2066/2066 2067/2067
f 2066/2066 2065/2065 2068/2068
f 2069/2069 2070/2070 2071/2071
f 2070/2070 2069/2069 2072/2072
f 2072/2072 2069/2069 2073/2073
f 2072/2072 2073/2073 2074/2074
f 2075/2075 2076/2076 2077/2077
f 2076/2076 2075/2075 2078/2078
f 2079/2079 2080/2080 2081/2081
f 2080/2080 2079/2079 2082/2082
f 2083/2083 2084/2084 2085/2085
f 2084/2084 2083/2083 2086/2086
f 2087/2087 2068/2068 2065/2065
f 2068/2068 2087/2087 2088/2088
f 2089/2089 2090/2090 2091/2091
f 2090/2090 2089/2089 2092/2092
f 2093/2093 2094/2094 2095/2095
f 2094/2094 2093/2093 2096/2096
f 2097/2097 2098/2098 2099/2099
f 2098/2098 2097/2097 2100/2100
f 2101/2101 2102/2102 2103/2103
f 2102/2102 2101/2101 2104/2104
f 2105/2105 2106/2106 2107/2107
f 2106/2106 2105/2105 2108/2108
f 2109/2109 2110/2110 2111/2111
f 2110/2110 2109/2109 2112/2112
f 2113/2113 2114/2114 2115/2115
f 2114/2114 2113/2113 2116/2116
f 2117/2117 2118/2118 2119/2119
f 2118/2118 2117/2117 2120/2120
f 2121/2121 2122/2122 2123/2123
f 2122/2122 2121/2121 2124/2124
f 2125/2125 2126/2126 2127/2127
f 2126/2126 2125/2125 2128/2128
f 2129/2129 2130/2130 2131/2131
f 2130/2130 2129/2129 2132/2132
f 2133/2133 2134/2134 2135/2135
f 2134/2134 2133/2133 2136/2136
f 2137/2137 2138/2138 2139/2139
f 2138/2138 2137/2137 2140/2140
f 2141/2141 2142/2142 2143/2143
f 2142/2142 2141/2141 2144/2144
f 2145/2145 2146/2146 2147/2147
f 2146/2146 2145/2145 2148/2148
f 2149/2149 2150/2150 2151/2151
f 2150/2150 2149/2149 2152/2152
f 2153/2153 2154/2154 2155/2155
f 2154/2154 2153/2153 2156/2156
f 2157/2157 2158/2158 2159/2159
f 2158/2158 2157/2157 2160/2160
f 2161/2161 2162/2162 2163/2163
f 2162/2162 2161/2161 2164/2164
f 2165/2165 2166/2166 2167/2167
f 2166/2166 2165/2165 2168/2168
f 2168/2168 2165/2165 2169/2169
f 2168/2168 2169/2169 2170/2170
f 2170/2170 2169/2169 2171/2171
f 2170/2170 2171/2171 2172/2172
f 2173/2173 2164/2164 2161/2161
f 2164/2164 2173/2173 2174/2174
f 2175/2175 2176/2176 2177/2177
f 2176/2176 2175/2175 2178/2178
f 2178/2178 2175/2175 2179/2179
f 2178/2178 2179/2179 2180/2180
f 2180/2180 2179/2179 2181/2181
f 2180/2180 2181/2181 2182/2182
f 2183/2183 2184/2184 2185/2185
f 2184/2184 2183/2183 2186/2186
f 2187/2187 2188/2188 2189/2189
f 2188/2188 2187/2187 2190/2190
f 2191/2191 2192/2192 2193/2193
f 2192/2192 2191/2191 2194/2194
f 2174/2174 2173/2173 2195/2195
f 2196/2196 2197/2197 2198/2198
f 2197/2197 2196/2196 2199/2199
f 2199/2199 2200/2200 2197/2197
f 2200/2200 2199/2199 2201/2201
f 2202/2202 2203/2203 2204/2204
f 2205/2205 2206/2206 2207/2207
f 2206/2206 2205/2205 2208/2208
f 2209/2209 2210/2210 2211/2211
f 2210/2210 2209/2209 2212/2212
f 2213/2213 2214/2214 2215/2215
f 2214/2214 2213/2213 2216/2216
f 2217/2217 2218/2218 2219/2219
f 2218/2218 2217/2217 2220/2220
f 2221/2221 2222/2222 2223/2223
f 2222/2222 2221/2221 2224/2224
f 2225/2225 2226/2226 2227/2227
f 2226/2226 2225/2225 2228/2228
f 2229/2229 2230/2230 2231/2231
f 2230/2230 2229/2229 2232/2232
f 2233/2233 2234/2234 2235/2235
f 2234/2234 2233/2233 2236/2236
f 2237/2237 2238/2238 2239/2239
f 2238/2238 2237/2237 2240/2240
f 2241/2241 2242/2242 2243/2243
f 2242/2242 2241/2241 2244/2244
f 2245/2245 2246/2246 2247/2247
f 2246/2246 2245/2245 2248/2248
f 2249/2249 2250/2250 2251/2251
f 2250/2250 2249/2249 2252/2252
f 2253/2253 2254/2254 2255/2255
f 2254/2254 2253/2253 2256/2256
f 2257/2257 2258/2258 2259/2259
f 2258/2258 2257/2257 2260/2260
f 2261/2261 2262/2262 2263/2263
f 2262/2262 2261/2261 2264/2264
f 2265/2265 2266/2266 2267/2267
f 2266/2266 2265/2265 2268/2268
f 2269/2269 2270/2270 2271/2271
f 2270/2270 2269/2269 2272/2272
f 2273/2273 2274/2274 2275/2275
f 2274/2274 2273/2273 2276/2276
f 2277/2277 2278/2278 2279/2279
f 2278/2278 2277/2277 2280/2280
f 2281/2281 2282/2282 2283/2283
f 2282/2282 2281/2281 2284/2284
f 2282/2282 2284/2284 2285/2285
f 2285/2285 2284/2284 2286/2286
f 2285/2285 2287/2287 2282/2282
f 2288/2288 2289/2289 2290/2290
f 2289/2289 2288/2288 2291/2291
f 2292/2292 2293/2293 2294/2294
f 2293/2293 2295/2295 2296/2296
f 2295/2295 2293/2293 2297/2297
f 2297/2297 2293/2293 2292/2292
f 2297/2297 2292/2292 2298/2298
f 2299/2299 2300/2300 2301/2301
f 2300/2300 2299/2299 2302/2302
f 2303/2303 2304/2304 2305/2305
f 2304/2304 2303/2303 2306/2306
f 2307/2307 2308/2308 2309/2309
f 2308/2308 2307/2307 2310/2310
f 2311/2311 2312/2312 2313/2313
f 2312/2312 2311/2311 2314/2314
f 2315/2315 2291/2291 2288/2288
f 2291/2291 2315/2315 2316/2316
f 2317/2317 2318/2318 2319/2319
f 2318/2318 2317/2317 2320/2320
f 2321/2321 2322/2322 2323/2323
f 2322/2322 2321/2321 2324/2324
f 2325/2325 2326/2326 2327/2327
f 2326/2326 2325/2325 2328/2328
f 2329/2329 2330/2330 2331/2331
f 2330/2330 2329/2329 2332/2332
f 2333/2333 2334/2334 2335/2335
f 2334/2334 2333/2333 2336/2336
f 2337/2337 2338/2338 2339/2339
f 2338/2338 2337/2337 2340/2340
f 2341/2341 2342/2342 2343/2343
f 2342/2342 2341/2341 2344/2344
f 2344/2344 2341/2341 2345/2345
f 2344/2344 2345/2345 2346/2346
f 2346/2346 2345/2345 2347/2347
f 2346/2346 2347/2347 2348/2348
f 2348/2348 2347/2347 2349/2349
f 2348/2348 2349/2349 2350/2350
f 2350/2350 2349/2349 2351/2351
f 2350/2350 2351/2351 2352/2352
f 2353/2353 2354/2354 2355/2355
f 2354/2354 2353/2353 2356/2356
f 2356/2356 2353/2353 2357/2357
f 2356/2356 2357/2357 2358/2358
f 2358/2358 2357/2357 2359/2359
f 2358/2358 2359/2359 2360/2360
f 2360/2360 2359/2359 2361/2361
f 2360/2360 2361/2361 2362/2362
f 2362/2362 2361/2361 2363/2363
f 2362/2362 2363/2363 2364/2364
f 2365/2365 2366/2366 2367/2367
f 2366/2366 2365/2365 2368/2368
f 2369/2369 2370/2370 2371/2371
f 2370/2370 2369/2369 2372/2372
f 2373/2373 2374/2374 2375/2375
f 2374/2374 2373/2373 2376/2376
f 2377/2377 2378/2378 2379/2379
f 2378/2378 2377/2377 2380/2380
f 2380/2380 2377/2377 2381/2381
f 2380/2380 2381/2381 2382/2382
f 2383/2383 2384/2384 2385/2385
f 2384/2384 2383/2383 2386/2386
f 2387/2387 2388/2388 2389/2389
f 2390/2390 2374/2374 2376/2376
f 2391/2391 2392/2392 2393/2393
f 2394/2394 2395/2395 2396/2396
f 2395/2395 2394/2394 2397/2397
f 2398/2398 2399/2399 2400/2400
f 2399/2399 2398/2398 2401/2401
f 2402/2402 2403/2403 2404/2404
f 2405/2405 2406/2406 2407/2407
f 2406/2406 2405/2405 2408/2408
f 2409/2409 2410/2410 2411/2411
f 2410/2410 2409/2409 2412/2412
f 2413/2413 2414/2414 2415/2415
f 2414/2414 2413/2413 2416/2416
f 2417/2417 2418/2418 2419/2419
f 2418/2418 2417/2417 2420/2420
f 2421/2421 2422/2422 2423/2423
f 2422/2422 2421/2421 2424/2424
f 2425/2425 2426/2426 2427/2427
f 2426/2426 2425/2425 2428/2428
f 2429/2429 2430/2430 2431/2431
f 2430/2430 2429/2429 2432/2432
f 2432/2432 2429/2429 2433/2433
f 2432/2432 2433/2433 2434/2434
f 2434/2434 2433/2433 2435/2435
f 2434/2434 2435/2435 2436/2436
f 2436/2436 2435/2435 2437/2437
f 2436/2436 2437/2437 2438/2438
f 2438/2438 2437/2437 2439/2439
f 2438/2438 2439/2439 2440/2440
f 2441/2441 2442/2442 2443/2443
f 2442/2442 2441/2441 2444/2444
f 2445/2445 2443/2443 2446/2446
f 2443/2443 2445/2445 2441/2441
f 2447/2447 2448/2448 2449/2449
f 2448/2448 2447/2447 2450/2450
f 2451/2451 2452/2452 2453/2453
f 2452/2452 2451/2451 2454/2454
f 2455/2455 2456/2456 2457/2457
f 2456/2456 2455/2455 2458/2458
f 2459/2459 2460/2460 2461/2461
f 2460/2460 2459/2459 2462/2462
f 2463/2463 2462/2462 2459/2459
f 2462/2462 2463/2463 2464/2464
f 2465/2465 2464/2464 2463/2463
f 2464/2464 2465/2465 2466/2466
f 2467/2467 2468/2468 2469/2469
f 2468/2468 2467/2467 2470/2470
f 2471/2471 2472/2472 2473/2473
f 2472/2472 2471/2471 2474/2474
f 2475/2475 2476/2476 2477/2477
f 2476/2476 2475/2475 2478/2478
f 2444/2444 2479/2479 2442/2442
f 2479/2479 2444/2444 2480/2480
f 2481/2481 2482/2482 2483/2483
f 2482/2482 2481/2481 2484/2484
f 2484/2484 2481/2481 2485/2485
f 2484/2484 2485/2485 2486/2486
f 2486/2486 2485/2485 2487/2487
f 2486/2486 2487/2487 2488/2488
f 2488/2488 2487/2487 2489/2489
f 2488/2488 2489/2489 2490/2490
f 2490/2490 2489/2489 2491/2491
f 2490/2490 2491/2491 2492/2492
f 2493/2493 2494/2494 2495/2495
f 2494/2494 2493/2493 2496/2496
f 2497/2497 2495/2495 2498/2498
f 2495/2495 2497/2497 2493/2493
f 2499/2499 2500/2500 2501/2501
f 2500/2500 2499/2499 2502/2502
f 2503/2503 2504/2504 2505/2505
f 2504/2504 2503/2503 2506/2506
f 2507/2507 2508/2508 2509/2509
f 2508/2508 2507/2507 2510/2510
f 2511/2511 2512/2512 2513/2513
f 2512/2512 2511/2511 2514/2514
f 2515/2515 2514/2514 2511/2511
f 2514/2514 2515/2515 2516/2516
f 2517/2517 2516/2516 2515/2515
f 2516/2516 2517/2517 2518/2518
f 2519/2519 2520/2520 2521/2521
f 2520/2520 2519/2519 2522/2522
f 2523/2523 2524/2524 2525/2525
f 2524/2524 2523/2523 2526/2526
f 2527/2527 2528/2528 2529/2529
f 2528/2528 2527/2527 2530/2530
f 2496/2496 2531/2531 2494/2494
f 2531/2531 2496/2496 2532/2532
f 2533/2533 2534/2534 2535/2535
f 2534/2534 2533/2533 2536/2536
f 2538/2538 2539/2539 2540/2540
f 2539/2539 2538/2538 2541/2541
f 2541/2541 2538/2538 2542/2542
f 2541/2541 2542/2542 2543/2543
f 2541/2541 2543/2543 2544/2544
f 2534/2534 2545/2545 2546/2546
f 2545/2545 2534/2534 2537/2537
f 2547/2547 2548/2548 2549/2549
f 2548/2548 2547/2547 2550/2550
f 2551/2551 2552/2552 2553/2553
f 2552/2552 2551/2551 2554/2554
f 2555/2555 2556/2556 2558/2558
f 2556/2556 2555/2555 2559/2559
f 2559/2559 2555/2555 2560/2560
f 2561/2561 2562/2562 2563/2563
f 2562/2562 2561/2561 2564/2564
f 2545/2545 2565/2565 2546/2546
f 2565/2565 2545/2545 2566/2566
f 2557/2557 2567/2567 2568/2568
f 2567/2567 2557/2557 2559/2559
f 2569/2569 2570/2570 2571/2571
f 2570/2570 2569/2569 2572/2572
f 2573/2573 2574/2574 2575/2575
f 2574/2574 2573/2573 2576/2576
f 2577/2577 2578/2578 2579/2579
f 2578/2578 2577/2577 2580/2580
f 2581/2581 2582/2582 2583/2583
f 2582/2582 2581/2581 2584/2584
f 2585/2585 2586/2586 2587/2587
f 2586/2586 2585/2585 2588/2588
f 2588/2588 2589/2589 2590/2590
f 2589/2589 2588/2588 2585/2585
f 2589/2589 2585/2585 2591/2591
f 2589/2589 2591/2591 2592/2592
f 2593/2593 2594/2594 2595/2595
f 2594/2594 2593/2593 2596/2596
f 2597/2597 2598/2598 2599/2599
f 2598/2598 2597/2597 2600/2600
f 2600/2600 2601/2601 2602/2602
f 2601/2601 2600/2600 2597/2597
f 2601/2601 2597/2597 2603/2603
f 2601/2601 2603/2603 2604/2604
f 2605/2605 2584/2584 2581/2581
f 2584/2584 2605/2605 2606/2606
f 2607/2607 2606/2606 2605/2605
f 2606/2606 2607/2607 2608/2608
f 2609/2609 2610/2610 2611/2611
f 2610/2610 2609/2609 2612/2612
f 2613/2613 2614/2614 2615/2615
f 2614/2614 2613/2613 2616/2616
f 2596/2596 2615/2615 2594/2594
f 2615/2615 2596/2596 2613/2613
f 2617/2617 2618/2618 2619/2619
f 2618/2618 2617/2617 2620/2620
f 2621/2621 2622/2622 2623/2623
f 2622/2622 2621/2621 2624/2624
f 2625/2625 2626/2626 2627/2627
f 2626/2626 2625/2625 2628/2628
f 2629/2629 2630/2630 2631/2631
f 2630/2630 2629/2629 2632/2632
f 2633/2633 2634/2634 2635/2635
f 2634/2634 2633/2633 2636/2636
f 2637/2637 2638/2638 2639/2639
f 2638/2638 2637/2637 2640/2640
f 2641/2641 2642/2642 2643/2643
f 2642/2642 2641/2641 2644/2644
f 2645/2645 2646/2646 2647/2647
f 2646/2646 2645/2645 2648/2648
f 2648/2648 2645/2645 2649/2649
f 2648/2648 2649/2649 2650/2650
f 2648/2648 2650/2650 2651/2651
f 2644/2644 2652/2652 2642/2642
f 2652/2652 2644/2644 2653/2653
f 2654/2654 2655/2655 2656/2656
f 2655/2655 2654/2654 2657/2657
f 2657/2657 2654/2654 2658/2658
f 2658/2658 2654/2654 2659/2659
f 2658/2658 2659/2659 2660/2660
f 2661/2661 2662/2662 2663/2663
f 2662/2662 2661/2661 2664/2664
f 2665/2665 2666/2666 2667/2667
f 2666/2666 2665/2665 2668/2668
f 2669/2669 2670/2670 2671/2671
f 2670/2670 2669/2669 2672/2672
f 2653/2653 2673/2673 2652/2652
f 2673/2673 2653/2653 2674/2674
f 2667/2667 2675/2675 2676/2676
f 2675/2675 2667/2667 2666/2666
f 2677/2677 2678/2678 2679/2679
f 2678/2678 2677/2677 2680/2680
f 2681/2681 2682/2682 2683/2683
f 2682/2682 2681/2681 2684/2684
f 2685/2685 2686/2686 2687/2687
f 2686/2686 2685/2685 2688/2688
f 2688/2688 2689/2689 2690/2690
f 2689/2689 2688/2688 2685/2685
f 2689/2689 2685/2685 2691/2691
f 2689/2689 2691/2691 2692/2692
f 2693/2693 2694/2694 2695/2695
f 2696/2696 2697/2697 2698/2698
f 2697/2697 2696/2696 2699/2699
f 2699/2699 2700/2700 2701/2701
f 2700/2700 2699/2699 2696/2696
f 2700/2700 2696/2696 2702/2702
f 2700/2700 2702/2702 2703/2703
f 2704/2704 2684/2684 2681/2681
f 2684/2684 2704/2704 2705/2705
f 2706/2706 2705/2705 2704/2704
f 2705/2705 2706/2706 2707/2707
f 2708/2708 2709/2709 2710/2710
f 2709/2709 2708/2708 2711/2711
f 2712/2712 2713/2713 2714/2714
f 2693/2693 2713/2713 2715/2715
f 2713/2713 2693/2693 2714/2714
f 2693/2693 2715/2715 2694/2694
f 2712/2712 2716/2716 2713/2713
f 2717/2717 2718/2718 2719/2719
f 2718/2718 2717/2717 2720/2720
f 2721/2721 2722/2722 2723/2723
f 2722/2722 2721/2721 2724/2724
f 2725/2725 2726/2726 2727/2727
f 2726/2726 2725/2725 2728/2728
f 2728/2728 2725/2725 2729/2729
f 2729/2729 2725/2725 2730/2730
f 2728/2728 2731/2731 2732/2732
f 2731/2731 2728/2728 2729/2729
f 2733/2733 2734/2734 2735/2735
f 2734/2734 2733/2733 2736/2736
f 2737/2737 2738/2738 2739/2739
f 2738/2738 2737/2737 2740/2740
f 2740/2740 2737/2737 2741/2741
f 2741/2741 2737/2737 2742/2742
f 2740/2740 2743/2743 2744/2744
f 2743/2743 2740/2740 2741/2741
f 2745/2745 2723/2723 2746/2746
f 2723/2723 2745/2745 2721/2721
f 2747/2747 2746/2746 2748/2748
f 2746/2746 2747/2747 2745/2745
f 2749/2749 2750/2750 2751/2751
f 2750/2750 2749/2749 2752/2752
f 2753/2753 2754/2754 2755/2755
f 2754/2754 2753/2753 2756/2756
f 2735/2735 2756/2756 2753/2753
f 2756/2756 2735/2735 2734/2734
f 2757/2757 2758/2758 2759/2759
f 2758/2758 2757/2757 2760/2760
f 2761/2761 2762/2762 2763/2763
f 2762/2762 2761/2761 2764/2764
f 2764/2764 2761/2761 2765/2765
f 2764/2764 2765/2765 2766/2766
f 2767/2767 2768/2768 2769/2769
f 2768/2768 2767/2767 2770/2770
f 2771/2771 2772/2772 2773/2773
f 2772/2772 2771/2771 2774/2774
f 2774/2774 2771/2771 2775/2775
f 2774/2774 2775/2775 2776/2776
f 2777/2777 2778/2778 2779/2779
f 2778/2778 2777/2777 2780/2780
f 2781/2781 2782/2782 2783/2783
f 2782/2782 2781/2781 2784/2784
f 2785/2785 2786/2786 2787/2787
f 2786/2786 2785/2785 2788/2788
f 2789/2789 2770/2770 2767/2767
f 2770/2770 2789/2789 2790/2790
f 2791/2791 2792/2792 2793/2793
f 2792/2792 2791/2791 2794/2794
f 2795/2795 2796/2796 2797/2797
f 2796/2796 2795/2795 2798/2798
f 2799/2799 2800/2800 2801/2801
f 2800/2800 2799/2799 2802/2802
f 2803/2803 2804/2804 2805/2805
f 2804/2804 2803/2803 2806/2806
f 2807/2807 2808/2808 2809/2809
f 2808/2808 2807/2807 2810/2810
f 2811/2811 2812/2812 2813/2813
f 2812/2812 2811/2811 2814/2814
f 2815/2815 2816/2816 2817/2817
f 2816/2816 2815/2815 2818/2818
f 2819/2819 2820/2820 2821/2821
f 2820/2820 2819/2819 2822/2822
f 2823/2823 2824/2824 2825/2825
f 2824/2824 2823/2823 2826/2826
f 2827/2827 2828/2828 2829/2829
f 2828/2828 2827/2827 2830/2830
f 2831/2831 2832/2832 2833/2833
f 2832/2832 2831/2831 2834/2834
f 2835/2835 2836/2836 2837/2837
f 2836/2836 2835/2835 2838/2838
f 2839/2839 2840/2840 2841/2841
f 2840/2840 2839/2839 2842/2842
f 2843/2843 2844/2844 2845/2845
f 2844/2844 2843/2843 2846/2846
f 2842/2842 2847/2847 2840/2840
f 2847/2847 2842/2842 2848/2848
f 2850/2850 2851/2851 2852/2852
f 2851/2851 2850/2850 2853/2853
f 2854/2854 2855/2855 2856/2856
f 2855/2855 2854/2854 2857/2857
f 2858/2858 2859/2859 2860/2860
f 2859/2859 2858/2858 2861/2861
f 2862/2862 2863/2863 2864/2864
f 2863/2863 2862/2862 2865/2865
f 2847/2847 2866/2866 2867/2867
f 2866/2866 2847/2847 2849/2849
f 2868/2868 2869/2869 2870/2870
f 2869/2869 2868/2868 2871/2871
f 2872/2872 2873/2873 2874/2874
f 2873/2873 2872/2872 2861/2861
f 2861/2861 2872/2872 2875/2875
f 2861/2861 2858/2858 2873/2873
f 2876/2876 2877/2877 2878/2878
f 2879/2879 2880/2880 2881/2881
f 2882/2882 2883/2883 2884/2884
f 2883/2883 2882/2882 2885/2885
f 2886/2886 2887/2887 2888/2888
f 2887/2887 2886/2886 2889/2889
f 2890/2890 2891/2891 2892/2892
f 2891/2891 2890/2890 2893/2893
f 2894/2894 2895/2895 2896/2896
f 2897/2897 2898/2898 2899/2899
f 2898/2898 2897/2897 2900/2900
f 2900/2900 2901/2901 2902/2902
f 2901/2901 2900/2900 2897/2897
f 2901/2901 2897/2897 2903/2903
f 2901/2901 2903/2903 2904/2904
f 2905/2905 2906/2906 2907/2907
f 2906/2906 2905/2905 2908/2908
f 2909/2909 2910/2910 2911/2911
f 2910/2910 2909/2909 2912/2912
f 2912/2912 2913/2913 2914/2914
f 2913/2913 2912/2912 2909/2909
f 2913/2913 2909/2909 2915/2915
f 2913/2913 2915/2915 2916/2916
f 2917/2917 2895/2895 2894/2894
f 2918/2918 2917/2917 2894/2894
f 2917/2917 2918/2918 2919/2919
f 2920/2920 2919/2919 2921/2921
f 2922/2922 2923/2923 2924/2924
f 2923/2923 2922/2922 2925/2925
f 2926/2926 2927/2927 2928/2928
f 2927/2927 2926/2926 2929/2929
f 2908/2908 2928/2928 2906/2906
f 2928/2928 2908/2908 2926/2926
f 2921/2921 2919/2919 2918/2918
f 2930/2930 2931/2931 2932/2932
f 2931/2931 2930/2930 2933/2933
f 2934/2934 2935/2935 2936/2936
f 2935/2935 2934/2934 2937/2937
f 2935/2935 2937/2937 2938/2938
f 2937/2937 2934/2934 2939/2939
f 2938/2938 2937/2937 2940/2940
f 2941/2941 2942/2942 2943/2943
f 2942/2942 2941/2941 2944/2944
f 2945/2945 2946/2946 2947/2947
f 2946/2946 2945/2945 2948/2948
f 2948/2948 2945/2945 2949/2949
f 2946/2946 2948/2948 2950/2950
f 2948/2948 2949/2949 2951/2951
f 2952/2952 2953/2953 2954/2954
f 2953/2953 2952/2952 2955/2955
f 2956/2956 2957/2957 2958/2958
f 2957/2957 2956/2956 2959/2959
f 2960/2960 2961/2961 2962/2962
f 2961/2961 2960/2960 2963/2963
f 2964/2964 2965/2965 2966/2966
f 2965/2965 2964/2964 2967/2967
f 2968/2968 2944/2944 2941/2941
f 2944/2944 2968/2968 2969/2969
f 2970/2970 2971/2971 2972/2972
f 2971/2971 2970/2970 2973/2973
f 2974/2974 2975/2975 2976/2976
f 2975/2975 2974/2974 2977/2977
f 2978/2978 2979/2979 2980/2980
f 2979/2979 2978/2978 2981/2981
f 2982/2982 2983/2983 2984/2984
f 2983/2983 2982/2982 2985/2985
f 2985/2985 2982/2982 2986/2986
f 2987/2987 2988/2988 2989/2989
f 2988/2988 2987/2987 2990/2990
f 2988/2988 2990/2990 2991/2991
f 2992/2992 2993/2993 2994/2994
f 2995/2995 2978/2978 2980/2980
f 2978/2978 2995/2995 2996/2996
f 2997/2997 2998/2998 2999/2999
f 2998/2998 2997/2997 3000/3000
f 2994/2994 2993/2993 3001/3001
f 3002/3002 3003/3003 3004/3004
f 3003/3003 3002/3002 3005/3005
f 3006/3006 3007/3007 3008/3008
f 3007/3007 3006/3006 3009/3009
f 3010/3010 3011/3011 3012/3012
f 3011/3011 3010/3010 3013/3013
f 3013/3013 3010/3010 3014/3014
f 3014/3014 3010/3010 3015/3015
f 3013/3013 3016/3016 3017/3017
f 3016/3016 3013/3013 3014/3014
f 3018/3018 3019/3019 3020/3020
f 3019/3019 3018/3018 3021/3021
f 3022/3022 3023/3023 3024/3024
f 3023/3023 3022/3022 3025/3025
f 3025/3025 3022/3022 3026/3026
f 3026/3026 3022/3022 3027/3027
f 3025/3025 3028/3028 3029/3029
f 3028/3028 3025/3025 3026/3026
f 3030/3030 3008/3008 3031/3031
f 3008/3008 3030/3030 3006/3006
f 3032/3032 3031/3031 3033/3033
f 3031/3031 3032/3032 3030/3030
f 3034/3034 3035/3035 3036/3036
f 3035/3035 3034/3034 3037/3037
f 3038/3038 3039/3039 3040/3040
f 3039/3039 3038/3038 3041/3041
f 3020/3020 3041/3041 3038/3038
f 3041/3041 3020/3020 3019/3019
f 3042/3042 3043/3043 3044/3044
f 3043/3043 3042/3042 3045/3045
f 3046/3046 3047/3047 3048/3048
f 3047/3047 3046/3046 3049/3049
f 3050/3050 3051/3051 3052/3052
f 3051/3051 3050/3050 3053/3053
f 3054/3054 3055/3055 3056/3056
f 3055/3055 3054/3054 3057/3057
f 3057/3057 3054/3054 3058/3058
f 3057/3057 3058/3058 3059/3059
f 3060/3060 3061/3061 3062/3062
f 3061/3061 3060/3060 3063/3063
f 3064/3064 3065/3065 3066/3066
f 3067/3067 3050/3050 3052/3052
f 3050/3050 3067/3067 3068/3068
f 3069/3069 3070/3070 3071/3071
f 3070/3070 3069/3069 3072/3072
f 3073/3073 3074/3074 3075/3075
f 3074/3074 3073/3073 3076/3076
f 3066/3066 3065/3065 3077/3077
f 3078/3078 3079/3079 3080/3080
f 3079/3079 3078/3078 3081/3081
f 3082/3082 3083/3083 3084/3084
f 3083/3083 3082/3082 3085/3085
f 3086/3086 3087/3087 3088/3088
f 3087/3087 3086/3086 3089/3089
f 3090/3090 3091/3091 3092/3092
f 3091/3091 3090/3090 3093/3093
f 3094/3094 3095/3095 3096/3096
f 3095/3095 3094/3094 3097/3097
f 3098/3098 3099/3099 3100/3100
f 3099/3099 3098/3098 3101/3101
f 3102/3102 3103/3103 3104/3104
f 3103/3103 3102/3102 3105/3105
f 3106/3106 3107/3107 3108/3108
f 3107/3107 3106/3106 3109/3109
f 3110/3110 3111/3111 3112/3112
f 3111/3111 3110/3110 3113/3113
f 3114/3114 3115/3115 3116/3116
f 3115/3115 3114/3114 3117/3117
f 3118/3118 3119/3119 3120/3120
f 3119/3119 3118/3118 3121/3121
f 3122/3122 3123/3123 3124/3124
f 3123/3123 3122/3122 3125/3125
f 3126/3126 3127/3127 3128/3128
f 3127/3127 3126/3126 3129/3129
f 3130/3130 3131/3131 3132/3132
f 3131/3131 3130/3130 3133/3133
f 3134/3134 3135/3135 3136/3136
f 3135/3135 3134/3134 3137/3137
f 3138/3138 3139/3139 3140/3140
f 3139/3139 3138/3138 3141/3141
f 3142/3142 3143/3143 3144/3144
f 3143/3143 3142/3142 3145/3145
f 3146/3146 3147/3147 3148/3148
f 3147/3147 3146/3146 3149/3149
f 3150/3150 3151/3151 3152/3152
f 3151/3151 3150/3150 3153/3153
f 3154/3154 3155/3155 3156/3156
f 3155/3155 3154/3154 3157/3157
f 3158/3158 3159/3159 3160/3160
f 3159/3159 3158/3158 3161/3161
f 3161/3161 3162/3162 3163/3163
f 3162/3162 3161/3161 3158/3158
f 3162/3162 3158/3158 3164/3164
f 3162/3162 3164/3164 3165/3165
f 3166/3166 3167/3167 3168/3168
f 3167/3167 3166/3166 3169/3169
f 3170/3170 3171/3171 3172/3172
f 3171/3171 3170/3170 3173/3173
f 3173/3173 3174/3174 3175/3175
f 3174/3174 3173/3173 3170/3170
f 3174/3174 3170/3170 3176/3176
f 3174/3174 3176/3176 3177/3177
f 3178/3178 3157/3157 3154/3154
f 3157/3157 3178/3178 3179/3179
f 3180/3180 3179/3179 3178/3178
f 3179/3179 3180/3180 3181/3181
f 3182/3182 3183/3183 3184/3184
f 3183/3183 3182/3182 3185/3185
f 3186/3186 3187/3187 3188/3188
f 3187/3187 3186/3186 3189/3189
f 3169/3169 3188/3188 3167/3167
f 3188/3188 3169/3169 3186/3186
f 3190/3190 3191/3191 3192/3192
f 3191/3191 3190/3190 3193/3193
f 3194/3194 3195/3195 3196/3196
f 3195/3195 3194/3194 3197/3197
f 3198/3198 3199/3199 3200/3200
f 3199/3199 3198/3198 3201/3201
f 3202/3202 3203/3203 3204/3204
f 3203/3203 3202/3202 3205/3205
f 3206/3206 3207/3207 3208/3208
f 3207/3207 3206/3206 3209/3209
f 3210/3210 3211/3211 3212/3212
f 3211/3211 3210/3210 3213/3213
f 3214/3214 3215/3215 3216/3216
f 3215/3215 3214/3214 3217/3217
f 3218/3218 3219/3219 3220/3220
f 3219/3219 3218/3218 3221/3221
f 3222/3222 3223/3223 3224/3224
f 3223/3223 3222/3222 3225/3225
f 3226/3226 3227/3227 3228/3228
f 3227/3227 3226/3226 3229/3229
f 3230/3230 3231/3231 3232/3232
f 3231/3231 3230/3230 3233/3233
f 3234/3234 3235/3235 3236/3236
f 3235/3235 3234/3234 3237/3237
f 3238/3238 3239/3239 3240/3240
f 3239/3239 3238/3238 3241/3241
f 3242/3242 3243/3243 3244/3244
f 3243/3243 3242/3242 3245/3245
f 3246/3246 3247/3247 3248/3248
f 3247/3247 3246/3246 3249/3249
f 3250/3250 3251/3251 3252/3252
f 3251/3251 3250/3250 3253/3253
f 3254/3254 3255/3255 3256/3256
f 3255/3255 3254/3254 3257/3257
f 3258/3258 3259/3259 3260/3260
f 3259/3259 3258/3258 3261/3261
f 3262/3262 3263/3263 3264/3264
f 3263/3263 3262/3262 3265/3265
f 3266/3266 3267/3267 3268/3268
f 3269/3269 3270/3270 3271/3271
f 3270/3270 3269/3269 3267/3267
f 3267/3267 3269/3269 3272/3272
f 3267/3267 3272/3272 3268/3268
f 3272/3272 3269/3269 3273/3273
f 3264/3264 3274/3274 3275/3275
f 3274/3274 3264/3264 3263/3263
f 3276/3276 3277/3277 3278/3278
f 3279/3279 3280/3280 3281/3281
f 3280/3280 3279/3279 3278/3278
f 3280/3280 3278/3278 3282/3282
f 3282/3282 3278/3278 3277/3277
f 3280/3280 3282/3282 3283/3283
f 3284/3284 3285/3285 3286/3286
f 3285/3285 3284/3284 3287/3287
f 3288/3288 3289/3289 3290/3290
f 3289/3289 3288/3288 3291/3291
f 3292/3292 3293/3293 3294/3294
f 3293/3293 3292/3292 3295/3295
f 3275/3275 3296/3296 3297/3297
f 3296/3296 3275/3275 3274/3274
f 3298/3298 3299/3299 3300/3300
f 3299/3299 3298/3298 3301/3301
f 3300/3300 3302/3302 3303/3303
f 3302/3302 3300/3300 3299/3299
f 3304/3304 3305/3305 3306/3306
f 3305/3305 3304/3304 3307/3307
f 3308/3308 3309/3309 3310/3310
f 3309/3309 3308/3308 3311/3311
f 3312/3312 3313/3313 3314/3314
f 3313/3313 3312/3312 3315/3315
f 3316/3316 3317/3317 3318/3318
f 3317/3317 3316/3316 3319/3319
f 3320/3320 3321/3321 3322/3322
f 3321/3321 3320/3320 3323/3323
f 3324/3324 3325/3325 3326/3326
f 3325/3325 3324/3324 3327/3327
f 3328/3328 3329/3329 3330/3330
f 3329/3329 3328/3328 3331/3331
f 3332/3332 3333/3333 3334/3334
f 3333/3333 3332/3332 3335/3335
f 3336/3336 3337/3337 3338/3338
f 3337/3337 3336/3336 3339/3339
f 3340/3340 3341/3341 3342/3342
f 3341/3341 3340/3340 3343/3343
f 3344/3344 3345/3345 3346/3346
f 3345/3345 3344/3344 3347/3347
f 3348/3348 3349/3349 3350/3350
f 3349/3349 3348/3348 3351/3351
f 3352/3352 3353/3353 3354/3354
f 3353/3353 3352/3352 3355/3355
f 3356/3356 3357/3357 3358/3358
f 3359/3359 3360/3360 3361/3361
f 3360/3360 3359/3359 3357/3357
f 3357/3357 3359/3359 3362/3362
f 3357/3357 3362/3362 3358/3358
f 3362/3362 3359/3359 3363/3363
f 3354/3354 3364/3364 3365/3365
f 3364/3364 3354/3354 3353/3353
f 3366/3366 3367/3367 3368/3368
f 3369/3369 3370/3370 3371/3371
f 3370/3370 3369/3369 3368/3368
f 3370/3370 3368/3368 3372/3372
f 3372/3372 3368/3368 3367/3367
f 3370/3370 3372/3372 3373/3373
f 3374/3374 3375/3375 3376/3376
f 3375/3375 3374/3374 3377/3377
f 3378/3378 3379/3379 3380/3380
f 3379/3379 3378/3378 3381/3381
f 3382/3382 3383/3383 3384/3384
f 3383/3383 3382/3382 3385/3385
f 3365/3365 3386/3386 3387/3387
f 3386/3386 3365/3365 3364/3364
f 3388/3388 3389/3389 3390/3390
f 3389/3389 3388/3388 3391/3391
f 3390/3390 3392/3392 3393/3393
f 3392/3392 3390/3390 3389/3389
f 3394/3394 3395/3395 3396/3396
f 3395/3395 3394/3394 3397/3397
f 3398/3398 3399/3399 3400/3400
f 3399/3399 3398/3398 3401/3401
f 3402/3402 3403/3403 3404/3404
f 3403/3403 3402/3402 3405/3405
f 3406/3406 3407/3407 3408/3408
f 3407/3407 3406/3406 3409/3409
f 3410/3410 3411/3411 3412/3412
f 3411/3411 3410/3410 3413/3413
f 3414/3414 3415/3415 3416/3416
f 3415/3415 3414/3414 3417/3417
f 3418/3418 3419/3419 3420/3420
f 3419/3419 3418/3418 3421/3421
f 3422/3422 3423/3423 3424/3424
f 3423/3423 3422/3422 3425/3425
f 3426/3426 3427/3427 3428/3428
f 3427/3427 3426/3426 3429/3429
f 3430/3430 3431/3431 3432/3432
f 3431/3431 3430/3430 3433/3433
f 3434/3434 3435/3435 3436/3436
f 3435/3435 3434/3434 3437/3437
f 3438/3438 3439/3439 3440/3440
f 3439/3439 3438/3438 3441/3441
f 3442/3442 3443/3443 3444/3444
f 3443/3443 3442/3442 3445/3445
f 3446/3446 3447/3447 3448/3448
f 3447/3447 3446/3446 3449/3449
f 3450/3450 3451/3451 3452/3452
f 3451/3451 3450/3450 3453/3453
f 3454/3454 3455/3455 3456/3456
f 3455/3455 3454/3454 3457/3457
f 3458/3458 3459/3459 3460/3460
f 3459/3459 3458/3458 3461/3461
f 3462/3462 3463/3463 3464/3464
f 3463/3463 3462/3462 3465/3465
f 3466/3466 3467/3467 3468/3468
f 3467/3467 3466/3466 3469/3469
f 3470/3470 3471/3471 3472/3472
f 3471/3471 3470/3470 3473/3473
f 3474/3474 3475/3475 3476/3476
f 3475/3475 3474/3474 3477/3477
f 3478/3478 3479/3479 3480/3480
f 3479/3479 3478/3478 3481/3481
f 3482/3482 3483/3483 3484/3484
f 3483/3483 3482/3482 3485/3485
f 3486/3486 3487/3487 3488/3488
f 3487/3487 3486/3486 3489/3489
f 3490/3490 3491/3491 3492/3492
f 3491/3491 3490/3490 3493/3493
f 3494/3494 3495/3495 3496/3496
f 3495/3495 3494/3494 3497/3497
f 3498/3498 3499/3499 3500/3500
f 3499/3499 3498/3498 3501/3501
f 3502/3502 3503/3503 3504/3504
f 3503/3503 3502/3502 3505/3505
f 3506/3506 3507/3507 3508/3508
f 3507/3507 3506/3506 3509/3509
f 3510/3510 3511/3511 3512/3512
f 3511/3511 3510/3510 3513/3513
f 3514/3514 3515/3515 3516/3516
f 3515/3515 3514/3514 3517/3517
f 3517/3517 3514/3514 3518/3518
f 3517/3517 3518/3518 3519/3519
f 3519/3519 3518/3518 3520/3520
f 3519/3519 3520/3520 3521/3521
f 3521/3521 3520/3520 3522/3522
f 3521/3521 3522/3522 3523/3523
f 3523/3523 3522/3522 3524/3524
f 3523/3523 3524/3524 3525/3525
f 3526/3526 3527/3527 3528/3528
f 3527/3527 3526/3526 3529/3529
f 3530/3530 3531/3531 3532/3532
f 3533/3533 3534/3534 3535/3535
f 3534/3534 3533/3533 3536/3536
f 3536/3536 3533/3533 3537/3537
f 3536/3536 3537/3537 3538/3538
f 3538/3538 3537/3537 3539/3539
f 3538/3538 3539/3539 3540/3540
f 3541/3541 3542/3542 3543/3543
f 3542/3542 3541/3541 3544/3544
f 3545/3545 3546/3546 3547/3547
f 3546/3546 3545/3545 3548/3548
f 3548/3548 3545/3545 3549/3549
f 3548/3548 3549/3549 3550/3550
f 3550/3550 3549/3549 3551/3551
f 3550/3550 3551/3551 3552/3552
f 3553/3553 3554/3554 3555/3555
f 3553/3553 3556/3556 3554/3554
f 3556/3556 3553/3553 3557/3557
f 3558/3558 3559/3559 3560/3560
f 3561/3561 3562/3562 3563/3563
f 3562/3562 3561/3561 3564/3564
f 3565/3565 3566/3566 3567/3567
f 3566/3566 3565/3565 3568/3568
f 3568/3568 3541/3541 3566/3566
f 3541/3541 3568/3568 3544/3544
f 3557/3557 3569/3569 3556/3556
f 3570/3570 3571/3571 3572/3572
f 3571/3571 3570/3570 3573/3573
f 3573/3573 3570/3570 3574/3574
f 3573/3573 3574/3574 3575/3575
f 3575/3575 3574/3574 3576/3576
f 3575/3575 3576/3576 3577/3577
f 3577/3577 3576/3576 3578/3578
f 3577/3577 3578/3578 3579/3579
f 3579/3579 3578/3578 3580/3580
f 3579/3579 3580/3580 3581/3581
f 3582/3582 3583/3583 3584/3584
f 3583/3583 3582/3582 3585/3585
f 3586/3586 3585/3585 3582/3582
f 3585/3585 3586/3586 3587/3587
f 3588/3588 3589/3589 3590/3590
f 3589/3589 3588/3588 3591/3591
f 3592/3592 3593/3593 3594/3594
f 3593/3593 3592/3592 3595/3595
f 3596/3596 3597/3597 3598/3598
f 3597/3597 3596/3596 3599/3599
f 3600/3600 3601/3601 3602/3602
f 3601/3601 3600/3600 3603/3603
f 3604/3604 3602/3602 3605/3605
f 3602/3602 3604/3604 3600/3600
f 3606/3606 3605/3605 3607/3607
f 3605/3605 3606/3606 3604/3604
f 3608/3608 3609/3609 3610/3610
f 3609/3609 3608/3608 3611/3611
f 3612/3612 3613/3613 3614/3614
f 3613/3613 3612/3612 3615/3615
f 3616/3616 3617/3617 3618/3618
f 3617/3617 3616/3616 3619/3619
f 3584/3584 3620/3620 3621/3621
f 3620/3620 3584/3584 3583/3583
f 3622/3622 3623/3623 3624/3624
f 3623/3623 3622/3622 3625/3625
f 3626/3626 3627/3627 3628/3628
f 3627/3627 3629/3629 3630/3630
f 3629/3629 3627/3627 3626/3626
f 3629/3629 3626/3626 3631/3631
f 3632/3632 3633/3633 3634/3634
f 3633/3633 3632/3632 3635/3635
f 3636/3636 3637/3637 3638/3638
f 3637/3637 3636/3636 3639/3639
f 3639/3639 3636/3636 3640/3640
f 3639/3639 3641/3641 3637/3637
f 3642/3642 3643/3643 3644/3644
f 3643/3643 3642/3642 3645/3645
f 3646/3646 3647/3647 3648/3648
f 3647/3647 3646/3646 3649/3649
f 3650/3650 3651/3651 3652/3652
f 3651/3651 3650/3650 3653/3653
f 3633/3633 3654/3654 3634/3634
f 3655/3655 3656/3656 3657/3657
f 3658/3658 3659/3659 3660/3660
f 3659/3659 3658/3658 3661/3661
f 3662/3662 3663/3663 3664/3664
f 3663/3663 3662/3662 3665/3665
f 3663/3663 3665/3665 3666/3666
f 3665/3665 3662/3662 3667/3667
f 3666/3666 3665/3665 3668/3668
f 3669/3669 3670/3670 3671/3671
f 3670/3670 3669/3669 3672/3672
f 3673/3673 3674/3674 3675/3675
f 3674/3674 3673/3673 3676/3676
f 3676/3676 3673/3673 3677/3677
f 3674/3674 3676/3676 3678/3678
f 3676/3676 3677/3677 3679/3679
f 3680/3680 3681/3681 3682/3682
f 3681/3681 3680/3680 3683/3683
f 3684/3684 3685/3685 3686/3686
f 3685/3685 3684/3684 3687/3687
f 3688/3688 3689/3689 3690/3690
f 3689/3689 3688/3688 3691/3691
f 3692/3692 3693/3693 3694/3694
f 3693/3693 3692/3692 3695/3695
f 3696/3696 3672/3672 3669/3669
f 3672/3672 3696/3696 3697/3697
f 3698/3698 3699/3699 3700/3700
f 3699/3699 3698/3698 3701/3701
f 3702/3702 3703/3703 3704/3704
f 3703/3703 3702/3702 3705/3705
f 3706/3706 3707/3707 3708/3708
f 3707/3707 3706/3706 3709/3709
f 3710/3710 3711/3711 3712/3712
f 3711/3711 3710/3710 3713/3713
f 3714/3714 3715/3715 3716/3716
f 3715/3715 3714/3714 3717/3717
f 3718/3718 3719/3719 3720/3720
f 3719/3719 3718/3718 3721/3721
f 3722/3722 3723/3723 3724/3724
f 3723/3723 3722/3722 3725/3725
f 3725/3725 3722/3722 3726/3726
f 3725/3725 3726/3726 3727/3727
f 3727/3727 3726/3726 3728/3728
f 3727/3727 3728/3728 3729/3729
f 3729/3729 3728/3728 3730/3730
f 3729/3729 3730/3730 3731/3731
f 3731/3731 3730/3730 3732/3732
f 3731/3731 3732/3732 3733/3733
f 3734/3734 3735/3735 3736/3736
f 3735/3735 3734/3734 3737/3737
f 3738/3738 3739/3739 3740/3740
f 3741/3741 3742/3742 3743/3743
f 3742/3742 3741/3741 3744/3744
f 3744/3744 3741/3741 3745/3745
f 3744/3744 3745/3745 3746/3746
f 3746/3746 3745/3745 3747/3747
f 3746/3746 3747/3747 3748/3748
f 3749/3749 3751/3751 3752/3752
f 3751/3751 3749/3749 3753/3753
f 3755/3755 3756/3756 3757/3757
f 3756/3756 3755/3755 3758/3758
f 3758/3758 3755/3755 3759/3759
f 3758/3758 3759/3759 3760/3760
f 3760/3760 3759/3759 3761/3761
f 3760/3760 3761/3761 3762/3762
f 3763/3763 3764/3764 3765/3765
f 3763/3763 3766/3766 3764/3764
f 3766/3766 3763/3763 3767/3767
f 3768/3768 3769/3769 3770/3770
f 3771/3771 3772/3772 3773/3773
f 3772/3772 3771/3771 3774/3774
f 3775/3775 3776/3776 3777/3777
f 3775/3775 3750/3750 3776/3776
f 3750/3750 3775/3775 3754/3754
f 3778/3778 3779/3779 3780/3780
f 3767/3767 3781/3781 3766/3766
f 3782/3782 3783/3783 3784/3784
f 3783/3783 3782/3782 3785/3785
f 3786/3786 3787/3787 3788/3788
f 3787/3787 3786/3786 3789/3789
f 3790/3790 3791/3791 3792/3792
f 3791/3791 3790/3790 3794/3794
f 3795/3795 3796/3796 3797/3797
f 3796/3796 3795/3795 3798/3798
f 3798/3798 3795/3795 3799/3799
f 3798/3798 3800/3800 3796/3796
f 3801/3801 3802/3802 3803/3803
f 3802/3802 3801/3801 3804/3804
f 3805/3805 3806/3806 3807/3807
f 3806/3806 3805/3805 3808/3808
f 3791/3791 3809/3809 3793/3793
f 3810/3810 3811/3811 3812/3812
f 3813/3813 3814/3814 3815/3815
f 3814/3814 3813/3813 3816/3816
f 3817/3817 3818/3818 3819/3819
f 3818/3818 3817/3817 3820/3820
f 3821/3821 3822/3822 3823/3823
f 3822/3822 3821/3821 3824/3824
f 3824/3824 3821/3821 3825/3825
f 3824/3824 3825/3825 3826/3826
f 3826/3826 3825/3825 3827/3827
f 3826/3826 3827/3827 3828/3828
f 3828/3828 3827/3827 3829/3829
f 3828/3828 3829/3829 3830/3830
f 3830/3830 3829/3829 3831/3831
f 3830/3830 3831/3831 3832/3832
f 3833/3833 3834/3834 3835/3835
f 3834/3834 3833/3833 3836/3836
f 3837/3837 3835/3835 3838/3838
f 3835/3835 3837/3837 3833/3833
f 3839/3839 3840/3840 3841/3841
f 3840/3840 3839/3839 3842/3842
f 3843/3843 3844/3844 3845/3845
f 3844/3844 3843/3843 3846/3846
f 3847/3847 3848/3848 3849/3849
f 3848/3848 3847/3847 3850/3850
f 3851/3851 3852/3852 3853/3853
f 3852/3852 3851/3851 3854/3854
f 3855/3855 3854/3854 3851/3851
f 3854/3854 3855/3855 3856/3856
f 3857/3857 3856/3856 3855/3855
f 3856/3856 3857/3857 3858/3858
f 3859/3859 3860/3860 3861/3861
f 3860/3860 3859/3859 3862/3862
f 3863/3863 3864/3864 3865/3865
f 3864/3864 3863/3863 3866/3866
f 3867/3867 3868/3868 3869/3869
f 3868/3868 3867/3867 3870/3870
f 3836/3836 3871/3871 3834/3834
f 3871/3871 3836/3836 3872/3872
f 3873/3873 3874/3874 3875/3875
f 3874/3874 3873/3873 3876/3876
f 3877/3877 3878/3878 3879/3879
f 3878/3878 3877/3877 3880/3880
f 3881/3881 3882/3882 3883/3883
f 3882/3882 3881/3881 3884/3884
f 3885/3885 3886/3886 3887/3887
f 3886/3886 3885/3885 3888/3888
f 3889/3889 3890/3890 3891/3891
f 3890/3890 3889/3889 3892/3892
f 3893/3893 3894/3894 3895/3895
f 3894/3894 3893/3893 3896/3896
f 3897/3897 3898/3898 3899/3899
f 3898/3898 3897/3897 3900/3900
f 3901/3901 3902/3902 3903/3903
f 3902/3902 3901/3901 3904/3904
f 3905/3905 3906/3906 3907/3907
f 3906/3906 3905/3905 3908/3908
f 3909/3909 3910/3910 3911/3911
f 3910/3910 3909/3909 3912/3912
f 3913/3913 3914/3914 3915/3915
f 3914/3914 3913/3913 3916/3916
f 3917/3917 3918/3918 3919/3919
f 3918/3918 3917/3917 3920/3920
f 3921/3921 3922/3922 3923/3923
f 3922/3922 3921/3921 3924/3924
f 3925/3925 3926/3926 3927/3927
f 3926/3926 3925/3925 3928/3928
f 3926/3926 3928/3928 3929/3929
f 3929/3929 3928/3928 3930/3930
f 3929/3929 3931/3931 3926/3926
f 3932/3932 3933/3933 3934/3934
f 3933/3933 3932/3932 3935/3935
f 3936/3936 3937/3937 3938/3938
f 3937/3937 3939/3939 3940/3940
f 3939/3939 3937/3937 3941/3941
f 3941/3941 3937/3937 3936/3936
f 3941/3941 3936/3936 3942/3942
f 3943/3943 3944/3944 3945/3945
f 3944/3944 3943/3943 3946/3946
f 3947/3947 3948/3948 3949/3949
f 3948/3948 3947/3947 3950/3950
f 3951/3951 3952/3952 3953/3953
f 3952/3952 3951/3951 3954/3954
f 3955/3955 3956/3956 3957/3957
f 3956/3956 3955/3955 3958/3958
f 3959/3959 3935/3935 3932/3932
f 3935/3935 3959/3959 3960/3960
f 3961/3961 3962/3962 3963/3963
f 3962/3962 3961/3961 3964/3964
f 3965/3965 3966/3966 3967/3967
f 3966/3966 3965/3965 3968/3968
f 3966/3966 3968/3968 3969/3969
f 3968/3968 3965/3965 3970/3970
f 3969/3969 3968/3968 3971/3971
f 3972/3972 3973/3973 3974/3974
f 3973/3973 3972/3972 3975/3975
f 3976/3976 3977/3977 3978/3978
f 3977/3977 3976/3976 3979/3979
f 3979/3979 3976/3976 3980/3980
f 3977/3977 3979/3979 3981/3981
f 3979/3979 3980/3980 3982/3982
f 3983/3983 3984/3984 3985/3985
f 3984/3984 3983/3983 3986/3986
f 3987/3987 3988/3988 3989/3989
f 3988/3988 3987/3987 3990/3990
f 3991/3991 3992/3992 3993/3993
f 3992/3992 3991/3991 3994/3994
f 3995/3995 3996/3996 3997/3997
f 3996/3996 3995/3995 3998/3998
f 3999/3999 3975/3975 3972/3972
f 3975/3975 3999/3999 4000/4000
f 4001/4001 4002/4002 4003/4003
f 4002/4002 4001/4001 4004/4004
f 4005/4005 4006/4006 4007/4007
f 4008/4008 4009/4009 4010/4010
f 4009/4009 4008/4008 4011/4011
f 4011/4011 4012/4012 4013/4013
f 4012/4012 4011/4011 4008/4008
f 4012/4012 4008/4008 4014/4014
f 4012/4012 4014/4014 4015/4015
f 4016/4016 4017/4017 4018/4018
f 4017/4017 4016/4016 4019/4019
f 4020/4020 4021/4021 4022/4022
f 4021/4021 4020/4020 4023/4023
f 4023/4023 4024/4024 4025/4025
f 4024/4024 4023/4023 4020/4020
f 4024/4024 4020/4020 4026/4026
f 4024/4024 4026/4026 4027/4027
f 4028/4028 4029/4029 4030/4030
f 4031/4031 4028/4028 4030/4030
f 4028/4028 4031/4031 4032/4032
f 4033/4033 4034/4034 4035/4035
f 4036/4036 4037/4037 4038/4038
f 4037/4037 4036/4036 4039/4039
f 4040/4040 4041/4041 4042/4042
f 4041/4041 4040/4040 4043/4043
f 4019/4019 4042/4042 4017/4017
f 4042/4042 4019/4019 4040/4040
f 4044/4044 4032/4032 4031/4031
f 4045/4045 4046/4046 4047/4047
f 4046/4046 4045/4045 4048/4048
f 4049/4049 4050/4050 4051/4051
f 4050/4050 4049/4049 4052/4052
f 4053/4053 4054/4054 4055/4055
f 4054/4054 4053/4053 4056/4056
f 4057/4057 4058/4058 4059/4059
f 4058/4058 4057/4057 4060/4060
f 4061/4061 4062/4062 4063/4063
f 4062/4062 4061/4061 4064/4064
f 4065/4065 4066/4066 4067/4067
f 4066/4066 4065/4065 4068/4068
f 4069/4069 4070/4070 4071/4071
f 4070/4070 4069/4069 4072/4072
f 4072/4072 4069/4069 4073/4073
f 4072/4072 4073/4073 4074/4074
f 4074/4074 4073/4073 4075/4075
f 4074/4074 4075/4075 4076/4076
f 4076/4076 4075/4075 4077/4077
f 4076/4076 4077/4077 4078/4078
f 4078/4078 4077/4077 4079/4079
f 4078/4078 4079/4079 4080/4080
f 4081/4081 4082/4082 4083/4083
f 4082/4082 4081/4081 4084/4084
f 4082/4082 4085/4085 4086/4086
f 4085/4085 4082/4082 4084/4084
f 4087/4087 4088/4088 4089/4089
f 4088/4088 4087/4087 4090/4090
f 4091/4091 4092/4092 4093/4093
f 4092/4092 4091/4091 4094/4094
f 4095/4095 4096/4096 4097/4097
f 4096/4096 4095/4095 4098/4098
f 4099/4099 4100/4100 4101/4101
f 4100/4100 4099/4099 4102/4102
f 4100/4100 4103/4103 4101/4101
f 4103/4103 4100/4100 4104/4104
f 4104/4104 4105/4105 4103/4103
f 4105/4105 4104/4104 4106/4106
f 4107/4107 4108/4108 4109/4109
f 4108/4108 4107/4107 4110/4110
f 4111/4111 4112/4112 4113/4113
f 4112/4112 4111/4111 4114/4114
f 4115/4115 4116/4116 4117/4117
f 4116/4116 4115/4115 4118/4118
f 4119/4119 4083/4083 4120/4120
f 4083/4083 4119/4119 4081/4081
f 4121/4121 4122/4122 4123/4123
f 4122/4122 4121/4121 4124/4124
f 4125/4125 4126/4126 4127/4127
f 4126/4126 4125/4125 4128/4128
f 4129/4129 4130/4130 4131/4131
f 4130/4130 4129/4129 4132/4132
f 4133/4133 4134/4134 4135/4135
f 4134/4134 4133/4133 4136/4136
f 4137/4137 4138/4138 4139/4139
f 4138/4138 4137/4137 4140/4140
f 4141/4141 4142/4142 4143/4143
f 4142/4142 4141/4141 4144/4144
f 4145/4145 4146/4146 4147/4147
f 4146/4146 4145/4145 4148/4148
f 4149/4149 4150/4150 4151/4151
f 4150/4150 4149/4149 4152/4152
f 4153/4153 4154/4154 4155/4155
f 4154/4154 4153/4153 4156/4156
f 4158/4158 4159/4159 4160/4160
f 4159/4159 4158/4158 4161/4161
f 4161/4161 4158/4158 4162/4162
f 4163/4163 4164/4164 4165/4165
f 4164/4164 4166/4166 4167/4167
f 4166/4166 4164/4164 4163/4163
f 4168/4168 4169/4169 4170/4170
f 4169/4169 4168/4168 4171/4171
f 4157/4157 4153/4153 4172/4172
f 4173/4173 4174/4174 4175/4175
f 4176/4176 4177/4177 4178/4178
f 4177/4177 4176/4176 4179/4179
f 4180/4180 4181/4181 4182/4182
f 4181/4181 4180/4180 4183/4183
f 4183/4183 4180/4180 4184/4184
f 4183/4183 4184/4184 4185/4185
f 4185/4185 4184/4184 4186/4186
f 4185/4185 4186/4186 4187/4187
f 4187/4187 4186/4186 4188/4188
f 4187/4187 4188/4188 4189/4189
f 4189/4189 4188/4188 4190/4190
f 4189/4189 4190/4190 4191/4191
f 4192/4192 4193/4193 4194/4194
f 4193/4193 4192/4192 4195/4195
f 4196/4196 4197/4197 4198/4198
f 4197/4197 4196/4196 4199/4199
f 4200/4200 4201/4201 4202/4202
f 4201/4201 4200/4200 4203/4203
f 4203/4203 4204/4204 4205/4205
f 4204/4204 4203/4203 4200/4200
f 4204/4204 4200/4200 4206/4206
f 4204/4204 4206/4206 4207/4207
f 4208/4208 4209/4209 4210/4210
f 4209/4209 4208/4208 4211/4211
f 4212/4212 4213/4213 4214/4214
f 4213/4213 4212/4212 4215/4215
f 4215/4215 4216/4216 4217/4217
f 4216/4216 4215/4215 4212/4212
f 4216/4216 4212/4212 4218/4218
f 4216/4216 4218/4218 4219/4219
f 4220/4220 4199/4199 4196/4196
f 4199/4199 4220/4220 4221/4221
f 4222/4222 4221/4221 4220/4220
f 4221/4221 4222/4222 4223/4223
f 4224/4224 4225/4225 4226/4226
f 4225/4225 4224/4224 4227/4227
f 4228/4228 4229/4229 4230/4230
f 4229/4229 4228/4228 4231/4231
f 4211/4211 4230/4230 4209/4209
f 4230/4230 4211/4211 4228/4228
f 4232/4232 4233/4233 4234/4234
f 4233/4233 4232/4232 4235/4235
f 4236/4236 4237/4237 4238/4238
f 4237/4237 4236/4236 4239/4239
f 4239/4239 4236/4236 4240/4240
f 4239/4239 4240/4240 4241/4241
f 4239/4239 4241/4241 4242/4242
f 4235/4235 4243/4243 4233/4233
f 4243/4243 4235/4235 4244/4244
f 4245/4245 4246/4246 4247/4247
f 4246/4246 4245/4245 4248/4248
f 4248/4248 4245/4245 4249/4249
f 4249/4249 4245/4245 4250/4250
f 4249/4249 4250/4250 4251/4251
f 4252/4252 4253/4253 4254/4254
f 4253/4253 4252/4252 4255/4255
f 4256/4256 4257/4257 4258/4258
f 4257/4257 4256/4256 4259/4259
f 4260/4260 4261/4261 4262/4262
f 4261/4261 4260/4260 4263/4263
f 4244/4244 4264/4264 4243/4243
f 4264/4264 4244/4244 4265/4265
f 4258/4258 4266/4266 4267/4267
f 4266/4266 4258/4258 4257/4257
f 4268/4268 4269/4269 4270/4270
f 4269/4269 4268/4268 4271/4271
f 4272/4272 4273/4273 4274/4274
f 4273/4273 4272/4272 4275/4275
f 4276/4276 4277/4277 4278/4278
f 4277/4277 4276/4276 4279/4279
f 4280/4280 4281/4281 4282/4282
f 4281/4281 4280/4280 4283/4283
f 4284/4284 4285/4285 4286/4286
f 4285/4285 4284/4284 4287/4287
f 4288/4288 4289/4289 4290/4290
f 4289/4289 4288/4288 4291/4291
f 4292/4292 4293/4293 4294/4294
f 4293/4293 4292/4292 4295/4295
f 4296/4296 4297/4297 4298/4298
f 4297/4297 4296/4296 4299/4299
f 4297/4297 4299/4299 4300/4300
f 4299/4299 4296/4296 4301/4301
f 4300/4300 4299/4299 4302/4302
f 4303/4303 4304/4304 4305/4305
f 4304/4304 4303/4303 4306/4306
f 4307/4307 4308/4308 4309/4309
f 4308/4308 4307/4307 4310/4310
f 4310/4310 4307/4307 4311/4311
f 4308/4308 4310/4310 4312/4312
f 4310/4310 4311/4311 4313/4313
f 4314/4314 4315/4315 4316/4316
f 4315/4315 4314/4314 4317/4317
f 4318/4318 4319/4319 4320/4320
f 4319/4319 4318/4318 4321/4321
f 4322/4322 4323/4323 4324/4324
f 4323/4323 4322/4322 4325/4325
f 4326/4326 4327/4327 4328/4328
f 4327/4327 4326/4326 4329/4329
f 4330/4330 4306/4306 4303/4303
f 4306/4306 4330/4330 4331/4331
f 4332/4332 4333/4333 4334/4334
f 4333/4333 4332/4332 4335/4335
f 4336/4336 4337/4337 4338/4338
f 4337/4337 4336/4336 4339/4339
f 4337/4337 4339/4339 4340/4340
f 4340/4340 4339/4339 4341/4341
f 4340/4340 4342/4342 4337/4337
f 4343/4343 4344/4344 4345/4345
f 4344/4344 4343/4343 4346/4346
f 4347/4347 4348/4348 4349/4349
f 4348/4348 4350/4350 4351/4351
f 4350/4350 4348/4348 4352/4352
f 4352/4352 4348/4348 4347/4347
f 4352/4352 4347/4347 4353/4353
f 4354/4354 4355/4355 4356/4356
f 4355/4355 4354/4354 4357/4357
f 4358/4358 4359/4359 4360/4360
f 4359/4359 4358/4358 4361/4361
f 4362/4362 4363/4363 4364/4364
f 4363/4363 4362/4362 4365/4365
f 4366/4366 4367/4367 4368/4368
f 4367/4367 4366/4366 4369/4369
f 4370/4370 4346/4346 4343/4343
f 4346/4346 4370/4370 4371/4371
f 4372/4372 4373/4373 4374/4374
f 4373/4373 4372/4372 4375/4375
f 4376/4376 4377/4377 4378/4378
f 4377/4377 4376/4376 4379/4379
f 4380/4380 4375/4375 4372/4372
f 4375/4375 4380/4380 4381/4381
f 4383/4383 4384/4384 4385/4385
f 4384/4384 4383/4383 4386/4386
f 4386/4386 4383/4383 4387/4387
f 4386/4386 4387/4387 4388/4388
f 4388/4388 4387/4387 4389/4389
f 4388/4388 4389/4389 4390/4390
f 4391/4391 4392/4392 4393/4393
f 4392/4392 4391/4391 4394/4394
f 4395/4395 4396/4396 4397/4397
f 4396/4396 4395/4395 4398/4398
f 4399/4399 4400/4400 4401/4401
f 4400/4400 4399/4399 4402/4402
f 4382/4382 4380/4380 4403/4403
f 4404/4404 4405/4405 4406/4406
f 4407/4407 4408/4408 4409/4409
f 4408/4408 4407/4407 4410/4410
f 4411/4411 4412/4412 4413/4413
f 4412/4412 4411/4411 4414/4414
f 4398/4398 4415/4415 4396/4396
f 4415/4415 4398/4398 4416/4416
f 4417/4417 4418/4418 4419/4419
f 4418/4418 4417/4417 4420/4420
f 4421/4421 4422/4422 4423/4423
f 4422/4422 4421/4421 4424/4424
f 4425/4425 4426/4426 4427/4427
f 4426/4426 4425/4425 4428/4428
f 4429/4429 4430/4430 4431/4431
f 4430/4430 4429/4429 4432/4432
f 4433/4433 4434/4434 4435/4435
f 4434/4434 4433/4433 4436/4436
f 4437/4437 4438/4438 4439/4439
f 4438/4438 4437/4437 4440/4440
f 4441/4441 4442/4442 4443/4443
f 4442/4442 4441/4441 4444/4444
f 4445/4445 4446/4446 4447/4447
f 4446/4446 4445/4445 4448/4448
f 4449/4449 4450/4450 4451/4451
f 4450/4450 4449/4449 4452/4452
f 4453/4453 4454/4454 4455/4455
f 4454/4454 4453/4453 4456/4456
f 4457/4457 4458/4458 4459/4459
f 4458/4458 4457/4457 4460/4460
f 4461/4461 4462/4462 4463/4463
f 4462/4462 4461/4461 4464/4464
f 4465/4465 4466/4466 4467/4467
f 4466/4466 4465/4465 4468/4468
f 4469/4469 4470/4470 4471/4471
f 4470/4470 4469/4469 4472/4472
f 4473/4473 4474/4474 4475/4475
f 4474/4474 4473/4473 4476/4476
f 4477/4477 4478/4478 4479/4479
f 4478/4478 4477/4477 4480/4480
f 4481/4481 4482/4482 4483/4483
f 4482/4482 4481/4481 4484/4484
f 4485/4485 4486/4486 4487/4487
f 4486/4486 4485/4485 4488/4488
f 4489/4489 4490/4490 4491/4491
f 4490/4490 4489/4489 4492/4492
f 4493/4493 4494/4494 4495/4495
f 4494/4494 4493/4493 4496/4496
f 4497/4497 4498/4498 4499/4499
f 4498/4498 4497/4497 4500/4500
f 4501/4501 4502/4502 4503/4503
f 4502/4502 4501/4501 4504/4504
f 4505/4505 4506/4506 4507/4507
f 4506/4506 4505/4505 4508/4508
f 4509/4509 4510/4510 4511/4511
f 4510/4510 4509/4509 4512/4512
f 4513/4513 4514/4514 4515/4515
f 4514/4514 4513/4513 4516/4516
f 4517/4517 4518/4518 4519/4519
f 4518/4518 4517/4517 4520/4520
f 4521/4521 4522/4522 4523/4523
f 4522/4522 4521/4521 4524/4524
f 4525/4525 4526/4526 4527/4527
f 4526/4526 4525/4525 4528/4528
f 4529/4529 4530/4530 4531/4531
f 4530/4530 4529/4529 4532/4532
f 4533/4533 4534/4534 4535/4535
f 4534/4534 4533/4533 4536/4536
f 4537/4537 4538/4538 4539/4539
f 4538/4538 4537/4537 4540/4540
f 4541/4541 4542/4542 4543/4543
f 4542/4542 4541/4541 4544/4544
f 4545/4545 4546/4546 4547/4547
f 4546/4546 4545/4545 4548/4548
f 4549/4549 4550/4550 4551/4551
f 4550/4550 4549/4549 4552/4552
f 4553/4553 4554/4554 4555/4555
f 4554/4554 4553/4553 4556/4556
f 4557/4557 4558/4558 4559/4559
f 4558/4558 4557/4557 4560/4560
f 4561/4561 4562/4562 4563/4563
f 4562/4562 4561/4561 4564/4564
f 4565/4565 4566/4566 4567/4567
f 4566/4566 4565/4565 4568/4568
f 4569/4569 4570/4570 4571/4571
f 4570/4570 4569/4569 4572/4572
f 4568/4568 4573/4573 4566/4566
f 4573/4573 4568/4568 4574/4574
f 4576/4576 4577/4577 4578/4578
f 4577/4577 4576/4576 4579/4579
f 4580/4580 4581/4581 4582/4582
f 4581/4581 4580/4580 4583/4583
f 4584/4584 4585/4585 4586/4586
f 4585/4585 4584/4584 4587/4587
f 4588/4588 4589/4589 4590/4590
f 4589/4589 4588/4588 4591/4591
f 4573/4573 4592/4592 4593/4593
f 4592/4592 4573/4573 4575/4575
f 4594/4594 4595/4595 4596/4596
f 4595/4595 4594/4594 4597/4597
f 4598/4598 4599/4599 4600/4600
f 4599/4599 4598/4598 4587/4587
f 4587/4587 4598/4598 4601/4601
f 4587/4587 4584/4584 4599/4599
f 4602/4602 4603/4603 4604/4604
f 4605/4605 4606/4606 4607/4607
f 4608/4608 4609/4609 4610/4610
f 4609/4609 4608/4608 4611/4611
f 4612/4612 4613/4613 4614/4614
f 4613/4613 4612/4612 4615/4615
f 4616/4616 4617/4617 4618/4618
f 4617/4617 4616/4616 4619/4619
f 4620/4620 4621/4621 4622/4622
f 4621/4621 4620/4620 4623/4623
f 4624/4624 4625/4625 4626/4626
f 4625/4625 4624/4624 4627/4627
f 4628/4628 4629/4629 4630/4630
f 4629/4629 4628/4628 4631/4631
f 4632/4632 4633/4633 4634/4634
f 4633/4633 4632/4632 4635/4635
f 4636/4636 4637/4637 4638/4638
f 4637/4637 4636/4636 4639/4639
f 4640/4640 4641/4641 4642/4642
f 4641/4641 4640/4640 4643/4643
f 4644/4644 4645/4645 4646/4646
f 4645/4645 4644/4644 4647/4647
f 4648/4648 4649/4649 4650/4650
f 4649/4649 4648/4648 4651/4651
f 4652/4652 4653/4653 4654/4654
f 4653/4653 4652/4652 4655/4655
f 4656/4656 4657/4657 4658/4658
f 4657/4657 4656/4656 4659/4659
f 4660/4660 4661/4661 4662/4662
f 4661/4661 4660/4660 4663/4663
f 4664/4664 4665/4665 4666/4666
f 4665/4665 4664/4664 4667/4667
f 4668/4668 4669/4669 4670/4670
f 4669/4669 4668/4668 4671/4671
f 4672/4672 4673/4673 4674/4674
f 4673/4673 4672/4672 4675/4675
f 4676/4676 4677/4677 4678/4678
f 4677/4677 4676/4676 4679/4679
f 4679/4679 4676/4676 4680/4680
f 4681/4681 4682/4682 4683/4683
f 4682/4682 4681/4681 4684/4684
f 4682/4682 4684/4684 4685/4685
f 4686/4686 4687/4687 4688/4688
f 4672/4672 4674/4674 4689/4689
f 4690/4690 4691/4691 4692/4692
f 4693/4693 4694/4694 4695/4695
f 4694/4694 4693/4693 4696/4696
f 4688/4688 4687/4687 4697/4697
f 4698/4698 4699/4699 4700/4700
f 4699/4699 4698/4698 4701/4701
f 4702/4702 4703/4703 4704/4704
f 4703/4703 4702/4702 4705/4705
f 4706/4706 4707/4707 4708/4708
f 4707/4707 4706/4706 4709/4709
f 4710/4710 4711/4711 4712/4712
f 4711/4711 4710/4710 4713/4713
f 4714/4714 4715/4715 4716/4716
f 4715/4715 4714/4714 4717/4717
f 4718/4718 4719/4719 4720/4720
f 4719/4719 4718/4718 4721/4721
f 4722/4722 4723/4723 4724/4724
f 4723/4723 4722/4722 4725/4725
f 4726/4726 4727/4727 4728/4728
f 4727/4727 4726/4726 4729/4729
f 4729/4729 4726/4726 4730/4730
f 4729/4729 4730/4730 4731/4731
f 4731/4731 4730/4730 4732/4732
f 4731/4731 4732/4732 4733/4733
f 4725/4725 4734/4734 4723/4723
f 4734/4734 4725/4725 4735/4735
f 4736/4736 4737/4737 4738/4738
f 4737/4737 4736/4736 4739/4739
f 4739/4739 4736/4736 4740/4740
f 4739/4739 4740/4740 4741/4741
f 4741/4741 4740/4740 4742/4742
f 4741/4741 4742/4742 4743/4743
f 4744/4744 4745/4745 4746/4746
f 4745/4745 4744/4744 4747/4747
f 4748/4748 4749/4749 4750/4750
f 4749/4749 4748/4748 4751/4751
f 4752/4752 4753/4753 4754/4754
f 4753/4753 4752/4752 4755/4755
f 4735/4735 4756/4756 4734/4734
f 4756/4756 4735/4735 4757/4757
f 4758/4758 4759/4759 4760/4760
f 4759/4759 4758/4758 4761/4761
f 4762/4762 4761/4761 4758/4758
f 4761/4761 4762/4762 4763/4763
f 4764/4764 4765/4765 4766/4766
f 4765/4765 4764/4764 4767/4767
f 4768/4768 4769/4769 4770/4770
f 4769/4769 4768/4768 4771/4771
f 4769/4769 4771/4771 4772/4772
f 4771/4771 4768/4768 4773/4773
f 4772/4772 4771/4771 4774/4774
f 4775/4775 4776/4776 4777/4777
f 4776/4776 4775/4775 4778/4778
f 4779/4779 4780/4780 4781/4781
f 4780/4780 4779/4779 4782/4782
f 4782/4782 4779/4779 4783/4783
f 4780/4780 4782/4782 4784/4784
f 4782/4782 4783/4783 4785/4785
f 4786/4786 4787/4787 4788/4788
f 4787/4787 4786/4786 4789/4789
f 4790/4790 4791/4791 4792/4792
f 4791/4791 4790/4790 4793/4793
f 4794/4794 4795/4795 4796/4796
f 4795/4795 4794/4794 4797/4797
f 4798/4798 4799/4799 4800/4800
f 4799/4799 4798/4798 4801/4801
f 4802/4802 4778/4778 4775/4775
f 4778/4778 4802/4802 4803/4803
f 4804/4804 4805/4805 4806/4806
f 4805/4805 4804/4804 4807/4807
f 4808/4808 4809/4809 4810/4810
f 4809/4809 4808/4808 4811/4811
f 4812/4812 4813/4813 4814/4814
f 4813/4813 4812/4812 4815/4815
f 4816/4816 4817/4817 4818/4818
f 4817/4817 4816/4816 4819/4819
f 4820/4820 4821/4821 4822/4822
f 4821/4821 4820/4820 4823/4823
f 4824/4824 4825/4825 4826/4826
f 4825/4825 4824/4824 4827/4827
f 4828/4828 4829/4829 4830/4830
f 4829/4829 4828/4828 4831/4831
f 4832/4832 4833/4833 4834/4834
f 4833/4833 4835/4835 4836/4836
f 4835/4835 4833/4833 4832/4832
f 4835/4835 4832/4832 4837/4837
f 4838/4838 4839/4839 4840/4840
f 4839/4839 4838/4838 4841/4841
f 4842/4842 4843/4843 4844/4844
f 4843/4843 4842/4842 4845/4845
f 4845/4845 4842/4842 4846/4846
f 4845/4845 4847/4847 4843/4843
f 4848/4848 4849/4849 4850/4850
f 4849/4849 4848/4848 4851/4851
f 4852/4852 4853/4853 4854/4854
f 4853/4853 4852/4852 4855/4855
f 4856/4856 4857/4857 4858/4858
f 4857/4857 4856/4856 4859/4859
f 4839/4839 4860/4860 4840/4840
f 4861/4861 4862/4862 4863/4863
f 4864/4864 4865/4865 4866/4866
f 4865/4865 4864/4864 4867/4867
f 4868/4868 4869/4869 4870/4870
f 4871/4871 4870/4870 4869/4869
f 4870/4870 4871/4871 4872/4872
f 4870/4870 4872/4872 4873/4873
f 4873/4873 4872/4872 4874/4874
f 4875/4875 4876/4876 4877/4877
f 4876/4876 4875/4875 4878/4878
f 4879/4879 4880/4880 4881/4881
f 4880/4880 4879/4879 4882/4882
f 4880/4880 4882/4882 4883/4883
f 4883/4883 4882/4882 4884/4884
f 4883/4883 4884/4884 4885/4885
f 4886/4886 4887/4887 4888/4888
f 4887/4887 4886/4886 4889/4889
f 4890/4890 4891/4891 4892/4892
f 4891/4891 4890/4890 4893/4893
f 4894/4894 4895/4895 4896/4896
f 4895/4895 4894/4894 4897/4897
f 4898/4898 4899/4899 4900/4900
f 4899/4899 4898/4898 4901/4901
f 4877/4877 4902/4902 4903/4903
f 4902/4902 4877/4877 4876/4876
f 4904/4904 4905/4905 4906/4906
f 4905/4905 4904/4904 4907/4907
f 4908/4908 4909/4909 4910/4910
f 4911/4911 4912/4912 4913/4913
f 4912/4912 4911/4911 4914/4914
f 4914/4914 4911/4911 4915/4915
f 4914/4914 4915/4915 4916/4916
f 4916/4916 4915/4915 4917/4917
f 4916/4916 4917/4917 4918/4918
f 4919/4919 4921/4921 4922/4922
f 4921/4921 4919/4919 4923/4923
f 4925/4925 4926/4926 4927/4927
f 4926/4926 4925/4925 4928/4928
f 4928/4928 4925/4925 4929/4929
f 4928/4928 4929/4929 4930/4930
f 4930/4930 4929/4929 4931/4931
f 4930/4930 4931/4931 4932/4932
f 4933/4933 4934/4934 4935/4935
f 4933/4933 4936/4936 4934/4934
f 4936/4936 4933/4933 4937/4937
f 4938/4938 4939/4939 4940/4940
f 4941/4941 4942/4942 4943/4943
f 4942/4942 4941/4941 4944/4944
f 4945/4945 4946/4946 4947/4947
f 4945/4945 4920/4920 4946/4946
f 4920/4920 4945/4945 4924/4924
f 4948/4948 4949/4949 4950/4950
f 4937/4937 4951/4951 4936/4936
f 4952/4952 4953/4953 4954/4954
f 4953/4953 4952/4952 4955/4955
f 4956/4956 4957/4957 4958/4958
f 4957/4957 4956/4956 4959/4959
f 4954/4954 4960/4960 4962/4962
f 4960/4960 4954/4954 4953/4953
f 4964/4964 4965/4965 4966/4966
f 4967/4967 4968/4968 4969/4969
f 4968/4968 4967/4967 4966/4966
f 4968/4968 4966/4966 4970/4970
f 4970/4970 4966/4966 4965/4965
f 4968/4968 4970/4970 4971/4971
f 4972/4972 4973/4973 4974/4974
f 4973/4973 4972/4972 4975/4975
f 4976/4976 4977/4977 4978/4978
f 4977/4977 4976/4976 4979/4979
f 4980/4980 4981/4981 4982/4982
f 4981/4981 4980/4980 4983/4983
f 4963/4963 4984/4984 4985/4985
f 4984/4984 4963/4963 4961/4961
f 4986/4986 4987/4987 4988/4988
f 4987/4987 4986/4986 4989/4989
f 4990/4990 4991/4991 4992/4992
f 4991/4991 4990/4990 4993/4993
f 4978/4978 4994/4994 4995/4995
f 4994/4994 4978/4978 4977/4977
f 4996/4996 4997/4997 4998/4998
f 4997/4997 4996/4996 4999/4999
f 5000/5000 5001/5001 5002/5002
f 5001/5001 5000/5000 5003/5003
f 5004/5004 5005/5005 5006/5006
f 5005/5005 5004/5004 5007/5007
f 5008/5008 5009/5009 5010/5010
f 5009/5009 5008/5008 5011/5011
f 5011/5011 5012/5012 5013/5013
f 5012/5012 5011/5011 5008/5008
f 5012/5012 5008/5008 5014/5014
f 5012/5012 5014/5014 5015/5015
f 5016/5016 5017/5017 5018/5018
f 5017/5017 5016/5016 5019/5019
f 5020/5020 5021/5021 5022/5022
f 5021/5021 5020/5020 5023/5023
f 5023/5023 5024/5024 5025/5025
f 5024/5024 5023/5023 5020/5020
f 5024/5024 5020/5020 5026/5026
f 5024/5024 5026/5026 5027/5027
f 5028/5028 5007/5007 5004/5004
f 5007/5007 5028/5028 5029/5029
f 5030/5030 5029/5029 5028/5028
f 5029/5029 5030/5030 5031/5031
f 5032/5032 5033/5033 5034/5034
f 5033/5033 5032/5032 5035/5035
f 5036/5036 5037/5037 5038/5038
f 5037/5037 5036/5036 5039/5039
f 5019/5019 5038/5038 5017/5017
f 5038/5038 5019/5019 5036/5036
f 5040/5040 5041/5041 5042/5042
f 5041/5041 5040/5040 5043/5043
f 5044/5044 5045/5045 5046/5046
f 5047/5047 5048/5048 5049/5049
f 5048/5048 5047/5047 5050/5050
f 5050/5050 5047/5047 5051/5051
f 5050/5050 5051/5051 5052/5052
f 5052/5052 5051/5051 5053/5053
f 5052/5052 5053/5053 5054/5054
f 5055/5055 5056/5056 5057/5057
f 5056/5056 5055/5055 5058/5058
f 5059/5059 5060/5060 5061/5061
f 5060/5060 5059/5059 5062/5062
f 5062/5062 5059/5059 5063/5063
f 5062/5062 5063/5063 5064/5064
f 5064/5064 5063/5063 5065/5065
f 5064/5064 5065/5065 5066/5066
f 5067/5067 5068/5068 5069/5069
f 5067/5067 5070/5070 5068/5068
f 5070/5070 5067/5067 5071/5071
f 5072/5072 5073/5073 5074/5074
f 5075/5075 5076/5076 5077/5077
f 5076/5076 5075/5075 5078/5078
f 5079/5079 5080/5080 5081/5081
f 5080/5080 5079/5079 5082/5082
f 5082/5082 5055/5055 5080/5080
f 5055/5055 5082/5082 5058/5058
f 5071/5071 5083/5083 5070/5070
f 5084/5084 5085/5085 5086/5086
f 5085/5085 5084/5084 5087/5087
f 5088/5088 5089/5089 5090/5090
f 5089/5089 5088/5088 5091/5091
f 5092/5092 5093/5093 5094/5094
f 5093/5093 5092/5092 5095/5095
f 5096/5096 5097/5097 5098/5098
f 5097/5097 5096/5096 5099/5099
f 5100/5100 5101/5101 5102/5102
f 5101/5101 5100/5100 5103/5103
f 5104/5104 5105/5105 5106/5106
f 5105/5105 5104/5104 5107/5107
f 5108/5108 5109/5109 5110/5110
f 5109/5109 5108/5108 5111/5111
f 5112/5112 5113/5113 5114/5114
f 5115/5115 5116/5116 5117/5117
f 5116/5116 5115/5115 5118/5118
f 5118/5118 5119/5119 5120/5120
f 5119/5119 5118/5118 5115/5115
f 5119/5119 5115/5115 5121/5121
f 5119/5119 5121/5121 5122/5122
f 5123/5123 5124/5124 5125/5125
f 5124/5124 5123/5123 5126/5126
f 5127/5127 5128/5128 5129/5129
f 5128/5128 5127/5127 5130/5130
f 5130/5130 5131/5131 5132/5132
f 5131/5131 5130/5130 5127/5127
f 5131/5131 5127/5127 5133/5133
f 5131/5131 5133/5133 5134/5134
f 5135/5135 5136/5136 5137/5137
f 5138/5138 5135/5135 5137/5137
f 5135/5135 5138/5138 5139/5139
f 5140/5140 5141/5141 5142/5142
f 5143/5143 5144/5144 5145/5145
f 5144/5144 5143/5143 5146/5146
f 5147/5147 5148/5148 5149/5149
f 5148/5148 5147/5147 5150/5150
f 5126/5126 5149/5149 5124/5124
f 5149/5149 5126/5126 5147/5147
f 5151/5151 5139/5139 5138/5138
f 5152/5152 5153/5153 5154/5154
f 5153/5153 5152/5152 5155/5155
f 5156/5156 5157/5157 5158/5158
f 5157/5157 5156/5156 5159/5159
f 5160/5160 5161/5161 5162/5162
f 5161/5161 5160/5160 5163/5163
f 5164/5164 5165/5165 5166/5166
f 5165/5165 5164/5164 5167/5167
f 5168/5168 5169/5169 5170/5170
f 5169/5169 5168/5168 5171/5171
f 5172/5172 5173/5173 5174/5174
f 5173/5173 5172/5172 5175/5175
f 5176/5176 5177/5177 5178/5178
f 5177/5177 5176/5176 5179/5179
f 5180/5180 5181/5181 5182/5182
f 5181/5181 5180/5180 5183/5183
f 5178/5178 5184/5184 5185/5185
f 5184/5184 5178/5178 5177/5177
f 5186/5186 5187/5187 5188/5188
f 5187/5187 5186/5186 5189/5189
f 5190/5190 5191/5191 5192/5192
f 5191/5191 5190/5190 5193/5193
f 5194/5194 5195/5195 5196/5196
f 5195/5195 5194/5194 5197/5197
f 5198/5198 5199/5199 5200/5200
f 5199/5199 5198/5198 5201/5201
f 5185/5185 5202/5202 5203/5203
f 5202/5202 5185/5185 5184/5184
f 5204/5204 5205/5205 5206/5206
f 5205/5205 5204/5204 5207/5207
f 5196/5196 5208/5208 5209/5209
f 5208/5208 5196/5196 5195/5195
f 5210/5210 5211/5211 5212/5212
f 5211/5211 5210/5210 5213/5213
f 5214/5214 5215/5215 5216/5216
f 5215/5215 5214/5214 5217/5217
f 5218/5218 5219/5219 5220/5220
f 5219/5219 5218/5218 5221/5221
f 5222/5222 5223/5223 5224/5224
f 5223/5223 5222/5222 5225/5225
f 5226/5226 5227/5227 5228/5228
f 5227/5227 5226/5226 5229/5229
f 5230/5230 5231/5231 5232/5232
f 5231/5231 5233/5233 5234/5234
f 5233/5233 5231/5231 5230/5230
f 5233/5233 5230/5230 5235/5235
f 5236/5236 5237/5237 5238/5238
f 5237/5237 5236/5236 5239/5239
f 5240/5240 5241/5241 5242/5242
f 5241/5241 5240/5240 5243/5243
f 5243/5243 5240/5240 5244/5244
f 5243/5243 5245/5245 5241/5241
f 5246/5246 5247/5247 5248/5248
f 5247/5247 5246/5246 5249/5249
f 5250/5250 5251/5251 5252/5252
f 5251/5251 5250/5250 5253/5253
f 5254/5254 5255/5255 5256/5256
f 5255/5255 5254/5254 5257/5257
f 5237/5237 5258/5258 5238/5238
f 5259/5259 5260/5260 5261/5261
f 5262/5262 5263/5263 5264/5264
f 5263/5263 5262/5262 5265/5265
f 5266/5266 5267/5267 5268/5268
f 5267/5267 5266/5266 5269/5269
f 5270/5270 5271/5271 5272/5272
f 5271/5271 5270/5270 5273/5273
f 5274/5274 5275/5275 5276/5276
f 5275/5275 5274/5274 5277/5277
f 5278/5278 5279/5279 5280/5280
f 5279/5279 5278/5278 5281/5281
f 5282/5282 5283/5283 5284/5284
f 5283/5283 5282/5282 5285/5285
f 5286/5286 5287/5287 5288/5288
f 5287/5287 5286/5286 5289/5289
f 5290/5290 5291/5291 5292/5292
f 5291/5291 5290/5290 5293/5293
f 5294/5294 5295/5295 5296/5296
f 5295/5295 5294/5294 5297/5297
f 5298/5298 5299/5299 5300/5300
f 5299/5299 5298/5298 5301/5301
f 5302/5302 5303/5303 5304/5304
f 5303/5303 5302/5302 5305/5305
f 5306/5306 5307/5307 5308/5308
f 5307/5307 5306/5306 5309/5309
f 5310/5310 5311/5311 5312/5312
f 5311/5311 5310/5310 5313/5313
f 5314/5314 5315/5315 5316/5316
f 5315/5315 5314/5314 5317/5317
f 5318/5318 5319/5319 5320/5320
f 5319/5319 5318/5318 5321/5321
f 5322/5322 5323/5323 5324/5324
f 5323/5323 5322/5322 5325/5325
f 5326/5326 5327/5327 5328/5328
f 5327/5327 5326/5326 5329/5329
f 5330/5330 5331/5331 5332/5332
f 5331/5331 5330/5330 5333/5333
f 5334/5334 5335/5335 5336/5336
f 5335/5335 5334/5334 5337/5337
f 5338/5338 5339/5339 5340/5340
f 5339/5339 5338/5338 5341/5341
f 5342/5342 5343/5343 5344/5344
f 5343/5343 5342/5342 5345/5345
f 5346/5346 5347/5347 5348/5348
f 5347/5347 5346/5346 5349/5349
f 5350/5350 5351/5351 5352/5352
f 5351/5351 5350/5350 5353/5353
f 5354/5354 5355/5355 5356/5356
f 5355/5355 5354/5354 5357/5357
f 5358/5358 5359/5359 5360/5360
f 5359/5359 5358/5358 5361/5361
f 5362/5362 5363/5363 5364/5364
f 5363/5363 5362/5362 5365/5365
f 5366/5366 5367/5367 5368/5368
f 5367/5367 5366/5366 5369/5369
f 5370/5370 5371/5371 5372/5372
f 5371/5371 5370/5370 5373/5373
f 5374/5374 5375/5375 5376/5376
f 5375/5375 5374/5374 5377/5377
f 5378/5378 5379/5379 5380/5380
f 5379/5379 5378/5378 5381/5381
f 5382/5382 5383/5383 5384/5384
f 5383/5383 5382/5382 5385/5385
f 5385/5385 5382/5382 5386/5386
f 5385/5385 5386/5386 5387/5387
f 5387/5387 5386/5386 5388/5388
f 5387/5387 5388/5388 5389/5389
f 5389/5389 5388/5388 5390/5390
f 5389/5389 5390/5390 5391/5391
f 5391/5391 5390/5390 5392/5392
f 5391/5391 5392/5392 5393/5393
f 5394/5394 5395/5395 5396/5396
f 5395/5395 5394/5394 5397/5397
f 5398/5398 5399/5399 5400/5400
f 5399/5399 5398/5398 5401/5401
f 5402/5402 5403/5403 5404/5404
f 5403/5403 5402/5402 5405/5405
f 5406/5406 5407/5407 5408/5408
f 5407/5407 5406/5406 5409/5409
f 5410/5410 5411/5411 5412/5412
f 5411/5411 5410/5410 5413/5413
f 5414/5414 5415/5415 5416/5416
f 5415/5415 5414/5414 5417/5417
f 5418/5418 5419/5419 5420/5420
f 5419/5419 5418/5418 5421/5421
f 5422/5422 5423/5423 5424/5424
f 5423/5423 5422/5422 5425/5425
f 5426/5426 5427/5427 5428/5428
f 5427/5427 5426/5426 5429/5429
f 5430/5430 5431/5431 5432/5432
f 5431/5431 5430/5430 5433/5433
f 5434/5434 5435/5435 5436/5436
f 5435/5435 5434/5434 5437/5437
f 5438/5438 5439/5439 5440/5440
f 5439/5439 5438/5438 5441/5441
f 5442/5442 5443/5443 5444/5444
f 5443/5443 5442/5442 5445/5445
f 5446/5446 5447/5447 5448/5448
f 5447/5447 5446/5446 5449/5449
f 5447/5447 5449/5449 5450/5450
f 5450/5450 5449/5449 5451/5451
f 5450/5450 5452/5452 5447/5447
f 5453/5453 5454/5454 5455/5455
f 5454/5454 5453/5453 5456/5456
f 5457/5457 5458/5458 5459/5459
f 5458/5458 5460/5460 5461/5461
f 5460/5460 5458/5458 5462/5462
f 5462/5462 5458/5458 5457/5457
f 5462/5462 5457/5457 5463/5463
f 5464/5464 5465/5465 5466/5466
f 5465/5465 5464/5464 5467/5467
f 5468/5468 5469/5469 5470/5470
f 5469/5469 5468/5468 5471/5471
f 5472/5472 5473/5473 5474/5474
f 5473/5473 5472/5472 5475/5475
f 5476/5476 5477/5477 5478/5478
f 5477/5477 5476/5476 5479/5479
f 5480/5480 5456/5456 5453/5453
f 5456/5456 5480/5480 5481/5481
f 5482/5482 5483/5483 5484/5484
f 5483/5483 5482/5482 5485/5485
f 5485/5485 5482/5482 5486/5486
f 5485/5485 5486/5486 5487/5487
f 5487/5487 5486/5486 5488/5488
f 5487/5487 5488/5488 5489/5489
f 5489/5489 5488/5488 5490/5490
f 5489/5489 5490/5490 5491/5491
f 5491/5491 5490/5490 5492/5492
f 5491/5491 5492/5492 5493/5493
f 5494/5494 5495/5495 5496/5496
f 5495/5495 5494/5494 5497/5497
f 5498/5498 5497/5497 5494/5494
f 5497/5497 5498/5498 5499/5499
f 5500/5500 5501/5501 5502/5502
f 5501/5501 5500/5500 5503/5503
f 5504/5504 5505/5505 5506/5506
f 5505/5505 5504/5504 5507/5507
f 5508/5508 5509/5509 5510/5510
f 5509/5509 5508/5508 5511/5511
f 5512/5512 5513/5513 5514/5514
f 5513/5513 5512/5512 5515/5515
f 5516/5516 5514/5514 5517/5517
f 5514/5514 5516/5516 5512/5512
f 5518/5518 5517/5517 5519/5519
f 5517/5517 5518/5518 5516/5516
f 5520/5520 5521/5521 5522/5522
f 5521/5521 5520/5520 5523/5523
f 5524/5524 5525/5525 5526/5526
f 5525/5525 5524/5524 5527/5527
f 5528/5528 5529/5529 5530/5530
f 5529/5529 5528/5528 5531/5531
f 5496/5496 5532/5532 5533/5533
f 5532/5532 5496/5496 5495/5495
f 5534/5534 5535/5535 5536/5536
f 5535/5535 5534/5534 5537/5537
f 5538/5538 5539/5539 5540/5540
f 5539/5539 5538/5538 5541/5541
f 5542/5542 5543/5543 5544/5544
f 5543/5543 5542/5542 5545/5545
f 5546/5546 5547/5547 5548/5548
f 5547/5547 5546/5546 5549/5549
f 5550/5550 5551/5551 5552/5552
f 5551/5551 5550/5550 5553/5553
f 5554/5554 5555/5555 5556/5556
f 5555/5555 5554/5554 5557/5557
f 5558/5558 5559/5559 5560/5560
f 5559/5559 5558/5558 5561/5561
f 5562/5562 5563/5563 5564/5564
f 5565/5565 5564/5564 5563/5563
f 5564/5564 5565/5565 5566/5566
f 5564/5564 5566/5566 5567/5567
f 5567/5567 5566/5566 5568/5568
f 5569/5569 5570/5570 5571/5571
f 5570/5570 5569/5569 5572/5572
f 5573/5573 5574/5574 5575/5575
f 5574/5574 5573/5573 5576/5576
f 5574/5574 5576/5576 5577/5577
f 5577/5577 5576/5576 5578/5578
f 5577/5577 5578/5578 5579/5579
f 5580/5580 5581/5581 5582/5582
f 5581/5581 5580/5580 5583/5583
f 5584/5584 5585/5585 5586/5586
f 5585/5585 5584/5584 5587/5587
f 5588/5588 5589/5589 5590/5590
f 5589/5589 5588/5588 5591/5591
f 5592/5592 5593/5593 5594/5594
f 5593/5593 5592/5592 5595/5595
f 5596/5596 5571/5571 5597/5597
f 5571/5571 5596/5596 5569/5569
f 5598/5598 5599/5599 5600/5600
f 5599/5599 5598/5598 5601/5601
f 5601/5601 5598/5598 5602/5602
f 5601/5601 5602/5602 5603/5603
f 5603/5603 5602/5602 5604/5604
f 5603/5603 5604/5604 5605/5605
f 5605/5605 5604/5604 5606/5606
f 5605/5605 5606/5606 5607/5607
f 5607/5607 5606/5606 5608/5608
f 5607/5607 5608/5608 5609/5609
f 5610/5610 5611/5611 5612/5612
f 5611/5611 5610/5610 5613/5613
f 5614/5614 5615/5615 5616/5616
f 5615/5615 5614/5614 5617/5617
f 5618/5618 5619/5619 5620/5620
f 5619/5619 5618/5618 5621/5621
f 5622/5622 5623/5623 5624/5624
f 5623/5623 5622/5622 5625/5625
f 5626/5626 5627/5627 5628/5628
f 5627/5627 5626/5626 5629/5629
f 5630/5630 5631/5631 5632/5632
f 5631/5631 5630/5630 5633/5633
f 5634/5634 5635/5635 5636/5636
f 5635/5635 5634/5634 5637/5637
f 5638/5638 5639/5639 5640/5640
f 5639/5639 5638/5638 5641/5641
f 5642/5642 5643/5643 5644/5644
f 5643/5643 5642/5642 5645/5645
f 5646/5646 5647/5647 5648/5648
f 5647/5647 5646/5646 5649/5649
f 5650/5650 5651/5651 5652/5652
f 5651/5651 5650/5650 5653/5653
f 5654/5654 5655/5655 5656/5656
f 5655/5655 5654/5654 5657/5657
f 5658/5658 5659/5659 5660/5660
f 5659/5659 5658/5658 5661/5661
f 5662/5662 5663/5663 5664/5664
f 5663/5663 5662/5662 5665/5665
f 5666/5666 5667/5667 5668/5668
f 5667/5667 5666/5666 5669/5669
f 5670/5670 5671/5671 5672/5672
f 5671/5671 5670/5670 5673/5673
f 5674/5674 5675/5675 5676/5676
f 5675/5675 5674/5674 5677/5677
f 5678/5678 5679/5679 5680/5680
f 5679/5679 5678/5678 5681/5681
f 5682/5682 5683/5683 5684/5684
f 5683/5683 5682/5682 5685/5685
f 5686/5686 5687/5687 5688/5688
f 5687/5687 5686/5686 5689/5689
f 5687/5687 5689/5689 5690/5690
f 5689/5689 5686/5686 5691/5691
f 5690/5690 5689/5689 5692/5692
f 5693/5693 5694/5694 5695/5695
f 5694/5694 5693/5693 5696/5696
f 5697/5697 5698/5698 5699/5699
f 5698/5698 5697/5697 5700/5700
f 5700/5700 5697/5697 5701/5701
f 5698/5698 5700/5700 5702/5702
f 5700/5700 5701/5701 5703/5703
f 5704/5704 5705/5705 5706/5706
f 5705/5705 5704/5704 5707/5707
f 5708/5708 5709/5709 5710/5710
f 5709/5709 5708/5708 5711/5711
f 5712/5712 5713/5713 5714/5714
f 5713/5713 5712/5712 5715/5715
f 5716/5716 5717/5717 5718/5718
f 5717/5717 5716/5716 5719/5719
f 5720/5720 5696/5696 5693/5693
f 5696/5696 5720/5720 5721/5721
f 5722/5722 5723/5723 5724/5724
f 5723/5723 5722/5722 5725/5725
f 5726/5726 5727/5727 5728/5728
f 5727/5727 5726/5726 5729/5729
f 5730/5730 5731/5731 5732/5732
f 5731/5731 5730/5730 5733/5733
f 5734/5734 5735/5735 5736/5736
f 5735/5735 5734/5734 5737/5737
f 5738/5738 5739/5739 5740/5740
f 5739/5739 5738/5738 5741/5741
f 5742/5742 5743/5743 5744/5744
f 5743/5743 5742/5742 5745/5745
f 5746/5746 5747/5747 5748/5748
f 5747/5747 5746/5746 5749/5749
f 5750/5750 5751/5751 5752/5752
f 5751/5751 5750/5750 5753/5753
f 5751/5751 5753/5753 5754/5754
f 5753/5753 5750/5750 5755/5755
f 5754/5754 5753/5753 5756/5756
f 5757/5757 5758/5758 5759/5759
f 5758/5758 5757/5757 5760/5760
f 5761/5761 5762/5762 5763/5763
f 5762/5762 5761/5761 5764/5764
f 5764/5764 5761/5761 5765/5765
f 5762/5762 5764/5764 5766/5766
f 5764/5764 5765/5765 5767/5767
f 5768/5768 5769/5769 5770/5770
f 5769/5769 5768/5768 5771/5771
f 5772/5772 5773/5773 5774/5774
f 5773/5773 5772/5772 5775/5775
f 5776/5776 5777/5777 5778/5778
f 5777/5777 5776/5776 5779/5779
f 5780/5780 5781/5781 5782/5782
f 5781/5781 5780/5780 5783/5783
f 5784/5784 5760/5760 5757/5757
f 5760/5760 5784/5784 5785/5785
f 5786/5786 5787/5787 5788/5788
f 5787/5787 5786/5786 5789/5789
f 5790/5790 5791/5791 5792/5792
f 5791/5791 5790/5790 5793/5793
f 5793/5793 5790/5790 5794/5794
f 5795/5795 5796/5796 5797/5797
f 5796/5796 5795/5795 5798/5798
f 5799/5799 5800/5800 5801/5801
f 5800/5800 5799/5799 5802/5802
f 5802/5802 5799/5799 5803/5803
f 5804/5804 5805/5805 5806/5806
f 5805/5805 5804/5804 5807/5807
f 5808/5808 5809/5809 5810/5810
f 5809/5809 5808/5808 5811/5811
f 5798/5798 5812/5812 5796/5796
f 5812/5812 5798/5798 5813/5813
f 5814/5814 5815/5815 5816/5816
f 5815/5815 5814/5814 5817/5817
f 5818/5818 5819/5819 5820/5820
f 5819/5819 5818/5818 5821/5821
f 5821/5821 5818/5818 5822/5822
f 5821/5821 5822/5822 5823/5823
f 5821/5821 5823/5823 5824/5824
f 5825/5825 5817/5817 5814/5814
f 5817/5817 5825/5825 5826/5826
f 5827/5827 5828/5828 5829/5829
f 5828/5828 5827/5827 5830/5830
f 5830/5830 5827/5827 5831/5831
f 5831/5831 5827/5827 5832/5832
f 5831/5831 5832/5832 5833/5833
f 5834/5834 5835/5835 5836/5836
f 5835/5835 5834/5834 5837/5837
f 5838/5838 5839/5839 5840/5840
f 5839/5839 5838/5838 5841/5841
f 5842/5842 5843/5843 5844/5844
f 5843/5843 5842/5842 5845/5845
f 5846/5846 5826/5826 5825/5825
f 5826/5826 5846/5846 5847/5847
f 5848/5848 5840/5840 5849/5849
f 5840/5840 5848/5848 5838/5838
f 5850/5850 5851/5851 5852/5852
f 5851/5851 5850/5850 5853/5853
f 5854/5854 5855/5855 5856/5856
f 5855/5855 5854/5854 5857/5857
f 5858/5858 5859/5859 5860/5860
f 5859/5859 5858/5858 5861/5861
f 5862/5862 5863/5863 5864/5864
f 5863/5863 5862/5862 5865/5865
f 5866/5866 5867/5867 5868/5868
f 5867/5867 5866/5866 5869/5869
f 5870/5870 5871/5871 5872/5872
f 5871/5871 5870/5870 5873/5873
f 5874/5874 5875/5875 5876/5876
f 5875/5875 5874/5874 5877/5877
f 5878/5878 5879/5879 5880/5880
f 5879/5879 5878/5878 5881/5881
f 5882/5882 5883/5883 5884/5884
f 5883/5883 5882/5882 5885/5885
f 5886/5886 5887/5887 5888/5888
f 5887/5887 5886/5886 5889/5889
f 5890/5890 5891/5891 5892/5892
f 5891/5891 5890/5890 5893/5893
f 5894/5894 5895/5895 5896/5896
f 5895/5895 5894/5894 5897/5897
f 5898/5898 5899/5899 5900/5900
f 5899/5899 5898/5898 5901/5901
f 5902/5902 5903/5903 5904/5904
f 5903/5903 5902/5902 5905/5905
f 5906/5906 5908/5908 5909/5909
f 5908/5908 5906/5906 5910/5910
f 5912/5912 5913/5913 5914/5914
f 5913/5913 5912/5912 5915/5915
f 5915/5915 5912/5912 5916/5916
f 5915/5915 5916/5916 5917/5917
f 5918/5918 5919/5919 5920/5920
f 5919/5919 5918/5918 5921/5921
f 5922/5922 5923/5923 5924/5924
f 5923/5923 5922/5922 5925/5925
f 5926/5926 5907/5907 5927/5927
f 5907/5907 5926/5926 5911/5911
f 5928/5928 5929/5929 5930/5930
f 5929/5929 5928/5928 5931/5931
f 5932/5932 5933/5933 5934/5934
f 5933/5933 5932/5932 5935/5935
f 5936/5936 5937/5937 5938/5938
f 5937/5937 5936/5936 5939/5939
f 5940/5940 5941/5941 5942/5942
f 5941/5941 5940/5940 5943/5943
f 5944/5944 5945/5945 5946/5946
f 5945/5945 5944/5944 5947/5947
f 5947/5947 5944/5944 5948/5948
f 5948/5948 5944/5944 5949/5949
f 5947/5947 5950/5950 5951/5951
f 5950/5950 5947/5947 5948/5948
f 5952/5952 5953/5953 5954/5954
f 5955/5955 5956/5956 5957/5957
f 5956/5956 5955/5955 5958/5958
f 5958/5958 5955/5955 5959/5959
f 5959/5959 5955/5955 5960/5960
f 5958/5958 5961/5961 5962/5962
f 5961/5961 5958/5958 5959/5959
f 5963/5963 5942/5942 5964/5964
f 5942/5942 5963/5963 5940/5940
f 5965/5965 5964/5964 5966/5966
f 5964/5964 5965/5965 5963/5963
f 5967/5967 5968/5968 5969/5969
f 5968/5968 5967/5967 5970/5970
f 5971/5971 5972/5972 5973/5973
f 5974/5974 5971/5971 5973/5973
f 5971/5971 5974/5974 5953/5953
f 5954/5954 5953/5953 5974/5974
f 5973/5973 5972/5972 5975/5975
f 5976/5976 5977/5977 5978/5978
f 5977/5977 5976/5976 5979/5979
f 5980/5980 5981/5981 5982/5982
f 5981/5981 5980/5980 5983/5983
f 5983/5983 5980/5980 5984/5984
f 5983/5983 5984/5984 5985/5985
f 5983/5983 5985/5985 5986/5986
f 5987/5987 5979/5979 5976/5976
f 5979/5979 5987/5987 5988/5988
f 5989/5989 5990/5990 5991/5991
f 5990/5990 5989/5989 5992/5992
f 5992/5992 5989/5989 5993/5993
f 5993/5993 5989/5989 5994/5994
f 5993/5993 5994/5994 5995/5995
f 5996/5996 5997/5997 5998/5998
f 5997/5997 5996/5996 5999/5999
f 6000/6000 6001/6001 6002/6002
f 6001/6001 6000/6000 6003/6003
f 6004/6004 6005/6005 6006/6006
f 6005/6005 6004/6004 6007/6007
f 6008/6008 5988/5988 5987/5987
f 5988/5988 6008/6008 6009/6009
f 6010/6010 6002/6002 6011/6011
f 6002/6002 6010/6010 6000/6000
f 6012/6012 6013/6013 6014/6014
f 6013/6013 6012/6012 6015/6015
f 6016/6016 6017/6017 6018/6018
f 6019/6019 6020/6020 6021/6021
f 6020/6020 6019/6019 6022/6022
f 6022/6022 6019/6019 6023/6023
f 6023/6023 6019/6019 6024/6024
f 6022/6022 6025/6025 6026/6026
f 6025/6025 6022/6022 6023/6023
f 6027/6027 6028/6028 6029/6029
f 6028/6028 6027/6027 6030/6030
f 6031/6031 6032/6032 6033/6033
f 6032/6032 6031/6031 6034/6034
f 6034/6034 6031/6031 6035/6035
f 6035/6035 6031/6031 6036/6036
f 6034/6034 6037/6037 6038/6038
f 6037/6037 6034/6034 6035/6035
f 6016/6016 6018/6018 6039/6039
f 6040/6040 6018/6018 6041/6041
f 6018/6018 6040/6040 6039/6039
f 6040/6040 6042/6042 6043/6043
f 6044/6044 6045/6045 6046/6046
f 6045/6045 6044/6044 6047/6047
f 6048/6048 6049/6049 6050/6050
f 6049/6049 6048/6048 6051/6051
f 6029/6029 6051/6051 6048/6048
f 6051/6051 6029/6029 6028/6028
f 6040/6040 6041/6041 6042/6042
f 6052/6052 6053/6053 6054/6054
f 6053/6053 6052/6052 6055/6055
f 6056/6056 6057/6057 6058/6058
f 6057/6057 6056/6056 6059/6059
f 6059/6059 6056/6056 6060/6060
f 6061/6061 6062/6062 6063/6063
f 6062/6062 6061/6061 6064/6064
f 6065/6065 6066/6066 6067/6067
f 6066/6066 6065/6065 6068/6068
f 6068/6068 6065/6065 6069/6069
f 6070/6070 6071/6071 6072/6072
f 6071/6071 6070/6070 6073/6073
f 6074/6074 6075/6075 6076/6076
f 6075/6075 6074/6074 6077/6077
f 6064/6064 6078/6078 6062/6062
f 6078/6078 6064/6064 6079/6079
f 6080/6080 6081/6081 6082/6082
f 6081/6081 6080/6080 6083/6083
f 6084/6084 6085/6085 6086/6086
f 6085/6085 6084/6084 6087/6087
f 6088/6088 6089/6089 6090/6090
f 6089/6089 6088/6088 6091/6091
f 6092/6092 6093/6093 6094/6094
f 6093/6093 6092/6092 6095/6095
f 6096/6096 6097/6097 6098/6098
f 6097/6097 6096/6096 6099/6099
f 6100/6100 6101/6101 6102/6102
f 6101/6101 6100/6100 6103/6103
f 6104/6104 6105/6105 6106/6106
f 6105/6105 6104/6104 6107/6107
f 6108/6108 6109/6109 6110/6110
f 6111/6111 6112/6112 6113/6113
f 6112/6112 6111/6111 6114/6114
f 6114/6114 6111/6111 6115/6115
f 6114/6114 6115/6115 6116/6116
f 6116/6116 6115/6115 6117/6117
f 6116/6116 6117/6117 6118/6118
f 6119/6119 6120/6120 6121/6121
f 6120/6120 6119/6119 6122/6122
f 6123/6123 6124/6124 6125/6125
f 6124/6124 6123/6123 6126/6126
f 6126/6126 6123/6123 6127/6127
f 6126/6126 6127/6127 6128/6128
f 6128/6128 6127/6127 6129/6129
f 6128/6128 6129/6129 6130/6130
f 6131/6131 6132/6132 6133/6133
f 6131/6131 6134/6134 6132/6132
f 6134/6134 6131/6131 6135/6135
f 6136/6136 6137/6137 6138/6138
f 6139/6139 6140/6140 6141/6141
f 6140/6140 6139/6139 6142/6142
f 6143/6143 6144/6144 6145/6145
f 6144/6144 6143/6143 6146/6146
f 6146/6146 6119/6119 6144/6144
f 6119/6119 6146/6146 6122/6122
f 6135/6135 6147/6147 6134/6134
f 6148/6148 6149/6149 6150/6150
f 6149/6149 6148/6148 6151/6151
f 6152/6152 6153/6153 6154/6154
f 6153/6153 6152/6152 6155/6155
f 6156/6156 6157/6157 6158/6158
f 6157/6157 6156/6156 6159/6159
f 6160/6160 6161/6161 6162/6162
f 6161/6161 6160/6160 6163/6163
f 6164/6164 6165/6165 6166/6166
f 6165/6165 6164/6164 6167/6167
f 6168/6168 6169/6169 6170/6170
f 6169/6169 6168/6168 6171/6171
f 6172/6172 6173/6173 6174/6174
f 6173/6173 6172/6172 6175/6175
f 6176/6176 6177/6177 6178/6178
f 6177/6177 6176/6176 6179/6179
f 6180/6180 6181/6181 6182/6182
f 6181/6181 6180/6180 6183/6183
f 6184/6184 6185/6185 6186/6186
f 6185/6185 6184/6184 6187/6187
f 6188/6188 6189/6189 6190/6190
f 6189/6189 6188/6188 6191/6191
f 6192/6192 6193/6193 6194/6194
f 6193/6193 6192/6192 6195/6195
f 6196/6196 6197/6197 6198/6198
f 6197/6197 6196/6196 6199/6199
f 6200/6200 6201/6201 6202/6202
f 6203/6203 6202/6202 6201/6201
f 6202/6202 6203/6203 6204/6204
f 6202/6202 6204/6204 6205/6205
f 6205/6205 6204/6204 6206/6206
f 6207/6207 6208/6208 6209/6209
f 6208/6208 6207/6207 6210/6210
f 6211/6211 6212/6212 6213/6213
f 6212/6212 6211/6211 6214/6214
f 6212/6212 6214/6214 6215/6215
f 6215/6215 6214/6214 6216/6216
f 6215/6215 6216/6216 6217/6217
f 6218/6218 6219/6219 6220/6220
f 6219/6219 6218/6218 6221/6221
f 6222/6222 6223/6223 6224/6224
f 6223/6223 6222/6222 6225/6225
f 6226/6226 6227/6227 6228/6228
f 6227/6227 6226/6226 6229/6229
f 6230/6230 6231/6231 6232/6232
f 6231/6231 6230/6230 6233/6233
f 6209/6209 6234/6234 6235/6235
f 6234/6234 6209/6209 6208/6208
f 6236/6236 6237/6237 6238/6238
f 6237/6237 6236/6236 6239/6239
f 6240/6240 6241/6241 6242/6242
f 6241/6241 6243/6243 6244/6244
f 6243/6243 6241/6241 6240/6240
f 6243/6243 6240/6240 6245/6245
f 6246/6246 6247/6247 6248/6248
f 6247/6247 6246/6246 6250/6250
f 6251/6251 6252/6252 6253/6253
f 6252/6252 6251/6251 6254/6254
f 6255/6255 6256/6256 6257/6257
f 6256/6256 6255/6255 6258/6258
f 6259/6259 6260/6260 6261/6261
f 6260/6260 6259/6259 6262/6262
f 6263/6263 6264/6264 6265/6265
f 6264/6264 6263/6263 6266/6266
f 6247/6247 6267/6267 6249/6249
f 6268/6268 6269/6269 6270/6270
f 6269/6269 6268/6268 6271/6271
f 6272/6272 6273/6273 6274/6274
f 6275/6275 6276/6276 6277/6277
f 6276/6276 6275/6275 6278/6278
f 6279/6279 6280/6280 6281/6281
f 6280/6280 6279/6279 6282/6282
f 6283/6283 6284/6284 6286/6286
f 6284/6284 6283/6283 6287/6287
f 6288/6288 6289/6289 6290/6290
f 6289/6289 6288/6288 6291/6291
f 6291/6291 6288/6288 6292/6292
f 6291/6291 6292/6292 6293/6293
f 6294/6294 6295/6295 6296/6296
f 6295/6295 6294/6294 6297/6297
f 6298/6298 6299/6299 6300/6300
f 6299/6299 6298/6298 6301/6301
f 6302/6302 6285/6285 6287/6287
f 6303/6303 6304/6304 6305/6305
f 6306/6306 6307/6307 6308/6308
f 6307/6307 6306/6306 6309/6309
f 6310/6310 6311/6311 6312/6312
f 6311/6311 6310/6310 6313/6313
f 6314/6314 6315/6315 6316/6316
f 6315/6315 6314/6314 6317/6317
f 6318/6318 6319/6319 6320/6320
f 6319/6319 6318/6318 6321/6321
f 6316/6316 6322/6322 6323/6323
f 6322/6322 6316/6316 6315/6315
f 6324/6324 6325/6325 6326/6326
f 6325/6325 6324/6324 6327/6327
f 6328/6328 6329/6329 6330/6330
f 6329/6329 6328/6328 6331/6331
f 6332/6332 6333/6333 6334/6334
f 6333/6333 6332/6332 6335/6335
f 6336/6336 6337/6337 6338/6338
f 6337/6337 6336/6336 6339/6339
f 6323/6323 6340/6340 6341/6341
f 6340/6340 6323/6323 6322/6322
f 6342/6342 6343/6343 6344/6344
f 6343/6343 6342/6342 6345/6345
f 6334/6334 6346/6346 6347/6347
f 6346/6346 6334/6334 6333/6333
f 6348/6348 6349/6349 6350/6350
f 6349/6349 6348/6348 6351/6351
f 6352/6352 6353/6353 6354/6354
f 6353/6353 6352/6352 6355/6355
f 6356/6356 6357/6357 6358/6358
f 6357/6357 6356/6356 6359/6359
f 6360/6360 6361/6361 6362/6362
f 6361/6361 6360/6360 6363/6363
f 6364/6364 6365/6365 6366/6366
f 6365/6365 6364/6364 6367/6367
f 6368/6368 6369/6369 6370/6370
f 6369/6369 6368/6368 6371/6371
f 6372/6372 6373/6373 6374/6374
f 6373/6373 6372/6372 6375/6375
f 6376/6376 6377/6377 6378/6378
f 6377/6377 6376/6376 6379/6379
f 6380/6380 6381/6381 6382/6382
f 6381/6381 6380/6380 6383/6383
f 6384/6384 6385/6385 6386/6386
f 6385/6385 6384/6384 6387/6387
f 6388/6388 6389/6389 6390/6390
f 6389/6389 6388/6388 6391/6391
f 6392/6392 6393/6393 6394/6394
f 6393/6393 6392/6392 6395/6395
f 6396/6396 6397/6397 6398/6398
f 6397/6397 6396/6396 6399/6399
f 6400/6400 6401/6401 6402/6402
f 6401/6401 6400/6400 6403/6403
f 6404/6404 6405/6405 6406/6406
f 6405/6405 6404/6404 6407/6407
f 6408/6408 6409/6409 6410/6410
f 6409/6409 6408/6408 6411/6411
f 6412/6412 6413/6413 6414/6414
f 6413/6413 6412/6412 6415/6415
f 6416/6416 6418/6418 6419/6419
f 6418/6418 6417/6417 6420/6420
f 6421/6421 6422/6422 6423/6423
f 6422/6422 6421/6421 6424/6424
f 6425/6425 6426/6426 6427/6427
f 6426/6426 6425/6425 6428/6428
f 6429/6429 6430/6430 6431/6431
f 6430/6430 6429/6429 6432/6432
f 6433/6433 6434/6434 6435/6435
f 6434/6434 6433/6433 6436/6436
f 6437/6437 6438/6438 6439/6439
f 6438/6438 6437/6437 6440/6440
f 6441/6441 6442/6442 6443/6443
f 6442/6442 6441/6441 6444/6444
f 6439/6439 6445/6445 6447/6447
f 6445/6445 6439/6439 6438/6438
f 6448/6448 6449/6449 6450/6450
f 6449/6449 6448/6448 6451/6451
f 6452/6452 6453/6453 6454/6454
f 6453/6453 6452/6452 6455/6455
f 6456/6456 6457/6457 6458/6458
f 6457/6457 6456/6456 6459/6459
f 6460/6460 6461/6461 6462/6462
f 6461/6461 6460/6460 6463/6463
f 6447/6447 6464/6464 6465/6465
f 6464/6464 6447/6447 6446/6446
f 6466/6466 6467/6467 6468/6468
f 6467/6467 6466/6466 6469/6469
f 6458/6458 6470/6470 6471/6471
f 6470/6470 6458/6458 6457/6457
f 6472/6472 6473/6473 6474/6474
f 6473/6473 6472/6472 6475/6475
f 6476/6476 6477/6477 6478/6478
f 6477/6477 6476/6476 6479/6479
f 6480/6480 6481/6481 6482/6482
f 6483/6483 6484/6484 6485/6485
f 6484/6484 6483/6483 6486/6486
f 6487/6487 6488/6488 6489/6489
f 6490/6490 6491/6491 6492/6492
f 6491/6491 6490/6490 6493/6493
f 6494/6494 6495/6495 6496/6496
f 6497/6497 6498/6498 6499/6499
f 6498/6498 6497/6497 6500/6500
f 6500/6500 6497/6497 6501/6501
f 6500/6500 6501/6501 6502/6502
f 6502/6502 6501/6501 6503/6503
f 6502/6502 6503/6503 6504/6504
f 6505/6505 6506/6506 6507/6507
f 6508/6508 6509/6509 6510/6510
f 6509/6509 6508/6508 6511/6511
f 6511/6511 6508/6508 6512/6512
f 6511/6511 6512/6512 6513/6513
f 6513/6513 6512/6512 6514/6514
f 6513/6513 6514/6514 6515/6515
f 6516/6516 6517/6517 6518/6518
f 6516/6516 6519/6519 6517/6517
f 6519/6519 6516/6516 6520/6520
f 6521/6521 6522/6522 6523/6523
f 6524/6524 6525/6525 6526/6526
f 6525/6525 6524/6524 6527/6527
f 6528/6528 6529/6529 6530/6530
f 6528/6528 6531/6531 6529/6529
f 6531/6531 6528/6528 6532/6532
f 6532/6532 6533/6533 6531/6531
f 6534/6534 6535/6535 6536/6536
f 6520/6520 6537/6537 6519/6519
f 6538/6538 6539/6539 6540/6540
f 6539/6539 6538/6538 6541/6541
f 6542/6542 6543/6543 6544/6544
f 6543/6543 6542/6542 6545/6545
f 6546/6546 6547/6547 6548/6548
f 6547/6547 6546/6546 6549/6549
f 6550/6550 6551/6551 6552/6552
f 6551/6551 6550/6550 6553/6553
f 6554/6554 6555/6555 6556/6556
f 6555/6555 6554/6554 6557/6557
f 6558/6558 6559/6559 6560/6560
f 6559/6559 6558/6558 6561/6561
f 6562/6562 6563/6563 6564/6564
f 6563/6563 6562/6562 6565/6565
f 6566/6566 6567/6567 6568/6568
f 6567/6567 6569/6569 6570/6570
f 6569/6569 6567/6567 6566/6566
f 6569/6569 6566/6566 6571/6571
f 6572/6572 6573/6573 6574/6574
f 6573/6573 6572/6572 6575/6575
f 6576/6576 6577/6577 6578/6578
f 6577/6577 6576/6576 6579/6579
f 6580/6580 6581/6581 6582/6582
f 6581/6581 6580/6580 6583/6583
f 6584/6584 6585/6585 6586/6586
f 6585/6585 6584/6584 6587/6587
f 6588/6588 6589/6589 6590/6590
f 6589/6589 6588/6588 6591/6591
f 6573/6573 6592/6592 6574/6574
f 6593/6593 6594/6594 6595/6595
f 6596/6596 6597/6597 6598/6598
f 6599/6599 6600/6600 6601/6601
f 6602/6602 6603/6603 6604/6604
f 6603/6603 6602/6602 6605/6605
f 6606/6606 6607/6607 6608/6608
f 6607/6607 6606/6606 6609/6609
f 6610/6610 6612/6612 6613/6613
f 6612/6612 6610/6610 6614/6614
f 6615/6615 6616/6616 6617/6617
f 6616/6616 6615/6615 6618/6618
f 6619/6619 6620/6620 6621/6621
f 6620/6620 6622/6622 6623/6623
f 6622/6622 6620/6620 6619/6619
f 6622/6622 6619/6619 6624/6624
f 6625/6625 6626/6626 6627/6627
f 6626/6626 6625/6625 6628/6628
f 6629/6629 6611/6611 6630/6630
f 6611/6611 6629/6629 6614/6614
f 6631/6631 6632/6632 6633/6633
f 6634/6634 6635/6635 6636/6636
f 6637/6637 6638/6638 6639/6639
f 6638/6638 6637/6637 6640/6640
f 6641/6641 6642/6642 6643/6643
f 6642/6642 6641/6641 6644/6644
f 6645/6645 6647/6647 6648/6648
f 6647/6647 6646/6646 6649/6649
f 6650/6650 6651/6651 6652/6652
f 6651/6651 6650/6650 6653/6653
f 6654/6654 6655/6655 6656/6656
f 6655/6655 6654/6654 6657/6657
f 6658/6658 6659/6659 6660/6660
f 6659/6659 6658/6658 6661/6661
f 6662/6662 6663/6663 6664/6664
f 6663/6663 6662/6662 6665/6665
f 6666/6666 6667/6667 6668/6668
f 6667/6667 6666/6666 6669/6669
f 6670/6670 6671/6671 6672/6672
f 6671/6671 6670/6670 6673/6673
f 6671/6671 6673/6673 6674/6674
f 6673/6673 6670/6670 6675/6675
f 6674/6674 6673/6673 6676/6676
f 6677/6677 6678/6678 6679/6679
f 6678/6678 6677/6677 6680/6680
f 6681/6681 6682/6682 6683/6683
f 6682/6682 6681/6681 6684/6684
f 6684/6684 6681/6681 6685/6685
f 6682/6682 6684/6684 6686/6686
f 6684/6684 6685/6685 6687/6687
f 6688/6688 6689/6689 6690/6690
f 6689/6689 6688/6688 6691/6691
f 6692/6692 6693/6693 6694/6694
f 6693/6693 6692/6692 6695/6695
f 6696/6696 6697/6697 6698/6698
f 6697/6697 6696/6696 6699/6699
f 6700/6700 6701/6701 6702/6702
f 6701/6701 6700/6700 6703/6703
f 6704/6704 6680/6680 6677/6677
f 6680/6680 6704/6704 6705/6705
f 6706/6706 6707/6707 6708/6708
f 6707/6707 6706/6706 6709/6709
f 6709/6709 6706/6706 6710/6710
f 6709/6709 6710/6710 6711/6711
f 6711/6711 6710/6710 6712/6712
f 6711/6711 6712/6712 6713/6713
f 6713/6713 6712/6712 6714/6714
f 6713/6713 6714/6714 6715/6715
f 6715/6715 6714/6714 6716/6716
f 6715/6715 6716/6716 6717/6717
f 6718/6718 6719/6719 6720/6720
f 6719/6719 6718/6718 6721/6721
f 6721/6721 6718/6718 6722/6722
f 6721/6721 6722/6722 6723/6723
f 6723/6723 6722/6722 6724/6724
f 6723/6723 6724/6724 6725/6725
f 6725/6725 6724/6724 6726/6726
f 6725/6725 6726/6726 6727/6727
f 6727/6727 6726/6726 6728/6728
f 6727/6727 6728/6728 6729/6729
f 6730/6730 6731/6731 6732/6732
f 6731/6731 6730/6730 6733/6733
f 6731/6731 6734/6734 6735/6735
f 6734/6734 6731/6731 6733/6733
f 6736/6736 6737/6737 6738/6738
f 6737/6737 6736/6736 6739/6739
f 6740/6740 6741/6741 6742/6742
f 6741/6741 6740/6740 6743/6743
f 6744/6744 6745/6745 6746/6746
f 6745/6745 6744/6744 6747/6747
f 6748/6748 6749/6749 6750/6750
f 6749/6749 6748/6748 6751/6751
f 6749/6749 6752/6752 6750/6750
f 6752/6752 6749/6749 6753/6753
f 6753/6753 6754/6754 6752/6752
f 6754/6754 6753/6753 6755/6755
f 6756/6756 6757/6757 6758/6758
f 6757/6757 6756/6756 6759/6759
f 6760/6760 6761/6761 6762/6762
f 6761/6761 6760/6760 6763/6763
f 6764/6764 6765/6765 6766/6766
f 6765/6765 6764/6764 6767/6767
f 6768/6768 6732/6732 6769/6769
f 6732/6732 6768/6768 6730/6730
f 6770/6770 6771/6771 6772/6772
f 6771/6771 6770/6770 6773/6773
f 6774/6774 6775/6775 6776/6776
f 6775/6775 6774/6774 6777/6777
f 6773/6773 6778/6778 6771/6771
f 6778/6778 6773/6773 6779/6779
f 6781/6781 6782/6782 6783/6783
f 6782/6782 6781/6781 6784/6784
f 6785/6785 6786/6786 6787/6787
f 6786/6786 6785/6785 6788/6788
f 6789/6789 6790/6790 6791/6791
f 6790/6790 6789/6789 6792/6792
f 6793/6793 6794/6794 6795/6795
f 6794/6794 6793/6793 6796/6796
f 6778/6778 6797/6797 6798/6798
f 6797/6797 6778/6778 6780/6780
f 6799/6799 6800/6800 6801/6801
f 6800/6800 6799/6799 6802/6802
f 6803/6803 6792/6792 6789/6789
f 6792/6792 6803/6803 6804/6804
f 6805/6805 6806/6806 6807/6807
f 6808/6808 6809/6809 6810/6810
f 6811/6811 6812/6812 6813/6813
f 6812/6812 6811/6811 6814/6814
f 6815/6815 6816/6816 6817/6817
f 6816/6816 6815/6815 6818/6818
f 6819/6819 6820/6820 6821/6821
f 6820/6820 6819/6819 6822/6822
f 6823/6823 6824/6824 6825/6825
f 6824/6824 6823/6823 6826/6826
f 6827/6827 6828/6828 6829/6829
f 6828/6828 6827/6827 6830/6830
f 6831/6831 6832/6832 6833/6833
f 6832/6832 6831/6831 6834/6834
f 6835/6835 6836/6836 6837/6837
f 6836/6836 6835/6835 6838/6838
f 6839/6839 6840/6840 6841/6841
f 6840/6840 6839/6839 6842/6842
f 6843/6843 6844/6844 6845/6845
f 6844/6844 6843/6843 6846/6846
f 6847/6847 6848/6848 6849/6849
f 6848/6848 6847/6847 6850/6850
f 6851/6851 6852/6852 6853/6853
f 6852/6852 6851/6851 6854/6854
f 6852/6852 6854/6854 6855/6855
f 6855/6855 6854/6854 6856/6856
f 6855/6855 6857/6857 6852/6852
f 6858/6858 6859/6859 6860/6860
f 6859/6859 6858/6858 6861/6861
f 6862/6862 6863/6863 6864/6864
f 6863/6863 6865/6865 6866/6866
f 6865/6865 6863/6863 6867/6867
f 6867/6867 6863/6863 6862/6862
f 6867/6867 6862/6862 6868/6868
f 6869/6869 6870/6870 6871/6871
f 6870/6870 6869/6869 6872/6872
f 6873/6873 6874/6874 6875/6875
f 6874/6874 6873/6873 6876/6876
f 6877/6877 6878/6878 6879/6879
f 6878/6878 6877/6877 6880/6880
f 6881/6881 6882/6882 6883/6883
f 6882/6882 6881/6881 6884/6884
f 6885/6885 6861/6861 6858/6858
f 6861/6861 6885/6885 6886/6886
f 6887/6887 6888/6888 6889/6889
f 6888/6888 6887/6887 6890/6890
f 6890/6890 6887/6887 6891/6891
f 6890/6890 6891/6891 6892/6892
f 6892/6892 6891/6891 6893/6893
f 6892/6892 6893/6893 6894/6894
f 6894/6894 6893/6893 6895/6895
f 6894/6894 6895/6895 6896/6896
f 6896/6896 6895/6895 6897/6897
f 6896/6896 6897/6897 6898/6898
f 6899/6899 6900/6900 6901/6901
f 6900/6900 6899/6899 6902/6902
f 6900/6900 6903/6903 6904/6904
f 6903/6903 6900/6900 6902/6902
f 6905/6905 6906/6906 6907/6907
f 6906/6906 6905/6905 6908/6908
f 6909/6909 6910/6910 6911/6911
f 6910/6910 6909/6909 6912/6912
f 6913/6913 6914/6914 6915/6915
f 6914/6914 6913/6913 6916/6916
f 6917/6917 6918/6918 6919/6919
f 6918/6918 6917/6917 6920/6920
f 6918/6918 6921/6921 6919/6919
f 6921/6921 6918/6918 6922/6922
f 6922/6922 6923/6923 6921/6921
f 6923/6923 6922/6922 6924/6924
f 6925/6925 6926/6926 6927/6927
f 6926/6926 6925/6925 6928/6928
f 6929/6929 6930/6930 6931/6931
f 6930/6930 6929/6929 6932/6932
f 6933/6933 6934/6934 6935/6935
f 6934/6934 6933/6933 6936/6936
f 6937/6937 6901/6901 6938/6938
f 6901/6901 6937/6937 6899/6899
f 6939/6939 6940/6940 6941/6941
f 6940/6940 6939/6939 6942/6942
f 6943/6943 6944/6944 6945/6945
f 6944/6944 6943/6943 6946/6946
f 6947/6947 6948/6948 6949/6949
f 6948/6948 6947/6947 6950/6950
f 6951/6951 6952/6952 6953/6953
f 6952/6952 6951/6951 6954/6954
f 6955/6955 6956/6956 6957/6957
f 6956/6956 6955/6955 6958/6958
f 6959/6959 6960/6960 6961/6961
f 6960/6960 6959/6959 6962/6962
f 6963/6963 6964/6964 6965/6965
f 6964/6964 6963/6963 6966/6966
f 6967/6967 6968/6968 6969/6969
f 6968/6968 6967/6967 6970/6970
f 6971/6971 6972/6972 6973/6973
f 6972/6972 6971/6971 6974/6974
f 6975/6975 6976/6976 6977/6977
f 6976/6976 6975/6975 6978/6978
f 6979/6979 6980/6980 6981/6981
f 6980/6980 6979/6979 6982/6982
f 6983/6983 6984/6984 6985/6985
f 6984/6984 6983/6983 6986/6986

