# https://github.com/mikedh/trimesh
v 2.71786141 0.08704765 -1.11688181
v 2.71786018 0.07660258 -1.11689823
v 2.71577263 0.08190257 -1.11696100
v 2.72298941 0.08917623 -1.11691710
v 2.72292698 0.07446373 -1.11699294
v 2.72823078 0.08702337 -1.11693817
v 2.72829818 0.07669556 -1.11692711
v 2.73051263 0.08180758 -1.11689883
v 2.73048536 0.08185231 -1.11696334
v 2.72821962 0.08702847 -1.11184362
v 2.73037265 0.08183445 -1.11186597
v 2.72830579 0.08706808 -1.11689860
v 2.72823541 0.07662650 -1.11687335
v 2.73052012 0.08177259 -1.11176740
v 2.72835322 0.07668017 -1.11184101
v 2.73041363 0.08193267 -1.11680405
v 2.72838007 0.07671162 -1.11689848
v 2.72299278 0.07447636 -1.11181792
v 2.72298806 0.07449990 -1.11689421
v 2.72831493 0.07656438 -1.11189558
v 2.72303825 0.07440770 -1.11175412
v 2.71782479 0.07665352 -1.11693477
v 2.72315726 0.07455441 -1.11688222
v 2.71772418 0.07663721 -1.11181631
v 2.71575495 0.08181037 -1.11174925
v 2.71777621 0.07659517 -1.11686445
v 2.71785689 0.07675211 -1.11184549
v 2.71565850 0.08182453 -1.11698382
v 2.71777873 0.08709258 -1.11182235
v 2.71577207 0.08180231 -1.11682002
v 2.71567887 0.08193953 -1.11188209
v 2.71781067 0.08707015 -1.11685877
v 2.71786349 0.08702094 -1.11193561
v 2.72298139 0.08924257 -1.11686123
v 2.71784432 0.08699214 -1.11686810
v 2.72298853 0.08917094 -1.11182001
v 2.72293140 0.08923571 -1.11695380
v 2.72828036 0.08705098 -1.11184469
v 2.72831482 0.08701076 -1.11683582
v 2.72310674 0.08926266 -1.11178797
v 2.73047853 0.08189650 -1.11185214
v 2.73065569 0.08951597 -1.10324051
v 2.73383952 0.08186200 -1.10322867
v 2.72821325 0.08699399 -1.11184078
v 2.72829506 0.07671205 -1.11185741
v 2.73398472 0.08192939 -1.10312741
v 2.73060039 0.07423804 -1.10317516
v 2.73045710 0.08186864 -1.11183404
v 2.72829274 0.07661299 -1.11196863
v 2.72305755 0.07093722 -1.10313153
v 2.72304695 0.07448154 -1.11190665
v 2.73070966 0.07416497 -1.10328268
v 2.72308168 0.07097832 -1.10326503
v 2.71771271 0.07666437 -1.11187413
v 2.72303274 0.07446271 -1.11174958
v 2.71538037 0.07417075 -1.10328278
v 2.71230164 0.08190083 -1.10313231
v 2.71785681 0.07668815 -1.11183474
v 2.71541943 0.07415668 -1.10328201
v 2.71575642 0.08173277 -1.11187073
v 2.71537125 0.08946249 -1.10315905
v 2.71568400 0.08182103 -1.11182597
v 2.71217651 0.08192860 -1.10317447
v 2.71782606 0.08694089 -1.11193364
v 2.71544733 0.08952094 -1.10321185
v 2.72316078 0.08913738 -1.11189110
v 2.71782616 0.08708998 -1.11189569
v 2.72302782 0.09261043 -1.10315220
v 2.72311146 0.08918489 -1.11184697
v 2.73066359 0.08949613 -1.10311399
v 2.72828192 0.08719155 -1.11190297
v 2.72309815 0.09269348 -1.10316184
v 2.73392291 0.08181371 -1.10324629
v 2.73092038 0.08951937 -1.09585335
v 2.73388513 0.08188672 -1.09576400
v 2.73081990 0.08958298 -1.10320415
v 2.73071193 0.07410645 -1.10323641
v 2.73383655 0.08191773 -1.09564082
v 2.73066574 0.07409603 -1.09583873
v 2.73386655 0.08166376 -1.10326247
v 2.73081615 0.07414528 -1.10314482
v 2.72303516 0.07108830 -1.09572280
v 2.72304146 0.07113495 -1.10321429
v 2.73066780 0.07417755 -1.09573683
v 2.72312679 0.07093027 -1.09568713
v 2.71543354 0.07412631 -1.10318555
v 2.72301502 0.07112278 -1.10323666
v 2.71535661 0.07410285 -1.09575493
v 2.71220424 0.08189201 -1.09577051
v 2.71537236 0.07408220 -1.10324392
v 2.71554566 0.07422699 -1.09578058
v 2.71212580 0.08178929 -1.10319645
v 2.71538535 0.08948007 -1.09581034
v 2.71228839 0.08187338 -1.10321724
v 2.71219159 0.08181557 -1.09590752
v 2.71539012 0.08946085 -1.10325425
v 2.71534558 0.08956707 -1.09580350
v 2.72297946 0.09274270 -1.10315073
v 2.71532680 0.08955706 -1.10321235
v 2.72308172 0.09263071 -1.09568547
v 2.72313486 0.09274254 -1.10316228
v 2.73051750 0.08953928 -1.09573604
v 2.73073108 0.08948677 -1.10319191
v 2.72308824 0.09268946 -1.09576184
v 2.71545575 0.07410053 -1.09567385
v 2.71539372 0.08947654 -1.09575162
v 2.71215039 0.08188654 -1.09571404
v 2.72303116 0.07091964 -1.09571676
v 2.72312037 0.09269830 -1.09570989
v 2.73071759 0.07416963 -1.09575170
v 2.73075707 0.08943498 -1.09569659
v 2.73390979 0.08186790 -1.09575459
v 2.15293635 2.70324018 -1.03849483
v 2.15112278 2.70324215 -1.07349974
v 2.15300366 2.70331976 -1.07352823
v 2.15113918 2.70329211 -1.03856606
v 2.15301708 2.70334003 -1.07360371
v 2.15134255 2.70328010 -1.07356544
v 2.14816550 2.70973355 -1.07353527
v 2.15293037 2.70335315 -1.03850637
v 2.14799759 2.70985422 -1.03850911
v 2.15120080 2.70325514 -1.03862198
v 2.15292475 2.70326520 -1.07355869
v 2.14812641 2.70975796 -1.07353687
v 2.15296074 2.70981704 -1.07357811
v 2.15288194 2.70979202 -1.03852253
v 2.14809197 2.70980497 -1.03862900
v 2.15283034 2.70325232 -1.03855767
v 2.15287058 2.70970778 -1.07357107
v 2.14712897 2.71610627 -1.07349197
v 2.15296431 2.70970817 -1.03857710
v 2.14713130 2.71619677 -1.03855965
v 2.14817253 2.70967194 -1.03854353
v 2.15294364 2.72257322 -1.07347924
v 2.14708078 2.71629030 -1.07359269
v 2.14721972 2.72252840 -1.07344582
v 2.15289481 2.70974581 -1.07351048
v 2.15298233 2.70971754 -1.03873971
v 2.14712075 2.72260528 -1.03859069
v 2.14721088 2.71622528 -1.03857360
v 2.15282972 2.72267600 -1.03850093
v 2.15289985 2.72271866 -1.07353418
v 2.14709853 2.72258527 -1.07345012
v 2.14802338 2.72914236 -1.07356644
v 2.15297371 2.72262653 -1.03857382
v 2.14814227 2.72893904 -1.03848476
v 2.14716178 2.72256249 -1.03852060
v 2.15297993 2.72263980 -1.07339582
v 2.14814228 2.72910302 -1.07354543
v 2.15292376 2.72906057 -1.07351467
v 2.15293525 2.72905251 -1.03851500
v 2.14807263 2.72900680 -1.03861354
v 2.15286494 2.72266353 -1.03856972
v 2.15296384 2.72895097 -1.07362781
v 2.14801681 2.72909496 -1.07345070
v 2.15124271 2.73541020 -1.07352133
v 2.15289994 2.72900708 -1.03871239
v 2.15117260 2.73544626 -1.03847540
v 2.14808808 2.72910994 -1.03858793
v 2.15290259 2.72879767 -1.07348632
v 2.15125538 2.73556137 -1.07354230
v 2.15292303 2.73541589 -1.07358292
v 2.15287547 2.73543713 -1.03848488
v 2.15122327 2.73541088 -1.03855638
v 2.15293030 2.72898756 -1.03849738
v 2.15111189 2.73544488 -1.03852556
v 2.15283863 2.73547874 -1.07343745
v 2.15124987 2.73535788 -1.07355652
v 2.15299008 2.73547504 -1.03856532
v 2.15972082 2.52491293 -1.09577590
v 2.15967772 2.54023684 -1.09576621
v 2.15650337 2.53262392 -1.09579118
v 2.16748412 2.52180018 -1.09583511
v 2.16736230 2.54342961 -1.09577898
v 2.17500761 2.52485647 -1.09569061
v 2.17502114 2.54033604 -1.09571707
v 2.17822882 2.53263284 -1.09569726
v 2.15653299 2.53252795 -1.09562729
v 2.15974265 2.52485847 -1.10328771
v 2.15971680 2.52480307 -1.09583525
v 2.15649478 2.53256404 -1.10311923
v 2.16738725 2.52173694 -1.09580638
v 2.15969350 2.52487777 -1.10314399
v 2.16737744 2.52173683 -1.10322450
v 2.15971591 2.52489489 -1.09580779
v 2.17506161 2.52485158 -1.10330697
v 2.16742707 2.52166813 -1.09578438
v 2.16734838 2.52169760 -1.10310595
v 2.17504149 2.52489829 -1.09565323
v 2.17508270 2.52493341 -1.10322286
v 2.17828029 2.53254404 -1.09567086
v 2.17499214 2.52482452 -1.09565941
v 2.17822331 2.53252631 -1.10319022
v 2.17819424 2.53262593 -1.10326839
v 2.17504240 2.54024887 -1.09574031
v 2.17818760 2.53249629 -1.09570910
v 2.17499056 2.54026650 -1.10328459
v 2.16733791 2.54341156 -1.10326856
v 2.17508968 2.54022733 -1.09579520
v 2.17496178 2.54013619 -1.10319178
v 2.16730245 2.54332901 -1.09574778
v 2.15982900 2.54024478 -1.09568921
v 2.16738314 2.54345555 -1.10327392
v 2.15966946 2.54024382 -1.10319585
v 2.16735929 2.54337019 -1.09574938
v 2.15964921 2.54008574 -1.09580453
v 2.15653925 2.53263919 -1.10308794
v 2.15651693 2.53260009 -1.09568066
v 2.15965404 2.54012839 -1.10319297
v 2.15990350 2.53252861 -1.11182031
v 2.15961116 2.52487236 -1.10312173
v 2.15653253 2.53257823 -1.10314137
v 2.15979692 2.52487937 -1.10312235
v 2.16216175 2.52731020 -1.11183759
v 2.16733491 2.52165569 -1.10323060
v 2.17491603 2.52487667 -1.10326925
v 2.16736429 2.52177488 -1.10322548
v 2.16733867 2.52526178 -1.11182395
v 2.17829240 2.53252652 -1.10315072
v 2.17501084 2.52483063 -1.10315966
v 2.17254531 2.52738757 -1.11171523
v 2.17495193 2.54018411 -1.10312880
v 2.17822632 2.53261586 -1.10325430
v 2.17476317 2.53253858 -1.11184787
v 2.16739011 2.53984557 -1.11191942
v 2.17513371 2.54024570 -1.10318852
v 2.17257797 2.53778147 -1.11192424
v 2.16731175 2.54348628 -1.10318588
v 2.16742070 2.54337374 -1.10311368
v 2.16739095 2.53994580 -1.11182381
v 2.15964787 2.54011850 -1.10325811
v 2.15979089 2.54030505 -1.10321523
v 2.16214775 2.53782154 -1.11186606
v 2.15643468 2.53262202 -1.10316668
v 2.16201728 2.53774202 -1.11184767
v 2.16003568 2.53255642 -1.11189359
v 2.15650441 2.53256482 -1.10321058
v 2.15998541 2.53262122 -1.11191191
v 2.16214494 2.52722270 -1.11182426
v 2.15974362 2.52490277 -1.10314072
v 2.16739657 2.52170963 -1.10316687
v 2.16214978 2.52741239 -1.11187667
v 2.16728445 2.52523149 -1.11174710
v 2.17499470 2.52486447 -1.10323517
v 2.16734818 2.52518414 -1.11192930
v 2.17256421 2.52725601 -1.11188961
v 2.17467377 2.53248506 -1.11195747
v 2.17830670 2.53257745 -1.10330776
v 2.17254540 2.52730288 -1.11189684
v 2.17496603 2.54027287 -1.10321811
v 2.17477123 2.53257849 -1.11177510
v 2.17247364 2.53786290 -1.11178138
v 2.16740437 2.54005788 -1.11690708
v 2.17262896 2.53771696 -1.11178930
v 2.17259045 2.53773388 -1.11679443
v 2.16735265 2.53991797 -1.11186776
v 2.15965030 2.54025972 -1.10315129
v 2.16739148 2.53977838 -1.11179675
v 2.16214489 2.53768881 -1.11182059
v 2.16219869 2.53769901 -1.11171047
v 2.15993606 2.53244535 -1.11698715
v 2.16009103 2.53253709 -1.11187806
v 2.16216187 2.53772532 -1.11695982
v 2.15996955 2.53258916 -1.11179602
v 2.16210337 2.52735647 -1.11687272
v 2.16210180 2.52731277 -1.11191729
v 2.15993126 2.53255346 -1.11696252
v 2.16740779 2.52517969 -1.11183183
v 2.16214831 2.52730497 -1.11692450
v 2.16737031 2.52513984 -1.11689402
v 2.16220951 2.52735169 -1.11175518
v 2.17254331 2.52737305 -1.11694324
v 2.16738443 2.52513253 -1.11179044
v 2.16738098 2.52525167 -1.11699375
v 2.17255149 2.52728979 -1.11188748
v 2.17253976 2.52733527 -1.11692017
v 2.17474124 2.53251473 -1.11184509
v 2.17263215 2.52728922 -1.11185608
v 2.17473929 2.53257505 -1.11692292
v 2.17474273 2.53248906 -1.11691788
v 2.17252625 2.53779085 -1.11186222
v 2.17474600 2.53249495 -1.11180878
v 2.17262135 2.53781122 -1.11678793
v 2.16216243 2.53783137 -1.11692645
v 2.16218875 2.52736390 -1.11690357
v 2.16004611 2.53252955 -1.11691674
v 2.16740214 2.54002043 -1.11696878
v 2.16726420 2.52515291 -1.11691386
v 2.17259088 2.53776590 -1.11684947
v 2.17263807 2.52733947 -1.11694682
v 2.17472327 2.53252646 -1.11693245
v 2.16207287 2.53773331 -1.11188117
v 2.16735948 2.53990247 -1.11687956
v 2.16213419 2.53773463 -1.11688723
v 2.16735674 2.53993020 -1.11181670
v 2.19122847 2.58848718 -1.10306064
v 2.19223012 2.56741177 -1.07585049
v 2.18531094 2.57419673 -1.10310572
v 2.18520889 2.57422844 -1.10297038
v 2.17108782 2.55871980 -1.07582095
v 2.17107933 2.55875225 -1.07578645
v 2.17101740 2.56844774 -1.10311239
v 2.19217946 2.56744079 -1.07583842
v 2.19225586 2.56744628 -1.07591365
v 2.15688867 2.60269011 -1.10308294
v 2.15690376 2.57431561 -1.10303041
v 2.15097848 2.58848273 -1.10308514
v 2.15690350 2.58840586 -1.10303216
v 2.16111407 2.59847673 -1.10311660
v 2.17110977 2.60849831 -1.10310365
v 2.17111088 2.60253690 -1.10300964
v 2.18546634 2.60270052 -1.10311051
v 2.18110951 2.59838477 -1.10307132
v 2.18529600 2.58850717 -1.10310985
v 2.16113335 2.57853661 -1.10294567
v 2.17107932 2.56833547 -1.10304586
v 2.17094810 2.57429611 -1.10306503
v 2.18109843 2.57837516 -1.10306354
v 2.18527407 2.57431312 -1.10310318
v 2.19118698 2.58845872 -1.10301563
v 2.19105362 2.58845237 -1.10300432
v 2.20089910 2.58838248 -1.07580151
v 2.19220978 2.56738549 -1.07588908
v 2.17107697 2.55865492 -1.03507705
v 2.19207681 2.56735611 -1.03502910
v 2.17109073 2.55866895 -1.07581582
v 2.17117343 2.55880324 -1.07577764
v 2.15683377 2.57411196 -1.10305463
v 2.17112481 2.56831793 -1.10303304
v 2.15000120 2.56742515 -1.07583993
v 2.15006980 2.56729873 -1.07584658
v 2.17111185 2.61818845 -1.07570985
v 2.17108875 2.60864131 -1.10308821
v 2.15690296 2.60274324 -1.10303117
v 2.19220126 2.60955913 -1.07590124
v 2.18529687 2.60261714 -1.10303744
v 2.17108856 2.60855682 -1.10305362
v 2.19120147 2.58847040 -1.10308750
v 2.19212784 2.60950432 -1.07575762
v 2.19221199 2.60957804 -1.07573945
v 2.20085092 2.58850249 -1.07588409
v 2.20090071 2.58850097 -1.07572564
v 2.18527374 2.60266791 -1.10298095
v 2.14122814 2.58849378 -1.07583891
v 2.14126397 2.58848108 -1.07578570
v 2.15686277 2.57429088 -1.10303885
v 2.14997322 2.56749295 -1.07575654
v 2.14999572 2.56736687 -1.07577534
v 2.15100353 2.58836405 -1.10298727
v 2.15004690 2.60965581 -1.07579969
v 2.15005764 2.60971281 -1.07583088
v 2.15097664 2.58848595 -1.10298215
v 2.14124727 2.58841893 -1.07579425
v 2.14112754 2.58840807 -1.07577388
v 2.15688194 2.60257767 -1.10293562
v 2.20083731 2.58844161 -1.03504742
v 2.19219484 2.56737966 -1.03503023
v 2.15004977 2.56739632 -1.03501997
v 2.14990623 2.60956944 -1.03510821
v 2.14118827 2.58855383 -1.03510120
v 2.15013999 2.58842693 -1.03506544
v 2.15630535 2.57356861 -1.03500351
v 2.17114303 2.55874201 -1.03504527
v 2.17118227 2.56758184 -1.03493198
v 2.19222447 2.56742789 -1.03485759
v 2.18609098 2.57358521 -1.03497105
v 2.19214240 2.58847670 -1.03501643
v 2.15630559 2.60337065 -1.03501257
v 2.17114062 2.61835442 -1.03500674
v 2.17115272 2.60952276 -1.03492924
v 2.18603176 2.60333765 -1.03501322
v 2.19211785 2.60956066 -1.03508657
v 2.20086008 2.58851077 -1.03503139
v 2.17114843 2.55863646 -1.03495469
v 2.15005486 2.56747140 -1.03498579
v 2.17113034 2.61824421 -1.07581889
v 2.19223872 2.60958456 -1.07589119
v 2.17118103 2.60854682 -1.10300104
v 2.17107951 2.61830998 -1.07586768
v 2.15692413 2.60265593 -1.10306589
v 2.15001301 2.60953441 -1.07592330
v 2.19224159 2.60960012 -1.03505155
v 2.20083912 2.58843434 -1.03496963
v 2.14135277 2.58845475 -1.03497260
v 2.14998503 2.56736533 -1.03499750
v 2.15004074 2.60950874 -1.03517347
v 2.14135546 2.58849151 -1.03512815
v 2.19222531 2.60954261 -1.03500904
v 2.17117629 2.61822881 -1.03498342
v 2.15008668 2.60958832 -1.03492908
v 2.17115942 2.61823932 -1.03491951
v 2.15962959 2.63703618 -1.09579098
v 2.15968877 2.65248518 -1.09565770
v 2.15653854 2.64470851 -1.09576677
v 2.16733507 2.63393858 -1.09578757
v 2.16742154 2.65560050 -1.09572402
v 2.17514033 2.63703544 -1.09563626
v 2.17496823 2.65237283 -1.09582715
v 2.17819087 2.64477876 -1.09569069
v 2.15652930 2.64476015 -1.09580328
v 2.15961665 2.63708135 -1.10311538
v 2.15967337 2.63698871 -1.09582449
v 2.15647113 2.64483748 -1.10320703
v 2.16730945 2.63384654 -1.09576265
v 2.15971047 2.63702456 -1.10324722
v 2.16735953 2.63391006 -1.10315254
v 2.15972726 2.63703649 -1.09583402
v 2.17500422 2.63708018 -1.10327336
v 2.16738549 2.63384769 -1.09576846
v 2.16743656 2.63389533 -1.10311406
v 2.17499593 2.63713006 -1.09568060
v 2.17487482 2.63705825 -1.10310393
v 2.17828070 2.64471841 -1.09574787
v 2.17497450 2.63707560 -1.09583980
v 2.17817505 2.64481035 -1.10319600
v 2.17821345 2.64473818 -1.10303325
v 2.17511226 2.65237572 -1.09563596
v 2.17822963 2.64478800 -1.09576872
v 2.17499602 2.65246866 -1.10324009
v 2.16732457 2.65565531 -1.10326325
v 2.17496765 2.65245353 -1.09584963
v 2.17500698 2.65239987 -1.10327405
v 2.16730477 2.65564165 -1.09571693
v 2.15963911 2.65245261 -1.09564465
v 2.16729505 2.65560603 -1.10307833
v 2.15973083 2.65246934 -1.10320658
v 2.16732359 2.65566978 -1.09569564
v 2.15969179 2.65239400 -1.09583713
v 2.15652042 2.64470366 -1.10320256
v 2.15655076 2.64479273 -1.09569180
v 2.15982768 2.65249006 -1.10323875
v 2.15646302 2.64488158 -1.10323387
v 2.16216293 2.63963817 -1.11175508
v 2.15969161 2.63707770 -1.10329112
v 2.15995381 2.64472290 -1.11185647
v 2.15967578 2.63707242 -1.10306561
v 2.16219288 2.63955356 -1.11185603
v 2.16736048 2.63395509 -1.10325319
v 2.17504387 2.63699889 -1.10318966
v 2.16737762 2.63393668 -1.10312423
v 2.16740967 2.63747000 -1.11176255
v 2.17825344 2.64476641 -1.10330887
v 2.17507014 2.63706315 -1.10329427
v 2.17255515 2.63959178 -1.11192912
v 2.17512744 2.65244939 -1.10320825
v 2.17822648 2.64479331 -1.10327912
v 2.17486389 2.64469649 -1.11190122
v 2.16744253 2.65215699 -1.11177805
v 2.17511289 2.65244359 -1.10326999
v 2.17255271 2.64996515 -1.11185715
v 2.16724966 2.65566395 -1.10309280
v 2.16745686 2.65554245 -1.10316910
v 2.16724532 2.65221001 -1.11197043
v 2.15971901 2.65248991 -1.10311871
v 2.15971509 2.65233742 -1.10320075
v 2.16214972 2.64997516 -1.11179794
v 2.15655024 2.64486941 -1.10315584
v 2.16214262 2.65004949 -1.11187467
v 2.16002393 2.64475507 -1.11199124
v 2.15652754 2.64476147 -1.10320714
v 2.15999900 2.64466874 -1.11185128
v 2.16225407 2.63952493 -1.11694992
v 2.16212972 2.63965421 -1.11193598
v 2.16005710 2.64475098 -1.11680598
v 2.16744786 2.63387724 -1.10328561
v 2.16224976 2.63962127 -1.11192123
v 2.16741451 2.63732724 -1.11190187
v 2.17495646 2.63711841 -1.10317882
v 2.16739974 2.63745999 -1.11181674
v 2.17261501 2.63957951 -1.11191886
v 2.17474162 2.64467335 -1.11190916
v 2.17822945 2.64480698 -1.10307353
v 2.17251663 2.63954558 -1.11186031
v 2.17508233 2.65245573 -1.10317344
v 2.17468667 2.64476767 -1.11180356
v 2.17255032 2.65007001 -1.11186998
v 2.16733326 2.65212790 -1.11693433
v 2.17250002 2.64995192 -1.11176212
v 2.17269855 2.64992005 -1.11686582
v 2.16737841 2.65212717 -1.11178147
v 2.15974502 2.65243051 -1.10324951
v 2.16730439 2.65210667 -1.11183707
v 2.16219517 2.64999953 -1.11179842
v 2.16202395 2.65000669 -1.11191785
v 2.16007296 2.64476425 -1.11688201
v 2.15997546 2.64476107 -1.11196614
v 2.16223005 2.64993397 -1.11707169
v 2.16222807 2.65005225 -1.11697077
v 2.16223697 2.63949120 -1.11705269
v 2.15998624 2.64476363 -1.11691129
v 2.16737671 2.65212791 -1.11690640
v 2.16735788 2.63733899 -1.11693481
v 2.17255985 2.64993561 -1.11698414
v 2.17254860 2.63954021 -1.11690093
v 2.17473988 2.64473359 -1.11688767
v 2.16741859 2.63741449 -1.11195923
v 2.16213870 2.63957694 -1.11688879
v 2.16741066 2.63739294 -1.11696944
v 2.16223756 2.63945527 -1.11179806
v 2.17257960 2.63944861 -1.11694250
v 2.16744153 2.63733975 -1.11192746
v 2.16735359 2.63732622 -1.11699284
v 2.17260634 2.63958239 -1.11188864
v 2.17261142 2.63951257 -1.11692503
v 2.17475092 2.64483239 -1.11182623
v 2.17252170 2.63956576 -1.11186917
v 2.17471618 2.64469494 -1.11692070
v 2.17474011 2.64472072 -1.11700112
v 2.17247999 2.64996100 -1.11184564
v 2.17487227 2.64473389 -1.11179596
v 2.17265098 2.64994986 -1.11691463
v 2.16214020 2.65005805 -1.11194501
v 2.16736827 2.65219199 -1.11692550
v 2.16213189 2.64996718 -1.11688811
v 2.16740404 2.65212704 -1.11181194
v 2.15975054 2.48693918 -1.09575648
v 2.15974606 2.50239115 -1.09572034
v 2.15655085 2.49474146 -1.09578471
v 2.16729832 2.48375542 -1.09562465
v 2.16730848 2.50552954 -1.09574509
v 2.17511202 2.48690198 -1.09573647
v 2.17512282 2.50242805 -1.09571004
v 2.17821949 2.49478892 -1.09583266
v 2.15656903 2.49471530 -1.09569934
v 2.15971048 2.48701648 -1.10313995
v 2.15962689 2.48693095 -1.09572459
v 2.15651430 2.49469501 -1.10310109
v 2.16733648 2.48386766 -1.09571151
v 2.15983425 2.48692178 -1.10322696
v 2.16734369 2.48390120 -1.10324310
v 2.15979250 2.48709855 -1.09568316
v 2.17507704 2.48691271 -1.10318406
v 2.16728632 2.48380203 -1.09572219
v 2.16735241 2.48387941 -1.10320240
v 2.17496003 2.48694194 -1.09580921
v 2.17503263 2.48707790 -1.10316499
v 2.17825487 2.49460963 -1.09559458
v 2.17504960 2.48714679 -1.09578526
v 2.17820141 2.49483852 -1.10325812
v 2.17825953 2.49466544 -1.10324271
v 2.17517859 2.50230321 -1.09568128
v 2.17829992 2.49462575 -1.09584593
v 2.17494636 2.50231526 -1.10318167
v 2.16739037 2.50553223 -1.10320099
v 2.17510866 2.50240762 -1.09571184
v 2.17501492 2.50240818 -1.10318411
v 2.16732655 2.50550938 -1.09566177
v 2.15980355 2.50233116 -1.09585659
v 2.16740522 2.50549015 -1.10315163
v 2.15967267 2.50249372 -1.10318818
v 2.16742380 2.50547178 -1.09590026
v 2.15970280 2.50237780 -1.09569172
v 2.15647860 2.49460925 -1.10328908
v 2.15654382 2.49472721 -1.09578575
v 2.15966371 2.50231946 -1.10330645
v 2.15652296 2.49473521 -1.10320795
v 2.16208172 2.48946479 -1.11177575
v 2.15982031 2.48702025 -1.10324127
v 2.15989034 2.49459428 -1.11186137
v 2.15970813 2.48701951 -1.10321028
v 2.16207461 2.48938359 -1.11184746
v 2.16732203 2.48390027 -1.10328074
v 2.17515067 2.48696513 -1.10318164
v 2.16738375 2.48380313 -1.10331342
v 2.16734218 2.48740507 -1.11193160
v 2.17812633 2.49467247 -1.10321909
v 2.17497510 2.48696006 -1.10322313
v 2.17255624 2.48948606 -1.11181450
v 2.17507407 2.50238250 -1.10309580
v 2.17829939 2.49451375 -1.10321619
v 2.17465077 2.49464476 -1.11181071
v 2.16735875 2.50202615 -1.11177855
v 2.17496267 2.50235684 -1.10316246
v 2.17258199 2.49982587 -1.11185747
v 2.16741818 2.50556441 -1.10317607
v 2.16738872 2.50555133 -1.10326792
v 2.16735239 2.50207677 -1.11203963
v 2.15973943 2.50238225 -1.10325867
v 2.15965085 2.50235036 -1.10317043
v 2.16214349 2.49996316 -1.11183180
v 2.15646489 2.49465760 -1.10318138
v 2.16220844 2.49993447 -1.11186189
v 2.16001613 2.49468388 -1.11180771
v 2.15645313 2.49472088 -1.10330393
v 2.16003390 2.49470046 -1.11185616
v 2.16203988 2.48956878 -1.11686622
v 2.16216703 2.48950350 -1.11191148
v 2.16003751 2.49477728 -1.11698856
v 2.16752925 2.48379765 -1.10314604
v 2.16211686 2.48949947 -1.11193119
v 2.16733178 2.48730190 -1.11189477
v 2.17503705 2.48706189 -1.10327003
v 2.16730016 2.48731814 -1.11188938
v 2.17252143 2.48948425 -1.11188939
v 2.17476346 2.49468302 -1.11186799
v 2.17823084 2.49474565 -1.10311737
v 2.17257116 2.48941579 -1.11194518
v 2.17491968 2.50229308 -1.10324500
v 2.17474056 2.49457457 -1.11177191
v 2.17264323 2.49996777 -1.11188635
v 2.16738498 2.50199558 -1.11682785
v 2.17250910 2.49986415 -1.11177227
v 2.17272726 2.49988901 -1.11694356
v 2.16722290 2.50215216 -1.11183798
v 2.15958383 2.50241370 -1.10315862
v 2.16734973 2.50201853 -1.11181312
v 2.16217931 2.49992309 -1.11178388
v 2.16223582 2.49993922 -1.11182165
v 2.15993202 2.49461965 -1.11687093
v 2.16004545 2.49471589 -1.11180663
v 2.16213289 2.49992769 -1.11697742
v 2.16216920 2.49994916 -1.11695903
v 2.16228058 2.48954329 -1.11683832
v 2.15999488 2.49460353 -1.11696031
v 2.16740311 2.50203495 -1.11687666
v 2.16737947 2.48728062 -1.11686412
v 2.17266021 2.49985127 -1.11688900
v 2.17258979 2.48949302 -1.11692529
v 2.17466985 2.49476841 -1.11698064
v 2.16731931 2.48735403 -1.11184554
v 2.16211863 2.48943773 -1.11692850
v 2.16734491 2.48735346 -1.11698775
v 2.16218693 2.48956664 -1.11184427
v 2.17252823 2.48943387 -1.11691658
v 2.16733383 2.48738811 -1.11196456
v 2.16746717 2.48719607 -1.11692157
v 2.17251676 2.48952479 -1.11190174
v 2.17251381 2.48945644 -1.11694337
v 2.17462965 2.49471214 -1.11199710
v 2.17264987 2.48945702 -1.11179999
v 2.17470827 2.49463864 -1.11688076
v 2.17470924 2.49459419 -1.11692429
v 2.17249944 2.49989365 -1.11177490
v 2.17480037 2.49468547 -1.11186590
v 2.17256190 2.49985685 -1.11689824
v 2.16215623 2.49987192 -1.11184023
v 2.16725169 2.50216666 -1.11688203
v 2.16208341 2.49990119 -1.11698568
v 2.16733883 2.50199866 -1.11179181
v 2.15280432 2.66541659 -1.03866205
v 2.15122194 2.66541875 -1.07359650
v 2.15300230 2.66552958 -1.07354686
v 2.15125389 2.66542870 -1.03855055
v 2.15300775 2.66542164 -1.07340804
v 2.15120617 2.66543196 -1.07340231
v 2.14809483 2.67175071 -1.07350038
v 2.15284196 2.66533952 -1.03862043
v 2.14809782 2.67180483 -1.03864745
v 2.15120077 2.66546131 -1.03860592
v 2.15284051 2.66530946 -1.07355935
v 2.15296722 2.67192946 -1.07346709
v 2.15290715 2.67187804 -1.03849020
v 2.14802743 2.67189187 -1.03867512
v 2.15295768 2.66541090 -1.03863298
v 2.15296301 2.67180495 -1.07356472
v 2.14725607 2.67823778 -1.07355227
v 2.15287723 2.67191666 -1.03867306
v 2.14723920 2.67828507 -1.03858356
v 2.14802578 2.67186185 -1.03847826
v 2.15293002 2.68467742 -1.07353409
v 2.14719701 2.67830443 -1.07352878
v 2.14720115 2.68475363 -1.07357712
v 2.15280466 2.67189991 -1.07340419
v 2.15286913 2.67186211 -1.03848512
v 2.14726802 2.68473620 -1.03849126
v 2.14720975 2.67826666 -1.03868383
v 2.15286390 2.68475411 -1.03854019
v 2.15288789 2.68468183 -1.07360791
v 2.14706653 2.68472517 -1.07360640
v 2.14807772 2.69111449 -1.07353873
v 2.15304270 2.68473520 -1.03858513
v 2.14806840 2.69107468 -1.03848599
v 2.14721548 2.68470102 -1.03855138
v 2.15287791 2.68475571 -1.07359274
v 2.14809437 2.69124995 -1.07348733
v 2.15288271 2.69121746 -1.07339870
v 2.15296054 2.69116723 -1.03861216
v 2.14810428 2.69127475 -1.03868372
v 2.15297506 2.68474107 -1.03847573
v 2.15290994 2.69103402 -1.07339630
v 2.14801031 2.69120865 -1.07352114
v 2.15122081 2.69760256 -1.07354578
v 2.15292847 2.69117963 -1.03851767
v 2.15123051 2.69761323 -1.03848664
v 2.14802547 2.69116563 -1.03853671
v 2.15297848 2.69115775 -1.07350777
v 2.15120282 2.69766752 -1.07353254
v 2.15295785 2.69758845 -1.07351181
v 2.15284542 2.69759779 -1.03856664
v 2.15113574 2.69755083 -1.03859163
v 2.15282742 2.69108979 -1.03847831
v 2.15116246 2.69754398 -1.03864712
v 2.15298979 2.69764855 -1.07349487
v 2.15122811 2.69756547 -1.07353038
v 2.15287776 2.69763323 -1.03852411
v 2.15974859 2.44933321 -1.09569249
v 2.15973221 2.46463051 -1.09582501
v 2.15651151 2.45680527 -1.09564123
v 2.16734156 2.44613596 -1.09567162
v 2.16733807 2.46765459 -1.09580038
v 2.17511247 2.44919356 -1.09582143
v 2.17503803 2.46467111 -1.09563935
v 2.17820699 2.45691253 -1.09569806
v 2.15642408 2.45686298 -1.09575804
v 2.15971863 2.44918243 -1.10327712
v 2.15971393 2.44917467 -1.09580650
v 2.15643904 2.45688124 -1.10310930
v 2.16736032 2.44609472 -1.09586649
v 2.15964541 2.44913838 -1.10321097
v 2.16741598 2.44599930 -1.10326811
v 2.15975066 2.44916759 -1.09571810
v 2.17501209 2.44924296 -1.10321739
v 2.16741745 2.44606808 -1.09560329
v 2.16736588 2.44597403 -1.10326320
v 2.17501608 2.44923461 -1.09577621
v 2.17514076 2.44922430 -1.10325235
v 2.17820759 2.45685677 -1.09572365
v 2.17499086 2.44928802 -1.09575515
v 2.17822088 2.45694877 -1.10323889
v 2.17823478 2.45699997 -1.10317057
v 2.17506858 2.46454331 -1.09579273
v 2.17833790 2.45688495 -1.09562234
v 2.17501098 2.46464532 -1.10320689
v 2.16739516 2.46782406 -1.10316878
v 2.17509855 2.46447930 -1.09576130
v 2.17517173 2.46455788 -1.10317602
v 2.16736100 2.46771576 -1.09582218
v 2.15962756 2.46467051 -1.09573882
v 2.16730057 2.46769912 -1.10314333
v 2.15963902 2.46453454 -1.10326058
v 2.16729642 2.46784954 -1.09574246
v 2.15967588 2.46453595 -1.09569218
v 2.15651485 2.45691160 -1.10318673
v 2.15649018 2.45686605 -1.09583637
v 2.15966585 2.46469885 -1.10326781
v 2.15651149 2.45691416 -1.10312444
v 2.16232214 2.45166211 -1.11190781
v 2.15975728 2.44922504 -1.10307658
v 2.16005006 2.45685498 -1.11186772
v 2.15971975 2.44924199 -1.10326161
v 2.16205216 2.45159100 -1.11181978
v 2.16736158 2.44592339 -1.10322724
v 2.17493715 2.44919699 -1.10324577
v 2.16733773 2.44602652 -1.10318403
v 2.16737411 2.44959957 -1.11171468
v 2.17828506 2.45688321 -1.10315049
v 2.17500842 2.44916384 -1.10324612
v 2.17259779 2.45175845 -1.11172510
v 2.17512929 2.46461249 -1.10323534
v 2.17823938 2.45692640 -1.10320199
v 2.17485340 2.45684607 -1.11189821
v 2.16739300 2.46437864 -1.11196294
v 2.17500142 2.46464726 -1.10323479
v 2.17270188 2.46205411 -1.11179296
v 2.16736541 2.46777946 -1.10325582
v 2.16727597 2.46779807 -1.10322597
v 2.16731648 2.46419529 -1.11191771
v 2.15977455 2.46451702 -1.10322675
v 2.15981069 2.46454591 -1.10319512
v 2.16218719 2.46208507 -1.11189668
v 2.15658658 2.45691322 -1.10323188
v 2.16208391 2.46203430 -1.11191650
v 2.15988030 2.45696354 -1.11185012
v 2.15654285 2.45681078 -1.10322337
v 2.15999318 2.45689883 -1.11186829
v 2.16209218 2.45174981 -1.11687731
v 2.16216994 2.45174630 -1.11178496
v 2.16008945 2.45690398 -1.11693770
v 2.16734234 2.44608400 -1.10323612
v 2.16211171 2.45171815 -1.11182532
v 2.16740811 2.44947344 -1.11183842
v 2.17510519 2.44918422 -1.10321059
v 2.16735305 2.44961297 -1.11180306
v 2.17250159 2.45159589 -1.11181783
v 2.17473110 2.45692576 -1.11184048
v 2.17829434 2.45679860 -1.10322707
v 2.17259535 2.45169930 -1.11191200
v 2.17502021 2.46453687 -1.10319216
v 2.17478493 2.45687815 -1.11186515
v 2.17245719 2.46203999 -1.11174697
v 2.16726958 2.46434079 -1.11693671
v 2.17246490 2.46218839 -1.11178048
v 2.17255092 2.46215360 -1.11694012
v 2.16737361 2.46427020 -1.11186975
v 2.15972572 2.46459411 -1.10322560
v 2.16738804 2.46422974 -1.11184825
v 2.16213625 2.46210824 -1.11176183
v 2.16212700 2.46201631 -1.11176222
v 2.16002455 2.45685605 -1.11693386
v 2.15995349 2.45694963 -1.11181411
v 2.16220256 2.46211548 -1.11703993
v 2.16209560 2.46211926 -1.11707557
v 2.16216086 2.45162508 -1.11688184
v 2.15999574 2.45695677 -1.11689926
v 2.16737731 2.46420306 -1.11688217
v 2.16751078 2.44942270 -1.11697947
v 2.17267861 2.46213266 -1.11693659
v 2.17262664 2.45170507 -1.11695760
v 2.17470428 2.45694477 -1.11689893
v 2.16743410 2.44956199 -1.11189231
v 2.16225532 2.45163110 -1.11694586
v 2.16732449 2.44944092 -1.11688247
v 2.16210350 2.45164517 -1.11180059
v 2.17263154 2.45164887 -1.11699622
v 2.16736446 2.44942933 -1.11191567
v 2.16734776 2.44951415 -1.11695187
v 2.17257200 2.45176691 -1.11181919
v 2.17266182 2.45173828 -1.11690549
v 2.17467214 2.45681566 -1.11185735
v 2.17255649 2.45163043 -1.11183200
v 2.17481577 2.45689037 -1.11691410
v 2.17471143 2.45685385 -1.11680288
v 2.17250654 2.46209301 -1.11188248
v 2.17473718 2.45695602 -1.11179759
v 2.17257231 2.46216870 -1.11696432
v 2.16218648 2.46220735 -1.11189017
v 2.16738269 2.46434870 -1.11696879
v 2.16216932 2.46208396 -1.11698496
v 2.16739442 2.46421067 -1.11175859
v 2.27857788 2.43512998 -1.23156633
v 2.11304561 2.43513063 -1.26647801
v 2.27854279 2.43511294 -1.26645033
v 2.11291369 2.43509526 -1.23156823
v 2.09094546 2.49604038 -1.23156071
v 2.09090470 2.49595376 -1.23151333
v 2.11305534 2.43508596 -1.26639448
v 2.11307947 2.43510551 -1.23150354
v 2.09095705 2.49611222 -1.26651684
v 2.09089250 2.49601493 -1.26651326
v 2.09078902 2.67889121 -1.26655093
v 2.08007019 2.55690792 -1.26647450
v 2.07996637 2.61790425 -1.26657563
v 2.09089042 2.49610225 -1.26646878
v 2.11304963 2.73969781 -1.26661079
v 2.11298694 2.43511226 -1.26639423
v 2.27861021 2.73976703 -1.26651566
v 2.27853370 2.43518011 -1.26650330
v 2.27855681 2.43525536 -1.26653922
v 2.27856007 2.73973367 -1.23160711
v 2.27849350 2.73982334 -1.23165195
v 2.27852319 2.43515746 -1.23164201
v 2.27856748 2.43512725 -1.23158269
v 2.27856841 2.73966540 -1.26651375
v 2.09100097 2.49613196 -1.23160295
v 2.08010054 2.61785005 -1.23164910
v 2.07991777 2.55691883 -1.23154164
v 2.09090611 2.67892526 -1.23151928
v 2.11301868 2.43512921 -1.23158146
v 2.11309841 2.73972575 -1.23156959
v 2.27853333 2.73982490 -1.23158931
v 2.27853855 2.43505280 -1.23151181
v 2.08000176 2.55698026 -1.23159292
v 2.08002563 2.55686760 -1.26652760
v 2.11297571 2.73987672 -1.23148939
v 2.09095110 2.67897387 -1.26640613
v 2.09084607 2.67875164 -1.26646560
v 2.09092121 2.67883982 -1.23161734
v 2.09103402 2.67880668 -1.23150274
v 2.11312553 2.73971390 -1.26644742
v 2.11313340 2.73983430 -1.23152445
v 2.27860257 2.73975303 -1.26640663
v 2.11307390 2.73975571 -1.26650923
v 2.27849697 2.73973816 -1.23145889
v 2.08000813 2.61786765 -1.23158292
v 2.08002408 2.61787248 -1.26644348
v 2.27859585 2.73981807 -1.03543489
v 2.27858765 2.73962448 -1.03545872
v 2.27853818 2.43520586 -1.03546601
v 2.27853173 2.43511036 -1.03554112
v 2.27854440 2.43516093 -1.03540088
v 2.25812877 2.43519007 -1.23151624
v 2.27855759 2.43522798 -1.23164837
v 2.25810541 2.43511139 -1.03559002
v 2.25819589 2.73963069 -1.03543361
v 2.27868231 2.73973642 -1.23157553
v 2.25798628 2.73973367 -1.23148326
v 2.27854590 2.73969098 -1.03560677
v 2.27865241 2.73977264 -0.89494880
v 2.27863810 2.43511110 -0.89495069
v 2.27870180 2.43508956 -1.03545323
v 2.25811131 2.73975412 -1.03547385
v 2.25802116 2.43513426 -1.03548851
v 2.27853725 2.73969927 -1.03552935
v 2.25805046 2.73977248 -1.03547208
v 2.25819568 2.43517791 -1.23160380
v 2.25806638 2.43513217 -1.03549485
v 2.25809836 2.73986275 -1.23157769
v 2.27858444 2.43507216 -0.89501942
v 2.11303156 2.43511778 -1.03545845
v 2.27865661 2.43511229 -1.03551067
v 2.11309720 2.43511670 -0.89492762
v 2.09091907 2.67893808 -1.03556950
v 2.07998826 2.55702275 -1.03540199
v 2.07997599 2.61797488 -1.03549808
v 2.09088250 2.49602626 -1.03544949
v 2.11306810 2.73969684 -1.03545820
v 2.11301704 2.43507209 -1.03537066
v 2.27851966 2.73975442 -1.03553896
v 2.27855124 2.43514772 -1.03546082
v 2.11297924 2.73974132 -0.89491039
v 2.27866410 2.73979541 -1.03540712
v 2.11307685 2.73970908 -1.03548968
v 2.27863007 2.73970788 -0.89499708
v 2.09092271 2.49595628 -0.89497711
v 2.07996948 2.61788112 -0.89485369
v 2.08017326 2.55701935 -0.89498761
v 2.09096837 2.67885214 -0.89496650
v 2.11309146 2.43511388 -0.89496515
v 2.11304293 2.73978877 -0.89495271
v 2.27859759 2.43503458 -0.89491379
v 2.27854847 2.73971757 -0.89507982
v 2.15283210 2.62754364 -1.03852922
v 2.15116883 2.62766259 -1.07347480
v 2.15288529 2.62758595 -1.07344230
v 2.15123858 2.62757386 -1.03853659
v 2.15287837 2.62767387 -1.07346495
v 2.15117501 2.62767545 -1.07369104
v 2.14811085 2.63396396 -1.07336483
v 2.15293835 2.62761034 -1.03849812
v 2.14803240 2.63408646 -1.03858168
v 2.15122321 2.62761352 -1.03853908
v 2.15287389 2.62765311 -1.07347659
v 2.14804353 2.63412867 -1.07348501
v 2.15290007 2.63404915 -1.07351650
v 2.15289080 2.63404916 -1.03857271
v 2.14806611 2.63408573 -1.03848124
v 2.15297120 2.62769654 -1.03853441
v 2.15288191 2.63401695 -1.07352703
v 2.14814850 2.63415009 -1.07359952
v 2.14706100 2.64060710 -1.07342967
v 2.15288057 2.63407489 -1.03856195
v 2.14723052 2.64047967 -1.03853003
v 2.14809474 2.63409715 -1.03850279
v 2.15292612 2.64686589 -1.07346046
v 2.14713683 2.64056132 -1.07349802
v 2.14710791 2.64695640 -1.07355104
v 2.15293340 2.63405562 -1.07345411
v 2.15287555 2.63405778 -1.03860613
v 2.14711875 2.64692548 -1.03855227
v 2.14719856 2.64051143 -1.03859170
v 2.15282563 2.64699688 -1.03859480
v 2.15294109 2.64687862 -1.07342441
v 2.14720627 2.64688902 -1.07349312
v 2.14815772 2.65335996 -1.07361386
v 2.15294439 2.64705022 -1.03865899
v 2.14813899 2.65335664 -1.03857026
v 2.14717682 2.64694210 -1.03851406
v 2.15284887 2.64693631 -1.07356874
v 2.14804852 2.65354549 -1.07356346
v 2.15294393 2.65338841 -1.07362674
v 2.15284989 2.65326336 -1.03857390
v 2.14800116 2.65331750 -1.03865533
v 2.15295714 2.64697654 -1.03847732
v 2.15290712 2.65341385 -1.07344707
v 2.14820187 2.65329674 -1.07356136
v 2.15116535 2.65971781 -1.07347153
v 2.15296038 2.65328801 -1.03862886
v 2.15124163 2.65977053 -1.03855140
v 2.14806865 2.65343281 -1.03849851
v 2.15280967 2.65345027 -1.07354201
v 2.15115633 2.65983502 -1.07357134
v 2.15284341 2.65977918 -1.07343343
v 2.15281038 2.65973815 -1.03866455
v 2.15115217 2.65979075 -1.03864265
v 2.15293577 2.65337660 -1.03852234
v 2.15133626 2.65974126 -1.03859323
v 2.15288188 2.65977286 -1.07348986
v 2.15125848 2.65976969 -1.07343516
v 2.15290148 2.65979267 -1.03861732
v 2.15295683 2.43983931 -1.03856473
v 2.15109630 2.43978101 -1.07347867
v 2.15289290 2.43978968 -1.07348342
v 2.15111595 2.43984220 -1.03867646
v 2.15292311 2.43982925 -1.07354319
v 2.15125067 2.43982448 -1.07354495
v 2.14805361 2.44627585 -1.07349557
v 2.15295286 2.43981958 -1.03859843
v 2.14801634 2.44616831 -1.03864360
v 2.15110479 2.43976062 -1.03861796
v 2.15292127 2.43978193 -1.07349164
v 2.14814494 2.44617069 -1.07352837
v 2.15289505 2.44617702 -1.07358391
v 2.15292099 2.44624401 -1.03858123
v 2.15295061 2.44624686 -1.03850529
v 2.14808116 2.44623751 -1.03849886
v 2.15289205 2.43982260 -1.03850625
v 2.15297066 2.44627749 -1.07347680
v 2.14806199 2.44628648 -1.07354325
v 2.14714077 2.45264496 -1.07348169
v 2.14726035 2.45273532 -1.03848981
v 2.15295824 2.45909959 -1.07356473
v 2.14713117 2.45266571 -1.07341304
v 2.14719962 2.45911239 -1.07347936
v 2.15283852 2.44618959 -1.07348319
v 2.15297779 2.44619354 -1.03853196
v 2.14705463 2.45912014 -1.03848078
v 2.14715374 2.45262124 -1.03840727
v 2.15292041 2.45917194 -1.03860315
v 2.15284747 2.45900031 -1.07345494
v 2.14706787 2.45897286 -1.07354976
v 2.14805573 2.46550425 -1.07358668
v 2.15286992 2.45909379 -1.03867876
v 2.14808439 2.46555618 -1.03848398
v 2.14719237 2.45915861 -1.03854714
v 2.15300553 2.45909795 -1.07339064
v 2.14811395 2.46548764 -1.07350274
v 2.15281487 2.46559183 -1.07352973
v 2.15299011 2.46565064 -1.03856428
v 2.14808087 2.46551158 -1.03854291
v 2.15304806 2.45916607 -1.03855067
v 2.15297996 2.46539923 -1.07350632
v 2.14791191 2.46558672 -1.07364140
v 2.15125541 2.47189627 -1.07336285
v 2.15284298 2.46550110 -1.03846517
v 2.15124928 2.47196168 -1.03857843
v 2.14808418 2.46547632 -1.03857465
v 2.15291491 2.46556354 -1.07350884
v 2.15127303 2.47186186 -1.07343051
v 2.15294445 2.47204606 -1.07348227
v 2.15291150 2.47195778 -1.03863285
v 2.15120982 2.47196044 -1.03855696
v 2.15282107 2.46554939 -1.03862400
v 2.15121050 2.47199962 -1.03860650
v 2.15291011 2.47192353 -1.07348179
v 2.15115526 2.47185807 -1.07363583
v 2.15304568 2.47198940 -1.03846955
v 2.15289544 2.51551963 -1.03859112
v 2.15114875 2.51550339 -1.07353097
v 2.15293279 2.51547817 -1.07347877
v 2.15121061 2.51531743 -1.03863489
v 2.15295080 2.51556819 -1.07351569
v 2.15130443 2.51531347 -1.07342583
v 2.14801171 2.52182277 -1.07353128
v 2.15293496 2.51538293 -1.03850621
v 2.14799365 2.52189049 -1.03861696
v 2.15123572 2.51533462 -1.03862259
v 2.15284389 2.51550709 -1.07364557
v 2.14818059 2.52185224 -1.07350244
v 2.15276739 2.52183552 -1.07346427
v 2.15300588 2.52182409 -1.03849816
v 2.14808892 2.52192030 -1.03857741
v 2.15300674 2.51535289 -1.03852704
v 2.15300807 2.52192779 -1.07353051
v 2.14810910 2.52189788 -1.07352984
v 2.14722855 2.52839454 -1.07359379
v 2.15302697 2.52188553 -1.03857495
v 2.14722011 2.52827023 -1.03853731
v 2.14805932 2.52188042 -1.03854207
v 2.15291873 2.53472508 -1.07344262
v 2.14719933 2.52834484 -1.07346149
v 2.14704243 2.53479799 -1.07337770
v 2.15285654 2.52203083 -1.07361909
v 2.15287639 2.52192220 -1.03860011
v 2.14711309 2.53475343 -1.03853913
v 2.14721705 2.52829940 -1.03868441
v 2.15295122 2.53482074 -1.03859207
v 2.15296383 2.53466410 -1.07355618
v 2.14709563 2.53475007 -1.07358264
v 2.14817619 2.54120756 -1.07351105
v 2.15295965 2.53481968 -1.03854199
v 2.14802933 2.54118251 -1.03859060
v 2.14719726 2.53472161 -1.03856072
v 2.15297935 2.53469736 -1.07352232
v 2.14806486 2.54114146 -1.07336286
v 2.15298638 2.54113856 -1.07355146
v 2.15293759 2.54125199 -1.03857093
v 2.14812884 2.54107444 -1.03854107
v 2.15299556 2.53475398 -1.03860233
v 2.15298295 2.54111943 -1.07353025
v 2.14811479 2.54112388 -1.07335743
v 2.15121198 2.54748794 -1.07344858
v 2.15293883 2.54117520 -1.03853586
v 2.15126104 2.54760055 -1.03852396
v 2.14810207 2.54123397 -1.03859292
v 2.15289526 2.54121485 -1.07347184
v 2.15122221 2.54761263 -1.07345698
v 2.15286773 2.54753615 -1.07346642
v 2.15294059 2.54756537 -1.03858143
v 2.15117869 2.54757601 -1.03848673
v 2.15292065 2.54111204 -1.03853382
v 2.15125436 2.54760298 -1.03856886
v 2.15294727 2.54765194 -1.07351931
v 2.15118992 2.54759312 -1.07345585
v 2.15296307 2.54758172 -1.03839750
v 2.16231348 2.68768245 -1.11685848
v 2.16210683 2.67732606 -1.11682761
v 2.16005293 2.68246507 -1.11688864
v 2.16722609 2.68980798 -1.11691708
v 2.16732196 2.67525834 -1.11691129
v 2.17265584 2.68775137 -1.11690917
v 2.17259075 2.67743931 -1.11682385
v 2.17467775 2.68252009 -1.11681982
v 2.17249185 2.67743180 -1.11688178
v 2.16731048 2.67503450 -1.11185260
v 2.16747330 2.67517922 -1.11688650
v 2.17260925 2.67730898 -1.11183273
v 2.16733362 2.67513163 -1.11191056
v 2.16214349 2.67730139 -1.11690816
v 2.16735025 2.67506776 -1.11698429
v 2.16214974 2.67735463 -1.11187319
v 2.16003035 2.68244475 -1.11178607
v 2.16213835 2.67727598 -1.11691687
v 2.16219208 2.67731014 -1.11181725
v 2.15990327 2.68252951 -1.11686843
v 2.16219378 2.68772774 -1.11183696
v 2.16011082 2.68246887 -1.11690372
v 2.16001476 2.68257652 -1.11192337
v 2.16225990 2.68779580 -1.11678254
v 2.16217028 2.68770898 -1.11196200
v 2.16734279 2.68982667 -1.11703765
v 2.16211450 2.68772903 -1.11692899
v 2.16752289 2.68999329 -1.11184458
v 2.16741306 2.68987922 -1.11694353
v 2.17260994 2.68773789 -1.11176180
v 2.17262489 2.68768348 -1.11700695
v 2.16737998 2.68997238 -1.11191773
v 2.17468890 2.68267695 -1.11691738
v 2.17256104 2.68789106 -1.11187344
v 2.17467714 2.68254033 -1.11192970
v 2.17248718 2.68780132 -1.11695197
v 2.17260950 2.67725822 -1.11693331
v 2.17467122 2.68247982 -1.11175295
v 2.17262478 2.67736366 -1.11185735
v 2.17472320 2.68253388 -1.11694448
v 2.17508168 2.67484893 -1.10318310
v 2.16752835 2.67516528 -1.11192018
v 2.17267449 2.67726274 -1.11191710
v 2.16747739 2.67169977 -1.10325421
v 2.16217149 2.67740700 -1.11190940
v 2.16738337 2.67530946 -1.11186355
v 2.15990911 2.68251312 -1.11187253
v 2.16213499 2.67742676 -1.11184359
v 2.15969732 2.67488753 -1.10318534
v 2.16205204 2.68778459 -1.11182352
v 2.16003059 2.68257900 -1.11179009
v 2.15659331 2.68244134 -1.10323931
v 2.15963493 2.69018560 -1.10317308
v 2.16726542 2.68994084 -1.11194534
v 2.16210699 2.68767258 -1.11188519
v 2.16738953 2.68978020 -1.11176414
v 2.17499440 2.69033989 -1.10328546
v 2.17263145 2.68777800 -1.11186986
v 2.16728625 2.69336688 -1.10311881
v 2.17510183 2.69026308 -1.10310687
v 2.17477233 2.68253176 -1.11180471
v 2.17262165 2.68782561 -1.11182799
v 2.17477967 2.68259505 -1.11185612
v 2.17817098 2.68253334 -1.10318893
v 2.17264700 2.67736194 -1.11188562
v 2.17824849 2.68251783 -1.10322389
v 2.17509924 2.67479289 -1.10313211
v 2.17256036 2.67734892 -1.11187970
v 2.17501225 2.67481732 -1.10314500
v 2.16727059 2.67168037 -1.10323271
v 2.16734074 2.67527283 -1.11189744
v 2.15965140 2.67476330 -1.10330497
v 2.16215130 2.67728308 -1.11181543
v 2.16738254 2.67161981 -1.10310827
v 2.16007210 2.68253652 -1.11180997
v 2.15979574 2.67487762 -1.10322702
v 2.15651814 2.68254563 -1.10317844
v 2.15976233 2.69023112 -1.10329212
v 2.16211836 2.68768161 -1.11183525
v 2.15649540 2.68255618 -1.10322392
v 2.16732769 2.69345441 -1.10317105
v 2.16735650 2.68980346 -1.11193194
v 2.15962505 2.69020880 -1.10325127
v 2.16743365 2.69343821 -1.10320451
v 2.17500109 2.69018279 -1.09571693
v 2.17505251 2.69019989 -1.10312569
v 2.16735001 2.69338634 -1.09570144
v 2.17506722 2.69027608 -1.10322380
v 2.17818899 2.68257416 -1.10318728
v 2.17479031 2.68257792 -1.11181448
v 2.17499382 2.67484873 -1.10322658
v 2.17820735 2.68254267 -1.09564477
v 2.17517432 2.67480595 -1.09573648
v 2.17818744 2.68248946 -1.10321072
v 2.17495572 2.67487561 -1.10326122
v 2.16736030 2.67162639 -1.09569405
v 2.16741775 2.67170905 -1.10319834
v 2.17495644 2.67479200 -1.09570802
v 2.16733467 2.67165453 -1.09570379
v 2.15981931 2.67481051 -1.10316936
v 2.16733696 2.67160708 -1.10321510
v 2.15967992 2.67482875 -1.09570412
v 2.15649417 2.68241390 -1.09570301
v 2.15972314 2.67476987 -1.10323463
v 2.15966642 2.67489436 -1.09574886
v 2.15656724 2.68249076 -1.10314459
v 2.15969492 2.69019053 -1.09568499
v 2.15655813 2.68256930 -1.10320235
v 2.15657289 2.68260573 -1.09575241
v 2.15970116 2.69012307 -1.10323496
v 2.15975218 2.69015611 -1.09571440
v 2.16736836 2.69349130 -1.10318658
v 2.15958423 2.69018750 -1.10316991
v 2.16740639 2.69342183 -1.09565923
v 2.15970971 2.67474286 -1.09577176
v 2.15970728 2.69017209 -1.09571358
v 2.15652795 2.68263041 -1.09577565
v 2.16729979 2.67159951 -1.09576211
v 2.16740008 2.69338525 -1.09577469
v 2.17498596 2.67484057 -1.09569755
v 2.17511698 2.69028596 -1.09569223
v 2.17825278 2.68249865 -1.09571575
v 2.17832228 2.68254176 -1.10315088
v 2.17505141 2.69024031 -1.09578864
v 2.17815941 2.68247746 -1.09584883
v 2.17510193 2.69035284 -1.10320709
v 2.15623008 2.57365133 -1.07572681
v 2.17112594 2.56755613 -1.03502602
v 2.17113432 2.56739113 -1.07580015
v 2.15622204 2.57356866 -1.03511776
v 2.17115600 2.56761511 -1.03506793
v 2.18594359 2.57360913 -1.07579476
v 2.17117855 2.56747831 -1.07584433
v 2.18585358 2.57366765 -1.03502079
v 2.16100922 2.57839931 -1.10310717
v 2.15625058 2.57357749 -1.07577494
v 2.15007335 2.58844268 -1.03508712
v 2.15631756 2.57360498 -1.03502515
v 2.15016195 2.58847184 -1.07582911
v 2.17116491 2.57434947 -1.10304224
v 2.19208426 2.58848205 -1.03506783
v 2.18604759 2.57364709 -1.07579422
v 2.18592169 2.57361722 -1.03498480
v 2.19199210 2.58845650 -1.07585856
v 2.15690829 2.58851253 -1.10309431
v 2.15621562 2.57368935 -1.07593145
v 2.16117661 2.57853129 -1.10316952
v 2.17110717 2.56749737 -1.07576079
v 2.17108935 2.57431762 -1.10300520
v 2.16106260 2.57850277 -1.10298396
v 2.15691331 2.58849008 -1.10304447
v 2.15006751 2.58848138 -1.07583593
v 2.15623009 2.60329415 -1.03508302
v 2.15015285 2.58849657 -1.03498089
v 2.15628277 2.60332786 -1.07585369
v 2.18599786 2.57359355 -1.07578749
v 2.18109852 2.57842286 -1.10302611
v 2.17121691 2.57437783 -1.10307554
v 2.18587761 2.60322689 -1.03500895
v 2.19211658 2.58835873 -1.07583011
v 2.19217039 2.58847094 -1.07582266
v 2.19203858 2.58851307 -1.03506710
v 2.18592587 2.60338296 -1.07588045
v 2.18594754 2.60331483 -1.07579806
v 2.18121609 2.57846739 -1.10301831
v 2.16111028 2.59837778 -1.10298353
v 2.15017255 2.58854322 -1.07588273
v 2.15698346 2.58858446 -1.10291918
v 2.16112016 2.59849385 -1.10310563
v 2.17110848 2.60941932 -1.07575914
v 2.15625309 2.60331005 -1.03497866
v 2.15626908 2.60337668 -1.07583067
v 2.17116472 2.60940482 -1.03502647
v 2.18587254 2.60326459 -1.03506895
v 2.17123448 2.60940204 -1.07570656
v 2.18599838 2.60334264 -1.07586371
v 2.17116857 2.60957560 -1.03496779
v 2.18528955 2.58847693 -1.10300837
v 2.18113487 2.59846420 -1.10299779
v 2.18524659 2.58852473 -1.10292510
v 2.18118206 2.57844006 -1.10306009
v 2.19216942 2.58842392 -1.07571068
v 2.15626536 2.60332359 -1.07579589
v 2.16130762 2.59847126 -1.10308279
v 2.17109682 2.60265714 -1.10294913
v 2.17106067 2.60259764 -1.10306199
v 2.18110274 2.59856485 -1.10299689
v 2.17120406 2.60943615 -1.07588537
v 2.17111759 2.60257436 -1.10303640
v 2.18118792 2.59834759 -1.10300556
v 2.15304367 2.47751825 -1.07349468
v 2.15115375 2.47753906 -1.07350690
v 2.14818611 2.48411518 -1.07350692
v 2.15297798 2.47742755 -1.03858564
v 2.15120836 2.47762428 -1.07355980
v 2.15286533 2.47753611 -1.07348007
v 2.15124522 2.47756890 -1.03850970
v 2.15290918 2.47755352 -1.07355452
v 2.14795524 2.48403006 -1.07347270
v 2.15294683 2.48417717 -1.07353435
v 2.15284149 2.47769581 -1.03847263
v 2.14803241 2.48401691 -1.03859375
v 2.15125503 2.47757064 -1.03851952
v 2.15297542 2.48413722 -1.07353792
v 2.14812425 2.48408181 -1.07349935
v 2.14726115 2.49047546 -1.07350517
v 2.15304281 2.48397504 -1.03849450
v 2.14803534 2.48405564 -1.03851675
v 2.15297383 2.47767608 -1.03860406
v 2.15284407 2.49689500 -1.07349444
v 2.14716089 2.49059637 -1.07350604
v 2.14709023 2.49684045 -1.07348569
v 2.15291214 2.48409038 -1.07346105
v 2.15297182 2.48407126 -1.03851657
v 2.14715865 2.49054160 -1.03849830
v 2.14803762 2.48404678 -1.03850343
v 2.15300299 2.49691072 -1.07346259
v 2.14705080 2.49686773 -1.07351309
v 2.14801874 2.50331535 -1.07352897
v 2.15284914 2.48405364 -1.03860377
v 2.14714258 2.49693962 -1.03860292
v 2.14724805 2.49047715 -1.03861392
v 2.15283194 2.49688727 -1.03860802
v 2.15284793 2.49680758 -1.07354417
v 2.14805058 2.50332495 -1.07358733
v 2.15288631 2.50327874 -1.07355806
v 2.15299418 2.49689848 -1.03843842
v 2.14812526 2.50333728 -1.03849090
v 2.14723454 2.49678703 -1.03861226
v 2.15290418 2.50333225 -1.07349705
v 2.14798768 2.50333767 -1.07348726
v 2.15117016 2.50967558 -1.07348002
v 2.15289140 2.50336550 -1.03850524
v 2.14810078 2.50323094 -1.03861737
v 2.15280968 2.49685247 -1.03861732
v 2.15300960 2.50335343 -1.07352827
v 2.15115125 2.50985080 -1.07356529
v 2.15279874 2.50970010 -1.07359851
v 2.15296560 2.50325494 -1.03853471
v 2.15131184 2.50969022 -1.03857184
v 2.14819108 2.50329964 -1.03858001
v 2.15120479 2.50970023 -1.03861166
v 2.15297908 2.50981748 -1.07356675
v 2.15134137 2.50984150 -1.07353182
v 2.15281997 2.50968421 -1.03857683
v 2.15290324 2.50984566 -1.03864019
v 2.15121639 2.50973305 -1.03851646
v 2.15290370 2.50329892 -1.03856601
v 2.16213827 2.72564293 -1.11688669
v 2.16211424 2.71523956 -1.11689978
v 2.16000044 2.72045604 -1.11684343
v 2.16732548 2.72774717 -1.11691285
v 2.16746852 2.71305500 -1.11690525
v 2.17269865 2.72559650 -1.11686151
v 2.17254072 2.71519508 -1.11686525
v 2.17470144 2.72035963 -1.11692690
v 2.17266892 2.71509209 -1.11695415
v 2.16742901 2.71290211 -1.11174468
v 2.16738028 2.71314958 -1.11697500
v 2.17262933 2.71515100 -1.11183935
v 2.16732702 2.71299404 -1.11195729
v 2.16199852 2.71518606 -1.11677993
v 2.16735335 2.71300280 -1.11689032
v 2.16212605 2.71515905 -1.11193049
v 2.15995261 2.72046190 -1.11190632
v 2.16217744 2.71516759 -1.11697036
v 2.16218382 2.71523806 -1.11192816
v 2.16002788 2.72044473 -1.11693720
v 2.16216083 2.72561080 -1.11184414
v 2.15994087 2.72036802 -1.11689479
v 2.15996263 2.72039331 -1.11186042
v 2.16211960 2.72561835 -1.11684211
v 2.16211880 2.72557424 -1.11186559
v 2.16729948 2.72773294 -1.11700656
v 2.16205556 2.72563023 -1.11686982
v 2.16747293 2.72775892 -1.11179984
v 2.16735324 2.72772512 -1.11688115
v 2.17256576 2.72564930 -1.11183890
v 2.17252307 2.72554564 -1.11698019
v 2.16733176 2.72782187 -1.11186277
v 2.17482747 2.72043055 -1.11692963
v 2.17253012 2.72549475 -1.11179222
v 2.17482051 2.72038465 -1.11175311
v 2.17257676 2.72560910 -1.11685196
v 2.17258130 2.71516260 -1.11694029
v 2.17464241 2.72039381 -1.11185731
v 2.17265238 2.71522730 -1.11190007
v 2.17479115 2.72041568 -1.11682689
v 2.17510451 2.71271438 -1.10313330
v 2.16734863 2.71297495 -1.11184187
v 2.17261337 2.71525096 -1.11185785
v 2.16737403 2.70958221 -1.10319906
v 2.16226040 2.71510182 -1.11193074
v 2.16735436 2.71309674 -1.11186155
v 2.15992751 2.72044416 -1.11192238
v 2.16224112 2.71524266 -1.11176745
v 2.15976870 2.71278502 -1.10315263
v 2.16214729 2.72560455 -1.11185531
v 2.16001898 2.72036673 -1.11189918
v 2.15659489 2.72032942 -1.10313117
v 2.15981478 2.72801947 -1.10311285
v 2.16736389 2.72785478 -1.11188922
v 2.16224186 2.72557003 -1.11193320
v 2.16747487 2.72771932 -1.11193100
v 2.17505333 2.72806089 -1.10312462
v 2.17252960 2.72558483 -1.11180952
v 2.16732824 2.73132133 -1.10313144
v 2.17516828 2.72820316 -1.10323737
v 2.17470149 2.72034460 -1.11185712
v 2.17257316 2.72559774 -1.11192380
v 2.17482028 2.72031108 -1.11188781
v 2.17828202 2.72043536 -1.10320699
v 2.17263664 2.71516991 -1.11173936
v 2.17829663 2.72035430 -1.10314424
v 2.17503837 2.71274318 -1.10312270
v 2.17253194 2.71527217 -1.11187185
v 2.17511573 2.71274658 -1.10322727
v 2.16729055 2.70946737 -1.10317727
v 2.16730655 2.71300233 -1.11187065
v 2.15965705 2.71269415 -1.10315902
v 2.16223145 2.71521686 -1.11181812
v 2.16740209 2.70951365 -1.10318387
v 2.15990773 2.72040318 -1.11188133
v 2.15976773 2.71261103 -1.10325783
v 2.15664551 2.72044171 -1.10311332
v 2.15964836 2.72799372 -1.10316637
v 2.16217497 2.72564257 -1.11176501
v 2.15656156 2.72030724 -1.10322485
v 2.16724061 2.73129260 -1.10322220
v 2.16729574 2.72778958 -1.11192126
v 2.15975423 2.72812162 -1.10306313
v 2.16732626 2.73131661 -1.10322136
v 2.17498034 2.72818886 -1.09579661
v 2.17514852 2.72805844 -1.10315210
v 2.16734545 2.73121482 -1.09578712
v 2.17502668 2.72809387 -1.10311222
v 2.17818810 2.72040009 -1.10321066
v 2.17473869 2.72033813 -1.11193747
v 2.17502365 2.71271859 -1.10305310
v 2.17832314 2.72037455 -1.09581037
v 2.17495055 2.71277606 -1.09566316
v 2.17835722 2.72038293 -1.10317185
v 2.17503108 2.71280443 -1.10314008
v 2.16732497 2.70954945 -1.09579295
v 2.16737716 2.70945609 -1.10318323
v 2.17512154 2.71279496 -1.09580709
v 2.16737361 2.70946083 -1.09566976
v 2.15971881 2.71265363 -1.10324861
v 2.16740355 2.70943941 -1.10319074
v 2.15971615 2.71268161 -1.09574972
v 2.15651656 2.72043245 -1.09580765
v 2.15966172 2.71276768 -1.10334862
v 2.15975259 2.71279929 -1.09562232
v 2.15637220 2.72037136 -1.10323294
v 2.15978033 2.72811869 -1.09567373
v 2.15655454 2.72030862 -1.10317004
v 2.15638292 2.72042444 -1.09572223
v 2.15968420 2.72809343 -1.10315267
v 2.15964877 2.72810050 -1.09564829
v 2.16739392 2.73127397 -1.10319564
v 2.15961836 2.72816354 -1.10321909
v 2.16737298 2.73124280 -1.09575503
v 2.15966008 2.71267900 -1.09567915
v 2.15977529 2.72809364 -1.09580214
v 2.15650733 2.72052923 -1.09571568
v 2.16735907 2.70949123 -1.09570285
v 2.16735651 2.73133603 -1.09567006
v 2.17508156 2.71272492 -1.09570234
v 2.17506987 2.72806560 -1.09565573
v 2.17822940 2.72036690 -1.09583292
v 2.17822220 2.72030805 -1.10314985
v 2.17500378 2.72802545 -1.09586749
v 2.17825113 2.72038056 -1.09569284
v 2.17499660 2.72813964 -1.10315128
v 2.10241349 2.61787863 -1.23182501
v 2.11874343 2.72465572 -1.21284248
v 2.10239877 2.61793116 -1.21271308
v 2.11881508 2.72466009 -1.23189537
v 2.25872470 2.73970621 -1.23195429
v 2.11876027 2.72462841 -1.21285858
v 2.11892041 2.72463922 -1.23190862
v 2.25878296 2.73980184 -1.21287114
v 2.09097602 2.49612350 -1.21287725
v 2.08002891 2.61794785 -1.21277482
v 2.07999326 2.55705541 -1.21279600
v 2.09087185 2.67881355 -1.21272006
v 2.11306305 2.43503128 -1.21290151
v 2.10240624 2.55698152 -1.21281842
v 2.11872300 2.45033144 -1.21283520
v 2.25867314 2.43513529 -1.21265110
v 2.10231881 2.61792763 -1.21291285
v 2.11300261 2.73963884 -1.21277209
v 2.11875151 2.72462319 -1.21282108
v 2.25873002 2.73986990 -1.21282708
v 2.10237924 2.55694246 -1.23194998
v 2.10227496 2.55698105 -1.21281336
v 2.09098760 2.67888171 -1.23192468
v 2.08005411 2.55704812 -1.23197021
v 2.07999693 2.61783056 -1.23185567
v 2.09092395 2.49601211 -1.23186165
v 2.11301856 2.73980653 -1.23190305
v 2.10233638 2.61782361 -1.23186484
v 2.11876920 2.72454983 -1.23199824
v 2.25865114 2.73979455 -1.23201637
v 2.10238617 2.55697416 -1.23187775
v 2.11308397 2.43509576 -1.23189337
v 2.11878294 2.45020578 -1.23184127
v 2.25871572 2.43518689 -1.23184104
v 2.11306317 2.73979394 -1.21289479
v 2.25863137 2.73983398 -1.23191382
v 2.11307793 2.73981305 -1.23186988
v 2.25875608 2.73967688 -1.21290600
v 2.09085710 2.49602756 -1.21298212
v 2.11301578 2.43503326 -1.23183297
v 2.11306503 2.43517101 -1.21294278
v 2.09090218 2.49614909 -1.23193370
v 2.25875903 2.43509008 -1.21283769
v 2.11319550 2.43518186 -1.23181418
v 2.25870563 2.43505195 -1.23197724
v 2.11308843 2.43516006 -1.21274290
v 2.11876345 2.45026145 -1.23193266
v 2.25874767 2.43501969 -1.21282644
v 2.25865625 2.43513474 -1.23183191
v 2.11881432 2.45027741 -1.21287542
v 2.11863409 2.45017415 -1.23187627
v 2.11872262 2.45026234 -1.21293716
v 2.11303031 2.73982687 -1.21279896
v 2.09087524 2.67886737 -1.23189938
v 2.09088853 2.67889363 -1.23186916
v 2.09080984 2.67878960 -1.21273769
v 2.09091850 2.67894401 -1.21278418
v 2.11309544 2.73965027 -1.23191966
v 2.08012549 2.61798632 -1.23187998
v 2.07999752 2.61785253 -1.21284462
v 2.08003032 2.55692663 -1.23194890
v 2.08007001 2.55705908 -1.21280422
v 2.15292435 3.21823798 -1.03863554
v 2.15121357 3.21813410 -1.07354440
v 2.15286095 3.21821643 -1.07347870
v 2.15120949 3.21824774 -1.03865276
v 2.15290644 3.21810233 -1.07341475
v 2.15121256 3.21817587 -1.07353438
v 2.14814337 3.22462274 -1.07348490
v 2.15292674 3.21820812 -1.03853449
v 2.14811522 3.22450634 -1.03849282
v 2.15128744 3.21819843 -1.03858128
v 2.15292008 3.21809454 -1.07354168
v 2.14819669 3.22458380 -1.07354578
v 2.15293506 3.22458365 -1.07357581
v 2.15294685 3.22456544 -1.03856091
v 2.15298801 3.21817379 -1.03848503
v 2.15294978 3.22455172 -1.07355790
v 2.14717120 3.23096311 -1.07348639
v 2.15300630 3.22457812 -1.03857128
v 2.14727855 3.23107601 -1.03853073
v 2.14813597 3.22460106 -1.03847178
v 2.15297319 3.23731533 -1.07346850
v 2.14718980 3.23093459 -1.07344606
v 2.14716283 3.23742100 -1.07363523
v 2.15291670 3.22459112 -1.07347656
v 2.15293226 3.22458939 -1.03860965
v 2.14714737 3.23748668 -1.03866376
v 2.14713573 3.23102336 -1.03856696
v 2.15295756 3.23756070 -1.03858335
v 2.15290381 3.23743048 -1.07363897
v 2.14723670 3.23747336 -1.07347180
v 2.14808093 3.24393305 -1.07352702
v 2.15295927 3.23741740 -1.03849276
v 2.14801100 3.24392408 -1.03854882
v 2.14721465 3.23743842 -1.03860571
v 2.15288654 3.23743750 -1.07352135
v 2.14802288 3.24386514 -1.07362211
v 2.15289491 3.24387205 -1.07339827
v 2.15301101 3.24395486 -1.03851950
v 2.14807686 3.24378294 -1.03858432
v 2.15289338 3.23741062 -1.03851159
v 2.15290278 3.24383635 -1.07361005
v 2.14815994 3.24394006 -1.07351609
v 2.15124885 3.25030955 -1.07346957
v 2.15293738 3.24385696 -1.03860052
v 2.15114886 3.25029548 -1.03849685
v 2.14797438 3.24390988 -1.03853770
v 2.15288165 3.24378966 -1.07354915
v 2.15288218 3.25034879 -1.07348399
v 2.15290103 3.25034992 -1.03861294
v 2.15122550 3.25038116 -1.03858359
v 2.15291301 3.24380286 -1.03857582
v 2.15125159 3.25028744 -1.03847874
v 2.15295599 3.25032006 -1.07345761
v 2.15129578 3.25038898 -1.07357162
v 2.15287653 3.25031689 -1.03860783
v 0.16577280 -1.46619714 -1.03855347
v 0.16557019 -1.46784318 -1.07343811
v 0.16564992 -1.46777239 -1.03853752
v 0.16562897 -1.46605157 -1.07347856
v 0.17209288 -1.46296568 -1.07350158
v 0.16571321 -1.46778865 -1.07351905
v 0.16557856 -1.46603486 -1.07355115
v 0.17214702 -1.46291347 -1.03849038
v 0.16568201 -1.46613853 -1.03842702
v 0.16573016 -1.46777831 -1.03860433
v 0.17203034 -1.46768769 -1.07352758
v 0.16567687 -1.46772883 -1.07349542
v 0.17212435 -1.46295142 -1.07347104
v 0.17215346 -1.46294957 -1.03854441
v 0.16563731 -1.46776296 -1.03848545
v 0.17211533 -1.46780020 -1.03856829
v 0.17846063 -1.46204662 -1.07343793
v 0.17218488 -1.46788130 -1.07347129
v 0.17210553 -1.46304362 -1.07348883
v 0.17854590 -1.46199292 -1.03863914
v 0.17206423 -1.46291867 -1.03865948
v 0.17218032 -1.46775829 -1.03859275
v 0.17860246 -1.46196018 -1.07353624
v 0.18489900 -1.46773317 -1.07335351
v 0.17210727 -1.46780029 -1.07357958
v 0.18500006 -1.46210581 -1.07347686
v 0.18498439 -1.46776465 -1.03858029
v 0.17864604 -1.46202684 -1.03845676
v 0.17212907 -1.46769853 -1.03859206
v 0.18498444 -1.46202782 -1.03857682
v 0.19131343 -1.46293741 -1.07338264
v 0.18506079 -1.46778695 -1.07339927
v 0.18496513 -1.46207834 -1.07351718
v 0.19141485 -1.46289911 -1.03855309
v 0.18495583 -1.46199428 -1.03855726
v 0.18489447 -1.46778675 -1.03856460
v 0.19135829 -1.46775264 -1.07350530
v 0.18491627 -1.46770332 -1.07353656
v 0.19139919 -1.46295091 -1.07355746
v 0.19141730 -1.46292989 -1.03852210
v 0.18506655 -1.46777504 -1.03857710
v 0.19121568 -1.46774785 -1.03860405
v 0.19777128 -1.46611990 -1.07348738
v 0.19136846 -1.46779436 -1.07353243
v 0.19138268 -1.46296319 -1.07355653
v 0.19775189 -1.46603102 -1.03853675
v 0.19138211 -1.46298340 -1.03846415
v 0.19136049 -1.46774002 -1.03863618
v 0.19787856 -1.46773847 -1.07356609
v 0.19138918 -1.46784001 -1.07353313
v 0.19773939 -1.46607536 -1.07345463
v 0.19777654 -1.46610951 -1.03854700
v 0.19127932 -1.46777225 -1.03859336
v 0.19781661 -1.46794056 -1.03862884
v 0.19779519 -1.46773493 -1.07359267
v 0.19773573 -1.46610570 -1.03859635
v 0.19782855 -1.46782549 -1.03856243
v 0.19775372 -1.46608425 -1.07346221
v 0.20341899 -1.46611668 -1.03848376
v 0.20340338 -1.46784365 -1.07361059
v 0.20340336 -1.46778783 -1.03859413
v 0.20358126 -1.46613633 -1.07357156
v 0.20987652 -1.46287742 -1.07354229
v 0.20346252 -1.46776992 -1.07354130
v 0.20345018 -1.46615748 -1.07366504
v 0.20985756 -1.46289430 -1.03857020
v 0.20339149 -1.46610468 -1.03849129
v 0.20339501 -1.46777735 -1.03856137
v 0.20993668 -1.46781869 -1.07344664
v 0.20342642 -1.46773870 -1.07345324
v 0.20998554 -1.46284111 -1.07357215
v 0.20996987 -1.46303440 -1.03859677
v 0.20347019 -1.46785750 -1.03856180
v 0.20991420 -1.46772836 -1.03857569
v 0.21638924 -1.46202869 -1.07346487
v 0.20994481 -1.46767053 -1.07352036
v 0.20991851 -1.46295009 -1.07352478
v 0.21626651 -1.46197273 -1.03862121
v 0.20981357 -1.46295412 -1.03859778
v 0.21001991 -1.46776418 -1.03843549
v 0.21623288 -1.46207374 -1.07343437
v 0.22270932 -1.46781939 -1.07348310
v 0.20984395 -1.46782099 -1.07346882
v 0.22272985 -1.46202339 -1.07344668
v 0.22281998 -1.46772896 -1.03844790
v 0.21629451 -1.46208587 -1.03845824
v 0.20990764 -1.46779509 -1.03869096
v 0.22280916 -1.46198148 -1.03860797
v 0.22920070 -1.46288978 -1.07359282
v 0.22279099 -1.46776635 -1.07356773
v 0.22272306 -1.46205577 -1.07355508
v 0.22915660 -1.46305583 -1.03857603
v 0.22285314 -1.46201123 -1.03860646
v 0.22277468 -1.46774084 -1.03853612
v 0.22924137 -1.46783826 -1.07345451
v 0.22267703 -1.46776986 -1.07360840
v 0.22919224 -1.46304596 -1.07350311
v 0.22934566 -1.46304888 -1.03855911
v 0.22275861 -1.46778222 -1.03852976
v 0.22909495 -1.46768481 -1.03853574
v 0.23564862 -1.46609098 -1.07346544
v 0.22909698 -1.46772565 -1.07354997
v 0.22919832 -1.46290200 -1.07347175
v 0.23565955 -1.46606077 -1.03864381
v 0.22924076 -1.46292545 -1.03854825
v 0.22909577 -1.46778135 -1.03853651
v 0.23563381 -1.46776894 -1.07344809
v 0.22911544 -1.46785593 -1.07362734
v 0.23562284 -1.46605536 -1.07350270
v 0.23561625 -1.46620687 -1.03853732
v 0.22915891 -1.46767702 -1.03863874
v 0.23554299 -1.46775882 -1.03867483
v 0.23556128 -1.46769680 -1.07348844
v 0.23558411 -1.46598141 -1.03854116
v 0.23562392 -1.46781125 -1.03848875
v 0.23550951 -1.46601248 -1.07345792
v 0.24131840 -1.46596724 -1.03854910
v 0.24133652 -1.46782966 -1.07354187
v 0.24135223 -1.46774381 -1.03854618
v 0.24133351 -1.46601098 -1.07352797
v 0.24777381 -1.46303486 -1.07346404
v 0.24130003 -1.46768436 -1.07347811
v 0.24134341 -1.46619257 -1.07360262
v 0.24774502 -1.46298306 -1.03859674
v 0.24129422 -1.46613689 -1.03851416
v 0.24134044 -1.46768645 -1.03862489
v 0.24787626 -1.46781209 -1.07350293
v 0.24143090 -1.46771540 -1.07360527
v 0.24780205 -1.46285398 -1.07348816
v 0.24779056 -1.46300116 -1.03856734
v 0.24128694 -1.46785833 -1.03861287
v 0.24772528 -1.46782903 -1.03861064
v 0.25413623 -1.46194991 -1.07342851
v 0.24789376 -1.46782469 -1.07349343
v 0.24775857 -1.46297744 -1.07356098
v 0.25423113 -1.46197462 -1.03844468
v 0.24768534 -1.46286069 -1.03859598
v 0.24769025 -1.46772694 -1.03856887
v 0.25427323 -1.46213809 -1.07344614
v 0.26055610 -1.46782269 -1.07363577
v 0.24778698 -1.46780303 -1.07344072
v 0.26062908 -1.46208900 -1.07357533
v 0.26054671 -1.46785766 -1.03853595
v 0.25411234 -1.46206753 -1.03856524
v 0.24773524 -1.46777536 -1.03852412
v 0.26064145 -1.46209663 -1.03856625
v 0.26695101 -1.46296217 -1.07348882
v 0.26059201 -1.46775378 -1.07343205
v 0.26069548 -1.46216100 -1.07355460
v 0.26703102 -1.46288193 -1.03858837
v 0.26071491 -1.46199551 -1.03861768
v 0.26056117 -1.46782513 -1.03866280
v 0.26702224 -1.46769719 -1.07348957
v 0.26068409 -1.46781553 -1.07356311
v 0.26701404 -1.46299787 -1.07339849
v 0.26702187 -1.46288460 -1.03854644
v 0.26057967 -1.46771966 -1.03853163
v 0.26706096 -1.46778045 -1.03854917
v 0.27350249 -1.46598445 -1.07353065
v 0.26701206 -1.46784700 -1.07352136
v 0.26705964 -1.46283832 -1.07357870
v 0.27334664 -1.46611845 -1.03858115
v 0.26699592 -1.46281029 -1.03873431
v 0.26697244 -1.46781131 -1.03853901
v 0.27351542 -1.46777657 -1.07347979
v 0.26701940 -1.46787871 -1.07351417
v 0.27340431 -1.46622128 -1.07356518
v 0.27344471 -1.46608821 -1.03856527
v 0.26704513 -1.46768706 -1.03854928
v 0.27348459 -1.46769431 -1.03849709
v 0.27342012 -1.46775634 -1.07356104
v 0.27347184 -1.46599662 -1.03855792
v 0.27344852 -1.46785759 -1.03854242
v 0.27346393 -1.46603765 -1.07347083
v 0.10545820 -1.50698517 -1.07582977
v 0.11236356 -1.50028259 -1.10298171
v 0.12642355 -1.50617058 -1.10306277
v 0.09667015 -1.48592985 -1.07586703
v 0.11221170 -1.50017703 -1.10302144
v 0.10536339 -1.50704720 -1.07589181
v 0.11229016 -1.47178144 -1.10319679
v 0.11231073 -1.50019587 -1.10310774
v 0.10651453 -1.48595600 -1.10307599
v 0.11230504 -1.48596826 -1.10299920
v 0.11648947 -1.47594642 -1.10310582
v 0.12647419 -1.46583667 -1.10304287
v 0.12652247 -1.47185130 -1.10297299
v 0.14065245 -1.47182701 -1.10312736
v 0.13650919 -1.47598760 -1.10300017
v 0.14060442 -1.48607647 -1.10304725
v 0.11642919 -1.49602214 -1.10298754
v 0.12651347 -1.50609377 -1.10305206
v 0.12641639 -1.50021028 -1.10301734
v 0.13655942 -1.49596011 -1.10311173
v 0.14068341 -1.50019035 -1.10305342
v 0.14649615 -1.48595631 -1.10306150
v 0.10534638 -1.50716375 -1.07589324
v 0.12644052 -1.50605327 -1.10300434
v 0.12639481 -1.51574431 -1.07577465
v 0.09664223 -1.48602894 -1.03491653
v 0.10539834 -1.50701950 -1.03504702
v 0.10638634 -1.48607103 -1.10306306
v 0.11221305 -1.50024130 -1.10302120
v 0.09665435 -1.48585654 -1.07583695
v 0.14073855 -1.47175795 -1.10313602
v 0.15615411 -1.48608271 -1.07583327
v 0.14663791 -1.48602188 -1.10304078
v 0.14070065 -1.50002878 -1.10308229
v 0.15625574 -1.48598718 -1.07581381
v 0.15615048 -1.48598496 -1.07585710
v 0.14754706 -1.50711270 -1.07577405
v 0.14761849 -1.50702236 -1.07576995
v 0.14652220 -1.48603493 -1.10308610
v 0.12652809 -1.51572808 -1.07576807
v 0.12649667 -1.50604989 -1.10300116
v 0.14064994 -1.50020578 -1.10302651
v 0.10550499 -1.46487261 -1.07582326
v 0.11225344 -1.47177125 -1.10321083
v 0.10644597 -1.48595492 -1.10310000
v 0.10543244 -1.46490586 -1.07588209
v 0.10549333 -1.46489924 -1.07588274
v 0.12661469 -1.46590019 -1.10308935
v 0.11232676 -1.47172712 -1.10303122
v 0.12631554 -1.45618380 -1.07582573
v 0.12648053 -1.45614387 -1.07580666
v 0.14754188 -1.46499567 -1.07578152
v 0.14067617 -1.47177014 -1.10298141
v 0.12653692 -1.46588630 -1.10310257
v 0.12643682 -1.51586009 -1.03505884
v 0.10551736 -1.50706024 -1.03502799
v 0.10541662 -1.50702062 -1.03495601
v 0.10540029 -1.46486204 -1.03484327
v 0.09653883 -1.48600156 -1.03503044
v 0.10549762 -1.48597201 -1.03506484
v 0.11182836 -1.50084040 -1.03501288
v 0.12647377 -1.51575210 -1.03499486
v 0.12650507 -1.50688916 -1.03503440
v 0.14761565 -1.50714134 -1.03496610
v 0.14136240 -1.50078859 -1.03501788
v 0.14745880 -1.48612170 -1.03505953
v 0.11162826 -1.47118677 -1.03500164
v 0.12646497 -1.45614885 -1.03506100
v 0.12651390 -1.46498655 -1.03503557
v 0.14126453 -1.47106488 -1.03504818
v 0.14748368 -1.46483067 -1.03507597
v 0.15623417 -1.48597406 -1.03511056
v 0.10537347 -1.46501559 -1.03513804
v 0.09668628 -1.48599599 -1.07574747
v 0.09679332 -1.48596748 -1.03500189
v 0.10534259 -1.46493630 -1.07581556
v 0.10646169 -1.48594760 -1.10305971
v 0.14754513 -1.46495778 -1.07590450
v 0.15623319 -1.48598746 -1.07580831
v 0.14067799 -1.47176261 -1.10294323
v 0.15629933 -1.48600165 -1.03503271
v 0.14743741 -1.50702179 -1.03501263
v 0.14757054 -1.50710702 -1.07586896
v 0.12640369 -1.51578107 -1.07565392
v 0.14071717 -1.50006437 -1.10309715
v 0.10542144 -1.46484915 -1.03495504
v 0.12638292 -1.45620896 -1.03496844
v 0.12658378 -1.45622116 -1.07586874
v 0.14747158 -1.46491902 -1.07586536
v 0.12658707 -1.46581452 -1.10303860
v 0.12656594 -1.51573936 -1.03502310
v 0.14759912 -1.50701106 -1.03502468
v 0.14751913 -1.46492265 -1.03501354
v 0.15636580 -1.48602057 -1.03503550
v 0.14762667 -1.46493903 -1.03497047
v 0.12642623 -1.45620099 -1.03504034
v 0.10558050 -1.48597833 -1.07589513
v 0.10542181 -1.48586766 -1.07578957
v 0.11161635 -1.47109204 -1.03506612
v 0.10551814 -1.48602090 -1.03501852
v 0.11157316 -1.47111876 -1.07575941
v 0.11163240 -1.47110672 -1.07586617
v 0.11162792 -1.50081092 -1.07577218
v 0.11164711 -1.50085191 -1.07588894
v 0.10548749 -1.48605195 -1.03497882
v 0.11153793 -1.50080905 -1.03504077
v 0.10547848 -1.48598524 -1.07578394
v 0.10551385 -1.48606269 -1.07575934
v 0.11228086 -1.48599749 -1.10301575
v 0.11647480 -1.47603355 -1.10309337
v 0.12645843 -1.46490573 -1.07590017
v 0.12654863 -1.46507011 -1.07585250
v 0.11167186 -1.47118778 -1.03503180
v 0.11162536 -1.47119797 -1.07572453
v 0.11163281 -1.47105088 -1.07594644
v 0.12655056 -1.46499272 -1.03503390
v 0.11654769 -1.49592995 -1.10297643
v 0.11239000 -1.48599836 -1.10307606
v 0.11161254 -1.50089122 -1.07576187
v 0.12653396 -1.50695325 -1.03505017
v 0.12644014 -1.50699649 -1.07583449
v 0.11167337 -1.50078467 -1.03511869
v 0.12649188 -1.47182548 -1.10303175
v 0.11641975 -1.47596547 -1.10306894
v 0.14136050 -1.47112035 -1.03498535
v 0.12657432 -1.46496334 -1.07578752
v 0.14138580 -1.47119025 -1.07585101
v 0.12648510 -1.46501064 -1.03493130
v 0.11648485 -1.49605557 -1.10314720
v 0.12664348 -1.50697318 -1.03496711
v 0.14136982 -1.50071811 -1.07582459
v 0.14119044 -1.50089646 -1.07583372
v 0.12645253 -1.50693600 -1.07584964
v 0.12659794 -1.50700941 -1.07579733
v 0.14124171 -1.50076358 -1.03511953
v 0.12649319 -1.46500141 -1.07589715
v 0.12643519 -1.47181008 -1.10308934
v 0.13652528 -1.47600781 -1.10303333
v 0.13645531 -1.47593279 -1.10307542
v 0.14125880 -1.47112483 -1.03496697
v 0.14743820 -1.48598985 -1.07584256
v 0.14753496 -1.48602302 -1.03507474
v 0.14128901 -1.47109402 -1.07583224
v 0.12653842 -1.50698524 -1.07582066
v 0.12643346 -1.50013660 -1.10314110
v 0.11648921 -1.49604316 -1.10304785
v 0.14748613 -1.48595053 -1.03503187
v 0.14130358 -1.50069194 -1.07574358
v 0.14135310 -1.50088284 -1.03499741
v 0.14742493 -1.48592886 -1.07583867
v 0.13648414 -1.49588180 -1.10297355
v 0.12651502 -1.50014346 -1.10312016
v 0.14138724 -1.47114425 -1.07582400
v 0.13637138 -1.47604421 -1.10316731
v 0.14063629 -1.48599058 -1.10315758
v 0.14062885 -1.48603633 -1.10319350
v 0.13652222 -1.49587116 -1.10308808
v 0.14066904 -1.48598556 -1.10307384
v 0.13661731 -1.49605306 -1.10301071
v 0.14740152 -1.48604854 -1.07577919
v 0.25314206 -1.47702859 -1.11695182
v 0.25321350 -1.48748734 -1.11689149
v 0.25098788 -1.48223759 -1.11694085
v 0.25834389 -1.47495041 -1.11695667
v 0.25827062 -1.48946548 -1.11686600
v 0.26365066 -1.47692683 -1.11705040
v 0.26366677 -1.48753752 -1.11690028
v 0.26577510 -1.48233150 -1.11688075
v 0.25110912 -1.48221957 -1.11184634
v 0.25321035 -1.48752330 -1.11692314
v 0.25324242 -1.48742684 -1.11176488
v 0.25105392 -1.48228893 -1.11689554
v 0.25323908 -1.47705522 -1.11182143
v 0.25109073 -1.48227006 -1.11687231
v 0.25110227 -1.48230547 -1.11185846
v 0.25324629 -1.47702171 -1.11687362
v 0.25317424 -1.47710106 -1.11184931
v 0.25829446 -1.47485333 -1.11683184
v 0.25322352 -1.47705197 -1.11695601
v 0.25840856 -1.47474779 -1.11181036
v 0.25840399 -1.47489059 -1.11690784
v 0.26373462 -1.47708713 -1.11189756
v 0.26359415 -1.47703128 -1.11690036
v 0.25852526 -1.47482859 -1.11195370
v 0.26569725 -1.48224997 -1.11691673
v 0.26364808 -1.47706672 -1.11187182
v 0.26571070 -1.48229564 -1.11186119
v 0.26368383 -1.47710372 -1.11685655
v 0.26361023 -1.48749587 -1.11687738
v 0.26576162 -1.48222477 -1.11186811
v 0.26361510 -1.48745574 -1.11182573
v 0.26573002 -1.48216039 -1.11686688
v 0.26366768 -1.48742110 -1.11690682
v 0.25848419 -1.48955083 -1.11184128
v 0.25843403 -1.48950822 -1.11682339
v 0.26371143 -1.48745419 -1.11176982
v 0.25839669 -1.48954865 -1.11182070
v 0.25319872 -1.48740418 -1.11687243
v 0.25839651 -1.48959277 -1.11697509
v 0.25335074 -1.48748965 -1.11182882
v 0.25105020 -1.48217427 -1.11188589
v 0.25325997 -1.48736306 -1.11183652
v 0.25071577 -1.48987967 -1.10326323
v 0.25321045 -1.47694994 -1.11184423
v 0.25091069 -1.48227786 -1.11185920
v 0.24752714 -1.48234773 -1.10326817
v 0.25078161 -1.47455173 -1.10335070
v 0.25846867 -1.47488317 -1.11186348
v 0.25312410 -1.47700004 -1.11189945
v 0.25839129 -1.47144559 -1.10332382
v 0.26370280 -1.47709205 -1.11190328
v 0.25840674 -1.47482803 -1.11189115
v 0.26612024 -1.47444716 -1.10317188
v 0.26574012 -1.48216775 -1.11190828
v 0.26360016 -1.47699513 -1.11183164
v 0.26568702 -1.48211514 -1.11182055
v 0.26935269 -1.48223515 -1.10310772
v 0.26359142 -1.48744791 -1.11185907
v 0.26613592 -1.48999721 -1.10314409
v 0.25839019 -1.48963567 -1.11183975
v 0.26351001 -1.48740943 -1.11190625
v 0.25843486 -1.49306809 -1.10301059
v 0.25304373 -1.48749805 -1.11174181
v 0.25835305 -1.48961318 -1.11187228
v 0.25069764 -1.48980095 -1.10319549
v 0.25317489 -1.48736357 -1.11188515
v 0.25840355 -1.49311000 -1.10308741
v 0.25101636 -1.48231381 -1.11181814
v 0.25067535 -1.48995718 -1.10317800
v 0.24753099 -1.48230935 -1.10319697
v 0.25066785 -1.47454692 -1.10326470
v 0.25317890 -1.47692231 -1.11190772
v 0.24755237 -1.48217336 -1.10313042
v 0.25844908 -1.47138007 -1.10312655
v 0.25838682 -1.47474821 -1.11184442
v 0.25064263 -1.47440940 -1.10322249
v 0.25843678 -1.47132315 -1.10313445
v 0.26604775 -1.47458578 -1.10319041
v 0.26380126 -1.47699986 -1.11185924
v 0.26610579 -1.47449818 -1.10309021
v 0.26926782 -1.48227180 -1.10323044
v 0.26574444 -1.48218309 -1.11182750
v 0.26931691 -1.48213235 -1.10320863
v 0.26615605 -1.48988920 -1.10322210
v 0.26359688 -1.48746320 -1.11185115
v 0.26614725 -1.48985590 -1.10317669
v 0.25847296 -1.49308279 -1.10317482
v 0.25840340 -1.48948361 -1.11176056
v 0.25838170 -1.49304332 -1.09572061
v 0.25072150 -1.48987293 -1.10318484
v 0.25842006 -1.49311194 -1.10320099
v 0.24747162 -1.48227460 -1.09573959
v 0.25078667 -1.48982203 -1.10317429
v 0.25066498 -1.48995954 -1.09570952
v 0.24752217 -1.48230038 -1.10321359
v 0.25073400 -1.47453040 -1.09578927
v 0.24754294 -1.48219817 -1.10315481
v 0.24761818 -1.48220454 -1.09572816
v 0.25086106 -1.47455742 -1.10309847
v 0.25070421 -1.47448631 -1.09582026
v 0.25845497 -1.47141585 -1.10321409
v 0.25071959 -1.47459033 -1.10335811
v 0.25852612 -1.47140021 -1.09581619
v 0.25848200 -1.47127941 -1.10319939
v 0.26607901 -1.47462694 -1.09571144
v 0.26603189 -1.47444154 -1.10320500
v 0.25844207 -1.47142912 -1.09576950
v 0.26929757 -1.48229910 -1.10314556
v 0.26604391 -1.47453645 -1.09578880
v 0.26932831 -1.48232082 -1.09573895
v 0.26608455 -1.47466688 -1.10324225
v 0.26609865 -1.48998105 -1.10321229
v 0.26911464 -1.48223200 -1.09579100
v 0.26602182 -1.48996370 -1.09575870
v 0.26924192 -1.48221736 -1.10314323
v 0.26611731 -1.48993082 -1.09566306
v 0.25835446 -1.49312401 -1.10337170
v 0.26608987 -1.48994709 -1.10312875
v 0.26606303 -1.48995266 -1.09559959
v 0.25843527 -1.49314110 -1.09582761
v 0.25833150 -1.49303261 -1.10319479
v 0.25076524 -1.48989723 -1.09577430
v 0.25070012 -1.48987068 -1.10321215
v 0.25838946 -1.49311145 -1.09573090
v 0.25081354 -1.48989488 -1.09568145
v 0.25067267 -1.47461242 -1.09566133
v 0.24757808 -1.48221779 -1.09574652
v 0.25850307 -1.49307295 -1.09575772
v 0.25838734 -1.47139399 -1.09568252
v 0.26612912 -1.48988378 -1.09562232
v 0.26611877 -1.47454922 -1.09569335
v 0.26931078 -1.48233312 -1.09579466
v 0.21538491 -1.47697605 -1.11693418
v 0.21531365 -1.48752161 -1.11691090
v 0.21320069 -1.48219595 -1.11694283
v 0.22051595 -1.47481111 -1.11692642
v 0.22055607 -1.48969732 -1.11694782
v 0.22583676 -1.47694876 -1.11693464
v 0.22578720 -1.48744052 -1.11679724
v 0.22776217 -1.48224002 -1.11711263
v 0.21322525 -1.48214292 -1.11186315
v 0.21534838 -1.48741442 -1.11684913
v 0.21521378 -1.48746497 -1.11183822
v 0.21315857 -1.48227444 -1.11697281
v 0.21532232 -1.47701357 -1.11178831
v 0.21318709 -1.48228906 -1.11691224
v 0.21324371 -1.48226745 -1.11186183
v 0.21538499 -1.47706386 -1.11692863
v 0.21534088 -1.47699755 -1.11197175
v 0.22056373 -1.47489408 -1.11692503
v 0.21539820 -1.47699526 -1.11678752
v 0.22057947 -1.47498467 -1.11189263
v 0.22057165 -1.47486377 -1.11684565
v 0.22565043 -1.47700238 -1.11184921
v 0.22577193 -1.47703884 -1.11693513
v 0.22046477 -1.47476321 -1.11191402
v 0.22797137 -1.48224814 -1.11692959
v 0.22586957 -1.47703910 -1.11178925
v 0.22790579 -1.48220099 -1.11187995
v 0.22569926 -1.47706989 -1.11687252
v 0.22578639 -1.48742419 -1.11693149
v 0.22792596 -1.48218285 -1.11184567
v 0.22577158 -1.48752696 -1.11189324
v 0.22787236 -1.48228725 -1.11690509
v 0.22586597 -1.48736518 -1.11688781
v 0.22049162 -1.48956591 -1.11176028
v 0.22048549 -1.48964838 -1.11707423
v 0.22566847 -1.48733000 -1.11174186
v 0.22059678 -1.48957732 -1.11188908
v 0.21538947 -1.48745526 -1.11680230
v 0.22060772 -1.48953972 -1.11690929
v 0.21530307 -1.48737311 -1.11187979
v 0.21310370 -1.48216194 -1.11180755
v 0.21534004 -1.48741546 -1.11170454
v 0.21273063 -1.48992068 -1.10316893
v 0.21532332 -1.47707586 -1.11176657
v 0.21331766 -1.48217624 -1.11177883
v 0.20964465 -1.48225041 -1.10317316
v 0.21291924 -1.47456944 -1.10311476
v 0.22057215 -1.47481538 -1.11176188
v 0.21537692 -1.47707900 -1.11192851
v 0.22051416 -1.47138239 -1.10319819
v 0.22573433 -1.47701018 -1.11185050
v 0.22058274 -1.47489528 -1.11178972
v 0.22809061 -1.47453426 -1.10319033
v 0.22794799 -1.48213022 -1.11180236
v 0.22577226 -1.47705189 -1.11181703
v 0.22789988 -1.48226078 -1.11178781
v 0.23142531 -1.48221094 -1.10319392
v 0.22571032 -1.48756454 -1.11182707
v 0.22826548 -1.48990305 -1.10325859
v 0.22052179 -1.48960500 -1.11194166
v 0.22575071 -1.48743272 -1.11185752
v 0.22047974 -1.49311793 -1.10323653
v 0.21526506 -1.48752415 -1.11186150
v 0.22050516 -1.48948194 -1.11184994
v 0.21288539 -1.48991915 -1.10323401
v 0.21538668 -1.48741368 -1.11182114
v 0.22057405 -1.49320419 -1.10316180
v 0.21316791 -1.48223405 -1.11179927
v 0.21285192 -1.48999083 -1.10316809
v 0.20980696 -1.48231072 -1.10317573
v 0.21284719 -1.47448172 -1.10319520
v 0.21526289 -1.47714727 -1.11177157
v 0.20968381 -1.48227960 -1.10320625
v 0.22054922 -1.47142506 -1.10320864
v 0.22059198 -1.47494347 -1.11179314
v 0.21283138 -1.47454000 -1.10310814
v 0.22048931 -1.47137945 -1.10316937
v 0.22827965 -1.47460245 -1.10311014
v 0.22564503 -1.47701379 -1.11192019
v 0.22821537 -1.47450801 -1.10321088
v 0.23146865 -1.48222398 -1.10315750
v 0.22794326 -1.48236060 -1.11176093
v 0.23131881 -1.48222256 -1.10317622
v 0.22812725 -1.48993126 -1.10322916
v 0.22570788 -1.48742654 -1.11184326
v 0.22822992 -1.48990419 -1.10327547
v 0.22057373 -1.49316843 -1.10322036
v 0.22051675 -1.48968349 -1.11182300
v 0.22064252 -1.49311368 -1.09569385
v 0.21282267 -1.48988393 -1.10309815
v 0.22059391 -1.49316122 -1.10318937
v 0.20966382 -1.48225169 -1.09562260
v 0.21283585 -1.48996209 -1.10315537
v 0.21281831 -1.48998083 -1.09585671
v 0.20960755 -1.48227352 -1.10323521
v 0.21289545 -1.47454411 -1.09564715
v 0.20971614 -1.48225306 -1.10318908
v 0.20981592 -1.48222336 -1.09568640
v 0.21295240 -1.47458483 -1.10314738
v 0.21289686 -1.47457310 -1.09564722
v 0.22049912 -1.47139307 -1.10321401
v 0.21279071 -1.47449014 -1.10320818
v 0.22047645 -1.47141432 -1.09578025
v 0.22063204 -1.47134008 -1.10312391
v 0.22823749 -1.47452766 -1.09578871
v 0.22826556 -1.47457579 -1.10316633
v 0.22054150 -1.47144048 -1.09564427
v 0.23138607 -1.48210839 -1.10318537
v 0.22823185 -1.47451830 -1.09569270
v 0.23144999 -1.48223177 -1.09570233
v 0.22818306 -1.47462404 -1.10308989
v 0.22826028 -1.48991051 -1.10328251
v 0.23148619 -1.48223422 -1.09581097
v 0.22820615 -1.48986960 -1.09571938
v 0.23147908 -1.48243420 -1.10312803
v 0.22819386 -1.48989392 -1.09575313
v 0.22058314 -1.49305476 -1.10313015
v 0.22823744 -1.48987154 -1.10316534
v 0.22818772 -1.48991798 -1.09566472
v 0.22042769 -1.49300571 -1.09574214
v 0.22060867 -1.49310881 -1.10327985
v 0.21277711 -1.48995448 -1.09581776
v 0.21291637 -1.49000557 -1.10330442
v 0.22060028 -1.49310860 -1.09579479
v 0.21282664 -1.48992944 -1.09574142
v 0.21284305 -1.47470815 -1.09578928
v 0.20960084 -1.48225105 -1.09571605
v 0.22054326 -1.49311276 -1.09574865
v 0.22043312 -1.47133424 -1.09569445
v 0.22826249 -1.48990510 -1.09578964
v 0.22820282 -1.47457259 -1.09578783
v 0.23149632 -1.48221318 -1.09563966
v 0.17513265 -1.48990156 -1.09575202
v 0.17508213 -1.47458384 -1.09578979
v 0.17183936 -1.48221753 -1.09580933
v 0.18274582 -1.49317862 -1.09566286
v 0.18274897 -1.47139057 -1.09571991
v 0.19041286 -1.48999655 -1.09576245
v 0.19052348 -1.47453696 -1.09566803
v 0.19376833 -1.48222037 -1.09574522
v 0.17515130 -1.47455019 -1.09579559
v 0.18267818 -1.47141876 -1.10318014
v 0.17505559 -1.47457720 -1.10326453
v 0.18272783 -1.47137327 -1.09584244
v 0.17502632 -1.47442736 -1.09566983
v 0.17197317 -1.48235661 -1.10320322
v 0.17192526 -1.48223874 -1.09568375
v 0.17509903 -1.47452057 -1.10313463
v 0.17179486 -1.48221525 -1.09580371
v 0.17510154 -1.48983916 -1.10320019
v 0.17498179 -1.48999729 -1.09573750
v 0.17185987 -1.48214102 -1.10321269
v 0.17518437 -1.48991720 -1.09580006
v 0.17520708 -1.48993401 -1.10310731
v 0.18284361 -1.49310336 -1.09569372
v 0.19049520 -1.48983463 -1.09575017
v 0.18269294 -1.49302583 -1.09569972
v 0.18264678 -1.49303547 -1.10327646
v 0.19041624 -1.48995112 -1.10321171
v 0.19361892 -1.48229032 -1.09567402
v 0.19047020 -1.48987847 -1.09565941
v 0.19369524 -1.48222321 -1.10318366
v 0.19358756 -1.48221115 -1.10321264
v 0.19033488 -1.47452763 -1.09579512
v 0.19370829 -1.48212608 -1.09568992
v 0.19037612 -1.47454893 -1.10325508
v 0.18271232 -1.47143037 -1.10320244
v 0.19044319 -1.47455886 -1.09571640
v 0.19037716 -1.47448814 -1.10313317
v 0.18272026 -1.47135222 -1.09577270
v 0.18270727 -1.47138072 -1.10313972
v 0.18274210 -1.47485287 -1.11183968
v 0.17499703 -1.47472221 -1.10327969
v 0.17503988 -1.47460213 -1.10325164
v 0.17743943 -1.47701453 -1.11179528
v 0.17197737 -1.48220249 -1.10324052
v 0.17542388 -1.48234466 -1.11180488
v 0.17512709 -1.48996755 -1.10317845
v 0.17191528 -1.48222736 -1.10308931
v 0.18276474 -1.49316565 -1.09580478
v 0.17514182 -1.49001058 -1.10318397
v 0.18266444 -1.49306496 -1.10320305
v 0.19049622 -1.49000398 -1.09582292
v 0.18273883 -1.49313173 -1.10312456
v 0.19043021 -1.48991406 -1.10321361
v 0.19369938 -1.48236597 -1.10320684
v 0.19035577 -1.49001358 -1.10308450
v 0.18804167 -1.48738644 -1.11190619
v 0.19046642 -1.47452632 -1.10319347
v 0.19366004 -1.48216853 -1.10315158
v 0.19020049 -1.48217063 -1.11187203
v 0.18279174 -1.47144595 -1.10329013
v 0.19050066 -1.47460723 -1.10317724
v 0.18792513 -1.47702540 -1.11177911
v 0.18283015 -1.47138569 -1.10316495
v 0.18795278 -1.47699781 -1.11191491
v 0.18281074 -1.47484566 -1.11190101
v 0.17514511 -1.47457711 -1.10327220
v 0.18275507 -1.47485428 -1.11181083
v 0.17753811 -1.47696208 -1.11183230
v 0.17750388 -1.47703813 -1.11177090
v 0.17528681 -1.48216108 -1.11189654
v 0.17194768 -1.48226256 -1.10314378
v 0.17543427 -1.48234388 -1.11196050
v 0.17752111 -1.48751192 -1.11191879
v 0.17512259 -1.48994907 -1.10323617
v 0.17504417 -1.48998219 -1.10322840
v 0.17749377 -1.48734575 -1.11177733
v 0.18276082 -1.49302794 -1.10315553
v 0.18795594 -1.48744628 -1.11186560
v 0.18285630 -1.49303930 -1.10321839
v 0.18269743 -1.48965554 -1.11184919
v 0.19046855 -1.48989684 -1.10324680
v 0.19013780 -1.48218794 -1.11197725
v 0.19355777 -1.48229939 -1.10322610
v 0.18795345 -1.48748986 -1.11185643
v 0.19027223 -1.47454780 -1.10324614
v 0.19022275 -1.48233060 -1.11193528
v 0.18791182 -1.47695699 -1.11194144
v 0.18276335 -1.47480628 -1.11690634
v 0.18788368 -1.47703199 -1.11186446
v 0.18794461 -1.47707470 -1.11688118
v 0.18276865 -1.47481227 -1.11180560
v 0.17749917 -1.47706311 -1.11175241
v 0.18262686 -1.47479352 -1.11682576
v 0.17754754 -1.47699289 -1.11673911
v 0.18270714 -1.47480216 -1.11182054
v 0.17751705 -1.47696578 -1.11181136
v 0.17536263 -1.48216016 -1.11694645
v 0.17539235 -1.48221690 -1.11175008
v 0.17762807 -1.47697009 -1.11693420
v 0.17545960 -1.48233752 -1.11190574
v 0.17760935 -1.48739659 -1.11682861
v 0.17763901 -1.48745335 -1.11192172
v 0.17530629 -1.48220496 -1.11688921
v 0.18289304 -1.49311037 -1.10313884
v 0.17768287 -1.48739240 -1.11171747
v 0.18283198 -1.48964109 -1.11192875
v 0.18797749 -1.48738700 -1.11693814
v 0.18283148 -1.48957784 -1.11186323
v 0.18275097 -1.48961536 -1.11692523
v 0.18795849 -1.48741362 -1.11193330
v 0.18793527 -1.48750682 -1.11702554
v 0.19011915 -1.48239503 -1.11194188
v 0.18792777 -1.48754354 -1.11186007
v 0.19018105 -1.48224743 -1.11699139
v 0.19017940 -1.48220171 -1.11699500
v 0.18801125 -1.47702812 -1.11185414
v 0.19010311 -1.48226993 -1.11190710
v 0.18796564 -1.47706596 -1.11694750
v 0.17757502 -1.47704552 -1.11700069
v 0.17748946 -1.48739189 -1.11682489
v 0.17538890 -1.48225875 -1.11694357
v 0.18277352 -1.47486842 -1.11677586
v 0.18274781 -1.48960884 -1.11688693
v 0.18803195 -1.47705169 -1.11696350
v 0.18796893 -1.48743287 -1.11692295
v 0.19023391 -1.48219850 -1.11684186
v 0.18282521 -1.48969117 -1.11189594
v 0.17753578 -1.48743983 -1.11690549
v 0.18270458 -1.48957246 -1.11697734
v 0.17758321 -1.48736411 -1.11184072
v 0.06290142 -1.48978273 -1.09572670
v 0.06284424 -1.47460766 -1.09576451
v 0.05972825 -1.48227408 -1.09567925
v 0.07052912 -1.49316155 -1.09576852
v 0.07058761 -1.47139177 -1.09570419
v 0.07827006 -1.48979867 -1.09562403
v 0.07826406 -1.47449819 -1.09572039
v 0.08138537 -1.48218011 -1.09582425
v 0.06306781 -1.47458443 -1.09576592
v 0.07055049 -1.47140558 -1.10332009
v 0.06297786 -1.47460692 -1.10325989
v 0.07052339 -1.47135421 -1.09566119
v 0.06289999 -1.47444602 -1.09565945
v 0.05969978 -1.48229469 -1.10313926
v 0.05971012 -1.48221330 -1.09569789
v 0.06289619 -1.47457282 -1.10324970
v 0.05979087 -1.48219906 -1.09569539
v 0.06284636 -1.48987590 -1.10325118
v 0.06284062 -1.48982647 -1.09561615
v 0.05975519 -1.48234620 -1.10316114
v 0.06282171 -1.48987491 -1.09564934
v 0.06287673 -1.49002120 -1.10321269
v 0.07050069 -1.49309984 -1.09576144
v 0.07832869 -1.49005090 -1.09577491
v 0.07053923 -1.49313586 -1.09574226
v 0.07058625 -1.49298978 -1.10319667
v 0.07812653 -1.48992604 -1.10322050
v 0.08147939 -1.48225069 -1.09566065
v 0.07815557 -1.49005215 -1.09570247
v 0.08149466 -1.48227344 -1.10316579
v 0.08140783 -1.48211474 -1.10313656
v 0.07825694 -1.47454366 -1.09564066
v 0.08143416 -1.48222249 -1.09572831
v 0.07826932 -1.47441263 -1.10321128
v 0.07061016 -1.47143216 -1.10317607
v 0.07814165 -1.47446184 -1.09567658
v 0.07824584 -1.47462600 -1.10306651
v 0.07067433 -1.47144289 -1.09577581
v 0.07052540 -1.47141150 -1.10321689
v 0.07057790 -1.47494017 -1.11179854
v 0.06287853 -1.47455631 -1.10311273
v 0.06295550 -1.47454996 -1.10321961
v 0.06537859 -1.47704448 -1.11179270
v 0.05962869 -1.48226240 -1.10322141
v 0.06318141 -1.48223340 -1.11188277
v 0.06280828 -1.48991758 -1.10314171
v 0.05957522 -1.48222796 -1.10318478
v 0.07062295 -1.49312863 -1.09573382
v 0.06291941 -1.48994193 -1.10321194
v 0.07054540 -1.49317730 -1.10316108
v 0.07826432 -1.48991227 -1.09578601
v 0.07058553 -1.49308622 -1.10322774
v 0.07815397 -1.48988994 -1.10319561
v 0.08146489 -1.48230577 -1.10334327
v 0.07825954 -1.48992831 -1.10326708
v 0.07574305 -1.48746829 -1.11190455
v 0.07827945 -1.47465684 -1.10331037
v 0.08129146 -1.48221545 -1.10338309
v 0.07794402 -1.48221666 -1.11186460
v 0.07056914 -1.47133156 -1.10322525
v 0.07823927 -1.47444186 -1.10321666
v 0.07575726 -1.47698357 -1.11183923
v 0.07056138 -1.47136537 -1.10323340
v 0.07577701 -1.47696858 -1.11184324
v 0.07049553 -1.47492534 -1.11194870
v 0.06289920 -1.47449276 -1.10323225
v 0.07065039 -1.47489973 -1.11195031
v 0.06531679 -1.47701120 -1.11185117
v 0.06535187 -1.47711187 -1.11183240
v 0.06316119 -1.48231508 -1.11184446
v 0.05971405 -1.48218322 -1.10321487
v 0.06333887 -1.48217284 -1.11180971
v 0.06526238 -1.48757191 -1.11185717
v 0.06293307 -1.48984294 -1.10325150
v 0.06298531 -1.48999234 -1.10324018
v 0.06530999 -1.48740347 -1.11188100
v 0.07063670 -1.49314181 -1.10310275
v 0.07824689 -1.48995001 -1.10319773
v 0.07061086 -1.49313253 -1.10324308
v 0.07062147 -1.48952937 -1.11177776
v 0.07816474 -1.48989492 -1.10315814
v 0.07047213 -1.48957488 -1.11181895
v 0.07588435 -1.48751031 -1.11186077
v 0.07808448 -1.48228738 -1.11188746
v 0.08139422 -1.48232382 -1.10314474
v 0.07591706 -1.48740653 -1.11180240
v 0.07815792 -1.47456956 -1.10324187
v 0.07785989 -1.48233370 -1.11181773
v 0.07571284 -1.47698772 -1.11182357
v 0.07058273 -1.47493372 -1.11683567
v 0.07582024 -1.47693218 -1.11177816
v 0.07579951 -1.47694272 -1.11690136
v 0.07054809 -1.47490885 -1.11185061
v 0.06536059 -1.47712907 -1.11184158
v 0.07063978 -1.47490071 -1.11678187
v 0.06530789 -1.47700089 -1.11684717
v 0.07063588 -1.47483569 -1.11184444
v 0.06538863 -1.47710342 -1.11187683
v 0.06313956 -1.48220256 -1.11682399
v 0.06316733 -1.48223093 -1.11174559
v 0.06534898 -1.47700901 -1.11690588
v 0.06321552 -1.48233296 -1.11180475
v 0.06539008 -1.48755454 -1.11680499
v 0.06534798 -1.48752452 -1.11186345
v 0.06324094 -1.48227488 -1.11688349
v 0.07055431 -1.49304732 -1.10319906
v 0.06538299 -1.48739642 -1.11184004
v 0.07060422 -1.48959953 -1.11183607
v 0.07586007 -1.48747238 -1.11689151
v 0.07043115 -1.48960602 -1.11180987
v 0.07059091 -1.48965045 -1.11691387
v 0.07576314 -1.48740365 -1.11182259
v 0.07572818 -1.48731321 -1.11697975
v 0.07798923 -1.48225470 -1.11180182
v 0.07587180 -1.48738283 -1.11184321
v 0.07795251 -1.48225456 -1.11693917
v 0.07799587 -1.48224739 -1.11689364
v 0.07586058 -1.47699733 -1.11191576
v 0.07787440 -1.48231271 -1.11191521
v 0.07572609 -1.47699957 -1.11697342
v 0.06532376 -1.47713559 -1.11697778
v 0.06534106 -1.48743910 -1.11684970
v 0.06318920 -1.48214421 -1.11703229
v 0.07062567 -1.47488777 -1.11685810
v 0.07063726 -1.48956790 -1.11696967
v 0.07579039 -1.47697417 -1.11695971
v 0.07581207 -1.48738756 -1.11691021
v 0.07787026 -1.48227510 -1.11693102
v 0.07061751 -1.48961045 -1.11190635
v 0.06542624 -1.48740335 -1.11685409
v 0.07048461 -1.48967485 -1.11688561
v 0.06536567 -1.48758739 -1.11184405
v 0.02497452 -1.48985985 -1.09568930
v 0.02504949 -1.47462273 -1.09568124
v 0.02171609 -1.48229400 -1.09583919
v 0.03253527 -1.49315092 -1.09572367
v 0.03267243 -1.47131337 -1.09585129
v 0.04033492 -1.48997134 -1.09571837
v 0.04033701 -1.47452494 -1.09573034
v 0.04359824 -1.48238205 -1.09573434
v 0.02496964 -1.47455660 -1.09578594
v 0.03274492 -1.47141869 -1.10313973
v 0.02503983 -1.47456748 -1.10318814
v 0.03264955 -1.47146070 -1.09581693
v 0.02507538 -1.47460597 -1.09572124
v 0.02180858 -1.48222159 -1.10316799
v 0.02185598 -1.48215367 -1.09581217
v 0.02492961 -1.47448416 -1.10325227
v 0.02180819 -1.48209151 -1.09568130
v 0.02485931 -1.48987071 -1.10317822
v 0.02489803 -1.48985589 -1.09567240
v 0.02177847 -1.48221411 -1.10315626
v 0.02496600 -1.48993844 -1.09568927
v 0.02506154 -1.48992895 -1.10327209
v 0.03264279 -1.49307233 -1.09578220
v 0.04046038 -1.48992452 -1.09581817
v 0.03250559 -1.49309284 -1.09569754
v 0.03268270 -1.49311617 -1.10324189
v 0.04033806 -1.48997832 -1.10313688
v 0.04353568 -1.48221910 -1.09571229
v 0.04051492 -1.48993111 -1.09573751
v 0.04363169 -1.48216963 -1.10312140
v 0.04355665 -1.48232500 -1.10323401
v 0.04022458 -1.47465184 -1.09561043
v 0.04361360 -1.48226721 -1.09577432
v 0.04032116 -1.47461010 -1.10317602
v 0.03274595 -1.47138738 -1.10312302
v 0.04023007 -1.47449830 -1.09562489
v 0.04041661 -1.47459870 -1.10322237
v 0.03262012 -1.47143412 -1.09584144
v 0.03271161 -1.47140377 -1.10317292
v 0.03273369 -1.47485696 -1.11190934
v 0.02496631 -1.47454513 -1.10325697
v 0.02504739 -1.47451867 -1.10319899
v 0.02749470 -1.47704231 -1.11182083
v 0.02181211 -1.48224326 -1.10306120
v 0.02527834 -1.48225059 -1.11182212
v 0.02499365 -1.48990034 -1.10318567
v 0.02186365 -1.48219655 -1.10308016
v 0.03274685 -1.49304880 -1.09567328
v 0.02503739 -1.48980850 -1.10323330
v 0.03269012 -1.49305888 -1.10319395
v 0.04034431 -1.48994457 -1.09573860
v 0.03263057 -1.49313895 -1.10321406
v 0.04033423 -1.48986736 -1.10322992
v 0.04359924 -1.48232640 -1.10318973
v 0.04047299 -1.48995480 -1.10309563
v 0.03801321 -1.48742121 -1.11186654
v 0.04042159 -1.47468040 -1.10318471
v 0.04362130 -1.48221399 -1.10321106
v 0.04009394 -1.48226039 -1.11188271
v 0.03272590 -1.47138638 -1.10321427
v 0.04028896 -1.47447879 -1.10325967
v 0.03786692 -1.47701766 -1.11186310
v 0.03261679 -1.47140917 -1.10320991
v 0.03798288 -1.47707455 -1.11191309
v 0.03270974 -1.47490155 -1.11191229
v 0.02505054 -1.47456407 -1.10319766
v 0.03276206 -1.47486645 -1.11188324
v 0.02739592 -1.47710076 -1.11188458
v 0.02745879 -1.47710450 -1.11188131
v 0.02531305 -1.48233260 -1.11189371
v 0.02174574 -1.48233230 -1.10313220
v 0.02536785 -1.48235845 -1.11192614
v 0.02747972 -1.48747427 -1.11185988
v 0.02501881 -1.48989425 -1.10328952
v 0.02501603 -1.48989951 -1.10327303
v 0.02749815 -1.48737675 -1.11188907
v 0.03271412 -1.49310324 -1.10303586
v 0.04043632 -1.48993397 -1.10330512
v 0.03272562 -1.49311491 -1.10309166
v 0.03280353 -1.48951525 -1.11183331
v 0.04030467 -1.48985442 -1.10319633
v 0.03277834 -1.48961943 -1.11195236
v 0.03780645 -1.48751011 -1.11180042
v 0.03998370 -1.48223758 -1.11189884
v 0.04364175 -1.48223217 -1.10325267
v 0.03792037 -1.48736942 -1.11183608
v 0.04039385 -1.47464579 -1.10313740
v 0.04008051 -1.48217916 -1.11187306
v 0.03787868 -1.47694442 -1.11192439
v 0.03265055 -1.47485752 -1.11705424
v 0.03790640 -1.47694926 -1.11192367
v 0.03782131 -1.47705269 -1.11684762
v 0.03266517 -1.47496814 -1.11180264
v 0.02747735 -1.47701684 -1.11169551
v 0.03268142 -1.47497461 -1.11686822
v 0.02756828 -1.47702074 -1.11688453
v 0.03272189 -1.47483412 -1.11174881
v 0.02739074 -1.47703888 -1.11182820
v 0.02540155 -1.48233158 -1.11691366
v 0.02531712 -1.48229298 -1.11177509
v 0.02753064 -1.47695404 -1.11685666
v 0.02535229 -1.48229705 -1.11194992
v 0.02749992 -1.48744443 -1.11697774
v 0.02748942 -1.48747542 -1.11183439
v 0.02546830 -1.48222697 -1.11688480
v 0.03273170 -1.49299355 -1.10321657
v 0.02742656 -1.48746851 -1.11191823
v 0.03274725 -1.48959610 -1.11194489
v 0.03794565 -1.48753848 -1.11697016
v 0.03272945 -1.48969822 -1.11181136
v 0.03263543 -1.48972596 -1.11688892
v 0.03795396 -1.48746784 -1.11183764
v 0.03784183 -1.48740513 -1.11680617
v 0.04000618 -1.48229819 -1.11188808
v 0.03799411 -1.48749460 -1.11186106
v 0.04003945 -1.48227674 -1.11696074
v 0.04010790 -1.48226148 -1.11680289
v 0.03787724 -1.47693382 -1.11179939
v 0.04001448 -1.48217154 -1.11181008
v 0.03789559 -1.47704128 -1.11687040
v 0.02749147 -1.47698832 -1.11688568
v 0.02756577 -1.48747023 -1.11697305
v 0.02541426 -1.48227482 -1.11684032
v 0.03269081 -1.47491056 -1.11687614
v 0.03273754 -1.48951425 -1.11697966
v 0.03803892 -1.47704085 -1.11693200
v 0.03791519 -1.48741683 -1.11694375
v 0.04005453 -1.48225851 -1.11683483
v 0.03261040 -1.48966016 -1.11187116
v 0.02747861 -1.48751968 -1.11696528
v 0.03266603 -1.48955847 -1.11689499
v 0.02754561 -1.48747973 -1.11192549
v -0.01273148 -1.48995191 -1.09580945
v -0.01281665 -1.47455763 -1.09585034
v -0.01597512 -1.48217128 -1.09576499
v -0.00505400 -1.49301212 -1.09571559
v -0.00509363 -1.47137802 -1.09560488
v 0.00260354 -1.48988103 -1.09567803
v 0.00256209 -1.47450236 -1.09585107
v 0.00578977 -1.48219954 -1.09572533
v -0.01281431 -1.47456893 -1.09565386
v -0.00505954 -1.47135114 -1.10320295
v -0.01284366 -1.47460395 -1.10321486
v -0.00507072 -1.47130841 -1.09586848
v -0.01283067 -1.47454993 -1.09562500
v -0.01603182 -1.48226167 -1.10311944
v -0.01591445 -1.48235831 -1.09585439
v -0.01281938 -1.47465278 -1.10320176
v -0.01588399 -1.48224077 -1.09572250
v -0.01285137 -1.48996482 -1.10315761
v -0.01274506 -1.48985776 -1.09570360
v -0.01587408 -1.48232965 -1.10312498
v -0.01292474 -1.48988227 -1.09560701
v -0.01279911 -1.48989028 -1.10320436
v -0.00515946 -1.49310363 -1.09571144
v 0.00259329 -1.48988372 -1.09574703
v -0.00519179 -1.49301147 -1.09573877
v -0.00516893 -1.49314889 -1.10324357
v 0.00256612 -1.48991281 -1.10323775
v 0.00565165 -1.48227213 -1.09563868
v 0.00259277 -1.48984868 -1.09580305
v 0.00576961 -1.48224635 -1.10305743
v 0.00586037 -1.48233598 -1.10322364
v 0.00265627 -1.47462060 -1.09587052
v 0.00575500 -1.48219522 -1.09573195
v 0.00256864 -1.47447844 -1.10317877
v -0.00513744 -1.47140233 -1.10322054
v 0.00263596 -1.47453380 -1.09583082
v 0.00261591 -1.47463007 -1.10322109
v -0.00501306 -1.47147610 -1.09577820
v -0.01280312 -1.47463069 -1.10312605
v -0.00512830 -1.47486847 -1.11186794
v -0.01024954 -1.47700370 -1.11179024
v -0.00515806 -1.47139715 -1.10314243
v -0.01274230 -1.47452055 -1.10318478
v -0.01034581 -1.47701441 -1.11186893
v -0.01592559 -1.48227840 -1.10325070
v -0.01247420 -1.48217904 -1.11178323
v -0.01282366 -1.48988362 -1.10317261
v -0.01605842 -1.48226994 -1.10314596
v -0.00504183 -1.49315269 -1.09574279
v -0.01283549 -1.48999509 -1.10322875
v -0.00505675 -1.49315190 -1.10321013
v 0.00249246 -1.48993331 -1.09586012
v -0.00509622 -1.49297788 -1.10320043
v 0.00255491 -1.48985095 -1.10323764
v 0.00583859 -1.48223163 -1.10321343
v 0.00265984 -1.48996270 -1.10317041
v 0.00007441 -1.48749668 -1.11176266
v 0.00257671 -1.47457546 -1.10307362
v 0.00580401 -1.48211499 -1.10312301
v 0.00232570 -1.48228344 -1.11177813
v -0.00513168 -1.47132317 -1.10318434
v 0.00266166 -1.47449684 -1.10325714
v 0.00017138 -1.47705231 -1.11181950
v -0.00507873 -1.47138973 -1.10320210
v 0.00014935 -1.47697588 -1.11179518
v -0.00515770 -1.47485779 -1.11180191
v -0.01014225 -1.47704470 -1.11186271
v -0.00500518 -1.47489981 -1.11694388
v -0.01020922 -1.47697804 -1.11687586
v -0.00509096 -1.47493718 -1.11185353
v -0.01030579 -1.47713060 -1.11186699
v -0.01246654 -1.48220303 -1.11187314
v -0.01590555 -1.48226168 -1.10310891
v -0.01231770 -1.48228326 -1.11178427
v -0.01025042 -1.48738564 -1.11186743
v -0.01276698 -1.48989247 -1.10318214
v -0.01268755 -1.48978053 -1.10322603
v -0.01037138 -1.48749972 -1.11176967
v -0.00506597 -1.49309143 -1.10328058
v 0.00009898 -1.48746232 -1.11175523
v -0.00509160 -1.49303203 -1.10321976
v -0.00504946 -1.48961298 -1.11181176
v 0.00264356 -1.48999850 -1.10311689
v 0.00238403 -1.48213694 -1.11184472
v 0.00582402 -1.48221709 -1.10321163
v 0.00006728 -1.48748284 -1.11184239
v 0.00258707 -1.47448924 -1.10323080
v 0.00232397 -1.48233105 -1.11187971
v 0.00009981 -1.47697844 -1.11175210
v -0.00516315 -1.47492473 -1.11694255
v -0.00008270 -1.47696669 -1.11185973
v 0.00022431 -1.47708464 -1.11692877
v -0.00518768 -1.47500950 -1.11189989
v -0.01022644 -1.47710156 -1.11678647
v -0.01025336 -1.48746818 -1.11695007
v -0.01238783 -1.48226913 -1.11693667
v -0.00499420 -1.47480819 -1.11691342
v -0.00509827 -1.48950625 -1.11686075
v 0.00018388 -1.47711328 -1.11688038
v 0.00017047 -1.48741872 -1.11688544
v 0.00219070 -1.48223767 -1.11707492
v -0.01025396 -1.47705643 -1.11184499
v -0.01239882 -1.48217657 -1.11692541
v -0.01241416 -1.48228360 -1.11180087
v -0.01025738 -1.47702972 -1.11698383
v -0.01248846 -1.48223115 -1.11185843
v -0.01034591 -1.48744601 -1.11688249
v -0.01035475 -1.48750426 -1.11191499
v -0.01245575 -1.48218825 -1.11684455
v -0.00507503 -1.49312556 -1.10326615
v -0.01026812 -1.48743280 -1.11187266
v -0.00500004 -1.48964770 -1.11182050
v 0.00004971 -1.48742267 -1.11688824
v -0.00516410 -1.48945944 -1.11178321
v -0.00518934 -1.48958831 -1.11688363
v 0.00017686 -1.48747137 -1.11190168
v 0.00007223 -1.48748092 -1.11693255
v 0.00224561 -1.48221777 -1.11191107
v 0.00010073 -1.48743162 -1.11181186
v 0.00232525 -1.48216298 -1.11691983
v 0.00226020 -1.48223973 -1.11698145
v 0.00006441 -1.47712576 -1.11191837
v 0.00227584 -1.48214150 -1.11180493
v 0.00012069 -1.47707302 -1.11685715
v -0.00506408 -1.48961294 -1.11180267
v -0.01036638 -1.48743317 -1.11687470
v -0.00519191 -1.48961814 -1.11693330
v -0.01039570 -1.48744132 -1.11187173
v -0.02688887 -1.42794722 -1.23149576
v -0.02690458 -1.59337114 -1.26649330
v -0.02681034 -1.59347114 -1.23150971
v -0.02688040 -1.59338725 -1.23150181
v -0.02690102 -1.42786029 -1.26652154
v -0.02677764 -1.42785820 -1.23160290
v 0.03408249 -1.40577107 -1.26655849
v -0.02673349 -1.42790566 -1.26643346
v 0.03415168 -1.40584920 -1.23164183
v 0.03400546 -1.40574312 -1.26649341
v -0.02678355 -1.59338407 -1.26648377
v -0.02675120 -1.42787951 -1.26652851
v 0.27781193 -1.59346451 -1.26644728
v 0.09496379 -1.39484535 -1.26648201
v 0.15591750 -1.39492765 -1.26636659
v 0.21683717 -1.40569203 -1.26665395
v 0.27776893 -1.42791141 -1.26645680
v 0.27781715 -1.59350123 -1.23142888
v -0.02677911 -1.59341927 -1.26647931
v 0.27777943 -1.59349267 -1.26649801
v -0.02686223 -1.59347161 -1.23152116
v 0.27774247 -1.59341212 -1.23150598
v -0.02679724 -1.42781986 -1.23157746
v -0.02681410 -1.59347758 -1.23162777
v 0.03409302 -1.40576943 -1.23158266
v 0.09503635 -1.39493740 -1.23164818
v 0.15584995 -1.39490176 -1.23153748
v 0.21690874 -1.40575986 -1.23160113
v 0.27771520 -1.42801323 -1.23158088
v 0.09509043 -1.39491087 -1.26644021
v 0.09503039 -1.39485539 -1.23150250
v 0.21691691 -1.40578586 -1.26659906
v 0.21690207 -1.40576849 -1.26646501
v 0.27778131 -1.42792435 -1.23165022
v 0.27773348 -1.42782292 -1.26647665
v 0.21685337 -1.40578903 -1.23150515
v 0.21679400 -1.40576327 -1.23158849
v 0.27782546 -1.59349081 -1.26636716
v 0.27780221 -1.42781586 -1.23152477
v 0.27768997 -1.59341470 -1.23152612
v 0.27781477 -1.59343189 -1.23148508
v 0.27773074 -1.42790260 -1.26642402
v 0.15589192 -1.39497687 -1.26634531
v 0.15596318 -1.39498089 -1.23152635
v 0.27776682 -1.59345061 -1.03548642
v -0.02682886 -1.59338217 -1.23157755
v 0.27777973 -1.59339781 -1.23152616
v -0.02688522 -1.59349266 -1.03548818
v -0.02689912 -1.57306016 -1.03545303
v -0.02677769 -1.59342333 -1.03552430
v -0.02701080 -1.59343570 -1.03546474
v -0.02693465 -1.57287741 -1.23151815
v 0.27777655 -1.57288407 -1.03550417
v 0.27779672 -1.59344172 -1.03546164
v 0.27791920 -1.59339147 -1.03555202
v 0.27774111 -1.57290831 -1.23165638
v 0.27770166 -1.59349443 -0.89494701
v -0.02677814 -1.59339536 -1.03545606
v 0.27778766 -1.59336463 -1.03555286
v -0.02683864 -1.59341586 -0.89494516
v 0.27772770 -1.59336759 -1.03547018
v -0.02677150 -1.57289500 -1.03551452
v -0.02684517 -1.59346047 -1.03548054
v 0.27773268 -1.57303885 -1.03560494
v -0.02693417 -1.57298256 -1.03543120
v 0.27769314 -1.57297199 -1.23155030
v -0.02686283 -1.57305353 -1.23160296
v 0.27778192 -1.57296582 -1.03539049
v -0.02672114 -1.42779764 -0.89494009
v -0.02672703 -1.59350165 -0.89490821
v -0.02680995 -1.42790934 -1.03548327
v 0.03407006 -1.40574143 -1.03545647
v -0.02681966 -1.59337534 -1.03556896
v -0.02684250 -1.42790754 -1.03557526
v 0.27774700 -1.59345892 -1.03552836
v 0.09498922 -1.39495392 -1.03550737
v 0.15596024 -1.39495603 -1.03555227
v 0.21687989 -1.40573613 -1.03547718
v 0.27770232 -1.42802132 -1.03551866
v 0.27781857 -1.42790726 -0.89484827
v 0.27772104 -1.59350295 -0.89504662
v 0.27762075 -1.42806617 -1.03558131
v 0.27784537 -1.59339930 -0.89494053
v -0.02684577 -1.42784040 -0.89487794
v -0.02689749 -1.59346783 -0.89499305
v 0.03404975 -1.40572294 -0.89493685
v 0.09497127 -1.39496340 -0.89502759
v 0.15600619 -1.39495412 -0.89496373
v 0.21690129 -1.40569527 -0.89495715
v 0.27782559 -1.42775000 -0.89483171
v -0.02221268 -1.46602025 -1.03860853
v -0.02219421 -1.46775917 -1.07356054
v -0.02226915 -1.46781032 -1.03850555
v -0.02214349 -1.46605886 -1.07352696
v -0.01573676 -1.46295012 -1.07352838
v -0.02224213 -1.46783418 -1.07355446
v -0.02214000 -1.46604975 -1.07345743
v -0.01593248 -1.46294313 -1.03860166
v -0.02236064 -1.46612998 -1.03853670
v -0.02219382 -1.46779634 -1.03857434
v -0.01573989 -1.46781032 -1.07354423
v -0.02223858 -1.46770402 -1.07348744
v -0.01583007 -1.46302333 -1.07347535
v -0.01574887 -1.46302418 -1.03866441
v -0.02229410 -1.46771226 -1.03849605
v -0.01570728 -1.46781570 -1.03861454
v -0.00937245 -1.46217980 -1.07345808
v -0.01570486 -1.46781391 -1.07356919
v -0.01571354 -1.46297467 -1.07349458
v -0.00940974 -1.46192858 -1.03859684
v -0.01591348 -1.46290295 -1.03848924
v -0.01578967 -1.46766621 -1.03847503
v -0.00929186 -1.46203515 -1.07345653
v -0.00289027 -1.46773341 -1.07353417
v -0.01576841 -1.46777767 -1.07345307
v -0.00291985 -1.46208376 -1.07343873
v -0.00294169 -1.46767877 -1.03857582
v -0.00936620 -1.46207885 -1.03854616
v -0.01576163 -1.46781961 -1.03850465
v -0.00288582 -1.46201773 -1.03851920
v 0.00360430 -1.46288055 -1.07351500
v -0.00288792 -1.46768561 -1.07359770
v -0.00283378 -1.46197203 -1.07355025
v 0.00343786 -1.46292428 -1.03858354
v -0.00286403 -1.46215054 -1.03850664
v -0.00280044 -1.46783325 -1.03862396
v 0.00363598 -1.46773524 -1.07350498
v -0.00283556 -1.46779848 -1.07354932
v 0.00362671 -1.46296586 -1.07348034
v 0.00349767 -1.46305942 -1.03851239
v -0.00283849 -1.46783095 -1.03843303
v 0.00363692 -1.46781510 -1.03857481
v 0.01000111 -1.46606253 -1.07356043
v 0.00354556 -1.46776140 -1.07365556
v 0.00353362 -1.46293376 -1.07356968
v 0.00994909 -1.46603951 -1.03861055
v 0.00342701 -1.46303626 -1.03857531
v 0.00361009 -1.46768861 -1.03865431
v 0.00992252 -1.46778970 -1.07348199
v 0.00349971 -1.46775479 -1.07358284
v 0.00987990 -1.46614291 -1.07350260
v 0.00997454 -1.46612519 -1.03861277
v 0.00356657 -1.46781790 -1.03861003
v 0.01001778 -1.46780601 -1.03866891
v 0.00999082 -1.46769936 -1.07352516
v 0.00999530 -1.46607084 -1.03846339
v 0.00985734 -1.46780727 -1.03852223
v 0.00997766 -1.46603478 -1.07351758
v 0.02206510 -1.46291953 -1.07347018
v 0.01563846 -1.46776271 -1.07348136
v 0.01566590 -1.46610435 -1.07356480
v 0.01567658 -1.46613677 -1.03853516
v 0.01573470 -1.46775049 -1.07348060
v 0.01573730 -1.46780756 -1.03855233
v 0.01566608 -1.46604310 -1.07349586
v 0.02191034 -1.46780508 -1.07348899
v 0.01562101 -1.46780120 -1.07349049
v 0.02200862 -1.46282102 -1.07349642
v 0.02200619 -1.46299121 -1.03853784
v 0.01564139 -1.46606046 -1.03851415
v 0.01545223 -1.46776946 -1.03849707
v 0.02853751 -1.46201703 -1.07355224
v 0.02200311 -1.46769520 -1.07353512
v 0.02201439 -1.46309867 -1.07359193
v 0.02200380 -1.46296384 -1.03855450
v 0.01562246 -1.46773392 -1.03854759
v 0.02203451 -1.46778162 -1.03849527
v 0.02849700 -1.46213125 -1.07351897
v 0.03491760 -1.46774705 -1.07360767
v 0.02202814 -1.46774818 -1.07355587
v 0.03486932 -1.46206355 -1.07346712
v 0.02840458 -1.46208526 -1.03863740
v 0.02216387 -1.46290468 -1.03856157
v 0.02205956 -1.46763411 -1.03855140
v 0.04143394 -1.46298731 -1.07358286
v 0.03487555 -1.46776344 -1.07347811
v 0.03489034 -1.46196264 -1.07344468
v 0.03500943 -1.46780021 -1.03863372
v 0.02848653 -1.46205476 -1.03854787
v 0.02199316 -1.46774082 -1.03850659
v 0.03494166 -1.46198091 -1.03852778
v 0.04132852 -1.46788437 -1.07355744
v 0.03491247 -1.46772741 -1.07361574
v 0.04143873 -1.46293840 -1.07344598
v 0.04128585 -1.46286524 -1.03861524
v 0.03501728 -1.46206244 -1.03847808
v 0.03488716 -1.46774103 -1.03850293
v 0.04779838 -1.46607142 -1.07354504
v 0.04137495 -1.46774027 -1.07356593
v 0.04132439 -1.46301897 -1.07350393
v 0.04130238 -1.46300345 -1.03863557
v 0.03495002 -1.46782297 -1.03854476
v 0.04119581 -1.46774182 -1.03859910
v 0.04783305 -1.46782258 -1.07344256
v 0.04132166 -1.46782177 -1.07346273
v 0.04780078 -1.46611883 -1.07349163
v 0.04769186 -1.46612731 -1.03856178
v 0.04141451 -1.46306713 -1.03866006
v 0.04122229 -1.46790248 -1.03851664
v 0.04771857 -1.46783258 -1.07348694
v 0.04778932 -1.46604915 -1.03846623
v 0.04771214 -1.46779689 -1.03860243
v 0.04781929 -1.46610054 -1.07354402
v 0.04776984 -1.46608041 -1.03851597
v 0.04138495 -1.46778945 -1.03858413
v 0.04771741 -1.46779884 -1.03843218
v 0.26267356 -1.43369128 -1.21275670
v 0.15590694 -1.41732746 -1.23191283
v 0.26265162 -1.43357776 -1.23180443
v 0.15596243 -1.41709682 -1.21286022
v 0.26261762 -1.43366092 -1.21282732
v 0.27777550 -1.57358241 -1.23187922
v 0.27778886 -1.57360772 -1.21278769
v 0.26265403 -1.43367393 -1.23189550
v -0.01166512 -1.43359520 -1.21278821
v -0.02684088 -1.42800209 -1.21280982
v -0.02689777 -1.57358257 -1.21283550
v 0.03406348 -1.40580471 -1.21286117
v 0.09505981 -1.41716523 -1.21282140
v 0.09502577 -1.39487686 -1.21283321
v 0.15588157 -1.41714610 -1.21278931
v 0.15590472 -1.39482833 -1.21288633
v 0.26270359 -1.43380587 -1.21280788
v 0.21687817 -1.40585035 -1.21288015
v 0.27773000 -1.42797218 -1.21278733
v 0.27786657 -1.57361522 -1.21279897
v 0.09495168 -1.41734262 -1.23193154
v 0.09501012 -1.41722240 -1.21283791
v -0.02679892 -1.42796576 -1.23186131
v -0.01175659 -1.43364925 -1.23181931
v -0.02683380 -1.57363347 -1.23188011
v 0.03407601 -1.40578783 -1.23193528
v 0.09502951 -1.41706827 -1.23202119
v 0.09505325 -1.39480280 -1.23183517
v 0.15595216 -1.39495232 -1.23191491
v 0.15597418 -1.41724505 -1.23187790
v 0.21689284 -1.40578228 -1.23188767
v 0.26264606 -1.43369094 -1.23177764
v 0.27783438 -1.42784728 -1.23190351
v 0.27775712 -1.57351399 -1.23184426
v 0.27770184 -1.57357179 -1.23189887
v 0.27767875 -1.42789521 -1.21281464
v 0.27773367 -1.57361850 -1.21272103
v 0.27774552 -1.42790381 -1.23191870
v -0.02689526 -1.42784670 -1.21278566
v 0.03403000 -1.40579595 -1.23193049
v -0.02687851 -1.42786038 -1.23193029
v 0.03405042 -1.40577289 -1.21284308
v -0.02682329 -1.42785510 -1.21280826
v -0.02674867 -1.57357470 -1.23187134
v -0.02677051 -1.57366536 -1.21289276
v -0.02685909 -1.42787728 -1.23184368
v -0.02690257 -1.57355996 -1.23191476
v -0.01180809 -1.43367288 -1.21282829
v -0.02690125 -1.57354006 -1.21297090
v -0.01173898 -1.43360214 -1.23187949
v -0.01177788 -1.43373726 -1.21285863
v -0.01177213 -1.43375060 -1.23187572
v 0.21687908 -1.40582317 -1.23188513
v 0.27781023 -1.42782983 -1.21289460
v 0.27781755 -1.42788454 -1.23188507
v 0.21696427 -1.40579202 -1.21295938
v 0.15596710 -1.39491569 -1.23189526
v 0.15585997 -1.39489326 -1.21274363
v 0.09506025 -1.39490426 -1.21283842
v 0.09506319 -1.39485093 -1.23179801
v 2.87596705 0.08561307 -1.03501643
v 2.86984355 0.07074061 -1.07578845
v 2.86990968 0.07072451 -1.07576144
v 2.86979582 0.07083637 -1.03499515
v 2.87592984 0.08547953 -1.07583982
v 2.87605408 0.08552611 -1.07581051
v 2.86981156 0.10043105 -1.03500008
v 2.87596143 0.08563673 -1.07578958
v 2.87594399 0.08568679 -1.07581707
v 2.87592179 0.08567924 -1.03493509
v 2.86986801 0.10057009 -1.07586645
v 2.86989106 0.10035872 -1.07572630
v 2.86503209 0.07564448 -1.10309948
v 2.86913108 0.08559508 -1.10305431
v 2.85499327 0.06465166 -1.03492946
v 2.86991557 0.07079777 -1.07588251
v 2.85498253 0.06451150 -1.07579430
v 2.86993731 0.07079177 -1.03499082
v 2.86914610 0.08556247 -1.10292648
v 2.86506982 0.09557280 -1.10306754
v 2.86979858 0.10049068 -1.03503830
v 2.85496203 0.10670989 -1.07583802
v 2.86990425 0.10037189 -1.07583454
v 2.85497805 0.10664622 -1.03504739
v 2.86991261 0.07072381 -1.07583335
v 2.86505370 0.07552561 -1.10304602
v 2.85496262 0.07144923 -1.10301104
v 2.85500647 0.07151837 -1.10299868
v 2.84011871 0.07076871 -1.07583540
v 2.85492715 0.06457391 -1.03499405
v 2.85487414 0.06462365 -1.07574774
v 2.84017125 0.07069100 -1.03494575
v 2.86501031 0.09567666 -1.10307924
v 2.85507466 0.10653751 -1.07575049
v 2.84006249 0.10047416 -1.03498052
v 2.84011502 0.10049135 -1.07583159
v 2.85495970 0.10658957 -1.03501246
v 2.85511034 0.06471156 -1.07574715
v 2.85494666 0.07142826 -1.10313177
v 2.84491522 0.07562721 -1.10303821
v 2.84486339 0.07564502 -1.10300635
v 2.84020815 0.07077119 -1.07591813
v 2.84020237 0.07078393 -1.07575542
v 2.83401753 0.08554070 -1.03498300
v 2.84018359 0.07077696 -1.03503315
v 2.83398749 0.08547759 -1.07588647
v 2.83400074 0.08544774 -1.07591128
v 2.85497544 0.10662931 -1.07575885
v 2.85501089 0.09977353 -1.10296559
v 2.86513699 0.09561629 -1.10307900
v 2.83401304 0.08551523 -1.07583052
v 2.83405517 0.08566182 -1.07576524
v 2.84016452 0.10050587 -1.03494139
v 2.83403981 0.08555762 -1.03505046
v 2.84015711 0.10039335 -1.07577784
v 2.84028875 0.10040615 -1.07568496
v 2.85493332 0.09974791 -1.10304703
v 2.84500065 0.07561760 -1.10310270
v 2.84083021 0.08573067 -1.10310804
v 2.84088814 0.08559996 -1.10299489
v 2.84500740 0.09552871 -1.10309544
v 2.84021034 0.10051150 -1.07576048
v 2.84498568 0.09561398 -1.10300880
v 2.85493592 0.09979154 -1.10313964
v 2.15300770 3.33033622 -1.03851127
v 2.15126555 3.33026948 -1.07350848
v 2.15288060 3.33037484 -1.07359013
v 2.15128102 3.33041864 -1.03857967
v 2.15308454 3.33028505 -1.07354846
v 2.15122588 3.33034360 -1.07355022
v 2.14814900 3.33679272 -1.07355338
v 2.15289258 3.33020163 -1.03845725
v 2.14802146 3.33679231 -1.03854936
v 2.15119806 3.33031680 -1.03863217
v 2.15277984 3.33040720 -1.07348455
v 2.14803611 3.33679403 -1.07353302
v 2.15289015 3.33677000 -1.07344783
v 2.15293384 3.33671939 -1.03851581
v 2.14803541 3.33682060 -1.03852900
v 2.15273436 3.33037013 -1.03860723
v 2.15290756 3.33689559 -1.07348453
v 2.14807818 3.33666335 -1.07341711
v 2.14716016 3.34327752 -1.07351104
v 2.15289345 3.33669198 -1.03853794
v 2.14710818 3.34328568 -1.03847678
v 2.14801828 3.33670946 -1.03863456
v 2.15287361 3.34964035 -1.07356443
v 2.14704566 3.34322491 -1.07360125
v 2.14709602 3.34963483 -1.07359589
v 2.15292829 3.33682067 -1.07348296
v 2.15297066 3.33685172 -1.03857079
v 2.14713376 3.34958089 -1.03850482
v 2.14707715 3.34327126 -1.03861348
v 2.15291608 3.34966547 -1.03866344
v 2.15296187 3.34960719 -1.07356999
v 2.14713818 3.34965080 -1.07346351
v 2.14814095 3.35609880 -1.07353955
v 2.15290696 3.34964905 -1.03862495
v 2.14804926 3.35607279 -1.03876544
v 2.14715289 3.34960206 -1.03848983
v 2.15295173 3.34954442 -1.07349374
v 2.14794757 3.35616949 -1.07357048
v 2.15290903 3.35614176 -1.07355258
v 2.15289294 3.35601489 -1.03849408
v 2.14819243 3.35608118 -1.03860079
v 2.15292510 3.34963490 -1.03853924
v 2.15293080 3.35611113 -1.07349543
v 2.14804270 3.35598517 -1.07356735
v 2.15121990 3.36256544 -1.07354523
v 2.15294979 3.35603159 -1.03859401
v 2.15121610 3.36259313 -1.03857586
v 2.15294812 3.35606706 -1.07352782
v 2.15130455 3.36255735 -1.07364771
v 2.15297958 3.36251255 -1.07358096
v 2.15290950 3.36248976 -1.03857609
v 2.15127620 3.36245840 -1.03855529
v 2.15124721 3.36248846 -1.03860363
v 2.15298221 3.36255287 -1.07345628
v 2.15122296 3.36257721 -1.07341494
v 2.15289168 3.36248032 -1.03848888
v 2.15294450 3.36822233 -1.03852787
v 2.15123546 3.36815571 -1.07352523
v 2.15294370 3.36813959 -1.07355241
v 2.15131091 3.36812832 -1.03852776
v 2.15284221 3.36813029 -1.07354415
v 2.15117691 3.36815031 -1.07346130
v 2.14808302 3.37466022 -1.07350313
v 2.15289670 3.36818814 -1.03859738
v 2.14800506 3.37460807 -1.03863553
v 2.15119344 3.36806077 -1.03853423
v 2.15283987 3.36819118 -1.07351246
v 2.14800844 3.37449697 -1.07353506
v 2.15295343 3.37461085 -1.07337242
v 2.15305092 3.37455849 -1.07350911
v 2.15283864 3.37453166 -1.03864217
v 2.15293183 3.36814010 -1.03850209
v 2.15294231 3.37451716 -1.07351873
v 2.14798653 3.37458835 -1.07350830
v 2.14709137 3.38103772 -1.07348241
v 2.15302471 3.37453686 -1.03853539
v 2.14716951 3.38111805 -1.03849219
v 2.14812143 3.37460223 -1.03859245
v 2.15288047 3.38735089 -1.07355540
v 2.14716437 3.38101293 -1.07352497
v 2.14727376 3.38749356 -1.07361038
v 2.15289503 3.37462394 -1.03854415
v 2.14719303 3.38738948 -1.03856241
v 2.14733361 3.38099667 -1.03859253
v 2.15289804 3.38741998 -1.03848005
v 2.15288635 3.38749138 -1.07349098
v 2.14713140 3.38737807 -1.07355197
v 2.14812198 3.39381020 -1.07330841
v 2.15297178 3.38748483 -1.03849696
v 2.14809676 3.39392847 -1.03856181
v 2.14724744 3.38732532 -1.03855712
v 2.15284085 3.38739303 -1.07345355
v 2.14812249 3.39383890 -1.07354573
v 2.15287413 3.39387596 -1.07352816
v 2.15283651 3.39384740 -1.03852616
v 2.14808244 3.39389436 -1.03857343
v 2.15295004 3.38736197 -1.03862476
v 2.15287857 3.39393727 -1.07345559
v 2.14809858 3.39390973 -1.07349165
v 2.15138350 3.40028730 -1.07340578
v 2.15292824 3.39388528 -1.03861259
v 2.15120720 3.40034082 -1.03863131
v 2.14805808 3.39386530 -1.03859950
v 2.15296559 3.39391711 -1.07352034
v 2.15125840 3.40034165 -1.07352128
v 2.15283485 3.40040961 -1.07357688
v 2.15297807 3.40043175 -1.03852155
v 2.15132674 3.40027964 -1.03855458
v 2.15300809 3.39383403 -1.03862232
v 2.15122376 3.40031821 -1.03855340
v 2.15288095 3.40034774 -1.07351607
v 2.15114088 3.40027476 -1.07349633
v 2.15294801 3.40037508 -1.03861625
v 2.15284935 3.40603100 -1.03864808
v 2.15121451 3.40599132 -1.07345453
v 2.15294890 3.40605397 -1.07356411
v 2.15112580 3.40602983 -1.03854009
v 2.15303319 3.40599476 -1.07359945
v 2.15120602 3.40607110 -1.07353135
v 2.14803269 3.41242606 -1.07346426
v 2.15284477 3.40593630 -1.03852793
v 2.14819205 3.41242869 -1.03849023
v 2.15116540 3.40597277 -1.03865854
v 2.15294807 3.40596872 -1.07347835
v 2.14813250 3.41243076 -1.07345729
v 2.15284747 3.41254080 -1.07356291
v 2.15289734 3.41240885 -1.03856018
v 2.14802644 3.41248864 -1.03855019
v 2.15309474 3.40604225 -1.03853705
v 2.15298993 3.41240084 -1.07355533
v 2.14805943 3.41229256 -1.07348778
v 2.14710721 3.41895511 -1.07359848
v 2.15291911 3.41227299 -1.03871510
v 2.14721100 3.41891195 -1.03861505
v 2.14811779 3.41246256 -1.03844542
v 2.15287341 3.42529370 -1.07347806
v 2.14716791 3.41901301 -1.07344429
v 2.14715422 3.42540374 -1.07353386
v 2.15282961 3.41248922 -1.07347972
v 2.15291238 3.41247864 -1.03865761
v 2.14712778 3.42530549 -1.03852518
v 2.14719032 3.41890869 -1.03855335
v 2.15285186 3.42528240 -1.03859215
v 2.15294365 3.42536356 -1.07355942
v 2.14713376 3.42529861 -1.07343197
v 2.14810740 3.43169298 -1.07350460
v 2.15284887 3.42537943 -1.03849283
v 2.14813134 3.43169948 -1.03856743
v 2.14711779 3.42540361 -1.03857714
v 2.15293578 3.42533617 -1.07354447
v 2.14811036 3.43176827 -1.07353847
v 2.15290070 3.43169948 -1.07345699
v 2.15297088 3.43176946 -1.03851799
v 2.14812454 3.43175978 -1.03857421
v 2.15296777 3.42533845 -1.03853238
v 2.15298066 3.43170282 -1.07361249
v 2.14808568 3.43177081 -1.07350311
v 2.15127492 3.43815006 -1.07347855
v 2.15290689 3.43172594 -1.03859047
v 2.15130899 3.43826468 -1.03859787
v 2.14793304 3.43164323 -1.03854143
v 2.15295853 3.43171020 -1.07354206
v 2.15124062 3.43821769 -1.07352679
v 2.15288574 3.43819046 -1.07348118
v 2.15293570 3.43810142 -1.03849892
v 2.15121842 3.43811754 -1.03855405
v 2.15286969 3.43176439 -1.03850973
v 2.15120089 3.43831919 -1.03857681
v 2.15295907 3.43813245 -1.07348484
v 2.15117514 3.43818425 -1.07341751
v 2.15284123 3.43808305 -1.03861104
v 2.18532805 3.27702483 -1.10303301
v 2.20097800 3.29116845 -1.07586523
v 2.20093348 3.29111181 -1.07584445
v 2.19217858 3.27003196 -1.07575584
v 2.19222223 3.27001110 -1.07577368
v 2.19118358 3.29115314 -1.10304440
v 2.15689641 3.30546278 -1.10309591
v 2.15683929 3.27692782 -1.10304052
v 2.15090126 3.29110881 -1.10312317
v 2.15684179 3.29115895 -1.10307563
v 2.16113320 3.30117170 -1.10311321
v 2.17106550 3.31131643 -1.10310790
v 2.17116476 3.30533933 -1.10308335
v 2.18532561 3.30533392 -1.10298492
v 2.18102825 3.30117081 -1.10310037
v 2.18528828 3.29114586 -1.10308143
v 2.16114002 3.28113152 -1.10297234
v 2.17110455 3.27108998 -1.10306132
v 2.17100322 3.27700914 -1.10315315
v 2.18116385 3.28102948 -1.10311135
v 2.18533891 3.27707429 -1.10300112
v 2.19118974 3.29115395 -1.10301723
v 2.19122312 3.29108540 -1.10295197
v 2.19224042 3.31228675 -1.07581991
v 2.19216417 3.31229848 -1.07583572
v 2.20092351 3.29121835 -1.07578033
v 2.20094875 3.29120076 -1.07588382
v 2.18519325 3.30552499 -1.10305619
v 2.20084342 3.29121507 -1.03505402
v 2.19222187 3.27012486 -1.03508910
v 2.18526343 3.27690535 -1.10300367
v 2.17105759 3.26138100 -1.07577340
v 2.17111651 3.26136408 -1.07578378
v 2.17112813 3.27099253 -1.10301000
v 2.19212341 3.27017588 -1.07578307
v 2.19216071 3.27016162 -1.07588942
v 2.17121426 3.32087817 -1.07580758
v 2.17112790 3.31116117 -1.10294736
v 2.15693286 3.30529518 -1.10305419
v 2.19221695 3.31229082 -1.07577569
v 2.18522861 3.30537214 -1.10294440
v 2.17115475 3.31125485 -1.10302756
v 2.15000070 3.27008943 -1.07582036
v 2.15689643 3.27704459 -1.10308425
v 2.17118288 3.27114020 -1.10297811
v 2.14123815 3.29118002 -1.07578408
v 2.14137128 3.29116629 -1.07591405
v 2.15700811 3.27698439 -1.10302462
v 2.15010790 3.27006424 -1.07571566
v 2.14998915 3.27017075 -1.07584811
v 2.15102313 3.29110664 -1.10306568
v 2.15010456 3.31219777 -1.07580274
v 2.15691897 3.30530584 -1.10310522
v 2.15103984 3.29111830 -1.10313070
v 2.19228157 3.31213040 -1.03503476
v 2.20086475 3.29117511 -1.03492681
v 2.15005038 3.27012008 -1.03498027
v 2.15004596 3.31233728 -1.03498707
v 2.14135403 3.29109237 -1.03497369
v 2.15007886 3.29113916 -1.03505267
v 2.15634727 3.27637480 -1.03498150
v 2.17113765 3.26144990 -1.03502691
v 2.17116700 3.27022339 -1.03499645
v 2.19221565 3.27013426 -1.03497718
v 2.18595323 3.27625224 -1.03504244
v 2.19211602 3.29119797 -1.03501906
v 2.15631505 3.30598974 -1.03503831
v 2.17114828 3.32100616 -1.03500931
v 2.17115271 3.31212835 -1.03507805
v 2.18588446 3.30613968 -1.03495830
v 2.19215675 3.31227364 -1.03499171
v 2.20085080 3.29118792 -1.03496470
v 2.17105751 3.26144647 -1.03502022
v 2.19217571 3.27000783 -1.03493079
v 2.15000219 3.27003002 -1.07586831
v 2.17115494 3.27094619 -1.10297958
v 2.17096945 3.26136328 -1.07585652
v 2.17122022 3.32103399 -1.07581841
v 2.19222544 3.31222303 -1.07574851
v 2.17113259 3.31129927 -1.10303946
v 2.17117030 3.32098663 -1.07581480
v 2.15702421 3.30538087 -1.10295743
v 2.15001359 3.31222412 -1.07579072
v 2.14127808 3.29116317 -1.03518163
v 2.15001051 3.27007256 -1.03489930
v 2.15005790 3.31224664 -1.07581504
v 2.15097244 3.29119431 -1.10302195
v 2.14136613 3.29113439 -1.07579277
v 2.19216457 3.31230309 -1.03500837
v 2.17104653 3.32102430 -1.03512109
v 2.17111911 3.26142298 -1.03502855
v 2.14998700 3.27007811 -1.03505478
v 2.15009748 3.31228846 -1.03509804
v 2.17117127 3.32102516 -1.03501481
v 2.14992522 3.31230504 -1.03500229
v 2.14136595 3.29104165 -1.03506493
v 2.15628556 3.27628816 -1.07567084
v 2.17104282 3.27022329 -1.03494889
v 2.17122709 3.27023367 -1.07578609
v 2.15624216 3.27632259 -1.03515305
v 2.17105998 3.27017308 -1.03503306
v 2.18601544 3.27637034 -1.07587967
v 2.18602040 3.27636005 -1.07593222
v 2.17099919 3.27016507 -1.07575523
v 2.17113454 3.27022511 -1.07587188
v 2.18596009 3.27629214 -1.03501116
v 2.16114589 3.28108677 -1.10315612
v 2.15614762 3.27634115 -1.07576312
v 2.15013913 3.29118684 -1.03502082
v 2.15622967 3.27639398 -1.03499052
v 2.15020755 3.29127966 -1.07581025
v 2.18106594 3.28117972 -1.10304787
v 2.17106865 3.27694913 -1.10301937
v 2.19209706 3.29118246 -1.03507630
v 2.18592625 3.27633281 -1.07586213
v 2.18592253 3.27619519 -1.03496817
v 2.19210881 3.29119897 -1.07581453
v 2.15693370 3.29125231 -1.10301540
v 2.15630684 3.27633408 -1.07581069
v 2.16115164 3.28116801 -1.10305026
v 2.17102682 3.27021652 -1.07579711
v 2.17116346 3.27693217 -1.10303486
v 2.16111142 3.28112878 -1.10307563
v 2.15694692 3.29114784 -1.10300495
v 2.15014138 3.29121470 -1.07578267
v 2.15625605 3.30599942 -1.03507789
v 2.15015529 3.29111172 -1.03498223
v 2.15632962 3.30602799 -1.07587725
v 2.18115041 3.28116667 -1.10299555
v 2.18591802 3.30604604 -1.03509608
v 2.19214578 3.29119778 -1.07577741
v 2.19207378 3.29121521 -1.03504472
v 2.18591795 3.30596862 -1.07584998
v 2.16108834 3.30127444 -1.10304631
v 2.15013556 3.29120564 -1.07578463
v 2.15694803 3.29116697 -1.10297016
v 2.16108958 3.30115696 -1.10312360
v 2.17118136 3.31219833 -1.07589942
v 2.15621123 3.30599382 -1.03492642
v 2.15621617 3.30616347 -1.07581853
v 2.17106648 3.31210243 -1.03497301
v 2.18517859 3.29116078 -1.10301167
v 2.18104541 3.28118331 -1.10311875
v 2.19216080 3.29112663 -1.07578847
v 2.18604016 3.30605624 -1.03503113
v 2.17111836 3.31211841 -1.07582567
v 2.17117954 3.31221113 -1.07588210
v 2.18604183 3.30596585 -1.07588934
v 2.18596188 3.30607437 -1.07579989
v 2.17099157 3.31220035 -1.03507420
v 2.18526787 3.29121774 -1.10296018
v 2.15626648 3.30601303 -1.07581982
v 2.16116075 3.30109340 -1.10309450
v 2.17099703 3.30540666 -1.10304729
v 2.17109681 3.30539105 -1.10308345
v 2.17111684 3.30537891 -1.10307547
v 2.18118671 3.30124161 -1.10306196
v 2.18595974 3.30605108 -1.07585470
v 2.18104702 3.30119574 -1.10308443
v 2.18522771 3.29115474 -1.10310736
v 2.16213620 3.42819504 -1.11686188
v 2.16215960 3.41785594 -1.11696056
v 2.16003796 3.42310163 -1.11691274
v 2.16727349 3.43040624 -1.11688860
v 2.16737610 3.41585539 -1.11695284
v 2.17261488 3.42823180 -1.11701459
v 2.17254606 3.41784803 -1.11696965
v 2.17475469 3.42310052 -1.11692657
v 2.17265253 3.41791164 -1.11700195
v 2.16742069 3.41577535 -1.11189268
v 2.16741454 3.41577437 -1.11695358
v 2.17256075 3.41795026 -1.11194531
v 2.16735250 3.41565731 -1.11194449
v 2.16218372 3.41805808 -1.11676292
v 2.16750178 3.41572822 -1.11701810
v 2.16227477 3.41784815 -1.11175591
v 2.15999617 3.42310076 -1.11184459
v 2.16217981 3.41792130 -1.11703594
v 2.16221063 3.41788712 -1.11182963
v 2.16000292 3.42307992 -1.11687065
v 2.16219736 3.42834621 -1.11184059
v 2.15995557 3.42311163 -1.11698632
v 2.16005948 3.42300885 -1.11189617
v 2.16197470 3.42823922 -1.11692577
v 2.16213387 3.42828167 -1.11176548
v 2.16736485 3.43042551 -1.11695568
v 2.16220083 3.42828741 -1.11695585
v 2.16740620 3.43046913 -1.11191313
v 2.16740909 3.43048799 -1.11691706
v 2.17263390 3.42839932 -1.11180758
v 2.17261584 3.42830008 -1.11696656
v 2.16746528 3.43045195 -1.11187156
v 2.17478895 3.42315863 -1.11689969
v 2.17262178 3.42835501 -1.11185448
v 2.17476070 3.42317780 -1.11181571
v 2.17261909 3.42823423 -1.11691755
v 2.17261004 3.41780806 -1.11687454
v 2.17474084 3.42312407 -1.11188758
v 2.17246856 3.41784769 -1.11183111
v 2.17466519 3.42314271 -1.11695118
v 2.17501201 3.41543787 -1.10313329
v 2.16737467 3.41578717 -1.11194157
v 2.17267692 3.41790950 -1.11177922
v 2.16742215 3.41223640 -1.10309516
v 2.16212906 3.41793371 -1.11172982
v 2.16728682 3.41573950 -1.11175270
v 2.15663316 3.42301837 -1.10321546
v 2.16217043 3.41786935 -1.11191526
v 2.15974894 3.41551288 -1.10322129
v 2.16005047 3.42316551 -1.11178674
v 2.16214486 3.42827463 -1.11187487
v 2.16011015 3.42310066 -1.11190152
v 2.15644386 3.42314340 -1.10316908
v 2.15964406 3.43081753 -1.10323400
v 2.16734340 3.43046088 -1.11195128
v 2.16212606 3.42823601 -1.11184470
v 2.16744331 3.43405988 -1.10312867
v 2.17265839 3.42830302 -1.11179933
v 2.16744887 3.43035536 -1.11188866
v 2.17505410 3.43094797 -1.10316889
v 2.17461232 3.42306147 -1.11177908
v 2.17262460 3.42835358 -1.11181649
v 2.17480803 3.42303552 -1.11187375
v 2.17815714 3.42309987 -1.10333129
v 2.17262725 3.41791730 -1.11178382
v 2.17840657 3.42312400 -1.10324762
v 2.17506530 3.41549709 -1.10315253
v 2.17259661 3.41777109 -1.11180517
v 2.17500497 3.41533408 -1.10317717
v 2.16743395 3.41220364 -1.10323388
v 2.16730008 3.41577360 -1.11193971
v 2.15962479 3.41537360 -1.10317424
v 2.16224652 3.41785775 -1.11191234
v 2.16735012 3.41226244 -1.10314691
v 2.15652715 3.42302285 -1.09580770
v 2.15964375 3.41542086 -1.10316666
v 2.15977527 3.41540808 -1.09571154
v 2.15657322 3.42303168 -1.10322901
v 2.15972781 3.43078400 -1.10336719
v 2.16208150 3.42830024 -1.11186444
v 2.15645623 3.42316515 -1.10321420
v 2.16745388 3.43393540 -1.10327928
v 2.16734369 3.43049439 -1.11193230
v 2.15986731 3.43067248 -1.10317827
v 2.16748574 3.43398906 -1.10323379
v 2.17492559 3.43077514 -1.10311109
v 2.17250547 3.42835275 -1.11176937
v 2.17510146 3.43084009 -1.10319520
v 2.17826900 3.42304902 -1.10317072
v 2.17473368 3.42301513 -1.11184691
v 2.17491294 3.41540817 -1.10323850
v 2.17822510 3.42305337 -1.09568089
v 2.17505246 3.41542757 -1.09575996
v 2.17826938 3.42316720 -1.10319557
v 2.17500350 3.41540018 -1.10317398
v 2.16727030 3.41223976 -1.09573826
v 2.16735661 3.41232697 -1.10320503
v 2.17502053 3.41540753 -1.09574888
v 2.16727274 3.41236531 -1.09568429
v 2.15969206 3.41537867 -1.10326277
v 2.16736498 3.41219680 -1.10322373
v 2.15976215 3.41540376 -1.09573691
v 2.15975752 3.43075193 -1.09573001
v 2.15648930 3.42320876 -1.10329331
v 2.15650715 3.42309977 -1.09583116
v 2.15971258 3.43086737 -1.10313047
v 2.15975345 3.41542712 -1.09582291
v 2.15971975 3.43070601 -1.09573995
v 2.15656651 3.42306694 -1.09577488
v 2.16729112 3.41219708 -1.09580557
v 2.16739897 3.43401250 -1.09590702
v 2.17507065 3.41532923 -1.09566385
v 2.17505943 3.43081805 -1.09570745
v 2.17825087 3.42310602 -1.09568085
v 2.15972998 3.43081761 -1.09563220
v 2.16729542 3.43397997 -1.10323860
v 2.15964283 3.43078529 -1.10312916
v 2.16730141 3.43394646 -1.09580119
v 2.16727725 3.43397247 -1.10316850
v 2.17516312 3.43072763 -1.09577179
v 2.17500185 3.43085076 -1.10325924
v 2.16732685 3.43394944 -1.09571746
v 2.17826265 3.42309351 -1.10322756
v 2.17509689 3.43080666 -1.09578042
v 2.17833417 3.42319670 -1.09573851
v 2.17499680 3.43086723 -1.10311138
v 2.16217393 3.39041196 -1.11683394
v 2.16211210 3.38010905 -1.11694465
v 2.15998976 3.38525329 -1.11689437
v 2.16721718 3.39262976 -1.11693644
v 2.16731280 3.37785046 -1.11702870
v 2.17256749 3.39039533 -1.11685501
v 2.17256150 3.38009330 -1.11694411
v 2.17467916 3.38537963 -1.11696093
v 2.17247982 3.37993426 -1.11693653
v 2.16741776 3.37778075 -1.11176789
v 2.16746573 3.37810691 -1.11681868
v 2.17263026 3.38005601 -1.11173603
v 2.16734838 3.37788424 -1.11180505
v 2.16203429 3.37998329 -1.11692282
v 2.16733517 3.37791518 -1.11681818
v 2.16220878 3.38003053 -1.11182122
v 2.15995262 3.38526192 -1.11196639
v 2.16222539 3.37997390 -1.11688634
v 2.16216819 3.38011173 -1.11192782
v 2.15999242 3.38528945 -1.11687555
v 2.16210704 3.39048813 -1.11177783
v 2.15996738 3.38529982 -1.11699851
v 2.15997802 3.38536840 -1.11185500
v 2.16209756 3.39050082 -1.11689040
v 2.16222724 3.39042514 -1.11185720
v 2.16731351 3.39263095 -1.11692204
v 2.16220004 3.39038528 -1.11686728
v 2.16738810 3.39258833 -1.11181762
v 2.16735648 3.39265654 -1.11695578
v 2.17256052 3.39042508 -1.11189986
v 2.17260531 3.39049181 -1.11697064
v 2.16751495 3.39260518 -1.11196120
v 2.17466714 3.38517067 -1.11690846
v 2.17253632 3.39042296 -1.11181998
v 2.17477752 3.38519864 -1.11190803
v 2.17264824 3.39043069 -1.11702918
v 2.17266473 3.38002156 -1.11691571
v 2.17469266 3.38521384 -1.11184585
v 2.17256853 3.38010462 -1.11179346
v 2.17464005 3.38518484 -1.11692852
v 2.17502904 3.37762620 -1.10308774
v 2.16730638 3.37786901 -1.11193501
v 2.17256662 3.38008590 -1.11174990
v 2.16741284 3.37438939 -1.10321771
v 2.16216575 3.38003241 -1.11182091
v 2.16744673 3.37783750 -1.11196831
v 2.16003710 3.38529095 -1.11190780
v 2.16215018 3.38008887 -1.11188247
v 2.15971899 3.37762625 -1.10313891
v 2.15966438 3.39304134 -1.10319800
v 2.16003687 3.38521360 -1.11177108
v 2.15662645 3.38526103 -1.10307263
v 2.16214745 3.39043773 -1.11194031
v 2.15978525 3.39288208 -1.10307170
v 2.16735227 3.39270117 -1.11179371
v 2.16210551 3.39042753 -1.11181525
v 2.16743202 3.39616336 -1.10320820
v 2.17251401 3.39046065 -1.11190626
v 2.16725514 3.39255936 -1.11183027
v 2.17503219 3.39286927 -1.10320631
v 2.17474203 3.38531693 -1.11188694
v 2.17264531 3.39048919 -1.11188817
v 2.17468937 3.38523721 -1.11186318
v 2.17822268 3.38515433 -1.10324116
v 2.17252656 3.38002976 -1.11187224
v 2.17821166 3.38526971 -1.10318130
v 2.17496961 3.37756884 -1.10317115
v 2.17264421 3.38001431 -1.11184706
v 2.17510378 3.37750776 -1.10324470
v 2.16730568 3.37440837 -1.10314050
v 2.16740547 3.37787614 -1.11194553
v 2.15976172 3.37763231 -1.10320654
v 2.16212750 3.38001977 -1.11189840
v 2.16737697 3.37438321 -1.10318136
v 2.16001971 3.38518713 -1.11192297
v 2.15968431 3.37757517 -1.10322632
v 2.15636479 3.38523146 -1.10319296
v 2.15976018 3.39294809 -1.09570713
v 2.15650703 3.38524405 -1.10323410
v 2.15655590 3.38529583 -1.09555360
v 2.15965786 3.39310963 -1.10323717
v 2.16737802 3.39606806 -1.10315707
v 2.16741185 3.39258240 -1.11191782
v 2.15965654 3.39295245 -1.10336503
v 2.16728191 3.39611166 -1.10311627
v 2.17507913 3.39291477 -1.10316601
v 2.17258601 3.39046151 -1.11193094
v 2.17498709 3.39286658 -1.10317628
v 2.17818988 3.38525381 -1.10323134
v 2.17469418 3.38525448 -1.11190746
v 2.17507318 3.37757177 -1.10315634
v 2.17826072 3.38521056 -1.09568680
v 2.17504670 3.37765694 -1.09574914
v 2.17821305 3.38521438 -1.10311046
v 2.17497523 3.37757295 -1.10305572
v 2.16747424 3.37438888 -1.09572329
v 2.16744028 3.37442033 -1.10312413
v 2.17504140 3.37762619 -1.09577392
v 2.16728370 3.37438970 -1.09571239
v 2.15967682 3.37762475 -1.10312216
v 2.16735831 3.37438283 -1.10327119
v 2.15966147 3.37749649 -1.09574347
v 2.15647277 3.38521522 -1.09566639
v 2.15968258 3.37761957 -1.10310313
v 2.15966075 3.37760217 -1.09570106
v 2.15647098 3.38513346 -1.10308989
v 2.15982359 3.37753627 -1.09564968
v 2.15955512 3.39298679 -1.09571800
v 2.15643256 3.38517313 -1.09574312
v 2.16742471 3.37443458 -1.09573026
v 2.16743621 3.39608380 -1.09577242
v 2.17506410 3.37762624 -1.09574194
v 2.17504230 3.39290297 -1.09571908
v 2.17813108 3.38534587 -1.09571367
v 2.15972456 3.39303005 -1.09566317
v 2.16747267 3.39609793 -1.10319618
v 2.15972110 3.39283315 -1.10325048
v 2.16735365 3.39604355 -1.09568018
v 2.16728981 3.39613035 -1.10324064
v 2.17502432 3.39299477 -1.09575139
v 2.17510997 3.39289234 -1.10317525
v 2.16732168 3.39599304 -1.09578515
v 2.17820458 3.38524568 -1.10318586
v 2.17509176 3.39288228 -1.09573546
v 2.17820885 3.38529493 -1.09571416
v 2.17510804 3.39284594 -1.10314458
v 2.15967718 3.33980741 -1.09578003
v 2.15972094 3.35511415 -1.09577757
v 2.15644172 3.34754138 -1.09572298
v 2.16739592 3.33644493 -1.09577868
v 2.16740101 3.35826760 -1.09577798
v 2.17505737 3.33971740 -1.09577730
v 2.17499876 3.35514168 -1.09577570
v 2.17830136 3.34736135 -1.09571010
v 2.15654509 3.34734929 -1.09574699
v 2.15964464 3.33971361 -1.10312283
v 2.15971313 3.33972360 -1.09579619
v 2.15654135 3.34741764 -1.10316935
v 2.16743037 3.33659355 -1.09576078
v 2.15962060 3.33978592 -1.10314824
v 2.16720736 3.33658397 -1.10317502
v 2.15953985 3.33978387 -1.09581097
v 2.17508087 3.33986298 -1.10327202
v 2.16731093 3.33656880 -1.09576773
v 2.16727949 3.33659039 -1.10326288
v 2.17506435 3.33968737 -1.09567321
v 2.17504158 3.33967725 -1.10324087
v 2.17826865 3.34743816 -1.09566222
v 2.17508607 3.33972999 -1.09565633
v 2.17817781 3.34741321 -1.10316000
v 2.17831645 3.34742380 -1.10323435
v 2.17508650 3.35511102 -1.09573093
v 2.17828036 3.34738854 -1.09576870
v 2.17505434 3.35518528 -1.10320036
v 2.16730118 3.35829962 -1.10320130
v 2.17496190 3.35515627 -1.09586673
v 2.17509016 3.35508059 -1.10330888
v 2.16742346 3.35828586 -1.09579643
v 2.15968268 3.35508903 -1.09579828
v 2.16741807 3.35826870 -1.10316988
v 2.15971114 3.35511055 -1.10321022
v 2.16728396 3.35827216 -1.09575889
v 2.15974683 3.35516966 -1.09568834
v 2.15647814 3.34743700 -1.10318862
v 2.15657594 3.34742264 -1.09568944
v 2.15981995 3.35502477 -1.10315960
v 2.15655709 3.34739855 -1.10319868
v 2.16211276 3.34225117 -1.11186170
v 2.15966784 3.33978125 -1.10313863
v 2.16002879 3.34746875 -1.11179738
v 2.15961184 3.33978674 -1.10323771
v 2.16215044 3.34225618 -1.11177960
v 2.16718940 3.33662152 -1.10326373
v 2.17506027 3.33982453 -1.10328016
v 2.16733933 3.33661182 -1.10322468
v 2.16729228 3.34008055 -1.11191960
v 2.17824790 3.34746126 -1.10325042
v 2.17507137 3.33974223 -1.10315766
v 2.17255864 3.34221836 -1.11183558
v 2.17514702 3.35514036 -1.10310416
v 2.17821316 3.34749566 -1.10314370
v 2.17476078 3.34751208 -1.11183984
v 2.16741699 3.35831808 -1.10325565
v 2.17505013 3.35508288 -1.10330847
v 2.17264883 3.35263418 -1.11187277
v 2.16734052 3.35821986 -1.10322983
v 2.16744392 3.35476399 -1.11184946
v 2.15965995 3.35514078 -1.10316433
v 2.15980285 3.35511240 -1.10314504
v 2.16208861 3.35267381 -1.11181152
v 2.15661255 3.34741617 -1.10324615
v 2.16209243 3.35257368 -1.11189110
v 2.15994459 3.34742433 -1.11194167
v 2.15658625 3.34747401 -1.10312686
v 2.16000884 3.34745762 -1.11196239
v 2.16213104 3.34213564 -1.11699802
v 2.16217528 3.34222469 -1.11184190
v 2.16002672 3.34743859 -1.11673541
v 2.16734595 3.33664715 -1.10319826
v 2.16215917 3.34230336 -1.11178833
v 2.16733162 3.34006756 -1.11181023
v 2.17506328 3.33968814 -1.10320947
v 2.16736038 3.34004612 -1.11182089
v 2.17251246 3.34224948 -1.11173391
v 2.17478595 3.34738147 -1.11191076
v 2.17822472 3.34746053 -1.10316346
v 2.17261002 3.34225197 -1.11187473
v 2.17496461 3.35515506 -1.10313226
v 2.17477528 3.34756884 -1.11175308
v 2.17263115 3.35255721 -1.11186884
v 2.16743215 3.35828147 -1.10313755
v 2.17260684 3.35268116 -1.11187453
v 2.16739416 3.35492804 -1.11180528
v 2.15973207 3.35520357 -1.10321542
v 2.16737898 3.35484393 -1.11187256
v 2.16220757 3.35255110 -1.11194762
v 2.16215946 3.35264015 -1.11186709
v 2.16004126 3.34749800 -1.11687517
v 2.16003018 3.34746925 -1.11194357
v 2.16211870 3.35267198 -1.11687372
v 2.16212181 3.35266965 -1.11682230
v 2.16229059 3.34228394 -1.11697613
v 2.16004260 3.34739044 -1.11684226
v 2.16737247 3.35484993 -1.11691349
v 2.16737606 3.34017182 -1.11697901
v 2.17258733 3.35272366 -1.11684157
v 2.17258134 3.34218705 -1.11696396
v 2.17476070 3.34745856 -1.11692595
v 2.16743272 3.34007139 -1.11191981
v 2.16211496 3.34218628 -1.11695446
v 2.16738027 3.34003699 -1.11695896
v 2.16216071 3.34218155 -1.11170643
v 2.17260831 3.34232908 -1.11697681
v 2.16739034 3.34010182 -1.11179054
v 2.16736860 3.33996835 -1.11692108
v 2.17256086 3.34219020 -1.11194713
v 2.17265277 3.34226395 -1.11691073
v 2.17470735 3.34745303 -1.11175354
v 2.17268685 3.34223657 -1.11192780
v 2.17468539 3.34746258 -1.11688496
v 2.17477969 3.34753522 -1.11691078
v 2.17262370 3.35262884 -1.11181606
v 2.17475820 3.34752820 -1.11187224
v 2.17250962 3.35270782 -1.11707005
v 2.16737054 3.35487094 -1.11699679
v 2.17254393 3.35281788 -1.11187760
v 2.17261281 3.35269289 -1.11694778
v 2.16737109 3.35482893 -1.11176962
v 2.16207721 3.35268912 -1.11189104
v 2.16743541 3.35479035 -1.11695629
v 2.16215079 3.35264423 -1.11686388
v 2.16735895 3.35479778 -1.11190824
v 2.15971250 3.22754795 -1.09569195
v 2.15967443 3.24292994 -1.09573692
v 2.15658247 3.23510743 -1.09569614
v 2.16742371 3.22440537 -1.09577103
v 2.16734743 3.24609578 -1.09578135
v 2.17502791 3.22753315 -1.09573431
v 2.17507374 3.24287135 -1.09584660
v 2.17829141 3.23523032 -1.09570042
v 2.15649481 3.23519701 -1.09571129
v 2.15965590 3.22754851 -1.10331207
v 2.15957749 3.22764545 -1.09577998
v 2.15647322 3.23523192 -1.10317773
v 2.16720157 3.22458032 -1.09572130
v 2.15979701 3.22745105 -1.10320831
v 2.16731672 3.22442289 -1.10316782
v 2.15965049 3.22756268 -1.09576121
v 2.17514082 3.22761766 -1.10313019
v 2.16735398 3.22444734 -1.09566550
v 2.16731830 3.22444685 -1.10317950
v 2.17516526 3.22757786 -1.09574281
v 2.17500194 3.22763667 -1.10326299
v 2.17822144 3.23520347 -1.09585781
v 2.17506810 3.22760155 -1.09576051
v 2.17830100 3.23521826 -1.10309071
v 2.17829793 3.23522088 -1.10334756
v 2.17503404 3.24298772 -1.09566419
v 2.17836232 3.23529157 -1.09565901
v 2.17504082 3.24284156 -1.10321129
v 2.16740672 3.24610181 -1.10326900
v 2.17506710 3.24296371 -1.09574863
v 2.17508664 3.24291578 -1.10323624
v 2.16743575 3.24616098 -1.09575058
v 2.15970428 3.24303995 -1.09567032
v 2.16724993 3.24611326 -1.10322653
v 2.15958718 3.24282619 -1.10321544
v 2.16729864 3.24605891 -1.09569486
v 2.15968838 3.24291508 -1.09569507
v 2.15647121 3.23526004 -1.10312963
v 2.15654082 3.23521259 -1.09578007
v 2.15965352 3.24290370 -1.10309327
v 2.15659015 3.23529082 -1.10315766
v 2.16224296 3.23007191 -1.11193604
v 2.15974124 3.22752380 -1.10315299
v 2.16005128 3.23534166 -1.11187564
v 2.15964537 3.22759153 -1.10310958
v 2.16205613 3.23001509 -1.11181802
v 2.16739649 3.22440815 -1.10319094
v 2.17507541 3.22754644 -1.10316632
v 2.16732835 3.22440164 -1.10328107
v 2.16731107 3.22788254 -1.11187517
v 2.17818653 3.23526490 -1.10315208
v 2.17500936 3.22763010 -1.10317296
v 2.17265771 3.23005701 -1.11188632
v 2.17508139 3.24295253 -1.10326264
v 2.17819481 3.23529747 -1.10328239
v 2.17464779 3.23533184 -1.11192301
v 2.16734983 3.24609183 -1.10320485
v 2.17496063 3.24287296 -1.10314875
v 2.17257339 3.24040493 -1.11185959
v 2.16736573 3.24616889 -1.10317897
v 2.16736681 3.24258294 -1.11181904
v 2.15969752 3.24297515 -1.10322547
v 2.15973635 3.24301705 -1.10320027
v 2.16209422 3.24052277 -1.11185507
v 2.15648080 3.23525649 -1.10323306
v 2.16199847 3.24057829 -1.11174238
v 2.16009318 3.23530356 -1.11185212
v 2.15656212 3.23525581 -1.10316546
v 2.16000116 3.23516469 -1.11186405
v 2.16197673 3.23014544 -1.11686004
v 2.16216986 3.22996470 -1.11184851
v 2.15996828 3.23521295 -1.11705387
v 2.16744119 3.22438661 -1.10318067
v 2.16215863 3.23004823 -1.11180570
v 2.16742153 3.22778490 -1.11182054
v 2.17507476 3.22751872 -1.10322801
v 2.16736748 3.22792872 -1.11184761
v 2.17271173 3.22999747 -1.11183364
v 2.17478016 3.23529720 -1.11177768
v 2.17814228 3.23538961 -1.10328092
v 2.17248867 3.23005647 -1.11187650
v 2.17515692 3.24286544 -1.10313871
v 2.17476629 3.23528981 -1.11193550
v 2.17254644 3.24037857 -1.11195444
v 2.16738621 3.24615837 -1.10321249
v 2.17248827 3.24042403 -1.11178961
v 2.16737887 3.24265539 -1.11186375
v 2.15976423 3.24294972 -1.10323224
v 2.16745034 3.24266436 -1.11178283
v 2.16211980 3.24042563 -1.11185888
v 2.16213462 3.24042448 -1.11182729
v 2.16001640 3.23525605 -1.11696651
v 2.16004595 3.23530288 -1.11193915
v 2.16213443 3.24049088 -1.11685704
v 2.16218401 3.24063617 -1.11700098
v 2.16214646 3.22996937 -1.11695625
v 2.15989452 3.23521282 -1.11697050
v 2.16743621 3.24256862 -1.11688035
v 2.16736773 3.22786405 -1.11703151
v 2.17251825 3.24049944 -1.11681678
v 2.17262917 3.23016960 -1.11684003
v 2.17471661 3.23533512 -1.11680054
v 2.16741369 3.22783695 -1.11182632
v 2.16226334 3.23002150 -1.11687996
v 2.16743676 3.22794273 -1.11690629
v 2.16218789 3.23009842 -1.11183472
v 2.17253272 3.23010396 -1.11704939
v 2.16732499 3.22798682 -1.11191270
v 2.16731740 3.22787380 -1.11693585
v 2.17267947 3.23001981 -1.11186496
v 2.17260032 3.23015847 -1.11684850
v 2.17480302 3.23522000 -1.11189919
v 2.17251279 3.23009065 -1.11189371
v 2.17473157 3.23527395 -1.11680702
v 2.17484462 3.23526862 -1.11685835
v 2.17247546 3.24049407 -1.11191437
v 2.17470218 3.23518412 -1.11181343
v 2.17267629 3.24053381 -1.11699808
v 2.16733095 3.24263608 -1.11691155
v 2.17258649 3.24045082 -1.11190788
v 2.17264824 3.24041265 -1.11685054
v 2.16739047 3.24262842 -1.11179705
v 2.16225838 3.24050866 -1.11189933
v 2.16736866 3.24261582 -1.11695267
v 2.16216843 3.24045288 -1.11686788
v 2.16731283 3.24254186 -1.11184155
v 2.15971734 3.18978414 -1.09575998
v 2.15976803 3.20509725 -1.09571215
v 2.15647961 3.19733633 -1.09570031
v 2.16731711 3.18661399 -1.09580861
v 2.16731290 3.20825840 -1.09573843
v 2.17508345 3.18977175 -1.09560734
v 2.17514732 3.20502912 -1.09575261
v 2.17820288 3.19740055 -1.09580304
v 2.15644288 3.19739332 -1.09574494
v 2.15971608 3.18974509 -1.10329913
v 2.15970146 3.18970819 -1.09568653
v 2.15651697 3.19734834 -1.10322818
v 2.16735847 3.18652917 -1.09575334
v 2.15967517 3.18971526 -1.10320462
v 2.16734915 3.18666333 -1.10314110
v 2.15969096 3.18971878 -1.09572058
v 2.17500196 3.18967920 -1.10328317
v 2.16731717 3.18655738 -1.09583809
v 2.16737890 3.18652006 -1.10324875
v 2.17511017 3.18972392 -1.09575726
v 2.17510965 3.18974848 -1.10322064
v 2.17813622 3.19737285 -1.09580285
v 2.17507511 3.18977902 -1.09564037
v 2.17821046 3.19744188 -1.10322482
v 2.17823754 3.19745619 -1.10318810
v 2.17508387 3.20513753 -1.09575094
v 2.17827756 3.19753969 -1.09572476
v 2.17504794 3.20511946 -1.10320753
v 2.16741609 3.20828858 -1.10321703
v 2.17504705 3.20512636 -1.09576531
v 2.17495181 3.20495875 -1.10317904
v 2.16732088 3.20817472 -1.09582519
v 2.15968304 3.20506627 -1.09570283
v 2.16738543 3.20835934 -1.10313467
v 2.15969512 3.20513617 -1.10317215
v 2.16729441 3.20828994 -1.09566194
v 2.15967154 3.20509425 -1.09573899
v 2.15655949 3.19741426 -1.10310205
v 2.15643311 3.19750406 -1.09572938
v 2.15968422 3.20503212 -1.10317186
v 2.16005550 3.19742685 -1.11186267
v 2.15959068 3.18970763 -1.10322287
v 2.15650867 3.19732548 -1.10319346
v 2.15962435 3.18969732 -1.10319152
v 2.16218736 3.19222144 -1.11186683
v 2.16719634 3.18651586 -1.10324283
v 2.17501587 3.18973999 -1.10312866
v 2.16747311 3.18654753 -1.10318054
v 2.16749442 3.18998429 -1.11183158
v 2.17832296 3.19736932 -1.10320032
v 2.17499979 3.18967226 -1.10311522
v 2.17265973 3.19212348 -1.11184081
v 2.17501360 3.20497685 -1.10318288
v 2.17818908 3.19747158 -1.10317216
v 2.17477441 3.19747580 -1.11188928
v 2.16744679 3.20807872 -1.10318221
v 2.17511691 3.20511685 -1.10309065
v 2.17250658 3.20255597 -1.11180915
v 2.16737066 3.20806591 -1.10324291
v 2.16742456 3.20466451 -1.11170702
v 2.15963453 3.20510072 -1.10317040
v 2.15967583 3.20503457 -1.10319393
v 2.16206673 3.20262572 -1.11188222
v 2.15641790 3.19746137 -1.10318277
v 2.16222815 3.20257573 -1.11197124
v 2.16007169 3.19736479 -1.11187876
v 2.15646478 3.19749739 -1.10320283
v 2.16001082 3.19755544 -1.11185400
v 2.16216428 3.19214687 -1.11198208
v 2.15969196 3.18981656 -1.10321585
v 2.16747916 3.18652418 -1.10318910
v 2.16212385 3.19222406 -1.11177745
v 2.16740365 3.19005565 -1.11185449
v 2.17507755 3.18965922 -1.10314839
v 2.16737712 3.18998672 -1.11195001
v 2.17260036 3.19221361 -1.11185174
v 2.17472049 3.19737416 -1.11181813
v 2.17816737 3.19733060 -1.10314771
v 2.17256489 3.19217812 -1.11177095
v 2.17511251 3.20503875 -1.10321374
v 2.17480086 3.19737723 -1.11188811
v 2.17265745 3.20254876 -1.11180310
v 2.16724375 3.20822960 -1.10318834
v 2.17261006 3.20249591 -1.11191828
v 2.16740856 3.20475391 -1.11192373
v 2.15969039 3.20514914 -1.10317266
v 2.16729449 3.20484330 -1.11182114
v 2.16219624 3.20262394 -1.11185096
v 2.16217966 3.20260323 -1.11191351
v 2.16001637 3.19730113 -1.11684100
v 2.16012833 3.19739938 -1.11179550
v 2.16212680 3.20267250 -1.11690717
v 2.15985675 3.19727442 -1.11187890
v 2.16210623 3.19226001 -1.11691194
v 2.16218324 3.19205749 -1.11180387
v 2.15996028 3.19736483 -1.11698738
v 2.16735873 3.19006449 -1.11195493
v 2.16219372 3.19215638 -1.11690031
v 2.16736946 3.19008812 -1.11688145
v 2.16217107 3.19206618 -1.11185660
v 2.17255427 3.19227068 -1.11679309
v 2.16740028 3.18997772 -1.11195712
v 2.16736839 3.18995543 -1.11693666
v 2.17258037 3.19215694 -1.11187432
v 2.17251222 3.19218869 -1.11693403
v 2.17478394 3.19750168 -1.11190404
v 2.17241219 3.19216199 -1.11186371
v 2.17478561 3.19739612 -1.11692993
v 2.17471612 3.19750436 -1.11693797
v 2.17263241 3.20269182 -1.11187400
v 2.17474240 3.19733916 -1.11179025
v 2.17263265 3.20262262 -1.11690863
v 2.16748471 3.20484242 -1.11698531
v 2.17258605 3.20265847 -1.11182142
v 2.17262796 3.20263317 -1.11686343
v 2.16743572 3.20483185 -1.11187832
v 2.16223519 3.20258196 -1.11190912
v 2.16725394 3.20477635 -1.11698663
v 2.16213701 3.20263931 -1.11687087
v 2.16726621 3.20481061 -1.11187348
v 2.16221432 3.20267320 -1.11695045
v 2.16220003 3.19217043 -1.11698171
v 2.15999175 3.19744476 -1.11687193
v 2.16741599 3.20474308 -1.11702246
v 2.16741534 3.19000588 -1.11691728
v 2.17258432 3.20261822 -1.11692155
v 2.17259865 3.19217076 -1.11697998
v 2.17471695 3.19745375 -1.11679880
v 2.15976396 3.15184348 -1.09578842
v 2.15965879 3.16726090 -1.09580053
v 2.15654634 3.15956623 -1.09575494
v 2.16742479 3.14872536 -1.09582154
v 2.16742524 3.17048910 -1.09577175
v 2.17501594 3.15193233 -1.09585054
v 2.17513505 3.16738995 -1.09578311
v 2.17813063 3.15950264 -1.09567935
v 2.15655476 3.15968071 -1.09575891
v 2.15974127 3.15187158 -1.10325387
v 2.15963367 3.15184657 -1.09572180
v 2.15652842 3.15969554 -1.10317070
v 2.16738955 3.14869257 -1.09570768
v 2.15960249 3.15185721 -1.10329457
v 2.16744356 3.14873368 -1.10318088
v 2.15974484 3.15194415 -1.09575559
v 2.17494610 3.15190965 -1.10317634
v 2.16744393 3.14878467 -1.09580072
v 2.16740927 3.14877562 -1.10326707
v 2.17504126 3.15189403 -1.09575713
v 2.17509277 3.15198075 -1.10324356
v 2.17820424 3.15953680 -1.09582645
v 2.17508629 3.15191516 -1.09585906
v 2.17826937 3.15951877 -1.10313162
v 2.17817090 3.15962163 -1.10321522
v 2.17499017 3.16726205 -1.09570678
v 2.17821675 3.15953057 -1.09572286
v 2.17504348 3.16723613 -1.10316808
v 2.16733526 3.17042183 -1.10316438
v 2.17510861 3.16735119 -1.09571087
v 2.17503254 3.16726727 -1.10315256
v 2.16731348 3.17050472 -1.09574599
v 2.15973587 3.16732388 -1.09573736
v 2.16741539 3.17045425 -1.10321901
v 2.15980169 3.16738488 -1.10324009
v 2.16736234 3.17055328 -1.09571262
v 2.15967378 3.16722672 -1.09571441
v 2.15653933 3.15962815 -1.10320560
v 2.15652131 3.15958859 -1.09577993
v 2.15968792 3.16727678 -1.10316382
v 2.15993946 3.15950619 -1.11187769
v 2.15968283 3.15191154 -1.10307956
v 2.15658174 3.15955018 -1.10321530
v 2.15966520 3.15205657 -1.10322518
v 2.16219339 3.15439542 -1.11192943
v 2.16741477 3.14877523 -1.10316921
v 2.17507436 3.15180912 -1.10313766
v 2.16731396 3.14884124 -1.10322449
v 2.16735261 3.15222560 -1.11189583
v 2.17816381 3.15961968 -1.10326435
v 2.17510086 3.15186547 -1.10315601
v 2.17258594 3.15447154 -1.11178258
v 2.17512544 3.16719591 -1.10314092
v 2.17826102 3.15971543 -1.10319523
v 2.17477583 3.15957681 -1.11185869
v 2.16738724 3.17050719 -1.10326703
v 2.17511273 3.16719454 -1.10311906
v 2.17260060 3.16489469 -1.11201825
v 2.16746515 3.17045287 -1.10316574
v 2.16736480 3.16700543 -1.11187933
v 2.15963375 3.16730284 -1.10324236
v 2.15964143 3.16722239 -1.10310983
v 2.16212662 3.16490569 -1.11187964
v 2.15646059 3.15956600 -1.10325637
v 2.16210686 3.16478960 -1.11201090
v 2.16009147 3.15956587 -1.11179103
v 2.15642021 3.15957222 -1.10327783
v 2.16000963 3.15960243 -1.11176405
v 2.16218623 3.15445677 -1.11184384
v 2.15981696 3.15186893 -1.10308634
v 2.16736855 3.14878301 -1.10319575
v 2.16223688 3.15435887 -1.11185015
v 2.16748141 3.15227641 -1.11183350
v 2.17505354 3.15185491 -1.10314226
v 2.16742837 3.15229384 -1.11185307
v 2.17263485 3.15439118 -1.11188534
v 2.17478251 3.15960472 -1.11184410
v 2.17832184 3.15961599 -1.10312470
v 2.17264405 3.15432523 -1.11181142
v 2.17505219 3.16730722 -1.10323792
v 2.17477641 3.15967636 -1.11188731
v 2.17260989 3.16485022 -1.11188377
v 2.16740849 3.17049527 -1.10320883
v 2.17255199 3.16485919 -1.11189772
v 2.16731813 3.16701279 -1.11189087
v 2.15968402 3.16730533 -1.10316092
v 2.16744983 3.16698544 -1.11187093
v 2.16212583 3.16473129 -1.11179040
v 2.16216136 3.16485750 -1.11183544
v 2.16000221 3.15947363 -1.11695946
v 2.16001820 3.15966954 -1.11180115
v 2.16221390 3.16481790 -1.11694086
v 2.15996183 3.15963432 -1.11183061
v 2.16214288 3.15442307 -1.11702560
v 2.16218638 3.15432833 -1.11182616
v 2.15995643 3.15956389 -1.11697084
v 2.16737387 3.15229151 -1.11186793
v 2.16218238 3.15443830 -1.11698198
v 2.16744603 3.15230198 -1.11692657
v 2.16217093 3.15432697 -1.11188500
v 2.17253731 3.15447101 -1.11693296
v 2.16732928 3.15223295 -1.11190907
v 2.16723336 3.15219636 -1.11681733
v 2.17269047 3.15438554 -1.11180085
v 2.17258241 3.15431478 -1.11688744
v 2.17484951 3.15959926 -1.11194841
v 2.17265393 3.15433848 -1.11193138
v 2.17470864 3.15953559 -1.11687724
v 2.17481282 3.15950565 -1.11693919
v 2.17263831 3.16480109 -1.11175335
v 2.17477195 3.15959143 -1.11184252
v 2.17263226 3.16481645 -1.11698626
v 2.16733878 3.16694131 -1.11682137
v 2.17254552 3.16473150 -1.11184667
v 2.17257981 3.16479601 -1.11690252
v 2.16735192 3.16695828 -1.11180850
v 2.16225309 3.16482644 -1.11185938
v 2.16736604 3.16692949 -1.11693849
v 2.16208248 3.16481839 -1.11692536
v 2.16744188 3.16684989 -1.11176053
v 2.16219544 3.16483295 -1.11693606
v 2.16211856 3.15429755 -1.11690172
v 2.15991906 3.15972922 -1.11688508
v 2.16730240 3.16698689 -1.11696155
v 2.16730959 3.15223051 -1.11700453
v 2.17260547 3.16488234 -1.11687999
v 2.17253831 3.15436355 -1.11690953
v 2.17477301 3.15964787 -1.11686895
v 2.27857146 3.13784273 -1.23150644
v 2.11299190 3.13782441 -1.26653558
v 2.27851017 3.13784273 -1.26649050
v 2.11297461 3.13790750 -1.23159890
v 2.09089008 3.19873702 -1.23161851
v 2.09089395 3.19881560 -1.23149611
v 2.11310526 3.13788625 -1.26646249
v 2.11305426 3.13789242 -1.23155473
v 2.09095969 3.19876440 -1.26648907
v 2.09096523 3.19872846 -1.26635871
v 2.09079967 3.38140184 -1.26653100
v 2.08006390 3.25962351 -1.26641591
v 2.08005550 3.32059447 -1.26656667
v 2.09102336 3.19881969 -1.26649531
v 2.11311381 3.44240853 -1.26651343
v 2.11300106 3.13793611 -1.26639580
v 2.27855342 3.44248352 -1.26644283
v 2.27854748 3.13785587 -1.26642606
v 2.27853433 3.13787186 -1.26654624
v 2.27855393 3.44249237 -1.23162314
v 2.27862382 3.44246475 -1.23158765
v 2.27854944 3.13788030 -1.23150960
v 2.27860604 3.13781149 -1.23156148
v 2.27870406 3.44239908 -1.26648372
v 2.09101566 3.19872707 -1.23171143
v 2.08002493 3.32063460 -1.23155433
v 2.08000230 3.25968122 -1.23151826
v 2.09092250 3.38152858 -1.23159370
v 2.11305596 3.13787364 -1.23158362
v 2.11298677 3.44244238 -1.23163020
v 2.27860293 3.44248164 -1.23159390
v 2.27858236 3.13781205 -1.23164761
v 2.08005092 3.25982493 -1.23163388
v 2.08004012 3.25974649 -1.26647624
v 2.11318600 3.44249570 -1.23159152
v 2.09108584 3.38150949 -1.26651204
v 2.09099733 3.38157174 -1.26645004
v 2.09087936 3.38159773 -1.23157875
v 2.09098322 3.38150203 -1.23159327
v 2.11308656 3.44246475 -1.26647666
v 2.11304336 3.44242100 -1.23156573
v 2.27865787 3.44254258 -1.26644690
v 2.11303408 3.44245777 -1.26651979
v 2.27862157 3.44250306 -1.23150430
v 2.08006321 3.32064418 -1.23157913
v 2.08013595 3.32059040 -1.26638432
v 2.27848876 3.44241690 -1.03543613
v 2.27864280 3.44249016 -1.03547200
v 2.27855447 3.13781167 -1.03548432
v 2.27858911 3.13781286 -1.03550835
v 2.27854964 3.13788363 -1.03546510
v 2.25801604 3.13773625 -1.23166705
v 2.27862479 3.13778552 -1.23159671
v 2.25806625 3.13795539 -1.03547710
v 2.25800596 3.44239658 -1.03550651
v 2.27854434 3.44251341 -1.23150085
v 2.25806870 3.44242569 -1.23163916
v 2.27864842 3.44250164 -1.03547328
v 2.27849680 3.44242723 -0.89509831
v 2.27858244 3.13788029 -0.89487745
v 2.27858383 3.13790869 -1.03538474
v 2.25799701 3.44250213 -1.03536854
v 2.25797866 3.13793574 -1.03555944
v 2.27853689 3.44239381 -1.03557574
v 2.25806131 3.44248867 -1.03539621
v 2.25803742 3.13797836 -1.23152568
v 2.25812993 3.13780297 -1.03552035
v 2.25802733 3.44242442 -1.23162936
v 2.27844446 3.13787954 -0.89493248
v 2.11302583 3.13784590 -1.03546402
v 2.27852800 3.13793177 -1.03543701
v 2.11304494 3.13783687 -0.89500209
v 2.09094198 3.38159385 -1.03537730
v 2.08003485 3.25974598 -1.03551356
v 2.08001546 3.32058811 -1.03542269
v 2.09098901 3.19875164 -1.03547283
v 2.11317342 3.44242160 -1.03555077
v 2.11303849 3.13782876 -1.03544496
v 2.27860236 3.44244200 -1.03544735
v 2.27861075 3.13781934 -1.03554184
v 2.11297688 3.44255249 -0.89480805
v 2.27860670 3.44255370 -1.03550696
v 2.11300772 3.44249352 -1.03549779
v 2.27853083 3.44240648 -0.89495637
v 2.09089850 3.19882239 -0.89504037
v 2.07996160 3.32043146 -0.89495115
v 2.08000349 3.25970665 -0.89493999
v 2.09096490 3.38151843 -0.89498402
v 2.11301977 3.13787993 -0.89487421
v 2.11290780 3.44239751 -0.89489899
v 2.27861620 3.13784973 -0.89494656
v 2.27861456 3.44243269 -0.89496628
v 2.15293241 3.14258444 -1.03847338
v 2.15130989 3.14252420 -1.07363764
v 2.15292120 3.14253710 -1.07359896
v 2.15115824 3.14257990 -1.03858913
v 2.15295615 3.14256339 -1.07352651
v 2.15130257 3.14247653 -1.07354349
v 2.14800969 3.14892430 -1.07352684
v 2.15291083 3.14252468 -1.03858756
v 2.14813203 3.14890609 -1.03866171
v 2.15128383 3.14255092 -1.03864772
v 2.15284144 3.14258984 -1.07350964
v 2.14803217 3.14885000 -1.07351386
v 2.15289954 3.14897474 -1.07352406
v 2.15289843 3.14884867 -1.03867124
v 2.14810292 3.14891300 -1.03847581
v 2.15291606 3.14241191 -1.03863188
v 2.15295302 3.14887127 -1.07351998
v 2.14806198 3.14899345 -1.07354868
v 2.14715240 3.15527706 -1.07351561
v 2.15295469 3.14892422 -1.03857835
v 2.14714496 3.15540115 -1.03860091
v 2.14800279 3.14880663 -1.03862124
v 2.15282313 3.16183365 -1.07359312
v 2.14713875 3.15538041 -1.07355866
v 2.14718275 3.16180194 -1.07352056
v 2.15288632 3.14886026 -1.07366307
v 2.15285846 3.14895464 -1.03867888
v 2.14713207 3.16177754 -1.03856678
v 2.14716001 3.15538797 -1.03864277
v 2.15300077 3.16186412 -1.03850442
v 2.15292999 3.16181379 -1.07362591
v 2.15286537 3.16168792 -1.07351388
v 2.14711434 3.16176608 -1.07345630
v 2.14806601 3.16826466 -1.07353687
v 2.15300401 3.16176816 -1.03860101
v 2.14802695 3.16826026 -1.03853071
v 2.14724763 3.16171576 -1.03856955
v 2.15288009 3.16827848 -1.07347925
v 2.15286808 3.16824059 -1.03858996
v 2.14798548 3.16824158 -1.03863509
v 2.15298794 3.16184964 -1.03856159
v 2.15291404 3.16828786 -1.07348605
v 2.15116509 3.17463592 -1.07350323
v 2.15289020 3.16824139 -1.03857960
v 2.15125892 3.17471987 -1.03860309
v 2.14811565 3.16817473 -1.03852291
v 2.15286650 3.16824883 -1.07355642
v 2.15116314 3.17468048 -1.07352713
v 2.15297923 3.17456123 -1.07354993
v 2.15287792 3.17467561 -1.03869165
v 2.15120229 3.17473750 -1.03857194
v 2.15290916 3.16823414 -1.03857558
v 2.15125073 3.17457854 -1.03860142
v 2.15292861 3.17463962 -1.07359973
v 2.15133172 3.17470714 -1.07353025
v 2.15295738 3.17462326 -1.03848743
v 2.15287226 3.18024756 -1.07361902
v 2.15296037 3.18031933 -1.07347587
v 2.15119117 3.18021565 -1.07340179
v 2.14807616 3.18669612 -1.07347798
v 2.15290921 3.18027046 -1.03863888
v 2.15131530 3.18035154 -1.07345159
v 2.15286511 3.18029683 -1.07350255
v 2.15114662 3.18036749 -1.03849389
v 2.15292046 3.18674723 -1.07358435
v 2.15281264 3.18035396 -1.03851161
v 2.14805724 3.18669166 -1.03852660
v 2.15119399 3.18024167 -1.03864553
v 2.15296552 3.18669786 -1.07354413
v 2.14805985 3.18659450 -1.07367017
v 2.14719304 3.19316952 -1.07344125
v 2.15302933 3.18677803 -1.03860408
v 2.14809018 3.18676514 -1.03847744
v 2.15296089 3.18031283 -1.03857171
v 2.15292431 3.19962795 -1.07351270
v 2.14719589 3.19317465 -1.07347148
v 2.14720373 3.19957183 -1.07354885
v 2.15293444 3.18678804 -1.07351192
v 2.15300745 3.18677508 -1.03846942
v 2.14722430 3.19312964 -1.03865269
v 2.14811862 3.18681399 -1.03862739
v 2.15280617 3.19964148 -1.07360871
v 2.14723424 3.19960360 -1.07353289
v 2.14802342 3.20605232 -1.07353576
v 2.15306652 3.18680986 -1.03860948
v 2.14708943 3.19954094 -1.03850500
v 2.14721387 3.19317125 -1.03852284
v 2.15289734 3.19958695 -1.03848991
v 2.15300399 3.19948494 -1.07359819
v 2.14800740 3.20600441 -1.07351146
v 2.15300356 3.20611543 -1.07347553
v 2.15296710 3.19964471 -1.03863867
v 2.14810497 3.20602598 -1.03847441
v 2.14725569 3.19951527 -1.03855454
v 2.15288185 3.20602132 -1.07351137
v 2.15123314 3.21239115 -1.07346747
v 2.15297607 3.20613242 -1.03856417
v 2.15294715 3.19948646 -1.03851534
v 2.15296484 3.20591368 -1.07348518
v 2.15128772 3.21243150 -1.07354970
v 2.15289198 3.21244770 -1.07361256
v 2.15300857 3.20610703 -1.03851791
v 2.15117502 3.21255476 -1.03853857
v 2.14812057 3.20611023 -1.03854344
v 2.15126861 3.21246360 -1.03851847
v 2.15284437 3.21240635 -1.07343431
v 2.15134157 3.21241431 -1.07347530
v 2.15297943 3.21240765 -1.03860367
v 2.15293296 3.21237119 -1.03867440
v 2.15122114 3.21251292 -1.03862047
v 2.15290305 3.20583515 -1.03863410
v 2.10229958 3.32066396 -1.23200444
v 2.11882833 3.42739284 -1.21276575
v 2.10222628 3.32060224 -1.21276871
v 2.11880242 3.42735576 -1.23188452
v 2.25871367 3.44242339 -1.23199381
v 2.11873091 3.42736438 -1.21287334
v 2.11865834 3.42740696 -1.23194058
v 2.25880176 3.44251085 -1.21284925
v 2.09086316 3.19870064 -1.21275967
v 2.08005640 3.32058787 -1.21269262
v 2.07998009 3.25958131 -1.21277187
v 2.09091247 3.38160135 -1.21283879
v 2.11317571 3.13782917 -1.21281602
v 2.10236748 3.25974714 -1.21279789
v 2.11872393 3.15298659 -1.21288615
v 2.25875030 3.13779881 -1.21283537
v 2.10226082 3.32054286 -1.21275327
v 2.11298607 3.44246821 -1.21292317
v 2.11880762 3.42739916 -1.21285271
v 2.25868598 3.44249734 -1.21282908
v 2.10235700 3.25963679 -1.23183132
v 2.10229633 3.25968879 -1.21282349
v 2.09090593 3.38151487 -1.23185535
v 2.07994065 3.25971776 -1.23196359
v 2.08005967 3.32067410 -1.23186547
v 2.09090275 3.19874801 -1.23192276
v 2.11302680 3.44241574 -1.23193424
v 2.10234957 3.32057270 -1.23200868
v 2.11888744 3.42740619 -1.23181285
v 2.25873545 3.44241931 -1.23191669
v 2.10228905 3.25969776 -1.23186854
v 2.11306643 3.13788614 -1.23195589
v 2.11881062 3.15293649 -1.23185042
v 2.25855670 3.13790761 -1.23193503
v 2.11306250 3.44237660 -1.21277461
v 2.25881935 3.44246666 -1.23184963
v 2.11298148 3.44247683 -1.23184075
v 2.25871981 3.44244539 -1.21288269
v 2.09092967 3.19879741 -1.21277454
v 2.11295714 3.13781412 -1.23187809
v 2.11305385 3.13796701 -1.21278605
v 2.09098877 3.19891249 -1.23193770
v 2.25870141 3.13782953 -1.21275635
v 2.11301546 3.13793390 -1.23191803
v 2.25868209 3.13781672 -1.23185763
v 2.11312012 3.13781702 -1.21276849
v 2.11880843 3.15296798 -1.23182139
v 2.25861232 3.13785579 -1.21293984
v 2.25876377 3.13775713 -1.23191038
v 2.11871683 3.15299610 -1.21276585
v 2.11867957 3.15298241 -1.23196582
v 2.11871462 3.15299163 -1.21283085
v 2.11305663 3.44257236 -1.21284310
v 2.09097058 3.38142983 -1.23193255
v 2.09095555 3.38141969 -1.23187743
v 2.09091808 3.38149245 -1.21289120
v 2.09095329 3.38155764 -1.21275271
v 2.11298163 3.44256459 -1.23182755
v 2.08001856 3.32057397 -1.23198967
v 2.08008239 3.32067837 -1.21287525
v 2.08003153 3.25961807 -1.23187852
v 2.08002815 3.25968213 -1.21275416
v 0.05336806 -1.46606807 -1.03868016
v 0.05343952 -1.46787540 -1.07350514
v 0.05339395 -1.46784286 -1.03842316
v 0.05352956 -1.46616833 -1.07361806
v 0.05986957 -1.46299246 -1.07341029
v 0.05344153 -1.46769877 -1.07354270
v 0.05345352 -1.46607457 -1.07358320
v 0.05987968 -1.46293277 -1.03862254
v 0.05342501 -1.46607875 -1.03856345
v 0.05344738 -1.46777719 -1.03862062
v 0.05983040 -1.46786255 -1.07359206
v 0.05341218 -1.46782936 -1.07352519
v 0.05990787 -1.46297030 -1.07344773
v 0.05991334 -1.46289156 -1.03849443
v 0.05345385 -1.46780887 -1.03856705
v 0.05983737 -1.46773444 -1.03858668
v 0.06625666 -1.46210247 -1.07349972
v 0.05988654 -1.46772806 -1.07347064
v 0.05998802 -1.46295956 -1.07346064
v 0.06629045 -1.46200294 -1.03861425
v 0.05996202 -1.46295710 -1.03854305
v 0.05986235 -1.46771019 -1.03858150
v 0.06632674 -1.46209599 -1.07356755
v 0.07268224 -1.46774144 -1.07356337
v 0.05987066 -1.46773278 -1.07357293
v 0.07271527 -1.46204793 -1.07342818
v 0.07276574 -1.46775527 -1.03858841
v 0.06638438 -1.46208817 -1.03855905
v 0.05993084 -1.46779197 -1.03851400
v 0.07277170 -1.46198813 -1.03858964
v 0.07924427 -1.46292803 -1.07345673
v 0.07280535 -1.46781397 -1.07357019
v 0.07281202 -1.46205587 -1.07344685
v 0.07919334 -1.46290204 -1.03860126
v 0.07260614 -1.46203649 -1.03861707
v 0.07269016 -1.46784420 -1.03857993
v 0.07931367 -1.46796255 -1.07353197
v 0.07289257 -1.46783900 -1.07346095
v 0.07908056 -1.46294873 -1.07354816
v 0.07920771 -1.46291270 -1.03843886
v 0.07276052 -1.46782083 -1.03854699
v 0.07919128 -1.46774763 -1.03862864
v 0.08561028 -1.46607657 -1.07355760
v 0.07917948 -1.46773969 -1.07359203
v 0.07920904 -1.46285689 -1.07340034
v 0.08560646 -1.46609288 -1.03861861
v 0.07924712 -1.46288816 -1.03852723
v 0.07921485 -1.46776656 -1.03842377
v 0.08570349 -1.46775900 -1.07350849
v 0.07927795 -1.46779669 -1.07345637
v 0.08567946 -1.46613747 -1.07352718
v 0.08551392 -1.46602070 -1.03857451
v 0.07919339 -1.46776406 -1.03855217
v 0.08562765 -1.46771513 -1.03846810
v 0.08559311 -1.46777277 -1.07347379
v 0.08568312 -1.46609213 -1.03860108
v 0.08564442 -1.46786002 -1.03860150
v 0.08561458 -1.46603145 -1.07342597
v 3.00834880 0.02756927 -1.26654730
v 3.00827944 0.19301261 -1.23156249
v 3.00830131 0.19298672 -1.23180011
v 3.00831878 0.02746560 -1.23149497
v 3.00836730 0.19312559 -1.26662782
v 3.00834695 0.02751579 -1.26648502
v 2.94741981 0.00541097 -1.23161046
v 2.94737098 0.00530652 -1.26647220
v 3.00829402 0.02751178 -1.23154751
v 3.00819841 0.19303707 -1.26651321
v 2.70363391 0.02746353 -1.26640444
v 2.70362575 0.19296124 -1.26651194
v 2.76459116 0.00535576 -1.26646742
v 2.82558435 -0.00557202 -1.26661357
v 2.88641348 -0.00543491 -1.26646018
v 2.94748693 0.00545902 -1.26652383
v 3.00837172 0.02742791 -1.26646232
v 2.70364837 0.19309300 -1.23159252
v 3.00823885 0.19297176 -1.26644876
v 2.70373518 0.19304110 -1.26644060
v 3.00839963 0.19301492 -1.23167487
v 2.76468769 0.00535840 -1.23163117
v 2.70370703 0.19310890 -1.23167767
v 2.70378955 0.02757209 -1.23155873
v 3.00830748 0.19299862 -1.23153113
v 2.82547477 -0.00561464 -1.23153881
v 2.88653942 -0.00555406 -1.23159480
v 2.94743168 0.00544635 -1.23159888
v 3.00833532 0.02757884 -1.23167648
v 2.88651441 -0.00552817 -1.23157079
v 2.88650981 -0.00552042 -1.26656451
v 2.76461831 0.00544290 -1.23156104
v 2.76461292 0.00533333 -1.23154760
v 2.70370143 0.02754366 -1.26650567
v 2.76466711 0.00546490 -1.26653600
v 2.76469202 0.00533456 -1.26644366
v 2.70361888 0.02745914 -1.23166882
v 2.70373578 0.19303038 -1.23168381
v 2.70371764 0.19300660 -1.23150155
v 2.70367678 0.02746817 -1.26647802
v 2.70366309 0.02756435 -1.23168667
v 2.70385363 0.19298109 -1.26649255
v 2.82563610 -0.00547056 -1.26636493
v 2.82560439 -0.00557702 -1.23155656
v 2.70380956 0.19312773 -1.03533355
v 3.00834745 0.19292680 -1.23159539
v 2.70369903 0.19298850 -1.23152553
v 3.00829162 0.19304913 -1.03542912
v 3.00833902 0.17252652 -1.23154256
v 3.00836578 0.19300212 -1.03544362
v 3.00829610 0.19298312 -1.03544437
v 3.00835111 0.17257138 -1.03556653
v 2.70372183 0.19290143 -1.03540319
v 2.70382229 0.19319358 -1.03547499
v 2.70370868 0.17254064 -1.23151181
v 2.70373915 0.17258111 -1.03540372
v 2.70375181 0.19306890 -0.89505523
v 3.00841223 0.19305911 -1.03545603
v 2.70364091 0.19302539 -1.03551144
v 3.00831444 0.19296981 -0.89503537
v 3.00830165 0.17264013 -1.03538215
v 2.70369567 0.19312297 -1.03551235
v 2.70368065 0.17255464 -1.03552733
v 3.00830834 0.19300072 -1.03557305
v 3.00827192 0.17256705 -1.03553058
v 2.70372027 0.17266286 -1.23161713
v 3.00830077 0.17248507 -1.23153617
v 2.70376469 0.17250350 -1.03536894
v 3.00828404 0.02741889 -1.03557972
v 3.00827926 0.19302385 -0.89498697
v 3.00831916 0.02762111 -0.89491321
v 3.00833644 0.19305542 -1.03553282
v 2.70364611 0.02746418 -1.03554454
v 2.70380040 0.19307527 -1.03545278
v 2.76464126 0.00526189 -1.03549911
v 2.82546732 -0.00557890 -1.03538529
v 2.88646571 -0.00550546 -1.03548931
v 2.94746850 0.00532252 -1.03547965
v 3.00833830 0.02750534 -1.03546003
v 2.70370304 0.19309444 -0.89486862
v 2.70373426 0.02752189 -1.03541041
v 2.70367812 0.02751674 -0.89476775
v 2.76470546 0.00548492 -0.89491417
v 2.70375513 0.19299569 -0.89495736
v 2.70369579 0.02750229 -0.89501549
v 3.00842086 0.19307144 -0.89502517
v 2.82559011 -0.00544077 -0.89485313
v 2.88646478 -0.00545196 -0.89496971
v 2.94739265 0.00544562 -0.89492474
v 3.00832769 0.02744365 -0.89488937
v 3.00362638 0.06575863 -1.07352802
v 3.00369738 0.06741388 -1.03862225
v 3.00355805 0.06576003 -1.03868002
v 3.00373136 0.06730390 -1.07340484
v 3.00364358 0.06564705 -1.07346024
v 2.99719530 0.06250151 -1.07353087
v 3.00366252 0.06745313 -1.07355535
v 3.00366084 0.06744357 -1.03855494
v 2.99702189 0.06245868 -1.03863661
v 3.00364109 0.06565775 -1.03851649
v 3.00372236 0.06740024 -1.07355554
v 2.99729245 0.06258228 -1.07342285
v 2.99718143 0.06740443 -1.07360947
v 3.00364642 0.06733071 -1.03850394
v 2.99717368 0.06740167 -1.03855787
v 2.99727306 0.06253752 -1.03863727
v 2.99724015 0.06260927 -1.07349742
v 2.99072964 0.06178771 -1.07350389
v 2.99712572 0.06744844 -1.07359604
v 2.99725449 0.06733579 -1.03843200
v 2.99088972 0.06167410 -1.03856890
v 2.99721844 0.06261924 -1.03860565
v 2.99731110 0.06742790 -1.07345793
v 2.98433640 0.06154145 -1.07350573
v 2.98442255 0.06756355 -1.07352745
v 2.99076662 0.06166987 -1.07341090
v 2.99076476 0.06169312 -1.03851247
v 2.98431489 0.06731659 -1.03847544
v 2.98435939 0.06177392 -1.03872817
v 2.99727316 0.06742606 -1.03860751
v 2.98447317 0.06171022 -1.07335603
v 2.97792643 0.06263254 -1.07346411
v 2.98437742 0.06740014 -1.07357094
v 2.98435364 0.06732612 -1.03858822
v 2.97795816 0.06261996 -1.03854081
v 2.98437144 0.06160027 -1.03853359
v 2.98449147 0.06733143 -1.07359141
v 2.97787304 0.06265004 -1.07356263
v 2.97788946 0.06749734 -1.07360111
v 2.98439576 0.06744495 -1.03856576
v 2.97788261 0.06740553 -1.03860289
v 2.97787115 0.06249008 -1.03861860
v 2.97790484 0.06255546 -1.07350724
v 2.97159797 0.06564351 -1.07353122
v 2.97790894 0.06734419 -1.07359659
v 2.97797395 0.06746726 -1.03849874
v 2.97152767 0.06567325 -1.03858472
v 2.97781447 0.06253747 -1.03850213
v 2.97792554 0.06735514 -1.07359658
v 2.97152114 0.06563094 -1.07346455
v 2.97142026 0.06737330 -1.07352367
v 2.97802953 0.06753565 -1.03860725
v 2.97149708 0.06739862 -1.03856796
v 2.97151319 0.06560972 -1.03852809
v 2.97148226 0.06733614 -1.03861241
v 2.97158228 0.06568450 -1.07358448
v 2.97152351 0.06560872 -1.03853284
v 2.97150014 0.06744278 -1.07337800
v 2.97886630 0.07407098 -1.09570292
v 2.97890597 0.08950195 -1.09580457
v 2.97568195 0.08187057 -1.09583553
v 2.98658505 0.07092883 -1.09567278
v 2.98657173 0.09275401 -1.09565088
v 2.99422995 0.07418716 -1.09565517
v 2.99421735 0.08964406 -1.09565247
v 2.99750098 0.08180282 -1.09581340
v 2.99436654 0.07412357 -1.10316680
v 2.98655662 0.07102854 -1.09569817
v 2.98658572 0.07102681 -1.10317102
v 2.99422348 0.07425893 -1.09574137
v 2.99424055 0.07415214 -1.10317197
v 2.99747313 0.08188386 -1.09573927
v 2.99426341 0.07425143 -1.09563762
v 2.99736266 0.08176256 -1.10325014
v 2.99749305 0.08180063 -1.10328338
v 2.99418133 0.08956890 -1.09576438
v 2.99748887 0.08182170 -1.09582330
v 2.99419601 0.08953287 -1.10326214
v 2.98658397 0.09269651 -1.10322886
v 2.99430503 0.08946838 -1.09568565
v 2.99434451 0.08966834 -1.10312654
v 2.98656192 0.09274822 -1.09580298
v 2.97886462 0.08949103 -1.09579584
v 2.98662498 0.09276985 -1.10321648
v 2.97889325 0.08944998 -1.10327820
v 2.98669680 0.09275576 -1.09581987
v 2.97891260 0.08950103 -1.09573645
v 2.97565364 0.08188313 -1.10316007
v 2.97558684 0.08184811 -1.09578635
v 2.97903107 0.08962822 -1.10318953
v 2.97560748 0.08186264 -1.09568743
v 2.97883149 0.07415115 -1.10321449
v 2.97887499 0.07413811 -1.09569588
v 2.97574819 0.08186609 -1.10319198
v 2.98656382 0.07095157 -1.09586752
v 2.97894963 0.07412062 -1.10312743
v 2.98663247 0.07100471 -1.10325483
v 2.97889818 0.07414752 -1.09580623
v 2.99169978 0.07668144 -1.11184003
v 2.98653015 0.07093096 -1.10315367
v 2.98652784 0.07450350 -1.11179378
v 2.99425221 0.07417760 -1.10317627
v 2.99181388 0.07668374 -1.11198239
v 2.99750260 0.08187364 -1.10318929
v 2.99422627 0.07421472 -1.10327094
v 2.99388774 0.08188345 -1.11187572
v 2.99401371 0.08180375 -1.11182082
v 2.99431519 0.08947971 -1.10322914
v 2.99755442 0.08177515 -1.10309697
v 2.99186826 0.08711678 -1.11182499
v 2.98654726 0.08926580 -1.11186589
v 2.99423463 0.08959519 -1.10305196
v 2.99189385 0.08714482 -1.11185302
v 2.98654884 0.09275170 -1.10325885
v 2.97889021 0.08955626 -1.10325744
v 2.98664581 0.08925816 -1.11179872
v 2.98134282 0.08705642 -1.11182937
v 2.98658519 0.09269472 -1.10317302
v 2.97891608 0.08953305 -1.10317774
v 2.97923214 0.08191273 -1.11183898
v 2.97567860 0.08189440 -1.10312642
v 2.98137186 0.08703085 -1.11193344
v 2.97575521 0.08173301 -1.10306347
v 2.98137840 0.07654847 -1.11181551
v 2.97882714 0.07416810 -1.10316924
v 2.97927529 0.08190273 -1.11186211
v 2.98653092 0.07099780 -1.10331229
v 2.98132150 0.07659494 -1.11187459
v 2.98661574 0.07450690 -1.11177617
v 2.97899266 0.07416467 -1.10318427
v 2.99175083 0.07663378 -1.11689459
v 2.98660993 0.07444650 -1.11189836
v 2.98653802 0.07449010 -1.11689080
v 2.99184016 0.07661377 -1.11182101
v 2.99173323 0.07667975 -1.11697303
v 2.99386687 0.08179539 -1.11177065
v 2.99180145 0.07662730 -1.11186460
v 2.99388204 0.08184782 -1.11692124
v 2.99391009 0.08190750 -1.11697706
v 2.99184339 0.08715341 -1.11185075
v 2.99390624 0.08186958 -1.11191308
v 2.99174412 0.08710969 -1.11698570
v 2.98656728 0.08928228 -1.11690120
v 2.99167408 0.08723597 -1.11174510
v 2.99179216 0.08703040 -1.11687184
v 2.98671618 0.08928035 -1.11188376
v 2.98136421 0.08708737 -1.11199293
v 2.98654695 0.08922459 -1.11687715
v 2.98133706 0.08703060 -1.11688847
v 2.98654536 0.08919421 -1.11180910
v 2.98139833 0.08699048 -1.11188388
v 2.97924200 0.08184781 -1.11688114
v 2.97918866 0.08179934 -1.11184919
v 2.98125719 0.08701328 -1.11690306
v 2.97923418 0.08186949 -1.11177622
v 2.98140379 0.07671489 -1.11695010
v 2.98130780 0.07656536 -1.11182541
v 2.97914320 0.08193365 -1.11693532
v 2.98651582 0.07450592 -1.11179630
v 2.98125551 0.07662885 -1.11682570
v 2.98655490 0.07448174 -1.11688551
v 2.98135288 0.07669439 -1.11185957
v 2.98134660 0.08704100 -1.11694181
v 2.98121011 0.07655848 -1.11699667
v 2.97918795 0.08181147 -1.11687514
v 2.98656695 0.08922491 -1.11693753
v 2.98667481 0.07447723 -1.11687270
v 2.99178513 0.08708342 -1.11684495
v 2.99193262 0.07658511 -1.11691381
v 2.99389488 0.08190787 -1.11695200
v 2.94119422 0.07412977 -1.09558970
v 2.94113362 0.08952414 -1.09573422
v 2.93782487 0.08175462 -1.09574084
v 2.94881837 0.07097073 -1.09570142
v 2.94878886 0.09263615 -1.09583206
v 2.95641864 0.07404829 -1.09564446
v 2.95645247 0.08956214 -1.09570027
v 2.95970382 0.08192500 -1.09566478
v 2.95649537 0.07419843 -1.10321619
v 2.94874185 0.07102890 -1.09568107
v 2.94865676 0.07099039 -1.10315945
v 2.95644145 0.07409357 -1.09563603
v 2.95639252 0.07433523 -1.10325030
v 2.95961656 0.08192432 -1.09568200
v 2.95647724 0.07419687 -1.09561975
v 2.95963297 0.08184706 -1.10311847
v 2.95976510 0.08184314 -1.10319313
v 2.95643507 0.08950319 -1.09579737
v 2.95959178 0.08180094 -1.09567273
v 2.95650531 0.08953005 -1.10327664
v 2.94881455 0.09264884 -1.10317147
v 2.95649763 0.08946046 -1.09574356
v 2.95650348 0.08961813 -1.10321459
v 2.94873162 0.09265920 -1.09579282
v 2.94114540 0.08946343 -1.09575955
v 2.94880546 0.09264173 -1.10319904
v 2.94108720 0.08954004 -1.10320078
v 2.94881343 0.09277044 -1.09568694
v 2.94107612 0.08952810 -1.09571945
v 2.93795811 0.08179510 -1.10319353
v 2.93795052 0.08197130 -1.09569851
v 2.94104357 0.08958188 -1.10308660
v 2.93782947 0.08181917 -1.09582914
v 2.94110911 0.07420157 -1.10315706
v 2.94111774 0.07412499 -1.09563204
v 2.93791798 0.08191057 -1.10310281
v 2.94879647 0.07090347 -1.09567618
v 2.94111964 0.07421595 -1.10319937
v 2.94869834 0.07095633 -1.10316471
v 2.94107214 0.07415431 -1.09580597
v 2.95654621 0.07420557 -1.10325628
v 2.94877468 0.07101175 -1.10315636
v 2.94872395 0.07449512 -1.11183430
v 2.95392655 0.07660138 -1.11188428
v 2.95960024 0.08183095 -1.10316019
v 2.95641975 0.07404992 -1.10307499
v 2.95615395 0.08172574 -1.11183267
v 2.95611373 0.08185533 -1.11187265
v 2.95640128 0.08949904 -1.10317139
v 2.95968143 0.08181059 -1.10319485
v 2.95401417 0.08715144 -1.11182471
v 2.94873191 0.09273391 -1.10310211
v 2.95639247 0.08961673 -1.10322703
v 2.95393936 0.08705224 -1.11190943
v 2.94109423 0.08948387 -1.10316431
v 2.94890162 0.08920323 -1.11182047
v 2.94352169 0.08715299 -1.11192168
v 2.94880269 0.09276680 -1.10323598
v 2.94099457 0.08954784 -1.10313101
v 2.94137473 0.08189518 -1.11181842
v 2.93799127 0.08180998 -1.10325162
v 2.94357874 0.08708180 -1.11189091
v 2.93782137 0.08190497 -1.10320932
v 2.94352853 0.07667743 -1.11178139
v 2.94110454 0.07416344 -1.10324108
v 2.94133249 0.08180374 -1.11183323
v 2.94881195 0.07097249 -1.10313114
v 2.94368645 0.07659682 -1.11178984
v 2.94874142 0.07442459 -1.11184282
v 2.94114052 0.07411587 -1.10320723
v 2.95655799 0.07419099 -1.10314852
v 2.94878276 0.07451399 -1.11182807
v 2.95402045 0.07667342 -1.11182171
v 2.95391671 0.07661617 -1.11685640
v 2.95611198 0.08186266 -1.11196044
v 2.95404303 0.07668007 -1.11191638
v 2.95618295 0.08191252 -1.11700873
v 2.95625141 0.08173565 -1.11685193
v 2.95390200 0.08710529 -1.11187751
v 2.95610926 0.08191865 -1.11181633
v 2.95393755 0.08712294 -1.11697724
v 2.94877010 0.09276263 -1.10323308
v 2.95411555 0.08703240 -1.11183388
v 2.94881581 0.08923490 -1.11187502
v 2.94355400 0.08710047 -1.11188324
v 2.94882484 0.08920549 -1.11685775
v 2.94354512 0.08699276 -1.11691208
v 2.94871790 0.08913510 -1.11187187
v 2.94361659 0.08706592 -1.11185961
v 2.94141072 0.08191208 -1.11681258
v 2.94143667 0.08194130 -1.11181379
v 2.94358433 0.08708075 -1.11692555
v 2.94140836 0.08187276 -1.11193620
v 2.94361794 0.07659983 -1.11684543
v 2.94358348 0.07662858 -1.11193696
v 2.94137947 0.08186382 -1.11693735
v 2.94871819 0.07445692 -1.11180289
v 2.94357719 0.07672086 -1.11689260
v 2.94867854 0.07452632 -1.11690580
v 2.94364647 0.07662517 -1.11171330
v 2.95408792 0.07653104 -1.11687992
v 2.94878373 0.07443034 -1.11193416
v 2.94875740 0.07446981 -1.11692017
v 2.95398978 0.07658870 -1.11196007
v 2.94368604 0.08697105 -1.11689919
v 2.94364546 0.07661951 -1.11690354
v 2.94139019 0.08194537 -1.11695993
v 2.94878080 0.08924967 -1.11680475
v 2.94885168 0.07439473 -1.11691678
v 2.95405935 0.08710978 -1.11696427
v 2.95403665 0.07658276 -1.11698279
v 2.95604655 0.08180125 -1.11709873
v 2.94868257 0.08933226 -1.11694186
v 2.95404214 0.08695774 -1.11186984
v 2.95400159 0.08705388 -1.11690287
v 2.94878570 0.08918620 -1.11190685
v 2.96588380 0.06563921 -1.07362125
v 2.95948515 0.06256696 -1.07351326
v 2.96593761 0.06750710 -1.07352054
v 2.96585536 0.06740803 -1.07357859
v 2.96597310 0.06571667 -1.07353075
v 2.96583105 0.06734143 -1.03852962
v 2.96583158 0.06565730 -1.03862185
v 2.96592325 0.06747884 -1.07351791
v 2.95937633 0.06731435 -1.07354678
v 2.96586889 0.06729138 -1.03862117
v 2.95959881 0.06255971 -1.03858015
v 2.96585114 0.06575892 -1.03852270
v 2.95952379 0.06255309 -1.07347794
v 2.95298167 0.06161295 -1.07348463
v 2.95951573 0.06738886 -1.07346676
v 2.96584511 0.06731857 -1.03866995
v 2.95937641 0.06750107 -1.03850315
v 2.95961439 0.06250044 -1.03854340
v 2.95951220 0.06743722 -1.07352912
v 2.94656233 0.06159630 -1.07341746
v 2.94671431 0.06731701 -1.07354750
v 2.95305921 0.06166085 -1.07345266
v 2.95938463 0.06729938 -1.03867307
v 2.95310052 0.06162955 -1.03855286
v 2.95956213 0.06264202 -1.03846705
v 2.94652020 0.06153930 -1.07356140
v 2.94011895 0.06256317 -1.07354533
v 2.94659990 0.06747183 -1.07361789
v 2.95302037 0.06171196 -1.03853840
v 2.94656666 0.06745383 -1.03854377
v 2.94656437 0.06164248 -1.03857345
v 2.95946671 0.06743955 -1.03860615
v 2.94664387 0.06730118 -1.07358678
v 2.94022866 0.06256006 -1.07347539
v 2.94015283 0.06737866 -1.07360559
v 2.94662433 0.06741780 -1.03864333
v 2.94010428 0.06251137 -1.03857426
v 2.94653961 0.06160471 -1.03873067
v 2.94017245 0.06263804 -1.07361979
v 2.93384221 0.06570936 -1.07348097
v 2.94006431 0.06733974 -1.07350930
v 2.94650011 0.06741436 -1.03856070
v 2.94016289 0.06732945 -1.03852451
v 2.94016563 0.06259705 -1.03855735
v 2.94025208 0.06746079 -1.07361235
v 2.93370159 0.06557336 -1.07351037
v 2.93374807 0.06744921 -1.07348238
v 2.94012737 0.06729690 -1.03849166
v 2.93380551 0.06575594 -1.03856775
v 2.94021471 0.06251169 -1.03864944
v 2.93370450 0.06735396 -1.03860548
v 2.93370803 0.06565108 -1.07351092
v 2.93367828 0.06561787 -1.03860468
v 2.93384412 0.06738033 -1.07345212
v 2.94002343 0.06745551 -1.03848905
v 2.93376038 0.06735476 -1.03856093
v 2.93366591 0.06568164 -1.03862062
v 2.71880951 0.03330138 -1.23184916
v 2.82560964 0.01679237 -1.21274810
v 2.82558514 0.01683132 -1.23191240
v 2.71879363 0.03321049 -1.21283616
v 2.71874827 0.03324134 -1.23174618
v 2.70379156 0.17313134 -1.21287624
v 2.71877626 0.03329614 -1.21287355
v 2.70380101 0.17319403 -1.23190414
v 2.70366492 0.02750876 -1.21285070
v 2.71879051 0.03319809 -1.21281101
v 2.70374950 0.17320360 -1.21287886
v 2.76473185 0.00537828 -1.21290320
v 2.82548241 0.01677284 -1.21280997
v 2.82558837 -0.00551149 -1.21280363
v 2.88653572 -0.00546041 -1.21279646
v 2.88637836 0.01670088 -1.21290107
v 2.94737243 0.00541103 -1.21284473
v 2.99322902 0.03328440 -1.21288707
v 3.00841746 0.02763897 -1.21276786
v 3.00838263 0.17311422 -1.21287711
v 2.88652691 0.01686370 -1.23185117
v 2.88656626 0.01676633 -1.21273660
v 2.71877500 0.03320319 -1.23184291
v 2.70371258 0.02747250 -1.23195180
v 2.70376755 0.17315115 -1.23186218
v 2.76463074 0.00533663 -1.23187412
v 2.82555332 0.01676107 -1.23185231
v 2.82552663 -0.00544448 -1.23187513
v 2.88641215 0.01686416 -1.23188956
v 2.88650705 -0.00539181 -1.23191145
v 2.99315729 0.03324493 -1.23193135
v 2.94737389 0.00546927 -1.23183035
v 3.00835539 0.02736883 -1.23192710
v 3.00844023 0.17319959 -1.23179944
v 2.70379999 0.17313390 -1.21280108
v 2.70379404 0.02756831 -1.23178282
v 2.70363394 0.02752478 -1.21277774
v 2.70383164 0.17315249 -1.23191619
v 3.00824880 0.02744419 -1.23188673
v 2.94748730 0.00534082 -1.21269052
v 2.94741282 0.00549183 -1.23191698
v 3.00828649 0.02745236 -1.21271939
v 3.00828007 0.02747987 -1.23182760
v 3.00825702 0.17322230 -1.21272955
v 3.00835046 0.02753591 -1.21289213
v 3.00839073 0.17315047 -1.23185160
v 3.00843439 0.17322145 -1.21279832
v 2.99322887 0.03331581 -1.23191714
v 2.99312661 0.03331213 -1.21276678
v 3.00835493 0.17316038 -1.23182913
v 2.99313376 0.03324665 -1.23177163
v 2.99328778 0.03328976 -1.21282392
v 2.76468321 0.00548922 -1.21276913
v 2.76449764 0.00544869 -1.21284517
v 2.70377694 0.02754084 -1.23186383
v 2.76462109 0.00533806 -1.23186459
v 2.76470266 0.00533814 -1.23191715
v 2.70379987 0.02750054 -1.21289056
v 2.82552421 -0.00547580 -1.21273743
v 2.82547514 -0.00534236 -1.23190478
v 2.88646434 -0.00553906 -1.21283331
v 2.88649323 -0.00545036 -1.23192026
v 2.92797447 0.06570841 -1.07352822
v 2.92786974 0.06731530 -1.03857300
v 2.92798457 0.06558975 -1.03845824
v 2.92806468 0.06744016 -1.07355305
v 2.92807110 0.06568138 -1.07349293
v 2.92156701 0.06261902 -1.07347568
v 2.92801717 0.06740198 -1.07353058
v 2.92798974 0.06741140 -1.03859812
v 2.92152866 0.06259072 -1.03857652
v 2.92801864 0.06558311 -1.03857112
v 2.92804337 0.06726746 -1.07340689
v 2.92165057 0.06253432 -1.07340621
v 2.92159589 0.06732964 -1.07353363
v 2.92804034 0.06742351 -1.03861563
v 2.92150647 0.06733404 -1.03843434
v 2.92165950 0.06254791 -1.03857628
v 2.92153695 0.06260825 -1.07359331
v 2.91521334 0.06167128 -1.07353490
v 2.92156426 0.06740298 -1.07351876
v 2.92169950 0.06740598 -1.03836740
v 2.91504445 0.06153631 -1.03855454
v 2.92156541 0.06256113 -1.03857811
v 2.92154171 0.06740604 -1.07338393
v 2.90881784 0.06164609 -1.07355227
v 2.90871595 0.06723489 -1.07348202
v 2.91513662 0.06151503 -1.07346717
v 2.91510722 0.06160471 -1.03850699
v 2.90873830 0.06741460 -1.03850933
v 2.90867251 0.06157772 -1.03857517
v 2.92165910 0.06736504 -1.03851335
v 2.90872239 0.06162938 -1.07353629
v 2.90222004 0.06254735 -1.07357519
v 2.90872088 0.06748563 -1.07339921
v 2.90873020 0.06741434 -1.03849890
v 2.90222461 0.06251639 -1.03862594
v 2.90868112 0.06155053 -1.03862784
v 2.90868351 0.06743611 -1.07360801
v 2.90221842 0.06249921 -1.07351131
v 2.90232482 0.06741084 -1.07344193
v 2.90877601 0.06715303 -1.03860641
v 2.90220325 0.06733214 -1.03857164
v 2.90233818 0.06251201 -1.03860521
v 2.90237882 0.06261741 -1.07361379
v 2.89583686 0.06568312 -1.07351454
v 2.90238100 0.06736263 -1.07352934
v 2.90229016 0.06739029 -1.03853756
v 2.89578257 0.06570692 -1.03856298
v 2.90232925 0.06250858 -1.03859335
v 2.90222969 0.06735026 -1.07349843
v 2.89585612 0.06575020 -1.07356571
v 2.89581879 0.06731029 -1.07358914
v 2.90231274 0.06734589 -1.03856507
v 2.89576969 0.06747205 -1.03863810
v 2.89583242 0.06571327 -1.03856666
v 2.89584194 0.06739922 -1.03855628
v 2.89584622 0.06576724 -1.07359068
v 2.89588837 0.06568637 -1.03873003
v 2.89593789 0.06739868 -1.07347948
v 2.90320217 0.07412933 -1.09568775
v 2.90316643 0.08962440 -1.09574112
v 2.90002864 0.08183819 -1.09563862
v 2.91079221 0.07091607 -1.09563443
v 2.91097524 0.09268877 -1.09583875
v 2.91867131 0.07416524 -1.09564392
v 2.91857783 0.08953790 -1.09575948
v 2.92178715 0.08185684 -1.09585703
v 2.91860131 0.07410290 -1.10319528
v 2.91091350 0.07100928 -1.09581137
v 2.91104337 0.07101280 -1.10319821
v 2.91857686 0.07413544 -1.09573329
v 2.91855227 0.07414293 -1.10320938
v 2.92183754 0.08187421 -1.09570293
v 2.91861046 0.07409691 -1.09592777
v 2.92180781 0.08174976 -1.10320838
v 2.92181479 0.08177075 -1.10318384
v 2.91864958 0.08952877 -1.09573363
v 2.92182204 0.08180648 -1.09576796
v 2.91862802 0.08956666 -1.10324684
v 2.91091179 0.09266842 -1.10314620
v 2.91860522 0.08967275 -1.09584246
v 2.91855559 0.08951084 -1.10322972
v 2.91089178 0.09275764 -1.09589781
v 2.90321093 0.08961755 -1.09576602
v 2.91077079 0.09269460 -1.10324395
v 2.90320335 0.08957881 -1.10323246
v 2.91092647 0.09273030 -1.09568206
v 2.90318740 0.08951696 -1.09573951
v 2.89999676 0.08180511 -1.10323934
v 2.90003186 0.08182282 -1.09559859
v 2.90320618 0.08943805 -1.10318882
v 2.90007259 0.08181735 -1.09564953
v 2.90329808 0.07402877 -1.10311285
v 2.90318838 0.07412101 -1.09580313
v 2.90006193 0.08186132 -1.10325864
v 2.91091235 0.07097283 -1.09581551
v 2.90322274 0.07424648 -1.10310510
v 2.91094149 0.07098336 -1.10319504
v 2.90319631 0.07419200 -1.09574194
v 2.91615854 0.07666561 -1.11194077
v 2.91088485 0.07093371 -1.10318146
v 2.91093937 0.07451462 -1.11179201
v 2.91858063 0.07416231 -1.10318085
v 2.91613745 0.07662530 -1.11188843
v 2.92183609 0.08172800 -1.10327877
v 2.91855353 0.07418490 -1.10321704
v 2.91838520 0.08186319 -1.11186254
v 2.91825010 0.08193124 -1.11186331
v 2.91849890 0.08951069 -1.10317782
v 2.92178532 0.08185698 -1.10319858
v 2.91602089 0.08707566 -1.11184563
v 2.91089949 0.08914755 -1.11178586
v 2.91856568 0.08948426 -1.10314989
v 2.91609083 0.08706025 -1.11185552
v 2.91092850 0.09284003 -1.10321301
v 2.90330037 0.08951373 -1.10331309
v 2.91093852 0.08914679 -1.11183600
v 2.90566548 0.08701768 -1.11197853
v 2.91091914 0.09273862 -1.10320267
v 2.90329792 0.08944027 -1.10314384
v 2.90363317 0.08183188 -1.11178281
v 2.90012201 0.08186575 -1.10318484
v 2.90572262 0.08700583 -1.11183769
v 2.90003018 0.08188830 -1.10326956
v 2.90578403 0.07646579 -1.11184417
v 2.90316798 0.07417982 -1.10322872
v 2.90352588 0.08185908 -1.11186904
v 2.91091293 0.07101778 -1.10315410
v 2.90575678 0.07667284 -1.11189339
v 2.91084388 0.07449529 -1.11185078
v 2.90326960 0.07420305 -1.10334849
v 2.91619170 0.07664897 -1.11685797
v 2.91087376 0.07456674 -1.11193082
v 2.91093137 0.07447074 -1.11698111
v 2.91608711 0.07670215 -1.11181137
v 2.91608174 0.07663004 -1.11684928
v 2.91835112 0.08172349 -1.11191696
v 2.91600934 0.07663104 -1.11177172
v 2.91827145 0.08182550 -1.11689742
v 2.91828070 0.08181177 -1.11696350
v 2.91608074 0.08713833 -1.11195257
v 2.91831587 0.08194483 -1.11186295
v 2.91607439 0.08709898 -1.11697210
v 2.91099615 0.08913893 -1.11688220
v 2.91615290 0.08704469 -1.11186320
v 2.91607445 0.08703722 -1.11704377
v 2.91086656 0.08925129 -1.11185252
v 2.90575458 0.08717303 -1.11183660
v 2.91091841 0.08926349 -1.11685543
v 2.90573774 0.08697708 -1.11694918
v 2.91093308 0.08918920 -1.11183382
v 2.90566085 0.08707101 -1.11186014
v 2.90357561 0.08187196 -1.11684460
v 2.90354439 0.08182610 -1.11180062
v 2.90567211 0.08710577 -1.11686928
v 2.90359356 0.08188395 -1.11173395
v 2.90567862 0.07664870 -1.11682132
v 2.90566078 0.07658759 -1.11188776
v 2.90356624 0.08181159 -1.11696312
v 2.91096537 0.07437913 -1.11182791
v 2.90574591 0.07663675 -1.11693415
v 2.91091303 0.07456437 -1.11680041
v 2.90562437 0.07660481 -1.11193548
v 2.90569081 0.08704721 -1.11687939
v 2.90572705 0.07665629 -1.11686108
v 2.90363051 0.08183276 -1.11690688
v 2.91081083 0.08930203 -1.11694255
v 2.91092879 0.07451172 -1.11694904
v 2.91612665 0.08708800 -1.11692366
v 2.91602158 0.07665530 -1.11689822
v 2.91834487 0.08179074 -1.11697620
v 2.81584025 0.06576480 -1.07339937
v 2.81588980 0.06741218 -1.03860577
v 2.81584950 0.06569546 -1.03855423
v 2.81580655 0.06742827 -1.07354844
v 2.81586127 0.06568405 -1.07358398
v 2.80944807 0.06251680 -1.07344757
v 2.81583592 0.06737984 -1.07341722
v 2.81575635 0.06738899 -1.03869473
v 2.80934272 0.06255658 -1.03867165
v 2.81586803 0.06578232 -1.03854652
v 2.81580682 0.06751605 -1.07353248
v 2.80947589 0.06252107 -1.07341120
v 2.80934654 0.06745453 -1.07347639
v 2.81577357 0.06732151 -1.03857367
v 2.80944570 0.06733767 -1.03856268
v 2.80932975 0.06252585 -1.03856757
v 2.80943904 0.06247117 -1.07354528
v 2.80296336 0.06150207 -1.07346257
v 2.80939288 0.06726987 -1.07350198
v 2.80930333 0.06738946 -1.03849138
v 2.80293132 0.06163923 -1.03857072
v 2.80932424 0.06246232 -1.03866688
v 2.80939398 0.06737106 -1.07355087
v 2.79646177 0.06164218 -1.07355907
v 2.79652118 0.06735239 -1.07343911
v 2.80292830 0.06156809 -1.07351798
v 2.80288008 0.06162790 -1.03865338
v 2.79651685 0.06736479 -1.03862312
v 2.79649561 0.06172380 -1.03866755
v 2.80931911 0.06730992 -1.03851471
v 2.79647043 0.06158959 -1.07344917
v 2.79004282 0.06263791 -1.07353336
v 2.79654063 0.06743910 -1.07348342
v 2.79653366 0.06724925 -1.03855458
v 2.79007496 0.06260199 -1.03851624
v 2.79639784 0.06157791 -1.03855446
v 2.79661522 0.06733304 -1.07351509
v 2.79000586 0.06254809 -1.07352366
v 2.79009013 0.06735989 -1.07348765
v 2.79647507 0.06746780 -1.03850202
v 2.79016499 0.06740421 -1.03859872
v 2.79000224 0.06253615 -1.03865237
v 2.79002178 0.06268327 -1.07351910
v 2.78362621 0.06566785 -1.07357514
v 2.79014114 0.06740490 -1.07356663
v 2.79012219 0.06744826 -1.03852747
v 2.78363385 0.06570432 -1.03852199
v 2.79013113 0.06254636 -1.03852359
v 2.79004038 0.06742355 -1.07356122
v 2.78368914 0.06581887 -1.07354334
v 2.78375247 0.06728138 -1.07349456
v 2.79008196 0.06740365 -1.03852475
v 2.78375413 0.06739176 -1.03854623
v 2.78370934 0.06561992 -1.03857154
v 2.78364042 0.06732203 -1.03854400
v 2.78356835 0.06572849 -1.07350159
v 2.78366594 0.06565025 -1.03855733
v 2.78367948 0.06742037 -1.07356855
v 2.77803425 0.06578395 -1.07342291
v 2.77800947 0.06740295 -1.03856947
v 2.77799971 0.06563138 -1.03853501
v 2.77814512 0.06745994 -1.07352077
v 2.77804571 0.06566587 -1.07371189
v 2.77155141 0.06260595 -1.07343372
v 2.77794254 0.06743728 -1.07351123
v 2.77802785 0.06732690 -1.03868603
v 2.77147640 0.06254485 -1.03860079
v 2.77807304 0.06574488 -1.03859288
v 2.77805461 0.06740204 -1.07342076
v 2.77155628 0.06250036 -1.07343448
v 2.77161037 0.06732449 -1.07362890
v 2.77800116 0.06740209 -1.03855544
v 2.77165424 0.06733273 -1.03859653
v 2.77161406 0.06252836 -1.03860419
v 2.77164738 0.06250184 -1.07363147
v 2.76520656 0.06162967 -1.07353083
v 2.77153075 0.06735421 -1.07354296
v 2.77166851 0.06744724 -1.03847020
v 2.76515449 0.06163265 -1.03855421
v 2.77153522 0.06261609 -1.03865612
v 2.77150394 0.06734446 -1.07363327
v 2.75866774 0.06172819 -1.07360853
v 2.75874860 0.06747634 -1.07350885
v 2.76517378 0.06166150 -1.07349259
v 2.76513693 0.06169492 -1.03855878
v 2.75869651 0.06734921 -1.03854917
v 2.75863121 0.06167321 -1.03854823
v 2.77162213 0.06725834 -1.03852919
v 2.75881888 0.06166564 -1.07349132
v 2.75226353 0.06256764 -1.07361138
v 2.75874937 0.06748921 -1.07351245
v 2.75871503 0.06731297 -1.03858319
v 2.75215317 0.06250563 -1.03851483
v 2.75865340 0.06161901 -1.03845947
v 2.75874253 0.06751967 -1.07353617
v 2.75223699 0.06250730 -1.07353575
v 2.75231507 0.06737340 -1.07351219
v 2.75872729 0.06744545 -1.03852521
v 2.75240111 0.06739878 -1.03848687
v 2.75220578 0.06257526 -1.03854701
v 2.75229698 0.06251923 -1.07348842
v 2.74588451 0.06566648 -1.07343260
v 2.75226840 0.06738085 -1.07356779
v 2.75230836 0.06742813 -1.03852399
v 2.74588315 0.06572066 -1.03857342
v 2.75226975 0.06254266 -1.03859591
v 2.75227052 0.06739186 -1.07353418
v 2.74578165 0.06571219 -1.07349364
v 2.74585316 0.06744145 -1.07352340
v 2.75225767 0.06741331 -1.03848374
v 2.74593890 0.06746741 -1.03861765
v 2.74588704 0.06560934 -1.03866731
v 2.74595069 0.06734264 -1.03852465
v 2.74583533 0.06565702 -1.07356166
v 2.74594502 0.06561168 -1.03857025
v 2.74580630 0.06730689 -1.07338292
v 2.79101348 0.07417312 -1.09578722
v 2.79096427 0.08957081 -1.09577350
v 2.78786270 0.08190591 -1.09576270
v 2.79871325 0.07095494 -1.09572155
v 2.79870078 0.09271453 -1.09582615
v 2.80636819 0.07410916 -1.09574913
v 2.80631717 0.08955023 -1.09577054
v 2.80974461 0.08184716 -1.09573626
v 2.80645427 0.07418691 -1.10318446
v 2.79870755 0.07108490 -1.09578554
v 2.79864915 0.07099266 -1.10316208
v 2.80635682 0.07417008 -1.09577007
v 2.80631343 0.07417829 -1.10315253
v 2.80959797 0.08177558 -1.09573361
v 2.80639884 0.07414482 -1.09579797
v 2.80962591 0.08180962 -1.10315139
v 2.80947334 0.08188465 -1.10313855
v 2.80637820 0.08953372 -1.09579791
v 2.80961200 0.08186333 -1.09568962
v 2.80647880 0.08946790 -1.10315325
v 2.79865408 0.09259159 -1.10325460
v 2.80632114 0.08954865 -1.09562139
v 2.80640430 0.08958211 -1.10314529
v 2.79874566 0.09274537 -1.09563154
v 2.79096214 0.08952670 -1.09578552
v 2.79865890 0.09274885 -1.10325494
v 2.79108477 0.08952680 -1.10315566
v 2.79879547 0.09279089 -1.09570664
v 2.79107877 0.08957991 -1.09570418
v 2.78779251 0.08184340 -1.10308547
v 2.78779603 0.08184064 -1.09575559
v 2.79098519 0.08950842 -1.10322312
v 2.78778738 0.08186350 -1.09571918
v 2.79111302 0.07419427 -1.10323617
v 2.79102657 0.07402393 -1.09579951
v 2.78782353 0.08184014 -1.10330050
v 2.79878932 0.07107098 -1.09559666
v 2.79106985 0.07418466 -1.10313895
v 2.79878265 0.07090614 -1.10325010
v 2.79097533 0.07415697 -1.09566690
v 2.80394609 0.07673764 -1.11189387
v 2.79865635 0.07096059 -1.10320090
v 2.79861101 0.07447456 -1.11182545
v 2.80647257 0.07414360 -1.10318881
v 2.80387318 0.07660037 -1.11188091
v 2.80948761 0.08177064 -1.10312683
v 2.80651491 0.07418290 -1.10318150
v 2.80599879 0.08183908 -1.11175409
v 2.80606290 0.08180115 -1.11187268
v 2.80634453 0.08942833 -1.10311389
v 2.80947727 0.08182949 -1.10318929
v 2.80393463 0.08710148 -1.11191723
v 2.79868987 0.08930611 -1.11189843
v 2.80650300 0.08950800 -1.10331844
v 2.80392973 0.08706673 -1.11187281
v 2.79874175 0.09268882 -1.10319400
v 2.79104266 0.08957822 -1.10315272
v 2.79869997 0.08929919 -1.11193106
v 2.79356547 0.08711885 -1.11173288
v 2.79870900 0.09272574 -1.10323433
v 2.79112923 0.08943625 -1.10316004
v 2.79134844 0.08188438 -1.11179004
v 2.78790255 0.08189181 -1.10315850
v 2.79346496 0.08703642 -1.11193186
v 2.78785422 0.08185958 -1.10317028
v 2.79349884 0.07657255 -1.11188126
v 2.79087104 0.07415460 -1.10316838
v 2.79142672 0.08191211 -1.11183278
v 2.79882717 0.07092563 -1.10312983
v 2.79358430 0.07660040 -1.11187189
v 2.79866122 0.07443338 -1.11191050
v 2.79094313 0.07417455 -1.10330622
v 2.80390879 0.07664404 -1.11683574
v 2.79871897 0.07432541 -1.11178539
v 2.79864781 0.07443687 -1.11689332
v 2.80390648 0.07659602 -1.11182567
v 2.80392616 0.07665187 -1.11694136
v 2.80609082 0.08185048 -1.11196244
v 2.80392956 0.07658969 -1.11169651
v 2.80605989 0.08184164 -1.11684761
v 2.80603894 0.08184527 -1.11686139
v 2.80394324 0.08704787 -1.11184324
v 2.80604867 0.08184121 -1.11177175
v 2.80383521 0.08706219 -1.11693863
v 2.79868919 0.08924150 -1.11692586
v 2.80389228 0.08712787 -1.11184507
v 2.80388969 0.08704233 -1.11693977
v 2.79869982 0.08926300 -1.11188453
v 2.79350659 0.08714321 -1.11188605
v 2.79885997 0.08932168 -1.11690411
v 2.79355963 0.08700328 -1.11686666
v 2.79874047 0.08922384 -1.11185128
v 2.79353826 0.08704551 -1.11186510
v 2.79140801 0.08180252 -1.11705138
v 2.79145235 0.08176204 -1.11186489
v 2.79342659 0.08706913 -1.11692738
v 2.79141370 0.08191079 -1.11185987
v 2.79347850 0.07663425 -1.11694392
v 2.79348735 0.07657668 -1.11182825
v 2.79138182 0.08181733 -1.11693345
v 2.79866576 0.07444971 -1.11180192
v 2.79346815 0.07666885 -1.11696211
v 2.79872526 0.07448354 -1.11704201
v 2.79345035 0.07659905 -1.11175937
v 2.79347447 0.08697017 -1.11702929
v 2.79355861 0.07661566 -1.11688212
v 2.79142397 0.08189613 -1.11696716
v 2.79869692 0.08927495 -1.11689682
v 2.79876403 0.07442884 -1.11698644
v 2.80389999 0.08709495 -1.11689876
v 2.80386285 0.07662869 -1.11688921
v 2.80609358 0.08184007 -1.11691178
v 2.74015207 0.06565713 -1.07342909
v 2.74022559 0.06743401 -1.03855891
v 2.74021563 0.06570231 -1.03859628
v 2.74023493 0.06739916 -1.07352400
v 2.74008450 0.06567610 -1.07361339
v 2.73366850 0.06255227 -1.07356763
v 2.74010970 0.06732023 -1.07351541
v 2.74014266 0.06741823 -1.03847162
v 2.73371237 0.06253733 -1.03857226
v 2.74019307 0.06570130 -1.03866911
v 2.74007594 0.06739347 -1.07352987
v 2.73379018 0.06254493 -1.07355889
v 2.73384814 0.06741320 -1.07352939
v 2.74016481 0.06733439 -1.03852064
v 2.73373511 0.06741336 -1.03860737
v 2.73384516 0.06243065 -1.03859036
v 2.73377822 0.06261754 -1.07351090
v 2.72725916 0.06166559 -1.07353335
v 2.73363357 0.06738879 -1.07353945
v 2.73371593 0.06740489 -1.03859247
v 2.72733762 0.06168317 -1.03855496
v 2.73376287 0.06248313 -1.03845376
v 2.73368805 0.06739236 -1.07354800
v 2.72089444 0.06160902 -1.07351108
v 2.72085332 0.06733815 -1.07339049
v 2.72724631 0.06167176 -1.07343896
v 2.72732969 0.06161610 -1.03849498
v 2.72095124 0.06737060 -1.03856047
v 2.72089654 0.06174266 -1.03854488
v 2.73371637 0.06736402 -1.03855431
v 2.72095055 0.06165237 -1.07349104
v 2.71438611 0.06257973 -1.07363997
v 2.72095278 0.06739632 -1.07352242
v 2.72090901 0.06729635 -1.03863660
v 2.71437315 0.06249841 -1.03851995
v 2.72089649 0.06159803 -1.03849560
v 2.72095282 0.06735928 -1.07350734
v 2.71442292 0.06259062 -1.07352332
v 2.71452473 0.06745863 -1.07356403
v 2.72087360 0.06734465 -1.03855552
v 2.71450111 0.06749650 -1.03859698
v 2.71443933 0.06246771 -1.03853848
v 2.71447616 0.06260017 -1.07347442
v 2.70803135 0.06565625 -1.07357170
v 2.71444096 0.06735206 -1.07338847
v 2.71444333 0.06746287 -1.03855489
v 2.70804507 0.06564979 -1.03846088
v 2.71448699 0.06260768 -1.03846047
v 2.71450654 0.06742148 -1.07353249
v 2.70800124 0.06567904 -1.07352076
v 2.70800470 0.06748940 -1.07357132
v 2.71446294 0.06743487 -1.03856684
v 2.70805725 0.06734779 -1.03851519
v 2.70803693 0.06568015 -1.03861175
v 2.70792183 0.06740715 -1.03846596
v 2.70804979 0.06567092 -1.07346970
v 2.70797766 0.06570625 -1.03848394
v 2.70800687 0.06738646 -1.07352903
v 2.87603170 0.10657406 -1.07580088
v 2.86922206 0.09976030 -1.10310921
v 2.85504709 0.10566615 -1.10301080
v 2.87514320 0.08568298 -1.10302108
v 2.87601568 0.10669754 -1.07580348
v 2.87600929 0.10670935 -1.07576590
v 2.88477427 0.08563796 -1.07578713
v 2.88478754 0.08566334 -1.07599298
v 2.86914889 0.09977915 -1.10304986
v 2.84071291 0.09978523 -1.10307944
v 2.84081894 0.07141175 -1.10311135
v 2.83490072 0.08562367 -1.10300247
v 2.84084841 0.08563472 -1.10309634
v 2.84490791 0.09559455 -1.10306975
v 2.85500782 0.10568044 -1.10304651
v 2.85494201 0.09969508 -1.10319624
v 2.86919155 0.09999769 -1.10307119
v 2.86501190 0.09554301 -1.10308291
v 2.86916343 0.08570717 -1.10306024
v 2.84499459 0.07568379 -1.10302168
v 2.85494440 0.06556013 -1.10300160
v 2.85488872 0.07145511 -1.10307081
v 2.86496864 0.07558870 -1.10300098
v 2.86915471 0.07138889 -1.10304843
v 2.87505915 0.08553714 -1.10299829
v 2.85490146 0.11533015 -1.07585413
v 2.87610172 0.10663182 -1.07574441
v 2.85497465 0.10562663 -1.10299512
v 2.87606671 0.10669037 -1.03500567
v 2.88481834 0.08550094 -1.03511360
v 2.86919693 0.07146828 -1.10297312
v 2.88476240 0.08555036 -1.07587119
v 2.88473321 0.08560088 -1.07587974
v 2.87610916 0.06451515 -1.07576576
v 2.87603610 0.06449867 -1.07581150
v 2.87515643 0.08560011 -1.10303276
v 2.82526248 0.08564163 -1.07589643
v 2.82522179 0.08571282 -1.07581059
v 2.84081880 0.07141323 -1.10317097
v 2.83391480 0.06446144 -1.07588795
v 2.83404357 0.06456048 -1.07585970
v 2.83496160 0.08549282 -1.10312529
v 2.83397526 0.10662418 -1.07580141
v 2.83390285 0.10665552 -1.07577363
v 2.83490924 0.08555393 -1.10297925
v 2.82523782 0.08556515 -1.07578334
v 2.82528737 0.08550110 -1.07582723
v 2.84066059 0.09985926 -1.10299772
v 2.85493026 0.11527565 -1.07585321
v 2.85491332 0.10577234 -1.10298075
v 2.84075276 0.09980165 -1.10313678
v 2.86920739 0.07137796 -1.10301901
v 2.85497247 0.05579689 -1.07589242
v 2.85495567 0.05575046 -1.07574930
v 2.85512085 0.06549807 -1.10303181
v 2.87600070 0.06452226 -1.07583548
v 2.87605589 0.06438506 -1.07575850
v 2.85504325 0.05585918 -1.07589381
v 2.85486109 0.05575593 -1.07579115
v 2.84075436 0.07140561 -1.10298241
v 2.85500805 0.06555154 -1.10303620
v 2.83387155 0.06451496 -1.07585011
v 2.83388961 0.06455158 -1.07576237
v 2.87606928 0.10667985 -1.03511735
v 2.85500082 0.11539693 -1.03502347
v 2.83393970 0.06458876 -1.03509319
v 2.83390749 0.10666005 -1.03490051
v 2.82518069 0.08555009 -1.03492821
v 2.83407520 0.08550425 -1.03501588
v 2.84023951 0.07067851 -1.03503999
v 2.85491455 0.05577499 -1.03510502
v 2.85489319 0.06462390 -1.03502202
v 2.87601999 0.06450811 -1.03511181
v 2.86980060 0.07070590 -1.03497489
v 2.87605525 0.08546795 -1.03505489
v 2.84011518 0.10050809 -1.03503960
v 2.85493450 0.11532657 -1.03508579
v 2.85494068 0.10652040 -1.03502043
v 2.86983258 0.10039434 -1.03499492
v 2.87601514 0.10662702 -1.03510882
v 2.88483431 0.08559137 -1.03497924
v 2.88485288 0.08551958 -1.03500934
v 2.87601684 0.06449803 -1.03505983
v 2.82527341 0.08557287 -1.03510166
v 2.83393931 0.06461587 -1.03502065
v 2.83399937 0.10658539 -1.03497647
v 2.82536194 0.08560231 -1.03511135
v 2.85500992 0.11534106 -1.07581570
v 2.84082434 0.09976808 -1.10305658
v 2.83386700 0.10670320 -1.07582514
v 2.85506615 0.05568325 -1.03501508
v 2.87600967 0.06451869 -1.03493742
v 2.85507296 0.05580115 -1.03508475
v 2.83395190 0.06452158 -1.03503954
v 2.83388492 0.10671364 -1.03508188
v 2.85493491 0.11538691 -1.03508849
v 2.75570531 0.08694427 -1.11692035
v 2.75569070 0.07665180 -1.11685581
v 2.75365815 0.08189225 -1.11683297
v 2.76095142 0.08920232 -1.11693390
v 2.76091138 0.07449910 -1.11690871
v 2.76623648 0.08700664 -1.11687767
v 2.76608175 0.07654740 -1.11693213
v 2.76826912 0.08184001 -1.11684714
v 2.76832113 0.08180110 -1.11683790
v 2.76621717 0.08709669 -1.11197477
v 2.76836369 0.08184787 -1.11177629
v 2.76613260 0.08706477 -1.11693350
v 2.76606293 0.07658480 -1.11688932
v 2.76829626 0.08187324 -1.11182919
v 2.76608145 0.07678609 -1.11185688
v 2.76824445 0.08183784 -1.11691611
v 2.76617579 0.07655098 -1.11683038
v 2.76082445 0.07450337 -1.11188999
v 2.76096277 0.07452168 -1.11680567
v 2.76620191 0.07657634 -1.11187022
v 2.76109335 0.07446662 -1.11176701
v 2.75573381 0.07668743 -1.11697577
v 2.76081796 0.07436159 -1.11696129
v 2.75578216 0.07667386 -1.11181610
v 2.75349768 0.08194091 -1.11176892
v 2.75569935 0.07675381 -1.11695332
v 2.75570584 0.07670996 -1.11187667
v 2.75353477 0.08189381 -1.11697388
v 2.75570855 0.08699283 -1.11188887
v 2.75353092 0.08194555 -1.11693506
v 2.75344952 0.08174423 -1.11199123
v 2.75570974 0.08701232 -1.11697242
v 2.75576169 0.08707181 -1.11180735
v 2.76096761 0.08926011 -1.11697736
v 2.75562464 0.08706624 -1.11686382
v 2.76088467 0.08923569 -1.11190318
v 2.76091762 0.08913662 -1.11693502
v 2.76604053 0.08706926 -1.11182556
v 2.76607784 0.08703011 -1.11685113
v 2.76103451 0.08919299 -1.11203347
v 2.76854514 0.08938240 -1.10328836
v 2.76823821 0.08197635 -1.11193537
v 2.76617270 0.08710485 -1.11189018
v 2.76831480 0.08188515 -1.11177025
v 2.77172023 0.08178329 -1.10324626
v 2.76615780 0.07676819 -1.11190888
v 2.76864491 0.07415970 -1.10328285
v 2.76100273 0.07458029 -1.11189879
v 2.76613314 0.07660474 -1.11179743
v 2.76100871 0.07098553 -1.10315972
v 2.75575190 0.07668866 -1.11180787
v 2.76089013 0.07448560 -1.11177585
v 2.75329463 0.07412187 -1.10320692
v 2.75007676 0.08185428 -1.10320259
v 2.75577063 0.07667606 -1.11185651
v 2.75324795 0.07424942 -1.10318683
v 2.75357174 0.08183811 -1.11187736
v 2.75325864 0.08946369 -1.10314952
v 2.75357507 0.08192491 -1.11188282
v 2.75017196 0.08182256 -1.10322583
v 2.75572623 0.08711899 -1.11188158
v 2.75328795 0.08950233 -1.10316965
v 2.76088672 0.08921334 -1.11178986
v 2.75570457 0.08705252 -1.11194488
v 2.76080764 0.09269191 -1.10316475
v 2.76089018 0.09278986 -1.10317604
v 2.76612074 0.08711486 -1.11190621
v 2.76090501 0.08914589 -1.11187445
v 2.76089489 0.09272284 -1.10323743
v 2.76861899 0.08945928 -1.10313889
v 2.76609863 0.08711950 -1.11180656
v 2.76856827 0.08949436 -1.10327762
v 2.77173367 0.08194034 -1.10317776
v 2.76835032 0.08187352 -1.11171147
v 2.77187899 0.08186358 -1.10310189
v 2.76858009 0.07421212 -1.10313023
v 2.76606690 0.07657153 -1.11185419
v 2.76866761 0.07424945 -1.10323127
v 2.76093282 0.07102084 -1.10320312
v 2.76088046 0.07438801 -1.11199449
v 2.76093041 0.07098189 -1.09578280
v 2.75332094 0.07416193 -1.10319028
v 2.76096532 0.07097185 -1.10321087
v 2.75319265 0.07419554 -1.09578106
v 2.75007068 0.08190055 -1.09573197
v 2.75328277 0.07422273 -1.10323113
v 2.75330383 0.07413033 -1.09573751
v 2.75013482 0.08184998 -1.10316279
v 2.75324617 0.08958157 -1.09568085
v 2.75017471 0.08187215 -1.10314422
v 2.75024956 0.08184701 -1.09579623
v 2.75327122 0.08953281 -1.10320509
v 2.75326842 0.08958382 -1.09576186
v 2.76089812 0.09264173 -1.10311833
v 2.75336567 0.08945642 -1.10336851
v 2.76088649 0.09272066 -1.09569961
v 2.76099826 0.09263758 -1.10324488
v 2.76853859 0.08953293 -1.09571042
v 2.76869642 0.08956843 -1.10318670
v 2.76095017 0.09270364 -1.09572338
v 2.77167993 0.08187112 -1.10321133
v 2.76866493 0.08959440 -1.09579789
v 2.77168279 0.08183674 -1.09575680
v 2.76857028 0.08950979 -1.10322497
v 2.76867978 0.07413101 -1.10321158
v 2.77174490 0.08186954 -1.09580149
v 2.76858028 0.07418571 -1.09580732
v 2.77176207 0.08181887 -1.10323176
v 2.76851288 0.07413660 -1.10315322
v 2.76099843 0.07103689 -1.09570040
v 2.76092287 0.07091174 -1.10314002
v 2.76853952 0.07413263 -1.09574237
v 2.75318933 0.07415014 -1.09566579
v 2.75321116 0.08951819 -1.09573566
v 2.75014571 0.08187567 -1.09575844
v 2.76097781 0.07101758 -1.09579167
v 2.76087222 0.09264804 -1.09579066
v 2.76867922 0.07417362 -1.09574096
v 2.76861309 0.08951854 -1.09573108
v 2.77184244 0.08196095 -1.09573595
vt 0.73958939 1.26036096
vt 0.73960221 1.73982024
vt 0.83890003 1.50000000
vt 0.50000000 1.16110003
vt 0.50001812 1.83908105
vt 0.26041591 1.26036096
vt 0.26042870 1.73982024
vt 0.16110000 1.50000000
vt 0.50000000 1.99950004
vt 0.73960000 1.76080000
vt 0.50000000 1.76080000
vt 0.73960000 1.99950004
vt 0.26040000 1.99950004
vt 0.50000000 1.76080000
vt 0.26040000 1.76080000
vt 0.50000000 1.99950004
vt 0.73960000 1.99950004
vt 0.50000000 1.76080000
vt 0.50000000 1.99950004
vt 0.73960000 1.76080000
vt 0.50000000 1.76080000
vt 0.26040000 1.99950004
vt 0.50000000 1.99950004
vt 0.26040000 1.76080000
vt 0.50000000 1.76080000
vt 0.73960000 1.99950004
vt 0.73960000 1.76080000
vt 0.50000000 1.99950004
vt 0.26040000 1.76080000
vt 0.50000000 1.99950004
vt 0.50000000 1.76080000
vt 0.26040000 1.99950004
vt 0.73960000 1.76080000
vt 0.50000000 1.99950004
vt 0.73960000 1.99950004
vt 0.50000000 1.76080000
vt 0.50000000 1.99950004
vt 0.26040000 1.76080000
vt 0.26040000 1.99950004
vt 0.50000000 1.76080000
vt 0.50032640 1.76151419
vt 0.85352403 1.35311186
vt 0.50032359 1.35311449
vt 0.73996490 1.76151800
vt 0.26039091 1.76091123
vt 0.49998990 1.35251045
vt 0.14679000 1.35251129
vt 0.50007981 1.76091242
vt 0.74023747 1.76100492
vt 0.50064689 1.35260916
vt 0.50064331 1.76100981
vt 0.85384637 1.35261250
vt 0.49947301 1.35206199
vt 0.25987521 1.76046371
vt 0.49944809 1.76046634
vt 0.14627330 1.35206389
vt 0.49973300 1.35209823
vt 0.73942989 1.76050067
vt 0.85293323 1.35209644
vt 0.49973500 1.76049805
vt 0.14669390 1.35248995
vt 0.49993289 1.76088309
vt 0.49989459 1.35249531
vt 0.26028830 1.76089096
vt 0.85288149 1.35208607
vt 0.49967980 1.76048470
vt 0.73925269 1.76048207
vt 0.49968180 1.35208428
vt 0.50097752 1.76177192
vt 0.14777981 1.35336757
vt 0.26138330 1.76176715
vt 0.50097942 1.35336423
vt 0.50000000 1.35239983
vt 0.85320002 1.00049996
vt 0.50000000 1.00049996
vt 0.85320002 1.35239983
vt 0.14680000 1.35239983
vt 0.50000000 1.00049996
vt 0.14680000 1.00049996
vt 0.50000000 1.35239983
vt 0.85320002 1.35239983
vt 0.50000000 1.00049996
vt 0.50000000 1.35239983
vt 0.85320002 1.00049996
vt 0.50000000 1.00049996
vt 0.14680000 1.35239983
vt 0.50000000 1.35239983
vt 0.14680000 1.00049996
vt 0.50000000 1.00049996
vt 0.85320002 1.35239983
vt 0.85320002 1.00049996
vt 0.50000000 1.35239983
vt 0.14680000 1.00049996
vt 0.50000000 1.35239983
vt 0.50000000 1.00049996
vt 0.14680000 1.35239983
vt 0.85320002 1.00049996
vt 0.50000000 1.35239983
vt 0.85320002 1.35239983
vt 0.50000000 1.00049996
vt 0.50000000 1.35239983
vt 0.14680000 1.00049996
vt 0.14680000 1.35239983
vt 0.50000000 1.00049996
vt 0.14680000 1.85319996
vt 0.14680000 1.14680004
vt 0.00048593 1.49990952
vt 0.50001812 1.99951410
vt 0.50001812 1.00048590
vt 0.85320002 1.85319996
vt 0.85320002 1.14680004
vt 0.99956840 1.49990952
vt 1.00000000 1.00000000
vt -0.00000000 2.00000000
vt 1.00000000 2.00000000
vt -0.00000000 1.00000000
vt -0.00000000 1.00000000
vt -0.00000000 2.00000000
vt 0.20000000 2.00000000
vt 1.00000000 1.00000000
vt 0.80000001 2.00000000
vt 1.00000000 2.00000000
vt -0.00000000 1.00000000
vt 0.20000000 2.00000000
vt 0.20000000 1.00000000
vt 0.80000001 1.00000000
vt 0.80000001 2.00000000
vt 1.00000000 1.00000000
vt 0.20000000 1.00000000
vt 0.40000001 2.00000000
vt 0.80000001 1.00000000
vt 0.60000002 2.00000000
vt 0.80000001 2.00000000
vt 0.60000002 1.00000000
vt 0.40000001 2.00000000
vt 0.60000002 2.00000000
vt 0.20000000 1.00000000
vt 0.80000001 1.00000000
vt 0.40000001 2.00000000
vt 0.60000002 2.00000000
vt 0.40000001 1.00000000
vt 0.60000002 1.00000000
vt 0.60000002 2.00000000
vt 0.80000001 2.00000000
vt 0.40000001 1.00000000
vt 0.20000000 2.00000000
vt 0.40000001 2.00000000
vt 0.60000002 1.00000000
vt 0.80000001 2.00000000
vt 0.80000001 1.00000000
vt 0.20000000 1.00000000
vt 0.20000000 2.00000000
vt 0.40000001 1.00000000
vt 0.80000001 1.00000000
vt 0.80000001 2.00000000
vt 1.00000000 2.00000000
vt 0.20000000 1.00000000
vt 0.00000000 2.00000000
vt 0.20000000 2.00000000
vt 0.80000001 1.00000000
vt 1.00000000 2.00000000
vt 1.00000000 1.00000000
vt 0.00000000 1.00000000
vt 0.00000000 2.00000000
vt 0.20000000 1.00000000
vt 1.00000000 1.00000000
vt 0.00000000 2.00000000
vt 1.00000000 2.00000000
vt 0.00000000 1.00000000
vt 0.85320002 1.85319996
vt 0.14680000 1.85319996
vt 0.50009048 1.99951410
vt 0.99951410 1.50009048
vt 0.00048593 1.50009048
vt 0.85320002 1.14680004
vt 0.14680000 1.14680004
vt 0.50009048 1.00048590
vt 0.50000000 1.00049996
vt 0.85320002 1.35239983
vt 0.85320002 1.00049996
vt 0.50000000 1.35239983
vt 0.50000000 1.00049996
vt 0.14680000 1.35239983
vt 0.50000000 1.35239983
vt 0.14680000 1.00049996
vt 0.85320002 1.35239983
vt 0.50000000 1.00049996
vt 0.50000000 1.35239983
vt 0.85320002 1.00049996
vt 0.14680000 1.35239983
vt 0.50000000 1.00049996
vt 0.14680000 1.00049996
vt 0.50000000 1.35239983
vt 0.50000000 1.35239983
vt 0.85320002 1.00049996
vt 0.50000000 1.00049996
vt 0.85320002 1.35239983
vt 0.50000000 1.35239983
vt 0.14680000 1.00049996
vt 0.14680000 1.35239983
vt 0.50000000 1.00049996
vt 0.85320002 1.00049996
vt 0.50000000 1.35239983
vt 0.85320002 1.35239983
vt 0.50000000 1.00049996
vt 0.14680000 1.00049996
vt 0.50000000 1.35239983
vt 0.50000000 1.00049996
vt 0.14680000 1.35239983
vt 0.50000000 1.76080000
vt 0.85320002 1.35239983
vt 0.50000000 1.35239983
vt 0.14680000 1.35239983
vt 0.26040000 1.76080000
vt 0.50000000 1.35239983
vt 0.85320002 1.35239983
vt 0.50000000 1.35239983
vt 0.50000000 1.76080000
vt 0.50000000 1.35239983
vt 0.14680000 1.35239983
vt 0.26040000 1.76080000
vt 0.85320002 1.35239983
vt 0.50000000 1.35239983
vt 0.50000000 1.76080000
vt 0.50098360 1.76185012
vt 0.14787120 1.35345292
vt 0.26146889 1.76185322
vt 0.50107151 1.35345507
vt 0.50000000 1.35239983
vt 0.50000000 1.76080000
vt 0.85320002 1.35239983
vt 0.14680000 1.35239983
vt 0.26040000 1.76080000
vt 0.50000000 1.35239983
vt 0.26040000 1.76080000
vt 0.50000000 1.76080000
vt 0.50000000 1.35239983
vt 0.50000000 1.76080000
vt 0.73960000 1.76080000
vt 0.85320002 1.35239983
vt 0.50000000 1.35239983
vt 0.26040000 1.76080000
vt 0.50000000 1.76080000
vt 0.85320002 1.35239983
vt 0.50000000 1.76080000
vt 0.73960000 1.76080000
vt 0.50000000 1.76080000
vt 0.50000000 1.35239983
vt 0.26040000 1.76080000
vt 0.85320002 1.35239983
vt 0.50000000 1.76080000
vt 0.73960000 1.76080000
vt 0.50000000 1.99950004
vt 0.26040000 1.76080000
vt 0.26040000 1.99950004
vt 0.50000000 1.76080000
vt 0.85320002 1.35239983
vt 0.50000000 1.76080000
vt 0.73960000 1.76080000
vt 0.26040000 1.76080000
vt 0.50000000 1.99950004
vt 0.50000000 1.76080000
vt 0.26040000 1.99950004
vt 0.50000000 1.76080000
vt 0.73960000 1.99950004
vt 0.73960000 1.76080000
vt 0.50000000 1.99950004
vt 0.50000000 1.76080000
vt 0.26040000 1.99950004
vt 0.50000000 1.99950004
vt 0.26040000 1.76080000
vt 0.73960000 1.99950004
vt 0.50000000 1.76080000
vt 0.50000000 1.99950004
vt 0.73960000 1.76080000
vt 0.26040000 1.99950004
vt 0.50000000 1.76080000
vt 0.26040000 1.76080000
vt 0.50000000 1.99950004
vt 0.50000000 1.99950004
vt 0.73960000 1.76080000
vt 0.50000000 1.76080000
vt 0.73960000 1.99950004
vt 0.73960161 1.73951101
vt 0.26045150 1.73951101
vt 0.49981901 1.83871901
vt 0.83890003 1.50000000
vt 0.16110000 1.50000000
vt 0.73972958 1.26048887
vt 0.26057950 1.26048887
vt 0.50000000 1.16110003
vt 0.73960000 1.76080000
vt 0.50000000 1.99950004
vt 0.73960000 1.99950004
vt 0.50000000 1.76080000
vt 0.50000000 1.99950004
vt 0.14680000 1.59960008
vt 0.26199999 1.99950004
vt 0.73762619 1.99975443
vt 0.49962789 1.59985340
vt 0.50000000 1.59960008
vt 0.49958909 1.99975610
vt 0.85282779 1.59985459
vt 0.85320002 1.59960008
vt 0.73818028 1.73791575
vt 0.26218900 1.73781037
vt 0.50025499 1.83641028
vt 0.50021732 1.73687363
vt 0.66782701 1.66751862
vt 0.83671898 1.49994671
vt 0.73716652 1.49992466
vt 0.73799998 1.26199996
vt 0.66769999 1.33229995
vt 0.50003773 1.26287079
vt 0.33255500 1.66744447
vt 0.16353600 1.49979758
vt 0.26308841 1.49981976
vt 0.33242801 1.33222568
vt 0.26200870 1.26189458
vt 0.50000000 1.16340005
vt 0.50000000 1.99950004
vt 0.50000000 1.59960008
vt 0.14680000 1.59960008
vt 0.50000000 1.00049996
vt 0.85320002 1.00049996
vt 0.50039810 1.59938812
vt 0.50000000 1.59960008
vt 0.26234549 1.99928522
vt 0.50040108 1.99928832
vt 0.14719839 1.59939027
vt 0.14680000 1.59960008
vt 0.50000000 1.59960008
vt 0.50000000 1.99950004
vt 0.73799998 1.99950004
vt 0.14680000 1.59960008
vt 0.26199999 1.99950004
vt 0.50000000 1.99950004
vt 0.49993941 1.99962378
vt 0.85317802 1.59972239
vt 0.85320002 1.59960008
vt 0.49997810 1.59972107
vt 0.50000000 1.59960008
vt 0.73797637 1.99962211
vt 0.50009650 1.59929228
vt 0.50000000 1.59960008
vt 0.73809010 1.99919581
vt 0.85329592 1.59929657
vt 0.85320002 1.59960008
vt 0.49999610 1.99920201
vt 0.14657940 1.59981990
vt 0.14680000 1.59960008
vt 0.49978089 1.99971890
vt 0.49977931 1.59981871
vt 0.50000000 1.59960008
vt 0.26174381 1.99971724
vt 0.50000000 1.00049996
vt 0.14680000 1.00049996
vt 0.85321218 1.85292590
vt 0.14681721 1.85280252
vt 0.50001723 1.99910247
vt 0.50001460 1.85147905
vt 0.74880862 1.74848938
vt 0.99951380 1.49985552
vt 0.85188621 1.49982977
vt 0.85320002 1.14680004
vt 0.74879998 1.25119996
vt 0.50000250 1.14812350
vt 0.25121719 1.74840248
vt 0.00050341 1.49968100
vt 0.14813100 1.49970675
vt 0.25120860 1.25111294
vt 0.14680500 1.14667654
vt 0.50000000 1.00049996
vt 0.50000000 1.00049996
vt 0.14680000 1.00049996
vt 0.50000000 1.59960008
vt 0.14680000 1.59960008
vt 0.50000000 1.99950004
vt 0.50000000 1.59960008
vt 0.73799998 1.99950004
vt 0.85320002 1.59960008
vt 0.85320002 1.00049996
vt 0.50000000 1.00049996
vt 0.50000000 1.00049996
vt 0.85320002 1.00049996
vt 0.14680000 1.00049996
vt 0.50000000 1.00049996
vt 0.14680000 1.00049996
vt 0.50000000 1.00049996
vt 0.85320002 1.00049996
vt 0.50000000 1.00049996
vt 0.85320002 1.85319996
vt 0.14680000 1.85319996
vt 0.49990949 1.99951410
vt 0.99951410 1.50009048
vt 0.00048593 1.50009048
vt 0.85320002 1.14680004
vt 0.14680000 1.14680004
vt 0.49990949 1.00048590
vt 0.50000000 1.00049996
vt 0.85320002 1.35239983
vt 0.85320002 1.00049996
vt 0.50000000 1.35239983
vt 0.50000000 1.00049996
vt 0.14680000 1.35239983
vt 0.50000000 1.35239983
vt 0.14680000 1.00049996
vt 0.85320002 1.35239983
vt 0.50000000 1.00049996
vt 0.50000000 1.35239983
vt 0.85320002 1.00049996
vt 0.14680000 1.35239983
vt 0.50000000 1.00049996
vt 0.14680000 1.00049996
vt 0.50000000 1.35239983
vt 0.50000000 1.35239983
vt 0.85320002 1.00049996
vt 0.50000000 1.00049996
vt 0.85320002 1.35239983
vt 0.50000000 1.35239983
vt 0.14680000 1.00049996
vt 0.14680000 1.35239983
vt 0.50000000 1.00049996
vt 0.85320002 1.00049996
vt 0.50000000 1.35239983
vt 0.85320002 1.35239983
vt 0.50000000 1.00049996
vt 0.14680000 1.00049996
vt 0.50000000 1.35239983
vt 0.50000000 1.00049996
vt 0.14680000 1.35239983
vt 0.49988201 1.35301709
vt 0.73939908 1.76142001
vt 0.85308230 1.35301495
vt 0.49988431 1.76141679
vt 0.14680000 1.35239983
vt 0.26040000 1.76080000
vt 0.50000000 1.35239983
vt 0.85320002 1.35239983
vt 0.50000000 1.35239983
vt 0.50000000 1.76080000
vt 0.50000000 1.35239983
vt 0.14680000 1.35239983
vt 0.26040000 1.76080000
vt 0.85320002 1.35239983
vt 0.50000000 1.35239983
vt 0.50000000 1.76080000
vt 0.50106972 1.76192784
vt 0.14795721 1.35353065
vt 0.26155490 1.76193118
vt 0.50115752 1.35353291
vt 0.50000000 1.35239983
vt 0.50000000 1.76080000
vt 0.85320002 1.35239983
vt 0.14680000 1.35239983
vt 0.26040000 1.76080000
vt 0.50000000 1.35239983
vt 0.26040000 1.76080000
vt 0.50000000 1.76080000
vt 0.50000000 1.35239983
vt 0.50000000 1.76080000
vt 0.73960000 1.99950004
vt 0.73960000 1.76080000
vt 0.50000000 1.99950004
vt 0.50000000 1.35239983
vt 0.26040000 1.76080000
vt 0.50000000 1.76080000
vt 0.85320002 1.35239983
vt 0.50000000 1.76080000
vt 0.73960000 1.76080000
vt 0.50000000 1.76080000
vt 0.50000000 1.35239983
vt 0.26040000 1.76080000
vt 0.85320002 1.35239983
vt 0.50000000 1.76080000
vt 0.73960000 1.76080000
vt 0.50000000 1.99950004
vt 0.26040000 1.76080000
vt 0.26040000 1.99950004
vt 0.50000000 1.76080000
vt 0.85320002 1.35239983
vt 0.50000000 1.76080000
vt 0.73960000 1.76080000
vt 0.26040000 1.76080000
vt 0.50000000 1.99950004
vt 0.50000000 1.76080000
vt 0.26040000 1.99950004
vt 0.73972958 1.73951101
vt 0.26057950 1.73951101
vt 0.50018102 1.83871901
vt 0.83890003 1.50000000
vt 0.16110000 1.50000000
vt 0.73960161 1.26048887
vt 0.26045150 1.26048887
vt 0.50000000 1.16110003
vt 0.50000000 1.76080000
vt 0.26040000 1.99950004
vt 0.50000000 1.99950004
vt 0.26040000 1.76080000
vt 0.73960000 1.99950004
vt 0.50000000 1.76080000
vt 0.50000000 1.99950004
vt 0.73960000 1.76080000
vt 0.26040000 1.99950004
vt 0.50000000 1.76080000
vt 0.26040000 1.76080000
vt 0.50000000 1.99950004
vt 0.50000000 1.99950004
vt 0.73960000 1.76080000
vt 0.50000000 1.76080000
vt 0.73960000 1.99950004
vt 0.73960000 1.76080000
vt 0.50000000 1.99950004
vt 0.73960000 1.99950004
vt 0.50000000 1.76080000
vt 0.85320002 1.85319996
vt 0.14680000 1.85319996
vt 0.49990949 1.99951410
vt 0.99951410 1.50009048
vt 0.00048593 1.50009048
vt 0.85320002 1.14680004
vt 0.14680000 1.14680004
vt 0.49990949 1.00048590
vt 0.50000000 1.00049996
vt 0.85320002 1.35239983
vt 0.85320002 1.00049996
vt 0.50000000 1.35239983
vt 0.50000000 1.00049996
vt 0.14680000 1.35239983
vt 0.50000000 1.35239983
vt 0.14680000 1.00049996
vt 0.85320002 1.35239983
vt 0.50000000 1.00049996
vt 0.50000000 1.35239983
vt 0.85320002 1.00049996
vt 0.14680000 1.35239983
vt 0.50000000 1.00049996
vt 0.14680000 1.00049996
vt 0.50000000 1.35239983
vt 0.50000000 1.35239983
vt 0.85320002 1.00049996
vt 0.50000000 1.00049996
vt 0.85320002 1.35239983
vt 0.50000000 1.35239983
vt 0.14680000 1.00049996
vt 0.14680000 1.35239983
vt 0.50000000 1.00049996
vt 0.85320002 1.00049996
vt 0.50000000 1.35239983
vt 0.85320002 1.35239983
vt 0.50000000 1.00049996
vt 0.14680000 1.00049996
vt 0.50000000 1.35239983
vt 0.50000000 1.00049996
vt 0.14680000 1.35239983
vt 0.49985051 1.35294366
vt 0.73936760 1.76134670
vt 0.85305083 1.35294151
vt 0.49985290 1.76134348
vt 0.14680000 1.35239983
vt 0.26040000 1.76080000
vt 0.50000000 1.35239983
vt 0.85320002 1.35239983
vt 0.50000000 1.35239983
vt 0.50000000 1.76080000
vt 0.50000000 1.35239983
vt 0.14680000 1.35239983
vt 0.26040000 1.76080000
vt 0.85320002 1.35239983
vt 0.50000000 1.35239983
vt 0.50000000 1.76080000
vt 0.50095463 1.76182377
vt 0.14784220 1.35342658
vt 0.26143989 1.76182711
vt 0.50104249 1.35342884
vt 0.50000000 1.35239983
vt 0.50000000 1.76080000
vt 0.85320002 1.35239983
vt 0.14680000 1.35239983
vt 0.26040000 1.76080000
vt 0.50000000 1.35239983
vt 0.26040000 1.76080000
vt 0.50000000 1.76080000
vt 0.50000000 1.35239983
vt 0.50000000 1.76080000
vt 0.73960000 1.99950004
vt 0.73960000 1.76080000
vt 0.50000000 1.99950004
vt 0.50000000 1.35239983
vt 0.26040000 1.76080000
vt 0.50000000 1.76080000
vt 0.85320002 1.35239983
vt 0.50000000 1.76080000
vt 0.73960000 1.76080000
vt 0.50000000 1.76080000
vt 0.50000000 1.35239983
vt 0.26040000 1.76080000
vt 0.85320002 1.35239983
vt 0.50000000 1.76080000
vt 0.73960000 1.76080000
vt 0.50000000 1.99950004
vt 0.26040000 1.76080000
vt 0.26040000 1.99950004
vt 0.50000000 1.76080000
vt 0.85320002 1.35239983
vt 0.50000000 1.76080000
vt 0.73960000 1.76080000
vt 0.26040000 1.76080000
vt 0.50000000 1.99950004
vt 0.50000000 1.76080000
vt 0.26040000 1.99950004
vt 0.73972958 1.73951101
vt 0.26057950 1.73951101
vt 0.50018102 1.83871901
vt 0.83890003 1.50000000
vt 0.16110000 1.50000000
vt 0.73960161 1.26048887
vt 0.26045150 1.26048887
vt 0.50000000 1.16110003
vt 0.50000000 1.76080000
vt 0.26040000 1.99950004
vt 0.50000000 1.99950004
vt 0.26040000 1.76080000
vt 0.73960000 1.99950004
vt 0.50000000 1.76080000
vt 0.50000000 1.99950004
vt 0.73960000 1.76080000
vt 0.26040000 1.99950004
vt 0.50000000 1.76080000
vt 0.26040000 1.76080000
vt 0.50000000 1.99950004
vt 0.50000000 1.99950004
vt 0.73960000 1.76080000
vt 0.50000000 1.76080000
vt 0.73960000 1.99950004
vt 0.73960000 1.76080000
vt 0.50000000 1.99950004
vt 0.73960000 1.99950004
vt 0.50000000 1.76080000
vt 1.00000000 1.00000000
vt 0.00000000 2.00000000
vt 1.00000000 2.00000000
vt 0.00000000 1.00000000
vt -0.00000000 1.00000000
vt -0.00000000 2.00000000
vt 0.20000000 2.00000000
vt 1.00000000 1.00000000
vt 0.80000001 2.00000000
vt 1.00000000 2.00000000
vt -0.00000000 1.00000000
vt 0.20000000 1.00000000
vt 0.80000001 1.00000000
vt 0.80000001 2.00000000
vt 1.00000000 1.00000000
vt 0.20000000 1.00000000
vt 0.40000001 2.00000000
vt 0.80000001 1.00000000
vt 0.60000002 2.00000000
vt 0.80000001 2.00000000
vt 0.60000002 1.00000000
vt 0.40000001 2.00000000
vt 0.60000002 2.00000000
vt 0.20012240 1.00000000
vt 0.79987758 1.00000000
vt 0.40000001 2.00000000
vt 0.60000002 2.00000000
vt 0.40000001 1.00000000
vt 0.60000002 1.00000000
vt 0.60000002 2.00000000
vt 0.80000001 2.00000000
vt 0.40000001 1.00000000
vt 0.20000000 2.00000000
vt 0.40000001 2.00000000
vt 0.60000002 1.00000000
vt 0.80000001 2.00000000
vt 0.80000001 1.00000000
vt 0.20000000 1.00000000
vt 0.20000000 2.00000000
vt 0.40000001 1.00000000
vt 0.80000001 1.00000000
vt 0.80000001 2.00000000
vt 1.00000000 2.00000000
vt 0.20000000 1.00000000
vt 0.00000000 2.00000000
vt 0.20000000 2.00000000
vt 0.80000001 1.00000000
vt 1.00000000 2.00000000
vt 1.00000000 1.00000000
vt 0.00000000 1.00000000
vt 0.00000000 2.00000000
vt 0.20000000 1.00000000
vt 1.00000000 1.00000000
vt 0.00000000 2.00000000
vt 1.00000000 2.00000000
vt 0.00000000 1.00000000
vt 0.85320002 1.85319996
vt 0.14680000 1.85319996
vt 0.49990949 1.99951410
vt 0.99951410 1.50009048
vt 0.00048593 1.50009048
vt 0.85320002 1.14680004
vt 0.14680000 1.14680004
vt 0.49990949 1.00048590
vt 0.50000000 1.00049996
vt 0.85320002 1.35239983
vt 0.85320002 1.00049996
vt 0.50000000 1.35239983
vt 0.50000000 1.00049996
vt 0.14680000 1.35239983
vt 0.50000000 1.35239983
vt 0.14680000 1.00049996
vt 0.85320002 1.35239983
vt 0.50000000 1.00049996
vt 0.50000000 1.35239983
vt 0.85320002 1.00049996
vt 0.14680000 1.35239983
vt 0.50000000 1.00049996
vt 0.14680000 1.00049996
vt 0.50000000 1.35239983
vt 0.50000000 1.35239983
vt 0.85320002 1.00049996
vt 0.50000000 1.00049996
vt 0.85320002 1.35239983
vt 0.50000000 1.35239983
vt 0.14680000 1.00049996
vt 0.14680000 1.35239983
vt 0.50000000 1.00049996
vt 0.85320002 1.00049996
vt 0.50000000 1.35239983
vt 0.85320002 1.35239983
vt 0.50000000 1.00049996
vt 0.14680000 1.00049996
vt 0.50000000 1.35239983
vt 0.50000000 1.00049996
vt 0.14680000 1.35239983
vt 0.49984261 1.35292518
vt 0.73935968 1.76132822
vt 0.85304290 1.35292304
vt 0.49984491 1.76132500
vt 0.14680000 1.35239983
vt 0.26040000 1.76080000
vt 0.50000000 1.35239983
vt 0.85320002 1.35239983
vt 0.50000000 1.35239983
vt 0.50000000 1.76080000
vt 0.50000000 1.35239983
vt 0.14680000 1.35239983
vt 0.26040000 1.76080000
vt 0.85320002 1.35239983
vt 0.50000000 1.35239983
vt 0.50000000 1.76080000
vt 0.50092560 1.76179767
vt 0.14781320 1.35340047
vt 0.26141089 1.76180089
vt 0.50101352 1.35340261
vt 0.50000000 1.35239983
vt 0.50000000 1.76080000
vt 0.85320002 1.35239983
vt 0.14680000 1.35239983
vt 0.26040000 1.76080000
vt 0.50000000 1.35239983
vt 0.26040000 1.76080000
vt 0.50000000 1.76080000
vt 0.50000000 1.35239983
vt 0.50000000 1.76080000
vt 0.73960000 1.99950004
vt 0.73960000 1.76080000
vt 0.50000000 1.99950004
vt 0.50000000 1.35239983
vt 0.26040000 1.76080000
vt 0.50000000 1.76080000
vt 0.85320002 1.35239983
vt 0.50000000 1.76080000
vt 0.73960000 1.76080000
vt 0.50000000 1.76080000
vt 0.50000000 1.35239983
vt 0.26040000 1.76080000
vt 0.85320002 1.35239983
vt 0.50000000 1.76080000
vt 0.73960000 1.76080000
vt 0.50000000 1.99950004
vt 0.26040000 1.76080000
vt 0.26040000 1.99950004
vt 0.50000000 1.76080000
vt 0.85320002 1.35239983
vt 0.50000000 1.76080000
vt 0.73960000 1.76080000
vt 0.26040000 1.76080000
vt 0.50000000 1.99950004
vt 0.50000000 1.76080000
vt 0.26040000 1.99950004
vt 0.73972958 1.73951101
vt 0.26057950 1.73951101
vt 0.50018102 1.83871901
vt 0.83890003 1.50000000
vt 0.16110000 1.50000000
vt 0.73960161 1.26048887
vt 0.26045150 1.26048887
vt 0.50000000 1.16110003
vt 0.50000000 1.76080000
vt 0.26040000 1.99950004
vt 0.50000000 1.99950004
vt 0.26040000 1.76080000
vt 0.73960000 1.99950004
vt 0.50000000 1.76080000
vt 0.50000000 1.99950004
vt 0.73960000 1.76080000
vt 0.26040000 1.99950004
vt 0.50000000 1.76080000
vt 0.26040000 1.76080000
vt 0.50000000 1.99950004
vt 0.50000000 1.99950004
vt 0.73960000 1.76080000
vt 0.50000000 1.76080000
vt 0.73960000 1.99950004
vt 0.73960000 1.76080000
vt 0.50000000 1.99950004
vt 0.73960000 1.99950004
vt 0.50000000 1.76080000
vt 0.99949998 1.00049996
vt 0.16660000 1.99950004
vt 0.99949998 1.99950004
vt 0.16661979 1.00049996
vt 0.79972148 1.00087059
vt 0.79970002 1.00049996
vt 0.99951738 1.99987054
vt 0.99952149 1.00087059
vt 0.79972148 1.99987054
vt 0.79970002 1.99950004
vt 0.79970002 1.94470000
vt 0.40009999 1.99947333
vt 0.59990001 1.99947333
vt 0.20029999 1.94470000
vt 0.99949998 1.83343005
vt 0.00050000 1.83343005
vt 0.99949998 1.00049996
vt 0.00050000 1.00049996
vt 0.00050000 1.99950027
vt 0.99950022 1.00049996
vt 0.99949998 1.99950004
vt 0.00050000 1.00049996
vt 0.00050000 1.99950004
vt 0.99950022 1.99950027
vt 0.79970002 1.94479012
vt 0.40009999 1.99950337
vt 0.59990001 1.99953330
vt 0.20029999 1.94470000
vt 0.99949998 1.83353043
vt 0.00050000 1.83340001
vt 0.00050000 1.00046992
vt 0.99949998 1.00062013
vt 0.59990001 1.00049996
vt 0.59990001 1.99950004
vt 0.00050000 1.00049996
vt 0.20029999 1.99950027
vt 0.20029999 1.99950004
vt 0.20029999 1.00049996
vt 0.20029999 1.00049996
vt 0.00050000 1.99950027
vt 0.83340001 1.00049996
vt 0.00050000 1.99950004
vt 0.83340001 1.99950004
vt 0.00050000 1.00049996
vt 0.40009999 1.00049996
vt 0.40009999 1.99950004
vt 0.99949998 1.00049996
vt 0.99949998 1.99950004
vt 0.00050000 1.00049996
vt 0.00050000 1.99950004
vt 0.99949998 1.00049996
vt 0.00050000 1.99950004
vt 0.99949998 1.99950004
vt 0.00050000 1.00051999
vt 0.99949998 1.00049996
vt 0.00050000 1.99950004
vt 0.99949998 1.99948001
vt 0.00050000 1.00049996
vt 0.99949998 1.00049996
vt 0.00050000 1.00049996
vt 0.99949998 1.00049996
vt 0.00050000 1.99950004
vt 0.99949998 1.99950004
vt 0.00050000 1.00049996
vt 0.00050000 1.00049996
vt 0.99949998 1.99950004
vt 0.99949998 1.00049996
vt 0.00050000 1.99950004
vt 0.99949998 1.00049996
vt 0.16660000 1.99950004
vt 0.99949998 1.99950004
vt 0.16660000 1.00049996
vt 0.79970002 1.94470000
vt 0.40009999 1.99947333
vt 0.59990001 1.99947333
vt 0.20029999 1.94470000
vt 0.99949998 1.83343005
vt 0.00050000 1.83343005
vt 0.99949998 1.00049996
vt 0.00050000 1.00049996
vt 0.83340001 1.00049996
vt 0.00050000 1.99950004
vt 0.83340001 1.99950004
vt 0.00050000 1.00049996
vt 0.79970002 1.94479012
vt 0.40009999 1.99950337
vt 0.59990001 1.99953330
vt 0.20029999 1.94470000
vt 0.99949998 1.83355021
vt 0.00050000 1.83340001
vt 0.99949998 1.00062013
vt 0.00050000 1.00046992
vt 1.00000000 1.00000000
vt -0.00000000 2.00000000
vt 1.00000000 2.00000000
vt -0.00000000 1.00000000
vt -0.00000000 1.00000000
vt -0.00000000 2.00000000
vt 0.20000000 2.00000000
vt 1.00000000 1.00000000
vt 0.80000001 2.00000000
vt 1.00000000 2.00000000
vt -0.00000000 1.00000000
vt 0.20000000 2.00000000
vt 0.20000000 1.00000000
vt 0.80000001 1.00000000
vt 0.80000001 2.00000000
vt 1.00000000 1.00000000
vt 0.20000000 1.00000000
vt 0.20000000 2.00000000
vt 0.40000001 2.00000000
vt 0.80000001 1.00000000
vt 0.60000002 2.00000000
vt 0.80000001 2.00000000
vt 0.60000002 1.00000000
vt 0.40000001 2.00000000
vt 0.60000002 2.00000000
vt 0.20012240 1.00000000
vt 0.79987758 1.00000000
vt 0.40000001 2.00000000
vt 0.60000002 2.00000000
vt 0.40000001 1.00000000
vt 0.60000002 1.00000000
vt 0.60000002 2.00000000
vt 0.80000001 2.00000000
vt 0.40000001 1.00000000
vt 0.20000000 2.00000000
vt 0.40000001 2.00000000
vt 0.60000002 1.00000000
vt 0.80000001 2.00000000
vt 0.80000001 1.00000000
vt 0.20000000 1.00000000
vt 0.20000000 2.00000000
vt 0.40000001 1.00000000
vt 0.80000001 1.00000000
vt 0.80000001 2.00000000
vt 1.00000000 2.00000000
vt 0.20000000 1.00000000
vt 0.00000000 2.00000000
vt 0.20000000 2.00000000
vt 0.80000001 1.00000000
vt 1.00000000 2.00000000
vt 1.00000000 1.00000000
vt 0.00000000 1.00000000
vt 0.00000000 2.00000000
vt 0.20000000 1.00000000
vt 1.00000000 1.00000000
vt 0.00000000 2.00000000
vt 1.00000000 2.00000000
vt 0.00000000 1.00000000
vt 1.00000000 1.00000000
vt -0.00000000 2.00000000
vt 1.00000000 2.00000000
vt -0.00000000 1.00000000
vt -0.00000000 1.00000000
vt -0.00000000 2.00000000
vt 0.20000000 2.00000000
vt 1.00000000 1.00000000
vt 0.80000001 2.00000000
vt 1.00000000 2.00000000
vt -0.00000000 1.00000000
vt 0.20000000 2.00000000
vt 0.20000000 1.00000000
vt 0.80000001 1.00000000
vt 0.80000001 1.00000000
vt 0.80000001 2.00000000
vt 1.00000000 1.00000000
vt 0.20000000 1.00000000
vt 0.20000000 2.00000000
vt 0.40000001 2.00000000
vt 0.60000002 2.00000000
vt 0.60000002 1.00000000
vt 0.40000001 2.00000000
vt 0.60000002 2.00000000
vt 0.20012240 1.00000000
vt 0.79987758 1.00000000
vt 0.40000001 2.00000000
vt 0.60000002 2.00000000
vt 0.40000001 1.00000000
vt 0.60000002 1.00000000
vt 0.60000002 2.00000000
vt 0.80000001 2.00000000
vt 0.40000001 1.00000000
vt 0.20000000 2.00000000
vt 0.40000001 2.00000000
vt 0.60000002 1.00000000
vt 0.80000001 2.00000000
vt 0.80000001 1.00000000
vt 0.20000000 1.00000000
vt 0.20000000 2.00000000
vt 0.40000001 1.00000000
vt 0.80000001 1.00000000
vt 0.80000001 2.00000000
vt 1.00000000 2.00000000
vt 0.20000000 1.00000000
vt 0.00000000 2.00000000
vt 0.20000000 2.00000000
vt 0.80000001 1.00000000
vt 1.00000000 2.00000000
vt 1.00000000 1.00000000
vt 0.00000000 1.00000000
vt 0.00000000 2.00000000
vt 0.20000000 1.00000000
vt 1.00000000 1.00000000
vt 0.00000000 2.00000000
vt 1.00000000 2.00000000
vt 0.00000000 1.00000000
vt 1.00000000 1.00000000
vt -0.00000000 2.00000000
vt 1.00000000 2.00000000
vt -0.00000000 1.00000000
vt -0.00000000 1.00000000
vt -0.00000000 2.00000000
vt 0.20000000 2.00000000
vt 1.00000000 1.00000000
vt 0.80000001 2.00000000
vt 1.00000000 2.00000000
vt -0.00000000 1.00000000
vt 0.20000000 2.00000000
vt 0.20000000 1.00000000
vt 0.80000001 1.00000000
vt 0.80000001 2.00000000
vt 1.00000000 1.00000000
vt 0.20000000 1.00000000
vt 0.20000000 2.00000000
vt 0.40000001 2.00000000
vt 0.80000001 1.00000000
vt 0.60000002 2.00000000
vt 0.80000001 2.00000000
vt 0.59987760 1.00000000
vt 0.40000001 2.00000000
vt 0.59987760 2.00000000
vt 0.20000000 1.00000000
vt 0.80012250 1.00000000
vt 0.40000001 2.00000000
vt 0.60000002 2.00000000
vt 0.40000001 1.00000000
vt 0.60000002 1.00000000
vt 0.60000002 2.00000000
vt 0.80000001 2.00000000
vt 0.40000001 1.00000000
vt 0.20000000 2.00000000
vt 0.40000001 2.00000000
vt 0.60000002 1.00000000
vt 0.80000001 2.00000000
vt 0.80000001 1.00000000
vt 0.20000000 1.00000000
vt 0.20000000 2.00000000
vt 0.40000001 1.00000000
vt 0.80000001 1.00000000
vt 0.80000001 2.00000000
vt 1.00000000 2.00000000
vt 0.20000000 1.00000000
vt 0.00000000 2.00000000
vt 0.20000000 2.00000000
vt 0.80000001 1.00000000
vt 1.00000000 2.00000000
vt 1.00000000 1.00000000
vt 0.00000000 1.00000000
vt 0.00000000 2.00000000
vt 0.20000000 1.00000000
vt 1.00000000 1.00000000
vt 0.00000000 2.00000000
vt 1.00000000 2.00000000
vt 0.00000000 1.00000000
vt 0.73972958 1.73951101
vt 0.26039839 1.73951101
vt 0.50018102 1.83871901
vt 0.83890003 1.50000000
vt 0.16110000 1.50000000
vt 0.73960161 1.26048887
vt 0.26027039 1.26048887
vt 0.50000000 1.16110003
vt 0.73960000 1.99950004
vt 0.50000000 1.76080000
vt 0.50000000 1.99950004
vt 0.73960000 1.76080000
vt 0.50000000 1.76080000
vt 0.26040000 1.99950004
vt 0.50000000 1.99950004
vt 0.26040000 1.76080000
vt 0.50000000 1.76080000
vt 0.73960000 1.99950004
vt 0.73960000 1.76080000
vt 0.50000000 1.99950004
vt 0.26040000 1.76080000
vt 0.50000000 1.99950004
vt 0.50000000 1.76080000
vt 0.26040000 1.99950004
vt 0.73960000 1.76080000
vt 0.50000000 1.99950004
vt 0.73960000 1.99950004
vt 0.50000000 1.76080000
vt 0.50000000 1.99950004
vt 0.26040000 1.76080000
vt 0.26040000 1.99950004
vt 0.50000000 1.76080000
vt 0.50000000 1.99950004
vt 0.73960000 1.76080000
vt 0.50000000 1.76080000
vt 0.73960000 1.99950004
vt 0.26040000 1.99950004
vt 0.50000000 1.76080000
vt 0.26040000 1.76080000
vt 0.50000000 1.99950004
vt 0.85320002 1.35239983
vt 0.50000000 1.76080000
vt 0.73960000 1.76080000
vt 0.50000000 1.35239983
vt 0.26040000 1.76080000
vt 0.50000000 1.76080000
vt 0.50000000 1.76080000
vt 0.73960000 1.76080000
vt 0.85320002 1.35239983
vt 0.26040000 1.76080000
vt 0.50000000 1.76080000
vt 0.50000000 1.35239983
vt 0.85320002 1.35239983
vt 0.50000000 1.76080000
vt 0.73960000 1.76080000
vt 0.50109857 1.76195407
vt 0.14798620 1.35355687
vt 0.26158389 1.76195741
vt 0.50118649 1.35355914
vt 0.85320002 1.35239983
vt 0.50000000 1.76080000
vt 0.73960000 1.76080000
vt 0.50000000 1.76080000
vt 0.50000000 1.35239983
vt 0.26040000 1.76080000
vt 0.50000000 1.35239983
vt 0.14680000 1.35239983
vt 0.26040000 1.76080000
vt 0.85320002 1.35239983
vt 0.50000000 1.35239983
vt 0.50000000 1.76080000
vt 0.14680000 1.35239983
vt 0.26040000 1.76080000
vt 0.50000000 1.35239983
vt 0.50000000 1.76080000
vt 0.85320002 1.35239983
vt 0.50000000 1.35239983
vt 0.14680000 1.35239983
vt 0.26040000 1.76080000
vt 0.50000000 1.35239983
vt 0.50000000 1.35239983
vt 0.50000000 1.76080000
vt 0.85320002 1.35239983
vt 0.50000000 1.35239983
vt 0.14680000 1.00049996
vt 0.14680000 1.35239983
vt 0.50000000 1.00049996
vt 0.85320002 1.35239983
vt 0.50000000 1.35239983
vt 0.50000000 1.76080000
vt 0.14680000 1.35239983
vt 0.50000000 1.00049996
vt 0.14680000 1.00049996
vt 0.50000000 1.35239983
vt 0.85320002 1.35239983
vt 0.50000000 1.00049996
vt 0.50000000 1.35239983
vt 0.85320002 1.00049996
vt 0.50000000 1.00049996
vt 0.14680000 1.35239983
vt 0.50000000 1.35239983
vt 0.14680000 1.00049996
vt 0.50000000 1.00049996
vt 0.85320002 1.35239983
vt 0.85320002 1.00049996
vt 0.50000000 1.35239983
vt 0.14680000 1.00049996
vt 0.50000000 1.35239983
vt 0.50000000 1.00049996
vt 0.14680000 1.35239983
vt 0.85320002 1.00049996
vt 0.50000000 1.35239983
vt 0.85320002 1.35239983
vt 0.50000000 1.00049996
vt 0.85320002 1.85319996
vt 0.14680000 1.85319996
vt 0.49990949 1.99951410
vt 0.99951410 1.50009048
vt 0.00048593 1.50009048
vt 0.85320002 1.14680004
vt 0.14680000 1.14680004
vt 0.49990949 1.00048590
vt 0.50000000 1.35239983
vt 0.85320002 1.00049996
vt 0.50000000 1.00049996
vt 0.85320002 1.35239983
vt 0.74879998 1.59960008
vt 0.50000000 1.00049996
vt 0.50000000 1.59960008
vt 0.74879998 1.00049996
vt 0.50000000 1.00049996
vt 0.25119999 1.59960008
vt 0.50000000 1.59960008
vt 0.25119999 1.00049996
vt 0.66769999 1.99950004
vt 0.25119999 1.59960008
vt 0.50000000 1.00049996
vt 0.25119999 1.00049996
vt 0.50000000 1.59960008
vt 0.50000000 1.99950004
vt 0.50000000 1.00049996
vt 0.74879998 1.59960008
vt 0.74879998 1.00049996
vt 0.50000000 1.59960008
vt 0.50000000 1.99950004
vt 0.25119999 1.59960008
vt 0.33230001 1.99950004
vt 0.50000000 1.59960008
vt 0.50000000 1.99950004
vt 0.66769999 1.99950004
vt 0.50000000 1.99950004
vt 0.50000000 1.59960008
vt 0.74879998 1.00049996
vt 0.50000000 1.00049996
vt 0.74879998 1.59960008
vt 0.25119999 1.59960008
vt 0.33230001 1.99950004
vt 0.50000000 1.99950004
vt 0.25119999 1.00049996
vt 0.50000000 1.59960008
vt 0.50008333 1.60000229
vt 0.50000000 1.00049996
vt 0.25119999 1.59960008
vt 0.25128379 1.60000658
vt 0.66769999 1.99950004
vt 0.66769999 1.99950004
vt 0.50000000 1.59960008
vt 0.50000000 1.99950004
vt 0.66769999 1.99950004
vt 0.50000000 1.59960008
vt 0.25119999 1.00049996
vt 0.25119999 1.59960008
vt 0.50000000 1.00049996
vt 0.74879998 1.00049996
vt 0.50000000 1.59960008
vt 0.74879998 1.59960008
vt 0.50000000 1.00049996
vt 0.50009161 1.99990296
vt 0.33241701 1.99989653
vt 0.50000000 1.99950004
vt 0.66769999 1.99950004
vt 0.50000000 1.59960008
vt 0.25119999 1.59960008
vt 0.33230001 1.99950004
vt 0.50000000 1.99950004
vt 0.50000000 1.99950004
vt 0.66769999 1.99950004
vt 0.50000000 1.59960008
vt 0.50000000 1.99950004
vt 0.66769999 1.99950004
vt -0.00000000 1.00000000
vt -0.00000000 2.00000000
vt 0.20000000 2.00000000
vt 1.00000000 1.00000000
vt -0.00000000 2.00000000
vt 1.00000000 2.00000000
vt -0.00000000 1.00000000
vt -0.00000000 1.00000000
vt 0.20000000 2.00000000
vt 0.20000000 1.00000000
vt 1.00000000 1.00000000
vt 0.80000001 2.00000000
vt 1.00000000 2.00000000
vt 0.20000000 1.00000000
vt 0.20000000 2.00000000
vt 0.40000001 2.00000000
vt 0.80000001 1.00000000
vt 0.80000001 2.00000000
vt 1.00000000 1.00000000
vt 0.60000002 1.00000000
vt 0.40000001 2.00000000
vt 0.60000002 2.00000000
vt 0.20012240 1.00000000
vt 0.80000001 1.00000000
vt 0.60000002 2.00000000
vt 0.80000001 2.00000000
vt 0.60000002 1.00000000
vt 0.60000002 2.00000000
vt 0.80000001 2.00000000
vt 0.79987758 1.00000000
vt 0.40000001 2.00000000
vt 0.60000002 2.00000000
vt 0.40000001 1.00000000
vt 0.60000002 1.00000000
vt 0.80000001 2.00000000
vt 0.80000001 1.00000000
vt 0.40000001 1.00000000
vt 0.20000000 2.00000000
vt 0.40000001 2.00000000
vt 0.80000001 1.00000000
vt 0.80000001 2.00000000
vt 1.00000000 2.00000000
vt 0.20000000 1.00000000
vt 0.20000000 2.00000000
vt 0.40000001 1.00000000
vt 0.80000001 1.00000000
vt 1.00000000 2.00000000
vt 1.00000000 1.00000000
vt 0.20000000 1.00000000
vt 0.00000000 2.00000000
vt 0.20000000 2.00000000
vt 1.00000000 1.00000000
vt 0.00000000 2.00000000
vt 1.00000000 2.00000000
vt 0.00000000 1.00000000
vt 0.00000000 1.00000000
vt 0.00000000 2.00000000
vt 0.20000000 1.00000000
vt 0.73960161 1.73951101
vt 0.26027039 1.73951101
vt 0.49981901 1.83871901
vt 0.83890003 1.50000000
vt 0.16110000 1.50000000
vt 0.73972958 1.26048887
vt 0.26039839 1.26048887
vt 0.50000000 1.16110003
vt 0.73960000 1.99950004
vt 0.50000000 1.76080000
vt 0.50000000 1.99950004
vt 0.73960000 1.76080000
vt 0.50000000 1.76080000
vt 0.26040000 1.99950004
vt 0.50000000 1.99950004
vt 0.26040000 1.76080000
vt 0.50000000 1.76080000
vt 0.73960000 1.99950004
vt 0.73960000 1.76080000
vt 0.50000000 1.99950004
vt 0.26040000 1.76080000
vt 0.50000000 1.99950004
vt 0.50000000 1.76080000
vt 0.26040000 1.99950004
vt 0.73960000 1.76080000
vt 0.50000000 1.99950004
vt 0.73960000 1.99950004
vt 0.50000000 1.76080000
vt 0.50000000 1.99950004
vt 0.26040000 1.76080000
vt 0.26040000 1.99950004
vt 0.50000000 1.76080000
vt 0.50000000 1.99950004
vt 0.73960000 1.76080000
vt 0.50000000 1.76080000
vt 0.73960000 1.99950004
vt 0.26040000 1.99950004
vt 0.50000000 1.76080000
vt 0.26040000 1.76080000
vt 0.50000000 1.99950004
vt 0.85320002 1.35239983
vt 0.50000000 1.76080000
vt 0.73960000 1.76080000
vt 0.50000000 1.35239983
vt 0.26040000 1.76080000
vt 0.50000000 1.76080000
vt 0.50000000 1.76080000
vt 0.73960000 1.76080000
vt 0.85320002 1.35239983
vt 0.26040000 1.76080000
vt 0.50000000 1.76080000
vt 0.50000000 1.35239983
vt 0.85320002 1.35239983
vt 0.50000000 1.76080000
vt 0.73960000 1.76080000
vt 0.50112772 1.76198041
vt 0.14801520 1.35358322
vt 0.26161289 1.76198363
vt 0.50121552 1.35358536
vt 0.85320002 1.35239983
vt 0.50000000 1.76080000
vt 0.73960000 1.76080000
vt 0.50000000 1.76080000
vt 0.50000000 1.35239983
vt 0.26040000 1.76080000
vt 0.50000000 1.35239983
vt 0.14680000 1.35239983
vt 0.26040000 1.76080000
vt 0.85320002 1.35239983
vt 0.50000000 1.35239983
vt 0.50000000 1.76080000
vt 0.14680000 1.35239983
vt 0.26040000 1.76080000
vt 0.50000000 1.35239983
vt 0.50000000 1.76080000
vt 0.85320002 1.35239983
vt 0.50000000 1.35239983
vt 0.14680000 1.35239983
vt 0.26040000 1.76080000
vt 0.50000000 1.35239983
vt 0.50000000 1.35239983
vt 0.50000000 1.76080000
vt 0.85320002 1.35239983
vt 0.50000000 1.35239983
vt 0.14680000 1.00049996
vt 0.14680000 1.35239983
vt 0.50000000 1.00049996
vt 0.85320002 1.35239983
vt 0.50000000 1.35239983
vt 0.50000000 1.76080000
vt 0.14680000 1.35239983
vt 0.50000000 1.00049996
vt 0.14680000 1.00049996
vt 0.50000000 1.35239983
vt 0.85320002 1.35239983
vt 0.50000000 1.00049996
vt 0.50000000 1.35239983
vt 0.85320002 1.00049996
vt 0.50000000 1.00049996
vt 0.14680000 1.35239983
vt 0.50000000 1.35239983
vt 0.14680000 1.00049996
vt 0.50000000 1.00049996
vt 0.85320002 1.35239983
vt 0.85320002 1.00049996
vt 0.50000000 1.35239983
vt 0.14680000 1.00049996
vt 0.50000000 1.35239983
vt 0.50000000 1.00049996
vt 0.14680000 1.35239983
vt 0.85320002 1.00049996
vt 0.50000000 1.35239983
vt 0.85320002 1.35239983
vt 0.50000000 1.00049996
vt 0.85320002 1.85319996
vt 0.14680000 1.85319996
vt 0.50009048 1.99951410
vt 0.99951410 1.50009048
vt 0.00048593 1.50009048
vt 0.85320002 1.14680004
vt 0.14680000 1.14680004
vt 0.50009048 1.00048590
vt 0.50000000 1.35239983
vt 0.85320002 1.00049996
vt 0.50000000 1.00049996
vt 0.85320002 1.35239983
vt 0.59990001 1.99950004
vt 0.94999999 1.00049996
vt 0.59990001 1.00049996
vt 0.94999999 1.99950004
vt 0.99949998 1.99950004
vt 0.21720000 1.00049996
vt 0.21720000 1.99950004
vt 0.99949998 1.00049996
vt 0.79941761 1.93801367
vt 0.39995879 1.99919581
vt 0.59968817 1.99903774
vt 0.20022941 1.93848848
vt 0.99914700 1.81420875
vt 0.59968817 1.87446642
vt 0.94964701 1.78208721
vt 0.99914700 0.99970871
vt 0.39995879 1.87462473
vt 0.00050000 1.81500006
vt 0.04999995 1.78279996
vt 0.00050000 1.00049996
vt 0.40009999 1.99950004
vt 0.40009999 1.00049996
vt 0.79941761 1.93801367
vt 0.39995879 1.99919581
vt 0.59968817 1.99903774
vt 0.20022941 1.93848848
vt 0.99914700 1.81420875
vt 0.59968817 1.87446642
vt 0.94964701 1.78208721
vt 0.99914700 0.99970871
vt 0.39995879 1.87462473
vt 0.00050000 1.81500006
vt 0.04999995 1.78279996
vt 0.00050000 1.00049996
vt 0.81500000 1.00049996
vt 0.00050000 1.99950004
vt 0.81500000 1.99950004
vt 0.00050000 1.00049996
vt 0.79970002 1.00049996
vt 0.99949998 1.99950004
vt 0.99949998 1.00049996
vt 0.79970002 1.99950004
vt 0.99949998 1.00049996
vt 0.18500000 1.99950004
vt 0.99949998 1.99950004
vt 0.18500000 1.00049996
vt 0.78280002 1.99950004
vt 0.00050000 1.00049996
vt 0.00050000 1.99950004
vt 0.78280002 1.00049996
vt 0.04999995 1.99950004
vt 0.04999995 1.00049996
vt 0.00050000 1.00049996
vt 0.20029999 1.99950027
vt 0.20029999 1.99950004
vt 0.20029999 1.00049996
vt 0.20029999 1.00049996
vt 0.00050000 1.99950027
vt 0.40009999 1.99950004
vt 0.40009999 1.00049996
vt 0.59990001 1.99950004
vt 0.59990001 1.00049996
vt 1.00000000 1.00000000
vt -0.00000000 2.00000000
vt 1.00000000 2.00000000
vt -0.00000000 1.00000000
vt -0.00000000 1.00000000
vt -0.00000000 2.00000000
vt 0.20000000 2.00000000
vt 1.00000000 1.00000000
vt 0.80000001 2.00000000
vt 1.00000000 2.00000000
vt -0.00000000 1.00000000
vt 0.20000000 2.00000000
vt 0.20000000 1.00000000
vt 0.80000001 1.00000000
vt 1.00000000 1.00000000
vt 0.20000000 1.00000000
vt 0.40000001 2.00000000
vt 0.80000001 1.00000000
vt 0.60000002 2.00000000
vt 0.80000001 2.00000000
vt 0.59987760 1.00000000
vt 0.40000001 2.00000000
vt 0.59987760 2.00000000
vt 0.20000000 1.00000000
vt 0.80012250 1.00000000
vt 0.40000001 2.00000000
vt 0.60000002 2.00000000
vt 0.40000001 1.00000000
vt 0.60000002 1.00000000
vt 0.60000002 2.00000000
vt 0.80000001 2.00000000
vt 0.40000001 1.00000000
vt 0.20000000 2.00000000
vt 0.40000001 2.00000000
vt 0.60000002 1.00000000
vt 0.80000001 2.00000000
vt 0.80000001 1.00000000
vt 0.20000000 1.00000000
vt 0.20000000 2.00000000
vt 0.40000001 1.00000000
vt 0.80000001 1.00000000
vt 0.80000001 2.00000000
vt 1.00000000 2.00000000
vt 0.20000000 1.00000000
vt 0.00000000 2.00000000
vt 0.20000000 2.00000000
vt 0.80000001 1.00000000
vt 1.00000000 1.00000000
vt 0.00000000 1.00000000
vt 0.00000000 2.00000000
vt 0.20000000 1.00000000
vt 1.00000000 1.00000000
vt 0.00000000 2.00000000
vt 1.00000000 2.00000000
vt 0.00000000 1.00000000
vt -0.00000000 1.00000000
vt 1.00000000 2.00000000
vt 1.00000000 1.00000000
vt 0.00000000 2.00000000
vt 0.20000000 2.00000000
vt -0.00000000 1.00000000
vt -0.00000000 2.00000000
vt 0.80000001 2.00000000
vt 1.00000000 2.00000000
vt 1.00000000 1.00000000
vt 0.20000000 1.00000000
vt 0.00000000 1.00000000
vt 0.20000000 2.00000000
vt 0.80000001 2.00000000
vt 1.00000000 1.00000000
vt 0.80000001 1.00000000
vt 0.40000001 2.00000000
vt 0.20000000 1.00000000
vt 0.20000000 2.00000000
vt 0.60000002 2.00000000
vt 0.80000001 2.00000000
vt 0.80000001 1.00000000
vt 0.40000001 2.00000000
vt 0.60000002 1.00000000
vt 0.20012240 1.00000000
vt 0.60000002 2.00000000
vt 0.40000001 1.00000000
vt 0.60000002 2.00000000
vt 0.79987758 1.00000000
vt 0.40000001 2.00000000
vt 0.80000001 2.00000000
vt 0.60000002 1.00000000
vt 0.60000002 2.00000000
vt 0.20000000 2.00000000
vt 0.40000001 2.00000000
vt 0.40000001 1.00000000
vt 0.80000001 1.00000000
vt 0.60000002 1.00000000
vt 0.80000001 2.00000000
vt 0.20000000 2.00000000
vt 0.40000001 1.00000000
vt 0.20000000 1.00000000
vt 1.00000000 2.00000000
vt 0.80000001 1.00000000
vt 0.80000001 2.00000000
vt 0.00000000 2.00000000
vt 0.20000000 2.00000000
vt 0.20000000 1.00000000
vt 1.00000000 1.00000000
vt 0.80000001 1.00000000
vt 1.00000000 2.00000000
vt 0.00000000 2.00000000
vt 0.20000000 1.00000000
vt 0.00000000 1.00000000
vt -0.00000000 2.00000000
vt 1.00000000 1.00000000
vt 0.00000000 1.00000000
vt 1.00000000 2.00000000
vt -0.00000000 1.00000000
vt 1.00000000 2.00000000
vt 1.00000000 1.00000000
vt 0.00000000 2.00000000
vt 0.20000000 2.00000000
vt -0.00000000 1.00000000
vt -0.00000000 2.00000000
vt 0.80000001 2.00000000
vt 1.00000000 2.00000000
vt 1.00000000 1.00000000
vt 0.20000000 1.00000000
vt 0.00000000 1.00000000
vt 0.20000000 2.00000000
vt 0.80000001 2.00000000
vt 1.00000000 1.00000000
vt 0.80000001 1.00000000
vt 0.40000001 2.00000000
vt 0.20000000 1.00000000
vt 0.20000000 2.00000000
vt 0.60000002 2.00000000
vt 0.80000001 2.00000000
vt 0.80000001 1.00000000
vt 0.40000001 2.00000000
vt 0.59987760 1.00000000
vt 0.20000000 1.00000000
vt 0.59987760 2.00000000
vt 0.40012240 1.00000000
vt 0.60000002 2.00000000
vt 0.80000001 1.00000000
vt 0.40012240 2.00000000
vt 0.80000001 2.00000000
vt 0.60000002 1.00000000
vt 0.60000002 2.00000000
vt 0.20000000 2.00000000
vt 0.40000001 2.00000000
vt 0.40000001 1.00000000
vt 0.80000001 1.00000000
vt 0.60000002 1.00000000
vt 0.80000001 2.00000000
vt 0.20000000 2.00000000
vt 0.40000001 1.00000000
vt 0.20000000 1.00000000
vt 1.00000000 2.00000000
vt 0.80000001 1.00000000
vt 0.80000001 2.00000000
vt 0.00000000 2.00000000
vt 0.20000000 2.00000000
vt 0.20000000 1.00000000
vt 1.00000000 1.00000000
vt 0.80000001 1.00000000
vt 1.00000000 2.00000000
vt 0.00000000 2.00000000
vt 0.20000000 1.00000000
vt 0.00000000 1.00000000
vt -0.00000000 2.00000000
vt 1.00000000 1.00000000
vt 0.00000000 1.00000000
vt 1.00000000 2.00000000
vt -0.00000000 1.00000000
vt 1.00000000 2.00000000
vt 1.00000000 1.00000000
vt 0.00000000 2.00000000
vt 0.20000000 2.00000000
vt -0.00000000 1.00000000
vt -0.00000000 2.00000000
vt 0.80000001 2.00000000
vt 1.00000000 2.00000000
vt 1.00000000 1.00000000
vt 0.20000000 1.00000000
vt 0.00000000 1.00000000
vt 0.20000000 2.00000000
vt 0.80000001 2.00000000
vt 1.00000000 1.00000000
vt 0.80000001 1.00000000
vt 0.40000001 2.00000000
vt 0.20000000 1.00000000
vt 0.20000000 2.00000000
vt 0.60000002 2.00000000
vt 0.80000001 2.00000000
vt 0.80000001 1.00000000
vt 0.40000001 2.00000000
vt 0.60000002 1.00000000
vt 0.20012240 1.00000000
vt 0.60000002 2.00000000
vt 0.40000001 1.00000000
vt 0.60000002 2.00000000
vt 0.79987758 1.00000000
vt 0.40000001 2.00000000
vt 0.80000001 2.00000000
vt 0.60000002 1.00000000
vt 0.60000002 2.00000000
vt 0.20000000 2.00000000
vt 0.40000001 2.00000000
vt 0.40000001 1.00000000
vt 0.80000001 1.00000000
vt 0.60000002 1.00000000
vt 0.80000001 2.00000000
vt 0.20000000 2.00000000
vt 0.40000001 1.00000000
vt 0.20000000 1.00000000
vt 1.00000000 2.00000000
vt 0.80000001 1.00000000
vt 0.80000001 2.00000000
vt -0.00000000 2.00000000
vt 0.20000000 2.00000000
vt 0.20000000 1.00000000
vt 1.00000000 1.00000000
vt 0.80000001 1.00000000
vt 1.00000000 2.00000000
vt 0.00000000 2.00000000
vt 0.20000000 1.00000000
vt 0.00000000 1.00000000
vt -0.00000000 2.00000000
vt 1.00000000 1.00000000
vt 0.00000000 1.00000000
vt 1.00000000 2.00000000
vt 0.14680000 1.59960008
vt 0.26199999 1.99950004
vt 0.50000000 1.99950004
vt 0.50000000 1.59960008
vt 0.73799998 1.99950004
vt 0.85320002 1.59960008
vt 0.26263481 1.73736382
vt 0.26223239 1.26176393
vt 0.16391709 1.49948204
vt 0.26335669 1.49953139
vt 0.33286881 1.66706395
vt 0.50056869 1.83596373
vt 0.50048459 1.73655891
vt 0.73840189 1.73759985
vt 0.66798288 1.66723013
vt 0.73721153 1.49976635
vt 0.33258539 1.33213353
vt 0.49999970 1.16339993
vt 0.50008380 1.26280475
vt 0.66769958 1.33229971
vt 0.73799950 1.26199985
vt 0.83671713 1.49981570
vt 0.14680000 1.59960008
vt 0.50000000 1.99950004
vt 0.50000000 1.59960008
vt 0.50000000 1.00049996
vt 0.85320002 1.00049996
vt 0.50000000 1.99950004
vt 0.73799998 1.99950004
vt 0.50000000 1.59960008
vt 0.73799998 1.99950004
vt 0.50000000 1.59960008
vt 0.50000000 1.99950004
vt 0.26225531 1.99942720
vt 0.50029081 1.59952867
vt 0.50000000 1.59960008
vt 0.14709090 1.59952974
vt 0.14680000 1.59960008
vt 0.50029242 1.99942899
vt 0.50000000 1.59960008
vt 0.50000000 1.99950004
vt 0.73799998 1.99950004
vt 0.14680000 1.59960008
vt 0.26199999 1.99950004
vt 0.50000000 1.99950004
vt 0.85296828 1.59992731
vt 0.85320002 1.59960008
vt 0.49972960 1.99982882
vt 0.73776668 1.99982715
vt 0.49976841 1.59992623
vt 0.50000000 1.59960008
vt 0.14680000 1.59960008
vt 0.26199999 1.99950004
vt 0.50000000 1.99950004
vt 0.50000000 1.00049996
vt 0.14680000 1.00049996
vt 0.85320002 1.14680004
vt 0.85321212 1.85292590
vt 0.99951369 1.49985552
vt 0.85182017 1.49982977
vt 0.74879998 1.25119996
vt 0.50000000 1.00049996
vt 0.50000250 1.14812350
vt 0.14680500 1.14667654
vt 0.25120860 1.25111294
vt 0.14813100 1.49970675
vt 0.74880850 1.74848938
vt 0.50001723 1.99910247
vt 0.50001460 1.85147882
vt 0.25121719 1.74840236
vt 0.14681721 1.85280240
vt 0.00050341 1.49968088
vt 0.14680000 1.00049996
vt 0.50000000 1.59960008
vt 0.50000000 1.00049996
vt 0.14680000 1.59960008
vt 0.50000000 1.99950004
vt 0.85320002 1.59960008
vt 0.50000000 1.59960008
vt 0.73799998 1.99950004
vt 0.50000000 1.00049996
vt 0.14680000 1.00049996
vt 0.85320002 1.59960008
vt 0.50000000 1.59960008
vt 0.73799998 1.99950004
vt 0.85320002 1.00049996
vt 0.50000000 1.00049996
vt 0.50000000 1.59960008
vt 0.14680000 1.59960008
vt 0.50000000 1.99950004
vt 0.50000000 1.00049996
vt 0.85320002 1.00049996
vt 0.85320002 1.00049996
vt 0.50000000 1.00049996
vt 0.14680000 1.00049996
vt 0.50000000 1.00049996
vt 0.50000000 1.59960008
vt 0.50037730 1.59929132
vt 0.74879998 1.00049996
vt 0.50000000 1.00049996
vt 0.74879998 1.59960008
vt 0.74917728 1.59929204
vt 0.25119999 1.59960008
vt 0.25126851 1.59955716
vt 0.50000000 1.00049996
vt 0.25119999 1.00049996
vt 0.50000000 1.59960008
vt 0.50006849 1.59955728
vt 0.50038630 1.99919295
vt 0.66807598 1.99919200
vt 0.50000000 1.59960008
vt 0.49965060 1.59956980
vt 0.25119999 1.00049996
vt 0.25119999 1.59960008
vt 0.25085050 1.59956872
vt 0.50000000 1.00049996
vt 0.33239710 1.99945736
vt 0.50006843 1.99945712
vt 0.74879998 1.59960008
vt 0.50000000 1.00049996
vt 0.50000000 1.59960008
vt 0.74879998 1.00049996
vt 0.49964851 1.99946952
vt 0.33195141 1.99947131
vt 0.74879998 1.00049996
vt 0.50000000 1.59960008
vt 0.74879998 1.59960008
vt 0.50000000 1.00049996
vt 0.66769999 1.99950004
vt 0.50000000 1.00049996
vt 0.25119999 1.59960008
vt 0.25156620 1.59966946
vt 0.50000000 1.59960008
vt 0.50036627 1.59967053
vt 0.25119999 1.00049996
vt 0.50000000 1.59960008
vt 0.50000000 1.99950004
vt 0.66769999 1.99950004
vt 0.66769999 1.99950004
vt 0.25119999 1.00049996
vt 0.50000000 1.59960008
vt 0.50000000 1.00049996
vt 0.25119999 1.59960008
vt 0.50000000 1.59960008
vt 0.50000000 1.99950004
vt 0.66769999 1.99950004
vt 0.50000000 1.00049996
vt 0.74879998 1.59960008
vt 0.74879998 1.00049996
vt 0.50000000 1.59960008
vt 0.33266711 1.99957204
vt 0.50036418 1.99957037
vt 0.25119999 1.59960008
vt 0.33230001 1.99950004
vt 0.50000000 1.99950004
vt 0.50000000 1.99950004
vt 0.66769999 1.99950004
vt 0.50000000 1.99950004
vt 0.66769999 1.99950004
vt 0.50000000 1.59960008
vt 0.26027039 1.73963904
vt 0.26039839 1.26036096
vt 0.16110000 1.50000000
vt 0.49981889 1.83890009
vt 0.50000000 1.16110003
vt 0.73960161 1.73963904
vt 0.73972958 1.26036096
vt 0.83890003 1.50000000
vt 0.50000000 1.76080000
vt 0.73960000 1.99950004
vt 0.73960000 1.76080000
vt 0.50000000 1.99950004
vt 0.26040000 1.76080000
vt 0.50000000 1.99950004
vt 0.50000000 1.76080000
vt 0.26040000 1.99950004
vt 0.73960000 1.76080000
vt 0.50000000 1.99950004
vt 0.73960000 1.99950004
vt 0.50000000 1.76080000
vt 0.50000000 1.99950004
vt 0.26040000 1.76080000
vt 0.26040000 1.99950004
vt 0.50000000 1.76080000
vt 0.50000000 1.99950004
vt 0.73960000 1.76080000
vt 0.50000000 1.76080000
vt 0.73960000 1.99950004
vt 0.26040000 1.99950004
vt 0.50000000 1.76080000
vt 0.26040000 1.76080000
vt 0.50000000 1.99950004
vt 0.73960000 1.99950004
vt 0.50000000 1.76080000
vt 0.50000000 1.99950004
vt 0.73960000 1.76080000
vt 0.50000000 1.76080000
vt 0.26040000 1.99950004
vt 0.50000000 1.99950004
vt 0.26040000 1.76080000
vt 0.50000000 1.76080000
vt 0.73960000 1.76080000
vt 0.85320002 1.35239983
vt 0.26040000 1.76080000
vt 0.50000000 1.76080000
vt 0.50000000 1.35239983
vt 0.85320002 1.35239983
vt 0.50000000 1.76080000
vt 0.73960000 1.76080000
vt 0.50000000 1.35239983
vt 0.26040000 1.76080000
vt 0.50000000 1.76080000
vt 0.85320002 1.35239983
vt 0.50000000 1.76080000
vt 0.73960000 1.76080000
vt 0.50000000 1.76080000
vt 0.50000000 1.35239983
vt 0.26040000 1.76080000
vt 0.85320002 1.35239983
vt 0.50000000 1.76080000
vt 0.73960000 1.76080000
vt 0.50000000 1.35239983
vt 0.26040000 1.76080000
vt 0.50000000 1.76080000
vt 0.14680000 1.35239983
vt 0.26040000 1.76080000
vt 0.50000000 1.35239983
vt 0.50000000 1.76080000
vt 0.85320002 1.35239983
vt 0.50000000 1.35239983
vt 0.14680000 1.35239983
vt 0.26040000 1.76080000
vt 0.50000000 1.35239983
vt 0.50000000 1.35239983
vt 0.50000000 1.76080000
vt 0.85320002 1.35239983
vt 0.50000000 1.35239983
vt 0.14680000 1.35239983
vt 0.26040000 1.76080000
vt 0.85320002 1.35239983
vt 0.50000000 1.35239983
vt 0.50000000 1.76080000
vt 0.50000000 1.35239983
vt 0.14680000 1.35239983
vt 0.26040000 1.76080000
vt 0.85320002 1.35239983
vt 0.50000000 1.35239983
vt 0.50000000 1.76080000
vt 0.50000000 1.00049996
vt 0.14680000 1.35239983
vt 0.50000000 1.35239983
vt 0.50000000 1.00049996
vt 0.85320002 1.35239983
vt 0.85320002 1.00049996
vt 0.50000000 1.35239983
vt 0.14680000 1.00049996
vt 0.50000000 1.35239983
vt 0.50000000 1.00049996
vt 0.14680000 1.35239983
vt 0.85320002 1.00049996
vt 0.50000000 1.35239983
vt 0.85320002 1.35239983
vt 0.50000000 1.00049996
vt 0.50000000 1.35239983
vt 0.14680000 1.00049996
vt 0.14680000 1.35239983
vt 0.50000000 1.00049996
vt 0.50000000 1.35239983
vt 0.85320002 1.00049996
vt 0.50000000 1.00049996
vt 0.85320002 1.35239983
vt 0.14680000 1.35239983
vt 0.50000000 1.00049996
vt 0.14680000 1.00049996
vt 0.50000000 1.35239983
vt 0.85320002 1.00049996
vt 0.50000000 1.35239983
vt 0.85320002 1.35239983
vt 0.85320002 1.00049996
vt 0.50000000 1.00049996
vt 0.50000000 1.35239983
vt 0.14680000 1.00049996
vt 0.14680000 1.35239983
vt 0.50000000 1.00049996
vt 0.85320002 1.14680004
vt 0.85320002 1.85319996
vt 0.99951410 1.50000000
vt 0.50009048 1.00070441
vt 0.50009048 1.99929547
vt 0.14680000 1.14680004
vt 0.14680000 1.85319996
vt 0.00048593 1.50000000
vt 0.26036090 1.73963904
vt 0.26036090 1.26036096
vt 0.16110000 1.50000000
vt 0.50000000 1.83890009
vt 0.50000000 1.16110003
vt 0.73963910 1.73963904
vt 0.73963910 1.26036096
vt 0.83890003 1.50000000
vt 0.50000000 1.76080000
vt 0.73960000 1.99950004
vt 0.73960000 1.76080000
vt 0.50000000 1.99950004
vt 0.26040000 1.76080000
vt 0.50000000 1.99950004
vt 0.50000000 1.76080000
vt 0.26040000 1.99950004
vt 0.73960000 1.76080000
vt 0.50000000 1.99950004
vt 0.73960000 1.99950004
vt 0.50000000 1.76080000
vt 0.50000000 1.99950004
vt 0.26040000 1.76080000
vt 0.26040000 1.99950004
vt 0.50000000 1.76080000
vt 0.50000000 1.99950004
vt 0.73960000 1.76080000
vt 0.50000000 1.76080000
vt 0.73960000 1.99950004
vt 0.26040000 1.99950004
vt 0.50000000 1.76080000
vt 0.26040000 1.76080000
vt 0.50000000 1.99950004
vt 0.73960000 1.99950004
vt 0.50000000 1.76080000
vt 0.50000000 1.99950004
vt 0.73960000 1.76080000
vt 0.50000000 1.76080000
vt 0.26040000 1.99950004
vt 0.50000000 1.99950004
vt 0.26040000 1.76080000
vt 0.50000000 1.76080000
vt 0.73960000 1.76080000
vt 0.85320002 1.35239983
vt 0.26040000 1.76080000
vt 0.50000000 1.76080000
vt 0.50000000 1.35239983
vt 0.85320002 1.35239983
vt 0.50000000 1.76080000
vt 0.73960000 1.76080000
vt 0.50000000 1.35239983
vt 0.26040000 1.76080000
vt 0.50000000 1.76080000
vt 0.85320002 1.35239983
vt 0.50000000 1.76080000
vt 0.73960000 1.76080000
vt 0.50000000 1.76080000
vt 0.50000000 1.35239983
vt 0.26040000 1.76080000
vt 0.85320002 1.35239983
vt 0.50000000 1.76080000
vt 0.73960000 1.76080000
vt 0.50000000 1.35239983
vt 0.26040000 1.76080000
vt 0.50000000 1.76080000
vt 0.14680000 1.35239983
vt 0.26040000 1.76080000
vt 0.50000000 1.35239983
vt 0.50000000 1.76080000
vt 0.85320002 1.35239983
vt 0.50000000 1.35239983
vt 0.14680000 1.35239983
vt 0.26040000 1.76080000
vt 0.50000000 1.35239983
vt 0.50000000 1.35239983
vt 0.50000000 1.76080000
vt 0.85320002 1.35239983
vt 0.50000000 1.35239983
vt 0.14680000 1.35239983
vt 0.26040000 1.76080000
vt 0.85320002 1.35239983
vt 0.50000000 1.35239983
vt 0.50000000 1.76080000
vt 0.50000000 1.35239983
vt 0.14680000 1.35239983
vt 0.26040000 1.76080000
vt 0.85320002 1.35239983
vt 0.50000000 1.35239983
vt 0.50000000 1.76080000
vt 0.50000000 1.00049996
vt 0.14680000 1.35239983
vt 0.50000000 1.35239983
vt 0.50000000 1.00049996
vt 0.85320002 1.35239983
vt 0.85320002 1.00049996
vt 0.50000000 1.35239983
vt 0.14680000 1.00049996
vt 0.50000000 1.35239983
vt 0.50000000 1.00049996
vt 0.14680000 1.35239983
vt 0.85320002 1.00049996
vt 0.50000000 1.35239983
vt 0.85320002 1.35239983
vt 0.50000000 1.00049996
vt 0.50000000 1.35239983
vt 0.14680000 1.00049996
vt 0.14680000 1.35239983
vt 0.50000000 1.00049996
vt 0.50000000 1.35239983
vt 0.85320002 1.00049996
vt 0.50000000 1.00049996
vt 0.85320002 1.35239983
vt 0.14680000 1.35239983
vt 0.50000000 1.00049996
vt 0.14680000 1.00049996
vt 0.50000000 1.35239983
vt 0.85320002 1.00049996
vt 0.50000000 1.35239983
vt 0.85320002 1.35239983
vt 0.85320002 1.00049996
vt 0.50000000 1.00049996
vt 0.50000000 1.35239983
vt 0.14680000 1.00049996
vt 0.14680000 1.35239983
vt 0.50000000 1.00049996
vt 0.85320002 1.14680004
vt 0.85320002 1.85319996
vt 0.99951410 1.50000000
vt 0.49990949 1.00070441
vt 0.49990949 1.99929547
vt 0.14680000 1.14680004
vt 0.14680000 1.85319996
vt 0.00048593 1.50000000
vt 0.85320002 1.14680004
vt 0.85320002 1.85319996
vt 0.99929547 1.50000000
vt 0.50000000 1.00070441
vt 0.50000000 1.99929547
vt 0.14680000 1.14680004
vt 0.14680000 1.85319996
vt 0.00052342 1.50000000
vt 0.85320002 1.00049996
vt 0.50000000 1.35239983
vt 0.85320002 1.35239983
vt 0.50000000 1.00049996
vt 0.14680000 1.00049996
vt 0.50000000 1.35239983
vt 0.50000000 1.00049996
vt 0.14680000 1.35239983
vt 0.50000000 1.00049996
vt 0.85320002 1.35239983
vt 0.85320002 1.00049996
vt 0.50000000 1.35239983
vt 0.14680000 1.00049996
vt 0.14680000 1.35239983
vt 0.50000000 1.00049996
vt 0.85320002 1.00049996
vt 0.50000000 1.00049996
vt 0.50000000 1.35239983
vt 0.14680000 1.35239983
vt 0.50000000 1.00049996
vt 0.14680000 1.00049996
vt 0.50000000 1.35239983
vt 0.50000000 1.35239983
vt 0.85320002 1.00049996
vt 0.50000000 1.00049996
vt 0.85320002 1.35239983
vt 0.50000000 1.35239983
vt 0.14680000 1.00049996
vt 0.14680000 1.35239983
vt 0.50000000 1.00049996
vt 0.50000000 1.35239983
vt 0.50000000 1.76080000
vt 0.85320002 1.35239983
vt 0.14680000 1.35239983
vt 0.26040000 1.76080000
vt 0.50000000 1.35239983
vt 0.50000000 1.76080000
vt 0.85320002 1.35239983
vt 0.50000000 1.35239983
vt 0.50000000 1.00049996
vt 0.14680000 1.35239983
vt 0.50000000 1.35239983
vt 0.85320002 1.00049996
vt 0.50000000 1.35239983
vt 0.85320002 1.35239983
vt 0.50000000 1.35239983
vt 0.14680000 1.35239983
vt 0.26040000 1.76080000
vt 0.85320002 1.35239983
vt 0.50000000 1.35239983
vt 0.50000000 1.76080000
vt 0.50000000 1.35239983
vt 0.14680000 1.35239983
vt 0.26040000 1.76080000
vt 0.50000000 1.35239983
vt 0.26040000 1.76080000
vt 0.50000000 1.76080000
vt 0.85320002 1.35239983
vt 0.50000000 1.76080000
vt 0.73960000 1.76080000
vt 0.26040000 1.76080000
vt 0.50000000 1.76080000
vt 0.50000000 1.35239983
vt 0.50000000 1.76080000
vt 0.73960000 1.76080000
vt 0.85320002 1.35239983
vt 0.14680000 1.35239983
vt 0.26040000 1.76080000
vt 0.50000000 1.35239983
vt 0.73867643 1.76113689
vt 0.49915919 1.35273385
vt 0.49916160 1.76113367
vt 0.85235947 1.35273170
vt 0.50000000 1.76080000
vt 0.50000000 1.35239983
vt 0.26040000 1.76080000
vt 0.85320002 1.35239983
vt 0.50000000 1.76080000
vt 0.73960000 1.76080000
vt 0.50000000 1.99950004
vt 0.26040000 1.76080000
vt 0.26040000 1.99950004
vt 0.50000000 1.76080000
vt 0.73960000 1.76080000
vt 0.50000000 1.99950004
vt 0.73960000 1.99950004
vt 0.50000000 1.76080000
vt 0.26040000 1.76080000
vt 0.50000000 1.99950004
vt 0.50000000 1.76080000
vt 0.26040000 1.99950004
vt 0.50000000 1.76080000
vt 0.73960000 1.99950004
vt 0.73960000 1.76080000
vt 0.50000000 1.99950004
vt 0.50000000 1.35239983
vt 0.26040000 1.76080000
vt 0.50000000 1.76080000
vt 0.73960000 1.99950004
vt 0.50000000 1.76080000
vt 0.50000000 1.99950004
vt 0.73960000 1.76080000
vt 0.26040000 1.99950004
vt 0.50000000 1.76080000
vt 0.26040000 1.76080000
vt 0.50000000 1.99950004
vt 0.50000000 1.99950004
vt 0.73960000 1.76080000
vt 0.50000000 1.76080000
vt 0.73960000 1.99950004
vt 0.26036090 1.73963904
vt 0.26036090 1.26036096
vt 0.16110000 1.50000000
vt 0.50000000 1.83890009
vt 0.50000000 1.16110003
vt 0.73963910 1.73963904
vt 0.73963910 1.26036096
vt 0.83890003 1.50000000
vt 0.50000000 1.76080000
vt 0.26040000 1.99950004
vt 0.50000000 1.99950004
vt 0.26040000 1.76080000
vt 0.85320002 1.14680004
vt 0.85320002 1.85319996
vt 0.99951410 1.50000000
vt 0.49990949 1.00070441
vt 0.49990949 1.99929547
vt 0.14680000 1.14680004
vt 0.14680000 1.85319996
vt 0.00048593 1.50000000
vt 0.85320002 1.00049996
vt 0.50000000 1.35239983
vt 0.85320002 1.35239983
vt 0.50000000 1.00049996
vt 0.14680000 1.00049996
vt 0.50000000 1.35239983
vt 0.50000000 1.00049996
vt 0.14680000 1.35239983
vt 0.50000000 1.00049996
vt 0.85320002 1.35239983
vt 0.85320002 1.00049996
vt 0.50000000 1.35239983
vt 0.14680000 1.00049996
vt 0.14680000 1.35239983
vt 0.50000000 1.00049996
vt 0.85320002 1.00049996
vt 0.50000000 1.00049996
vt 0.50000000 1.35239983
vt 0.14680000 1.35239983
vt 0.50000000 1.00049996
vt 0.14680000 1.00049996
vt 0.50000000 1.35239983
vt 0.50000000 1.35239983
vt 0.85320002 1.00049996
vt 0.50000000 1.00049996
vt 0.85320002 1.35239983
vt 0.50000000 1.35239983
vt 0.14680000 1.00049996
vt 0.14680000 1.35239983
vt 0.50000000 1.00049996
vt 0.50000000 1.35239983
vt 0.50000000 1.76080000
vt 0.85320002 1.35239983
vt 0.14680000 1.35239983
vt 0.26040000 1.76080000
vt 0.50000000 1.35239983
vt 0.50000000 1.76080000
vt 0.85320002 1.35239983
vt 0.50000000 1.35239983
vt 0.50000000 1.00049996
vt 0.14680000 1.35239983
vt 0.50000000 1.35239983
vt 0.85320002 1.00049996
vt 0.50000000 1.35239983
vt 0.85320002 1.35239983
vt 0.50000000 1.35239983
vt 0.14680000 1.35239983
vt 0.26040000 1.76080000
vt 0.85320002 1.35239983
vt 0.50000000 1.35239983
vt 0.50000000 1.76080000
vt 0.50000000 1.35239983
vt 0.14680000 1.35239983
vt 0.26040000 1.76080000
vt 0.50000000 1.35239983
vt 0.26040000 1.76080000
vt 0.50000000 1.76080000
vt 0.85320002 1.35239983
vt 0.50000000 1.76080000
vt 0.73960000 1.76080000
vt 0.26040000 1.76080000
vt 0.50000000 1.76080000
vt 0.50000000 1.35239983
vt 0.50000000 1.76080000
vt 0.73960000 1.76080000
vt 0.85320002 1.35239983
vt 0.14680000 1.35239983
vt 0.26040000 1.76080000
vt 0.50000000 1.35239983
vt 0.85320002 1.35239983
vt 0.50000000 1.35239983
vt 0.50000000 1.76080000
vt 0.85320002 1.35239983
vt 0.50000000 1.76080000
vt 0.73960000 1.76080000
vt 0.50000000 1.76080000
vt 0.50000000 1.35239983
vt 0.26040000 1.76080000
vt 0.85320002 1.35239983
vt 0.50000000 1.76080000
vt 0.73960000 1.76080000
vt 0.50000000 1.99950004
vt 0.26040000 1.76080000
vt 0.26040000 1.99950004
vt 0.50000000 1.76080000
vt 0.73960000 1.76080000
vt 0.50000000 1.99950004
vt 0.73960000 1.99950004
vt 0.50000000 1.76080000
vt 0.26040000 1.76080000
vt 0.50000000 1.99950004
vt 0.50000000 1.76080000
vt 0.26040000 1.99950004
vt 0.50000000 1.76080000
vt 0.73960000 1.99950004
vt 0.73960000 1.76080000
vt 0.50000000 1.99950004
vt 0.50000000 1.35239983
vt 0.26040000 1.76080000
vt 0.50000000 1.76080000
vt 0.73960000 1.99950004
vt 0.50000000 1.76080000
vt 0.50000000 1.99950004
vt 0.73960000 1.76080000
vt 0.26040000 1.99950004
vt 0.50000000 1.76080000
vt 0.26040000 1.76080000
vt 0.50000000 1.99950004
vt 0.50000000 1.99950004
vt 0.73960000 1.76080000
vt 0.50000000 1.76080000
vt 0.73960000 1.99950004
vt 0.26057950 1.73963904
vt 0.26045150 1.26036096
vt 0.16110000 1.50000000
vt 0.50018108 1.83890009
vt 0.50000000 1.16110003
vt 0.73972958 1.73963904
vt 0.73960161 1.26036096
vt 0.83890003 1.50000000
vt 0.50000000 1.76080000
vt 0.26040000 1.99950004
vt 0.50000000 1.99950004
vt 0.26040000 1.76080000
vt 0.85320002 1.14680004
vt 0.85320002 1.85319996
vt 0.99951410 1.50000000
vt 0.50009048 1.00070441
vt 0.50009048 1.99929547
vt 0.14680000 1.14680004
vt 0.14680000 1.85319996
vt 0.00048593 1.50000000
vt 0.85320002 1.00049996
vt 0.50000000 1.35239983
vt 0.85320002 1.35239983
vt 0.50000000 1.00049996
vt 0.14680000 1.00049996
vt 0.50000000 1.35239983
vt 0.50000000 1.00049996
vt 0.14680000 1.35239983
vt 0.50000000 1.00049996
vt 0.85320002 1.35239983
vt 0.85320002 1.00049996
vt 0.50000000 1.35239983
vt 0.14680000 1.00049996
vt 0.14680000 1.35239983
vt 0.50000000 1.00049996
vt 0.85320002 1.00049996
vt 0.50000000 1.00049996
vt 0.50000000 1.35239983
vt 0.14680000 1.35239983
vt 0.50000000 1.00049996
vt 0.14680000 1.00049996
vt 0.50000000 1.35239983
vt 0.50000000 1.35239983
vt 0.85320002 1.00049996
vt 0.50000000 1.00049996
vt 0.85320002 1.35239983
vt 0.50000000 1.35239983
vt 0.14680000 1.00049996
vt 0.14680000 1.35239983
vt 0.50000000 1.00049996
vt 0.50000000 1.35239983
vt 0.50000000 1.76080000
vt 0.85320002 1.35239983
vt 0.14680000 1.35239983
vt 0.26040000 1.76080000
vt 0.50000000 1.35239983
vt 0.50000000 1.76080000
vt 0.85320002 1.35239983
vt 0.50000000 1.35239983
vt 0.50000000 1.00049996
vt 0.14680000 1.35239983
vt 0.50000000 1.35239983
vt 0.85320002 1.00049996
vt 0.50000000 1.35239983
vt 0.85320002 1.35239983
vt 0.50000000 1.35239983
vt 0.14680000 1.35239983
vt 0.26040000 1.76080000
vt 0.85320002 1.35239983
vt 0.50000000 1.35239983
vt 0.50000000 1.76080000
vt 0.50000000 1.35239983
vt 0.14680000 1.35239983
vt 0.26040000 1.76080000
vt 0.50000000 1.35239983
vt 0.26040000 1.76080000
vt 0.50000000 1.76080000
vt 0.85320002 1.35239983
vt 0.50000000 1.76080000
vt 0.73960000 1.76080000
vt 0.26040000 1.76080000
vt 0.50000000 1.76080000
vt 0.50000000 1.35239983
vt 0.50000000 1.76080000
vt 0.73960000 1.76080000
vt 0.85320002 1.35239983
vt 0.14680000 1.35239983
vt 0.26040000 1.76080000
vt 0.50000000 1.35239983
vt 0.85320002 1.35239983
vt 0.50000000 1.35239983
vt 0.50000000 1.76080000
vt 0.85320002 1.35239983
vt 0.50000000 1.76080000
vt 0.73960000 1.76080000
vt 0.50000000 1.76080000
vt 0.50000000 1.35239983
vt 0.26040000 1.76080000
vt 0.85320002 1.35239983
vt 0.50000000 1.76080000
vt 0.73960000 1.76080000
vt 0.50000000 1.99950004
vt 0.26040000 1.76080000
vt 0.26040000 1.99950004
vt 0.50000000 1.76080000
vt 0.73960000 1.76080000
vt 0.50000000 1.99950004
vt 0.73960000 1.99950004
vt 0.50000000 1.76080000
vt 0.26040000 1.76080000
vt 0.50000000 1.99950004
vt 0.50000000 1.76080000
vt 0.26040000 1.99950004
vt 0.50000000 1.76080000
vt 0.73960000 1.99950004
vt 0.73960000 1.76080000
vt 0.50000000 1.99950004
vt 0.50000000 1.35239983
vt 0.26040000 1.76080000
vt 0.50000000 1.76080000
vt 0.73960000 1.99950004
vt 0.50000000 1.76080000
vt 0.50000000 1.99950004
vt 0.73960000 1.76080000
vt 0.26040000 1.99950004
vt 0.50000000 1.76080000
vt 0.26040000 1.76080000
vt 0.50000000 1.99950004
vt 0.50000000 1.99950004
vt 0.73960000 1.76080000
vt 0.50000000 1.76080000
vt 0.73960000 1.99950004
vt 0.26027039 1.73963904
vt 0.26039839 1.26036096
vt 0.16110000 1.50000000
vt 0.49981889 1.83890009
vt 0.50000000 1.16110003
vt 0.73960161 1.73963904
vt 0.73972958 1.26036096
vt 0.83890003 1.50000000
vt 0.50000000 1.76080000
vt 0.26040000 1.99950004
vt 0.50000000 1.99950004
vt 0.26040000 1.76080000
vt 0.85319990 1.14698100
vt 0.85319990 1.85319996
vt 0.99929547 1.50021839
vt 0.50000000 1.00079501
vt 0.50000000 1.99938607
vt 0.14680000 1.14680004
vt 0.14680000 1.85319996
vt 0.00070446 1.49996257
vt 0.85320002 1.00049996
vt 0.50000000 1.35239983
vt 0.85320002 1.35239983
vt 0.50000000 1.00049996
vt 0.14680000 1.00049996
vt 0.50000000 1.35239983
vt 0.50000000 1.00049996
vt 0.14680000 1.35239983
vt 0.50000000 1.00049996
vt 0.85320002 1.35239983
vt 0.85320002 1.00049996
vt 0.50000000 1.35239983
vt 0.14680000 1.00049996
vt 0.14680000 1.35239983
vt 0.50000000 1.00049996
vt 0.85320002 1.00049996
vt 0.50000000 1.00049996
vt 0.50000000 1.35239983
vt 0.14680000 1.35239983
vt 0.50000000 1.00049996
vt 0.14680000 1.00049996
vt 0.50000000 1.35239983
vt 0.50000000 1.35239983
vt 0.85320002 1.00049996
vt 0.50000000 1.00049996
vt 0.85320002 1.35239983
vt 0.50000000 1.35239983
vt 0.14680000 1.00049996
vt 0.14680000 1.35239983
vt 0.50000000 1.00049996
vt 0.85395342 1.35221398
vt 0.50075549 1.76061606
vt 0.74027020 1.76061916
vt 0.50075310 1.35221624
vt 0.14680000 1.35239983
vt 0.26040000 1.76080000
vt 0.50000000 1.35239983
vt 0.50000000 1.76080000
vt 0.85320002 1.35239983
vt 0.50000000 1.35239983
vt 0.50000000 1.00049996
vt 0.14680000 1.35239983
vt 0.50000000 1.35239983
vt 0.85320002 1.00049996
vt 0.50000000 1.35239983
vt 0.85320002 1.35239983
vt 0.50000000 1.35239983
vt 0.14680000 1.35239983
vt 0.26040000 1.76080000
vt 0.85320002 1.35239983
vt 0.50000000 1.35239983
vt 0.50000000 1.76080000
vt 0.50000000 1.35239983
vt 0.14680000 1.35239983
vt 0.26040000 1.76080000
vt 0.50000000 1.35239983
vt 0.26040000 1.76080000
vt 0.50000000 1.76080000
vt 0.73960000 1.76080000
vt 0.50000000 1.99950004
vt 0.73960000 1.99950004
vt 0.50000000 1.76080000
vt 0.26040000 1.76080000
vt 0.50000000 1.76080000
vt 0.50000000 1.35239983
vt 0.50000000 1.76080000
vt 0.73960000 1.76080000
vt 0.85320002 1.35239983
vt 0.14680000 1.35239983
vt 0.26040000 1.76080000
vt 0.50000000 1.35239983
vt 0.73871571 1.76122868
vt 0.49919859 1.35282564
vt 0.49920100 1.76122546
vt 0.85239887 1.35282362
vt 0.50000000 1.76080000
vt 0.50000000 1.35239983
vt 0.26040000 1.76080000
vt 0.85320002 1.35239983
vt 0.50000000 1.76080000
vt 0.73960000 1.76080000
vt 0.50000000 1.99950004
vt 0.26040000 1.76080000
vt 0.26040000 1.99950004
vt 0.50000000 1.76080000
vt 0.26036090 1.73963904
vt 0.26036090 1.26036096
vt 0.16110000 1.50000000
vt 0.50000000 1.83890009
vt 0.50000000 1.16110003
vt 0.73963910 1.73963904
vt 0.73963910 1.26036096
vt 0.83890003 1.50000000
vt 0.26040000 1.76080000
vt 0.50000000 1.99950004
vt 0.50000000 1.76080000
vt 0.26040000 1.99950004
vt 0.50000000 1.76080000
vt 0.73960000 1.99950004
vt 0.73960000 1.76080000
vt 0.50000000 1.99950004
vt 0.50000000 1.35239983
vt 0.26040000 1.76080000
vt 0.50000000 1.76080000
vt 0.73960000 1.99950004
vt 0.50000000 1.76080000
vt 0.50000000 1.99950004
vt 0.73960000 1.76080000
vt 0.26040000 1.99950004
vt 0.50000000 1.76080000
vt 0.26040000 1.76080000
vt 0.50000000 1.99950004
vt 0.50000000 1.99950004
vt 0.73960000 1.76080000
vt 0.50000000 1.76080000
vt 0.73960000 1.99950004
vt 0.50000000 1.76080000
vt 0.26040000 1.99950004
vt 0.50000000 1.99950004
vt 0.26040000 1.76080000
vt 0.16660000 1.00049996
vt 0.99949998 1.99950004
vt 0.99949998 1.00049996
vt 0.99949998 1.99950004
vt 0.16660000 1.99950004
vt 0.99949998 1.00049996
vt 0.79970002 1.99950004
vt 0.99949998 1.99950004
vt 0.79970002 1.00049996
vt 0.20029999 1.94470000
vt 0.00050000 1.00049996
vt 0.00050000 1.83343005
vt 0.99949998 1.00049996
vt 0.40009999 1.99947333
vt 0.59990001 1.99947333
vt 0.79970002 1.94470000
vt 0.99949998 1.83343005
vt 0.99950022 1.00049996
vt 0.00050000 1.99950027
vt 0.99950022 1.99950027
vt 0.00050000 1.00049996
vt 0.00050000 1.00046992
vt 0.99949998 1.83355021
vt 0.99949998 1.00062013
vt 0.79970002 1.94479012
vt 0.59990001 1.99953330
vt 0.40009999 1.99950337
vt 0.20029999 1.94470000
vt 0.00050000 1.83340001
vt 0.59990001 1.99950004
vt 0.59990001 1.00049996
vt 0.20029999 1.99950027
vt 0.20029999 1.99950004
vt 0.00050000 1.00049996
vt 0.00050000 1.99950027
vt 0.20029999 1.00049996
vt 0.20029999 1.00049996
vt 0.00050000 1.99950004
vt 0.83340001 1.00049996
vt 0.00050000 1.00049996
vt 0.00050000 1.99950004
vt 0.83340001 1.99950004
vt 0.40009999 1.99950004
vt 0.40009999 1.00049996
vt 0.99949998 1.00049996
vt 0.00050000 1.99950004
vt 0.99949998 1.99950004
vt 0.00050000 1.00049996
vt 0.00050000 1.00051999
vt 0.99949998 1.00049996
vt 0.99949998 1.99950004
vt 0.00050000 1.99950004
vt 0.99949998 1.00049996
vt 0.00050000 1.00049996
vt 0.00050000 1.99950004
vt 0.99949998 1.99948001
vt 0.99950022 1.00049996
vt 0.00050000 1.99950027
vt 0.99950022 1.99950027
vt 0.00050000 1.00049996
vt 0.00050000 1.00049996
vt 0.99949998 1.99950004
vt 0.99949998 1.00049996
vt 0.00050000 1.99950004
vt 0.99949998 1.00049996
vt 0.00050000 1.99950004
vt 0.99949998 1.99950004
vt 0.00050000 1.00049996
vt 0.16660000 1.00049996
vt 0.99949998 1.00049996
vt 0.16660000 1.99950004
vt 0.20029999 1.94470000
vt 0.00050000 1.00049996
vt 0.00050000 1.83343005
vt 0.99949998 1.00049996
vt 0.40009999 1.99947333
vt 0.59990001 1.99947333
vt 0.79970002 1.94470000
vt 0.99949998 1.83343005
vt 0.83340001 1.00049996
vt 0.00050000 1.00049996
vt 0.83340001 1.99950004
vt 0.00050000 1.00046992
vt 0.99949998 1.83355021
vt 0.99949998 1.00062013
vt 0.79970002 1.94479012
vt 0.59990001 1.99953330
vt 0.40009999 1.99950337
vt 0.20029999 1.94470000
vt 0.00050000 1.83340001
vt -0.00000000 1.00000000
vt 1.00000000 2.00000000
vt 1.00000000 1.00000000
vt 0.00000000 2.00000000
vt 0.20000000 2.00000000
vt -0.00000000 1.00000000
vt -0.00000000 2.00000000
vt 0.80000001 2.00000000
vt 1.00000000 2.00000000
vt 1.00000000 1.00000000
vt 0.20000000 1.00000000
vt 0.00000000 1.00000000
vt 0.20000000 2.00000000
vt 0.80000001 2.00000000
vt 1.00000000 1.00000000
vt 0.80000001 1.00000000
vt 0.40000001 2.00000000
vt 0.20000000 1.00000000
vt 0.20000000 2.00000000
vt 0.60000002 2.00000000
vt 0.80000001 2.00000000
vt 0.80000001 1.00000000
vt 0.40000001 2.00000000
vt 0.60000002 1.00000000
vt 0.20012240 1.00000000
vt 0.60000002 2.00000000
vt 0.40000001 1.00000000
vt 0.60000002 2.00000000
vt 0.79987758 1.00000000
vt 0.40000001 2.00000000
vt 0.80000001 2.00000000
vt 0.60000002 1.00000000
vt 0.60000002 2.00000000
vt 0.20000000 2.00000000
vt 0.40000001 2.00000000
vt 0.40000001 1.00000000
vt 0.80000001 1.00000000
vt 0.60000002 1.00000000
vt 0.80000001 2.00000000
vt 0.20000000 2.00000000
vt 0.40000001 1.00000000
vt 0.20000000 1.00000000
vt 1.00000000 2.00000000
vt 0.80000001 1.00000000
vt 0.80000001 2.00000000
vt 0.00000000 2.00000000
vt 0.20000000 2.00000000
vt 0.20000000 1.00000000
vt 1.00000000 1.00000000
vt 0.80000001 1.00000000
vt 1.00000000 2.00000000
vt 0.00000000 2.00000000
vt 0.20000000 1.00000000
vt 0.00000000 1.00000000
vt -0.00000000 2.00000000
vt 1.00000000 1.00000000
vt 0.00000000 1.00000000
vt 1.00000000 2.00000000
vt 0.20000000 2.00000000
vt -0.00000000 1.00000000
vt -0.00000000 2.00000000
vt -0.00000000 1.00000000
vt 1.00000000 2.00000000
vt 1.00000000 1.00000000
vt 0.00000000 2.00000000
vt 0.20000000 1.00000000
vt 0.00000000 1.00000000
vt 0.20000000 2.00000000
vt 0.80000001 2.00000000
vt 1.00000000 2.00000000
vt 1.00000000 1.00000000
vt 0.40000001 2.00000000
vt 0.20000000 1.00000000
vt 0.20000000 2.00000000
vt 0.80000001 2.00000000
vt 1.00000000 1.00000000
vt 0.80000001 1.00000000
vt 0.40000001 2.00000000
vt 0.60000002 1.00000000
vt 0.20000000 1.00000000
vt 0.60000002 2.00000000
vt 0.60000002 2.00000000
vt 0.80000001 2.00000000
vt 0.80000001 1.00000000
vt 0.80000001 2.00000000
vt 0.60000002 1.00000000
vt 0.60000002 2.00000000
vt 0.40000001 1.00000000
vt 0.60000002 2.00000000
vt 0.80000001 1.00000000
vt 0.40000001 2.00000000
vt 0.80000001 1.00000000
vt 0.60000002 1.00000000
vt 0.80000001 2.00000000
vt 0.20000000 2.00000000
vt 0.40000001 2.00000000
vt 0.40000001 1.00000000
vt 1.00000000 2.00000000
vt 0.80000001 1.00000000
vt 0.80000001 2.00000000
vt 0.20000000 2.00000000
vt 0.40000001 1.00000000
vt 0.20000000 1.00000000
vt 1.00000000 1.00000000
vt 0.80000001 1.00000000
vt 1.00000000 2.00000000
vt -0.00000000 2.00000000
vt 0.20000000 2.00000000
vt 0.20000000 1.00000000
vt -0.00000000 2.00000000
vt 1.00000000 1.00000000
vt 0.00000000 1.00000000
vt 1.00000000 2.00000000
vt 0.00000000 2.00000000
vt 0.20000000 1.00000000
vt 0.00000000 1.00000000
vt 0.94999999 1.00049996
vt 0.59990001 1.99950004
vt 0.94999999 1.99950004
vt 0.59990001 1.00049996
vt 0.21720000 1.00049996
vt 0.99949998 1.99950004
vt 0.99949998 1.00049996
vt 0.21720000 1.99950004
vt 0.94964671 1.78208685
vt 0.99914658 1.81420851
vt 0.99914658 0.99970871
vt 0.79941732 1.93801332
vt 0.59968799 1.87448812
vt 0.59968799 1.99903727
vt 0.39995861 1.87464643
vt 0.39995861 1.99919558
vt 0.04999993 1.78279972
vt 0.20022930 1.93848813
vt 0.00050000 1.81499982
vt 0.00050000 1.00049996
vt 0.40009999 1.99950004
vt 0.40009999 1.00049996
vt 0.00050000 1.81499982
vt 0.04999993 1.78279972
vt 0.00050000 1.00049996
vt 0.20022930 1.93848813
vt 0.39995861 1.87464643
vt 0.39995861 1.99919558
vt 0.59968799 1.99903727
vt 0.59968799 1.87448812
vt 0.79941732 1.93801332
vt 0.94964671 1.78208685
vt 0.99914658 1.81420851
vt 0.99914658 0.99970871
vt 0.00050000 1.99950004
vt 0.81500000 1.00049996
vt 0.00050000 1.00049996
vt 0.81500000 1.99950004
vt 0.99949998 1.00049996
vt 0.79970002 1.99950004
vt 0.99949998 1.99950004
vt 0.79970002 1.00049996
vt 0.18500000 1.00049996
vt 0.99949998 1.99950004
vt 0.99949998 1.00049996
vt 0.18500000 1.99950004
vt 0.00050000 1.99950004
vt 0.78280002 1.00049996
vt 0.00050000 1.00049996
vt 0.78280002 1.99950004
vt 0.04999995 1.00049996
vt 0.04999995 1.99950004
vt 0.20029999 1.99950004
vt 0.00050000 1.00049996
vt 0.00050000 1.99950004
vt 0.20029999 1.00049996
vt 0.40009999 1.99950004
vt 0.40009999 1.00049996
vt 0.59990001 1.00049996
vt 0.59990001 1.99950004
vt 0.50000000 1.00049996
vt 0.74879998 1.59960008
vt 0.74881989 1.59961033
vt 0.74879998 1.00049996
vt 0.50000000 1.59960008
vt 0.50001991 1.59960985
vt 0.25119999 1.00049996
vt 0.50000000 1.59960008
vt 0.50003058 1.59956110
vt 0.50000000 1.00049996
vt 0.25119999 1.59960008
vt 0.25123069 1.59956145
vt 0.66771930 1.99951029
vt 0.50002807 1.99951077
vt 0.50000000 1.00049996
vt 0.25119999 1.59960008
vt 0.50000000 1.59960008
vt 0.25119999 1.00049996
vt 0.50003129 1.99946117
vt 0.33234009 1.99946070
vt 0.74879998 1.00049996
vt 0.50000000 1.59960008
vt 0.74879998 1.59960008
vt 0.50000000 1.00049996
vt 0.25119999 1.59960008
vt 0.33230001 1.99950004
vt 0.50000000 1.99950004
vt 0.50000000 1.99950004
vt 0.74879998 1.59960008
vt 0.50000000 1.00049996
vt 0.50000000 1.59960008
vt 0.74879998 1.00049996
vt 0.66769999 1.99950004
vt 0.50000000 1.59960008
vt 0.25119999 1.00049996
vt 0.25119999 1.59960008
vt 0.50000000 1.00049996
vt 0.50000000 1.59960008
vt 0.50000000 1.99950004
vt 0.66769999 1.99950004
vt 0.66769999 1.99950004
vt 0.25119999 1.59960008
vt 0.25140551 1.59944081
vt 0.50000000 1.00049996
vt 0.25119999 1.00049996
vt 0.50000000 1.59960008
vt 0.50020570 1.59944272
vt 0.50000000 1.59960008
vt 0.50000000 1.99950004
vt 0.66769999 1.99950004
vt 0.50000000 1.59960008
vt 0.50010020 1.59959328
vt 0.74879998 1.00049996
vt 0.50000000 1.00049996
vt 0.74879998 1.59960008
vt 0.74890041 1.59959149
vt 0.50000000 1.99950004
vt 0.33250189 1.99934518
vt 0.50020212 1.99934244
vt 0.50010359 1.99948907
vt 0.66780388 1.99949181
vt 0.25119999 1.59960008
vt 0.33230001 1.99950004
vt 0.50000000 1.99950004
vt 1.00000000 1.00000000
vt -0.00000000 2.00000000
vt 1.00000000 2.00000000
vt -0.00000000 1.00000000
vt -0.00000000 1.00000000
vt -0.00000000 2.00000000
vt 0.20000000 2.00000000
vt 1.00000000 1.00000000
vt 0.80000001 2.00000000
vt 1.00000000 2.00000000
vt -0.00000000 1.00000000
vt 0.20000000 2.00000000
vt 0.20000000 1.00000000
vt 0.80000001 1.00000000
vt 0.80000001 2.00000000
vt 1.00000000 1.00000000
vt 0.20000000 1.00000000
vt 0.20000000 2.00000000
vt 0.40000001 2.00000000
vt 0.80000001 1.00000000
vt 0.60000002 2.00000000
vt 0.80000001 2.00000000
vt 0.59987760 1.00000000
vt 0.40000001 2.00000000
vt 0.59987760 2.00000000
vt 0.20000000 1.00000000
vt 0.80012250 1.00000000
vt 0.40000001 2.00000000
vt 0.60000002 2.00000000
vt 0.40000001 1.00000000
vt 0.60000002 1.00000000
vt 0.60000002 2.00000000
vt 0.80000001 2.00000000
vt 0.40000001 1.00000000
vt 0.20000000 2.00000000
vt 0.40000001 2.00000000
vt 0.60000002 1.00000000
vt 0.80000001 2.00000000
vt 0.80000001 1.00000000
vt 0.20000000 1.00000000
vt 0.20000000 2.00000000
vt 0.40000001 1.00000000
vt 0.80000001 1.00000000
vt 0.80000001 2.00000000
vt 1.00000000 2.00000000
vt 0.20000000 1.00000000
vt 0.00000000 2.00000000
vt 0.80000001 1.00000000
vt 1.00000000 2.00000000
vt 1.00000000 1.00000000
vt 0.00000000 1.00000000
vt 0.00000000 2.00000000
vt 1.00000000 1.00000000
vt 0.00000000 2.00000000
vt 1.00000000 2.00000000
vt 0.00000000 1.00000000
vt 1.00000000 1.00000000
vt -0.00000000 2.00000000
vt 1.00000000 2.00000000
vt -0.00000000 1.00000000
vt -0.00000000 1.00000000
vt -0.00000000 2.00000000
vt 0.20000000 2.00000000
vt 1.00000000 1.00000000
vt 0.80000001 2.00000000
vt 1.00000000 2.00000000
vt -0.00000000 1.00000000
vt 0.20000000 2.00000000
vt 0.20000000 1.00000000
vt 0.20000000 1.00000000
vt 0.80000001 1.00000000
vt 1.00000000 1.00000000
vt 0.20000000 1.00000000
vt 0.20000000 2.00000000
vt 0.40000001 2.00000000
vt 0.80000001 1.00000000
vt 0.60000002 2.00000000
vt 0.80000001 2.00000000
vt 0.59987760 1.00000000
vt 0.40000001 2.00000000
vt 0.59987760 2.00000000
vt 0.80000001 1.00000000
vt 0.40012240 2.00000000
vt 0.60000002 2.00000000
vt 0.40012240 1.00000000
vt 0.60000002 1.00000000
vt 0.60000002 2.00000000
vt 0.80000001 2.00000000
vt 0.40000001 1.00000000
vt 0.20000000 2.00000000
vt 0.40000001 2.00000000
vt 0.60000002 1.00000000
vt 0.80000001 2.00000000
vt 0.80000001 1.00000000
vt 0.20000000 1.00000000
vt 0.20000000 2.00000000
vt 0.40000001 1.00000000
vt 0.80000001 1.00000000
vt 0.80000001 2.00000000
vt 1.00000000 2.00000000
vt 0.20000000 1.00000000
vt 0.00000000 2.00000000
vt 0.20000000 2.00000000
vt 0.80000001 1.00000000
vt 1.00000000 2.00000000
vt 1.00000000 1.00000000
vt 0.00000000 1.00000000
vt 0.00000000 2.00000000
vt 0.20000000 1.00000000
vt 1.00000000 1.00000000
vt 0.00000000 2.00000000
vt 1.00000000 2.00000000
vt 0.00000000 1.00000000
vt 1.00000000 1.00000000
vt -0.00000000 2.00000000
vt 1.00000000 2.00000000
vt -0.00000000 1.00000000
vt -0.00000000 1.00000000
vt -0.00000000 2.00000000
vt 0.20000000 2.00000000
vt 1.00000000 1.00000000
vt 0.80000001 2.00000000
vt 1.00000000 2.00000000
vt -0.00000000 1.00000000
vt 0.20000000 2.00000000
vt 0.20000000 1.00000000
vt 0.80000001 1.00000000
vt 0.80000001 2.00000000
vt 1.00000000 1.00000000
vt 0.20000000 1.00000000
vt 0.20000000 2.00000000
vt 0.40000001 2.00000000
vt 0.80000001 1.00000000
vt 0.60000002 2.00000000
vt 0.80000001 2.00000000
vt 0.60000002 1.00000000
vt 0.40000001 2.00000000
vt 0.60000002 2.00000000
vt 0.20012240 1.00000000
vt 0.79987758 1.00000000
vt 0.40000001 2.00000000
vt 0.60000002 2.00000000
vt 0.40000001 1.00000000
vt 0.60000002 1.00000000
vt 0.60000002 2.00000000
vt 0.80000001 2.00000000
vt 0.40000001 1.00000000
vt 0.20000000 2.00000000
vt 0.40000001 2.00000000
vt 0.60000002 1.00000000
vt 0.80000001 2.00000000
vt 0.80000001 1.00000000
vt 0.20000000 1.00000000
vt 0.20000000 2.00000000
vt 0.40000001 1.00000000
vt 0.80000001 1.00000000
vt 0.80000001 2.00000000
vt 1.00000000 2.00000000
vt 0.20000000 1.00000000
vt 0.00000000 2.00000000
vt 0.20000000 2.00000000
vt 0.80000001 1.00000000
vt 1.00000000 2.00000000
vt 1.00000000 1.00000000
vt 0.00000000 1.00000000
vt 0.00000000 2.00000000
vt 0.20000000 1.00000000
vt 1.00000000 1.00000000
vt 0.00000000 2.00000000
vt 1.00000000 2.00000000
vt 0.00000000 1.00000000
vt 0.26220810 1.99917436
vt 0.50024360 1.59927583
vt 0.50000000 1.59960008
vt 0.14704370 1.59927702
vt 0.14680000 1.59960008
vt 0.50024521 1.99917603
vt 0.73840261 1.73791575
vt 0.26263529 1.73781037
vt 0.50056940 1.83641028
vt 0.50048518 1.73687363
vt 0.66798359 1.66751862
vt 0.83671778 1.49994671
vt 0.73727810 1.49992466
vt 0.73799998 1.26199996
vt 0.66769999 1.33229995
vt 0.50008422 1.26287079
vt 0.33293530 1.66744447
vt 0.16391750 1.49979770
vt 0.26335719 1.49981976
vt 0.33265170 1.33222568
vt 0.26223269 1.26189458
vt 0.50000000 1.16340005
vt 0.49998981 1.99972999
vt 0.85324830 1.59982717
vt 0.85320002 1.59960008
vt 0.50004858 1.59982502
vt 0.50000000 1.59960008
vt 0.73804539 1.99972677
vt 0.50000000 1.00049996
vt 0.14680000 1.00049996
vt 0.73749733 1.99984837
vt 0.49949899 1.59994721
vt 0.50000000 1.59960008
vt 0.49946019 1.99985003
vt 0.85269880 1.59994853
vt 0.85320002 1.59960008
vt 0.50000000 1.59960008
vt 0.50000000 1.99950004
vt 0.73799998 1.99950004
vt 0.14680000 1.59960008
vt 0.26199999 1.99950004
vt 0.50000000 1.99950004
vt 0.14680000 1.59960008
vt 0.26199999 1.99950004
vt 0.50000000 1.99950004
vt 0.49997839 1.59951687
vt 0.50000000 1.59960008
vt 0.73797661 1.99941778
vt 0.85317820 1.59951806
vt 0.85320002 1.59960008
vt 0.49993959 1.99941945
vt 0.14680000 1.59960008
vt 0.26199999 1.99950004
vt 0.50000000 1.99950004
vt 0.85320002 1.00049996
vt 0.50000000 1.00049996
vt 0.85352772 1.85292602
vt 0.14719750 1.85280252
vt 0.50046349 1.99910259
vt 0.50039488 1.85147905
vt 0.74903083 1.74848950
vt 0.99964452 1.49985564
vt 0.85197818 1.49982977
vt 0.85320002 1.14680004
vt 0.74879998 1.25119996
vt 0.50006849 1.14812350
vt 0.25159749 1.74840248
vt 0.00081895 1.49968100
vt 0.14841920 1.49970675
vt 0.25136670 1.25111306
vt 0.14686979 1.14667654
vt 0.50000000 1.00049996
vt 0.50000000 1.00049996
vt 0.85320002 1.00049996
vt 0.14680000 1.59960008
vt 0.50000000 1.99950004
vt 0.50000000 1.59960008
vt 0.50000000 1.59960008
vt 0.14680000 1.59960008
vt 0.50000000 1.99950004
vt 0.50000000 1.59960008
vt 0.73799998 1.99950004
vt 0.85320002 1.59960008
vt 0.50000000 1.00049996
vt 0.85320002 1.00049996
vt 0.14680000 1.59960008
vt 0.50000000 1.99950004
vt 0.50000000 1.59960008
vt 0.14680000 1.00049996
vt 0.50000000 1.00049996
vt 0.50000000 1.00049996
vt 0.14680000 1.00049996
vt 0.85320002 1.00049996
vt 0.50000000 1.00049996
vt 0.14680000 1.00049996
vt 0.50000000 1.00049996
vt 0.74879998 1.59960008
vt 0.50000000 1.00049996
vt 0.50000000 1.59960008
vt 0.74879998 1.00049996
vt 0.50000000 1.00049996
vt 0.25119999 1.59960008
vt 0.25149539 1.59942722
vt 0.50000000 1.59960008
vt 0.50029528 1.59942675
vt 0.25119999 1.00049996
vt 0.66769999 1.99950004
vt 0.25119999 1.59960008
vt 0.50000000 1.00049996
vt 0.25119999 1.00049996
vt 0.50000000 1.59960008
vt 0.33256081 1.99932623
vt 0.50029612 1.99932694
vt 0.50000000 1.00049996
vt 0.74879998 1.59960008
vt 0.74879998 1.00049996
vt 0.50000000 1.59960008
vt 0.50000000 1.99950004
vt 0.25119999 1.59960008
vt 0.33230001 1.99950004
vt 0.50000000 1.59960008
vt 0.50000000 1.99950004
vt 0.66769999 1.99950004
vt 0.50000000 1.99950004
vt 0.50000000 1.59960008
vt 0.74879998 1.00049996
vt 0.50000000 1.00049996
vt 0.74879998 1.59960008
vt 0.66769999 1.99950004
vt 0.25119999 1.00049996
vt 0.50000000 1.59960008
vt 0.50000000 1.00049996
vt 0.25119999 1.59960008
vt 0.66769999 1.99950004
vt 0.50000000 1.59960008
vt 0.50000000 1.99950004
vt 0.66769999 1.99950004
vt 0.50000000 1.59960008
vt 0.25119999 1.00049996
vt 0.25119999 1.59960008
vt 0.50000000 1.00049996
vt 0.50000000 1.99950004
vt 0.66769999 1.99950004
vt 0.50000000 1.59960008
vt 0.74879998 1.00049996
vt 0.50000000 1.59960008
vt 0.50026113 1.59943318
vt 0.74879998 1.59960008
vt 0.74906099 1.59943342
vt 0.50000000 1.00049996
vt 0.50000000 1.99950004
vt 0.25119999 1.59960008
vt 0.33230001 1.99950004
vt 0.50000000 1.99950004
vt 0.50000000 1.99950004
vt 0.50022501 1.99933398
vt 0.66796029 1.99933338
vt 0.25119999 1.59960008
vt 0.33230001 1.99950004
vt 0.50000000 1.99950004
vt 0.73972958 1.73951101
vt 0.26057950 1.73951101
vt 0.50018102 1.83871901
vt 0.83890003 1.50000000
vt 0.16110000 1.50000000
vt 0.73960161 1.26048887
vt 0.26045150 1.26048887
vt 0.50000000 1.16110003
vt 0.73960000 1.99950004
vt 0.50000000 1.76080000
vt 0.50000000 1.99950004
vt 0.73960000 1.76080000
vt 0.50000000 1.76080000
vt 0.26040000 1.99950004
vt 0.50000000 1.99950004
vt 0.26040000 1.76080000
vt 0.50000000 1.76080000
vt 0.73960000 1.99950004
vt 0.73960000 1.76080000
vt 0.50000000 1.99950004
vt 0.26040000 1.76080000
vt 0.50000000 1.99950004
vt 0.50000000 1.76080000
vt 0.26040000 1.99950004
vt 0.73960000 1.76080000
vt 0.50000000 1.99950004
vt 0.73960000 1.99950004
vt 0.50000000 1.76080000
vt 0.50000000 1.99950004
vt 0.26040000 1.76080000
vt 0.26040000 1.99950004
vt 0.50000000 1.76080000
vt 0.50000000 1.99950004
vt 0.73960000 1.76080000
vt 0.50000000 1.76080000
vt 0.73960000 1.99950004
vt 0.26040000 1.99950004
vt 0.50000000 1.76080000
vt 0.26040000 1.76080000
vt 0.50000000 1.99950004
vt 0.85320002 1.35239983
vt 0.50000000 1.76080000
vt 0.73960000 1.76080000
vt 0.50000000 1.35239983
vt 0.26040000 1.76080000
vt 0.50000000 1.76080000
vt 0.50004518 1.35339785
vt 0.73956227 1.76180077
vt 0.85324550 1.35339558
vt 0.50004762 1.76179743
vt 0.26040000 1.76080000
vt 0.50000000 1.76080000
vt 0.50000000 1.35239983
vt 0.85320002 1.35239983
vt 0.50000000 1.76080000
vt 0.73960000 1.76080000
vt 0.50000000 1.35239983
vt 0.26040000 1.76080000
vt 0.50000000 1.76080000
vt 0.85320002 1.35239983
vt 0.50000000 1.76080000
vt 0.73960000 1.76080000
vt 0.50000000 1.76080000
vt 0.50000000 1.35239983
vt 0.26040000 1.76080000
vt 0.50000000 1.35239983
vt 0.14680000 1.35239983
vt 0.26040000 1.76080000
vt 0.85320002 1.35239983
vt 0.50000000 1.35239983
vt 0.50000000 1.76080000
vt 0.14680000 1.35239983
vt 0.26040000 1.76080000
vt 0.50000000 1.35239983
vt 0.50000000 1.00049996
vt 0.85320002 1.35239983
vt 0.85320002 1.00049996
vt 0.50000000 1.35239983
vt 0.14680000 1.35239983
vt 0.26040000 1.76080000
vt 0.50000000 1.35239983
vt 0.50000000 1.35239983
vt 0.50000000 1.76080000
vt 0.85320002 1.35239983
vt 0.50000000 1.35239983
vt 0.14680000 1.35239983
vt 0.26040000 1.76080000
vt 0.85320002 1.35239983
vt 0.50000000 1.35239983
vt 0.50000000 1.76080000
vt 0.14680000 1.35239983
vt 0.50000000 1.00049996
vt 0.14680000 1.00049996
vt 0.50000000 1.35239983
vt 0.85320002 1.35239983
vt 0.50000000 1.00049996
vt 0.50000000 1.35239983
vt 0.85320002 1.00049996
vt 0.50000000 1.00049996
vt 0.14680000 1.35239983
vt 0.50000000 1.35239983
vt 0.14680000 1.00049996
vt 0.14680000 1.00049996
vt 0.50000000 1.35239983
vt 0.50000000 1.00049996
vt 0.14680000 1.35239983
vt 0.85320002 1.85319996
vt 0.14680000 1.85319996
vt 0.49990949 1.99951410
vt 0.99951410 1.50009048
vt 0.00048593 1.50009048
vt 0.85320002 1.14680004
vt 0.14680000 1.14680004
vt 0.49990949 1.00048590
vt 0.85320002 1.00049996
vt 0.50000000 1.35239983
vt 0.85320002 1.35239983
vt 0.50000000 1.00049996
vt 0.50000000 1.35239983
vt 0.14680000 1.00049996
vt 0.14680000 1.35239983
vt 0.50000000 1.00049996
vt 0.50000000 1.35239983
vt 0.85320002 1.00049996
vt 0.50000000 1.00049996
vt 0.85320002 1.35239983
vt 0.73942047 1.73951101
vt 0.26027039 1.73951101
vt 0.49981901 1.83871901
vt 0.83890003 1.50000000
vt 0.16110000 1.50000000
vt 0.73954850 1.26048887
vt 0.26039839 1.26048887
vt 0.50000000 1.16110003
vt 0.73960000 1.99950004
vt 0.50000000 1.76080000
vt 0.50000000 1.99950004
vt 0.73960000 1.76080000
vt 0.50000000 1.76080000
vt 0.26040000 1.99950004
vt 0.50000000 1.99950004
vt 0.26040000 1.76080000
vt 0.50000000 1.76080000
vt 0.73960000 1.99950004
vt 0.73960000 1.76080000
vt 0.50000000 1.99950004
vt 0.26040000 1.76080000
vt 0.50000000 1.99950004
vt 0.50000000 1.76080000
vt 0.26040000 1.99950004
vt 0.73960000 1.76080000
vt 0.50000000 1.99950004
vt 0.73960000 1.99950004
vt 0.50000000 1.76080000
vt 0.50000000 1.99950004
vt 0.26040000 1.76080000
vt 0.26040000 1.99950004
vt 0.50000000 1.76080000
vt 0.50000000 1.99950004
vt 0.73960000 1.76080000
vt 0.50000000 1.76080000
vt 0.73960000 1.99950004
vt 0.26040000 1.99950004
vt 0.50000000 1.76080000
vt 0.26040000 1.76080000
vt 0.50000000 1.99950004
vt 0.85320002 1.35239983
vt 0.50000000 1.76080000
vt 0.73960000 1.76080000
vt 0.50000000 1.35239983
vt 0.26040000 1.76080000
vt 0.50000000 1.76080000
vt 0.50000000 1.76080000
vt 0.73960000 1.76080000
vt 0.85320002 1.35239983
vt 0.14810070 1.35282946
vt 0.50121307 1.76122665
vt 0.50130099 1.35283172
vt 0.26169840 1.76122987
vt 0.85320002 1.35239983
vt 0.50000000 1.76080000
vt 0.73960000 1.76080000
vt 0.50000000 1.35239983
vt 0.26040000 1.76080000
vt 0.50000000 1.76080000
vt 0.85320002 1.35239983
vt 0.50000000 1.76080000
vt 0.73960000 1.76080000
vt 0.50000000 1.76080000
vt 0.50000000 1.35239983
vt 0.26040000 1.76080000
vt 0.50000000 1.35239983
vt 0.14680000 1.35239983
vt 0.26040000 1.76080000
vt 0.85320002 1.35239983
vt 0.50000000 1.35239983
vt 0.50000000 1.76080000
vt 0.14680000 1.35239983
vt 0.26040000 1.76080000
vt 0.50000000 1.35239983
vt 0.50000000 1.76080000
vt 0.85320002 1.35239983
vt 0.50000000 1.35239983
vt 0.14680000 1.00049996
vt 0.50000000 1.35239983
vt 0.50000000 1.00049996
vt 0.14680000 1.35239983
vt 0.50000000 1.35239983
vt 0.50000000 1.76080000
vt 0.85320002 1.35239983
vt 0.50000000 1.35239983
vt 0.14680000 1.35239983
vt 0.26040000 1.76080000
vt 0.85320002 1.35239983
vt 0.50000000 1.35239983
vt 0.50000000 1.76080000
vt 0.14680000 1.35239983
vt 0.50000000 1.00049996
vt 0.14680000 1.00049996
vt 0.50000000 1.35239983
vt 0.85320002 1.35239983
vt 0.50000000 1.00049996
vt 0.50000000 1.35239983
vt 0.85320002 1.00049996
vt 0.50000000 1.00049996
vt 0.14680000 1.35239983
vt 0.50000000 1.35239983
vt 0.14680000 1.00049996
vt 0.50000000 1.00049996
vt 0.85320002 1.35239983
vt 0.85320002 1.00049996
vt 0.50000000 1.35239983
vt 0.85320002 1.85319996
vt 0.14680000 1.85319996
vt 0.50009048 1.99951410
vt 0.99951410 1.50009048
vt 0.00048593 1.50009048
vt 0.85320002 1.14680004
vt 0.14680000 1.14680004
vt 0.50009048 1.00048590
vt 0.85320002 1.00049996
vt 0.50000000 1.35239983
vt 0.85320002 1.35239983
vt 0.50000000 1.00049996
vt 0.50000000 1.35239983
vt 0.14680000 1.00049996
vt 0.14680000 1.35239983
vt 0.50000000 1.00049996
vt 0.50000000 1.35239983
vt 0.85320002 1.00049996
vt 0.50000000 1.00049996
vt 0.85320002 1.35239983
vt 0.85320002 1.85319996
vt 0.14680000 1.85319996
vt 0.49990949 1.99951410
vt 0.99951410 1.50009048
vt 0.00048593 1.50009048
vt 0.85320002 1.14680004
vt 0.14680000 1.14680004
vt 0.49990949 1.00048590
vt 0.50000000 1.00049996
vt 0.85320002 1.35239983
vt 0.85320002 1.00049996
vt 0.50000000 1.35239983
vt 0.50000000 1.00049996
vt 0.14680000 1.35239983
vt 0.50000000 1.35239983
vt 0.14680000 1.00049996
vt 0.85320002 1.35239983
vt 0.50000000 1.00049996
vt 0.50000000 1.35239983
vt 0.85320002 1.00049996
vt 0.14680000 1.35239983
vt 0.50000000 1.00049996
vt 0.14680000 1.00049996
vt 0.50000000 1.35239983
vt 0.50000000 1.35239983
vt 0.85320002 1.00049996
vt 0.50000000 1.00049996
vt 0.85320002 1.35239983
vt 0.50000000 1.35239983
vt 0.14680000 1.00049996
vt 0.14680000 1.35239983
vt 0.50000000 1.00049996
vt 0.85320002 1.00049996
vt 0.50000000 1.35239983
vt 0.85320002 1.35239983
vt 0.50000000 1.00049996
vt 0.14680000 1.00049996
vt 0.50000000 1.35239983
vt 0.50000000 1.00049996
vt 0.14680000 1.35239983
vt 0.50002933 1.35336077
vt 0.73954642 1.76176369
vt 0.85322958 1.35335863
vt 0.50003171 1.76176047
vt 0.14680000 1.35239983
vt 0.26040000 1.76080000
vt 0.50000000 1.35239983
vt 0.85320002 1.35239983
vt 0.50000000 1.35239983
vt 0.50000000 1.76080000
vt 0.50000000 1.35239983
vt 0.14680000 1.35239983
vt 0.26040000 1.76080000
vt 0.85320002 1.35239983
vt 0.50000000 1.35239983
vt 0.50000000 1.76080000
vt 0.50000000 1.35239983
vt 0.14680000 1.35239983
vt 0.26040000 1.76080000
vt 0.50000000 1.35239983
vt 0.50000000 1.76080000
vt 0.85320002 1.35239983
vt 0.14680000 1.35239983
vt 0.26040000 1.76080000
vt 0.50000000 1.35239983
vt 0.26040000 1.76080000
vt 0.50000000 1.76080000
vt 0.50000000 1.35239983
vt 0.50000000 1.76080000
vt 0.73960000 1.99950004
vt 0.73960000 1.76080000
vt 0.50000000 1.99950004
vt 0.50000000 1.35239983
vt 0.26040000 1.76080000
vt 0.50000000 1.76080000
vt 0.85320002 1.35239983
vt 0.50000000 1.76080000
vt 0.73960000 1.76080000
vt 0.50000000 1.76080000
vt 0.50000000 1.35239983
vt 0.26040000 1.76080000
vt 0.85320002 1.35239983
vt 0.50000000 1.76080000
vt 0.73960000 1.76080000
vt 0.50000000 1.35239983
vt 0.26040000 1.76080000
vt 0.50000000 1.76080000
vt 0.85320002 1.35239983
vt 0.50000000 1.76080000
vt 0.73960000 1.76080000
vt 0.26040000 1.76080000
vt 0.50000000 1.99950004
vt 0.50000000 1.76080000
vt 0.26040000 1.99950004
vt 0.73972958 1.73951101
vt 0.26057950 1.73951101
vt 0.50018102 1.83871901
vt 0.83890003 1.50000000
vt 0.16110000 1.50000000
vt 0.73960161 1.26048887
vt 0.26045150 1.26048887
vt 0.50000000 1.16110003
vt 0.50000000 1.76080000
vt 0.26040000 1.99950004
vt 0.50000000 1.99950004
vt 0.26040000 1.76080000
vt 0.73960000 1.99950004
vt 0.50000000 1.76080000
vt 0.50000000 1.99950004
vt 0.73960000 1.76080000
vt 0.26040000 1.99950004
vt 0.50000000 1.76080000
vt 0.26040000 1.76080000
vt 0.50000000 1.99950004
vt 0.50000000 1.99950004
vt 0.73960000 1.76080000
vt 0.50000000 1.76080000
vt 0.73960000 1.99950004
vt 0.50000000 1.99950004
vt 0.26040000 1.76080000
vt 0.26040000 1.99950004
vt 0.50000000 1.76080000
vt 0.73960000 1.76080000
vt 0.50000000 1.99950004
vt 0.73960000 1.99950004
vt 0.50000000 1.76080000
vt 0.85320002 1.85319996
vt 0.14680000 1.85319996
vt 0.49990949 1.99951410
vt 0.99951410 1.50009048
vt 0.00048593 1.50009048
vt 0.85320002 1.14680004
vt 0.14680000 1.14680004
vt 0.49990949 1.00048590
vt 0.50000000 1.00049996
vt 0.85320002 1.35239983
vt 0.85320002 1.00049996
vt 0.50000000 1.35239983
vt 0.50000000 1.00049996
vt 0.14680000 1.35239983
vt 0.50000000 1.35239983
vt 0.14680000 1.00049996
vt 0.85320002 1.35239983
vt 0.50000000 1.00049996
vt 0.50000000 1.35239983
vt 0.85320002 1.00049996
vt 0.14680000 1.35239983
vt 0.50000000 1.00049996
vt 0.14680000 1.00049996
vt 0.50000000 1.35239983
vt 0.50000000 1.35239983
vt 0.85320002 1.00049996
vt 0.50000000 1.00049996
vt 0.85320002 1.35239983
vt 0.50000000 1.35239983
vt 0.14680000 1.00049996
vt 0.14680000 1.35239983
vt 0.50000000 1.00049996
vt 0.85320002 1.00049996
vt 0.50000000 1.35239983
vt 0.85320002 1.35239983
vt 0.50000000 1.00049996
vt 0.14680000 1.00049996
vt 0.50000000 1.35239983
vt 0.50000000 1.00049996
vt 0.14680000 1.35239983
vt 0.50000578 1.35330594
vt 0.73952287 1.76170897
vt 0.85320610 1.35330367
vt 0.50000823 1.76170564
vt 0.14680000 1.35239983
vt 0.26040000 1.76080000
vt 0.50000000 1.35239983
vt 0.85320002 1.35239983
vt 0.50000000 1.35239983
vt 0.50000000 1.76080000
vt 0.50000000 1.35239983
vt 0.14680000 1.35239983
vt 0.26040000 1.76080000
vt 0.85320002 1.35239983
vt 0.50000000 1.35239983
vt 0.50000000 1.76080000
vt 0.50000000 1.35239983
vt 0.14680000 1.35239983
vt 0.26040000 1.76080000
vt 0.50000000 1.35239983
vt 0.50000000 1.76080000
vt 0.85320002 1.35239983
vt 0.14680000 1.35239983
vt 0.26040000 1.76080000
vt 0.50000000 1.35239983
vt 0.26040000 1.76080000
vt 0.50000000 1.76080000
vt 0.50000000 1.35239983
vt 0.50000000 1.76080000
vt 0.73960000 1.99950004
vt 0.73960000 1.76080000
vt 0.50000000 1.99950004
vt 0.50000000 1.35239983
vt 0.26040000 1.76080000
vt 0.50000000 1.76080000
vt 0.85320002 1.35239983
vt 0.50000000 1.76080000
vt 0.73960000 1.76080000
vt 0.50000000 1.76080000
vt 0.50000000 1.35239983
vt 0.26040000 1.76080000
vt 0.85320002 1.35239983
vt 0.50000000 1.76080000
vt 0.73960000 1.76080000
vt 0.50000000 1.35239983
vt 0.26040000 1.76080000
vt 0.50000000 1.76080000
vt 0.85320002 1.35239983
vt 0.50000000 1.76080000
vt 0.73960000 1.76080000
vt 0.26040000 1.76080000
vt 0.50000000 1.99950004
vt 0.50000000 1.76080000
vt 0.26040000 1.99950004
vt 0.73972958 1.73951101
vt 0.26057950 1.73951101
vt 0.50018102 1.83871901
vt 0.83890003 1.50000000
vt 0.16110000 1.50000000
vt 0.73960161 1.26048887
vt 0.26045150 1.26048887
vt 0.50000000 1.16110003
vt 0.50000000 1.76080000
vt 0.26040000 1.99950004
vt 0.50000000 1.99950004
vt 0.26040000 1.76080000
vt 0.73960000 1.99950004
vt 0.50000000 1.76080000
vt 0.50000000 1.99950004
vt 0.73960000 1.76080000
vt 0.26040000 1.99950004
vt 0.50000000 1.76080000
vt 0.26040000 1.76080000
vt 0.50000000 1.99950004
vt 0.50000000 1.99950004
vt 0.73960000 1.76080000
vt 0.50000000 1.76080000
vt 0.73960000 1.99950004
vt 0.50000000 1.99950004
vt 0.26040000 1.76080000
vt 0.26040000 1.99950004
vt 0.50000000 1.76080000
vt 0.73960000 1.76080000
vt 0.50000000 1.99950004
vt 0.73960000 1.99950004
vt 0.50000000 1.76080000
vt 0.85320002 1.85319996
vt 0.14680000 1.85319996
vt 0.50009048 1.99951410
vt 0.99951410 1.50009048
vt 0.00048593 1.50009048
vt 0.85320002 1.14680004
vt 0.14680000 1.14680004
vt 0.50009048 1.00048590
vt 0.50000000 1.00049996
vt 0.85320002 1.35239983
vt 0.85320002 1.00049996
vt 0.50000000 1.35239983
vt 0.50000000 1.00049996
vt 0.14680000 1.35239983
vt 0.50000000 1.35239983
vt 0.14680000 1.00049996
vt 0.85320002 1.35239983
vt 0.50000000 1.00049996
vt 0.50000000 1.35239983
vt 0.85320002 1.00049996
vt 0.14680000 1.35239983
vt 0.50000000 1.00049996
vt 0.14680000 1.00049996
vt 0.50000000 1.35239983
vt 0.50000000 1.35239983
vt 0.85320002 1.00049996
vt 0.50000000 1.00049996
vt 0.85320002 1.35239983
vt 0.50000000 1.35239983
vt 0.14680000 1.00049996
vt 0.14680000 1.35239983
vt 0.50000000 1.00049996
vt 0.85320002 1.00049996
vt 0.50000000 1.35239983
vt 0.85320002 1.35239983
vt 0.50000000 1.00049996
vt 0.14680000 1.00049996
vt 0.50000000 1.35239983
vt 0.50000000 1.00049996
vt 0.14680000 1.35239983
vt 0.50000000 1.76080000
vt 0.85320002 1.35239983
vt 0.50000000 1.35239983
vt 0.14680000 1.35239983
vt 0.26040000 1.76080000
vt 0.50000000 1.35239983
vt 0.85320002 1.35239983
vt 0.50000000 1.35239983
vt 0.50000000 1.76080000
vt 0.50000000 1.35239983
vt 0.14680000 1.35239983
vt 0.26040000 1.76080000
vt 0.85320002 1.35239983
vt 0.50000000 1.35239983
vt 0.50000000 1.76080000
vt 0.50000000 1.35239983
vt 0.14680000 1.35239983
vt 0.26040000 1.76080000
vt 0.50000000 1.35239983
vt 0.50000000 1.76080000
vt 0.85320002 1.35239983
vt 0.14680000 1.35239983
vt 0.26040000 1.76080000
vt 0.50000000 1.35239983
vt 0.26040000 1.76080000
vt 0.50000000 1.76080000
vt 0.50000000 1.35239983
vt 0.50000000 1.76080000
vt 0.73960000 1.76080000
vt 0.85320002 1.35239983
vt 0.50000000 1.35239983
vt 0.26040000 1.76080000
vt 0.50000000 1.76080000
vt 0.85320002 1.35239983
vt 0.50000000 1.76080000
vt 0.73960000 1.76080000
vt 0.50000000 1.76080000
vt 0.50000000 1.35239983
vt 0.26040000 1.76080000
vt 0.85320002 1.35239983
vt 0.50000000 1.76080000
vt 0.73960000 1.76080000
vt 0.50000000 1.35239983
vt 0.26040000 1.76080000
vt 0.50000000 1.76080000
vt 0.85320002 1.35239983
vt 0.50000000 1.76080000
vt 0.73960000 1.76080000
vt 0.26040000 1.76080000
vt 0.50000000 1.99950004
vt 0.50000000 1.76080000
vt 0.26040000 1.99950004
vt 0.50000000 1.76080000
vt 0.73960000 1.99950004
vt 0.73960000 1.76080000
vt 0.50000000 1.99950004
vt 0.50000000 1.76080000
vt 0.26040000 1.99950004
vt 0.50000000 1.99950004
vt 0.26040000 1.76080000
vt 0.73960000 1.99950004
vt 0.50000000 1.76080000
vt 0.50000000 1.99950004
vt 0.73960000 1.76080000
vt 0.26040000 1.99950004
vt 0.50000000 1.76080000
vt 0.26040000 1.76080000
vt 0.50000000 1.99950004
vt 0.50000000 1.99950004
vt 0.73960000 1.76080000
vt 0.50000000 1.76080000
vt 0.73960000 1.99950004
vt 0.50000000 1.99950004
vt 0.26040000 1.76080000
vt 0.26040000 1.99950004
vt 0.50000000 1.76080000
vt 0.73960000 1.76080000
vt 0.50000000 1.99950004
vt 0.73960000 1.99950004
vt 0.50000000 1.76080000
vt 0.73960161 1.73951101
vt 0.26027039 1.73951101
vt 0.49981901 1.83871901
vt 0.83890003 1.50000000
vt 0.16110000 1.50000000
vt 0.73972958 1.26048887
vt 0.26039839 1.26048887
vt 0.50000000 1.16110003
vt 0.85320002 1.85319996
vt 0.14680000 1.85319996
vt 0.50009048 1.99951410
vt 0.99951410 1.50009048
vt 0.00048593 1.50009048
vt 0.85320002 1.14680004
vt 0.14680000 1.14680004
vt 0.50009048 1.00048590
vt 0.50000000 1.00049996
vt 0.85320002 1.35239983
vt 0.85320002 1.00049996
vt 0.50000000 1.35239983
vt 0.50000000 1.00049996
vt 0.14680000 1.35239983
vt 0.50000000 1.35239983
vt 0.14680000 1.00049996
vt 0.85320002 1.35239983
vt 0.50000000 1.00049996
vt 0.50000000 1.35239983
vt 0.85320002 1.00049996
vt 0.14680000 1.35239983
vt 0.50000000 1.00049996
vt 0.14680000 1.00049996
vt 0.50000000 1.35239983
vt 0.50000000 1.35239983
vt 0.85320002 1.00049996
vt 0.50000000 1.00049996
vt 0.85320002 1.35239983
vt 0.50000000 1.35239983
vt 0.14680000 1.00049996
vt 0.14680000 1.35239983
vt 0.50000000 1.00049996
vt 0.85320002 1.00049996
vt 0.50000000 1.35239983
vt 0.85320002 1.35239983
vt 0.50000000 1.00049996
vt 0.14680000 1.00049996
vt 0.50000000 1.35239983
vt 0.50000000 1.00049996
vt 0.14680000 1.35239983
vt 0.50000000 1.76080000
vt 0.85320002 1.35239983
vt 0.50000000 1.35239983
vt 0.14680000 1.35239983
vt 0.26040000 1.76080000
vt 0.50000000 1.35239983
vt 0.85320002 1.35239983
vt 0.50000000 1.35239983
vt 0.50000000 1.76080000
vt 0.50000000 1.35239983
vt 0.14680000 1.35239983
vt 0.26040000 1.76080000
vt 0.85320002 1.35239983
vt 0.50000000 1.35239983
vt 0.50000000 1.76080000
vt 0.50000000 1.35239983
vt 0.14680000 1.35239983
vt 0.26040000 1.76080000
vt 0.50000000 1.35239983
vt 0.50000000 1.76080000
vt 0.85320002 1.35239983
vt 0.14680000 1.35239983
vt 0.26040000 1.76080000
vt 0.50000000 1.35239983
vt 0.26040000 1.76080000
vt 0.50000000 1.76080000
vt 0.50000000 1.35239983
vt 0.50000000 1.76080000
vt 0.73960000 1.76080000
vt 0.85320002 1.35239983
vt 0.50000000 1.35239983
vt 0.26040000 1.76080000
vt 0.50000000 1.76080000
vt 0.85320002 1.35239983
vt 0.50000000 1.76080000
vt 0.73960000 1.76080000
vt 0.50000000 1.76080000
vt 0.50000000 1.35239983
vt 0.26040000 1.76080000
vt 0.85320002 1.35239983
vt 0.50000000 1.76080000
vt 0.73960000 1.76080000
vt 0.50000000 1.35239983
vt 0.26040000 1.76080000
vt 0.50000000 1.76080000
vt 0.85320002 1.35239983
vt 0.50000000 1.76080000
vt 0.73960000 1.76080000
vt 0.26040000 1.76080000
vt 0.50000000 1.99950004
vt 0.50000000 1.76080000
vt 0.26040000 1.99950004
vt 0.50000000 1.76080000
vt 0.73960000 1.99950004
vt 0.73960000 1.76080000
vt 0.50000000 1.99950004
vt 0.50000000 1.76080000
vt 0.26040000 1.99950004
vt 0.50000000 1.99950004
vt 0.26040000 1.76080000
vt 0.73960000 1.99950004
vt 0.50000000 1.76080000
vt 0.50000000 1.99950004
vt 0.73960000 1.76080000
vt 0.26040000 1.99950004
vt 0.50000000 1.76080000
vt 0.26040000 1.76080000
vt 0.50000000 1.99950004
vt 0.50000000 1.99950004
vt 0.73960000 1.76080000
vt 0.50000000 1.76080000
vt 0.73960000 1.99950004
vt 0.50000000 1.99950004
vt 0.26040000 1.76080000
vt 0.26040000 1.99950004
vt 0.50000000 1.76080000
vt 0.73960000 1.76080000
vt 0.50000000 1.99950004
vt 0.73960000 1.99950004
vt 0.50000000 1.76080000
vt 0.73960161 1.73951101
vt 0.26027039 1.73951101
vt 0.49981901 1.83871901
vt 0.83890003 1.50000000
vt 0.16110000 1.50000000
vt 0.73972958 1.26048887
vt 0.26039839 1.26048887
vt 0.50000000 1.16110003
vt 0.99949998 1.00049996
vt 0.16660000 1.99950004
vt 0.99949998 1.99950004
vt 0.16661979 1.00049996
vt 0.79970038 1.00050700
vt 0.79970002 1.00049996
vt 0.99949628 1.99950695
vt 0.99950039 1.00050700
vt 0.79970038 1.99950695
vt 0.79970002 1.99950004
vt 0.79970002 1.94470000
vt 0.40009999 1.99947333
vt 0.59990001 1.99947333
vt 0.20029999 1.94470000
vt 0.99949998 1.83343005
vt 0.00050000 1.83343005
vt 0.99949998 1.00049996
vt 0.00050000 1.00049996
vt 0.00050000 1.99950027
vt 0.99950022 1.00049996
vt 0.99949998 1.99950004
vt 0.00050000 1.00049996
vt 0.00050000 1.99950004
vt 0.99950022 1.99950027
vt 0.79970002 1.94479012
vt 0.40009999 1.99950337
vt 0.59990001 1.99953330
vt 0.20029999 1.94470000
vt 0.99949998 1.83353043
vt 0.00050000 1.83340001
vt 0.00050000 1.00046992
vt 0.99949998 1.00062013
vt 0.59990001 1.00049996
vt 0.59990001 1.99950004
vt 0.00050000 1.00049996
vt 0.20029999 1.99950027
vt 0.20029999 1.99950004
vt 0.20029999 1.00049996
vt 0.20029999 1.00049996
vt 0.00050000 1.99950027
vt 0.83340001 1.00049996
vt 0.00050000 1.99950004
vt 0.83340001 1.99950004
vt 0.00050000 1.00049996
vt 0.40009999 1.00049996
vt 0.40009999 1.99950004
vt 0.99949998 1.00049996
vt 0.99950022 1.99950027
vt 0.00050000 1.00049996
vt 0.00050000 1.99950027
vt 0.99949998 1.00049996
vt 0.00050000 1.99950004
vt 0.99949998 1.99950004
vt 0.00050000 1.00051999
vt 0.99949998 1.00049996
vt 0.00050000 1.99950004
vt 0.99949998 1.99948001
vt 0.00050000 1.00049996
vt 0.99950022 1.00049996
vt 0.00050000 1.00049996
vt 0.99949998 1.00049996
vt 0.00050000 1.99950004
vt 0.99949998 1.99950004
vt 0.00050000 1.00049996
vt 0.00050000 1.00049996
vt 0.99949998 1.99950004
vt 0.99949998 1.00049996
vt 0.00050000 1.99950004
vt 0.99949998 1.00049996
vt 0.16660000 1.99950004
vt 0.99949998 1.99950004
vt 0.16660000 1.00049996
vt 0.79970002 1.94470000
vt 0.40009999 1.99947333
vt 0.59990001 1.99947333
vt 0.20029999 1.94470000
vt 0.99949998 1.83343005
vt 0.00050000 1.83343005
vt 0.99949998 1.00049996
vt 0.00050000 1.00049996
vt 0.83340001 1.00049996
vt 0.00050000 1.99950004
vt 0.83340001 1.99950004
vt 0.00050000 1.00049996
vt 0.79970002 1.94479012
vt 0.40009999 1.99950337
vt 0.59990001 1.99953330
vt 0.20029999 1.94470000
vt 0.99949998 1.83355021
vt 0.00050000 1.83340001
vt 0.99949998 1.00062013
vt 0.00050000 1.00046992
vt 1.00000000 1.00000000
vt -0.00000000 2.00000000
vt 1.00000000 2.00000000
vt -0.00000000 1.00000000
vt -0.00000000 1.00000000
vt -0.00000000 2.00000000
vt 0.20000000 2.00000000
vt 1.00000000 1.00000000
vt 0.80000001 2.00000000
vt 1.00000000 2.00000000
vt -0.00000000 1.00000000
vt 0.20000000 2.00000000
vt 0.20000000 1.00000000
vt 0.80000001 1.00000000
vt 0.80000001 2.00000000
vt 1.00000000 1.00000000
vt 0.20000000 1.00000000
vt 0.20000000 2.00000000
vt 0.40000001 2.00000000
vt 0.80000001 1.00000000
vt 0.60000002 2.00000000
vt 0.80000001 2.00000000
vt 0.59987760 1.00000000
vt 0.40000001 2.00000000
vt 0.59987760 2.00000000
vt 0.20000000 1.00000000
vt 0.80012250 1.00000000
vt 0.40000001 2.00000000
vt 0.60000002 2.00000000
vt 0.40000001 1.00000000
vt 0.60000002 1.00000000
vt 0.60000002 1.00000000
vt 0.60000002 2.00000000
vt 0.80000001 2.00000000
vt 0.40000001 1.00000000
vt 0.20000000 2.00000000
vt 0.40000001 2.00000000
vt 0.80000001 1.00000000
vt 0.20000000 1.00000000
vt 0.20000000 2.00000000
vt 0.40000001 1.00000000
vt 0.80000001 1.00000000
vt 1.00000000 2.00000000
vt 0.20000000 1.00000000
vt 0.00000000 2.00000000
vt 0.20000000 2.00000000
vt 0.80000001 1.00000000
vt 1.00000000 2.00000000
vt 1.00000000 1.00000000
vt 0.00000000 1.00000000
vt 0.00000000 2.00000000
vt 0.20000000 1.00000000
vt 1.00000000 1.00000000
vt 0.00000000 2.00000000
vt 1.00000000 2.00000000
vt 0.00000000 1.00000000
vt -0.00000000 1.00000000
vt -0.00000000 1.00000000
vt -0.00000000 2.00000000
vt 0.20000000 2.00000000
vt 1.00000000 1.00000000
vt -0.00000000 2.00000000
vt 1.00000000 2.00000000
vt -0.00000000 1.00000000
vt 0.20000000 1.00000000
vt 1.00000000 1.00000000
vt 0.80000001 2.00000000
vt 1.00000000 2.00000000
vt 0.20000000 1.00000000
vt 0.20000000 2.00000000
vt 0.40000001 2.00000000
vt 0.80000001 1.00000000
vt 0.80000001 2.00000000
vt 1.00000000 1.00000000
vt 0.60000002 1.00000000
vt 0.40000001 2.00000000
vt 0.60000002 2.00000000
vt 0.20000000 1.00000000
vt 0.80000001 1.00000000
vt 0.60000002 2.00000000
vt 0.80000001 2.00000000
vt 0.60000002 1.00000000
vt 0.60000002 2.00000000
vt 0.80000001 2.00000000
vt 0.80000001 1.00000000
vt 0.40000001 2.00000000
vt 0.60000002 2.00000000
vt 0.40000001 1.00000000
vt 0.60000002 1.00000000
vt 0.80000001 2.00000000
vt 0.80000001 1.00000000
vt 0.40000001 1.00000000
vt 0.20000000 2.00000000
vt 0.40000001 2.00000000
vt 0.80000001 1.00000000
vt 1.00000000 2.00000000
vt 0.20000000 1.00000000
vt 0.40000001 1.00000000
vt 0.80000001 1.00000000
vt 1.00000000 2.00000000
vt 1.00000000 1.00000000
vt 0.20000000 1.00000000
vt 0.00000000 2.00000000
vt 0.20000000 2.00000000
vt 1.00000000 1.00000000
vt 0.00000000 2.00000000
vt 1.00000000 2.00000000
vt 0.00000000 1.00000000
vt 0.00000000 1.00000000
vt 0.00000000 2.00000000
vt 0.20000000 1.00000000
vt 0.59990001 1.99950004
vt 0.94999999 1.00049996
vt 0.59990001 1.00049996
vt 0.94999999 1.99950004
vt 0.99949998 1.99950004
vt 0.21720000 1.00049996
vt 0.21720000 1.99950004
vt 0.99949998 1.00049996
vt 0.79941761 1.93801367
vt 0.39995879 1.99919581
vt 0.59968817 1.99903774
vt 0.20022941 1.93848848
vt 0.99914700 1.81420875
vt 0.59968817 1.87446642
vt 0.94964701 1.78208721
vt 0.99914700 0.99970871
vt 0.39995879 1.87462473
vt 0.00050000 1.81500006
vt 0.04999995 1.78279996
vt 0.00050000 1.00049996
vt 0.40009999 1.99950004
vt 0.40009999 1.00049996
vt 0.79941761 1.93801367
vt 0.39995879 1.99919581
vt 0.59968817 1.99903774
vt 0.20022941 1.93848848
vt 0.99914700 1.81420875
vt 0.59968817 1.87446642
vt 0.94964701 1.78208721
vt 0.99914700 0.99970871
vt 0.39995879 1.87462473
vt 0.00050000 1.81500006
vt 0.04999995 1.78279996
vt 0.00050000 1.00049996
vt 0.81500000 1.00049996
vt 0.00050000 1.99950004
vt 0.81500000 1.99950004
vt 0.00050000 1.00049996
vt 0.79970002 1.00049996
vt 0.99949998 1.99950004
vt 0.99949998 1.00049996
vt 0.79970002 1.99950004
vt 0.99949998 1.00049996
vt 0.18500000 1.99950004
vt 0.99949998 1.99950004
vt 0.18500000 1.00049996
vt 0.78280002 1.99950004
vt 0.00050000 1.00049996
vt 0.00050000 1.99950004
vt 0.78280002 1.00049996
vt 0.04999995 1.99950004
vt 0.04999995 1.00049996
vt 0.00050000 1.00049996
vt 0.20029999 1.99950027
vt 0.20029999 1.99950004
vt 0.20029999 1.00049996
vt 0.20029999 1.00049996
vt 0.00050000 1.99950027
vt 0.40009999 1.99950004
vt 0.40009999 1.00049996
vt 0.59990001 1.99950004
vt 0.59990001 1.00049996
vt -0.00000000 1.00000000
vt 1.00000000 2.00000000
vt 1.00000000 1.00000000
vt 0.00000000 2.00000000
vt 0.20000000 2.00000000
vt -0.00000000 1.00000000
vt -0.00000000 2.00000000
vt 0.80000001 2.00000000
vt 1.00000000 2.00000000
vt 1.00000000 1.00000000
vt 0.20000000 1.00000000
vt 0.00000000 1.00000000
vt 0.20000000 2.00000000
vt 0.80000001 2.00000000
vt 1.00000000 1.00000000
vt 0.80000001 1.00000000
vt 0.40000001 2.00000000
vt 0.20000000 1.00000000
vt 0.20000000 2.00000000
vt 0.60000002 2.00000000
vt 0.80000001 2.00000000
vt 0.80000001 1.00000000
vt 0.40000001 2.00000000
vt 0.60000002 1.00000000
vt 0.20012240 1.00000000
vt 0.60000002 2.00000000
vt 0.40000001 1.00000000
vt 0.60000002 2.00000000
vt 0.79987758 1.00000000
vt 0.40000001 2.00000000
vt 0.80000001 2.00000000
vt 0.60000002 1.00000000
vt 0.60000002 2.00000000
vt 0.20000000 2.00000000
vt 0.40000001 2.00000000
vt 0.40000001 1.00000000
vt 0.80000001 1.00000000
vt 0.60000002 1.00000000
vt 0.80000001 2.00000000
vt 0.20000000 2.00000000
vt 0.40000001 1.00000000
vt 0.20000000 1.00000000
vt 1.00000000 2.00000000
vt 0.80000001 1.00000000
vt 0.80000001 2.00000000
vt -0.00000000 2.00000000
vt 0.20000000 2.00000000
vt 0.20000000 1.00000000
vt 1.00000000 1.00000000
vt 0.80000001 1.00000000
vt 1.00000000 2.00000000
vt 0.00000000 2.00000000
vt 0.20000000 1.00000000
vt 0.00000000 1.00000000
vt -0.00000000 2.00000000
vt 1.00000000 1.00000000
vt 0.00000000 1.00000000
vt 1.00000000 2.00000000
vt 0.16660000 1.99950004
vt 0.99949998 1.00049996
vt 0.99949998 1.99950004
vt 0.16660000 1.00049996
vt 0.99949998 1.99950004
vt 0.99949998 1.99950004
vt 0.79970002 1.00049996
vt 0.79970002 1.99950004
vt 0.99949998 1.00049996
vt 0.00050000 1.00049996
vt 0.99949121 1.83341026
vt 0.99949121 1.00049996
vt 0.79969168 1.94470000
vt 0.59989601 1.99947333
vt 0.40009651 1.99947333
vt 0.20029999 1.94470000
vt 0.00050000 1.83341026
vt 0.99949139 1.00049996
vt 0.00050000 1.99950027
vt 0.99949139 1.99950027
vt 0.00050000 1.00049996
vt 0.20029999 1.94470000
vt 0.00050000 1.00048971
vt 0.00050000 1.83340001
vt 0.99949348 1.00054085
vt 0.40009609 1.99948359
vt 0.59989607 1.99949372
vt 0.79969311 1.94473076
vt 0.99949348 1.83345103
vt 0.59990001 1.00049996
vt 0.59990001 1.99950004
vt 0.20029999 1.00049996
vt 0.20029999 1.00049996
vt 0.00050000 1.99950027
vt 0.20029999 1.99950027
vt 0.20029999 1.99950004
vt 0.00050000 1.00049996
vt 0.00050000 1.00049996
vt 0.00050000 1.99950004
vt 0.83340001 1.99950004
vt 0.83340001 1.00049996
vt 0.00050000 1.99950004
vt 0.40009999 1.99950004
vt 0.40009999 1.00049996
vt 0.99949998 1.00049996
vt 0.00050000 1.99950004
vt 0.99949998 1.99950004
vt 0.00050000 1.00049996
vt 0.00050000 1.99950004
vt 0.99949998 1.00049996
vt 0.99949998 1.99950004
vt 0.00050000 1.00051999
vt 0.00050000 1.00049996
vt 0.00050000 1.99950004
vt 0.99949998 1.99948001
vt 0.99949998 1.00049996
vt 0.99949139 1.00049996
vt 0.00050000 1.99950027
vt 0.99949139 1.99950027
vt 0.00050000 1.00049996
vt 0.99949998 1.99950004
vt 0.00050000 1.00049996
vt 0.00050000 1.99950004
vt 0.99949998 1.00049996
vt 0.99949998 1.00049996
vt 0.00050000 1.99950004
vt 0.99949998 1.99950004
vt 0.00050000 1.00049996
vt 0.16660000 1.99950004
vt 0.99949998 1.00049996
vt 0.16660000 1.00049996
vt 0.00050000 1.00049996
vt 0.99949121 1.83341026
vt 0.99949121 1.00049996
vt 0.79969168 1.94470000
vt 0.59989601 1.99947333
vt 0.40009651 1.99947333
vt 0.20029999 1.94470000
vt 0.00050000 1.83341026
vt 0.00050000 1.00049996
vt 0.83340001 1.99950004
vt 0.83340001 1.00049996
vt 0.20029999 1.94470000
vt 0.00050000 1.00048971
vt 0.00050000 1.83340001
vt 0.99949348 1.00054085
vt 0.40009609 1.99948359
vt 0.59989607 1.99949372
vt 0.79969311 1.94473076
vt 0.99949348 1.83345103
vt -0.00000000 2.00000000
vt 1.00000000 1.00000000
vt -0.00000000 1.00000000
vt 1.00000000 2.00000000
vt -0.00000000 2.00000000
vt 0.20000000 2.00000000
vt -0.00000000 1.00000000
vt 1.00000000 1.00000000
vt 0.80000001 2.00000000
vt 1.00000000 2.00000000
vt -0.00000000 1.00000000
vt 0.20000000 2.00000000
vt 0.20000000 1.00000000
vt 1.00000000 1.00000000
vt 0.80000001 1.00000000
vt 0.80000001 2.00000000
vt 0.20000000 2.00000000
vt 0.40000001 2.00000000
vt 0.20000000 1.00000000
vt 0.80000001 1.00000000
vt 0.60000002 2.00000000
vt 0.80000001 2.00000000
vt 0.20000429 1.00000000
vt 0.60000002 2.00000000
vt 0.60000002 1.00000000
vt 0.40000001 2.00000000
vt 0.60000002 2.00000000
vt 0.40000001 1.00000000
vt 0.40000001 2.00000000
vt 0.79999572 1.00000000
vt 0.60000002 2.00000000
vt 0.80000001 2.00000000
vt 0.60000002 1.00000000
vt 0.40000001 1.00000000
vt 0.20000000 2.00000000
vt 0.40000001 2.00000000
vt 0.60000002 1.00000000
vt 0.80000001 2.00000000
vt 0.80000001 1.00000000
vt 0.40000001 1.00000000
vt 0.20000000 1.00000000
vt 0.20000000 2.00000000
vt 0.80000001 2.00000000
vt 1.00000000 2.00000000
vt 0.80000001 1.00000000
vt 0.20000000 1.00000000
vt -0.00000000 2.00000000
vt 0.20000000 2.00000000
vt 0.80000001 1.00000000
vt 1.00000000 2.00000000
vt 1.00000000 1.00000000
vt 0.20000000 1.00000000
vt 0.00000000 1.00000000
vt 0.00000000 2.00000000
vt -0.00000000 1.00000000
vt 1.00000000 2.00000000
vt 1.00000000 1.00000000
vt 0.00000000 2.00000000
vt 0.14680000 1.85319996
vt 0.14680000 1.14680004
vt 0.00053368 1.49990952
vt 0.50000077 1.99951410
vt 0.50000077 1.00048590
vt 0.85320002 1.85319996
vt 0.85320002 1.14680004
vt 0.99946988 1.49990952
vt 0.85320002 1.35239983
vt 0.50000000 1.00049996
vt 0.50000000 1.35239983
vt 0.85320002 1.00049996
vt 0.14680000 1.35239983
vt 0.50000000 1.00049996
vt 0.14680000 1.00049996
vt 0.50000000 1.35239983
vt 0.50000000 1.35239983
vt 0.85320002 1.00049996
vt 0.50000000 1.00049996
vt 0.85320002 1.35239983
vt 0.50000000 1.35239983
vt 0.14680000 1.00049996
vt 0.14680000 1.35239983
vt 0.50000000 1.00049996
vt 0.85320002 1.00049996
vt 0.50000000 1.35239983
vt 0.85320002 1.35239983
vt 0.50000000 1.00049996
vt 0.14680000 1.00049996
vt 0.50000000 1.35239983
vt 0.50000000 1.00049996
vt 0.14680000 1.35239983
vt 0.50000000 1.00049996
vt 0.85320002 1.35239983
vt 0.85320002 1.00049996
vt 0.50000000 1.35239983
vt 0.50000000 1.00049996
vt 0.14680000 1.35239983
vt 0.50000000 1.35239983
vt 0.14680000 1.00049996
vt 0.73996812 1.76101685
vt 0.50039750 1.35261917
vt 0.50039560 1.76101959
vt 0.85359728 1.35262096
vt 0.26042309 1.76079023
vt 0.50002331 1.35239029
vt 0.14682330 1.35239005
vt 0.50011438 1.76078987
vt 0.50019711 1.76159859
vt 0.85339350 1.35319543
vt 0.50019300 1.35319912
vt 0.73983800 1.76160407
vt 0.50044829 1.76132917
vt 0.14727390 1.35292661
vt 0.26087579 1.76132631
vt 0.50047368 1.35292482
vt 0.85284168 1.35198617
vt 0.49963999 1.76038468
vt 0.73921239 1.76038218
vt 0.49964190 1.35198438
vt 0.14633040 1.35212243
vt 0.49956810 1.76051700
vt 0.49953100 1.35212660
vt 0.25992599 1.76052320
vt 0.49994740 1.35232449
vt 0.73964059 1.76072550
vt 0.85314751 1.35232377
vt 0.49994820 1.76072443
vt 0.49954149 1.35206807
vt 0.25994369 1.76046968
vt 0.49951610 1.76047230
vt 0.14634180 1.35206985
vt 0.73960000 1.99950004
vt 0.50000000 1.76080000
vt 0.50000000 1.99950004
vt 0.73960000 1.76080000
vt 0.26040000 1.99950004
vt 0.50000000 1.76080000
vt 0.26040000 1.76080000
vt 0.50000000 1.99950004
vt 0.50000000 1.99950004
vt 0.73960000 1.76080000
vt 0.50000000 1.76080000
vt 0.73960000 1.99950004
vt 0.50000000 1.99950004
vt 0.26040000 1.76080000
vt 0.26040000 1.99950004
vt 0.50000000 1.76080000
vt 0.73960000 1.76080000
vt 0.50000000 1.99950004
vt 0.73960000 1.99950004
vt 0.50000000 1.76080000
vt 0.26040000 1.76080000
vt 0.50000000 1.99950004
vt 0.50000000 1.76080000
vt 0.26040000 1.99950004
vt 0.50000000 1.76080000
vt 0.73960000 1.99950004
vt 0.73960000 1.76080000
vt 0.50000000 1.99950004
vt 0.50000000 1.76080000
vt 0.26040000 1.99950004
vt 0.50000000 1.99950004
vt 0.26040000 1.76080000
vt 0.73961842 1.26036096
vt 0.73961699 1.73982024
vt 0.83890003 1.50000000
vt 0.50000000 1.16110003
vt 0.49999800 1.83908105
vt 0.26038209 1.26036096
vt 0.26038069 1.73982024
vt 0.16110000 1.50000000
vt 0.14680000 1.85319996
vt 0.14680000 1.14680004
vt 0.00052220 1.49990952
vt 0.50002319 1.99951410
vt 0.50002319 1.00048590
vt 0.85320002 1.85319996
vt 0.85320002 1.14680004
vt 0.99952090 1.49990952
vt 0.85320002 1.35239983
vt 0.50000000 1.00049996
vt 0.50000000 1.35239983
vt 0.85320002 1.00049996
vt 0.14680000 1.35239983
vt 0.50000000 1.00049996
vt 0.14680000 1.00049996
vt 0.50000000 1.35239983
vt 0.50000000 1.35239983
vt 0.85320002 1.00049996
vt 0.50000000 1.00049996
vt 0.85320002 1.35239983
vt 0.50000000 1.35239983
vt 0.14680000 1.00049996
vt 0.14680000 1.35239983
vt 0.50000000 1.00049996
vt 0.85320002 1.00049996
vt 0.50000000 1.35239983
vt 0.85320002 1.35239983
vt 0.50000000 1.00049996
vt 0.14680000 1.00049996
vt 0.50000000 1.35239983
vt 0.50000000 1.00049996
vt 0.14680000 1.35239983
vt 0.50000000 1.00049996
vt 0.85320002 1.35239983
vt 0.85320002 1.00049996
vt 0.50000000 1.35239983
vt 0.50000000 1.00049996
vt 0.14680000 1.35239983
vt 0.50000000 1.35239983
vt 0.14680000 1.00049996
vt 0.85320002 1.35239983
vt 0.50000000 1.35239983
vt 0.50000000 1.76080000
vt 0.25948450 1.76136637
vt 0.49907240 1.35295773
vt 0.14587380 1.35296786
vt 0.49915230 1.76138151
vt 0.49956810 1.75927782
vt 0.85277462 1.35088336
vt 0.49957559 1.35087657
vt 0.73918551 1.75926793
vt 0.50000000 1.35239983
vt 0.14680000 1.35239983
vt 0.26040000 1.76080000
vt 0.85230422 1.35138512
vt 0.49909991 1.75978136
vt 0.73871249 1.75977468
vt 0.49910489 1.35138047
vt 0.14706820 1.35254717
vt 0.50029749 1.76095092
vt 0.50026780 1.35254455
vt 0.26067099 1.76094699
vt 0.50052172 1.35310912
vt 0.74019182 1.76150107
vt 0.85372078 1.35311520
vt 0.50051492 1.76151013
vt 0.49881101 1.35155499
vt 0.25921631 1.75995898
vt 0.49882889 1.75996566
vt 0.14561160 1.35155964
vt 0.85320002 1.35239983
vt 0.50000000 1.76080000
vt 0.73960000 1.76080000
vt 0.26040000 1.99950004
vt 0.50000000 1.76080000
vt 0.26040000 1.76080000
vt 0.50000000 1.99950004
vt 0.50000000 1.99950004
vt 0.73960000 1.76080000
vt 0.50000000 1.76080000
vt 0.73960000 1.99950004
vt 0.50000000 1.35239983
vt 0.26040000 1.76080000
vt 0.50000000 1.76080000
vt 0.73960000 1.76080000
vt 0.50000000 1.99950004
vt 0.73960000 1.99950004
vt 0.50000000 1.76080000
vt 0.26040000 1.76080000
vt 0.50000000 1.99950004
vt 0.50000000 1.76080000
vt 0.26040000 1.99950004
vt 0.50000000 1.76080000
vt 0.73960000 1.99950004
vt 0.73960000 1.76080000
vt 0.50000000 1.99950004
vt 0.50000000 1.76080000
vt 0.26040000 1.99950004
vt 0.50000000 1.99950004
vt 0.26040000 1.76080000
vt 0.73960000 1.99950004
vt 0.50000000 1.76080000
vt 0.50000000 1.99950004
vt 0.73960000 1.76080000
vt 0.73966449 1.26036096
vt 0.73966378 1.73982024
vt 0.83890003 1.50000000
vt 0.50000000 1.16110003
vt 0.49999890 1.83908105
vt 0.26033720 1.26036096
vt 0.26033649 1.73982024
vt 0.16110000 1.50000000
vt 0.50000000 1.99950004
vt 0.26040000 1.76080000
vt 0.26040000 1.99950004
vt 0.50000000 1.76080000
vt -0.00000000 2.00000000
vt 0.20000000 2.00000000
vt -0.00000000 1.00000000
vt 0.00000000 1.00000000
vt -0.00000000 2.00000000
vt 1.00000000 1.00000000
vt -0.00000000 1.00000000
vt 1.00000000 2.00000000
vt 0.20000000 1.00000000
vt 1.00000000 1.00000000
vt 0.80000001 2.00000000
vt 1.00000000 2.00000000
vt 0.20000000 2.00000000
vt 0.40000001 2.00000000
vt 0.20000000 1.00000000
vt 1.00000000 1.00000000
vt 0.80000001 1.00000000
vt 0.80000001 2.00000000
vt 0.20000079 1.00000000
vt 0.60000002 2.00000000
vt 0.60000002 1.00000000
vt 0.40000001 2.00000000
vt 0.80000001 1.00000000
vt 0.60000002 2.00000000
vt 0.80000001 2.00000000
vt 0.60000002 2.00000000
vt 0.80000001 2.00000000
vt 0.60000002 1.00000000
vt 0.60000002 2.00000000
vt 0.40000001 1.00000000
vt 0.40000001 2.00000000
vt 0.79999918 1.00000000
vt 0.60000002 1.00000000
vt 0.80000001 2.00000000
vt 0.80000001 1.00000000
vt 0.40000001 1.00000000
vt 0.20000000 2.00000000
vt 0.40000001 2.00000000
vt 0.80000001 2.00000000
vt 1.00000000 2.00000000
vt 0.80000001 1.00000000
vt 0.40000001 1.00000000
vt 0.20000000 1.00000000
vt 0.20000000 2.00000000
vt 0.80000001 1.00000000
vt 1.00000000 2.00000000
vt 1.00000000 1.00000000
vt 0.20000000 1.00000000
vt -0.00000000 2.00000000
vt 0.20000000 2.00000000
vt -0.00000000 1.00000000
vt 1.00000000 2.00000000
vt 1.00000000 1.00000000
vt 0.00000000 2.00000000
vt 0.20000000 1.00000000
vt 0.00000000 1.00000000
vt 0.00000000 2.00000000
vt 0.94999999 1.99950004
vt 0.59990001 1.00049996
vt 0.59990001 1.99950004
vt 0.94999999 1.00049996
vt 0.21720000 1.99950004
vt 0.99949998 1.00049996
vt 0.21720000 1.00049996
vt 0.99949998 1.99950004
vt 0.00050000 1.81499982
vt 0.04999993 1.78279972
vt 0.00050000 1.00049996
vt 0.20023580 1.93851697
vt 0.39996779 1.87465513
vt 0.39996779 1.99922967
vt 0.59970361 1.99907482
vt 0.59970361 1.87450039
vt 0.79943639 1.93805265
vt 0.94967133 1.78210270
vt 0.99917269 1.81422615
vt 0.99917269 0.99972624
vt 0.40009999 1.99950004
vt 0.40009999 1.00049996
vt 0.94964552 1.78210270
vt 0.99914402 1.81422615
vt 0.99914402 0.99972624
vt 0.79941392 1.93805265
vt 0.59968770 1.87450039
vt 0.59968770 1.99907482
vt 0.39995760 1.87465513
vt 0.39995760 1.99922967
vt 0.04999993 1.78279972
vt 0.20023060 1.93851697
vt 0.00050000 1.81499982
vt 0.00050000 1.00049996
vt 0.00050000 1.00049996
vt 0.81500000 1.99950004
vt 0.81500000 1.00049996
vt 0.00050000 1.99950004
vt 0.99949998 1.99950004
vt 0.79970002 1.00049996
vt 0.79970002 1.99950004
vt 0.99949998 1.00049996
vt 0.18500000 1.99950004
vt 0.99949998 1.00049996
vt 0.18500000 1.00049996
vt 0.99949998 1.99950004
vt 0.00050000 1.00049996
vt 0.78280002 1.99950004
vt 0.78280002 1.00049996
vt 0.00050000 1.99950004
vt 0.04999995 1.99950004
vt 0.04999995 1.00049996
vt 0.20029999 1.00049996
vt 0.20029999 1.00049996
vt 0.00050000 1.99950027
vt 0.20029999 1.99950027
vt 0.20029999 1.99950004
vt 0.00050000 1.00049996
vt 0.40009999 1.00049996
vt 0.40009999 1.99950004
vt 0.59990001 1.00049996
vt 0.59990001 1.99950004
vt -0.00000000 2.00000000
vt 1.00000000 1.00000000
vt -0.00000000 1.00000000
vt 1.00000000 2.00000000
vt -0.00000000 2.00000000
vt 0.20000000 2.00000000
vt -0.00000000 1.00000000
vt 1.00000000 1.00000000
vt 0.80000001 2.00000000
vt 1.00000000 2.00000000
vt 0.00000000 1.00000000
vt 0.20000000 2.00000000
vt 0.20000000 1.00000000
vt 1.00000000 1.00000000
vt 0.80000001 1.00000000
vt 0.80000001 2.00000000
vt 0.20000000 2.00000000
vt 0.40000001 2.00000000
vt 0.20000000 1.00000000
vt 0.80000001 1.00000000
vt 0.60000002 2.00000000
vt 0.80000001 2.00000000
vt 0.20000000 1.00000000
vt 0.59999889 2.00000000
vt 0.59999889 1.00000000
vt 0.40000001 2.00000000
vt 0.60000002 2.00000000
vt 0.40000001 1.00000000
vt 0.40000001 2.00000000
vt 0.80000108 1.00000000
vt 0.60000002 2.00000000
vt 0.80000001 2.00000000
vt 0.60000002 1.00000000
vt 0.40000001 1.00000000
vt 0.20000000 2.00000000
vt 0.40000001 2.00000000
vt 0.60000002 1.00000000
vt 0.80000001 2.00000000
vt 0.80000001 1.00000000
vt 0.40000001 1.00000000
vt 0.20000000 1.00000000
vt 0.20000000 2.00000000
vt 0.80000001 2.00000000
vt 1.00000000 2.00000000
vt 0.80000001 1.00000000
vt 0.20000000 1.00000000
vt -0.00000000 2.00000000
vt 0.20000000 2.00000000
vt 0.80000001 1.00000000
vt 1.00000000 2.00000000
vt 1.00000000 1.00000000
vt 0.20000000 1.00000000
vt 0.00000000 1.00000000
vt 0.00000000 2.00000000
vt -0.00000000 1.00000000
vt 1.00000000 2.00000000
vt 1.00000000 1.00000000
vt 0.00000000 2.00000000
vt 0.14680000 1.85319996
vt 0.14680000 1.14680004
vt 0.00047506 1.49990952
vt 0.50000060 1.99951410
vt 0.50000060 1.00048590
vt 0.85320002 1.85319996
vt 0.85320002 1.14680004
vt 0.99951351 1.49990952
vt 0.85320002 1.35239983
vt 0.50000000 1.00049996
vt 0.50000000 1.35239983
vt 0.85320002 1.00049996
vt 0.14680000 1.35239983
vt 0.50000000 1.00049996
vt 0.14680000 1.00049996
vt 0.50000000 1.35239983
vt 0.50000000 1.35239983
vt 0.85320002 1.00049996
vt 0.50000000 1.00049996
vt 0.85320002 1.35239983
vt 0.50000000 1.35239983
vt 0.14680000 1.00049996
vt 0.14680000 1.35239983
vt 0.50000000 1.00049996
vt 0.85320002 1.00049996
vt 0.50000000 1.35239983
vt 0.85320002 1.35239983
vt 0.50000000 1.00049996
vt 0.14680000 1.00049996
vt 0.50000000 1.35239983
vt 0.50000000 1.00049996
vt 0.14680000 1.35239983
vt 0.50000000 1.00049996
vt 0.85320002 1.35239983
vt 0.85320002 1.00049996
vt 0.50000000 1.35239983
vt 0.50000000 1.00049996
vt 0.14680000 1.35239983
vt 0.50000000 1.35239983
vt 0.14680000 1.00049996
vt 0.73992902 1.76097488
vt 0.50036001 1.35257697
vt 0.50035822 1.76097727
vt 0.85355979 1.35257864
vt 0.26062760 1.76059866
vt 0.50023121 1.35220098
vt 0.14703080 1.35219800
vt 0.50032520 1.76059413
vt 0.50047922 1.76230669
vt 0.85367310 1.35390115
vt 0.50047219 1.35390759
vt 0.74012637 1.76231623
vt 0.50043231 1.76129532
vt 0.14725980 1.35289311
vt 0.26086149 1.76129293
vt 0.50045949 1.35289145
vt 0.85284883 1.35200989
vt 0.49964711 1.76040840
vt 0.73922002 1.76040578
vt 0.49964911 1.35200810
vt 0.14694500 1.35247159
vt 0.50017560 1.76087391
vt 0.50014472 1.35246992
vt 0.26054671 1.76087141
vt 0.50048959 1.35303628
vt 0.74016309 1.76142955
vt 0.85368878 1.35304141
vt 0.50048387 1.76143718
vt 0.49951640 1.35206246
vt 0.25991851 1.76046395
vt 0.49949139 1.76046669
vt 0.14631660 1.35206413
vt 0.73960000 1.99950004
vt 0.50000000 1.76080000
vt 0.50000000 1.99950004
vt 0.73960000 1.76080000
vt 0.26040000 1.99950004
vt 0.50000000 1.76080000
vt 0.26040000 1.76080000
vt 0.50000000 1.99950004
vt 0.50000000 1.99950004
vt 0.73960000 1.76080000
vt 0.50000000 1.76080000
vt 0.73960000 1.99950004
vt 0.50000000 1.99950004
vt 0.26040000 1.76080000
vt 0.26040000 1.99950004
vt 0.50000000 1.76080000
vt 0.73960000 1.76080000
vt 0.50000000 1.99950004
vt 0.73960000 1.99950004
vt 0.50000000 1.76080000
vt 0.26040000 1.76080000
vt 0.50000000 1.99950004
vt 0.50000000 1.76080000
vt 0.26040000 1.99950004
vt 0.50000000 1.76080000
vt 0.73960000 1.99950004
vt 0.73960000 1.76080000
vt 0.50000000 1.99950004
vt 0.50000000 1.76080000
vt 0.26040000 1.99950004
vt 0.50000000 1.99950004
vt 0.26040000 1.76080000
vt 0.73960930 1.26036096
vt 0.73964161 1.73982024
vt 0.83890003 1.50000000
vt 0.50000000 1.16110003
vt 0.50004560 1.83908105
vt 0.26040730 1.26036096
vt 0.26043960 1.73982024
vt 0.16110000 1.50000000
vt -0.00000000 2.00000000
vt 1.00000000 1.00000000
vt -0.00000000 1.00000000
vt 1.00000000 2.00000000
vt -0.00000000 2.00000000
vt 0.20000000 2.00000000
vt -0.00000000 1.00000000
vt 1.00000000 1.00000000
vt 0.80000001 2.00000000
vt 1.00000000 2.00000000
vt -0.00000000 1.00000000
vt 0.20000000 2.00000000
vt 0.20000000 1.00000000
vt 1.00000000 1.00000000
vt 0.80000001 1.00000000
vt 0.80000001 2.00000000
vt 0.20000000 2.00000000
vt 0.40000001 2.00000000
vt 0.20000000 1.00000000
vt 0.80000001 1.00000000
vt 0.60000002 2.00000000
vt 0.80000001 2.00000000
vt 0.20000000 1.00000000
vt 0.59996331 2.00000000
vt 0.59996331 1.00000000
vt 0.40000001 2.00000000
vt 0.60000002 2.00000000
vt 0.40000001 1.00000000
vt 0.40000001 2.00000000
vt 0.80003673 1.00000000
vt 0.60000002 2.00000000
vt 0.80000001 2.00000000
vt 0.60000002 1.00000000
vt 0.40000001 1.00000000
vt 0.20000000 2.00000000
vt 0.40000001 2.00000000
vt 0.60000002 1.00000000
vt 0.80000001 2.00000000
vt 0.80000001 1.00000000
vt 0.40000001 1.00000000
vt 0.20000000 1.00000000
vt 0.20000000 2.00000000
vt 0.80000001 2.00000000
vt 1.00000000 2.00000000
vt 0.80000001 1.00000000
vt 0.20000000 1.00000000
vt -0.00000000 2.00000000
vt 0.20000000 2.00000000
vt 0.80000001 1.00000000
vt 1.00000000 2.00000000
vt 1.00000000 1.00000000
vt 0.20000000 1.00000000
vt -0.00000000 1.00000000
vt -0.00000000 2.00000000
vt -0.00000000 1.00000000
vt 1.00000000 2.00000000
vt 1.00000000 1.00000000
vt 0.00000000 2.00000000
vt -0.00000000 2.00000000
vt 1.00000000 1.00000000
vt -0.00000000 1.00000000
vt 1.00000000 2.00000000
vt -0.00000000 2.00000000
vt 0.20000000 2.00000000
vt -0.00000000 1.00000000
vt 1.00000000 1.00000000
vt 0.80000001 2.00000000
vt 1.00000000 2.00000000
vt 0.00000000 1.00000000
vt 0.20000000 2.00000000
vt 0.20000000 1.00000000
vt 1.00000000 1.00000000
vt 0.80000001 1.00000000
vt 0.80000001 2.00000000
vt 0.20000000 2.00000000
vt 0.40000001 2.00000000
vt 0.20000000 1.00000000
vt 0.80000001 1.00000000
vt 0.60000002 2.00000000
vt 0.80000001 2.00000000
vt 0.20006120 1.00000000
vt 0.60000002 2.00000000
vt 0.60000002 1.00000000
vt 0.40000001 2.00000000
vt 0.60000002 2.00000000
vt 0.40000001 1.00000000
vt 0.40000001 2.00000000
vt 0.79993880 1.00000000
vt 0.60000002 2.00000000
vt 0.80000001 2.00000000
vt 0.60000002 1.00000000
vt 0.40000001 1.00000000
vt 0.20000000 2.00000000
vt 0.40000001 2.00000000
vt 0.60000002 1.00000000
vt 0.80000001 2.00000000
vt 0.80000001 1.00000000
vt 0.40000001 1.00000000
vt 0.20000000 1.00000000
vt 0.20000000 2.00000000
vt 0.80000001 2.00000000
vt 1.00000000 2.00000000
vt 0.80000001 1.00000000
vt 0.20000000 1.00000000
vt -0.00000000 2.00000000
vt 0.20000000 2.00000000
vt 0.80000001 1.00000000
vt 1.00000000 2.00000000
vt 1.00000000 1.00000000
vt 0.20000000 1.00000000
vt 0.00000000 1.00000000
vt 0.00000000 2.00000000
vt -0.00000000 1.00000000
vt 1.00000000 2.00000000
vt 1.00000000 1.00000000
vt 0.00000000 2.00000000
vt 0.14680000 1.85319996
vt 0.14680000 1.14680004
vt 0.00048593 1.49990952
vt 0.50001812 1.99951410
vt 0.50001812 1.00048590
vt 0.85320002 1.85319996
vt 0.85320002 1.14680004
vt 0.99951410 1.49990952
vt 0.85320002 1.35239983
vt 0.50000000 1.00049996
vt 0.50000000 1.35239983
vt 0.85320002 1.00049996
vt 0.14680000 1.35239983
vt 0.50000000 1.00049996
vt 0.14680000 1.00049996
vt 0.50000000 1.35239983
vt 0.50000000 1.35239983
vt 0.85320002 1.00049996
vt 0.50000000 1.00049996
vt 0.85320002 1.35239983
vt 0.50000000 1.35239983
vt 0.14680000 1.00049996
vt 0.14680000 1.35239983
vt 0.50000000 1.00049996
vt 0.85320002 1.00049996
vt 0.50000000 1.35239983
vt 0.85320002 1.35239983
vt 0.50000000 1.00049996
vt 0.14680000 1.00049996
vt 0.50000000 1.35239983
vt 0.50000000 1.00049996
vt 0.14680000 1.35239983
vt 0.50000000 1.00049996
vt 0.85320002 1.35239983
vt 0.85320002 1.00049996
vt 0.50000000 1.35239983
vt 0.50000000 1.00049996
vt 0.14680000 1.35239983
vt 0.50000000 1.35239983
vt 0.14680000 1.00049996
vt 0.74026132 1.76106048
vt 0.50067067 1.35266459
vt 0.50066710 1.76106524
vt 0.85387021 1.35266793
vt 0.26037121 1.76088059
vt 0.49997020 1.35247993
vt 0.14677030 1.35248065
vt 0.50006020 1.76088178
vt 0.50028211 1.76149392
vt 0.85347962 1.35309160
vt 0.50027919 1.35309434
vt 0.73992079 1.76149797
vt 0.50094593 1.76177168
vt 0.14774831 1.35336721
vt 0.26135170 1.76176679
vt 0.50094777 1.35336399
vt 0.85286832 1.35205543
vt 0.49966660 1.76045394
vt 0.73923951 1.76045132
vt 0.49966860 1.35205364
vt 0.14679630 1.35239935
vt 0.50002903 1.76079941
vt 0.49999630 1.35239935
vt 0.26039621 1.76079953
vt 0.50042629 1.35290349
vt 0.74010581 1.76129913
vt 0.85362577 1.35290694
vt 0.50042260 1.76130414
vt 0.49949050 1.35206223
vt 0.25989261 1.76046371
vt 0.49946561 1.76046658
vt 0.14629070 1.35206401
vt 0.73960000 1.99950004
vt 0.50000000 1.76080000
vt 0.50000000 1.99950004
vt 0.73960000 1.76080000
vt 0.26040000 1.99950004
vt 0.50000000 1.76080000
vt 0.26040000 1.76080000
vt 0.50000000 1.99950004
vt 0.50000000 1.99950004
vt 0.73960000 1.76080000
vt 0.50000000 1.76080000
vt 0.73960000 1.99950004
vt 0.50000000 1.99950004
vt 0.26040000 1.76080000
vt 0.26040000 1.99950004
vt 0.50000000 1.76080000
vt 0.73960000 1.76080000
vt 0.50000000 1.99950004
vt 0.73960000 1.99950004
vt 0.50000000 1.76080000
vt 0.26040000 1.76080000
vt 0.50000000 1.99950004
vt 0.50000000 1.76080000
vt 0.26040000 1.99950004
vt 0.50000000 1.76080000
vt 0.73960000 1.99950004
vt 0.73960000 1.76080000
vt 0.50000000 1.99950004
vt 0.50000000 1.76080000
vt 0.26040000 1.99950004
vt 0.50000000 1.99950004
vt 0.26040000 1.76080000
vt 0.73961502 1.26036096
vt 0.73962778 1.73982024
vt 0.83890003 1.50000000
vt 0.50000000 1.16110003
vt 0.50001812 1.83908105
vt 0.26039031 1.26036096
vt 0.26040310 1.73982024
vt 0.16110000 1.50000000
vt -0.00000000 2.00000000
vt 1.00000000 1.00000000
vt -0.00000000 1.00000000
vt 1.00000000 2.00000000
vt -0.00000000 2.00000000
vt 0.20000000 2.00000000
vt -0.00000000 1.00000000
vt 1.00000000 1.00000000
vt 0.80000001 2.00000000
vt 1.00000000 2.00000000
vt 0.00000000 1.00000000
vt 0.20000000 2.00000000
vt 0.20000000 1.00000000
vt 1.00000000 1.00000000
vt 0.80000001 1.00000000
vt 0.80000001 2.00000000
vt 0.20000000 2.00000000
vt 0.40000001 2.00000000
vt 0.20000000 1.00000000
vt 0.80000001 1.00000000
vt 0.60000002 2.00000000
vt 0.80000001 2.00000000
vt 0.20000000 1.00000000
vt 0.60000002 2.00000000
vt 0.60000002 1.00000000
vt 0.40000001 2.00000000
vt 0.60000002 2.00000000
vt 0.40000001 1.00000000
vt 0.40000001 2.00000000
vt 0.80000001 1.00000000
vt 0.60000002 2.00000000
vt 0.80000001 2.00000000
vt 0.60000002 1.00000000
vt 0.40000001 1.00000000
vt 0.20000000 2.00000000
vt 0.40000001 2.00000000
vt 0.60000002 1.00000000
vt 0.80000001 2.00000000
vt 0.80000001 1.00000000
vt 0.40000001 1.00000000
vt 0.20000000 1.00000000
vt 0.20000000 2.00000000
vt 0.80000001 2.00000000
vt 1.00000000 2.00000000
vt 0.80000001 1.00000000
vt 0.20000000 1.00000000
vt -0.00000000 2.00000000
vt 0.20000000 2.00000000
vt 0.80000001 1.00000000
vt 1.00000000 2.00000000
vt 1.00000000 1.00000000
vt 0.20000000 1.00000000
vt 0.00000000 1.00000000
vt 0.00000000 2.00000000
vt -0.00000000 1.00000000
vt 1.00000000 2.00000000
vt 1.00000000 1.00000000
vt 0.00000000 2.00000000
vt 0.14680000 1.59960008
vt 0.26199999 1.99950004
vt 0.50000000 1.99950004
vt 0.50014043 1.99942672
vt 0.85334009 1.59952974
vt 0.85320002 1.59960008
vt 0.50013977 1.59953213
vt 0.50000000 1.59960008
vt 0.73814338 1.99943018
vt 0.73799998 1.26199996
vt 0.73835093 1.73775649
vt 0.83673137 1.49988067
vt 0.73725200 1.49987817
vt 0.66769999 1.33229995
vt 0.50000000 1.16340005
vt 0.50007337 1.26291716
vt 0.26212570 1.26198792
vt 0.33252940 1.33229136
vt 0.26323780 1.49986613
vt 0.66794717 1.66745305
vt 0.50049639 1.83634424
vt 0.50042301 1.73682714
vt 0.33277661 1.66744447
vt 0.26247659 1.73774433
vt 0.16374519 1.49986362
vt 0.50000000 1.59960008
vt 0.14680000 1.59960008
vt 0.50000000 1.99950004
vt 0.85320002 1.00049996
vt 0.50000000 1.00049996
vt 0.26196790 1.99948847
vt 0.50000978 1.59958792
vt 0.50000000 1.59960008
vt 0.14680980 1.59958768
vt 0.14680000 1.59960008
vt 0.50000930 1.99948800
vt 0.49991739 1.59959447
vt 0.50000000 1.59960008
vt 0.73791939 1.99949336
vt 0.85311759 1.59959316
vt 0.85320002 1.59960008
vt 0.49987501 1.99949145
vt 0.14674450 1.59983599
vt 0.14680000 1.59960008
vt 0.49994019 1.99973881
vt 0.49994501 1.59983945
vt 0.50000000 1.59960008
vt 0.26193431 1.99974382
vt 0.50000000 1.59960008
vt 0.50000000 1.99950004
vt 0.73799998 1.99950004
vt 0.73793602 1.99953938
vt 0.49993521 1.59963965
vt 0.50000000 1.59960008
vt 0.49987879 1.99953842
vt 0.85313529 1.59963918
vt 0.85320002 1.59960008
vt 0.50013971 1.59953237
vt 0.50000000 1.59960008
vt 0.26209390 1.99943411
vt 0.50013793 1.99943221
vt 0.14693950 1.59953117
vt 0.14680000 1.59960008
vt 0.14680000 1.00049996
vt 0.50000000 1.00049996
vt 0.14694950 1.85280228
vt 0.14684840 1.14658320
vt 0.00062305 1.49968088
vt 0.14829791 1.49972618
vt 0.25134951 1.74846828
vt 0.50014287 1.99923432
vt 0.50012177 1.85159135
vt 0.85330099 1.85301912
vt 0.74887109 1.74862099
vt 0.85187131 1.49994206
vt 0.25127831 1.25104737
vt 0.49999991 1.00049996
vt 0.50002110 1.14807701
vt 0.74879992 1.25119996
vt 0.85319990 1.14680004
vt 0.99953961 1.49998736
vt 0.50000000 1.00049996
vt 0.14680000 1.00049996
vt 0.50000000 1.00049996
vt 0.85320002 1.00049996
vt 0.14680000 1.00049996
vt 0.50000000 1.00049996
vt 0.50000000 1.59960008
vt 0.73799998 1.99950004
vt 0.85320002 1.59960008
vt 0.50000000 1.00049996
vt 0.85320002 1.00049996
vt 0.50000000 1.00049996
vt 0.14680000 1.00049996
vt 0.85320002 1.00049996
vt 0.50000000 1.00049996
vt 0.73964590 1.26036096
vt 0.73968440 1.73982024
vt 0.83890003 1.50000000
vt 0.50000000 1.16110003
vt 0.50005442 1.83908105
vt 0.26027939 1.26036096
vt 0.26031789 1.73982024
vt 0.16110000 1.50000000
vt 0.50000000 1.99950004
vt 0.73960000 1.76080000
vt 0.50000000 1.76080000
vt 0.73960000 1.99950004
vt 0.26040000 1.99950004
vt 0.50000000 1.76080000
vt 0.26040000 1.76080000
vt 0.50000000 1.99950004
vt 0.73960000 1.99950004
vt 0.50000000 1.76080000
vt 0.50000000 1.99950004
vt 0.73960000 1.76080000
vt 0.50000000 1.76080000
vt 0.26040000 1.99950004
vt 0.50000000 1.99950004
vt 0.26040000 1.76080000
vt 0.50000000 1.76080000
vt 0.73960000 1.99950004
vt 0.73960000 1.76080000
vt 0.50000000 1.99950004
vt 0.26040000 1.76080000
vt 0.50000000 1.99950004
vt 0.50000000 1.76080000
vt 0.26040000 1.99950004
vt 0.73960000 1.76080000
vt 0.50000000 1.99950004
vt 0.73960000 1.99950004
vt 0.50000000 1.76080000
vt 0.50000000 1.99950004
vt 0.26040000 1.76080000
vt 0.26040000 1.99950004
vt 0.50000000 1.76080000
vt 0.85320002 1.35239983
vt 0.50000000 1.76080000
vt 0.73960000 1.76080000
vt 0.50000000 1.76080000
vt 0.50000000 1.35239983
vt 0.26040000 1.76080000
vt 0.85320002 1.35239983
vt 0.50000000 1.76080000
vt 0.73960000 1.76080000
vt 0.49885470 1.35165358
vt 0.25925949 1.76005697
vt 0.49886429 1.76006293
vt 0.14565530 1.35165763
vt 0.50104439 1.35360467
vt 0.74070960 1.76199472
vt 0.85424328 1.35361242
vt 0.50103599 1.76200604
vt 0.14693990 1.35237873
vt 0.50016743 1.76078439
vt 0.50013930 1.35237455
vt 0.26054430 1.76077819
vt 0.85248160 1.35167289
vt 0.49927780 1.76006961
vt 0.73888260 1.76006365
vt 0.49928221 1.35166883
vt 0.50000000 1.35239983
vt 0.26040000 1.76080000
vt 0.50000000 1.76080000
vt 0.50000000 1.35239983
vt 0.14680000 1.35239983
vt 0.26040000 1.76080000
vt 0.85320002 1.35239983
vt 0.50000000 1.35239983
vt 0.50000000 1.76080000
vt 0.50000000 1.35239983
vt 0.14680000 1.35239983
vt 0.26040000 1.76080000
vt 0.85320002 1.35239983
vt 0.50000000 1.35239983
vt 0.50000000 1.76080000
vt 0.50000000 1.00049996
vt 0.14680000 1.35239983
vt 0.50000000 1.35239983
vt 0.14680000 1.00049996
vt 0.50000000 1.00049996
vt 0.85320002 1.35239983
vt 0.85320002 1.00049996
vt 0.50000000 1.35239983
vt 0.14680000 1.00049996
vt 0.50000000 1.35239983
vt 0.50000000 1.00049996
vt 0.14680000 1.35239983
vt 0.85320002 1.00049996
vt 0.50000000 1.35239983
vt 0.85320002 1.35239983
vt 0.50000000 1.00049996
vt 0.50000000 1.35239983
vt 0.14680000 1.00049996
vt 0.14680000 1.35239983
vt 0.50000000 1.00049996
vt 0.50000000 1.35239983
vt 0.85320002 1.00049996
vt 0.50000000 1.00049996
vt 0.85320002 1.35239983
vt 0.14680000 1.35239983
vt 0.50000000 1.00049996
vt 0.14680000 1.00049996
vt 0.50000000 1.35239983
vt 0.85320002 1.35239983
vt 0.50000000 1.00049996
vt 0.50000000 1.35239983
vt 0.85320002 1.00049996
vt 0.14680000 1.85319996
vt 0.14680000 1.14680004
vt 0.00051839 1.49990952
vt 0.49997279 1.99951410
vt 0.49997279 1.00048590
vt 0.85320002 1.85319996
vt 0.85320002 1.14680004
vt 0.99953592 1.49990952
f 1/1 2/2 3/3
f 2/2 1/1 4/4
f 2/2 4/4 5/5
f 5/5 4/4 6/6
f 5/5 6/6 7/7
f 7/7 6/6 8/8
f 9/9 10/10 11/11
f 10/10 9/9 12/12
f 13/13 14/14 15/15
f 14/14 13/13 16/16
f 17/17 18/18 19/19
f 18/18 17/17 20/20
f 21/21 22/22 23/23
f 22/22 21/21 24/24
f 25/25 26/26 27/27
f 26/26 25/25 28/28
f 29/29 30/30 31/31
f 30/30 29/29 32/32
f 33/33 34/34 35/35
f 34/34 33/33 36/36
f 37/37 38/38 39/39
f 38/38 37/37 40/40
f 41/41 42/42 43/43
f 42/42 41/41 44/44
f 45/45 46/46 47/47
f 46/46 45/45 48/48
f 49/49 50/50 51/51
f 50/50 49/49 52/52
f 53/53 54/54 55/55
f 54/54 53/53 56/56
f 57/57 58/58 59/59
f 58/58 57/57 60/60
f 61/61 62/62 63/63
f 62/62 61/61 64/64
f 65/65 66/66 67/67
f 66/66 65/65 68/68
f 69/69 70/70 71/71
f 70/70 69/69 72/72
f 73/73 74/74 75/75
f 74/74 73/73 76/76
f 77/77 78/78 79/79
f 78/78 77/77 80/80
f 81/81 82/82 83/83
f 82/82 81/81 84/84
f 85/85 86/86 87/87
f 86/86 85/85 88/88
f 89/89 90/90 91/91
f 90/90 89/89 92/92
f 93/93 94/94 95/95
f 94/94 93/93 96/96
f 97/97 98/98 99/99
f 98/98 97/97 100/100
f 101/101 102/102 103/103
f 102/102 101/101 104/104
f 105/105 106/106 107/107
f 106/106 105/105 108/108
f 106/106 108/108 109/109
f 109/109 108/108 110/110
f 109/109 110/110 111/111
f 111/111 110/110 112/112
f 113/113 114/114 115/115
f 114/114 113/113 116/116
f 117/117 118/118 119/119
f 120/120 121/121 122/122
f 123/123 124/124 125/125
f 126/126 127/127 128/128
f 129/129 124/124 130/130
f 131/131 132/132 133/133
f 134/134 135/135 136/136
f 135/135 134/134 137/137
f 138/138 139/139 140/140
f 139/139 138/138 141/141
f 142/142 143/143 144/144
f 145/145 146/146 147/147
f 148/148 149/149 150/150
f 151/151 152/152 153/153
f 154/154 155/155 156/156
f 157/157 158/158 159/159
f 160/160 161/161 162/162
f 163/163 164/164 165/165
f 166/166 167/167 168/168
f 167/167 166/166 169/169
f 170/170 171/171 172/172
f 171/171 170/170 173/173
f 171/171 173/173 174/174
f 174/174 173/173 175/175
f 174/174 175/175 176/176
f 176/176 175/175 177/177
f 178/178 179/179 180/180
f 179/179 178/178 181/181
f 182/182 183/183 184/184
f 183/183 182/182 185/185
f 186/186 187/187 188/188
f 187/187 186/186 189/189
f 190/190 191/191 192/192
f 191/191 190/190 193/193
f 194/194 195/195 196/196
f 195/195 194/194 197/197
f 198/198 199/199 200/200
f 199/199 198/198 201/201
f 202/202 203/203 204/204
f 203/203 202/202 205/205
f 206/206 207/207 208/208
f 207/207 206/206 209/209
f 210/210 211/211 212/212
f 213/213 214/214 215/215
f 216/216 217/217 218/218
f 219/219 220/220 221/221
f 222/222 223/223 224/224
f 225/225 226/226 227/227
f 226/226 225/225 228/228
f 229/229 230/230 231/231
f 232/232 233/233 234/234
f 235/235 236/236 237/237
f 238/238 239/239 240/240
f 241/241 242/242 243/243
f 244/244 245/245 246/246
f 247/247 248/248 249/249
f 250/250 251/251 252/252
f 253/253 254/254 255/255
f 254/254 253/253 256/256
f 257/257 258/258 259/259
f 260/260 261/261 262/262
f 261/261 260/260 263/263
f 264/264 265/265 266/266
f 265/265 264/264 267/267
f 268/268 269/269 270/270
f 269/269 268/268 271/271
f 272/272 273/273 274/274
f 273/273 272/272 275/275
f 276/276 277/277 278/278
f 277/277 276/276 279/279
f 280/280 281/281 282/282
f 281/281 280/280 283/283
f 284/284 285/285 286/286
f 285/285 284/284 287/287
f 285/285 287/287 288/288
f 288/288 287/287 289/289
f 288/288 289/289 290/290
f 290/290 289/289 291/291
f 292/292 293/293 294/294
f 293/293 292/292 295/295
f 296/296 297/297 298/298
f 299/299 300/300 302/302
f 300/300 299/299 303/303
f 305/305 306/306 307/307
f 306/306 305/305 308/308
f 308/308 305/305 309/309
f 309/309 305/305 310/310
f 309/309 310/310 311/311
f 311/311 310/310 312/312
f 311/311 312/312 313/313
f 313/313 312/312 314/314
f 306/306 315/315 316/316
f 315/315 306/306 308/308
f 316/316 315/315 317/317
f 316/316 317/317 318/318
f 316/316 318/318 319/319
f 319/319 318/318 314/314
f 319/319 314/314 312/312
f 319/319 312/312 320/320
f 321/321 322/322 323/323
f 304/304 324/324 301/301
f 324/324 304/304 325/325
f 326/326 328/328 329/329
f 328/328 326/326 330/330
f 332/332 333/333 334/334
f 335/335 336/336 337/337
f 338/338 339/339 341/341
f 339/339 338/338 343/343
f 344/344 346/346 347/347
f 346/346 344/344 349/349
f 350/350 352/352 353/353
f 352/352 350/350 355/355
f 323/323 356/356 357/357
f 356/356 323/323 322/322
f 358/358 359/359 360/360
f 359/359 358/358 361/361
f 361/361 358/358 362/362
f 362/362 358/358 363/363
f 362/362 363/363 364/364
f 364/364 363/363 365/365
f 364/364 365/365 366/366
f 366/366 365/365 367/367
f 359/359 368/368 369/369
f 368/368 359/359 361/361
f 369/369 368/368 370/370
f 369/369 370/370 371/371
f 369/369 371/371 372/372
f 372/372 371/371 367/367
f 372/372 367/367 365/365
f 372/372 365/365 373/373
f 374/374 331/331 327/327
f 331/331 374/374 375/375
f 376/376 377/377 378/378
f 379/379 380/380 381/381
f 342/342 382/382 383/383
f 382/382 342/342 340/340
f 384/384 348/348 385/385
f 348/348 384/384 345/345
f 386/386 354/354 387/387
f 354/354 386/386 351/351
f 376/376 388/388 377/377
f 388/388 376/376 389/389
f 390/390 379/379 381/381
f 379/379 390/390 391/391
f 392/392 393/393 394/394
f 393/393 392/392 395/395
f 393/393 395/395 396/396
f 396/396 395/395 397/397
f 396/396 397/397 398/398
f 398/398 397/397 399/399
f 400/400 401/401 402/402
f 401/401 400/400 403/403
f 404/404 405/405 406/406
f 405/405 404/404 407/407
f 408/408 409/409 410/410
f 409/409 408/408 411/411
f 412/412 413/413 414/414
f 413/413 412/412 415/415
f 416/416 417/417 418/418
f 417/417 416/416 419/419
f 420/420 421/421 422/422
f 421/421 420/420 423/423
f 424/424 425/425 426/426
f 425/425 424/424 427/427
f 428/428 429/429 430/430
f 429/429 428/428 431/431
f 432/432 433/433 434/434
f 433/433 432/432 435/435
f 436/436 437/437 438/438
f 439/439 440/440 441/441
f 442/442 443/443 444/444
f 445/445 446/446 447/447
f 448/448 449/449 450/450
f 449/449 448/448 451/451
f 452/452 453/453 454/454
f 455/455 456/456 457/457
f 458/458 459/459 460/460
f 461/461 462/462 463/463
f 462/462 461/461 464/464
f 465/465 466/466 467/467
f 468/468 469/469 470/470
f 471/471 472/472 473/473
f 474/474 475/475 476/476
f 477/477 478/478 479/479
f 478/478 477/477 480/480
f 481/481 482/482 483/483
f 484/484 485/485 486/486
f 485/485 484/484 487/487
f 488/488 489/489 490/490
f 489/489 488/488 491/491
f 489/489 491/491 492/492
f 492/492 491/491 493/493
f 492/492 493/493 494/494
f 494/494 493/493 495/495
f 496/496 497/497 498/498
f 497/497 496/496 499/499
f 500/500 501/501 502/502
f 501/501 500/500 503/503
f 504/504 505/505 506/506
f 505/505 504/504 507/507
f 508/508 509/509 510/510
f 509/509 508/508 511/511
f 512/512 513/513 514/514
f 513/513 512/512 515/515
f 516/516 517/517 518/518
f 517/517 516/516 519/519
f 517/517 519/519 520/520
f 520/520 519/519 521/521
f 520/520 521/521 522/522
f 522/522 521/521 523/523
f 524/524 525/525 526/526
f 525/525 524/524 527/527
f 528/528 529/529 530/530
f 529/529 528/528 531/531
f 532/532 533/533 534/534
f 533/533 532/532 535/535
f 536/536 537/537 538/538
f 537/537 536/536 539/539
f 540/540 541/541 542/542
f 541/541 540/540 543/543
f 544/544 545/545 546/546
f 545/545 544/544 547/547
f 548/548 549/549 550/550
f 549/549 548/548 551/551
f 552/552 553/553 554/554
f 553/553 552/552 555/555
f 556/556 557/557 558/558
f 557/557 556/556 559/559
f 560/560 561/561 562/562
f 563/563 564/564 565/565
f 566/566 567/567 568/568
f 569/569 570/570 571/571
f 572/572 573/573 574/574
f 573/573 572/572 575/575
f 576/576 577/577 578/578
f 579/579 580/580 581/581
f 582/582 583/583 584/584
f 585/585 586/586 587/587
f 586/586 585/585 588/588
f 589/589 590/590 591/591
f 592/592 593/593 594/594
f 595/595 596/596 597/597
f 598/598 599/599 600/600
f 601/601 602/602 603/603
f 602/602 601/601 604/604
f 605/605 606/606 607/607
f 608/608 609/609 610/610
f 609/609 608/608 611/611
f 612/612 613/613 614/614
f 613/613 612/612 615/615
f 613/613 615/615 616/616
f 616/616 615/615 617/617
f 616/616 617/617 618/618
f 618/618 617/617 619/619
f 620/620 621/621 622/622
f 621/621 620/620 623/623
f 624/624 625/625 626/626
f 625/625 624/624 627/627
f 628/628 629/629 630/630
f 629/629 628/628 631/631
f 632/632 633/633 634/634
f 633/633 632/632 635/635
f 636/636 637/637 638/638
f 637/637 636/636 639/639
f 640/640 641/641 642/642
f 641/641 640/640 643/643
f 644/644 645/645 646/646
f 647/647 648/648 649/649
f 650/650 646/646 651/651
f 652/652 653/653 654/654
f 655/655 646/646 656/656
f 657/657 658/658 659/659
f 660/660 661/661 662/662
f 661/661 660/660 663/663
f 664/664 665/665 666/666
f 665/665 664/664 667/667
f 668/668 669/669 670/670
f 671/671 672/672 673/673
f 674/674 675/675 676/676
f 677/677 678/678 679/679
f 680/680 681/681 682/682
f 683/683 684/684 685/685
f 686/686 687/687 688/688
f 689/689 690/690 691/691
f 692/692 693/693 694/694
f 693/693 692/692 695/695
f 696/696 697/697 698/698
f 697/697 696/696 699/699
f 697/697 699/699 700/700
f 700/700 699/699 701/701
f 700/700 701/701 702/702
f 702/702 701/701 703/703
f 704/704 705/705 706/706
f 705/705 704/704 707/707
f 708/708 709/709 710/710
f 709/709 708/708 711/711
f 712/712 713/713 714/714
f 713/713 712/712 715/715
f 716/716 717/717 718/718
f 717/717 716/716 719/719
f 720/720 721/721 722/722
f 721/721 720/720 723/723
f 724/724 725/725 726/726
f 725/725 724/724 727/727
f 728/728 729/729 730/730
f 729/729 728/728 731/731
f 732/732 733/733 734/734
f 733/733 732/732 735/735
f 736/736 737/737 738/738
f 737/737 736/736 739/739
f 740/740 741/741 742/742
f 743/743 744/744 745/745
f 746/746 747/747 748/748
f 749/749 750/750 751/751
f 752/752 753/753 754/754
f 753/753 752/752 755/755
f 756/756 757/757 758/758
f 759/759 760/760 761/761
f 762/762 763/763 764/764
f 765/765 766/766 767/767
f 766/766 765/765 768/768
f 769/769 770/770 771/771
f 772/772 773/773 774/774
f 775/775 776/776 777/777
f 778/778 779/779 780/780
f 781/781 782/782 783/783
f 782/782 781/781 784/784
f 785/785 786/786 787/787
f 788/788 789/789 790/790
f 789/789 788/788 791/791
f 792/792 793/793 794/794
f 793/793 792/792 795/795
f 793/793 795/795 796/796
f 796/796 795/795 797/797
f 796/796 797/797 798/798
f 798/798 797/797 799/799
f 800/800 801/801 802/802
f 801/801 800/800 803/803
f 804/804 805/805 806/806
f 805/805 804/804 807/807
f 808/808 809/809 810/810
f 809/809 808/808 811/811
f 812/812 813/813 814/814
f 813/813 812/812 815/815
f 816/816 817/817 818/818
f 817/817 816/816 819/819
f 820/820 821/821 822/822
f 821/821 820/820 823/823
f 824/824 826/826 827/827
f 826/826 824/824 828/828
f 830/830 831/831 832/832
f 831/831 830/830 833/833
f 833/833 830/830 834/834
f 833/833 834/834 835/835
f 835/835 834/834 836/836
f 835/835 836/836 837/837
f 838/838 839/839 841/841
f 839/839 838/838 843/843
f 844/844 845/845 846/846
f 845/845 844/844 847/847
f 847/847 844/844 848/848
f 847/847 848/848 849/849
f 849/849 848/848 850/850
f 850/850 848/848 851/851
f 852/852 829/829 825/825
f 829/829 852/852 853/853
f 854/854 855/855 857/857
f 855/855 854/854 859/859
f 860/860 861/861 862/862
f 861/861 860/860 863/863
f 864/864 853/853 852/852
f 853/853 864/864 865/865
f 858/858 865/865 864/864
f 865/865 858/858 856/856
f 842/842 866/866 868/868
f 866/866 842/842 840/840
f 870/870 871/871 872/872
f 871/871 870/870 873/873
f 874/874 875/875 876/876
f 875/875 874/874 877/877
f 869/869 878/878 879/879
f 878/878 869/869 867/867
f 880/880 881/881 882/882
f 881/881 880/880 883/883
f 884/884 885/885 886/886
f 885/885 884/884 887/887
f 888/888 889/889 890/890
f 889/889 888/888 891/891
f 892/892 893/893 894/894
f 893/893 892/892 895/895
f 895/895 892/892 896/896
f 895/895 896/896 897/897
f 897/897 896/896 898/898
f 897/897 898/898 899/899
f 900/900 901/901 902/902
f 901/901 900/900 903/903
f 904/904 905/905 906/906
f 905/905 904/904 907/907
f 907/907 904/904 908/908
f 907/907 908/908 909/909
f 909/909 908/908 910/910
f 909/909 910/910 911/911
f 912/912 913/913 914/914
f 913/913 912/912 915/915
f 916/916 917/917 918/918
f 919/919 920/920 921/921
f 922/922 923/923 924/924
f 925/925 926/926 927/927
f 928/928 929/929 930/930
f 931/931 932/932 933/933
f 934/934 935/935 936/936
f 935/935 934/934 937/937
f 938/938 939/939 940/940
f 939/939 938/938 941/941
f 942/942 943/943 944/944
f 945/945 946/946 947/947
f 948/948 949/949 950/950
f 951/951 952/952 953/953
f 954/954 955/955 956/956
f 957/957 958/958 959/959
f 960/960 961/961 962/962
f 963/963 964/964 965/965
f 966/966 967/967 968/968
f 967/967 966/966 969/969
f 970/970 971/971 972/972
f 971/971 970/970 973/973
f 974/974 975/975 976/976
f 977/977 978/978 979/979
f 980/980 981/981 982/982
f 983/983 985/985 986/986
f 987/987 988/988 989/989
f 984/984 990/990 985/985
f 991/991 992/992 993/993
f 992/992 991/991 994/994
f 995/995 996/996 997/997
f 996/996 995/995 998/998
f 999/999 1000/1000 1001/1001
f 1002/1002 1003/1003 1004/1004
f 1005/1005 1006/1006 1007/1007
f 1008/1008 1009/1009 1010/1010
f 1011/1011 1012/1012 1013/1013
f 1014/1014 1015/1015 1016/1016
f 1017/1017 1018/1018 1019/1019
f 1020/1020 1021/1021 1022/1022
f 1023/1023 1024/1024 1025/1025
f 1024/1024 1023/1023 1026/1026
f 1027/1027 1028/1028 1029/1029
f 1028/1028 1027/1027 1030/1030
f 1031/1031 1032/1032 1033/1033
f 1034/1034 1035/1035 1036/1036
f 1037/1037 1038/1038 1039/1039
f 1040/1040 1041/1041 1042/1042
f 1043/1043 1044/1044 1045/1045
f 1046/1046 1047/1047 1048/1048
f 1049/1049 1050/1050 1051/1051
f 1050/1050 1049/1049 1052/1052
f 1053/1053 1054/1054 1055/1055
f 1054/1054 1053/1053 1056/1056
f 1057/1057 1058/1058 1059/1059
f 1060/1060 1061/1061 1062/1062
f 1063/1063 1064/1064 1065/1065
f 1066/1066 1067/1067 1068/1068
f 1069/1069 1070/1070 1071/1071
f 1072/1072 1073/1073 1074/1074
f 1075/1075 1076/1076 1077/1077
f 1078/1078 1079/1079 1080/1080
f 1081/1081 1082/1082 1083/1083
f 1082/1082 1081/1081 1084/1084
f 1085/1085 1086/1086 1087/1087
f 1086/1086 1085/1085 1088/1088
f 1086/1086 1088/1088 1089/1089
f 1089/1089 1088/1088 1090/1090
f 1089/1089 1090/1090 1091/1091
f 1091/1091 1090/1090 1092/1092
f 1093/1093 1094/1094 1095/1095
f 1094/1094 1093/1093 1096/1096
f 1097/1097 1098/1098 1099/1099
f 1098/1098 1097/1097 1100/1100
f 1101/1101 1102/1102 1103/1103
f 1102/1102 1101/1101 1104/1104
f 1105/1105 1106/1106 1107/1107
f 1106/1106 1105/1105 1108/1108
f 1109/1109 1110/1110 1111/1111
f 1110/1110 1109/1109 1112/1112
f 1113/1113 1114/1114 1115/1115
f 1114/1114 1113/1113 1116/1116
f 1117/1117 1118/1118 1119/1119
f 1118/1118 1117/1117 1120/1120
f 1121/1121 1122/1122 1123/1123
f 1122/1122 1121/1121 1124/1124
f 1125/1125 1126/1126 1127/1127
f 1128/1128 1129/1129 1130/1130
f 1131/1131 1132/1132 1133/1133
f 1134/1134 1135/1135 1136/1136
f 1137/1137 1138/1138 1139/1139
f 1140/1140 1141/1141 1142/1142
f 1141/1141 1140/1140 1143/1143
f 1144/1144 1145/1145 1146/1146
f 1147/1147 1148/1148 1149/1149
f 1150/1150 1151/1151 1152/1152
f 1153/1153 1154/1154 1155/1155
f 1156/1156 1157/1157 1158/1158
f 1159/1159 1160/1160 1161/1161
f 1162/1162 1163/1163 1164/1164
f 1165/1165 1166/1166 1167/1167
f 1168/1168 1169/1169 1170/1170
f 1169/1169 1168/1168 1171/1171
f 1172/1172 1173/1173 1174/1174
f 1175/1175 1176/1176 1177/1177
f 1176/1176 1175/1175 1178/1178
f 1179/1179 1180/1180 1181/1181
f 1180/1180 1179/1179 1182/1182
f 1183/1183 1184/1184 1185/1185
f 1184/1184 1183/1183 1186/1186
f 1187/1187 1188/1188 1189/1189
f 1188/1188 1187/1187 1190/1190
f 1191/1191 1192/1192 1193/1193
f 1192/1192 1191/1191 1194/1194
f 1195/1195 1196/1196 1197/1197
f 1196/1196 1195/1195 1198/1198
f 1199/1199 1200/1200 1201/1201
f 1200/1200 1199/1199 1202/1202
f 1200/1200 1202/1202 1203/1203
f 1203/1203 1202/1202 1204/1204
f 1203/1203 1204/1204 1205/1205
f 1205/1205 1204/1204 1206/1206
f 1207/1207 1208/1208 1209/1209
f 1208/1208 1207/1207 1210/1210
f 1211/1211 1212/1212 1213/1213
f 1212/1212 1211/1211 1214/1214
f 1215/1215 1216/1216 1217/1217
f 1216/1216 1215/1215 1218/1218
f 1211/1211 1213/1213 1219/1219
f 1220/1220 1221/1221 1222/1222
f 1221/1221 1220/1220 1223/1223
f 1216/1216 1224/1224 1217/1217
f 1225/1225 1226/1226 1227/1227
f 1226/1226 1225/1225 1228/1228
f 1229/1229 1230/1230 1231/1231
f 1232/1232 1233/1233 1234/1234
f 1235/1235 1223/1223 1220/1220
f 1236/1236 1237/1237 1238/1238
f 1237/1237 1236/1236 1239/1239
f 1240/1240 1241/1241 1242/1242
f 1243/1243 1244/1244 1246/1246
f 1244/1244 1243/1243 1247/1247
f 1228/1228 1249/1249 1226/1226
f 1250/1250 1251/1251 1252/1252
f 1239/1239 1236/1236 1253/1253
f 1254/1254 1255/1255 1256/1256
f 1255/1255 1254/1254 1257/1257
f 1258/1258 1259/1259 1260/1260
f 1259/1259 1258/1258 1261/1261
f 1248/1248 1262/1262 1245/1245
f 1262/1262 1248/1248 1263/1263
f 1264/1264 1265/1265 1266/1266
f 1267/1267 1268/1268 1269/1269
f 1254/1254 1256/1256 1270/1270
f 1259/1259 1271/1271 1260/1260
f 1272/1272 1273/1273 1274/1274
f 1275/1275 1276/1276 1277/1277
f 1278/1278 1279/1279 1280/1280
f 1279/1279 1278/1278 1281/1281
f 1282/1282 1283/1283 1284/1284
f 1285/1285 1286/1286 1287/1287
f 1288/1288 1289/1289 1290/1290
f 1291/1291 1292/1292 1293/1293
f 1294/1294 1295/1295 1296/1296
f 1295/1295 1294/1294 1297/1297
f 1298/1298 1299/1299 1300/1300
f 1301/1301 1302/1302 1303/1303
f 1304/1304 1305/1305 1306/1306
f 1305/1305 1304/1304 1307/1307
f 1308/1308 1309/1309 1310/1310
f 1311/1311 1312/1312 1313/1313
f 1314/1314 1315/1315 1316/1316
f 1317/1317 1318/1318 1319/1319
f 1320/1320 1321/1321 1322/1322
f 1323/1323 1324/1324 1325/1325
f 1326/1326 1327/1327 1328/1328
f 1327/1327 1326/1326 1329/1329
f 1330/1330 1331/1331 1332/1332
f 1333/1333 1334/1334 1335/1335
f 1334/1334 1333/1333 1336/1336
f 1334/1334 1336/1336 1337/1337
f 1337/1337 1336/1336 1338/1338
f 1337/1337 1338/1338 1339/1339
f 1339/1339 1338/1338 1340/1340
f 1341/1341 1342/1342 1343/1343
f 1342/1342 1341/1341 1344/1344
f 1345/1345 1346/1346 1347/1347
f 1346/1346 1345/1345 1348/1348
f 1349/1349 1350/1350 1351/1351
f 1350/1350 1349/1349 1352/1352
f 1353/1353 1354/1354 1355/1355
f 1354/1354 1353/1353 1356/1356
f 1357/1357 1358/1358 1359/1359
f 1358/1358 1357/1357 1360/1360
f 1361/1361 1362/1362 1363/1363
f 1362/1362 1361/1361 1364/1364
f 1365/1365 1366/1366 1367/1367
f 1366/1366 1365/1365 1368/1368
f 1369/1369 1370/1370 1371/1371
f 1370/1370 1369/1369 1372/1372
f 1373/1373 1374/1374 1375/1375
f 1376/1376 1377/1377 1378/1378
f 1379/1379 1380/1380 1381/1381
f 1382/1382 1383/1383 1384/1384
f 1385/1385 1386/1386 1387/1387
f 1388/1388 1389/1389 1390/1390
f 1389/1389 1388/1388 1391/1391
f 1392/1392 1393/1393 1394/1394
f 1395/1395 1396/1396 1397/1397
f 1398/1398 1399/1399 1400/1400
f 1401/1401 1402/1402 1403/1403
f 1404/1404 1405/1405 1406/1406
f 1407/1407 1408/1408 1409/1409
f 1410/1410 1411/1411 1412/1412
f 1413/1413 1414/1414 1415/1415
f 1416/1416 1417/1417 1418/1418
f 1417/1417 1416/1416 1419/1419
f 1420/1420 1421/1421 1422/1422
f 1423/1423 1424/1424 1425/1425
f 1424/1424 1423/1423 1426/1426
f 1427/1427 1428/1428 1429/1429
f 1428/1428 1427/1427 1430/1430
f 1431/1431 1432/1432 1433/1433
f 1432/1432 1431/1431 1434/1434
f 1435/1435 1436/1436 1437/1437
f 1436/1436 1435/1435 1438/1438
f 1439/1439 1440/1440 1441/1441
f 1440/1440 1439/1439 1442/1442
f 1443/1443 1444/1444 1445/1445
f 1444/1444 1443/1443 1446/1446
f 1447/1447 1448/1448 1449/1449
f 1448/1448 1447/1447 1450/1450
f 1448/1448 1450/1450 1451/1451
f 1451/1451 1450/1450 1452/1452
f 1451/1451 1452/1452 1453/1453
f 1453/1453 1452/1452 1454/1454
f 1455/1455 1456/1456 1457/1457
f 1456/1456 1455/1455 1458/1458
f 1459/1459 1460/1460 1461/1461
f 1460/1460 1459/1459 1462/1462
f 1463/1463 1464/1464 1465/1465
f 1464/1464 1463/1463 1466/1466
f 1467/1467 1468/1468 1469/1469
f 1468/1468 1467/1467 1470/1470
f 1470/1470 1467/1467 1471/1471
f 1470/1470 1471/1471 1472/1472
f 1472/1472 1471/1471 1473/1473
f 1473/1473 1471/1471 1474/1474
f 1470/1470 1475/1475 1476/1476
f 1475/1475 1470/1470 1472/1472
f 1476/1476 1475/1475 1477/1477
f 1476/1476 1477/1477 1478/1478
f 1479/1479 1461/1461 1480/1480
f 1461/1461 1479/1479 1459/1459
f 1481/1481 1482/1482 1483/1483
f 1482/1482 1481/1481 1484/1484
f 1484/1484 1481/1481 1485/1485
f 1484/1484 1485/1485 1486/1486
f 1486/1486 1485/1485 1487/1487
f 1487/1487 1485/1485 1488/1488
f 1484/1484 1489/1489 1490/1490
f 1489/1489 1484/1484 1486/1486
f 1490/1490 1489/1489 1491/1491
f 1490/1490 1491/1491 1492/1492
f 1493/1493 1494/1494 1495/1495
f 1494/1494 1493/1493 1496/1496
f 1497/1497 1498/1498 1499/1499
f 1498/1498 1497/1497 1500/1500
f 1501/1501 1502/1502 1503/1503
f 1502/1502 1501/1501 1504/1504
f 1505/1505 1506/1506 1507/1507
f 1506/1506 1505/1505 1508/1508
f 1509/1509 1480/1480 1510/1510
f 1480/1480 1509/1509 1479/1479
f 1511/1511 1512/1512 1514/1514
f 1512/1512 1511/1511 1516/1516
f 1515/1515 1517/1517 1518/1518
f 1517/1517 1515/1515 1513/1513
f 1518/1518 1519/1519 1520/1520
f 1519/1519 1518/1518 1517/1517
f 1520/1520 1500/1500 1497/1497
f 1500/1500 1520/1520 1519/1519
f 1521/1521 1522/1522 1523/1523
f 1522/1522 1521/1521 1524/1524
f 1525/1525 1526/1526 1527/1527
f 1528/1528 1529/1529 1530/1530
f 1531/1531 1532/1532 1533/1533
f 1534/1534 1529/1529 1535/1535
f 1536/1536 1532/1532 1537/1537
f 1538/1538 1539/1539 1540/1540
f 1541/1541 1542/1542 1543/1543
f 1542/1542 1541/1541 1544/1544
f 1545/1545 1546/1546 1547/1547
f 1546/1546 1545/1545 1548/1548
f 1549/1549 1550/1550 1551/1551
f 1552/1552 1553/1553 1554/1554
f 1555/1555 1556/1556 1557/1557
f 1558/1558 1559/1559 1560/1560
f 1561/1561 1562/1562 1563/1563
f 1564/1564 1565/1565 1566/1566
f 1567/1567 1563/1563 1568/1568
f 1569/1569 1570/1570 1571/1571
f 1572/1572 1573/1573 1574/1574
f 1573/1573 1572/1572 1575/1575
f 1576/1576 1577/1577 1578/1578
f 1577/1577 1576/1576 1579/1579
f 1580/1580 1581/1581 1582/1582
f 1583/1583 1584/1584 1585/1585
f 1586/1586 1587/1587 1588/1588
f 1589/1589 1590/1590 1591/1591
f 1592/1592 1593/1593 1594/1594
f 1595/1595 1596/1596 1597/1597
f 1598/1598 1599/1599 1600/1600
f 1599/1599 1598/1598 1601/1601
f 1602/1602 1603/1603 1604/1604
f 1603/1603 1602/1602 1605/1605
f 1606/1606 1607/1607 1608/1608
f 1609/1609 1610/1610 1611/1611
f 1612/1612 1613/1613 1614/1614
f 1615/1615 1616/1616 1617/1617
f 1618/1618 1619/1619 1620/1620
f 1621/1621 1622/1622 1623/1623
f 1624/1624 1625/1625 1626/1626
f 1627/1627 1628/1628 1629/1629
f 1630/1630 1631/1631 1632/1632
f 1631/1631 1630/1630 1633/1633
f 1634/1634 1635/1635 1636/1636
f 1635/1635 1634/1634 1637/1637
f 1638/1638 1639/1639 1640/1640
f 1641/1641 1642/1642 1643/1643
f 1644/1644 1645/1645 1646/1646
f 1647/1647 1648/1648 1649/1649
f 1650/1650 1651/1651 1652/1652
f 1653/1653 1654/1654 1655/1655
f 1656/1656 1657/1657 1658/1658
f 1657/1657 1656/1656 1659/1659
f 1660/1660 1661/1661 1662/1662
f 1661/1661 1660/1660 1663/1663
f 1664/1664 1665/1665 1666/1666
f 1667/1667 1668/1668 1669/1669
f 1670/1670 1671/1671 1672/1672
f 1673/1673 1674/1674 1675/1675
f 1676/1676 1677/1677 1678/1678
f 1679/1679 1680/1680 1681/1681
f 1682/1682 1683/1683 1684/1684
f 1685/1685 1686/1686 1687/1687
f 1688/1688 1689/1689 1690/1690
f 1689/1689 1688/1688 1691/1691
f 1692/1692 1693/1693 1694/1694
f 1693/1693 1692/1692 1695/1695
f 1696/1696 1697/1697 1698/1698
f 1699/1699 1700/1700 1701/1701
f 1702/1702 1703/1703 1704/1704
f 1705/1705 1706/1706 1707/1707
f 1708/1708 1709/1709 1710/1710
f 1711/1711 1712/1712 1713/1713
f 1714/1714 1715/1715 1716/1716
f 1715/1715 1714/1714 1717/1717
f 1718/1718 1719/1719 1720/1720
f 1719/1719 1718/1718 1721/1721
f 1722/1722 1723/1723 1724/1724
f 1725/1725 1726/1726 1727/1727
f 1728/1728 1729/1729 1730/1730
f 1731/1731 1732/1732 1733/1733
f 1734/1734 1735/1735 1736/1736
f 1737/1737 1738/1738 1739/1739
f 1740/1740 1741/1741 1742/1742
f 1743/1743 1744/1744 1745/1745
f 1746/1746 1747/1747 1748/1748
f 1747/1747 1746/1746 1749/1749
f 1750/1750 1751/1751 1752/1752
f 1753/1753 1754/1754 1755/1755
f 1756/1756 1757/1757 1758/1758
f 1757/1757 1756/1756 1759/1759
f 1759/1759 1756/1756 1760/1760
f 1760/1760 1756/1756 1761/1761
f 1760/1760 1761/1761 1762/1762
f 1762/1762 1761/1761 1763/1763
f 1762/1762 1763/1763 1764/1764
f 1764/1764 1763/1763 1765/1765
f 1757/1757 1766/1766 1767/1767
f 1766/1766 1757/1757 1759/1759
f 1767/1767 1766/1766 1768/1768
f 1767/1767 1768/1768 1769/1769
f 1767/1767 1769/1769 1770/1770
f 1770/1770 1769/1769 1765/1765
f 1770/1770 1765/1765 1763/1763
f 1770/1770 1763/1763 1771/1771
f 1772/1772 1773/1773 1774/1774
f 1775/1775 1755/1755 1776/1776
f 1755/1755 1775/1775 1753/1753
f 1777/1777 1778/1778 1779/1779
f 1780/1780 1781/1781 1782/1782
f 1783/1783 1784/1784 1786/1786
f 1784/1784 1783/1783 1788/1788
f 1789/1789 1790/1790 1791/1791
f 1792/1792 1793/1793 1794/1794
f 1795/1795 1797/1797 1798/1798
f 1797/1797 1795/1795 1799/1799
f 1801/1801 1802/1802 1803/1803
f 1804/1804 1772/1772 1774/1774
f 1772/1772 1804/1804 1805/1805
f 1806/1806 1807/1807 1808/1808
f 1807/1807 1806/1806 1809/1809
f 1809/1809 1806/1806 1810/1810
f 1810/1810 1806/1806 1811/1811
f 1810/1810 1811/1811 1812/1812
f 1812/1812 1811/1811 1813/1813
f 1812/1812 1813/1813 1814/1814
f 1814/1814 1813/1813 1815/1815
f 1807/1807 1816/1816 1817/1817
f 1816/1816 1807/1807 1809/1809
f 1817/1817 1816/1816 1818/1818
f 1817/1817 1818/1818 1819/1819
f 1817/1817 1819/1819 1820/1820
f 1820/1820 1819/1819 1815/1815
f 1820/1820 1815/1815 1813/1813
f 1820/1820 1813/1813 1821/1821
f 1822/1822 1823/1823 1824/1824
f 1823/1823 1822/1822 1825/1825
f 1825/1825 1826/1826 1823/1823
f 1827/1827 1828/1828 1829/1829
f 1787/1787 1830/1830 1831/1831
f 1830/1830 1787/1787 1785/1785
f 1832/1832 1833/1833 1834/1834
f 1835/1835 1800/1800 1796/1796
f 1800/1800 1835/1835 1836/1836
f 1837/1837 1838/1838 1839/1839
f 1832/1832 1840/1840 1833/1833
f 1840/1840 1832/1832 1841/1841
f 1828/1828 1842/1842 1843/1843
f 1842/1842 1828/1828 1827/1827
f 1837/1837 1844/1844 1838/1838
f 1844/1844 1837/1837 1845/1845
f 1846/1846 1848/1848 1849/1849
f 1848/1848 1846/1846 1850/1850
f 1852/1852 1854/1854 1855/1855
f 1854/1854 1852/1852 1856/1856
f 1858/1858 1851/1851 1847/1847
f 1851/1851 1858/1858 1859/1859
f 1860/1860 1862/1862 1863/1863
f 1862/1862 1860/1860 1865/1865
f 1866/1866 1857/1857 1853/1853
f 1857/1857 1866/1866 1867/1867
f 1868/1868 1869/1869 1870/1870
f 1869/1869 1868/1868 1871/1871
f 1872/1872 1864/1864 1873/1873
f 1864/1864 1872/1872 1861/1861
f 1874/1874 1875/1875 1876/1876
f 1875/1875 1874/1874 1877/1877
f 1868/1868 1870/1870 1878/1878
f 1879/1879 1880/1880 1882/1882
f 1880/1880 1879/1879 1884/1884
f 1885/1885 1886/1886 1887/1887
f 1875/1875 1888/1888 1876/1876
f 1889/1889 1890/1890 1891/1891
f 1890/1890 1889/1889 1892/1892
f 1893/1893 1894/1894 1895/1895
f 1896/1896 1897/1897 1898/1898
f 1897/1897 1896/1896 1899/1899
f 1883/1883 1900/1900 1901/1901
f 1900/1900 1883/1883 1881/1881
f 1902/1902 1903/1903 1904/1904
f 1892/1892 1905/1905 1890/1890
f 1899/1899 1906/1906 1897/1897
f 1907/1907 1908/1908 1909/1909
f 1910/1910 1911/1911 1912/1912
f 1911/1911 1910/1910 1913/1913
f 1911/1911 1913/1913 1914/1914
f 1914/1914 1913/1913 1915/1915
f 1914/1914 1915/1915 1916/1916
f 1916/1916 1915/1915 1917/1917
f 1918/1918 1919/1919 1920/1920
f 1919/1919 1918/1918 1921/1921
f 1922/1922 1923/1923 1924/1924
f 1923/1923 1922/1922 1925/1925
f 1926/1926 1927/1927 1928/1928
f 1927/1927 1926/1926 1929/1929
f 1930/1930 1931/1931 1932/1932
f 1931/1931 1930/1930 1933/1933
f 1934/1934 1935/1935 1936/1936
f 1935/1935 1934/1934 1937/1937
f 1938/1938 1939/1939 1940/1940
f 1939/1939 1938/1938 1941/1941
f 1942/1942 1943/1943 1944/1944
f 1943/1943 1942/1942 1945/1945
f 1946/1946 1947/1947 1948/1948
f 1947/1947 1946/1946 1949/1949
f 1950/1950 1951/1951 1952/1952
f 1953/1953 1954/1954 1955/1955
f 1956/1956 1957/1957 1958/1958
f 1959/1959 1960/1960 1961/1961
f 1962/1962 1963/1963 1964/1964
f 1965/1965 1966/1966 1967/1967
f 1968/1968 1969/1969 1970/1970
f 1971/1971 1972/1972 1973/1973
f 1974/1974 1975/1975 1976/1976
f 1977/1977 1978/1978 1979/1979
f 1980/1980 1981/1981 1982/1982
f 1983/1983 1984/1984 1985/1985
f 1986/1986 1987/1987 1988/1988
f 1989/1989 1990/1990 1991/1991
f 1992/1992 1993/1993 1994/1994
f 1995/1995 1996/1996 1997/1997
f 1998/1998 1999/1999 2000/2000
f 2001/2001 2002/2002 2003/2003
f 2002/2002 2001/2001 2004/2004
f 2005/2005 2006/2006 2007/2007
f 2006/2006 2005/2005 2008/2008
f 2009/2009 2010/2010 2011/2011
f 2010/2010 2009/2009 2012/2012
f 2013/2013 2014/2014 2015/2015
f 2014/2014 2013/2013 2016/2016
f 2017/2017 2018/2018 2019/2019
f 2018/2018 2017/2017 2020/2020
f 2021/2021 2022/2022 2023/2023
f 2022/2022 2021/2021 2024/2024
f 2025/2025 2026/2026 2027/2027
f 2028/2028 2029/2029 2030/2030
f 2031/2031 2032/2032 2033/2033
f 2034/2034 2035/2035 2036/2036
f 2035/2035 2034/2034 2037/2037
f 2035/2035 2037/2037 2038/2038
f 2038/2038 2037/2037 2039/2039
f 2038/2038 2039/2039 2040/2040
f 2040/2040 2039/2039 2041/2041
f 2042/2042 2043/2043 2044/2044
f 2043/2043 2042/2042 2045/2045
f 2043/2043 2045/2045 2046/2046
f 2046/2046 2045/2045 2047/2047
f 2046/2046 2047/2047 2048/2048
f 2048/2048 2047/2047 2049/2049
f 2050/2050 2051/2051 2052/2052
f 2051/2051 2050/2050 2053/2053
f 2054/2054 2055/2055 2056/2056
f 2055/2055 2054/2054 2057/2057
f 2058/2058 2059/2059 2060/2060
f 2059/2059 2058/2058 2061/2061
f 2062/2062 2063/2063 2064/2064
f 2063/2063 2062/2062 2065/2065
f 2066/2066 2067/2067 2068/2068
f 2067/2067 2066/2066 2069/2069
f 2070/2070 2071/2071 2072/2072
f 2071/2071 2070/2070 2073/2073
f 2074/2074 2075/2075 2076/2076
f 2075/2075 2074/2074 2077/2077
f 2078/2078 2079/2079 2080/2080
f 2079/2079 2078/2078 2081/2081
f 2082/2082 2083/2083 2084/2084
f 2085/2085 2086/2086 2087/2087
f 2088/2088 2089/2089 2090/2090
f 2091/2091 2092/2092 2093/2093
f 2094/2094 2095/2095 2096/2096
f 2097/2097 2098/2098 2099/2099
f 2100/2100 2101/2101 2102/2102
f 2103/2103 2104/2104 2105/2105
f 2106/2106 2107/2107 2108/2108
f 2109/2109 2110/2110 2111/2111
f 2112/2112 2113/2113 2114/2114
f 2115/2115 2116/2116 2117/2117
f 2118/2118 2119/2119 2120/2120
f 2121/2121 2122/2122 2123/2123
f 2124/2124 2125/2125 2126/2126
f 2127/2127 2128/2128 2129/2129
f 2130/2130 2131/2131 2132/2132
f 2133/2133 2134/2134 2135/2135
f 2134/2134 2133/2133 2136/2136
f 2137/2137 2138/2138 2139/2139
f 2138/2138 2137/2137 2140/2140
f 2141/2141 2142/2142 2143/2143
f 2142/2142 2141/2141 2144/2144
f 2145/2145 2146/2146 2147/2147
f 2146/2146 2145/2145 2148/2148
f 2149/2149 2150/2150 2151/2151
f 2150/2150 2149/2149 2152/2152
f 2153/2153 2154/2154 2155/2155
f 2154/2154 2153/2153 2156/2156
f 2157/2157 2158/2158 2159/2159
f 2160/2160 2161/2161 2162/2162
f 2163/2163 2164/2164 2165/2165
f 2166/2166 2167/2167 2168/2168
f 2167/2167 2166/2166 2169/2169
f 2167/2167 2169/2169 2170/2170
f 2170/2170 2169/2169 2171/2171
f 2170/2170 2171/2171 2172/2172
f 2172/2172 2171/2171 2173/2173
f 2174/2174 2175/2175 2176/2176
f 2175/2175 2174/2174 2177/2177
f 2175/2175 2177/2177 2178/2178
f 2178/2178 2177/2177 2179/2179
f 2178/2178 2179/2179 2180/2180
f 2180/2180 2179/2179 2181/2181
f 2182/2182 2183/2183 2184/2184
f 2183/2183 2182/2182 2185/2185
f 2186/2186 2187/2187 2188/2188
f 2187/2187 2186/2186 2189/2189
f 2190/2190 2191/2191 2192/2192
f 2191/2191 2190/2190 2193/2193
f 2194/2194 2195/2195 2196/2196
f 2197/2197 2198/2198 2199/2199
f 2200/2200 2201/2201 2202/2202
f 2201/2201 2200/2200 2203/2203
f 2204/2204 2205/2205 2206/2206
f 2205/2205 2204/2204 2207/2207
f 2208/2208 2209/2209 2210/2210
f 2209/2209 2208/2208 2211/2211
f 2212/2212 2213/2213 2214/2214
f 2215/2215 2216/2216 2217/2217
f 2218/2218 2219/2219 2220/2220
f 2221/2221 2222/2222 2223/2223
f 2224/2224 2225/2225 2226/2226
f 2227/2227 2228/2228 2229/2229
f 2230/2230 2231/2231 2232/2232
f 2233/2233 2234/2234 2235/2235
f 2236/2236 2237/2237 2238/2238
f 2239/2239 2240/2240 2241/2241
f 2242/2242 2243/2243 2244/2244
f 2245/2245 2246/2246 2247/2247
f 2248/2248 2249/2249 2250/2250
f 2251/2251 2252/2252 2253/2253
f 2252/2252 2251/2251 2254/2254
f 2255/2255 2256/2256 2257/2257
f 2258/2258 2259/2259 2260/2260
f 2261/2261 2262/2262 2263/2263
f 2262/2262 2261/2261 2264/2264
f 2265/2265 2266/2266 2267/2267
f 2266/2266 2265/2265 2268/2268
f 2269/2269 2270/2270 2271/2271
f 2270/2270 2269/2269 2272/2272
f 2273/2273 2274/2274 2275/2275
f 2274/2274 2273/2273 2276/2276
f 2277/2277 2278/2278 2279/2279
f 2280/2280 2281/2281 2282/2282
f 2281/2281 2280/2280 2283/2283
f 2284/2284 2285/2285 2286/2286
f 2285/2285 2284/2284 2287/2287
f 2288/2288 2289/2289 2290/2290
f 2289/2289 2288/2288 2291/2291
f 2292/2292 2293/2293 2294/2294
f 2293/2293 2292/2292 2295/2295
f 2293/2293 2295/2295 2296/2296
f 2296/2296 2295/2295 2297/2297
f 2296/2296 2297/2297 2298/2298
f 2298/2298 2297/2297 2299/2299
f 2300/2300 2301/2301 2302/2302
f 2301/2301 2300/2300 2303/2303
f 2304/2304 2305/2305 2306/2306
f 2305/2305 2304/2304 2307/2307
f 2305/2305 2307/2307 2308/2308
f 2308/2308 2307/2307 2309/2309
f 2308/2308 2309/2309 2310/2310
f 2310/2310 2309/2309 2311/2311
f 2312/2312 2313/2313 2314/2314
f 2313/2313 2312/2312 2315/2315
f 2316/2316 2317/2317 2318/2318
f 2317/2317 2316/2316 2319/2319
f 2320/2320 2321/2321 2322/2322
f 2321/2321 2320/2320 2323/2323
f 2324/2324 2325/2325 2326/2326
f 2327/2327 2328/2328 2329/2329
f 2330/2330 2331/2331 2332/2332
f 2331/2331 2330/2330 2333/2333
f 2334/2334 2335/2335 2336/2336
f 2335/2335 2334/2334 2337/2337
f 2338/2338 2339/2339 2340/2340
f 2339/2339 2338/2338 2341/2341
f 2342/2342 2343/2343 2344/2344
f 2345/2345 2346/2346 2347/2347
f 2348/2348 2349/2349 2350/2350
f 2351/2351 2352/2352 2353/2353
f 2354/2354 2355/2355 2356/2356
f 2357/2357 2358/2358 2359/2359
f 2360/2360 2361/2361 2362/2362
f 2363/2363 2364/2364 2365/2365
f 2366/2366 2367/2367 2368/2368
f 2369/2369 2370/2370 2371/2371
f 2372/2372 2373/2373 2374/2374
f 2375/2375 2376/2376 2377/2377
f 2378/2378 2379/2379 2380/2380
f 2381/2381 2382/2382 2383/2383
f 2384/2384 2385/2385 2386/2386
f 2387/2387 2388/2388 2389/2389
f 2390/2390 2391/2391 2392/2392
f 2393/2393 2394/2394 2395/2395
f 2394/2394 2393/2393 2396/2396
f 2397/2397 2398/2398 2399/2399
f 2398/2398 2397/2397 2400/2400
f 2401/2401 2402/2402 2403/2403
f 2402/2402 2401/2401 2404/2404
f 2405/2405 2406/2406 2407/2407
f 2406/2406 2405/2405 2408/2408
f 2409/2409 2410/2410 2411/2411
f 2412/2412 2413/2413 2414/2414
f 2413/2413 2412/2412 2415/2415
f 2416/2416 2417/2417 2418/2418
f 2417/2417 2416/2416 2419/2419
f 2420/2420 2421/2421 2422/2422
f 2421/2421 2420/2420 2423/2423
f 2424/2424 2425/2425 2426/2426
f 2425/2425 2424/2424 2427/2427
f 2425/2425 2427/2427 2428/2428
f 2428/2428 2427/2427 2429/2429
f 2428/2428 2429/2429 2430/2430
f 2430/2430 2429/2429 2431/2431
f 2432/2432 2433/2433 2434/2434
f 2433/2433 2432/2432 2435/2435
f 2436/2436 2437/2437 2438/2438
f 2437/2437 2436/2436 2439/2439
f 2437/2437 2439/2439 2440/2440
f 2440/2440 2439/2439 2441/2441
f 2440/2440 2441/2441 2442/2442
f 2442/2442 2441/2441 2443/2443
f 2444/2444 2445/2445 2446/2446
f 2445/2445 2444/2444 2447/2447
f 2448/2448 2449/2449 2450/2450
f 2449/2449 2448/2448 2451/2451
f 2452/2452 2453/2453 2454/2454
f 2453/2453 2452/2452 2455/2455
f 2456/2456 2457/2457 2458/2458
f 2459/2459 2460/2460 2461/2461
f 2462/2462 2463/2463 2464/2464
f 2463/2463 2462/2462 2465/2465
f 2466/2466 2467/2467 2468/2468
f 2467/2467 2466/2466 2469/2469
f 2470/2470 2471/2471 2472/2472
f 2471/2471 2470/2470 2473/2473
f 2474/2474 2475/2475 2476/2476
f 2477/2477 2478/2478 2479/2479
f 2480/2480 2481/2481 2482/2482
f 2483/2483 2484/2484 2485/2485
f 2486/2486 2487/2487 2488/2488
f 2489/2489 2490/2490 2491/2491
f 2492/2492 2493/2493 2494/2494
f 2495/2495 2496/2496 2497/2497
f 2498/2498 2499/2499 2500/2500
f 2501/2501 2502/2502 2503/2503
f 2504/2504 2505/2505 2506/2506
f 2507/2507 2508/2508 2509/2509
f 2510/2510 2511/2511 2512/2512
f 2513/2513 2514/2514 2515/2515
f 2516/2516 2517/2517 2518/2518
f 2519/2519 2520/2520 2521/2521
f 2522/2522 2523/2523 2524/2524
f 2525/2525 2526/2526 2527/2527
f 2526/2526 2525/2525 2528/2528
f 2529/2529 2530/2530 2531/2531
f 2530/2530 2529/2529 2532/2532
f 2533/2533 2534/2534 2535/2535
f 2534/2534 2533/2533 2536/2536
f 2537/2537 2538/2538 2539/2539
f 2538/2538 2537/2537 2540/2540
f 2541/2541 2542/2542 2543/2543
f 2544/2544 2545/2545 2546/2546
f 2545/2545 2544/2544 2547/2547
f 2548/2548 2549/2549 2550/2550
f 2549/2549 2548/2548 2551/2551
f 2552/2552 2553/2553 2554/2554
f 2553/2553 2552/2552 2555/2555
f 2556/2556 2557/2557 2558/2558
f 2557/2557 2556/2556 2559/2559
f 2557/2557 2559/2559 2560/2560
f 2560/2560 2559/2559 2561/2561
f 2560/2560 2561/2561 2562/2562
f 2562/2562 2561/2561 2563/2563
f 2564/2564 2565/2565 2566/2566
f 2565/2565 2564/2564 2567/2567
f 2568/2568 2569/2569 2570/2570
f 2569/2569 2568/2568 2571/2571
f 2569/2569 2571/2571 2572/2572
f 2572/2572 2571/2571 2573/2573
f 2572/2572 2573/2573 2574/2574
f 2574/2574 2573/2573 2575/2575
f 2576/2576 2577/2577 2578/2578
f 2577/2577 2576/2576 2579/2579
f 2580/2580 2581/2581 2582/2582
f 2581/2581 2580/2580 2583/2583
f 2584/2584 2585/2585 2586/2586
f 2585/2585 2584/2584 2587/2587
f 2588/2588 2589/2589 2590/2590
f 2591/2591 2592/2592 2593/2593
f 2594/2594 2595/2595 2596/2596
f 2595/2595 2594/2594 2597/2597
f 2598/2598 2599/2599 2600/2600
f 2599/2599 2598/2598 2601/2601
f 2602/2602 2603/2603 2604/2604
f 2603/2603 2602/2602 2605/2605
f 2606/2606 2607/2607 2608/2608
f 2607/2607 2606/2606 2609/2609
f 2610/2610 2611/2611 2612/2612
f 2613/2613 2614/2614 2615/2615
f 2616/2616 2617/2617 2618/2618
f 2619/2619 2620/2620 2621/2621
f 2622/2622 2623/2623 2624/2624
f 2625/2625 2626/2626 2627/2627
f 2628/2628 2629/2629 2630/2630
f 2631/2631 2632/2632 2633/2633
f 2634/2634 2635/2635 2636/2636
f 2635/2635 2634/2634 2637/2637
f 2638/2638 2639/2639 2640/2640
f 2641/2641 2642/2642 2643/2643
f 2644/2644 2645/2645 2646/2646
f 2647/2647 2648/2648 2649/2649
f 2648/2648 2647/2647 2650/2650
f 2651/2651 2652/2652 2653/2653
f 2654/2654 2655/2655 2656/2656
f 2657/2657 2658/2658 2659/2659
f 2658/2658 2657/2657 2660/2660
f 2661/2661 2662/2662 2663/2663
f 2662/2662 2661/2661 2664/2664
f 2662/2662 2664/2664 2665/2665
f 2665/2665 2664/2664 2666/2666
f 2665/2665 2666/2666 2667/2667
f 2667/2667 2666/2666 2668/2668
f 2669/2669 2670/2670 2671/2671
f 2670/2670 2669/2669 2672/2672
f 2673/2673 2674/2674 2675/2675
f 2674/2674 2673/2673 2676/2676
f 2677/2677 2678/2678 2679/2679
f 2680/2680 2681/2681 2682/2682
f 2681/2681 2680/2680 2683/2683
f 2684/2684 2685/2685 2686/2686
f 2685/2685 2684/2684 2687/2687
f 2688/2688 2689/2689 2690/2690
f 2689/2689 2688/2688 2691/2691
f 2692/2692 2693/2693 2694/2694
f 2693/2693 2692/2692 2695/2695
f 2696/2696 2697/2697 2698/2698
f 2697/2697 2696/2696 2700/2700
f 2701/2701 2702/2702 2703/2703
f 2702/2702 2701/2701 2704/2704
f 2705/2705 2706/2706 2707/2707
f 2706/2706 2705/2705 2708/2708
f 2708/2708 2705/2705 2709/2709
f 2708/2708 2709/2709 2710/2710
f 2708/2708 2710/2710 2711/2711
f 2708/2708 2711/2711 2712/2712
f 2713/2713 2714/2714 2715/2715
f 2714/2714 2713/2713 2716/2716
f 2717/2717 2718/2718 2719/2719
f 2718/2718 2717/2717 2720/2720
f 2720/2720 2717/2717 2721/2721
f 2721/2721 2717/2717 2722/2722
f 2722/2722 2717/2717 2723/2723
f 2723/2723 2717/2717 2724/2724
f 2704/2704 2725/2725 2702/2702
f 2725/2725 2704/2704 2726/2726
f 2727/2727 2729/2729 2730/2730
f 2729/2729 2727/2727 2731/2731
f 2733/2733 2734/2734 2735/2735
f 2734/2734 2733/2733 2737/2737
f 2726/2726 2738/2738 2725/2725
f 2738/2738 2726/2726 2739/2739
f 2738/2738 2732/2732 2728/2728
f 2732/2732 2738/2738 2739/2739
f 2740/2740 2741/2741 2742/2742
f 2741/2741 2740/2740 2743/2743
f 2744/2744 2699/2699 2745/2745
f 2699/2699 2744/2744 2747/2747
f 2736/2736 2748/2748 2749/2749
f 2748/2748 2736/2736 2751/2751
f 2752/2752 2753/2753 2754/2754
f 2753/2753 2752/2752 2755/2755
f 2756/2756 2757/2757 2758/2758
f 2757/2757 2756/2756 2759/2759
f 2760/2760 2761/2761 2762/2762
f 2761/2761 2760/2760 2763/2763
f 2764/2764 2746/2746 2765/2765
f 2746/2746 2764/2764 2766/2766
f 2767/2767 2768/2768 2769/2769
f 2768/2768 2767/2767 2770/2770
f 2770/2770 2767/2767 2771/2771
f 2770/2770 2771/2771 2772/2772
f 2770/2770 2772/2772 2773/2773
f 2770/2770 2773/2773 2774/2774
f 2750/2750 2775/2775 2776/2776
f 2775/2775 2750/2750 2777/2777
f 2778/2778 2779/2779 2780/2780
f 2779/2779 2778/2778 2781/2781
f 2781/2781 2778/2778 2782/2782
f 2782/2782 2778/2778 2783/2783
f 2783/2783 2778/2778 2784/2784
f 2784/2784 2778/2778 2785/2785
f 2786/2786 2787/2787 2788/2788
f 2787/2787 2786/2786 2789/2789
f 2790/2790 2791/2791 2792/2792
f 2793/2793 2794/2794 2795/2795
f 2796/2796 2797/2797 2798/2798
f 2799/2799 2800/2800 2801/2801
f 2802/2802 2803/2803 2804/2804
f 2805/2805 2806/2806 2807/2807
f 2808/2808 2809/2809 2810/2810
f 2809/2809 2808/2808 2811/2811
f 2812/2812 2813/2813 2814/2814
f 2813/2813 2812/2812 2815/2815
f 2816/2816 2817/2817 2818/2818
f 2819/2819 2820/2820 2821/2821
f 2822/2822 2823/2823 2824/2824
f 2825/2825 2826/2826 2827/2827
f 2828/2828 2829/2829 2830/2830
f 2831/2831 2832/2832 2833/2833
f 2834/2834 2835/2835 2836/2836
f 2837/2837 2838/2838 2839/2839
f 2840/2840 2841/2841 2842/2842
f 2841/2841 2840/2840 2843/2843
f 2844/2844 2845/2845 2846/2846
f 2847/2847 2848/2848 2849/2849
f 2848/2848 2847/2847 2850/2850
f 2851/2851 2852/2852 2853/2853
f 2854/2854 2855/2855 2856/2856
f 2857/2857 2858/2858 2859/2859
f 2860/2860 2861/2861 2862/2862
f 2863/2863 2864/2864 2865/2865
f 2864/2864 2863/2863 2866/2866
f 2867/2867 2868/2868 2869/2869
f 2870/2870 2871/2871 2872/2872
f 2873/2873 2874/2874 2875/2875
f 2874/2874 2873/2873 2876/2876
f 2877/2877 2878/2878 2879/2879
f 2880/2880 2881/2881 2882/2882
f 2883/2883 2884/2884 2885/2885
f 2886/2886 2887/2887 2888/2888
f 2889/2889 2890/2890 2891/2891
f 2892/2892 2893/2893 2894/2894
f 2895/2895 2896/2896 2897/2897
f 2896/2896 2895/2895 2898/2898
f 2899/2899 2900/2900 2901/2901
f 2902/2902 2903/2903 2904/2904
f 2903/2903 2902/2902 2905/2905
f 2906/2906 2907/2907 2908/2908
f 2907/2907 2906/2906 2909/2909
f 2910/2910 2911/2911 2912/2912
f 2911/2911 2910/2910 2913/2913
f 2913/2913 2910/2910 2914/2914
f 2913/2913 2914/2914 2915/2915
f 2915/2915 2914/2914 2916/2916
f 2915/2915 2916/2916 2917/2917
f 2917/2917 2916/2916 2918/2918
f 2917/2917 2918/2918 2919/2919
f 2919/2919 2918/2918 2920/2920
f 2920/2920 2918/2918 2921/2921
f 2905/2905 2922/2922 2903/2903
f 2922/2922 2905/2905 2923/2923
f 2924/2924 2925/2925 2926/2926
f 2925/2925 2924/2924 2927/2927
f 2925/2925 2927/2927 2928/2928
f 2928/2928 2927/2927 2929/2929
f 2928/2928 2929/2929 2930/2930
f 2928/2928 2930/2930 2931/2931
f 2931/2931 2930/2930 2932/2932
f 2931/2931 2932/2932 2933/2933
f 2933/2933 2932/2932 2934/2934
f 2933/2933 2934/2934 2935/2935
f 2936/2936 2937/2937 2938/2938
f 2937/2937 2936/2936 2939/2939
f 2940/2940 2941/2941 2942/2942
f 2941/2941 2940/2940 2943/2943
f 2944/2944 2945/2945 2946/2946
f 2945/2945 2944/2944 2947/2947
f 2948/2948 2949/2949 2950/2950
f 2949/2949 2948/2948 2951/2951
f 2922/2922 2952/2952 2953/2953
f 2952/2952 2922/2922 2923/2923
f 2954/2954 2955/2955 2956/2956
f 2955/2955 2954/2954 2957/2957
f 2958/2958 2957/2957 2954/2954
f 2957/2957 2958/2958 2959/2959
f 2960/2960 2958/2958 2961/2961
f 2958/2958 2960/2960 2959/2959
f 2943/2943 2961/2961 2941/2941
f 2961/2961 2943/2943 2960/2960
f 2962/2962 2963/2963 2965/2965
f 2963/2963 2962/2962 2966/2966
f 2968/2968 2969/2969 2971/2971
f 2969/2969 2968/2968 2972/2972
f 2967/2967 2974/2974 2964/2964
f 2974/2974 2967/2967 2975/2975
f 2976/2976 2977/2977 2978/2978
f 2977/2977 2976/2976 2979/2979
f 2973/2973 2980/2980 2970/2970
f 2980/2980 2973/2973 2981/2981
f 2982/2982 2983/2983 2984/2984
f 2983/2983 2982/2982 2985/2985
f 2986/2986 2987/2987 2988/2988
f 2977/2977 2989/2989 2978/2978
f 2990/2990 2991/2991 2992/2992
f 2991/2991 2990/2990 2993/2993
f 2983/2983 2994/2994 2984/2984
f 2995/2995 2996/2996 2997/2997
f 2996/2996 2995/2995 2998/2998
f 2999/2999 3000/3000 3001/3001
f 2990/2990 2992/2992 3002/3002
f 3003/3003 3005/3005 3006/3006
f 3005/3005 3003/3003 3007/3007
f 3009/3009 3010/3010 3011/3011
f 3012/3012 3014/3014 3015/3015
f 3014/3014 3012/3012 3016/3016
f 2995/2995 2997/2997 3018/3018
f 3019/3019 3008/3008 3004/3004
f 3008/3008 3019/3019 3020/3020
f 3021/3021 3017/3017 3013/3013
f 3017/3017 3021/3021 3022/3022
f 3023/3023 3024/3024 3025/3025
f 3026/3026 3027/3027 3028/3028
f 3027/3027 3026/3026 3029/3029
f 3030/3030 3031/3031 3032/3032
f 3033/3033 3034/3034 3035/3035
f 3036/3036 3037/3037 3038/3038
f 3039/3039 3040/3040 3041/3041
f 3042/3042 3043/3043 3044/3044
f 3045/3045 3046/3046 3047/3047
f 3048/3048 3049/3049 3050/3050
f 3049/3049 3048/3048 3051/3051
f 3052/3052 3053/3053 3054/3054
f 3053/3053 3052/3052 3055/3055
f 3056/3056 3057/3057 3058/3058
f 3059/3059 3060/3060 3061/3061
f 3062/3062 3063/3063 3064/3064
f 3065/3065 3066/3066 3067/3067
f 3068/3068 3069/3069 3070/3070
f 3071/3071 3072/3072 3066/3066
f 3073/3073 3074/3074 3075/3075
f 3076/3076 3077/3077 3065/3065
f 3078/3078 3079/3079 3080/3080
f 3079/3079 3078/3078 3081/3081
f 3082/3082 3083/3083 3084/3084
f 3083/3083 3082/3082 3085/3085
f 3086/3086 3087/3087 3088/3088
f 3089/3089 3090/3090 3091/3091
f 3092/3092 3093/3093 3094/3094
f 3096/3096 3090/3090 3097/3097
f 3098/3098 3099/3099 3100/3100
f 3101/3101 3102/3102 3103/3103
f 3104/3104 3105/3105 3106/3106
f 3105/3105 3104/3104 3095/3095
f 3107/3107 3108/3108 3109/3109
f 3108/3108 3107/3107 3110/3110
f 3111/3111 3112/3112 3113/3113
f 3114/3114 3115/3115 3116/3116
f 3117/3117 3118/3118 3119/3119
f 3120/3120 3121/3121 3122/3122
f 3123/3123 3124/3124 3125/3125
f 3126/3126 3127/3127 3128/3128
f 3129/3129 3130/3130 3131/3131
f 3132/3132 3133/3133 3134/3134
f 3135/3135 3136/3136 3137/3137
f 3136/3136 3135/3135 3138/3138
f 3139/3139 3140/3140 3141/3141
f 3140/3140 3139/3139 3142/3142
f 3143/3143 3144/3144 3145/3145
f 3146/3146 3147/3147 3148/3148
f 3149/3149 3150/3150 3151/3151
f 3152/3152 3153/3153 3154/3154
f 3155/3155 3156/3156 3157/3157
f 3158/3158 3159/3159 3160/3160
f 3161/3161 3162/3162 3163/3163
f 3162/3162 3161/3161 3164/3164
f 3165/3165 3166/3166 3167/3167
f 3166/3166 3165/3165 3168/3168
f 3169/3169 3170/3170 3171/3171
f 3172/3172 3173/3173 3174/3174
f 3175/3175 3176/3176 3177/3177
f 3178/3178 3179/3179 3180/3180
f 3181/3181 3182/3182 3183/3183
f 3184/3184 3185/3185 3186/3186
f 3187/3187 3188/3188 3189/3189
f 3190/3190 3191/3191 3192/3192
f 3193/3193 3194/3194 3195/3195
f 3194/3194 3193/3193 3196/3196
f 3197/3197 3198/3198 3200/3200
f 3198/3198 3197/3197 3202/3202
f 3203/3203 3204/3204 3205/3205
f 3204/3204 3203/3203 3206/3206
f 3206/3206 3203/3203 3207/3207
f 3207/3207 3203/3203 3208/3208
f 3207/3207 3208/3208 3209/3209
f 3209/3209 3208/3208 3210/3210
f 3209/3209 3210/3210 3211/3211
f 3211/3211 3210/3210 3212/3212
f 3204/3204 3213/3213 3214/3214
f 3213/3213 3204/3204 3206/3206
f 3214/3214 3213/3213 3215/3215
f 3214/3214 3215/3215 3216/3216
f 3214/3214 3216/3216 3217/3217
f 3217/3217 3216/3216 3212/3212
f 3217/3217 3212/3212 3210/3210
f 3217/3217 3210/3210 3218/3218
f 3219/3219 3220/3220 3222/3222
f 3220/3220 3219/3219 3224/3224
f 3201/3201 3225/3225 3226/3226
f 3225/3225 3201/3201 3199/3199
f 3227/3227 3228/3228 3230/3230
f 3228/3228 3227/3227 3231/3231
f 3233/3233 3234/3234 3235/3235
f 3236/3236 3237/3237 3238/3238
f 3239/3239 3240/3240 3241/3241
f 3242/3242 3244/3244 3245/3245
f 3244/3244 3242/3242 3247/3247
f 3248/3248 3249/3249 3250/3250
f 3223/3223 3251/3251 3252/3252
f 3251/3251 3223/3223 3221/3221
f 3253/3253 3254/3254 3255/3255
f 3254/3254 3253/3253 3256/3256
f 3256/3256 3253/3253 3257/3257
f 3257/3257 3253/3253 3258/3258
f 3257/3257 3258/3258 3259/3259
f 3259/3259 3258/3258 3260/3260
f 3259/3259 3260/3260 3261/3261
f 3261/3261 3260/3260 3262/3262
f 3254/3254 3263/3263 3264/3264
f 3263/3263 3254/3254 3256/3256
f 3264/3264 3263/3263 3265/3265
f 3264/3264 3265/3265 3266/3266
f 3264/3264 3266/3266 3267/3267
f 3267/3267 3266/3266 3262/3262
f 3267/3267 3262/3262 3260/3260
f 3267/3267 3260/3260 3268/3268
f 3232/3232 3269/3269 3229/3229
f 3269/3269 3232/3232 3270/3270
f 3271/3271 3272/3272 3273/3273
f 3274/3274 3275/3275 3276/3276
f 3277/3277 3278/3278 3279/3279
f 3280/3280 3246/3246 3281/3281
f 3246/3246 3280/3280 3243/3243
f 3282/3282 3283/3283 3284/3284
f 3274/3274 3285/3285 3275/3275
f 3285/3285 3274/3274 3286/3286
f 3287/3287 3271/3271 3273/3273
f 3271/3271 3287/3287 3288/3288
f 3289/3289 3277/3277 3279/3279
f 3277/3277 3289/3289 3290/3290
f 3291/3291 3284/3284 3292/3292
f 3284/3284 3291/3291 3282/3282
f 3293/3293 3294/3294 3295/3295
f 3294/3294 3293/3293 3296/3296
f 3297/3297 3298/3298 3300/3300
f 3298/3298 3297/3297 3302/3302
f 3293/3293 3295/3295 3303/3303
f 3304/3304 3305/3305 3306/3306
f 3305/3305 3304/3304 3307/3307
f 3301/3301 3308/3308 3309/3309
f 3308/3308 3301/3301 3299/3299
f 3310/3310 3311/3311 3312/3312
f 3311/3311 3310/3310 3313/3313
f 3314/3314 3315/3315 3316/3316
f 3317/3317 3318/3318 3319/3319
f 3320/3320 3307/3307 3304/3304
f 3321/3321 3322/3322 3323/3323
f 3322/3322 3321/3321 3324/3324
f 3313/3313 3325/3325 3311/3311
f 3326/3326 3327/3327 3328/3328
f 3327/3327 3326/3326 3329/3329
f 3330/3330 3331/3331 3332/3332
f 3324/3324 3321/3321 3333/3333
f 3334/3334 3335/3335 3336/3336
f 3335/3335 3334/3334 3337/3337
f 3338/3338 3339/3339 3340/3340
f 3341/3341 3342/3342 3344/3344
f 3342/3342 3341/3341 3346/3346
f 3329/3329 3347/3347 3327/3327
f 3348/3348 3349/3349 3350/3350
f 3334/3334 3336/3336 3351/3351
f 3345/3345 3352/3352 3353/3353
f 3352/3352 3345/3345 3343/3343
f 3354/3354 3355/3355 3356/3356
f 3357/3357 3358/3358 3359/3359
f 3358/3358 3357/3357 3360/3360
f 3358/3358 3360/3360 3361/3361
f 3361/3361 3360/3360 3362/3362
f 3361/3361 3362/3362 3363/3363
f 3363/3363 3362/3362 3364/3364
f 3365/3365 3366/3366 3367/3367
f 3366/3366 3365/3365 3368/3368
f 3369/3369 3370/3370 3371/3371
f 3370/3370 3369/3369 3372/3372
f 3373/3373 3374/3374 3375/3375
f 3374/3374 3373/3373 3376/3376
f 3377/3377 3378/3378 3379/3379
f 3378/3378 3377/3377 3380/3380
f 3381/3381 3382/3382 3383/3383
f 3382/3382 3381/3381 3384/3384
f 3385/3385 3386/3386 3387/3387
f 3386/3386 3385/3385 3388/3388
f 3389/3389 3390/3390 3391/3391
f 3390/3390 3389/3389 3392/3392
f 3393/3393 3394/3394 3395/3395
f 3394/3394 3393/3393 3396/3396
f 3397/3397 3398/3398 3399/3399
f 3400/3400 3401/3401 3402/3402
f 3403/3403 3404/3404 3405/3405
f 3404/3404 3403/3403 3406/3406
f 3407/3407 3408/3408 3409/3409
f 3410/3410 3411/3411 3412/3412
f 3413/3413 3414/3414 3415/3415
f 3416/3416 3417/3417 3418/3418
f 3419/3419 3420/3420 3421/3421
f 3422/3422 3423/3423 3424/3424
f 3425/3425 3426/3426 3427/3427
f 3428/3428 3429/3429 3430/3430
f 3431/3431 3432/3432 3433/3433
f 3432/3432 3431/3431 3434/3434
f 3435/3435 3436/3436 3437/3437
f 3438/3438 3439/3439 3440/3440
f 3441/3441 3442/3442 3443/3443
f 3444/3444 3445/3445 3446/3446
f 3447/3447 3448/3448 3449/3449
f 3448/3448 3447/3447 3450/3450
f 3451/3451 3452/3452 3453/3453
f 3452/3452 3451/3451 3454/3454
f 3455/3455 3456/3456 3457/3457
f 3456/3456 3455/3455 3458/3458
f 3459/3459 3460/3460 3461/3461
f 3460/3460 3459/3459 3462/3462
f 3463/3463 3464/3464 3465/3465
f 3464/3464 3463/3463 3466/3466
f 3464/3464 3466/3466 3467/3467
f 3467/3467 3466/3466 3468/3468
f 3467/3467 3468/3468 3469/3469
f 3469/3469 3468/3468 3470/3470
f 3471/3471 3472/3472 3473/3473
f 3472/3472 3471/3471 3474/3474
f 3475/3475 3476/3476 3477/3477
f 3476/3476 3475/3475 3478/3478
f 3479/3479 3480/3480 3481/3481
f 3480/3480 3479/3479 3482/3482
f 3483/3483 3484/3484 3485/3485
f 3484/3484 3483/3483 3486/3486
f 3484/3484 3486/3486 3487/3487
f 3487/3487 3486/3486 3488/3488
f 3487/3487 3488/3488 3489/3489
f 3489/3489 3488/3488 3490/3490
f 3491/3491 3492/3492 3493/3493
f 3492/3492 3491/3491 3494/3494
f 3495/3495 3496/3496 3497/3497
f 3496/3496 3495/3495 3498/3498
f 3499/3499 3500/3500 3501/3501
f 3500/3500 3499/3499 3502/3502
f 3503/3503 3504/3504 3505/3505
f 3504/3504 3503/3503 3506/3506
f 3507/3507 3508/3508 3509/3509
f 3508/3508 3507/3507 3510/3510
f 3511/3511 3512/3512 3513/3513
f 3512/3512 3511/3511 3514/3514
f 3515/3515 3516/3516 3517/3517
f 3516/3516 3515/3515 3518/3518
f 3519/3519 3520/3520 3521/3521
f 3520/3520 3519/3519 3522/3522
f 3523/3523 3524/3524 3525/3525
f 3526/3526 3527/3527 3528/3528
f 3529/3529 3530/3530 3531/3531
f 3532/3532 3533/3533 3534/3534
f 3533/3533 3532/3532 3535/3535
f 3536/3536 3537/3537 3538/3538
f 3539/3539 3540/3540 3541/3541
f 3542/3542 3543/3543 3544/3544
f 3545/3545 3546/3546 3547/3547
f 3548/3548 3549/3549 3550/3550
f 3551/3551 3552/3552 3553/3553
f 3554/3554 3555/3555 3556/3556
f 3557/3557 3558/3558 3559/3559
f 3560/3560 3561/3561 3562/3562
f 3561/3561 3560/3560 3563/3563
f 3564/3564 3565/3565 3566/3566
f 3567/3567 3568/3568 3569/3569
f 3570/3570 3571/3571 3572/3572
f 3573/3573 3574/3574 3575/3575
f 3574/3574 3573/3573 3576/3576
f 3577/3577 3578/3578 3579/3579
f 3578/3578 3577/3577 3580/3580
f 3581/3581 3582/3582 3583/3583
f 3582/3582 3581/3581 3584/3584
f 3585/3585 3586/3586 3587/3587
f 3586/3586 3585/3585 3588/3588
f 3589/3589 3590/3590 3591/3591
f 3590/3590 3589/3589 3592/3592
f 3590/3590 3592/3592 3593/3593
f 3593/3593 3592/3592 3594/3594
f 3593/3593 3594/3594 3595/3595
f 3595/3595 3594/3594 3596/3596
f 3597/3597 3598/3598 3599/3599
f 3598/3598 3597/3597 3600/3600
f 3601/3601 3602/3602 3603/3603
f 3602/3602 3601/3601 3604/3604
f 3605/3605 3606/3606 3607/3607
f 3606/3606 3605/3605 3608/3608
f 3609/3609 3610/3610 3611/3611
f 3610/3610 3609/3609 3612/3612
f 3610/3610 3612/3612 3613/3613
f 3613/3613 3612/3612 3614/3614
f 3613/3613 3614/3614 3615/3615
f 3615/3615 3614/3614 3616/3616
f 3617/3617 3618/3618 3619/3619
f 3618/3618 3617/3617 3620/3620
f 3621/3621 3622/3622 3623/3623
f 3622/3622 3621/3621 3624/3624
f 3625/3625 3626/3626 3627/3627
f 3626/3626 3625/3625 3628/3628
f 3629/3629 3630/3630 3631/3631
f 3630/3630 3629/3629 3632/3632
f 3633/3633 3634/3634 3635/3635
f 3634/3634 3633/3633 3636/3636
f 3637/3637 3638/3638 3639/3639
f 3638/3638 3637/3637 3640/3640
f 3641/3641 3642/3642 3643/3643
f 3642/3642 3641/3641 3644/3644
f 3645/3645 3646/3646 3647/3647
f 3646/3646 3645/3645 3648/3648
f 3649/3649 3650/3650 3651/3651
f 3650/3650 3649/3649 3652/3652
f 3653/3653 3654/3654 3655/3655
f 3656/3656 3657/3657 3658/3658
f 3659/3659 3660/3660 3661/3661
f 3662/3662 3663/3663 3664/3664
f 3665/3665 3666/3666 3667/3667
f 3668/3668 3669/3669 3670/3670
f 3671/3671 3672/3672 3673/3673
f 3674/3674 3675/3675 3676/3676
f 3677/3677 3678/3678 3679/3679
f 3678/3678 3677/3677 3680/3680
f 3681/3681 3682/3682 3683/3683
f 3684/3684 3685/3685 3686/3686
f 3687/3687 3688/3688 3689/3689
f 3690/3690 3691/3691 3692/3692
f 3693/3693 3694/3694 3695/3695
f 3696/3696 3697/3697 3698/3698
f 3699/3699 3700/3700 3701/3701
f 3700/3700 3699/3699 3702/3702
f 3703/3703 3704/3704 3705/3705
f 3704/3704 3703/3703 3706/3706
f 3704/3704 3706/3706 3707/3707
f 3707/3707 3706/3706 3708/3708
f 3707/3707 3708/3708 3709/3709
f 3709/3709 3708/3708 3710/3710
f 3711/3711 3712/3712 3713/3713
f 3712/3712 3711/3711 3714/3714
f 3715/3715 3716/3716 3717/3717
f 3716/3716 3715/3715 3718/3718
f 3719/3719 3720/3720 3721/3721
f 3720/3720 3719/3719 3722/3722
f 3723/3723 3724/3724 3725/3725
f 3724/3724 3723/3723 3726/3726
f 3727/3727 3728/3728 3729/3729
f 3728/3728 3727/3727 3730/3730
f 3731/3731 3732/3732 3733/3733
f 3732/3732 3731/3731 3734/3734
f 3735/3735 3736/3736 3737/3737
f 3736/3736 3735/3735 3738/3738
f 3736/3736 3738/3738 3739/3739
f 3739/3739 3738/3738 3740/3740
f 3739/3739 3740/3740 3741/3741
f 3741/3741 3740/3740 3742/3742
f 3743/3743 3744/3744 3745/3745
f 3744/3744 3743/3743 3746/3746
f 3747/3747 3748/3748 3749/3749
f 3748/3748 3747/3747 3750/3750
f 3751/3751 3752/3752 3753/3753
f 3752/3752 3751/3751 3754/3754
f 3755/3755 3756/3756 3757/3757
f 3756/3756 3755/3755 3758/3758
f 3759/3759 3760/3760 3761/3761
f 3760/3760 3759/3759 3762/3762
f 3763/3763 3764/3764 3765/3765
f 3764/3764 3763/3763 3766/3766
f 3767/3767 3768/3768 3769/3769
f 3768/3768 3767/3767 3770/3770
f 3771/3771 3772/3772 3773/3773
f 3772/3772 3771/3771 3774/3774
f 3775/3775 3776/3776 3777/3777
f 3776/3776 3775/3775 3778/3778
f 3779/3779 3780/3780 3781/3781
f 3782/3782 3783/3783 3784/3784
f 3785/3785 3786/3786 3787/3787
f 3788/3788 3789/3789 3790/3790
f 3791/3791 3792/3792 3793/3793
f 3794/3794 3795/3795 3796/3796
f 3797/3797 3798/3798 3799/3799
f 3800/3800 3801/3801 3802/3802
f 3803/3803 3804/3804 3805/3805
f 3804/3804 3803/3803 3806/3806
f 3807/3807 3808/3808 3809/3809
f 3810/3810 3811/3811 3812/3812
f 3813/3813 3814/3814 3815/3815
f 3816/3816 3817/3817 3818/3818
f 3819/3819 3820/3820 3821/3821
f 3822/3822 3823/3823 3824/3824
f 3825/3825 3826/3826 3827/3827
f 3826/3826 3825/3825 3828/3828
f 3829/3829 3830/3830 3831/3831
f 3830/3830 3829/3829 3832/3832
f 3830/3830 3832/3832 3833/3833
f 3833/3833 3832/3832 3834/3834
f 3833/3833 3834/3834 3835/3835
f 3835/3835 3834/3834 3836/3836
f 3837/3837 3838/3838 3839/3839
f 3838/3838 3837/3837 3840/3840
f 3841/3841 3842/3842 3843/3843
f 3842/3842 3841/3841 3844/3844
f 3845/3845 3846/3846 3847/3847
f 3846/3846 3845/3845 3848/3848
f 3849/3849 3850/3850 3851/3851
f 3850/3850 3849/3849 3852/3852
f 3853/3853 3854/3854 3855/3855
f 3854/3854 3853/3853 3856/3856
f 3857/3857 3858/3858 3859/3859
f 3858/3858 3857/3857 3860/3860
f 3861/3861 3862/3862 3863/3863
f 3862/3862 3861/3861 3864/3864
f 3862/3862 3864/3864 3865/3865
f 3865/3865 3864/3864 3866/3866
f 3865/3865 3866/3866 3867/3867
f 3867/3867 3866/3866 3868/3868
f 3869/3869 3870/3870 3871/3871
f 3870/3870 3869/3869 3872/3872
f 3873/3873 3874/3874 3875/3875
f 3874/3874 3873/3873 3876/3876
f 3877/3877 3878/3878 3879/3879
f 3878/3878 3877/3877 3880/3880
f 3881/3881 3882/3882 3883/3883
f 3882/3882 3881/3881 3884/3884
f 3885/3885 3886/3886 3887/3887
f 3886/3886 3885/3885 3888/3888
f 3889/3889 3890/3890 3891/3891
f 3890/3890 3889/3889 3892/3892
f 3893/3893 3894/3894 3895/3895
f 3894/3894 3893/3893 3896/3896
f 3897/3897 3898/3898 3899/3899
f 3898/3898 3897/3897 3900/3900
f 3901/3901 3902/3902 3903/3903
f 3904/3904 3905/3905 3906/3906
f 3907/3907 3908/3908 3909/3909
f 3910/3910 3911/3911 3912/3912
f 3913/3913 3914/3914 3915/3915
f 3916/3916 3917/3917 3918/3918
f 3919/3919 3920/3920 3921/3921
f 3922/3922 3923/3923 3924/3924
f 3925/3925 3926/3926 3927/3927
f 3928/3928 3929/3929 3930/3930
f 3931/3931 3932/3932 3933/3933
f 3934/3934 3935/3935 3936/3936
f 3937/3937 3938/3938 3939/3939
f 3940/3940 3941/3941 3942/3942
f 3943/3943 3944/3944 3945/3945
f 3946/3946 3947/3947 3948/3948
f 3949/3949 3950/3950 3951/3951
f 3950/3950 3949/3949 3952/3952
f 3953/3953 3954/3954 3955/3955
f 3954/3954 3953/3953 3956/3956
f 3957/3957 3958/3958 3959/3959
f 3958/3958 3957/3957 3960/3960
f 3961/3961 3962/3962 3963/3963
f 3962/3962 3961/3961 3964/3964
f 3965/3965 3966/3966 3967/3967
f 3966/3966 3965/3965 3968/3968
f 3969/3969 3970/3970 3971/3971
f 3970/3970 3969/3969 3972/3972
f 3973/3973 3974/3974 3975/3975
f 3974/3974 3973/3973 3976/3976
f 3977/3977 3978/3978 3979/3979
f 3978/3978 3977/3977 3980/3980
f 3981/3981 3982/3982 3983/3983
f 3982/3982 3981/3981 3984/3984
f 3982/3982 3984/3984 3985/3985
f 3985/3985 3984/3984 3986/3986
f 3985/3985 3986/3986 3987/3987
f 3987/3987 3986/3986 3988/3988
f 3989/3989 3990/3990 3991/3991
f 3990/3990 3989/3989 3992/3992
f 3990/3990 3992/3992 3993/3993
f 3993/3993 3992/3992 3994/3994
f 3993/3993 3994/3994 3995/3995
f 3995/3995 3994/3994 3996/3996
f 3997/3997 3998/3998 3999/3999
f 3998/3998 3997/3997 4000/4000
f 4001/4001 4002/4002 4003/4003
f 4002/4002 4001/4001 4004/4004
f 4005/4005 4006/4006 4007/4007
f 4006/4006 4005/4005 4008/4008
f 4009/4009 4010/4010 4011/4011
f 4010/4010 4009/4009 4012/4012
f 4013/4013 4014/4014 4015/4015
f 4014/4014 4013/4013 4016/4016
f 4017/4017 4018/4018 4019/4019
f 4018/4018 4017/4017 4020/4020
f 4021/4021 4022/4022 4023/4023
f 4022/4022 4021/4021 4024/4024
f 4025/4025 4026/4026 4027/4027
f 4026/4026 4025/4025 4028/4028
f 4029/4029 4030/4030 4031/4031
f 4032/4032 4033/4033 4034/4034
f 4035/4035 4036/4036 4037/4037
f 4038/4038 4039/4039 4040/4040
f 4041/4041 4042/4042 4043/4043
f 4044/4044 4045/4045 4046/4046
f 4047/4047 4048/4048 4049/4049
f 4050/4050 4051/4051 4052/4052
f 4053/4053 4054/4054 4055/4055
f 4056/4056 4057/4057 4058/4058
f 4059/4059 4060/4060 4061/4061
f 4062/4062 4063/4063 4064/4064
f 4065/4065 4066/4066 4067/4067
f 4068/4068 4069/4069 4070/4070
f 4071/4071 4072/4072 4073/4073
f 4074/4074 4075/4075 4076/4076
f 4077/4077 4078/4078 4079/4079
f 4078/4078 4077/4077 4080/4080
f 4081/4081 4082/4082 4083/4083
f 4082/4082 4081/4081 4084/4084
f 4085/4085 4086/4086 4087/4087
f 4086/4086 4085/4085 4088/4088
f 4089/4089 4090/4090 4091/4091
f 4090/4090 4089/4089 4092/4092
f 4093/4093 4094/4094 4095/4095
f 4094/4094 4093/4093 4096/4096
f 4097/4097 4098/4098 4099/4099
f 4098/4098 4097/4097 4100/4100
f 4101/4101 4102/4102 4103/4103
f 4102/4102 4101/4101 4104/4104
f 4105/4105 4106/4106 4107/4107
f 4106/4106 4105/4105 4108/4108
f 4109/4109 4110/4110 4111/4111
f 4110/4110 4109/4109 4112/4112
f 4110/4110 4112/4112 4113/4113
f 4113/4113 4112/4112 4114/4114
f 4113/4113 4114/4114 4115/4115
f 4115/4115 4114/4114 4116/4116
f 4117/4117 4118/4118 4119/4119
f 4118/4118 4117/4117 4120/4120
f 4121/4121 4123/4123 4124/4124
f 4123/4123 4121/4121 4125/4125
f 4127/4127 4128/4128 4129/4129
f 4128/4128 4127/4127 4130/4130
f 4130/4130 4127/4127 4131/4131
f 4130/4130 4131/4131 4132/4132
f 4132/4132 4131/4131 4133/4133
f 4132/4132 4133/4133 4134/4134
f 4135/4135 4136/4136 4138/4138
f 4136/4136 4135/4135 4140/4140
f 4141/4141 4142/4142 4143/4143
f 4142/4142 4141/4141 4144/4144
f 4144/4144 4141/4141 4145/4145
f 4144/4144 4145/4145 4146/4146
f 4146/4146 4145/4145 4147/4147
f 4147/4147 4145/4145 4148/4148
f 4149/4149 4126/4126 4122/4122
f 4126/4126 4149/4149 4150/4150
f 4151/4151 4152/4152 4154/4154
f 4152/4152 4151/4151 4156/4156
f 4157/4157 4158/4158 4159/4159
f 4158/4158 4157/4157 4160/4160
f 4161/4161 4150/4150 4149/4149
f 4150/4150 4161/4161 4162/4162
f 4155/4155 4162/4162 4161/4161
f 4162/4162 4155/4155 4153/4153
f 4139/4139 4163/4163 4165/4165
f 4163/4163 4139/4139 4137/4137
f 4167/4167 4168/4168 4169/4169
f 4168/4168 4167/4167 4170/4170
f 4171/4171 4172/4172 4173/4173
f 4172/4172 4171/4171 4174/4174
f 4166/4166 4175/4175 4176/4176
f 4175/4175 4166/4166 4164/4164
f 4177/4177 4178/4178 4179/4179
f 4178/4178 4177/4177 4180/4180
f 4181/4181 4182/4182 4183/4183
f 4182/4182 4181/4181 4184/4184
f 4185/4185 4186/4186 4187/4187
f 4186/4186 4185/4185 4188/4188
f 4189/4189 4190/4190 4191/4191
f 4190/4190 4189/4189 4192/4192
f 4192/4192 4189/4189 4193/4193
f 4192/4192 4193/4193 4194/4194
f 4194/4194 4193/4193 4195/4195
f 4194/4194 4195/4195 4196/4196
f 4197/4197 4198/4198 4199/4199
f 4198/4198 4197/4197 4200/4200
f 4201/4201 4202/4202 4203/4203
f 4202/4202 4201/4201 4204/4204
f 4204/4204 4201/4201 4205/4205
f 4204/4204 4205/4205 4206/4206
f 4206/4206 4205/4205 4207/4207
f 4206/4206 4207/4207 4208/4208
f 4209/4209 4210/4210 4211/4211
f 4210/4210 4209/4209 4212/4212
f 4213/4213 4214/4214 4215/4215
f 4216/4216 4217/4217 4218/4218
f 4219/4219 4220/4220 4221/4221
f 4222/4222 4223/4223 4224/4224
f 4225/4225 4226/4226 4227/4227
f 4228/4228 4229/4229 4230/4230
f 4231/4231 4232/4232 4233/4233
f 4232/4232 4231/4231 4234/4234
f 4235/4235 4236/4236 4237/4237
f 4236/4236 4235/4235 4238/4238
f 4239/4239 4241/4241 4242/4242
f 4243/4243 4244/4244 4245/4245
f 4240/4240 4242/4242 4246/4246
f 4247/4247 4248/4248 4249/4249
f 4250/4250 4242/4242 4251/4251
f 4252/4252 4253/4253 4254/4254
f 4255/4255 4256/4256 4257/4257
f 4258/4258 4259/4259 4260/4260
f 4261/4261 4262/4262 4263/4263
f 4262/4262 4261/4261 4264/4264
f 4265/4265 4267/4267 4268/4268
f 4269/4269 4270/4270 4271/4271
f 4270/4270 4269/4269 4272/4272
f 4266/4266 4268/4268 4273/4273
f 4274/4274 4275/4275 4276/4276
f 4277/4277 4278/4278 4279/4279
f 4280/4280 4281/4281 4282/4282
f 4283/4283 4284/4284 4285/4285
f 4284/4284 4283/4283 4286/4286
f 4287/4287 4288/4288 4289/4289
f 4290/4290 4291/4291 4292/4292
f 4293/4293 4294/4294 4295/4295
f 4294/4294 4293/4293 4296/4296
f 4297/4297 4298/4298 4299/4299
f 4300/4300 4301/4301 4302/4302
f 4303/4303 4298/4298 4304/4304
f 4305/4305 4301/4301 4306/4306
f 4307/4307 4308/4308 4309/4309
f 4310/4310 4311/4311 4312/4312
f 4313/4313 4314/4314 4315/4315
f 4314/4314 4313/4313 4316/4316
f 4317/4317 4318/4318 4319/4319
f 4320/4320 4321/4321 4322/4322
f 4321/4321 4320/4320 4323/4323
f 4324/4324 4325/4325 4326/4326
f 4325/4325 4324/4324 4327/4327
f 4328/4328 4329/4329 4330/4330
f 4329/4329 4328/4328 4331/4331
f 4331/4331 4328/4328 4332/4332
f 4331/4331 4332/4332 4333/4333
f 4333/4333 4332/4332 4334/4334
f 4334/4334 4332/4332 4335/4335
f 4331/4331 4336/4336 4337/4337
f 4336/4336 4331/4331 4333/4333
f 4337/4337 4336/4336 4338/4338
f 4337/4337 4338/4338 4339/4339
f 4340/4340 4322/4322 4341/4341
f 4322/4322 4340/4340 4320/4320
f 4342/4342 4343/4343 4344/4344
f 4343/4343 4342/4342 4345/4345
f 4345/4345 4342/4342 4346/4346
f 4345/4345 4346/4346 4347/4347
f 4347/4347 4346/4346 4348/4348
f 4348/4348 4346/4346 4349/4349
f 4345/4345 4350/4350 4351/4351
f 4350/4350 4345/4345 4347/4347
f 4351/4351 4350/4350 4352/4352
f 4351/4351 4352/4352 4353/4353
f 4354/4354 4355/4355 4356/4356
f 4355/4355 4354/4354 4357/4357
f 4358/4358 4359/4359 4360/4360
f 4359/4359 4358/4358 4361/4361
f 4362/4362 4363/4363 4364/4364
f 4363/4363 4362/4362 4365/4365
f 4366/4366 4367/4367 4368/4368
f 4367/4367 4366/4366 4369/4369
f 4370/4370 4341/4341 4371/4371
f 4341/4341 4370/4370 4340/4340
f 4372/4372 4373/4373 4375/4375
f 4373/4373 4372/4372 4377/4377
f 4376/4376 4378/4378 4379/4379
f 4378/4378 4376/4376 4374/4374
f 4379/4379 4380/4380 4381/4381
f 4380/4380 4379/4379 4378/4378
f 4381/4381 4361/4361 4358/4358
f 4361/4361 4381/4381 4380/4380
f 4382/4382 4383/4383 4384/4384
f 4383/4383 4382/4382 4385/4385
f 4386/4386 4387/4387 4388/4388
f 4389/4389 4390/4390 4391/4391
f 4392/4392 4393/4393 4394/4394
f 4395/4395 4396/4396 4397/4397
f 4398/4398 4399/4399 4400/4400
f 4401/4401 4402/4402 4403/4403
f 4404/4404 4405/4405 4406/4406
f 4405/4405 4404/4404 4407/4407
f 4408/4408 4409/4409 4410/4410
f 4409/4409 4408/4408 4411/4411
f 4412/4412 4413/4413 4414/4414
f 4415/4415 4416/4416 4417/4417
f 4418/4418 4419/4419 4420/4420
f 4421/4421 4422/4422 4423/4423
f 4424/4424 4425/4425 4426/4426
f 4427/4427 4428/4428 4429/4429
f 4430/4430 4431/4431 4432/4432
f 4433/4433 4434/4434 4435/4435
f 4436/4436 4437/4437 4438/4438
f 4437/4437 4436/4436 4439/4439
f 4440/4440 4441/4441 4443/4443
f 4441/4441 4440/4440 4444/4444
f 4445/4445 4446/4446 4447/4447
f 4446/4446 4445/4445 4448/4448
f 4449/4449 4450/4450 4451/4451
f 4450/4450 4449/4449 4452/4452
f 4452/4452 4449/4449 4453/4453
f 4453/4453 4449/4449 4454/4454
f 4454/4454 4449/4449 4455/4455
f 4455/4455 4449/4449 4456/4456
f 4457/4457 4458/4458 4459/4459
f 4458/4458 4457/4457 4460/4460
f 4461/4461 4462/4462 4463/4463
f 4462/4462 4461/4461 4464/4464
f 4464/4464 4461/4461 4465/4465
f 4464/4464 4465/4465 4466/4466
f 4464/4464 4466/4466 4467/4467
f 4464/4464 4467/4467 4468/4468
f 4447/4447 4469/4469 4470/4470
f 4469/4469 4447/4447 4446/4446
f 4471/4471 4473/4473 4474/4474
f 4473/4473 4471/4471 4476/4476
f 4477/4477 4479/4479 4480/4480
f 4479/4479 4477/4477 4481/4481
f 4469/4469 4482/4482 4470/4470
f 4482/4482 4469/4469 4483/4483
f 4483/4483 4475/4475 4482/4482
f 4475/4475 4483/4483 4472/4472
f 4484/4484 4485/4485 4486/4486
f 4485/4485 4484/4484 4487/4487
f 4488/4488 4489/4489 4491/4491
f 4489/4489 4488/4488 4442/4442
f 4492/4492 4494/4494 4495/4495
f 4494/4494 4492/4492 4478/4478
f 4496/4496 4497/4497 4498/4498
f 4497/4497 4496/4496 4499/4499
f 4500/4500 4501/4501 4502/4502
f 4501/4501 4500/4500 4503/4503
f 4504/4504 4505/4505 4506/4506
f 4505/4505 4504/4504 4507/4507
f 4508/4508 4509/4509 4510/4510
f 4509/4509 4508/4508 4490/4490
f 4511/4511 4512/4512 4513/4513
f 4512/4512 4511/4511 4514/4514
f 4514/4514 4511/4511 4515/4515
f 4515/4515 4511/4511 4516/4516
f 4516/4516 4511/4511 4517/4517
f 4517/4517 4511/4511 4518/4518
f 4519/4519 4520/4520 4521/4521
f 4520/4520 4519/4519 4493/4493
f 4522/4522 4523/4523 4524/4524
f 4523/4523 4522/4522 4525/4525
f 4525/4525 4522/4522 4526/4526
f 4525/4525 4526/4526 4527/4527
f 4525/4525 4527/4527 4528/4528
f 4525/4525 4528/4528 4529/4529
f 4530/4530 4531/4531 4532/4532
f 4531/4531 4530/4530 4533/4533
f 4534/4534 4535/4535 4536/4536
f 4537/4537 4538/4538 4539/4539
f 4540/4540 4541/4541 4542/4542
f 4543/4543 4544/4544 4545/4545
f 4546/4546 4547/4547 4548/4548
f 4549/4549 4550/4550 4551/4551
f 4552/4552 4553/4553 4554/4554
f 4553/4553 4552/4552 4555/4555
f 4556/4556 4557/4557 4558/4558
f 4557/4557 4556/4556 4559/4559
f 4560/4560 4561/4561 4562/4562
f 4563/4563 4564/4564 4565/4565
f 4566/4566 4567/4567 4568/4568
f 4569/4569 4570/4570 4571/4571
f 4572/4572 4573/4573 4574/4574
f 4575/4575 4576/4576 4577/4577
f 4578/4578 4579/4579 4580/4580
f 4581/4581 4582/4582 4583/4583
f 4584/4584 4585/4585 4586/4586
f 4585/4585 4584/4584 4587/4587
f 4588/4588 4589/4589 4590/4590
f 4589/4589 4588/4588 4591/4591
f 4589/4589 4591/4591 4592/4592
f 4592/4592 4591/4591 4593/4593
f 4592/4592 4593/4593 4594/4594
f 4594/4594 4593/4593 4595/4595
f 4596/4596 4597/4597 4598/4598
f 4597/4597 4596/4596 4599/4599
f 4600/4600 4601/4601 4602/4602
f 4601/4601 4600/4600 4603/4603
f 4604/4604 4605/4605 4606/4606
f 4605/4605 4604/4604 4607/4607
f 4608/4608 4609/4609 4610/4610
f 4609/4609 4608/4608 4611/4611
f 4612/4612 4613/4613 4614/4614
f 4613/4613 4612/4612 4615/4615
f 4616/4616 4617/4617 4618/4618
f 4617/4617 4616/4616 4619/4619
f 4620/4620 4621/4621 4622/4622
f 4621/4621 4620/4620 4623/4623
f 4624/4624 4625/4625 4626/4626
f 4625/4625 4624/4624 4627/4627
f 4628/4628 4629/4629 4630/4630
f 4629/4629 4628/4628 4631/4631
f 4632/4632 4633/4633 4634/4634
f 4633/4633 4632/4632 4635/4635
f 4636/4636 4637/4637 4638/4638
f 4637/4637 4636/4636 4639/4639
f 4640/4640 4641/4641 4642/4642
f 4641/4641 4640/4640 4643/4643
f 4644/4644 4645/4645 4646/4646
f 4645/4645 4644/4644 4647/4647
f 4648/4648 4649/4649 4650/4650
f 4649/4649 4648/4648 4651/4651
f 4652/4652 4653/4653 4654/4654
f 4653/4653 4652/4652 4655/4655
f 4656/4656 4657/4657 4658/4658
f 4657/4657 4656/4656 4659/4659
f 4660/4660 4661/4661 4662/4662
f 4661/4661 4660/4660 4663/4663
f 4664/4664 4665/4665 4666/4666
f 4665/4665 4664/4664 4667/4667
f 4668/4668 4669/4669 4670/4670
f 4669/4669 4668/4668 4671/4671
f 4672/4672 4673/4673 4674/4674
f 4673/4673 4672/4672 4675/4675
f 4676/4676 4677/4677 4678/4678
f 4677/4677 4676/4676 4679/4679
f 4680/4680 4681/4681 4682/4682
f 4681/4681 4680/4680 4683/4683
f 4684/4684 4685/4685 4686/4686
f 4685/4685 4684/4684 4687/4687
f 4688/4688 4689/4689 4690/4690
f 4689/4689 4688/4688 4691/4691
f 4692/4692 4693/4693 4694/4694
f 4693/4693 4692/4692 4695/4695
f 4693/4693 4695/4695 4696/4696
f 4696/4696 4695/4695 4697/4697
f 4696/4696 4697/4697 4698/4698
f 4698/4698 4697/4697 4699/4699
f 4700/4700 4701/4701 4702/4702
f 4701/4701 4700/4700 4703/4703
f 4701/4701 4703/4703 4704/4704
f 4704/4704 4703/4703 4705/4705
f 4704/4704 4705/4705 4706/4706
f 4706/4706 4705/4705 4707/4707
f 4708/4708 4709/4709 4710/4710
f 4709/4709 4708/4708 4711/4711
f 4712/4712 4713/4713 4714/4714
f 4713/4713 4712/4712 4715/4715
f 4716/4716 4717/4717 4718/4718
f 4717/4717 4716/4716 4719/4719
f 4720/4720 4721/4721 4722/4722
f 4721/4721 4720/4720 4723/4723
f 4724/4724 4725/4725 4726/4726
f 4725/4725 4724/4724 4727/4727
f 4728/4728 4729/4729 4730/4730
f 4729/4729 4728/4728 4731/4731
f 4732/4732 4733/4733 4734/4734
f 4733/4733 4732/4732 4735/4735
f 4736/4736 4737/4737 4738/4738
f 4737/4737 4736/4736 4739/4739
f 4740/4740 4741/4741 4742/4742
f 4743/4743 4744/4744 4745/4745
f 4744/4744 4743/4743 4746/4746
f 4747/4747 4748/4748 4749/4749
f 4748/4748 4747/4747 4750/4750
f 4751/4751 4752/4752 4753/4753
f 4754/4754 4755/4755 4756/4756
f 4755/4755 4754/4754 4757/4757
f 4758/4758 4759/4759 4760/4760
f 4759/4759 4758/4758 4761/4761
f 4762/4762 4763/4763 4764/4764
f 4763/4763 4762/4762 4765/4765
f 4766/4766 4767/4767 4768/4768
f 4767/4767 4766/4766 4769/4769
f 4770/4770 4771/4771 4772/4772
f 4773/4773 4774/4774 4775/4775
f 4774/4774 4773/4773 4776/4776
f 4777/4777 4778/4778 4779/4779
f 4778/4778 4777/4777 4780/4780
f 4781/4781 4782/4782 4783/4783
f 4784/4784 4785/4785 4786/4786
f 4785/4785 4784/4784 4787/4787
f 4788/4788 4789/4789 4790/4790
f 4789/4789 4788/4788 4791/4791
f 4792/4792 4793/4793 4794/4794
f 4793/4793 4792/4792 4795/4795
f 4796/4796 4797/4797 4798/4798
f 4797/4797 4796/4796 4799/4799
f 4800/4800 4801/4801 4802/4802
f 4801/4801 4800/4800 4803/4803
f 4804/4804 4805/4805 4806/4806
f 4805/4805 4804/4804 4807/4807
f 4805/4805 4807/4807 4808/4808
f 4808/4808 4807/4807 4809/4809
f 4808/4808 4809/4809 4810/4810
f 4810/4810 4809/4809 4811/4811
f 4812/4812 4813/4813 4814/4814
f 4813/4813 4812/4812 4815/4815
f 4816/4816 4817/4817 4818/4818
f 4820/4820 4821/4821 4822/4822
f 4821/4821 4820/4820 4823/4823
f 4819/4819 4817/4817 4824/4824
f 4825/4825 4826/4826 4827/4827
f 4828/4828 4829/4829 4830/4830
f 4831/4831 4832/4832 4833/4833
f 4834/4834 4835/4835 4836/4836
f 4835/4835 4834/4834 4837/4837
f 4838/4838 4839/4839 4840/4840
f 4841/4841 4842/4842 4843/4843
f 4844/4844 4845/4845 4846/4846
f 4845/4845 4844/4844 4847/4847
f 4848/4848 4849/4849 4850/4850
f 4851/4851 4852/4852 4853/4853
f 4854/4854 4855/4855 4856/4856
f 4857/4857 4858/4858 4859/4859
f 4860/4860 4861/4861 4862/4862
f 4863/4863 4864/4864 4865/4865
f 4866/4866 4867/4867 4868/4868
f 4867/4867 4866/4866 4869/4869
f 4870/4870 4871/4871 4872/4872
f 4873/4873 4874/4874 4875/4875
f 4874/4874 4873/4873 4876/4876
f 4877/4877 4878/4878 4879/4879
f 4878/4878 4877/4877 4880/4880
f 4881/4881 4882/4882 4883/4883
f 4882/4882 4881/4881 4884/4884
f 4882/4882 4884/4884 4885/4885
f 4885/4885 4884/4884 4886/4886
f 4885/4885 4886/4886 4887/4887
f 4885/4885 4887/4887 4888/4888
f 4888/4888 4887/4887 4889/4889
f 4888/4888 4889/4889 4890/4890
f 4890/4890 4889/4889 4891/4891
f 4890/4890 4891/4891 4892/4892
f 4874/4874 4893/4893 4875/4875
f 4893/4893 4874/4874 4894/4894
f 4895/4895 4896/4896 4897/4897
f 4896/4896 4895/4895 4898/4898
f 4898/4898 4895/4895 4899/4899
f 4898/4898 4899/4899 4900/4900
f 4900/4900 4899/4899 4901/4901
f 4900/4900 4901/4901 4902/4902
f 4902/4902 4901/4901 4903/4903
f 4902/4902 4903/4903 4904/4904
f 4904/4904 4903/4903 4905/4905
f 4905/4905 4903/4903 4906/4906
f 4907/4907 4908/4908 4909/4909
f 4908/4908 4907/4907 4910/4910
f 4911/4911 4912/4912 4913/4913
f 4912/4912 4911/4911 4914/4914
f 4915/4915 4916/4916 4917/4917
f 4916/4916 4915/4915 4918/4918
f 4919/4919 4920/4920 4921/4921
f 4920/4920 4919/4919 4922/4922
f 4894/4894 4923/4923 4893/4893
f 4923/4923 4894/4894 4924/4924
f 4925/4925 4927/4927 4928/4928
f 4927/4927 4925/4925 4930/4930
f 4931/4931 4929/4929 4932/4932
f 4929/4929 4931/4931 4926/4926
f 4933/4933 4932/4932 4934/4934
f 4932/4932 4933/4933 4931/4931
f 4913/4913 4933/4933 4934/4934
f 4933/4933 4913/4913 4912/4912
f 4935/4935 4936/4936 4937/4937
f 4936/4936 4935/4935 4938/4938
f 4939/4939 4940/4940 4941/4941
f 4942/4942 4943/4943 4944/4944
f 4945/4945 4946/4946 4947/4947
f 4948/4948 4949/4949 4950/4950
f 4951/4951 4952/4952 4953/4953
f 4954/4954 4955/4955 4956/4956
f 4957/4957 4958/4958 4959/4959
f 4958/4958 4957/4957 4960/4960
f 4961/4961 4962/4962 4963/4963
f 4962/4962 4961/4961 4964/4964
f 4965/4965 4966/4966 4967/4967
f 4968/4968 4969/4969 4970/4970
f 4971/4971 4972/4972 4973/4973
f 4974/4974 4975/4975 4976/4976
f 4977/4977 4978/4978 4979/4979
f 4980/4980 4981/4981 4982/4982
f 4983/4983 4984/4984 4985/4985
f 4986/4986 4987/4987 4988/4988
f 4989/4989 4990/4990 4991/4991
f 4990/4990 4989/4989 4992/4992
f 4993/4993 4994/4994 4995/4995
f 4994/4994 4993/4993 4996/4996
f 4994/4994 4996/4996 4997/4997
f 4997/4997 4996/4996 4998/4998
f 4997/4997 4998/4998 4999/4999
f 4999/4999 4998/4998 5000/5000
f 5001/5001 5002/5002 5003/5003
f 5002/5002 5001/5001 5004/5004
f 5005/5005 5006/5006 5007/5007
f 5006/5006 5005/5005 5008/5008
f 5009/5009 5010/5010 5011/5011
f 5010/5010 5009/5009 5012/5012
f 5013/5013 5014/5014 5015/5015
f 5014/5014 5013/5013 5016/5016
f 5017/5017 5018/5018 5019/5019
f 5018/5018 5017/5017 5020/5020
f 5021/5021 5022/5022 5023/5023
f 5022/5022 5021/5021 5024/5024
f 5025/5025 5026/5026 5027/5027
f 5026/5026 5025/5025 5028/5028
f 5029/5029 5030/5030 5031/5031
f 5030/5030 5029/5029 5032/5032
f 5033/5033 5034/5034 5035/5035
f 5034/5034 5033/5033 5036/5036
f 5037/5037 5038/5038 5039/5039
f 5038/5038 5037/5037 5040/5040
f 5041/5041 5042/5042 5043/5043
f 5042/5042 5041/5041 5044/5044
f 5045/5045 5046/5046 5047/5047
f 5046/5046 5045/5045 5048/5048
f 5049/5049 5050/5050 5051/5051
f 5050/5050 5049/5049 5052/5052
f 5053/5053 5054/5054 5055/5055
f 5054/5054 5053/5053 5056/5056
f 5057/5057 5058/5058 5059/5059
f 5058/5058 5057/5057 5060/5060
f 5061/5061 5062/5062 5063/5063
f 5062/5062 5061/5061 5064/5064
f 5065/5065 5066/5066 5067/5067
f 5066/5066 5065/5065 5068/5068
f 5069/5069 5070/5070 5071/5071
f 5070/5070 5069/5069 5072/5072
f 5073/5073 5074/5074 5075/5075
f 5074/5074 5073/5073 5076/5076
f 5077/5077 5078/5078 5079/5079
f 5078/5078 5077/5077 5080/5080
f 5081/5081 5082/5082 5083/5083
f 5082/5082 5081/5081 5084/5084
f 5085/5085 5086/5086 5087/5087
f 5086/5086 5085/5085 5088/5088
f 5089/5089 5090/5090 5091/5091
f 5090/5090 5089/5089 5092/5092
f 5093/5093 5094/5094 5095/5095
f 5094/5094 5093/5093 5096/5096
f 5097/5097 5098/5098 5099/5099
f 5098/5098 5097/5097 5100/5100
f 5098/5098 5100/5100 5101/5101
f 5101/5101 5100/5100 5102/5102
f 5101/5101 5102/5102 5103/5103
f 5103/5103 5102/5102 5104/5104
f 5105/5105 5106/5106 5107/5107
f 5106/5106 5105/5105 5108/5108
f 5109/5109 5110/5110 5111/5111
f 5112/5112 5113/5113 5114/5114
f 5115/5115 5116/5116 5117/5117
f 5118/5118 5119/5119 5120/5120
f 5121/5121 5122/5122 5123/5123
f 5124/5124 5125/5125 5126/5126
f 5127/5127 5128/5128 5129/5129
f 5128/5128 5127/5127 5130/5130
f 5131/5131 5132/5132 5133/5133
f 5132/5132 5131/5131 5134/5134
f 5135/5135 5136/5136 5137/5137
f 5138/5138 5139/5139 5140/5140
f 5141/5141 5142/5142 5143/5143
f 5144/5144 5145/5145 5146/5146
f 5147/5147 5148/5148 5149/5149
f 5150/5150 5151/5151 5152/5152
f 5153/5153 5154/5154 5155/5155
f 5156/5156 5157/5157 5158/5158
f 5159/5159 5160/5160 5161/5161
f 5160/5160 5159/5159 5162/5162
f 5163/5163 5164/5164 5165/5165
f 5164/5164 5163/5163 5166/5166
f 5167/5167 5168/5168 5169/5169
f 5170/5170 5171/5171 5172/5172
f 5173/5173 5174/5174 5175/5175
f 5176/5176 5177/5177 5178/5178
f 5179/5179 5180/5180 5181/5181
f 5182/5182 5183/5183 5184/5184
f 5185/5185 5186/5186 5187/5187
f 5186/5186 5185/5185 5188/5188
f 5189/5189 5190/5190 5191/5191
f 5190/5190 5189/5189 5192/5192
f 5193/5193 5194/5194 5195/5195
f 5196/5196 5197/5197 5198/5198
f 5199/5199 5200/5200 5201/5201
f 5202/5202 5203/5203 5204/5204
f 5205/5205 5206/5206 5207/5207
f 5208/5208 5209/5209 5210/5210
f 5211/5211 5212/5212 5213/5213
f 5214/5214 5215/5215 5216/5216
f 5217/5217 5218/5218 5219/5219
f 5218/5218 5217/5217 5220/5220
f 5221/5221 5222/5222 5223/5223
f 5222/5222 5221/5221 5224/5224
f 5222/5222 5224/5224 5225/5225
f 5225/5225 5224/5224 5226/5226
f 5225/5225 5226/5226 5227/5227
f 5227/5227 5226/5226 5228/5228
f 5229/5229 5230/5230 5231/5231
f 5230/5230 5229/5229 5232/5232
f 5233/5233 5234/5234 5235/5235
f 5234/5234 5233/5233 5236/5236
f 5237/5237 5238/5238 5239/5239
f 5238/5238 5237/5237 5240/5240
f 5241/5241 5242/5242 5243/5243
f 5242/5242 5241/5241 5244/5244
f 5245/5245 5246/5246 5247/5247
f 5246/5246 5245/5245 5248/5248
f 5249/5249 5250/5250 5251/5251
f 5250/5250 5249/5249 5252/5252
f 5253/5253 5254/5254 5255/5255
f 5254/5254 5253/5253 5256/5256
f 5257/5257 5258/5258 5259/5259
f 5258/5258 5257/5257 5260/5260
f 5261/5261 5262/5262 5263/5263
f 5262/5262 5261/5261 5264/5264
f 5265/5265 5266/5266 5267/5267
f 5266/5266 5265/5265 5268/5268
f 5269/5269 5270/5270 5271/5271
f 5270/5270 5269/5269 5272/5272
f 5273/5273 5274/5274 5275/5275
f 5274/5274 5273/5273 5276/5276
f 5277/5277 5278/5278 5279/5279
f 5278/5278 5277/5277 5280/5280
f 5281/5281 5282/5282 5283/5283
f 5282/5282 5281/5281 5284/5284
f 5285/5285 5286/5286 5287/5287
f 5286/5286 5285/5285 5288/5288
f 5289/5289 5290/5290 5291/5291
f 5290/5290 5289/5289 5292/5292
f 5293/5293 5294/5294 5295/5295
f 5294/5294 5293/5293 5296/5296
f 5297/5297 5298/5298 5299/5299
f 5298/5298 5297/5297 5300/5300
f 5301/5301 5302/5302 5303/5303
f 5302/5302 5301/5301 5304/5304
f 5305/5305 5306/5306 5307/5307
f 5306/5306 5305/5305 5308/5308
f 5309/5309 5310/5310 5311/5311
f 5310/5310 5309/5309 5312/5312
f 5313/5313 5314/5314 5315/5315
f 5314/5314 5313/5313 5316/5316
f 5317/5317 5318/5318 5319/5319
f 5318/5318 5317/5317 5320/5320
f 5321/5321 5322/5322 5323/5323
f 5322/5322 5321/5321 5324/5324
f 5325/5325 5326/5326 5327/5327
f 5326/5326 5325/5325 5328/5328
f 5326/5326 5328/5328 5329/5329
f 5329/5329 5328/5328 5330/5330
f 5329/5329 5330/5330 5331/5331
f 5331/5331 5330/5330 5332/5332
f 5333/5333 5334/5334 5335/5335
f 5334/5334 5333/5333 5336/5336
f 5337/5337 5338/5338 5339/5339
f 5340/5340 5341/5341 5342/5342
f 5343/5343 5344/5344 5345/5345
f 5346/5346 5347/5347 5348/5348
f 5349/5349 5350/5350 5351/5351
f 5352/5352 5353/5353 5354/5354
f 5355/5355 5356/5356 5357/5357
f 5356/5356 5355/5355 5358/5358
f 5359/5359 5360/5360 5361/5361
f 5360/5360 5359/5359 5362/5362
f 5363/5363 5364/5364 5365/5365
f 5366/5366 5367/5367 5368/5368
f 5369/5369 5370/5370 5371/5371
f 5372/5372 5373/5373 5374/5374
f 5375/5375 5376/5376 5377/5377
f 5378/5378 5379/5379 5380/5380
f 5381/5381 5382/5382 5383/5383
f 5384/5384 5385/5385 5386/5386
f 5387/5387 5388/5388 5389/5389
f 5388/5388 5387/5387 5390/5390
f 5391/5391 5392/5392 5393/5393
f 5394/5394 5395/5395 5397/5397
f 5395/5395 5394/5394 5399/5399
f 5400/5400 5401/5401 5402/5402
f 5401/5401 5400/5400 5403/5403
f 5403/5403 5400/5400 5404/5404
f 5404/5404 5400/5400 5405/5405
f 5404/5404 5405/5405 5406/5406
f 5406/5406 5405/5405 5407/5407
f 5406/5406 5407/5407 5408/5408
f 5408/5408 5407/5407 5409/5409
f 5401/5401 5410/5410 5411/5411
f 5410/5410 5401/5401 5403/5403
f 5411/5411 5410/5410 5412/5412
f 5411/5411 5412/5412 5413/5413
f 5411/5411 5413/5413 5414/5414
f 5414/5414 5413/5413 5409/5409
f 5414/5414 5409/5409 5407/5407
f 5414/5414 5407/5407 5415/5415
f 5416/5416 5417/5417 5418/5418
f 5398/5398 5419/5419 5420/5420
f 5419/5419 5398/5398 5396/5396
f 5421/5421 5422/5422 5424/5424
f 5422/5422 5421/5421 5426/5426
f 5427/5427 5429/5429 5430/5430
f 5429/5429 5427/5427 5432/5432
f 5433/5433 5435/5435 5436/5436
f 5435/5435 5433/5433 5438/5438
f 5439/5439 5440/5440 5441/5441
f 5442/5442 5443/5443 5445/5445
f 5443/5443 5442/5442 5446/5446
f 5448/5448 5450/5450 5451/5451
f 5450/5450 5448/5448 5452/5452
f 5416/5416 5454/5454 5417/5417
f 5454/5454 5416/5416 5455/5455
f 5456/5456 5457/5457 5458/5458
f 5457/5457 5456/5456 5459/5459
f 5459/5459 5456/5456 5460/5460
f 5460/5460 5456/5456 5461/5461
f 5460/5460 5461/5461 5462/5462
f 5462/5462 5461/5461 5463/5463
f 5462/5462 5463/5463 5464/5464
f 5464/5464 5463/5463 5465/5465
f 5457/5457 5466/5466 5467/5467
f 5466/5466 5457/5457 5459/5459
f 5467/5467 5466/5466 5468/5468
f 5467/5467 5468/5468 5469/5469
f 5467/5467 5469/5469 5470/5470
f 5470/5470 5469/5469 5465/5465
f 5470/5470 5465/5465 5463/5463
f 5470/5470 5463/5463 5471/5471
f 5425/5425 5472/5472 5473/5473
f 5472/5472 5425/5425 5423/5423
f 5474/5474 5431/5431 5475/5475
f 5431/5431 5474/5474 5428/5428
f 5476/5476 5437/5437 5477/5477
f 5437/5437 5476/5476 5434/5434
f 5478/5478 5479/5479 5480/5480
f 5447/5447 5481/5481 5444/5444
f 5481/5481 5447/5447 5482/5482
f 5483/5483 5453/5453 5449/5449
f 5453/5453 5483/5483 5484/5484
f 5485/5485 5478/5478 5480/5480
f 5478/5478 5485/5485 5486/5486
f 5487/5487 5488/5488 5489/5489
f 5488/5488 5487/5487 5490/5490
f 5488/5488 5490/5490 5491/5491
f 5491/5491 5490/5490 5492/5492
f 5491/5491 5492/5492 5493/5493
f 5493/5493 5492/5492 5494/5494
f 5495/5495 5496/5496 5497/5497
f 5496/5496 5495/5495 5498/5498
f 5499/5499 5500/5500 5501/5501
f 5500/5500 5499/5499 5502/5502
f 5503/5503 5504/5504 5505/5505
f 5504/5504 5503/5503 5506/5506
f 5507/5507 5508/5508 5509/5509
f 5508/5508 5507/5507 5510/5510
f 5511/5511 5512/5512 5513/5513
f 5512/5512 5511/5511 5514/5514
f 5515/5515 5516/5516 5517/5517
f 5516/5516 5515/5515 5518/5518
f 5519/5519 5520/5520 5521/5521
f 5520/5520 5519/5519 5522/5522
f 5523/5523 5524/5524 5525/5525
f 5524/5524 5523/5523 5526/5526
f 5527/5527 5528/5528 5529/5529
f 5530/5530 5531/5531 5532/5532
f 5533/5533 5534/5534 5535/5535
f 5536/5536 5537/5537 5538/5538
f 5537/5537 5536/5536 5539/5539
f 5540/5540 5541/5541 5542/5542
f 5541/5541 5540/5540 5543/5543
f 5544/5544 5545/5545 5546/5546
f 5545/5545 5544/5544 5547/5547
f 5548/5548 5549/5549 5550/5550
f 5549/5549 5548/5548 5551/5551
f 5552/5552 5553/5553 5554/5554
f 5555/5555 5556/5556 5557/5557
f 5558/5558 5559/5559 5560/5560
f 5561/5561 5562/5562 5563/5563
f 5564/5564 5565/5565 5566/5566
f 5567/5567 5568/5568 5569/5569
f 5568/5568 5567/5567 5570/5570
f 5571/5571 5572/5572 5573/5573
f 5572/5572 5571/5571 5574/5574
f 5575/5575 5576/5576 5577/5577
f 5576/5576 5575/5575 5578/5578
f 5579/5579 5580/5580 5581/5581
f 5580/5580 5579/5579 5582/5582
f 5583/5583 5584/5584 5585/5585
f 5584/5584 5583/5583 5586/5586
f 5587/5587 5588/5588 5589/5589
f 5588/5588 5587/5587 5590/5590
f 5591/5591 5592/5592 5593/5593
f 5592/5592 5591/5591 5594/5594
f 5595/5595 5596/5596 5597/5597
f 5596/5596 5595/5595 5598/5598
f 5599/5599 5600/5600 5601/5601
f 5600/5600 5599/5599 5602/5602
f 5600/5600 5602/5602 5603/5603
f 5603/5603 5602/5602 5604/5604
f 5603/5603 5604/5604 5605/5605
f 5605/5605 5604/5604 5606/5606

