# https://github.com/mikedh/trimesh
v 2.65523809 -1.02646937 -1.28569928
v 3.45833116 -1.02652048 -1.62704914
v 2.65538732 -1.02633269 -1.62718406
v 3.45815761 -1.02653157 -1.28577516
v 2.65492771 -1.02648035 -1.28593818
v 2.65512943 -1.26745052 -1.62713503
v 2.65527430 -1.26724956 -1.28579675
v 2.65539523 -1.02653688 -1.62705042
v 3.45843229 -1.26736969 -1.28587463
v 2.65510543 -1.26743956 -1.62706709
v 3.45819001 -1.26740808 -1.62711514
v 2.65529066 -1.26735441 -1.28573546
v -0.93869853 -6.95930780 -0.77371119
v -0.93842658 -6.96948990 -1.45624593
v -0.93844527 -6.96923149 -0.77377699
v -0.93865548 -6.95910612 -1.45618940
v -0.93838755 -6.95912483 -0.77376522
v -0.48703535 -6.95929134 -1.45635452
v -0.93877889 -6.95924073 -1.45638322
v -0.48679417 -6.95944135 -0.77389428
v -0.48693760 -6.95943892 -1.45621738
v -0.93867853 -6.96928878 -1.45647041
v -0.93841518 -6.95912355 -1.45635745
v -0.48716139 -6.96932386 -1.45635108
v -0.48675518 -6.96940870 -0.77357973
v -0.93878295 -6.96941422 -1.45631924
v -0.48687611 -6.96907685 -1.45641379
v -0.93869591 -6.96937826 -0.77394867
v -0.48704414 -6.96925060 -0.77373688
v -0.93845177 -6.95938695 -0.77359656
v -0.93865212 -6.96913105 -0.77386529
v -0.48697547 -6.95925975 -0.77367985
v -0.48686193 -6.96940460 -1.45660753
v -0.48705982 -6.95922772 -0.77368514
v -0.48690313 -6.96946651 -0.77369991
v -0.48704448 -6.95938108 -1.45635901
v -1.73196222 -6.95924245 -0.77388415
v -0.94864095 -6.95930036 -1.45641207
v -1.73158933 -6.95938682 -1.45625770
v -0.94856283 -6.95918453 -0.77366296
v -0.94855504 -6.95918387 -1.45642809
v -1.73185794 -6.96934755 -1.45653512
v -1.73185743 -6.95925804 -1.45650967
v -0.94878521 -6.96946254 -1.45640367
v -0.94860936 -6.96916296 -0.77381224
v -1.73154530 -6.95911379 -0.77366482
v -1.73197680 -6.96917484 -0.77376747
v -0.94860112 -6.95924437 -0.77376201
v -0.94861433 -6.96937590 -1.45667850
v -0.94866858 -6.95939317 -0.77367368
v -0.94869136 -6.96931987 -0.77391808
v -0.94871945 -6.95929223 -1.45662578
v -0.94861670 -6.96934388 -0.77396065
v -1.73198098 -6.96926547 -1.45647535
v -0.94872191 -6.96936035 -1.45620761
v -1.73168355 -6.96931947 -0.77399882
v -1.46040416 -6.24645851 -1.62696065
v -1.46060676 -5.51362353 -1.28573418
v -1.46053513 -6.24659398 -1.28596713
v -1.46048249 -5.51398468 -1.62712605
v -3.04678127 -6.95942346 -0.77373283
v -3.04678074 -6.96938577 -1.45637183
v -3.04681573 -6.96915453 -0.77376597
v -3.04681544 -6.95953701 -1.45660329
v -3.04661773 -6.95929779 -0.77384634
v -2.59477480 -6.95945322 -1.45651184
v -3.04681522 -6.95921651 -1.45652170
v -2.59506060 -6.95949467 -0.77371811
v -2.59488082 -6.95935110 -1.45641698
v -3.04691908 -6.96939020 -1.45626315
v -3.04673818 -6.95899817 -1.45653736
v -2.59490942 -6.96935520 -1.45636600
v -2.59498382 -6.96940152 -0.77392036
v -3.04636707 -6.96934024 -1.45669307
v -2.59506505 -6.96924457 -1.45650099
v -3.04658307 -6.96920349 -0.77382978
v -2.59504271 -6.96945770 -0.77389913
v -3.04694194 -6.95913885 -0.77360902
v -3.04691446 -6.96948010 -0.77403446
v -2.59510498 -6.95968479 -0.77395515
v -2.59481866 -6.96937422 -1.45632943
v -2.59504484 -6.95906840 -0.77378525
v -2.59503129 -6.96900719 -0.77385158
v -2.59513757 -6.95926520 -1.45644258
v -2.24350997 -6.40728225 -0.77370849
v -2.24353702 -6.88910006 -1.45641699
v -2.24375023 -6.88871841 -0.77389966
v -2.24370240 -6.40729929 -1.45648219
v -2.24364576 -6.40706829 -0.77388772
v -2.23362948 -6.40734370 -1.45654314
v -2.24329600 -6.40703244 -1.45653732
v -2.23377533 -6.40728908 -0.77381315
v -2.23360156 -6.40725858 -1.45660129
v -2.24346488 -6.88895830 -1.45648510
v -2.24367297 -6.40723137 -1.45681019
v -2.23359131 -6.88915108 -1.45656465
v -2.23368704 -6.88892276 -0.77395873
v -2.24382667 -6.88893447 -1.45634213
v -2.23372740 -6.88894428 -1.45647460
v -2.24360686 -6.88917520 -0.77370500
v -2.23345357 -6.88893482 -0.77373977
v -2.24412277 -6.40713252 -0.77381363
v -2.24366364 -6.88909536 -0.77380347
v -2.23355376 -6.40719894 -0.77386908
v -2.23345021 -6.88915549 -1.45630720
v -2.23358356 -6.40726739 -0.77384713
v -2.23372247 -6.88893001 -0.77376642
v -2.23367647 -6.40730390 -1.45640014
v 3.45843912 -0.02260071 -1.28572726
v 2.29378294 -0.02257773 -1.62713164
v 3.45835511 -0.02277750 -1.62701316
v 2.29380145 -0.02254087 -1.28582334
v 1.93247954 -0.02272213 -1.14508787
v 1.01870271 -0.02271790 -1.26567318
v 1.93262423 -0.02255106 -1.26573443
v 1.01873797 -0.02261051 -1.14524099
v 1.01913256 -0.02250750 -1.14543213
v 0.84852085 0.14802111 -1.14534986
v 0.84845094 -0.02259259 -1.14528501
v 1.93246667 0.14817814 -1.14511267
v 1.93226480 -0.02233319 -1.14511856
v 1.01887043 -0.74547325 -1.26582590
v 1.01893408 -0.02266836 -1.14533534
v 1.01902120 -0.74532340 -1.14528852
v 1.01901145 -0.02241311 -1.26584164
v 1.01884205 -0.74525019 -1.14514750
v 0.84829287 -0.02243907 -1.14537629
v 0.84807683 -0.74547931 -1.14522303
v 1.01881764 -0.02264799 -1.14536196
v 0.84818558 0.14794388 -1.14519194
v 1.93253964 0.14801037 -1.26572928
v 0.84819057 0.14813849 -1.26569175
v 1.93264086 0.14793240 -1.14519257
v 0.84832039 0.14802549 -1.14516457
v 0.84808198 -0.02231795 -1.26587300
v 0.84838065 -0.02272828 -1.14509272
v 0.84821543 0.14809128 -1.26569627
v 1.01905786 -0.74541029 -1.14561434
v 0.84816790 -0.74534630 -1.26575897
v 1.01901595 -0.74524098 -1.26572190
v 0.84807550 -0.74519427 -1.14510139
v 0.84822627 -0.02231928 -1.14528266
v 0.84812015 -0.74538931 -1.26556668
v 0.84814543 -0.74512245 -1.14535209
v 0.84838503 -0.02251733 -1.26572254
v -0.47670642 -6.95948133 -0.77363855
v -0.47685133 -6.96939914 -1.45634278
v -0.47670903 -6.96923295 -0.77355725
v -0.47670639 -6.95912822 -1.45650604
v -0.40655633 -6.95921947 -1.45643991
v -0.47680506 -6.96927648 -1.45633074
v -0.47685613 -6.95933507 -1.45654257
v -0.40668276 -6.96918196 -1.45644837
v -0.40647016 -6.96949475 -0.77405595
v -0.47697613 -6.96918523 -1.45630240
v -0.40652777 -6.96943204 -1.45645423
v -0.47688097 -6.96937413 -0.77412787
v -0.40667848 -6.96935452 -0.77361843
v -0.47682290 -6.95911396 -0.77386034
v -0.47687526 -6.96982429 -0.77375180
v -0.40650054 -6.95906801 -0.77387213
v -0.47683134 -6.95938073 -0.77395945
v -0.40666014 -6.95933446 -1.45626600
v -0.47684298 -6.95939089 -1.45641970
v -0.40654227 -6.95937702 -0.77366569
v 2.65498301 -4.15853046 -1.28569662
v 3.45814836 -4.15845767 -1.62693169
v 2.65527962 -4.15871747 -1.62718766
v 3.45847394 -4.15846563 -1.28578210
v 2.65527804 -4.15841210 -1.28587057
v 2.65518539 -4.39943075 -1.62716436
v 2.65520527 -4.39928448 -1.28590350
v 2.65546617 -4.15826540 -1.62731243
v -3.05681229 -6.96928704 -1.45653403
v -3.05688829 -6.95932145 -0.77371687
v -3.05685919 -6.96909910 -0.77377376
v -3.05680742 -6.95910723 -1.45635835
v -3.05674766 -6.95933271 -1.45620793
v -3.12692599 -6.96935621 -1.45663741
v -3.12698158 -6.95943562 -1.45665498
v -3.05682979 -6.96929480 -1.45627524
v -3.12699304 -6.95918930 -0.77396574
v -3.05679729 -6.95927504 -1.45632846
v -3.12701411 -6.95918894 -1.45650152
v -3.05674910 -6.95923884 -0.77396876
v -3.05677220 -6.96937102 -0.77405163
v -3.12690743 -6.95933721 -0.77391843
v -3.12707659 -6.96931294 -0.77361951
v -3.05681545 -6.95923155 -0.77363652
v -3.05672686 -6.96919511 -0.77387083
v -3.12693116 -6.96933779 -1.45630159
v -3.05692153 -6.96942917 -1.45627698
v -3.12705364 -6.96937591 -0.77380066
v 2.05281551 3.51119316 -1.28593783
v 2.05288376 2.35661941 -1.62710759
v 2.05280122 2.35646549 -1.28572598
v 2.05277232 3.51110632 -1.62728720
v -0.45683054 -1.37780195 -1.28593905
v 1.97267291 -1.37780890 -1.62722619
v -0.45695262 -1.37800483 -1.62708851
v 1.97244382 -1.37797941 -1.28580975
v -0.45647182 -1.37777140 -1.28568385
v -0.45673331 -1.61863237 -1.62726511
v -0.45681478 -1.61869844 -1.28578274
v -0.45678457 -1.37789088 -1.62712770
v 1.97249228 -1.61903825 -1.62724629
v 1.97265057 -1.37760935 -1.28555078
v 1.97260259 -1.61861839 -1.28566548
v 1.97250266 -1.37802159 -1.62709106
v 1.97236715 -1.61877205 -1.28570345
v -0.45694010 -1.61872745 -1.62693797
v 1.97263612 -1.61866539 -1.62698018
v -0.45654078 -1.61871236 -1.28562476
v 1.04902752 1.48314380 -1.14519838
v 1.04895892 1.54337262 -1.62717149
v 1.04874494 1.38284040 -1.14539831
v 1.04902206 1.52355010 -1.14530423
v 1.04896700 1.62392495 -1.14516906
v 1.04915932 1.62370737 -1.62699974
v 1.04894874 1.54335959 -1.62701900
v 1.04895498 1.48331020 -1.62679162
v 1.04882210 1.38273177 -1.14509638
v 1.04901727 1.62389926 -1.14536617
v 1.29001023 1.62373330 -1.62707670
v 1.04907758 1.62359785 -1.62723051
v 1.29014547 1.62378935 -1.14522478
v 1.04902518 1.48325820 -1.62724091
v 1.04890912 1.46329944 -1.62707536
v 1.04914333 1.38275033 -1.14506389
v 1.29001199 1.38288810 -1.62702502
v 1.28986732 1.62351592 -1.14537437
v 1.29017476 1.38299176 -1.14528218
v 1.28993006 1.62388365 -1.62711581
v 1.04887110 1.46329451 -1.62703408
v 1.04871696 1.38278748 -1.62707632
v 1.04909659 1.38284630 -1.14531876
v 1.28995360 1.38286437 -1.14527219
v 1.04898854 1.38298572 -1.62721440
v 1.28992400 1.38256989 -1.62702600
v 1.04914054 1.38289650 -1.14512203
v 1.88229947 3.55122075 -0.34208733
v 1.88220980 3.51117497 -1.62713832
v 1.88205845 3.51113118 -0.34191296
v 1.88212205 3.55116450 -1.62718098
v 1.88219545 3.55118321 -0.34230462
v 2.29379540 3.55099171 -1.62716614
v 1.88209344 3.55104324 -1.62731199
v 2.29398499 3.55124184 -0.34239019
v 2.29375498 3.51093957 -1.28586713
v 2.05271959 3.51112002 -1.62714431
v 2.29388986 3.51109119 -1.62691998
v 1.88201380 3.51124466 -1.62693348
v 1.88231623 3.51132543 -0.34212139
v 2.29393460 3.51093004 -0.34200369
v 2.29385182 3.51096733 -1.28551152
v 2.29379196 3.55117849 -0.34217234
v 2.29373486 3.51109084 -0.34205383
v 2.29387545 3.51072551 -1.62696651
v 2.29378621 3.55102332 -1.62701777
v 2.29390185 2.35644337 -1.62678124
v 2.29367737 3.51080500 -1.28592580
v 2.29401051 2.35655320 -1.28582698
v 2.29382269 3.51094892 -1.62718159
v 1.88216244 2.35666513 -0.34201811
v 1.88211003 2.31645181 -1.62699454
v 1.88210665 2.31635786 -0.34227882
v 1.88208015 2.35658837 -1.62718759
v 1.88232358 2.35657174 -0.34209509
v 2.05286582 2.35649505 -1.62710585
v 1.88224302 2.35648608 -1.62704034
v 2.29392512 2.35659549 -1.62687736
v 2.29375048 2.35664140 -1.28583162
v 2.29386028 2.35647036 -0.34200612
v 2.29385286 2.31657250 -0.34230770
v 1.88218115 2.31630847 -1.62716173
v 2.29374285 2.31640624 -1.62709655
v 1.88223846 2.31635115 -0.34212361
v 1.03910748 1.52325220 -1.13519877
v 0.95867958 1.48327228 -1.13520697
v 0.95868698 1.52324095 -1.13519613
v 1.03887983 1.48327828 -1.13521195
v 0.95869401 1.52325360 -1.13509709
v 0.05529520 1.48332208 -1.13491679
v -0.00502862 1.48336537 -1.13521456
v 0.11549180 1.48325924 -1.13516537
v 0.17575964 1.48317447 -1.13519370
v 0.23597356 1.48343433 -1.13530556
v 0.29590651 1.48315166 -1.13518749
v 0.35639179 1.48322465 -1.13504908
v 0.41672273 1.48320673 -1.13525835
v 0.47678968 1.48316784 -1.13522745
v 0.53686382 1.48315458 -1.13525269
v 0.59727344 1.48318076 -1.13511377
v 0.65745949 1.48315742 -1.13513024
v 0.71773143 1.48324038 -1.13511411
v 0.77804905 1.48324465 -1.13522376
v 0.83831146 1.48323520 -1.13526282
v 0.89844037 1.48305869 -1.13532066
v 0.95845050 1.48312686 -1.13502974
v -1.35028776 1.52346621 -1.12515987
v 0.05511880 1.52353596 -1.13512514
v -0.00524383 1.52349836 -1.13533500
v 0.11541936 1.52345108 -1.13523685
v 0.17581798 1.52346288 -1.13539859
v 0.23584593 1.52340219 -1.13527170
v 0.29610786 1.52346776 -1.13515876
v 0.35625304 1.52338858 -1.13527642
v 0.41644522 1.52322335 -1.13516254
v 0.47682994 1.52336716 -1.13534404
v 0.53703969 1.52323512 -1.13531620
v 0.59727645 1.52319127 -1.13511412
v 0.65784181 1.52342458 -1.13533096
v 0.71772689 1.52316948 -1.13524670
v 0.77805986 1.52344111 -1.13532955
v 0.83826298 1.52351293 -1.13497660
v 0.89837072 1.52325702 -1.13519199
v 0.95831813 1.52329922 -1.13523320
v 1.03893841 1.52316588 -1.13522998
v 1.03889823 1.52346240 -1.12527576
v 1.03896082 1.48318346 -1.12508755
v 0.95836653 1.48316983 -1.13510268
v 1.03895078 1.48301958 -1.13515752
v 0.89850211 1.48317871 -1.13534576
v 0.83813129 1.48317323 -1.13530976
v 0.77775242 1.48311554 -1.13520670
v 0.71769701 1.48320340 -1.13518828
v 0.65764040 1.48349207 -1.13510620
v 0.59711951 1.48287647 -1.13521084
v 0.53707203 1.48306582 -1.13516443
v 0.47673637 1.48326396 -1.13524011
v 0.41664946 1.48299220 -1.13525441
v 0.35635081 1.48303251 -1.13496049
v 0.29606677 1.48338900 -1.13528302
v 0.23587664 1.48336290 -1.13516040
v 0.17570059 1.48324665 -1.13537190
v 0.11539256 1.48309184 -1.13517388
v 0.05513862 1.48320739 -1.13520867
v -0.00502658 1.48320857 -1.13528150
v -0.06538983 1.48312883 -1.13506317
v -0.12543845 1.48328730 -1.13502411
v -0.18586959 1.48327755 -1.13533503
v -0.24599205 1.48327429 -1.13499443
v -0.30628314 1.48320096 -1.13505245
v -0.36660225 1.48325883 -1.13523792
v -0.42675961 1.48323154 -1.13512353
v -0.48699784 1.48326109 -1.13517692
v -0.54726421 1.48340970 -1.13506085
v -0.60745022 1.48313867 -1.13510126
v -0.66763355 1.48297997 -1.13506604
v -0.72780406 1.48345449 -1.13515361
v -0.78801536 1.48357701 -1.13522065
v -0.84838959 1.48324199 -1.13505504
v -0.90865098 1.48309794 -1.13514192
v -0.96913784 1.48307458 -1.13509813
v -1.02903183 1.48300698 -1.13495501
v -1.08937542 1.48314668 -1.13524608
v -1.14942062 1.48316617 -1.13520913
v -1.20965825 1.48320199 -1.13518707
v -1.27020607 1.48326883 -1.13537675
v -1.35049168 1.48338791 -1.13536169
v -1.35019451 1.48311512 -1.12524536
v 0.95875022 1.52323372 -1.13515168
v 0.95873718 1.48336044 -1.19547377
v 0.95882151 1.48343089 -1.13499793
v 0.95876319 1.52342336 -1.19507032
v 0.65780955 1.48311588 -1.13508191
v 0.59737360 1.52337562 -1.13517946
v 0.59735914 1.48333168 -1.13517117
v 0.65756989 1.52354278 -1.13515864
v 0.41666815 1.48333838 -1.13499203
v 0.35652503 1.52341424 -1.13517256
v 0.35621466 1.48324996 -1.13533023
v 0.41646943 1.52344886 -1.13521162
v 1.03905639 1.48313356 -1.12500731
v -1.35019908 1.52351689 -1.12507415
v -1.35019636 1.48315236 -1.12515544
v 1.03910145 1.52345483 -1.12531085
v 0.95881886 1.52333938 -1.13509563
v 1.04894731 1.52344725 -1.19553208
v 0.95870535 1.52332873 -1.19546736
v 1.03892483 1.52334702 -1.14545869
v 1.03910760 1.52348827 -1.13525496
v 1.04886090 1.52328457 -1.14511823
v 0.83830432 1.52332843 -1.13508524
v 0.89832757 1.52328888 -1.19537109
v 0.83821295 1.52329185 -1.19574935
v 0.89854448 1.52340747 -1.13541962
v 0.71783726 1.52336465 -1.13516357
v 0.77811531 1.52327277 -1.19534082
v 0.71784784 1.52346291 -1.19522401
v 0.77807903 1.52329535 -1.13497112
v 0.47669326 1.52330787 -1.13532103
v 0.53704997 1.52350353 -1.19526683
v 0.47689220 1.52328929 -1.19550131
v 0.53698660 1.52348714 -1.13531369
v 0.35647912 1.52336234 -1.13517709
v 0.41679058 1.52330627 -1.19522074
v 0.35619113 1.52326202 -1.19563109
v 0.41650454 1.52344029 -1.13510545
v 0.35640848 1.52340030 -1.13534748
v 0.41643108 1.52340496 -1.19526050
v 0.35632351 1.52320581 -1.19562538
v 0.41651292 1.52356651 -1.13522519
v 0.23577431 1.52328928 -1.13526012
v 0.29616889 1.52328288 -1.19554390
v 0.23588195 1.52342583 -1.19534038
v 0.29620498 1.52330853 -1.13541356
v 0.11534076 1.52340245 -1.13536778
v 0.17570826 1.52329175 -1.19550492
v 0.11558368 1.52339417 -1.19525766
v 0.17555732 1.52350968 -1.13508375
v -0.00540128 1.52335529 -1.13500356
v 0.05530606 1.52331058 -1.19546068
v -0.00518700 1.52339260 -1.19565829
v 0.05507893 1.52350821 -1.13520148
v -1.35026331 1.52335306 -1.12481218
v -1.26977368 1.52326824 -1.13498779
v -1.35022853 1.52346015 -1.13527317
v -1.20978430 1.52346803 -1.13529626
v -1.14953010 1.52348018 -1.13534605
v -1.08937652 1.52343550 -1.13544709
v -1.02905272 1.52332016 -1.13536926
v -0.96887442 1.52345080 -1.13516184
v -0.90862319 1.52343353 -1.13500647
v -0.84843146 1.52337423 -1.13494854
v -0.78796215 1.52346948 -1.13522423
v -0.72790624 1.52351127 -1.13511609
v -0.66757733 1.52330754 -1.13542022
v -0.60732156 1.52327887 -1.13521558
v -0.54702196 1.52347032 -1.13510782
v -0.48659673 1.52351403 -1.13529337
v -0.42675158 1.52366132 -1.13528289
v -0.36641916 1.52358745 -1.13498164
v -0.30619100 1.52339711 -1.13540596
v -0.24606475 1.52332021 -1.13519960
v -0.18576116 1.52338576 -1.13492118
v -0.12542703 1.52340557 -1.13519865
v -0.06527812 1.52352262 -1.13532442
v -0.00503788 1.52322769 -1.13518784
v -0.54709186 1.52348305 -1.19527951
v -0.60725733 1.52357192 -1.19523002
v -0.66753086 1.52341375 -1.19567642
v -0.72776462 1.52336583 -1.19564504
v -0.78809418 1.52348773 -1.19558808
v -0.84810529 1.52342660 -1.19546012
v -1.26992281 1.52347158 -1.13538016
v -1.34995883 1.48310995 -1.13529580
v -1.35006268 1.52346653 -1.13503102
v -1.26977231 1.48326064 -1.13536053
v -1.20972541 1.52339160 -1.13520106
v -1.20992551 1.48334524 -1.13497964
v -1.14924573 1.52323756 -1.13514367
v -1.14970047 1.48342700 -1.13544456
v -1.08914479 1.52351371 -1.13503534
v -1.08915321 1.48303241 -1.13521169
v -1.02899150 1.52341312 -1.13507378
v -1.02887367 1.48348166 -1.13511516
v -0.96878215 1.52357290 -1.13523871
v -0.96869721 1.48323586 -1.13548931
v -0.90846836 1.52340313 -1.13522544
v -0.90852131 1.48305030 -1.13518844
v -0.84807870 1.52334402 -1.13526500
v -0.84834601 1.48346843 -1.13537052
v -0.00491496 1.48322708 -1.13495560
v -1.26973872 1.48320178 -1.13539410
v -1.36007529 1.48339762 -1.19557113
v -1.26981040 1.48311155 -1.19552950
v -1.35042110 1.48333112 -1.14520391
v -1.35015466 1.48339692 -1.13511420
v -1.36018231 1.48330786 -1.14537307
v -1.14943552 1.48306020 -1.13531285
v -1.20967716 1.48334745 -1.19517053
v -1.14956859 1.48323492 -1.19544017
v -1.20959875 1.48328673 -1.13515298
v -1.02908001 1.48326295 -1.13508587
v -1.08926180 1.48346350 -1.19546095
v -1.02903780 1.48325050 -1.19546382
v -1.08936993 1.48320965 -1.13499679
v -0.90824980 1.48314115 -1.13508423
v -0.96871613 1.48324892 -1.19527069
v -0.90839551 1.48323251 -1.19554882
v -0.96887526 1.48320486 -1.13515789
v -0.78797583 1.48331200 -1.13507482
v -0.84857339 1.48332738 -1.19556385
v -0.78789846 1.48325560 -1.19535134
v -0.84833755 1.48324876 -1.13543536
v -0.66743209 1.48317107 -1.13552678
v -0.72767074 1.48342533 -1.19554215
v -0.66741721 1.48311801 -1.19571824
v -0.72785050 1.48325427 -1.13518197
v -0.54709381 1.48325051 -1.13517145
v -0.60736867 1.48313680 -1.19546486
v -0.54715147 1.48317460 -1.19557088
v -0.60741003 1.48322338 -1.13515969
v -0.42665606 1.48318971 -1.13513119
v -0.48677917 1.48329910 -1.19565282
v -0.42670562 1.48330234 -1.19536592
v -0.48679623 1.48325278 -1.13530698
v -0.30602925 1.48304078 -1.13507404
v -0.36641565 1.48302646 -1.19548137
v -0.30603163 1.48313845 -1.19558451
v -0.36645015 1.48310936 -1.13535726
v -0.18566480 1.48331405 -1.13526875
v -0.24588339 1.48316395 -1.19544382
v -0.18570459 1.48340209 -1.19536691
v -0.24607624 1.48327830 -1.13522689
v -0.06531541 1.48310661 -1.13520221
v -0.12549346 1.48316203 -1.19560738
v -0.06547256 1.48322918 -1.19540863
v -0.12520935 1.48319034 -1.13506952
v 0.05535889 1.48320523 -1.13518915
v -0.00507641 1.48343779 -1.19562223
v 0.05520250 1.48338826 -1.19544483
v -0.00509428 1.48324246 -1.13513214
v 0.17574813 1.48324864 -1.13510388
v 0.11556166 1.48307278 -1.19547918
v 0.17578641 1.48327485 -1.19540148
v 0.11552706 1.48333355 -1.13530755
v 0.29597987 1.48306686 -1.13496348
v 0.23577222 1.48318326 -1.19545468
v 0.29626583 1.48299281 -1.19543617
v 0.23605956 1.48335417 -1.13514704
v 0.53702994 1.48343557 -1.13541063
v 0.47695773 1.48327733 -1.19535634
v 0.53709665 1.48323895 -1.19531331
v 0.47668747 1.48305509 -1.13517831
v 0.65753346 1.48323369 -1.13499746
v 0.59722400 1.48330812 -1.19538251
v 0.65782657 1.48303538 -1.19550034
v 0.59723951 1.48338022 -1.13530272
v 0.65773683 1.48341536 -1.13508925
v 0.59735276 1.48301588 -1.19540813
v 0.65734567 1.48316704 -1.19540547
v 0.59725825 1.48333338 -1.13521524
v 0.77779948 1.48307871 -1.13536022
v 0.71772116 1.48337097 -1.19536714
v 0.77803860 1.48305018 -1.19513115
v 0.71775765 1.48351906 -1.13530874
v 0.89838756 1.48354221 -1.13533502
v 0.83827813 1.48317013 -1.19553421
v 0.89873317 1.48308580 -1.19531754
v 0.83836496 1.48308483 -1.13543916
v 1.04881013 1.48311170 -1.14521005
v 0.95873145 1.48318902 -1.19544453
v 1.04915900 1.48331025 -1.19538323
v 1.03891844 1.48331144 -1.14521530
v 0.95859425 1.48313990 -1.13504327
v 1.03923029 1.48314588 -1.13546206
v 0.59737176 1.52325207 -1.13510611
v 0.59724975 1.48349534 -1.19541698
v 0.59741171 1.48305908 -1.13555593
v 0.59731450 1.52339965 -1.19533997
v 0.65745672 1.48304936 -1.19563389
v 0.65759691 1.52345643 -1.13530979
v 0.65745998 1.48312074 -1.13543890
v 0.65755207 1.52347362 -1.19545948
v 0.35618948 1.52334135 -1.13502608
v 0.35663938 1.48324705 -1.19553111
v 0.35611816 1.48301718 -1.13521014
v 0.35639822 1.52339897 -1.19546450
v 0.41640368 1.48301331 -1.19541254
v 0.41649469 1.52353172 -1.13538365
v 0.41681279 1.48312856 -1.13517061
v 0.41662738 1.52332290 -1.19568620
v -1.36031744 1.52355929 -1.19559340
v 1.04880235 1.52333875 -1.20552279
v -1.36042008 1.52327116 -1.20553149
v 1.04898336 1.52338709 -1.19534170
v 0.89850849 1.48325625 -1.19521841
v 0.89859819 1.52299757 -1.13524487
v 0.89825981 1.48312569 -1.13510123
v 0.89843399 1.52331222 -1.19526440
v 0.83803465 1.52335459 -1.13512938
v 0.83822815 1.48306564 -1.19543405
v 0.83832737 1.48325821 -1.13515864
v 0.83826404 1.52338359 -1.19558840
v 0.77795646 1.48326753 -1.19582564
v 0.77809150 1.52340920 -1.13533619
v 0.77790108 1.48318715 -1.13514652
v 0.77794824 1.52351427 -1.19537887
v 0.71766161 1.52330680 -1.13517006
v 0.71785348 1.48329909 -1.19544355
v 0.71778016 1.48320979 -1.13509478
v 0.71763633 1.52344282 -1.19566580
v 0.53712011 1.48324542 -1.19543124
v 0.53679290 1.52356489 -1.13508510
v 0.53706621 1.48327106 -1.13531785
v 0.53712787 1.52356405 -1.19558040
v 0.47717453 1.52331113 -1.13509409
v 0.47672887 1.48326241 -1.19559253
v 0.47675004 1.48318402 -1.13528194
v 0.47680292 1.52349007 -1.19559293
v 0.29598382 1.48321893 -1.19550265
v 0.29600813 1.52338319 -1.13527035
v 0.29617783 1.48320793 -1.13522436
v 0.29612661 1.52349606 -1.19526477
v 0.23588555 1.52323603 -1.13539028
v 0.23562289 1.48306404 -1.19553914
v 0.23589911 1.48297480 -1.13501781
v 0.23604046 1.52352417 -1.19549615
v 0.17570717 1.48309299 -1.19523492
v 0.17552264 1.52330142 -1.13501861
v 0.17599160 1.48320135 -1.13525134
v 0.17535875 1.52358309 -1.19539216
v 0.11520330 1.52347683 -1.13512113
v 0.11539701 1.48314232 -1.19533873
v 0.11547152 1.48327462 -1.13504355
v 0.11559301 1.52346279 -1.19535707
v 0.05504564 1.48307170 -1.19532753
v 0.05528949 1.52343210 -1.13509245
v 0.05513736 1.48328451 -1.13532412
v 0.05521542 1.52348417 -1.19551692
v -0.00477464 1.52351010 -1.13502511
v -0.00504871 1.48303706 -1.19551967
v -0.00495211 1.48317763 -1.13510752
v -0.00500292 1.52329178 -1.19531288
v -0.54693574 1.48312024 -1.19536636
v -0.54708710 1.52340204 -1.13521206
v -0.54726558 1.48339148 -1.13533105
v -0.54721720 1.52344959 -1.19540841
v -0.60744212 1.52328319 -1.13521898
v -0.60739654 1.48329485 -1.19557864
v -0.60729530 1.48340680 -1.13517338
v -0.60745381 1.52327490 -1.19542566
v -0.66764986 1.48336933 -1.19566427
v -0.66736323 1.52311001 -1.13520407
v -0.66770796 1.48331684 -1.13529691
v -0.66771430 1.52332341 -1.19548325
v -0.72805024 1.52342403 -1.13550190
v -0.72765620 1.48317117 -1.19531050
v -0.72788123 1.48311252 -1.13511634
v -0.72787916 1.52317047 -1.19544222
v -0.78821395 1.48321133 -1.19525656
v -0.78791763 1.52336670 -1.13521987
v -0.78807967 1.48313222 -1.13515391
v -0.78805955 1.52331813 -1.19539699
v -0.84852466 1.52361425 -1.13511907
v -0.84844556 1.48322754 -1.19557419
v -0.84833734 1.48309960 -1.13506060
v -0.84851230 1.52332159 -1.19564004
v -0.96873550 1.52332623 -1.13537704
v -0.90832108 1.52356448 -1.19550265
v -0.96866681 1.52334762 -1.19540036
v -0.90830938 1.52333245 -1.13497191
v -1.08923328 1.52335462 -1.13495960
v -1.02892266 1.52310913 -1.19540272
v -1.08935912 1.52315591 -1.19555058
v -1.02891622 1.52322547 -1.13537634
v -1.20971362 1.52341771 -1.13528707
v -1.14959661 1.52309131 -1.19552950
v -1.20955860 1.52349338 -1.19533117
v -1.14945335 1.52338285 -1.13503833
v -1.36036636 1.52341258 -1.14547519
v -1.26981837 1.52330935 -1.19557755
v -1.36015847 1.52322574 -1.19554103
v -1.35002265 1.52323399 -1.14532133
v -1.26999132 1.52346586 -1.13543139
v -1.35005893 1.52333565 -1.13523901
v -0.12559940 1.52334805 -1.13501266
v -0.06522939 1.52324837 -1.19547519
v -0.12541815 1.52337728 -1.19546378
v -0.06517978 1.52341220 -1.13533537
v -0.24619223 1.52342986 -1.13496364
v -0.18582416 1.52334861 -1.19525970
v -0.24572939 1.52337473 -1.19527292
v -0.18562515 1.52329608 -1.13545456
v -0.36652875 1.52341323 -1.13514578
v -0.30624769 1.52325785 -1.19563387
v -0.36662638 1.52335100 -1.19563063
v -0.30618600 1.52326541 -1.13525285
v -0.48661315 1.52337258 -1.13524239
v -0.42666990 1.52317984 -1.19526160
v -0.48677495 1.52329909 -1.19540216
v -0.42673300 1.52341666 -1.13536896
v 1.04906952 1.48340310 -1.19537467
v -1.36033108 1.48333325 -1.20522353
v 1.04912822 1.48322528 -1.20557216
v -1.36020118 1.48345642 -1.19568663
v -1.26978101 1.48323168 -1.19523953
v -1.26992099 1.52309244 -1.13494667
v -1.27005162 1.48331433 -1.13521504
v -1.26990980 1.52338390 -1.19550033
v -1.20964190 1.52340544 -1.13509736
v -1.20964969 1.48325333 -1.19526298
v -1.20977977 1.48322185 -1.13513830
v -1.20953439 1.52335842 -1.19541861
v -1.14947484 1.48337004 -1.19547187
v -1.14934436 1.52335357 -1.13519497
v -1.14958605 1.48322015 -1.13520263
v -1.14961905 1.52327270 -1.19548867
v -1.08939038 1.52321232 -1.13501276
v -1.08932722 1.48310447 -1.19560796
v -1.08904133 1.48332926 -1.13515858
v -1.08918611 1.52330418 -1.19546721
v -1.02904290 1.48329633 -1.19534353
v -1.02884194 1.52362596 -1.13510932
v -1.02887716 1.48334008 -1.13539417
v -1.02895692 1.52317492 -1.19523144
v -0.96879535 1.52359103 -1.13506444
v -0.96880285 1.48300276 -1.19557355
v -0.96860136 1.48317227 -1.13538648
v -0.96876137 1.52358085 -1.19522739
v -0.90856333 1.48325199 -1.19535359
v -0.90869075 1.52329898 -1.13525022
v -0.90845225 1.48314834 -1.13537585
v -0.90846236 1.52328516 -1.19558670
v -0.48703752 1.52333823 -1.13501511
v -0.48690443 1.48334888 -1.19571566
v -0.48698854 1.48305365 -1.13523365
v -0.48678478 1.52329726 -1.19558881
v -0.42652792 1.48311645 -1.19539668
v -0.42673217 1.52343196 -1.13524745
v -0.42654724 1.48329162 -1.13491756
v -0.42665810 1.52324295 -1.19557825
v -0.36648922 1.52341400 -1.13528928
v -0.36622120 1.48323834 -1.19555493
v -0.36647221 1.48313212 -1.13517630
v -0.36654343 1.52352883 -1.19547632
v -0.30621413 1.48332988 -1.19552599
v -0.30618426 1.52359345 -1.13514681
v -0.30614687 1.48315263 -1.13532480
v -0.30596260 1.52334619 -1.19519082
v -0.24603632 1.52352541 -1.13522488
v -0.24589692 1.48336706 -1.19537528
v -0.24584806 1.48301503 -1.13525723
v -0.24569075 1.52333745 -1.19539084
v -0.18574087 1.48313425 -1.19562041
v -0.18586481 1.52357956 -1.13520889
v -0.18587077 1.48309847 -1.13508826
v -0.18584017 1.52328727 -1.19557261
v -0.12564530 1.52357532 -1.13521672
v -0.12552656 1.48313680 -1.19534096
v -0.12547805 1.48324999 -1.13518155
v -0.12553109 1.52330557 -1.19565091
v -0.06531863 1.48348698 -1.19558817
v -0.06525579 1.52340899 -1.13504766
v -0.06491968 1.48316271 -1.13530996
v -0.06512208 1.52339345 -1.19517709
v 0.47692536 1.48312827 -1.19545610
v 0.41665270 1.52342988 -1.19557483
v 0.41635543 1.48300985 -1.19535303
v 0.47681409 1.52313409 -1.19550096
v 0.53681767 1.48317964 -1.19554079
v 0.53699232 1.52335579 -1.19540806
v 0.59730491 1.48337655 -1.19512711
v 0.59740526 1.52334245 -1.19533596
v 0.71766912 1.48310838 -1.19554153
v 0.65756388 1.52352332 -1.19514951
v 0.65769457 1.48330133 -1.19551837
v 0.71777094 1.52343530 -1.19544668
v 0.77823153 1.48310912 -1.19552164
v 0.77804374 1.52362063 -1.19566077
v 0.83811795 1.48337608 -1.19551718
v 0.83848588 1.52326243 -1.19529539
v 0.89844831 1.48327117 -1.19556239
v 0.89825605 1.52346469 -1.19549823
v 0.95857262 1.48307298 -1.19556354
v 0.95886035 1.52324962 -1.19549990
v 1.04928472 1.48315822 -1.19543191
v 1.04908221 1.52332898 -1.19551834
v -1.26974282 1.48325347 -1.19551092
v -1.36043179 1.52321985 -1.19556095
v -1.36052940 1.48336164 -1.19541826
v -1.26983682 1.52318677 -1.19549263
v -1.20969594 1.48322254 -1.19545732
v -1.20982319 1.52350475 -1.19534124
v -1.14942167 1.48334370 -1.19527819
v -1.14925462 1.52338712 -1.19547106
v -1.08925754 1.48332584 -1.19552003
v -1.08931247 1.52343668 -1.19536496
v -1.02887690 1.48310542 -1.19539311
v -1.02884160 1.52330570 -1.19546515
v -0.96877065 1.48340537 -1.19531711
v -0.96890269 1.52317387 -1.19534886
v -0.90853041 1.48328042 -1.19539754
v -0.90837556 1.52316058 -1.19550058
v -0.84823726 1.48324266 -1.19555127
v -0.84833581 1.52329228 -1.19542554
v -0.78795083 1.48317808 -1.19545058
v -0.78830477 1.52323208 -1.19519652
v -0.72802234 1.48338576 -1.19546892
v -0.72805381 1.52355108 -1.19526857
v -0.66763454 1.48332280 -1.19547627
v -0.66756435 1.52338753 -1.19546045
v -0.60727490 1.48326182 -1.19549742
v -0.60730382 1.52330054 -1.19541425
v -0.54716986 1.48322529 -1.19522848
v -0.54718975 1.52318117 -1.19522930
v -0.48684529 1.48313057 -1.19546281
v -0.48699805 1.52348525 -1.19534085
v -0.42656834 1.48324086 -1.19569083
v -0.42679828 1.52340249 -1.19576744
v -0.36642361 1.48308311 -1.19535099
v -0.36643847 1.52350058 -1.19538843
v -0.30616968 1.48308970 -1.19535170
v -0.30588275 1.52314985 -1.19556085
v -0.24573895 1.48327778 -1.19546867
v -0.24585067 1.52340858 -1.19551385
v -0.18580485 1.48332128 -1.19538772
v -0.18558373 1.52344927 -1.19550895
v -0.12529282 1.48309605 -1.19548860
v -0.12558498 1.52318902 -1.19535234
v -0.06538969 1.48312631 -1.19531179
v -0.06514677 1.52328777 -1.19559685
v -0.00503518 1.48301060 -1.19555916
v -0.00507108 1.52334644 -1.19550151
v 0.05518911 1.48338800 -1.19535177
v 0.05538219 1.52347995 -1.19540181
v 0.11528817 1.48304376 -1.19543380
v 0.11539015 1.52324811 -1.19537931
v 0.17583130 1.48320434 -1.19542032
v 0.17560700 1.52327934 -1.19518124
v 0.23574664 1.48319255 -1.19548782
v 0.23589184 1.52349899 -1.19530534
v 0.29611751 1.48335525 -1.19552828
v 0.29618030 1.52359184 -1.19550434
v 0.35639561 1.48340276 -1.19553789
v 0.35637778 1.52332660 -1.19557265
v 1.04908684 1.48310606 -1.20526087
v -1.36025373 1.52333986 -1.20546539
v 1.04904866 1.52334124 -1.20546331
v -1.36032915 1.52330322 -1.19536445
v -1.36052691 1.48311171 -1.20546948
v -1.36021299 1.48316351 -1.19541394
v -1.36030061 1.52313082 -1.20535145
v 1.04906959 1.48309172 -1.20528376
v 1.04912145 1.52328725 -1.19529105
v 1.04910391 1.48331794 -1.19550741
v 1.04896515 1.52326231 -1.20553909
v 1.04874270 1.46327141 -1.20562006
v -1.36018420 1.48304855 -1.20545577
v -1.36040736 1.46313164 -1.20567316
v 1.04896068 1.48329651 -1.20544347
v 1.04905731 1.48310425 -1.20574875
v -1.36036945 1.54338050 -1.20528322
v -1.36018422 1.52340655 -1.20554425
v 1.04894329 1.54352634 -1.20551768
v 1.04899298 1.46337705 -1.20559491
v -1.36029201 1.46310261 -1.62717701
v 1.04885687 1.46329537 -1.62727340
v -1.36037129 1.46316661 -1.20562808
v -1.36027608 1.54341271 -1.20550055
v 1.04901791 1.54326683 -1.62716411
v -1.36009367 1.54359262 -1.62716807
v 1.04917304 1.54332617 -1.20564330
v -1.04929601 -0.50458157 -1.28572200
v 0.77795438 -0.50423017 -1.62698851
v -1.04908539 -0.50446889 -1.62712217
v 0.77812214 -0.50448927 -1.28578208
v 0.77790246 -0.02242181 -1.28582445
v 0.77791369 -0.50463313 -1.62697245
v 0.77792067 -0.50444953 -1.28583222
v 0.77797198 -0.02283737 -1.62719411
v 0.77785837 0.21861871 -1.28560959
v 0.77805109 -0.02227135 -1.62693298
v 0.77782530 -0.02274906 -1.28574631
v 0.77798682 0.21836972 -1.62719918
v 0.77822933 0.21829835 -1.28563829
v 1.93262379 0.21826882 -1.62702171
v 0.77819735 0.21852762 -1.62699950
v 1.93249465 0.21835281 -1.28561948
v 0.41667296 1.48322871 -1.13525875
v 0.35619832 1.48319099 -1.19519507
v 0.41653787 1.48313176 -1.19546167
v 0.35634267 1.48314215 -1.13511742
v 0.35641089 1.48336277 -1.13512270
v 0.41662274 1.48294662 -1.13517391
v 0.35628691 1.48334946 -1.19542189
v 0.41650254 1.48314417 -1.19558336
v 0.59722802 1.52340639 -1.13504958
v 0.65759269 1.52346902 -1.19531834
v 0.59725638 1.52355051 -1.19560238
v 0.65754248 1.52329988 -1.13544780
v 0.65773696 1.52311347 -1.13511158
v 0.59752446 1.52334075 -1.13521349
v 0.65728638 1.52333483 -1.19524744
v 0.59723124 1.52324307 -1.19572448
v 1.04919847 1.48326512 -1.20550881
v -1.36012428 1.48314576 -1.20551286
v -1.35998735 1.52325296 -1.20543379
v -1.36022804 1.52337881 -1.20546977
v -1.36042183 1.48319555 -1.20550127
v 1.04895093 1.48310740 -1.20559743
v -0.63756101 3.75200127 -1.13519380
v -0.67740508 3.71187176 -1.13527378
v -0.67768302 3.75192756 -1.13524275
v -0.63745803 3.71204120 -1.13521767
v -0.63744178 3.71164443 -1.12534917
v -0.67763192 3.71174250 -1.13517288
v -0.63728664 3.71173070 -1.13528512
v -0.73772031 3.71174017 -1.13519114
v -0.79809200 3.71203334 -1.13541159
v -0.85841207 3.71187777 -1.13505150
v -0.91867281 3.71194465 -1.13525808
v -0.97886395 3.71171555 -1.13515361
v -1.03893521 3.71168456 -1.13517234
v -1.09928423 3.71164429 -1.13498416
v -1.15959275 3.71180834 -1.13534595
v -1.21976411 3.71180686 -1.13517798
v -1.28007350 3.71178017 -1.13515410
v -1.33999026 3.71189643 -1.13506254
v -1.40033731 3.71171086 -1.13524001
v -1.46049798 3.71170829 -1.13534044
v -1.51081365 3.71156511 -1.13529751
v -1.51095243 3.71174311 -1.12499293
v -1.46031908 3.75202457 -1.13532008
v -1.55087665 3.71184860 -1.13527471
v -1.55085765 3.75188822 -1.13527181
v -1.55096197 3.70184310 -1.13524507
v -1.51076312 3.71156366 -1.13516141
v -1.55102983 3.64145721 -1.13551846
v -1.55115278 3.58107044 -1.13512190
v -1.55108600 3.52109419 -1.13511513
v -1.55103844 3.46069721 -1.13504527
v -1.55093606 3.40044233 -1.13513773
v -1.55105331 3.34042524 -1.13509394
v -1.55107270 3.28019669 -1.13557997
v -1.55089995 3.21965319 -1.13487872
v -1.55092438 3.15959179 -1.13505505
v -1.55106859 3.09945250 -1.13523466
v -1.46061264 3.71172448 -1.13514293
v -1.40051118 3.75196371 -1.13511882
v -1.40049290 3.71190118 -1.13513691
v -1.34021565 3.75188437 -1.13520460
v -1.34023557 3.71173027 -1.13521523
v -1.27997073 3.75196299 -1.13501861
v -1.27982837 3.71190294 -1.13513290
v -1.21978594 3.75181513 -1.13522724
v -1.21955925 3.71194722 -1.13538308
v -1.15969491 3.75216158 -1.13501795
v -1.15954957 3.71178557 -1.13519209
v -1.09909612 3.75188766 -1.13512347
v -1.09920117 3.71183342 -1.13506493
v -1.03897801 3.75178719 -1.13508413
v -1.03905827 3.71190905 -1.13516489
v -0.97889584 3.75198176 -1.13527885
v -0.97873775 3.71174415 -1.13507050
v -0.91863262 3.75190290 -1.13528706
v -0.91864303 3.71176119 -1.13517129
v -0.85823709 3.75195593 -1.13525606
v -0.85850556 3.71191467 -1.13526271
v -0.79802786 3.75181457 -1.13500665
v -0.79799103 3.71168280 -1.13515434
v -0.73767418 3.75192709 -1.13541389
v -0.73778638 3.71202932 -1.13540071
v -0.67748495 3.75191997 -1.13520997
v -0.67759046 3.71179691 -1.13508915
v -1.51095559 3.09942651 -1.13531706
v -1.51087279 3.70213275 -1.13530556
v -1.51075126 3.64156223 -1.13544173
v -1.55111453 3.75171945 -1.12517849
v -1.46077929 3.75183583 -1.13539284
v -1.55088398 3.75202505 -1.13501018
v -1.40043975 3.75204294 -1.13505536
v -1.33991327 3.75179121 -1.13530105
v -1.28006808 3.75177385 -1.13510794
v -1.21961726 3.75177243 -1.13533593
v -1.15943049 3.75188719 -1.13516942
v -1.09925725 3.75208371 -1.13505573
v -1.03922833 3.75212123 -1.13525944
v -0.97891559 3.75202582 -1.13532250
v -0.91870171 3.75190577 -1.13502603
v -0.85853834 3.75181758 -1.13541265
v -0.79823119 3.75193065 -1.13536557
v -0.73780493 3.75196286 -1.13510696
v -0.67737158 3.75182428 -1.13525933
v -0.63753503 3.75189220 -1.13514734
v -0.63738253 3.75188538 -1.12499047
v -0.59734153 3.75193479 -1.13531113
v -0.63737390 3.71188979 -1.13519807
v -0.63773117 3.75191858 -1.13512329
v -0.63751134 3.70174404 -1.13513351
v -0.63768892 3.64162408 -1.13543841
v -0.63744640 3.58136432 -1.13526214
v -0.63739933 3.52112212 -1.13526592
v -0.63751224 3.46092914 -1.13515976
v -0.63738245 3.40065048 -1.13527068
v -0.63759236 3.34023701 -1.13536777
v -0.63771291 3.28005971 -1.13531266
v -0.63745035 3.21987252 -1.13515132
v -0.63731591 3.15954526 -1.13523027
v -0.63750672 3.14951980 -1.13534967
v -0.59729957 3.14966381 -1.13523369
v -0.59723591 3.70179578 -1.13507030
v -0.59730165 3.64154284 -1.13505663
v -0.63751316 3.71185387 -1.13507236
v -0.67750043 3.71190070 -1.19535157
v -0.63749422 3.71192003 -1.19549442
v -0.67766796 3.71176846 -1.13512977
v -0.63725466 3.71196269 -1.12499773
v -0.63737088 3.14965014 -1.13530844
v -0.63753235 3.14964815 -1.12494307
v -0.63738522 3.15971672 -1.13512492
v -0.63762823 3.21981782 -1.13513316
v -0.63732886 3.28005932 -1.13512778
v -0.63769689 3.34043025 -1.13501776
v -0.63748383 3.40052056 -1.13485974
v -0.63745221 3.46100256 -1.13528082
v -0.63760899 3.52086587 -1.13507242
v -0.63766843 3.58103878 -1.13527625
v -0.63750770 3.64148856 -1.13535563
v -0.63756073 3.70176352 -1.13544319
v -0.63744609 3.71187209 -1.13502450
v -1.51075039 3.09958399 -1.13516042
v -1.51061883 3.71181152 -1.12489477
v -1.51073214 3.09936683 -1.12513589
v -1.51102869 3.15982287 -1.13523319
v -1.51065197 3.22018124 -1.13519725
v -1.51080326 3.28011531 -1.13515132
v -1.51052740 3.34052898 -1.13516800
v -1.51067380 3.40033781 -1.13518288
v -1.51116646 3.46096972 -1.13547324
v -1.51073875 3.52094523 -1.13487447
v -1.51096826 3.58124986 -1.13498421
v -1.51075192 3.64154970 -1.13522768
v -1.51079613 3.70166136 -1.13521939
v -1.51081364 3.71188792 -1.13518813
v -1.46050556 3.71160703 -1.13501976
v -1.51075013 3.71200299 -1.19536334
v -1.46062565 3.71181323 -1.19557683
v -1.51083674 3.71181895 -1.13518136
v -1.34038546 3.71185751 -1.13532549
v -1.40044467 3.71190316 -1.19552019
v -1.34019407 3.71173961 -1.19536231
v -1.40056341 3.71159890 -1.13546112
v -1.21943389 3.71188120 -1.13499348
v -1.27999122 3.71193751 -1.19548712
v -1.21986940 3.71190261 -1.19546803
v -1.27991093 3.71184841 -1.13512351
v -1.09926278 3.71150286 -1.13534888
v -1.15939860 3.71204192 -1.19543519
v -1.09906110 3.71149435 -1.19524202
v -1.15961403 3.71166699 -1.13523639
v -0.97873440 3.71164366 -1.13507227
v -1.03917923 3.71181258 -1.19554267
v -0.97874495 3.71153983 -1.19555476
v -1.03915477 3.71191056 -1.13548207
v -0.85808889 3.71173035 -1.13517438
v -0.91886512 3.71169441 -1.19532465
v -0.85811809 3.71166985 -1.19528728
v -0.91852032 3.71187666 -1.13522533
v -0.73765237 3.71157909 -1.13511706
v -0.79788387 3.71189276 -1.19546704
v -0.73777869 3.71182846 -1.19546561
v -0.79794315 3.71196541 -1.13537075
v -1.55073387 3.71180190 -1.12518075
v -1.55085191 3.09934024 -1.13513928
v -1.55101071 3.09943298 -1.12511022
v -1.55096656 3.15962793 -1.13504594
v -1.55089658 3.21996466 -1.13508650
v -1.55123384 3.28024959 -1.13490640
v -1.55110023 3.34068527 -1.13542528
v -1.55105757 3.40068385 -1.13527428
v -1.55108196 3.46084671 -1.13514319
v -1.55085849 3.52102510 -1.13545549
v -1.55089672 3.58145557 -1.13525699
v -1.55086960 3.64135079 -1.13529006
v -1.55111950 3.70176845 -1.13534679
v -1.55075948 3.71186024 -1.13519290
v -0.67752409 3.75211125 -1.13514919
v -0.67772069 3.71180640 -1.19548600
v -0.67754654 3.71174632 -1.13518945
v -0.67748175 3.75184832 -1.19544944
v -1.55099880 3.75187227 -1.13487435
v -1.46046469 3.75186604 -1.19551207
v -1.55092601 3.75210986 -1.19544371
v -1.46050483 3.75172820 -1.13514721
v -1.55080139 3.75197003 -1.12523961
v -1.55082850 3.71167081 -1.13523416
v -1.55089148 3.71168037 -1.12482336
v -1.55099324 3.71154048 -1.19529092
v -1.55092334 3.75194481 -1.19536832
v -0.63737704 3.75193666 -1.13511044
v -0.59725672 3.75207114 -1.19549099
v -0.63750626 3.75203005 -1.19534092
v -0.59730913 3.75196262 -1.13507667
v -0.63756543 3.75179823 -1.12505767
v -0.59725744 3.75186103 -1.12519468
v -0.67771031 3.75188390 -1.13503041
v -0.63745168 3.75180903 -1.19536395
v -0.67754764 3.75194189 -1.19543927
v -0.63739445 3.75204714 -1.13521066
v -0.79815004 3.75192069 -1.13507423
v -0.73774624 3.75189618 -1.19507091
v -0.79776057 3.75181620 -1.19530030
v -0.73797041 3.75195506 -1.13500164
v -0.91844445 3.75179828 -1.13513284
v -0.85861876 3.75174858 -1.19542627
v -0.91864705 3.75214923 -1.19541383
v -0.85814630 3.75196435 -1.13517695
v -1.03897469 3.75219852 -1.13499356
v -0.97891364 3.75191655 -1.19521721
v -1.03918730 3.75218236 -1.19535039
v -0.97890123 3.75166807 -1.13519083
v -1.15924945 3.75197916 -1.13512822
v -1.09917419 3.75191834 -1.19538043
v -1.15954972 3.75187687 -1.19554772
v -1.09928320 3.75190202 -1.13517478
v -1.27998761 3.75173956 -1.13533843
v -1.21974341 3.75201648 -1.19546740
v -1.27989436 3.75175460 -1.19528012
v -1.21976789 3.75184740 -1.13519351
v -1.40036040 3.75192084 -1.13511483
v -1.34040189 3.75193679 -1.19532169
v -1.40035675 3.75191354 -1.19538952
v -1.33995574 3.75180644 -1.13516524
v -0.59729115 3.14971883 -1.13534310
v -0.59710427 3.75205985 -1.12486546
v -0.59729692 3.14955420 -1.12538685
v -0.59736691 3.15950879 -1.13545328
v -0.59741683 3.21986830 -1.13521971
v -0.59697976 3.28033191 -1.13517374
v -0.59721587 3.34031862 -1.13525097
v -0.59724399 3.40058435 -1.13499580
v -0.59721185 3.46069627 -1.13538731
v -0.59728698 3.52121210 -1.13533098
v -0.59742483 3.58159579 -1.13519476
v -0.59734909 3.64183860 -1.13523577
v -0.59745011 3.70176689 -1.13535655
v -0.59750788 3.75207172 -1.13526896
v -0.63739630 3.71165511 -1.13522885
v -0.63761420 3.70163680 -1.19520892
v -0.63736345 3.71188178 -1.19543334
v -0.63750245 3.71179207 -1.19548518
v -1.51074273 3.71178353 -1.20544506
v -0.63711941 3.71179507 -1.20560786
v -1.51060621 3.71166484 -1.19556178
v -0.63722894 3.15972610 -1.13532630
v -0.63744567 3.14981002 -1.19554539
v -0.63743106 3.14994011 -1.13521451
v -0.63766963 3.15962159 -1.19546613
v -0.59737278 3.14985250 -1.13517161
v -0.63745314 3.14970158 -1.19541058
v -0.59755108 3.14971674 -1.19536077
v -0.63740848 3.14972416 -1.13505660
v -0.59713069 3.14942824 -1.12525499
v -0.63758726 3.14957281 -1.12511260
v -0.63768462 3.64160816 -1.13539034
v -0.63758433 3.58113702 -1.19549335
v -0.63741783 3.58103091 -1.13500082
v -0.63758075 3.64179840 -1.19562565
v -0.63734912 3.52113170 -1.13522808
v -0.63763984 3.46076803 -1.19526756
v -0.63734981 3.46093628 -1.13500958
v -0.63739686 3.52105174 -1.19532034
v -0.63737018 3.40077293 -1.13513808
v -0.63738106 3.34049458 -1.19543086
v -0.63759582 3.34036194 -1.13518598
v -0.63731568 3.40068118 -1.19549426
v -0.63742921 3.28009667 -1.13526112
v -0.63735537 3.21976914 -1.19529615
v -0.63750193 3.21995616 -1.13524922
v -0.63754238 3.28005465 -1.19532385
v -1.51102311 3.70177120 -1.19551224
v -1.51087231 3.71202627 -1.13528721
v -1.51090146 3.70156039 -1.13543527
v -1.51083868 3.71170855 -1.19534324
v -1.51078245 3.09932214 -1.13501259
v -1.55082999 3.09943982 -1.19533165
v -1.51059117 3.09948726 -1.19550017
v -1.55095440 3.09945941 -1.13516342
v -1.51066299 3.09947764 -1.12536851
v -1.55107062 3.09930234 -1.12511438
v -1.51084213 3.09948207 -1.19549350
v -1.51090035 3.09956625 -1.13514754
v -1.51083842 3.15945889 -1.19559383
v -1.51095810 3.21989368 -1.19555229
v -1.51067259 3.28022846 -1.13521946
v -1.51091598 3.21983777 -1.13516171
v -1.51080544 3.28010754 -1.19528234
v -1.51085238 3.34034888 -1.19536073
v -1.51077381 3.40073533 -1.13526093
v -1.51090673 3.34044968 -1.13518243
v -1.51070781 3.40068986 -1.19534135
v -1.51093160 3.46081508 -1.19549922
v -1.51086725 3.52107519 -1.13500659
v -1.51054360 3.46072312 -1.13520374
v -1.51091005 3.52096081 -1.19546512
v -1.51101349 3.58133704 -1.19557369
v -1.51083026 3.64142231 -1.13511252
v -1.51070675 3.58136807 -1.13520620
v -1.51101195 3.64139014 -1.19537472
v -1.46069005 3.71175472 -1.19536563
v -1.46034520 3.75185505 -1.13514376
v -1.46068511 3.71165272 -1.13524209
v -1.46064483 3.75189425 -1.19536634
v -1.34021490 3.71153416 -1.19536393
v -1.34011735 3.75176768 -1.13528407
v -1.34023929 3.71188118 -1.13523018
v -1.34005783 3.75185351 -1.19532282
v -1.40041727 3.75190246 -1.13509289
v -1.40031666 3.71186821 -1.19544699
v -1.40028493 3.71194653 -1.13523782
v -1.40040386 3.75175743 -1.19551708
v -1.21958617 3.71167435 -1.19538844
v -1.21971430 3.75215762 -1.13518077
v -1.21994720 3.71174182 -1.13514493
v -1.21963254 3.75200827 -1.19526984
v -1.27991185 3.75170963 -1.13527942
v -1.27991708 3.71170870 -1.19538667
v -1.27990792 3.71199959 -1.13528778
v -1.28009608 3.75179056 -1.19549099
v -1.09917247 3.71177553 -1.19551803
v -1.09937622 3.75191967 -1.13511990
v -1.09909459 3.71195347 -1.13510846
v -1.09919733 3.75187047 -1.19539133
v -1.15928230 3.75196314 -1.13510403
v -1.15946990 3.71185533 -1.19554801
v -1.15963242 3.71167080 -1.13544510
v -1.15936132 3.75225134 -1.19545717
v -0.97887252 3.71184040 -1.19522879
v -0.97876051 3.75211210 -1.13519963
v -0.97874249 3.71160331 -1.13515414
v -0.97888980 3.75181681 -1.19562915
v -1.03892050 3.75223889 -1.13528971
v -1.03903073 3.71174968 -1.19537487
v -1.03887203 3.71179070 -1.13524910
v -1.03922421 3.75202960 -1.19542070
v -0.85853705 3.71164666 -1.19555563
v -0.85836458 3.75183579 -1.13509994
v -0.85842858 3.71173137 -1.13533096
v -0.85822061 3.75189487 -1.19543006
v -0.91847249 3.75194816 -1.13521639
v -0.91844723 3.71184280 -1.19541606
v -0.91859122 3.71181600 -1.13528950
v -0.91835306 3.75198540 -1.19537370
v -0.73792546 3.71176708 -1.19534332
v -0.73809110 3.75191520 -1.13527970
v -0.73798785 3.71188152 -1.13529568
v -0.73797588 3.75207625 -1.19566869
v -0.79794772 3.75208449 -1.13545735
v -0.79810749 3.71183167 -1.19530184
v -0.79814581 3.71177435 -1.13510412
v -0.79819282 3.75202319 -1.19529078
v -1.55110206 3.15970741 -1.13518869
v -1.55110227 3.09945663 -1.19546352
v -1.55106977 3.09939166 -1.13532231
v -1.55091881 3.15972136 -1.19533507
v -1.55095652 3.71182207 -1.13526923
v -1.55088672 3.70167714 -1.19535923
v -1.55102721 3.71169728 -1.19538138
v -1.55076223 3.64163185 -1.13525548
v -1.55114522 3.58110117 -1.19539539
v -1.55094850 3.58104707 -1.13521870
v -1.55083284 3.64152111 -1.19543484
v -1.55111617 3.52114691 -1.13528808
v -1.55104147 3.46097249 -1.19555921
v -1.55099489 3.46082605 -1.13514979
v -1.55077447 3.52105725 -1.19536476
v -1.55098093 3.40038643 -1.13505770
v -1.55087648 3.34051851 -1.19556413
v -1.55095126 3.34060715 -1.13491936
v -1.55095969 3.40063595 -1.19555247
v -1.55099531 3.28003749 -1.13506613
v -1.55102032 3.21988986 -1.19533028
v -1.55098596 3.22003310 -1.13521990
v -1.55087441 3.28000632 -1.19543306
v -1.51099498 3.34025708 -1.19552436
v -1.55072444 3.75181538 -1.19518526
v -1.55088561 3.71185385 -1.19552309
v -1.51070501 3.71203435 -1.19530676
v -1.46056242 3.75195912 -1.19534325
v -1.51078795 3.40057220 -1.19532067
v -1.51085008 3.46093972 -1.19516440
v -1.51068650 3.52099848 -1.19545457
v -1.51067378 3.58118719 -1.19519427
v -1.51083281 3.64154190 -1.19537729
v -1.46020028 3.71178427 -1.19550322
v -1.40046861 3.71187862 -1.19521590
v -1.40054631 3.75190481 -1.19545851
v -1.34022712 3.71198545 -1.19531857
v -1.33999884 3.75188870 -1.19556964
v -1.27995032 3.71170067 -1.19540350
v -1.27980964 3.75167254 -1.19533721
v -1.21943822 3.71164008 -1.19539002
v -1.21985864 3.75183891 -1.19541628
v -1.15923914 3.71199912 -1.19541632
v -1.15934017 3.75159921 -1.19547534
v -1.09926762 3.71186800 -1.19552999
v -1.09934794 3.75183258 -1.19535861
v -1.03894912 3.71174894 -1.19531210
v -1.03901444 3.75187000 -1.19551865
v -0.97903718 3.71181615 -1.19534278
v -0.97870888 3.75228650 -1.19547529
v -0.91870583 3.71202176 -1.19523241
v -0.91864180 3.75194199 -1.19549278
v -0.85823957 3.71175269 -1.19533321
v -0.85818357 3.75220061 -1.19548296
v -0.79798052 3.71192739 -1.19540006
v -0.79787306 3.75200554 -1.19541257
v -0.73757483 3.71169786 -1.19527942
v -0.73793725 3.75202526 -1.19532726
v -0.67749361 3.71197935 -1.19551493
v -0.67777255 3.75197638 -1.19538949
v -1.55097921 3.75226545 -1.19541443
v -0.63762036 3.75185913 -1.20541013
v -1.55098073 3.75209993 -1.20535717
v -0.63734169 3.75205883 -1.19532686
v -1.55098402 3.71199360 -1.20532704
v -1.55105737 3.75200621 -1.20533807
v -0.59712332 3.70181699 -1.19532103
v -0.59755375 3.75191776 -1.13519728
v -0.59743583 3.70175611 -1.13523140
v -0.59745404 3.75202094 -1.19551432
v -0.63750782 3.75207230 -1.19551248
v -0.59712974 3.75200917 -1.20557557
v -0.63764238 3.75195976 -1.20556290
v -0.59745664 3.75178846 -1.19549640
v -0.59736739 3.14965089 -1.19558932
v -0.59737414 3.14955156 -1.13529410
v -0.59714225 3.15970389 -1.19515902
v -0.59720686 3.21994841 -1.19527183
v -0.59715877 3.27992924 -1.13530040
v -0.59733572 3.21993758 -1.13516294
v -0.59750260 3.28018224 -1.19537421
v -0.59742102 3.34021839 -1.19535866
v -0.59736320 3.40070608 -1.13507034
v -0.59725949 3.34018473 -1.13531139
v -0.59753887 3.40053394 -1.19554359
v -0.59710911 3.46090901 -1.19546237
v -0.59746167 3.52128825 -1.13530963
v -0.59756239 3.46073207 -1.13538104
v -0.59720369 3.52092955 -1.19536601
v -0.59711647 3.58117499 -1.19544582
v -0.59706536 3.64148950 -1.13523107
v -0.59734658 3.58119651 -1.13529911
v -0.59717471 3.64168141 -1.19554494
v -0.63720436 3.14983912 -1.20550938
v -0.63766811 3.14950102 -1.19545656
v -0.63748912 3.71201299 -1.20563204
v -0.63747301 3.21987700 -1.19532678
v -0.63748812 3.28009893 -1.19543328
v -0.63751708 3.34043606 -1.19536110
v -0.63756875 3.40070636 -1.19538924
v -0.63747330 3.46095122 -1.19526810
v -0.63755550 3.52101392 -1.19541733
v -0.63724801 3.58134210 -1.19540100
v -0.63720465 3.64149426 -1.19530681
v -0.63754415 3.70176858 -1.19531485
v -0.63754923 3.71171199 -1.19544739
v -0.59711721 3.70154719 -1.13527364
v -0.63733295 3.70147823 -1.19519116
v -0.59728634 3.70201020 -1.19555078
v -0.63735368 3.70167382 -1.13516234
v -1.51090180 3.09935695 -1.20568770
v -1.51116710 3.15966241 -1.19513162
v -1.51084519 3.09937579 -1.19536890
v -1.51089297 3.71173020 -1.20563001
v -1.51092572 3.22003792 -1.19553876
v -1.51078249 3.28008763 -1.19554097
v -1.51076878 3.34047105 -1.19558572
v -1.51076392 3.40069802 -1.19546967
v -1.51081821 3.46082796 -1.19540511
v -1.51095096 3.52099424 -1.19537851
v -1.51090419 3.58128054 -1.19544010
v -1.51090684 3.64154121 -1.19526512
v -1.51090854 3.71171739 -1.19545105
v -0.63761139 3.71171913 -1.19561862
v -0.67785114 3.75199188 -1.19532468
v -0.67739478 3.71177496 -1.19530972
v -0.63749582 3.75185643 -1.19534904
v -0.63749032 3.15975288 -1.13516153
v -0.59743072 3.15953006 -1.19556210
v -0.63754201 3.15978443 -1.19544514
v -0.59712695 3.15973859 -1.13522109
v -0.59741557 3.14938160 -1.19529349
v -0.63729329 3.14960087 -1.20524878
v -0.59731530 3.14962740 -1.20532582
v -0.63745692 3.14957290 -1.19547631
v -0.59752477 3.58128161 -1.13520111
v -0.63730413 3.58137307 -1.19552533
v -0.59720502 3.58132863 -1.19523254
v -0.63734406 3.58127838 -1.13506639
v -0.63750574 3.64140196 -1.13516791
v -0.59723660 3.64165677 -1.19543442
v -0.63745114 3.64161619 -1.19543992
v -0.59710318 3.64133526 -1.13535894
v -0.59734206 3.46096766 -1.13521021
v -0.63763007 3.46092568 -1.19557329
v -0.59714463 3.46094190 -1.19524024
v -0.63729968 3.46096605 -1.13510794
v -0.63749771 3.52104677 -1.13519679
v -0.59728207 3.52099148 -1.19552342
v -0.63727866 3.52091127 -1.19529412
v -0.59704927 3.52093080 -1.13502243
v -0.59732157 3.34055204 -1.13526969
v -0.63729440 3.34027935 -1.19559654
v -0.59708299 3.34026085 -1.19559182
v -0.63745406 3.34032663 -1.13504773
v -0.63756805 3.40054325 -1.13509836
v -0.59739821 3.40072948 -1.19529471
v -0.63720696 3.40086453 -1.19552243
v -0.59739776 3.40048278 -1.13520069
v -0.59732306 3.21987399 -1.13534402
v -0.63729378 3.21971370 -1.19549898
v -0.59720577 3.21998087 -1.19545711
v -0.63733795 3.21985962 -1.13494756
v -0.63732572 3.28003961 -1.13508991
v -0.59733486 3.28018321 -1.19527593
v -0.63756302 3.28031243 -1.19546466
v -0.59716856 3.28019051 -1.13526838
v -1.51098020 3.70160125 -1.13516077
v -1.55110694 3.70169365 -1.19546194
v -1.51088931 3.70169967 -1.19535384
v -1.55082752 3.70181541 -1.13511670
v -1.49066230 3.09938185 -1.11510025
v -1.51102220 3.09944768 -1.12521344
v -1.49057325 3.09920210 -1.12529480
v -1.55068058 3.09953049 -1.12498416
v -1.57114725 3.09925329 -1.12509818
v -1.57102707 3.09950634 -1.11492785
v -1.55086104 3.09924143 -1.20553487
v -1.51108755 3.09950669 -1.20552918
v -1.55113018 3.15971502 -1.13533857
v -1.51068041 3.15976031 -1.19514788
v -1.55106457 3.15979038 -1.19548801
v -1.51096057 3.15990484 -1.13533300
v -1.55076019 3.28008942 -1.13510682
v -1.51086218 3.28003651 -1.19554491
v -1.55102209 3.28016559 -1.19525340
v -1.51090862 3.28013804 -1.13523269
v -1.51081878 3.21977186 -1.13537341
v -1.55102862 3.21989734 -1.19512630
v -1.51061834 3.21985014 -1.19559489
v -1.55118576 3.22002089 -1.13504611
v -1.55070622 3.40056519 -1.13514926
v -1.51085151 3.40077889 -1.19531329
v -1.55106733 3.40061987 -1.19555744
v -1.51079402 3.40041918 -1.13517372
v -1.51065706 3.34052644 -1.13535551
v -1.55096277 3.34019726 -1.19529262
v -1.51075654 3.34022264 -1.19554658
v -1.55089841 3.34015123 -1.13518986
v -1.55092341 3.52097598 -1.13523220
v -1.51079666 3.52113275 -1.19558904
v -1.55104039 3.52116100 -1.19576157
v -1.51068394 3.52122896 -1.13495834
v -1.51110696 3.46076918 -1.13528058
v -1.55078544 3.46091185 -1.19530115
v -1.51071501 3.46063433 -1.19537769
v -1.55124505 3.46088330 -1.13517309
v -1.55099209 3.64155365 -1.13510804
v -1.51090710 3.64156976 -1.19524632
v -1.55091912 3.64155357 -1.19543257
v -1.51097247 3.64170436 -1.13525080
v -1.51080301 3.58125373 -1.13524361
v -1.55104394 3.58120231 -1.19531281
v -1.51063513 3.58132217 -1.19557719
v -1.55097762 3.58157273 -1.13515901
v -1.55099405 3.09933367 -1.20540311
v -1.55099954 3.09960003 -1.19529326
v -1.55090412 3.71180488 -1.20540195
v -1.55092926 3.21987182 -1.19526247
v -1.55098098 3.28006670 -1.19564336
v -1.55099645 3.34017212 -1.19533429
v -1.55107133 3.40048254 -1.19571767
v -1.55093427 3.46078897 -1.19534224
v -1.55108677 3.52118912 -1.19533735
v -1.55076159 3.58123389 -1.19528788
v -1.55107258 3.64153771 -1.19546061
v -1.55079324 3.70181160 -1.19518245
v -1.55091856 3.71181810 -1.19543898
v -1.51077328 3.09934675 -1.19556578
v -1.55103639 3.15962415 -1.19549539
v -1.55069213 3.09941530 -1.19546762
v -1.55080916 3.22001634 -1.19552237
v -1.55086019 3.28026366 -1.19553536
v -1.55098582 3.34045756 -1.19531532
v -1.55106245 3.40075109 -1.19536069
v -1.55108412 3.46079765 -1.19519761
v -1.55091871 3.52082079 -1.19558749
v -1.55077718 3.58128529 -1.19540889
v -1.55111649 3.64171988 -1.19544481
v -1.55104524 3.70174109 -1.19504906
v -1.55096511 3.71184307 -1.19561190
v -1.51088751 3.34013089 -1.19530946
v -0.59739310 3.14957387 -1.20545414
v -0.59726086 3.15993071 -1.19542766
v -0.59717311 3.14954027 -1.19555651
v -0.59739727 3.75194224 -1.20543729
v -0.59717319 3.22001825 -1.19550213
v -0.59726954 3.28027140 -1.19560000
v -0.59739244 3.34020544 -1.19535379
v -0.59731002 3.40048822 -1.19536631
v -0.59735224 3.46095233 -1.19545563
v -0.59726524 3.52088369 -1.19537350
v -0.59735508 3.58107725 -1.19566026
v -0.59743043 3.64162360 -1.19569908
v -0.59715821 3.75192744 -1.19540110
v -0.59721165 3.14953025 -1.19543450
v -0.63747689 3.15959490 -1.19532251
v -0.63744296 3.14972614 -1.19532201
v -0.63740773 3.21999937 -1.19557322
v -0.63762428 3.28031843 -1.19547878
v -0.63737600 3.34050537 -1.19538433
v -0.63735620 3.40044475 -1.19559732
v -0.63760509 3.46075032 -1.19576077
v -0.63750959 3.52082503 -1.19530467
v -0.63740372 3.58135307 -1.19567621
v -0.63750818 3.64170859 -1.19552105
v -0.63734987 3.70164390 -1.19545015
v -0.63712326 3.71188026 -1.19526412
v -0.63746466 3.75175511 -1.19561465
v -0.59720205 3.75198751 -1.19524640
v -0.59736743 3.15971457 -1.19551896
v -0.59722293 3.21963773 -1.19542613
v -0.59741945 3.28011803 -1.19530239
v -0.59725807 3.34044576 -1.19553141
v -0.59764552 3.40045586 -1.19539774
v -0.59745520 3.46087432 -1.19566414
v -0.59732699 3.52122829 -1.19536722
v -0.59741472 3.58137751 -1.19544775
v -0.59738616 3.64166681 -1.19538263
v -1.49097817 3.69163512 -1.12496374
v -1.57106196 3.09968815 -1.12506384
v -1.57092722 3.69150540 -1.12521959
v -1.55077820 3.09961131 -1.12513443
v -1.51089215 3.09932371 -1.12519376
v -1.49074352 3.09931321 -1.12528259
v -1.49065820 3.09959793 -1.12510675
v -1.49071520 3.69188930 -1.11527585
v -1.49075057 3.09938710 -1.11519006
v -1.49085150 3.69184299 -1.12508423
v -1.49075934 3.09963139 -1.11531293
v -1.57107110 3.69159771 -1.11491128
v -1.57107012 3.09947688 -1.11516851
v -1.49059077 3.69178571 -1.11506207
v -1.57102746 3.69182513 -1.11505863
v -1.57096867 3.09925660 -1.12500468
v -1.57090916 3.09952539 -1.11515928
v -1.57104178 3.69158096 -1.12521962
v -1.49047615 3.09942311 -1.20553955
v -1.57100957 3.09942278 -1.62722809
v -1.49066685 3.09938363 -1.62708602
v -1.57089576 3.09947242 -1.20529891
v -0.57715956 3.77194433 -1.12525447
v -1.57103516 3.69158670 -1.12510075
v -1.57085643 3.77200108 -1.12517318
v -1.49048703 3.69182939 -1.12508603
v -0.65741333 3.69173910 -1.12495929
v -0.57710926 3.69141939 -1.12506231
v -0.65748444 3.69152538 -1.11497858
v -1.49073578 3.69164653 -1.12542070
v -0.65753830 3.69171775 -1.12507962
v -1.49069821 3.69171401 -1.11522020
v -1.49076902 3.69178771 -1.11533650
v -1.57111141 3.77202749 -1.11512843
v -1.57096122 3.69194684 -1.11516365
v -0.57725838 3.77197819 -1.11539328
v -0.65738362 3.69175908 -1.11503391
v -0.57722402 3.69182508 -1.11515261
v -1.57095752 3.77195006 -1.11496893
v -1.57119271 3.69180581 -1.12512491
v -1.57094176 3.69168397 -1.11521174
v -1.57111387 3.77199329 -1.12517592
v -1.55108904 3.09940020 -1.20570363
v -1.57109588 3.69169396 -1.20522239
v -1.57084630 3.09959308 -1.20537301
v -1.49073374 3.69150242 -1.20551226
v -1.51085990 3.09934532 -1.20535600
v -1.49076158 3.09933832 -1.20567772
v -1.57087253 3.69184015 -1.20547566
v -1.57099210 3.09942484 -1.62699972
v -1.57100459 3.09938262 -1.20554717
v -1.57120705 3.69167349 -1.62694821
v -1.49095404 3.09949639 -1.62703612
v -1.49080699 3.69151686 -1.20554671
v -1.49080585 3.09950920 -1.20540672
v -1.49076533 3.69179052 -1.62719774
v -1.57104230 3.77216895 -1.11516418
v -0.57723861 3.77185651 -1.12518294
v -1.57098621 3.77196748 -1.12497427
v -0.57714623 3.77203761 -1.11500340
v -0.57707287 3.69187448 -1.12528396
v -0.57731704 3.77203080 -1.11521628
v -0.57697950 3.69147863 -1.11509796
v -0.57741505 3.77189079 -1.12499516
v -0.57724367 3.69173168 -1.12509914
v -0.65759630 3.16978473 -1.12508227
v -0.65753534 3.69167074 -1.12513192
v -0.57710760 3.16968988 -1.12516931
v -0.65770468 3.69182749 -1.11520269
v -0.65741896 3.16977616 -1.12499797
v -0.65748231 3.16959780 -1.11482621
v -0.65737879 3.69171896 -1.12524276
v -0.57736216 3.16990692 -1.11515210
v -0.65749335 3.69182533 -1.11508288
v -0.65746769 3.16969458 -1.11503087
v -0.57709750 3.69170539 -1.11507848
v -1.49077173 3.69175194 -1.20529826
v -1.57099783 3.77198317 -1.20547633
v -1.57118133 3.69168392 -1.20530615
v -0.57702995 3.77180885 -1.20537753
v -0.65750814 3.69150321 -1.20541558
v -0.57717966 3.69179935 -1.20562865
v -1.57110767 3.77208309 -1.20567237
v -1.57085811 3.69176199 -1.62715287
v -1.57087644 3.69186975 -1.20551750
v -1.57116476 3.77212818 -1.62674831
v -0.65750440 3.69167170 -1.20561032
v -1.49063015 3.69155668 -1.62701379
v -0.65747046 3.69174832 -1.62712610
v -1.49046538 3.69172644 -1.20523659
v -0.57714993 3.16988361 -1.12521654
v -0.57716275 3.69172433 -1.11514814
v -0.57738129 3.16972469 -1.11484085
v -0.57699862 3.69170037 -1.12491168
v -0.57720424 3.16960890 -1.12516563
v -0.65747091 3.08949605 -1.12513275
v -0.65753185 3.16978960 -1.12514172
v 0.33616437 3.08938301 -1.12515750
v 0.25592803 3.16976730 -1.12513975
v 0.33621123 3.16987332 -1.12520695
v -0.65750457 3.16969568 -1.11521666
v -0.65746563 3.08942988 -1.12506615
v -0.65729385 3.08940818 -1.11514883
v -0.65789904 3.16977760 -1.12524232
v 0.33619764 3.08932687 -1.11506567
v -0.65757063 3.16967763 -1.11516252
v -0.65754006 3.08935830 -1.11521466
v -0.57736454 3.16982891 -1.11506208
v 0.25597923 3.16962583 -1.11490603
v 0.33624037 3.16979444 -1.11527583
v -0.57709225 3.16979775 -1.20558141
v -0.65752609 3.69158631 -1.20551047
v -0.65769903 3.16973359 -1.20534180
v -0.57731156 3.69166701 -1.20543057
v -0.57745461 3.69173198 -1.62715419
v -0.57722541 3.77168145 -1.20560650
v -0.57727147 3.69181221 -1.20563846
v -0.57739927 3.77198740 -1.62716062
v -1.57101811 3.77192881 -1.20546374
v -0.57736061 3.77203351 -1.62698197
v -1.57112389 3.77196380 -1.62691859
v -0.57733909 3.77188978 -1.20567699
v -0.65764674 3.69169848 -1.20553188
v -0.65726433 3.16960253 -1.62721715
v -0.65755539 3.16985365 -1.20553057
v -0.65751958 3.69173698 -1.62715199
v -0.57723848 3.16955706 -1.11544758
v 0.25592436 3.16981736 -1.12516954
v -0.57736464 3.16967055 -1.12499991
v 0.25585582 3.16971417 -1.11511501
v 0.33640206 3.68159736 -1.12501351
v 0.25592333 3.16979727 -1.12502785
v 0.25619946 3.68190374 -1.12528363
v 0.33647341 3.16951619 -1.12522667
v 0.33632504 3.08923090 -1.12515148
v 0.33635374 3.16981949 -1.11514580
v 0.33644913 3.08940466 -1.11501763
v 0.33641953 3.16994380 -1.12517213
v 0.33636299 3.08938645 -1.11514640
v -0.65764283 3.08952496 -1.12527920
v 0.33613741 3.08937780 -1.12522884
v -0.65724717 3.08943152 -1.11484442
v 0.33611301 3.16961878 -1.11495205
v 0.25590379 3.68159586 -1.11505641
v 0.25589511 3.16962037 -1.11502577
v 0.33625553 3.68169906 -1.11497843
v -0.57707123 3.16981820 -1.62684160
v -0.57727503 3.69159955 -1.20523977
v -0.57718088 3.16967604 -1.20574011
v -0.57709448 3.69182396 -1.62718559
v 0.33634192 3.08951609 -1.20563919
v -0.65744115 3.16973782 -1.20558492
v -0.65758719 3.08934645 -1.20555807
v -0.57727338 3.16947013 -1.20549305
v 0.25621296 3.16975316 -1.20555846
v 0.33635189 3.16979266 -1.20540725
v -0.65739877 3.16958325 -1.20534155
v -0.65768613 3.08941932 -1.62729634
v -0.65750439 3.08918037 -1.20544635
v -0.65717459 3.16948506 -1.62708066
v 0.25600975 3.68167576 -1.11504699
v 0.25580698 3.16991311 -1.12509547
v 0.25607140 3.16970002 -1.11501851
v 0.25581134 3.68179736 -1.12523562
v 1.24985243 3.76207986 -1.12506780
v 0.25609489 3.68173701 -1.12532764
v 0.25612042 3.76202944 -1.12512221
v 0.33611636 3.68167763 -1.12509696
v 1.16955520 3.68170431 -1.12501663
v 1.24967427 3.68151730 -1.12540195
v 0.33632360 3.16977659 -1.12513417
v 0.33630942 3.68142294 -1.11506324
v 0.33625209 3.16992985 -1.11528133
v 0.33615194 3.68172607 -1.12539430
v 0.33619127 3.68185939 -1.11506788
v 0.25593273 3.76221460 -1.11507149
v 0.25601831 3.68161335 -1.11495882
v 1.24959562 3.76214780 -1.11500226
v 1.16950486 3.68193806 -1.11508856
v 1.24985142 3.68157377 -1.11518274
v -0.57715094 3.16978628 -1.20542888
v 0.25602170 3.16987197 -1.62712346
v -0.57718097 3.16951520 -1.62698636
v 0.25594973 3.16991407 -1.20539228
v 0.33635061 3.08917065 -1.20565993
v -0.65755048 3.08931559 -1.62716157
v 0.33624486 3.08929034 -1.62698405
v -0.65748390 3.08959861 -1.20559807
v 0.33655977 3.08932854 -1.62706964
v 0.33653866 3.16984735 -1.20566563
v 0.33640024 3.08959306 -1.20541421
v 0.33637555 3.16958764 -1.62709836
v 0.33622920 3.16954011 -1.20557225
v 0.25592760 3.68157513 -1.20556738
v 0.25589571 3.16988499 -1.20528599
v 0.33659740 3.68158447 -1.20542514
v 0.25599916 3.76191769 -1.11522414
v 0.25609971 3.68180390 -1.12489956
v 0.25584175 3.68186166 -1.11518934
v 0.25585229 3.76210161 -1.12516654
v 1.16970584 3.68145251 -1.11497728
v 0.33616963 3.68158876 -1.12542007
v 1.16957585 3.68163102 -1.12500078
v 0.33632652 3.68155804 -1.11525499
v 0.25584184 3.76182060 -1.11506029
v 1.24966761 3.76191119 -1.12515874
v 0.25594901 3.76199750 -1.12507034
v 1.24986872 3.76184864 -1.11512542
v 1.24961889 3.68164351 -1.12510451
v 1.24976246 3.76204390 -1.11494667
v 1.24998488 3.68140326 -1.11521043
v 1.24979088 3.76212301 -1.12520844
v 1.25002663 3.68175901 -1.12527146
v 1.16938854 3.08930049 -1.12536860
v 1.16946440 3.68185855 -1.12510579
v 1.18973091 3.08932115 -1.12526403
v 1.22968116 3.08928375 -1.12491048
v 1.24977122 3.08952724 -1.12511848
v 1.24973593 3.08952722 -1.11505108
v 1.16954763 3.68167957 -1.11508872
v 1.16957098 3.08961804 -1.11515870
v 1.24975013 3.68153651 -1.11513864
v 0.25602917 3.68190974 -1.20560876
v 0.25572036 3.16964095 -1.62712805
v 0.25589220 3.16999796 -1.20583329
v 0.25584172 3.68161323 -1.62703734
v 0.33639079 3.16971586 -1.62701988
v 0.33625028 3.68146835 -1.20546973
v 0.33615194 3.16941991 -1.20557945
v 0.33623879 3.68167802 -1.62709381
v 0.33630559 3.68188031 -1.20543546
v 0.25601690 3.76217175 -1.20532329
v 0.25587831 3.68173138 -1.20557047
v 1.24981273 3.76218190 -1.20545405
v 1.16945498 3.68151375 -1.20542073
v 1.24979572 3.68178669 -1.20537655
v 1.16959754 3.68183076 -1.11514173
v 1.16967330 3.08918792 -1.12501302
v 1.16936351 3.08917496 -1.11515172
v 1.16946326 3.68179702 -1.12525729
v 1.24965446 3.08941483 -1.12509842
v 1.24970134 3.68169742 -1.11527510
v 1.24982312 3.08939461 -1.11543979
v 1.24986735 3.68165735 -1.12528378
v 1.25004514 3.08945779 -1.11518013
v 1.22965591 3.08943143 -1.12505061
v 1.24982332 3.08946984 -1.12527981
v 1.18955049 3.08952931 -1.12514447
v 1.16957615 3.08936253 -1.12499426
v 1.16941682 3.08929665 -1.11529054
v 0.25602150 3.76197135 -1.20536358
v 0.25592390 3.68148185 -1.62708876
v 0.25587051 3.68159864 -1.20533644
v 0.25604118 3.76193011 -1.62709908
v 1.16934812 3.68150797 -1.20540049
v 0.33643708 3.68173198 -1.62722736
v 1.16948336 3.68166924 -1.62710201
v 0.33612263 3.68174015 -1.20549544
v 1.18943529 3.08916387 -1.20562477
v 1.16940000 3.68171015 -1.20537255
v 1.16930174 3.08948282 -1.20536984
v 1.24971087 3.68158402 -1.20523453
v 1.22970324 3.08947395 -1.20551511
v 1.24976959 3.08921052 -1.20549886
v 1.24965737 3.68155971 -1.62703276
v 1.24973693 3.76226162 -1.20550369
v 1.24990951 3.68172814 -1.20565562
v 1.24952229 3.76177544 -1.62711974
v 0.25611976 3.76190620 -1.20545089
v 1.24982804 3.76232355 -1.62716408
v 0.25591751 3.76198079 -1.62707790
v 1.24951448 3.76198557 -1.20554701
v 1.22971433 3.08927359 -1.13509688
v 1.18971164 3.08946779 -1.19532038
v 1.22962102 3.08928811 -1.19550902
v 1.18966636 3.08951771 -1.13508402
v 1.22975507 3.08943439 -1.12505482
v 1.18948955 3.08935305 -1.12510931
v 1.16969812 3.68176085 -1.20547426
v 1.16943659 3.08941651 -1.62744050
v 1.16959014 3.08946012 -1.20557826
v 1.16954216 3.68168937 -1.62722468
v 1.24998068 3.08942058 -1.20560220
v 1.16977439 3.08939277 -1.62717937
v 1.24990181 3.08951137 -1.62705441
v 1.16913133 3.08939156 -1.20547964
v 1.24979361 3.08947740 -1.62706266
v 1.24977644 3.68149631 -1.20538453
v 1.24977543 3.08941891 -1.20532333
v 1.24991484 3.68170565 -1.62720767
v 1.18947015 3.70159174 -1.12522940
v 1.18980283 3.08938637 -1.13520253
v 1.18958629 3.08947153 -1.12500850
v 1.18955117 3.14973249 -1.13480545
v 1.18925911 3.20982371 -1.13520779
v 1.18958198 3.27011932 -1.13528175
v 1.18997595 3.33028919 -1.13517005
v 1.18954959 3.39062697 -1.13513132
v 1.18961687 3.45097049 -1.13521631
v 1.18970554 3.51083710 -1.13506950
v 1.18964607 3.57132951 -1.13518079
v 1.18953630 3.63118746 -1.13527033
v 1.18954581 3.69161902 -1.13514573
v 1.18953067 3.70182448 -1.13527334
v 1.18963586 3.14964131 -1.13521881
v 1.18943569 3.08956321 -1.19547824
v 1.18942184 3.08956798 -1.13530568
v 1.18946489 3.14965089 -1.19561233
v 1.18949353 3.08917047 -1.20571077
v 1.22973232 3.08937183 -1.20531143
v 1.18980616 3.08943312 -1.19537875
v 1.22958339 3.08934092 -1.19541842
v 1.22985831 3.14970778 -1.13521997
v 1.22971020 3.08929475 -1.13537730
v 1.22961902 3.14962210 -1.19540283
v 1.22970609 3.08943509 -1.13496959
v 1.22976120 3.70171745 -1.12517322
v 1.22947863 3.08946902 -1.12513022
v 1.22976481 3.20974967 -1.13530089
v 1.22955519 3.27009976 -1.13483864
v 1.22979033 3.33058597 -1.13530046
v 1.22975289 3.39068916 -1.13504570
v 1.22951054 3.45073029 -1.13507453
v 1.22994232 3.51093631 -1.13530043
v 1.22955209 3.57123597 -1.13529316
v 1.22994940 3.63166279 -1.13517460
v 1.22990397 3.69181129 -1.13519187
v 1.22982624 3.70184988 -1.13519525
v 1.22965430 3.70172804 -1.13517131
v 1.18974784 3.69163679 -1.13521851
v 1.18972921 3.70169284 -1.13507874
v 1.18944741 3.63144047 -1.13522909
v 1.18976014 3.57126769 -1.13535714
v 1.18941900 3.51127276 -1.13513023
v 1.18952021 3.45089766 -1.13528449
v 1.18962607 3.39047918 -1.13518218
v 1.18942737 3.33037637 -1.13506540
v 1.18955471 3.27016924 -1.13529489
v 1.18954507 3.20988747 -1.13509284
v 1.18958633 3.14956744 -1.13534384
v 1.18956020 3.08925153 -1.13509683
v 1.22950788 3.08942764 -1.13522999
v 1.22969706 3.69171273 -1.13511798
v 1.22977310 3.63131431 -1.13506525
v 1.18944768 3.70172639 -1.12508602
v 1.13936699 3.70164035 -1.13529217
v 1.18951661 3.70194088 -1.13536784
v 1.07928570 3.70158753 -1.13526536
v 1.01898035 3.70165683 -1.13521058
v 0.95865090 3.70163491 -1.13499028
v 0.89843742 3.70195111 -1.13546730
v 0.83836213 3.70175391 -1.13521508
v 0.77813695 3.70187158 -1.13504081
v 0.71786590 3.70172453 -1.13525496
v 0.65746123 3.70160878 -1.13507054
v 0.59739871 3.70179767 -1.13525005
v 0.53696266 3.70170472 -1.13522665
v 0.47689864 3.70183781 -1.13539735
v 0.41661000 3.70177581 -1.13515972
v 0.35623595 3.70178669 -1.13523967
v 0.31627773 3.70180178 -1.13511071
v 0.31640147 3.70181705 -1.12508638
v 1.18969636 3.70165152 -1.13526217
v 1.18957395 3.69167540 -1.19522685
v 1.18958391 3.70160153 -1.19564020
v 1.18991441 3.63148293 -1.13507166
v 1.18966202 3.57148103 -1.19543783
v 1.18927641 3.57109764 -1.13522514
v 1.18950393 3.63156285 -1.19549152
v 1.18981652 3.51094422 -1.13514692
v 1.18938663 3.45091820 -1.19563161
v 1.18959134 3.45077024 -1.13536148
v 1.18946667 3.51107711 -1.19551599
v 1.18964983 3.39049877 -1.13516326
v 1.18949942 3.33042810 -1.19548606
v 1.18942336 3.33036332 -1.13507136
v 1.18949203 3.39054592 -1.19547645
v 1.18970003 3.27000966 -1.13530302
v 1.18948831 3.20996445 -1.19545426
v 1.18968856 3.20983499 -1.13519706
v 1.18946295 3.27007929 -1.19562725
v 1.18959329 3.14950237 -1.13519449
v 1.22975130 3.14970148 -1.19544319
v 1.18951962 3.14991130 -1.19526369
v 1.22978233 3.14950094 -1.13513679
v 1.18946349 3.08951613 -1.20550747
v 1.18956138 3.08961729 -1.19526708
v 1.18963826 3.70172638 -1.20562153
v 1.18969947 3.20985647 -1.19543657
v 1.18931899 3.26995559 -1.19568360
v 1.18958616 3.33031242 -1.19566266
v 1.18957017 3.39044599 -1.19573988
v 1.18964325 3.45103298 -1.19551327
v 1.18965657 3.51102023 -1.19548267
v 1.18984766 3.57110705 -1.19534695
v 1.18941318 3.63134473 -1.19534008
v 1.18945162 3.69171416 -1.19549947
v 1.18960520 3.70166443 -1.19536979
v 1.22961652 3.08939414 -1.20551542
v 1.22959039 3.14945658 -1.19551006
v 1.22943288 3.08969108 -1.19531514
v 1.22978801 3.70197288 -1.20575083
v 1.22982263 3.20966265 -1.19538883
v 1.22972592 3.26988823 -1.19534685
v 1.22987713 3.33036184 -1.19540835
v 1.22975466 3.39039024 -1.19543798
v 1.22982361 3.45082953 -1.19523325
v 1.22975847 3.51090977 -1.19537865
v 1.22981643 3.57119700 -1.19535481
v 1.22983760 3.63141022 -1.19532856
v 1.22986240 3.69156604 -1.19543426
v 1.22983193 3.70176893 -1.19533137
v 1.22967703 3.08924056 -1.19541474
v 1.18932788 3.14966527 -1.19524172
v 1.18962673 3.08934608 -1.19550864
v 1.18957316 3.21012407 -1.19533100
v 1.18956333 3.27004919 -1.19540508
v 1.18981222 3.33019946 -1.19551846
v 1.18951027 3.39055146 -1.19538901
v 1.18982402 3.45087935 -1.19563914
v 1.18940232 3.51099350 -1.19542420
v 1.18962621 3.57117229 -1.19546313
v 1.18943122 3.63135525 -1.19544012
v 1.18970305 3.69155264 -1.19529468
v 1.18954485 3.70164609 -1.19533947
v 1.22969694 3.70177949 -1.19545499
v 1.22971156 3.14960651 -1.19536404
v 1.22962900 3.21002398 -1.19531703
v 1.22982457 3.27014500 -1.19540289
v 1.22989197 3.33043657 -1.19539748
v 1.22978417 3.39076012 -1.19522356
v 1.22991863 3.45077073 -1.19524386
v 1.22970390 3.51113829 -1.19535324
v 1.22972967 3.57134332 -1.19532897
v 1.22970349 3.63150334 -1.19554949
v 1.23005644 3.70165947 -1.13513824
v 1.22975047 3.69184806 -1.13526091
v 1.22986132 3.70193160 -1.19538709
v 1.22969284 3.70183554 -1.13534407
v 1.22975489 3.74207640 -1.12513206
v 1.22945058 3.70166538 -1.12516425
v 1.22968202 3.70151518 -1.19558700
v 1.22983437 3.74191566 -1.19576441
v 1.22985861 3.20983305 -1.19544521
v 1.22956926 3.27015368 -1.13529021
v 1.22969229 3.20971613 -1.13547447
v 1.22990008 3.26995589 -1.19553076
v 1.22972549 3.33041668 -1.19550469
v 1.22979609 3.39079034 -1.13514786
v 1.22965073 3.33047323 -1.13530919
v 1.22967944 3.39062916 -1.19537675
v 1.22953657 3.45105018 -1.19535291
v 1.22990111 3.51102445 -1.13500993
v 1.22966065 3.45078422 -1.13520341
v 1.22982980 3.51085105 -1.19532042
v 1.22968992 3.57118315 -1.19539420
v 1.22948564 3.63156001 -1.13530482
v 1.22978595 3.57132200 -1.13480113
v 1.22939648 3.63136951 -1.19518351
v 0.35624581 3.74188459 -1.13523164
v 0.31613336 3.70200476 -1.13519846
v 0.31615793 3.74208369 -1.13525932
v 0.35635437 3.70173178 -1.13496613
v 0.41654297 3.74174128 -1.13511527
v 0.41647119 3.70166892 -1.13516086
v 0.47678990 3.74175088 -1.13520164
v 0.47668944 3.70177279 -1.13534722
v 0.53701617 3.74213579 -1.13530783
v 0.53706536 3.70189001 -1.13505858
v 0.59737998 3.74190410 -1.13505025
v 0.59724616 3.70201709 -1.13517175
v 0.65732859 3.74222160 -1.13525649
v 0.65758303 3.70187326 -1.13506724
v 0.71766759 3.74184246 -1.13518753
v 0.71813907 3.70181589 -1.13520361
v 0.77802674 3.74203077 -1.13497214
v 0.77798038 3.70167840 -1.13527358
v 0.83815122 3.74202229 -1.13513538
v 0.83831540 3.70197816 -1.13522669
v 0.89859864 3.74196824 -1.13525564
v 0.89839797 3.70171632 -1.13518623
v 0.95880921 3.74203983 -1.13515804
v 0.95882292 3.70179028 -1.13515402
v 1.01890289 3.74216310 -1.13499149
v 1.01885624 3.70186659 -1.13516799
v 1.07912411 3.74200322 -1.13517556
v 1.07917308 3.70172762 -1.13521027
v 1.13921111 3.74182557 -1.13520878
v 1.13949370 3.70195944 -1.13515287
v 1.22958366 3.74181703 -1.13514414
v 1.18951509 3.70161695 -1.13523737
v 1.22973204 3.70180829 -1.13531558
v 1.18955973 3.70183668 -1.13511101
v 1.13952615 3.70182299 -1.19541653
v 1.18984890 3.70175022 -1.19522221
v 1.13931643 3.70190307 -1.13538220
v 0.31630866 3.09935512 -1.13523858
v 0.31618054 3.70167946 -1.12550874
v 0.31646161 3.09938872 -1.12533431
v 0.31636678 3.14984144 -1.13520698
v 0.31618694 3.20970686 -1.13514843
v 0.31608565 3.27033748 -1.13521904
v 0.31628094 3.33021664 -1.13527324
v 0.31626210 3.39042281 -1.13509127
v 0.31611149 3.45083033 -1.13531471
v 0.31632820 3.51084029 -1.13520757
v 0.31619885 3.57101503 -1.13529913
v 0.31622915 3.63134569 -1.13523471
v 0.31586886 3.69172397 -1.13531931
v 0.31606400 3.70165491 -1.13524986
v 0.35629873 3.70179541 -1.13508612
v 0.31626928 3.70172558 -1.19527659
v 0.35624886 3.70170168 -1.19580955
v 0.31621029 3.70169059 -1.13505498
v 0.47677270 3.70167863 -1.13490784
v 0.41665206 3.70165640 -1.19563032
v 0.47666337 3.70189814 -1.19542926
v 0.41666442 3.70179778 -1.13528339
v 0.59722268 3.70185486 -1.13523425
v 0.53701744 3.70172015 -1.19542242
v 0.59746648 3.70180283 -1.19531612
v 0.53692929 3.70163199 -1.13504056
v 0.71781886 3.70179450 -1.13522367
v 0.65772554 3.70180291 -1.19548006
v 0.71771114 3.70172097 -1.19531843
v 0.65760814 3.70182671 -1.13495670
v 0.83828413 3.70176784 -1.13510939
v 0.77807272 3.70154658 -1.19555948
v 0.83832303 3.70186706 -1.19546155
v 0.77794036 3.70159077 -1.13517920
v 0.95873097 3.70184145 -1.13524785
v 0.89838775 3.70188188 -1.19544488
v 0.95870348 3.70155050 -1.19549089
v 0.89862602 3.70192575 -1.13523024
v 1.07921285 3.70176509 -1.13493488
v 1.01859509 3.70174671 -1.19584515
v 1.07924762 3.70195543 -1.19544433
v 1.01893785 3.70182119 -1.13504641
v 1.22946393 3.69167254 -1.13515844
v 1.18952909 3.69163275 -1.19554461
v 1.22969727 3.69174643 -1.19528346
v 1.18959041 3.69160132 -1.13518207
v 1.22986836 3.57118786 -1.13520934
v 1.18967573 3.57117843 -1.19544978
v 1.22973716 3.57132098 -1.19567795
v 1.18960862 3.57120364 -1.13520973
v 1.18970412 3.63155387 -1.13491412
v 1.22979871 3.63123689 -1.19550772
v 1.18962565 3.63149677 -1.19527126
v 1.22949991 3.63153855 -1.13518221
v 1.22976108 3.45076714 -1.13523144
v 1.18939589 3.45101990 -1.19555384
v 1.22986023 3.45076430 -1.19545185
v 1.18981473 3.45076658 -1.13505332
v 1.18956301 3.51109788 -1.13524828
v 1.22960487 3.51093354 -1.19532916
v 1.18963592 3.51106838 -1.19545592
v 1.22976261 3.51113689 -1.13517459
v 1.22976034 3.33015043 -1.13527685
v 1.18949114 3.33021635 -1.19539917
v 1.22996323 3.33049820 -1.19536203
v 1.18945361 3.33040417 -1.13499105
v 1.18944043 3.39045882 -1.13553045
v 1.22953869 3.39080577 -1.19518376
v 1.18967967 3.39061157 -1.19550023
v 1.22984161 3.39053650 -1.13494591
v 1.22985944 3.20999537 -1.13517590
v 1.18949965 3.21001606 -1.19548025
v 1.22956739 3.21002063 -1.19532498
v 1.18957910 3.20992503 -1.13487121
v 1.18928095 3.27008554 -1.13514151
v 1.22969943 3.26999068 -1.19523688
v 1.18987108 3.27022199 -1.19526324
v 1.22964702 3.27006255 -1.13515060
v 1.18968637 3.70172437 -1.19525723
v 0.31626247 3.70187271 -1.20526610
v 1.18965840 3.70164577 -1.20562429
v 0.31613781 3.70174591 -1.19543657
v 1.22968025 3.70179370 -1.20545658
v 1.22980573 3.74185414 -1.20532593
v 1.18928854 3.70180000 -1.19541966
v 1.13945841 3.74213594 -1.19531367
v 1.13941024 3.70170404 -1.19534520
v 1.22970655 3.74185529 -1.19528237
v 1.22976961 3.70180923 -1.19542738
v 1.13927708 3.74165168 -1.13513447
v 1.22982069 3.74193847 -1.19556641
v 1.13932315 3.74190216 -1.19561311
v 1.22971547 3.74193504 -1.13519991
v 0.31606381 3.74186793 -1.12524739
v 0.35620993 3.74173851 -1.13520847
v 0.31611846 3.74216670 -1.13518363
v 0.41663509 3.74190386 -1.13528126
v 0.47693524 3.74197596 -1.13512171
v 0.53711616 3.74168252 -1.13512604
v 0.59726890 3.74191275 -1.13507471
v 0.65749088 3.74174978 -1.13513955
v 0.71802328 3.74174793 -1.13515596
v 0.77794947 3.74206614 -1.13519783
v 0.83806073 3.74165221 -1.13501517
v 0.89845679 3.74181482 -1.13522159
v 0.95868875 3.74180739 -1.13522672
v 1.01901016 3.74175055 -1.13506152
v 1.07907270 3.74194085 -1.13501069
v 1.13925332 3.74190544 -1.13514229
v 1.22985115 3.74180661 -1.13501498
v 1.22948829 3.74193915 -1.12529535
v 0.31619248 3.74200962 -1.13523153
v 0.27619090 3.69174121 -1.13511678
v 0.27612792 3.74164071 -1.13499230
v 0.27586879 3.63151234 -1.13515719
v 0.27585167 3.57122474 -1.13527098
v 0.27595152 3.51106240 -1.13516942
v 0.27607238 3.45081786 -1.13537053
v 0.27611450 3.39040929 -1.13525207
v 0.27599201 3.33015141 -1.13512586
v 0.27626238 3.27005352 -1.13511061
v 0.27596318 3.20993246 -1.13498935
v 0.27615786 3.14949583 -1.13518545
v 0.27601637 3.13955578 -1.13495745
v 0.27599149 3.09933948 -1.13511236
v 0.31610516 3.09929919 -1.13546070
v 0.31604676 3.70167470 -1.13528384
v 0.31627099 3.69173884 -1.13501008
v 0.31628019 3.63144677 -1.13518482
v 1.13966364 3.74193572 -1.13509445
v 1.13956235 3.70169129 -1.19532736
v 1.13944297 3.70171652 -1.13501023
v 1.13927443 3.74187615 -1.19547057
v 0.31604583 3.69185487 -1.19545805
v 0.31605675 3.70167727 -1.13529620
v 0.31639119 3.69179689 -1.13504457
v 0.31624002 3.70181419 -1.19554668
v 0.31630035 3.09939185 -1.13513593
v 0.27604521 3.09930216 -1.19523636
v 0.31616474 3.09971079 -1.19540917
v 0.27607652 3.09951543 -1.13510814
v 0.31630216 3.09944557 -1.12508955
v 0.27597164 3.09928813 -1.12493231
v 0.31628901 3.09945035 -1.19561797
v 0.31637997 3.09944030 -1.13536239
v 0.31617265 3.14973132 -1.19539781
v 0.31636469 3.20943536 -1.19528590
v 0.31614623 3.27014307 -1.13523805
v 0.31628608 3.20995661 -1.13505814
v 0.31623990 3.27019116 -1.19536611
v 0.31613302 3.33032435 -1.19528030
v 0.31595193 3.39075054 -1.13521441
v 0.31634097 3.33030551 -1.13537995
v 0.31601661 3.39047781 -1.19560930
v 0.31631596 3.45059993 -1.19566507
v 0.31632293 3.51099355 -1.13532761
v 0.31612307 3.45076357 -1.13521286
v 0.31615835 3.51069439 -1.19554806
v 0.31603234 3.57122313 -1.19539065
v 0.31620036 3.63144541 -1.13522842
v 0.31596360 3.57134953 -1.13511190
v 0.31629376 3.63150896 -1.19554869
v 0.35632173 3.70171760 -1.19554481
v 0.35655799 3.74195761 -1.13499397
v 0.35649208 3.70178847 -1.13523550
v 0.35638349 3.74184661 -1.19554901
v 0.47670965 3.70179506 -1.19559101
v 0.47681086 3.74172894 -1.13504384
v 0.47681764 3.70172834 -1.13516647
v 0.47678158 3.74173748 -1.19549025
v 0.41678499 3.74194739 -1.13505495
v 0.41691668 3.70178895 -1.19545320
v 0.41676167 3.70176575 -1.13532916
v 0.41643109 3.74182092 -1.19539777
v 0.59725418 3.70170769 -1.19557918
v 0.59723607 3.74191871 -1.13542989
v 0.59719125 3.70202980 -1.13505882
v 0.59746116 3.74164928 -1.19544739
v 0.53712379 3.74190265 -1.13508875
v 0.53711317 3.70182943 -1.19529995
v 0.53684349 3.70179995 -1.13534662
v 0.53711857 3.74207580 -1.19544087
v 0.71755940 3.70158270 -1.19543661
v 0.71768147 3.74211271 -1.13523542
v 0.71799486 3.70175487 -1.13533878
v 0.71804369 3.74187192 -1.19524120
v 0.65771443 3.74189073 -1.13511018
v 0.65765193 3.70193236 -1.19546384
v 0.65739056 3.70190419 -1.13512307
v 0.65729132 3.74204520 -1.19560482
v 0.83818046 3.70168194 -1.19546564
v 0.83822147 3.74179177 -1.13506783
v 0.83829645 3.70183812 -1.13503642
v 0.83838553 3.74193605 -1.19540535
v 0.77792457 3.74196197 -1.13523532
v 0.77777607 3.70181425 -1.19556046
v 0.77818409 3.70199165 -1.13510201
v 0.77786472 3.74192167 -1.19555887
v 0.95859431 3.70164278 -1.19544571
v 0.95870225 3.74190032 -1.13515895
v 0.95856030 3.70189913 -1.13506449
v 0.95861139 3.74196396 -1.19551227
v 0.89835397 3.74190270 -1.13507856
v 0.89842884 3.70179211 -1.19539388
v 0.89829040 3.70139598 -1.13537945
v 0.89838251 3.74180731 -1.19555146
v 1.07892292 3.70178436 -1.19529844
v 1.07932565 3.74198058 -1.13529524
v 1.07921907 3.70152177 -1.13508676
v 1.07926334 3.74179982 -1.19539414
v 1.01895781 3.74192713 -1.13497020
v 1.01893650 3.70160362 -1.19558123
v 1.01906064 3.70155412 -1.13517368
v 1.01872089 3.74198181 -1.19544703
v 0.35649690 3.70156832 -1.19562023
v 0.31617573 3.74183827 -1.19527830
v 0.31619877 3.70176160 -1.19546972
v 0.35653897 3.74162917 -1.19545516
v 0.41642449 3.70154766 -1.19519219
v 0.41676112 3.74203453 -1.19553685
v 0.47689671 3.70181706 -1.19542643
v 0.47691826 3.74205358 -1.19533638
v 0.53722631 3.70189588 -1.19546343
v 0.53713906 3.74176247 -1.19563421
v 0.59743419 3.70164315 -1.19539153
v 0.59720885 3.74191418 -1.19526368
v 0.65768550 3.70173883 -1.19536512
v 0.65749777 3.74197350 -1.19555561
v 0.71787816 3.70180761 -1.19552572
v 0.71791047 3.74186109 -1.19559565
v 0.77799285 3.70178909 -1.19533188
v 0.77797781 3.74205029 -1.19537801
v 0.83813372 3.70173362 -1.19524603
v 0.83799669 3.74206959 -1.19551610
v 0.89856847 3.70169826 -1.19531962
v 0.89854804 3.74167664 -1.19565361
v 0.95863463 3.70161159 -1.19556394
v 0.95878979 3.74183954 -1.19551822
v 1.01885071 3.70161515 -1.19550150
v 1.01880535 3.74212200 -1.19525986
v 1.07916245 3.70190818 -1.19534486
v 1.07913055 3.74190590 -1.19544960
v 1.13959718 3.70188377 -1.19548000
v 1.13925568 3.74179352 -1.19541432
v 0.31628118 3.09947975 -1.20558059
v 0.31624194 3.14973280 -1.19568976
v 0.31607830 3.09930021 -1.19549672
v 0.31618575 3.70165902 -1.20546934
v 0.31585917 3.20987698 -1.19553979
v 0.31642456 3.26989015 -1.19559954
v 0.31609624 3.33047921 -1.19561278
v 0.31622844 3.39069537 -1.19540186
v 0.31603576 3.45078186 -1.19544730
v 0.31616674 3.51092320 -1.19534778
v 0.31623983 3.57137950 -1.19532078
v 0.31611187 3.63140802 -1.19520629
v 0.31593503 3.70191970 -1.19522849
v 0.31621586 3.74198407 -1.19504222
v 1.22962811 3.74205433 -1.20539218
v 0.31615032 3.74204236 -1.20537244
v 1.22966846 3.74207157 -1.19548794
v 0.31621184 3.74194960 -1.13496897
v 0.35654522 3.74203308 -1.19546160
v 0.31635639 3.74169032 -1.19553589
v 0.35650497 3.74201271 -1.13500231
v 0.27626112 3.74189070 -1.13533792
v 0.31602685 3.74197528 -1.19536490
v 0.27635585 3.74188420 -1.19530898
v 0.31650676 3.74202171 -1.13489886
v 0.27622459 3.74182458 -1.12531374
v 0.31623742 3.74203333 -1.12519847
v 1.01907997 3.74196055 -1.13521220
v 1.07914128 3.74187989 -1.19544232
v 1.01890165 3.74197610 -1.19559513
v 1.07908610 3.74177575 -1.13542564
v 0.89844795 3.74156670 -1.13538127
v 0.95860612 3.74169681 -1.19543772
v 0.89858102 3.74188398 -1.19558454
v 0.95880696 3.74198227 -1.13535998
v 0.77809222 3.74190834 -1.13519266
v 0.83817908 3.74183560 -1.19553880
v 0.77799417 3.74182699 -1.19549019
v 0.83828666 3.74187094 -1.13537221
v 0.65740447 3.74202282 -1.13499431
v 0.71775228 3.74185964 -1.19548175
v 0.65756377 3.74191189 -1.19512124
v 0.71774287 3.74189392 -1.13512768
v 0.53720409 3.74185767 -1.13529228
v 0.59730301 3.74193472 -1.19543741
v 0.53729816 3.74198917 -1.19526310
v 0.59744540 3.74171693 -1.13528251
v 0.41657632 3.74191977 -1.13516758
v 0.47672222 3.74197212 -1.19555434
v 0.41667828 3.74208253 -1.19539612
v 0.47687246 3.74219712 -1.13518109
v 0.27597804 3.74179542 -1.12522306
v 0.27611288 3.13950765 -1.13507923
v 0.27598710 3.13944662 -1.12523183
v 0.27611283 3.14959989 -1.13513284
v 0.27612717 3.21011573 -1.13496052
v 0.27611428 3.27021571 -1.13516767
v 0.27598038 3.33044665 -1.13539092
v 0.27645863 3.39049525 -1.13526554
v 0.27603305 3.45073109 -1.13546645
v 0.27626529 3.51091109 -1.13533704
v 0.27597480 3.57130661 -1.13504040
v 0.27609788 3.63171778 -1.13503667
v 0.27605167 3.69158922 -1.13507757
v 0.27607391 3.74195734 -1.13511915
v -0.54707922 3.13955127 -1.13531513
v -0.63727302 3.09951589 -1.13511392
v -0.63753791 3.13967780 -1.13531831
v -0.54719868 3.09963101 -1.13494359
v -0.48677355 3.13935263 -1.13512477
v -0.48701472 3.09952689 -1.13501493
v -0.42666208 3.13936547 -1.13523558
v -0.42678397 3.09942622 -1.13525590
v -0.36622238 3.13930161 -1.13528487
v -0.36646675 3.09934878 -1.13521468
v -0.30613618 3.13982438 -1.13520113
v -0.30642745 3.09941698 -1.13525237
v -0.24582921 3.13955794 -1.13503924
v -0.24613065 3.09914588 -1.13512915
v -0.18556690 3.13950903 -1.13513475
v -0.18575355 3.09969713 -1.13507192
v -0.12544888 3.13961397 -1.13499627
v -0.12546259 3.09946551 -1.13518468
v -0.06519277 3.13989563 -1.13523255
v -0.06515704 3.09932005 -1.13515685
v -0.00523284 3.13978984 -1.13507350
v -0.00500887 3.09928391 -1.13492133
v 0.05544476 3.13945002 -1.13528680
v 0.05512463 3.09936445 -1.13524461
v 0.11547186 3.13943862 -1.13507329
v 0.11543163 3.09943372 -1.13502071
v 0.17583147 3.13960041 -1.13525045
v 0.17572913 3.09940109 -1.13506074
v 0.23574260 3.13953276 -1.13525433
v 0.23587484 3.09944206 -1.13525436
v 0.27590075 3.13958821 -1.13508300
v 0.27578391 3.09945376 -1.13517558
v 0.31634018 3.69164324 -1.13519639
v 0.27613963 3.69166172 -1.19546613
v 0.31617347 3.69154713 -1.19535680
v 0.27611484 3.69172547 -1.13530858
v 0.27610836 3.09946403 -1.12522864
v 0.23572137 3.09949458 -1.13519886
v 0.27615134 3.09928649 -1.13551628
v 0.17571882 3.09941209 -1.13535251
v 0.11537553 3.09938650 -1.13530116
v 0.05529287 3.09921762 -1.13544554
v -0.00530547 3.09948065 -1.13560188
v -0.06523080 3.09947804 -1.13521529
v -0.12547472 3.09953629 -1.13526258
v -0.18572124 3.09967975 -1.13524411
v -0.24598553 3.09953203 -1.13516075
v -0.30618964 3.09946362 -1.13528010
v -0.36640694 3.09956425 -1.13516938
v -0.42679506 3.09931744 -1.13539608
v -0.48684815 3.09957033 -1.13527763
v -0.54692116 3.09937251 -1.13539953
v -0.63753848 3.09947264 -1.13518643
v -0.63746309 3.09925623 -1.12510677
v 0.27598761 3.09926648 -1.13517199
v 0.23592609 3.09954993 -1.19547258
v 0.27636956 3.09957224 -1.19532961
v 0.23570880 3.09916377 -1.13519933
v 0.31632037 3.09959561 -1.19555132
v 0.27628129 3.09927445 -1.20556635
v 0.31611876 3.09952585 -1.20552223
v 0.27621837 3.09934454 -1.19523157
v 0.27607737 3.14955848 -1.13520343
v 0.31631418 3.14955749 -1.19553322
v 0.27618563 3.14978568 -1.19526094
v 0.31605215 3.14967689 -1.13511831
v 0.27586461 3.27015187 -1.13511716
v 0.31645076 3.26995322 -1.19543938
v 0.27638951 3.26998307 -1.19549675
v 0.31615078 3.26990473 -1.13508952
v 0.31652107 3.20994423 -1.13508159
v 0.27588613 3.20983020 -1.19553063
v 0.31605810 3.20965142 -1.19534684
v 0.27593070 3.20994806 -1.13512710
v 0.27610234 3.39042141 -1.13501764
v 0.31631294 3.39076447 -1.19526179
v 0.27611700 3.39074183 -1.19539115
v 0.31617926 3.39047488 -1.13518523
v 0.31622754 3.33010930 -1.13516581
v 0.27622499 3.33026044 -1.19513429
v 0.31611426 3.33038483 -1.19527467
v 0.27621661 3.33040020 -1.13517196
v 0.27613644 3.51086056 -1.13524158
v 0.31609249 3.51109542 -1.19522485
v 0.27600081 3.51103443 -1.19519179
v 0.31620258 3.51106349 -1.13516856
v 0.31625577 3.45058197 -1.13508663
v 0.27613957 3.45055502 -1.19518400
v 0.31620044 3.45061954 -1.19544513
v 0.27615904 3.45070682 -1.13512044
v 0.27604125 3.63159462 -1.13520627
v 0.31627568 3.63158797 -1.19539467
v 0.27614855 3.63148882 -1.19538613
v 0.31639856 3.63142468 -1.13513768
v 0.31592788 3.57124689 -1.13509765
v 0.27611993 3.57115138 -1.19541804
v 0.31619020 3.57134445 -1.19535731
v 0.27596368 3.57153888 -1.13532735
v 0.31633613 3.09939628 -1.19531266
v 0.27627241 3.13972326 -1.19540162
v 0.27610583 3.09939658 -1.19547245
v 0.27619902 3.14960501 -1.19537456
v 0.27624828 3.20992741 -1.19555758
v 0.27593793 3.26992862 -1.19555640
v 0.27595918 3.33038769 -1.19554606
v 0.27599699 3.39032723 -1.19555543
v 0.27603419 3.45080316 -1.19528011
v 0.27604781 3.51122085 -1.19567261
v 0.27619466 3.57121722 -1.19529816
v 0.27621956 3.63155681 -1.19553784
v 0.27609741 3.69183114 -1.19551643
v 0.27614401 3.74203212 -1.19541004
v 0.31608039 3.74182450 -1.19545476
v 0.31632847 3.14961138 -1.19553736
v 0.31636867 3.20995106 -1.19528954
v 0.31604279 3.26993697 -1.19535731
v 0.31623845 3.33002054 -1.19540343
v 0.31611137 3.39068124 -1.19533316
v 0.31627252 3.45064485 -1.19531583
v 0.31595051 3.51089887 -1.19565536
v 0.31586410 3.57113542 -1.19540703
v 0.31615894 3.63162237 -1.19568121
v 0.27596851 3.74179168 -1.19539549
v 0.31612436 3.74197323 -1.20546066
v 0.27613990 3.74159460 -1.20546927
v 0.31610089 3.74190518 -1.19554074
v 0.27616340 3.74182108 -1.13507859
v 0.27610041 3.69168862 -1.19541496
v 0.27595839 3.74173077 -1.19560735
v 0.27617681 3.63137394 -1.13516950
v 0.27599795 3.57128645 -1.19537180
v 0.27609986 3.57143246 -1.13536496
v 0.27586346 3.63163580 -1.19555282
v 0.27599712 3.51133322 -1.13508364
v 0.27571234 3.45088984 -1.19539380
v 0.27579558 3.45092169 -1.13506451
v 0.27593324 3.51107061 -1.19534659
v 0.27594170 3.39051230 -1.13510078
v 0.27614707 3.33030076 -1.19559558
v 0.27594387 3.33037540 -1.13530053
v 0.27623820 3.39054222 -1.19561017
v 0.27564892 3.27009830 -1.13511855
v 0.27602964 3.20982460 -1.19553067
v 0.27597527 3.20972955 -1.13507260
v 0.27600542 3.27012985 -1.19538258
v 0.27635545 3.14959910 -1.13520447
v 0.27621179 3.13973218 -1.19527166
v 0.27605048 3.13939819 -1.13528140
v 0.27573131 3.14942138 -1.19516360
v -0.63734760 3.13952244 -1.12524430
v -0.54723002 3.13947114 -1.13515675
v -0.63735490 3.13956936 -1.13504282
v -0.48720121 3.13971148 -1.13496238
v -0.42656584 3.13949564 -1.13525639
v -0.36658045 3.13946887 -1.13542787
v -0.30615430 3.13953412 -1.13515008
v -0.24587246 3.13961749 -1.13531147
v -0.18583987 3.13961081 -1.13533075
v -0.12543120 3.13966767 -1.13520613
v -0.06524151 3.13955881 -1.13512120
v -0.00507844 3.13957391 -1.13490992
v 0.05508686 3.13955816 -1.13512398
v 0.11538102 3.13962527 -1.13517749
v 0.17573059 3.13967431 -1.13495068
v 0.23601131 3.13968899 -1.13506641
v 0.27609515 3.13982270 -1.13527989
v 0.27604561 3.13967585 -1.12515600
v -0.63753183 3.13953018 -1.12516753
v -0.63760291 3.09935068 -1.13523852
v -0.63755349 3.09954311 -1.12523333
v -0.63737847 3.09924215 -1.19541854
v -0.63725521 3.13950820 -1.13498394
v -0.63724222 3.13964075 -1.19545177
v -0.54701413 3.09916697 -1.13517542
v -0.63733105 3.09948379 -1.19546438
v -0.54705719 3.09938405 -1.19548654
v -0.63739799 3.09941847 -1.13523896
v -0.42684026 3.09960037 -1.13533657
v -0.48698051 3.09945875 -1.19544438
v -0.42682200 3.09936947 -1.19546193
v -0.48673125 3.09933646 -1.13531953
v -0.30615831 3.09936859 -1.13531780
v -0.36635217 3.09941703 -1.19543558
v -0.30604585 3.09944405 -1.19548767
v -0.36661106 3.09928012 -1.13525825
v -0.18578257 3.09927207 -1.13525121
v -0.24599576 3.09922882 -1.19551019
v -0.18591936 3.09922947 -1.19529486
v -0.24587796 3.09917324 -1.13534757
v -0.06527370 3.09937364 -1.13520514
v -0.12549264 3.09948531 -1.19563305
v -0.06526912 3.09947401 -1.19559760
v -0.12546358 3.09958329 -1.13526790
v 0.05524270 3.09942743 -1.13485546
v -0.00489750 3.09939993 -1.19566658
v 0.05526743 3.09940236 -1.19520772
v -0.00479460 3.09962302 -1.13514803
v 0.17551775 3.09957094 -1.13520041
v 0.11561514 3.09939906 -1.19563625
v 0.17544809 3.09929661 -1.19530964
v 0.11525466 3.09943307 -1.13528889
v 0.23607718 3.13959775 -1.13532151
v 0.23592248 3.09959904 -1.19538629
v 0.23593894 3.09924137 -1.13507372
v 0.23592664 3.13971169 -1.19546580
v 0.27598911 3.09961619 -1.19557614
v -0.63755996 3.09946324 -1.20575916
v 0.27604870 3.09960579 -1.20561396
v -0.63765473 3.09938346 -1.19527565
v 0.27599197 3.13937850 -1.20535377
v 0.27603956 3.13961356 -1.19508412
v 0.27602691 3.74168362 -1.20535921
v 0.27623502 3.20987708 -1.19535499
v 0.27611389 3.27017058 -1.19519871
v 0.27585338 3.33030318 -1.19536937
v 0.27620620 3.39035299 -1.19541761
v 0.27602471 3.45066790 -1.19525520
v 0.27615411 3.51118258 -1.19529507
v 0.27610031 3.57112423 -1.19563102
v 0.27608807 3.63148476 -1.19555519
v 0.27606551 3.69165009 -1.19538252
v 0.27634970 3.74192796 -1.19535542
v -0.54703396 3.09966324 -1.19547622
v -0.63759014 3.13953907 -1.19556290
v -0.63735209 3.09944921 -1.19562021
v -0.54703589 3.13938868 -1.19553906
v -0.48681418 3.09922969 -1.19533317
v -0.48701629 3.13932311 -1.19536443
v -0.42655903 3.09938747 -1.19538965
v -0.42680007 3.13967532 -1.19518653
v -0.36655249 3.09930279 -1.19549808
v -0.36623836 3.13948300 -1.19544001
v -0.30625149 3.09934890 -1.19551880
v -0.30610432 3.13953475 -1.19517949
v -0.24602572 3.09963897 -1.19530743
v -0.24607077 3.13972807 -1.19533041
v -0.18575677 3.09940797 -1.19532461
v -0.18571231 3.13967486 -1.19535745
v -0.12531822 3.09938234 -1.19554528
v -0.12531433 3.13950607 -1.19525994
v -0.06527128 3.09934922 -1.19533695
v -0.06517082 3.13977821 -1.19555947
v -0.00475044 3.09940891 -1.19545703
v -0.00501640 3.13965018 -1.19548227
v 0.05517254 3.09938809 -1.19524814
v 0.05501975 3.13946457 -1.19546172
v 0.11542215 3.09927605 -1.19552856
v 0.11537371 3.13968314 -1.19537748
v 0.17580055 3.09936192 -1.19557849
v 0.17577170 3.13951441 -1.19559143
v 0.23581812 3.09943941 -1.19567932
v 0.23585114 3.13972864 -1.19549585
v 0.27615060 3.09961478 -1.19538966
v 0.27606541 3.13958948 -1.19515168
v 0.23594465 3.13966677 -1.13507661
v 0.27601180 3.13970273 -1.19568089
v 0.23596081 3.13966790 -1.19541060
v 0.27597939 3.13956818 -1.13502466
v -0.63738180 3.13964726 -1.13521464
v -0.54725264 3.13949288 -1.19547256
v -0.63740583 3.13973911 -1.19571831
v -0.54722471 3.13960902 -1.13496261
v 0.11526539 3.13953434 -1.13503513
v 0.17575207 3.13932660 -1.19568803
v 0.11534838 3.13938793 -1.19544440
v 0.17581754 3.13957926 -1.13517221
v -0.00518426 3.13948665 -1.13511718
v 0.05527378 3.13971679 -1.19536389
v -0.00485940 3.13938820 -1.19527936
v 0.05488751 3.13966412 -1.13492395
v -0.12553578 3.13964689 -1.13521767
v -0.06539444 3.13957113 -1.19538074
v -0.12546898 3.13966100 -1.19545726
v -0.06546395 3.13976923 -1.13520717
v -0.24610817 3.13948235 -1.13530197
v -0.18576176 3.13959847 -1.19552176
v -0.24619157 3.13951186 -1.19522434
v -0.18570448 3.13973632 -1.13534537
v -0.36640186 3.13956727 -1.13490182
v -0.30597726 3.13937460 -1.19549142
v -0.36626134 3.13944856 -1.19572271
v -0.30620377 3.13967717 -1.13519251
v -0.48691845 3.13975417 -1.13516266
v -0.42673871 3.13953721 -1.19548476
v -0.48677375 3.13963516 -1.19563737
v -0.42658246 3.13942821 -1.13525364
v -0.63728188 3.09922560 -1.20556362
v -0.63751705 3.13943541 -1.20532100
v -0.54717806 3.09943970 -1.19545478
v -0.54699784 3.13964181 -1.13505544
v -0.54724203 3.09939531 -1.13508454
v -0.54703476 3.13967217 -1.19540789
v -0.42674579 3.09946574 -1.19545692
v -0.42659611 3.13949838 -1.13531728
v -0.42668171 3.09955892 -1.13504037
v -0.42675067 3.13966120 -1.19538173
v -0.48711602 3.13951656 -1.13509214
v -0.48676757 3.09931261 -1.19544814
v -0.48701046 3.09926855 -1.13527010
v -0.48679964 3.13947589 -1.19546240
v -0.30638398 3.09940134 -1.19570036
v -0.30618623 3.13984997 -1.13520922
v -0.30624973 3.09957840 -1.13528920
v -0.30602409 3.13959891 -1.19546948
v -0.36625365 3.13949121 -1.13514469
v -0.36650029 3.09932547 -1.19522847
v -0.36643237 3.09939257 -1.13493663
v -0.36632792 3.13984964 -1.19527512
v -0.18560682 3.09933450 -1.19526174
v -0.18579861 3.13970739 -1.13517464
v -0.18555639 3.09956156 -1.13533112
v -0.18559846 3.13953731 -1.19535065
v -0.24591426 3.13956429 -1.13521280
v -0.24587533 3.09954855 -1.19529838
v -0.24608402 3.09946266 -1.13508052
v -0.24560997 3.13955368 -1.19544355
v -0.06506281 3.09937233 -1.19548256
v -0.06506056 3.13969696 -1.13510402
v -0.06524720 3.09929200 -1.13519150
v -0.06526816 3.13936901 -1.19545275
v -0.12550314 3.13966040 -1.13523364
v -0.12539093 3.09938128 -1.19524480
v -0.12518319 3.09933488 -1.13504261
v -0.12537864 3.13971721 -1.19545369
v 0.05522665 3.09948913 -1.19540222
v 0.05539739 3.13988282 -1.13526426
v 0.05505472 3.09931894 -1.13501122
v 0.05527038 3.13960588 -1.19561382
v -0.00505586 3.13955239 -1.13498018
v -0.00501420 3.09958051 -1.19548309
v -0.00492361 3.09941293 -1.13510171
v -0.00489707 3.13941426 -1.19526195
v 0.17591506 3.09964942 -1.19540486
v 0.17580495 3.13963017 -1.13523330
v 0.17557423 3.09935523 -1.13516755
v 0.17567976 3.13973094 -1.19550683
v 0.11555157 3.13938520 -1.13524777
v 0.11540980 3.09954306 -1.19520577
v 0.11529586 3.09931878 -1.13524739
v 0.11501746 3.13972137 -1.19543713
v -0.63722296 3.13946781 -1.19545008
v 0.27586326 3.13928959 -1.20556282
v -0.63729975 3.13943144 -1.20518355
v 0.27616291 3.13953979 -1.19549588
v -1.60101264 1.62368006 -1.14527442
v -1.60094742 1.38295902 -1.62708071
v -1.60117112 1.38303199 -1.14511122
v -1.60101593 1.62356817 -1.62700964
v -1.36013656 1.38288270 -1.14516430
v -1.60134135 1.38282263 -1.62742788
v -1.36015676 1.38276515 -1.62706909
v -1.60103628 1.38295386 -1.14525021
v -1.60106924 1.62364896 -1.14511798
v -1.36016411 1.62374778 -1.62723204
v -1.60122895 1.62376186 -1.62709793
v -1.36035441 1.62374921 -1.14515796
v -1.36037342 1.38269892 -1.62721956
v -1.36025045 1.48331468 -1.14507641
v -1.36021295 1.38276908 -1.14539016
v -1.36018719 1.46315961 -1.62712857
v -1.36005176 1.54334609 -1.62701644
v -1.36039615 1.52341363 -1.14517031
v -1.36040443 1.62405779 -1.14508002
v -1.36045868 1.62378093 -1.62701664
v -1.47051834 -5.51379714 -1.28587757
v -1.47074324 -6.24665275 -1.62712310
v -1.47071063 -6.24653645 -1.28589708
v -1.47068197 -5.51371170 -1.62699900
v -2.07286364 -6.24641867 -1.62709576
v -2.07300349 -5.51374859 -1.28591360
v -2.07308427 -6.24678575 -1.28591278
v -2.07296987 -5.51353742 -1.62698412
v -3.12701603 1.76419777 -0.34201259
v -2.52468160 1.76427127 -1.62697808
v -3.12717088 1.76432024 -1.62699743
v -2.52495639 1.76425986 -0.34217628
v -2.52495362 1.72414922 -1.62712651
v -2.52484658 1.76419739 -0.34198900
v -2.52488034 1.72429114 -0.34217149
v -2.52467776 1.76422989 -1.62696611
v -2.52482837 1.72425650 -0.34200201
v -3.12715298 1.72423097 -1.62717933
v -2.52460747 1.72423546 -1.62716644
v -3.12701207 1.72417725 -0.34231164
v -2.08277916 -5.51374833 -1.28567666
v -2.08284967 -6.24670732 -1.62725143
v -2.08316399 -6.24647929 -1.28580486
v -2.08288679 -5.51361821 -1.62709933
v -2.24344712 -6.32680309 -0.77391025
v -2.24353604 -6.39717735 -1.45636356
v -2.24371761 -6.39700498 -0.77381028
v -2.24365129 -6.32690541 -1.45619012
v -2.23360856 -6.32664412 -1.45680784
v -2.24362847 -6.39714692 -1.45638403
v -2.24352481 -6.32697980 -1.45613624
v -2.23346806 -6.39708010 -1.45643242
v -2.23356683 -6.39723789 -0.77384467
v -2.24368579 -6.39719263 -1.45633461
v -2.23364629 -6.39706474 -1.45630197
v -2.24354609 -6.39695012 -0.77382768
v -2.23354327 -6.39720546 -0.77393583
v -2.24360566 -6.32681174 -0.77383887
v -2.24356163 -6.39720285 -0.77397970
v -2.23375741 -6.32685098 -0.77374174
v -2.23345471 -6.39706643 -1.45650651
v -2.23370490 -6.32709052 -0.77383504
v -2.23340631 -6.39714582 -0.77372042
v -2.23353539 -6.32675008 -1.45629449
v -2.24347621 -6.89905102 -0.77406198
v -2.23346904 -6.89901368 -1.45640101
v -2.24360185 -6.89910344 -1.45661135
v -2.23366560 -6.89888542 -0.77379883
v -2.23357373 -6.89905784 -1.45629950
v -2.24374041 -6.95923866 -1.45647864
v -2.24350696 -6.89916260 -1.45619066
v -2.23351786 -6.95910644 -1.45634168
v -2.24379820 -6.89899899 -0.77371739
v -2.24352992 -6.95927215 -1.45625635
v -2.24371057 -6.95929351 -0.77368570
v -2.24370625 -6.89921640 -1.45614368
v -2.23351402 -6.95946188 -0.77371789
v -2.24363301 -6.89907618 -0.77384342
v -2.24361405 -6.95916588 -0.77382795
v -2.23356619 -6.89896269 -0.77371748
v -2.23369616 -6.95940279 -1.45647438
v -2.23372602 -6.89925991 -0.77376328
v -2.23346501 -6.95925435 -0.77392485
v -2.23396611 -6.89904413 -1.45642401
v -2.24384146 -6.95910328 -1.45632743
v -2.58491092 -6.96915728 -1.45650041
v -2.58486755 -6.95929328 -1.45641734
v -1.81165016 -6.96922494 -1.45661161
v -2.23364921 -6.95916969 -1.45662460
v -1.81211780 -6.95940659 -1.45647058
v -1.81184976 -6.96923330 -0.77377817
v -2.58488703 -6.95912818 -0.77398624
v -2.58493391 -6.96927736 -0.77383943
v -2.24371709 -6.95913454 -0.77380852
v -2.23345170 -6.95914171 -0.77389547
v -1.81199385 -6.95933420 -0.77383079
v -2.58500521 -6.95945093 -0.77408983
v -2.24384044 -6.95932932 -1.45634354
v -2.58509021 -6.95930660 -1.45639656
v -2.23364802 -6.95948186 -1.45650976
v -1.81194527 -6.95929333 -1.45625603
v -1.81172723 -6.95906788 -0.77382853
v -1.81173989 -6.96946178 -0.77376000
v -2.58487224 -6.96934706 -1.45646416
v -1.81199974 -6.96923140 -1.45640655
v -2.58489312 -6.96919026 -0.77402085
v -2.58494221 -6.95930412 -0.77403473
v -2.58497443 -6.96936994 -1.45656077
v -2.58496178 -6.96944296 -0.77388878
v -2.58485824 -6.95940781 -1.45661248
v 1.93252821 -0.02247584 -1.28579365
v 1.01879181 -0.02284363 -1.62719732
v 1.93256223 -0.02259844 -1.62691541
v 1.01883207 -0.02272043 -1.28602728
v 1.01861648 -0.74572330 -1.62733212
v 1.01909933 -0.02249761 -1.28579922
v 1.01891307 -0.74523800 -1.28566483
v 1.01880189 -0.02264494 -1.62722663
v 1.01886480 -0.74523078 -1.28579146
v 0.77793910 -0.74550247 -1.62730100
v 1.01910286 -0.74548250 -1.62716372
v 0.77813085 -0.74517129 -1.28583510
v 0.77813395 -0.74504366 -1.28556545
v -1.04909989 -0.74522699 -1.62718752
v 0.77797594 -0.74532578 -1.62719407
v -1.04922129 -0.74543574 -1.28565168
vt 1.25950003 -0.32809997
vt 0.63450003 -0.06250000
vt 1.25950003 -0.06250000
vt 0.63450003 -0.32809997
vt 1.56250000 -0.32809997
vt 1.37500000 -0.06250000
vt 1.37500000 -0.32809997
vt 1.56250000 -0.06250000
vt 0.63450003 -0.32809997
vt 1.25950003 -0.06250000
vt 0.63450003 -0.06250000
vt 1.25950003 -0.32809997
vt -2.92190003 -0.72660005
vt -2.92969990 -0.19529998
vt -2.92969990 -0.72660005
vt -2.92190003 -0.19529998
vt -4.85939980 -0.72660005
vt -4.50780010 -0.19529998
vt -4.85939980 -0.19529998
vt -4.50780010 -0.72660005
vt -4.47660017 2.92190003
vt -4.82810020 2.92969990
vt -4.82810020 2.92190003
vt -4.47660017 2.92969990
vt -4.50780010 -0.72660005
vt -4.85939980 -0.19529998
vt -4.50780010 -0.19529998
vt -4.85939980 -0.72660005
vt -4.47660017 2.92969990
vt -4.82810020 2.92190003
vt -4.82810020 2.92969990
vt -4.47660017 2.92190003
vt -2.92969990 -0.19529998
vt -2.92190003 -0.72660005
vt -2.92969990 -0.72660005
vt -2.92190003 -0.19529998
vt 9.00000000 -1.00000000
vt 7.69999981 0.00000000
vt 9.00000000 0.00000000
vt 7.69999981 -1.00000000
vt 7.69999981 -381.99899292
vt 9.00000000 -382.99899292
vt 9.00000000 -381.99899292
vt 7.69999981 -382.99899292
vt 7.69999981 -382.99899292
vt 9.00000000 -381.99899292
vt 9.00000000 -382.99899292
vt 7.69999981 -381.99899292
vt 382.99899292 0.00000000
vt 381.99899292 -1.00000000
vt 382.99899292 -1.00000000
vt 381.99899292 0.00000000
vt 7.69999981 -1.00000000
vt 9.00000000 0.00000000
vt 7.69999981 0.00000000
vt 9.00000000 -1.00000000
vt -3.36549997 -0.06250000
vt -2.79521203 -0.32809997
vt -3.36551189 -0.32810104
vt -2.79520011 -0.06250000
vt -2.92190003 -0.72660005
vt -2.92969990 -0.19529998
vt -2.92969990 -0.72660005
vt -2.92190003 -0.19529998
vt -4.85739994 -0.72660005
vt -4.50589991 -0.19529998
vt -4.85739994 -0.19529998
vt -4.50589991 -0.72660005
vt -4.47660017 2.92190003
vt -4.82810020 2.92969990
vt -4.82810020 2.92190003
vt -4.47660017 2.92969990
vt -4.50589991 -0.72660005
vt -4.85739994 -0.19529998
vt -4.50589991 -0.19529998
vt -4.85739994 -0.72660005
vt -4.47660017 2.92969990
vt -4.82810020 2.92190003
vt -4.82810020 2.92969990
vt -4.47660017 2.92190003
vt -2.92969990 -0.19529998
vt -2.92190003 -0.72660005
vt -2.92969990 -0.72660005
vt -2.92190003 -0.19529998
vt 3.17190003 -0.72660005
vt 3.54690003 -0.19530106
vt 3.54690003 -0.72660005
vt 3.17190003 -0.19529998
vt -4.92969990 -0.72660005
vt -4.92189980 -0.19529998
vt -4.92969990 -0.19529998
vt -4.92189980 -0.72660005
vt 3.17190003 4.92189980
vt 3.54690003 4.92969990
vt 3.17190003 4.92969990
vt 3.54690003 4.92189980
vt -4.92189980 -0.72660005
vt -4.92969990 -0.19529998
vt -4.92189980 -0.19529998
vt -4.92969990 -0.72660005
vt 3.54690003 4.92189980
vt 3.17190003 4.92969990
vt 3.54690003 4.92969990
vt 3.17190003 4.92189980
vt 3.54690003 -0.19529998
vt 3.17190003 -0.72660005
vt 3.54690003 -0.72659898
vt 3.17190003 -0.19529998
vt -0.45930001 -0.32809997
vt -1.36549997 -0.06250000
vt -0.45930001 -0.06250000
vt -1.36549997 -0.32809997
vt -0.91240001 -0.15629995
vt -1.62329996 -0.06250000
vt -0.91240001 -0.06250000
vt -1.62329996 -0.15629995
vt -1.43750000 1.62337971
vt -1.57029998 1.75620008
vt -1.43750000 1.75620008
vt -1.57029998 0.91240001
vt -1.43750000 0.91240001
vt 1.52509999 -0.06250000
vt 2.08759999 -0.15629995
vt 1.52509999 -0.15629995
vt 2.08759999 -0.06250000
vt -2.43750000 -1.52509999
vt -2.57030010 -2.08759999
vt -2.57030010 -1.52509999
vt -2.43750000 -2.08759999
vt -1.75619996 -0.15629995
vt -0.91240001 -0.06250000
vt -1.75619996 -0.06250000
vt -0.91240001 -0.15629995
vt -1.57029998 -0.15629995
vt -1.43750000 -0.06250000
vt -1.43750000 -0.15629995
vt -1.57029998 -0.06250000
vt -2.43750000 -0.15629995
vt -2.57030010 -0.06250000
vt -2.43750000 -0.06250000
vt -2.57030010 -0.15629995
vt 2.08759999 -0.15629995
vt 1.52509999 -0.06250000
vt 1.52509999 -0.15629995
vt 2.08759999 -0.06250000
vt 3.07030010 -0.72660005
vt 3.07809997 -0.19529998
vt 3.07809997 -0.72660005
vt 3.07030010 -0.19529998
vt 3.17190003 -3.07030010
vt 3.22659993 -3.07810020
vt 3.22659993 -3.07030010
vt 3.17190003 -3.07810020
vt 3.17190003 -0.72660005
vt 3.22659993 -0.19529998
vt 3.17190003 -0.19529998
vt 3.22659993 -0.72660005
vt 3.17190003 -3.07810020
vt 3.22659993 -3.07030010
vt 3.22659993 -3.07810020
vt 3.17190003 -3.07030010
vt 3.22659993 -0.72660005
vt 3.17190003 -0.19529998
vt 3.22659993 -0.19529998
vt 3.17190003 -0.72660005
vt 1.25950003 -0.32809997
vt 0.63450003 -0.06250000
vt 1.25950003 -0.06250000
vt 0.63450003 -0.32809997
vt -1.43750000 -0.32809997
vt -1.62500000 -0.06250000
vt -1.62500000 -0.32809997
vt -1.43750000 -0.06250000
vt 3.07809997 -0.19529998
vt 3.07030010 -0.72660005
vt 3.07809997 -0.72660005
vt 3.07030010 -0.19529998
vt 5.17189980 -3.07030010
vt 5.22660017 -3.07810020
vt 5.22660017 -3.07030010
vt 5.17189980 -3.07810020
vt 5.22660017 -0.72660005
vt 5.17189980 -0.19529998
vt 5.22660017 -0.19529998
vt 5.17189980 -0.72660005
vt 5.17189980 -3.07810020
vt 5.22660017 -3.07030010
vt 5.22660017 -3.07810020
vt 5.17189980 -3.07030010
vt 5.17189980 -0.72660005
vt 5.22660017 -0.19529998
vt 5.17189980 -0.19529998
vt 5.22660017 -0.72660005
vt -4.81080008 -0.32809997
vt -3.91249990 -0.06250000
vt -3.91249990 -0.32809997
vt -4.81080008 -0.06250000
vt -2.81080008 -0.32809997
vt -0.92019999 -0.06250000
vt -2.81080008 -0.06250000
vt -0.92019999 -0.32809997
vt -0.62500000 -0.32809997
vt -0.43750000 -0.06250000
vt -0.43750000 -0.32809997
vt -0.62500000 -0.06250000
vt -0.43750000 -0.06250000
vt -0.62500000 -0.32809997
vt -0.43750000 -0.32809997
vt -0.62500000 -0.06250000
vt -0.92019999 -0.32809997
vt -2.81080008 -0.06250000
vt -0.92019999 -0.06250000
vt -2.81080008 -0.32809997
vt -3.45316100 -0.43750000
vt -3.50002098 -0.06250000
vt -3.37506104 -0.43750000
vt -3.48440003 -0.43750000
vt -3.56250000 -0.43750000
vt -3.56250000 -0.06250000
vt -3.50000000 -0.06250000
vt -3.45309997 -0.06250000
vt -3.37500000 -0.43750000
vt -1.96710002 -0.43750000
vt -1.77960002 -0.06250000
vt -1.96710002 -0.06250000
vt -1.77960002 -0.43750000
vt -3.45309997 -0.06250000
vt -3.43750000 -0.06250000
vt -3.37500000 -0.43750000
vt -3.37500000 -0.06250000
vt -3.56250000 -0.43750000
vt -3.37500000 -0.43750000
vt -3.56250000 -0.06250000
vt -3.43750000 -0.06250000
vt -3.37500000 -0.06250000
vt -3.37500000 -0.43750000
vt -1.77960002 -0.43750000
vt -1.96710002 -0.06250000
vt -1.77960002 -0.06250000
vt -1.96710002 -0.43750000
vt -4.94530010 -0.96879601
vt -4.91410017 0.03125161
vt -4.91410017 -0.96879601
vt -4.94530010 0.03125161
vt 1.69529998 -0.96879601
vt 1.37500000 0.03124487
vt 1.69529998 0.03125161
vt 1.37500000 -0.96880305
vt 1.37500000 -0.23437405
vt 1.56249499 0.03125751
vt 1.37500405 0.03126550
vt 1.69529998 0.03125179
vt 1.69528496 -0.96880198
vt 1.37498903 -0.96878898
vt -4.91410017 -0.23444903
vt -4.94530010 -0.96875703
vt -4.91410017 -0.96879995
vt -4.91410017 0.03116733
vt -4.94530010 0.03121001
vt -3.91240001 -0.06250000
vt -4.81080008 -0.32809997
vt -3.91240001 -0.32809997
vt -4.81080008 -0.06250000
vt -4.94530010 -0.96879601
vt -4.91410017 0.03125161
vt -4.91410017 -0.96879601
vt -4.94530010 0.03125161
vt 1.69529998 -0.96879601
vt 1.56249297 0.03125662
vt 1.69529998 0.03125161
vt 1.37500000 0.03126383
vt 1.37500000 -0.23437405
vt 1.37500000 -0.96878397
vt 1.37500000 -0.96879995
vt 1.69529998 0.03125322
vt 1.37500000 0.03130001
vt 1.69529998 -0.96884704
vt 1.78129995 3.28130007
vt 1.84379995 3.25000000
vt 1.84379995 3.28130007
vt 1.78129995 3.25000000
vt 1.84379995 3.28130007
vt 2.54719710 3.25000000
vt 2.59409690 3.25000000
vt 2.50029707 3.25000000
vt 2.45339704 3.25000000
vt 2.40649700 3.25000000
vt 2.35960007 3.25000000
vt 2.31270003 3.25000000
vt 2.26580000 3.25000000
vt 2.21889997 3.25000000
vt 2.17199993 3.25000000
vt 2.12509990 3.25000000
vt 2.07820010 3.25000000
vt 2.03130007 3.25000000
vt 1.98440003 3.25000000
vt 1.93750000 3.25000000
vt 1.89059997 3.25000000
vt 1.84370303 3.25000000
vt -3.78740001 -0.08440006
vt -2.69367504 -0.07659996
vt -2.74055004 -0.07659996
vt -2.64679909 -0.07659996
vt -2.59992409 -0.07659996
vt -2.55304790 -0.07659996
vt -2.50617599 -0.07659996
vt -2.45930004 -0.07659996
vt -2.41242409 -0.07659996
vt -2.36554909 -0.07659996
vt -2.31867290 -0.07659996
vt -2.27179790 -0.07659996
vt -2.22492194 -0.07659996
vt -2.17804694 -0.07659996
vt -2.13117099 -0.07659996
vt -2.08429503 -0.07659996
vt -2.03742003 -0.07659996
vt -1.99054694 -0.07659996
vt -1.92804503 -0.07659996
vt -1.92799997 -0.08440006
vt -1.92799997 -0.08440006
vt -1.99056804 -0.07659996
vt -1.92806602 -0.07659996
vt -2.03744102 -0.07659996
vt -2.08431602 -0.07659996
vt -2.13119197 -0.07659996
vt -2.17806792 -0.07659996
vt -2.22494292 -0.07659996
vt -2.27181911 -0.07659996
vt -2.31869411 -0.07659996
vt -2.36557007 -0.07659996
vt -2.41244507 -0.07659996
vt -2.45932102 -0.07659996
vt -2.50619698 -0.07659996
vt -2.55306911 -0.07659996
vt -2.59994507 -0.07659996
vt -2.64682007 -0.07659996
vt -2.69369602 -0.07659996
vt -2.74057102 -0.07659996
vt -2.78744698 -0.07659996
vt -2.83432293 -0.07659996
vt -2.88119793 -0.07659996
vt -2.92807388 -0.07659996
vt -2.97495008 -0.07659996
vt -3.02182508 -0.07659996
vt -3.06870103 -0.07659996
vt -3.11557603 -0.07659996
vt -3.16244888 -0.07659996
vt -3.20932388 -0.07659996
vt -3.25620008 -0.07659996
vt -3.30307603 -0.07659996
vt -3.34995103 -0.07659996
vt -3.39682698 -0.07659996
vt -3.44370198 -0.07659996
vt -3.49057794 -0.07659996
vt -3.53744698 -0.07659996
vt -3.58432603 -0.07659996
vt -3.63120389 -0.07659996
vt -3.67808294 -0.07659996
vt -3.72496200 -0.07659996
vt -3.78746605 -0.07659996
vt -3.78740001 -0.08440006
vt -3.49219990 -0.07659996
vt -3.46090007 -0.02980006
vt -3.46090007 -0.07659996
vt -3.49219990 -0.02980006
vt 2.01559997 3.25000000
vt 2.06250000 3.28130007
vt 2.06250000 3.25000000
vt 2.01559997 3.28130007
vt 2.48440003 3.25000000
vt 2.53130007 3.28130007
vt 2.53130007 3.25000000
vt 2.48440003 3.28130007
vt -3.46090007 1.92799997
vt -3.49219990 3.78740001
vt -3.46090007 3.78740001
vt -3.49219990 1.92799997
vt -1.79519999 -0.07660103
vt -1.72488701 -0.02980006
vt -1.79519999 -0.02980006
vt -1.73269999 -0.06879997
vt -1.73269999 -0.07660103
vt -1.72488701 -0.06879997
vt -2.30299997 -0.07659996
vt -2.25620008 -0.02980006
vt -2.30299997 -0.02980006
vt -2.25620008 -0.07659996
vt -2.39680004 -0.07659996
vt -2.34990001 -0.02980006
vt -2.39680004 -0.02980006
vt -2.34990001 -0.07659996
vt -2.58430004 -0.07659996
vt -2.53740001 -0.02980006
vt -2.58430004 -0.02980006
vt -2.53740001 -0.07659996
vt -2.67799997 -0.07659996
vt -2.63120008 -0.02980006
vt -2.67799997 -0.02980006
vt -2.63120008 -0.07659996
vt -2.39680004 -0.07659996
vt -2.34990001 -0.02980006
vt -2.39680004 -0.02980006
vt -2.34990001 -0.07659996
vt -2.49049997 -0.07659996
vt -2.44370008 -0.02980006
vt -2.49049997 -0.02980006
vt -2.44370008 -0.07659996
vt -2.58430004 -0.07659996
vt -2.53740001 -0.02980006
vt -2.58430004 -0.02980006
vt -2.53740001 -0.07659996
vt -2.67799997 -0.07659996
vt -2.63120008 -0.02980006
vt -2.67799997 -0.02980006
vt -2.63120008 -0.07659996
vt -3.78740001 -0.08440006
vt -3.72490001 -0.07659996
vt -3.78740001 -0.07659996
vt -3.67802501 -0.07659996
vt -3.63115001 -0.07659996
vt -3.58427501 -0.07659996
vt -3.53740001 -0.07659996
vt -3.49053407 -0.07659996
vt -3.44366193 -0.07659996
vt -3.39679098 -0.07659996
vt -3.34991789 -0.07659996
vt -3.30304694 -0.07659996
vt -3.25617504 -0.07659996
vt -3.20930290 -0.07659996
vt -3.16243100 -0.07659996
vt -3.11556196 -0.07659996
vt -3.06869006 -0.07659996
vt -3.02181792 -0.07659996
vt -2.97494602 -0.07659996
vt -2.92807388 -0.07659996
vt -2.88120198 -0.07659996
vt -2.83433008 -0.07659996
vt -2.78745794 -0.07659996
vt -2.74058604 -0.07659996
vt -3.16243100 -0.02980304
vt -3.20930290 -0.02980304
vt -3.25617504 -0.02980304
vt -3.30304694 -0.02980304
vt -3.34991789 -0.02980304
vt -3.39679098 -0.02980304
vt 3.57809997 3.28130007
vt 3.64059997 3.25000000
vt 3.64059997 3.28130007
vt 3.57809997 3.25000000
vt 3.53122497 3.28130007
vt 3.53122497 3.25000000
vt 3.48434997 3.28130007
vt 3.48434997 3.25000000
vt 3.43747497 3.28130007
vt 3.43747497 3.25000000
vt 3.39059997 3.28130007
vt 3.39059997 3.25000000
vt 3.34373403 3.28130007
vt 3.34373403 3.25000000
vt 3.29686189 3.28130007
vt 3.29686189 3.25000000
vt 3.24999094 3.28130007
vt 3.24999094 3.25000000
vt 2.59378600 3.25000000
vt -3.72490001 -0.07659996
vt -3.79521203 -0.02980006
vt -3.72490001 -0.02979898
vt -3.78740001 -0.06879997
vt -3.78740001 -0.07660103
vt -3.79521203 -0.06879997
vt -3.63120008 -0.07659996
vt -3.67799997 -0.02980006
vt -3.63120008 -0.02980006
vt -3.67799997 -0.07659996
vt -3.53740001 -0.07659996
vt -3.58430004 -0.02980006
vt -3.53740001 -0.02980006
vt -3.58430004 -0.07659996
vt -3.44370008 -0.07659996
vt -3.49049997 -0.02980006
vt -3.44370008 -0.02980006
vt -3.49049997 -0.07659996
vt -3.34990001 -0.07659996
vt -3.39680004 -0.02980006
vt -3.34990001 -0.02980006
vt -3.39680004 -0.07659996
vt -3.25620008 -0.07659996
vt -3.30299997 -0.02980006
vt -3.25620008 -0.02980006
vt -3.30299997 -0.07659996
vt -3.16240001 -0.07659996
vt -3.20930004 -0.02980006
vt -3.16240001 -0.02980006
vt -3.20930004 -0.07659996
vt -3.63120008 -0.07659996
vt -3.67799997 -0.02980006
vt -3.63120008 -0.02980006
vt -3.67799997 -0.07659996
vt -3.53740001 -0.07659996
vt -3.58430004 -0.02980006
vt -3.53740001 -0.02980006
vt -3.58430004 -0.07659996
vt -2.53740001 -0.07659996
vt -2.58430004 -0.02980006
vt -2.53740001 -0.02980006
vt -2.58430004 -0.07659996
vt -2.44370008 -0.07659996
vt -2.49049997 -0.02980006
vt -2.44370008 -0.02980006
vt -2.49049997 -0.07659996
vt -2.63120008 -0.07659996
vt -2.67799997 -0.02980006
vt -2.63120008 -0.02980006
vt -2.67799997 -0.07659996
vt -2.53740001 -0.07659996
vt -2.58430004 -0.02980006
vt -2.53740001 -0.02980006
vt -2.58430004 -0.07659996
vt -2.44370008 -0.07659996
vt -2.49049997 -0.02980006
vt -2.44370008 -0.02980006
vt -2.49049997 -0.07659996
vt -2.53740001 -0.07659996
vt -2.58430004 -0.02980006
vt -2.53740001 -0.02980006
vt -2.58430004 -0.07659996
vt -2.16240001 -0.07659996
vt -2.20930004 -0.02980006
vt -2.16240001 -0.02980006
vt -2.20930004 -0.07659996
vt -2.44370008 -0.07659996
vt -2.49049997 -0.02980006
vt -2.44370008 -0.02980006
vt -2.49049997 -0.07659996
vt -2.34990001 -0.07659996
vt -2.39680004 -0.02980006
vt -2.34990001 -0.02980006
vt -2.39680004 -0.07659996
vt -2.25620008 -0.07659996
vt -2.30299997 -0.02980006
vt -2.25620008 -0.02980006
vt -2.30299997 -0.07659996
vt -1.72488701 -0.06879997
vt -1.79519999 -0.02979898
vt -1.72488701 -0.02980006
vt -1.73269999 -0.06879997
vt -1.79519999 -0.07659996
vt -1.73269999 -0.07660103
vt -3.28130007 -0.44529998
vt -3.25000000 -0.39839995
vt -3.25000000 -0.44529998
vt -3.28130007 -0.39839995
vt -3.25000000 -0.39839995
vt -3.28130007 -0.44529998
vt -3.25000000 -0.44529998
vt -3.28130007 -0.39839995
vt -3.28130007 -0.44529998
vt -3.25000000 -0.39839995
vt -3.25000000 -0.44529998
vt -3.28130007 -0.39839995
vt -3.25000000 -0.39839995
vt -3.28130007 -0.44529998
vt -3.25000000 -0.44529998
vt -3.28130007 -0.39839995
vt -3.79524708 -0.02980006
vt -1.92019999 -0.02190006
vt -3.79520011 -0.02190006
vt -1.92024696 -0.02980006
vt -3.25000000 -0.39839995
vt -3.28130007 -0.44529998
vt -3.25000000 -0.44529998
vt -3.28130007 -0.39839995
vt -3.28130007 -0.44529998
vt -3.25000000 -0.39839995
vt -3.25000000 -0.44529998
vt -3.28130007 -0.39839995
vt -3.25000000 -0.39839995
vt -3.28130007 -0.44529998
vt -3.25000000 -0.44529998
vt -3.28130007 -0.39839995
vt -3.28130007 -0.44529998
vt -3.25000000 -0.39839995
vt -3.25000000 -0.44529998
vt -3.28130007 -0.39839995
vt -3.25000000 -0.39839995
vt -3.28130007 -0.44529998
vt -3.25000000 -0.44529998
vt -3.28130007 -0.39839995
vt -3.28130007 -0.44529998
vt -3.25000000 -0.39839995
vt -3.25000000 -0.44529998
vt -3.28130007 -0.39839995
vt -3.25000000 -0.39839995
vt -3.28130007 -0.44529998
vt -3.25000000 -0.44529998
vt -3.28130007 -0.39839995
vt -3.28130007 -0.44529998
vt -3.25000000 -0.39839995
vt -3.25000000 -0.44529998
vt -3.28130007 -0.39839995
vt -3.25000000 -0.39839995
vt -3.28130007 -0.44529998
vt -3.25000000 -0.44529998
vt -3.28130007 -0.39839995
vt -3.28130007 -0.44529998
vt -3.25000000 -0.39839995
vt -3.25000000 -0.44529998
vt -3.28130007 -0.39839995
vt -3.25000000 -0.39839995
vt -3.28130007 -0.44529998
vt -3.25000000 -0.44529998
vt -3.28130007 -0.39839995
vt -3.28130007 -0.44529998
vt -3.25000000 -0.39839995
vt -3.25000000 -0.44529998
vt -3.28130007 -0.39839995
vt -3.25000000 -0.39839995
vt -3.28130007 -0.44529998
vt -3.25000000 -0.44529998
vt -3.28130007 -0.39839995
vt -3.28130007 -0.44529998
vt -3.25000000 -0.39839995
vt -3.25000000 -0.44529998
vt -3.28130007 -0.39839995
vt -3.25000000 -0.39839995
vt -3.28130007 -0.44529998
vt -3.25000000 -0.44529998
vt -3.28130007 -0.39839995
vt -3.28130007 -0.44529998
vt -3.25000000 -0.39839995
vt -3.25000000 -0.44529998
vt -3.28130007 -0.39839995
vt -3.25000000 -0.39839995
vt -3.28130007 -0.44529998
vt -3.25000000 -0.44529998
vt -3.28130007 -0.39839995
vt -3.28130007 -0.44529998
vt -3.25000000 -0.39839995
vt -3.25000000 -0.44529998
vt -3.28130007 -0.39839995
vt -3.49049997 -0.07659996
vt -3.44370008 -0.02980006
vt -3.49049997 -0.02980006
vt -3.44370008 -0.07659996
vt -3.58430004 -0.07659996
vt -3.53740001 -0.02980006
vt -3.58430004 -0.02980006
vt -3.53740001 -0.07659996
vt -3.67799997 -0.07659996
vt -3.63120008 -0.02980006
vt -3.67799997 -0.02980006
vt -3.63120008 -0.07659996
vt -3.79521298 -0.06879997
vt -3.72490001 -0.02979898
vt -3.79521298 -0.02980006
vt -3.78740001 -0.06879997
vt -3.72490001 -0.07659996
vt -3.78740001 -0.07660103
vt -2.49049997 -0.07659996
vt -2.44370008 -0.02980006
vt -2.49049997 -0.02980006
vt -2.44370008 -0.07659996
vt -2.58430004 -0.07659996
vt -2.53740001 -0.02980006
vt -2.58430004 -0.02980006
vt -2.53740001 -0.07659996
vt -3.58430004 -0.07659996
vt -3.53740001 -0.02980006
vt -3.58430004 -0.02980006
vt -3.53740001 -0.07659996
vt -3.67799997 -0.07659996
vt -3.63120008 -0.02980006
vt -3.67799997 -0.02980006
vt -3.63120008 -0.07659996
vt -1.92018700 -0.02980006
vt -3.79520011 -0.02190006
vt -1.92019999 -0.02190006
vt -3.79518700 -0.02980006
vt -3.25000000 -0.39839995
vt -3.28130007 -0.44529998
vt -3.25000000 -0.44529998
vt -3.28130007 -0.39839995
vt -3.28130007 -0.44529998
vt -3.25000000 -0.39839995
vt -3.25000000 -0.44529998
vt -3.28130007 -0.39839995
vt -3.25000000 -0.39839995
vt -3.28130007 -0.44529998
vt -3.25000000 -0.44529998
vt -3.28130007 -0.39839995
vt -3.28130007 -0.44529998
vt -3.25000000 -0.39839995
vt -3.25000000 -0.44529998
vt -3.28130007 -0.39839995
vt -3.25000000 -0.39839995
vt -3.28130007 -0.44529998
vt -3.25000000 -0.44529998
vt -3.28130007 -0.39839995
vt -3.28130007 -0.44529998
vt -3.25000000 -0.39839995
vt -3.25000000 -0.44529998
vt -3.28130007 -0.39839995
vt -3.25000000 -0.39839995
vt -3.28130007 -0.44529998
vt -3.25000000 -0.44529998
vt -3.28130007 -0.39839995
vt -3.28130007 -0.44529998
vt -3.25000000 -0.39839995
vt -3.25000000 -0.44529998
vt -3.28130007 -0.39839995
vt -3.25000000 -0.39839995
vt -3.28130007 -0.44529998
vt -3.25000000 -0.44529998
vt -3.28130007 -0.39839995
vt -3.28130007 -0.44529998
vt -3.25000000 -0.39839995
vt -3.25000000 -0.44529998
vt -3.28130007 -0.39839995
vt -3.25000000 -0.39839995
vt -3.28130007 -0.44529998
vt -3.25000000 -0.44529998
vt -3.28130007 -0.39839995
vt -3.28130007 -0.44529998
vt -3.25000000 -0.39839995
vt -3.25000000 -0.44529998
vt -3.28130007 -0.39839995
vt -3.25000000 -0.39839995
vt -3.28130007 -0.44529998
vt -3.25000000 -0.44529998
vt -3.28130007 -0.39839995
vt -3.28130007 -0.44529998
vt -3.25000000 -0.39839995
vt -3.25000000 -0.44529998
vt -3.28130007 -0.39839995
vt -3.25000000 -0.39839995
vt -3.28130007 -0.44529998
vt -3.25000000 -0.44529998
vt -3.28130007 -0.39839995
vt 2.21880007 3.25000000
vt 2.26559997 3.28130007
vt 2.26559997 3.25000000
vt 2.21880007 3.28130007
vt 2.17199993 3.25000000
vt 2.17199993 3.28130007
vt 2.12520003 3.25000000
vt 2.12520003 3.28130007
vt 2.03119993 3.25000000
vt 2.07820010 3.28130007
vt 2.07809997 3.25000000
vt 2.03130007 3.28130007
vt 1.98430002 3.25000000
vt 1.98440003 3.28130007
vt 1.93739998 3.25000000
vt 1.93750000 3.28130007
vt 1.89049995 3.25000000
vt 1.89059997 3.28130007
vt 1.84360301 3.25000000
vt 1.84370303 3.28130007
vt 1.77325201 3.25000000
vt 1.77335203 3.28130007
vt 3.57879996 3.25000000
vt 3.64915490 3.28130007
vt 3.64915490 3.25000000
vt 3.57879996 3.28130007
vt 3.53189707 3.25000000
vt 3.53189707 3.28130007
vt 3.48499393 3.25000000
vt 3.48499393 3.28130007
vt 3.43809104 3.25000000
vt 3.43809104 3.28130007
vt 3.39118791 3.25000000
vt 3.39118791 3.28130007
vt 3.34429407 3.25000000
vt 3.34429407 3.28130007
vt 3.29739404 3.25000000
vt 3.29739404 3.28130007
vt 3.25049400 3.25000000
vt 3.25049400 3.28130007
vt 3.20359397 3.25000000
vt 3.20359397 3.28130007
vt 3.15669394 3.25000000
vt 3.15669394 3.28130007
vt 3.10979390 3.25000000
vt 3.10979390 3.28130007
vt 3.06289411 3.25000000
vt 3.06289411 3.28130007
vt 3.01599407 3.25000000
vt 3.01599407 3.28130007
vt 2.96909690 3.25000000
vt 2.96909690 3.28130007
vt 2.92219710 3.25000000
vt 2.92219710 3.28130007
vt 2.87529707 3.25000000
vt 2.87529707 3.28130007
vt 2.82839704 3.25000000
vt 2.82839704 3.28130007
vt 2.78149700 3.25000000
vt 2.78149700 3.28130007
vt 2.73459697 3.25000000
vt 2.73459697 3.28130007
vt 2.68769693 3.25000000
vt 2.68769693 3.28130007
vt 2.64079690 3.25000000
vt 2.64079690 3.28130007
vt 2.59389710 3.25000000
vt 2.59389710 3.28130007
vt 2.54699707 3.25000000
vt 2.54699707 3.28130007
vt 2.50009704 3.25000000
vt 2.50009704 3.28130007
vt 2.45319700 3.25000000
vt 2.45319700 3.28130007
vt 2.40629697 3.25000000
vt 2.40629697 3.28130007
vt 2.35940003 3.25000000
vt 2.35940003 3.28130007
vt 2.31250000 3.25000000
vt 2.31250000 3.28130007
vt -3.46090007 1.92019999
vt -3.49219990 3.79520011
vt -3.49219990 1.92019999
vt -3.49219990 -0.02980006
vt -3.46090007 -0.02190006
vt -3.46090007 -0.02980006
vt -3.49219990 -0.02190006
vt -3.46090007 -0.02190006
vt -3.49219990 -0.02980006
vt -3.46090007 -0.02980006
vt -3.49219990 -0.02190006
vt -3.43750000 1.87330008
vt -3.45309997 3.74830008
vt -3.43750000 3.74830008
vt -3.45309997 1.87330008
vt -3.45309997 1.87330008
vt -3.50000000 3.74830008
vt -3.48434806 3.74830008
vt -3.50005198 1.87330008
vt -1.87329996 -0.39059997
vt -3.74830008 -0.06250000
vt -1.87329996 -0.06250000
vt -3.74830008 -0.39059997
vt -3.74830008 -0.39059997
vt -1.87329996 -0.06250000
vt -3.74830008 -0.06250000
vt -1.87329996 -0.39059997
vt -3.80859995 -0.32806504
vt -2.38664794 -0.06251705
vt -3.80859995 -0.06246495
vt -2.38664794 -0.32811701
vt 2.08759999 -0.32809997
vt 1.71259999 -0.06250000
vt 1.71259999 -0.32809997
vt 2.08759999 -0.06250000
vt -1.62500000 -0.32809997
vt -1.43750000 -0.06250000
vt -1.43750000 -0.32809997
vt -1.62500000 -0.06250000
vt -1.81079304 -0.32809997
vt -0.91238719 -0.06250000
vt -1.81079996 -0.06250000
vt -0.91238010 -0.32809997
vt -2.63120008 -0.07659996
vt -2.67799997 -0.02980006
vt -2.63120008 -0.02980006
vt -2.67799997 -0.07659996
vt -2.39680004 -0.07659996
vt -2.34990001 -0.07659996
vt -2.39680004 -0.02980006
vt -2.34990001 -0.02980006
vt -2.20930004 -0.07659996
vt -2.16240001 -0.02980006
vt -2.20930004 -0.02980006
vt -2.16240001 -0.07659996
vt -2.44370008 -0.07659996
vt -2.49049997 -0.07659996
vt -2.44370008 -0.02980006
vt -2.49049997 -0.02980006
vt -3.46090007 1.92019999
vt -3.46090007 3.79520011
vt -3.49219990 3.79520011
vt -3.48440003 3.74830008
vt -3.45309997 3.74830008
vt -3.45309997 1.87330008
vt 2.93750000 5.28130007
vt 2.96880007 5.25000000
vt 2.96880007 5.28130007
vt 2.93750000 5.25000000
vt -3.08430004 -0.08440006
vt -3.11551690 -0.07659996
vt -3.08426690 -0.07659996
vt -3.16239405 -0.07659996
vt -3.20927095 -0.07659996
vt -3.25614691 -0.07659996
vt -3.30302405 -0.07659996
vt -3.34990096 -0.07659996
vt -3.39677191 -0.07659996
vt -3.44365096 -0.07659996
vt -3.49053097 -0.07659996
vt -3.53741097 -0.07659996
vt -3.58429098 -0.07659996
vt -3.63117099 -0.07659996
vt -3.67805099 -0.07659996
vt -3.72490001 -0.07659996
vt -3.76396704 -0.07659996
vt -3.76399994 -0.08440006
vt 3.57802010 5.28130007
vt 3.64847994 5.25000000
vt 3.64840007 5.28130007
vt 3.64849997 5.24217415
vt 3.61719990 5.25000000
vt 3.64861989 5.19522285
vt 3.64874005 5.14827108
vt 3.64885998 5.10131979
vt 3.64897990 5.05436802
vt 3.64910007 5.00742006
vt 3.64921999 4.96046829
vt 3.64933991 4.91351700
vt 3.64946008 4.86656475
vt 3.64958000 4.81961298
vt 3.64969993 4.77266216
vt 3.57809997 5.25000000
vt 3.53113103 5.28130007
vt 3.53121090 5.25000000
vt 3.48421097 5.28130007
vt 3.48429108 5.25000000
vt 3.43729091 5.28130007
vt 3.43737102 5.25000000
vt 3.39037108 5.28130007
vt 3.39045095 5.25000000
vt 3.34345102 5.28130007
vt 3.34353089 5.25000000
vt 3.29653096 5.28130007
vt 3.29661107 5.25000000
vt 3.24961090 5.28130007
vt 3.24969101 5.25000000
vt 3.20269990 5.28130007
vt 3.20278001 5.25000000
vt 3.15578294 5.28130007
vt 3.15586305 5.25000000
vt 3.10886598 5.28130007
vt 3.10894608 5.25000000
vt 3.06194901 5.28130007
vt 3.06202888 5.25000000
vt 3.01503205 5.28130007
vt 3.01511192 5.25000000
vt 2.96811604 5.28130007
vt 2.96819592 5.25000000
vt 3.61841989 4.77266216
vt 3.61721992 5.24217415
vt 3.61734009 5.19522285
vt -3.79520011 -0.08440006
vt -3.72483706 -0.07659996
vt -3.79515195 -0.07659996
vt -3.67799211 -0.07659996
vt -3.63111496 -0.07659996
vt -3.58423901 -0.07659996
vt -3.53736210 -0.07659996
vt -3.49048591 -0.07659996
vt -3.44360995 -0.07659996
vt -3.39673305 -0.07659996
vt -3.34986711 -0.07659996
vt -3.30299306 -0.07659996
vt -3.25611997 -0.07659996
vt -3.20924711 -0.07659996
vt -3.16237307 -0.07659996
vt -3.11549997 -0.07659996
vt -3.08425212 -0.07659996
vt -3.08430004 -0.08440006
vt -3.35160089 -5.21898222
vt -3.38280106 -5.18773317
vt -3.38280106 -5.21899891
vt -3.38280106 -5.17991590
vt -3.38280106 -5.13301611
vt -3.38280106 -5.08611584
vt -3.38280106 -5.03921604
vt -3.38280106 -4.99231577
vt -3.38280106 -4.94541883
vt -3.38280106 -4.89851904
vt -3.38280106 -4.85161877
vt -3.38280106 -4.80471897
vt -3.38280106 -4.75781918
vt -3.38280106 -4.75000191
vt -3.35160089 -4.74998522
vt -3.35160089 -5.17989922
vt -3.35160089 -5.13299894
vt -3.08430004 -0.07659996
vt -3.11549997 -0.02980006
vt -3.08430004 -0.02980006
vt -3.11549997 -0.07659996
vt -4.45930004 -0.08440006
vt -4.02181292 -0.07659996
vt -4.02180004 -0.08440006
vt -4.02962589 -0.07659996
vt -4.07650089 -0.07659996
vt -4.12337685 -0.07659996
vt -4.17025185 -0.07659996
vt -4.21712685 -0.07659996
vt -4.26399899 -0.07659996
vt -4.31087399 -0.07659996
vt -4.35774994 -0.07659996
vt -4.40462494 -0.07659996
vt -4.45149994 -0.07659996
vt -4.45931292 -0.07659996
vt 4.50163078 -0.07659996
vt 4.97819996 -0.08440006
vt 4.50169992 -0.08440006
vt 4.54850006 -0.07659996
vt 4.59536886 -0.07659996
vt 4.64223814 -0.07659996
vt 4.68910694 -0.07659996
vt 4.73597622 -0.07659996
vt 4.78284216 -0.07659996
vt 4.82971191 -0.07659996
vt 4.87658119 -0.07659996
vt 4.92344999 -0.07659996
vt 4.97031879 -0.07659996
vt 4.97813082 -0.07659996
vt -3.72490001 -0.07659996
vt -3.76399994 -0.02980006
vt -3.72490001 -0.02980006
vt -3.76399994 -0.07659996
vt -3.63120008 -0.07659996
vt -3.67799997 -0.02980006
vt -3.63120008 -0.02980006
vt -3.67799997 -0.07659996
vt -3.53740001 -0.07659996
vt -3.58430004 -0.02980006
vt -3.53740001 -0.02980006
vt -3.58430004 -0.07659996
vt -3.44370008 -0.07659996
vt -3.49049997 -0.02980006
vt -3.44370008 -0.02980006
vt -3.49049997 -0.07659996
vt -3.34990001 -0.07659996
vt -3.39680004 -0.02980006
vt -3.34990001 -0.02980006
vt -3.39680004 -0.07659996
vt -3.25620008 -0.07659996
vt -3.30299997 -0.02980006
vt -3.25620008 -0.02980006
vt -3.30299997 -0.07659996
vt -3.16240001 -0.07659996
vt -3.20930004 -0.02980006
vt -3.16240001 -0.02980006
vt -3.20930004 -0.07659996
vt 4.97819996 -0.08440006
vt 4.50171185 -0.07659996
vt 4.50169992 -0.08440006
vt 4.54858112 -0.07659996
vt 4.59544992 -0.07659996
vt 4.64231920 -0.07659996
vt 4.68918800 -0.07659996
vt 4.73605824 -0.07659996
vt 4.78292418 -0.07659996
vt 4.82979298 -0.07659996
vt 4.87666178 -0.07659996
vt 4.92353106 -0.07659996
vt 4.97039986 -0.07659996
vt 4.97821188 -0.07659996
vt -5.28130007 -0.44529998
vt -5.25000000 -0.39839995
vt -5.25000000 -0.44529998
vt -5.28130007 -0.39839995
vt -3.79520011 -0.07659996
vt -3.72490001 -0.02980006
vt -3.79520011 -0.02980006
vt -3.72490001 -0.07659996
vt -4.49219990 -0.08440101
vt -4.46089983 -0.07659996
vt -4.46089983 -0.08440101
vt -4.46089983 -0.02980006
vt -4.49219990 -0.02980006
vt 2.93750000 -0.44529998
vt 2.90630007 -0.39839995
vt 2.93750000 -0.39839995
vt 2.90630007 -0.44529998
vt 2.93750000 -0.45311701
vt 2.90630007 -0.45311701
vt -3.11549997 -0.07659996
vt -3.08430004 -0.02980006
vt -3.11549997 -0.02980006
vt -3.08430004 -0.07659996
vt -3.20930004 -0.07659996
vt -3.16240001 -0.02980006
vt -3.20930004 -0.02980006
vt -3.16240001 -0.07659996
vt -3.30299997 -0.07659996
vt -3.25620008 -0.02980006
vt -3.30299997 -0.02980006
vt -3.25620008 -0.07659996
vt -3.39680004 -0.07659996
vt -3.34990001 -0.02980006
vt -3.39680004 -0.02980006
vt -3.34990001 -0.07659996
vt -3.49049997 -0.07659996
vt -3.44370008 -0.02980006
vt -3.49049997 -0.02980006
vt -3.44370008 -0.07659996
vt -3.58430004 -0.07659996
vt -3.53740001 -0.02980006
vt -3.58430004 -0.02980006
vt -3.53740001 -0.07659996
vt -3.67799997 -0.07659996
vt -3.63120008 -0.02980006
vt -3.67799997 -0.02980006
vt -3.63120008 -0.07659996
vt -4.02178812 -0.07659996
vt -4.49049997 -0.08440006
vt -4.02180004 -0.08440006
vt -4.02960014 -0.07659996
vt -4.07646990 -0.07659996
vt -4.12334108 -0.07659996
vt -4.17021084 -0.07659996
vt -4.21708107 -0.07659996
vt -4.26394796 -0.07659996
vt -4.31081915 -0.07659996
vt -4.35768890 -0.07659996
vt -4.40455914 -0.07659996
vt -4.45142984 -0.07659996
vt -4.49048805 -0.07659996
vt -4.45930004 -0.07659996
vt -4.45149994 -0.02980006
vt -4.45930004 -0.02980006
vt -3.08424997 -0.02980006
vt -3.76399994 -0.02190006
vt -3.08430004 -0.02190006
vt -3.76395011 -0.02980006
vt -4.02960014 -0.07659996
vt -4.02180004 -0.02980006
vt -4.02180004 -0.07659996
vt -4.02960014 -0.02980006
vt 3.51559997 -0.07659996
vt 3.54690003 -0.02980006
vt 3.51559997 -0.02980006
vt 3.54690003 -0.07659996
vt 3.51559997 -0.08440101
vt 3.54690003 -0.08440101
vt -4.40460014 -0.07659996
vt -4.35769987 -0.02980006
vt -4.35769987 -0.07659996
vt -4.40460014 -0.02980006
vt -4.31080008 -0.07659996
vt -4.26399994 -0.02980006
vt -4.26399994 -0.07659996
vt -4.31080008 -0.02980006
vt -4.21710014 -0.07659996
vt -4.17019987 -0.02980006
vt -4.17019987 -0.07659996
vt -4.21710014 -0.02980006
vt -4.12330008 -0.07659996
vt -4.07649994 -0.02980006
vt -4.07649994 -0.07659996
vt -4.12330008 -0.02980006
vt 4.97039986 -0.02980006
vt 4.97819996 -0.07659996
vt 4.97039986 -0.07659996
vt 4.97819996 -0.02980006
vt -4.45310020 -0.07659996
vt -4.48439980 -0.02980006
vt -4.45310020 -0.02980006
vt -4.48439980 -0.07659996
vt -4.45310020 -0.08440101
vt -4.48439980 -0.08440101
vt 4.50169992 -0.02980006
vt 4.50169992 -0.07659996
vt 4.54850006 -0.02980006
vt 4.59539986 -0.02980006
vt 4.64230013 -0.07659996
vt 4.59539986 -0.07659996
vt 4.64230013 -0.02980006
vt 4.68919992 -0.02980006
vt 4.73600006 -0.07659996
vt 4.68919992 -0.07659996
vt 4.73600006 -0.02980006
vt 4.78289986 -0.02980006
vt 4.82980013 -0.07659996
vt 4.78289986 -0.07659996
vt 4.82980013 -0.02980006
vt 4.87669992 -0.02980006
vt 4.92350006 -0.07659996
vt 4.87669992 -0.07659996
vt 4.92350006 -0.02980006
vt -5.25000000 -0.39839995
vt -5.28130007 -0.44529998
vt -5.25000000 -0.44529998
vt -5.28130007 -0.39839995
vt -5.25000000 -0.39839995
vt -5.28130007 -0.44529998
vt -5.25000000 -0.44529998
vt -5.28130007 -0.39839995
vt -5.28130007 -0.44529998
vt -5.25000000 -0.39839995
vt -5.25000000 -0.44529998
vt -5.28130007 -0.39839995
vt -5.25000000 -0.39839995
vt -5.28130007 -0.44529998
vt -5.25000000 -0.44529998
vt -5.28130007 -0.39839995
vt -5.28130007 -0.44529998
vt -5.25000000 -0.39839995
vt -5.25000000 -0.44529998
vt -5.28130007 -0.39839995
vt -5.25000000 -0.39839995
vt -5.28130007 -0.44529998
vt -5.25000000 -0.44529998
vt -5.28130007 -0.39839995
vt -5.28130007 -0.44529998
vt -5.25000000 -0.39839995
vt -5.25000000 -0.44529998
vt -5.28130007 -0.39839995
vt -5.25000000 -0.39839995
vt -5.28130007 -0.44529998
vt -5.25000000 -0.44529998
vt -5.28130007 -0.39839995
vt -5.28130007 -0.44529998
vt -5.25000000 -0.39839995
vt -5.25000000 -0.44529998
vt -5.28130007 -0.39839995
vt -5.25000000 -0.39839995
vt -5.28130007 -0.44529998
vt -5.25000000 -0.44529998
vt -5.28130007 -0.39839995
vt -5.28130007 -0.44529998
vt -5.25000000 -0.39839995
vt -5.25000000 -0.44529998
vt -5.28130007 -0.39839995
vt -5.25000000 -0.39839995
vt -5.28130007 -0.44529998
vt -5.25000000 -0.44529998
vt -5.28130007 -0.39839995
vt -5.28130007 -0.44529998
vt -5.25000000 -0.39839995
vt -5.25000000 -0.44529998
vt -5.28130007 -0.39839995
vt 4.54850006 -0.07659996
vt 4.50169992 -0.02980006
vt 4.50169992 -0.07659996
vt 4.54850006 -0.02980006
vt 4.97819996 -0.07659996
vt 4.97039986 -0.02980006
vt 4.97819996 -0.02980006
vt 4.92350006 -0.07659996
vt 4.87669992 -0.02980006
vt 4.87669992 -0.07659996
vt 4.92350006 -0.02980006
vt 4.82980013 -0.07659996
vt 4.78289986 -0.02980006
vt 4.78289986 -0.07659996
vt 4.82980013 -0.02980006
vt 4.73600006 -0.07659996
vt 4.68919992 -0.02980006
vt 4.68919992 -0.07659996
vt 4.73600006 -0.02980006
vt 4.64230013 -0.07659996
vt 4.59539986 -0.02980006
vt 4.59539986 -0.07659996
vt 4.64230013 -0.02980006
vt 3.61715603 4.96046829
vt 3.64840007 5.28130007
vt 3.64840007 5.25000000
vt 3.61715603 5.25000000
vt 3.57809997 5.28130007
vt 3.61715603 5.00742006
vt 3.61715603 5.05436802
vt 3.61715603 5.10131979
vt 3.61715603 5.14827108
vt 3.61715603 5.19522285
vt 3.57809997 5.25000000
vt 3.53126407 5.25000000
vt 3.53126407 5.28130007
vt 3.48439693 5.25000000
vt 3.48439693 5.28130007
vt 3.43753099 5.25000000
vt 3.43753099 5.28130007
vt 3.39066410 5.25000000
vt 3.39066410 5.28130007
vt 3.34379697 5.25000000
vt 3.34379697 5.28130007
vt 3.29693103 5.25000000
vt 3.29693103 5.28130007
vt 3.25006390 5.25000000
vt 3.25006390 5.28130007
vt 3.20320702 5.25000000
vt 3.20320702 5.28130007
vt 3.15634298 5.25000000
vt 3.15634298 5.28130007
vt 3.10947990 5.25000000
vt 3.10947990 5.28130007
vt 3.06261611 5.25000000
vt 3.06261611 5.28130007
vt 3.01575208 5.25000000
vt 3.01575208 5.28130007
vt 2.96888900 5.25000000
vt 2.96888900 5.28130007
vt -3.79521489 -0.02980006
vt -3.08430004 -0.02190006
vt -3.79520011 -0.02190006
vt -3.08431506 -0.02980006
vt -4.46089983 -0.02190006
vt -4.49219990 -0.02190006
vt -4.45149994 -0.02980006
vt -4.49049997 -0.07659996
vt -4.45149994 -0.07659996
vt -4.49049997 -0.02980006
vt 2.93750000 -0.39839995
vt 2.90630007 -0.39059997
vt 2.93750000 -0.39059997
vt 2.90630007 -0.39839995
vt -4.02180004 -0.02980006
vt -4.02180004 -0.07659996
vt -4.02960014 -0.02980006
vt -4.07649994 -0.02980006
vt -4.12330008 -0.07659996
vt -4.07649994 -0.07659996
vt -4.12330008 -0.02980006
vt -4.17019987 -0.02980006
vt -4.21710014 -0.07659996
vt -4.17019987 -0.07659996
vt -4.21710014 -0.02980006
vt -4.26399994 -0.02980006
vt -4.31080008 -0.07659996
vt -4.26399994 -0.07659996
vt -4.31080008 -0.02980006
vt -4.35769987 -0.02980006
vt -4.40460014 -0.07659996
vt -4.35769987 -0.07659996
vt -4.40460014 -0.02980006
vt -4.02180004 -0.02190006
vt -4.02178717 -0.02980006
vt -4.45930004 -0.02190006
vt -4.07647514 -0.02980006
vt -4.12335014 -0.02980006
vt -4.17022610 -0.02980006
vt -4.21710110 -0.02980006
vt -4.26397324 -0.02980006
vt -4.31084824 -0.02980006
vt -4.35772324 -0.02980006
vt -4.40459919 -0.02980006
vt -4.45147419 -0.02980006
vt -4.45928717 -0.02980006
vt -3.35159993 -0.44529998
vt -3.38280010 -0.39839995
vt -3.35159993 -0.39839995
vt -3.38280010 -0.44529998
vt 4.50169992 -0.02190006
vt 4.54858112 -0.02980006
vt 4.50171185 -0.02980006
vt 4.97819996 -0.02190006
vt 4.59544992 -0.02980006
vt 4.64231920 -0.02980006
vt 4.68918800 -0.02980006
vt 4.73605824 -0.02980006
vt 4.78292418 -0.02980006
vt 4.82979298 -0.02980006
vt 4.87666178 -0.02980006
vt 4.92353106 -0.02980006
vt 4.97821188 -0.02980006
vt 2.93750000 5.25000000
vt 2.96880007 5.28130007
vt 2.96880007 5.25000000
vt 2.93750000 5.28130007
vt -3.38280010 -0.44529998
vt -3.35159993 -0.39839995
vt -3.38280010 -0.39839995
vt -3.35159993 -0.44529998
vt 3.51559997 -0.02980006
vt 3.54690003 -0.02190006
vt 3.51559997 -0.02190006
vt 3.54690003 -0.02980006
vt -3.35159993 -0.44529998
vt -3.38280010 -0.39839995
vt -3.35159993 -0.39839995
vt -3.38280010 -0.44529998
vt -3.38280010 -0.44529998
vt -3.35159993 -0.39839995
vt -3.38280010 -0.39839995
vt -3.35159993 -0.44529998
vt -3.35159993 -0.44529998
vt -3.38280010 -0.39839995
vt -3.35159993 -0.39839995
vt -3.38280010 -0.44529998
vt -3.38280010 -0.44529998
vt -3.35159993 -0.39839995
vt -3.38280010 -0.39839995
vt -3.35159993 -0.44529998
vt -3.35159993 -0.44529998
vt -3.38280010 -0.39839995
vt -3.35159993 -0.39839995
vt -3.38280010 -0.44529998
vt -3.38280010 -0.44529998
vt -3.35159993 -0.39839995
vt -3.38280010 -0.39839995
vt -3.35159993 -0.44529998
vt -3.35159993 -0.44529998
vt -3.38280010 -0.39839995
vt -3.35159993 -0.39839995
vt -3.38280010 -0.44529998
vt -3.38280010 -0.44529998
vt -3.35159993 -0.39839995
vt -3.38280010 -0.39839995
vt -3.35159993 -0.44529998
vt 3.61719990 -0.44529998
vt 3.64840007 -0.39839995
vt 3.61719990 -0.39839995
vt 3.64840007 -0.44529998
vt -4.43750000 -0.06879997
vt -4.45314980 -0.06099999
vt -4.43752480 -0.06099999
vt -4.48439980 -0.06099999
vt -4.50002480 -0.06099999
vt -4.50000000 -0.06879997
vt -4.48439980 -0.02190006
vt -4.45310020 -0.02190006
vt 3.64840007 -0.44529998
vt 3.61719990 -0.39839995
vt 3.64840007 -0.39839995
vt 3.61719990 -0.44529998
vt 3.64840007 -0.44529998
vt 3.61719990 -0.39839995
vt 3.64840007 -0.39839995
vt 3.61719990 -0.44529998
vt 3.61719990 -0.44529998
vt 3.64840007 -0.39839995
vt 3.61719990 -0.39839995
vt 3.64840007 -0.44529998
vt 3.64840007 -0.44529998
vt 3.61719990 -0.39839995
vt 3.64840007 -0.39839995
vt 3.61719990 -0.44529998
vt 3.61719990 -0.44529998
vt 3.64840007 -0.39839995
vt 3.61719990 -0.39839995
vt 3.64840007 -0.44529998
vt 3.64840007 -0.44529998
vt 3.61719990 -0.39839995
vt 3.64840007 -0.39839995
vt 3.61719990 -0.44529998
vt 3.61719990 -0.44529998
vt 3.64840007 -0.39839995
vt 3.61719990 -0.39839995
vt 3.64840007 -0.44529998
vt 3.64840007 -0.44529998
vt 3.61719990 -0.39839995
vt 3.64840007 -0.39839995
vt 3.61719990 -0.44529998
vt 3.61719990 -0.44529998
vt 3.64840007 -0.39839995
vt 3.61719990 -0.39839995
vt 3.64840007 -0.44529998
vt 4.50169992 -0.02190006
vt 4.50163078 -0.02980006
vt 4.97819996 -0.02190006
vt 4.59536886 -0.02980006
vt 4.64223814 -0.02980006
vt 4.68910694 -0.02980006
vt 4.73597622 -0.02980006
vt 4.78284216 -0.02980006
vt 4.82971191 -0.02980006
vt 4.87658119 -0.02980006
vt 4.92344999 -0.02980006
vt 4.97031879 -0.02980006
vt 4.97813082 -0.02980006
vt 3.61719990 4.77369976
vt 3.64840007 4.82100296
vt 3.64840007 4.77420330
vt 3.64840007 4.86780310
vt 3.64840007 4.91460323
vt 3.64840007 4.96140289
vt 3.64840007 5.00820303
vt 3.64840007 5.05499887
vt 3.64840007 5.10179901
vt 3.64840007 5.14859915
vt 3.64840007 5.19539881
vt 3.64840007 5.24219894
vt 3.64840007 5.25000000
vt 3.61719990 4.96090031
vt -4.02180004 -0.02190006
vt -4.02966976 -0.02980006
vt -4.02185822 -0.02980006
vt -4.49049997 -0.02190006
vt -4.07654095 -0.02980006
vt -4.12341118 -0.02980006
vt -4.17028093 -0.02980006
vt -4.21715212 -0.02980006
vt -4.26401901 -0.02980006
vt -4.31088877 -0.02980006
vt -4.35775900 -0.02980006
vt -4.40463018 -0.02980006
vt -4.49055815 -0.02980006
vt -3.35159898 -4.74978399
vt -3.38279891 -4.75761890
vt -3.38279891 -4.74980116
vt -3.38279891 -4.80451822
vt -3.38279891 -4.85141802
vt -3.38279891 -4.89831781
vt -3.38279891 -4.94521809
vt -3.38279891 -4.99211502
vt -3.38279891 -5.03901482
vt -3.38279891 -5.08591509
vt -3.38279891 -5.13281488
vt -3.38279891 -5.17971516
vt -3.38279891 -5.18753195
vt -3.38279891 -5.21879816
vt -3.35159898 -5.21878099
vt -3.35159898 -4.75760078
vt -3.35159898 -4.80450106
vt -3.35159898 -4.85140085
vt -3.35159898 -4.89830112
vt -3.35159898 -4.94520092
vt -3.35159898 -4.99209785
vt -3.35159898 -5.03899813
vt -3.35159898 -5.08589792
vt -3.35159898 -5.13279819
vt -4.43750000 -4.96260023
vt -4.50002480 -4.50169992
vt -4.50000000 -4.96260023
vt -4.48439980 -4.50169992
vt -4.45314980 -4.50169992
vt -4.43752480 -4.50169992
vt 4.50169992 -0.06099999
vt 4.96260023 -0.06879997
vt 4.50169992 -0.06879997
vt 4.96260023 -0.06099999
vt -4.43750000 -4.50169992
vt -4.50000000 -4.96260023
vt -4.50000000 -4.50169992
vt -4.43750000 -4.96260023
vt 4.96260023 -0.06879997
vt 4.50169992 -0.06099999
vt 4.50169992 -0.06879997
vt 4.96260023 -0.06099999
vt -4.43747520 -0.39059997
vt -4.50000000 -0.06250000
vt -4.43750000 -0.06250000
vt -4.49997520 -0.39059997
vt -4.50000000 3.03740001
vt -4.43750000 3.81080389
vt -4.50000000 3.81080008
vt -4.43750000 3.74830294
vt -4.43750000 3.09990001
vt -4.43750000 3.03740406
vt -3.09990001 -0.06879997
vt -3.74830008 -0.06099999
vt -3.09990001 -0.06099999
vt -3.74830008 -0.06879997
vt -4.43750000 3.74830008
vt -4.50000000 3.81080008
vt -4.43750000 3.81080198
vt -4.50000000 3.03740001
vt -4.43750000 3.09989691
vt -4.43750000 3.03740191
vt -4.50000000 -0.06879997
vt -4.43750000 -0.06099999
vt -4.43750000 -0.06879997
vt -4.50000000 -0.06099999
vt -4.48439980 -4.50169992
vt -4.50000000 -4.96260023
vt -4.50002480 -4.50169992
vt -4.43750000 -4.96260023
vt -4.45314980 -4.50169992
vt -4.43752480 -4.50169992
vt 4.96260023 -0.39059997
vt 4.50169992 -0.06250000
vt 4.50169992 -0.39059997
vt 4.96260023 -0.06250000
vt 4.50169992 -0.06250000
vt 4.96260023 -0.39059997
vt 4.50169992 -0.39059997
vt 4.96260023 -0.06250000
vt -3.81080008 -0.06879997
vt -3.03740001 -0.06099999
vt -3.81080008 -0.06099999
vt -3.03740001 -0.06879997
vt -4.43750000 -0.06099999
vt -4.50000000 -0.06879997
vt -4.43750000 -0.06879997
vt -4.50000000 -0.06099999
vt -3.43750000 -4.97039986
vt -3.50000000 -4.56419992
vt -3.50000000 -4.97039986
vt -3.43750000 -4.56419992
vt 4.97039986 -0.06879997
vt 4.56419992 -0.06099999
vt 4.56419992 -0.06879997
vt 4.97039986 -0.06099999
vt -3.43750000 -4.56419992
vt -3.50000000 -4.97039986
vt -3.50000000 -4.56419992
vt -3.43750000 -4.97039986
vt -4.43750000 3.74830389
vt -4.50000000 3.81080008
vt -4.43750000 3.81080008
vt -4.50000000 3.03747511
vt -4.43750000 3.09996510
vt -4.43750000 3.03747511
vt -4.50000000 -0.39059997
vt -4.43750000 -0.06250000
vt -4.43750000 -0.39059997
vt -4.50000000 -0.06250000
vt -3.09990001 -0.39059997
vt -3.74830008 -0.06250000
vt -3.09990001 -0.06250000
vt -3.74830008 -0.39059997
vt 4.56419992 -0.06099999
vt 4.97039986 -0.06879997
vt 4.56419992 -0.06879997
vt 4.97039986 -0.06099999
vt -4.50000000 3.68580008
vt -4.43750000 3.74830008
vt -4.50000000 3.74829507
vt -4.43750000 2.97490001
vt -4.50000000 3.03739309
vt -4.50000000 2.97489500
vt -4.50000000 -0.06879997
vt -4.43750000 -0.06099999
vt -4.43750000 -0.06879997
vt -4.50000000 -0.06099999
vt -4.43750000 2.97490001
vt -4.50000000 3.74830198
vt -4.43750000 3.74830008
vt -4.50000000 3.68580699
vt -4.50000000 3.03740001
vt -4.50000000 2.97490215
vt -3.43750000 -4.56419992
vt -3.50000000 -4.97039986
vt -3.50000000 -4.56419992
vt -3.43750000 -4.97039986
vt -4.43750000 -0.06250000
vt -4.50000000 -0.39059997
vt -4.43750000 -0.39059997
vt -4.50000000 -0.06250000
vt -3.81080008 -0.39059997
vt -3.03747511 -0.06250000
vt -3.81080008 -0.06250000
vt -3.03747511 -0.39059997
vt 4.97039986 -0.39059997
vt 4.56419992 -0.06250000
vt 4.56419992 -0.39059997
vt 4.97039986 -0.06250000
vt -3.68580008 -0.06879997
vt -3.03740001 -0.06099999
vt -3.68580008 -0.06099999
vt -3.03740001 -0.06879997
vt -2.43750000 -4.96260023
vt -2.50000000 -4.56419992
vt -2.50000000 -4.96260023
vt -2.43750000 -4.56419992
vt -4.43750000 -0.06099999
vt -4.50000000 -0.06879997
vt -4.43750000 -0.06879997
vt -4.50000000 -0.06099999
vt -2.97490001 -0.06879997
vt -3.74830008 -0.06099999
vt -2.97490001 -0.06099999
vt -3.74830008 -0.06879997
vt -2.43750000 -4.56419992
vt -2.50000000 -4.96260023
vt -2.50000000 -4.56419992
vt -2.43750000 -4.96260023
vt 4.56419992 -0.06250000
vt 4.97039986 -0.39059997
vt 4.56419992 -0.39059997
vt 4.97039986 -0.06250000
vt -4.43750000 2.97490001
vt -4.50000000 3.74830198
vt -4.43750000 3.74830008
vt -4.50000000 3.68580699
vt -4.50000000 3.03740001
vt -4.50000000 2.97490215
vt -4.50000000 -0.39059997
vt -4.43750000 -0.06250000
vt -4.43750000 -0.39059997
vt -4.50000000 -0.06250000
vt 4.96260023 -0.06879997
vt 4.56419992 -0.06099999
vt 4.56419992 -0.06879997
vt 4.96260023 -0.06099999
vt -4.50000000 2.03740001
vt -4.43750000 2.81080484
vt -4.50000000 2.81080008
vt -4.43750000 2.74830604
vt -4.43750000 2.09990001
vt -4.43750000 2.03740501
vt 4.56419992 -0.06099999
vt 4.96260023 -0.06879997
vt 4.56419992 -0.06879997
vt 4.96260023 -0.06099999
vt -4.43750000 2.74830008
vt -4.50000000 2.81080008
vt -4.43750000 2.81079817
vt -4.50000000 2.03740001
vt -4.43750000 2.09989405
vt -4.43750000 2.03739786
vt -3.68580008 -0.39059997
vt -3.03740001 -0.06250000
vt -3.68580008 -0.06250000
vt -3.03740001 -0.39059997
vt -2.97490001 -0.39059997
vt -3.74830008 -0.06250000
vt -2.97490001 -0.06250000
vt -3.74830008 -0.39059997
vt -4.43750000 -0.06250000
vt -4.50000000 -0.39059997
vt -4.43750000 -0.39059997
vt -4.50000000 -0.06250000
vt -2.43750000 -4.56419992
vt -2.50000000 -4.96260023
vt -2.50000000 -4.56419992
vt -2.43750000 -4.96260023
vt -4.50000000 -0.06879997
vt -4.43750000 -0.06099999
vt -4.43750000 -0.06879997
vt -4.50000000 -0.06099999
vt -2.09990001 -0.06879997
vt -2.74830008 -0.06099999
vt -2.09990001 -0.06099999
vt -2.74830008 -0.06879997
vt -2.81080008 -0.06879997
vt -2.03740001 -0.06099999
vt -2.81080008 -0.06099999
vt -2.03740001 -0.06879997
vt -4.43750000 -0.06099999
vt -4.50000000 -0.06879997
vt -4.43750000 -0.06879997
vt -4.50000000 -0.06099999
vt -1.43750000 -4.96260023
vt -1.50002301 -4.50169992
vt -1.50000000 -4.96260023
vt -1.48440003 -4.50169992
vt -1.45314705 -4.50169992
vt -1.43752301 -4.50169992
vt -1.43750000 -4.50169992
vt -1.50000000 -4.96260023
vt -1.50000000 -4.50169992
vt -1.43750000 -4.96260023
vt 4.96260023 -0.39059997
vt 4.56419992 -0.06250000
vt 4.56419992 -0.39059997
vt 4.96260023 -0.06250000
vt 4.56419992 -0.06250000
vt 4.96260023 -0.39059997
vt 4.56419992 -0.39059997
vt 4.96260023 -0.06250000
vt -4.43750000 2.74830794
vt -4.50000000 2.81080008
vt -4.43750000 2.81080008
vt -4.50000000 2.03748417
vt -4.43750000 2.09997201
vt -4.43750000 2.03748417
vt 4.96260023 -0.06879997
vt 4.50169992 -0.06099999
vt 4.50169992 -0.06879997
vt 4.96260023 -0.06099999
vt 4.50169992 -0.06099999
vt 4.96260023 -0.06879997
vt 4.50169992 -0.06879997
vt 4.96260023 -0.06099999
vt -1.43750000 -0.06879997
vt -1.45314705 -0.06099999
vt -1.43752301 -0.06099999
vt -1.48440003 -0.06099999
vt -1.50002301 -0.06099999
vt -1.50000000 -0.06879997
vt -4.50000000 -0.39059997
vt -4.43750000 -0.06250000
vt -4.43750000 -0.39059997
vt -4.50000000 -0.06250000
vt -2.09990001 -0.39059997
vt -2.74830008 -0.06250000
vt -2.09990001 -0.06250000
vt -2.74830008 -0.39059997
vt -1.48440003 -4.50169992
vt -1.50000000 -4.96260023
vt -1.50002301 -4.50169992
vt -1.43750000 -4.96260023
vt -1.45314705 -4.50169992
vt -1.43752301 -4.50169992
vt -4.43750000 -0.06250000
vt -4.50000000 -0.39059997
vt -4.43750000 -0.39059997
vt -4.50000000 -0.06250000
vt -2.81080008 -0.39059997
vt -2.03748393 -0.06250000
vt -2.81080008 -0.06250000
vt -2.03748393 -0.39059997
vt -1.45309997 -0.07659996
vt -1.48440003 -0.02979898
vt -1.45309997 -0.02980006
vt -1.48440003 -0.07659900
vt -1.45309997 -0.08440101
vt -1.48440003 -0.08440006
vt 4.96260023 -0.39059997
vt 4.50169992 -0.06250000
vt 4.50169992 -0.39059997
vt 4.96260023 -0.06250000
vt -1.43747699 -0.39059997
vt -1.50000000 -0.06250000
vt -1.43750000 -0.06250000
vt -1.49997699 -0.39059997
vt 4.50169992 -0.06250000
vt 4.96260023 -0.39059997
vt 4.50169992 -0.39059997
vt 4.96260023 -0.06250000
vt 4.97819996 -0.08440006
vt 4.50171185 -0.07659996
vt 4.50169992 -0.08440006
vt 4.54858112 -0.07659996
vt 4.59544992 -0.07659996
vt 4.64231920 -0.07659996
vt 4.68918800 -0.07659996
vt 4.73605824 -0.07659996
vt 4.78292704 -0.07659996
vt 4.82979584 -0.07659996
vt 4.87666512 -0.07659996
vt 4.92353106 -0.07659996
vt 4.97039986 -0.07659996
vt 4.97821188 -0.07659996
vt 4.54850006 -0.07659996
vt 4.50169992 -0.02980006
vt 4.50169992 -0.07659996
vt 4.54850006 -0.02980006
vt -1.48440003 -0.02190006
vt -1.45309997 -0.02190006
vt -1.48440003 -0.02980006
vt 4.50169992 -0.02980006
vt 4.54850006 -0.07659996
vt 4.50169992 -0.07659996
vt 4.54850006 -0.02980006
vt 4.50163078 -0.07659996
vt 4.97819996 -0.08440006
vt 4.50169992 -0.08440006
vt 4.59536886 -0.07659996
vt 4.64223814 -0.07659996
vt 4.68910694 -0.07659996
vt 4.73597622 -0.07659996
vt 4.78284597 -0.07659996
vt 4.82971478 -0.07659996
vt 4.87658405 -0.07659996
vt 4.92344999 -0.07659996
vt 4.97031879 -0.07659996
vt 4.97813082 -0.07659996
vt 1.61720002 5.25021410
vt 1.64839995 5.24239683
vt 1.64839995 5.25021410
vt 1.64839995 5.19549704
vt 1.64839995 5.14860010
vt 1.64839995 5.10169983
vt 1.64839995 5.05480003
vt 1.64839995 5.00790024
vt 1.64839995 4.96099997
vt 1.64839995 4.91409969
vt 1.64839995 4.86719990
vt 1.64839995 4.82030010
vt 1.64839995 4.77340031
vt 1.61720002 4.77340031
vt 1.61720002 5.24239683
vt 1.61720002 5.19549704
vt 2.23600006 -0.08440006
vt 2.27511311 -0.07659996
vt 2.23604989 -0.07659996
vt 2.32198906 -0.07659996
vt 2.36886501 -0.07659996
vt 2.41574097 -0.07659996
vt 2.46261406 -0.07659996
vt 2.50949097 -0.07659996
vt 2.55636692 -0.07659996
vt 2.60324311 -0.07659996
vt 2.65011907 -0.07659996
vt 2.69699502 -0.07659996
vt 2.74387097 -0.07659996
vt 2.79074788 -0.07659996
vt 2.83762407 -0.07659996
vt 2.88450003 -0.07659996
vt 2.91575003 -0.07659996
vt 2.91569996 -0.08440006
vt 4.97819996 -0.07659996
vt 4.97039986 -0.02980006
vt 4.97819996 -0.02980006
vt 4.92350006 -0.07659996
vt 4.87669992 -0.02980006
vt 4.87669992 -0.07659996
vt 4.92350006 -0.02980006
vt 4.82980013 -0.07659996
vt 4.78289986 -0.02980006
vt 4.78289986 -0.07659996
vt 4.82980013 -0.02980006
vt 4.73600006 -0.07659996
vt 4.68919992 -0.02980006
vt 4.68919992 -0.07659996
vt 4.73600006 -0.02980006
vt 4.64230013 -0.07659996
vt 4.59539986 -0.02980006
vt 4.59539986 -0.07659996
vt 4.64230013 -0.02980006
vt 1.64839995 -0.44529998
vt 1.61720002 -0.39839995
vt 1.64839995 -0.39839995
vt 1.61720002 -0.44529998
vt 4.50169992 -0.02190006
vt 4.50163078 -0.02980006
vt 4.97819996 -0.02190006
vt 4.59536886 -0.02980006
vt 4.64223814 -0.02980006
vt 4.68910694 -0.02980006
vt 4.73597622 -0.02980006
vt 4.78284597 -0.02980006
vt 4.82971478 -0.02980006
vt 4.87658405 -0.02980006
vt 4.92344999 -0.02980006
vt 4.97031879 -0.02980006
vt 4.97813082 -0.02980006
vt 4.50169992 -0.02190006
vt 4.54858112 -0.02980006
vt 4.50171185 -0.02980006
vt 4.97819996 -0.02190006
vt 4.59544992 -0.02980006
vt 4.64231920 -0.02980006
vt 4.68918800 -0.02980006
vt 4.73605824 -0.02980006
vt 4.78292704 -0.02980006
vt 4.82979584 -0.02980006
vt 4.87666512 -0.02980006
vt 4.92353106 -0.02980006
vt 4.97039986 -0.02980006
vt 4.97821188 -0.02980006
vt 1.61720002 4.77320194
vt 1.64839995 4.82008505
vt 1.64839995 4.77318478
vt 1.64839995 4.86698532
vt 1.64839995 4.91388512
vt 1.64839995 4.96078491
vt 1.64839995 5.00768518
vt 1.64839995 5.05458498
vt 1.64839995 5.10148478
vt 1.64839995 5.14838505
vt 1.64839995 5.19528198
vt 1.64839995 5.24218178
vt 1.64839995 5.24999905
vt 1.61720002 5.25001621
vt 1.61720002 4.82010174
vt 1.61720002 4.86700201
vt 1.61720002 4.91390228
vt 1.61720002 4.96080208
vt 1.61720002 5.00770187
vt 1.61720002 5.05460215
vt 1.61720002 5.10150194
vt 1.61720002 5.14840221
vt 1.61720002 5.19529915
vt 4.97819996 -0.07659996
vt 4.97039986 -0.07659996
vt 4.97819996 -0.02980006
vt 4.50780010 -0.07659996
vt 4.53910017 -0.08440101
vt 4.50780010 -0.08440101
vt 4.50780010 -0.02980006
vt 4.53910017 -0.02980006
vt 4.59539986 -0.02980006
vt 4.64230013 -0.07659996
vt 4.59539986 -0.07659996
vt 4.64230013 -0.02980006
vt 4.68919992 -0.02980006
vt 4.73600006 -0.07659996
vt 4.68919992 -0.07659996
vt 4.73600006 -0.02980006
vt 4.78289986 -0.02980006
vt 4.82980013 -0.07659996
vt 4.78289986 -0.07659996
vt 4.82980013 -0.02980006
vt 4.87669992 -0.02980006
vt 4.92350006 -0.07659996
vt 4.87669992 -0.07659996
vt 4.92350006 -0.02980006
vt -3.03123403 -4.75000000
vt -3.06256604 -4.71880007
vt -3.06250000 -4.75000000
vt -3.03130007 -4.71880007
vt -2.98433399 -4.75000000
vt -2.98440003 -4.71880007
vt -2.93743396 -4.75000000
vt -2.93750000 -4.71880007
vt -2.89053392 -4.75000000
vt -2.89059997 -4.71880007
vt -2.84363389 -4.75000000
vt -2.84369993 -4.71880007
vt -2.79673409 -4.75000000
vt -2.79679990 -4.71880007
vt -2.74983406 -4.75000000
vt -2.74990010 -4.71880007
vt -2.70293403 -4.75000000
vt -2.70300007 -4.71880007
vt -2.65603399 -4.75000000
vt -2.65610003 -4.71880007
vt -2.60913396 -4.75000000
vt -2.60920000 -4.71880007
vt -2.56223702 -4.75000000
vt -2.56230307 -4.71880007
vt -2.51533699 -4.75000000
vt -2.51540303 -4.71880007
vt -2.46843696 -4.75000000
vt -2.46850300 -4.71880007
vt -2.42153692 -4.75000000
vt -2.42160296 -4.71880007
vt -2.35118604 -4.75000000
vt -2.38251996 -4.71880007
vt -2.35125208 -4.71880007
vt 2.23600006 -0.07659996
vt 2.27509999 -0.02980006
vt 2.23600006 -0.02980006
vt 2.27509999 -0.07659996
vt -3.99053407 -0.07659996
vt -4.45930004 -0.08440006
vt -3.99049997 -0.08440006
vt -4.02960014 -0.07659996
vt -4.07647991 -0.07659996
vt -4.12336111 -0.07659996
vt -4.17024088 -0.07659996
vt -4.21712112 -0.07659996
vt -4.26400185 -0.07659996
vt -4.31088209 -0.07659996
vt -4.35776186 -0.07659996
vt -4.40463877 -0.07659996
vt -4.45151997 -0.07659996
vt -4.45933390 -0.07659996
vt 2.88450003 -0.07659996
vt 2.91569996 -0.02980006
vt 2.88450003 -0.02980006
vt 2.91569996 -0.07659996
vt 2.79069996 -0.07659996
vt 2.83759999 -0.02980006
vt 2.79069996 -0.02980006
vt 2.83759999 -0.07659996
vt 2.69700003 -0.07659996
vt 2.74379992 -0.02980006
vt 2.69700003 -0.02980006
vt 2.74379992 -0.07659996
vt 2.60319996 -0.07659996
vt 2.65009999 -0.02980006
vt 2.60319996 -0.02980006
vt 2.65009999 -0.07659996
vt 2.50950003 -0.07659996
vt 2.55629992 -0.02980006
vt 2.50950003 -0.02980006
vt 2.55629992 -0.07659996
vt 2.41569996 -0.07659996
vt 2.46259999 -0.02980006
vt 2.41569996 -0.02980006
vt 2.46259999 -0.07659996
vt 2.32200003 -0.07659996
vt 2.36879992 -0.02980006
vt 2.32200003 -0.02980006
vt 2.36879992 -0.07659996
vt 1.61720002 -0.44529998
vt 1.64839995 -0.39839995
vt 1.61720002 -0.39839995
vt 1.64839995 -0.44529998
vt 1.61720002 -0.44529998
vt 1.64839995 -0.39839995
vt 1.61720002 -0.39839995
vt 1.64839995 -0.44529998
vt 1.64839995 -0.44529998
vt 1.61720002 -0.39839995
vt 1.64839995 -0.39839995
vt 1.61720002 -0.44529998
vt 1.61720002 -0.44529998
vt 1.64839995 -0.39839995
vt 1.61720002 -0.39839995
vt 1.64839995 -0.44529998
vt 1.64839995 -0.44529998
vt 1.61720002 -0.39839995
vt 1.64839995 -0.39839995
vt 1.61720002 -0.44529998
vt 1.61720002 -0.44529998
vt 1.64839995 -0.39839995
vt 1.61720002 -0.39839995
vt 1.64839995 -0.44529998
vt 1.64839995 -0.44529998
vt 1.61720002 -0.39839995
vt 1.64839995 -0.39839995
vt 1.61720002 -0.44529998
vt 1.61720002 -0.44529998
vt 1.64839995 -0.39839995
vt 1.61720002 -0.39839995
vt 1.64839995 -0.44529998
vt 1.64839995 -0.44529998
vt 1.61720002 -0.39839995
vt 1.64839995 -0.39839995
vt 1.61720002 -0.44529998
vt 2.23603702 -0.02980006
vt 2.91569996 -0.02190006
vt 2.23600006 -0.02190006
vt 2.91573691 -0.02980006
vt 4.50780010 -0.02190006
vt 4.53910017 -0.02190006
vt -2.38284612 -4.71880007
vt -2.42190003 -4.75000000
vt -2.42190003 -4.71880007
vt -2.35159993 -4.75000000
vt -2.35159993 -4.71880007
vt 2.27509999 -0.07659996
vt 2.20479989 -0.02980006
vt 2.27509999 -0.02980006
vt 2.20479989 -0.07659996
vt 2.91569996 -0.08440006
vt 2.88444209 -0.07659996
vt 2.91568899 -0.07659996
vt 2.83756900 -0.07659996
vt 2.79069710 -0.07659996
vt 2.74382401 -0.07659996
vt 2.69695091 -0.07659996
vt 2.65007901 -0.07659996
vt 2.60320592 -0.07659996
vt 2.55633307 -0.07659996
vt 2.50945997 -0.07659996
vt 2.46258807 -0.07659996
vt 2.41571808 -0.07659996
vt 2.36884499 -0.07659996
vt 2.32197309 -0.07659996
vt 2.27509999 -0.07659996
vt 2.20478892 -0.07659996
vt 2.20479989 -0.08440006
vt -2.35159993 -5.21897984
vt -2.38280010 -5.17997980
vt -2.38280010 -5.21906281
vt -2.38280010 -5.13308001
vt -2.38280010 -5.08618307
vt -2.38280010 -5.03928280
vt -2.38280010 -4.99238300
vt -2.38280010 -4.94548321
vt -2.38280010 -4.89858294
vt -2.38280010 -4.85168314
vt -2.38280010 -4.80478287
vt -2.38280010 -4.75788307
vt -2.38280010 -4.75006580
vt -2.38280010 -4.71880007
vt -2.35159993 -4.71871710
vt -2.35159993 -5.18771410
vt -2.35159993 -5.17989683
vt -2.35159993 -5.13299704
vt 4.75000000 -0.44529998
vt 4.71880007 -0.39839995
vt 4.71880007 -0.44529998
vt 4.75000000 -0.39839995
vt -4.45149994 -0.02980006
vt -4.45930004 -0.07659996
vt -4.45149994 -0.07659996
vt -4.45930004 -0.02980006
vt 2.51559997 -0.07659996
vt 2.54690003 -0.02980006
vt 2.51559997 -0.02980006
vt 2.54690003 -0.07659996
vt 2.51559997 -0.08440101
vt 2.54690003 -0.08440101
vt -3.99049997 -0.02980006
vt -3.99049997 -0.07659996
vt -4.02960014 -0.02980006
vt -4.07649994 -0.02980006
vt -4.12330008 -0.07659996
vt -4.07649994 -0.07659996
vt -4.12330008 -0.02980006
vt -4.17019987 -0.02980006
vt -4.21710014 -0.07659996
vt -4.17019987 -0.07659996
vt -4.21710014 -0.02980006
vt -4.26399994 -0.02980006
vt -4.31080008 -0.07659996
vt -4.26399994 -0.07659996
vt -4.31080008 -0.02980006
vt -4.35769987 -0.02980006
vt -4.40460014 -0.07659996
vt -4.35769987 -0.07659996
vt -4.40460014 -0.02980006
vt 4.71880007 -0.39839995
vt 4.75000000 -0.44529998
vt 4.71880007 -0.44529998
vt 4.75000000 -0.39839995
vt 4.71880007 -0.39839995
vt 4.75000000 -0.44529998
vt 4.71880007 -0.44529998
vt 4.75000000 -0.39839995
vt 4.75000000 -0.44529998
vt 4.71880007 -0.39839995
vt 4.71880007 -0.44529998
vt 4.75000000 -0.39839995
vt 4.71880007 -0.39839995
vt 4.75000000 -0.44529998
vt 4.71880007 -0.44529998
vt 4.75000000 -0.39839995
vt 4.75000000 -0.44529998
vt 4.71880007 -0.39839995
vt 4.71880007 -0.44529998
vt 4.75000000 -0.39839995
vt 4.71880007 -0.39839995
vt 4.75000000 -0.44529998
vt 4.71880007 -0.44529998
vt 4.75000000 -0.39839995
vt 4.75000000 -0.44529998
vt 4.71880007 -0.39839995
vt 4.71880007 -0.44529998
vt 4.75000000 -0.39839995
vt 4.71880007 -0.39839995
vt 4.75000000 -0.44529998
vt 4.71880007 -0.44529998
vt 4.75000000 -0.39839995
vt 4.75000000 -0.44529998
vt 4.71880007 -0.39839995
vt 4.71880007 -0.44529998
vt 4.75000000 -0.39839995
vt 4.71880007 -0.39839995
vt 4.75000000 -0.44529998
vt 4.71880007 -0.44529998
vt 4.75000000 -0.39839995
vt 4.75000000 -0.44529998
vt 4.71880007 -0.39839995
vt 4.71880007 -0.44529998
vt 4.75000000 -0.39839995
vt 4.71880007 -0.39839995
vt 4.75000000 -0.44529998
vt 4.71880007 -0.44529998
vt 4.75000000 -0.39839995
vt 4.75000000 -0.44529998
vt 4.71880007 -0.39839995
vt 4.71880007 -0.44529998
vt 4.75000000 -0.39839995
vt -3.03123403 -4.71880007
vt -3.06256604 -4.75000000
vt -3.06250000 -4.71880007
vt -3.03130007 -4.75000000
vt -2.98433399 -4.71880007
vt -2.98440003 -4.75000000
vt -2.93743396 -4.71880007
vt -2.93750000 -4.75000000
vt -2.89053392 -4.71880007
vt -2.89059997 -4.75000000
vt -2.84363389 -4.71880007
vt -2.84369993 -4.75000000
vt -2.79673409 -4.71880007
vt -2.79679990 -4.75000000
vt -2.74983406 -4.71880007
vt -2.74990010 -4.75000000
vt -2.70293403 -4.71880007
vt -2.70300007 -4.75000000
vt -2.65603399 -4.71880007
vt -2.65610003 -4.75000000
vt -2.60913396 -4.71880007
vt -2.60920000 -4.75000000
vt -2.56223702 -4.71880007
vt -2.56230307 -4.75000000
vt -2.51533699 -4.71880007
vt -2.51540303 -4.75000000
vt -2.46843696 -4.71880007
vt -2.46850300 -4.75000000
vt -2.42153692 -4.71880007
vt -2.42160296 -4.75000000
vt -3.99049997 -0.02190006
vt -4.02958012 -0.02980006
vt -3.99051404 -0.02980006
vt -4.45930004 -0.02190006
vt -4.07646084 -0.02980006
vt -4.12334108 -0.02980006
vt -4.17022085 -0.02980006
vt -4.21710205 -0.02980006
vt -4.26398182 -0.02980006
vt -4.31086206 -0.02980006
vt -4.35774183 -0.02980006
vt -4.40462017 -0.02980006
vt -4.45931387 -0.02980006
vt 2.91574693 -0.02980006
vt 2.20479989 -0.02190006
vt 2.91569996 -0.02190006
vt 2.20484710 -0.02980006
vt 2.91569996 -0.07659996
vt 2.88450003 -0.02980006
vt 2.91569996 -0.02980006
vt 2.88450003 -0.07659996
vt 2.93750000 -0.44529998
vt 2.90630007 -0.39839995
vt 2.93750000 -0.39839995
vt 2.90630007 -0.44529998
vt 2.93750000 -0.45311701
vt 2.90630007 -0.45311701
vt 2.36879992 -0.07659996
vt 2.32200003 -0.02980006
vt 2.36879992 -0.02980006
vt 2.32200003 -0.07659996
vt 2.46259999 -0.07659996
vt 2.41569996 -0.02980006
vt 2.46259999 -0.02980006
vt 2.41569996 -0.07659996
vt 2.55629992 -0.07659996
vt 2.50950003 -0.02980006
vt 2.55629992 -0.02980006
vt 2.50950003 -0.07659996
vt 2.65009999 -0.07659996
vt 2.60319996 -0.02980006
vt 2.65009999 -0.02980006
vt 2.60319996 -0.07659996
vt 2.74379992 -0.07659996
vt 2.69700003 -0.02980006
vt 2.74379992 -0.02980006
vt 2.69700003 -0.07659996
vt 2.83759999 -0.07659996
vt 2.79069996 -0.02980006
vt 2.83759999 -0.02980006
vt 2.79069996 -0.07659996
vt -4.49049997 -0.08440006
vt -4.02185822 -0.07659996
vt -4.02180004 -0.08440006
vt -4.02966976 -0.07659996
vt -4.07654095 -0.07659996
vt -4.12341118 -0.07659996
vt -4.17028093 -0.07659996
vt -4.21715212 -0.07659996
vt -4.26402187 -0.07659996
vt -4.31089211 -0.07659996
vt -4.35776186 -0.07659996
vt -4.40463018 -0.07659996
vt -4.45149994 -0.07659996
vt -4.49055815 -0.07659996
vt 3.57809997 4.28130007
vt 3.64840007 4.25000000
vt 3.64840007 4.28130007
vt 3.57809997 4.25000000
vt 3.53123689 4.28130007
vt 3.53123689 4.25000000
vt 3.48437095 4.28130007
vt 3.48437095 4.25000000
vt 3.43750501 4.28130007
vt 3.43750501 4.25000000
vt 3.39064002 4.28130007
vt 3.39064002 4.25000000
vt 3.34377408 4.28130007
vt 3.34377408 4.25000000
vt 3.29690790 4.28130007
vt 3.29690790 4.25000000
vt 3.25004196 4.28130007
vt 3.25004196 4.25000000
vt 3.20317602 4.28130007
vt 3.20317602 4.25000000
vt 3.15631008 4.28130007
vt 3.15631008 4.25000000
vt 3.10944390 4.28130007
vt 3.10944390 4.25000000
vt 3.06257796 4.28130007
vt 3.06257796 4.25000000
vt 3.01571298 4.28130007
vt 3.01571298 4.25000000
vt 2.96884704 4.28130007
vt 2.96884704 4.25000000
vt 2.93760395 4.28130007
vt 2.93760395 4.25000000
vt -2.35159993 -0.44529998
vt -2.38280010 -0.39839995
vt -2.35159993 -0.39839995
vt -2.38280010 -0.44529998
vt -3.08430004 -0.08440006
vt -3.11555791 -0.07659996
vt -3.08431005 -0.07659996
vt -3.16243005 -0.07659996
vt -3.20930290 -0.07659996
vt -3.25617599 -0.07659996
vt -3.30304790 -0.07659996
vt -3.34992099 -0.07659996
vt -3.39679408 -0.07659996
vt -3.44366693 -0.07659996
vt -3.49054003 -0.07659996
vt -3.53741193 -0.07659996
vt -3.58428502 -0.07659996
vt -3.63115811 -0.07659996
vt -3.67803001 -0.07659996
vt -3.72490001 -0.07659996
vt -3.79520988 -0.07659996
vt -3.79520011 -0.08440006
vt -3.08430004 -0.07659996
vt -3.11549997 -0.02980006
vt -3.08430004 -0.02980006
vt -3.11549997 -0.07659996
vt 2.51559997 -0.02980006
vt 2.54690003 -0.02190006
vt 2.51559997 -0.02190006
vt 2.54690003 -0.02980006
vt -2.38280010 -0.44529998
vt -2.35159993 -0.39839995
vt -2.38280010 -0.39839995
vt -2.35159993 -0.44529998
vt -2.38280010 -0.44529998
vt -2.35159993 -0.39839995
vt -2.38280010 -0.39839995
vt -2.35159993 -0.44529998
vt -2.35159993 -0.44529998
vt -2.38280010 -0.39839995
vt -2.35159993 -0.39839995
vt -2.38280010 -0.44529998
vt -2.38280010 -0.44529998
vt -2.35159993 -0.39839995
vt -2.38280010 -0.39839995
vt -2.35159993 -0.44529998
vt -2.35159993 -0.44529998
vt -2.38280010 -0.39839995
vt -2.35159993 -0.39839995
vt -2.38280010 -0.44529998
vt -2.38280010 -0.44529998
vt -2.35159993 -0.39839995
vt -2.38280010 -0.39839995
vt -2.35159993 -0.44529998
vt -2.35159993 -0.44529998
vt -2.38280010 -0.39839995
vt -2.35159993 -0.39839995
vt -2.38280010 -0.44529998
vt -2.38280010 -0.44529998
vt -2.35159993 -0.39839995
vt -2.38280010 -0.39839995
vt -2.35159993 -0.44529998
vt -2.35159993 -0.44529998
vt -2.38280010 -0.39839995
vt -2.35159993 -0.39839995
vt -2.38280010 -0.44529998
vt -2.35159898 -4.71851921
vt -2.38279891 -4.74980116
vt -2.38279891 -4.71853590
vt -2.38279891 -4.75761890
vt -2.38279891 -4.80451822
vt -2.38279891 -4.85141802
vt -2.38279891 -4.89831781
vt -2.38279891 -4.94521809
vt -2.38279891 -4.99211788
vt -2.38279891 -5.03901815
vt -2.38279891 -5.08591795
vt -2.38279891 -5.13281488
vt -2.38279891 -5.17971516
vt -2.38279891 -5.21879816
vt -2.35159898 -5.21878099
vt -2.35159898 -4.75760078
vt -2.35159898 -4.80450106
vt -2.35159898 -4.85140085
vt -2.35159898 -4.89830112
vt -2.35159898 -4.94520092
vt -2.35159898 -4.99210119
vt -2.35159898 -5.03900099
vt -2.35159898 -5.08590078
vt -2.35159898 -5.13279819
vt 2.93750000 -0.39839995
vt 2.90630007 -0.39059997
vt 2.93750000 -0.39059997
vt 2.90630007 -0.39839995
vt -4.49049997 -0.07659996
vt -4.45149994 -0.02980006
vt -4.49049997 -0.02980006
vt -4.40460014 -0.07659996
vt -4.35769987 -0.02980006
vt -4.35769987 -0.07659996
vt -4.40460014 -0.02980006
vt -4.31080008 -0.07659996
vt -4.26399994 -0.02980006
vt -4.26399994 -0.07659996
vt -4.31080008 -0.02980006
vt -4.21710014 -0.07659996
vt -4.17019987 -0.02980006
vt -4.17019987 -0.07659996
vt -4.21710014 -0.02980006
vt -4.12330008 -0.07659996
vt -4.07649994 -0.02980006
vt -4.07649994 -0.07659996
vt -4.12330008 -0.02980006
vt -4.02960014 -0.07659996
vt -4.02180004 -0.02980006
vt -4.02180004 -0.07659996
vt -4.02960014 -0.02980006
vt -3.79520011 -0.08440006
vt -3.72484207 -0.07659996
vt -3.79515290 -0.07659996
vt -3.67797208 -0.07659996
vt -3.63109994 -0.07659996
vt -3.58422709 -0.07659996
vt -3.53735495 -0.07659996
vt -3.49048209 -0.07659996
vt -3.44360900 -0.07659996
vt -3.39673591 -0.07659996
vt -3.34986305 -0.07659996
vt -3.30299091 -0.07659996
vt -3.25611806 -0.07659996
vt -3.20924497 -0.07659996
vt -3.16237307 -0.07659996
vt -3.11549997 -0.07659996
vt -3.08425307 -0.07659996
vt -3.08430004 -0.08440006
vt -4.49219990 -0.08440101
vt -4.46089983 -0.07659996
vt -4.46089983 -0.08440101
vt -4.46089983 -0.02980006
vt -4.49219990 -0.07659996
vt -4.49219990 -0.02980006
vt -3.72490001 -0.07659996
vt -3.79520011 -0.02980006
vt -3.72490001 -0.02980006
vt -3.79520011 -0.07659996
vt -3.63120008 -0.07659996
vt -3.67799997 -0.02980006
vt -3.63120008 -0.02980006
vt -3.67799997 -0.07659996
vt -3.53740001 -0.07659996
vt -3.58430004 -0.02980006
vt -3.53740001 -0.02980006
vt -3.58430004 -0.07659996
vt -3.44370008 -0.07659996
vt -3.49049997 -0.02980006
vt -3.44370008 -0.02980006
vt -3.49049997 -0.07659996
vt -3.34990001 -0.07659996
vt -3.39680004 -0.02980006
vt -3.34990001 -0.02980006
vt -3.39680004 -0.07659996
vt -3.25620008 -0.07659996
vt -3.30299997 -0.02980006
vt -3.25620008 -0.02980006
vt -3.30299997 -0.07659996
vt -3.16240001 -0.07659996
vt -3.20930004 -0.02980006
vt -3.16240001 -0.02980006
vt -3.20930004 -0.07659996
vt -4.28130007 -0.44529998
vt -4.25000000 -0.39839995
vt -4.25000000 -0.44529998
vt -4.28130007 -0.39839995
vt -3.08425307 -0.02980006
vt -3.79520011 -0.02190006
vt -3.08430004 -0.02190006
vt -3.79515290 -0.02980006
vt -4.02180004 -0.02190006
vt -4.02178812 -0.02980006
vt -4.49049997 -0.02190006
vt -4.07646990 -0.02980006
vt -4.12334108 -0.02980006
vt -4.17021084 -0.02980006
vt -4.21708107 -0.02980006
vt -4.26395178 -0.02980006
vt -4.31082201 -0.02980006
vt -4.35769176 -0.02980006
vt -4.40455914 -0.02980006
vt -4.45142984 -0.02980006
vt -4.49048805 -0.02980006
vt 3.57809997 4.25000000
vt 3.64840007 4.28130007
vt 3.64840007 4.25000000
vt 3.57809997 4.28130007
vt 3.53123689 4.25000000
vt 3.53123689 4.28130007
vt 3.48437095 4.25000000
vt 3.48437095 4.28130007
vt 3.43750501 4.25000000
vt 3.43750501 4.28130007
vt 3.39064002 4.25000000
vt 3.39064002 4.28130007
vt 3.34377408 4.25000000
vt 3.34377408 4.28130007
vt 3.29690790 4.25000000
vt 3.29690790 4.28130007
vt 3.25004196 4.25000000
vt 3.25004196 4.28130007
vt 3.20317602 4.25000000
vt 3.20317602 4.28130007
vt 3.15631008 4.25000000
vt 3.15631008 4.28130007
vt 3.10944390 4.25000000
vt 3.10944390 4.28130007
vt 3.06257796 4.25000000
vt 3.06257796 4.28130007
vt 3.01571298 4.25000000
vt 3.01571298 4.28130007
vt 2.96884704 4.25000000
vt 2.96884704 4.28130007
vt 2.93760395 4.25000000
vt 2.93760395 4.28130007
vt -3.11549997 -0.07659996
vt -3.08430004 -0.02980006
vt -3.11549997 -0.02980006
vt -3.08430004 -0.07659996
vt -3.79520011 -0.07659996
vt -3.72490001 -0.02980006
vt -3.79520011 -0.02980006
vt -3.72490001 -0.07659996
vt -3.20930004 -0.07659996
vt -3.16240001 -0.02980006
vt -3.20930004 -0.02980006
vt -3.16240001 -0.07659996
vt -3.30299997 -0.07659996
vt -3.25620008 -0.02980006
vt -3.30299997 -0.02980006
vt -3.25620008 -0.07659996
vt -3.39680004 -0.07659996
vt -3.34990001 -0.02980006
vt -3.39680004 -0.02980006
vt -3.34990001 -0.07659996
vt -3.49049997 -0.07659996
vt -3.44370008 -0.02980006
vt -3.49049997 -0.02980006
vt -3.44370008 -0.07659996
vt -3.58430004 -0.07659996
vt -3.53740001 -0.02980006
vt -3.58430004 -0.02980006
vt -3.53740001 -0.07659996
vt -3.67799997 -0.07659996
vt -3.63120008 -0.02980006
vt -3.67799997 -0.02980006
vt -3.63120008 -0.07659996
vt -4.46089983 -0.02190006
vt -4.49219990 -0.02190006
vt -4.25000000 -0.39839995
vt -4.28130007 -0.44529998
vt -4.25000000 -0.44529998
vt -4.28130007 -0.39839995
vt -4.25000000 -0.39839995
vt -4.28130007 -0.44529998
vt -4.25000000 -0.44529998
vt -4.28130007 -0.39839995
vt -4.28130007 -0.44529998
vt -4.25000000 -0.39839995
vt -4.25000000 -0.44529998
vt -4.28130007 -0.39839995
vt -4.25000000 -0.39839995
vt -4.28130007 -0.44529998
vt -4.25000000 -0.44529998
vt -4.28130007 -0.39839995
vt -4.28130007 -0.44529998
vt -4.25000000 -0.39839995
vt -4.25000000 -0.44529998
vt -4.28130007 -0.39839995
vt -4.25000000 -0.39839995
vt -4.28130007 -0.44529998
vt -4.25000000 -0.44529998
vt -4.28130007 -0.39839995
vt -4.28130007 -0.44529998
vt -4.25000000 -0.39839995
vt -4.25000000 -0.44529998
vt -4.28130007 -0.39839995
vt -4.25000000 -0.39839995
vt -4.28130007 -0.44529998
vt -4.25000000 -0.44529998
vt -4.28130007 -0.39839995
vt -4.28130007 -0.44529998
vt -4.25000000 -0.39839995
vt -4.25000000 -0.44529998
vt -4.28130007 -0.39839995
vt -4.25000000 -0.39839995
vt -4.28130007 -0.44529998
vt -4.25000000 -0.44529998
vt -4.28130007 -0.39839995
vt -4.28130007 -0.44529998
vt -4.25000000 -0.39839995
vt -4.25000000 -0.44529998
vt -4.28130007 -0.39839995
vt -4.25000000 -0.39839995
vt -4.28130007 -0.44529998
vt -4.25000000 -0.44529998
vt -4.28130007 -0.39839995
vt -4.28130007 -0.44529998
vt -4.25000000 -0.39839995
vt -4.25000000 -0.44529998
vt -4.28130007 -0.39839995
vt -3.79520988 -0.02980006
vt -3.08430004 -0.02190006
vt -3.79520011 -0.02190006
vt -3.08431005 -0.02980006
vt -3.56250000 -0.43750000
vt -3.37500000 -0.06250000
vt -3.37500000 -0.43750000
vt -3.56250000 -0.06250000
vt -3.77959991 -0.43750000
vt -3.96709991 -0.06250000
vt -3.77959991 -0.06250000
vt -3.96709991 -0.43750000
vt -3.96709991 -0.43750000
vt -3.77959991 -0.06250000
vt -3.96709991 -0.06250000
vt -3.77959991 -0.43750000
vt -3.37500000 -0.06250000
vt -3.45309997 -0.43750000
vt -3.37500000 -0.43750000
vt -3.43747902 -0.06250000
vt -3.49996090 -0.06250000
vt -3.48433900 -0.43750000
vt -3.56243896 -0.43750000
vt -3.56243896 -0.06250000
vt -2.79523110 -0.32809997
vt -3.36549997 -0.06250000
vt -3.36553097 -0.32810104
vt -2.79520011 -0.06250000
vt 2.20479989 -0.06250000
vt 1.63449895 -0.32809997
vt 2.20479894 -0.32810104
vt 1.63450003 -0.06250000
vt 5.69530010 -0.96879995
vt 5.22660017 0.03130001
vt 5.69530010 0.03130001
vt 5.22660017 -0.96879995
vt -2.91210008 0.03130001
vt -2.94339991 -0.96879995
vt -2.91210008 -0.96879995
vt -2.94339991 0.03130001
vt 5.22660017 -0.96879995
vt 5.69530010 0.03130001
vt 5.22660017 0.03130001
vt 5.69530010 -0.96879995
vt 1.63451898 -0.32809997
vt 2.20479989 -0.06250000
vt 2.20481896 -0.32810104
vt 1.63450003 -0.06250000
vt 3.17190003 -0.72660005
vt 3.22659993 -0.19529998
vt 3.22659993 -0.72660005
vt 3.17190003 -0.19529998
vt 3.17190003 4.92189980
vt 3.22659993 4.92969990
vt 3.17190003 4.92969990
vt 3.22659993 4.92189980
vt -4.92189980 -0.72660005
vt -4.92969990 -0.19529998
vt -4.92189980 -0.19529998
vt -4.92969990 -0.72660005
vt 3.22659993 4.92189980
vt 3.17190003 4.92969990
vt 3.22659993 4.92969990
vt 3.17190003 4.92189980
vt 3.22659993 -0.19529998
vt 3.17190003 -0.72660005
vt 3.22659993 -0.72660005
vt 3.17190003 -0.19529998
vt -4.92969990 -0.72660005
vt -4.92189980 -0.19529998
vt -4.92969990 -0.19529998
vt -4.92189980 -0.72660005
vt 3.17969990 4.92189980
vt 3.22659993 4.92969990
vt 3.17969990 4.92969990
vt 3.22659993 4.92189980
vt 3.17969990 -0.72660005
vt 3.22659993 -0.19529998
vt 3.22659993 -0.72660005
vt 3.17969990 -0.19529998
vt 3.22659993 4.92189980
vt 3.17969990 4.92969990
vt 3.22659993 4.92969990
vt 3.17969990 4.92189980
vt 3.22659993 -0.19529998
vt 3.17969990 -0.72660005
vt 3.22659993 -0.72660005
vt 3.17969990 -0.19529998
vt 10.01659966 -381.99899292
vt 10.58329964 -382.99899292
vt 10.58323956 -381.99899292
vt 9.30000114 -382.99899292
vt 9.99993229 -381.99899292
vt 9.29994488 -381.99899292
vt 9.30000114 -382.99899292
vt 10.58323956 -381.99899292
vt 10.58329964 -382.99899292
vt 10.01659966 -381.99899292
vt 9.99993229 -381.99899292
vt 9.29994488 -381.99899292
vt 10.58329964 -1.00000000
vt 10.01659966 0.00000000
vt 10.58329964 0.00000000
vt 9.99993038 0.00000000
vt 9.29987431 0.00000000
vt 9.29987431 -1.00000000
vt 9.30000114 -1.00000000
vt 10.58329964 0.00000000
vt 9.30000114 0.00000000
vt 10.58329964 -1.00000000
vt 381.99899292 -1.00000000
vt 382.99899292 0.00000000
vt 382.99899292 -1.00000000
vt 381.99899292 0.00000000
vt -0.91240001 -0.32809997
vt -1.62329996 -0.06250000
vt -0.91240001 -0.06250000
vt -1.62329996 -0.32809997
vt 1.52509999 -0.06250000
vt 2.08759999 -0.32809997
vt 1.52509999 -0.32809997
vt 2.08759999 -0.06250000
vt -2.43750000 -0.32809997
vt -2.62500000 -0.06250000
vt -2.43750000 -0.06250000
vt -2.62500000 -0.32809997
vt -2.38899994 -0.32809997
vt -3.81080008 -0.06250000
vt -2.38899994 -0.06250000
vt -3.81080008 -0.32809997
f 1/1 2/2 3/3
f 2/2 1/1 4/4
f 5/5 6/6 7/7
f 6/6 5/5 8/8
f 9/9 10/10 11/11
f 10/10 9/9 12/12
f 13/13 14/14 15/15
f 14/14 13/13 16/16
f 17/17 18/18 19/19
f 18/18 17/17 20/20
f 21/21 22/22 23/23
f 22/22 21/21 24/24
f 25/25 26/26 27/27
f 26/26 25/25 28/28
f 29/29 30/30 31/31
f 30/30 29/29 32/32
f 33/33 34/34 35/35
f 34/34 33/33 36/36
f 37/37 38/38 39/39
f 38/38 37/37 40/40
f 41/41 42/42 43/43
f 42/42 41/41 44/44
f 45/45 46/46 47/47
f 46/46 45/45 48/48
f 49/49 50/50 51/51
f 50/50 49/49 52/52
f 53/53 54/54 55/55
f 54/54 53/53 56/56
f 57/57 58/58 59/59
f 58/58 57/57 60/60
f 61/61 62/62 63/63
f 62/62 61/61 64/64
f 65/65 66/66 67/67
f 66/66 65/65 68/68
f 69/69 70/70 71/71
f 70/70 69/69 72/72
f 73/73 74/74 75/75
f 74/74 73/73 76/76
f 77/77 78/78 79/79
f 78/78 77/77 80/80
f 81/81 82/82 83/83
f 82/82 81/81 84/84
f 85/85 86/86 87/87
f 86/86 85/85 88/88
f 89/89 90/90 91/91
f 90/90 89/89 92/92
f 93/93 94/94 95/95
f 94/94 93/93 96/96
f 97/97 98/98 99/99
f 98/98 97/97 100/100
f 101/101 102/102 103/103
f 102/102 101/101 104/104
f 105/105 106/106 107/107
f 106/106 105/105 108/108
f 109/109 110/110 111/111
f 110/110 109/109 112/112
f 113/113 114/114 115/115
f 114/114 113/113 116/116
f 117/117 118/118 119/119
f 118/118 117/117 120/120
f 120/120 117/117 121/121
f 122/122 123/123 124/124
f 123/123 122/122 125/125
f 126/126 127/127 128/128
f 127/127 126/126 129/129
f 130/130 131/131 132/132
f 131/131 130/130 133/133
f 134/134 135/135 136/136
f 135/135 134/134 137/137
f 138/138 139/139 140/140
f 139/139 138/138 141/141
f 142/142 143/143 144/144
f 143/143 142/142 145/145
f 146/146 147/147 148/148
f 147/147 146/146 149/149
f 150/150 151/151 152/152
f 151/151 150/150 153/153
f 154/154 155/155 156/156
f 155/155 154/154 157/157
f 158/158 159/159 160/160
f 159/159 158/158 161/161
f 162/162 163/163 164/164
f 163/163 162/162 165/165
f 166/166 167/167 168/168
f 167/167 166/166 169/169
f 170/170 171/171 172/172
f 171/171 170/170 173/173
f 174/174 175/175 176/176
f 175/175 174/174 177/177
f 178/178 179/179 180/180
f 179/179 178/178 181/181
f 182/182 183/183 184/184
f 183/183 182/182 185/185
f 186/186 187/187 188/188
f 187/187 186/186 189/189
f 190/190 191/191 192/192
f 191/191 190/190 193/193
f 194/194 195/195 196/196
f 195/195 194/194 197/197
f 198/198 199/199 200/200
f 199/199 198/198 201/201
f 202/202 203/203 204/204
f 203/203 202/202 205/205
f 206/206 207/207 208/208
f 207/207 206/206 209/209
f 210/210 211/211 212/212
f 211/211 210/210 213/213
f 214/214 215/215 216/216
f 215/215 214/214 217/217
f 215/215 217/217 218/218
f 215/215 218/218 219/219
f 220/220 221/221 222/222
f 223/223 224/224 225/225
f 224/224 223/223 226/226
f 227/227 228/228 229/229
f 230/230 231/231 232/232
f 231/231 230/230 233/233
f 234/234 235/235 236/236
f 237/237 238/238 239/239
f 238/238 237/237 240/240
f 241/241 242/242 243/243
f 242/242 241/241 244/244
f 245/245 246/246 247/247
f 246/246 245/245 248/248
f 249/249 250/250 251/251
f 250/250 249/249 252/252
f 252/252 249/249 253/253
f 253/253 249/249 254/254
f 255/255 256/256 257/257
f 256/256 255/255 258/258
f 256/256 258/258 259/259
f 260/260 261/261 262/262
f 261/261 260/260 263/263
f 264/264 265/265 266/266
f 265/265 264/264 267/267
f 268/268 269/269 270/270
f 269/269 268/268 271/271
f 271/271 268/268 272/272
f 272/272 268/268 273/273
f 274/274 275/275 276/276
f 275/275 274/274 277/277
f 278/278 279/279 280/280
f 279/279 278/278 281/281
f 282/282 283/283 284/284
f 283/283 282/282 285/285
f 285/285 282/282 286/286
f 286/286 282/282 287/287
f 287/287 282/282 288/288
f 288/288 282/282 289/289
f 289/289 282/282 290/290
f 290/290 282/282 291/291
f 291/291 282/282 292/292
f 292/292 282/282 293/293
f 293/293 282/282 294/294
f 294/294 282/282 295/295
f 295/295 282/282 296/296
f 296/296 282/282 297/297
f 297/297 282/282 298/298
f 298/298 282/282 299/299
f 300/300 301/301 302/302
f 301/301 300/300 303/303
f 303/303 300/300 304/304
f 304/304 300/300 305/305
f 305/305 300/300 306/306
f 306/306 300/300 307/307
f 307/307 300/300 308/308
f 308/308 300/300 309/309
f 309/309 300/300 310/310
f 310/310 300/300 311/311
f 311/311 300/300 312/312
f 312/312 300/300 313/313
f 313/313 300/300 314/314
f 314/314 300/300 315/315
f 315/315 300/300 316/316
f 316/316 300/300 317/317
f 317/317 300/300 318/318
f 318/318 300/300 319/319
f 320/320 321/321 322/322
f 321/321 320/320 323/323
f 323/323 320/320 324/324
f 324/324 320/320 325/325
f 325/325 320/320 326/326
f 326/326 320/320 327/327
f 327/327 320/320 328/328
f 328/328 320/320 329/329
f 329/329 320/320 330/330
f 330/330 320/320 331/331
f 331/331 320/320 332/332
f 332/332 320/320 333/333
f 333/333 320/320 334/334
f 334/334 320/320 335/335
f 335/335 320/320 336/336
f 336/336 320/320 337/337
f 337/337 320/320 338/338
f 338/338 320/320 339/339
f 339/339 320/320 340/340
f 340/340 320/320 341/341
f 341/341 320/320 342/342
f 342/342 320/320 343/343
f 343/343 320/320 344/344
f 344/344 320/320 345/345
f 345/345 320/320 346/346
f 346/346 320/320 347/347
f 347/347 320/320 348/348
f 348/348 320/320 349/349
f 349/349 320/320 350/350
f 350/350 320/320 351/351
f 351/351 320/320 352/352
f 352/352 320/320 353/353
f 353/353 320/320 354/354
f 354/354 320/320 355/355
f 355/355 320/320 356/356
f 356/356 320/320 357/357
f 357/357 320/320 358/358
f 358/358 320/320 359/359
f 359/359 320/320 360/360
f 360/360 320/320 361/361
f 362/362 363/363 364/364
f 363/363 362/362 365/365
f 366/366 367/367 368/368
f 367/367 366/366 369/369
f 370/370 371/371 372/372
f 371/371 370/370 373/373
f 374/374 375/375 376/376
f 375/375 374/374 377/377
f 378/378 379/379 380/380
f 379/379 378/378 381/381
f 381/381 378/378 382/382
f 383/383 379/379 381/381
f 384/384 385/385 386/386
f 385/385 384/384 387/387
f 388/388 389/389 390/390
f 389/389 388/388 391/391
f 392/392 393/393 394/394
f 393/393 392/392 395/395
f 396/396 397/397 398/398
f 397/397 396/396 399/399
f 400/400 401/401 402/402
f 401/401 400/400 403/403
f 404/404 405/405 406/406
f 405/405 404/404 407/407
f 408/408 409/409 410/410
f 409/409 408/408 411/411
f 412/412 413/413 414/414
f 413/413 412/412 415/415
f 416/416 417/417 418/418
f 417/417 416/416 419/419
f 419/419 416/416 420/420
f 420/420 416/416 421/421
f 421/421 416/416 422/422
f 422/422 416/416 423/423
f 423/423 416/416 424/424
f 424/424 416/416 425/425
f 425/425 416/416 426/426
f 426/426 416/416 427/427
f 427/427 416/416 428/428
f 428/428 416/416 429/429
f 429/429 416/416 430/430
f 430/430 416/416 431/431
f 431/431 416/416 432/432
f 432/432 416/416 433/433
f 433/433 416/416 434/434
f 434/434 416/416 435/435
f 435/435 416/416 436/436
f 436/436 416/416 437/437
f 437/437 416/416 438/438
f 438/438 416/416 439/439
f 429/429 440/440 441/441
f 440/440 429/429 430/430
f 427/427 442/442 443/443
f 442/442 427/427 428/428
f 425/425 444/444 445/445
f 444/444 425/425 426/426
f 446/446 447/447 448/448
f 447/447 446/446 449/449
f 449/449 446/446 450/450
f 449/449 450/450 451/451
f 451/451 450/450 452/452
f 451/451 452/452 453/453
f 453/453 452/452 454/454
f 453/453 454/454 455/455
f 455/455 454/454 456/456
f 455/455 456/456 457/457
f 457/457 456/456 458/458
f 457/457 458/458 459/459
f 459/459 458/458 460/460
f 459/459 460/460 461/461
f 461/461 460/460 462/462
f 461/461 462/462 463/463
f 463/463 462/462 464/464
f 465/465 466/466 467/467
f 466/466 465/465 468/468
f 468/468 465/465 469/469
f 470/470 466/466 468/468
f 471/471 472/472 473/473
f 472/472 471/471 474/474
f 475/475 476/476 477/477
f 476/476 475/475 478/478
f 479/479 480/480 481/481
f 480/480 479/479 482/482
f 483/483 484/484 485/485
f 484/484 483/483 486/486
f 487/487 488/488 489/489
f 488/488 487/487 490/490
f 491/491 492/492 493/493
f 492/492 491/491 494/494
f 495/495 496/496 497/497
f 496/496 495/495 498/498
f 499/499 500/500 501/501
f 500/500 499/499 502/502
f 503/503 504/504 505/505
f 504/504 503/503 506/506
f 507/507 508/508 509/509
f 508/508 507/507 510/510
f 511/511 512/512 513/513
f 512/512 511/511 514/514
f 515/515 516/516 517/517
f 516/516 515/515 518/518
f 519/519 520/520 521/521
f 520/520 519/519 522/522
f 523/523 524/524 525/525
f 524/524 523/523 526/526
f 527/527 528/528 529/529
f 528/528 527/527 530/530
f 531/531 532/532 533/533
f 532/532 531/531 534/534
f 535/535 536/536 537/537
f 536/536 535/535 538/538
f 539/539 540/540 541/541
f 540/540 539/539 542/542
f 543/543 544/544 545/545
f 544/544 543/543 546/546
f 544/544 546/546 547/547
f 547/547 546/546 548/548
f 549/549 550/550 551/551
f 550/550 549/549 552/552
f 549/549 550/550 551/551
f 550/550 549/549 552/552
f 553/553 554/554 555/555
f 554/554 553/553 556/556
f 553/553 554/554 555/555
f 554/554 553/553 556/556
f 557/557 558/558 559/559
f 558/558 557/557 560/560
f 557/557 558/558 559/559
f 558/558 557/557 560/560
f 561/561 562/562 563/563
f 562/562 561/561 564/564
f 561/561 562/562 563/563
f 562/562 561/561 564/564
f 565/565 566/566 567/567
f 566/566 565/565 568/568
f 569/569 570/570 571/571
f 570/570 569/569 572/572
f 573/573 574/574 575/575
f 574/574 573/573 576/576
f 577/577 578/578 579/579
f 578/578 577/577 580/580
f 581/581 582/582 583/583
f 582/582 581/581 584/584
f 585/585 586/586 587/587
f 586/586 585/585 588/588
f 589/589 590/590 591/591
f 590/590 589/589 592/592
f 593/593 594/594 595/595
f 594/594 593/593 596/596
f 597/597 598/598 599/599
f 598/598 597/597 600/600
f 601/601 602/602 603/603
f 602/602 601/601 604/604
f 605/605 606/606 607/607
f 606/606 605/605 608/608
f 609/609 610/610 611/611
f 610/610 609/609 612/612
f 613/613 614/614 615/615
f 614/614 613/613 616/616
f 617/617 618/618 619/619
f 618/618 617/617 620/620
f 621/621 622/622 623/623
f 622/622 621/621 624/624
f 625/625 626/626 627/627
f 626/626 625/625 628/628
f 629/629 630/630 631/631
f 630/630 629/629 632/632
f 633/633 634/634 635/635
f 634/634 633/633 636/636
f 637/637 638/638 639/639
f 638/638 637/637 640/640
f 641/641 642/642 643/643
f 642/642 641/641 644/644
f 645/645 646/646 647/647
f 646/646 645/645 648/648
f 649/649 650/650 651/651
f 650/650 649/649 652/652
f 653/653 654/654 655/655
f 654/654 653/653 656/656
f 654/654 656/656 657/657
f 657/657 656/656 658/658
f 659/659 660/660 661/661
f 660/660 659/659 662/662
f 663/663 664/664 665/665
f 664/664 663/663 666/666
f 667/667 668/668 669/669
f 668/668 667/667 670/670
f 671/671 672/672 673/673
f 672/672 671/671 674/674
f 675/675 676/676 677/677
f 676/676 675/675 678/678
f 679/679 680/680 681/681
f 680/680 679/679 682/682
f 683/683 684/684 685/685
f 684/684 683/683 686/686
f 687/687 688/688 689/689
f 688/688 687/687 690/690
f 691/691 692/692 693/693
f 692/692 691/691 694/694
f 695/695 696/696 697/697
f 696/696 695/695 698/698
f 699/699 700/700 701/701
f 700/700 699/699 702/702
f 703/703 704/704 705/705
f 704/704 703/703 706/706
f 707/707 708/708 709/709
f 708/708 707/707 710/710
f 711/711 712/712 713/713
f 712/712 711/711 714/714
f 715/715 716/716 717/717
f 716/716 715/715 718/718
f 719/719 720/720 721/721
f 720/720 719/719 722/722
f 723/723 724/724 725/725
f 724/724 723/723 726/726
f 727/727 728/728 729/729
f 728/728 727/727 730/730
f 731/731 732/732 733/733
f 732/732 731/731 734/734
f 735/735 736/736 737/737
f 736/736 735/735 738/738
f 739/739 740/740 741/741
f 740/740 739/739 742/742
f 742/742 739/739 743/743
f 742/742 743/743 744/744
f 744/744 743/743 745/745
f 744/744 745/745 746/746
f 747/747 748/748 749/749
f 748/748 747/747 750/750
f 750/750 747/747 751/751
f 750/750 751/751 752/752
f 752/752 751/751 753/753
f 752/752 753/753 754/754
f 754/754 753/753 755/755
f 754/754 755/755 756/756
f 756/756 755/755 757/757
f 756/756 757/757 758/758
f 758/758 757/757 759/759
f 758/758 759/759 760/760
f 761/761 762/762 763/763
f 762/762 761/761 764/764
f 764/764 761/761 765/765
f 764/764 765/765 766/766
f 766/766 765/765 767/767
f 766/766 767/767 768/768
f 768/768 767/767 769/769
f 768/768 769/769 770/770
f 770/770 769/769 771/771
f 770/770 771/771 772/772
f 772/772 771/771 773/773
f 772/772 773/773 774/774
f 774/774 773/773 775/775
f 774/774 775/775 776/776
f 776/776 775/775 777/777
f 776/776 777/777 778/778
f 778/778 777/777 779/779
f 778/778 779/779 780/780
f 780/780 779/779 781/781
f 780/780 781/781 782/782
f 782/782 781/781 783/783
f 782/782 783/783 784/784
f 784/784 783/783 785/785
f 784/784 785/785 786/786
f 786/786 785/785 787/787
f 786/786 787/787 788/788
f 788/788 787/787 789/789
f 788/788 789/789 790/790
f 790/790 789/789 791/791
f 790/790 791/791 792/792
f 792/792 791/791 793/793
f 792/792 793/793 794/794
f 794/794 793/793 795/795
f 794/794 795/795 796/796
f 796/796 795/795 797/797
f 796/796 797/797 798/798
f 798/798 797/797 799/799
f 798/798 799/799 800/800
f 800/800 799/799 801/801
f 800/800 801/801 802/802
f 802/802 801/801 803/803
f 802/802 803/803 804/804
f 804/804 803/803 805/805
f 804/804 805/805 806/806
f 806/806 805/805 807/807
f 806/806 807/807 808/808
f 808/808 807/807 809/809
f 808/808 809/809 810/810
f 810/810 809/809 811/811
f 810/810 811/811 812/812
f 812/812 811/811 813/813
f 812/812 813/813 814/814
f 814/814 813/813 815/815
f 814/814 815/815 816/816
f 816/816 815/815 817/817
f 816/816 817/817 818/818
f 819/819 820/820 821/821
f 822/822 823/823 824/824
f 823/823 822/822 825/825
f 826/826 827/827 828/828
f 827/827 826/826 829/829
f 830/830 831/831 832/832
f 831/831 830/830 833/833
f 834/834 835/835 836/836
f 835/835 834/834 837/837
f 838/838 839/839 840/840
f 839/839 838/838 841/841
f 842/842 843/843 844/844
f 843/843 842/842 845/845
f 846/846 847/847 848/848
f 847/847 846/846 849/849
f 850/850 851/851 852/852
f 851/851 850/850 853/853
f 854/854 855/855 856/856
f 855/855 854/854 857/857
f 858/858 859/859 860/860
f 859/859 858/858 861/861
f 862/862 863/863 864/864
f 863/863 862/862 865/865
f 866/866 867/867 868/868
f 869/869 868/868 867/867
f 870/870 871/871 872/872
f 871/871 870/870 873/873
f 874/874 875/875 876/876
f 877/877 876/876 875/875
f 878/878 879/879 880/880
f 881/881 882/882 883/883
f 884/884 885/885 886/886
f 885/885 884/884 887/887
f 888/888 889/889 890/890
f 889/889 888/888 891/891
f 891/891 888/888 892/892
f 892/892 888/888 893/893
f 893/893 888/888 894/894
f 894/894 888/888 895/895
f 895/895 888/888 896/896
f 896/896 888/888 897/897
f 897/897 888/888 898/898
f 898/898 888/888 899/899
f 899/899 888/888 900/900
f 900/900 888/888 901/901
f 901/901 888/888 902/902
f 902/902 888/888 903/903
f 903/903 888/888 904/904
f 904/904 888/888 905/905
f 906/906 907/907 908/908
f 907/907 906/906 909/909
f 909/909 906/906 910/910
f 909/909 910/910 911/911
f 911/911 910/910 912/912
f 912/912 910/910 913/913
f 913/913 910/910 914/914
f 914/914 910/910 915/915
f 915/915 910/910 916/916
f 916/916 910/910 917/917
f 917/917 910/910 918/918
f 918/918 910/910 919/919
f 919/919 910/910 920/920
f 910/910 906/906 921/921
f 921/921 906/906 922/922
f 921/921 922/922 923/923
f 923/923 922/922 924/924
f 923/923 924/924 925/925
f 925/925 924/924 926/926
f 925/925 926/926 927/927
f 927/927 926/926 928/928
f 927/927 928/928 929/929
f 929/929 928/928 930/930
f 929/929 930/930 931/931
f 931/931 930/930 932/932
f 931/931 932/932 933/933
f 933/933 932/932 934/934
f 933/933 934/934 935/935
f 935/935 934/934 936/936
f 935/935 936/936 937/937
f 937/937 936/936 938/938
f 937/937 938/938 939/939
f 939/939 938/938 940/940
f 939/939 940/940 941/941
f 941/941 940/940 942/942
f 941/941 942/942 943/943
f 943/943 942/942 944/944
f 943/943 944/944 945/945
f 945/945 944/944 946/946
f 945/945 946/946 947/947
f 910/910 948/948 920/920
f 948/948 910/910 949/949
f 948/948 949/949 950/950
f 951/951 952/952 953/953
f 952/952 951/951 954/954
f 954/954 951/951 955/955
f 955/955 951/951 956/956
f 956/956 951/951 957/957
f 957/957 951/951 958/958
f 958/958 951/951 959/959
f 959/959 951/951 960/960
f 960/960 951/951 961/961
f 961/961 951/951 962/962
f 962/962 951/951 963/963
f 963/963 951/951 964/964
f 964/964 951/951 965/965
f 965/965 951/951 966/966
f 966/966 951/951 967/967
f 967/967 951/951 968/968
f 969/969 970/970 971/971
f 970/970 969/969 972/972
f 972/972 969/969 973/973
f 973/973 969/969 974/974
f 974/974 969/969 975/975
f 975/975 969/969 976/976
f 976/976 969/969 977/977
f 977/977 969/969 978/978
f 978/978 969/969 979/979
f 979/979 969/969 980/980
f 980/980 969/969 981/981
f 981/981 969/969 982/982
f 982/982 969/969 983/983
f 983/983 969/969 984/984
f 983/983 984/984 985/985
f 986/986 987/987 988/988
f 987/987 986/986 989/989
f 990/990 991/991 992/992
f 991/991 990/990 993/993
f 993/993 990/990 994/994
f 994/994 990/990 995/995
f 995/995 990/990 996/996
f 996/996 990/990 997/997
f 997/997 990/990 998/998
f 998/998 990/990 999/999
f 999/999 990/990 1000/1000
f 1000/1000 990/990 1001/1001
f 1001/1001 990/990 1002/1002
f 1002/1002 990/990 1003/1003
f 1004/1004 1005/1005 1006/1006
f 1005/1005 1004/1004 1007/1007
f 1005/1005 1007/1007 1008/1008
f 1005/1005 1008/1008 1009/1009
f 1005/1005 1009/1009 1010/1010
f 1005/1005 1010/1010 1011/1011
f 1005/1005 1011/1011 1012/1012
f 1005/1005 1012/1012 1013/1013
f 1005/1005 1013/1013 1014/1014
f 1005/1005 1014/1014 1015/1015
f 1005/1005 1015/1015 1016/1016
f 1005/1005 1016/1016 1017/1017
f 1018/1018 1019/1019 1020/1020
f 1019/1019 1018/1018 1021/1021
f 1022/1022 1023/1023 1024/1024
f 1023/1023 1022/1022 1025/1025
f 1026/1026 1027/1027 1028/1028
f 1027/1027 1026/1026 1029/1029
f 1030/1030 1031/1031 1032/1032
f 1031/1031 1030/1030 1033/1033
f 1034/1034 1035/1035 1036/1036
f 1035/1035 1034/1034 1037/1037
f 1038/1038 1039/1039 1040/1040
f 1039/1039 1038/1038 1041/1041
f 1042/1042 1043/1043 1044/1044
f 1043/1043 1042/1042 1045/1045
f 1046/1046 1047/1047 1048/1048
f 1047/1047 1046/1046 1049/1049
f 1049/1049 1046/1046 1050/1050
f 1050/1050 1046/1046 1051/1051
f 1051/1051 1046/1046 1052/1052
f 1052/1052 1046/1046 1053/1053
f 1053/1053 1046/1046 1054/1054
f 1054/1054 1046/1046 1055/1055
f 1055/1055 1046/1046 1056/1056
f 1056/1056 1046/1046 1057/1057
f 1057/1057 1046/1046 1058/1058
f 1058/1058 1046/1046 1059/1059
f 1060/1060 1061/1061 1062/1062
f 1061/1061 1060/1060 1063/1063
f 1064/1064 1065/1065 1066/1066
f 1065/1065 1064/1064 1067/1067
f 1068/1068 1069/1069 1070/1070
f 1069/1069 1068/1068 1071/1071
f 1071/1071 1068/1068 1072/1072
f 1073/1073 1074/1074 1075/1075
f 1074/1074 1073/1073 1076/1076
f 1076/1076 1073/1073 1077/1077
f 1076/1076 1077/1077 1078/1078
f 1079/1079 1080/1080 1081/1081
f 1080/1080 1079/1079 1082/1082
f 1083/1083 1084/1084 1085/1085
f 1084/1084 1083/1083 1086/1086
f 1087/1087 1088/1088 1089/1089
f 1088/1088 1087/1087 1090/1090
f 1091/1091 1092/1092 1093/1093
f 1092/1092 1091/1091 1094/1094
f 1095/1095 1096/1096 1097/1097
f 1096/1096 1095/1095 1098/1098
f 1099/1099 1100/1100 1101/1101
f 1100/1100 1099/1099 1102/1102
f 1103/1103 1104/1104 1105/1105
f 1104/1104 1103/1103 1106/1106
f 1107/1107 1108/1108 1109/1109
f 1108/1108 1107/1107 1110/1110
f 1108/1108 1110/1110 1111/1111
f 1108/1108 1111/1111 1112/1112
f 1108/1108 1112/1112 1113/1113
f 1108/1108 1113/1113 1114/1114
f 1108/1108 1114/1114 1115/1115
f 1108/1108 1115/1115 1116/1116
f 1108/1108 1116/1116 1117/1117
f 1108/1108 1117/1117 1118/1118
f 1108/1108 1118/1118 1119/1119
f 1108/1108 1119/1119 1120/1120
f 1121/1121 1122/1122 1002/1002
f 1122/1122 1121/1121 1123/1123
f 1124/1124 1125/1125 1126/1126
f 1125/1125 1124/1124 1127/1127
f 1128/1128 1129/1129 1130/1130
f 1129/1129 1128/1128 1131/1131
f 1132/1132 1133/1133 1134/1134
f 1133/1133 1132/1132 1135/1135
f 1135/1135 1132/1132 1136/1136
f 1135/1135 1136/1136 1137/1137
f 1138/1138 1139/1139 1140/1140
f 1139/1139 1138/1138 1141/1141
f 1142/1142 1143/1143 1144/1144
f 1143/1143 1142/1142 1145/1145
f 1146/1146 1147/1147 1148/1148
f 1147/1147 1146/1146 1149/1149
f 1150/1150 1151/1151 1152/1152
f 1151/1151 1150/1150 1153/1153
f 1154/1154 1155/1155 1156/1156
f 1155/1155 1154/1154 1157/1157
f 1158/1158 1159/1159 1160/1160
f 1159/1159 1158/1158 1161/1161
f 1161/1161 1158/1158 1162/1162
f 1161/1161 1162/1162 1163/1163
f 1164/1164 1007/1007 1165/1165
f 1007/1007 1164/1164 1166/1166
f 1167/1167 1168/1168 1169/1169
f 1168/1168 1167/1167 1170/1170
f 1171/1171 1172/1172 1173/1173
f 1172/1172 1171/1171 1174/1174
f 1175/1175 1176/1176 1177/1177
f 1176/1176 1175/1175 1178/1178
f 1179/1179 1180/1180 1181/1181
f 1180/1180 1179/1179 1182/1182
f 1183/1183 1184/1184 1185/1185
f 1184/1184 1183/1183 1186/1186
f 1187/1187 1188/1188 1189/1189
f 1188/1188 1187/1187 1190/1190
f 1191/1191 1192/1192 1193/1193
f 1192/1192 1191/1191 1194/1194
f 1195/1195 1196/1196 1197/1197
f 1196/1196 1195/1195 1198/1198
f 1199/1199 1200/1200 1201/1201
f 1200/1200 1199/1199 1202/1202
f 1203/1203 1204/1204 1205/1205
f 1204/1204 1203/1203 1206/1206
f 1207/1207 1208/1208 1209/1209
f 1208/1208 1207/1207 1210/1210
f 1211/1211 1212/1212 1213/1213
f 1212/1212 1211/1211 1214/1214
f 1215/1215 1216/1216 1217/1217
f 1216/1216 1215/1215 1218/1218
f 1219/1219 1220/1220 1221/1221
f 1220/1220 1219/1219 1222/1222
f 1223/1223 1224/1224 1225/1225
f 1224/1224 1223/1223 1226/1226
f 1227/1227 1228/1228 1229/1229
f 1228/1228 1227/1227 1230/1230
f 1231/1231 1232/1232 1233/1233
f 1232/1232 1231/1231 1234/1234
f 1235/1235 1236/1236 1237/1237
f 1236/1236 1235/1235 1238/1238
f 1239/1239 1240/1240 1058/1058
f 1240/1240 1239/1239 1241/1241
f 1242/1242 1243/1243 1244/1244
f 1243/1243 1242/1242 1245/1245
f 1246/1246 1247/1247 1248/1248
f 1247/1247 1246/1246 1249/1249
f 1250/1250 1251/1251 1252/1252
f 1251/1251 1250/1250 1253/1253
f 1254/1254 1255/1255 1256/1256
f 1255/1255 1254/1254 1257/1257
f 1258/1258 1259/1259 1260/1260
f 1259/1259 1258/1258 1261/1261
f 1259/1259 1261/1261 1262/1262
f 1261/1261 1258/1258 1263/1263
f 1261/1261 1263/1263 1264/1264
f 1261/1261 1264/1264 1265/1265
f 1261/1261 1265/1265 1266/1266
f 1261/1261 1266/1266 1267/1267
f 1262/1262 1261/1261 1268/1268
f 1262/1262 1268/1268 1269/1269
f 1262/1262 1269/1269 1270/1270
f 1270/1270 1269/1269 1271/1271
f 1270/1270 1271/1271 1272/1272
f 1272/1272 1271/1271 1273/1273
f 1272/1272 1273/1273 1274/1274
f 1274/1274 1273/1273 1275/1275
f 1274/1274 1275/1275 1276/1276
f 1276/1276 1275/1275 1277/1277
f 1276/1276 1277/1277 1278/1278
f 1278/1278 1277/1277 1279/1279
f 1278/1278 1279/1279 1280/1280
f 1280/1280 1279/1279 1281/1281
f 1280/1280 1281/1281 1282/1282
f 1282/1282 1281/1281 1283/1283
f 1282/1282 1283/1283 1284/1284
f 1284/1284 1283/1283 1285/1285
f 1284/1284 1285/1285 1286/1286
f 1286/1286 1285/1285 1287/1287
f 1286/1286 1287/1287 1288/1288
f 1288/1288 1287/1287 1289/1289
f 1288/1288 1289/1289 1290/1290
f 1290/1290 1289/1289 1291/1291
f 1290/1290 1291/1291 1292/1292
f 1292/1292 1291/1291 1293/1293
f 1292/1292 1293/1293 1294/1294
f 1295/1295 1296/1296 1297/1297
f 1296/1296 1295/1295 1298/1298
f 1072/1072 1299/1299 1071/1071
f 1299/1299 1072/1072 1300/1300
f 1301/1301 1302/1302 1303/1303
f 1302/1302 1301/1301 1304/1304
f 1305/1305 1306/1306 1307/1307
f 1306/1306 1305/1305 1308/1308
f 1309/1309 1110/1110 1310/1310
f 1110/1110 1309/1309 1311/1311
f 1312/1312 1313/1313 1314/1314
f 1313/1313 1312/1312 1315/1315
f 1316/1316 1317/1317 1318/1318
f 1317/1317 1316/1316 1319/1319
f 1320/1320 1321/1321 1322/1322
f 1321/1321 1320/1320 1323/1323
f 1324/1324 1325/1325 1326/1326
f 1325/1325 1324/1324 1327/1327
f 1131/1131 1328/1328 1329/1329
f 1328/1328 1131/1131 1330/1330
f 1330/1330 1131/1131 1331/1331
f 1330/1330 1331/1331 1332/1332
f 1330/1330 1332/1332 1333/1333
f 1330/1330 1333/1333 1334/1334
f 1330/1330 1334/1334 1335/1335
f 1330/1330 1335/1335 1336/1336
f 1330/1330 1336/1336 1337/1337
f 1330/1330 1337/1337 1338/1338
f 1330/1330 1338/1338 1339/1339
f 1330/1330 1339/1339 1340/1340
f 1341/1341 1342/1342 1343/1343
f 1342/1342 1341/1341 1344/1344
f 1345/1345 1346/1346 1347/1347
f 1346/1346 1345/1345 1348/1348
f 1346/1346 1348/1348 1349/1349
f 1349/1349 1348/1348 1350/1350
f 1350/1350 1348/1348 1351/1351
f 1351/1351 1348/1348 1352/1352
f 1352/1352 1348/1348 1353/1353
f 1353/1353 1348/1348 1354/1354
f 1354/1354 1348/1348 1355/1355
f 1355/1355 1348/1348 1356/1356
f 1356/1356 1348/1348 1154/1154
f 1154/1154 1348/1348 1357/1357
f 1358/1358 1359/1359 1360/1360
f 1359/1359 1358/1358 1361/1361
f 1362/1362 1363/1363 1364/1364
f 1363/1363 1362/1362 1365/1365
f 1366/1366 1367/1367 1368/1368
f 1367/1367 1366/1366 1369/1369
f 1370/1370 1371/1371 1372/1372
f 1371/1371 1370/1370 1373/1373
f 1374/1374 1375/1375 1376/1376
f 1375/1375 1374/1374 1377/1377
f 1378/1378 1379/1379 1380/1380
f 1379/1379 1378/1378 1381/1381
f 1382/1382 1383/1383 1384/1384
f 1383/1383 1382/1382 1385/1385
f 1386/1386 1387/1387 1388/1388
f 1387/1387 1386/1386 1389/1389
f 1390/1390 1391/1391 1392/1392
f 1391/1391 1390/1390 1393/1393
f 1394/1394 1395/1395 1396/1396
f 1395/1395 1394/1394 1397/1397
f 1398/1398 1399/1399 1400/1400
f 1399/1399 1398/1398 1401/1401
f 1402/1402 1403/1403 1404/1404
f 1403/1403 1402/1402 1405/1405
f 1406/1406 1407/1407 1408/1408
f 1407/1407 1406/1406 1409/1409
f 1409/1409 1406/1406 1410/1410
f 1410/1410 1406/1406 1411/1411
f 1160/1160 1412/1412 1413/1413
f 1412/1412 1160/1160 1159/1159
f 1414/1414 1415/1415 1416/1416
f 1415/1415 1414/1414 1417/1417
f 1418/1418 1419/1419 1420/1420
f 1419/1419 1418/1418 1421/1421
f 1422/1422 1423/1423 1424/1424
f 1423/1423 1422/1422 1425/1425
f 1426/1426 1427/1427 1428/1428
f 1427/1427 1426/1426 1429/1429
f 1430/1430 1431/1431 1432/1432
f 1431/1431 1430/1430 1433/1433
f 1434/1434 1435/1435 1436/1436
f 1435/1435 1434/1434 1437/1437
f 1438/1438 1439/1439 1440/1440
f 1439/1439 1438/1438 1441/1441
f 1442/1442 1443/1443 1444/1444
f 1443/1443 1442/1442 1445/1445
f 1446/1446 1447/1447 1448/1448
f 1447/1447 1446/1446 1449/1449
f 1238/1238 1450/1450 1451/1451
f 1450/1450 1238/1238 1452/1452
f 1452/1452 1238/1238 1453/1453
f 1452/1452 1453/1453 1454/1454
f 1452/1452 1454/1454 1455/1455
f 1452/1452 1455/1455 1456/1456
f 1452/1452 1456/1456 1457/1457
f 1452/1452 1457/1457 1458/1458
f 1452/1452 1458/1458 1459/1459
f 1452/1452 1459/1459 1460/1460
f 1452/1452 1460/1460 1461/1461
f 1452/1452 1461/1461 1462/1462
f 1463/1463 1464/1464 1465/1465
f 1464/1464 1463/1463 1466/1466
f 1466/1466 1463/1463 1467/1467
f 1467/1467 1463/1463 1468/1468
f 1468/1468 1463/1463 1469/1469
f 1469/1469 1463/1463 1470/1470
f 1470/1470 1463/1463 1471/1471
f 1471/1471 1463/1463 1472/1472
f 1472/1472 1463/1463 1473/1473
f 1473/1473 1463/1463 1474/1474
f 1474/1474 1463/1463 1475/1475
f 1475/1475 1463/1463 1476/1476
f 1477/1477 1478/1478 1479/1479
f 1478/1478 1477/1477 1480/1480
f 1478/1478 1480/1480 1481/1481
f 1481/1481 1480/1480 1482/1482
f 1482/1482 1480/1480 1483/1483
f 1483/1483 1480/1480 1484/1484
f 1484/1484 1480/1480 1485/1485
f 1485/1485 1480/1480 1486/1486
f 1486/1486 1480/1480 1487/1487
f 1487/1487 1480/1480 1488/1488
f 1488/1488 1480/1480 1301/1301
f 1301/1301 1480/1480 1489/1489
f 1490/1490 1491/1491 1492/1492
f 1491/1491 1490/1490 1493/1493
f 1493/1493 1490/1490 1494/1494
f 1494/1494 1490/1490 1495/1495
f 1495/1495 1490/1490 1496/1496
f 1496/1496 1490/1490 1497/1497
f 1497/1497 1490/1490 1498/1498
f 1498/1498 1490/1490 1499/1499
f 1499/1499 1490/1490 1500/1500
f 1500/1500 1490/1490 1501/1501
f 1501/1501 1490/1490 1502/1502
f 1502/1502 1490/1490 1503/1503
f 1503/1503 1490/1490 1504/1504
f 1504/1504 1490/1490 1505/1505
f 1504/1504 1505/1505 1506/1506
f 1504/1504 1506/1506 1507/1507
f 1504/1504 1507/1507 1508/1508
f 1504/1504 1508/1508 1509/1509
f 1504/1504 1509/1509 1510/1510
f 1504/1504 1510/1510 1511/1511
f 1504/1504 1511/1511 1512/1512
f 1504/1504 1512/1512 1513/1513
f 1514/1514 1515/1515 1516/1516
f 1515/1515 1514/1514 1517/1517
f 1517/1517 1514/1514 1518/1518
f 1518/1518 1514/1514 1519/1519
f 1520/1520 1521/1521 1522/1522
f 1521/1521 1520/1520 1523/1523
f 1524/1524 1525/1525 1526/1526
f 1525/1525 1524/1524 1527/1527
f 1528/1528 1529/1529 1530/1530
f 1529/1529 1528/1528 1531/1531
f 1532/1532 1533/1533 1534/1534
f 1533/1533 1532/1532 1535/1535
f 1536/1536 1537/1537 1538/1538
f 1537/1537 1536/1536 1539/1539
f 1539/1539 1536/1536 1540/1540
f 1540/1540 1536/1536 1541/1541
f 1542/1542 1543/1543 1544/1544
f 1543/1543 1542/1542 1545/1545
f 1546/1546 1547/1547 1548/1548
f 1547/1547 1546/1546 1549/1549
f 1549/1549 1546/1546 1550/1550
f 1549/1549 1550/1550 1551/1551
f 1552/1552 1553/1553 1554/1554
f 1553/1553 1552/1552 1555/1555
f 1556/1556 1557/1557 1558/1558
f 1557/1557 1556/1556 1559/1559
f 1559/1559 1556/1556 1560/1560
f 1559/1559 1560/1560 1561/1561
f 1562/1562 1563/1563 1564/1564
f 1563/1563 1562/1562 1565/1565
f 1566/1566 1567/1567 1568/1568
f 1567/1567 1566/1566 1569/1569
f 1570/1570 1571/1571 1572/1572
f 1571/1571 1570/1570 1573/1573
f 1574/1574 1575/1575 1576/1576
f 1575/1575 1574/1574 1577/1577
f 1578/1578 1579/1579 1580/1580
f 1579/1579 1578/1578 1581/1581
f 1582/1582 1583/1583 1584/1584
f 1583/1583 1582/1582 1585/1585
f 1586/1586 1587/1587 1588/1588
f 1587/1587 1586/1586 1589/1589
f 1590/1590 1591/1591 1592/1592
f 1591/1591 1590/1590 1593/1593
f 1593/1593 1590/1590 1594/1594
f 1593/1593 1594/1594 1595/1595
f 1596/1596 1597/1597 1598/1598
f 1597/1597 1596/1596 1599/1599
f 1600/1600 1601/1601 1602/1602
f 1601/1601 1600/1600 1603/1603
f 1604/1604 1605/1605 1606/1606
f 1605/1605 1604/1604 1607/1607
f 1608/1608 1609/1609 1610/1610
f 1609/1609 1608/1608 1611/1611
f 1611/1611 1608/1608 1612/1612
f 1611/1611 1612/1612 1613/1613
f 1614/1614 1615/1615 1616/1616
f 1615/1615 1614/1614 1617/1617
f 1618/1618 1619/1619 1620/1620
f 1619/1619 1618/1618 1621/1621
f 1621/1621 1618/1618 1622/1622
f 1622/1622 1618/1618 1623/1623
f 1624/1624 1625/1625 1626/1626
f 1625/1625 1624/1624 1627/1627
f 1628/1628 1629/1629 1630/1630
f 1629/1629 1628/1628 1631/1631
f 1632/1632 1633/1633 1634/1634
f 1633/1633 1632/1632 1635/1635
f 1636/1636 1637/1637 1638/1638
f 1637/1637 1636/1636 1639/1639
f 1640/1640 1641/1641 1642/1642
f 1641/1641 1640/1640 1643/1643
f 1644/1644 1645/1645 1646/1646
f 1645/1645 1644/1644 1647/1647
f 1648/1648 1649/1649 1650/1650
f 1649/1649 1648/1648 1651/1651
f 1652/1652 1653/1653 1654/1654
f 1653/1653 1652/1652 1655/1655
f 1656/1656 1657/1657 1658/1658
f 1657/1657 1656/1656 1659/1659
f 1660/1660 1661/1661 1662/1662
f 1661/1661 1660/1660 1663/1663
f 1664/1664 1665/1665 1666/1666
f 1665/1665 1664/1664 1667/1667
f 1667/1667 1664/1664 1668/1668
f 1668/1668 1664/1664 1669/1669
f 1670/1670 1671/1671 1672/1672
f 1671/1671 1670/1670 1673/1673
f 1674/1674 1675/1675 1676/1676
f 1675/1675 1674/1674 1677/1677
f 1678/1678 1679/1679 1680/1680
f 1679/1679 1678/1678 1681/1681
f 1681/1681 1678/1678 1682/1682
f 1682/1682 1678/1678 1683/1683
f 1684/1684 1685/1685 1686/1686
f 1685/1685 1684/1684 1687/1687
f 1688/1688 1689/1689 1690/1690
f 1689/1689 1688/1688 1691/1691
f 1691/1691 1688/1688 1692/1692
f 1691/1691 1692/1692 1693/1693
f 1694/1694 1695/1695 1696/1696
f 1695/1695 1694/1694 1697/1697
f 1698/1698 1699/1699 1700/1700
f 1699/1699 1698/1698 1701/1701
f 1702/1702 1703/1703 1704/1704
f 1703/1703 1702/1702 1705/1705
f 1706/1706 1707/1707 1708/1708
f 1707/1707 1706/1706 1709/1709
f 1710/1710 1711/1711 1712/1712
f 1711/1711 1710/1710 1713/1713
f 1714/1714 1715/1715 1716/1716
f 1715/1715 1714/1714 1717/1717
f 1718/1718 1719/1719 1720/1720
f 1719/1719 1718/1718 1721/1721
f 1722/1722 1723/1723 1724/1724
f 1723/1723 1722/1722 1725/1725
f 1726/1726 1727/1727 1728/1728
f 1727/1727 1726/1726 1729/1729
f 1729/1729 1726/1726 1730/1730
f 1730/1730 1726/1726 1731/1731
f 1732/1732 1733/1733 1734/1734
f 1733/1733 1732/1732 1735/1735
f 1736/1736 1737/1737 1738/1738
f 1737/1737 1736/1736 1739/1739
f 1740/1740 1741/1741 1742/1742
f 1741/1741 1740/1740 1743/1743
f 1744/1744 1745/1745 1746/1746
f 1745/1745 1744/1744 1747/1747
f 1747/1747 1744/1744 1748/1748
f 1747/1747 1748/1748 1749/1749
f 1750/1750 1751/1751 1752/1752
f 1751/1751 1750/1750 1753/1753
f 1754/1754 1755/1755 1756/1756
f 1755/1755 1754/1754 1757/1757
f 1758/1758 1759/1759 1760/1760
f 1759/1759 1758/1758 1761/1761
f 1761/1761 1758/1758 1762/1762
f 1762/1762 1758/1758 1763/1763
f 1764/1764 1765/1765 1766/1766
f 1765/1765 1764/1764 1767/1767
f 1768/1768 1769/1769 1770/1770
f 1769/1769 1768/1768 1771/1771
f 1772/1772 1773/1773 1774/1774
f 1773/1773 1772/1772 1775/1775
f 1775/1775 1772/1772 1776/1776
f 1775/1775 1776/1776 1777/1777
f 1778/1778 1779/1779 1780/1780
f 1779/1779 1778/1778 1781/1781
f 1782/1782 1783/1783 1784/1784
f 1783/1783 1782/1782 1785/1785
f 1786/1786 1787/1787 1788/1788
f 1787/1787 1786/1786 1789/1789
f 1789/1789 1786/1786 1790/1790
f 1789/1789 1790/1790 1791/1791
f 1792/1792 1793/1793 1794/1794
f 1793/1793 1792/1792 1795/1795
f 1796/1796 1797/1797 1798/1798
f 1797/1797 1796/1796 1799/1799
f 1800/1800 1801/1801 1802/1802
f 1801/1801 1800/1800 1803/1803
f 1804/1804 1805/1805 1806/1806
f 1805/1805 1804/1804 1807/1807
f 1807/1807 1804/1804 1808/1808
f 1808/1808 1804/1804 1809/1809
f 1809/1809 1804/1804 1810/1810
f 1810/1810 1804/1804 1811/1811
f 1811/1811 1804/1804 1812/1812
f 1812/1812 1804/1804 1813/1813
f 1813/1813 1804/1804 1814/1814
f 1814/1814 1804/1804 1815/1815
f 1815/1815 1804/1804 1816/1816
f 1816/1816 1804/1804 1817/1817
f 1818/1818 1819/1819 1820/1820
f 1819/1819 1818/1818 1821/1821
f 1788/1788 1822/1822 1823/1823
f 1822/1822 1788/1788 1824/1824
f 1825/1825 1826/1826 1827/1827
f 1826/1826 1825/1825 1828/1828
f 1829/1829 1830/1830 1831/1831
f 1830/1830 1829/1829 1826/1826
f 1830/1830 1826/1826 1832/1832
f 1830/1830 1832/1832 1833/1833
f 1830/1830 1833/1833 1834/1834
f 1830/1830 1834/1834 1835/1835
f 1830/1830 1835/1835 1836/1836
f 1830/1830 1836/1836 1837/1837
f 1830/1830 1837/1837 1838/1838
f 1830/1830 1838/1838 1839/1839
f 1830/1830 1839/1839 1840/1840
f 1830/1830 1840/1840 1841/1841
f 1842/1842 1843/1843 1844/1844
f 1843/1843 1842/1842 1845/1845
f 1845/1845 1842/1842 1846/1846
f 1846/1846 1842/1842 1847/1847
f 1847/1847 1842/1842 1848/1848
f 1848/1848 1842/1842 1849/1849
f 1849/1849 1842/1842 1850/1850
f 1850/1850 1842/1842 1851/1851
f 1851/1851 1842/1842 1852/1852
f 1852/1852 1842/1842 1853/1853
f 1853/1853 1842/1842 1854/1854
f 1854/1854 1842/1842 1855/1855
f 1855/1855 1842/1842 1856/1856
f 1855/1855 1856/1856 1857/1857
f 1858/1858 1859/1859 1860/1860
f 1859/1859 1858/1858 1861/1861
f 1861/1861 1858/1858 1862/1862
f 1862/1862 1858/1858 1863/1863
f 1863/1863 1858/1858 1864/1864
f 1864/1864 1858/1858 1865/1865
f 1865/1865 1858/1858 1866/1866
f 1866/1866 1858/1858 1867/1867
f 1867/1867 1858/1858 1868/1868
f 1868/1868 1858/1858 1869/1869
f 1869/1869 1858/1858 1870/1870
f 1870/1870 1858/1858 1871/1871
f 1871/1871 1858/1858 1872/1872
f 1872/1872 1858/1858 1873/1873
f 1873/1873 1858/1858 1874/1874
f 1874/1874 1858/1858 1875/1875
f 1876/1876 1877/1877 1816/1816
f 1877/1877 1876/1876 1878/1878
f 1879/1879 1880/1880 1881/1881
f 1880/1880 1879/1879 1882/1882
f 1883/1883 1884/1884 1885/1885
f 1884/1884 1883/1883 1886/1886
f 1887/1887 1888/1888 1889/1889
f 1888/1888 1887/1887 1890/1890
f 1891/1891 1892/1892 1893/1893
f 1892/1892 1891/1891 1894/1894
f 1895/1895 1896/1896 1897/1897
f 1896/1896 1895/1895 1898/1898
f 1821/1821 1899/1899 1900/1900
f 1899/1899 1821/1821 1901/1901
f 1901/1901 1821/1821 1902/1902
f 1901/1901 1902/1902 1903/1903
f 1901/1901 1903/1903 1904/1904
f 1901/1901 1904/1904 1905/1905
f 1901/1901 1905/1905 1906/1906
f 1901/1901 1906/1906 1907/1907
f 1901/1901 1907/1907 1908/1908
f 1901/1901 1908/1908 1909/1909
f 1901/1901 1909/1909 1910/1910
f 1901/1901 1910/1910 1911/1911
f 1912/1912 1913/1913 1914/1914
f 1913/1913 1912/1912 1915/1915
f 1913/1913 1915/1915 1916/1916
f 1916/1916 1915/1915 1917/1917
f 1917/1917 1915/1915 1918/1918
f 1918/1918 1915/1915 1919/1919
f 1919/1919 1915/1915 1920/1920
f 1920/1920 1915/1915 1921/1921
f 1921/1921 1915/1915 1922/1922
f 1922/1922 1915/1915 1923/1923
f 1923/1923 1915/1915 1924/1924
f 1924/1924 1915/1915 1925/1925
f 1926/1926 1927/1927 1928/1928
f 1927/1927 1926/1926 1929/1929
f 1929/1929 1926/1926 1930/1930
f 1930/1930 1926/1926 1931/1931
f 1931/1931 1926/1926 1932/1932
f 1932/1932 1926/1926 1933/1933
f 1933/1933 1926/1926 1934/1934
f 1934/1934 1926/1926 1935/1935
f 1935/1935 1926/1926 1936/1936
f 1936/1936 1926/1926 1937/1937
f 1937/1937 1926/1926 1938/1938
f 1938/1938 1926/1926 1939/1939
f 1939/1939 1926/1926 1940/1940
f 1939/1939 1940/1940 1941/1941
f 1939/1939 1941/1941 1942/1942
f 1939/1939 1942/1942 1943/1943
f 1939/1939 1943/1943 1944/1944
f 1939/1939 1944/1944 1945/1945
f 1939/1939 1945/1945 1946/1946
f 1939/1939 1946/1946 1947/1947
f 1939/1939 1947/1947 1948/1948
f 1924/1924 1949/1949 1950/1950
f 1949/1949 1924/1924 1951/1951
f 1952/1952 1953/1953 1954/1954
f 1953/1953 1952/1952 1955/1955
f 1953/1953 1955/1955 1956/1956
f 1957/1957 1958/1958 1959/1959
f 1958/1958 1957/1957 1960/1960
f 1961/1961 1962/1962 1963/1963
f 1962/1962 1961/1961 1964/1964
f 1965/1965 1966/1966 1967/1967
f 1966/1966 1965/1965 1968/1968
f 1969/1969 1970/1970 1971/1971
f 1970/1970 1969/1969 1972/1972
f 1973/1973 1974/1974 1975/1975
f 1974/1974 1973/1973 1976/1976
f 1976/1976 1973/1973 1977/1977
f 1976/1976 1977/1977 1978/1978
f 1978/1978 1977/1977 1979/1979
f 1978/1978 1979/1979 1980/1980
f 1980/1980 1979/1979 1981/1981
f 1980/1980 1981/1981 1982/1982
f 1982/1982 1981/1981 1983/1983
f 1982/1982 1983/1983 1984/1984
f 1984/1984 1983/1983 1985/1985
f 1984/1984 1985/1985 1986/1986
f 1986/1986 1985/1985 1987/1987
f 1986/1986 1987/1987 1988/1988
f 1988/1988 1987/1987 1989/1989
f 1988/1988 1989/1989 1990/1990
f 1990/1990 1989/1989 1991/1991
f 1990/1990 1991/1991 1992/1992
f 1992/1992 1991/1991 1993/1993
f 1992/1992 1993/1993 1994/1994
f 1994/1994 1993/1993 1995/1995
f 1994/1994 1995/1995 1996/1996
f 1996/1996 1995/1995 1997/1997
f 1996/1996 1997/1997 1998/1998
f 1998/1998 1997/1997 1999/1999
f 1998/1998 1999/1999 2000/2000
f 2000/2000 1999/1999 2001/2001
f 2000/2000 2001/2001 2002/2002
f 2002/2002 2001/2001 2003/2003
f 2002/2002 2003/2003 2004/2004
f 2004/2004 2003/2003 2005/2005
f 2006/2006 2007/2007 2008/2008
f 2007/2007 2006/2006 2009/2009
f 2010/2010 2011/2011 2012/2012
f 2011/2011 2010/2010 2013/2013
f 2011/2011 2013/2013 2014/2014
f 2011/2011 2014/2014 2015/2015
f 2011/2011 2015/2015 2016/2016
f 2011/2011 2016/2016 2017/2017
f 2011/2011 2017/2017 2018/2018
f 2011/2011 2018/2018 2019/2019
f 2011/2011 2019/2019 2020/2020
f 2011/2011 2020/2020 2021/2021
f 2011/2011 2021/2021 2022/2022
f 2011/2011 2022/2022 2023/2023
f 2024/2024 2025/2025 2026/2026
f 2025/2025 2024/2024 2027/2027
f 2028/2028 2029/2029 2030/2030
f 2029/2029 2028/2028 2031/2031
f 2032/2032 2033/2033 2034/2034
f 2033/2033 2032/2032 2035/2035
f 2036/2036 2037/2037 2038/2038
f 2037/2037 2036/2036 2039/2039
f 2040/2040 2041/2041 2042/2042
f 2041/2041 2040/2040 2043/2043
f 2044/2044 2045/2045 2046/2046
f 2045/2045 2044/2044 2047/2047
f 2048/2048 2049/2049 2050/2050
f 2049/2049 2048/2048 2051/2051
f 2052/2052 2053/2053 2054/2054
f 2053/2053 2052/2052 2055/2055
f 2056/2056 2057/2057 2058/2058
f 2057/2057 2056/2056 2059/2059
f 2060/2060 2061/2061 2062/2062
f 2061/2061 2060/2060 2063/2063
f 2064/2064 2065/2065 2066/2066
f 2065/2065 2064/2064 2067/2067
f 2068/2068 2069/2069 2070/2070
f 2069/2069 2068/2068 2071/2071
f 2072/2072 2073/2073 2074/2074
f 2073/2073 2072/2072 2075/2075
f 2076/2076 2077/2077 2078/2078
f 2077/2077 2076/2076 2079/2079
f 2080/2080 2081/2081 2082/2082
f 2081/2081 2080/2080 2083/2083
f 2084/2084 2085/2085 2086/2086
f 2085/2085 2084/2084 2087/2087
f 2088/2088 2089/2089 2090/2090
f 2089/2089 2088/2088 2091/2091
f 2092/2092 1956/1956 1955/1955
f 1956/1956 2092/2092 2093/2093
f 2094/2094 2095/2095 2096/2096
f 2095/2095 2094/2094 2097/2097
f 2097/2097 2094/2094 2098/2098
f 2099/2099 2100/2100 2101/2101
f 2100/2100 2099/2099 2102/2102
f 2103/2103 2104/2104 2105/2105
f 2104/2104 2103/2103 2106/2106
f 2106/2106 2103/2103 2107/2107
f 2107/2107 2103/2103 2108/2108
f 2108/2108 2103/2103 2109/2109
f 2109/2109 2103/2103 2110/2110
f 2110/2110 2103/2103 2111/2111
f 2111/2111 2103/2103 2112/2112
f 2112/2112 2103/2103 2113/2113
f 2113/2113 2103/2103 2114/2114
f 2114/2114 2103/2103 2115/2115
f 2115/2115 2103/2103 2116/2116
f 2116/2116 2103/2103 2117/2117
f 2117/2117 2103/2103 2118/2118
f 2118/2118 2103/2103 2119/2119
f 2119/2119 2103/2103 2120/2120
f 2121/2121 2122/2122 2123/2123
f 2122/2122 2121/2121 2124/2124
f 2124/2124 2121/2121 2125/2125
f 2125/2125 2121/2121 2126/2126
f 2126/2126 2121/2121 2127/2127
f 2127/2127 2121/2121 2128/2128
f 2128/2128 2121/2121 2129/2129
f 2129/2129 2121/2121 2130/2130
f 2130/2130 2121/2121 2131/2131
f 2131/2131 2121/2121 2132/2132
f 2132/2132 2121/2121 2133/2133
f 2133/2133 2121/2121 2134/2134
f 2134/2134 2121/2121 2135/2135
f 2135/2135 2121/2121 2136/2136
f 2135/2135 2136/2136 2137/2137
f 2135/2135 2137/2137 2138/2138
f 2139/2139 2140/2140 2141/2141
f 2140/2140 2139/2139 2142/2142
f 2143/2143 2144/2144 2145/2145
f 2144/2144 2143/2143 2146/2146
f 2147/2147 2148/2148 2149/2149
f 2148/2148 2147/2147 2150/2150
f 2150/2150 2147/2147 2151/2151
f 2150/2150 2151/2151 2152/2152
f 2153/2153 2013/2013 2154/2154
f 2013/2013 2153/2153 2155/2155
f 2156/2156 2157/2157 2158/2158
f 2157/2157 2156/2156 2159/2159
f 2160/2160 2161/2161 2162/2162
f 2161/2161 2160/2160 2163/2163
f 2164/2164 2165/2165 2166/2166
f 2165/2165 2164/2164 2167/2167
f 2168/2168 2169/2169 2170/2170
f 2169/2169 2168/2168 2171/2171
f 2172/2172 2173/2173 2174/2174
f 2173/2173 2172/2172 2175/2175
f 2176/2176 2177/2177 2178/2178
f 2177/2177 2176/2176 2179/2179
f 2180/2180 2181/2181 2182/2182
f 2181/2181 2180/2180 2183/2183
f 2184/2184 2185/2185 2186/2186
f 2185/2185 2184/2184 2187/2187
f 2188/2188 2189/2189 2190/2190
f 2189/2189 2188/2188 2191/2191
f 2192/2192 2193/2193 2194/2194
f 2193/2193 2192/2192 2195/2195
f 2196/2196 2197/2197 2198/2198
f 2197/2197 2196/2196 2199/2199
f 2200/2200 2201/2201 2202/2202
f 2201/2201 2200/2200 2203/2203
f 2204/2204 2205/2205 2206/2206
f 2205/2205 2204/2204 2207/2207
f 2208/2208 2209/2209 2210/2210
f 2209/2209 2208/2208 2211/2211
f 2212/2212 2213/2213 2214/2214
f 2213/2213 2212/2212 2215/2215
f 2216/2216 2217/2217 2218/2218
f 2217/2217 2216/2216 2219/2219
f 2220/2220 2221/2221 2222/2222
f 2221/2221 2220/2220 2223/2223
f 2224/2224 2225/2225 2226/2226
f 2225/2225 2224/2224 2227/2227
f 2227/2227 2224/2224 2228/2228
f 2227/2227 2228/2228 2229/2229
f 2229/2229 2228/2228 2230/2230
f 2229/2229 2230/2230 2231/2231
f 2231/2231 2230/2230 2232/2232
f 2231/2231 2232/2232 2233/2233
f 2233/2233 2232/2232 2234/2234
f 2233/2233 2234/2234 2235/2235
f 2235/2235 2234/2234 2236/2236
f 2235/2235 2236/2236 2237/2237
f 2237/2237 2236/2236 2238/2238
f 2237/2237 2238/2238 2239/2239
f 2239/2239 2238/2238 2240/2240
f 2239/2239 2240/2240 2241/2241
f 2241/2241 2240/2240 2242/2242
f 2241/2241 2242/2242 2243/2243
f 2243/2243 2242/2242 2244/2244
f 2243/2243 2244/2244 2245/2245
f 2245/2245 2244/2244 2246/2246
f 2245/2245 2246/2246 2247/2247
f 2247/2247 2246/2246 2248/2248
f 2247/2247 2248/2248 2249/2249
f 2249/2249 2248/2248 2250/2250
f 2249/2249 2250/2250 2251/2251
f 2251/2251 2250/2250 2252/2252
f 2251/2251 2252/2252 2253/2253
f 2254/2254 2255/2255 2256/2256
f 2255/2255 2254/2254 2257/2257
f 2255/2255 2257/2257 2258/2258
f 2258/2258 2257/2257 2259/2259
f 2259/2259 2257/2257 2260/2260
f 2260/2260 2257/2257 2261/2261
f 2261/2261 2257/2257 2262/2262
f 2262/2262 2257/2257 2263/2263
f 2263/2263 2257/2257 2264/2264
f 2264/2264 2257/2257 2265/2265
f 2265/2265 2257/2257 2143/2143
f 2143/2143 2257/2257 2266/2266
f 2267/2267 2268/2268 2269/2269
f 2268/2268 2267/2267 2270/2270
f 2271/2271 2272/2272 2273/2273
f 2272/2272 2271/2271 2274/2274
f 2275/2275 2276/2276 2277/2277
f 2276/2276 2275/2275 2278/2278
f 2278/2278 2275/2275 2279/2279
f 2278/2278 2279/2279 2280/2280
f 2281/2281 2282/2282 2283/2283
f 2282/2282 2281/2281 2284/2284
f 2285/2285 2286/2286 2287/2287
f 2286/2286 2285/2285 2288/2288
f 2289/2289 2290/2290 2291/2291
f 2290/2290 2289/2289 2292/2292
f 2293/2293 2294/2294 2295/2295
f 2294/2294 2293/2293 2296/2296
f 2297/2297 2298/2298 2299/2299
f 2298/2298 2297/2297 2300/2300
f 2301/2301 2302/2302 2303/2303
f 2302/2302 2301/2301 2304/2304
f 2305/2305 2306/2306 2307/2307
f 2306/2306 2305/2305 2308/2308
f 2308/2308 2305/2305 2309/2309
f 2309/2309 2305/2305 2310/2310
f 2310/2310 2305/2305 2311/2311
f 2311/2311 2305/2305 2312/2312
f 2312/2312 2305/2305 2313/2313
f 2313/2313 2305/2305 2314/2314
f 2314/2314 2305/2305 2315/2315
f 2315/2315 2305/2305 2316/2316
f 2316/2316 2305/2305 2317/2317
f 2317/2317 2305/2305 2318/2318
f 2319/2319 2320/2320 2321/2321
f 2320/2320 2319/2319 2322/2322
f 2322/2322 2319/2319 2323/2323
f 2322/2322 2323/2323 2324/2324
f 2324/2324 2323/2323 2325/2325
f 2324/2324 2325/2325 2326/2326
f 2326/2326 2325/2325 2327/2327
f 2326/2326 2327/2327 2328/2328
f 2328/2328 2327/2327 2329/2329
f 2328/2328 2329/2329 2330/2330
f 2330/2330 2329/2329 2331/2331
f 2330/2330 2331/2331 2332/2332
f 2332/2332 2331/2331 2333/2333
f 2332/2332 2333/2333 2334/2334
f 2334/2334 2333/2333 2335/2335
f 2334/2334 2335/2335 2336/2336
f 2336/2336 2335/2335 2337/2337
f 2336/2336 2337/2337 2338/2338
f 2338/2338 2337/2337 2339/2339
f 2338/2338 2339/2339 2340/2340
f 2340/2340 2339/2339 2341/2341
f 2340/2340 2341/2341 2342/2342
f 2342/2342 2341/2341 2343/2343
f 2342/2342 2343/2343 2344/2344
f 2344/2344 2343/2343 2345/2345
f 2344/2344 2345/2345 2346/2346
f 2346/2346 2345/2345 2347/2347
f 2346/2346 2347/2347 2348/2348
f 2348/2348 2347/2347 2349/2349
f 2348/2348 2349/2349 2350/2350
f 2351/2351 2352/2352 2353/2353
f 2352/2352 2351/2351 2354/2354
f 2355/2355 2356/2356 2357/2357
f 2356/2356 2355/2355 2358/2358
f 2358/2358 2355/2355 2359/2359
f 2359/2359 2355/2355 2360/2360
f 2360/2360 2355/2355 2361/2361
f 2361/2361 2355/2355 2362/2362
f 2362/2362 2355/2355 2363/2363
f 2363/2363 2355/2355 2364/2364
f 2364/2364 2355/2355 2365/2365
f 2365/2365 2355/2355 2366/2366
f 2366/2366 2355/2355 2367/2367
f 2367/2367 2355/2355 2368/2368
f 2368/2368 2355/2355 2369/2369
f 2369/2369 2355/2355 2370/2370
f 2370/2370 2355/2355 2371/2371
f 2371/2371 2355/2355 2372/2372
f 2373/2373 2374/2374 2375/2375
f 2374/2374 2373/2373 2376/2376
f 2377/2377 2378/2378 2379/2379
f 2378/2378 2377/2377 2380/2380
f 2381/2381 2382/2382 2383/2383
f 2382/2382 2381/2381 2384/2384
f 2385/2385 2386/2386 2387/2387
f 2386/2386 2385/2385 2388/2388
f 2389/2389 2390/2390 2391/2391
f 2390/2390 2389/2389 2392/2392
f 2393/2393 2394/2394 2395/2395
f 2394/2394 2393/2393 2396/2396
f 2397/2397 2398/2398 2399/2399
f 2398/2398 2397/2397 2400/2400
f 2401/2401 2402/2402 2403/2403
f 2402/2402 2401/2401 2404/2404
f 2405/2405 2406/2406 2407/2407
f 2406/2406 2405/2405 2408/2408
f 2409/2409 2410/2410 2411/2411
f 2410/2410 2409/2409 2412/2412
f 2413/2413 2414/2414 2415/2415
f 2414/2414 2413/2413 2416/2416
f 2417/2417 2418/2418 2419/2419
f 2418/2418 2417/2417 2420/2420
f 2420/2420 2417/2417 2421/2421
f 2421/2421 2417/2417 2422/2422
f 2422/2422 2417/2417 2423/2423
f 2423/2423 2417/2417 2424/2424
f 2424/2424 2417/2417 2425/2425
f 2425/2425 2417/2417 2426/2426
f 2426/2426 2417/2417 2427/2427
f 2427/2427 2417/2417 2428/2428
f 2428/2428 2417/2417 2429/2429
f 2429/2429 2417/2417 2430/2430
f 2430/2430 2417/2417 2431/2431
f 2431/2431 2417/2417 2432/2432
f 2431/2431 2432/2432 2433/2433
f 2431/2431 2433/2433 2434/2434
f 2431/2431 2434/2434 2435/2435
f 2431/2431 2435/2435 2436/2436
f 2431/2431 2436/2436 2437/2437
f 2431/2431 2437/2437 2438/2438
f 2431/2431 2438/2438 2439/2439
f 2431/2431 2439/2439 2440/2440
f 2441/2441 2442/2442 2443/2443
f 2442/2442 2441/2441 2444/2444
f 2445/2445 2446/2446 2317/2317
f 2446/2446 2445/2445 2447/2447
f 2448/2448 2449/2449 2450/2450
f 2449/2449 2448/2448 2451/2451
f 2452/2452 2453/2453 2454/2454
f 2453/2453 2452/2452 2455/2455
f 2456/2456 2457/2457 2458/2458
f 2457/2457 2456/2456 2459/2459
f 2460/2460 2461/2461 2462/2462
f 2461/2461 2460/2460 2463/2463
f 2464/2464 2465/2465 2466/2466
f 2465/2465 2464/2464 2467/2467
f 2468/2468 2469/2469 2470/2470
f 2469/2469 2468/2468 2471/2471
f 2471/2471 2468/2468 2472/2472
f 2472/2472 2468/2468 2473/2473
f 2473/2473 2468/2468 2474/2474
f 2474/2474 2468/2468 2475/2475
f 2475/2475 2468/2468 2476/2476
f 2476/2476 2468/2468 2477/2477
f 2477/2477 2468/2468 2478/2478
f 2478/2478 2468/2468 2479/2479
f 2479/2479 2468/2468 2480/2480
f 2480/2480 2468/2468 2481/2481
f 2481/2481 2468/2468 2482/2482
f 2482/2482 2468/2468 2483/2483
f 2483/2483 2468/2468 2484/2484
f 2484/2484 2468/2468 2485/2485
f 2486/2486 2487/2487 2488/2488
f 2487/2487 2486/2486 2489/2489
f 2489/2489 2486/2486 2490/2490
f 2489/2489 2490/2490 2491/2491
f 2492/2492 2493/2493 2494/2494
f 2493/2493 2492/2492 2495/2495
f 2496/2496 2497/2497 2498/2498
f 2497/2497 2496/2496 2499/2499
f 2500/2500 2501/2501 2502/2502
f 2501/2501 2500/2500 2503/2503
f 2504/2504 2505/2505 2506/2506
f 2505/2505 2504/2504 2507/2507
f 2508/2508 2509/2509 2510/2510
f 2509/2509 2508/2508 2511/2511
f 2512/2512 2513/2513 2514/2514
f 2513/2513 2512/2512 2515/2515
f 2516/2516 2517/2517 2518/2518
f 2517/2517 2516/2516 2519/2519
f 2520/2520 2521/2521 2522/2522
f 2521/2521 2520/2520 2523/2523
f 2524/2524 2525/2525 2526/2526
f 2525/2525 2524/2524 2527/2527
f 2467/2467 2528/2528 2529/2529
f 2528/2528 2467/2467 2530/2530
f 2530/2530 2467/2467 2531/2531
f 2530/2530 2531/2531 2532/2532
f 2530/2530 2532/2532 2533/2533
f 2530/2530 2533/2533 2534/2534
f 2530/2530 2534/2534 2535/2535
f 2530/2530 2535/2535 2536/2536
f 2530/2530 2536/2536 2537/2537
f 2530/2530 2537/2537 2538/2538
f 2530/2530 2538/2538 2539/2539
f 2530/2530 2539/2539 2540/2540
f 2541/2541 2542/2542 2543/2543
f 2542/2542 2541/2541 2544/2544
f 2544/2544 2541/2541 2545/2545
f 2544/2544 2545/2545 2546/2546
f 2546/2546 2545/2545 2547/2547
f 2546/2546 2547/2547 2548/2548
f 2548/2548 2547/2547 2549/2549
f 2548/2548 2549/2549 2550/2550
f 2550/2550 2549/2549 2551/2551
f 2550/2550 2551/2551 2552/2552
f 2552/2552 2551/2551 2553/2553
f 2552/2552 2553/2553 2554/2554
f 2554/2554 2553/2553 2555/2555
f 2554/2554 2555/2555 2556/2556
f 2556/2556 2555/2555 2557/2557
f 2556/2556 2557/2557 2558/2558
f 2558/2558 2557/2557 2559/2559
f 2558/2558 2559/2559 2560/2560
f 2560/2560 2559/2559 2561/2561
f 2560/2560 2561/2561 2562/2562
f 2562/2562 2561/2561 2563/2563
f 2562/2562 2563/2563 2564/2564
f 2564/2564 2563/2563 2565/2565
f 2564/2564 2565/2565 2566/2566
f 2566/2566 2565/2565 2567/2567
f 2566/2566 2567/2567 2568/2568
f 2568/2568 2567/2567 2569/2569
f 2568/2568 2569/2569 2570/2570
f 2570/2570 2569/2569 2571/2571
f 2570/2570 2571/2571 2572/2572
f 2573/2573 2574/2574 2575/2575
f 2574/2574 2573/2573 2576/2576
f 2577/2577 2578/2578 2579/2579
f 2578/2578 2577/2577 2580/2580
f 2581/2581 2582/2582 2583/2583
f 2582/2582 2581/2581 2584/2584
f 2585/2585 2586/2586 2587/2587
f 2586/2586 2585/2585 2588/2588
f 2589/2589 2590/2590 2591/2591
f 2590/2590 2589/2589 2592/2592
f 2593/2593 2594/2594 2595/2595
f 2594/2594 2593/2593 2596/2596
f 2597/2597 2598/2598 2599/2599
f 2598/2598 2597/2597 2600/2600
f 2601/2601 2602/2602 2603/2603
f 2602/2602 2601/2601 2604/2604
f 2491/2491 2605/2605 2489/2489
f 2605/2605 2491/2491 2606/2606
f 2607/2607 2608/2608 2609/2609
f 2608/2608 2607/2607 2610/2610
f 2611/2611 2612/2612 2613/2613
f 2612/2612 2611/2611 2614/2614
f 2615/2615 2616/2616 2617/2617
f 2616/2616 2615/2615 2618/2618
f 2619/2619 2620/2620 2621/2621
f 2620/2620 2619/2619 2622/2622
f 2623/2623 2624/2624 2625/2625
f 2624/2624 2623/2623 2626/2626
f 2627/2627 2628/2628 2629/2629
f 2628/2628 2627/2627 2630/2630
f 2631/2631 2632/2632 2633/2633
f 2632/2632 2631/2631 2634/2634
f 2635/2635 2636/2636 2637/2637
f 2636/2636 2635/2635 2638/2638
f 2639/2639 2640/2640 2641/2641
f 2640/2640 2639/2639 2642/2642
f 2643/2643 2644/2644 2645/2645
f 2644/2644 2643/2643 2646/2646
f 2647/2647 2648/2648 2649/2649
f 2648/2648 2647/2647 2650/2650
f 2651/2651 2652/2652 2653/2653
f 2652/2652 2651/2651 2654/2654
f 2655/2655 2656/2656 2657/2657
f 2656/2656 2655/2655 2658/2658
f 2659/2659 2660/2660 2661/2661
f 2660/2660 2659/2659 2662/2662
f 2663/2663 2664/2664 2665/2665
f 2664/2664 2663/2663 2666/2666
f 2667/2667 2668/2668 2669/2669
f 2668/2668 2667/2667 2670/2670
f 2671/2671 2672/2672 2673/2673
f 2672/2672 2671/2671 2674/2674
f 2675/2675 2676/2676 2677/2677
f 2676/2676 2675/2675 2678/2678
f 2676/2676 2678/2678 2679/2679
f 2676/2676 2679/2679 2680/2680
f 2680/2680 2679/2679 2681/2681
f 2681/2681 2679/2679 2682/2682
f 2683/2683 2684/2684 2685/2685
f 2684/2684 2683/2683 2686/2686
f 2687/2687 2688/2688 2689/2689
f 2688/2688 2687/2687 2690/2690
f 2691/2691 2692/2692 2693/2693
f 2692/2692 2691/2691 2694/2694
f 2695/2695 2696/2696 2697/2697
f 2696/2696 2695/2695 2698/2698
f 2699/2699 2700/2700 2701/2701
f 2700/2700 2699/2699 2702/2702
f 2703/2703 2704/2704 2705/2705
f 2704/2704 2703/2703 2706/2706
f 2707/2707 2708/2708 2709/2709
f 2708/2708 2707/2707 2710/2710
f 2711/2711 2712/2712 2713/2713
f 2712/2712 2711/2711 2714/2714
f 2715/2715 2716/2716 2717/2717
f 2716/2716 2715/2715 2718/2718
f 2719/2719 2720/2720 2721/2721
f 2720/2720 2719/2719 2722/2722
f 2723/2723 2724/2724 2725/2725
f 2724/2724 2723/2723 2726/2726
f 2727/2727 2728/2728 2729/2729
f 2728/2728 2727/2727 2730/2730
f 2731/2731 2732/2732 2733/2733
f 2732/2732 2731/2731 2734/2734
f 2735/2735 2736/2736 2737/2737
f 2736/2736 2735/2735 2738/2738
f 2739/2739 2740/2740 2741/2741
f 2740/2740 2739/2739 2742/2742
f 2743/2743 2744/2744 2745/2745
f 2744/2744 2743/2743 2746/2746
f 2747/2747 2748/2748 2749/2749
f 2748/2748 2747/2747 2750/2750
f 2750/2750 2747/2747 2751/2751
f 2750/2750 2751/2751 2752/2752
f 2753/2753 2754/2754 2755/2755
f 2754/2754 2753/2753 2756/2756
f 2756/2756 2753/2753 2757/2757
f 2757/2757 2753/2753 2758/2758
f 2759/2759 2760/2760 2761/2761
f 2760/2760 2759/2759 2762/2762
f 2762/2762 2759/2759 2763/2763
f 2763/2763 2759/2759 2764/2764
f 2765/2765 2766/2766 2767/2767
f 2766/2766 2765/2765 2768/2768
f 2769/2769 2770/2770 2771/2771
f 2770/2770 2769/2769 2772/2772
f 2773/2773 2774/2774 2775/2775
f 2774/2774 2773/2773 2776/2776
f 2777/2777 2778/2778 2779/2779
f 2778/2778 2777/2777 2780/2780
f 2781/2781 2782/2782 2783/2783
f 2782/2782 2781/2781 2784/2784
f 2785/2785 2786/2786 2787/2787
f 2786/2786 2785/2785 2788/2788

