# https://github.com/mikedh/trimesh
v -2.88931035 -0.92356230 -1.28558321
v -2.89868106 -0.91573196 -1.28559123
v -2.91620516 -0.94611426 -1.28255303
v -2.86958474 -0.90697853 -1.29485010
v -2.91020605 -0.91154881 -1.28563748
v -2.91016023 -0.91155817 -1.28561073
v -2.88319861 -0.93409553 -1.28560533
v -2.85891821 -0.92531363 -1.29484117
v -2.86952235 -0.90695790 -1.29487267
v -2.88579556 -0.89337071 -1.29484495
v -2.92237524 -0.91154853 -1.28560622
v -2.85894196 -0.92528832 -1.29484106
v -2.88110524 -0.94614524 -1.28557908
v -2.86950538 -0.90699682 -1.29480773
v -2.85891880 -0.92527202 -1.29484368
v -2.85022632 -0.92206758 -1.30768346
v -2.88571721 -0.89331971 -1.29484100
v -2.86958310 -0.90696073 -1.29483240
v -2.86246138 -0.90096413 -1.30772741
v -2.88574902 -0.89339161 -1.29487032
v -2.90566441 -0.88614724 -1.29480124
v -2.92684776 -0.88610412 -1.29485872
v -2.93375572 -0.91567857 -1.28558341
v -2.85535880 -0.94614001 -1.29483162
v -2.85526653 -0.94615929 -1.29479887
v -2.88324844 -0.95818065 -1.28557473
v -2.84596783 -0.94608390 -1.30773443
v -2.85023550 -0.92212039 -1.30777124
v -2.88112318 -0.88526949 -1.30772305
v -2.90561461 -0.88613530 -1.29480269
v -2.92684176 -0.88606829 -1.29486373
v -2.90406169 -0.87693343 -1.30771010
v -2.92844508 -0.87695746 -1.30777836
v -2.90569218 -0.88609912 -1.29482281
v -2.90565658 -0.88614449 -1.29482617
v -2.94316916 -0.92357902 -1.28558377
v -2.85536014 -0.94613039 -1.29486802
v -2.85895438 -0.96699375 -1.29484547
v -2.85893755 -0.96701339 -1.29481040
v -2.88929308 -0.96870330 -1.28556812
v -2.85019463 -0.92208524 -1.30773767
v -2.84601028 -0.94614540 -1.30776199
v -2.86313419 -0.94613407 -1.38618333
v -2.86245394 -0.90100550 -1.30773205
v -2.85020697 -0.92207148 -1.30774025
v -2.87550470 -0.91195124 -1.38613388
v -2.88115447 -0.88525228 -1.30773000
v -2.86241213 -0.90096481 -1.30772876
v -2.88965634 -0.90014384 -1.38622168
v -2.88108956 -0.88531075 -1.30770870
v -2.92845801 -0.87693821 -1.30776421
v -2.92846440 -0.87694094 -1.30778251
v -2.90698110 -0.89382568 -1.38620108
v -2.90705874 -0.89380787 -1.38617553
v -2.92547179 -0.89382943 -1.38611472
v -2.92545798 -0.89382014 -1.38620975
v -2.90399314 -0.87691422 -1.30770908
v -2.94671494 -0.89333117 -1.29484061
v -2.92681586 -0.88611796 -1.29489369
v -2.94668671 -0.89341321 -1.29485819
v -2.94924172 -0.93415552 -1.28558400
v -2.85022305 -0.97018911 -1.30772489
v -2.85897123 -0.96695162 -1.29484117
v -2.86956199 -0.98537850 -1.29488891
v -2.86951707 -0.98532403 -1.29485943
v -2.89863681 -0.97660749 -1.28561848
v -2.85023088 -0.97015968 -1.30775894
v -2.85023493 -0.92215571 -1.30771887
v -2.86307007 -0.94615521 -1.38616227
v -2.86635799 -0.92798614 -1.38612733
v -2.88966162 -0.90006705 -1.38618962
v -2.87551797 -0.91199720 -1.38615070
v -2.90698995 -0.89383878 -1.38619193
v -2.88099822 -0.88528985 -1.30779779
v -2.95137852 -0.88526812 -1.30775416
v -2.95132073 -0.88525879 -1.30774416
v -2.94279435 -0.90016242 -1.38618711
v -2.94282314 -0.90009887 -1.38612121
v -2.94675245 -0.89339154 -1.29490216
v -2.92847744 -0.87702998 -1.30777263
v -2.95132255 -0.88529757 -1.30771519
v -2.94673038 -0.89330689 -1.29484555
v -2.96294800 -0.90688717 -1.29486062
v -2.95139500 -0.94613570 -1.28560275
v -2.86239364 -0.99133709 -1.30771670
v -2.85893299 -0.96701079 -1.29484659
v -2.86957224 -0.98525509 -1.29487154
v -2.86243735 -0.99134124 -1.30774981
v -2.88576921 -0.99890644 -1.29486885
v -2.88577439 -0.99896928 -1.29487509
v -2.91005988 -0.98071361 -1.28562412
v -2.86313174 -0.94616958 -1.38616760
v -2.85021629 -0.97019796 -1.30777686
v -2.86627988 -0.96430158 -1.38617775
v -2.95695703 -0.91200681 -1.38625144
v -2.96293368 -0.90699140 -1.29488013
v -2.96295543 -0.90693953 -1.29488496
v -2.97356909 -0.92527609 -1.29482958
v -2.94926343 -0.95814544 -1.28561002
v -2.86241565 -0.99134685 -1.30771589
v -2.88105181 -1.00698118 -1.30772379
v -2.88587757 -0.99892103 -1.29485202
v -2.90565609 -1.00619078 -1.29484969
v -2.90564000 -1.00618023 -1.29486461
v -2.92231081 -0.98077536 -1.28557200
v -2.92234110 -0.98076670 -1.28560998
v -2.97008750 -0.90095607 -1.30772976
v -2.96295303 -0.90699231 -1.29484260
v -2.95133232 -0.88529090 -1.30772774
v -2.97007185 -0.90097355 -1.30774815
v -2.97351937 -0.92533793 -1.29483275
v -2.97353445 -0.92528418 -1.29486107
v -2.97717584 -0.94617237 -1.29481707
v -2.94318133 -0.96875747 -1.28559486
v -2.86627872 -0.96430657 -1.38617411
v -2.86246531 -0.99131608 -1.30774042
v -2.87548603 -0.98027660 -1.38621096
v -2.88102812 -1.00701088 -1.30776515
v -2.90399810 -1.01534796 -1.30775042
v -2.88576275 -0.99890422 -1.29482271
v -2.90569142 -1.00611514 -1.29482404
v -2.90405144 -1.01537008 -1.30776773
v -2.92682995 -1.00619128 -1.29487329
v -2.93377793 -0.97656010 -1.28561299
v -2.96614343 -0.92793323 -1.38619846
v -2.97007839 -0.90094838 -1.30771909
v -2.98226154 -0.92207609 -1.30777116
v -2.97357038 -0.92531942 -1.29484776
v -2.97720796 -0.94615553 -1.29487933
v -2.97720291 -0.94617042 -1.29484071
v -2.97350496 -0.96700540 -1.29485725
v -2.88110314 -1.00698423 -1.30773729
v -2.88961967 -0.99218514 -1.38615654
v -2.87552189 -0.98030486 -1.38615019
v -2.90408191 -1.01528557 -1.30777846
v -2.92842325 -1.01537878 -1.30770674
v -2.92684457 -1.00616808 -1.29484975
v -2.92680183 -1.00618189 -1.29493665
v -2.94673817 -0.99892324 -1.29486396
v -2.94669416 -0.99889932 -1.29485554
v -2.97010389 -0.90093567 -1.30770861
v -2.96617316 -0.92791191 -1.38617701
v -2.96619726 -0.92797705 -1.38613597
v -2.98229504 -0.92205339 -1.30776564
v -2.98224061 -0.92209386 -1.30774428
v -2.98648503 -0.94618466 -1.30770079
v -2.97352966 -0.96700718 -1.29482973
v -2.97349734 -0.96696943 -1.29479376
v -2.96290592 -0.98528565 -1.29486682
v -2.90403746 -1.01533033 -1.30774036
v -2.90698107 -0.99845225 -1.38614269
v -2.88966845 -0.99216369 -1.38619080
v -2.95138552 -1.00696578 -1.30774228
v -2.92543390 -0.99850183 -1.38622273
v -2.92548672 -0.99843152 -1.38613625
v -2.92844015 -1.01536960 -1.30774361
v -2.94672487 -0.99893845 -1.29492338
v -2.95138454 -1.00700498 -1.30769622
v -2.92682887 -1.00613234 -1.29486261
v -2.96294428 -0.98543475 -1.29483795
v -2.96933729 -0.94609077 -1.38618098
v -2.98651340 -0.94616181 -1.30777369
v -2.98228858 -0.97018647 -1.30770085
v -2.96293695 -0.98534531 -1.29484720
v -2.95135360 -1.00701897 -1.30770696
v -2.97011536 -0.99131672 -1.30772072
v -2.96297552 -0.98531218 -1.29481409
v -2.97004798 -0.99135920 -1.30776080
v -2.94668086 -0.99891995 -1.29485157
v -2.96615186 -0.96429383 -1.38618735
v -2.98227642 -0.97017243 -1.30775550
v -2.98227191 -0.97013921 -1.30776769
v -2.95130444 -1.00694545 -1.30778914
v -2.94278482 -0.99214377 -1.38618886
v -2.92547786 -0.99847134 -1.38614571
v -2.97007575 -0.99125803 -1.30773151
v -2.95695363 -0.98025280 -1.38614896
v -2.98225744 -0.97018607 -1.30768766
v -2.95692733 -0.98030035 -1.38621235
v -2.97005031 -0.99134348 -1.30778921
v -2.94278879 -0.99214553 -1.38613008
v -2.37709881 -2.51292145 -1.29488670
v -2.39923649 -2.49209512 -1.28557706
v -2.40135652 -2.50409033 -1.28561637
v -2.43438179 -2.49208676 -1.28256889
v -2.38769270 -2.53128485 -1.29490621
v -2.37338307 -2.49210910 -1.29487596
v -2.37711779 -2.51294067 -1.29480806
v -2.40136464 -2.48006484 -1.28556235
v -2.40744803 -2.51465096 -1.28561557
v -2.37708475 -2.51294631 -1.29482053
v -2.38772662 -2.53129806 -1.29481494
v -2.38054031 -2.53727382 -1.30773785
v -2.38771759 -2.53123732 -1.29488737
v -2.37341498 -2.49208871 -1.29485444
v -2.37713001 -2.51296962 -1.29483920
v -2.36835728 -2.51611086 -1.30778393
v -2.40747935 -2.46951037 -1.28563789
v -2.41677568 -2.52252800 -1.28563167
v -2.39927954 -2.55299762 -1.30773861
v -2.38056795 -2.53730275 -1.30774673
v -2.40385294 -2.54487361 -1.29482949
v -2.36411253 -2.49207617 -1.30777872
v -2.37342303 -2.49209118 -1.29485195
v -2.37711246 -2.47126763 -1.29485887
v -2.41681671 -2.46173837 -1.28563623
v -2.40390477 -2.54483680 -1.29479926
v -2.42828579 -2.52667077 -1.28557574
v -2.39370400 -2.52629732 -1.38616639
v -2.39373478 -2.52625768 -1.38614978
v -2.39927669 -2.55295165 -1.30770440
v -2.39922544 -2.55293755 -1.30771399
v -2.40776509 -2.53810111 -1.38613191
v -2.40781679 -2.53812118 -1.38615822
v -2.38055210 -2.53727998 -1.30775756
v -2.38060070 -2.53726045 -1.30777644
v -2.38770084 -2.53123392 -1.29486643
v -2.40393405 -2.54484235 -1.29483572
v -2.39920775 -2.55296280 -1.30771856
v -2.38448995 -2.51028709 -1.38615013
v -2.36834485 -2.51610739 -1.30767127
v -2.38058318 -2.53728513 -1.30770785
v -2.38124685 -2.49206529 -1.38619634
v -2.36410912 -2.49210303 -1.30773604
v -2.37709741 -2.47128357 -1.29488234
v -2.37706668 -2.47124004 -1.29484838
v -2.38769902 -2.45290631 -1.29488469
v -2.42831731 -2.45745789 -1.28559751
v -2.42826411 -2.45751285 -1.28556226
v -2.42379134 -2.55211170 -1.29483565
v -2.42382420 -2.55217922 -1.29488236
v -2.44044870 -2.52665905 -1.28561184
v -2.44050428 -2.52666665 -1.28560671
v -2.38450759 -2.51023123 -1.38615355
v -2.42225745 -2.56130845 -1.30773594
v -2.42217121 -2.56129506 -1.30775837
v -2.36833097 -2.46805396 -1.30774779
v -2.36833834 -2.46802642 -1.30776731
v -2.38770781 -2.45297500 -1.29483587
v -2.38767393 -2.45290079 -1.29482504
v -2.40390578 -2.43930075 -1.29483780
v -2.44050330 -2.45746124 -1.28561189
v -2.40396053 -2.54485714 -1.29479819
v -2.42382889 -2.55212847 -1.29487116
v -2.42219601 -2.56129811 -1.30777580
v -2.44495184 -2.55216772 -1.29486778
v -2.45198481 -2.52255793 -1.28565134
v -2.42214998 -2.56128479 -1.30779524
v -2.42515633 -2.54443671 -1.38618716
v -2.40785657 -2.53808377 -1.38617867
v -2.38445675 -2.47390941 -1.38612771
v -2.38058688 -2.44687869 -1.30770358
v -2.38768127 -2.45284799 -1.29484554
v -2.36830400 -2.46808368 -1.30770744
v -2.40391363 -2.43932359 -1.29479054
v -2.40392723 -2.43931035 -1.29485711
v -2.42382301 -2.43205137 -1.29483019
v -2.44493365 -2.43213456 -1.29482244
v -2.45196076 -2.46170369 -1.28558451
v -2.44658293 -2.56132945 -1.30766895
v -2.44497865 -2.55217541 -1.29488464
v -2.44490297 -2.55213061 -1.29486214
v -2.46486751 -2.54489876 -1.29487129
v -2.46488417 -2.54486122 -1.29482208
v -2.46131209 -2.51467482 -1.28557919
v -2.44363708 -2.54443188 -1.38619714
v -2.44364310 -2.54441449 -1.38618846
v -2.44658096 -2.56130028 -1.30772821
v -2.39369249 -2.45796688 -1.38616989
v -2.38053481 -2.44694902 -1.30772781
v -2.36830616 -2.46805789 -1.30769078
v -2.39370227 -2.45793363 -1.38617904
v -2.40391171 -2.43933448 -1.29481936
v -2.38052960 -2.44689441 -1.30777650
v -2.39925004 -2.43126622 -1.30775538
v -2.42382119 -2.43207012 -1.29485193
v -2.44494503 -2.43208263 -1.29484604
v -2.42215987 -2.42291963 -1.30774005
v -2.44660125 -2.42288020 -1.30774192
v -2.42380172 -2.43209516 -1.29485081
v -2.42382779 -2.43205181 -1.29485441
v -2.46128059 -2.46953705 -1.28557874
v -2.46948936 -2.55292779 -1.30767600
v -2.46486723 -2.54484697 -1.29485500
v -2.46949794 -2.55294207 -1.30773247
v -2.44492491 -2.55213429 -1.29485026
v -2.48107103 -2.53122535 -1.29487567
v -2.48113839 -2.53128956 -1.29484885
v -2.46738022 -2.50411081 -1.28556784
v -2.46948120 -2.55295399 -1.30775359
v -2.40782490 -2.44609668 -1.38617377
v -2.39928108 -2.43125380 -1.30775230
v -2.38054010 -2.44693603 -1.30772075
v -2.40783024 -2.44609904 -1.38615169
v -2.39924261 -2.43123431 -1.30772082
v -2.44493171 -2.43205945 -1.29485709
v -2.46484611 -2.43930556 -1.29486596
v -2.46487006 -2.43934565 -1.29487910
v -2.44665329 -2.42291324 -1.30770166
v -2.44661513 -2.42287102 -1.30774018
v -2.42515931 -2.43973720 -1.38615053
v -2.42518956 -2.43974574 -1.38619820
v -2.44361108 -2.43975648 -1.38617590
v -2.44357377 -2.43975380 -1.38621264
v -2.42219865 -2.42288556 -1.30775662
v -2.46739148 -2.48005542 -1.28559275
v -2.48823693 -2.53726243 -1.30775769
v -2.48112139 -2.53130814 -1.29484318
v -2.48821126 -2.53726730 -1.30777305
v -2.46487101 -2.54491143 -1.29487809
v -2.49164293 -2.51298444 -1.29483218
v -2.49156664 -2.51293144 -1.29488144
v -2.46951708 -2.49214344 -1.28561273
v -2.46949468 -2.55293562 -1.30776976
v -2.46091669 -2.53807220 -1.38611679
v -2.44362612 -2.54444228 -1.38616571
v -2.42522340 -2.43979097 -1.38617507
v -2.39924905 -2.43128611 -1.30774714
v -2.46488806 -2.43928882 -1.29487786
v -2.44660724 -2.42290038 -1.30772375
v -2.46958252 -2.43125034 -1.30771822
v -2.46951968 -2.43128447 -1.30773068
v -2.46949959 -2.43124832 -1.30777344
v -2.46094660 -2.44609545 -1.38619247
v -2.46098053 -2.44610856 -1.38616905
v -2.46488031 -2.43931278 -1.29484903
v -2.48106063 -2.45285316 -1.29483038
v -2.48825085 -2.53734389 -1.30774280
v -2.50041543 -2.51616288 -1.30773225
v -2.49166025 -2.51293306 -1.29486080
v -2.49532792 -2.49214884 -1.29486405
v -2.49534363 -2.49213969 -1.29479728
v -2.48110198 -2.45287658 -1.29487055
v -2.47506765 -2.45791455 -1.38615854
v -2.48108090 -2.45290891 -1.29489074
v -2.49164939 -2.47127599 -1.29484576
v -2.48822610 -2.53726872 -1.30774230
v -2.47506208 -2.52624947 -1.38618605
v -2.46095562 -2.53812458 -1.38613645
v -2.50040672 -2.51611257 -1.30770038
v -2.50469946 -2.49208402 -1.30777101
v -2.50467515 -2.49208476 -1.30769364
v -2.49166069 -2.51294737 -1.29481817
v -2.49538222 -2.49208828 -1.29486031
v -2.49166355 -2.47124426 -1.29483432
v -2.48111267 -2.45290563 -1.29484645
v -2.46954500 -2.43119585 -1.30770872
v -2.48823519 -2.44694559 -1.30771790
v -2.46952353 -2.43129347 -1.30770990
v -2.47506078 -2.45789375 -1.38615699
v -2.48820495 -2.44684602 -1.30774502
v -2.49166557 -2.47124188 -1.29481876
v -2.48434748 -2.51029377 -1.38615434
v -2.50475751 -2.49213013 -1.30771719
v -2.50043436 -2.46810923 -1.30768468
v -2.50045806 -2.46807750 -1.30775080
v -2.49533696 -2.49210932 -1.29485377
v -2.48431231 -2.47392705 -1.38616459
v -2.48438240 -2.47391187 -1.38620768
v -2.48756477 -2.49205895 -1.38620426
v -2.50041231 -2.46808466 -1.30775960
v -2.50040357 -2.46809259 -1.30772936
v -2.43438114 -0.94610801 -1.28254246
v -2.45192057 -0.97652109 -1.28555599
v -2.44047874 -0.98073064 -1.28551966
v -2.44043139 -0.98076562 -1.28557506
v -2.46484841 -0.99892645 -1.29484687
v -2.42827454 -0.98071659 -1.28559534
v -2.46127196 -0.96868752 -1.28559249
v -2.48107075 -0.98529408 -1.29480430
v -2.46483042 -0.99891768 -1.29484531
v -2.44497905 -1.00616012 -1.29488112
v -2.42383073 -1.00614980 -1.29485418
v -2.41678085 -0.97658862 -1.28556708
v -2.48108229 -0.98528840 -1.29483191
v -2.46738050 -0.95817539 -1.28560073
v -2.48106261 -0.98530250 -1.29488568
v -2.48818094 -0.99131673 -1.30771640
v -2.46488579 -0.99891018 -1.29487420
v -2.46486200 -0.99893710 -1.29485950
v -2.46952558 -1.00700393 -1.30778992
v -2.44491863 -1.00614085 -1.29486402
v -2.42384096 -1.00618712 -1.29482402
v -2.44658113 -1.01535517 -1.30771404
v -2.42221502 -1.01536415 -1.30772620
v -2.44494661 -1.00618547 -1.29492355
v -2.44492454 -1.00615921 -1.29490143
v -2.40744611 -0.96872798 -1.28559361
v -2.49161099 -0.96701286 -1.29483076
v -2.49161851 -0.96696967 -1.29480422
v -2.46949033 -0.94615767 -1.28554990
v -2.50044934 -0.97018986 -1.30776760
v -2.48821341 -0.99127944 -1.30770251
v -2.46949594 -1.00701704 -1.30775578
v -2.42220241 -1.01531912 -1.30776593
v -2.44358109 -0.99846545 -1.38616202
v -2.44356247 -0.99847818 -1.38611917
v -2.42517971 -0.99848824 -1.38621238
v -2.44662060 -1.01532976 -1.30771863
v -2.40390963 -0.99892084 -1.29488504
v -2.40395663 -0.99891979 -1.29481251
v -2.42381175 -1.00620501 -1.29489539
v -2.40137944 -0.95811618 -1.28560761
v -2.49166804 -0.96700911 -1.29486519
v -2.49533171 -0.94616050 -1.29487689
v -2.49534476 -0.94612803 -1.29483066
v -2.46736942 -0.93413868 -1.28565040
v -2.50044045 -0.97016837 -1.30777822
v -2.47505377 -0.98031147 -1.38618372
v -2.48817824 -0.99130428 -1.30770043
v -2.48823747 -0.99127805 -1.30771370
v -2.46101146 -0.99215616 -1.38612261
v -2.46948689 -1.00701221 -1.30774655
v -2.46954676 -1.00699358 -1.30779144
v -2.40784415 -0.99212143 -1.38616756
v -2.40392891 -0.99893157 -1.29477240
v -2.42215528 -1.01536884 -1.30769190
v -2.39923839 -1.00697823 -1.30775673
v -2.38772473 -0.98529950 -1.29487340
v -2.40394093 -0.99890270 -1.29488472
v -2.39927667 -0.94612583 -1.28565802
v -2.50468715 -0.94615203 -1.30777855
v -2.50469767 -0.94612235 -1.30773144
v -2.49166539 -0.96697634 -1.29480758
v -2.49537625 -0.94613975 -1.29479442
v -2.49162060 -0.92527109 -1.29485704
v -2.49166114 -0.92526160 -1.29483248
v -2.46128322 -0.92357189 -1.28565191
v -2.46092081 -0.99217353 -1.38617077
v -2.48429466 -0.96429098 -1.38614629
v -2.47499616 -0.98026098 -1.38618844
v -2.50044102 -0.97010957 -1.30775893
v -2.44360723 -0.99841431 -1.38611763
v -2.39923741 -1.00699255 -1.30778689
v -2.39926197 -1.00701002 -1.30774001
v -2.42219436 -1.01534215 -1.30767677
v -2.40780158 -0.99214474 -1.38616692
v -2.40781989 -0.99211816 -1.38619549
v -2.38770137 -0.98535409 -1.29484878
v -2.37710351 -0.96696113 -1.29481683
v -2.38767868 -0.98527590 -1.29480558
v -2.40135079 -0.93411478 -1.28565734
v -2.50465631 -0.94614166 -1.30778842
v -2.50042989 -0.92208198 -1.30777549
v -2.50038028 -0.92209587 -1.30774642
v -2.49534345 -0.94611763 -1.29489246
v -2.49157947 -0.92531790 -1.29487330
v -2.48105131 -0.90693787 -1.29481315
v -2.48105633 -0.90694977 -1.29488800
v -2.45196429 -0.91571084 -1.28560213
v -2.39374314 -0.98026445 -1.38611717
v -2.39364196 -0.98032378 -1.38615443
v -2.38059584 -0.99126196 -1.30779566
v -2.38052286 -0.99127713 -1.30770270
v -2.38768786 -0.98536358 -1.29485419
v -2.39924356 -1.00698891 -1.30771143
v -2.38051562 -0.99124954 -1.30772083
v -2.37711812 -0.96694072 -1.29486033
v -2.37340254 -0.94613631 -1.29491726
v -2.37709897 -0.96697928 -1.29485732
v -2.40746744 -0.92359545 -1.28559926
v -2.48745920 -0.94614661 -1.38618199
v -2.50043496 -0.92205150 -1.30777884
v -2.50039317 -0.92210632 -1.30768459
v -2.48817273 -0.90097804 -1.30778412
v -2.48104530 -0.90691866 -1.29488307
v -2.46484428 -0.89337661 -1.29487361
v -2.46491202 -0.89332674 -1.29484348
v -2.44048138 -0.91150073 -1.28558240
v -2.38445340 -0.96429302 -1.38619760
v -2.37710793 -0.96702231 -1.29487717
v -2.38053731 -0.99128003 -1.30768064
v -2.36835886 -0.97017156 -1.30774189
v -2.37339548 -0.94612475 -1.29484086
v -2.37343847 -0.94613016 -1.29482561
v -2.37712170 -0.92523759 -1.29485804
v -2.41681267 -0.91570803 -1.28560905
v -2.48435330 -0.92797332 -1.38612107
v -2.48425635 -0.92798888 -1.38614093
v -2.48820664 -0.90096733 -1.30770331
v -2.46948476 -0.88528319 -1.30776649
v -2.46489806 -0.89335542 -1.29484197
v -2.46949480 -0.88526513 -1.30771159
v -2.48115556 -0.90693461 -1.29488142
v -2.44491180 -0.88610390 -1.29483314
v -2.44495941 -0.88610545 -1.29490500
v -2.42825707 -0.91155203 -1.28567612
v -2.42825804 -0.91149427 -1.28562684
v -2.38443533 -0.96433614 -1.38623218
v -2.36833793 -0.97016716 -1.30773601
v -2.38053169 -0.99130205 -1.30773362
v -2.36412487 -0.94615881 -1.30774750
v -2.37711705 -0.92530321 -1.29488301
v -2.37712254 -0.92529213 -1.29484238
v -2.38769960 -0.90696589 -1.29483591
v -2.48818702 -0.90095593 -1.30779012
v -2.48822355 -0.90095519 -1.30772495
v -2.47504148 -0.91198253 -1.38619153
v -2.47502586 -0.91203069 -1.38613861
v -2.48431444 -0.92801493 -1.38617837
v -2.46089066 -0.90015044 -1.38620180
v -2.46093360 -0.90015705 -1.38620295
v -2.46949669 -0.88526467 -1.30775565
v -2.46949421 -0.88529876 -1.30774264
v -2.44659557 -0.87689765 -1.30772517
v -2.44497259 -0.88609875 -1.29485765
v -2.44661254 -0.87696477 -1.30774053
v -2.46486745 -0.89336515 -1.29489131
v -2.42385038 -0.88610990 -1.29484616
v -2.38117987 -0.94614665 -1.38613759
v -2.36408427 -0.94614327 -1.30773764
v -2.36834000 -0.92205846 -1.30778324
v -2.38769889 -0.90692078 -1.29485438
v -2.38771418 -0.90695390 -1.29483612
v -2.40390213 -0.89334547 -1.29482970
v -2.44357875 -0.89385448 -1.38617787
v -2.44358094 -0.89380857 -1.38616022
v -2.44657977 -0.87691322 -1.30776446
v -2.44663442 -0.87697380 -1.30768630
v -2.42221539 -0.87694736 -1.30774511
v -2.42377161 -0.88616360 -1.29485241
v -2.42376633 -0.88608151 -1.29483951
v -2.40392596 -0.89330301 -1.29489938
v -2.36829942 -0.92209491 -1.30772285
v -2.38052702 -0.90096959 -1.30771300
v -2.38773093 -0.90699646 -1.29484661
v -2.36832614 -0.92210482 -1.30769409
v -2.40393512 -0.89333196 -1.29484022
v -2.42507108 -0.89386297 -1.38618268
v -2.42515230 -0.89378464 -1.38619056
v -2.42213736 -0.87689464 -1.30771487
v -2.39922326 -0.88533240 -1.30773453
v -2.42384243 -0.88612402 -1.29484544
v -2.40392734 -0.89332622 -1.29485500
v -2.39928039 -0.88531812 -1.30777642
v -2.38447932 -0.92793667 -1.38615242
v -2.38052490 -0.90101247 -1.30767162
v -2.36832845 -0.92204000 -1.30776480
v -2.39370042 -0.91191679 -1.38619790
v -2.38052262 -0.90098522 -1.30776317
v -2.39917367 -0.88531652 -1.30771395
v -2.39365231 -0.91202069 -1.38622155
v -2.40786617 -0.90015652 -1.38616057
v -2.39922619 -0.88529307 -1.30774280
v -2.38050665 -0.90095340 -1.30772888
v -2.40783269 -0.90011114 -1.38616176
v -2.42516067 -0.89383923 -1.38613163
v -2.94307924 -2.46952665 -1.28566165
v -2.96292011 -2.45294255 -1.29483036
v -2.94924666 -2.48001429 -1.28559863
v -2.91621670 -2.49213365 -1.28261405
v -2.94671242 -2.43930307 -1.29483071
v -2.96295294 -2.45295373 -1.29489748
v -2.97351192 -2.47122804 -1.29487663
v -2.95137505 -2.49211964 -1.28565639
v -2.93379554 -2.46164436 -1.28560829
v -2.94675723 -2.43931631 -1.29481218
v -2.95129859 -2.43123280 -1.30776277
v -2.96299413 -2.45296104 -1.29485399
v -2.94670981 -2.43930322 -1.29485900
v -2.97010543 -2.44697406 -1.30773584
v -2.97355155 -2.47121094 -1.29489341
v -2.96288848 -2.45293574 -1.29484502
v -2.94922942 -2.50412336 -1.28565979
v -2.92236007 -2.45745162 -1.28563871
v -2.92850270 -2.42289997 -1.30775194
v -2.95139706 -2.43126219 -1.30775392
v -2.92684537 -2.43206197 -1.29483111
v -2.97004990 -2.44691888 -1.30769174
v -2.98223656 -2.46814624 -1.30775053
v -2.97357319 -2.47126830 -1.29482925
v -2.97353362 -2.47126080 -1.29481355
v -2.97722832 -2.49210139 -1.29483565
v -2.94313163 -2.51471517 -1.28560251
v -2.92681027 -2.43205637 -1.29484230
v -2.91013032 -2.45749153 -1.28563757
v -2.91014805 -2.45748303 -1.28569146
v -2.95133808 -2.43123083 -1.30777127
v -2.95138133 -2.43124640 -1.30772818
v -2.92546730 -2.43974212 -1.38615539
v -2.92547917 -2.43978925 -1.38616073
v -2.94275981 -2.44606686 -1.38617009
v -2.94277646 -2.44608715 -1.38614363
v -2.92847808 -2.42287633 -1.30779337
v -2.92843673 -2.42288631 -1.30774009
v -2.92689485 -2.43202158 -1.29482559
v -2.92844897 -2.42288048 -1.30776710
v -2.94670157 -2.43926573 -1.29488533
v -2.95128240 -2.43125311 -1.30771627
v -2.95697445 -2.45793738 -1.38620393
v -2.97007999 -2.44693529 -1.30775895
v -2.97006798 -2.44690063 -1.30777682
v -2.96619895 -2.47392321 -1.38618351
v -2.96619343 -2.47392076 -1.38618351
v -2.98225840 -2.46806358 -1.30774587
v -2.98227003 -2.46803300 -1.30770227
v -2.97718965 -2.49212832 -1.29489491
v -2.97724932 -2.49213252 -1.29487596
v -2.97352934 -2.51299874 -1.29481031
v -2.93377067 -2.52249164 -1.28561662
v -2.90564484 -2.43209390 -1.29480685
v -2.89871898 -2.46168348 -1.28556091
v -2.95687906 -2.45795125 -1.38617920
v -2.90706187 -2.43972649 -1.38615841
v -2.90704394 -2.43975063 -1.38614962
v -2.90405072 -2.42290972 -1.30771907
v -2.90403380 -2.42287967 -1.30770479
v -2.90561753 -2.43204477 -1.29483460
v -2.90568863 -2.43209874 -1.29482789
v -2.96614593 -2.47390965 -1.38614310
v -2.96936897 -2.49208244 -1.38619573
v -2.98651432 -2.49207196 -1.30775955
v -2.97347165 -2.51291202 -1.29481196
v -2.97353391 -2.51298460 -1.29487153
v -2.96292114 -2.53128763 -1.29483068
v -2.92234186 -2.52671344 -1.28557499
v -2.92230730 -2.52671754 -1.28558714
v -2.88576454 -2.43930253 -1.29485443
v -2.88580508 -2.43927006 -1.29488146
v -2.88933901 -2.46949253 -1.28559669
v -2.88110933 -2.43125946 -1.30774464
v -2.88109897 -2.43122194 -1.30777357
v -2.98650566 -2.49205466 -1.30773429
v -2.98229362 -2.51615026 -1.30773882
v -2.96295497 -2.53124408 -1.29490438
v -2.96288986 -2.53133786 -1.29485262
v -2.94674746 -2.54485800 -1.29487370
v -2.91017176 -2.52670625 -1.28561369
v -2.90570752 -2.43205357 -1.29492027
v -2.88573520 -2.43932010 -1.29482402
v -2.88110370 -2.43126336 -1.30772133
v -2.86956514 -2.45296109 -1.29485394
v -2.86958796 -2.45291694 -1.29481177
v -2.88318275 -2.48007838 -1.28560663
v -2.88109554 -2.43125888 -1.30772986
v -2.88967007 -2.44609741 -1.38615951
v -2.90704781 -2.43971941 -1.38614915
v -2.96620465 -2.51026433 -1.38619976
v -2.98228358 -2.51615521 -1.30770867
v -2.98232332 -2.51613965 -1.30778752
v -2.97006162 -2.53727660 -1.30778055
v -2.96289559 -2.53123462 -1.29486767
v -2.94670129 -2.54488587 -1.29484443
v -2.94667223 -2.54488932 -1.29479988
v -2.92684179 -2.55212824 -1.29479708
v -2.90564394 -2.55218401 -1.29484497
v -2.89872096 -2.52257530 -1.28562898
v -2.86241494 -2.44696074 -1.30778039
v -2.86955927 -2.45290492 -1.29487147
v -2.85899510 -2.47131098 -1.29487377
v -2.85893323 -2.47121965 -1.29482871
v -2.88109147 -2.49209497 -1.28556539
v -2.86244931 -2.44691824 -1.30779390
v -2.95693105 -2.52626145 -1.38620052
v -2.98224583 -2.51616142 -1.30776503
v -2.95690647 -2.52627857 -1.38618615
v -2.97008069 -2.53724488 -1.30779289
v -2.94668034 -2.54488859 -1.29486055
v -2.97008683 -2.53727164 -1.30769778
v -2.95135374 -2.55297940 -1.30775007
v -2.92681812 -2.55212309 -1.29485884
v -2.90563446 -2.55211516 -1.29488244
v -2.92850480 -2.56128504 -1.30768664
v -2.90406414 -2.56130350 -1.30770112
v -2.92678345 -2.55212367 -1.29481548
v -2.92681190 -2.55214154 -1.29490952
v -2.88934013 -2.51467108 -1.28558980
v -2.85023173 -2.46808711 -1.30778612
v -2.86959668 -2.45292008 -1.29489674
v -2.85895795 -2.47127143 -1.29486370
v -2.85015614 -2.46806105 -1.30774996
v -2.85530040 -2.49214109 -1.29481291
v -2.85527102 -2.49211400 -1.29484484
v -2.88322977 -2.50410206 -1.28564050
v -2.86241662 -2.44688552 -1.30772724
v -2.87555164 -2.45792128 -1.38611116
v -2.88964450 -2.44608363 -1.38619036
v -2.94276823 -2.53805017 -1.38622530
v -2.97003292 -2.53726320 -1.30769654
v -2.94278444 -2.53816772 -1.38610999
v -2.95139322 -2.55292955 -1.30774375
v -2.95136100 -2.55294862 -1.30775578
v -2.88576368 -2.54487274 -1.29482838
v -2.90564826 -2.55211638 -1.29481323
v -2.88579499 -2.54487957 -1.29483768
v -2.90401074 -2.56130127 -1.30773722
v -2.92546647 -2.54438174 -1.38617652
v -2.92543683 -2.54442035 -1.38616639
v -2.90702493 -2.54441579 -1.38616813
v -2.92849239 -2.56132074 -1.30775313
v -2.85026126 -2.46809746 -1.30769780
v -2.84599887 -2.49212334 -1.30778023
v -2.85526010 -2.49207228 -1.29484228
v -2.85895510 -2.51295879 -1.29485962
v -2.85897691 -2.51292570 -1.29483152
v -2.92543029 -2.54435848 -1.38614693
v -2.95134161 -2.55292370 -1.30778444
v -2.88576891 -2.54492510 -1.29480606
v -2.90405471 -2.56124843 -1.30770954
v -2.88110231 -2.55300032 -1.30777241
v -2.88963564 -2.53811471 -1.38620989
v -2.86955480 -2.53122694 -1.29480514
v -2.88578265 -2.54487273 -1.29483381
v -2.87557722 -2.45796394 -1.38617894
v -2.85020566 -2.46807712 -1.30778028
v -2.86631147 -2.47394303 -1.38620260
v -2.85025254 -2.46806885 -1.30769833
v -2.84597426 -2.49206782 -1.30780470
v -2.86311739 -2.49213488 -1.38617518
v -2.85019513 -2.51614518 -1.30777588
v -2.85893025 -2.51296657 -1.29484360
v -2.86956747 -2.53126076 -1.29486247
v -2.88106355 -2.55293471 -1.30767618
v -2.90404283 -2.56132750 -1.30777348
v -2.88968271 -2.53809467 -1.38618781
v -2.86950464 -2.53126987 -1.29487954
v -2.86310658 -2.49211706 -1.38616215
v -2.85024678 -2.51609258 -1.30775033
v -2.86243114 -2.53724090 -1.30776161
v -2.85895756 -2.51289308 -1.29483961
v -2.86241586 -2.53728116 -1.30776868
v -2.87548436 -2.52625308 -1.38611268
v -2.86311294 -2.49206259 -1.38617318
v -2.85020529 -2.51609445 -1.30772738
v -2.86629771 -2.51031260 -1.38618053
v -2.86236549 -2.53727405 -1.30773091
v -2.86242901 -2.53728534 -1.30778306
v -2.88111927 -2.55290417 -1.30774235
v -2.87556887 -2.52627448 -1.38614215
v -2.86634805 -2.51028563 -1.38619940
v -2.68143515 -1.46255418 -1.28560584
v -2.69286325 -1.45844580 -1.28558129
v -2.70576727 -1.48077910 -1.29484742
v -2.67530569 -1.42801341 -1.28258270
v -2.72200389 -1.46711839 -1.29488702
v -2.70576892 -1.48077785 -1.29481701
v -2.68580976 -1.48803891 -1.29487659
v -2.66916628 -1.46259244 -1.28554407
v -2.70220814 -1.45060182 -1.28560729
v -2.72197758 -1.46716623 -1.29488399
v -2.72921307 -1.47321463 -1.30772209
v -2.70577345 -1.48084029 -1.29486721
v -2.72204547 -1.46718820 -1.29487626
v -2.70578509 -1.48078993 -1.29484611
v -2.71045483 -1.48881645 -1.30767077
v -2.68586172 -1.48803295 -1.29482973
v -2.65775774 -1.45845226 -1.28562685
v -2.70831923 -1.43997993 -1.28553765
v -2.74128270 -1.45201148 -1.30775965
v -2.72915551 -1.47315285 -1.30774337
v -2.73252697 -1.44887018 -1.29487191
v -2.68587530 -1.48796976 -1.29490351
v -2.71048088 -1.48881656 -1.30775938
v -2.68744320 -1.49722822 -1.30770900
v -2.66471201 -1.48801428 -1.29488116
v -2.68593244 -1.48800518 -1.29486659
v -2.64843707 -1.45061438 -1.28563170
v -2.73254164 -1.44887313 -1.29486697
v -2.71039996 -1.42801201 -1.28560180
v -2.74131022 -1.45204007 -1.30775965
v -2.71597151 -1.46214030 -1.38618516
v -2.72919757 -1.47320179 -1.30776932
v -2.73264259 -1.44881282 -1.29484842
v -2.72914228 -1.47320931 -1.30775380
v -2.70187947 -1.47400539 -1.38617298
v -2.71049236 -1.48882220 -1.30771942
v -2.71045439 -1.48882391 -1.30770509
v -2.68450824 -1.48031391 -1.38617611
v -2.68751624 -1.49717895 -1.30776003
v -2.66473575 -1.48801155 -1.29483631
v -2.64480835 -1.48081194 -1.29484271
v -2.66468314 -1.48804130 -1.29485907
v -2.64231570 -1.43997186 -1.28557572
v -2.73628124 -1.42804332 -1.29483266
v -2.73624881 -1.42798425 -1.29484372
v -2.70829859 -1.41602638 -1.28561740
v -2.70186534 -1.47400082 -1.38619433
v -2.72523245 -1.44618537 -1.38616576
v -2.71598815 -1.46215743 -1.38617145
v -2.74138105 -1.45206208 -1.30768654
v -2.74562306 -1.42796032 -1.30774842
v -2.68460482 -1.48027667 -1.38613011
v -2.66610090 -1.48029365 -1.38617729
v -2.66470801 -1.48802271 -1.29485801
v -2.68748736 -1.49719349 -1.30775489
v -2.66308475 -1.49721560 -1.30773600
v -2.64484095 -1.48078471 -1.29480531
v -2.62862477 -1.46722273 -1.29480550
v -2.64481825 -1.48080622 -1.29485854
v -2.64020451 -1.42797259 -1.28558111
v -2.73622459 -1.42799324 -1.29491034
v -2.73261471 -1.40714132 -1.29492766
v -2.73258285 -1.40717900 -1.29483307
v -2.70223466 -1.40538213 -1.28559192
v -2.74557046 -1.42802757 -1.30772179
v -2.66302481 -1.49724983 -1.30776930
v -2.68745457 -1.49718987 -1.30774836
v -2.66606393 -1.48030904 -1.38618582
v -2.64484589 -1.48076290 -1.29484148
v -2.66306226 -1.49718181 -1.30775751
v -2.64013438 -1.48888017 -1.30775289
v -2.62862848 -1.46722094 -1.29483345
v -2.61804543 -1.44886627 -1.29482424
v -2.62858107 -1.46719851 -1.29488899
v -2.64231013 -1.41602558 -1.28563070
v -2.74133196 -1.40396909 -1.30775582
v -2.73258475 -1.40710975 -1.29483324
v -2.72195007 -1.38879273 -1.29484461
v -2.72202467 -1.38885695 -1.29485188
v -2.69286576 -1.39759738 -1.28558985
v -2.72841449 -1.42800153 -1.38616458
v -2.72523302 -1.44618831 -1.38611027
v -2.74560988 -1.42800421 -1.30775271
v -2.64872631 -1.47397747 -1.38613846
v -2.64018225 -1.48882129 -1.30776190
v -2.66308303 -1.49714943 -1.30775647
v -2.64871724 -1.47396446 -1.38619129
v -2.62860411 -1.46718969 -1.29488349
v -2.64016659 -1.48887789 -1.30769222
v -2.62147646 -1.47317453 -1.30773867
v -2.61801218 -1.44885232 -1.29484971
v -2.61436956 -1.42801394 -1.29483620
v -2.61807660 -1.44886959 -1.29485111
v -2.64840079 -1.40542383 -1.28559772
v -2.74133085 -1.40401807 -1.30771279
v -2.72915000 -1.38285805 -1.30769742
v -2.72197026 -1.38883651 -1.29481945
v -2.70575354 -1.37518871 -1.29486860
v -2.70578506 -1.37523622 -1.29486685
v -2.68146547 -1.39336634 -1.28563559
v -2.63457101 -1.46218685 -1.38616369
v -2.62151135 -1.47316906 -1.30778587
v -2.64019525 -1.48883463 -1.30773370
v -2.63458248 -1.46217420 -1.38623024
v -2.61804083 -1.44886129 -1.29480880
v -2.62146067 -1.47315938 -1.30775659
v -2.60929588 -1.45201313 -1.30775055
v -2.61436272 -1.42794440 -1.29487961
v -2.61436113 -1.42800676 -1.29487010
v -2.61805575 -1.40711290 -1.29489192
v -2.65776293 -1.39756312 -1.28563742
v -2.74132528 -1.40397192 -1.30774666
v -2.74132483 -1.40400506 -1.30775566
v -2.72518033 -1.40979302 -1.38618376
v -2.72518607 -1.40985355 -1.38620629
v -2.72850774 -1.42803159 -1.38615382
v -2.72916708 -1.38278270 -1.30771570
v -2.71046673 -1.36714799 -1.30774606
v -2.70574030 -1.37522361 -1.29485170
v -2.71047770 -1.36710421 -1.30774989
v -2.72200835 -1.38886224 -1.29482349
v -2.68590325 -1.36797062 -1.29486309
v -2.68589160 -1.36802563 -1.29487386
v -2.66922795 -1.39333485 -1.28556289
v -2.66918417 -1.39332598 -1.28556489
v -2.62541710 -1.44620549 -1.38615934
v -2.62538041 -1.44616243 -1.38619078
v -2.60922181 -1.45204166 -1.30770762
v -2.62143507 -1.47318532 -1.30772327
v -2.60497614 -1.42795762 -1.30771822
v -2.61800249 -1.40714724 -1.29481478
v -2.61799836 -1.40714593 -1.29486488
v -2.62864487 -1.38882350 -1.29479765
v -2.72917163 -1.38284895 -1.30774677
v -2.71601442 -1.39386557 -1.38614854
v -2.72520791 -1.40979248 -1.38614974
v -2.71045118 -1.36720207 -1.30773418
v -2.68752123 -1.35876355 -1.30773774
v -2.68590817 -1.36798423 -1.29488585
v -2.68751819 -1.35878549 -1.30770594
v -2.70575409 -1.37518926 -1.29482565
v -2.66471878 -1.36792679 -1.29489017
v -2.62218151 -1.42801470 -1.38622359
v -2.60497425 -1.42805704 -1.30772002
v -2.60922332 -1.40397038 -1.30774317
v -2.62866058 -1.38882570 -1.29480954
v -2.62862098 -1.38884654 -1.29491790
v -2.64478967 -1.37520071 -1.29485997
v -2.71042654 -1.36715684 -1.30774946
v -2.70181145 -1.38201339 -1.38615870
v -2.71600187 -1.39384668 -1.38616687
v -2.68754003 -1.35879851 -1.30774682
v -2.66311251 -1.35881854 -1.30776867
v -2.66473276 -1.36795683 -1.29485024
v -2.66466185 -1.36795124 -1.29486840
v -2.64484217 -1.37521753 -1.29486135
v -2.60927480 -1.40390869 -1.30774422
v -2.62147325 -1.38286479 -1.30778302
v -2.62860986 -1.38883052 -1.29484548
v -2.60923586 -1.40397922 -1.30775954
v -2.64479851 -1.37522509 -1.29484963
v -2.68750548 -1.35874049 -1.30778827
v -2.68457196 -1.37565785 -1.38613368
v -2.70190216 -1.38195370 -1.38618060
v -2.64019912 -1.36715970 -1.30772967
v -2.66607248 -1.37570174 -1.38616112
v -2.66609742 -1.37571089 -1.38611838
v -2.66312110 -1.35879161 -1.30777336
v -2.66472188 -1.36796598 -1.29484664
v -2.64485611 -1.37521600 -1.29484122
v -2.64013552 -1.36711861 -1.30770898
v -2.62536021 -1.40984570 -1.38617650
v -2.62145097 -1.38285028 -1.30777211
v -2.60927616 -1.40401684 -1.30776236
v -2.63462019 -1.39386135 -1.38612930
v -2.62141033 -1.38281344 -1.30776749
v -2.64015719 -1.36712947 -1.30775718
v -2.63456205 -1.39386340 -1.38618372
v -2.64872149 -1.38196789 -1.38617765
v -2.64016800 -1.36719420 -1.30773144
v -2.62149081 -1.38284555 -1.30781251
v -2.64876484 -1.38203783 -1.38614963
v -2.66611295 -1.37566871 -1.38614809
v -2.68141465 -2.52672603 -1.28556704
v -2.68139139 -2.52673193 -1.28558804
v -2.69287310 -2.52251409 -1.28557810
v -2.70579255 -2.54486745 -1.29493807
v -2.67527967 -2.49215508 -1.28246028
v -2.72197956 -2.53129329 -1.29481883
v -2.70579161 -2.54487816 -1.29485963
v -2.68588620 -2.55214165 -1.29483883
v -2.66921806 -2.52669324 -1.28558378
v -2.70224614 -2.51465766 -1.28558789
v -2.72199825 -2.53129042 -1.29485284
v -2.72917074 -2.53728224 -1.30774390
v -2.70577515 -2.54487852 -1.29481059
v -2.72196352 -2.53125119 -1.29483655
v -2.70578641 -2.54491211 -1.29485798
v -2.71042242 -2.55291808 -1.30778202
v -2.68593727 -2.55207737 -1.29481044
v -2.66472750 -2.55212777 -1.29485000
v -2.65770508 -2.52254150 -1.28558484
v -2.70831976 -2.50410482 -1.28557154
v -2.74131658 -2.51616632 -1.30771412
v -2.72917173 -2.53724163 -1.30773246
v -2.73260870 -2.51293730 -1.29486971
v -2.68587846 -2.55213718 -1.29482238
v -2.68590671 -2.55213613 -1.29487157
v -2.71047938 -2.55296034 -1.30773392
v -2.68748631 -2.56129797 -1.30775317
v -2.66475433 -2.55209845 -1.29486604
v -2.66308173 -2.56133008 -1.30769652
v -2.64839075 -2.51470727 -1.28559185
v -2.73254194 -2.51294972 -1.29490038
v -2.71044340 -2.49204555 -1.28564781
v -2.74129132 -2.51613615 -1.30774270
v -2.71600278 -2.52624812 -1.38614246
v -2.72919122 -2.53726993 -1.30776699
v -2.73259526 -2.51285912 -1.29487577
v -2.72914480 -2.53725864 -1.30779531
v -2.70190556 -2.53815772 -1.38617168
v -2.71049436 -2.55297839 -1.30778424
v -2.71043718 -2.55293540 -1.30769732
v -2.68455340 -2.54439619 -1.38613478
v -2.68448815 -2.54445337 -1.38619059
v -2.68753066 -2.56133933 -1.30771952
v -2.64480571 -2.54492180 -1.29488267
v -2.66470045 -2.55213969 -1.29484485
v -2.64483152 -2.54485110 -1.29481902
v -2.66314590 -2.56126042 -1.30775394
v -2.66611905 -2.54440007 -1.38619546
v -2.64234330 -2.50412339 -1.28556270
v -2.73629497 -2.49212865 -1.29490010
v -2.73627733 -2.49210297 -1.29488941
v -2.70831871 -2.48007539 -1.28558109
v -2.70181732 -2.53813391 -1.38618111
v -2.72523467 -2.51028065 -1.38615567
v -2.71599104 -2.52626303 -1.38612897
v -2.74132862 -2.51613279 -1.30776568
v -2.74555451 -2.49207724 -1.30774000
v -2.68461028 -2.54442443 -1.38615021
v -2.64483866 -2.54488437 -1.29483669
v -2.66314560 -2.56127658 -1.30779456
v -2.64017547 -2.55293603 -1.30775452
v -2.64870971 -2.53809126 -1.38618258
v -2.62861817 -2.53125251 -1.29484262
v -2.64480938 -2.54486977 -1.29486782
v -2.64020863 -2.49212808 -1.28564030
v -2.73630047 -2.49211567 -1.29487735
v -2.73257872 -2.47125504 -1.29484070
v -2.73254818 -2.47127669 -1.29485864
v -2.70223996 -2.46953654 -1.28563619
v -2.74557201 -2.49209111 -1.30774805
v -2.64016204 -2.55294361 -1.30771097
v -2.66309202 -2.56129503 -1.30770783
v -2.64873556 -2.53809218 -1.38613864
v -2.62857999 -2.53125170 -1.29483345
v -2.61802325 -2.51291632 -1.29486590
v -2.62861804 -2.53128174 -1.29483584
v -2.64226083 -2.48004042 -1.28556520
v -2.74130090 -2.46805796 -1.30776503
v -2.73259734 -2.47124445 -1.29480232
v -2.72197310 -2.45290584 -1.29483470
v -2.72202830 -2.45293556 -1.29483658
v -2.69282456 -2.46168576 -1.28558578
v -2.72850386 -2.49208418 -1.38612621
v -2.72522304 -2.51028533 -1.38609031
v -2.74557230 -2.49205889 -1.30775876
v -2.63462159 -2.52629247 -1.38613862
v -2.62865364 -2.53133304 -1.29486908
v -2.64018940 -2.55296050 -1.30777575
v -2.62150027 -2.53726581 -1.30779568
v -2.61801232 -2.51292721 -1.29481193
v -2.61433992 -2.49206540 -1.29484277
v -2.61797214 -2.51294097 -1.29479139
v -2.64839339 -2.46952745 -1.28559655
v -2.74137091 -2.46802760 -1.30774794
v -2.72912225 -2.44686515 -1.30773978
v -2.72198865 -2.45292091 -1.29484070
v -2.70570528 -2.43927367 -1.29484449
v -2.70573853 -2.43936981 -1.29484787
v -2.68148033 -2.45746308 -1.28566426
v -2.62146130 -2.53729343 -1.30766646
v -2.64021460 -2.55296204 -1.30769138
v -2.63457464 -2.52624251 -1.38617389
v -2.61801242 -2.51296620 -1.29485620
v -2.62147831 -2.53724643 -1.30773774
v -2.60925054 -2.51617223 -1.30769949
v -2.61433986 -2.49205153 -1.29483613
v -2.61435595 -2.49209463 -1.29488462
v -2.61802164 -2.47124311 -1.29484756
v -2.65778389 -2.46165458 -1.28563073
v -2.74132698 -2.46803795 -1.30776040
v -2.74132440 -2.46807510 -1.30772453
v -2.72525043 -2.47396919 -1.38622695
v -2.72515469 -2.47390506 -1.38612072
v -2.72846047 -2.49206640 -1.38618009
v -2.72919404 -2.44690435 -1.30774855
v -2.71044907 -2.43122849 -1.30772306
v -2.70577516 -2.43937705 -1.29488562
v -2.71044027 -2.43118453 -1.30774109
v -2.72195005 -2.45298494 -1.29480857
v -2.68591890 -2.43209581 -1.29486006
v -2.68587770 -2.43210111 -1.29482278
v -2.66923827 -2.45749151 -1.28562729
v -2.66919064 -2.45755347 -1.28563004
v -2.62541435 -2.51024147 -1.38623171
v -2.62532862 -2.51028240 -1.38616182
v -2.60934819 -2.51615238 -1.30771598
v -2.62143389 -2.53729596 -1.30770749
v -2.60501694 -2.49208022 -1.30774619
v -2.61797155 -2.47129760 -1.29483296
v -2.61797090 -2.47122635 -1.29485968
v -2.62859107 -2.45290904 -1.29485936
v -2.72912694 -2.44689008 -1.30777922
v -2.71595484 -2.45794712 -1.38617219
v -2.72519063 -2.47394663 -1.38615381
v -2.71046596 -2.43124154 -1.30772893
v -2.68750183 -2.42290312 -1.30770541
v -2.68586973 -2.43205229 -1.29482598
v -2.68756255 -2.42286752 -1.30767371
v -2.70579880 -2.43923817 -1.29490293
v -2.66472954 -2.43204725 -1.29486863
v -2.62221066 -2.49209429 -1.38615470
v -2.60499682 -2.49210652 -1.30779844
v -2.60925843 -2.46802517 -1.30775335
v -2.62858332 -2.45295578 -1.29487222
v -2.62864009 -2.45291380 -1.29488514
v -2.64477901 -2.43929587 -1.29485018
v -2.71043595 -2.43120379 -1.30772889
v -2.70189663 -2.44608391 -1.38617983
v -2.71599281 -2.45795974 -1.38616524
v -2.68747223 -2.42291665 -1.30774433
v -2.66309998 -2.42291121 -1.30766646
v -2.66467583 -2.43208560 -1.29486991
v -2.66469965 -2.43203021 -1.29485438
v -2.64480213 -2.43936087 -1.29483980
v -2.60923677 -2.46805777 -1.30775836
v -2.62144508 -2.44695700 -1.30774820
v -2.62858829 -2.45294268 -1.29477517
v -2.60928035 -2.46812033 -1.30770832
v -2.64481623 -2.43931166 -1.29483726
v -2.68748394 -2.42289659 -1.30772009
v -2.68453689 -2.43974806 -1.38618096
v -2.70188341 -2.44606812 -1.38614688
v -2.64017868 -2.43123755 -1.30771242
v -2.66611072 -2.43981005 -1.38614423
v -2.66607514 -2.43979578 -1.38617535
v -2.66311497 -2.42290857 -1.30770191
v -2.66470792 -2.43209855 -1.29483627
v -2.64481142 -2.43931233 -1.29485337
v -2.64016367 -2.43121835 -1.30774286
v -2.62539464 -2.47393110 -1.38613907
v -2.62145479 -2.44694081 -1.30765834
v -2.60920266 -2.46809271 -1.30771045
v -2.63461606 -2.45794734 -1.38612258
v -2.62145478 -2.44696305 -1.30772518
v -2.64024879 -2.43128617 -1.30773906
v -2.63461115 -2.45790323 -1.38616344
v -2.64868639 -2.44608304 -1.38616240
v -2.64017325 -2.43118397 -1.30769354
v -2.62150923 -2.44693619 -1.30769157
v -2.64876647 -2.44603352 -1.38614903
v -2.66611579 -2.43983962 -1.38616555
v -2.74127065 -0.92210278 -1.30772390
v -2.74555973 -0.94614858 -1.30772842
v -2.73626074 -0.94615800 -1.29487786
v -2.74133156 -0.92212030 -1.30773448
v -2.72845965 -0.94618919 -1.38619878
v -2.74558144 -0.94612629 -1.30774818
v -2.73256932 -0.96703584 -1.29481707
v -2.73259384 -0.92531768 -1.29485017
v -2.72520432 -0.96432108 -1.38614798
v -2.74137161 -0.92211241 -1.30771508
v -2.74130700 -0.92211769 -1.30773049
v -2.72516675 -0.92800505 -1.38615944
v -2.72521365 -0.92795248 -1.38619980
v -2.72840363 -0.94611644 -1.38610026
v -2.70832532 -0.95817894 -1.28565333
v -2.73625626 -0.94617802 -1.29490914
v -2.73260548 -0.96699910 -1.29485609
v -2.74124644 -0.97013169 -1.30773421
v -2.71043581 -0.94615235 -1.28561354
v -2.73256622 -0.92529770 -1.29480522
v -2.73622103 -0.94617128 -1.29489416
v -2.72915314 -0.90094085 -1.30776985
v -2.74560047 -0.94607239 -1.30773898
v -2.72522682 -0.96424299 -1.38617542
v -2.74135328 -0.97017414 -1.30777577
v -2.72920332 -0.90094772 -1.30775580
v -2.70221488 -0.96875943 -1.28560855
v -2.72202512 -0.98534971 -1.29480090
v -2.70830605 -0.93410589 -1.28560223
v -2.73259055 -0.92529524 -1.29486365
v -2.72197490 -0.90696329 -1.29484558
v -2.71593127 -0.98029456 -1.38619825
v -2.72911185 -0.90100514 -1.30776954
v -2.72910557 -0.90096264 -1.30776879
v -2.71600539 -0.91195078 -1.38619298
v -2.71600207 -0.91192123 -1.38617059
v -2.72526524 -0.92798345 -1.38617498
v -2.67531032 -0.94609107 -1.28252666
v -2.73257935 -0.96697542 -1.29484667
v -2.72204516 -0.98530297 -1.29483536
v -2.72914635 -0.99128929 -1.30770760
v -2.72194967 -0.90700653 -1.29487302
v -2.71048579 -0.88530072 -1.30772917
v -2.74137217 -0.97015730 -1.30778341
v -2.71603688 -0.98032959 -1.38618116
v -2.72914848 -0.99136977 -1.30769493
v -2.70190033 -0.90007126 -1.38621125
v -2.70184771 -0.90011713 -1.38617368
v -2.71049774 -0.88530110 -1.30770267
v -2.71043185 -0.88526288 -1.30769684
v -2.69284000 -0.97657237 -1.28557652
v -2.70574898 -0.99888889 -1.29483754
v -2.70221141 -0.92352938 -1.28560163
v -2.72202094 -0.90696161 -1.29484842
v -2.70573660 -0.89333875 -1.29486568
v -2.71044989 -0.88529621 -1.30775398
v -2.72196632 -0.90699065 -1.29482068
v -2.70188242 -0.99214119 -1.38617848
v -2.68752150 -0.87695874 -1.30771546
v -2.68144777 -0.98074017 -1.28562015
v -2.68141351 -0.98069110 -1.28562180
v -2.72201095 -0.98536707 -1.29490509
v -2.70577599 -0.99894825 -1.29483141
v -2.70576322 -0.99895471 -1.29480904
v -2.72912608 -0.99131003 -1.30771731
v -2.71040726 -1.00698819 -1.30775559
v -2.69285063 -0.91571156 -1.28559365
v -2.70573608 -0.89334840 -1.29489881
v -2.68752547 -0.87697130 -1.30772957
v -2.72916544 -0.99130043 -1.30775407
v -2.70189351 -0.99212436 -1.38615538
v -2.71046343 -1.00704735 -1.30777686
v -2.68753651 -0.87694237 -1.30776735
v -2.68451756 -0.89380127 -1.38617172
v -2.70189706 -0.90014797 -1.38615860
v -2.66919617 -0.98074967 -1.28556789
v -2.68589629 -1.00617661 -1.29483535
v -2.70576125 -0.89332645 -1.29486545
v -2.68142133 -0.91152359 -1.28559797
v -2.68586345 -0.88609282 -1.29483094
v -2.68753049 -0.87694340 -1.30775530
v -2.70578248 -0.89335400 -1.29480767
v -2.68448826 -0.99848818 -1.38616815
v -2.66610958 -0.89384507 -1.38617475
v -2.66613308 -0.89381229 -1.38619941
v -2.66309829 -0.87696358 -1.30772023
v -2.70574602 -0.99891114 -1.29485302
v -2.68593253 -1.00620313 -1.29483856
v -2.66472702 -1.00618187 -1.29483649
v -2.65767603 -0.97659203 -1.28558922
v -2.68590266 -1.00620504 -1.29486120
v -2.68589351 -1.00618518 -1.29483666
v -2.71046488 -1.00705884 -1.30772467
v -2.68748861 -1.01538782 -1.30775930
v -2.68590010 -0.88609409 -1.29485850
v -2.68585888 -0.88613538 -1.29482677
v -2.66919673 -0.91155319 -1.28557766
v -2.66917388 -0.91152596 -1.28560533
v -2.66306315 -0.87690627 -1.30774872
v -2.66470638 -0.88615721 -1.29487090
v -2.66468146 -0.88614107 -1.29484168
v -2.71045764 -1.00695223 -1.30773584
v -2.68460234 -0.99847667 -1.38615482
v -2.68453086 -0.99845115 -1.38613043
v -2.68749517 -1.01540101 -1.30775825
v -2.64017214 -0.88530731 -1.30772976
v -2.66470131 -1.00612624 -1.29487158
v -2.66312784 -1.01538262 -1.30775354
v -2.64839625 -0.96873207 -1.28562146
v -2.66474136 -0.88612035 -1.29483345
v -2.65770473 -0.91568063 -1.28558120
v -2.64016948 -0.88530557 -1.30773082
v -2.66305058 -1.01534342 -1.30771841
v -2.66608636 -0.99845088 -1.38619361
v -2.64021507 -0.88531592 -1.30779581
v -2.64869841 -0.90006494 -1.38617298
v -2.66610927 -0.89381240 -1.38612110
v -2.64482406 -0.99889158 -1.29485156
v -2.66470278 -1.00621626 -1.29484122
v -2.64485343 -0.99895866 -1.29489635
v -2.64228985 -0.95809588 -1.28562237
v -2.64483442 -0.89336395 -1.29483859
v -2.64479837 -0.89335463 -1.29486280
v -2.64846235 -0.92354030 -1.28559936
v -2.66476148 -0.88614736 -1.29487966
v -2.64483949 -0.89337940 -1.29482891
v -2.64020559 -0.88530216 -1.30776988
v -2.64870327 -0.99216603 -1.38616682
v -2.62146115 -0.90097579 -1.30774385
v -2.64480502 -0.99891775 -1.29484795
v -2.66310433 -1.01534184 -1.30776054
v -2.64013520 -1.00699135 -1.30772689
v -2.62862441 -0.98532899 -1.29483143
v -2.64488274 -0.99893631 -1.29486975
v -2.64021085 -0.94612194 -1.28562373
v -2.62863586 -0.90693180 -1.29490534
v -2.62857622 -0.90692993 -1.29491010
v -2.64231369 -0.93411727 -1.28557235
v -2.62149231 -0.90098026 -1.30771835
v -2.64020416 -1.00698276 -1.30770806
v -2.64020839 -1.00699090 -1.30773760
v -2.66312348 -1.01534216 -1.30774726
v -2.64874598 -0.99216402 -1.38619508
v -2.64871169 -0.99214184 -1.38614521
v -2.62147416 -0.90096942 -1.30775586
v -2.63456866 -0.91200956 -1.38615073
v -2.64873631 -0.90015579 -1.38615576
v -2.62855893 -0.98529794 -1.29486421
v -2.61805511 -0.96703481 -1.29484322
v -2.62860125 -0.98537809 -1.29485586
v -2.64479568 -0.89335431 -1.29485222
v -2.62863933 -0.90694076 -1.29487162
v -2.62149346 -0.90094252 -1.30776892
v -2.61802096 -0.92529479 -1.29484020
v -2.61797090 -0.92529502 -1.29483626
v -2.63459006 -0.98034266 -1.38613497
v -2.63456633 -0.98025993 -1.38619724
v -2.62147297 -0.99125588 -1.30767642
v -2.62147488 -0.99130206 -1.30776747
v -2.60928083 -0.92213155 -1.30770976
v -2.62861756 -0.98532520 -1.29482843
v -2.64018202 -1.00696960 -1.30774469
v -2.62145551 -0.99133968 -1.30774034
v -2.61805759 -0.96701640 -1.29487252
v -2.61429742 -0.94617197 -1.29479552
v -2.61799614 -0.96697829 -1.29487226
v -2.60925148 -0.92205524 -1.30771169
v -2.62859451 -0.90695841 -1.29483141
v -2.61801056 -0.92530046 -1.29482625
v -2.60928444 -0.92208400 -1.30767931
v -2.61432540 -0.94615539 -1.29485666
v -2.62534791 -0.96433827 -1.38611322
v -2.63459301 -0.91198759 -1.38615483
v -2.60918120 -0.92211204 -1.30775631
v -2.62539003 -0.92795365 -1.38611817
v -2.61804440 -0.96700172 -1.29485759
v -2.62148816 -0.99126739 -1.30771437
v -2.60923415 -0.97019035 -1.30777140
v -2.61435450 -0.94616302 -1.29484510
v -2.60499149 -0.94620442 -1.30771860
v -2.62531680 -0.96434985 -1.38615772
v -2.60930879 -0.97020166 -1.30773656
v -2.62142456 -0.99126429 -1.30773657
v -2.62215552 -0.94622107 -1.38617711
v -2.60502919 -0.94612501 -1.30776240
v -2.37713240 -1.44887314 -1.29483498
v -2.39922506 -1.42801011 -1.28557469
v -2.40136392 -1.44003361 -1.28562161
v -2.43445233 -1.42799485 -1.28251281
v -2.38768342 -1.46710407 -1.29486148
v -2.37344775 -1.42794814 -1.29480631
v -2.37712949 -1.44884828 -1.29486545
v -2.40134430 -1.41598931 -1.28557948
v -2.40743509 -1.45052553 -1.28561350
v -2.37708465 -1.44881659 -1.29484439
v -2.38765106 -1.46716790 -1.29484723
v -2.38047347 -1.47319063 -1.30770548
v -2.38771888 -1.46716342 -1.29482785
v -2.37338313 -1.42795778 -1.29487049
v -2.37714278 -1.44884047 -1.29484199
v -2.36832990 -1.45195978 -1.30773615
v -2.40750015 -1.40543312 -1.28558799
v -2.41679704 -1.45839432 -1.28557612
v -2.39920931 -1.48882876 -1.30771625
v -2.38053803 -1.47312345 -1.30770733
v -2.40393848 -1.48077462 -1.29482135
v -2.36407690 -1.42798578 -1.30771493
v -2.37346667 -1.42800677 -1.29485110
v -2.37713617 -1.40714955 -1.29485878
v -2.41682780 -1.39755426 -1.28562062
v -2.40392966 -1.48075960 -1.29486993
v -2.42824828 -1.46258501 -1.28562573
v -2.38057644 -1.47316615 -1.30776091
v -2.39926980 -1.48889018 -1.30775477
v -2.39369777 -1.46214486 -1.38620304
v -2.38771297 -1.46719855 -1.29487306
v -2.40388100 -1.48077969 -1.29478960
v -2.39921306 -1.48884294 -1.30770372
v -2.38443651 -1.44621513 -1.38619018
v -2.36833413 -1.45202334 -1.30773175
v -2.38057907 -1.47315763 -1.30772697
v -2.38126855 -1.42803319 -1.38615064
v -2.36413139 -1.42797512 -1.30771072
v -2.37709611 -1.40719076 -1.29487691
v -2.37715957 -1.40716416 -1.29487688
v -2.38765277 -1.38879996 -1.29485844
v -2.42832368 -1.39334558 -1.28562686
v -2.42834656 -1.39341916 -1.28564308
v -2.42377777 -1.48805703 -1.29483662
v -2.42375796 -1.48805396 -1.29485475
v -2.44044069 -1.46260628 -1.28560917
v -2.44050457 -1.46262015 -1.28562462
v -2.38444014 -1.44613284 -1.38619299
v -2.39917811 -1.48880620 -1.30774874
v -2.40786256 -1.47403696 -1.38617288
v -2.39369104 -1.46210007 -1.38620382
v -2.42218836 -1.49720617 -1.30771620
v -2.36833437 -1.40397260 -1.30774039
v -2.36834094 -1.40394871 -1.30772400
v -2.38772280 -1.38879400 -1.29484182
v -2.38770112 -1.38879037 -1.29481431
v -2.40394049 -1.37522292 -1.29484820
v -2.44044779 -1.39338603 -1.28559484
v -2.40386079 -1.48079434 -1.29482321
v -2.42382073 -1.48802470 -1.29482504
v -2.42220567 -1.49721956 -1.30774363
v -2.44490071 -1.48807499 -1.29486845
v -2.45192216 -1.45849166 -1.28554737
v -2.42218034 -1.49714294 -1.30776712
v -2.38444640 -1.40984524 -1.38615885
v -2.38055595 -1.38284878 -1.30778924
v -2.38777930 -1.38882012 -1.29478330
v -2.36833606 -1.40397854 -1.30772577
v -2.40393773 -1.37522735 -1.29488759
v -2.40394517 -1.37518155 -1.29487579
v -2.42379545 -1.36797923 -1.29487629
v -2.44493491 -1.36794482 -1.29488645
v -2.45194065 -1.39754788 -1.28561045
v -2.44660142 -1.49720048 -1.30773399
v -2.44497630 -1.48804234 -1.29483946
v -2.44496567 -1.48802999 -1.29485345
v -2.46488815 -1.48078368 -1.29481374
v -2.46488854 -1.48080521 -1.29485597
v -2.46131647 -1.45059990 -1.28564431
v -2.42223876 -1.49719099 -1.30771576
v -2.42508919 -1.48032323 -1.38613956
v -2.40782342 -1.47402870 -1.38614849
v -2.39369131 -1.39383055 -1.38615863
v -2.38056274 -1.38286218 -1.30776965
v -2.36834661 -1.40393843 -1.30774309
v -2.39364315 -1.39383379 -1.38617216
v -2.40394309 -1.37526908 -1.29482007
v -2.38049714 -1.38283722 -1.30768954
v -2.39923770 -1.36714226 -1.30770704
v -2.42380091 -1.36798167 -1.29486160
v -2.44499329 -1.36797084 -1.29485186
v -2.42214999 -1.35877603 -1.30776130
v -2.44657593 -1.35878612 -1.30769479
v -2.42377527 -1.36797158 -1.29482126
v -2.42381200 -1.36799619 -1.29484432
v -2.46126572 -1.40538252 -1.28560247
v -2.46950761 -1.48883275 -1.30774193
v -2.44355963 -1.48036135 -1.38620348
v -2.44361389 -1.48028673 -1.38616969
v -2.44663810 -1.49717828 -1.30777220
v -2.46482881 -1.48076148 -1.29480805
v -2.46947320 -1.48882210 -1.30771926
v -2.44495275 -1.48803041 -1.29485095
v -2.48108073 -1.46719610 -1.29487238
v -2.48104558 -1.46721432 -1.29482029
v -2.46732668 -1.44004481 -1.28556162
v -2.40781822 -1.38194543 -1.38618320
v -2.39919856 -1.36716134 -1.30777748
v -2.38048375 -1.38285447 -1.30777641
v -2.40781393 -1.38199664 -1.38613278
v -2.39926073 -1.36715411 -1.30771709
v -2.44496454 -1.36793883 -1.29482035
v -2.46480858 -1.37515211 -1.29487208
v -2.46488631 -1.37523883 -1.29485177
v -2.44660274 -1.35880079 -1.30777289
v -2.44656171 -1.35883720 -1.30775532
v -2.42511614 -1.37565853 -1.38617300
v -2.42511178 -1.37568607 -1.38611003
v -2.44357580 -1.37569811 -1.38614237
v -2.44361226 -1.37566549 -1.38613185
v -2.42220880 -1.35875412 -1.30774752
v -2.46735378 -1.41596687 -1.28561749
v -2.46954837 -1.48888883 -1.30773130
v -2.48824173 -1.47318272 -1.30774694
v -2.48110487 -1.46719349 -1.29483389
v -2.48817826 -1.47315506 -1.30772129
v -2.46485035 -1.48080013 -1.29484603
v -2.49168682 -1.44884426 -1.29486366
v -2.49160258 -1.44890004 -1.29488214
v -2.46944371 -1.42797843 -1.28556185
v -2.42516185 -1.37571840 -1.38615317
v -2.39923123 -1.36712591 -1.30769535
v -2.46484115 -1.37525707 -1.29486596
v -2.44666260 -1.35877882 -1.30775323
v -2.46954584 -1.36713123 -1.30777165
v -2.46948027 -1.36712094 -1.30767556
v -2.46953093 -1.36711411 -1.30775282
v -2.46095993 -1.38193415 -1.38619758
v -2.46087781 -1.38199783 -1.38614621
v -2.46487801 -1.37523480 -1.29487719
v -2.48109843 -1.38881143 -1.29481097
v -2.46953211 -1.48885279 -1.30774760
v -2.46092772 -1.47403700 -1.38620677
v -2.44361945 -1.48031953 -1.38609786
v -2.48816734 -1.47318014 -1.30777710
v -2.50046666 -1.45200442 -1.30770522
v -2.49157844 -1.44885414 -1.29484016
v -2.49534921 -1.42795858 -1.29482465
v -2.49536164 -1.42799471 -1.29488011
v -2.48108323 -1.38885923 -1.29484564
v -2.47502672 -1.39381312 -1.38620270
v -2.48108496 -1.38885692 -1.29481988
v -2.49162647 -1.40718215 -1.29487756
v -2.48819436 -1.47321736 -1.30773787
v -2.47505062 -1.46216849 -1.38617469
v -2.46092269 -1.47399095 -1.38620297
v -2.50043364 -1.45200851 -1.30781497
v -2.50463732 -1.42796110 -1.30768528
v -2.50473341 -1.42801278 -1.30775848
v -2.49159643 -1.44882739 -1.29482189
v -2.49531821 -1.42804341 -1.29483928
v -2.49170084 -1.40713679 -1.29484550
v -2.48109162 -1.38881165 -1.29483072
v -2.46953176 -1.36713126 -1.30769796
v -2.48819906 -1.38282387 -1.30774027
v -2.46954661 -1.36710047 -1.30775171
v -2.47505988 -1.39385807 -1.38617728
v -2.48822742 -1.38285077 -1.30771303
v -2.49159889 -1.40714254 -1.29488452
v -2.48431587 -1.44610464 -1.38615806
v -2.50467116 -1.42802314 -1.30772460
v -2.50042436 -1.40392760 -1.30770859
v -2.50040269 -1.40396237 -1.30772435
v -2.49533027 -1.42800630 -1.29481310
v -2.48431663 -1.40984189 -1.38621531
v -2.48750862 -1.42804370 -1.38614511
v -2.50044067 -1.40399087 -1.30780499
v -2.50040954 -1.40397325 -1.30771971
v -2.48823715 -1.38280108 -1.30771860
v -2.48426680 -1.40983959 -1.38613456
v -2.48433744 -1.40982347 -1.38617383
v -2.74128082 -3.05029505 -1.30768376
v -2.74556222 -3.07433352 -1.30774203
v -2.73623476 -3.07435928 -1.29488223
v -2.74133605 -3.05031792 -1.30775480
v -2.72838676 -3.07434371 -1.38617570
v -2.74553737 -3.07431258 -1.30776094
v -2.73255580 -3.09515528 -1.29487532
v -2.73258433 -3.05347172 -1.29482534
v -2.72523846 -3.09247296 -1.38615141
v -2.74134690 -3.05031436 -1.30768716
v -2.74130932 -3.05036186 -1.30777573
v -2.72517366 -3.05616993 -1.38616236
v -2.72525073 -3.05612410 -1.38617055
v -2.72846697 -3.07434214 -1.38608065
v -2.70832670 -3.08634658 -1.28564309
v -2.73626071 -3.07439217 -1.29482401
v -2.73260010 -3.09519748 -1.29484793
v -2.74131029 -3.09831530 -1.30773942
v -2.71042610 -3.07435917 -1.28563048
v -2.73260104 -3.05349407 -1.29484412
v -2.73621225 -3.07431215 -1.29486777
v -2.72914918 -3.02913850 -1.30777857
v -2.74559311 -3.07437524 -1.30772264
v -2.72521794 -3.09253267 -1.38615269
v -2.74133105 -3.09834624 -1.30774577
v -2.72914820 -3.02920957 -1.30772712
v -2.70223990 -3.09697433 -1.28565404
v -2.72201775 -3.11348087 -1.29491254
v -2.70829381 -3.06232770 -1.28559521
v -2.73255888 -3.05351519 -1.29485241
v -2.72199393 -3.03517442 -1.29482697
v -2.71600477 -3.10848168 -1.38614262
v -2.72914618 -3.02914737 -1.30777249
v -2.71604596 -3.04014680 -1.38617823
v -2.72519854 -3.05613694 -1.38615678
v -2.67527217 -3.07437360 -1.28257090
v -2.73261387 -3.09520212 -1.29492652
v -2.72200135 -3.11355670 -1.29482292
v -2.72914527 -3.11951360 -1.30779588
v -2.72200103 -3.03511562 -1.29487210
v -2.71043187 -3.01351003 -1.30774457
v -2.74124465 -3.09835535 -1.30770231
v -2.71600970 -3.10854757 -1.38620913
v -2.72913385 -3.11951894 -1.30769828
v -2.71047024 -3.01347426 -1.30776016
v -2.69283488 -3.10482339 -1.28560086
v -2.70579456 -3.12712927 -1.29482240
v -2.70221786 -3.05173367 -1.28562477
v -2.72206661 -3.03518986 -1.29484406
v -2.70580268 -3.02154084 -1.29490457
v -2.71046105 -3.01344617 -1.30772569
v -2.72201419 -3.03513793 -1.29485542
v -2.70189051 -3.12032134 -1.38615643
v -2.71051292 -3.01350294 -1.30769577
v -2.70187587 -3.02826946 -1.38614568
v -2.71598101 -3.04023651 -1.38618109
v -2.68135553 -3.10889696 -1.28559630
v -2.68141802 -3.10896229 -1.28560977
v -2.72199282 -3.11353163 -1.29487960
v -2.70575274 -3.12708909 -1.29483966
v -2.71045319 -3.13515724 -1.30777473
v -2.69285868 -3.04392409 -1.28561701
v -2.70579665 -3.02152274 -1.29483457
v -2.68750911 -3.00508960 -1.30778313
v -2.72916311 -3.11955453 -1.30769191
v -2.70187773 -3.12034473 -1.38617753
v -2.70184094 -3.12033793 -1.38615336
v -2.71045202 -3.13517181 -1.30772538
v -2.68748457 -3.00517474 -1.30770504
v -2.66916538 -3.10891648 -1.28561002
v -2.68588496 -3.13440025 -1.29486533
v -2.70571138 -3.02155476 -1.29486733
v -2.68139034 -3.03973996 -1.28563234
v -2.68587189 -3.01432374 -1.29484972
v -2.68746800 -3.00512571 -1.30770123
v -2.70575327 -3.02157043 -1.29487325
v -2.68749967 -3.14357192 -1.30772689
v -2.68450497 -3.12665946 -1.38617055
v -2.68449315 -3.12662775 -1.38615075
v -2.68747443 -3.00512849 -1.30769476
v -2.68452114 -3.02208313 -1.38614536
v -2.70186071 -3.02836979 -1.38613440
v -2.70577036 -3.12714140 -1.29491101
v -2.68588661 -3.13436918 -1.29483353
v -2.66470226 -3.13437003 -1.29487352
v -2.65774568 -3.10474727 -1.28565029
v -2.68590078 -3.13436953 -1.29485267
v -2.68586666 -3.13431714 -1.29486067
v -2.71046322 -3.13520775 -1.30780140
v -2.68746769 -3.14353276 -1.30771977
v -2.68588510 -3.01428681 -1.29485817
v -2.68586582 -3.01432913 -1.29481644
v -2.66922979 -3.03971630 -1.28559417
v -2.66917279 -3.03974398 -1.28562195
v -2.66310837 -3.00514146 -1.30774397
v -2.66473669 -3.01431998 -1.29490460
v -2.66472049 -3.01431660 -1.29479530
v -2.66304759 -3.14350712 -1.30771806
v -2.66608728 -3.12670203 -1.38617691
v -2.66609819 -3.02203660 -1.38614140
v -2.66609360 -3.02203819 -1.38621448
v -2.66305355 -3.00510554 -1.30774140
v -2.66469692 -3.13437236 -1.29483012
v -2.66308354 -3.14355493 -1.30775763
v -2.64844692 -3.09693539 -1.28556879
v -2.66476037 -3.01429813 -1.29483839
v -2.65775431 -3.04395796 -1.28561932
v -2.64019546 -3.01346819 -1.30772572
v -2.64873118 -3.12033684 -1.38619089
v -2.64017707 -3.01345239 -1.30774936
v -2.64482884 -3.12716441 -1.29485700
v -2.66469558 -3.13438316 -1.29480960
v -2.64480786 -3.12712327 -1.29482427
v -2.64227166 -3.08632149 -1.28563030
v -2.64484666 -3.02155078 -1.29487263
v -2.64476998 -3.02160550 -1.29484575
v -2.64845291 -3.05178278 -1.28556469
v -2.66471280 -3.01430803 -1.29483796
v -2.64484022 -3.02153442 -1.29483410
v -2.64017793 -3.01349485 -1.30773397
v -2.64015065 -3.13520098 -1.30774243
v -2.64021640 -3.01345924 -1.30775811
v -2.64869642 -3.02831127 -1.38613071
v -2.66607409 -3.02204105 -1.38609977
v -2.64479081 -3.12712495 -1.29487059
v -2.66312351 -3.14349763 -1.30774660
v -2.64016839 -3.13517177 -1.30773089
v -2.62859030 -3.11350680 -1.29483050
v -2.64479679 -3.12712803 -1.29484133
v -2.64018771 -3.07433059 -1.28556289
v -2.62859470 -3.03516756 -1.29485299
v -2.62863639 -3.03516483 -1.29481433
v -2.64226191 -3.06237238 -1.28558089
v -2.62147058 -3.02921802 -1.30772775
v -2.63457619 -3.10848455 -1.38620335
v -2.62149075 -3.02915701 -1.30778608
v -2.62856297 -3.11349304 -1.29486493
v -2.61797631 -3.09514978 -1.29486234
v -2.62863262 -3.11348078 -1.29477303
v -2.64481934 -3.02156165 -1.29488342
v -2.62858328 -3.03519373 -1.29483334
v -2.62146202 -3.02916235 -1.30774741
v -2.61795503 -3.05349013 -1.29479853
v -2.61799717 -3.05345287 -1.29486459
v -2.62146200 -3.11952577 -1.30774572
v -2.64021282 -3.13519308 -1.30767590
v -2.63453507 -3.10850704 -1.38611114
v -2.62147143 -3.02919246 -1.30774160
v -2.63457248 -3.04016644 -1.38616133
v -2.64872206 -3.02830822 -1.38616337
v -2.62150593 -3.11953111 -1.30773975
v -2.61802782 -3.09517150 -1.29484715
v -2.61437126 -3.07430146 -1.29486242
v -2.61800786 -3.09518776 -1.29487270
v -2.60925878 -3.05030049 -1.30771900
v -2.62855081 -3.03515527 -1.29485729
v -2.61809746 -3.05347696 -1.29487045
v -2.60929622 -3.05032389 -1.30772697
v -2.61436075 -3.07434592 -1.29486040
v -2.62537920 -3.09251676 -1.38618801
v -2.60930569 -3.05028049 -1.30772615
v -2.61801619 -3.09520363 -1.29480214
v -2.62148867 -3.11950829 -1.30777470
v -2.60924384 -3.09835458 -1.30776540
v -2.61435063 -3.07436821 -1.29486074
v -2.60505886 -3.07433321 -1.30771097
v -2.62539717 -3.09251883 -1.38615836
v -2.60932615 -3.09837107 -1.30775380
v -2.62147623 -3.11960622 -1.30777112
v -2.63459705 -3.04016681 -1.38620558
v -2.60931358 -3.05031695 -1.30775526
v -2.62537177 -3.05619096 -1.38616589
v -2.60505187 -3.07433755 -1.30771467
v -2.62220244 -3.07435338 -1.38612748
v -2.43441710 -3.07436999 -1.28258007
v -2.45197570 -3.10476754 -1.28561596
v -2.44043375 -3.10896076 -1.28562986
v -2.44049987 -3.10890371 -1.28561564
v -2.46486185 -3.12712085 -1.29486473
v -2.42829073 -3.10897108 -1.28567551
v -2.46129526 -3.09690115 -1.28560427
v -2.48111724 -3.11351226 -1.29481539
v -2.46489481 -3.12712448 -1.29484961
v -2.44491873 -3.13438862 -1.29481851
v -2.42381503 -3.13434956 -1.29482173
v -2.41674547 -3.10471301 -1.28563022
v -2.48104511 -3.11354732 -1.29486690
v -2.46737764 -3.08639275 -1.28560017
v -2.48107229 -3.11347843 -1.29485660
v -2.48817464 -3.11952619 -1.30771605
v -2.46483664 -3.12707232 -1.29485451
v -2.46949304 -3.13519927 -1.30774530
v -2.44496797 -3.13434078 -1.29487883
v -2.42383627 -3.13437421 -1.29486739
v -2.44653337 -3.14353498 -1.30767671
v -2.42222560 -3.14356308 -1.30770116
v -2.44496204 -3.13438896 -1.29483631
v -2.44496401 -3.13438975 -1.29482934
v -2.40747155 -3.09692167 -1.28556895
v -2.49160234 -3.09515993 -1.29479420
v -2.49164864 -3.09521115 -1.29479925
v -2.46949835 -3.07434628 -1.28566324
v -2.50038692 -3.09835018 -1.30776093
v -2.46949783 -3.13516982 -1.30777853
v -2.42216337 -3.14353604 -1.30776620
v -2.44361745 -3.12666526 -1.38618730
v -2.44361604 -3.12670781 -1.38617253
v -2.42508713 -3.12664352 -1.38618739
v -2.42512544 -3.12663455 -1.38615304
v -2.44656781 -3.14357115 -1.30771092
v -2.40395242 -3.12712082 -1.29489749
v -2.40391114 -3.12717510 -1.29484616
v -2.42371903 -3.13442048 -1.29484850
v -2.40135399 -3.08635598 -1.28558453
v -2.49167837 -3.09513837 -1.29483709
v -2.50039760 -3.09837678 -1.30771625
v -2.48112562 -3.11347710 -1.29486896
v -2.49532906 -3.07431794 -1.29483084
v -2.49531414 -3.07432608 -1.29488987
v -2.46735424 -3.06231340 -1.28559355
v -2.50045727 -3.09837552 -1.30772603
v -2.47504839 -3.10849824 -1.38613498
v -2.48824063 -3.11956489 -1.30779531
v -2.48820316 -3.11951234 -1.30773445
v -2.46092122 -3.12041244 -1.38615363
v -2.46951823 -3.13514647 -1.30777595
v -2.46954098 -3.13518641 -1.30779358
v -2.40783771 -3.12031329 -1.38615469
v -2.39924746 -3.13514518 -1.30772831
v -2.40391064 -3.12714104 -1.29481415
v -2.42223311 -3.14350630 -1.30771258
v -2.39923463 -3.13513826 -1.30773218
v -2.38768769 -3.11352789 -1.29486501
v -2.40390072 -3.12710810 -1.29484219
v -2.39922725 -3.07430177 -1.28560858
v -2.50465462 -3.07438282 -1.30771565
v -2.50467329 -3.07429221 -1.30772244
v -2.49162476 -3.09523639 -1.29489468
v -2.49534250 -3.07435752 -1.29486688
v -2.49164878 -3.05351700 -1.29482656
v -2.49162621 -3.05344698 -1.29488062
v -2.46122080 -3.05176760 -1.28559635
v -2.46086915 -3.12032238 -1.38621173
v -2.48428926 -3.09246343 -1.38615462
v -2.47504194 -3.10853109 -1.38616829
v -2.50043163 -3.09841310 -1.30776332
v -2.44361874 -3.12667761 -1.38618943
v -2.39370411 -3.10846355 -1.38612550
v -2.38762827 -3.11352546 -1.29484136
v -2.37710346 -3.09520072 -1.29487442
v -2.38767144 -3.11347562 -1.29479263
v -2.40139215 -3.06228177 -1.28561686
v -2.50469542 -3.07431300 -1.30774184
v -2.50037061 -3.05035964 -1.30770690
v -2.50044517 -3.05032869 -1.30779943
v -2.49532201 -3.07435016 -1.29481562
v -2.49163023 -3.05352048 -1.29488142
v -2.48111869 -3.03519562 -1.29483720
v -2.48111812 -3.03517504 -1.29485150
v -2.45195861 -3.04391062 -1.28558177
v -2.38052068 -3.11951939 -1.30774055
v -2.39927860 -3.13520517 -1.30772775
v -2.39369423 -3.10849084 -1.38612715
v -2.38765738 -3.11356663 -1.29487130
v -2.39923953 -3.13516598 -1.30775136
v -2.38048481 -3.11947001 -1.30776567
v -2.37713214 -3.09520689 -1.29489914
v -2.37341862 -3.07429847 -1.29483947
v -2.37707212 -3.09520220 -1.29487538
v -2.40747536 -3.05177778 -1.28554542
v -2.48751060 -3.07430944 -1.38615809
v -2.50043365 -3.05027838 -1.30772365
v -2.50040655 -3.05030806 -1.30773222
v -2.48819421 -3.02911975 -1.30774810
v -2.48109937 -3.03519041 -1.29485499
v -2.46485544 -3.02149967 -1.29488307
v -2.46492559 -3.02156708 -1.29485927
v -2.44051643 -3.03967110 -1.28568441
v -2.38450251 -3.09252314 -1.38615445
v -2.37708438 -3.09518318 -1.29483470
v -2.38054403 -3.11953603 -1.30774005
v -2.36835934 -3.09844041 -1.30776496
v -2.37342262 -3.07433948 -1.29485151
v -2.37340745 -3.07429353 -1.29484370
v -2.37709944 -3.05345081 -1.29481822
v -2.41681842 -3.04390133 -1.28562472
v -2.48431269 -3.05612459 -1.38616369
v -2.48432408 -3.05620663 -1.38615612
v -2.48821304 -3.02914573 -1.30771889
v -2.46948701 -3.01345060 -1.30774426
v -2.46482625 -3.02159935 -1.29481836
v -2.46954017 -3.01353527 -1.30774651
v -2.48109466 -3.03513123 -1.29487389
v -2.44497853 -3.01430781 -1.29483777
v -2.44496788 -3.01430791 -1.29488599
v -2.42828494 -3.03973752 -1.28567374
v -2.42827489 -3.03974212 -1.28563026
v -2.36827357 -3.09836117 -1.30775297
v -2.36413636 -3.07433120 -1.30771547
v -2.37710325 -3.05347623 -1.29487897
v -2.37711310 -3.05346272 -1.29484823
v -2.38768035 -3.03516564 -1.29481410
v -2.48822923 -3.02919275 -1.30777805
v -2.47505249 -3.04019250 -1.38614314
v -2.48432759 -3.05621387 -1.38616613
v -2.46953503 -3.01350332 -1.30770977
v -2.44658611 -3.00514694 -1.30774128
v -2.44497824 -3.01435095 -1.29483576
v -2.44656605 -3.00512220 -1.30777042
v -2.46486939 -3.02155430 -1.29485338
v -2.42383963 -3.01429820 -1.29485733
v -2.38127501 -3.07439198 -1.38620245
v -2.36414126 -3.07433218 -1.30771798
v -2.36837256 -3.05028846 -1.30771734
v -2.38771962 -3.03517962 -1.29479806
v -2.38770472 -3.03514033 -1.29486178
v -2.40392698 -3.02159421 -1.29485809
v -2.46954330 -3.01351217 -1.30772621
v -2.46094124 -3.02826438 -1.38617497
v -2.47503778 -3.04017801 -1.38620948
v -2.44666382 -3.00518207 -1.30774597
v -2.42215419 -3.00515237 -1.30773577
v -2.42379652 -3.01423542 -1.29486748
v -2.42381635 -3.01431328 -1.29484790
v -2.40398493 -3.02155219 -1.29486904
v -2.36833208 -3.05033599 -1.30771705
v -2.38050423 -3.02915388 -1.30771505
v -2.38772339 -3.03518255 -1.29486934
v -2.36830748 -3.05028054 -1.30771413
v -2.40391365 -3.02154336 -1.29482786
v -2.44661913 -3.00514399 -1.30772880
v -2.44356084 -3.02199767 -1.38616828
v -2.46093959 -3.02832232 -1.38624601
v -2.39921525 -3.01347050 -1.30776469
v -2.42512947 -3.02201390 -1.38619701
v -2.42509974 -3.02201067 -1.38619733
v -2.42212262 -3.00513497 -1.30775949
v -2.42377976 -3.01428588 -1.29484254
v -2.40400209 -3.02155309 -1.29485372
v -2.39923891 -3.01346657 -1.30773298
v -2.38447719 -3.05621059 -1.38614790
v -2.38054187 -3.02916498 -1.30770678
v -2.36830317 -3.05030214 -1.30776595
v -2.39370850 -3.04022598 -1.38618332
v -2.38048351 -3.02917237 -1.30774105
v -2.39923388 -3.01346791 -1.30770590
v -2.39369009 -3.04016542 -1.38607805
v -2.40788730 -3.02833520 -1.38616945
v -2.39923485 -3.01347885 -1.30775905
v -2.38044419 -3.02917831 -1.30773367
v -2.40782131 -3.02831106 -1.38615208
v -2.42513025 -3.02197499 -1.38617138
v -2.94310327 -1.40545495 -1.28557231
v -2.96292147 -1.38880191 -1.29484724
v -2.94924523 -1.41604706 -1.28561793
v -2.91624991 -1.42802167 -1.28252082
v -2.94672698 -1.37519707 -1.29486830
v -2.96292379 -1.38881604 -1.29485588
v -2.97356008 -1.40711621 -1.29486204
v -2.95139525 -1.42796107 -1.28562596
v -2.93382688 -1.39756585 -1.28564285
v -2.94673541 -1.37526435 -1.29490592
v -2.95136022 -1.36714763 -1.30770377
v -2.96288510 -1.38881065 -1.29483944
v -2.94675049 -1.37522564 -1.29484845
v -2.97003277 -1.38281294 -1.30774471
v -2.97353321 -1.40717719 -1.29489188
v -2.96296310 -1.38882041 -1.29484491
v -2.94924215 -1.44000725 -1.28554962
v -2.92233999 -1.39340634 -1.28560484
v -2.92850769 -1.35877854 -1.30773325
v -2.95135284 -1.36716717 -1.30776309
v -2.92687409 -1.36797136 -1.29476952
v -2.97004821 -1.38277178 -1.30776299
v -2.98226375 -1.40393506 -1.30770512
v -2.97357857 -1.40716749 -1.29482311
v -2.97348049 -1.40717345 -1.29487442
v -2.97722636 -1.42800422 -1.29487285
v -2.94308337 -1.45054205 -1.28559619
v -2.92679486 -1.36795099 -1.29484980
v -2.91011818 -1.39337626 -1.28560092
v -2.91015724 -1.39340394 -1.28559548
v -2.95132120 -1.36715963 -1.30774441
v -2.95132543 -1.36715598 -1.30771266
v -2.92548613 -1.37568655 -1.38617398
v -2.92541509 -1.37567401 -1.38620307
v -2.94281680 -1.38193100 -1.38615153
v -2.94279381 -1.38196346 -1.38618656
v -2.92843870 -1.35881278 -1.30773612
v -2.92848384 -1.35878345 -1.30770960
v -2.92683870 -1.36795558 -1.29487316
v -2.92845710 -1.35878885 -1.30771583
v -2.94671433 -1.37522686 -1.29488428
v -2.95136382 -1.36717496 -1.30771674
v -2.95700202 -1.39384287 -1.38617419
v -2.97006940 -1.38283132 -1.30772158
v -2.97005213 -1.38286914 -1.30770956
v -2.96619407 -1.40983330 -1.38615044
v -2.96616803 -1.40985284 -1.38618834
v -2.98228193 -1.40392261 -1.30777833
v -2.98223788 -1.40400287 -1.30775505
v -2.97717100 -1.42802216 -1.29485412
v -2.97719370 -1.42802714 -1.29480408
v -2.97353284 -1.44880233 -1.29491244
v -2.93377014 -1.45842904 -1.28560557
v -2.90561975 -1.36794638 -1.29481548
v -2.89866031 -1.39757771 -1.28561448
v -2.95696559 -1.39388299 -1.38613800
v -2.90696672 -1.37566717 -1.38617878
v -2.90701254 -1.37568829 -1.38617346
v -2.90402573 -1.35877604 -1.30778504
v -2.90403806 -1.35879012 -1.30773106
v -2.90568222 -1.36796566 -1.29486065
v -2.90563724 -1.36796223 -1.29483136
v -2.96612182 -1.40981270 -1.38615052
v -2.96932606 -1.42802337 -1.38618153
v -2.98651695 -1.42800886 -1.30769354
v -2.97352641 -1.44888174 -1.29489894
v -2.97345133 -1.44884692 -1.29482253
v -2.96291784 -1.46712961 -1.29485294
v -2.92241462 -1.46263769 -1.28560782
v -2.92236293 -1.46258380 -1.28561559
v -2.88571478 -1.37523058 -1.29483955
v -2.88581243 -1.37518373 -1.29489688
v -2.88931085 -1.40541739 -1.28563864
v -2.88111163 -1.36712961 -1.30775918
v -2.88107003 -1.36715534 -1.30773183
v -2.98653388 -1.42797671 -1.30775238
v -2.98230311 -1.45202341 -1.30771095
v -2.96295646 -1.46718369 -1.29486171
v -2.96290921 -1.46719989 -1.29487509
v -2.94673660 -1.48076432 -1.29485667
v -2.91011396 -1.46260784 -1.28560144
v -2.90567791 -1.36797601 -1.29489589
v -2.88576549 -1.37524165 -1.29485036
v -2.88108247 -1.36712543 -1.30774264
v -2.86956152 -1.38875471 -1.29481330
v -2.86953733 -1.38884793 -1.29483725
v -2.88323638 -1.41595289 -1.28561009
v -2.88109012 -1.36709187 -1.30770264
v -2.88965176 -1.38199440 -1.38620143
v -2.90696207 -1.37567791 -1.38616834
v -2.96622330 -1.44620006 -1.38622445
v -2.98226613 -1.45203497 -1.30779250
v -2.98226976 -1.45205731 -1.30781004
v -2.97004613 -1.47311359 -1.30775856
v -2.96291908 -1.46718160 -1.29486312
v -2.94665497 -1.48082143 -1.29483229
v -2.94675367 -1.48081923 -1.29483077
v -2.92686212 -1.48802798 -1.29486697
v -2.90564559 -1.48804836 -1.29483752
v -2.89871074 -1.45842949 -1.28561205
v -2.86245691 -1.38287000 -1.30775783
v -2.86961671 -1.38875205 -1.29482499
v -2.85894523 -1.40710031 -1.29491504
v -2.85893736 -1.40719487 -1.29484173
v -2.88108823 -1.42804642 -1.28558254
v -2.86239178 -1.38282269 -1.30773473
v -2.95694596 -1.46218793 -1.38616866
v -2.98224769 -1.45202288 -1.30769495
v -2.95694510 -1.46217556 -1.38615518
v -2.97004229 -1.47318198 -1.30772257
v -2.94669275 -1.48080435 -1.29482815
v -2.97003184 -1.47320262 -1.30774065
v -2.95133759 -1.48885074 -1.30771728
v -2.92684641 -1.48806337 -1.29484769
v -2.90570859 -1.48801958 -1.29480839
v -2.92843856 -1.49721650 -1.30775751
v -2.90404154 -1.49714514 -1.30771716
v -2.92683675 -1.48803778 -1.29484550
v -2.92678021 -1.48805657 -1.29487125
v -2.88932927 -1.45058438 -1.28559212
v -2.85016132 -1.40394454 -1.30778715
v -2.86958816 -1.38882555 -1.29484977
v -2.85894649 -1.40716861 -1.29485861
v -2.85025054 -1.40399387 -1.30774198
v -2.85526692 -1.42803675 -1.29482045
v -2.85530286 -1.42802460 -1.29483063
v -2.88321884 -1.44001029 -1.28560714
v -2.86242939 -1.38283594 -1.30772466
v -2.87555849 -1.39381278 -1.38614119
v -2.88964493 -1.38197613 -1.38616069
v -2.94274485 -1.47398278 -1.38615946
v -2.97004961 -1.47312289 -1.30769275
v -2.94273880 -1.47401225 -1.38612457
v -2.95136668 -1.48882775 -1.30772221
v -2.95136082 -1.48883387 -1.30771670
v -2.88577595 -1.48078320 -1.29487834
v -2.90557858 -1.48804949 -1.29483769
v -2.88576528 -1.48075758 -1.29486555
v -2.90401158 -1.49716477 -1.30772994
v -2.92546587 -1.48030060 -1.38620013
v -2.92545177 -1.48028069 -1.38616090
v -2.90705410 -1.48033925 -1.38616821
v -2.92846149 -1.49725936 -1.30777535
v -2.85019446 -1.40396314 -1.30781565
v -2.84594091 -1.42800623 -1.30774310
v -2.85533281 -1.42798612 -1.29487218
v -2.85896697 -1.44887981 -1.29491403
v -2.85891977 -1.44887806 -1.29487405
v -2.92545845 -1.48029833 -1.38618381
v -2.95134573 -1.48880114 -1.30772833
v -2.88578793 -1.48075439 -1.29487649
v -2.90405289 -1.49718874 -1.30772755
v -2.88113125 -1.48879481 -1.30772214
v -2.88962754 -1.47400737 -1.38612420
v -2.86956498 -1.46718225 -1.29485246
v -2.88574726 -1.48082690 -1.29482627
v -2.87554466 -1.39386613 -1.38615871
v -2.85027368 -1.40394736 -1.30776398
v -2.86630897 -1.40981161 -1.38607677
v -2.85029393 -1.40399063 -1.30768369
v -2.84599736 -1.42800523 -1.30774739
v -2.86311144 -1.42794313 -1.38616706
v -2.85022988 -1.45199198 -1.30775368
v -2.85896099 -1.44885216 -1.29479859
v -2.86956109 -1.46721884 -1.29483247
v -2.88111549 -1.48887345 -1.30773132
v -2.90405043 -1.49724062 -1.30774058
v -2.88969825 -1.47400382 -1.38620085
v -2.86955898 -1.46712923 -1.29487621
v -2.86309272 -1.42796920 -1.38613528
v -2.85019852 -1.45203278 -1.30770619
v -2.86243595 -1.47310924 -1.30773379
v -2.85900256 -1.44877569 -1.29486455
v -2.86241156 -1.47314192 -1.30771005
v -2.87555594 -1.46216473 -1.38616457
v -2.86300743 -1.42798603 -1.38616823
v -2.85021021 -1.45200400 -1.30768845
v -2.86632426 -1.44618621 -1.38618412
v -2.86244110 -1.47314286 -1.30772553
v -2.86240380 -1.47311809 -1.30774627
v -2.88105481 -1.48884026 -1.30775285
v -2.87554864 -1.46215858 -1.38616428
v -2.86629349 -1.44613891 -1.38615788
v -2.88928354 -3.05174796 -1.28559186
v -2.89868762 -3.04385505 -1.28555493
v -2.91625681 -3.07431363 -1.28252618
v -2.86955486 -3.03513618 -1.29484640
v -2.91013456 -3.03974314 -1.28560463
v -2.91017805 -3.03975569 -1.28560429
v -2.88318515 -3.06227655 -1.28559159
v -2.85899164 -3.05351343 -1.29483926
v -2.86956255 -3.03518912 -1.29486044
v -2.88576946 -3.02153970 -1.29487820
v -2.92235026 -3.03971837 -1.28558208
v -2.85892485 -3.05347728 -1.29484836
v -2.88102481 -3.07434006 -1.28555457
v -2.86956331 -3.03512413 -1.29489334
v -2.85893588 -3.05351112 -1.29486068
v -2.85022474 -3.05032507 -1.30781957
v -2.88571266 -3.02156257 -1.29489135
v -2.86951349 -3.03510954 -1.29485350
v -2.86243032 -3.02920494 -1.30772876
v -2.88579806 -3.02149631 -1.29485624
v -2.90563651 -3.01433670 -1.29486855
v -2.92682243 -3.01434255 -1.29482721
v -2.93382441 -3.04390380 -1.28562832
v -2.85526933 -3.07438031 -1.29485363
v -2.85529871 -3.07439351 -1.29487443
v -2.88320687 -3.08638892 -1.28561015
v -2.84604750 -3.07433694 -1.30776761
v -2.85025122 -3.05033065 -1.30775184
v -2.88110253 -3.01347561 -1.30771464
v -2.90563916 -3.01431850 -1.29481657
v -2.92686093 -3.01432393 -1.29493764
v -2.90404123 -3.00514859 -1.30770757
v -2.92846352 -3.00515131 -1.30767415
v -2.90563983 -3.01433421 -1.29489693
v -2.90569050 -3.01427930 -1.29485125
v -2.94311749 -3.05174625 -1.28562124
v -2.85531237 -3.07431629 -1.29485973
v -2.85896787 -3.09519284 -1.29484970
v -2.85891910 -3.09517406 -1.29482555
v -2.88934434 -3.09695389 -1.28556608
v -2.85020419 -3.05029894 -1.30774589
v -2.84592410 -3.07432809 -1.30775136
v -2.86310464 -3.07434671 -1.38614184
v -2.86240585 -3.02915362 -1.30768525
v -2.85020388 -3.05030499 -1.30771993
v -2.87551715 -3.04023623 -1.38619660
v -2.88106418 -3.01345933 -1.30774715
v -2.86243687 -3.02920721 -1.30773579
v -2.88965598 -3.02830707 -1.38617858
v -2.88110272 -3.01345597 -1.30774337
v -2.92844641 -3.00518041 -1.30775382
v -2.90695191 -3.02197719 -1.38617458
v -2.90697611 -3.02201369 -1.38610749
v -2.92553000 -3.02201786 -1.38626149
v -2.90401900 -3.00508843 -1.30774324
v -2.94671190 -3.02153677 -1.29481706
v -2.92689482 -3.01432147 -1.29484251
v -2.94672734 -3.02157050 -1.29487746
v -2.94924416 -3.06231585 -1.28556849
v -2.85021438 -3.09840075 -1.30773644
v -2.85892697 -3.09520020 -1.29485403
v -2.86952606 -3.11352113 -1.29485588
v -2.86954760 -3.11348875 -1.29490771
v -2.89867704 -3.10477548 -1.28560447
v -2.85018855 -3.09835885 -1.30767554
v -2.85020256 -3.05036383 -1.30775764
v -2.86308235 -3.07433587 -1.38613113
v -2.86637395 -3.05615621 -1.38616364
v -2.88965935 -3.02833191 -1.38617482
v -2.87557595 -3.04013668 -1.38619528
v -2.90696105 -3.02202182 -1.38617212
v -2.88103257 -3.01349012 -1.30770716
v -2.94278408 -3.02830953 -1.38617865
v -2.94674561 -3.02157217 -1.29482848
v -2.92843647 -3.00512369 -1.30774584
v -2.95135334 -3.01345875 -1.30773471
v -2.94671030 -3.02159173 -1.29486937
v -2.96295666 -3.03518271 -1.29484439
v -2.95130777 -3.07429990 -1.28558630
v -2.86245249 -3.11951016 -1.30769301
v -2.85898869 -3.09520748 -1.29492698
v -2.86959268 -3.11344745 -1.29479545
v -2.86240114 -3.11951573 -1.30775590
v -2.88574457 -3.12713075 -1.29479419
v -2.88574052 -3.12709534 -1.29484644
v -2.91015688 -3.10890155 -1.28561315
v -2.86313108 -3.07430273 -1.38614330
v -2.85021695 -3.09836040 -1.30766579
v -2.86638820 -3.09250965 -1.38615439
v -2.92845753 -3.00515724 -1.30769608
v -2.94271410 -3.02829745 -1.38612927
v -2.95137960 -3.01349174 -1.30772926
v -2.96291231 -3.03516472 -1.29481218
v -2.96292586 -3.03513102 -1.29480523
v -2.97350949 -3.05351754 -1.29488660
v -2.94925300 -3.08635978 -1.28560326
v -2.86243650 -3.11951909 -1.30773707
v -2.88107011 -3.13520910 -1.30770739
v -2.86961401 -3.11349349 -1.29484907
v -2.88575176 -3.12707411 -1.29482500
v -2.88108008 -3.13520840 -1.30772072
v -2.90565807 -3.13438182 -1.29481789
v -2.90564374 -3.13435748 -1.29485083
v -2.92237010 -3.10899502 -1.28558741
v -2.92232647 -3.10892988 -1.28563276
v -2.95696413 -3.04019026 -1.38620878
v -2.96294119 -3.03515167 -1.29485193
v -2.95139384 -3.01349394 -1.30776020
v -2.97009731 -3.02920846 -1.30774244
v -2.97354939 -3.05343400 -1.29484823
v -2.97351966 -3.05349371 -1.29487041
v -2.97716195 -3.07432358 -1.29483416
v -2.94312025 -3.09697722 -1.28558550
v -2.86632727 -3.09250689 -1.38613925
v -2.86243249 -3.11956387 -1.30772678
v -2.87547514 -3.10854012 -1.38615771
v -2.88109690 -3.13516095 -1.30774002
v -2.90407786 -3.14360092 -1.30769853
v -2.88576965 -3.12714705 -1.29485685
v -2.90565190 -3.13439270 -1.29485802
v -2.90401970 -3.14357858 -1.30770906
v -2.92685170 -3.13436238 -1.29480894
v -2.93383057 -3.10476441 -1.28558919
v -2.95133323 -3.01350786 -1.30769848
v -2.95700647 -3.04018186 -1.38619830
v -2.97006578 -3.02914687 -1.30774768
v -2.97003176 -3.02916396 -1.30772161
v -2.98225310 -3.05036867 -1.30769333
v -2.97357172 -3.05348608 -1.29484219
v -2.97723284 -3.07434588 -1.29486804
v -2.97721016 -3.07432986 -1.29484497
v -2.97352548 -3.09517860 -1.29489065
v -2.88107450 -3.13523063 -1.30775231
v -2.88968143 -3.12039369 -1.38615084
v -2.87548915 -3.10851272 -1.38614737
v -2.90406298 -3.14352656 -1.30769263
v -2.90696797 -3.12668402 -1.38616437
v -2.90700011 -3.12666132 -1.38611258
v -2.92846573 -3.14356473 -1.30772057
v -2.92685808 -3.13440090 -1.29491113
v -2.92687134 -3.13438804 -1.29487099
v -2.94670322 -3.12712043 -1.29480881
v -2.94670113 -3.12713409 -1.29484847
v -2.96610065 -3.05616256 -1.38614374
v -2.97002014 -3.02918438 -1.30771667
v -2.96615078 -3.05617755 -1.38612460
v -2.96618906 -3.05617609 -1.38617640
v -2.98230613 -3.05027614 -1.30774636
v -2.98230365 -3.05032557 -1.30776236
v -2.98647572 -3.07432038 -1.30770521
v -2.97352178 -3.09517148 -1.29487793
v -2.97350808 -3.09519498 -1.29483736
v -2.96294083 -3.11353414 -1.29480740
v -2.92546759 -3.12659134 -1.38616242
v -2.92545325 -3.12663572 -1.38614681
v -2.92842954 -3.14354063 -1.30772431
v -2.95138039 -3.13523044 -1.30768860
v -2.94669913 -3.12712261 -1.29489409
v -2.95132202 -3.13519588 -1.30777737
v -2.92684275 -3.13434659 -1.29484407
v -2.96290264 -3.11360041 -1.29481865
v -2.96936828 -3.07432764 -1.38617632
v -2.98649960 -3.07431728 -1.30770825
v -2.98226204 -3.09835267 -1.30772544
v -2.96295526 -3.11350412 -1.29481738
v -2.95141925 -3.13515311 -1.30774375
v -2.97003205 -3.11953257 -1.30778136
v -2.96298171 -3.11352195 -1.29489212
v -2.96614125 -3.09255110 -1.38622055
v -2.98224318 -3.09838145 -1.30776947
v -2.98228858 -3.09838094 -1.30774340
v -2.95137236 -3.13527151 -1.30776677
v -2.94282189 -3.12036126 -1.38615821
v -2.92545950 -3.12666229 -1.38617414
v -2.97011777 -3.11950644 -1.30772046
v -2.95693242 -3.10849783 -1.38619415
v -2.98227895 -3.09838342 -1.30776607
v -2.95690790 -3.10849249 -1.38612091
v -2.97003322 -3.11952028 -1.30774858
v -2.94277761 -3.12036798 -1.38619422
v -3.08170538 -2.07541569 -1.20530273
v -3.09053981 -2.40972271 -1.20523136
v -3.09053827 -2.09266382 -1.20525907
v -3.08168904 -2.42695558 -1.20527999
v -3.06419362 -2.07046380 -1.20523373
v -3.06416370 -2.43185904 -1.20527158
v -2.28636200 -2.07047026 -1.20529602
v -2.28643709 -2.43188657 -1.20525899
v -2.26896733 -2.07543554 -1.20530004
v -2.26897144 -2.42691441 -1.20531905
v -2.26012420 -2.09259534 -1.20523461
v -2.26006289 -2.40974081 -1.20527026
v -2.68138511 -3.59078921 -1.28557718
v -2.68138753 -3.59077104 -1.28557238
v -2.69290386 -3.58660355 -1.28563576
v -2.70575642 -3.60893775 -1.29485397
v -2.67534126 -3.55621985 -1.28253450
v -2.72200786 -3.59534751 -1.29486007
v -2.70571597 -3.60897585 -1.29488355
v -2.68582207 -3.61622924 -1.29480861
v -2.66915417 -3.59079192 -1.28558205
v -2.70220059 -3.57873961 -1.28560961
v -2.72202071 -3.59536008 -1.29483455
v -2.72921122 -3.60134674 -1.30777978
v -2.70577918 -3.60899241 -1.29485959
v -2.72199057 -3.59542042 -1.29482200
v -2.70575284 -3.60895694 -1.29481487
v -2.71042010 -3.61704047 -1.30773446
v -2.68590237 -3.61620878 -1.29486005
v -2.66475934 -3.61620754 -1.29488113
v -2.65769400 -3.58656000 -1.28558019
v -2.70835737 -3.56822477 -1.28563120
v -2.74134230 -3.58026138 -1.30774363
v -2.72915470 -3.60137964 -1.30773126
v -2.73260979 -3.57701406 -1.29482124
v -2.68590385 -3.61620833 -1.29487019
v -2.68591020 -3.61622225 -1.29482444
v -2.71046350 -3.61703837 -1.30773186
v -2.68754085 -3.62547552 -1.30778135
v -2.66472696 -3.61624391 -1.29487909
v -2.66314549 -3.62538730 -1.30771018
v -2.64837139 -3.57876345 -1.28562409
v -2.73256552 -3.57709978 -1.29482630
v -2.71043144 -3.55620533 -1.28559378
v -2.74131186 -3.58023159 -1.30768839
v -2.71600420 -3.59038838 -1.38620166
v -2.72912542 -3.60142349 -1.30773461
v -2.73262545 -3.57703008 -1.29485537
v -2.72912881 -3.60142026 -1.30778327
v -2.70188111 -3.60222077 -1.38613284
v -2.70187588 -3.60220338 -1.38617632
v -2.71041808 -3.61711018 -1.30774578
v -2.68754211 -3.62544107 -1.30768604
v -2.68451154 -3.60847501 -1.38619157
v -2.68453398 -3.60848961 -1.38616649
v -2.64480741 -3.60894279 -1.29483023
v -2.66467237 -3.61618899 -1.29485909
v -2.64480938 -3.60900892 -1.29489789
v -2.66306218 -3.62541938 -1.30773132
v -2.66610653 -3.60850235 -1.38612952
v -2.64227109 -3.56823151 -1.28558719
v -2.73624928 -3.55616588 -1.29488003
v -2.73621611 -3.55616876 -1.29487324
v -2.70829374 -3.54418366 -1.28563955
v -2.70187318 -3.60219714 -1.38614501
v -2.72522133 -3.57433752 -1.38615538
v -2.71602906 -3.59035885 -1.38612551
v -2.74137269 -3.58019923 -1.30775962
v -2.74554897 -3.55619360 -1.30771499
v -2.64480654 -3.60902842 -1.29490229
v -2.66310561 -3.62542655 -1.30777049
v -2.64015532 -3.61706240 -1.30776010
v -2.64873853 -3.60223665 -1.38618354
v -2.62863165 -3.59534540 -1.29481285
v -2.64482448 -3.60894102 -1.29483216
v -2.64018328 -3.55618123 -1.28560638
v -2.73619387 -3.55615146 -1.29486286
v -2.73260933 -3.53538004 -1.29484794
v -2.73256516 -3.53534408 -1.29487673
v -2.70222252 -3.53359827 -1.28566090
v -2.74560441 -3.55621159 -1.30775518
v -2.64018450 -3.61706860 -1.30774004
v -2.62868642 -3.59539036 -1.29487640
v -2.61796717 -3.57709292 -1.29488998
v -2.62863256 -3.59535920 -1.29489298
v -2.64230371 -3.54414178 -1.28559550
v -2.74136115 -3.53216676 -1.30774396
v -2.73259116 -3.53537670 -1.29483279
v -2.72198374 -3.51697948 -1.29482665
v -2.72201280 -3.51702479 -1.29480068
v -2.69291723 -3.52571056 -1.28555615
v -2.72844914 -3.55616348 -1.38607910
v -2.72524131 -3.57433660 -1.38614964
v -2.74558805 -3.55615024 -1.30771803
v -2.63460226 -3.59031688 -1.38618046
v -2.62860631 -3.59538456 -1.29479954
v -2.62856607 -3.59536560 -1.29485868
v -2.64014574 -3.61709629 -1.30776412
v -2.62144631 -3.60135411 -1.30769568
v -2.62143182 -3.60138183 -1.30777192
v -2.60931727 -3.58022065 -1.30772527
v -2.60920815 -3.58024134 -1.30771257
v -2.61794849 -3.57702102 -1.29478362
v -2.61797821 -3.57706580 -1.29488679
v -2.61434757 -3.55615229 -1.29486060
v -2.61797845 -3.57703491 -1.29485479
v -2.64841327 -3.53362824 -1.28560472
v -2.74132462 -3.53214948 -1.30777757
v -2.72917287 -3.51105394 -1.30779184
v -2.72199236 -3.51708531 -1.29489320
v -2.70578786 -3.50347299 -1.29485325
v -2.70574143 -3.50343048 -1.29488660
v -2.68137212 -3.52155817 -1.28563879
v -2.62145510 -3.60137782 -1.30773892
v -2.64018868 -3.61706329 -1.30776478
v -2.63458773 -3.59037244 -1.38618098
v -2.61433904 -3.55618918 -1.29489114
v -2.62540622 -3.57434376 -1.38612099
v -2.60927694 -3.58024692 -1.30775182
v -2.62146867 -3.60137702 -1.30766993
v -2.61435720 -3.55618396 -1.29483560
v -2.61798309 -3.53536547 -1.29487299
v -2.65773553 -3.52574195 -1.28560361
v -2.74126738 -3.53214651 -1.30770215
v -2.74128717 -3.53220835 -1.30775933
v -2.72522246 -3.53802928 -1.38616035
v -2.72524256 -3.53801739 -1.38619543
v -2.72843173 -3.55614111 -1.38615949
v -2.72914886 -3.51095822 -1.30773629
v -2.71047562 -3.49537961 -1.30775475
v -2.70575749 -3.50344349 -1.29482455
v -2.71047356 -3.49538637 -1.30775671
v -2.72197820 -3.51701438 -1.29483673
v -2.68587143 -3.49612287 -1.29479759
v -2.68587436 -3.49615287 -1.29484465
v -2.66921532 -3.52154763 -1.28564578
v -2.66910668 -3.52158928 -1.28561731
v -2.62538500 -3.57438319 -1.38622820
v -2.60497580 -3.55620597 -1.30777168
v -2.62220487 -3.55616902 -1.38613142
v -2.61800699 -3.53530068 -1.29481489
v -2.61801749 -3.53538257 -1.29482421
v -2.62860325 -3.51699658 -1.29483366
v -2.72915142 -3.51103246 -1.30776671
v -2.71596617 -3.52202868 -1.38614813
v -2.72523533 -3.53801178 -1.38619455
v -2.71047738 -3.49530972 -1.30768231
v -2.68747773 -3.48706147 -1.30772347
v -2.68591630 -3.49616009 -1.29480995
v -2.68750565 -3.48705855 -1.30774864
v -2.70579994 -3.50342722 -1.29486469
v -2.66466604 -3.49624603 -1.29487127
v -2.60503405 -3.55620055 -1.30774389
v -2.60926402 -3.53211148 -1.30774081
v -2.62866124 -3.51701209 -1.29486389
v -2.64479929 -3.50343207 -1.29481547
v -2.71049764 -3.49541992 -1.30772446
v -2.70183773 -3.51021503 -1.38615286
v -2.71601587 -3.52198751 -1.38613859
v -2.68749405 -3.48700210 -1.30769428
v -2.66308798 -3.48700106 -1.30773708
v -2.66469503 -3.49611110 -1.29485938
v -2.66468691 -3.49620708 -1.29484219
v -2.64487456 -3.50337939 -1.29482325
v -2.60927193 -3.53219948 -1.30767725
v -2.62142316 -3.51105546 -1.30776027
v -2.62862479 -3.51702402 -1.29486212
v -2.60926810 -3.53219910 -1.30771177
v -2.64482899 -3.50342552 -1.29481126
v -2.68451308 -3.50385516 -1.38617914
v -2.64016621 -3.49536195 -1.30770892
v -2.66612349 -3.50387053 -1.38618002
v -2.66609345 -3.50385637 -1.38618003
v -2.66312989 -3.48700796 -1.30771398
v -2.66477264 -3.49617671 -1.29484644
v -2.64479786 -3.50344128 -1.29485120
v -2.64016059 -3.49536610 -1.30774827
v -2.62538748 -3.53807005 -1.38615056
v -2.62146505 -3.51102148 -1.30776525
v -2.60926437 -3.53215856 -1.30775599
v -2.63462929 -3.52203352 -1.38616742
v -2.62145676 -3.51105784 -1.30781240
v -2.64016856 -3.49535945 -1.30777520
v -2.63460248 -3.52205807 -1.38619066
v -2.64870376 -3.51024646 -1.38622346
v -2.64024262 -3.49534388 -1.30783184
v -2.62147125 -3.51101433 -1.30774403
v -2.64872062 -3.51017407 -1.38618189
v -2.66608666 -3.50380237 -1.38617770
v -2.74132894 -1.98618700 -1.30773133
v -2.74557499 -2.01023361 -1.30775844
v -2.73624117 -2.01021075 -1.29484473
v -2.74135422 -1.98623575 -1.30778479
v -2.72844194 -2.01020937 -1.38618512
v -2.74553153 -2.01025431 -1.30778557
v -2.73259874 -2.03107842 -1.29484868
v -2.73258161 -1.98943477 -1.29483943
v -2.72523419 -2.02845130 -1.38616113
v -2.74131618 -1.98618294 -1.30774940
v -2.74125094 -1.98617787 -1.30771692
v -2.72526203 -1.99213278 -1.38616733
v -2.72519298 -1.99203468 -1.38619452
v -2.72839990 -2.01027658 -1.38618899
v -2.70834913 -2.02223943 -1.28561359
v -2.73620716 -2.01026066 -1.29480608
v -2.73257708 -2.03110277 -1.29485254
v -2.74129790 -2.03429208 -1.30776317
v -2.71042846 -2.01020430 -1.28556318
v -2.73261719 -1.98938306 -1.29483313
v -2.73628752 -2.01022652 -1.29483287
v -2.72910379 -1.96510258 -1.30774185
v -2.74549934 -2.01026486 -1.30775488
v -2.72523151 -2.02845557 -1.38614239
v -2.74125091 -2.03425692 -1.30771335
v -2.72919767 -1.96507780 -1.30776258
v -2.70226428 -2.03287446 -1.28558270
v -2.72201957 -2.04940100 -1.29483520
v -2.70831848 -1.99825583 -1.28556069
v -2.73255795 -1.98934703 -1.29481295
v -2.72197725 -1.97101721 -1.29484233
v -2.71601605 -2.04440884 -1.38616413
v -2.72915450 -1.96512005 -1.30773248
v -2.71597128 -1.97610592 -1.38609979
v -2.72523980 -1.99205758 -1.38613168
v -2.67526029 -2.01022304 -1.28252682
v -2.73256366 -2.03112345 -1.29486121
v -2.72201721 -2.04940436 -1.29480463
v -2.72917162 -2.05540728 -1.30768561
v -2.72199220 -1.97104959 -1.29484454
v -2.71044691 -1.94943324 -1.30771450
v -2.74130318 -2.03432919 -1.30768384
v -2.71601124 -2.04442867 -1.38617040
v -2.72913567 -2.05542874 -1.30772218
v -2.71046126 -1.94936064 -1.30774167
v -2.69283985 -2.04064511 -1.28559359
v -2.70574939 -2.06302664 -1.29484130
v -2.70218694 -1.98767103 -1.28558795
v -2.72205460 -1.97106082 -1.29482844
v -2.70575589 -1.95747656 -1.29484844
v -2.71046181 -1.94936568 -1.30772321
v -2.72201208 -1.97099449 -1.29488061
v -2.70184467 -2.05626087 -1.38614031
v -2.71040875 -1.94935551 -1.30773328
v -2.70186260 -1.96424084 -1.38617660
v -2.71597718 -1.97609647 -1.38615437
v -2.68135661 -2.04482776 -1.28563057
v -2.68142711 -2.04488020 -1.28563030
v -2.72201310 -2.04940679 -1.29487760
v -2.70578381 -2.06308039 -1.29487973
v -2.70577536 -2.06302496 -1.29481719
v -2.72916094 -2.05536494 -1.30779483
v -2.71042641 -2.07110754 -1.30770978
v -2.69281822 -1.97979800 -1.28562612
v -2.70576100 -1.95742661 -1.29487083
v -2.68748381 -1.94100760 -1.30773522
v -2.72918792 -2.05542885 -1.30774538
v -2.70184641 -2.05625585 -1.38619135
v -2.71042127 -2.07107848 -1.30770782
v -2.68754119 -1.94107123 -1.30772321
v -2.66919108 -2.04491225 -1.28559555
v -2.68590940 -2.07024393 -1.29482924
v -2.70575561 -1.95748597 -1.29482522
v -2.68145864 -1.97566604 -1.28565278
v -2.68596557 -1.95024019 -1.29484594
v -2.68751481 -1.94100412 -1.30779682
v -2.70579028 -1.95747946 -1.29484335
v -2.68456856 -2.06254808 -1.38616500
v -2.68748475 -1.94110699 -1.30773972
v -2.68457389 -1.95791754 -1.38619215
v -2.70184953 -1.96425165 -1.38613994
v -2.70576032 -2.06303394 -1.29484785
v -2.68590977 -2.07031220 -1.29489156
v -2.66468340 -2.07029669 -1.29484483
v -2.65775137 -2.04066182 -1.28558836
v -2.68587763 -2.07023162 -1.29488923
v -2.68593133 -2.07023721 -1.29487917
v -2.71047128 -2.07102829 -1.30771382
v -2.68758187 -2.07942220 -1.30773150
v -2.68594675 -1.95018309 -1.29482091
v -2.68591548 -1.95020223 -1.29483221
v -2.66922411 -1.97564821 -1.28557957
v -2.66917746 -1.97564357 -1.28563920
v -2.66312010 -1.94102457 -1.30776309
v -2.66466945 -1.95021661 -1.29489209
v -2.66480331 -1.95021183 -1.29483318
v -2.71046390 -2.07110721 -1.30776259
v -2.68456804 -2.06259273 -1.38613855
v -2.68456120 -2.06255452 -1.38615619
v -2.68743579 -2.07945170 -1.30774126
v -2.66605240 -1.95788437 -1.38613099
v -2.66608904 -1.95796024 -1.38618598
v -2.66316838 -1.94108295 -1.30767921
v -2.66468428 -2.07028706 -1.29487075
v -2.66312122 -2.07947168 -1.30773042
v -2.64838711 -2.03283133 -1.28556641
v -2.66478191 -1.95018522 -1.29479771
v -2.65771817 -1.97983599 -1.28561492
v -2.64021613 -1.94941330 -1.30779201
v -2.66308650 -2.07945738 -1.30772891
v -2.66606888 -2.06255642 -1.38619281
v -2.64020540 -1.94938106 -1.30776995
v -2.64481425 -2.06301011 -1.29485315
v -2.66470610 -2.07027880 -1.29483386
v -2.64483949 -2.06303141 -1.29478587
v -2.64233454 -2.02226686 -1.28558484
v -2.64484049 -1.95744479 -1.29484657
v -2.64481432 -1.95743365 -1.29479505
v -2.64838667 -1.98763509 -1.28557177
v -2.66470195 -1.95015995 -1.29486983
v -2.64483039 -1.95743330 -1.29485061
v -2.64019488 -1.94939937 -1.30774180
v -2.64875595 -2.05627123 -1.38617624
v -2.64019980 -1.94936167 -1.30775675
v -2.64870497 -1.96427592 -1.38616436
v -2.66604025 -1.95793525 -1.38611841
v -2.64477753 -2.06301622 -1.29485618
v -2.66307218 -2.07950601 -1.30773467
v -2.64014927 -2.07108810 -1.30774753
v -2.62859466 -2.04943259 -1.29486408
v -2.64481292 -2.06303195 -1.29486061
v -2.64022191 -2.01020254 -1.28563313
v -2.62862826 -1.97105381 -1.29485443
v -2.62864549 -1.97107409 -1.29485841
v -2.64227281 -1.99824742 -1.28562926
v -2.62147120 -1.96508613 -1.30776701
v -2.64016427 -2.07110326 -1.30774099
v -2.66306186 -2.07944307 -1.30775282
v -2.64876801 -2.05628726 -1.38618072
v -2.62149121 -1.96510805 -1.30775188
v -2.62861642 -2.04946785 -1.29486945
v -2.61806037 -2.03113366 -1.29482054
v -2.62858966 -2.04948048 -1.29488528
v -2.64483060 -1.95746718 -1.29485285
v -2.62860750 -1.97104777 -1.29489728
v -2.62147995 -1.96506218 -1.30777779
v -2.61801008 -1.98936048 -1.29486711
v -2.61800714 -1.98939588 -1.29477342
v -2.63455913 -2.04439816 -1.38622070
v -2.62146344 -1.96507846 -1.30768923
v -2.63453575 -1.97604854 -1.38615568
v -2.64875915 -1.96420123 -1.38616758
v -2.62856660 -2.04942918 -1.29489809
v -2.64023006 -2.07113062 -1.30771238
v -2.62151958 -2.05541053 -1.30776044
v -2.61797620 -2.03108477 -1.29487936
v -2.61434923 -2.01020285 -1.29484123
v -2.61800760 -2.03113096 -1.29482308
v -2.60927016 -1.98618096 -1.30774786
v -2.62862252 -1.97101804 -1.29488436
v -2.61803818 -1.98938775 -1.29491699
v -2.60927793 -1.98617025 -1.30777257
v -2.61439760 -2.01025182 -1.29481610
v -2.62149296 -2.05545769 -1.30771347
v -2.64018332 -2.07109338 -1.30766116
v -2.63459538 -2.04444096 -1.38614196
v -2.60923560 -1.98620515 -1.30772268
v -2.61800335 -2.03106913 -1.29479870
v -2.62152444 -2.05541506 -1.30772595
v -2.60924215 -2.03432240 -1.30773691
v -2.61436150 -2.01026760 -1.29481145
v -2.60500105 -2.01020365 -1.30770907
v -2.62536972 -2.02844250 -1.38621262
v -2.63458148 -1.97609061 -1.38619543
v -2.60927411 -1.98622354 -1.30772897
v -2.62531307 -1.99206642 -1.38615005
v -2.62536184 -2.02836118 -1.38617746
v -2.60930480 -2.03428718 -1.30776991
v -2.62145288 -2.05540687 -1.30778293
v -2.60500583 -2.01028540 -1.30776450
v -2.62216958 -2.01028675 -1.38614497
v -2.94316276 -3.53368225 -1.28558700
v -2.96291681 -3.51701879 -1.29484230
v -2.94927039 -3.54415339 -1.28554659
v -2.91627423 -3.55621100 -1.28254843
v -2.94667651 -3.50344909 -1.29485374
v -2.96295232 -3.51702755 -1.29487163
v -2.97350971 -3.53536635 -1.29479456
v -2.95137713 -3.55613463 -1.28557405
v -2.93382877 -3.52571642 -1.28557927
v -2.94672461 -3.50343137 -1.29482752
v -2.95135807 -3.49533453 -1.30772355
v -2.96289894 -3.51701996 -1.29487765
v -2.96289805 -3.51702661 -1.29481283
v -2.96294040 -3.51702748 -1.29483033
v -2.98224864 -3.53212196 -1.30776944
v -2.98220639 -3.53217109 -1.30774617
v -2.97352657 -3.53534013 -1.29486334
v -2.97353578 -3.53536490 -1.29481015
v -2.97010369 -3.51105216 -1.30774723
v -2.97006552 -3.51106021 -1.30776242
v -2.94925133 -3.56820648 -1.28558996
v -2.92231796 -3.52159185 -1.28563562
v -2.92842803 -3.48702472 -1.30777670
v -2.95137977 -3.49535324 -1.30779666
v -2.92684590 -3.49614903 -1.29486642
v -2.97004091 -3.51098327 -1.30773086
v -2.96616378 -3.53803184 -1.38610393
v -2.96615572 -3.53801428 -1.38613965
v -2.98227947 -3.53213911 -1.30779702
v -2.98225556 -3.53214702 -1.30773562
v -2.97720383 -3.55618548 -1.29481216
v -2.97351041 -3.53534080 -1.29485532
v -2.97721816 -3.55620258 -1.29486113
v -2.94312036 -3.57874583 -1.28566738
v -2.92686025 -3.49617620 -1.29479806
v -2.91017925 -3.52158745 -1.28556497
v -2.91012194 -3.52163464 -1.28566050
v -2.92847095 -3.48705345 -1.30774330
v -2.94274867 -3.51019908 -1.38616137
v -2.95139673 -3.49537728 -1.30772174
v -2.92681845 -3.49615172 -1.29483645
v -2.92841278 -3.48705339 -1.30770581
v -2.94678900 -3.50340795 -1.29478928
v -2.95137121 -3.49534088 -1.30774457
v -2.95698205 -3.52205090 -1.38615596
v -2.97005721 -3.51100753 -1.30774622
v -2.96940019 -3.55613981 -1.38616931
v -2.96620055 -3.53805617 -1.38619084
v -2.98652555 -3.55617860 -1.30776087
v -2.97724000 -3.55619827 -1.29480475
v -2.97352426 -3.57701338 -1.29488501
v -2.93379861 -3.58661873 -1.28553468
v -2.90560488 -3.49622945 -1.29486542
v -2.89864950 -3.52577991 -1.28566838
v -2.95695516 -3.52202681 -1.38616598
v -2.92546475 -3.50382023 -1.38615920
v -2.90406114 -3.48701954 -1.30775247
v -2.90562719 -3.49617026 -1.29489857
v -2.90563698 -3.49621727 -1.29486417
v -2.98647599 -3.55622853 -1.30776144
v -2.97354113 -3.57708173 -1.29481776
v -2.97354399 -3.57704599 -1.29485709
v -2.96291223 -3.59538201 -1.29481915
v -2.92237688 -3.59079722 -1.28557619
v -2.92232980 -3.59076910 -1.28559687
v -2.88579127 -3.50341825 -1.29485758
v -2.88575727 -3.50344560 -1.29487863
v -2.88932163 -3.53359392 -1.28556616
v -2.90701308 -3.50384135 -1.38615619
v -2.90704283 -3.50387421 -1.38614318
v -2.90401446 -3.48703579 -1.30774415
v -2.88111553 -3.49539206 -1.30775648
v -2.96614577 -3.57439553 -1.38617451
v -2.98231347 -3.58024379 -1.30780144
v -2.96293750 -3.59533473 -1.29485408
v -2.96295192 -3.59536165 -1.29487225
v -2.94667997 -3.60897360 -1.29486043
v -2.91010283 -3.59081020 -1.28558985
v -2.90567155 -3.49620585 -1.29480569
v -2.88577331 -3.50343487 -1.29479216
v -2.88106697 -3.49529482 -1.30770485
v -2.86952258 -3.51703082 -1.29481324
v -2.86956615 -3.51698088 -1.29484623
v -2.88317323 -3.54414447 -1.28563220
v -2.88105877 -3.49536577 -1.30772200
v -2.98226001 -3.58024154 -1.30774346
v -2.98225117 -3.58021035 -1.30771013
v -2.97009154 -3.60137183 -1.30771341
v -2.96285984 -3.59540203 -1.29485454
v -2.94667235 -3.60899031 -1.29486340
v -2.94667184 -3.60895133 -1.29483019
v -2.92683142 -3.61625373 -1.29485006
v -2.90565454 -3.61627101 -1.29485663
v -2.89868801 -3.58659758 -1.28561006
v -2.86240276 -3.51103631 -1.30769796
v -2.86947959 -3.51703074 -1.29481624
v -2.85893317 -3.53532490 -1.29485684
v -2.85895317 -3.53534195 -1.29484515
v -2.88104330 -3.55611401 -1.28561701
v -2.88970024 -3.51022344 -1.38612480
v -2.95693640 -3.59035019 -1.38620902
v -2.98227576 -3.58024424 -1.30769062
v -2.95694892 -3.59032119 -1.38617933
v -2.97003869 -3.60138312 -1.30771823
v -2.94668794 -3.60901555 -1.29481329
v -2.97000679 -3.60132940 -1.30773432
v -2.95133063 -3.61703749 -1.30774812
v -2.92685667 -3.61623937 -1.29484462
v -2.90565106 -3.61618879 -1.29486892
v -2.92842479 -3.62544030 -1.30775140
v -2.90404782 -3.62536968 -1.30768909
v -2.92686667 -3.61624765 -1.29486275
v -2.92692991 -3.61619096 -1.29485308
v -2.88926046 -3.57880746 -1.28560645
v -2.86246946 -3.51109190 -1.30776126
v -2.85018122 -3.53220073 -1.30767510
v -2.86952542 -3.51701895 -1.29486643
v -2.85892301 -3.53537009 -1.29485988
v -2.85016796 -3.53213466 -1.30773709
v -2.85529690 -3.55613386 -1.29482281
v -2.85526165 -3.55622226 -1.29483239
v -2.88318324 -3.56821489 -1.28558530
v -2.94282092 -3.60220562 -1.38624320
v -2.97003841 -3.60139165 -1.30773445
v -2.94275162 -3.60217578 -1.38617019
v -2.95133821 -3.61706996 -1.30771291
v -2.95133891 -3.61704755 -1.30777148
v -2.88578367 -3.60897337 -1.29485245
v -2.90567413 -3.61622138 -1.29483343
v -2.88579564 -3.60900465 -1.29488007
v -2.90403919 -3.62537057 -1.30770347
v -2.92544668 -3.60851658 -1.38620198
v -2.92544083 -3.60849765 -1.38617520
v -2.90694327 -3.60852593 -1.38614973
v -2.90702150 -3.60849271 -1.38615204
v -2.92848334 -3.62532426 -1.30770429
v -2.86247028 -3.51101707 -1.30772255
v -2.87550434 -3.52205957 -1.38618926
v -2.88968629 -3.51021426 -1.38617356
v -2.85023064 -3.53215592 -1.30776672
v -2.84597608 -3.55617408 -1.30771827
v -2.85526987 -3.55614497 -1.29485166
v -2.85896375 -3.57704854 -1.29488175
v -2.85898210 -3.57709445 -1.29488172
v -2.92545513 -3.60845749 -1.38614213
v -2.95135696 -3.61706869 -1.30770962
v -2.88575384 -3.60898106 -1.29482522
v -2.90407280 -3.62538809 -1.30771819
v -2.88113364 -3.61705459 -1.30774680
v -2.88971211 -3.60220298 -1.38617475
v -2.88110870 -3.61706878 -1.30770426
v -2.86957828 -3.59535978 -1.29485715
v -2.88575297 -3.60899046 -1.29482251
v -2.87555280 -3.52202048 -1.38613434
v -2.85024549 -3.53214444 -1.30775950
v -2.86628876 -3.53801042 -1.38618370
v -2.85021348 -3.53215659 -1.30777755
v -2.84591563 -3.55618240 -1.30771649
v -2.86305568 -3.55621054 -1.38620271
v -2.85025110 -3.58021392 -1.30774577
v -2.85018813 -3.58020802 -1.30774106
v -2.85891257 -3.57703572 -1.29487435
v -2.85893277 -3.57705821 -1.29483468
v -2.86956483 -3.59536622 -1.29485164
v -2.86954976 -3.59540641 -1.29479528
v -2.86954893 -3.59534705 -1.29493560
v -2.87553091 -3.59035848 -1.38615513
v -2.86306596 -3.55621005 -1.38609873
v -2.85018596 -3.58022520 -1.30773888
v -2.86241543 -3.60140301 -1.30774801
v -2.86243358 -3.60139273 -1.30771666
v -2.86243348 -3.60136368 -1.30770925
v -2.88106395 -3.61700659 -1.30774416
v -2.87552043 -3.59037178 -1.38619596
v -2.86308432 -3.55617160 -1.38617382
v -2.85019834 -3.58025309 -1.30777869
v -2.86635520 -3.57436960 -1.38615176
v -2.86238996 -3.60136406 -1.30775571
v -2.86634328 -3.57442401 -1.38617295
v -2.43434674 -2.01024410 -1.28251242
v -2.45193465 -2.04064609 -1.28556911
v -2.44045726 -2.04484172 -1.28565892
v -2.44046450 -2.04483324 -1.28559346
v -2.46485592 -2.06303875 -1.29489089
v -2.42830212 -2.04480411 -1.28559914
v -2.46127442 -2.03282728 -1.28557040
v -2.48110809 -2.04940863 -1.29486075
v -2.46483436 -2.06305219 -1.29479533
v -2.44492384 -2.07022974 -1.29482963
v -2.42383606 -2.07025898 -1.29483029
v -2.41676829 -2.04066441 -1.28556060
v -2.48110132 -2.04942095 -1.29482309
v -2.46739916 -2.02229628 -1.28553501
v -2.48106554 -2.04945920 -1.29483040
v -2.48820772 -2.05541446 -1.30774741
v -2.46485869 -2.06299914 -1.29485541
v -2.46485669 -2.06300678 -1.29483031
v -2.46952977 -2.07112408 -1.30774827
v -2.44497112 -2.07031825 -1.29484071
v -2.42376925 -2.07026320 -1.29487742
v -2.44668093 -2.07944221 -1.30773682
v -2.42222968 -2.07940199 -1.30771489
v -2.44493637 -2.07023227 -1.29486569
v -2.44492652 -2.07027218 -1.29484682
v -2.40738624 -2.03280257 -1.28564130
v -2.49164801 -2.03105892 -1.29489390
v -2.49166727 -2.03111273 -1.29485891
v -2.46947748 -2.01021750 -1.28559445
v -2.50040457 -2.03423844 -1.30777985
v -2.48820819 -2.05539749 -1.30774650
v -2.46952565 -2.07106301 -1.30773948
v -2.42215002 -2.07941058 -1.30775923
v -2.44360689 -2.06257229 -1.38617178
v -2.44361990 -2.06259880 -1.38623062
v -2.42518355 -2.06257132 -1.38614578
v -2.44663237 -2.07944818 -1.30773059
v -2.40392801 -2.06307106 -1.29486781
v -2.40390835 -2.06302823 -1.29481018
v -2.42374164 -2.07022084 -1.29485554
v -2.40130311 -2.02228935 -1.28559032
v -2.49162192 -2.03109020 -1.29485746
v -2.49534162 -2.01021706 -1.29484429
v -2.49532783 -2.01020772 -1.29489915
v -2.46738488 -1.99822738 -1.28565273
v -2.50042443 -2.03428448 -1.30776789
v -2.47506511 -2.04441521 -1.38618495
v -2.48819100 -2.05543613 -1.30777964
v -2.48819018 -2.05538446 -1.30774297
v -2.46095406 -2.05630998 -1.38619046
v -2.46948128 -2.07110139 -1.30769919
v -2.46952890 -2.07112910 -1.30779604
v -2.40788354 -2.05633188 -1.38622106
v -2.40387737 -2.06300750 -1.29485575
v -2.42218628 -2.07941469 -1.30771368
v -2.39926232 -2.07111196 -1.30776988
v -2.38770994 -2.04938894 -1.29485395
v -2.40393129 -2.06305784 -1.29489826
v -2.39919395 -2.01026522 -1.28561743
v -2.50463481 -2.01019452 -1.30775235
v -2.50463410 -2.01016553 -1.30769110
v -2.49165167 -2.03105404 -1.29487249
v -2.49534382 -2.01022962 -1.29487390
v -2.49167925 -1.98940865 -1.29482212
v -2.49161789 -1.98938008 -1.29485750
v -2.46127074 -1.98766022 -1.28560870
v -2.46095316 -2.05627820 -1.38618673
v -2.48429196 -2.02839449 -1.38613935
v -2.44369053 -2.06256190 -1.38618486
v -2.39932158 -2.07111983 -1.30772590
v -2.42218934 -2.07945279 -1.30774428
v -2.40780547 -2.05626656 -1.38618174
v -2.38772389 -2.04938359 -1.29483828
v -2.37714150 -2.03112492 -1.29483245
v -2.38769267 -2.04945939 -1.29489977
v -2.40141311 -1.99819164 -1.28556791
v -2.50464014 -2.01025722 -1.30776391
v -2.50043888 -1.98628089 -1.30771251
v -2.50039091 -1.98622528 -1.30776668
v -2.49531702 -2.01025430 -1.29484176
v -2.49167780 -1.98934334 -1.29486670
v -2.48116172 -1.97103837 -1.29481416
v -2.48110127 -1.97100331 -1.29480722
v -2.45193273 -1.97981621 -1.28557361
v -2.39368033 -2.04436712 -1.38617682
v -2.38770221 -2.04941956 -1.29482150
v -2.39924654 -2.07112412 -1.30770306
v -2.38055603 -2.05536034 -1.30774500
v -2.37712529 -2.03110952 -1.29484203
v -2.37341179 -2.01025913 -1.29482168
v -2.37710101 -2.03107967 -1.29482887
v -2.40742842 -1.98762625 -1.28560216
v -2.48749755 -2.01019370 -1.38620785
v -2.50038615 -1.98617943 -1.30775751
v -2.50046380 -1.98619863 -1.30774877
v -2.48819388 -1.96512860 -1.30771122
v -2.48103881 -1.97108488 -1.29487994
v -2.46481530 -1.95743107 -1.29484677
v -2.46483526 -1.95746194 -1.29486842
v -2.44044971 -1.97564795 -1.28558524
v -2.38055178 -2.05546567 -1.30771403
v -2.39920681 -2.07112373 -1.30767528
v -2.39363320 -2.04440701 -1.38617175
v -2.37708851 -2.03107468 -1.29487392
v -2.38052839 -2.05540069 -1.30780886
v -2.36832719 -2.03427027 -1.30776700
v -2.37341762 -2.01021658 -1.29487340
v -2.37346226 -2.01028438 -1.29485619
v -2.37706915 -1.98934922 -1.29489476
v -2.41681438 -1.97981941 -1.28558597
v -2.48433008 -1.99205853 -1.38620059
v -2.48435473 -1.99209812 -1.38616141
v -2.48820500 -1.96508935 -1.30776304
v -2.46949275 -1.94940441 -1.30776171
v -2.46483916 -1.95746562 -1.29490189
v -2.46949588 -1.94934653 -1.30774519
v -2.48107084 -1.97105097 -1.29480153
v -2.44499563 -1.95022625 -1.29483027
v -2.44493688 -1.95018741 -1.29485292
v -2.42827562 -1.97562532 -1.28558028
v -2.42827127 -1.97562929 -1.28558566
v -2.38443951 -2.02842115 -1.38619178
v -2.38443430 -2.02843698 -1.38615238
v -2.36826334 -2.03426133 -1.30772343
v -2.38046910 -2.05542323 -1.30773353
v -2.36408786 -2.01021833 -1.30773088
v -2.37716955 -1.98940609 -1.29483896
v -2.37709815 -1.98940419 -1.29483969
v -2.38771238 -1.97099837 -1.29484266
v -2.48822626 -1.96509331 -1.30772646
v -2.47504230 -1.97607795 -1.38614213
v -2.48438760 -1.99206570 -1.38613379
v -2.46947355 -1.94937859 -1.30775848
v -2.44661644 -1.94099428 -1.30775005
v -2.44495566 -1.95028800 -1.29488930
v -2.44661610 -1.94104491 -1.30773459
v -2.46485623 -1.95743042 -1.29484265
v -2.42380325 -1.95021372 -1.29481710
v -2.38122673 -2.01028824 -1.38616948
v -2.36410763 -2.01022370 -1.30778548
v -2.36833273 -1.98619318 -1.30776018
v -2.38771030 -1.97107428 -1.29482835
v -2.38772694 -1.97108488 -1.29488650
v -2.40385727 -1.95743326 -1.29484948
v -2.46949903 -1.94931466 -1.30773308
v -2.46087481 -1.96425248 -1.38620067
v -2.47507054 -1.97608284 -1.38614945
v -2.44660140 -1.94100181 -1.30770596
v -2.42212919 -1.94104555 -1.30777327
v -2.42379044 -1.95022404 -1.29484279
v -2.42382345 -1.95019380 -1.29482263
v -2.40389568 -1.95742797 -1.29483298
v -2.36832864 -1.98625968 -1.30776095
v -2.38052615 -1.96504504 -1.30778942
v -2.38764494 -1.97105568 -1.29481803
v -2.36834947 -1.98616980 -1.30776425
v -2.40385876 -1.95746778 -1.29480871
v -2.44660296 -1.94101666 -1.30770941
v -2.44358543 -1.95790916 -1.38618213
v -2.46090362 -1.96421239 -1.38619233
v -2.39923886 -1.94942205 -1.30773489
v -2.42515292 -1.95794536 -1.38620142
v -2.42511230 -1.95793777 -1.38615707
v -2.42225086 -1.94101704 -1.30775637
v -2.42376382 -1.95023372 -1.29481629
v -2.40392281 -1.95747332 -1.29482613
v -2.39921414 -1.94940143 -1.30772881
v -2.38450170 -1.99209051 -1.38616538
v -2.38049368 -1.96513038 -1.30778614
v -2.36838051 -1.98626853 -1.30771611
v -2.39370253 -1.97611660 -1.38615376
v -2.38051857 -1.96505222 -1.30769149
v -2.39925743 -1.94939415 -1.30775799
v -2.39365335 -1.97609752 -1.38618164
v -2.40780835 -1.96422856 -1.38614301
v -2.39920929 -1.94939052 -1.30774906
v -2.38055368 -1.96507992 -1.30767486
v -2.40781007 -1.96424998 -1.38613173
v -2.42514574 -1.95799027 -1.38617722
v -3.08168308 -1.01128959 -1.20522330
v -3.09051415 -1.34554367 -1.20528136
v -3.09055711 -1.02856209 -1.20526522
v -3.08167028 -1.36282245 -1.20525990
v -3.06422235 -1.00638981 -1.20524587
v -3.06424050 -1.36777758 -1.20526785
v -2.28635962 -1.00634510 -1.20524612
v -2.28639776 -1.36781670 -1.20525675
v -2.26898413 -1.01133053 -1.20526921
v -2.26896300 -1.36282701 -1.20528183
v -2.26006970 -1.02855299 -1.20526233
v -2.26008632 -1.34557051 -1.20526817
v -2.88933293 -1.98764262 -1.28558228
v -2.89869174 -1.97977868 -1.28562965
v -2.91622314 -2.01031393 -1.28252242
v -2.86952891 -1.97108934 -1.29487621
v -2.91015441 -1.97567197 -1.28558131
v -2.91008772 -1.97565739 -1.28558700
v -2.88323285 -1.99830560 -1.28562099
v -2.85895138 -1.98941602 -1.29485558
v -2.86952669 -1.97108998 -1.29483627
v -2.88577441 -1.95745059 -1.29481576
v -2.92234157 -1.97566630 -1.28559587
v -2.85895688 -1.98939377 -1.29487239
v -2.88107082 -2.01018671 -1.28566476
v -2.86952115 -1.97101042 -1.29482350
v -2.85894202 -1.98941839 -1.29486244
v -2.85019103 -1.98624196 -1.30773293
v -2.88574245 -1.95745015 -1.29484913
v -2.86955689 -1.97107691 -1.29479541
v -2.86238860 -1.96504396 -1.30774544
v -2.88577105 -1.95742314 -1.29482794
v -2.90568085 -1.95021137 -1.29485461
v -2.92687377 -1.95020958 -1.29484422
v -2.93381473 -1.97983592 -1.28554894
v -2.85530308 -2.01024064 -1.29486429
v -2.85532080 -2.01021275 -1.29483007
v -2.88323228 -2.02226364 -1.28562047
v -2.84598645 -2.01021943 -1.30775851
v -2.85022915 -1.98620136 -1.30774667
v -2.88107667 -1.94936297 -1.30772967
v -2.90560567 -1.95021279 -1.29484116
v -2.92679797 -1.95025706 -1.29488237
v -2.90404825 -1.94102358 -1.30771622
v -2.92847867 -1.94102835 -1.30775093
v -2.90568237 -1.95022214 -1.29485088
v -2.90568017 -1.95019588 -1.29492052
v -2.94312909 -1.98763236 -1.28559557
v -2.85531117 -2.01028043 -1.29486570
v -2.85897047 -2.03113381 -1.29484338
v -2.85893765 -2.03110384 -1.29484797
v -2.88929004 -2.03279149 -1.28563369
v -2.85018978 -1.98620016 -1.30773643
v -2.84590777 -2.01024177 -1.30780346
v -2.86307046 -2.01024645 -1.38616865
v -2.86245383 -1.96506643 -1.30769811
v -2.85018667 -1.98620980 -1.30774439
v -2.87550262 -1.97606596 -1.38612116
v -2.88109226 -1.94937482 -1.30773533
v -2.86241845 -1.96507428 -1.30772397
v -2.88962737 -1.96424322 -1.38613802
v -2.88110387 -1.94934271 -1.30772494
v -2.92847371 -1.94108980 -1.30774905
v -2.90695309 -1.95794816 -1.38616198
v -2.90699950 -1.95791769 -1.38615458
v -2.92546512 -1.95789415 -1.38615176
v -2.90405763 -1.94098860 -1.30773794
v -2.94674425 -1.95740952 -1.29480704
v -2.92681569 -1.95014594 -1.29487349
v -2.94668725 -1.95748914 -1.29480505
v -2.94921659 -1.99819638 -1.28562622
v -2.85021837 -2.03427343 -1.30774230
v -2.85895484 -2.03106060 -1.29480437
v -2.86950731 -2.04939635 -1.29488141
v -2.86955091 -2.04946308 -1.29483834
v -2.89863244 -2.04064745 -1.28558469
v -2.85021104 -2.03428935 -1.30767988
v -2.85017962 -1.98621927 -1.30774876
v -2.86310936 -2.01021157 -1.38617324
v -2.86633338 -1.99200863 -1.38617541
v -2.88963002 -1.96426158 -1.38617371
v -2.87553943 -1.97605980 -1.38617768
v -2.90695016 -1.95792856 -1.38617313
v -2.88105663 -1.94941563 -1.30773825
v -2.94279305 -1.96422958 -1.38614841
v -2.94670719 -1.95741695 -1.29482657
v -2.92846446 -1.94102553 -1.30774689
v -2.95138948 -1.94939782 -1.30772440
v -2.94677181 -1.95744055 -1.29481552
v -2.96292611 -1.97108666 -1.29481225
v -2.95135125 -2.01019962 -1.28561634
v -2.86238190 -2.05543173 -1.30770543
v -2.85899973 -2.03106650 -1.29482930
v -2.86956490 -2.04939215 -1.29485654
v -2.86243803 -2.05540631 -1.30773339
v -2.88570920 -2.06297257 -1.29481531
v -2.88578913 -2.06303590 -1.29489163
v -2.91017460 -2.04482286 -1.28559630
v -2.86315401 -2.01021120 -1.38614612
v -2.85018837 -2.03426437 -1.30778729
v -2.86629470 -2.02839511 -1.38613508
v -2.92844186 -1.94105994 -1.30771900
v -2.94276383 -1.96421760 -1.38617073
v -2.95136669 -1.94944097 -1.30777183
v -2.96293736 -1.97112852 -1.29489538
v -2.96294304 -1.97103601 -1.29482095
v -2.97351656 -1.98937556 -1.29481041
v -2.94916537 -2.02224906 -1.28561622
v -2.86241866 -2.05544646 -1.30774451
v -2.88106020 -2.07106396 -1.30771263
v -2.88576143 -2.06299224 -1.29481020
v -2.90563313 -2.07028782 -1.29486346
v -2.90564786 -2.07029114 -1.29483030
v -2.92227792 -2.04485581 -1.28553529
v -2.92237279 -2.04483698 -1.28560061
v -2.95694441 -1.97607572 -1.38619317
v -2.96294291 -1.97099036 -1.29487997
v -2.95133747 -1.94938122 -1.30771329
v -2.97005146 -1.96510280 -1.30776238
v -2.97349784 -1.98935546 -1.29482174
v -2.97352886 -1.98938428 -1.29483151
v -2.97721039 -2.01021271 -1.29489540
v -2.94308827 -2.03283545 -1.28557572
v -2.86630009 -2.02845397 -1.38616469
v -2.86244232 -2.05539960 -1.30777732
v -2.87550641 -2.04435831 -1.38617449
v -2.88100485 -2.07113253 -1.30775697
v -2.90403919 -2.07944988 -1.30775783
v -2.88573467 -2.06302312 -1.29487089
v -2.90566401 -2.07034623 -1.29479898
v -2.90406844 -2.07944025 -1.30773245
v -2.92684574 -2.07029000 -1.29488440
v -2.93386848 -2.04064289 -1.28558763
v -2.95138062 -1.94938052 -1.30774944
v -2.95696403 -1.97609727 -1.38613507
v -2.97005305 -1.96510178 -1.30771607
v -2.97008213 -1.96505235 -1.30772251
v -2.98235748 -1.98620084 -1.30776071
v -2.97353267 -1.98933886 -1.29483719
v -2.97718527 -2.01029821 -1.29480427
v -2.97718768 -2.01020972 -1.29485013
v -2.97353957 -2.03113109 -1.29483839
v -2.88111443 -2.07106480 -1.30769701
v -2.88969499 -2.05628765 -1.38620130
v -2.87555609 -2.04439263 -1.38619201
v -2.90409906 -2.07944042 -1.30778275
v -2.92848365 -2.07945025 -1.30778013
v -2.92682822 -2.07025343 -1.29483650
v -2.92680753 -2.07023827 -1.29485443
v -2.94673182 -2.06305966 -1.29482221
v -2.94675946 -2.06300086 -1.29487527
v -2.96616523 -1.99206133 -1.38621540
v -2.97003936 -1.96508967 -1.30776749
v -2.96617791 -1.99206849 -1.38614273
v -2.96613411 -1.99206115 -1.38617986
v -2.98227321 -1.98620723 -1.30776937
v -2.98228240 -1.98621173 -1.30783796
v -2.98652229 -2.01026124 -1.30770338
v -2.97351111 -2.03113625 -1.29484176
v -2.97359182 -2.03104244 -1.29487924
v -2.96294114 -2.04939003 -1.29487050
v -2.90405251 -2.07947608 -1.30770546
v -2.90693417 -2.06256170 -1.38618481
v -2.88966180 -2.05625717 -1.38615475
v -2.95135336 -2.07108314 -1.30773108
v -2.92547408 -2.06260858 -1.38619343
v -2.92545813 -2.06253470 -1.38618264
v -2.92843393 -2.07946793 -1.30775425
v -2.94671975 -2.06298627 -1.29485690
v -2.95134490 -2.07110466 -1.30774690
v -2.92679374 -2.07024770 -1.29491695
v -2.96290669 -2.04941844 -1.29488436
v -2.96935692 -2.01024866 -1.38617275
v -2.98649021 -2.01026397 -1.30773535
v -2.98225631 -2.03428525 -1.30775895
v -2.96290540 -2.04939875 -1.29482347
v -2.95135995 -2.07106503 -1.30769177
v -2.97007364 -2.05542325 -1.30770292
v -2.96292382 -2.04938338 -1.29483347
v -2.97005502 -2.05540498 -1.30774563
v -2.94670350 -2.06303095 -1.29487042
v -2.96612169 -2.02842128 -1.38614914
v -2.98230482 -2.03428336 -1.30775487
v -2.98229064 -2.03427358 -1.30771441
v -2.95135771 -2.07105726 -1.30773484
v -2.94279091 -2.05623113 -1.38618314
v -2.92549246 -2.06254666 -1.38620177
v -2.97007554 -2.05545134 -1.30772506
v -2.95698858 -2.04436776 -1.38616663
v -2.98230233 -2.03431386 -1.30775043
v -2.95693313 -2.04437239 -1.38609825
v -2.96999588 -2.05541785 -1.30773776
v -2.94281926 -2.05627293 -1.38620501
v -3.08167024 -3.13953065 -1.20523600
v -3.09052254 -3.47380809 -1.20526908
v -3.09057963 -3.15676527 -1.20526399
v -3.08171346 -3.49100927 -1.20525135
v -3.06418348 -3.13458552 -1.20525226
v -3.06423390 -3.49589100 -1.20523116
v -2.28637802 -3.13455360 -1.20528012
v -2.28641700 -3.49598678 -1.20528699
v -2.26895808 -3.13952540 -1.20527213
v -2.26890467 -3.49099616 -1.20531384
v -2.26011106 -3.15674789 -1.20525653
v -2.26008667 -3.47380302 -1.20526545
v -2.37702486 -3.57705226 -1.29486527
v -2.39924533 -3.55618895 -1.28556077
v -2.40137506 -3.56820120 -1.28559107
v -2.43440875 -3.55620941 -1.28255193
v -2.38767658 -3.59542307 -1.29475150
v -2.37338413 -3.55615728 -1.29481861
v -2.37709807 -3.57701815 -1.29485027
v -2.40131987 -3.54422742 -1.28559841
v -2.40750080 -3.57880129 -1.28557280
v -2.36830621 -3.58025097 -1.30775595
v -2.36834880 -3.58023288 -1.30774737
v -2.38773729 -3.59540490 -1.29483287
v -2.38769588 -3.59538197 -1.29485595
v -2.38051877 -3.60141441 -1.30776958
v -2.38055367 -3.60134491 -1.30771193
v -2.37709718 -3.57702730 -1.29484097
v -2.37702863 -3.57705240 -1.29479904
v -2.38769250 -3.59538641 -1.29487507
v -2.37341843 -3.55616019 -1.29488421
v -2.40747340 -3.53362401 -1.28561910
v -2.41677094 -3.58659065 -1.28560541
v -2.39921863 -3.61702587 -1.30774401
v -2.38451056 -3.57431568 -1.38619828
v -2.36829805 -3.58017096 -1.30771918
v -2.38048408 -3.60138720 -1.30773531
v -2.40387421 -3.60899328 -1.29487982
v -2.36411835 -3.55617123 -1.30773473
v -2.37342848 -3.55615680 -1.29485290
v -2.37714710 -3.53536572 -1.29484326
v -2.41677953 -3.52571072 -1.28562728
v -2.40395173 -3.60896444 -1.29489240
v -2.42829279 -3.59079595 -1.28557328
v -2.38051932 -3.60135526 -1.30776492
v -2.39928337 -3.61703600 -1.30772823
v -2.39362758 -3.59036031 -1.38620942
v -2.38770612 -3.59536301 -1.29486036
v -2.40394088 -3.60898302 -1.29482760
v -2.39927135 -3.61708167 -1.30772229
v -2.38118729 -3.55618663 -1.38613101
v -2.38449841 -3.57438686 -1.38621320
v -2.36410372 -3.55619975 -1.30772305
v -2.37708062 -3.53535890 -1.29482420
v -2.37714112 -3.53530516 -1.29487577
v -2.38770759 -3.51702334 -1.29484948
v -2.42831405 -3.52155164 -1.28559503
v -2.42820202 -3.52155813 -1.28558861
v -2.42376589 -3.61624051 -1.29487207
v -2.42381064 -3.61629339 -1.29483908
v -2.44052408 -3.59074637 -1.28564357
v -2.44049481 -3.59086989 -1.28567555
v -2.39921363 -3.61702629 -1.30776483
v -2.40779581 -3.60219426 -1.38610924
v -2.39370560 -3.59035841 -1.38615014
v -2.42218390 -3.62532411 -1.30770641
v -2.36833316 -3.53211559 -1.30775015
v -2.36837055 -3.53214127 -1.30772371
v -2.38770025 -3.51698927 -1.29489705
v -2.40393689 -3.50342363 -1.29483239
v -2.44048350 -3.52155608 -1.28559657
v -2.40395050 -3.60898575 -1.29486509
v -2.42378849 -3.61619130 -1.29487406
v -2.42220057 -3.62539599 -1.30770040
v -2.44492979 -3.61623999 -1.29484730
v -2.45198419 -3.58657631 -1.28556702
v -2.42215931 -3.62540979 -1.30774158
v -2.42516247 -3.60845446 -1.38617356
v -2.42513022 -3.60848739 -1.38618257
v -2.38445471 -3.53801414 -1.38617953
v -2.38054286 -3.51103968 -1.30771261
v -2.38767168 -3.51698939 -1.29482888
v -2.36830521 -3.53215128 -1.30774489
v -2.40389390 -3.50340754 -1.29483590
v -2.40388760 -3.50343917 -1.29489998
v -2.42379782 -3.49616171 -1.29484657
v -2.44491856 -3.49618800 -1.29483458
v -2.45195585 -3.52575088 -1.28561470
v -2.44655720 -3.62534529 -1.30775645
v -2.44501493 -3.61626428 -1.29484032
v -2.44492380 -3.61623158 -1.29486559
v -2.46485719 -3.60895008 -1.29485813
v -2.46488122 -3.60896338 -1.29483586
v -2.46127284 -3.57881094 -1.28556999
v -2.44360827 -3.60852688 -1.38616229
v -2.44362929 -3.60848784 -1.38614064
v -2.44660999 -3.62531867 -1.30774616
v -2.39366377 -3.52206269 -1.38615334
v -2.38055811 -3.51101445 -1.30769334
v -2.36836487 -3.53220492 -1.30776288
v -2.39368007 -3.52202290 -1.38615955
v -2.40389034 -3.50342904 -1.29487342
v -2.38052829 -3.51105557 -1.30775184
v -2.39924139 -3.49539010 -1.30770857
v -2.42378550 -3.49622701 -1.29482872
v -2.44495363 -3.49619225 -1.29484942
v -2.42219487 -3.48696819 -1.30776314
v -2.44663682 -3.48703120 -1.30773609
v -2.42386546 -3.49621390 -1.29488789
v -2.42386637 -3.49618941 -1.29486467
v -2.46127321 -3.53362630 -1.28563345
v -2.46953618 -3.61702115 -1.30776900
v -2.46484416 -3.60896973 -1.29486844
v -2.46950645 -3.61707017 -1.30770895
v -2.44499133 -3.61622592 -1.29487675
v -2.48107560 -3.59540906 -1.29486751
v -2.48107456 -3.59541606 -1.29481424
v -2.46739310 -3.56822968 -1.28560811
v -2.46956660 -3.61705738 -1.30779109
v -2.40779621 -3.51026875 -1.38619780
v -2.39922652 -3.49530593 -1.30771685
v -2.38054144 -3.51103499 -1.30772472
v -2.40780542 -3.51024144 -1.38611998
v -2.39921119 -3.49533698 -1.30773986
v -2.44495643 -3.49615797 -1.29485901
v -2.46486421 -3.50340467 -1.29483196
v -2.46485189 -3.50341326 -1.29488250
v -2.44666093 -3.48693781 -1.30774375
v -2.42517676 -3.50383901 -1.38618134
v -2.42512357 -3.50384846 -1.38619847
v -2.44363349 -3.50389215 -1.38614522
v -2.42221583 -3.48700622 -1.30771714
v -2.46738725 -3.54417970 -1.28558408
v -2.48820677 -3.60142729 -1.30772119
v -2.48111891 -3.59535980 -1.29483330
v -2.48822472 -3.60135065 -1.30777380
v -2.46481999 -3.60902350 -1.29484527
v -2.49163462 -3.57709696 -1.29480204
v -2.49163020 -3.57708909 -1.29485420
v -2.46949609 -3.55616171 -1.28558013
v -2.46955382 -3.61705151 -1.30768916
v -2.46090862 -3.60220930 -1.38615700
v -2.44362826 -3.60851176 -1.38616731
v -2.46487553 -3.50339142 -1.29486888
v -2.44656871 -3.48698506 -1.30770562
v -2.46954725 -3.49535240 -1.30772236
v -2.46089826 -3.51020194 -1.38621295
v -2.48104170 -3.51700358 -1.29483977
v -2.48818041 -3.60139820 -1.30768895
v -2.50044543 -3.58020422 -1.30775363
v -2.49164286 -3.57708105 -1.29485982
v -2.49531095 -3.55620715 -1.29484291
v -2.49533815 -3.55621780 -1.29487912
v -2.46950580 -3.49538254 -1.30778013
v -2.48104168 -3.51706707 -1.29485624
v -2.48111360 -3.51700855 -1.29480353
v -2.49163623 -3.53534707 -1.29482964
v -2.48821066 -3.60133617 -1.30772152
v -2.47504243 -3.59039520 -1.38614222
v -2.46094997 -3.60222324 -1.38618079
v -2.50038310 -3.58021787 -1.30771880
v -2.50465720 -3.55614555 -1.30774097
v -2.50464287 -3.55616380 -1.30772610
v -2.49162563 -3.57703296 -1.29482813
v -2.49534240 -3.55622254 -1.29485999
v -2.49163375 -3.53534364 -1.29484858
v -2.47504238 -3.52206153 -1.38617366
v -2.48107291 -3.51699292 -1.29484382
v -2.46949360 -3.49537379 -1.30776595
v -2.48824708 -3.51096537 -1.30770747
v -2.49165439 -3.53534338 -1.29483522
v -2.48434796 -3.57436436 -1.38613772
v -2.50469634 -3.55614722 -1.30773771
v -2.50042443 -3.53221279 -1.30769404
v -2.50043906 -3.53220196 -1.30776349
v -2.49532259 -3.55625277 -1.29481777
v -2.46958309 -3.49536112 -1.30775773
v -2.47501240 -3.52201839 -1.38616625
v -2.48819312 -3.51103795 -1.30770499
v -2.48749659 -3.55616344 -1.38616270
v -2.50039322 -3.53215962 -1.30773736
v -2.50036489 -3.53216535 -1.30769552
v -2.48432998 -3.53804548 -1.38615273
v -2.48822893 -3.51103049 -1.30781652
v -2.48433148 -3.53804819 -1.38610578
v -2.48430834 -3.53803448 -1.38616460
vt 0.58539999 0.27700001
vt 0.56339997 0.25860000
vt 0.52200001 0.33020002
vt 0.63200003 0.23790002
vt 0.53640002 0.24870002
vt 0.53645277 0.24870002
vt 0.59979999 0.30190003
vt 0.65700001 0.28109998
vt 0.63200003 0.23790002
vt 0.59380001 0.20590001
vt 0.50770003 0.24870002
vt 0.65700001 0.28109998
vt 0.60479999 0.33020002
vt 0.63200003 0.23790002
vt 0.65700001 0.28109998
vt 0.67760003 0.27359998
vt 0.59380001 0.20590001
vt 0.63200003 0.23790002
vt 0.64889997 0.22380000
vt 0.59380001 0.20590001
vt 0.54699999 0.18879998
vt 0.49710000 0.18879998
vt 0.48060000 0.25860000
vt 0.66560000 0.33020002
vt 0.66560000 0.33020002
vt 0.59979999 0.35860002
vt 0.68760002 0.33020002
vt 0.67760003 0.27359998
vt 0.60479999 0.18690002
vt 0.54699999 0.18879998
vt 0.49710000 0.18879998
vt 0.55080003 0.16720003
vt 0.49329999 0.16720003
vt 0.54699522 0.18879998
vt 0.54699999 0.18879998
vt 0.45860001 0.27700001
vt 0.66560000 0.33020002
vt 0.65700001 0.37940001
vt 0.65700001 0.37940001
vt 0.58539999 0.38340002
vt 0.60020000 0.60820001
vt 0.54079998 0.60820001
vt 0.54799998 0.80379999
vt 0.65960002 0.61269999
vt 0.60020000 0.60820001
vt 0.63779998 0.80710000
vt 0.71840000 0.62140000
vt 0.65960002 0.61269999
vt 0.68229997 0.81370002
vt 0.60479999 0.18690002
vt 0.83329999 0.65200001
vt 0.83330250 0.65194416
vt 0.72615790 0.82363772
vt 0.72619998 0.82370001
vt 0.76920003 0.83679998
vt 0.76921952 0.83678949
vt 0.77640003 0.63460004
vt 0.45019999 0.20590001
vt 0.49710000 0.18879998
vt 0.45019999 0.20590001
vt 0.44430000 0.30190003
vt 0.67760003 0.38690001
vt 0.65700001 0.37940001
vt 0.63200003 0.42250001
vt 0.63200003 0.42250001
vt 0.56339997 0.40189999
vt 0.48150000 0.61269999
vt 0.60020000 0.60820001
vt 0.54799998 0.80379999
vt 0.59299999 0.80379999
vt 0.68229997 0.81370002
vt 0.63779998 0.80710000
vt 0.72619998 0.82370001
vt 0.71840000 0.62140000
vt 0.88870257 0.67344403
vt 0.88870001 0.67350000
vt 0.81110328 0.85304439
vt 0.81110001 0.85310012
vt 0.45019999 0.20590001
vt 0.49329999 0.16720003
vt 0.43930000 0.18690002
vt 0.45019999 0.20590001
vt 0.41200000 0.23790002
vt 0.43930000 0.33020002
vt 0.64889997 0.43669999
vt 0.65700001 0.37940001
vt 0.63200003 0.42250001
vt 0.64889997 0.43669999
vt 0.59380001 0.45459998
vt 0.59380001 0.45459998
vt 0.53640002 0.41180003
vt 0.54799998 0.80379999
vt 0.48150000 0.61269999
vt 0.50319999 0.80710000
vt 0.85170001 0.87250012
vt 0.41200000 0.23790002
vt 0.41200000 0.23790002
vt 0.38710001 0.28109998
vt 0.44430000 0.35860002
vt 0.42260000 0.62140000
vt 0.60479999 0.47359997
vt 0.59380001 0.45459998
vt 0.54699999 0.47170001
vt 0.54699999 0.47170001
vt 0.50770003 0.41180003
vt 0.50764722 0.41180003
vt 0.94239998 0.69910002
vt 0.41200000 0.23790002
vt 0.43930000 0.18690002
vt 0.39520001 0.22380000
vt 0.38710001 0.28109998
vt 0.38710001 0.28109998
vt 0.37840000 0.33020002
vt 0.45860001 0.38340002
vt 0.50319999 0.80710000
vt 0.42260000 0.62140000
vt 0.45870000 0.81370002
vt 0.36460000 0.63460004
vt 0.55080003 0.49330002
vt 0.59380001 0.45459998
vt 0.54699999 0.47170001
vt 0.55080003 0.49330002
vt 0.49710000 0.47170001
vt 0.48060000 0.40189999
vt 0.89069998 0.89480001
vt 0.39520001 0.22380000
vt 0.36649999 0.27359998
vt 0.38710001 0.28109998
vt 0.37840000 0.33020002
vt 0.37840000 0.33020002
vt 0.38710001 0.37940001
vt 0.36460000 0.63460004
vt 0.41479999 0.82370001
vt 0.45870000 0.81370002
vt 0.30770001 0.65200001
vt 0.49329999 0.49330002
vt 0.49710479 0.47170001
vt 0.49710000 0.47170001
vt 0.45019999 0.45459998
vt 0.45019999 0.45459998
vt 0.94239998 0.69910002
vt 0.89069998 0.89480001
vt 0.14460000 0.97810000
vt 0.99400002 0.72860003
vt 0.00709999 0.83889997
vt 0.35650000 0.33020002
vt 0.38710001 0.37940001
vt 0.38710001 0.37940001
vt 0.41200000 0.42250001
vt 0.30770001 0.65200001
vt 0.37180001 0.83679998
vt 0.41479999 0.82370001
vt 0.43930000 0.47359997
vt 0.32989261 0.85306370
vt 0.32990000 0.85310012
vt 0.25229999 0.67350000
vt 0.45019999 0.45459998
vt 0.43930000 0.47359997
vt 0.49710000 0.47170001
vt 0.41200000 0.42250001
vt 0.17770000 0.94779998
vt 0.05099999 0.79869998
vt 0.36649999 0.38690001
vt 0.41200000 0.42250001
vt 0.19859990 0.69910002
vt 0.39520001 0.43669999
vt 0.41200000 0.42250001
vt 0.39520001 0.43669999
vt 0.45019999 0.45459998
vt 0.21299990 0.91990000
vt 0.09769999 0.76190001
vt 0.36649999 0.38690001
vt 0.19859990 0.69910002
vt 0.28929999 0.87250012
vt 0.32990000 0.85310012
vt 0.14700000 0.72860003
vt 0.25029999 0.89480001
vt 0.09769999 0.76190001
vt 0.25029999 0.89480001
vt 0.14700000 0.72860003
vt 0.28929999 0.87250012
vt 0.65700001 0.37940001
vt 0.60479999 0.33020002
vt 0.59979999 0.35860002
vt 0.52200001 0.33020002
vt 0.63200003 0.42250001
vt 0.66560000 0.33020002
vt 0.65700001 0.37940001
vt 0.59979999 0.30190003
vt 0.58539999 0.38340002
vt 0.65700001 0.37940001
vt 0.63200003 0.42250001
vt 0.64889997 0.43669999
vt 0.63200003 0.42250001
vt 0.66560000 0.33020002
vt 0.65700001 0.37940001
vt 0.67760003 0.38690001
vt 0.58539999 0.27700001
vt 0.56339997 0.40189999
vt 0.60479999 0.47359997
vt 0.64889997 0.43669999
vt 0.59380001 0.45459998
vt 0.68760002 0.33020002
vt 0.66560000 0.33020002
vt 0.65700001 0.28109998
vt 0.56339997 0.25860000
vt 0.59380001 0.45459998
vt 0.53640002 0.41180003
vt 0.45870051 0.81370038
vt 0.45870000 0.81370002
vt 0.36460051 0.63460040
vt 0.36460000 0.63460004
vt 0.41486469 0.82367682
vt 0.41479999 0.82370001
vt 0.42260051 0.62140036
vt 0.42260000 0.62140000
vt 0.63200003 0.42250001
vt 0.59380001 0.45459998
vt 0.60479999 0.47359997
vt 0.50319999 0.80710000
vt 0.48150000 0.61269999
vt 0.42260000 0.62140000
vt 0.54799998 0.80379999
vt 0.54079998 0.60820001
vt 0.65700001 0.28109998
vt 0.65700001 0.28109998
vt 0.63200003 0.23790002
vt 0.53640002 0.24870002
vt 0.53650630 0.24870002
vt 0.54699999 0.47170001
vt 0.54699999 0.47170001
vt 0.50770003 0.41180003
vt 0.50759369 0.41180003
vt 0.50319999 0.80710000
vt 0.30770001 0.65200001
vt 0.55080003 0.49330002
vt 0.60020000 0.60820001
vt 0.67760003 0.27359998
vt 0.63200003 0.23790002
vt 0.63200003 0.23790002
vt 0.59380001 0.20590001
vt 0.50770003 0.24870002
vt 0.59380001 0.45459998
vt 0.54699999 0.47170001
vt 0.55080003 0.49330002
vt 0.49710000 0.47170001
vt 0.48060000 0.40189999
vt 0.30770001 0.65200001
vt 0.37180001 0.83679998
vt 0.41479999 0.82370001
vt 0.59299999 0.80379999
vt 0.64889997 0.22380000
vt 0.63200003 0.23790002
vt 0.67760003 0.27359998
vt 0.59380001 0.20590001
vt 0.59380001 0.20590001
vt 0.54699999 0.18879998
vt 0.49710000 0.18879998
vt 0.48060000 0.25860000
vt 0.49329999 0.49330002
vt 0.49719760 0.47170001
vt 0.49710000 0.47170001
vt 0.45019999 0.45459998
vt 0.45019999 0.45459998
vt 0.45860001 0.38340002
vt 0.32989261 0.85306370
vt 0.32990000 0.85310012
vt 0.25229999 0.67350000
vt 0.63779998 0.80710000
vt 0.65960002 0.61269999
vt 0.60020000 0.60820001
vt 0.63779998 0.80710000
vt 0.59380001 0.20590001
vt 0.64889997 0.22380000
vt 0.60479999 0.18690002
vt 0.54699999 0.18879998
vt 0.49710000 0.18879998
vt 0.55080003 0.16720003
vt 0.49329999 0.16720003
vt 0.54690242 0.18879998
vt 0.54699999 0.18879998
vt 0.45860001 0.27700001
vt 0.43930000 0.47359997
vt 0.45019999 0.45459998
vt 0.43930000 0.47359997
vt 0.49710000 0.47170001
vt 0.41200000 0.42250001
vt 0.41200000 0.42250001
vt 0.44430000 0.35860002
vt 0.19859990 0.69910002
vt 0.68229997 0.81370002
vt 0.71840000 0.62140000
vt 0.65960002 0.61269999
vt 0.68229997 0.81370002
vt 0.60479999 0.18690002
vt 0.49710000 0.18879998
vt 0.45019999 0.20590001
vt 0.45019999 0.20590001
vt 0.83329999 0.65200001
vt 0.83334690 0.65196949
vt 0.72615790 0.82363772
vt 0.72619998 0.82370001
vt 0.76920003 0.83679998
vt 0.76926380 0.83681500
vt 0.77640003 0.63460004
vt 0.44430000 0.30190003
vt 0.39520001 0.43669999
vt 0.41200000 0.42250001
vt 0.39520001 0.43669999
vt 0.45019999 0.45459998
vt 0.38710001 0.37940001
vt 0.38710001 0.37940001
vt 0.43930000 0.33020002
vt 0.19859990 0.69910002
vt 0.28929999 0.87250012
vt 0.32990000 0.85310012
vt 0.72619998 0.82370001
vt 0.71840000 0.62140000
vt 0.45019999 0.20590001
vt 0.49329999 0.16720003
vt 0.43930000 0.18690002
vt 0.88874692 0.67346942
vt 0.88870001 0.67350000
vt 0.81114727 0.85306966
vt 0.81110001 0.85310012
vt 0.45019999 0.20590001
vt 0.41200000 0.23790002
vt 0.14700000 0.72860003
vt 0.36649999 0.38690001
vt 0.38710001 0.37940001
vt 0.37840000 0.33020002
vt 0.37840000 0.33020002
vt 0.41200000 0.23790002
vt 0.85170001 0.87250012
vt 0.41200000 0.23790002
vt 0.38710001 0.28109998
vt 0.14700000 0.72860003
vt 0.25029999 0.89480001
vt 0.28929999 0.87250012
vt 0.09769999 0.76190001
vt 0.35650000 0.33020002
vt 0.35650000 0.33020002
vt 0.38710001 0.37940001
vt 0.37840000 0.33020002
vt 0.38710001 0.28109998
vt 0.41200000 0.23790002
vt 0.43930000 0.18690002
vt 0.39520001 0.22380000
vt 0.88870001 0.67350000
vt 0.85170001 0.87250012
vt 0.94239998 0.69910002
vt 0.38710001 0.28109998
vt 0.21299990 0.91990000
vt 0.05099999 0.79869998
vt 0.36649999 0.27359998
vt 0.36649999 0.27359998
vt 0.37840000 0.33020002
vt 0.89069998 0.89480001
vt 0.14460000 0.97810000
vt 0.17770000 0.94779998
vt 0.00709999 0.83889997
vt 0.99400002 0.72860003
vt 0.52200001 0.33020002
vt 0.48060000 0.40189999
vt 0.50770003 0.41180003
vt 0.50759369 0.41180003
vt 0.45019999 0.45459998
vt 0.53640002 0.41180003
vt 0.45860001 0.38340002
vt 0.41200000 0.42250001
vt 0.45019999 0.45459998
vt 0.49710000 0.47170001
vt 0.54699999 0.47170001
vt 0.56339997 0.40189999
vt 0.41200000 0.42250001
vt 0.44430000 0.35860002
vt 0.41200000 0.42250001
vt 0.39520001 0.43669999
vt 0.45019999 0.45459998
vt 0.45019999 0.45459998
vt 0.43930000 0.47359997
vt 0.49710000 0.47170001
vt 0.54699999 0.47170001
vt 0.49329999 0.49330002
vt 0.55080003 0.49330002
vt 0.49719760 0.47170001
vt 0.49710000 0.47170001
vt 0.58539999 0.38340002
vt 0.38710001 0.37940001
vt 0.38710001 0.37940001
vt 0.43930000 0.33020002
vt 0.36649999 0.38690001
vt 0.39520001 0.43669999
vt 0.43930000 0.47359997
vt 0.30770001 0.65200001
vt 0.32989261 0.85306370
vt 0.32990000 0.85310012
vt 0.37180001 0.83679998
vt 0.25229999 0.67350000
vt 0.59380001 0.45459998
vt 0.59380001 0.45459998
vt 0.54699999 0.47170001
vt 0.59979999 0.35860002
vt 0.38710001 0.37940001
vt 0.37840000 0.33020002
vt 0.37840000 0.33020002
vt 0.44430000 0.30190003
vt 0.09769999 0.76190001
vt 0.25029999 0.89480001
vt 0.14700000 0.72860003
vt 0.14700000 0.72860003
vt 0.28929999 0.87250012
vt 0.19859990 0.69910002
vt 0.19859990 0.69910002
vt 0.41479999 0.82370001
vt 0.59380001 0.45459998
vt 0.55080003 0.49330002
vt 0.60479999 0.47359997
vt 0.63200003 0.42250001
vt 0.59380001 0.45459998
vt 0.60479999 0.33020002
vt 0.35650000 0.33020002
vt 0.35650000 0.33020002
vt 0.38710001 0.37940001
vt 0.37840000 0.33020002
vt 0.38710001 0.28109998
vt 0.38710001 0.28109998
vt 0.45860001 0.27700001
vt 0.28929999 0.87250012
vt 0.21299990 0.91990000
vt 0.25029999 0.89480001
vt 0.09769999 0.76190001
vt 0.32990000 0.85310012
vt 0.36460000 0.63460004
vt 0.36465389 0.63460052
vt 0.30770001 0.65200001
vt 0.41479999 0.82370001
vt 0.41491741 0.82367682
vt 0.63200003 0.42250001
vt 0.65700001 0.37940001
vt 0.63200003 0.42250001
vt 0.59979999 0.30190003
vt 0.05099999 0.79869998
vt 0.36649999 0.27359998
vt 0.36649999 0.27359998
vt 0.37840000 0.33020002
vt 0.38710001 0.28109998
vt 0.41200000 0.23790002
vt 0.41200000 0.23790002
vt 0.48060000 0.25860000
vt 0.45875430 0.81370032
vt 0.45870000 0.81370002
vt 0.42265391 0.62140036
vt 0.42260000 0.62140000
vt 0.63200003 0.42250001
vt 0.60479999 0.47359997
vt 0.64889997 0.43669999
vt 0.65700001 0.37940001
vt 0.66560000 0.33020002
vt 0.65700001 0.37940001
vt 0.58539999 0.27700001
vt 0.17770000 0.94779998
vt 0.00709999 0.83889997
vt 0.99400002 0.72860003
vt 0.39520001 0.22380000
vt 0.41200000 0.23790002
vt 0.45019999 0.20590001
vt 0.45019999 0.20590001
vt 0.50770003 0.24870002
vt 0.50319999 0.80710000
vt 0.65700001 0.37940001
vt 0.64889997 0.43669999
vt 0.67760003 0.38690001
vt 0.66560000 0.33020002
vt 0.66560000 0.33020002
vt 0.65700001 0.28109998
vt 0.56339997 0.25860000
vt 0.14460000 0.97810000
vt 0.89069998 0.89480001
vt 0.94239998 0.69910002
vt 0.43930000 0.18690002
vt 0.45019999 0.20590001
vt 0.43930000 0.18690002
vt 0.41200000 0.23790002
vt 0.49710000 0.18879998
vt 0.49710000 0.18879998
vt 0.53640002 0.24870002
vt 0.53650630 0.24870002
vt 0.50319999 0.80710000
vt 0.48150000 0.61269999
vt 0.42260000 0.62140000
vt 0.68760002 0.33020002
vt 0.65700001 0.28109998
vt 0.65700001 0.28109998
vt 0.63200003 0.23790002
vt 0.94239998 0.69910002
vt 0.94235468 0.69906461
vt 0.85170001 0.87250012
vt 0.85165513 0.87246490
vt 0.89069998 0.89480001
vt 0.81106830 0.85311610
vt 0.81110942 0.85304892
vt 0.88865471 0.67346466
vt 0.88870871 0.67344850
vt 0.49329999 0.16720003
vt 0.49710000 0.18879998
vt 0.49329999 0.16720003
vt 0.45019999 0.20590001
vt 0.54699999 0.18879998
vt 0.54799998 0.80379999
vt 0.54079998 0.60820001
vt 0.67760003 0.27359998
vt 0.63200003 0.23790002
vt 0.63200003 0.23790002
vt 0.59380001 0.20590001
vt 0.76922560 0.83679402
vt 0.76920003 0.83679998
vt 0.83330858 0.65194869
vt 0.83329999 0.65200001
vt 0.55080003 0.16720003
vt 0.54699999 0.18879998
vt 0.54690242 0.18879998
vt 0.59380001 0.20590001
vt 0.60020000 0.60820001
vt 0.64889997 0.22380000
vt 0.63200003 0.23790002
vt 0.67760003 0.27359998
vt 0.59380001 0.20590001
vt 0.72615790 0.82363772
vt 0.72619998 0.82370001
vt 0.77640003 0.63460004
vt 0.60479999 0.18690002
vt 0.54699999 0.18879998
vt 0.59380001 0.20590001
vt 0.60479999 0.18690002
vt 0.59299999 0.80379999
vt 0.65960002 0.61269999
vt 0.60020000 0.60820001
vt 0.63779998 0.80710000
vt 0.64889997 0.22380000
vt 0.71840000 0.62140000
vt 0.63779998 0.80710000
vt 0.68229997 0.81370002
vt 0.71840000 0.62140000
vt 0.65960002 0.61269999
vt 0.68229997 0.81370002
vt 0.72619998 0.82370001
vt 0.45860001 0.27700001
vt 0.41200000 0.23790002
vt 0.44430000 0.30190003
vt 0.52200001 0.33020002
vt 0.45019999 0.20590001
vt 0.41200000 0.23790002
vt 0.38710001 0.28109998
vt 0.43930000 0.33020002
vt 0.48060000 0.25860000
vt 0.45019999 0.20590001
vt 0.43930000 0.18690002
vt 0.41200000 0.23790002
vt 0.45019999 0.20590001
vt 0.39520001 0.22380000
vt 0.38710001 0.28109998
vt 0.41200000 0.23790002
vt 0.44430000 0.35860002
vt 0.50770003 0.24870002
vt 0.49329999 0.16720003
vt 0.43930000 0.18690002
vt 0.49710000 0.18879998
vt 0.39520001 0.22380000
vt 0.36649999 0.27359998
vt 0.38710001 0.28109998
vt 0.38710001 0.28109998
vt 0.37840000 0.33020002
vt 0.45860001 0.38340002
vt 0.49710000 0.18879998
vt 0.53640002 0.24870002
vt 0.53645277 0.24870002
vt 0.88874322 0.67346668
vt 0.88870001 0.67350000
vt 0.76926011 0.83681232
vt 0.76920003 0.83679998
vt 0.81114358 0.85306692
vt 0.81110001 0.85310012
vt 0.83334321 0.65196681
vt 0.83329999 0.65200001
vt 0.49710000 0.18879998
vt 0.49329999 0.16720003
vt 0.45019999 0.20590001
vt 0.88870001 0.67350000
vt 0.85170001 0.87250012
vt 0.94239998 0.69910002
vt 0.94239998 0.69910002
vt 0.89069998 0.89480001
vt 0.14460000 0.97810000
vt 0.99400002 0.72860003
vt 0.00709999 0.83889997
vt 0.37840000 0.33020002
vt 0.37840000 0.33020002
vt 0.38710001 0.37940001
vt 0.48060000 0.40189999
vt 0.54699999 0.18879998
vt 0.56339997 0.25860000
vt 0.85170001 0.87250012
vt 0.72615790 0.82363772
vt 0.72619998 0.82370001
vt 0.77640003 0.63460004
vt 0.55080003 0.16720003
vt 0.54699522 0.18879998
vt 0.54699999 0.18879998
vt 0.89069998 0.89480001
vt 0.17770000 0.94779998
vt 0.35650000 0.33020002
vt 0.38710001 0.37940001
vt 0.38710001 0.37940001
vt 0.41200000 0.42250001
vt 0.50770003 0.41180003
vt 0.50764722 0.41180003
vt 0.59380001 0.20590001
vt 0.59380001 0.20590001
vt 0.58539999 0.27700001
vt 0.71840000 0.62140000
vt 0.60479999 0.18690002
vt 0.05099999 0.79869998
vt 0.36649999 0.38690001
vt 0.41200000 0.42250001
vt 0.41200000 0.42250001
vt 0.45019999 0.45459998
vt 0.53640002 0.41180003
vt 0.54699999 0.18879998
vt 0.59380001 0.20590001
vt 0.60479999 0.18690002
vt 0.63200003 0.23790002
vt 0.63200003 0.23790002
vt 0.59979999 0.30190003
vt 0.71840000 0.62140000
vt 0.68229997 0.81370002
vt 0.72619998 0.82370001
vt 0.21299990 0.91990000
vt 0.09769999 0.76190001
vt 0.36649999 0.38690001
vt 0.39520001 0.43669999
vt 0.41200000 0.42250001
vt 0.45019999 0.45459998
vt 0.45019999 0.45459998
vt 0.49710000 0.47170001
vt 0.54699999 0.47170001
vt 0.56339997 0.40189999
vt 0.64889997 0.22380000
vt 0.63200003 0.23790002
vt 0.65700001 0.28109998
vt 0.65700001 0.28109998
vt 0.60479999 0.33020002
vt 0.65960002 0.61269999
vt 0.25029999 0.89480001
vt 0.09769999 0.76190001
vt 0.25029999 0.89480001
vt 0.14700000 0.72860003
vt 0.45019999 0.45459998
vt 0.39520001 0.43669999
vt 0.43930000 0.47359997
vt 0.49710000 0.47170001
vt 0.54699999 0.47170001
vt 0.49329999 0.49330002
vt 0.55080003 0.49330002
vt 0.49710479 0.47170001
vt 0.49710000 0.47170001
vt 0.58539999 0.38340002
vt 0.67760003 0.27359998
vt 0.63200003 0.23790002
vt 0.65700001 0.28109998
vt 0.67760003 0.27359998
vt 0.66560000 0.33020002
vt 0.66560000 0.33020002
vt 0.59979999 0.35860002
vt 0.65960002 0.61269999
vt 0.63779998 0.80710000
vt 0.68229997 0.81370002
vt 0.28929999 0.87250012
vt 0.14700000 0.72860003
vt 0.28929999 0.87250012
vt 0.19859990 0.69910002
vt 0.43930000 0.47359997
vt 0.59380001 0.45459998
vt 0.54699999 0.47170001
vt 0.59380001 0.45459998
vt 0.30770001 0.65200001
vt 0.32989261 0.85306370
vt 0.32990000 0.85310012
vt 0.37180001 0.83679998
vt 0.25229999 0.67350000
vt 0.60020000 0.60820001
vt 0.68760002 0.33020002
vt 0.66560000 0.33020002
vt 0.65700001 0.37940001
vt 0.65700001 0.37940001
vt 0.32990000 0.85310012
vt 0.19859990 0.69910002
vt 0.59380001 0.45459998
vt 0.55080003 0.49330002
vt 0.60479999 0.47359997
vt 0.41479999 0.82370001
vt 0.63200003 0.42250001
vt 0.59380001 0.45459998
vt 0.63779998 0.80710000
vt 0.60020000 0.60820001
vt 0.59299999 0.80379999
vt 0.60020000 0.60820001
vt 0.54079998 0.60820001
vt 0.54799998 0.80379999
vt 0.67760003 0.38690001
vt 0.65700001 0.37940001
vt 0.63200003 0.42250001
vt 0.36460000 0.63460004
vt 0.30770001 0.65200001
vt 0.41479999 0.82370001
vt 0.63200003 0.42250001
vt 0.54799998 0.80379999
vt 0.48150000 0.61269999
vt 0.64889997 0.43669999
vt 0.65700001 0.37940001
vt 0.64889997 0.43669999
vt 0.45870000 0.81370002
vt 0.54799998 0.80379999
vt 0.48150000 0.61269999
vt 0.50319999 0.80710000
vt 0.42260000 0.62140000
vt 0.42260000 0.62140000
vt 0.36460000 0.63460004
vt 0.45870000 0.81370002
vt 0.50319999 0.80710000
vt 0.50770003 0.41180003
vt 0.48060000 0.40189999
vt 0.45019999 0.45459998
vt 0.52200001 0.33020002
vt 0.41200000 0.42250001
vt 0.45019999 0.45459998
vt 0.49710000 0.47170001
vt 0.53640002 0.41180003
vt 0.45860001 0.38340002
vt 0.41200000 0.42250001
vt 0.39520001 0.43669999
vt 0.45019999 0.45459998
vt 0.41200000 0.42250001
vt 0.45019999 0.45459998
vt 0.43930000 0.47359997
vt 0.49710000 0.47170001
vt 0.56339997 0.40189999
vt 0.44430000 0.35860002
vt 0.36649999 0.38690001
vt 0.39520001 0.43669999
vt 0.38710001 0.37940001
vt 0.49710000 0.47170001
vt 0.43930000 0.47359997
vt 0.49329999 0.49330002
vt 0.54699999 0.47170001
vt 0.49710000 0.47170001
vt 0.58539999 0.38340002
vt 0.38710001 0.37940001
vt 0.43930000 0.33020002
vt 0.09769999 0.76190001
vt 0.25029999 0.89480001
vt 0.14700000 0.72860003
vt 0.38710001 0.37940001
vt 0.14700000 0.72860003
vt 0.28929999 0.87250012
vt 0.19859990 0.69910002
vt 0.19859990 0.69910002
vt 0.32990000 0.85310012
vt 0.25229999 0.67350000
vt 0.54699999 0.47170001
vt 0.59380001 0.45459998
vt 0.54699999 0.47170001
vt 0.59979999 0.35860002
vt 0.37840000 0.33020002
vt 0.37840000 0.33020002
vt 0.44430000 0.30190003
vt 0.28929999 0.87250012
vt 0.21299990 0.91990000
vt 0.25029999 0.89480001
vt 0.09769999 0.76190001
vt 0.35650000 0.33020002
vt 0.32990000 0.85310012
vt 0.37180001 0.83679998
vt 0.54699999 0.47170001
vt 0.49329999 0.49330002
vt 0.55080003 0.49330002
vt 0.59380001 0.45459998
vt 0.63200003 0.42250001
vt 0.59380001 0.45459998
vt 0.60479999 0.33020002
vt 0.37840000 0.33020002
vt 0.38710001 0.28109998
vt 0.38710001 0.28109998
vt 0.45860001 0.27700001
vt 0.05099999 0.79869998
vt 0.30770001 0.65200001
vt 0.25229999 0.67350000
vt 0.37180001 0.83679998
vt 0.59380001 0.45459998
vt 0.55080003 0.49330002
vt 0.60479999 0.47359997
vt 0.63200003 0.42250001
vt 0.65700001 0.37940001
vt 0.63200003 0.42250001
vt 0.59979999 0.30190003
vt 0.36649999 0.27359998
vt 0.38710001 0.28109998
vt 0.41200000 0.23790002
vt 0.41200000 0.23790002
vt 0.48060000 0.25860000
vt 0.17770000 0.94779998
vt 0.21299990 0.91990000
vt 0.05099999 0.79869998
vt 0.41479999 0.82370001
vt 0.36460000 0.63460004
vt 0.30770001 0.65200001
vt 0.41479999 0.82370001
vt 0.63200003 0.42250001
vt 0.60479999 0.47359997
vt 0.64889997 0.43669999
vt 0.65700001 0.37940001
vt 0.66560000 0.33020002
vt 0.65700001 0.37940001
vt 0.58539999 0.27700001
vt 0.00709999 0.83889997
vt 0.39520001 0.22380000
vt 0.41200000 0.23790002
vt 0.45019999 0.20590001
vt 0.45019999 0.20590001
vt 0.50770003 0.24870002
vt 0.45870000 0.81370002
vt 0.42260000 0.62140000
vt 0.36460000 0.63460004
vt 0.45870000 0.81370002
vt 0.65700001 0.37940001
vt 0.64889997 0.43669999
vt 0.67760003 0.38690001
vt 0.66560000 0.33020002
vt 0.66560000 0.33020002
vt 0.65700001 0.28109998
vt 0.56339997 0.25860000
vt 0.00709999 0.83889997
vt 0.99400002 0.72860003
vt 0.14460000 0.97810000
vt 0.89069998 0.89480001
vt 0.17770000 0.94779998
vt 0.94239998 0.69910002
vt 0.43930000 0.18690002
vt 0.45019999 0.20590001
vt 0.43930000 0.18690002
vt 0.41200000 0.23790002
vt 0.49710000 0.18879998
vt 0.49710000 0.18879998
vt 0.53640002 0.24870002
vt 0.53645277 0.24870002
vt 0.50319999 0.80710000
vt 0.50319999 0.80710000
vt 0.48150000 0.61269999
vt 0.42260000 0.62140000
vt 0.68760002 0.33020002
vt 0.65700001 0.28109998
vt 0.65700001 0.28109998
vt 0.63200003 0.23790002
vt 0.94239998 0.69910002
vt 0.85170001 0.87250012
vt 0.89069998 0.89480001
vt 0.88870001 0.67350000
vt 0.49329999 0.16720003
vt 0.49710000 0.18879998
vt 0.49329999 0.16720003
vt 0.45019999 0.20590001
vt 0.54699999 0.18879998
vt 0.54799998 0.80379999
vt 0.54079998 0.60820001
vt 0.67760003 0.27359998
vt 0.63200003 0.23790002
vt 0.63200003 0.23790002
vt 0.59380001 0.20590001
vt 0.88870001 0.67350000
vt 0.81110001 0.85310012
vt 0.85170001 0.87250012
vt 0.83329999 0.65200001
vt 0.55080003 0.16720003
vt 0.54699522 0.18879998
vt 0.54699999 0.18879998
vt 0.59380001 0.20590001
vt 0.60020000 0.60820001
vt 0.64889997 0.22380000
vt 0.63200003 0.23790002
vt 0.67760003 0.27359998
vt 0.59380001 0.20590001
vt 0.83329999 0.65200001
vt 0.76920003 0.83679998
vt 0.81110001 0.85310012
vt 0.60479999 0.18690002
vt 0.72615790 0.82363772
vt 0.72619998 0.82370001
vt 0.77640003 0.63460004
vt 0.54699999 0.18879998
vt 0.59380001 0.20590001
vt 0.60479999 0.18690002
vt 0.59299999 0.80379999
vt 0.65960002 0.61269999
vt 0.60020000 0.60820001
vt 0.63779998 0.80710000
vt 0.64889997 0.22380000
vt 0.71840000 0.62140000
vt 0.63779998 0.80710000
vt 0.68229997 0.81370002
vt 0.71840000 0.62140000
vt 0.65960002 0.61269999
vt 0.68229997 0.81370002
vt 0.72619998 0.82370001
vt 0.50770003 0.41180003
vt 0.50764722 0.41180003
vt 0.48060000 0.40189999
vt 0.45019999 0.45459998
vt 0.52200001 0.33020002
vt 0.41200000 0.42250001
vt 0.45019999 0.45459998
vt 0.49710000 0.47170001
vt 0.53640002 0.41180003
vt 0.45860001 0.38340002
vt 0.41200000 0.42250001
vt 0.39520001 0.43669999
vt 0.45019999 0.45459998
vt 0.41200000 0.42250001
vt 0.45019999 0.45459998
vt 0.43930000 0.47359997
vt 0.49710000 0.47170001
vt 0.54699999 0.47170001
vt 0.56339997 0.40189999
vt 0.44430000 0.35860002
vt 0.36649999 0.38690001
vt 0.39520001 0.43669999
vt 0.38710001 0.37940001
vt 0.49710000 0.47170001
vt 0.49710479 0.47170001
vt 0.43930000 0.47359997
vt 0.49329999 0.49330002
vt 0.54699999 0.47170001
vt 0.55080003 0.49330002
vt 0.58539999 0.38340002
vt 0.38710001 0.37940001
vt 0.43930000 0.33020002
vt 0.09769999 0.76190001
vt 0.25029999 0.89480001
vt 0.14700000 0.72860003
vt 0.38710001 0.37940001
vt 0.14700000 0.72860003
vt 0.28929999 0.87250012
vt 0.19859990 0.69910002
vt 0.19859990 0.69910002
vt 0.32990000 0.85310012
vt 0.32989261 0.85306370
vt 0.25229999 0.67350000
vt 0.59380001 0.45459998
vt 0.54699999 0.47170001
vt 0.59380001 0.45459998
vt 0.30770001 0.65200001
vt 0.37180001 0.83679998
vt 0.59979999 0.35860002
vt 0.37840000 0.33020002
vt 0.37840000 0.33020002
vt 0.44430000 0.30190003
vt 0.28929999 0.87250012
vt 0.21299990 0.91990000
vt 0.25029999 0.89480001
vt 0.09769999 0.76190001
vt 0.35650000 0.33020002
vt 0.32990000 0.85310012
vt 0.59380001 0.45459998
vt 0.55080003 0.49330002
vt 0.60479999 0.47359997
vt 0.41479999 0.82370001
vt 0.63200003 0.42250001
vt 0.59380001 0.45459998
vt 0.60479999 0.33020002
vt 0.37840000 0.33020002
vt 0.38710001 0.28109998
vt 0.38710001 0.28109998
vt 0.45860001 0.27700001
vt 0.05099999 0.79869998
vt 0.36460000 0.63460004
vt 0.30770001 0.65200001
vt 0.41479999 0.82370001
vt 0.63200003 0.42250001
vt 0.65700001 0.37940001
vt 0.63200003 0.42250001
vt 0.59979999 0.30190003
vt 0.36649999 0.27359998
vt 0.38710001 0.28109998
vt 0.41200000 0.23790002
vt 0.41200000 0.23790002
vt 0.48060000 0.25860000
vt 0.17770000 0.94779998
vt 0.21299990 0.91990000
vt 0.05099999 0.79869998
vt 0.45870000 0.81370002
vt 0.63200003 0.42250001
vt 0.60479999 0.47359997
vt 0.64889997 0.43669999
vt 0.65700001 0.37940001
vt 0.66560000 0.33020002
vt 0.65700001 0.37940001
vt 0.58539999 0.27700001
vt 0.00709999 0.83889997
vt 0.39520001 0.22380000
vt 0.41200000 0.23790002
vt 0.45019999 0.20590001
vt 0.45019999 0.20590001
vt 0.50770003 0.24870002
vt 0.42260000 0.62140000
vt 0.36460000 0.63460004
vt 0.45870000 0.81370002
vt 0.65700001 0.37940001
vt 0.64889997 0.43669999
vt 0.67760003 0.38690001
vt 0.66560000 0.33020002
vt 0.66560000 0.33020002
vt 0.65700001 0.28109998
vt 0.56339997 0.25860000
vt 0.00709999 0.83889997
vt 0.99400002 0.72860003
vt 0.14460000 0.97810000
vt 0.89069998 0.89480001
vt 0.17770000 0.94779998
vt 0.94239998 0.69910002
vt 0.43930000 0.18690002
vt 0.45019999 0.20590001
vt 0.43930000 0.18690002
vt 0.41200000 0.23790002
vt 0.49710000 0.18879998
vt 0.49710000 0.18879998
vt 0.53640002 0.24870002
vt 0.53645277 0.24870002
vt 0.50319999 0.80710000
vt 0.50319999 0.80710000
vt 0.48150000 0.61269999
vt 0.42260000 0.62140000
vt 0.68760002 0.33020002
vt 0.65700001 0.28109998
vt 0.65700001 0.28109998
vt 0.63200003 0.23790002
vt 0.94239998 0.69910002
vt 0.85170001 0.87250012
vt 0.89069998 0.89480001
vt 0.88870001 0.67350000
vt 0.49329999 0.16720003
vt 0.49710000 0.18879998
vt 0.49329999 0.16720003
vt 0.45019999 0.20590001
vt 0.54699999 0.18879998
vt 0.54799998 0.80379999
vt 0.54079998 0.60820001
vt 0.67760003 0.27359998
vt 0.63200003 0.23790002
vt 0.63200003 0.23790002
vt 0.59380001 0.20590001
vt 0.88870001 0.67350000
vt 0.81110001 0.85310012
vt 0.85170001 0.87250012
vt 0.83329999 0.65200001
vt 0.55080003 0.16720003
vt 0.54699522 0.18879998
vt 0.54699999 0.18879998
vt 0.59380001 0.20590001
vt 0.60020000 0.60820001
vt 0.64889997 0.22380000
vt 0.63200003 0.23790002
vt 0.67760003 0.27359998
vt 0.59380001 0.20590001
vt 0.83329999 0.65200001
vt 0.76920003 0.83679998
vt 0.81110001 0.85310012
vt 0.60479999 0.18690002
vt 0.72615790 0.82363772
vt 0.72619998 0.82370001
vt 0.77640003 0.63460004
vt 0.54699999 0.18879998
vt 0.59380001 0.20590001
vt 0.60479999 0.18690002
vt 0.59299999 0.80379999
vt 0.65960002 0.61269999
vt 0.60020000 0.60820001
vt 0.63779998 0.80710000
vt 0.64889997 0.22380000
vt 0.71840000 0.62140000
vt 0.63779998 0.80710000
vt 0.68229997 0.81370002
vt 0.71840000 0.62140000
vt 0.65960002 0.61269999
vt 0.68229997 0.81370002
vt 0.72619998 0.82370001
vt 0.36649999 0.27359998
vt 0.35650000 0.33020002
vt 0.37840000 0.33020002
vt 0.00709999 0.83889997
vt 0.17770000 0.94779998
vt 0.05099999 0.79869998
vt 0.38710001 0.37940001
vt 0.38710001 0.28109998
vt 0.21299990 0.91990000
vt 0.00709999 0.83889997
vt 0.99400002 0.72860003
vt 0.14460000 0.97810000
vt 0.89069998 0.89480001
vt 0.17770000 0.94779998
vt 0.44430000 0.35860002
vt 0.37840000 0.33020002
vt 0.38710001 0.37940001
vt 0.36649999 0.38690001
vt 0.43930000 0.33020002
vt 0.38710001 0.28109998
vt 0.37840000 0.33020002
vt 0.39520001 0.22380000
vt 0.05099999 0.79869998
vt 0.21299990 0.91990000
vt 0.09769999 0.76190001
vt 0.94239998 0.69910002
vt 0.45860001 0.38340002
vt 0.41200000 0.42250001
vt 0.44430000 0.30190003
vt 0.38710001 0.28109998
vt 0.41200000 0.23790002
vt 0.25029999 0.89480001
vt 0.94239998 0.69910002
vt 0.94235098 0.69906306
vt 0.85170001 0.87250012
vt 0.85165137 0.87246341
vt 0.89069998 0.89480001
vt 0.52200001 0.33020002
vt 0.38710001 0.37940001
vt 0.41200000 0.42250001
vt 0.39520001 0.43669999
vt 0.41200000 0.23790002
vt 0.43930000 0.18690002
vt 0.09769999 0.76190001
vt 0.25029999 0.89480001
vt 0.14700000 0.72860003
vt 0.81106460 0.85311449
vt 0.81110001 0.85310012
vt 0.88865089 0.67346323
vt 0.88870001 0.67350000
vt 0.48060000 0.40189999
vt 0.45019999 0.45459998
vt 0.45860001 0.27700001
vt 0.41200000 0.23790002
vt 0.45019999 0.20590001
vt 0.43930000 0.18690002
vt 0.41200000 0.23790002
vt 0.28929999 0.87250012
vt 0.83329999 0.65200001
vt 0.50770003 0.41180003
vt 0.50764722 0.41180003
vt 0.41200000 0.42250001
vt 0.45019999 0.45459998
vt 0.45019999 0.45459998
vt 0.39520001 0.43669999
vt 0.43930000 0.47359997
vt 0.48060000 0.25860000
vt 0.45019999 0.20590001
vt 0.49329999 0.16720003
vt 0.14700000 0.72860003
vt 0.28929999 0.87250012
vt 0.19859990 0.69910002
vt 0.83329999 0.65200001
vt 0.76920003 0.83679998
vt 0.81110001 0.85310012
vt 0.53640002 0.41180003
vt 0.49710000 0.47170001
vt 0.45019999 0.20590001
vt 0.50770003 0.24870002
vt 0.49710000 0.18879998
vt 0.49329999 0.16720003
vt 0.45019999 0.20590001
vt 0.32990000 0.85310012
vt 0.72615790 0.82363772
vt 0.72619998 0.82370001
vt 0.77640003 0.63460004
vt 0.45019999 0.45459998
vt 0.49710000 0.47170001
vt 0.54699999 0.47170001
vt 0.56339997 0.40189999
vt 0.49710000 0.47170001
vt 0.49710479 0.47170001
vt 0.43930000 0.47359997
vt 0.49329999 0.49330002
vt 0.49710000 0.18879998
vt 0.49710000 0.18879998
vt 0.53640002 0.24870002
vt 0.53645277 0.24870002
vt 0.55080003 0.16720003
vt 0.54699522 0.18879998
vt 0.54699999 0.18879998
vt 0.19859990 0.69910002
vt 0.32990000 0.85310012
vt 0.32989261 0.85306370
vt 0.25229999 0.67350000
vt 0.71840000 0.62140000
vt 0.54699999 0.47170001
vt 0.55080003 0.49330002
vt 0.58539999 0.38340002
vt 0.54699999 0.18879998
vt 0.56339997 0.25860000
vt 0.60479999 0.18690002
vt 0.30770001 0.65200001
vt 0.37180001 0.83679998
vt 0.71840000 0.62140000
vt 0.68229997 0.81370002
vt 0.72619998 0.82370001
vt 0.59380001 0.45459998
vt 0.54699999 0.47170001
vt 0.59380001 0.45459998
vt 0.59979999 0.35860002
vt 0.59380001 0.20590001
vt 0.59380001 0.20590001
vt 0.58539999 0.27700001
vt 0.54699999 0.18879998
vt 0.59380001 0.20590001
vt 0.60479999 0.18690002
vt 0.41479999 0.82370001
vt 0.65960002 0.61269999
vt 0.59380001 0.45459998
vt 0.55080003 0.49330002
vt 0.60479999 0.47359997
vt 0.63200003 0.42250001
vt 0.59380001 0.45459998
vt 0.60479999 0.33020002
vt 0.63200003 0.23790002
vt 0.63200003 0.23790002
vt 0.59979999 0.30190003
vt 0.64889997 0.22380000
vt 0.36460000 0.63460004
vt 0.36465779 0.63459933
vt 0.30770001 0.65200001
vt 0.41479999 0.82370001
vt 0.41492131 0.82367563
vt 0.65960002 0.61269999
vt 0.63779998 0.80710000
vt 0.68229997 0.81370002
vt 0.63200003 0.42250001
vt 0.65700001 0.37940001
vt 0.63200003 0.42250001
vt 0.59380001 0.20590001
vt 0.63200003 0.23790002
vt 0.64889997 0.22380000
vt 0.65700001 0.28109998
vt 0.65700001 0.28109998
vt 0.45875821 0.81369913
vt 0.45870000 0.81370002
vt 0.42265779 0.62139916
vt 0.42260000 0.62140000
vt 0.60020000 0.60820001
vt 0.63200003 0.42250001
vt 0.60479999 0.47359997
vt 0.64889997 0.43669999
vt 0.65700001 0.37940001
vt 0.66560000 0.33020002
vt 0.65700001 0.37940001
vt 0.67760003 0.27359998
vt 0.63200003 0.23790002
vt 0.65700001 0.28109998
vt 0.67760003 0.27359998
vt 0.66560000 0.33020002
vt 0.50319999 0.80710000
vt 0.63779998 0.80710000
vt 0.60020000 0.60820001
vt 0.59299999 0.80379999
vt 0.65700001 0.37940001
vt 0.64889997 0.43669999
vt 0.67760003 0.38690001
vt 0.66560000 0.33020002
vt 0.68760002 0.33020002
vt 0.50319999 0.80710000
vt 0.48150000 0.61269999
vt 0.42260000 0.62140000
vt 0.54799998 0.80379999
vt 0.54079998 0.60820001
vt 0.65700001 0.37940001
vt 0.60479999 0.33020002
vt 0.59979999 0.35860002
vt 0.52200001 0.33020002
vt 0.63200003 0.42250001
vt 0.66560000 0.33020002
vt 0.65700001 0.37940001
vt 0.59979999 0.30190003
vt 0.58539999 0.38340002
vt 0.65700001 0.37940001
vt 0.63200003 0.42250001
vt 0.64889997 0.43669999
vt 0.63200003 0.42250001
vt 0.66560000 0.33020002
vt 0.65700001 0.37940001
vt 0.67760003 0.38690001
vt 0.58539999 0.27700001
vt 0.56339997 0.40189999
vt 0.60479999 0.47359997
vt 0.64889997 0.43669999
vt 0.59380001 0.45459998
vt 0.68760002 0.33020002
vt 0.66560000 0.33020002
vt 0.65700001 0.28109998
vt 0.56339997 0.25860000
vt 0.59380001 0.45459998
vt 0.53640002 0.41180003
vt 0.42260000 0.62140000
vt 0.36460000 0.63460004
vt 0.45870000 0.81370002
vt 0.63200003 0.42250001
vt 0.59380001 0.45459998
vt 0.60479999 0.47359997
vt 0.50319999 0.80710000
vt 0.48150000 0.61269999
vt 0.42260000 0.62140000
vt 0.54799998 0.80379999
vt 0.54079998 0.60820001
vt 0.65700001 0.28109998
vt 0.65700001 0.28109998
vt 0.63200003 0.23790002
vt 0.53640002 0.24870002
vt 0.53650630 0.24870002
vt 0.54699999 0.47170001
vt 0.54699999 0.47170001
vt 0.50770003 0.41180003
vt 0.50759369 0.41180003
vt 0.50319999 0.80710000
vt 0.36460000 0.63460004
vt 0.41479999 0.82370001
vt 0.45870000 0.81370002
vt 0.55080003 0.49330002
vt 0.60020000 0.60820001
vt 0.67760003 0.27359998
vt 0.63200003 0.23790002
vt 0.63200003 0.23790002
vt 0.59380001 0.20590001
vt 0.50770003 0.24870002
vt 0.59380001 0.45459998
vt 0.54699999 0.47170001
vt 0.55080003 0.49330002
vt 0.49710000 0.47170001
vt 0.48060000 0.40189999
vt 0.30770001 0.65200001
vt 0.59299999 0.80379999
vt 0.64889997 0.22380000
vt 0.63200003 0.23790002
vt 0.67760003 0.27359998
vt 0.59380001 0.20590001
vt 0.59380001 0.20590001
vt 0.54699999 0.18879998
vt 0.49710000 0.18879998
vt 0.48060000 0.25860000
vt 0.49329999 0.49330002
vt 0.49719760 0.47170001
vt 0.49710000 0.47170001
vt 0.45019999 0.45459998
vt 0.45019999 0.45459998
vt 0.45860001 0.38340002
vt 0.30770001 0.65200001
vt 0.37180001 0.83679998
vt 0.41479999 0.82370001
vt 0.63779998 0.80710000
vt 0.65960002 0.61269999
vt 0.60020000 0.60820001
vt 0.63779998 0.80710000
vt 0.59380001 0.20590001
vt 0.64889997 0.22380000
vt 0.60479999 0.18690002
vt 0.54699999 0.18879998
vt 0.49710000 0.18879998
vt 0.55080003 0.16720003
vt 0.49329999 0.16720003
vt 0.54690242 0.18879998
vt 0.54699999 0.18879998
vt 0.45860001 0.27700001
vt 0.43930000 0.47359997
vt 0.32989261 0.85306370
vt 0.32990000 0.85310012
vt 0.25229999 0.67350000
vt 0.45019999 0.45459998
vt 0.43930000 0.47359997
vt 0.49710000 0.47170001
vt 0.41200000 0.42250001
vt 0.41200000 0.42250001
vt 0.44430000 0.35860002
vt 0.68229997 0.81370002
vt 0.71840000 0.62140000
vt 0.65960002 0.61269999
vt 0.68229997 0.81370002
vt 0.60479999 0.18690002
vt 0.49710000 0.18879998
vt 0.45019999 0.20590001
vt 0.45019999 0.20590001
vt 0.83329999 0.65200001
vt 0.83333021 0.65194893
vt 0.72615790 0.82363772
vt 0.72619998 0.82370001
vt 0.76920003 0.83679998
vt 0.76924717 0.83679420
vt 0.77640003 0.63460004
vt 0.44430000 0.30190003
vt 0.19859990 0.69910002
vt 0.39520001 0.43669999
vt 0.41200000 0.42250001
vt 0.39520001 0.43669999
vt 0.45019999 0.45459998
vt 0.38710001 0.37940001
vt 0.38710001 0.37940001
vt 0.43930000 0.33020002
vt 0.72619998 0.82370001
vt 0.71840000 0.62140000
vt 0.45019999 0.20590001
vt 0.49329999 0.16720003
vt 0.43930000 0.18690002
vt 0.88873029 0.67344868
vt 0.88870001 0.67350000
vt 0.81113100 0.85304910
vt 0.81110001 0.85310012
vt 0.45019999 0.20590001
vt 0.41200000 0.23790002
vt 0.19859990 0.69910002
vt 0.28929999 0.87250012
vt 0.32990000 0.85310012
vt 0.14700000 0.72860003
vt 0.36649999 0.38690001
vt 0.38710001 0.37940001
vt 0.37840000 0.33020002
vt 0.37840000 0.33020002
vt 0.41200000 0.23790002
vt 0.85170001 0.87250012
vt 0.41200000 0.23790002
vt 0.38710001 0.28109998
vt 0.14700000 0.72860003
vt 0.25029999 0.89480001
vt 0.28929999 0.87250012
vt 0.09769999 0.76190001
vt 0.35650000 0.33020002
vt 0.35650000 0.33020002
vt 0.38710001 0.37940001
vt 0.37840000 0.33020002
vt 0.38710001 0.28109998
vt 0.41200000 0.23790002
vt 0.43930000 0.18690002
vt 0.39520001 0.22380000
vt 0.88870001 0.67350000
vt 0.85170001 0.87250012
vt 0.94239998 0.69910002
vt 0.38710001 0.28109998
vt 0.21299990 0.91990000
vt 0.05099999 0.79869998
vt 0.36649999 0.27359998
vt 0.36649999 0.27359998
vt 0.37840000 0.33020002
vt 0.89069998 0.89480001
vt 0.17770000 0.94779998
vt 0.00709999 0.83889997
vt 0.99400002 0.72860003
vt 0.94239998 0.69910002
vt 0.89069998 0.89480001
vt 0.14460000 0.97810000
vt 0.36649999 0.27359998
vt 0.35650000 0.33020002
vt 0.37840000 0.33020002
vt 0.00709999 0.83889997
vt 0.17770000 0.94779998
vt 0.05099999 0.79869998
vt 0.38710001 0.37940001
vt 0.38710001 0.28109998
vt 0.21299990 0.91990000
vt 0.00709999 0.83889997
vt 0.99400002 0.72860003
vt 0.14460000 0.97810000
vt 0.89069998 0.89480001
vt 0.17770000 0.94779998
vt 0.44430000 0.35860002
vt 0.37840000 0.33020002
vt 0.38710001 0.37940001
vt 0.36649999 0.38690001
vt 0.43930000 0.33020002
vt 0.38710001 0.28109998
vt 0.37840000 0.33020002
vt 0.39520001 0.22380000
vt 0.05099999 0.79869998
vt 0.21299990 0.91990000
vt 0.09769999 0.76190001
vt 0.94239998 0.69910002
vt 0.45860001 0.38340002
vt 0.41200000 0.42250001
vt 0.44430000 0.30190003
vt 0.38710001 0.28109998
vt 0.41200000 0.23790002
vt 0.25029999 0.89480001
vt 0.94239998 0.69910002
vt 0.85170001 0.87250012
vt 0.89069998 0.89480001
vt 0.52200001 0.33020002
vt 0.38710001 0.37940001
vt 0.41200000 0.42250001
vt 0.39520001 0.43669999
vt 0.41200000 0.23790002
vt 0.43930000 0.18690002
vt 0.09769999 0.76190001
vt 0.25029999 0.89480001
vt 0.14700000 0.72860003
vt 0.88870001 0.67350000
vt 0.48060000 0.40189999
vt 0.45019999 0.45459998
vt 0.45860001 0.27700001
vt 0.41200000 0.23790002
vt 0.45019999 0.20590001
vt 0.43930000 0.18690002
vt 0.41200000 0.23790002
vt 0.28929999 0.87250012
vt 0.88870001 0.67350000
vt 0.81110001 0.85310012
vt 0.85170001 0.87250012
vt 0.50770003 0.41180003
vt 0.50764722 0.41180003
vt 0.41200000 0.42250001
vt 0.45019999 0.45459998
vt 0.43930000 0.47359997
vt 0.48060000 0.25860000
vt 0.45019999 0.20590001
vt 0.49329999 0.16720003
vt 0.14700000 0.72860003
vt 0.28929999 0.87250012
vt 0.28937161 0.87242091
vt 0.19859990 0.69910002
vt 0.83329999 0.65200001
vt 0.53640002 0.41180003
vt 0.49710000 0.47170001
vt 0.45019999 0.20590001
vt 0.50770003 0.24870002
vt 0.49710000 0.18879998
vt 0.49329999 0.16720003
vt 0.45019999 0.20590001
vt 0.25229999 0.67350000
vt 0.32990000 0.85310012
vt 0.32989261 0.85306370
vt 0.83329999 0.65200001
vt 0.76920003 0.83679998
vt 0.81110001 0.85310012
vt 0.45019999 0.45459998
vt 0.49710000 0.47170001
vt 0.54699999 0.47170001
vt 0.56339997 0.40189999
vt 0.49710000 0.47170001
vt 0.49710479 0.47170001
vt 0.43930000 0.47359997
vt 0.49329999 0.49330002
vt 0.49710000 0.18879998
vt 0.49710000 0.18879998
vt 0.53640002 0.24870002
vt 0.53645277 0.24870002
vt 0.55080003 0.16720003
vt 0.54699522 0.18879998
vt 0.54699999 0.18879998
vt 0.30770001 0.65200001
vt 0.37180001 0.83679998
vt 0.72615790 0.82363772
vt 0.72619998 0.82370001
vt 0.77640003 0.63460004
vt 0.54699999 0.47170001
vt 0.55080003 0.49330002
vt 0.58539999 0.38340002
vt 0.54699999 0.18879998
vt 0.56339997 0.25860000
vt 0.60479999 0.18690002
vt 0.41479999 0.82370001
vt 0.71840000 0.62140000
vt 0.59380001 0.45459998
vt 0.54699999 0.47170001
vt 0.59380001 0.45459998
vt 0.59979999 0.35860002
vt 0.59380001 0.20590001
vt 0.59380001 0.20590001
vt 0.58539999 0.27700001
vt 0.54699999 0.18879998
vt 0.59380001 0.20590001
vt 0.60479999 0.18690002
vt 0.36460000 0.63460004
vt 0.71840000 0.62140000
vt 0.68229997 0.81370002
vt 0.72619998 0.82370001
vt 0.59380001 0.45459998
vt 0.55080003 0.49330002
vt 0.60479999 0.47359997
vt 0.63200003 0.42250001
vt 0.59380001 0.45459998
vt 0.60479999 0.33020002
vt 0.63200003 0.23790002
vt 0.63200003 0.23790002
vt 0.59979999 0.30190003
vt 0.64889997 0.22380000
vt 0.45870000 0.81370002
vt 0.65960002 0.61269999
vt 0.63200003 0.42250001
vt 0.65700001 0.37940001
vt 0.63200003 0.42250001
vt 0.59380001 0.20590001
vt 0.63200003 0.23790002
vt 0.64889997 0.22380000
vt 0.65700001 0.28109998
vt 0.65700001 0.28109998
vt 0.42260000 0.62140000
vt 0.36460000 0.63460004
vt 0.45870000 0.81370002
vt 0.65960002 0.61269999
vt 0.63779998 0.80710000
vt 0.68229997 0.81370002
vt 0.64889997 0.43669999
vt 0.65700001 0.37940001
vt 0.66560000 0.33020002
vt 0.65700001 0.37940001
vt 0.67760003 0.27359998
vt 0.63200003 0.23790002
vt 0.65700001 0.28109998
vt 0.67760003 0.27359998
vt 0.66560000 0.33020002
vt 0.50319999 0.80710000
vt 0.60020000 0.60820001
vt 0.65700001 0.37940001
vt 0.64889997 0.43669999
vt 0.67760003 0.38690001
vt 0.66560000 0.33020002
vt 0.68760002 0.33020002
vt 0.50319999 0.80710000
vt 0.48150000 0.61269999
vt 0.42260000 0.62140000
vt 0.63779998 0.80710000
vt 0.60020000 0.60820001
vt 0.59299999 0.80379999
vt 0.54079998 0.60820001
vt 0.54799998 0.80379999
vt 0.52200001 0.33020002
vt 0.48060000 0.40189999
vt 0.50770003 0.41180003
vt 0.50759369 0.41180003
vt 0.45019999 0.45459998
vt 0.53640002 0.41180003
vt 0.45860001 0.38340002
vt 0.41200000 0.42250001
vt 0.45019999 0.45459998
vt 0.49710000 0.47170001
vt 0.54699999 0.47170001
vt 0.56339997 0.40189999
vt 0.41200000 0.42250001
vt 0.44430000 0.35860002
vt 0.41200000 0.42250001
vt 0.39520001 0.43669999
vt 0.45019999 0.45459998
vt 0.43930000 0.47359997
vt 0.49710000 0.47170001
vt 0.54699999 0.47170001
vt 0.49329999 0.49330002
vt 0.55080003 0.49330002
vt 0.49719760 0.47170001
vt 0.49710000 0.47170001
vt 0.58539999 0.38340002
vt 0.38710001 0.37940001
vt 0.38710001 0.37940001
vt 0.43930000 0.33020002
vt 0.36649999 0.38690001
vt 0.43930000 0.47359997
vt 0.30770001 0.65200001
vt 0.32989261 0.85306370
vt 0.32990000 0.85310012
vt 0.37180001 0.83679998
vt 0.37185660 0.83683211
vt 0.25229999 0.67350000
vt 0.59380001 0.45459998
vt 0.59380001 0.45459998
vt 0.54699999 0.47170001
vt 0.59979999 0.35860002
vt 0.38710001 0.37940001
vt 0.36649999 0.38690001
vt 0.41200000 0.42250001
vt 0.37840000 0.33020002
vt 0.37840000 0.33020002
vt 0.44430000 0.30190003
vt 0.09769999 0.76190001
vt 0.25029999 0.89480001
vt 0.14700000 0.72860003
vt 0.14700000 0.72860003
vt 0.28929999 0.87250012
vt 0.19859990 0.69910002
vt 0.19859990 0.69910002
vt 0.41479999 0.82370001
vt 0.36460000 0.63460004
vt 0.59380001 0.45459998
vt 0.55080003 0.49330002
vt 0.60479999 0.47359997
vt 0.63200003 0.42250001
vt 0.59380001 0.45459998
vt 0.60479999 0.33020002
vt 0.35650000 0.33020002
vt 0.35650000 0.33020002
vt 0.38710001 0.37940001
vt 0.37840000 0.33020002
vt 0.38710001 0.28109998
vt 0.38710001 0.28109998
vt 0.45860001 0.27700001
vt 0.28929999 0.87250012
vt 0.21299990 0.91990000
vt 0.25029999 0.89480001
vt 0.09769999 0.76190001
vt 0.32990000 0.85310012
vt 0.45870000 0.81370002
vt 0.63200003 0.42250001
vt 0.65700001 0.37940001
vt 0.63200003 0.42250001
vt 0.59979999 0.30190003
vt 0.05099999 0.79869998
vt 0.36649999 0.27359998
vt 0.36649999 0.27359998
vt 0.37840000 0.33020002
vt 0.38710001 0.28109998
vt 0.41200000 0.23790002
vt 0.41200000 0.23790002
vt 0.48060000 0.25860000
vt 0.42260000 0.62140000
vt 0.36460000 0.63460004
vt 0.45870000 0.81370002
vt 0.63200003 0.42250001
vt 0.60479999 0.47359997
vt 0.64889997 0.43669999
vt 0.65700001 0.37940001
vt 0.66560000 0.33020002
vt 0.65700001 0.37940001
vt 0.58539999 0.27700001
vt 0.17770000 0.94779998
vt 0.00709999 0.83889997
vt 0.99400002 0.72860003
vt 0.39520001 0.22380000
vt 0.41200000 0.23790002
vt 0.45019999 0.20590001
vt 0.45019999 0.20590001
vt 0.50770003 0.24870002
vt 0.50319999 0.80710000
vt 0.65700001 0.37940001
vt 0.64889997 0.43669999
vt 0.67760003 0.38690001
vt 0.66560000 0.33020002
vt 0.66560000 0.33020002
vt 0.65700001 0.28109998
vt 0.56339997 0.25860000
vt 0.14460000 0.97810000
vt 0.89069998 0.89480001
vt 0.94239998 0.69910002
vt 0.43930000 0.18690002
vt 0.45019999 0.20590001
vt 0.43930000 0.18690002
vt 0.41200000 0.23790002
vt 0.49710000 0.18879998
vt 0.49710000 0.18879998
vt 0.53640002 0.24870002
vt 0.53650630 0.24870002
vt 0.48150000 0.61269999
vt 0.68760002 0.33020002
vt 0.65700001 0.28109998
vt 0.65700001 0.28109998
vt 0.63200003 0.23790002
vt 0.94239998 0.69910002
vt 0.85170001 0.87250012
vt 0.89069998 0.89480001
vt 0.88870001 0.67350000
vt 0.49329999 0.16720003
vt 0.49710000 0.18879998
vt 0.49329999 0.16720003
vt 0.45019999 0.20590001
vt 0.54699999 0.18879998
vt 0.54799998 0.80379999
vt 0.54079998 0.60820001
vt 0.67760003 0.27359998
vt 0.63200003 0.23790002
vt 0.63200003 0.23790002
vt 0.59380001 0.20590001
vt 0.88870001 0.67350000
vt 0.81110001 0.85310012
vt 0.85170001 0.87250012
vt 0.83329999 0.65200001
vt 0.55080003 0.16720003
vt 0.54690242 0.18879998
vt 0.54699999 0.18879998
vt 0.59380001 0.20590001
vt 0.60020000 0.60820001
vt 0.64889997 0.22380000
vt 0.63200003 0.23790002
vt 0.67760003 0.27359998
vt 0.59380001 0.20590001
vt 0.83329999 0.65200001
vt 0.76920003 0.83679998
vt 0.81110001 0.85310012
vt 0.60479999 0.18690002
vt 0.72615790 0.82363772
vt 0.72619998 0.82370001
vt 0.77640003 0.63460004
vt 0.54699999 0.18879998
vt 0.59380001 0.20590001
vt 0.60479999 0.18690002
vt 0.59299999 0.80379999
vt 0.65960002 0.61269999
vt 0.60020000 0.60820001
vt 0.63779998 0.80710000
vt 0.64889997 0.22380000
vt 0.71840000 0.62140000
vt 0.63779998 0.80710000
vt 0.68229997 0.81370002
vt 0.71840000 0.62140000
vt 0.65960002 0.61269999
vt 0.68229997 0.81370002
vt 0.72619998 0.82370001
vt 0.45860001 0.27700001
vt 0.41200000 0.23790002
vt 0.44430000 0.30190003
vt 0.52200001 0.33020002
vt 0.45019999 0.20590001
vt 0.41200000 0.23790002
vt 0.38710001 0.28109998
vt 0.43930000 0.33020002
vt 0.48060000 0.25860000
vt 0.45019999 0.20590001
vt 0.43930000 0.18690002
vt 0.41200000 0.23790002
vt 0.45019999 0.20590001
vt 0.39520001 0.22380000
vt 0.38710001 0.28109998
vt 0.41200000 0.23790002
vt 0.44430000 0.35860002
vt 0.50770003 0.24870002
vt 0.49329999 0.16720003
vt 0.43930000 0.18690002
vt 0.49710000 0.18879998
vt 0.39520001 0.22380000
vt 0.36649999 0.27359998
vt 0.38710001 0.28109998
vt 0.38710001 0.28109998
vt 0.37840000 0.33020002
vt 0.45860001 0.38340002
vt 0.49710000 0.18879998
vt 0.53640002 0.24870002
vt 0.53645277 0.24870002
vt 0.88872421 0.67344421
vt 0.88870001 0.67350000
vt 0.76924109 0.83678973
vt 0.76920003 0.83679998
vt 0.81112492 0.85304463
vt 0.81110001 0.85310012
vt 0.83332407 0.65194440
vt 0.83329999 0.65200001
vt 0.49710000 0.18879998
vt 0.49329999 0.16720003
vt 0.45019999 0.20590001
vt 0.88870001 0.67350000
vt 0.85170001 0.87250012
vt 0.94239998 0.69910002
vt 0.94239998 0.69910002
vt 0.89069998 0.89480001
vt 0.14460000 0.97810000
vt 0.99400002 0.72860003
vt 0.00709999 0.83889997
vt 0.37840000 0.33020002
vt 0.37840000 0.33020002
vt 0.38710001 0.37940001
vt 0.48060000 0.40189999
vt 0.54699999 0.18879998
vt 0.56339997 0.25860000
vt 0.85170001 0.87250012
vt 0.72615790 0.82363772
vt 0.72619998 0.82370001
vt 0.77640003 0.63460004
vt 0.55080003 0.16720003
vt 0.54699522 0.18879998
vt 0.54699999 0.18879998
vt 0.89069998 0.89480001
vt 0.17770000 0.94779998
vt 0.35650000 0.33020002
vt 0.38710001 0.37940001
vt 0.38710001 0.37940001
vt 0.41200000 0.42250001
vt 0.50770003 0.41180003
vt 0.50764722 0.41180003
vt 0.59380001 0.20590001
vt 0.59380001 0.20590001
vt 0.58539999 0.27700001
vt 0.71840000 0.62140000
vt 0.60479999 0.18690002
vt 0.05099999 0.79869998
vt 0.36649999 0.38690001
vt 0.41200000 0.42250001
vt 0.41200000 0.42250001
vt 0.45019999 0.45459998
vt 0.53640002 0.41180003
vt 0.54699999 0.18879998
vt 0.59380001 0.20590001
vt 0.60479999 0.18690002
vt 0.63200003 0.23790002
vt 0.63200003 0.23790002
vt 0.59979999 0.30190003
vt 0.71840000 0.62140000
vt 0.68229997 0.81370002
vt 0.72619998 0.82370001
vt 0.21299990 0.91990000
vt 0.09769999 0.76190001
vt 0.36649999 0.38690001
vt 0.39520001 0.43669999
vt 0.41200000 0.42250001
vt 0.45019999 0.45459998
vt 0.45019999 0.45459998
vt 0.49710000 0.47170001
vt 0.54699999 0.47170001
vt 0.56339997 0.40189999
vt 0.64889997 0.22380000
vt 0.63200003 0.23790002
vt 0.65700001 0.28109998
vt 0.65700001 0.28109998
vt 0.60479999 0.33020002
vt 0.65960002 0.61269999
vt 0.25029999 0.89480001
vt 0.09769999 0.76190001
vt 0.25029999 0.89480001
vt 0.14700000 0.72860003
vt 0.45019999 0.45459998
vt 0.39520001 0.43669999
vt 0.43930000 0.47359997
vt 0.49710000 0.47170001
vt 0.54699999 0.47170001
vt 0.49329999 0.49330002
vt 0.55080003 0.49330002
vt 0.49710479 0.47170001
vt 0.49710000 0.47170001
vt 0.58539999 0.38340002
vt 0.67760003 0.27359998
vt 0.63200003 0.23790002
vt 0.65700001 0.28109998
vt 0.67760003 0.27359998
vt 0.66560000 0.33020002
vt 0.66560000 0.33020002
vt 0.59979999 0.35860002
vt 0.65960002 0.61269999
vt 0.63779998 0.80710000
vt 0.68229997 0.81370002
vt 0.28929999 0.87250012
vt 0.14700000 0.72860003
vt 0.28929999 0.87250012
vt 0.19859990 0.69910002
vt 0.43930000 0.47359997
vt 0.59380001 0.45459998
vt 0.54699999 0.47170001
vt 0.59380001 0.45459998
vt 0.30770001 0.65200001
vt 0.32989261 0.85306370
vt 0.32990000 0.85310012
vt 0.37180001 0.83679998
vt 0.25229999 0.67350000
vt 0.60020000 0.60820001
vt 0.68760002 0.33020002
vt 0.66560000 0.33020002
vt 0.65700001 0.37940001
vt 0.65700001 0.37940001
vt 0.32990000 0.85310012
vt 0.19859990 0.69910002
vt 0.59380001 0.45459998
vt 0.55080003 0.49330002
vt 0.60479999 0.47359997
vt 0.41479999 0.82370001
vt 0.63200003 0.42250001
vt 0.59380001 0.45459998
vt 0.63779998 0.80710000
vt 0.60020000 0.60820001
vt 0.59299999 0.80379999
vt 0.60020000 0.60820001
vt 0.54079998 0.60820001
vt 0.54799998 0.80379999
vt 0.67760003 0.38690001
vt 0.65700001 0.37940001
vt 0.63200003 0.42250001
vt 0.36460000 0.63460004
vt 0.30770001 0.65200001
vt 0.41479999 0.82370001
vt 0.63200003 0.42250001
vt 0.54799998 0.80379999
vt 0.48150000 0.61269999
vt 0.64889997 0.43669999
vt 0.65700001 0.37940001
vt 0.64889997 0.43669999
vt 0.45870000 0.81370002
vt 0.54799998 0.80379999
vt 0.48150000 0.61269999
vt 0.50319999 0.80710000
vt 0.42260000 0.62140000
vt 0.42260000 0.62140000
vt 0.36460000 0.63460004
vt 0.45870000 0.81370002
vt 0.50319999 0.80710000
vt 0.58539999 0.27700001
vt 0.56339997 0.25860000
vt 0.52200001 0.33020002
vt 0.63200003 0.23790002
vt 0.53640002 0.24870002
vt 0.53645277 0.24870002
vt 0.59979999 0.30190003
vt 0.65700001 0.28109998
vt 0.63200003 0.23790002
vt 0.59380001 0.20590001
vt 0.50770003 0.24870002
vt 0.65700001 0.28109998
vt 0.60479999 0.33020002
vt 0.63200003 0.23790002
vt 0.65700001 0.28109998
vt 0.67760003 0.27359998
vt 0.59380001 0.20590001
vt 0.63200003 0.23790002
vt 0.64889997 0.22380000
vt 0.59380001 0.20590001
vt 0.54699999 0.18879998
vt 0.49710000 0.18879998
vt 0.48060000 0.25860000
vt 0.66560000 0.33020002
vt 0.66560000 0.33020002
vt 0.59979999 0.35860002
vt 0.68760002 0.33020002
vt 0.67760003 0.27359998
vt 0.60479999 0.18690002
vt 0.54699999 0.18879998
vt 0.49710000 0.18879998
vt 0.55080003 0.16720003
vt 0.49329999 0.16720003
vt 0.54699522 0.18879998
vt 0.54699999 0.18879998
vt 0.45860001 0.27700001
vt 0.66560000 0.33020002
vt 0.65700001 0.37940001
vt 0.65700001 0.37940001
vt 0.58539999 0.38340002
vt 0.60020000 0.60820001
vt 0.54079998 0.60820001
vt 0.54799998 0.80379999
vt 0.65960002 0.61269999
vt 0.60020000 0.60820001
vt 0.63779998 0.80710000
vt 0.71840000 0.62140000
vt 0.65960002 0.61269999
vt 0.68229997 0.81370002
vt 0.60479999 0.18690002
vt 0.83329999 0.65200001
vt 0.72615790 0.82363772
vt 0.72619998 0.82370001
vt 0.76920003 0.83679998
vt 0.77640003 0.63460004
vt 0.45019999 0.20590001
vt 0.49710000 0.18879998
vt 0.45019999 0.20590001
vt 0.44430000 0.30190003
vt 0.67760003 0.38690001
vt 0.65700001 0.37940001
vt 0.63200003 0.42250001
vt 0.63200003 0.42250001
vt 0.56339997 0.40189999
vt 0.48150000 0.61269999
vt 0.60020000 0.60820001
vt 0.54799998 0.80379999
vt 0.59299999 0.80379999
vt 0.68229997 0.81370002
vt 0.63779998 0.80710000
vt 0.72619998 0.82370001
vt 0.71840000 0.62140000
vt 0.81110001 0.85310012
vt 0.45019999 0.20590001
vt 0.49329999 0.16720003
vt 0.43930000 0.18690002
vt 0.45019999 0.20590001
vt 0.41200000 0.23790002
vt 0.43930000 0.33020002
vt 0.64889997 0.43669999
vt 0.65700001 0.37940001
vt 0.63200003 0.42250001
vt 0.64889997 0.43669999
vt 0.59380001 0.45459998
vt 0.59380001 0.45459998
vt 0.53640002 0.41180003
vt 0.54799998 0.80379999
vt 0.48150000 0.61269999
vt 0.50319999 0.80710000
vt 0.83329999 0.65200001
vt 0.81110001 0.85310012
vt 0.88870001 0.67350000
vt 0.41200000 0.23790002
vt 0.41200000 0.23790002
vt 0.38710001 0.28109998
vt 0.44430000 0.35860002
vt 0.42260000 0.62140000
vt 0.60479999 0.47359997
vt 0.63200003 0.42250001
vt 0.59380001 0.45459998
vt 0.60479999 0.47359997
vt 0.54699999 0.47170001
vt 0.54699999 0.47170001
vt 0.50770003 0.41180003
vt 0.50764722 0.41180003
vt 0.85170001 0.87250012
vt 0.41200000 0.23790002
vt 0.43930000 0.18690002
vt 0.39520001 0.22380000
vt 0.38710001 0.28109998
vt 0.38710001 0.28109998
vt 0.37840000 0.33020002
vt 0.45860001 0.38340002
vt 0.50319999 0.80710000
vt 0.42260000 0.62140000
vt 0.45870000 0.81370002
vt 0.36460000 0.63460004
vt 0.55080003 0.49330002
vt 0.59380001 0.45459998
vt 0.54699999 0.47170001
vt 0.55080003 0.49330002
vt 0.49710000 0.47170001
vt 0.48060000 0.40189999
vt 0.88870001 0.67350000
vt 0.85170001 0.87250012
vt 0.94239998 0.69910002
vt 0.39520001 0.22380000
vt 0.36649999 0.27359998
vt 0.38710001 0.28109998
vt 0.37840000 0.33020002
vt 0.37840000 0.33020002
vt 0.38710001 0.37940001
vt 0.36460000 0.63460004
vt 0.41479999 0.82370001
vt 0.45870000 0.81370002
vt 0.30770001 0.65200001
vt 0.37185660 0.83683211
vt 0.37180001 0.83679998
vt 0.49329999 0.49330002
vt 0.49710479 0.47170001
vt 0.49710000 0.47170001
vt 0.45019999 0.45459998
vt 0.45019999 0.45459998
vt 0.89069998 0.89480001
vt 0.94239998 0.69910002
vt 0.89069998 0.89480001
vt 0.14460000 0.97810000
vt 0.99400002 0.72860003
vt 0.00709999 0.83889997
vt 0.35650000 0.33020002
vt 0.38710001 0.37940001
vt 0.38710001 0.37940001
vt 0.41200000 0.42250001
vt 0.32989261 0.85306370
vt 0.32990000 0.85310012
vt 0.25229999 0.67350000
vt 0.43930000 0.47359997
vt 0.45019999 0.45459998
vt 0.43930000 0.47359997
vt 0.49710000 0.47170001
vt 0.41200000 0.42250001
vt 0.17770000 0.94779998
vt 0.05099999 0.79869998
vt 0.36649999 0.38690001
vt 0.41200000 0.42250001
vt 0.19859990 0.69910002
vt 0.39520001 0.43669999
vt 0.41200000 0.42250001
vt 0.21299990 0.91990000
vt 0.09769999 0.76190001
vt 0.36649999 0.38690001
vt 0.19859990 0.69910002
vt 0.28929999 0.87250012
vt 0.32990000 0.85310012
vt 0.14700000 0.72860003
vt 0.25029999 0.89480001
vt 0.09769999 0.76190001
vt 0.25029999 0.89480001
vt 0.14700000 0.72860003
vt 0.28929999 0.87250012
vt 3.87337089 -0.95884395
vt 3.94690800 1.81579995
vt 3.94690800 -0.81579995
vt 3.87337089 1.95887375
vt 3.72858500 -0.99995697
vt 3.72858500 1.99995685
vt -2.72858500 -0.99995697
vt -2.72858500 1.99995685
vt -2.87337089 -0.95884395
vt -2.87337089 1.95887375
vt -2.94690800 -0.81579995
vt -2.94690800 1.81579995
vt 0.50770003 0.41180003
vt 0.50764722 0.41180003
vt 0.48060000 0.40189999
vt 0.45019999 0.45459998
vt 0.52200001 0.33020002
vt 0.41200000 0.42250001
vt 0.45019999 0.45459998
vt 0.49710000 0.47170001
vt 0.53640002 0.41180003
vt 0.45860001 0.38340002
vt 0.41200000 0.42250001
vt 0.39520001 0.43669999
vt 0.45019999 0.45459998
vt 0.41200000 0.42250001
vt 0.45019999 0.45459998
vt 0.43930000 0.47359997
vt 0.49710000 0.47170001
vt 0.54699999 0.47170001
vt 0.56339997 0.40189999
vt 0.44430000 0.35860002
vt 0.36649999 0.38690001
vt 0.39520001 0.43669999
vt 0.38710001 0.37940001
vt 0.49710000 0.47170001
vt 0.49710479 0.47170001
vt 0.43930000 0.47359997
vt 0.49329999 0.49330002
vt 0.54699999 0.47170001
vt 0.55080003 0.49330002
vt 0.58539999 0.38340002
vt 0.38710001 0.37940001
vt 0.43930000 0.33020002
vt 0.09769999 0.76190001
vt 0.25029999 0.89480001
vt 0.14700000 0.72860003
vt 0.38710001 0.37940001
vt 0.14700000 0.72860003
vt 0.28929999 0.87250012
vt 0.28937161 0.87242091
vt 0.19859990 0.69910002
vt 0.25229999 0.67350000
vt 0.32990000 0.85310012
vt 0.32989261 0.85306370
vt 0.59380001 0.45459998
vt 0.54699999 0.47170001
vt 0.59380001 0.45459998
vt 0.30770001 0.65200001
vt 0.37180001 0.83679998
vt 0.59979999 0.35860002
vt 0.37840000 0.33020002
vt 0.37840000 0.33020002
vt 0.44430000 0.30190003
vt 0.28929999 0.87250012
vt 0.21299990 0.91990000
vt 0.25029999 0.89480001
vt 0.09769999 0.76190001
vt 0.35650000 0.33020002
vt 0.59380001 0.45459998
vt 0.55080003 0.49330002
vt 0.60479999 0.47359997
vt 0.41479999 0.82370001
vt 0.63200003 0.42250001
vt 0.59380001 0.45459998
vt 0.60479999 0.33020002
vt 0.37840000 0.33020002
vt 0.38710001 0.28109998
vt 0.38710001 0.28109998
vt 0.45860001 0.27700001
vt 0.05099999 0.79869998
vt 0.36460000 0.63460004
vt 0.63200003 0.42250001
vt 0.65700001 0.37940001
vt 0.63200003 0.42250001
vt 0.59979999 0.30190003
vt 0.36649999 0.27359998
vt 0.38710001 0.28109998
vt 0.41200000 0.23790002
vt 0.41200000 0.23790002
vt 0.48060000 0.25860000
vt 0.17770000 0.94779998
vt 0.21299990 0.91990000
vt 0.05099999 0.79869998
vt 0.45870000 0.81370002
vt 0.63200003 0.42250001
vt 0.63210821 0.42255872
vt 0.60479999 0.47359997
vt 0.64889997 0.43669999
vt 0.64891291 0.43664360
vt 0.67761308 0.38684368
vt 0.67760003 0.38690001
vt 0.65701318 0.37934351
vt 0.65700001 0.37940001
vt 0.66560000 0.33020002
vt 0.65700001 0.37940001
vt 0.58539999 0.27700001
vt 0.00709999 0.83889997
vt 0.39520001 0.22380000
vt 0.41200000 0.23790002
vt 0.45019999 0.20590001
vt 0.45019999 0.20590001
vt 0.50770003 0.24870002
vt 0.42260000 0.62140000
vt 0.36460000 0.63460004
vt 0.45870000 0.81370002
vt 0.66560000 0.33020002
vt 0.50319999 0.80710000
vt 0.48150000 0.61269999
vt 0.42260000 0.62140000
vt 0.66560000 0.33020002
vt 0.65700001 0.28109998
vt 0.56339997 0.25860000
vt 0.00709999 0.83889997
vt 0.99400002 0.72860003
vt 0.14460000 0.97810000
vt 0.89069998 0.89480001
vt 0.17770000 0.94779998
vt 0.94239998 0.69910002
vt 0.43930000 0.18690002
vt 0.45019999 0.20590001
vt 0.43930000 0.18690002
vt 0.41200000 0.23790002
vt 0.49710000 0.18879998
vt 0.49710000 0.18879998
vt 0.53640002 0.24870002
vt 0.53645277 0.24870002
vt 0.50319999 0.80710000
vt 0.68760002 0.33020002
vt 0.54799998 0.80379999
vt 0.65700001 0.28109998
vt 0.65700001 0.28109998
vt 0.63200003 0.23790002
vt 0.94239998 0.69910002
vt 0.85170001 0.87250012
vt 0.89069998 0.89480001
vt 0.88870001 0.67350000
vt 0.49329999 0.16720003
vt 0.49710000 0.18879998
vt 0.49329999 0.16720003
vt 0.45019999 0.20590001
vt 0.54699999 0.18879998
vt 0.54079998 0.60820001
vt 0.67760003 0.27359998
vt 0.63200003 0.23790002
vt 0.59380001 0.20590001
vt 0.88870001 0.67350000
vt 0.81110001 0.85310012
vt 0.85170001 0.87250012
vt 0.83329999 0.65200001
vt 0.55080003 0.16720003
vt 0.54699522 0.18879998
vt 0.54699999 0.18879998
vt 0.59380001 0.20590001
vt 0.60020000 0.60820001
vt 0.64889997 0.22380000
vt 0.63200003 0.23790002
vt 0.67760003 0.27359998
vt 0.59380001 0.20590001
vt 0.76920003 0.83679998
vt 0.60479999 0.18690002
vt 0.72615790 0.82363772
vt 0.72619998 0.82370001
vt 0.77640003 0.63460004
vt 0.54699999 0.18879998
vt 0.59380001 0.20590001
vt 0.60479999 0.18690002
vt 0.59299999 0.80379999
vt 0.65960002 0.61269999
vt 0.60020000 0.60820001
vt 0.63779998 0.80710000
vt 0.64889997 0.22380000
vt 0.71840000 0.62140000
vt 0.63779998 0.80710000
vt 0.68229997 0.81370002
vt 0.71840000 0.62140000
vt 0.65960002 0.61269999
vt 0.68229997 0.81370002
vt 0.72619998 0.82370001
vt 0.36649999 0.27359998
vt 0.35650000 0.33020002
vt 0.37840000 0.33020002
vt 0.00709999 0.83889997
vt 0.17770000 0.94779998
vt 0.05099999 0.79869998
vt 0.38710001 0.37940001
vt 0.38710001 0.28109998
vt 0.21299990 0.91990000
vt 0.00709999 0.83889997
vt 0.99400002 0.72860003
vt 0.14460000 0.97810000
vt 0.89069998 0.89480001
vt 0.17770000 0.94779998
vt 0.44430000 0.35860002
vt 0.37840000 0.33020002
vt 0.38710001 0.37940001
vt 0.36649999 0.38690001
vt 0.43930000 0.33020002
vt 0.38710001 0.28109998
vt 0.37840000 0.33020002
vt 0.39520001 0.22380000
vt 0.05099999 0.79869998
vt 0.21299990 0.91990000
vt 0.09769999 0.76190001
vt 0.94239998 0.69910002
vt 0.45860001 0.38340002
vt 0.41200000 0.42250001
vt 0.44430000 0.30190003
vt 0.38710001 0.28109998
vt 0.41200000 0.23790002
vt 0.25029999 0.89480001
vt 0.94239998 0.69910002
vt 0.85170001 0.87250012
vt 0.89069998 0.89480001
vt 0.52200001 0.33020002
vt 0.38710001 0.37940001
vt 0.41200000 0.42250001
vt 0.39520001 0.43669999
vt 0.41200000 0.23790002
vt 0.43930000 0.18690002
vt 0.09769999 0.76190001
vt 0.25029999 0.89480001
vt 0.14700000 0.72860003
vt 0.88870001 0.67350000
vt 0.48060000 0.40189999
vt 0.45019999 0.45459998
vt 0.45860001 0.27700001
vt 0.41200000 0.23790002
vt 0.45019999 0.20590001
vt 0.43930000 0.18690002
vt 0.41200000 0.23790002
vt 0.28929999 0.87250012
vt 0.88870001 0.67350000
vt 0.81110001 0.85310012
vt 0.85170001 0.87250012
vt 0.50770003 0.41180003
vt 0.50764722 0.41180003
vt 0.41200000 0.42250001
vt 0.45019999 0.45459998
vt 0.45019999 0.45459998
vt 0.39520001 0.43669999
vt 0.43930000 0.47359997
vt 0.48060000 0.25860000
vt 0.45019999 0.20590001
vt 0.49329999 0.16720003
vt 0.14700000 0.72860003
vt 0.28929999 0.87250012
vt 0.19859990 0.69910002
vt 0.83329999 0.65200001
vt 0.53640002 0.41180003
vt 0.49710000 0.47170001
vt 0.45019999 0.20590001
vt 0.50770003 0.24870002
vt 0.49710000 0.18879998
vt 0.49329999 0.16720003
vt 0.45019999 0.20590001
vt 0.32990000 0.85310012
vt 0.83329999 0.65200001
vt 0.76920003 0.83679998
vt 0.81110001 0.85310012
vt 0.45019999 0.45459998
vt 0.49710000 0.47170001
vt 0.54699999 0.47170001
vt 0.56339997 0.40189999
vt 0.49710000 0.47170001
vt 0.49710479 0.47170001
vt 0.43930000 0.47359997
vt 0.49329999 0.49330002
vt 0.49710000 0.18879998
vt 0.49710000 0.18879998
vt 0.53640002 0.24870002
vt 0.53645277 0.24870002
vt 0.55080003 0.16720003
vt 0.54699522 0.18879998
vt 0.54699999 0.18879998
vt 0.19859990 0.69910002
vt 0.32990000 0.85310012
vt 0.32989261 0.85306370
vt 0.25229999 0.67350000
vt 0.72615790 0.82363772
vt 0.72619998 0.82370001
vt 0.77640003 0.63460004
vt 0.54699999 0.47170001
vt 0.55080003 0.49330002
vt 0.58539999 0.38340002
vt 0.54699999 0.18879998
vt 0.56339997 0.25860000
vt 0.60479999 0.18690002
vt 0.30770001 0.65200001
vt 0.37180001 0.83679998
vt 0.71840000 0.62140000
vt 0.59380001 0.45459998
vt 0.54699999 0.47170001
vt 0.59380001 0.45459998
vt 0.59979999 0.35860002
vt 0.59380001 0.20590001
vt 0.59380001 0.20590001
vt 0.58539999 0.27700001
vt 0.54699999 0.18879998
vt 0.59380001 0.20590001
vt 0.60479999 0.18690002
vt 0.41479999 0.82370001
vt 0.71840000 0.62140000
vt 0.68229997 0.81370002
vt 0.72619998 0.82370001
vt 0.59380001 0.45459998
vt 0.55080003 0.49330002
vt 0.60479999 0.47359997
vt 0.63200003 0.42250001
vt 0.59380001 0.45459998
vt 0.60479999 0.33020002
vt 0.63200003 0.23790002
vt 0.63200003 0.23790002
vt 0.59979999 0.30190003
vt 0.64889997 0.22380000
vt 0.36460000 0.63460004
vt 0.30770001 0.65200001
vt 0.41479999 0.82370001
vt 0.65960002 0.61269999
vt 0.63200003 0.42250001
vt 0.65700001 0.37940001
vt 0.63200003 0.42250001
vt 0.59380001 0.20590001
vt 0.63200003 0.23790002
vt 0.64889997 0.22380000
vt 0.65700001 0.28109998
vt 0.65700001 0.28109998
vt 0.45870000 0.81370002
vt 0.65960002 0.61269999
vt 0.63779998 0.80710000
vt 0.68229997 0.81370002
vt 0.63200003 0.42250001
vt 0.60479999 0.47359997
vt 0.64889997 0.43669999
vt 0.65700001 0.37940001
vt 0.66560000 0.33020002
vt 0.65700001 0.37940001
vt 0.67760003 0.27359998
vt 0.63200003 0.23790002
vt 0.65700001 0.28109998
vt 0.67760003 0.27359998
vt 0.66560000 0.33020002
vt 0.42260000 0.62140000
vt 0.36460000 0.63460004
vt 0.45870000 0.81370002
vt 0.60020000 0.60820001
vt 0.65700001 0.37940001
vt 0.64889997 0.43669999
vt 0.67760003 0.38690001
vt 0.66560000 0.33020002
vt 0.68760002 0.33020002
vt 0.50319999 0.80710000
vt 0.63779998 0.80710000
vt 0.60020000 0.60820001
vt 0.59299999 0.80379999
vt 0.50319999 0.80710000
vt 0.48150000 0.61269999
vt 0.42260000 0.62140000
vt 0.54079998 0.60820001
vt 0.54799998 0.80379999
vt 0.45860001 0.27700001
vt 0.41200000 0.23790002
vt 0.44430000 0.30190003
vt 0.52200001 0.33020002
vt 0.45019999 0.20590001
vt 0.41200000 0.23790002
vt 0.38710001 0.28109998
vt 0.43930000 0.33020002
vt 0.48060000 0.25860000
vt 0.45019999 0.20590001
vt 0.43930000 0.18690002
vt 0.41200000 0.23790002
vt 0.41202959 0.23782682
vt 0.41200000 0.23790002
vt 0.36652470 0.27354193
vt 0.36649999 0.27359998
vt 0.38712469 0.28104210
vt 0.38710001 0.28109998
vt 0.39522490 0.22374201
vt 0.39520001 0.22380000
vt 0.44430000 0.35860002
vt 0.50770003 0.24870002
vt 0.49329999 0.16720003
vt 0.43930000 0.18690002
vt 0.49710000 0.18879998
vt 0.94239998 0.69910002
vt 0.89069998 0.89480001
vt 0.14460000 0.97810000
vt 0.99400002 0.72860003
vt 0.00709999 0.83889997
vt 0.37840000 0.33020002
vt 0.38710001 0.28109998
vt 0.37840000 0.33020002
vt 0.45860001 0.38340002
vt 0.49710000 0.18879998
vt 0.53640002 0.24870002
vt 0.53645277 0.24870002
vt 0.83329999 0.65200001
vt 0.81110001 0.85310012
vt 0.88870001 0.67350000
vt 0.49710000 0.18879998
vt 0.49329999 0.16720003
vt 0.45019999 0.20590001
vt 0.88870001 0.67350000
vt 0.85170001 0.87250012
vt 0.94239998 0.69910002
vt 0.17770000 0.94779998
vt 0.89069998 0.89480001
vt 0.35650000 0.33020002
vt 0.37840000 0.33020002
vt 0.38710001 0.37940001
vt 0.48060000 0.40189999
vt 0.54699999 0.18879998
vt 0.56339997 0.25860000
vt 0.85170001 0.87250012
vt 0.76920003 0.83679998
vt 0.55080003 0.16720003
vt 0.54699522 0.18879998
vt 0.54699999 0.18879998
vt 0.05099999 0.79869998
vt 0.38710001 0.37940001
vt 0.38710001 0.37940001
vt 0.41200000 0.42250001
vt 0.50770003 0.41180003
vt 0.50764722 0.41180003
vt 0.59380001 0.20590001
vt 0.59380001 0.20590001
vt 0.58539999 0.27700001
vt 0.72615790 0.82363772
vt 0.72619998 0.82370001
vt 0.77640003 0.63460004
vt 0.60479999 0.18690002
vt 0.21299990 0.91990000
vt 0.36649999 0.38690001
vt 0.41200000 0.42250001
vt 0.41200000 0.42250001
vt 0.45019999 0.45459998
vt 0.53640002 0.41180003
vt 0.54699999 0.18879998
vt 0.59380001 0.20590001
vt 0.60479999 0.18690002
vt 0.63200003 0.23790002
vt 0.63200003 0.23790002
vt 0.59979999 0.30190003
vt 0.71840000 0.62140000
vt 0.09769999 0.76190001
vt 0.36649999 0.38690001
vt 0.39520001 0.43669999
vt 0.41200000 0.42250001
vt 0.45019999 0.45459998
vt 0.45019999 0.45459998
vt 0.49710000 0.47170001
vt 0.54699999 0.47170001
vt 0.56339997 0.40189999
vt 0.64889997 0.22380000
vt 0.63200003 0.23790002
vt 0.65700001 0.28109998
vt 0.65700001 0.28109998
vt 0.60479999 0.33020002
vt 0.68229997 0.81370002
vt 0.25029999 0.89480001
vt 0.09769999 0.76190001
vt 0.25029999 0.89480001
vt 0.14700000 0.72860003
vt 0.45019999 0.45459998
vt 0.39520001 0.43669999
vt 0.43930000 0.47359997
vt 0.49710000 0.47170001
vt 0.54699999 0.47170001
vt 0.49329999 0.49330002
vt 0.55080003 0.49330002
vt 0.49710479 0.47170001
vt 0.49710000 0.47170001
vt 0.58539999 0.38340002
vt 0.65960002 0.61269999
vt 0.67760003 0.27359998
vt 0.63200003 0.23790002
vt 0.65700001 0.28109998
vt 0.67760003 0.27359998
vt 0.66560000 0.33020002
vt 0.66560000 0.33020002
vt 0.59979999 0.35860002
vt 0.28929999 0.87250012
vt 0.14700000 0.72860003
vt 0.28929999 0.87250012
vt 0.19859990 0.69910002
vt 0.43930000 0.47359997
vt 0.59380001 0.45459998
vt 0.54699999 0.47170001
vt 0.59380001 0.45459998
vt 0.30770001 0.65200001
vt 0.32989261 0.85306370
vt 0.32990000 0.85310012
vt 0.37180001 0.83679998
vt 0.37185660 0.83683211
vt 0.25229999 0.67350000
vt 0.65960002 0.61269999
vt 0.63779998 0.80710000
vt 0.68229997 0.81370002
vt 0.60020000 0.60820001
vt 0.68760002 0.33020002
vt 0.66560000 0.33020002
vt 0.65700001 0.37940001
vt 0.65700001 0.37940001
vt 0.32990000 0.85310012
vt 0.19859990 0.69910002
vt 0.59380001 0.45459998
vt 0.55080003 0.49330002
vt 0.60479999 0.47359997
vt 0.41479999 0.82370001
vt 0.36460000 0.63460004
vt 0.63200003 0.42250001
vt 0.59380001 0.45459998
vt 0.63779998 0.80710000
vt 0.60020000 0.60820001
vt 0.59299999 0.80379999
vt 0.60020000 0.60820001
vt 0.54079998 0.60820001
vt 0.54799998 0.80379999
vt 0.67760003 0.38690001
vt 0.67761689 0.38684070
vt 0.65700001 0.37940001
vt 0.65701687 0.37934059
vt 0.63200003 0.42250001
vt 0.63200003 0.42250001
vt 0.63211203 0.42255580
vt 0.45870000 0.81370002
vt 0.54799998 0.80379999
vt 0.48150000 0.61269999
vt 0.64891672 0.43664062
vt 0.64889997 0.43669999
vt 0.42260000 0.62140000
vt 0.36460000 0.63460004
vt 0.45870000 0.81370002
vt 0.54799998 0.80379999
vt 0.48150000 0.61269999
vt 0.50319999 0.80710000
vt 0.42260000 0.62140000
vt 0.50319999 0.80710000
vt 0.52200001 0.33020002
vt 0.48060000 0.40189999
vt 0.50770003 0.41180003
vt 0.50759369 0.41180003
vt 0.45019999 0.45459998
vt 0.53640002 0.41180003
vt 0.45860001 0.38340002
vt 0.41200000 0.42250001
vt 0.45019999 0.45459998
vt 0.49710000 0.47170001
vt 0.54699999 0.47170001
vt 0.56339997 0.40189999
vt 0.41200000 0.42250001
vt 0.44430000 0.35860002
vt 0.41200000 0.42250001
vt 0.39520001 0.43669999
vt 0.45019999 0.45459998
vt 0.45019999 0.45459998
vt 0.43930000 0.47359997
vt 0.49710000 0.47170001
vt 0.54699999 0.47170001
vt 0.49329999 0.49330002
vt 0.55080003 0.49330002
vt 0.49719760 0.47170001
vt 0.49710000 0.47170001
vt 0.58539999 0.38340002
vt 0.38710001 0.37940001
vt 0.38710001 0.37940001
vt 0.43930000 0.33020002
vt 0.36649999 0.38690001
vt 0.39520001 0.43669999
vt 0.43930000 0.47359997
vt 0.30770001 0.65200001
vt 0.32989261 0.85306370
vt 0.32990000 0.85310012
vt 0.37180001 0.83679998
vt 0.25229999 0.67350000
vt 0.59380001 0.45459998
vt 0.59380001 0.45459998
vt 0.54699999 0.47170001
vt 0.59979999 0.35860002
vt 0.38710001 0.37940001
vt 0.37840000 0.33020002
vt 0.37840000 0.33020002
vt 0.44430000 0.30190003
vt 0.09769999 0.76190001
vt 0.25029999 0.89480001
vt 0.14700000 0.72860003
vt 0.14700000 0.72860003
vt 0.28929999 0.87250012
vt 0.19859990 0.69910002
vt 0.19859990 0.69910002
vt 0.41479999 0.82370001
vt 0.59380001 0.45459998
vt 0.55080003 0.49330002
vt 0.60479999 0.47359997
vt 0.63200003 0.42250001
vt 0.59380001 0.45459998
vt 0.60479999 0.33020002
vt 0.35650000 0.33020002
vt 0.35650000 0.33020002
vt 0.38710001 0.37940001
vt 0.37840000 0.33020002
vt 0.38710001 0.28109998
vt 0.38710001 0.28109998
vt 0.45860001 0.27700001
vt 0.28929999 0.87250012
vt 0.21299990 0.91990000
vt 0.32990000 0.85310012
vt 0.36460000 0.63460004
vt 0.30770001 0.65200001
vt 0.41479999 0.82370001
vt 0.63200003 0.42250001
vt 0.65700001 0.37940001
vt 0.63200003 0.42250001
vt 0.59979999 0.30190003
vt 0.05099999 0.79869998
vt 0.36649999 0.27359998
vt 0.36649999 0.27359998
vt 0.37840000 0.33020002
vt 0.38710001 0.28109998
vt 0.41200000 0.23790002
vt 0.41200000 0.23790002
vt 0.48060000 0.25860000
vt 0.45870000 0.81370002
vt 0.63200003 0.42250001
vt 0.60479999 0.47359997
vt 0.64889997 0.43669999
vt 0.65700001 0.37940001
vt 0.66560000 0.33020002
vt 0.65700001 0.37940001
vt 0.58539999 0.27700001
vt 0.17770000 0.94779998
vt 0.00709999 0.83889997
vt 0.99400002 0.72860003
vt 0.39520001 0.22380000
vt 0.41200000 0.23790002
vt 0.45019999 0.20590001
vt 0.45019999 0.20590001
vt 0.50770003 0.24870002
vt 0.42260000 0.62140000
vt 0.36460000 0.63460004
vt 0.45870000 0.81370002
vt 0.65700001 0.37940001
vt 0.64889997 0.43669999
vt 0.67760003 0.38690001
vt 0.66560000 0.33020002
vt 0.66560000 0.33020002
vt 0.65700001 0.28109998
vt 0.56339997 0.25860000
vt 0.14460000 0.97810000
vt 0.89069998 0.89480001
vt 0.94239998 0.69910002
vt 0.43930000 0.18690002
vt 0.45019999 0.20590001
vt 0.43930000 0.18690002
vt 0.41200000 0.23790002
vt 0.49710000 0.18879998
vt 0.49710000 0.18879998
vt 0.53640002 0.24870002
vt 0.53650630 0.24870002
vt 0.50319999 0.80710000
vt 0.50319999 0.80710000
vt 0.48150000 0.61269999
vt 0.42260000 0.62140000
vt 0.68760002 0.33020002
vt 0.65700001 0.28109998
vt 0.65700001 0.28109998
vt 0.63200003 0.23790002
vt 0.94239998 0.69910002
vt 0.85170001 0.87250012
vt 0.89069998 0.89480001
vt 0.88870001 0.67350000
vt 0.49329999 0.16720003
vt 0.49710000 0.18879998
vt 0.49329999 0.16720003
vt 0.45019999 0.20590001
vt 0.54699999 0.18879998
vt 0.54799998 0.80379999
vt 0.54079998 0.60820001
vt 0.67760003 0.27359998
vt 0.63200003 0.23790002
vt 0.63200003 0.23790002
vt 0.59380001 0.20590001
vt 0.88870001 0.67350000
vt 0.81110001 0.85310012
vt 0.85170001 0.87250012
vt 0.83329999 0.65200001
vt 0.55080003 0.16720003
vt 0.54690242 0.18879998
vt 0.54699999 0.18879998
vt 0.59380001 0.20590001
vt 0.60020000 0.60820001
vt 0.64889997 0.22380000
vt 0.63200003 0.23790002
vt 0.67760003 0.27359998
vt 0.59380001 0.20590001
vt 0.83329999 0.65200001
vt 0.76920003 0.83679998
vt 0.81110001 0.85310012
vt 0.60479999 0.18690002
vt 0.72615790 0.82363772
vt 0.72619998 0.82370001
vt 0.77640003 0.63460004
vt 0.54699999 0.18879998
vt 0.59380001 0.20590001
vt 0.60479999 0.18690002
vt 0.59299999 0.80379999
vt 0.65960002 0.61269999
vt 0.60020000 0.60820001
vt 0.63779998 0.80710000
vt 0.64889997 0.22380000
vt 0.71840000 0.62140000
vt 0.63779998 0.80710000
vt 0.68229997 0.81370002
vt 0.71840000 0.62140000
vt 0.65960002 0.61269999
vt 0.68229997 0.81370002
vt 0.72619998 0.82370001
vt 3.87337089 -0.95884395
vt 3.94690800 1.81579995
vt 3.94690800 -0.81579995
vt 3.87337089 1.95887721
vt 3.72858500 -0.99995697
vt 3.72858500 1.99995708
vt -2.72858500 -0.99995697
vt -2.72858500 1.99995708
vt -2.87337089 -0.95884395
vt -2.87337089 1.95887721
vt -2.94690800 -0.81579995
vt -2.94690800 1.81579995
vt 0.58539999 0.27700001
vt 0.56339997 0.25860000
vt 0.52200001 0.33020002
vt 0.63200003 0.23790002
vt 0.53640002 0.24870002
vt 0.53645277 0.24870002
vt 0.59979999 0.30190003
vt 0.65700001 0.28109998
vt 0.63200003 0.23790002
vt 0.59380001 0.20590001
vt 0.50770003 0.24870002
vt 0.65700001 0.28109998
vt 0.60479999 0.33020002
vt 0.63200003 0.23790002
vt 0.65700001 0.28109998
vt 0.67760003 0.27359998
vt 0.59380001 0.20590001
vt 0.63200003 0.23790002
vt 0.64889997 0.22380000
vt 0.59380001 0.20590001
vt 0.54699999 0.18879998
vt 0.49710000 0.18879998
vt 0.48060000 0.25860000
vt 0.66560000 0.33020002
vt 0.66560000 0.33020002
vt 0.59979999 0.35860002
vt 0.68760002 0.33020002
vt 0.67760003 0.27359998
vt 0.60479999 0.18690002
vt 0.54699999 0.18879998
vt 0.49710000 0.18879998
vt 0.55080003 0.16720003
vt 0.49329999 0.16720003
vt 0.54699522 0.18879998
vt 0.54699999 0.18879998
vt 0.45860001 0.27700001
vt 0.66560000 0.33020002
vt 0.65700001 0.37940001
vt 0.65700001 0.37940001
vt 0.58539999 0.38340002
vt 0.60020000 0.60820001
vt 0.54079998 0.60820001
vt 0.54799998 0.80379999
vt 0.65960002 0.61269999
vt 0.60020000 0.60820001
vt 0.63779998 0.80710000
vt 0.71840000 0.62140000
vt 0.65960002 0.61269999
vt 0.68229997 0.81370002
vt 0.60479999 0.18690002
vt 0.83329999 0.65200001
vt 0.72615790 0.82363772
vt 0.72619998 0.82370001
vt 0.76920003 0.83679998
vt 0.77640003 0.63460004
vt 0.45019999 0.20590001
vt 0.49710000 0.18879998
vt 0.45019999 0.20590001
vt 0.44430000 0.30190003
vt 0.67760003 0.38690001
vt 0.65700001 0.37940001
vt 0.63200003 0.42250001
vt 0.63200003 0.42250001
vt 0.56339997 0.40189999
vt 0.48150000 0.61269999
vt 0.60020000 0.60820001
vt 0.54799998 0.80379999
vt 0.59299999 0.80379999
vt 0.68229997 0.81370002
vt 0.63779998 0.80710000
vt 0.72619998 0.82370001
vt 0.71840000 0.62140000
vt 0.81110001 0.85310012
vt 0.45019999 0.20590001
vt 0.49329999 0.16720003
vt 0.43930000 0.18690002
vt 0.45019999 0.20590001
vt 0.41200000 0.23790002
vt 0.43930000 0.33020002
vt 0.64889997 0.43669999
vt 0.65700001 0.37940001
vt 0.63200003 0.42250001
vt 0.64889997 0.43669999
vt 0.59380001 0.45459998
vt 0.59380001 0.45459998
vt 0.53640002 0.41180003
vt 0.54799998 0.80379999
vt 0.48150000 0.61269999
vt 0.50319999 0.80710000
vt 0.83329999 0.65200001
vt 0.81110001 0.85310012
vt 0.88870001 0.67350000
vt 0.41200000 0.23790002
vt 0.41200000 0.23790002
vt 0.38710001 0.28109998
vt 0.44430000 0.35860002
vt 0.42260000 0.62140000
vt 0.60479999 0.47359997
vt 0.59380001 0.45459998
vt 0.54699999 0.47170001
vt 0.54699999 0.47170001
vt 0.50770003 0.41180003
vt 0.50764722 0.41180003
vt 0.85170001 0.87250012
vt 0.41200000 0.23790002
vt 0.43930000 0.18690002
vt 0.39520001 0.22380000
vt 0.38710001 0.28109998
vt 0.38710001 0.28109998
vt 0.37840000 0.33020002
vt 0.45860001 0.38340002
vt 0.50319999 0.80710000
vt 0.42260000 0.62140000
vt 0.45870000 0.81370002
vt 0.36460000 0.63460004
vt 0.55080003 0.49330002
vt 0.59380001 0.45459998
vt 0.54699999 0.47170001
vt 0.55080003 0.49330002
vt 0.49710000 0.47170001
vt 0.48060000 0.40189999
vt 0.88870001 0.67350000
vt 0.85170001 0.87250012
vt 0.94239998 0.69910002
vt 0.39520001 0.22380000
vt 0.36649999 0.27359998
vt 0.38710001 0.28109998
vt 0.37840000 0.33020002
vt 0.37840000 0.33020002
vt 0.38710001 0.37940001
vt 0.36460000 0.63460004
vt 0.41479999 0.82370001
vt 0.45870000 0.81370002
vt 0.30770001 0.65200001
vt 0.49329999 0.49330002
vt 0.49710479 0.47170001
vt 0.49710000 0.47170001
vt 0.45019999 0.45459998
vt 0.45019999 0.45459998
vt 0.89069998 0.89480001
vt 0.94239998 0.69910002
vt 0.89069998 0.89480001
vt 0.14460000 0.97810000
vt 0.99400002 0.72860003
vt 0.00709999 0.83889997
vt 0.35650000 0.33020002
vt 0.38710001 0.37940001
vt 0.38710001 0.37940001
vt 0.41200000 0.42250001
vt 0.30770001 0.65200001
vt 0.37180001 0.83679998
vt 0.41479999 0.82370001
vt 0.43930000 0.47359997
vt 0.32989261 0.85306370
vt 0.32990000 0.85310012
vt 0.25229999 0.67350000
vt 0.45019999 0.45459998
vt 0.43930000 0.47359997
vt 0.49710000 0.47170001
vt 0.41200000 0.42250001
vt 0.17770000 0.94779998
vt 0.05099999 0.79869998
vt 0.36649999 0.38690001
vt 0.41200000 0.42250001
vt 0.19859990 0.69910002
vt 0.39520001 0.43669999
vt 0.41200000 0.42250001
vt 0.39520001 0.43669999
vt 0.45019999 0.45459998
vt 0.21299990 0.91990000
vt 0.09769999 0.76190001
vt 0.36649999 0.38690001
vt 0.19859990 0.69910002
vt 0.28929999 0.87250012
vt 0.32990000 0.85310012
vt 0.14700000 0.72860003
vt 0.25029999 0.89480001
vt 0.09769999 0.76190001
vt 0.25029999 0.89480001
vt 0.14700000 0.72860003
vt 0.28929999 0.87250012
vt 3.87337089 -0.95895004
vt 3.94690800 1.81579995
vt 3.94690800 -0.81579995
vt 3.87337089 1.95894957
vt 3.72858500 -1.00012994
vt 3.72858500 1.99980283
vt -2.72858500 -1.00012994
vt -2.72858500 1.99980283
vt -2.87337089 -0.95895004
vt -2.87337089 1.95894957
vt -2.94690800 -0.81579995
vt -2.94690800 1.81579995
vt 0.65700001 0.37940001
vt 0.60479999 0.33020002
vt 0.59979999 0.35860002
vt 0.52200001 0.33020002
vt 0.63200003 0.42250001
vt 0.66560000 0.33020002
vt 0.65700001 0.37940001
vt 0.59979999 0.30190003
vt 0.58539999 0.38340002
vt 0.67760909 0.38684648
vt 0.67760003 0.38690001
vt 0.63210428 0.42256153
vt 0.63200003 0.42250001
vt 0.64890897 0.43664640
vt 0.64889997 0.43669999
vt 0.65700918 0.37934631
vt 0.65700001 0.37940001
vt 0.63200003 0.42250001
vt 0.66560000 0.33020002
vt 0.58539999 0.27700001
vt 0.56339997 0.40189999
vt 0.60479999 0.47359997
vt 0.50319999 0.80710000
vt 0.48150000 0.61269999
vt 0.42260000 0.62140000
vt 0.59380001 0.45459998
vt 0.68760002 0.33020002
vt 0.66560000 0.33020002
vt 0.65700001 0.28109998
vt 0.56339997 0.25860000
vt 0.59380001 0.45459998
vt 0.53640002 0.41180003
vt 0.42260000 0.62140000
vt 0.36460000 0.63460004
vt 0.45870000 0.81370002
vt 0.63200003 0.42250001
vt 0.59380001 0.45459998
vt 0.60479999 0.47359997
vt 0.54799998 0.80379999
vt 0.50319999 0.80710000
vt 0.54079998 0.60820001
vt 0.65700001 0.28109998
vt 0.65700001 0.28109998
vt 0.63200003 0.23790002
vt 0.53640002 0.24870002
vt 0.53650630 0.24870002
vt 0.54699999 0.47170001
vt 0.54699999 0.47170001
vt 0.50770003 0.41180003
vt 0.50759369 0.41180003
vt 0.36460000 0.63460004
vt 0.41479999 0.82370001
vt 0.45870000 0.81370002
vt 0.55080003 0.49330002
vt 0.60020000 0.60820001
vt 0.67760003 0.27359998
vt 0.63200003 0.23790002
vt 0.59380001 0.20590001
vt 0.50770003 0.24870002
vt 0.59380001 0.45459998
vt 0.54699999 0.47170001
vt 0.55080003 0.49330002
vt 0.49710000 0.47170001
vt 0.48060000 0.40189999
vt 0.30770001 0.65200001
vt 0.37185660 0.83683211
vt 0.37180001 0.83679998
vt 0.59299999 0.80379999
vt 0.64889997 0.22380000
vt 0.63200003 0.23790002
vt 0.67760003 0.27359998
vt 0.59380001 0.20590001
vt 0.59380001 0.20590001
vt 0.54699999 0.18879998
vt 0.49710000 0.18879998
vt 0.48060000 0.25860000
vt 0.49329999 0.49330002
vt 0.49719760 0.47170001
vt 0.49710000 0.47170001
vt 0.45019999 0.45459998
vt 0.45019999 0.45459998
vt 0.45860001 0.38340002
vt 0.32989261 0.85306370
vt 0.32990000 0.85310012
vt 0.25229999 0.67350000
vt 0.63779998 0.80710000
vt 0.65960002 0.61269999
vt 0.60020000 0.60820001
vt 0.63779998 0.80710000
vt 0.59380001 0.20590001
vt 0.64889997 0.22380000
vt 0.60479999 0.18690002
vt 0.54699999 0.18879998
vt 0.49710000 0.18879998
vt 0.55080003 0.16720003
vt 0.49329999 0.16720003
vt 0.54690242 0.18879998
vt 0.54699999 0.18879998
vt 0.45860001 0.27700001
vt 0.43930000 0.47359997
vt 0.45019999 0.45459998
vt 0.43930000 0.47359997
vt 0.49710000 0.47170001
vt 0.41200000 0.42250001
vt 0.41200000 0.42250001
vt 0.44430000 0.35860002
vt 0.19859990 0.69910002
vt 0.68229997 0.81370002
vt 0.71840000 0.62140000
vt 0.65960002 0.61269999
vt 0.68229997 0.81370002
vt 0.60479999 0.18690002
vt 0.49710000 0.18879998
vt 0.45019999 0.20590001
vt 0.45019999 0.20590001
vt 0.83329999 0.65200001
vt 0.72615790 0.82363772
vt 0.72619998 0.82370001
vt 0.76920003 0.83679998
vt 0.77640003 0.63460004
vt 0.44430000 0.30190003
vt 0.39520001 0.43669999
vt 0.41200000 0.42250001
vt 0.39520001 0.43669999
vt 0.45019999 0.45459998
vt 0.38710001 0.37940001
vt 0.38710001 0.37940001
vt 0.43930000 0.33020002
vt 0.19859990 0.69910002
vt 0.28929999 0.87250012
vt 0.32990000 0.85310012
vt 0.45019999 0.20590001
vt 0.49329999 0.16720003
vt 0.43930000 0.18690002
vt 0.81110001 0.85310012
vt 0.41200000 0.23790002
vt 0.14700000 0.72860003
vt 0.36649999 0.38690001
vt 0.38710001 0.37940001
vt 0.37840000 0.33020002
vt 0.37840000 0.33020002
vt 0.88870001 0.67350000
vt 0.41200000 0.23790002
vt 0.41200000 0.23790002
vt 0.38710001 0.28109998
vt 0.14700000 0.72860003
vt 0.25029999 0.89480001
vt 0.28929999 0.87250012
vt 0.09769999 0.76190001
vt 0.35650000 0.33020002
vt 0.35650000 0.33020002
vt 0.38710001 0.37940001
vt 0.37840000 0.33020002
vt 0.38710001 0.28109998
vt 0.85170001 0.87250012
vt 0.41200000 0.23790002
vt 0.43930000 0.18690002
vt 0.39520001 0.22380000
vt 0.38710001 0.28109998
vt 0.21299990 0.91990000
vt 0.05099999 0.79869998
vt 0.36649999 0.27359998
vt 0.36649999 0.27359998
vt 0.37840000 0.33020002
vt 0.88870001 0.67350000
vt 0.85170001 0.87250012
vt 0.94239998 0.69910002
vt 0.17770000 0.94779998
vt 0.00709999 0.83889997
vt 0.99400002 0.72860003
vt 0.89069998 0.89480001
vt 0.94239998 0.69910002
vt 0.89069998 0.89480001
vt 0.14460000 0.97810000
f 1/1 2/2 3/3
f 4/4 2/2 1/1
f 2/2 5/5 3/3
f 7/7 1/1 3/3
f 8/8 4/4 1/1
f 9/9 10/10 2/2
f 10/10 5/5 2/2
f 5/5 11/11 3/3
f 12/12 1/1 7/7
f 13/13 7/7 3/3
f 14/14 15/15 16/16
f 17/17 18/18 19/19
f 20/20 21/21 5/5
f 11/11 21/21 22/22
f 21/21 11/11 6/6
f 3/3 11/11 23/23
f 24/24 12/12 7/7
f 25/25 7/7 13/13
f 13/13 3/3 26/26
f 16/16 15/15 27/27
f 19/19 18/18 28/28
f 17/17 19/19 29/29
f 30/30 17/17 29/29
f 31/31 32/32 33/33
f 32/32 31/31 34/34
f 11/11 22/22 23/23
f 3/3 23/23 36/36
f 15/15 37/37 27/27
f 25/25 13/13 38/38
f 39/39 13/13 26/26
f 26/26 3/3 40/40
f 41/41 42/42 43/43
f 44/44 45/45 46/46
f 47/47 48/48 49/49
f 35/35 50/50 32/32
f 51/51 53/53 55/55
f 53/53 51/51 57/57
f 31/31 33/33 58/58
f 59/59 60/60 23/23
f 23/23 60/60 36/36
f 3/3 36/36 61/61
f 27/27 37/37 62/62
f 37/37 63/63 62/62
f 39/39 26/26 64/64
f 65/65 26/26 40/40
f 40/40 3/3 66/66
f 43/43 42/42 67/67
f 68/68 69/69 70/70
f 44/44 46/46 71/71
f 72/72 68/68 70/70
f 47/47 49/49 73/73
f 57/57 74/74 54/54
f 75/75 56/56 77/77
f 56/56 75/75 52/52
f 79/79 80/80 81/81
f 36/36 82/82 83/83
f 36/36 83/83 61/61
f 3/3 61/61 84/84
f 63/63 85/85 62/62
f 86/86 87/87 88/88
f 65/65 40/40 89/89
f 90/90 40/40 66/66
f 66/66 3/3 91/91
f 92/92 93/93 94/94
f 76/76 78/78 95/95
f 79/79 81/81 96/96
f 61/61 97/97 98/98
f 61/61 98/98 84/84
f 3/3 84/84 99/99
f 94/94 93/93 100/100
f 87/87 101/101 88/88
f 87/87 102/102 101/101
f 90/90 66/66 103/103
f 66/66 91/91 104/104
f 91/91 3/3 105/105
f 76/76 95/95 107/107
f 108/108 109/109 110/110
f 110/110 111/111 108/108
f 84/84 112/112 113/113
f 99/99 84/84 113/113
f 3/3 99/99 114/114
f 115/115 116/116 117/117
f 116/116 118/118 117/117
f 102/102 119/119 101/101
f 120/120 121/121 122/122
f 104/104 106/106 123/123
f 106/106 104/104 91/91
f 3/3 124/124 105/105
f 107/107 95/95 125/125
f 126/126 127/127 128/128
f 127/127 129/129 128/128
f 99/99 130/130 131/131
f 114/114 99/99 131/131
f 3/3 114/114 124/124
f 132/132 133/133 134/134
f 132/132 135/135 133/133
f 121/121 136/136 122/122
f 136/136 121/121 137/137
f 105/105 139/139 123/123
f 105/105 124/124 140/140
f 141/141 142/142 144/144
f 127/127 146/146 129/129
f 146/146 147/147 129/129
f 114/114 148/148 149/149
f 124/124 114/114 149/149
f 150/150 151/151 152/152
f 138/138 153/153 136/136
f 150/150 154/154 151/151
f 154/154 150/150 156/156
f 157/157 158/158 159/159
f 124/124 160/160 140/140
f 145/145 143/143 161/161
f 145/145 161/161 162/162
f 146/146 163/163 147/147
f 147/147 163/163 164/164
f 165/165 155/155 156/156
f 157/157 166/166 158/158
f 167/167 168/168 169/169
f 161/161 170/170 162/162
f 162/162 170/170 171/171
f 172/172 168/168 167/167
f 173/173 174/174 175/175
f 176/176 174/174 173/173
f 170/170 177/177 171/171
f 178/178 179/179 180/180
f 180/180 179/179 181/181
f 182/182 183/183 184/184
f 183/183 185/185 184/184
f 182/182 184/184 186/186
f 187/187 183/183 188/188
f 183/183 189/189 185/185
f 184/184 185/185 190/190
f 191/191 192/192 193/193
f 194/194 184/184 190/190
f 195/195 196/196 197/197
f 187/187 189/189 183/183
f 189/189 198/198 185/185
f 190/190 185/185 199/199
f 192/192 200/200 193/193
f 196/196 201/201 197/197
f 194/194 190/190 202/202
f 203/203 195/195 197/197
f 204/204 205/205 189/189
f 205/205 198/198 189/189
f 198/198 206/206 185/185
f 207/207 190/190 199/199
f 199/199 185/185 208/208
f 209/209 211/211 213/213
f 211/211 209/209 215/215
f 217/217 218/218 219/219
f 220/220 221/221 222/222
f 223/223 224/224 221/221
f 225/225 195/195 203/203
f 226/226 227/227 198/198
f 227/227 206/206 198/198
f 206/206 228/228 185/185
f 207/207 199/199 230/230
f 199/199 208/208 231/231
f 208/208 185/185 232/232
f 234/234 216/216 210/210
f 212/212 235/235 214/214
f 218/218 236/236 219/219
f 223/223 221/221 220/220
f 237/237 224/224 223/223
f 238/238 225/225 203/203
f 239/239 225/225 238/238
f 240/240 241/241 206/206
f 241/241 228/228 206/206
f 228/228 242/242 185/185
f 243/243 244/244 245/245
f 231/231 233/233 246/246
f 233/233 231/231 208/208
f 185/185 247/247 232/232
f 248/248 249/249 250/250
f 237/237 223/223 251/251
f 252/252 253/253 254/254
f 255/255 253/253 252/252
f 256/256 257/257 228/228
f 242/242 257/257 258/258
f 257/257 242/242 229/229
f 185/185 242/242 259/259
f 244/244 260/260 245/245
f 260/260 244/244 261/261
f 232/232 263/263 246/246
f 232/232 247/247 264/264
f 185/185 265/265 247/247
f 248/248 266/266 249/249
f 266/266 248/248 268/268
f 269/269 237/237 251/251
f 270/270 271/271 272/272
f 273/273 274/274 275/275
f 276/276 273/273 275/275
f 242/242 258/258 259/259
f 277/277 278/278 279/279
f 278/278 277/277 280/280
f 185/185 259/259 282/282
f 262/262 283/283 260/260
f 284/284 285/285 286/286
f 247/247 287/287 264/264
f 247/247 265/265 288/288
f 185/185 289/289 265/265
f 290/290 267/267 268/268
f 270/270 272/272 291/291
f 292/292 293/293 294/294
f 281/281 295/295 278/278
f 296/296 297/297 259/259
f 277/277 279/279 298/298
f 299/299 301/301 303/303
f 301/301 299/299 305/305
f 259/259 297/297 282/282
f 185/185 282/282 306/306
f 284/284 307/307 285/285
f 308/308 309/309 310/310
f 265/265 311/311 288/288
f 265/265 289/289 312/312
f 185/185 313/313 289/289
f 314/314 315/315 316/316
f 292/292 294/294 317/317
f 305/305 318/318 302/302
f 319/319 320/320 321/321
f 322/322 304/304 324/324
f 304/304 322/322 300/300
f 282/282 326/326 327/327
f 282/282 327/327 306/306
f 185/185 306/306 313/313
f 328/328 315/315 314/314
f 329/329 309/309 308/308
f 330/330 329/329 308/308
f 289/289 331/331 312/312
f 289/289 313/313 332/332
f 319/319 321/321 333/333
f 323/323 325/325 334/334
f 306/306 335/335 336/336
f 306/306 336/336 313/313
f 337/337 338/338 339/339
f 340/340 338/338 337/337
f 341/341 329/329 330/330
f 342/342 343/343 344/344
f 313/313 345/345 332/332
f 346/346 347/347 348/348
f 349/349 350/350 351/351
f 348/348 352/352 346/346
f 353/353 338/338 340/340
f 354/354 353/353 340/340
f 355/355 342/342 344/344
f 356/356 357/357 352/352
f 351/351 350/350 358/358
f 348/348 356/356 352/352
f 360/360 353/353 354/354
f 361/361 360/360 354/354
f 351/351 358/358 362/362
f 361/361 359/359 360/360
f 363/363 364/364 365/365
f 365/365 364/364 367/367
f 368/368 363/363 365/365
f 363/363 369/369 364/364
f 364/364 370/370 367/367
f 365/365 371/371 372/372
f 373/373 366/366 372/372
f 366/366 373/373 368/368
f 374/374 363/363 368/368
f 364/364 369/369 375/375
f 363/363 376/376 369/369
f 377/377 378/378 379/379
f 380/380 381/381 382/382
f 383/383 384/384 385/385
f 384/384 383/383 386/386
f 374/374 368/368 373/373
f 388/388 363/363 374/374
f 369/369 389/389 375/375
f 369/369 376/376 390/390
f 363/363 391/391 376/376
f 392/392 378/378 377/377
f 380/380 393/393 381/381
f 387/387 394/394 384/384
f 395/395 396/396 398/398
f 396/396 395/395 399/399
f 400/400 383/383 385/385
f 401/401 374/374 402/402
f 401/401 388/388 374/374
f 403/403 363/363 388/388
f 404/404 392/392 377/377
f 376/376 405/405 390/390
f 376/376 391/391 406/406
f 363/363 407/407 391/391
f 408/408 409/409 410/410
f 411/411 412/412 413/413
f 414/414 397/397 399/399
f 395/395 398/398 415/415
f 416/416 417/417 418/418
f 419/419 388/388 420/420
f 419/419 403/403 388/388
f 421/421 363/363 403/403
f 422/422 392/392 404/404
f 423/423 424/424 425/425
f 391/391 426/426 406/406
f 407/407 427/427 391/391
f 363/363 428/428 407/407
f 410/410 409/409 429/429
f 430/430 431/431 432/432
f 413/413 412/412 433/433
f 434/434 436/436 437/437
f 439/439 416/416 418/418
f 440/440 403/403 441/441
f 440/440 421/421 403/403
f 421/421 442/442 363/363
f 443/443 430/430 432/432
f 444/444 423/423 425/425
f 445/445 446/446 447/447
f 407/407 448/448 427/427
f 428/428 449/449 407/407
f 363/363 450/450 428/428
f 451/451 435/435 438/438
f 435/435 451/451 453/453
f 455/455 456/456 457/457
f 458/458 455/455 457/457
f 459/459 421/421 460/460
f 459/459 442/442 421/421
f 442/442 461/461 363/363
f 462/462 430/430 443/443
f 463/463 462/462 443/443
f 465/465 445/445 447/447
f 465/465 447/447 466/466
f 428/428 467/467 449/449
f 450/450 468/468 428/428
f 363/363 469/469 450/450
f 470/470 454/454 452/452
f 471/471 472/472 473/473
f 474/474 471/471 473/473
f 475/475 476/476 442/442
f 476/476 461/461 442/442
f 461/461 477/477 363/363
f 463/463 478/478 462/462
f 480/480 479/479 464/464
f 466/466 481/481 465/465
f 482/482 483/483 484/484
f 485/485 468/468 450/450
f 469/469 486/486 450/450
f 487/487 469/469 363/363
f 489/489 490/490 491/491
f 492/492 474/474 473/473
f 493/493 474/474 492/492
f 494/494 495/495 461/461
f 495/495 477/477 461/461
f 477/477 487/487 363/363
f 496/496 498/498 500/500
f 497/497 501/501 499/499
f 501/501 497/497 503/503
f 482/482 505/505 483/483
f 506/506 507/507 508/508
f 469/469 509/509 486/486
f 509/509 469/469 488/488
f 510/510 490/490 489/489
f 510/510 511/511 490/490
f 512/512 493/493 492/492
f 513/513 493/493 512/512
f 514/514 515/515 477/477
f 515/515 487/487 477/477
f 504/504 516/516 502/502
f 516/516 504/504 518/518
f 506/506 520/520 507/507
f 520/520 506/506 522/522
f 523/523 509/509 487/487
f 524/524 511/511 510/510
f 525/525 526/526 527/527
f 528/528 526/526 525/525
f 519/519 529/529 517/517
f 529/529 519/519 531/531
f 521/521 532/532 520/520
f 533/533 534/534 535/535
f 524/524 510/510 536/536
f 537/537 538/538 539/539
f 534/534 540/540 535/535
f 531/531 541/541 530/530
f 542/542 524/524 536/536
f 537/537 539/539 543/543
f 544/544 545/545 546/546
f 544/544 546/546 547/547
f 548/548 549/549 550/550
f 551/551 548/548 550/550
f 548/548 552/552 549/549
f 550/550 553/553 554/554
f 551/551 550/550 555/555
f 551/551 556/556 548/548
f 557/557 558/558 559/559
f 556/556 560/560 548/548
f 561/561 562/562 563/563
f 550/550 554/554 555/555
f 551/551 555/555 564/564
f 551/551 565/565 556/556
f 557/557 566/566 558/558
f 563/563 567/567 561/561
f 568/568 560/560 556/556
f 569/569 570/570 571/571
f 555/555 572/572 573/573
f 564/564 555/555 573/573
f 551/551 564/564 574/574
f 565/565 575/575 556/556
f 576/576 565/565 551/551
f 578/578 580/580 582/582
f 580/580 578/578 584/584
f 586/586 587/587 588/588
f 589/589 590/590 591/591
f 592/592 593/593 595/595
f 570/570 597/597 571/571
f 564/564 598/598 599/599
f 574/574 564/564 599/599
f 551/551 574/574 600/600
f 565/565 601/601 575/575
f 601/601 565/565 577/577
f 602/602 576/576 551/551
f 579/579 583/583 603/603
f 585/585 604/604 581/581
f 604/604 585/585 606/606
f 586/586 607/607 587/587
f 607/607 586/586 608/608
f 591/591 590/590 610/610
f 596/596 594/594 611/611
f 570/570 612/612 597/597
f 612/612 613/613 597/597
f 574/574 614/614 615/615
f 600/600 574/574 615/615
f 551/551 600/600 616/616
f 618/618 601/601 576/576
f 619/619 576/576 602/602
f 620/620 602/602 551/551
f 606/606 621/621 605/605
f 609/609 622/622 607/607
f 596/596 611/611 623/623
f 612/612 624/624 613/613
f 613/613 624/624 625/625
f 600/600 626/626 627/627
f 616/616 600/600 627/627
f 628/628 551/551 616/616
f 629/629 630/630 631/631
f 632/632 619/619 602/602
f 633/633 602/602 620/620
f 634/634 620/620 551/551
f 635/635 636/636 637/637
f 611/611 638/638 623/623
f 623/623 638/638 639/639
f 640/640 641/641 642/642
f 642/642 641/641 643/643
f 616/616 644/644 645/645
f 646/646 617/617 645/645
f 617/617 646/646 628/628
f 647/647 551/551 628/628
f 630/630 648/648 631/631
f 630/630 649/649 648/648
f 650/650 633/633 620/620
f 651/651 620/620 634/634
f 652/652 634/634 551/551
f 635/635 653/653 636/636
f 638/638 654/654 639/639
f 655/655 656/656 657/657
f 658/658 659/659 660/660
f 658/658 660/660 661/661
f 647/647 628/628 646/646
f 662/662 663/663 664/664
f 663/663 662/662 665/665
f 667/667 551/551 647/647
f 648/648 649/649 668/668
f 669/669 670/670 671/671
f 672/672 651/651 634/634
f 673/673 634/634 652/652
f 652/652 551/551 674/674
f 675/675 676/676 677/677
f 657/657 656/656 678/678
f 679/679 680/680 681/681
f 666/666 682/682 663/663
f 683/683 647/647 684/684
f 685/685 662/662 664/664
f 686/686 687/687 689/689
f 687/687 686/686 690/690
f 683/683 667/667 647/647
f 674/674 551/551 667/667
f 675/675 691/691 676/676
f 671/671 670/670 692/692
f 670/670 693/693 692/692
f 673/673 652/652 694/694
f 695/695 652/652 674/674
f 681/681 680/680 696/696
f 697/697 688/688 690/690
f 698/698 699/699 700/700
f 686/686 689/689 701/701
f 702/702 667/667 703/703
f 702/702 674/674 667/667
f 704/704 705/705 706/706
f 707/707 708/708 709/709
f 692/692 693/693 710/710
f 693/693 711/711 710/710
f 695/695 674/674 712/712
f 713/713 714/714 715/715
f 716/716 698/698 700/700
f 705/705 717/717 706/706
f 709/709 708/708 718/718
f 711/711 719/719 710/710
f 720/720 716/716 721/721
f 713/713 715/715 722/722
f 716/716 700/700 721/721
f 723/723 724/724 725/725
f 725/725 724/724 726/726
f 727/727 728/728 729/729
f 730/730 727/727 729/729
f 731/731 732/732 733/733
f 734/734 732/732 731/731
f 732/732 735/735 733/733
f 731/731 736/736 737/737
f 738/738 734/734 731/731
f 734/734 739/739 732/732
f 740/740 741/741 742/742
f 732/732 739/739 743/743
f 744/744 745/745 746/746
f 738/738 731/731 737/737
f 747/747 734/734 738/738
f 734/734 748/748 739/739
f 749/749 741/741 740/740
f 744/744 750/750 745/745
f 739/739 751/751 743/743
f 752/752 753/753 754/754
f 755/755 738/738 756/756
f 747/747 738/738 755/755
f 757/757 734/734 747/747
f 739/739 748/748 758/758
f 734/734 759/759 748/748
f 760/760 761/761 762/762
f 763/763 749/749 740/740
f 764/764 765/765 766/766
f 767/767 768/768 769/769
f 752/752 754/754 770/770
f 771/771 747/747 772/772
f 771/771 757/757 747/747
f 773/773 734/734 757/757
f 748/748 774/774 758/758
f 748/748 759/759 775/775
f 734/734 776/776 759/759
f 762/762 761/761 777/777
f 778/778 779/779 780/780
f 781/781 749/749 763/763
f 766/766 765/765 782/782
f 769/769 768/768 783/783
f 784/784 785/785 786/786
f 787/787 784/784 786/786
f 788/788 757/757 789/789
f 788/788 773/773 757/757
f 790/790 734/734 773/773
f 781/781 763/763 791/791
f 759/759 792/792 775/775
f 776/776 793/793 759/759
f 734/734 794/794 776/776
f 795/795 778/778 780/780
f 796/796 797/797 798/798
f 799/799 800/800 801/801
f 802/802 799/799 801/801
f 803/803 773/773 804/804
f 803/803 790/790 773/773
f 790/790 805/805 734/734
f 806/806 781/781 791/791
f 806/806 791/791 807/807
f 776/776 808/808 793/793
f 794/794 809/809 776/776
f 734/734 810/810 794/794
f 811/811 812/812 813/813
f 796/796 798/798 814/814
f 815/815 816/816 817/817
f 818/818 819/819 820/820
f 821/821 818/818 820/820
f 822/822 790/790 823/823
f 822/822 805/805 790/790
f 805/805 824/824 734/734
f 825/825 811/811 813/813
f 826/826 806/806 807/807
f 826/826 807/807 827/827
f 794/794 828/828 809/809
f 810/810 829/829 794/794
f 734/734 830/830 810/810
f 815/815 817/817 831/831
f 832/832 833/833 834/834
f 835/835 836/836 837/837
f 838/838 835/835 837/837
f 839/839 840/840 805/805
f 840/840 824/824 805/805
f 824/824 841/841 734/734
f 842/842 844/844 846/846
f 847/847 845/845 843/843
f 827/827 848/848 826/826
f 849/849 850/850 851/851
f 852/852 829/829 810/810
f 830/830 853/853 810/810
f 854/854 830/830 734/734
f 856/856 832/832 834/834
f 857/857 858/858 859/859
f 860/860 838/838 837/837
f 861/861 838/838 860/860
f 862/862 863/863 824/824
f 863/863 841/841 824/824
f 841/841 854/854 734/734
f 864/864 865/865 866/866
f 867/867 865/865 864/864
f 849/849 868/868 850/850
f 869/869 870/870 871/871
f 830/830 872/872 853/853
f 872/872 830/830 855/855
f 873/873 858/858 857/857
f 873/873 874/874 858/858
f 875/875 861/861 860/860
f 876/876 861/861 875/875
f 877/877 878/878 841/841
f 878/878 854/854 841/841
f 879/879 880/880 881/881
f 882/882 880/880 879/879
f 869/869 883/883 870/870
f 883/883 869/869 884/884
f 886/886 872/872 854/854
f 887/887 874/874 873/873
f 888/888 889/889 890/890
f 891/891 889/889 888/888
f 892/892 893/893 894/894
f 885/885 895/895 883/883
f 892/892 896/896 893/893
f 896/896 892/892 898/898
f 899/899 900/900 901/901
f 887/887 873/873 902/902
f 903/903 904/904 905/905
f 900/900 906/906 901/901
f 898/898 907/907 897/897
f 908/908 887/887 902/902
f 903/903 905/905 909/909
f 910/910 911/911 912/912
f 910/910 912/912 913/913
f 914/914 916/916 917/917
f 918/918 916/916 914/914
f 916/916 919/919 917/917
f 914/914 920/920 921/921
f 922/922 918/918 914/914
f 918/918 923/923 916/916
f 924/924 925/925 926/926
f 916/916 923/923 927/927
f 928/928 929/929 930/930
f 931/931 915/915 921/921
f 915/915 931/931 922/922
f 932/932 918/918 922/922
f 918/918 933/933 923/923
f 934/934 925/925 924/924
f 928/928 935/935 929/929
f 923/923 936/936 927/927
f 937/937 939/939 940/940
f 932/932 922/922 931/931
f 941/941 940/940 942/942
f 940/940 941/941 938/938
f 943/943 918/918 932/932
f 923/923 933/933 944/944
f 918/918 945/945 933/933
f 946/946 947/947 948/948
f 949/949 934/934 924/924
f 950/950 951/951 952/952
f 953/953 954/954 956/956
f 957/957 932/932 958/958
f 959/959 941/941 942/942
f 960/960 955/955 961/961
f 955/955 960/960 956/956
f 957/957 943/943 932/932
f 962/962 918/918 943/943
f 933/933 963/963 944/944
f 933/933 945/945 964/964
f 918/918 965/965 945/945
f 948/948 947/947 966/966
f 967/967 968/968 969/969
f 970/970 934/934 949/949
f 952/952 951/951 971/971
f 972/972 973/973 974/974
f 960/960 961/961 975/975
f 976/976 943/943 977/977
f 976/976 962/962 943/943
f 978/978 918/918 962/962
f 970/970 949/949 979/979
f 945/945 980/980 964/964
f 965/965 981/981 945/945
f 918/918 982/982 965/965
f 983/983 967/967 969/969
f 984/984 985/985 986/986
f 987/987 972/972 974/974
f 988/988 962/962 989/989
f 988/988 978/978 962/962
f 978/978 990/990 918/918
f 991/991 970/970 979/979
f 991/991 979/979 992/992
f 965/965 993/993 981/981
f 982/982 994/994 965/965
f 918/918 995/995 982/982
f 996/996 997/997 998/998
f 984/984 986/986 999/999
f 1000/1000 1001/1001 1002/1002
f 1003/1003 1000/1000 1002/1002
f 1004/1004 978/978 1005/1005
f 1004/1004 990/990 978/978
f 990/990 1006/1006 918/918
f 1007/1007 996/996 998/998
f 1008/1008 991/991 992/992
f 1008/1008 992/992 1009/1009
f 982/982 1010/1010 994/994
f 995/995 1011/1011 982/982
f 918/918 1012/1012 995/995
f 1013/1013 1014/1014 1015/1015
f 1016/1016 1017/1017 1018/1018
f 1019/1019 1016/1016 1018/1018
f 1020/1020 1021/1021 990/990
f 1021/1021 1006/1006 990/990
f 1006/1006 1022/1022 918/918
f 1023/1023 1025/1025 1027/1027
f 1028/1028 1026/1026 1024/1024
f 1009/1009 1029/1029 1008/1008
f 1030/1030 1031/1031 1032/1032
f 1033/1033 1011/1011 995/995
f 1012/1012 1034/1034 995/995
f 1035/1035 1012/1012 918/918
f 1037/1037 1013/1013 1015/1015
f 1038/1038 1039/1039 1040/1040
f 1041/1041 1019/1019 1018/1018
f 1042/1042 1019/1019 1041/1041
f 1043/1043 1044/1044 1006/1006
f 1044/1044 1022/1022 1006/1006
f 1022/1022 1035/1035 918/918
f 1045/1045 1046/1046 1047/1047
f 1048/1048 1046/1046 1045/1045
f 1030/1030 1049/1049 1031/1031
f 1050/1050 1051/1051 1052/1052
f 1012/1012 1053/1053 1034/1034
f 1053/1053 1012/1012 1036/1036
f 1054/1054 1039/1039 1038/1038
f 1054/1054 1055/1055 1039/1039
f 1056/1056 1042/1042 1041/1041
f 1057/1057 1042/1042 1056/1056
f 1058/1058 1059/1059 1022/1022
f 1059/1059 1035/1035 1022/1022
f 1060/1060 1061/1061 1062/1062
f 1063/1063 1061/1061 1060/1060
f 1050/1050 1064/1064 1051/1051
f 1064/1064 1050/1050 1065/1065
f 1067/1067 1053/1053 1035/1035
f 1068/1068 1055/1055 1054/1054
f 1069/1069 1070/1070 1071/1071
f 1072/1072 1070/1070 1069/1069
f 1073/1073 1074/1074 1075/1075
f 1066/1066 1076/1076 1064/1064
f 1073/1073 1077/1077 1074/1074
f 1077/1077 1073/1073 1079/1079
f 1080/1080 1081/1081 1082/1082
f 1068/1068 1054/1054 1083/1083
f 1084/1084 1085/1085 1086/1086
f 1081/1081 1087/1087 1082/1082
f 1079/1079 1088/1088 1078/1078
f 1089/1089 1068/1068 1083/1083
f 1084/1084 1086/1086 1090/1090
f 1091/1091 1092/1092 1093/1093
f 1091/1091 1093/1093 1094/1094
f 1095/1095 1096/1096 1097/1097
f 1098/1098 1099/1099 1100/1100
f 1096/1096 1101/1101 1097/1097
f 1095/1095 1097/1097 1102/1102
f 1099/1099 1103/1103 1100/1100
f 1104/1104 1106/1106 1108/1108
f 1109/1109 1110/1110 1111/1111
f 1096/1096 1112/1112 1101/1101
f 1113/1113 1114/1114 1115/1115
f 1116/1116 1095/1095 1102/1102
f 1117/1117 1118/1118 1119/1119
f 1120/1120 1107/1107 1105/1105
f 1121/1121 1109/1109 1111/1111
f 1109/1109 1113/1113 1115/1115
f 1101/1101 1112/1112 1122/1122
f 1123/1123 1124/1124 1113/1113
f 1116/1116 1102/1102 1125/1125
f 1118/1118 1126/1126 1119/1119
f 1127/1127 1129/1129 1131/1131
f 1132/1132 1109/1109 1121/1121
f 1121/1121 1133/1133 1134/1134
f 1132/1132 1113/1113 1109/1109
f 1112/1112 1135/1135 1122/1122
f 1132/1132 1123/1123 1113/1113
f 1123/1123 1136/1136 1124/1124
f 1125/1125 1137/1137 1116/1116
f 1138/1138 1139/1139 1140/1140
f 1128/1128 1141/1141 1130/1130
f 1141/1141 1128/1128 1143/1143
f 1132/1132 1121/1121 1145/1145
f 1145/1145 1121/1121 1134/1134
f 1122/1122 1135/1135 1146/1146
f 1132/1132 1147/1147 1123/1123
f 1147/1147 1148/1148 1123/1123
f 1149/1149 1150/1150 1151/1151
f 1140/1140 1139/1139 1152/1152
f 1153/1153 1142/1142 1144/1144
f 1132/1132 1145/1145 1154/1154
f 1145/1145 1156/1156 1157/1157
f 1158/1158 1159/1159 1160/1160
f 1132/1132 1161/1161 1147/1147
f 1147/1147 1162/1162 1148/1148
f 1149/1149 1163/1163 1150/1150
f 1164/1164 1165/1165 1166/1166
f 1167/1167 1168/1168 1169/1169
f 1154/1154 1145/1145 1157/1157
f 1170/1170 1132/1132 1154/1154
f 1158/1158 1160/1160 1171/1171
f 1161/1161 1172/1172 1147/1147
f 1132/1132 1173/1173 1161/1161
f 1174/1174 1175/1175 1176/1176
f 1166/1166 1165/1165 1177/1177
f 1167/1167 1178/1178 1168/1168
f 1178/1178 1167/1167 1180/1180
f 1154/1154 1181/1181 1182/1182
f 1183/1183 1155/1155 1182/1182
f 1155/1155 1183/1183 1170/1170
f 1184/1184 1132/1132 1170/1170
f 1185/1185 1187/1187 1188/1188
f 1189/1189 1172/1172 1161/1161
f 1173/1173 1190/1190 1161/1161
f 1191/1191 1173/1173 1132/1132
f 1174/1174 1193/1193 1175/1175
f 1193/1193 1174/1174 1194/1194
f 1196/1196 1197/1197 1199/1199
f 1180/1180 1200/1200 1179/1179
f 1184/1184 1170/1170 1183/1183
f 1201/1201 1188/1188 1202/1202
f 1188/1188 1201/1201 1186/1186
f 1203/1203 1132/1132 1184/1184
f 1173/1173 1204/1204 1190/1190
f 1204/1204 1173/1173 1192/1192
f 1205/1205 1191/1191 1132/1132
f 1195/1195 1206/1206 1193/1193
f 1207/1207 1198/1198 1208/1208
f 1198/1198 1207/1207 1199/1199
f 1209/1209 1210/1210 1211/1211
f 1212/1212 1184/1184 1213/1213
f 1214/1214 1201/1201 1202/1202
f 1212/1212 1203/1203 1184/1184
f 1215/1215 1132/1132 1203/1203
f 1216/1216 1204/1204 1191/1191
f 1217/1217 1191/1191 1205/1205
f 1218/1218 1205/1205 1132/1132
f 1219/1219 1220/1220 1221/1221
f 1207/1207 1208/1208 1222/1222
f 1209/1209 1223/1223 1210/1210
f 1224/1224 1225/1225 1226/1226
f 1227/1227 1203/1203 1228/1228
f 1227/1227 1215/1215 1203/1203
f 1229/1229 1132/1132 1215/1215
f 1230/1230 1217/1217 1205/1205
f 1231/1231 1205/1205 1218/1218
f 1232/1232 1218/1218 1132/1132
f 1220/1220 1233/1233 1221/1221
f 1234/1234 1236/1236 1237/1237
f 1239/1239 1240/1240 1241/1241
f 1242/1242 1224/1224 1226/1226
f 1243/1243 1215/1215 1244/1244
f 1243/1243 1229/1229 1215/1215
f 1229/1229 1232/1232 1132/1132
f 1245/1245 1246/1246 1247/1247
f 1248/1248 1231/1231 1218/1218
f 1249/1249 1218/1218 1232/1232
f 1250/1250 1235/1235 1238/1238
f 1235/1235 1250/1250 1252/1252
f 1239/1239 1254/1254 1240/1240
f 1255/1255 1256/1256 1257/1257
f 1258/1258 1255/1255 1257/1257
f 1259/1259 1229/1229 1260/1260
f 1259/1259 1232/1232 1229/1229
f 1247/1247 1246/1246 1261/1261
f 1262/1262 1263/1263 1264/1264
f 1265/1265 1249/1249 1232/1232
f 1266/1266 1253/1253 1251/1251
f 1267/1267 1268/1268 1269/1269
f 1270/1270 1271/1271 1272/1272
f 1273/1273 1270/1270 1272/1272
f 1264/1264 1263/1263 1274/1274
f 1263/1263 1273/1273 1274/1274
f 1275/1275 1276/1276 1277/1277
f 1268/1268 1278/1278 1269/1269
f 1274/1274 1273/1273 1272/1272
f 1268/1268 1279/1279 1278/1278
f 1278/1278 1276/1276 1275/1275
f 1278/1278 1279/1279 1276/1276
f 1280/1280 1281/1281 1282/1282
f 1281/1281 1283/1283 1282/1282
f 1280/1280 1282/1282 1284/1284
f 1285/1285 1281/1281 1286/1286
f 1281/1281 1287/1287 1283/1283
f 1282/1282 1283/1283 1288/1288
f 1289/1289 1290/1290 1291/1291
f 1292/1292 1282/1282 1288/1288
f 1293/1293 1294/1294 1295/1295
f 1285/1285 1287/1287 1281/1281
f 1287/1287 1296/1296 1283/1283
f 1288/1288 1283/1283 1297/1297
f 1290/1290 1298/1298 1291/1291
f 1294/1294 1299/1299 1295/1295
f 1292/1292 1288/1288 1300/1300
f 1301/1301 1293/1293 1295/1295
f 1302/1302 1303/1303 1287/1287
f 1303/1303 1296/1296 1287/1287
f 1296/1296 1304/1304 1283/1283
f 1305/1305 1288/1288 1297/1297
f 1297/1297 1283/1283 1306/1306
f 1307/1307 1308/1308 1309/1309
f 1310/1310 1311/1311 1312/1312
f 1313/1313 1314/1314 1315/1315
f 1316/1316 1317/1317 1314/1314
f 1318/1318 1293/1293 1301/1301
f 1319/1319 1320/1320 1296/1296
f 1320/1320 1304/1304 1296/1296
f 1304/1304 1321/1321 1283/1283
f 1305/1305 1297/1297 1323/1323
f 1297/1297 1306/1306 1324/1324
f 1306/1306 1283/1283 1325/1325
f 1327/1327 1307/1307 1309/1309
f 1328/1328 1329/1329 1330/1330
f 1311/1311 1331/1331 1312/1312
f 1316/1316 1314/1314 1313/1313
f 1332/1332 1317/1317 1316/1316
f 1333/1333 1318/1318 1301/1301
f 1334/1334 1318/1318 1333/1333
f 1335/1335 1336/1336 1304/1304
f 1336/1336 1321/1321 1304/1304
f 1321/1321 1337/1337 1283/1283
f 1338/1338 1339/1339 1340/1340
f 1324/1324 1326/1326 1341/1341
f 1326/1326 1324/1324 1306/1306
f 1283/1283 1342/1342 1325/1325
f 1328/1328 1343/1343 1329/1329
f 1332/1332 1316/1316 1344/1344
f 1345/1345 1346/1346 1347/1347
f 1348/1348 1346/1346 1345/1345
f 1349/1349 1350/1350 1321/1321
f 1337/1337 1350/1350 1351/1351
f 1350/1350 1337/1337 1322/1322
f 1283/1283 1337/1337 1352/1352
f 1339/1339 1353/1353 1340/1340
f 1353/1353 1339/1339 1354/1354
f 1325/1325 1356/1356 1341/1341
f 1325/1325 1342/1342 1357/1357
f 1283/1283 1358/1358 1342/1342
f 1359/1359 1360/1360 1361/1361
f 1362/1362 1332/1332 1344/1344
f 1363/1363 1364/1364 1365/1365
f 1366/1366 1367/1367 1368/1368
f 1369/1369 1366/1366 1368/1368
f 1337/1337 1351/1351 1352/1352
f 1370/1370 1371/1371 1372/1372
f 1371/1371 1370/1370 1373/1373
f 1283/1283 1352/1352 1375/1375
f 1355/1355 1376/1376 1353/1353
f 1359/1359 1377/1377 1360/1360
f 1377/1377 1359/1359 1379/1379
f 1380/1380 1381/1381 1382/1382
f 1342/1342 1383/1383 1357/1357
f 1342/1342 1358/1358 1384/1384
f 1283/1283 1385/1385 1358/1358
f 1363/1363 1365/1365 1386/1386
f 1387/1387 1388/1388 1389/1389
f 1374/1374 1390/1390 1371/1371
f 1391/1391 1392/1392 1352/1352
f 1370/1370 1372/1372 1393/1393
f 1394/1394 1396/1396 1398/1398
f 1396/1396 1394/1394 1400/1400
f 1352/1352 1392/1392 1375/1375
f 1283/1283 1375/1375 1401/1401
f 1402/1402 1378/1378 1379/1379
f 1380/1380 1403/1403 1381/1381
f 1404/1404 1405/1405 1406/1406
f 1358/1358 1407/1407 1384/1384
f 1358/1358 1385/1385 1408/1408
f 1283/1283 1409/1409 1385/1385
f 1387/1387 1389/1389 1410/1410
f 1400/1400 1411/1411 1397/1397
f 1412/1412 1413/1413 1414/1414
f 1415/1415 1399/1399 1417/1417
f 1399/1399 1415/1415 1395/1395
f 1375/1375 1419/1419 1420/1420
f 1375/1375 1420/1420 1401/1401
f 1283/1283 1401/1401 1409/1409
f 1421/1421 1422/1422 1423/1423
f 1424/1424 1422/1422 1421/1421
f 1425/1425 1405/1405 1404/1404
f 1426/1426 1425/1425 1404/1404
f 1385/1385 1427/1427 1408/1408
f 1385/1385 1409/1409 1428/1428
f 1412/1412 1414/1414 1429/1429
f 1416/1416 1418/1418 1430/1430
f 1401/1401 1431/1431 1432/1432
f 1401/1401 1432/1432 1409/1409
f 1433/1433 1434/1434 1435/1435
f 1436/1436 1434/1434 1433/1433
f 1437/1437 1425/1425 1426/1426
f 1438/1438 1439/1439 1440/1440
f 1409/1409 1441/1441 1428/1428
f 1442/1442 1443/1443 1444/1444
f 1445/1445 1446/1446 1447/1447
f 1444/1444 1448/1448 1442/1442
f 1449/1449 1434/1434 1436/1436
f 1450/1450 1449/1449 1436/1436
f 1451/1451 1438/1438 1440/1440
f 1452/1452 1453/1453 1448/1448
f 1447/1447 1446/1446 1454/1454
f 1444/1444 1452/1452 1448/1448
f 1455/1455 1449/1449 1450/1450
f 1456/1456 1455/1455 1450/1450
f 1458/1458 1459/1459 1457/1457
f 1456/1456 1460/1460 1455/1455
f 1461/1461 1462/1462 1463/1463
f 1464/1464 1465/1465 1466/1466
f 1462/1462 1467/1467 1463/1463
f 1461/1461 1463/1463 1468/1468
f 1465/1465 1469/1469 1466/1466
f 1470/1470 1472/1472 1474/1474
f 1475/1475 1476/1476 1477/1477
f 1462/1462 1478/1478 1467/1467
f 1479/1479 1480/1480 1481/1481
f 1482/1482 1461/1461 1468/1468
f 1483/1483 1484/1484 1485/1485
f 1486/1486 1473/1473 1471/1471
f 1487/1487 1475/1475 1477/1477
f 1475/1475 1479/1479 1481/1481
f 1467/1467 1478/1478 1488/1488
f 1489/1489 1490/1490 1479/1479
f 1482/1482 1468/1468 1491/1491
f 1484/1484 1492/1492 1485/1485
f 1493/1493 1494/1494 1495/1495
f 1496/1496 1475/1475 1487/1487
f 1487/1487 1497/1497 1498/1498
f 1496/1496 1479/1479 1475/1475
f 1478/1478 1499/1499 1488/1488
f 1496/1496 1489/1489 1479/1479
f 1489/1489 1500/1500 1490/1490
f 1491/1491 1501/1501 1482/1482
f 1502/1502 1503/1503 1504/1504
f 1505/1505 1494/1494 1493/1493
f 1496/1496 1487/1487 1506/1506
f 1506/1506 1487/1487 1498/1498
f 1488/1488 1499/1499 1507/1507
f 1496/1496 1508/1508 1489/1489
f 1508/1508 1509/1509 1489/1489
f 1510/1510 1511/1511 1512/1512
f 1504/1504 1503/1503 1513/1513
f 1514/1514 1515/1515 1516/1516
f 1496/1496 1506/1506 1517/1517
f 1506/1506 1519/1519 1520/1520
f 1507/1507 1499/1499 1521/1521
f 1496/1496 1522/1522 1508/1508
f 1508/1508 1523/1523 1509/1509
f 1510/1510 1524/1524 1511/1511
f 1525/1525 1526/1526 1528/1528
f 1529/1529 1515/1515 1514/1514
f 1517/1517 1506/1506 1520/1520
f 1530/1530 1496/1496 1517/1517
f 1507/1507 1521/1521 1531/1531
f 1522/1522 1532/1532 1508/1508
f 1496/1496 1533/1533 1522/1522
f 1534/1534 1535/1535 1536/1536
f 1537/1537 1527/1527 1538/1538
f 1527/1527 1537/1537 1528/1528
f 1540/1540 1541/1541 1542/1542
f 1517/1517 1543/1543 1544/1544
f 1545/1545 1518/1518 1544/1544
f 1518/1518 1545/1545 1530/1530
f 1546/1546 1496/1496 1530/1530
f 1547/1547 1549/1549 1550/1550
f 1551/1551 1532/1532 1522/1522
f 1533/1533 1552/1552 1522/1522
f 1553/1553 1533/1533 1496/1496
f 1534/1534 1555/1555 1535/1535
f 1555/1555 1534/1534 1556/1556
f 1558/1558 1539/1539 1559/1559
f 1539/1539 1558/1558 1537/1537
f 1540/1540 1560/1560 1541/1541
f 1560/1560 1540/1540 1562/1562
f 1546/1546 1530/1530 1545/1545
f 1563/1563 1550/1550 1564/1564
f 1550/1550 1563/1563 1548/1548
f 1565/1565 1496/1496 1546/1546
f 1533/1533 1566/1566 1552/1552
f 1566/1566 1533/1533 1554/1554
f 1567/1567 1553/1553 1496/1496
f 1557/1557 1568/1568 1555/1555
f 1558/1558 1559/1559 1569/1569
f 1562/1562 1570/1570 1561/1561
f 1571/1571 1546/1546 1572/1572
f 1573/1573 1563/1563 1564/1564
f 1571/1571 1565/1565 1546/1546
f 1574/1574 1496/1496 1565/1565
f 1575/1575 1566/1566 1553/1553
f 1576/1576 1553/1553 1567/1567
f 1577/1577 1567/1567 1496/1496
f 1578/1578 1579/1579 1580/1580
f 1581/1581 1558/1558 1569/1569
f 1582/1582 1583/1583 1584/1584
f 1585/1585 1586/1586 1587/1587
f 1588/1588 1565/1565 1589/1589
f 1588/1588 1574/1574 1565/1565
f 1590/1590 1496/1496 1574/1574
f 1591/1591 1576/1576 1567/1567
f 1592/1592 1567/1567 1577/1577
f 1593/1593 1577/1577 1496/1496
f 1579/1579 1594/1594 1580/1580
f 1581/1581 1569/1569 1595/1595
f 1582/1582 1596/1596 1583/1583
f 1597/1597 1585/1585 1587/1587
f 1598/1598 1574/1574 1599/1599
f 1598/1598 1590/1590 1574/1574
f 1590/1590 1593/1593 1496/1496
f 1600/1600 1601/1601 1602/1602
f 1603/1603 1592/1592 1577/1577
f 1604/1604 1577/1577 1593/1593
f 1605/1605 1606/1606 1607/1607
f 1608/1608 1609/1609 1610/1610
f 1597/1597 1587/1587 1611/1611
f 1612/1612 1597/1597 1611/1611
f 1613/1613 1590/1590 1614/1614
f 1613/1613 1593/1593 1590/1590
f 1602/1602 1601/1601 1615/1615
f 1616/1616 1617/1617 1618/1618
f 1619/1619 1604/1604 1593/1593
f 1620/1620 1605/1605 1607/1607
f 1608/1608 1621/1621 1609/1609
f 1622/1622 1623/1623 1624/1624
f 1625/1625 1622/1622 1624/1624
f 1618/1618 1617/1617 1626/1626
f 1617/1617 1625/1625 1626/1626
f 1627/1627 1628/1628 1629/1629
f 1630/1630 1631/1631 1632/1632
f 1626/1626 1625/1625 1624/1624
f 1631/1631 1633/1633 1634/1634
f 1634/1634 1628/1628 1627/1627
f 1631/1631 1634/1634 1632/1632
f 1634/1634 1633/1633 1628/1628
f 1635/1635 1636/1636 1637/1637
f 1637/1637 1636/1636 1639/1639
f 1640/1640 1635/1635 1637/1637
f 1635/1635 1641/1641 1636/1636
f 1636/1636 1642/1642 1639/1639
f 1637/1637 1643/1643 1644/1644
f 1645/1645 1638/1638 1644/1644
f 1638/1638 1645/1645 1640/1640
f 1646/1646 1635/1635 1640/1640
f 1636/1636 1641/1641 1647/1647
f 1635/1635 1648/1648 1641/1641
f 1649/1649 1650/1650 1651/1651
f 1651/1651 1652/1652 1653/1653
f 1654/1654 1655/1655 1656/1656
f 1655/1655 1654/1654 1657/1657
f 1646/1646 1640/1640 1645/1645
f 1659/1659 1635/1635 1646/1646
f 1641/1641 1660/1660 1647/1647
f 1641/1641 1648/1648 1661/1661
f 1635/1635 1662/1662 1648/1648
f 1663/1663 1650/1650 1649/1649
f 1651/1651 1650/1650 1652/1652
f 1658/1658 1664/1664 1655/1655
f 1665/1665 1666/1666 1668/1668
f 1666/1666 1665/1665 1670/1670
f 1671/1671 1654/1654 1656/1656
f 1672/1672 1646/1646 1673/1673
f 1672/1672 1659/1659 1646/1646
f 1674/1674 1635/1635 1659/1659
f 1675/1675 1676/1676 1677/1677
f 1648/1648 1678/1678 1661/1661
f 1648/1648 1662/1662 1679/1679
f 1635/1635 1680/1680 1662/1662
f 1681/1681 1682/1682 1683/1683
f 1684/1684 1685/1685 1686/1686
f 1687/1687 1667/1667 1670/1670
f 1688/1688 1665/1665 1669/1669
f 1665/1665 1688/1688 1689/1689
f 1690/1690 1691/1691 1692/1692
f 1693/1693 1659/1659 1694/1694
f 1693/1693 1674/1674 1659/1659
f 1695/1695 1635/1635 1674/1674
f 1696/1696 1676/1676 1675/1675
f 1697/1697 1698/1698 1699/1699
f 1662/1662 1700/1700 1679/1679
f 1680/1680 1701/1701 1662/1662
f 1635/1635 1702/1702 1680/1680
f 1683/1683 1682/1682 1703/1703
f 1704/1704 1705/1705 1706/1706
f 1686/1686 1685/1685 1707/1707
f 1689/1689 1688/1688 1708/1708
f 1709/1709 1690/1690 1692/1692
f 1710/1710 1674/1674 1711/1711
f 1710/1710 1695/1695 1674/1674
f 1695/1695 1712/1712 1635/1635
f 1713/1713 1704/1704 1706/1706
f 1714/1714 1697/1697 1699/1699
f 1715/1715 1716/1716 1717/1717
f 1680/1680 1718/1718 1701/1701
f 1702/1702 1719/1719 1680/1680
f 1635/1635 1720/1720 1702/1702
f 1721/1721 1722/1722 1723/1723
f 1724/1724 1725/1725 1726/1726
f 1727/1727 1724/1724 1726/1726
f 1728/1728 1695/1695 1729/1729
f 1728/1728 1712/1712 1695/1695
f 1712/1712 1730/1730 1635/1635
f 1731/1731 1704/1704 1713/1713
f 1732/1732 1731/1731 1713/1713
f 1734/1734 1715/1715 1717/1717
f 1734/1734 1717/1717 1735/1735
f 1702/1702 1736/1736 1719/1719
f 1720/1720 1737/1737 1702/1702
f 1635/1635 1738/1738 1720/1720
f 1739/1739 1721/1721 1723/1723
f 1740/1740 1741/1741 1742/1742
f 1743/1743 1740/1740 1742/1742
f 1744/1744 1745/1745 1712/1712
f 1745/1745 1730/1730 1712/1712
f 1730/1730 1746/1746 1635/1635
f 1732/1732 1747/1747 1731/1731
f 1749/1749 1748/1748 1733/1733
f 1735/1735 1750/1750 1734/1734
f 1751/1751 1752/1752 1753/1753
f 1754/1754 1737/1737 1720/1720
f 1738/1738 1755/1755 1720/1720
f 1756/1756 1738/1738 1635/1635
f 1739/1739 1758/1758 1721/1721
f 1759/1759 1743/1743 1742/1742
f 1760/1760 1743/1743 1759/1759
f 1761/1761 1762/1762 1730/1730
f 1762/1762 1746/1746 1730/1730
f 1746/1746 1756/1756 1635/1635
f 1763/1763 1764/1764 1765/1765
f 1766/1766 1764/1764 1763/1763
f 1751/1751 1767/1767 1752/1752
f 1768/1768 1769/1769 1770/1770
f 1738/1738 1771/1771 1755/1755
f 1771/1771 1738/1738 1757/1757
f 1772/1772 1758/1758 1739/1739
f 1772/1772 1773/1773 1758/1758
f 1774/1774 1760/1760 1759/1759
f 1775/1775 1760/1760 1774/1774
f 1776/1776 1777/1777 1746/1746
f 1777/1777 1756/1756 1746/1746
f 1778/1778 1779/1779 1780/1780
f 1781/1781 1779/1779 1778/1778
f 1768/1768 1782/1782 1769/1769
f 1782/1782 1768/1768 1783/1783
f 1785/1785 1771/1771 1756/1756
f 1786/1786 1773/1773 1772/1772
f 1787/1787 1788/1788 1789/1789
f 1790/1790 1788/1788 1787/1787
f 1791/1791 1792/1792 1793/1793
f 1784/1784 1794/1794 1782/1782
f 1791/1791 1795/1795 1792/1792
f 1795/1795 1791/1791 1797/1797
f 1798/1798 1799/1799 1800/1800
f 1786/1786 1772/1772 1801/1801
f 1802/1802 1803/1803 1804/1804
f 1799/1799 1805/1805 1800/1800
f 1797/1797 1806/1806 1796/1796
f 1807/1807 1786/1786 1801/1801
f 1802/1802 1804/1804 1808/1808
f 1809/1809 1810/1810 1811/1811
f 1809/1809 1811/1811 1812/1812
f 1813/1813 1814/1814 1815/1815
f 1816/1816 1813/1813 1815/1815
f 1813/1813 1817/1817 1814/1814
f 1815/1815 1818/1818 1819/1819
f 1816/1816 1815/1815 1820/1820
f 1816/1816 1821/1821 1813/1813
f 1822/1822 1823/1823 1824/1824
f 1821/1821 1825/1825 1813/1813
f 1826/1826 1827/1827 1828/1828
f 1815/1815 1819/1819 1820/1820
f 1816/1816 1820/1820 1829/1829
f 1816/1816 1830/1830 1821/1821
f 1822/1822 1831/1831 1823/1823
f 1828/1828 1832/1832 1826/1826
f 1833/1833 1825/1825 1821/1821
f 1834/1834 1835/1835 1836/1836
f 1820/1820 1837/1837 1838/1838
f 1829/1829 1820/1820 1838/1838
f 1816/1816 1829/1829 1839/1839
f 1830/1830 1840/1840 1821/1821
f 1841/1841 1830/1830 1816/1816
f 1843/1843 1845/1845 1847/1847
f 1845/1845 1843/1843 1849/1849
f 1851/1851 1852/1852 1853/1853
f 1854/1854 1855/1855 1856/1856
f 1857/1857 1858/1858 1860/1860
f 1835/1835 1862/1862 1836/1836
f 1829/1829 1863/1863 1864/1864
f 1839/1839 1829/1829 1864/1864
f 1816/1816 1839/1839 1865/1865
f 1830/1830 1866/1866 1840/1840
f 1866/1866 1830/1830 1842/1842
f 1867/1867 1841/1841 1816/1816
f 1844/1844 1848/1848 1868/1868
f 1850/1850 1869/1869 1846/1846
f 1869/1869 1850/1850 1871/1871
f 1851/1851 1872/1872 1852/1852
f 1872/1872 1851/1851 1873/1873
f 1856/1856 1855/1855 1875/1875
f 1861/1861 1859/1859 1876/1876
f 1835/1835 1877/1877 1862/1862
f 1877/1877 1878/1878 1862/1862
f 1839/1839 1879/1879 1880/1880
f 1865/1865 1839/1839 1880/1880
f 1816/1816 1865/1865 1881/1881
f 1883/1883 1866/1866 1841/1841
f 1884/1884 1841/1841 1867/1867
f 1885/1885 1867/1867 1816/1816
f 1871/1871 1886/1886 1870/1870
f 1874/1874 1887/1887 1872/1872
f 1861/1861 1876/1876 1888/1888
f 1877/1877 1889/1889 1878/1878
f 1878/1878 1889/1889 1890/1890
f 1865/1865 1891/1891 1892/1892
f 1881/1881 1865/1865 1892/1892
f 1893/1893 1816/1816 1881/1881
f 1894/1894 1895/1895 1896/1896
f 1897/1897 1884/1884 1867/1867
f 1898/1898 1867/1867 1885/1885
f 1899/1899 1885/1885 1816/1816
f 1900/1900 1901/1901 1902/1902
f 1876/1876 1903/1903 1888/1888
f 1888/1888 1903/1903 1904/1904
f 1905/1905 1906/1906 1907/1907
f 1907/1907 1906/1906 1908/1908
f 1881/1881 1909/1909 1910/1910
f 1911/1911 1882/1882 1910/1910
f 1882/1882 1911/1911 1893/1893
f 1912/1912 1816/1816 1893/1893
f 1895/1895 1913/1913 1896/1896
f 1895/1895 1914/1914 1913/1913
f 1915/1915 1898/1898 1885/1885
f 1916/1916 1885/1885 1899/1899
f 1917/1917 1899/1899 1816/1816
f 1900/1900 1918/1918 1901/1901
f 1903/1903 1919/1919 1904/1904
f 1920/1920 1921/1921 1922/1922
f 1923/1923 1924/1924 1925/1925
f 1923/1923 1925/1925 1926/1926
f 1912/1912 1893/1893 1911/1911
f 1927/1927 1928/1928 1929/1929
f 1928/1928 1927/1927 1930/1930
f 1932/1932 1816/1816 1912/1912
f 1913/1913 1914/1914 1933/1933
f 1934/1934 1935/1935 1936/1936
f 1937/1937 1916/1916 1899/1899
f 1938/1938 1899/1899 1917/1917
f 1917/1917 1816/1816 1939/1939
f 1940/1940 1941/1941 1942/1942
f 1922/1922 1921/1921 1943/1943
f 1944/1944 1945/1945 1946/1946
f 1931/1931 1947/1947 1928/1928
f 1948/1948 1912/1912 1949/1949
f 1950/1950 1927/1927 1929/1929
f 1951/1951 1952/1952 1954/1954
f 1952/1952 1951/1951 1955/1955
f 1948/1948 1932/1932 1912/1912
f 1939/1939 1816/1816 1932/1932
f 1940/1940 1956/1956 1941/1941
f 1936/1936 1935/1935 1957/1957
f 1935/1935 1958/1958 1957/1957
f 1938/1938 1917/1917 1959/1959
f 1960/1960 1917/1917 1939/1939
f 1946/1946 1945/1945 1961/1961
f 1962/1962 1953/1953 1955/1955
f 1963/1963 1964/1964 1965/1965
f 1951/1951 1954/1954 1966/1966
f 1967/1967 1932/1932 1968/1968
f 1967/1967 1939/1939 1932/1932
f 1969/1969 1970/1970 1971/1971
f 1972/1972 1973/1973 1974/1974
f 1957/1957 1958/1958 1975/1975
f 1958/1958 1976/1976 1975/1975
f 1960/1960 1939/1939 1977/1977
f 1978/1978 1979/1979 1980/1980
f 1981/1981 1963/1963 1965/1965
f 1970/1970 1982/1982 1971/1971
f 1974/1974 1973/1973 1983/1983
f 1976/1976 1984/1984 1975/1975
f 1985/1985 1981/1981 1986/1986
f 1978/1978 1980/1980 1987/1987
f 1981/1981 1965/1965 1986/1986
f 1988/1988 1989/1989 1990/1990
f 1990/1990 1989/1989 1991/1991
f 1992/1992 1993/1993 1994/1994
f 1995/1995 1992/1992 1994/1994
f 1996/1996 1997/1997 1998/1998
f 1999/1999 1997/1997 1996/1996
f 1997/1997 2000/2000 1998/1998
f 2002/2002 1996/1996 1998/1998
f 2003/2003 1999/1999 1996/1996
f 2004/2004 2005/2005 1997/1997
f 2005/2005 2000/2000 1997/1997
f 2000/2000 2006/2006 1998/1998
f 2007/2007 1996/1996 2002/2002
f 2008/2008 2002/2002 1998/1998
f 2009/2009 2010/2010 2011/2011
f 2012/2012 2013/2013 2014/2014
f 2015/2015 2016/2016 2000/2000
f 2006/2006 2016/2016 2017/2017
f 2016/2016 2006/2006 2001/2001
f 1998/1998 2006/2006 2018/2018
f 2019/2019 2007/2007 2002/2002
f 2020/2020 2002/2002 2008/2008
f 2008/2008 1998/1998 2021/2021
f 2011/2011 2010/2010 2022/2022
f 2014/2014 2013/2013 2023/2023
f 2012/2012 2014/2014 2024/2024
f 2025/2025 2012/2012 2024/2024
f 2026/2026 2027/2027 2028/2028
f 2027/2027 2026/2026 2029/2029
f 2006/2006 2017/2017 2018/2018
f 1998/1998 2018/2018 2031/2031
f 2010/2010 2032/2032 2022/2022
f 2020/2020 2008/2008 2033/2033
f 2034/2034 2008/2008 2021/2021
f 2021/2021 1998/1998 2035/2035
f 2036/2036 2037/2037 2038/2038
f 2039/2039 2040/2040 2041/2041
f 2042/2042 2043/2043 2044/2044
f 2030/2030 2045/2045 2027/2027
f 2046/2046 2047/2047 2049/2049
f 2047/2047 2046/2046 2050/2050
f 2026/2026 2028/2028 2051/2051
f 2052/2052 2053/2053 2018/2018
f 2018/2018 2053/2053 2031/2031
f 1998/1998 2031/2031 2054/2054
f 2022/2022 2032/2032 2055/2055
f 2032/2032 2056/2056 2055/2055
f 2034/2034 2021/2021 2057/2057
f 2058/2058 2021/2021 2035/2035
f 2035/2035 1998/1998 2059/2059
f 2038/2038 2037/2037 2060/2060
f 2061/2061 2062/2062 2063/2063
f 2039/2039 2041/2041 2064/2064
f 2065/2065 2061/2061 2063/2063
f 2042/2042 2044/2044 2066/2066
f 2050/2050 2067/2067 2048/2048
f 2046/2046 2049/2049 2068/2068
f 2069/2069 2070/2070 2071/2071
f 2031/2031 2072/2072 2073/2073
f 2031/2031 2073/2073 2054/2054
f 1998/1998 2054/2054 2074/2074
f 2056/2056 2075/2075 2055/2055
f 2076/2076 2077/2077 2078/2078
f 2058/2058 2035/2035 2079/2079
f 2080/2080 2035/2035 2059/2059
f 2059/2059 1998/1998 2081/2081
f 2082/2082 2083/2083 2084/2084
f 2085/2085 2086/2086 2087/2087
f 2069/2069 2071/2071 2088/2088
f 2054/2054 2089/2089 2090/2090
f 2054/2054 2090/2090 2074/2074
f 1998/1998 2074/2074 2091/2091
f 2084/2084 2083/2083 2092/2092
f 2077/2077 2093/2093 2078/2078
f 2094/2094 2095/2095 2096/2096
f 2080/2080 2059/2059 2097/2097
f 2059/2059 2081/2081 2098/2098
f 2081/2081 1998/1998 2099/2099
f 2087/2087 2086/2086 2101/2101
f 2102/2102 2103/2103 2104/2104
f 2104/2104 2105/2105 2102/2102
f 2074/2074 2106/2106 2107/2107
f 2091/2091 2074/2074 2107/2107
f 1998/1998 2091/2091 2108/2108
f 2109/2109 2110/2110 2111/2111
f 2110/2110 2112/2112 2111/2111
f 2095/2095 2113/2113 2096/2096
f 2114/2114 2115/2115 2116/2116
f 2098/2098 2100/2100 2117/2117
f 2100/2100 2098/2098 2081/2081
f 1998/1998 2118/2118 2099/2099
f 2119/2119 2120/2120 2121/2121
f 2122/2122 2123/2123 2124/2124
f 2123/2123 2125/2125 2124/2124
f 2091/2091 2126/2126 2127/2127
f 2108/2108 2091/2091 2127/2127
f 1998/1998 2108/2108 2118/2118
f 2128/2128 2129/2129 2130/2130
f 2129/2129 2131/2131 2132/2132
f 2131/2131 2129/2129 2128/2128
f 2115/2115 2134/2134 2116/2116
f 2134/2134 2115/2115 2135/2135
f 2099/2099 2137/2137 2117/2117
f 2099/2099 2118/2118 2138/2138
f 2121/2121 2120/2120 2139/2139
f 2140/2140 2141/2141 2143/2143
f 2123/2123 2145/2145 2125/2125
f 2145/2145 2146/2146 2125/2125
f 2108/2108 2147/2147 2148/2148
f 2118/2118 2108/2108 2148/2148
f 2131/2131 2149/2149 2133/2133
f 2149/2149 2131/2131 2151/2151
f 2136/2136 2152/2152 2134/2134
f 2153/2153 2154/2154 2155/2155
f 2118/2118 2156/2156 2138/2138
f 2144/2144 2142/2142 2157/2157
f 2144/2144 2157/2157 2158/2158
f 2145/2145 2159/2159 2146/2146
f 2146/2146 2159/2159 2160/2160
f 2161/2161 2150/2150 2151/2151
f 2153/2153 2162/2162 2154/2154
f 2163/2163 2162/2162 2153/2153
f 2157/2157 2164/2164 2158/2158
f 2158/2158 2164/2164 2165/2165
f 2166/2166 2162/2162 2163/2163
f 2167/2167 2168/2168 2169/2169
f 2170/2170 2168/2168 2167/2167
f 2164/2164 2171/2171 2165/2165
f 2172/2172 2173/2173 2174/2174
f 2174/2174 2173/2173 2175/2175
f 2176/2176 2177/2177 2178/2178
f 2177/2177 2176/2176 2179/2179
f 2179/2179 2176/2176 2180/2180
f 2179/2179 2180/2180 2181/2181
f 2181/2181 2180/2180 2182/2182
f 2181/2181 2182/2182 2183/2183
f 2183/2183 2182/2182 2184/2184
f 2183/2183 2184/2184 2185/2185
f 2185/2185 2184/2184 2186/2186
f 2185/2185 2186/2186 2187/2187
f 2188/2188 2190/2190 2191/2191
f 2192/2192 2190/2190 2188/2188
f 2190/2190 2193/2193 2191/2191
f 2188/2188 2194/2194 2195/2195
f 2196/2196 2192/2192 2188/2188
f 2192/2192 2197/2197 2190/2190
f 2198/2198 2199/2199 2200/2200
f 2190/2190 2197/2197 2201/2201
f 2202/2202 2203/2203 2204/2204
f 2205/2205 2189/2189 2195/2195
f 2189/2189 2205/2205 2196/2196
f 2206/2206 2192/2192 2196/2196
f 2192/2192 2207/2207 2197/2197
f 2208/2208 2199/2199 2198/2198
f 2202/2202 2209/2209 2203/2203
f 2197/2197 2210/2210 2201/2201
f 2211/2211 2213/2213 2214/2214
f 2206/2206 2196/2196 2205/2205
f 2215/2215 2214/2214 2216/2216
f 2214/2214 2215/2215 2212/2212
f 2217/2217 2192/2192 2206/2206
f 2197/2197 2207/2207 2218/2218
f 2192/2192 2219/2219 2207/2207
f 2220/2220 2221/2221 2222/2222
f 2223/2223 2208/2208 2198/2198
f 2224/2224 2225/2225 2227/2227
f 2228/2228 2226/2226 2229/2229
f 2226/2226 2228/2228 2227/2227
f 2231/2231 2206/2206 2232/2232
f 2233/2233 2215/2215 2216/2216
f 2234/2234 2230/2230 2235/2235
f 2230/2230 2234/2234 2228/2228
f 2231/2231 2217/2217 2206/2206
f 2236/2236 2192/2192 2217/2217
f 2207/2207 2237/2237 2218/2218
f 2207/2207 2219/2219 2238/2238
f 2192/2192 2239/2239 2219/2219
f 2222/2222 2221/2221 2240/2240
f 2241/2241 2242/2242 2243/2243
f 2244/2244 2208/2208 2223/2223
f 2245/2245 2246/2246 2247/2247
f 2234/2234 2235/2235 2248/2248
f 2249/2249 2217/2217 2250/2250
f 2249/2249 2236/2236 2217/2217
f 2251/2251 2192/2192 2236/2236
f 2244/2244 2223/2223 2252/2252
f 2219/2219 2253/2253 2238/2238
f 2239/2239 2254/2254 2219/2219
f 2192/2192 2255/2255 2239/2239
f 2256/2256 2241/2241 2243/2243
f 2257/2257 2234/2234 2248/2248
f 2258/2258 2245/2245 2247/2247
f 2259/2259 2236/2236 2260/2260
f 2259/2259 2251/2251 2236/2236
f 2251/2251 2261/2261 2192/2192
f 2262/2262 2244/2244 2252/2252
f 2262/2262 2252/2252 2263/2263
f 2239/2239 2264/2264 2254/2254
f 2255/2255 2265/2265 2239/2239
f 2192/2192 2266/2266 2255/2255
f 2267/2267 2268/2268 2269/2269
f 2257/2257 2248/2248 2270/2270
f 2271/2271 2273/2273 2274/2274
f 2276/2276 2272/2272 2275/2275
f 2272/2272 2276/2276 2278/2278
f 2280/2280 2251/2251 2281/2281
f 2280/2280 2261/2261 2251/2251
f 2261/2261 2282/2282 2192/2192
f 2283/2283 2267/2267 2269/2269
f 2284/2284 2262/2262 2263/2263
f 2284/2284 2263/2263 2285/2285
f 2255/2255 2286/2286 2265/2265
f 2266/2266 2287/2287 2255/2255
f 2192/2192 2288/2288 2266/2266
f 2289/2289 2290/2290 2291/2291
f 2292/2292 2279/2279 2277/2277
f 2293/2293 2294/2294 2295/2295
f 2296/2296 2297/2297 2261/2261
f 2297/2297 2282/2282 2261/2261
f 2282/2282 2298/2298 2192/2192
f 2299/2299 2301/2301 2303/2303
f 2304/2304 2302/2302 2300/2300
f 2285/2285 2305/2305 2284/2284
f 2306/2306 2307/2307 2308/2308
f 2309/2309 2287/2287 2266/2266
f 2288/2288 2310/2310 2266/2266
f 2311/2311 2288/2288 2192/2192
f 2313/2313 2289/2289 2291/2291
f 2314/2314 2292/2292 2277/2277
f 2315/2315 2294/2294 2293/2293
f 2316/2316 2292/2292 2314/2314
f 2317/2317 2318/2318 2282/2282
f 2318/2318 2298/2298 2282/2282
f 2298/2298 2311/2311 2192/2192
f 2319/2319 2320/2320 2321/2321
f 2322/2322 2320/2320 2319/2319
f 2306/2306 2323/2323 2307/2307
f 2324/2324 2325/2325 2326/2326
f 2288/2288 2327/2327 2310/2310
f 2327/2327 2288/2288 2312/2312
f 2315/2315 2328/2328 2294/2294
f 2329/2329 2316/2316 2314/2314
f 2330/2330 2316/2316 2329/2329
f 2318/2318 2331/2331 2298/2298
f 2331/2331 2311/2311 2298/2298
f 2332/2332 2333/2333 2334/2334
f 2335/2335 2333/2333 2332/2332
f 2324/2324 2336/2336 2325/2325
f 2336/2336 2324/2324 2337/2337
f 2339/2339 2327/2327 2311/2311
f 2340/2340 2328/2328 2315/2315
f 2341/2341 2342/2342 2343/2343
f 2344/2344 2342/2342 2341/2341
f 2335/2335 2345/2345 2333/2333
f 2338/2338 2346/2346 2336/2336
f 2335/2335 2347/2347 2345/2345
f 2347/2347 2335/2335 2349/2349
f 2350/2350 2351/2351 2352/2352
f 2340/2340 2315/2315 2353/2353
f 2354/2354 2355/2355 2356/2356
f 2351/2351 2357/2357 2352/2352
f 2349/2349 2358/2358 2348/2348
f 2359/2359 2340/2340 2353/2353
f 2354/2354 2356/2356 2360/2360
f 2361/2361 2362/2362 2363/2363
f 2361/2361 2363/2363 2364/2364
f 2365/2365 2366/2366 2367/2367
f 2368/2368 2369/2369 2370/2370
f 2366/2366 2371/2371 2367/2367
f 2365/2365 2367/2367 2372/2372
f 2369/2369 2373/2373 2370/2370
f 2374/2374 2376/2376 2378/2378
f 2379/2379 2380/2380 2381/2381
f 2366/2366 2382/2382 2371/2371
f 2383/2383 2384/2384 2385/2385
f 2386/2386 2365/2365 2372/2372
f 2387/2387 2388/2388 2389/2389
f 2390/2390 2377/2377 2375/2375
f 2391/2391 2379/2379 2381/2381
f 2379/2379 2383/2383 2385/2385
f 2371/2371 2382/2382 2392/2392
f 2393/2393 2394/2394 2383/2383
f 2386/2386 2372/2372 2395/2395
f 2388/2388 2396/2396 2389/2389
f 2397/2397 2398/2398 2399/2399
f 2400/2400 2379/2379 2391/2391
f 2391/2391 2401/2401 2402/2402
f 2400/2400 2383/2383 2379/2379
f 2382/2382 2403/2403 2392/2392
f 2400/2400 2393/2393 2383/2383
f 2393/2393 2404/2404 2394/2394
f 2395/2395 2405/2405 2386/2386
f 2406/2406 2407/2407 2408/2408
f 2409/2409 2398/2398 2397/2397
f 2400/2400 2391/2391 2410/2410
f 2410/2410 2391/2391 2402/2402
f 2392/2392 2403/2403 2411/2411
f 2400/2400 2412/2412 2393/2393
f 2412/2412 2413/2413 2393/2393
f 2414/2414 2415/2415 2416/2416
f 2408/2408 2407/2407 2417/2417
f 2418/2418 2419/2419 2420/2420
f 2400/2400 2410/2410 2421/2421
f 2410/2410 2423/2423 2424/2424
f 2425/2425 2426/2426 2427/2427
f 2400/2400 2428/2428 2412/2412
f 2412/2412 2429/2429 2413/2413
f 2414/2414 2430/2430 2415/2415
f 2431/2431 2432/2432 2433/2433
f 2434/2434 2419/2419 2418/2418
f 2421/2421 2410/2410 2424/2424
f 2435/2435 2400/2400 2421/2421
f 2425/2425 2427/2427 2436/2436
f 2428/2428 2437/2437 2412/2412
f 2400/2400 2438/2438 2428/2428
f 2439/2439 2440/2440 2441/2441
f 2433/2433 2432/2432 2442/2442
f 2443/2443 2444/2444 2445/2445
f 2421/2421 2446/2446 2447/2447
f 2448/2448 2422/2422 2447/2447
f 2422/2422 2448/2448 2435/2435
f 2449/2449 2400/2400 2435/2435
f 2450/2450 2452/2452 2453/2453
f 2454/2454 2437/2437 2428/2428
f 2438/2438 2455/2455 2428/2428
f 2456/2456 2438/2438 2400/2400
f 2439/2439 2458/2458 2440/2440
f 2458/2458 2439/2439 2459/2459
f 2461/2461 2462/2462 2464/2464
f 2443/2443 2465/2465 2444/2444
f 2465/2465 2443/2443 2467/2467
f 2449/2449 2435/2435 2448/2448
f 2468/2468 2453/2453 2469/2469
f 2453/2453 2468/2468 2451/2451
f 2470/2470 2400/2400 2449/2449
f 2438/2438 2471/2471 2455/2455
f 2471/2471 2438/2438 2457/2457
f 2472/2472 2456/2456 2400/2400
f 2460/2460 2473/2473 2458/2458
f 2474/2474 2463/2463 2475/2475
f 2463/2463 2474/2474 2464/2464
f 2467/2467 2476/2476 2466/2466
f 2477/2477 2449/2449 2478/2478
f 2479/2479 2468/2468 2469/2469
f 2477/2477 2470/2470 2449/2449
f 2480/2480 2400/2400 2470/2470
f 2481/2481 2471/2471 2456/2456
f 2482/2482 2456/2456 2472/2472
f 2483/2483 2472/2472 2400/2400
f 2484/2484 2485/2485 2486/2486
f 2474/2474 2475/2475 2487/2487
f 2488/2488 2489/2489 2490/2490
f 2491/2491 2492/2492 2493/2493
f 2494/2494 2470/2470 2495/2495
f 2494/2494 2480/2480 2470/2470
f 2496/2496 2400/2400 2480/2480
f 2497/2497 2482/2482 2472/2472
f 2498/2498 2472/2472 2483/2483
f 2499/2499 2483/2483 2400/2400
f 2485/2485 2500/2500 2486/2486
f 2501/2501 2502/2502 2503/2503
f 2488/2488 2504/2504 2489/2489
f 2505/2505 2491/2491 2493/2493
f 2506/2506 2480/2480 2507/2507
f 2506/2506 2496/2496 2480/2480
f 2496/2496 2499/2499 2400/2400
f 2508/2508 2509/2509 2510/2510
f 2511/2511 2498/2498 2483/2483
f 2512/2512 2483/2483 2499/2499
f 2501/2501 2503/2503 2513/2513
f 2514/2514 2515/2515 2516/2516
f 2517/2517 2518/2518 2519/2519
f 2520/2520 2517/2517 2519/2519
f 2521/2521 2496/2496 2522/2522
f 2521/2521 2499/2499 2496/2496
f 2510/2510 2509/2509 2523/2523
f 2524/2524 2525/2525 2526/2526
f 2527/2527 2512/2512 2499/2499
f 2528/2528 2529/2529 2530/2530
f 2514/2514 2531/2531 2515/2515
f 2532/2532 2533/2533 2534/2534
f 2535/2535 2532/2532 2534/2534
f 2526/2526 2525/2525 2536/2536
f 2525/2525 2535/2535 2536/2536
f 2537/2537 2528/2528 2530/2530
f 2538/2538 2539/2539 2540/2540
f 2541/2541 2542/2542 2543/2543
f 2536/2536 2535/2535 2534/2534
f 2539/2539 2544/2544 2545/2545
f 2539/2539 2545/2545 2540/2540
f 2545/2545 2542/2542 2541/2541
f 2545/2545 2544/2544 2542/2542
f 2546/2546 2547/2547 2548/2548
f 2549/2549 2546/2546 2548/2548
f 2546/2546 2550/2550 2547/2547
f 2548/2548 2551/2551 2552/2552
f 2549/2549 2548/2548 2553/2553
f 2549/2549 2554/2554 2546/2546
f 2555/2555 2556/2556 2557/2557
f 2554/2554 2550/2550 2546/2546
f 2558/2558 2560/2560 2562/2562
f 2560/2560 2558/2558 2564/2564
f 2548/2548 2552/2552 2553/2553
f 2549/2549 2553/2553 2566/2566
f 2549/2549 2567/2567 2554/2554
f 2555/2555 2568/2568 2556/2556
f 2559/2559 2569/2569 2565/2565
f 2570/2570 2550/2550 2554/2554
f 2571/2571 2572/2572 2574/2574
f 2561/2561 2576/2576 2563/2563
f 2553/2553 2577/2577 2578/2578
f 2566/2566 2553/2553 2578/2578
f 2549/2549 2566/2566 2579/2579
f 2567/2567 2580/2580 2554/2554
f 2581/2581 2567/2567 2549/2549
f 2583/2583 2584/2584 2585/2585
f 2586/2586 2587/2587 2588/2588
f 2589/2589 2590/2590 2591/2591
f 2575/2575 2573/2573 2592/2592
f 2591/2591 2590/2590 2593/2593
f 2561/2561 2594/2594 2576/2576
f 2566/2566 2595/2595 2596/2596
f 2579/2579 2566/2566 2596/2596
f 2549/2549 2579/2579 2597/2597
f 2567/2567 2598/2598 2580/2580
f 2598/2598 2567/2567 2582/2582
f 2599/2599 2581/2581 2549/2549
f 2585/2585 2584/2584 2600/2600
f 2583/2583 2601/2601 2584/2584
f 2586/2586 2602/2602 2587/2587
f 2602/2602 2586/2586 2603/2603
f 2575/2575 2592/2592 2605/2605
f 2594/2594 2606/2606 2576/2576
f 2579/2579 2607/2607 2608/2608
f 2597/2597 2579/2579 2608/2608
f 2549/2549 2597/2597 2609/2609
f 2611/2611 2598/2598 2581/2581
f 2612/2612 2581/2581 2599/2599
f 2613/2613 2599/2599 2549/2549
f 2583/2583 2614/2614 2601/2601
f 2614/2614 2583/2583 2616/2616
f 2604/2604 2617/2617 2602/2602
f 2592/2592 2618/2618 2605/2605
f 2594/2594 2619/2619 2606/2606
f 2606/2606 2619/2619 2620/2620
f 2597/2597 2621/2621 2622/2622
f 2609/2609 2597/2597 2622/2622
f 2623/2623 2549/2549 2609/2609
f 2624/2624 2625/2625 2626/2626
f 2627/2627 2612/2612 2599/2599
f 2628/2628 2599/2599 2613/2613
f 2629/2629 2613/2613 2549/2549
f 2616/2616 2630/2630 2615/2615
f 2605/2605 2618/2618 2631/2631
f 2632/2632 2633/2633 2634/2634
f 2634/2634 2633/2633 2635/2635
f 2609/2609 2636/2636 2637/2637
f 2638/2638 2610/2610 2637/2637
f 2610/2610 2638/2638 2623/2623
f 2639/2639 2549/2549 2623/2623
f 2625/2625 2640/2640 2626/2626
f 2625/2625 2641/2641 2640/2640
f 2642/2642 2628/2628 2613/2613
f 2643/2643 2613/2613 2629/2629
f 2644/2644 2629/2629 2549/2549
f 2630/2630 2645/2645 2615/2615
f 2618/2618 2646/2646 2631/2631
f 2647/2647 2648/2648 2649/2649
f 2650/2650 2651/2651 2652/2652
f 2650/2650 2652/2652 2653/2653
f 2639/2639 2623/2623 2638/2638
f 2654/2654 2655/2655 2656/2656
f 2655/2655 2654/2654 2657/2657
f 2659/2659 2549/2549 2639/2639
f 2630/2630 2660/2660 2645/2645
f 2640/2640 2641/2641 2661/2661
f 2662/2662 2663/2663 2664/2664
f 2665/2665 2643/2643 2629/2629
f 2666/2666 2629/2629 2644/2644
f 2644/2644 2549/2549 2667/2667
f 2649/2649 2648/2648 2668/2668
f 2669/2669 2670/2670 2671/2671
f 2658/2658 2672/2672 2655/2655
f 2673/2673 2639/2639 2674/2674
f 2675/2675 2654/2654 2656/2656
f 2676/2676 2677/2677 2679/2679
f 2677/2677 2676/2676 2681/2681
f 2673/2673 2659/2659 2639/2639
f 2667/2667 2549/2549 2659/2659
f 2682/2682 2683/2683 2684/2684
f 2682/2682 2685/2685 2683/2683
f 2664/2664 2663/2663 2686/2686
f 2663/2663 2687/2687 2686/2686
f 2666/2666 2644/2644 2688/2688
f 2689/2689 2644/2644 2667/2667
f 2671/2671 2670/2670 2690/2690
f 2691/2691 2678/2678 2681/2681
f 2692/2692 2693/2693 2694/2694
f 2695/2695 2676/2676 2680/2680
f 2676/2676 2695/2695 2696/2696
f 2697/2697 2659/2659 2698/2698
f 2697/2697 2667/2667 2659/2659
f 2699/2699 2700/2700 2701/2701
f 2702/2702 2703/2703 2704/2704
f 2686/2686 2687/2687 2705/2705
f 2687/2687 2707/2707 2705/2705
f 2689/2689 2667/2667 2709/2709
f 2710/2710 2692/2692 2694/2694
f 2696/2696 2695/2695 2712/2712
f 2700/2700 2713/2713 2701/2701
f 2704/2704 2703/2703 2714/2714
f 2706/2706 2711/2711 2715/2715
f 2711/2711 2706/2706 2708/2708
f 2710/2710 2694/2694 2716/2716
f 2717/2717 2718/2718 2719/2719
f 2720/2720 2721/2721 2722/2722
f 2722/2722 2721/2721 2723/2723
f 2724/2724 2717/2717 2719/2719
f 2725/2725 2726/2726 2727/2727
f 2727/2727 2726/2726 2729/2729
f 2730/2730 2725/2725 2727/2727
f 2725/2725 2731/2731 2726/2726
f 2726/2726 2732/2732 2729/2729
f 2727/2727 2733/2733 2734/2734
f 2735/2735 2728/2728 2734/2734
f 2728/2728 2735/2735 2730/2730
f 2736/2736 2725/2725 2730/2730
f 2726/2726 2731/2731 2737/2737
f 2725/2725 2738/2738 2731/2731
f 2739/2739 2740/2740 2741/2741
f 2742/2742 2743/2743 2744/2744
f 2745/2745 2746/2746 2747/2747
f 2746/2746 2745/2745 2748/2748
f 2736/2736 2730/2730 2735/2735
f 2750/2750 2725/2725 2736/2736
f 2731/2731 2751/2751 2737/2737
f 2731/2731 2738/2738 2752/2752
f 2725/2725 2753/2753 2738/2738
f 2754/2754 2740/2740 2739/2739
f 2742/2742 2755/2755 2743/2743
f 2749/2749 2756/2756 2746/2746
f 2757/2757 2758/2758 2760/2760
f 2758/2758 2757/2757 2761/2761
f 2762/2762 2745/2745 2747/2747
f 2763/2763 2736/2736 2764/2764
f 2763/2763 2750/2750 2736/2736
f 2765/2765 2725/2725 2750/2750
f 2766/2766 2754/2754 2739/2739
f 2738/2738 2767/2767 2752/2752
f 2738/2738 2753/2753 2768/2768
f 2725/2725 2769/2769 2753/2753
f 2770/2770 2771/2771 2772/2772
f 2773/2773 2774/2774 2775/2775
f 2776/2776 2759/2759 2761/2761
f 2757/2757 2760/2760 2777/2777
f 2778/2778 2779/2779 2780/2780
f 2781/2781 2750/2750 2782/2782
f 2781/2781 2765/2765 2750/2750
f 2783/2783 2725/2725 2765/2765
f 2784/2784 2754/2754 2766/2766
f 2785/2785 2786/2786 2787/2787
f 2753/2753 2788/2788 2768/2768
f 2769/2769 2789/2789 2753/2753
f 2725/2725 2790/2790 2769/2769
f 2772/2772 2771/2771 2791/2791
f 2792/2792 2771/2771 2770/2770
f 2775/2775 2774/2774 2793/2793
f 2794/2794 2795/2795 2796/2796
f 2797/2797 2778/2778 2780/2780
f 2798/2798 2765/2765 2799/2799
f 2798/2798 2783/2783 2765/2765
f 2783/2783 2800/2800 2725/2725
f 2801/2801 2792/2792 2770/2770
f 2802/2802 2785/2785 2787/2787
f 2803/2803 2804/2804 2805/2805
f 2769/2769 2806/2806 2789/2789
f 2790/2790 2807/2807 2769/2769
f 2725/2725 2808/2808 2790/2790
f 2794/2794 2796/2796 2809/2809
f 2810/2810 2811/2811 2812/2812
f 2813/2813 2810/2810 2812/2812
f 2814/2814 2783/2783 2815/2815
f 2814/2814 2800/2800 2783/2783
f 2800/2800 2816/2816 2725/2725
f 2817/2817 2792/2792 2801/2801
f 2818/2818 2817/2817 2801/2801
f 2820/2820 2803/2803 2805/2805
f 2820/2820 2805/2805 2821/2821
f 2790/2790 2822/2822 2807/2807
f 2808/2808 2823/2823 2790/2790
f 2725/2725 2824/2824 2808/2808
f 2825/2825 2826/2826 2827/2827
f 2828/2828 2829/2829 2830/2830
f 2831/2831 2828/2828 2830/2830
f 2832/2832 2833/2833 2800/2800
f 2833/2833 2816/2816 2800/2800
f 2816/2816 2834/2834 2725/2725
f 2818/2818 2835/2835 2817/2817
f 2837/2837 2836/2836 2819/2819
f 2821/2821 2838/2838 2820/2820
f 2839/2839 2840/2840 2841/2841
f 2842/2842 2823/2823 2808/2808
f 2824/2824 2843/2843 2808/2808
f 2844/2844 2824/2824 2725/2725
f 2846/2846 2825/2825 2827/2827
f 2847/2847 2848/2848 2849/2849
f 2850/2850 2831/2831 2830/2830
f 2851/2851 2831/2831 2850/2850
f 2852/2852 2853/2853 2816/2816
f 2853/2853 2834/2834 2816/2816
f 2834/2834 2844/2844 2725/2725
f 2854/2854 2855/2855 2856/2856
f 2857/2857 2855/2855 2854/2854
f 2839/2839 2858/2858 2840/2840
f 2859/2859 2860/2860 2861/2861
f 2824/2824 2862/2862 2843/2843
f 2862/2862 2824/2824 2845/2845
f 2863/2863 2848/2848 2847/2847
f 2863/2863 2864/2864 2848/2848
f 2865/2865 2851/2851 2850/2850
f 2866/2866 2851/2851 2865/2865
f 2867/2867 2868/2868 2834/2834
f 2868/2868 2844/2844 2834/2834
f 2869/2869 2870/2870 2871/2871
f 2872/2872 2870/2870 2869/2869
f 2859/2859 2873/2873 2860/2860
f 2873/2873 2859/2859 2874/2874
f 2876/2876 2862/2862 2844/2844
f 2877/2877 2864/2864 2863/2863
f 2878/2878 2879/2879 2880/2880
f 2881/2881 2879/2879 2878/2878
f 2882/2882 2883/2883 2884/2884
f 2875/2875 2885/2885 2873/2873
f 2882/2882 2886/2886 2883/2883
f 2886/2886 2882/2882 2888/2888
f 2889/2889 2890/2890 2891/2891
f 2877/2877 2863/2863 2892/2892
f 2893/2893 2894/2894 2895/2895
f 2890/2890 2896/2896 2891/2891
f 2888/2888 2897/2897 2887/2887
f 2898/2898 2877/2877 2892/2892
f 2893/2893 2895/2895 2899/2899
f 2900/2900 2901/2901 2902/2902
f 2900/2900 2902/2902 2903/2903
f 2904/2904 2905/2905 2906/2906
f 2905/2905 2904/2904 2907/2907
f 2907/2907 2904/2904 2908/2908
f 2907/2907 2908/2908 2909/2909
f 2909/2909 2908/2908 2910/2910
f 2909/2909 2910/2910 2911/2911
f 2911/2911 2910/2910 2912/2912
f 2911/2911 2912/2912 2913/2913
f 2913/2913 2912/2912 2914/2914
f 2913/2913 2914/2914 2915/2915
f 2916/2916 2917/2917 2918/2918
f 2919/2919 2917/2917 2916/2916
f 2917/2917 2920/2920 2918/2918
f 2922/2922 2916/2916 2918/2918
f 2923/2923 2919/2919 2916/2916
f 2924/2924 2925/2925 2917/2917
f 2925/2925 2920/2920 2917/2917
f 2920/2920 2926/2926 2918/2918
f 2927/2927 2916/2916 2922/2922
f 2928/2928 2922/2922 2918/2918
f 2929/2929 2930/2930 2931/2931
f 2932/2932 2933/2933 2934/2934
f 2935/2935 2936/2936 2920/2920
f 2926/2926 2936/2936 2937/2937
f 2936/2936 2926/2926 2921/2921
f 2918/2918 2926/2926 2938/2938
f 2939/2939 2927/2927 2922/2922
f 2940/2940 2922/2922 2928/2928
f 2928/2928 2918/2918 2941/2941
f 2931/2931 2930/2930 2942/2942
f 2934/2934 2933/2933 2943/2943
f 2932/2932 2934/2934 2944/2944
f 2945/2945 2932/2932 2944/2944
f 2946/2946 2947/2947 2948/2948
f 2947/2947 2946/2946 2949/2949
f 2926/2926 2937/2937 2938/2938
f 2918/2918 2938/2938 2951/2951
f 2930/2930 2952/2952 2942/2942
f 2940/2940 2928/2928 2953/2953
f 2954/2954 2928/2928 2941/2941
f 2941/2941 2918/2918 2955/2955
f 2956/2956 2957/2957 2958/2958
f 2959/2959 2960/2960 2961/2961
f 2962/2962 2963/2963 2964/2964
f 2950/2950 2965/2965 2947/2947
f 2966/2966 2967/2967 2969/2969
f 2967/2967 2966/2966 2970/2970
f 2946/2946 2948/2948 2971/2971
f 2972/2972 2973/2973 2938/2938
f 2938/2938 2973/2973 2951/2951
f 2918/2918 2951/2951 2974/2974
f 2942/2942 2952/2952 2975/2975
f 2952/2952 2976/2976 2975/2975
f 2954/2954 2941/2941 2977/2977
f 2978/2978 2941/2941 2955/2955
f 2955/2955 2918/2918 2979/2979
f 2958/2958 2957/2957 2980/2980
f 2981/2981 2982/2982 2983/2983
f 2959/2959 2961/2961 2984/2984
f 2985/2985 2981/2981 2983/2983
f 2962/2962 2964/2964 2986/2986
f 2970/2970 2987/2987 2968/2968
f 2966/2966 2969/2969 2988/2988
f 2989/2989 2990/2990 2991/2991
f 2951/2951 2992/2992 2993/2993
f 2951/2951 2993/2993 2974/2974
f 2918/2918 2974/2974 2994/2994
f 2976/2976 2995/2995 2975/2975
f 2996/2996 2997/2997 2998/2998
f 2978/2978 2955/2955 2999/2999
f 3000/3000 2955/2955 2979/2979
f 2979/2979 2918/2918 3001/3001
f 3002/3002 3003/3003 3004/3004
f 3005/3005 3006/3006 3007/3007
f 2989/2989 2991/2991 3008/3008
f 2974/2974 3009/3009 3010/3010
f 2974/2974 3010/3010 2994/2994
f 2918/2918 2994/2994 3011/3011
f 3004/3004 3003/3003 3012/3012
f 2997/2997 3013/3013 2998/2998
f 2997/2997 3014/3014 3013/3013
f 3000/3000 2979/2979 3015/3015
f 2979/2979 3001/3001 3016/3016
f 3001/3001 2918/2918 3017/3017
f 3007/3007 3006/3006 3019/3019
f 3020/3020 3021/3021 3022/3022
f 3022/3022 3023/3023 3020/3020
f 2994/2994 3024/3024 3025/3025
f 3011/3011 2994/2994 3025/3025
f 2918/2918 3011/3011 3026/3026
f 3027/3027 3028/3028 3029/3029
f 3028/3028 3030/3030 3029/3029
f 3014/3014 3031/3031 3013/3013
f 3032/3032 3033/3033 3034/3034
f 3016/3016 3018/3018 3035/3035
f 3018/3018 3016/3016 3001/3001
f 2918/2918 3036/3036 3017/3017
f 3037/3037 3038/3038 3039/3039
f 3040/3040 3041/3041 3042/3042
f 3041/3041 3043/3043 3042/3042
f 3011/3011 3044/3044 3045/3045
f 3026/3026 3011/3011 3045/3045
f 2918/2918 3026/3026 3036/3036
f 3046/3046 3047/3047 3048/3048
f 3046/3046 3049/3049 3047/3047
f 3033/3033 3050/3050 3034/3034
f 3050/3050 3033/3033 3051/3051
f 3017/3017 3053/3053 3035/3035
f 3017/3017 3036/3036 3054/3054
f 3039/3039 3038/3038 3055/3055
f 3056/3056 3057/3057 3059/3059
f 3041/3041 3061/3061 3043/3043
f 3061/3061 3062/3062 3043/3043
f 3026/3026 3063/3063 3064/3064
f 3036/3036 3026/3026 3064/3064
f 3065/3065 3066/3066 3067/3067
f 3052/3052 3068/3068 3050/3050
f 3065/3065 3069/3069 3066/3066
f 3069/3069 3065/3065 3071/3071
f 3072/3072 3073/3073 3074/3074
f 3036/3036 3075/3075 3054/3054
f 3060/3060 3058/3058 3076/3076
f 3060/3060 3076/3076 3077/3077
f 3061/3061 3078/3078 3062/3062
f 3062/3062 3078/3078 3079/3079
f 3080/3080 3070/3070 3071/3071
f 3072/3072 3081/3081 3073/3073
f 3082/3082 3083/3083 3084/3084
f 3076/3076 3085/3085 3077/3077
f 3077/3077 3085/3085 3086/3086
f 3087/3087 3083/3083 3082/3082
f 3088/3088 3089/3089 3090/3090
f 3091/3091 3089/3089 3088/3088
f 3085/3085 3092/3092 3086/3086
f 3093/3093 3094/3094 3095/3095
f 3095/3095 3094/3094 3096/3096
f 3097/3097 3098/3098 3099/3099
f 3098/3098 3097/3097 3100/3100
f 3100/3100 3097/3097 3101/3101
f 3100/3100 3101/3101 3102/3102
f 3102/3102 3101/3101 3103/3103
f 3102/3102 3103/3103 3104/3104
f 3104/3104 3103/3103 3105/3105
f 3104/3104 3105/3105 3106/3106
f 3106/3106 3105/3105 3107/3107
f 3106/3106 3107/3107 3108/3108
f 3109/3109 3110/3110 3111/3111
f 3110/3110 3112/3112 3111/3111
f 3109/3109 3111/3111 3113/3113
f 3114/3114 3110/3110 3115/3115
f 3110/3110 3116/3116 3112/3112
f 3111/3111 3112/3112 3117/3117
f 3118/3118 3120/3120 3122/3122
f 3120/3120 3118/3118 3124/3124
f 3126/3126 3111/3111 3117/3117
f 3127/3127 3125/3125 3119/3119
f 3114/3114 3116/3116 3110/3110
f 3116/3116 3128/3128 3112/3112
f 3117/3117 3112/3112 3129/3129
f 3121/3121 3130/3130 3123/3123
f 3131/3131 3132/3132 3133/3133
f 3126/3126 3117/3117 3134/3134
f 3135/3135 3127/3127 3119/3119
f 3136/3136 3137/3137 3116/3116
f 3137/3137 3128/3128 3116/3116
f 3128/3128 3138/3138 3112/3112
f 3139/3139 3117/3117 3129/3129
f 3129/3129 3112/3112 3140/3140
f 3141/3141 3142/3142 3143/3143
f 3144/3144 3145/3145 3146/3146
f 3147/3147 3132/3132 3131/3131
f 3148/3148 3141/3141 3143/3143
f 3147/3147 3149/3149 3132/3132
f 3150/3150 3127/3127 3135/3135
f 3151/3151 3152/3152 3128/3128
f 3152/3152 3138/3138 3128/3128
f 3138/3138 3153/3153 3112/3112
f 3139/3139 3129/3129 3155/3155
f 3129/3129 3140/3140 3156/3156
f 3140/3140 3112/3112 3157/3157
f 3159/3159 3160/3160 3161/3161
f 3145/3145 3162/3162 3146/3146
f 3163/3163 3149/3149 3147/3147
f 3164/3164 3150/3150 3135/3135
f 3165/3165 3150/3150 3164/3164
f 3152/3152 3166/3166 3138/3138
f 3166/3166 3153/3153 3138/3138
f 3153/3153 3167/3167 3112/3112
f 3168/3168 3169/3169 3170/3170
f 3156/3156 3158/3158 3171/3171
f 3158/3158 3156/3156 3140/3140
f 3112/3112 3172/3172 3157/3157
f 3160/3160 3173/3173 3174/3174
f 3173/3173 3160/3160 3159/3159
f 3163/3163 3147/3147 3176/3176
f 3177/3177 3178/3178 3179/3179
f 3180/3180 3178/3178 3177/3177
f 3181/3181 3182/3182 3153/3153
f 3167/3167 3182/3182 3183/3183
f 3182/3182 3167/3167 3154/3154
f 3112/3112 3167/3167 3184/3184
f 3169/3169 3185/3185 3170/3170
f 3185/3185 3169/3169 3186/3186
f 3157/3157 3188/3188 3171/3171
f 3157/3157 3172/3172 3189/3189
f 3112/3112 3190/3190 3172/3172
f 3173/3173 3191/3191 3175/3175
f 3191/3191 3173/3173 3193/3193
f 3194/3194 3163/3163 3176/3176
f 3195/3195 3196/3196 3197/3197
f 3198/3198 3199/3199 3200/3200
f 3201/3201 3198/3198 3200/3200
f 3167/3167 3183/3183 3184/3184
f 3202/3202 3203/3203 3204/3204
f 3203/3203 3202/3202 3205/3205
f 3112/3112 3184/3184 3207/3207
f 3187/3187 3208/3208 3185/3185
f 3209/3209 3210/3210 3211/3211
f 3172/3172 3212/3212 3189/3189
f 3172/3172 3190/3190 3213/3213
f 3112/3112 3214/3214 3190/3190
f 3215/3215 3192/3192 3193/3193
f 3195/3195 3197/3197 3216/3216
f 3217/3217 3218/3218 3219/3219
f 3206/3206 3220/3220 3203/3203
f 3221/3221 3222/3222 3184/3184
f 3202/3202 3204/3204 3223/3223
f 3224/3224 3225/3225 3227/3227
f 3225/3225 3224/3224 3228/3228
f 3184/3184 3222/3222 3207/3207
f 3112/3112 3207/3207 3229/3229
f 3209/3209 3230/3230 3210/3210
f 3231/3231 3232/3232 3233/3233
f 3190/3190 3234/3234 3213/3213
f 3190/3190 3214/3214 3235/3235
f 3112/3112 3236/3236 3214/3214
f 3237/3237 3238/3238 3239/3239
f 3217/3217 3219/3219 3226/3226
f 3228/3228 3217/3217 3226/3226
f 3240/3240 3241/3241 3242/3242
f 3224/3224 3227/3227 3243/3243
f 3207/3207 3222/3222 3244/3244
f 3207/3207 3244/3244 3229/3229
f 3112/3112 3229/3229 3236/3236
f 3245/3245 3238/3238 3237/3237
f 3246/3246 3232/3232 3231/3231
f 3247/3247 3246/3246 3231/3231
f 3214/3214 3248/3248 3235/3235
f 3214/3214 3236/3236 3249/3249
f 3224/3224 3243/3243 3250/3250
f 3240/3240 3242/3242 3251/3251
f 3229/3229 3252/3252 3253/3253
f 3229/3229 3253/3253 3236/3236
f 3254/3254 3255/3255 3256/3256
f 3257/3257 3255/3255 3254/3254
f 3258/3258 3246/3246 3247/3247
f 3259/3259 3260/3260 3261/3261
f 3236/3236 3262/3262 3249/3249
f 3250/3250 3243/3243 3263/3263
f 3264/3264 3265/3265 3266/3266
f 3266/3266 3267/3267 3264/3264
f 3268/3268 3255/3255 3257/3257
f 3269/3269 3268/3268 3257/3257
f 3270/3270 3259/3259 3261/3261
f 3271/3271 3272/3272 3267/3267
f 3273/3273 3274/3274 3275/3275
f 3266/3266 3271/3271 3267/3267
f 3276/3276 3268/3268 3269/3269
f 3277/3277 3276/3276 3269/3269
f 3275/3275 3274/3274 3279/3279
f 3280/3280 3281/3281 3278/3278
f 3277/3277 3282/3282 3276/3276

