# https://github.com/mikedh/trimesh
v 0.95025906 -6.99996318 -0.61653645
v 0.34680646 -7.00902707 -1.06440898
v 0.95028450 -7.00899505 -1.06443198
v 0.34677688 -6.99997378 -0.61654938
v 0.95020615 -6.96075240 -1.06541613
v 0.34678839 -7.00902725 -1.06442362
v 0.34681309 -6.96072517 -1.06539201
v 0.95028585 -7.00902986 -1.06440920
v 0.95027585 -6.96074565 -1.06540529
v 0.95023645 -6.99997021 -0.61654552
v 0.95023455 -7.00902002 -1.06442023
v 0.95026802 -6.95172693 -0.61751565
v 0.95024223 -6.99996313 -0.61653335
v 0.34683644 -6.95175875 -0.61749064
v 0.34683326 -6.99994346 -0.61654456
v 0.95024957 -6.95170009 -0.61748100
v 0.34684310 -6.99993193 -0.61654256
v 0.34677811 -6.96074778 -1.06537506
v 0.34677638 -7.00900697 -1.06440751
v 0.34681923 -6.95175713 -0.61753761
v 0.34679478 -6.95175682 -0.61748577
v 0.95024564 -6.96074058 -1.06539482
v 0.34683839 -6.96071917 -1.06537556
v 0.95020877 -6.95173044 -0.61750857
v 0.95444795 -5.89343802 -1.06489305
v 0.93904620 -5.88517175 -1.06491220
v 0.93907577 -5.89338145 -1.06492831
v 0.95441260 -5.88516562 -1.06495594
v 0.95439868 -5.89341107 -1.08499460
v 0.95445422 -5.89344097 -1.08497068
v 0.95442006 -5.88512348 -1.06494173
v 0.95441039 -5.89341929 -1.06491011
v 0.95442975 -5.89343732 -1.06496134
v 0.95439601 -5.88514662 -1.08498578
v 0.93907116 -5.88518067 -1.06491354
v 0.93904706 -5.89344008 -1.08499374
v 0.93902613 -5.89341634 -1.08501971
v 0.93907707 -5.89342632 -1.06492802
v 0.93908969 -5.89344106 -1.06490170
v 0.93909038 -5.88513925 -1.08498200
v 0.95444327 -7.42281625 -1.06492701
v 0.93904390 -5.89342760 -1.06494900
v 0.93904399 -7.42282889 -1.06494092
v 0.95440404 -5.89344720 -1.06492659
v 0.95443401 -7.42280592 -1.08500768
v 0.95444876 -7.42280420 -1.08498255
v 0.95437520 -7.42280794 -1.06492131
v 0.95443542 -7.42282646 -1.06492038
v 0.95443317 -5.88516522 -1.08504821
v 0.93907236 -5.89344204 -1.08498383
v 0.93906847 -5.88515567 -1.08502550
v 0.95441524 -5.89342493 -1.08503922
v 0.93908120 -7.42283676 -1.08503298
v 0.93902293 -7.42282340 -1.08501381
v 0.93906326 -7.42283957 -1.06488943
v 0.93907363 -7.42283260 -1.06496075
v 0.95446184 -7.43108249 -1.06490561
v 0.93907574 -7.42281468 -1.06492064
v 0.93908795 -7.43110558 -1.06496047
v 0.95444848 -7.42287625 -1.06493383
v 0.95442185 -5.89344720 -1.08499391
v 0.93907038 -7.42284390 -1.08499616
v 0.93906442 -5.89339469 -1.08499956
v 0.95441603 -7.42287645 -1.08503562
v 0.95444973 -7.43110278 -1.08501349
v 0.95446175 -7.43112999 -1.06494129
v 0.93906450 -7.43108903 -1.08502171
v 0.93906146 -7.43113695 -1.06491290
v 0.95444367 -7.42284476 -1.08500385
v 0.93904680 -7.43111187 -1.08497763
v 0.93907764 -7.42278459 -1.08502438
v 0.95443880 -7.43110591 -1.08499517
v 0.95442611 -5.89343680 -1.54680502
v 0.93914090 -5.88515914 -1.54682983
v 0.93906070 -5.89341004 -1.54679708
v 0.95445564 -5.88513583 -1.54678958
v 0.95441607 -5.89344638 -1.56687895
v 0.95439446 -5.89339868 -1.56682950
v 0.95439915 -5.88518298 -1.54682447
v 0.95440546 -5.89349175 -1.54681095
v 0.95445427 -5.89343215 -1.54676784
v 0.95441571 -5.88511946 -1.56685954
v 0.93906646 -5.88510236 -1.54679329
v 0.93904834 -5.89342032 -1.56686468
v 0.93909773 -5.89344458 -1.56684647
v 0.93909312 -5.89343910 -1.54678276
v 0.93905677 -5.89337404 -1.54680149
v 0.93906492 -5.88518048 -1.56687131
v 0.95442614 -7.42281790 -1.54679894
v 0.93907070 -5.89345527 -1.54680415
v 0.93913421 -7.42281199 -1.54680263
v 0.95439739 -5.89344575 -1.54678676
v 0.95442702 -7.42285054 -1.56689074
v 0.95445698 -7.42282472 -1.56687105
v 0.95442151 -7.42284591 -1.54684915
v 0.95442877 -7.42285759 -1.54680740
v 0.95441245 -5.88514166 -1.56688911
v 0.93904374 -5.89341087 -1.56684755
v 0.93905400 -5.88514533 -1.56687014
v 0.95443277 -5.89345191 -1.56684586
v 0.93910069 -7.42282072 -1.56685091
v 0.93899326 -7.42282885 -1.56686351
v 0.93907153 -7.42284809 -1.54678456
v 0.93908360 -7.42284017 -1.54679576
v 0.95445282 -7.43112555 -1.54676351
v 0.93907852 -7.42285184 -1.54679202
v 0.93905484 -7.43108711 -1.54677824
v 0.95441425 -7.42285827 -1.54677924
v 0.95444694 -5.89342714 -1.56685481
v 0.93906659 -7.42283301 -1.56686925
v 0.93908106 -5.89345728 -1.56684993
v 0.95442131 -7.42282673 -1.56687031
v 0.95443319 -7.43112484 -1.56683729
v 0.95438949 -7.43112412 -1.54678067
v 0.93910629 -7.43109568 -1.56686832
v 0.93904394 -7.43110581 -1.54678618
v 0.95446277 -7.42282104 -1.56689598
v 0.93911847 -7.43111021 -1.56688195
v 0.93910655 -7.42283555 -1.56687090
v 0.95443099 -7.43108344 -1.56684152
v 0.58381552 -7.14385456 -0.76596724
v 0.46151769 -7.01840330 -0.76600860
v 0.45916038 -7.14154964 -0.76600420
v 0.58622601 -7.02077948 -0.76599620
v 0.58386107 -7.14386818 -0.89865299
v 0.58619547 -7.02076700 -0.76597216
v 0.58385011 -7.14387261 -0.76601118
v 0.58617656 -7.02080606 -0.89862671
v 0.46150869 -7.01839614 -0.89865041
v 0.58619510 -7.02080905 -0.76597975
v 0.58622566 -7.02079773 -0.89863384
v 0.46151333 -7.01837415 -0.76598576
v 0.46156030 -7.01840927 -0.76597986
v 0.45916730 -7.14154343 -0.89861676
v 0.45912666 -7.14148990 -0.76601666
v 0.46154574 -7.01840983 -0.89860451
v 0.58383691 -7.14389428 -0.76598653
v 0.45918148 -7.14154259 -0.89869342
v 0.58382880 -7.14389374 -0.89863887
v 0.45917434 -7.14151372 -0.76599087
v 0.95868122 -6.99540285 -1.51931669
v 0.31620692 -6.99538722 -1.54679321
v 0.95868883 -6.99543610 -1.54676321
v 0.31619314 -6.99539061 -1.51935943
v 0.95873399 -6.98006698 -1.54678981
v 0.31623671 -6.99546512 -1.54675637
v 0.31621200 -6.98009045 -1.54676950
v 0.95873626 -6.99541612 -1.54674331
v 0.95873671 -6.99540503 -1.54679814
v 0.95871568 -6.98006658 -1.51934046
v 0.95871989 -6.99542354 -1.51932185
v 0.95871119 -6.98008629 -1.54680436
v 0.95869413 -6.99540743 -1.51934190
v 0.31623037 -6.98010675 -1.51938192
v 0.31619073 -6.99540798 -1.51931702
v 0.95872055 -6.98009605 -1.51934290
v 0.31620695 -6.98008618 -1.51939418
v 0.31619486 -6.99543684 -1.54675294
v 0.31621685 -6.99540249 -1.51934858
v 0.31620792 -6.98016293 -1.54677568
v 0.31622519 -6.98004065 -1.54679619
v 0.95871541 -6.98009397 -1.51936547
v 0.95869798 -6.98008618 -1.54675722
v 0.31621343 -6.98009580 -1.51933701
v 0.95871808 -7.37595942 -1.51931539
v 0.31617261 -7.37594943 -1.54677140
v 0.95868448 -7.37593702 -1.54675784
v 0.31622317 -7.37598132 -1.51935580
v 0.95873998 -7.36058438 -1.54678597
v 0.31622290 -7.37592926 -1.54680105
v 0.31620711 -7.36058773 -1.54679750
v 0.95871050 -7.37591680 -1.54680665
v 0.95875498 -7.37590425 -1.54682275
v 0.95871033 -7.36058342 -1.51935650
v 0.95869738 -7.37594995 -1.51932412
v 0.95870234 -7.36055138 -1.54677949
v 0.95871116 -7.37591353 -1.51932655
v 0.31622135 -7.36059797 -1.51930091
v 0.31623091 -7.37594922 -1.51937413
v 0.95872143 -7.36061551 -1.51937712
v 0.31620735 -7.36058474 -1.51931239
v 0.31621948 -7.37592742 -1.54681222
v 0.31621289 -7.37594214 -1.51932146
v 0.31621588 -7.36057346 -1.54679664
v 0.31622111 -7.36058186 -1.51936706
v 0.95871717 -7.36059774 -1.54682687
v 0.31623407 -7.36059863 -1.54680416
v 0.95870523 -7.36058784 -1.51930752
v 0.76073128 -7.14223345 -0.76595803
v 0.63842705 -7.01670850 -0.76599797
v 0.63606401 -7.13984378 -0.76596449
v 0.76307648 -7.01915013 -0.76596029
v 0.76073063 -7.14225140 -0.89862769
v 0.76071998 -7.14221490 -0.89865633
v 0.76309489 -7.01912581 -0.76598994
v 0.76071754 -7.14226240 -0.76597850
v 0.76307590 -7.01911935 -0.89866227
v 0.63840354 -7.01673078 -0.89865639
v 0.76311222 -7.01913370 -0.76601005
v 0.76306535 -7.01916710 -0.89862826
v 0.63839055 -7.01676104 -0.76599267
v 0.63846470 -7.01672558 -0.76597121
v 0.63605196 -7.13982562 -0.89865836
v 0.63603807 -7.13983689 -0.76598807
v 0.63841138 -7.01674594 -0.89863494
v 0.76071815 -7.14229594 -0.76601347
v 0.63605763 -7.13980891 -0.89859020
v 0.76073695 -7.14222436 -0.89860976
v 0.63603242 -7.13987919 -0.76598702
v 0.32488139 -6.98528218 -1.51311464
v 0.35095811 -6.98527457 -1.51931330
v 0.32492724 -6.98526399 -1.51932050
v 0.35102619 -6.98527200 -1.51310122
v 0.32491805 -6.98528706 -1.51312097
v 0.32490635 -7.37052385 -1.51935320
v 0.32486987 -7.37050920 -1.51315517
v 0.32491712 -6.98524396 -1.51935133
v 0.35097707 -7.37048203 -1.51311609
v 0.32494052 -6.98528294 -1.51311161
v 0.32490462 -7.37052607 -1.51311501
v 0.35097585 -6.98525871 -1.51307613
v 0.35095236 -7.37052772 -1.51931589
v 0.35098564 -6.98525020 -1.51314957
v 0.35099592 -7.37051473 -1.51312485
v 0.35099592 -6.98530161 -1.51936327
v 0.35101898 -6.98526894 -1.51933778
v 0.32491848 -7.37050378 -1.51936503
v 0.32489786 -6.98524710 -1.51933681
v 0.35100713 -7.37052455 -1.51931035
v 0.35099622 -7.37050108 -1.51311603
v 0.32490223 -7.37055176 -1.51936328
v 0.35102397 -7.37048339 -1.51934757
v 0.32491292 -7.37048909 -1.51313152
v 0.83587771 -7.14387038 -0.89861906
v 0.71353210 -7.01839238 -0.89862626
v 0.71123353 -7.14153236 -0.89864309
v 0.83827143 -7.02078099 -0.89863515
v 0.83589773 -7.14387067 -1.03129163
v 0.83826638 -7.02083121 -0.89861768
v 0.83592364 -7.14388586 -0.89860955
v 0.83828344 -7.02077996 -1.03126096
v 0.71358065 -7.01835996 -1.03127872
v 0.83824235 -7.02076901 -0.89858940
v 0.83825320 -7.02078955 -1.03128599
v 0.71357821 -7.01838462 -0.89865617
v 0.71358043 -7.01841727 -0.89864163
v 0.71119754 -7.14155851 -1.03130832
v 0.71124947 -7.14152465 -0.89867076
v 0.71357354 -7.01840010 -1.03128611
v 0.83587452 -7.14388142 -0.89863791
v 0.71123325 -7.14152427 -1.03124149
v 0.83586658 -7.14386017 -1.03124380
v 0.71123552 -7.14148418 -0.89862493
v 0.71360416 -7.01840156 -1.03124670
v 0.83590939 -7.14390745 -1.03122548
v 0.71121656 -7.14153545 -1.03127545
v 0.83825761 -7.02077588 -1.03125525
v 0.95556673 -7.02489350 -1.03746197
v 0.31305152 -7.02486879 -1.06491554
v 0.95557123 -7.02486505 -1.06487519
v 0.31303297 -7.02487995 -1.03750865
v 0.95558976 -7.00949110 -1.06493660
v 0.31305774 -7.02485541 -1.06494347
v 0.31304524 -7.00947202 -1.06490654
v 0.95553630 -7.02483736 -1.06491155
v 0.95553573 -7.02485338 -1.06495098
v 0.95553121 -7.00948511 -1.03749962
v 0.95557271 -7.02484316 -1.03747482
v 0.95555277 -7.00950101 -1.06493053
v 0.95555897 -7.02485777 -1.03747452
v 0.31307520 -7.00948389 -1.03744674
v 0.31304543 -7.02483129 -1.03749256
v 0.95556415 -7.00950522 -1.03745965
v 0.31306288 -7.00946156 -1.03751107
v 0.31304843 -7.02486180 -1.06494005
v 0.31304413 -7.02484513 -1.03748410
v 0.31305820 -7.00949930 -1.06492452
v 0.31307799 -7.00950679 -1.03748371
v 0.95555748 -7.00947719 -1.06492995
v 0.31305874 -7.00950870 -1.06492810
v 0.95553918 -7.00947617 -1.03748596
v 0.94938807 -6.03631807 -1.09829691
v 0.34594512 -6.03628023 -1.54622333
v 0.94938607 -6.03627285 -1.54627409
v 0.34593868 -6.03629094 -1.09830855
v 0.94940142 -5.98803818 -1.54627054
v 0.34594173 -6.03626109 -1.54628961
v 0.34589118 -5.98804207 -1.54626948
v 0.94939098 -6.03629684 -1.54624588
v 0.94940828 -6.03629989 -1.54628156
v 0.94937974 -5.98803931 -1.09831914
v 0.94935325 -6.03630878 -1.09832344
v 0.94938313 -5.98803711 -1.54625691
v 0.94937572 -6.03630830 -1.09830257
v 0.34592510 -5.98802694 -1.09829981
v 0.34593929 -6.03629343 -1.09831851
v 0.94940193 -5.98802783 -1.09832517
v 0.34592692 -5.98805792 -1.09833503
v 0.34588952 -6.03631351 -1.54624258
v 0.34591816 -6.03628182 -1.09831434
v 0.34591505 -5.98800272 -1.54625885
v 0.34589235 -5.98800913 -1.09833747
v 0.94938337 -5.98801719 -1.54627789
v 0.34595433 -5.98801518 -1.54630547
v 0.94937701 -5.98802553 -1.09832668
v 0.96326926 -5.98734418 -1.09830743
v 0.35980190 -5.98735768 -1.54628464
v 0.96324769 -5.98738585 -1.54626522
v 0.35982117 -5.98736133 -1.09833901
v 0.96326995 -5.93911724 -1.54629138
v 0.35981821 -5.98739132 -1.54625697
v 0.35987547 -5.93908494 -1.54629390
v 0.96326807 -5.98739503 -1.54627957
v 0.96328488 -5.98734873 -1.54629370
v 0.96328038 -5.93906988 -1.09827637
v 0.96325880 -5.98738011 -1.09831309
v 0.96321071 -5.93910631 -1.54627723
v 0.96326401 -5.98739565 -1.09831957
v 0.35980501 -5.93907849 -1.09833410
v 0.35981568 -5.98736648 -1.09830201
v 0.96321896 -5.93910220 -1.09829787
v 0.35981397 -5.93912782 -1.09830721
v 0.35982905 -5.98736729 -1.54629646
v 0.35980579 -5.98736822 -1.09833317
v 0.35978032 -5.93911146 -1.54627271
v 0.35981083 -5.93909648 -1.09831246
v 0.96329328 -5.93904727 -1.54625558
v 0.35979146 -5.93915221 -1.54627342
v 0.96327547 -5.93911993 -1.09830839
v 0.55803276 -7.38723496 -0.78628997
v 0.31306766 -7.38728129 -1.03128066
v 0.55804611 -7.38727442 -1.03123055
v 0.31304741 -7.38721364 -0.78629728
v 0.55804435 -7.14221809 -1.03126463
v 0.31306323 -7.38723791 -1.03130069
v 0.31305067 -7.14226430 -1.03126693
v 0.55803757 -7.38724460 -1.03127286
v 0.55804853 -7.38724440 -1.03128528
v 0.55802656 -7.14225800 -0.78625980
v 0.55805739 -7.38723098 -0.78625315
v 0.55802385 -7.14223264 -1.03129440
v 0.55804210 -7.38723320 -0.78624809
v 0.31304219 -7.14224570 -0.78625798
v 0.31302692 -7.38723583 -0.78628960
v 0.55803028 -7.14224049 -0.78627010
v 0.31303939 -7.14223545 -0.78627920
v 0.31303227 -7.38721011 -1.03124766
v 0.31304052 -7.38725632 -0.78626630
v 0.31304839 -7.14228337 -1.03124854
v 0.31305927 -7.14220248 -0.78627522
v 0.55805344 -7.14218159 -1.03127490
v 0.31303853 -7.14223870 -1.03124667
v 0.55802416 -7.14226326 -0.78627323
v 0.95549005 -7.40537699 -1.03746656
v 0.31304641 -7.40538851 -1.06488707
v 0.95552863 -7.40536469 -1.06493669
v 0.31306088 -7.40536137 -1.03748548
v 0.95556032 -7.38996220 -1.06492663
v 0.31300772 -7.40534387 -1.06495897
v 0.31301230 -7.38993050 -1.06495640
v 0.95556297 -7.40537007 -1.06494329
v 0.95556952 -7.40537603 -1.06492060
v 0.95556730 -7.38993519 -1.03749099
v 0.95558168 -7.40531624 -1.03744947
v 0.95557174 -7.38995063 -1.06486712
v 0.95560728 -7.40536995 -1.03746379
v 0.31307208 -7.38995877 -1.03748042
v 0.31306961 -7.40533316 -1.03747901
v 0.95556642 -7.38993027 -1.03747687
v 0.31307085 -7.38993895 -1.03744847
v 0.31308557 -7.40534525 -1.06492416
v 0.31303266 -7.40534709 -1.03750612
v 0.31303697 -7.38994628 -1.06493082
v 0.31306928 -7.38997386 -1.03745780
v 0.95556219 -7.38993468 -1.06491411
v 0.31306265 -7.38997066 -1.06492797
v 0.95557696 -7.38994526 -1.03750954
v 0.94942888 -6.86579197 -1.17197396
v 0.60829305 -6.86045864 -1.51314496
v 0.94940953 -6.86579318 -1.51313393
v 0.60829587 -6.86047573 -1.17202914
v 0.61330262 -6.54175109 -1.51313733
v 0.94937695 -6.86580071 -1.51310731
v 0.60832161 -6.86047890 -1.51310839
v 0.95435984 -6.54710002 -1.51311752
v 0.94940467 -6.86579946 -1.51318200
v 0.95439682 -6.54707980 -1.17202919
v 0.94941970 -6.86578766 -1.17198554
v 0.95440273 -6.54710277 -1.51311236
v 0.94942150 -6.86577091 -1.17195624
v 0.61329791 -6.54178397 -1.17195273
v 0.60828420 -6.86048240 -1.17201238
v 0.95438011 -6.54706343 -1.17196354
v 0.61329370 -6.54178501 -1.17200351
v 0.60829508 -6.86045184 -1.51314734
v 0.60832677 -6.86047312 -1.17198784
v 0.61331633 -6.54178211 -1.51309189
v 0.61325326 -6.54178966 -1.51316184
v 0.95436620 -6.54707421 -1.17197563
v 0.95438895 -6.54708103 -1.51315310
v 0.61325504 -6.54176529 -1.17196246
v 0.95441841 -5.93356987 -1.09798116
v 0.35095943 -5.94252449 -1.54581520
v 0.95440386 -5.94257175 -1.54582116
v 0.35097986 -5.93355673 -1.09796727
v 0.95442221 -5.89432033 -1.54677081
v 0.35098601 -5.94256847 -1.54584732
v 0.35095688 -5.89432431 -1.54681508
v 0.95443172 -5.94257133 -1.54582329
v 0.95445044 -5.89432572 -1.54675670
v 0.95440599 -5.93351807 -1.09792843
v 0.95436161 -5.94256050 -1.54577742
v 0.95444307 -5.88528480 -1.09892560
v 0.95439814 -5.93353803 -1.09798677
v 0.35095220 -5.88525111 -1.09892102
v 0.35096627 -5.93354477 -1.09788886
v 0.95444862 -5.88529202 -1.09888459
v 0.35097220 -5.93352651 -1.09796072
v 0.35095387 -5.89431313 -1.54680289
v 0.35095725 -5.94253921 -1.54583581
v 0.35094348 -5.88526350 -1.09896289
v 0.35095789 -5.88528316 -1.09894962
v 0.95440214 -5.89431607 -1.54677998
v 0.35095370 -5.89431901 -1.54675349
v 0.95439858 -5.88527395 -1.09887790
v 0.95949806 -7.18990309 -1.17199596
v 0.61849107 -7.17946262 -1.51311377
v 0.95948375 -7.18993070 -1.51316561
v 0.61851167 -7.17950224 -1.17199448
v 0.62828353 -6.86084777 -1.51311224
v 0.95953355 -7.18989550 -1.51314399
v 0.61849063 -7.17943704 -1.51314220
v 0.96924954 -6.87126116 -1.51309073
v 0.95948368 -7.18991543 -1.51316318
v 0.96923088 -6.87130671 -1.17199168
v 0.95947788 -7.18991737 -1.17194429
v 0.96926051 -6.87129216 -1.51312773
v 0.95948115 -7.18989403 -1.17201304
v 0.62826633 -6.86088914 -1.17198968
v 0.61851087 -7.17946743 -1.17196578
v 0.96926480 -6.87126380 -1.17195726
v 0.62827585 -6.86085742 -1.17203336
v 0.61851521 -7.17948741 -1.51316434
v 0.61849899 -7.17946663 -1.17201838
v 0.62829696 -6.86085523 -1.51313270
v 0.62826597 -6.86084756 -1.51315867
v 0.96929455 -6.87131639 -1.17200808
v 0.96927685 -6.87128177 -1.51309915
v 0.62829163 -6.86085735 -1.17201912
v 0.95554887 -7.22097899 -1.03748410
v 0.31301476 -7.22096073 -1.06489127
v 0.95559069 -7.22100525 -1.06491923
v 0.31301317 -7.22094679 -1.03752561
v 0.95556795 -7.20560417 -1.06490077
v 0.31306651 -7.22101406 -1.06493083
v 0.31305329 -7.20562132 -1.06490732
v 0.95557338 -7.22093747 -1.06491437
v 0.95555069 -7.22094808 -1.06493544
v 0.95556517 -7.20562537 -1.03753324
v 0.95556506 -7.22097703 -1.03748826
v 0.95555603 -7.20565700 -1.06492687
v 0.95559153 -7.22098710 -1.03749500
v 0.31304596 -7.20558572 -1.03751299
v 0.31307732 -7.22098087 -1.03744226
v 0.95558739 -7.20563118 -1.03751701
v 0.31308995 -7.20559779 -1.03750759
v 0.31307517 -7.22100057 -1.06494540
v 0.31302434 -7.22096313 -1.03747788
v 0.31306976 -7.20559791 -1.06491421
v 0.31307170 -7.20561310 -1.03750671
v 0.95555834 -7.20565532 -1.06494808
v 0.31305710 -7.20560635 -1.06488421
v 0.95553565 -7.20562553 -1.03748526
v 0.91361246 -7.43002588 -1.27301454
v 0.67347765 -7.43002993 -1.51310861
v 0.91358999 -7.42999574 -1.51313295
v 0.67348485 -7.43003205 -1.27302793
v 0.91357156 -7.18992122 -1.51309343
v 0.67354177 -7.43005069 -1.51310833
v 0.67350140 -7.18991453 -1.51310052
v 0.91361947 -7.43003512 -1.51314793
v 0.91357681 -7.43003983 -1.51312089
v 0.91361194 -7.18990377 -1.27300122
v 0.91354919 -7.43001895 -1.27304498
v 0.91362513 -7.18991339 -1.51311427
v 0.91358940 -7.43003235 -1.27306268
v 0.67352218 -7.18992780 -1.27307827
v 0.67352145 -7.43000225 -1.27304128
v 0.91362726 -7.18993684 -1.27307130
v 0.67349081 -7.18991361 -1.27301948
v 0.67350077 -7.43003205 -1.51312320
v 0.67349387 -7.43005144 -1.27302810
v 0.67349094 -7.18992719 -1.51315169
v 0.67348682 -7.18991888 -1.27301569
v 0.91359969 -7.18992462 -1.51311634
v 0.67351612 -7.18990597 -1.51316566
v 0.91359124 -7.18990542 -1.27301124
v 0.92832767 -6.98381157 -1.51314619
v 0.95440872 -6.98384771 -1.51931879
v 0.92831263 -6.98385015 -1.51934863
v 0.95440831 -6.98383106 -1.51315390
v 0.92830675 -6.98383602 -1.51315477
v 0.92832243 -7.37049424 -1.51935199
v 0.92832429 -7.37051983 -1.51313003
v 0.92831565 -6.98378612 -1.51932912
v 0.95436075 -7.37050034 -1.51313266
v 0.92830292 -6.98383649 -1.51312833
v 0.92831169 -7.37052016 -1.51315792
v 0.95434547 -6.98381560 -1.51312392
v 0.95442946 -7.37051533 -1.51931802
v 0.95440813 -6.98381968 -1.51312611
v 0.95437304 -7.37047315 -1.51316045
v 0.95438147 -6.98378848 -1.51934240
v 0.95437000 -6.98381333 -1.51932870
v 0.92832524 -7.37050539 -1.51932388
v 0.92833341 -6.98384226 -1.51934826
v 0.95440110 -7.37050093 -1.51933501
v 0.95439684 -7.37049092 -1.51314641
v 0.92828650 -7.37053638 -1.51929995
v 0.95435956 -7.37051654 -1.51934408
v 0.92833525 -7.37054901 -1.51312873
v 0.66987729 -7.43001438 -1.27301353
v 0.42973802 -7.43000050 -1.51316398
v 0.66987225 -7.43002748 -1.51311512
v 0.42974939 -7.43003402 -1.27300227
v 0.66982618 -7.18994757 -1.51312437
v 0.42974478 -7.43003492 -1.51309354
v 0.42973114 -7.18990443 -1.51311958
v 0.66990217 -7.43006873 -1.51313967
v 0.66984121 -7.43000994 -1.51314558
v 0.66988687 -7.18988615 -1.27300368
v 0.66986052 -7.43007205 -1.27301843
v 0.66982019 -7.18992848 -1.51312350
v 0.66984441 -7.43001792 -1.27302515
v 0.42971022 -7.18994354 -1.27304987
v 0.42973682 -7.43001152 -1.27301145
v 0.66985840 -7.18994841 -1.27297121
v 0.42974304 -7.18986847 -1.27304109
v 0.42973139 -7.42998232 -1.51315109
v 0.42975269 -7.43004575 -1.27303993
v 0.42979031 -7.18994233 -1.51310850
v 0.42976750 -7.18994250 -1.27306333
v 0.66981263 -7.18993792 -1.51312307
v 0.42975089 -7.18992474 -1.51313015
v 0.66987210 -7.18990407 -1.27301419
v 0.61389537 -7.19061248 -1.51312397
v 0.61921969 -6.84954004 -1.17196503
v 0.61394853 -7.19064071 -1.17203650
v 0.61924852 -6.84954709 -1.51311195
v 0.31982343 -6.84451851 -1.51312534
v 0.61392818 -7.19065551 -1.51318875
v 0.31450732 -7.18566268 -1.51311233
v 0.61922388 -6.84955548 -1.51316232
v 0.31984349 -6.84455131 -1.51314667
v 0.61922444 -6.84954331 -1.17203248
v 0.61924014 -6.84950932 -1.51313259
v 0.31980083 -6.84457093 -1.17196210
v 0.61395468 -7.19062346 -1.17200867
v 0.31978867 -6.84460003 -1.17199348
v 0.31450927 -7.18566279 -1.17199731
v 0.61920252 -6.84956162 -1.17198838
v 0.61389089 -7.19060110 -1.17202313
v 0.31454082 -7.18568272 -1.51312306
v 0.61391351 -7.19063670 -1.51317135
v 0.31449398 -7.18563546 -1.17201929
v 0.31979177 -6.84457138 -1.17200046
v 0.31447648 -7.18568458 -1.51313827
v 0.31449548 -7.18566482 -1.17197638
v 0.31983990 -6.84455927 -1.51309149
v 0.79722824 -6.98829043 -1.51313561
v 0.82323989 -6.98824242 -1.51932343
v 0.79720025 -6.98823679 -1.51931164
v 0.82324146 -6.98822956 -1.51311592
v 0.79720511 -6.98825265 -1.51312825
v 0.79722202 -7.37050376 -1.51933322
v 0.79721123 -7.37050856 -1.51315468
v 0.79719792 -6.98821824 -1.51940732
v 0.82329027 -7.37050419 -1.51315129
v 0.79718848 -6.98823194 -1.51311884
v 0.79719651 -7.37048628 -1.51311896
v 0.82325694 -6.98823771 -1.51312285
v 0.82328965 -7.37049679 -1.51934218
v 0.82327715 -6.98822808 -1.51311002
v 0.82325263 -7.37049846 -1.51316787
v 0.82328366 -6.98822201 -1.51934008
v 0.82322788 -6.98819371 -1.51932068
v 0.79720514 -7.37050157 -1.51936036
v 0.79721565 -6.98819386 -1.51936551
v 0.82333206 -7.37052091 -1.51932221
v 0.82325609 -7.37050305 -1.51315539
v 0.79719036 -7.37051641 -1.51935424
v 0.82326871 -7.37049040 -1.51936765
v 0.79717877 -7.37051046 -1.51314006
v 0.31475616 -5.90267354 -0.58257045
v 0.31478509 -6.62236231 -0.59749975
v 0.31477636 -6.62233936 -0.58252990
v 0.31477439 -5.90269863 -0.59752803
v 0.95581848 -6.62238684 -0.58257667
v 0.31477670 -5.90271699 -0.58252740
v 0.31480079 -6.62233457 -0.58256934
v 0.95587197 -5.90269685 -0.58252481
v 0.95584051 -6.62237254 -0.59746467
v 0.95592046 -5.90267837 -0.58256721
v 0.95581257 -6.62232452 -0.58255162
v 0.95582602 -5.90265758 -0.59748215
v 0.90748014 -6.54698043 -1.12270410
v 0.37757097 -6.54695787 -1.54624502
v 0.90751355 -6.54695196 -1.54625886
v 0.37753832 -6.54699247 -1.12270219
v 0.90750177 -6.03762614 -1.54625328
v 0.37755396 -6.54695619 -1.54629285
v 0.37756726 -6.03761726 -1.54628603
v 0.90752996 -6.54694390 -1.54624187
v 0.90748323 -6.54699837 -1.54628658
v 0.90749970 -6.03764335 -1.12270421
v 0.90749104 -6.54698112 -1.12269969
v 0.90751698 -6.03765314 -1.54626037
v 0.90749117 -6.54696232 -1.12272211
v 0.37753887 -6.03760690 -1.12274232
v 0.37754712 -6.54695421 -1.12271598
v 0.90747061 -6.03765153 -1.12272321
v 0.37755650 -6.03762337 -1.12274492
v 0.37757376 -6.54693534 -1.54626715
v 0.37754674 -6.54698399 -1.12271892
v 0.37755244 -6.03761067 -1.54631115
v 0.37760130 -6.03768105 -1.12272067
v 0.90746441 -6.03761962 -1.54628813
v 0.37754145 -6.03764467 -1.54628029
v 0.90744601 -6.03762752 -1.12277144
v 0.66718604 -6.98307780 -1.51310719
v 0.69321213 -6.98308780 -1.51932600
v 0.66714803 -6.98310409 -1.51934196
v 0.69319537 -6.98307096 -1.51309799
v 0.66718143 -6.98307064 -1.51313134
v 0.66715380 -7.37052524 -1.51933241
v 0.66715724 -7.37051972 -1.51312205
v 0.66711707 -6.98302844 -1.51932647
v 0.69319501 -7.37050899 -1.51315226
v 0.66714900 -6.98309000 -1.51310419
v 0.66711917 -7.37051913 -1.51316348
v 0.69322466 -6.98307754 -1.51315814
v 0.69325618 -7.37047772 -1.51935226
v 0.69323637 -6.98307389 -1.51312251
v 0.69325818 -7.37051727 -1.51308919
v 0.69321888 -6.98307270 -1.51929929
v 0.69323104 -6.98311455 -1.51933522
v 0.66713297 -7.37054737 -1.51936043
v 0.66716768 -6.98309472 -1.51937033
v 0.69321690 -7.37050274 -1.51935511
v 0.69319689 -7.37055838 -1.51314464
v 0.66717887 -7.37048984 -1.51932302
v 0.69322131 -7.37050868 -1.51931271
v 0.66714189 -7.37050361 -1.51316827
v 0.54765877 -6.97815915 -1.51315272
v 0.57373006 -6.97817341 -1.51935880
v 0.54767722 -6.97817200 -1.51935424
v 0.57369863 -6.97813247 -1.51316740
v 0.54767104 -6.97815467 -1.51313461
v 0.54762468 -7.37051461 -1.51930833
v 0.54764864 -7.37053161 -1.51313538
v 0.54765558 -6.97814757 -1.51934563
v 0.57372643 -7.37050368 -1.51315115
v 0.54760270 -6.97813861 -1.51308766
v 0.54762632 -7.37051452 -1.51309864
v 0.57375094 -6.97814801 -1.51310078
v 0.57372959 -7.37052347 -1.51938366
v 0.57369374 -6.97814144 -1.51311871
v 0.57370254 -7.37052999 -1.51316243
v 0.57367710 -6.97815205 -1.51937408
v 0.57371305 -6.97816664 -1.51934928
v 0.54768993 -7.37051043 -1.51934749
v 0.54764030 -6.97818123 -1.51931116
v 0.57373168 -7.37052296 -1.51933513
v 0.57369888 -7.37050292 -1.51315688
v 0.54764982 -7.37047906 -1.51933044
v 0.57370064 -7.37049097 -1.51929796
v 0.54765982 -7.37050938 -1.51314520
v 0.80404505 -7.38720215 -0.78632649
v 0.55906651 -7.38724046 -1.03123852
v 0.80403288 -7.38729037 -1.03122819
v 0.55902038 -7.38722637 -0.78628569
v 0.80403479 -7.14224068 -1.03128298
v 0.55904944 -7.38723701 -1.03125388
v 0.55904811 -7.14223677 -1.03124251
v 0.80401617 -7.38724214 -1.03126086
v 0.80405800 -7.38724503 -1.03126905
v 0.80402820 -7.14221687 -0.78628987
v 0.80405044 -7.38724585 -0.78628227
v 0.80400924 -7.14224243 -1.03127183
v 0.80400361 -7.38725964 -0.78629274
v 0.55901240 -7.14226993 -0.78625121
v 0.55902317 -7.38726215 -0.78631308
v 0.80406214 -7.14222383 -0.78627607
v 0.55904723 -7.14225427 -0.78628908
v 0.55903085 -7.38722944 -1.03125625
v 0.55906511 -7.38719942 -0.78626767
v 0.55905911 -7.14222198 -1.03130448
v 0.55904551 -7.14227631 -0.78624889
v 0.80402500 -7.14220537 -1.03124827
v 0.55903349 -7.14227949 -1.03129546
v 0.80405807 -7.14225059 -0.78631492
v 0.71110111 -7.14386116 -0.89859462
v 0.58877641 -7.01837897 -0.89861613
v 0.58638652 -7.14154715 -0.89863811
v 0.71348284 -7.02079837 -0.89865953
v 0.71111296 -7.14391157 -1.03129770
v 0.71344766 -7.02079217 -0.89859803
v 0.71110219 -7.14387454 -0.89867786
v 0.71345601 -7.02081451 -1.03127712
v 0.58880325 -7.01839742 -1.03129806
v 0.71349458 -7.02080381 -0.89862348
v 0.71345976 -7.02077619 -1.03127947
v 0.58880379 -7.01837221 -0.89858140
v 0.58878489 -7.01840668 -0.89865443
v 0.58640556 -7.14152754 -1.03128660
v 0.58645125 -7.14153132 -0.89865045
v 0.58877663 -7.01839940 -1.03126734
v 0.58876448 -7.01835794 -1.03127888
v 0.71110083 -7.14387777 -1.03128735
v 0.58641843 -7.14149695 -1.03126231
v 0.71348046 -7.02079764 -1.03129266
v 0.31481559 -5.89153788 -1.54623040
v 0.31476307 -6.56075965 -1.56121054
v 0.31478683 -6.56076047 -1.54626196
v 0.31479516 -5.89156817 -1.56121598
v 0.95591085 -6.56079169 -1.54626462
v 0.31477431 -5.89154784 -1.54630364
v 0.31475318 -6.56075042 -1.54627320
v 0.95584103 -5.89155394 -1.54625252
v 0.95584625 -6.56080024 -1.56123022
v 0.95583951 -5.89149882 -1.54627442
v 0.95585976 -6.56079973 -1.54625611
v 0.95586803 -5.89152811 -1.56120308
v 0.31477012 -6.63197877 -0.58259573
v 0.31476721 -7.42341764 -0.59752216
v 0.31477793 -7.42345711 -0.58253249
v 0.31483523 -6.63197695 -0.59751434
v 0.95588959 -7.42345976 -0.58251495
v 0.31479349 -6.63198282 -0.58256251
v 0.31478697 -7.42345355 -0.58258276
v 0.95582515 -6.63200301 -0.58254494
v 0.95586339 -7.42350397 -0.59750730
v 0.95582488 -6.63197407 -0.58257695
v 0.95585465 -7.42346618 -0.58255433
v 0.95586799 -6.63194050 -0.59744356
v 0.32177865 -7.01468854 -1.03125496
v 0.34781877 -7.01470228 -1.03750254
v 0.32176657 -7.01465771 -1.03743571
v 0.34786306 -7.01466938 -1.03128605
v 0.32176191 -7.01467271 -1.03127383
v 0.32180047 -7.39989929 -1.03749915
v 0.32176846 -7.39983826 -1.03131033
v 0.32174199 -7.01465664 -1.03749839
v 0.34787893 -7.39989933 -1.03124804
v 0.32175835 -7.01467453 -1.03129356
v 0.32172558 -7.39986485 -1.03128262
v 0.34781464 -7.01470831 -1.03129375
v 0.34786369 -7.39990151 -1.03749544
v 0.34787693 -7.01469378 -1.03127131
v 0.34784241 -7.39988798 -1.03128605
v 0.34786208 -7.01467754 -1.03749732
v 0.34780456 -7.01470944 -1.03750585
v 0.32171371 -7.39985625 -1.03748153
v 0.32177184 -7.01471508 -1.03749420
v 0.34782929 -7.39987996 -1.03748818
v 0.34780759 -7.39985802 -1.03125586
v 0.32176187 -7.39985931 -1.03745765
v 0.34786457 -7.39987807 -1.03749053
v 0.32174989 -7.39986235 -1.03128634
v 0.44043682 -6.98821557 -1.51311647
v 0.46653962 -6.98824587 -1.51933358
v 0.44047630 -6.98823790 -1.51934587
v 0.46651945 -6.98819474 -1.51310832
v 0.44042760 -6.98826037 -1.51311373
v 0.44045194 -7.37049998 -1.51933434
v 0.44047834 -7.37054657 -1.51313971
v 0.44046196 -6.98822248 -1.51936055
v 0.46651450 -7.37052412 -1.51312692
v 0.44047167 -6.98823349 -1.51313107
v 0.44041133 -7.37053438 -1.51308787
v 0.46648886 -6.98819808 -1.51313420
v 0.46648349 -7.37048000 -1.51931235
v 0.46651501 -6.98820881 -1.51313545
v 0.46652698 -7.37050788 -1.51313287
v 0.46653720 -6.98821921 -1.51935137
v 0.46653227 -6.98823878 -1.51933719
v 0.44044582 -7.37050937 -1.51930552
v 0.44044243 -6.98825913 -1.51930566
v 0.46653219 -7.37052552 -1.51934547
v 0.46650615 -7.37049123 -1.51311248
v 0.44047011 -7.37050672 -1.51938434
v 0.46650025 -7.37050533 -1.51939740
v 0.44045483 -7.37053361 -1.51311421
v 0.58742984 -7.14387484 -0.89862207
v 0.46511720 -7.01840664 -0.89861581
v 0.46279795 -7.14157257 -0.89865146
v 0.58983817 -7.02077630 -0.89863575
v 0.58745097 -7.14389053 -1.03128528
v 0.58978782 -7.02076889 -0.89862195
v 0.58745735 -7.14388359 -0.89864262
v 0.58983515 -7.02080729 -1.03128098
v 0.46509785 -7.01841587 -1.03125775
v 0.58977951 -7.02080213 -0.89860901
v 0.58982093 -7.02080077 -1.03129943
v 0.46511250 -7.01842012 -0.89865118
v 0.46510637 -7.01838903 -0.89864135
v 0.46274344 -7.14150581 -1.03125765
v 0.46277636 -7.14151630 -0.89862435
v 0.46508854 -7.01841447 -1.03127164
v 0.46510592 -7.01840580 -1.03126234
v 0.58746051 -7.14389918 -1.03126934
v 0.46273477 -7.14155050 -1.03122858
v 0.58977512 -7.02079083 -1.03128084
v 0.46336433 -7.39985900 -1.03124973
v 0.43729434 -7.39985733 -1.03750028
v 0.46337438 -7.39984317 -1.03749620
v 0.43730179 -7.39984924 -1.03128938
v 0.46336809 -7.39988839 -1.03750785
v 0.46337543 -7.01765555 -1.03123544
v 0.46336715 -7.39988613 -1.03127031
v 0.46336892 -7.01764163 -1.03748249
v 0.46335429 -7.39989237 -1.03125981
v 0.43725124 -7.01765459 -1.03127101
v 0.43730476 -7.39989002 -1.03126825
v 0.46335915 -7.01767750 -1.03125089
v 0.43730315 -7.01765800 -1.03123935
v 0.43731199 -7.39989510 -1.03745984
v 0.43730900 -7.39986370 -1.03128418
v 0.43728535 -7.01765509 -1.03749541
v 0.46331676 -7.01761393 -1.03750922
v 0.43730966 -7.39990962 -1.03748121
v 0.43727162 -7.01763776 -1.03751827
v 0.46335392 -7.39986735 -1.03747911
v 0.95442996 -5.89344322 -0.58312175
v 0.93905543 -5.88516850 -0.58304238
v 0.93908700 -5.89341785 -0.58308688
v 0.95441052 -5.88514364 -0.58308235
v 0.95441900 -5.89338328 -0.60317349
v 0.95442019 -5.89343007 -0.60316636
v 0.95439579 -5.88513000 -0.58310482
v 0.95440667 -5.89341915 -0.58310117
v 0.95442291 -5.89343022 -0.58307943
v 0.95442325 -5.88518788 -0.60316416
v 0.93910244 -5.88513234 -0.58308686
v 0.93909813 -5.89344497 -0.60318174
v 0.93903115 -5.89344871 -0.60314237
v 0.93906768 -5.89338881 -0.58305620
v 0.93906706 -5.89342950 -0.58307898
v 0.93909628 -5.88516577 -0.60315261
v 0.95441039 -7.42280643 -0.58308186
v 0.93906074 -5.89345750 -0.58305346
v 0.93906193 -7.42283599 -0.58308318
v 0.95442224 -5.89346749 -0.58309126
v 0.95440287 -7.42278744 -0.60312428
v 0.95443573 -7.42278078 -0.60312578
v 0.95439724 -7.42286222 -0.58306854
v 0.95442477 -7.42282991 -0.58309213
v 0.95446611 -5.88516505 -0.60312811
v 0.93910622 -5.89343732 -0.60313985
v 0.93910910 -5.88512599 -0.60313606
v 0.95443576 -5.89342298 -0.60312490
v 0.93908730 -7.42283179 -0.60316357
v 0.93904550 -7.42283822 -0.60311311
v 0.93906427 -7.42284832 -0.58307952
v 0.93907011 -7.42284655 -0.58306043
v 0.95443330 -7.43107676 -0.58306133
v 0.93907873 -7.42287988 -0.58307007
v 0.93906061 -7.43107903 -0.58307274
v 0.95440980 -7.42284620 -0.58310026
v 0.95441445 -5.89341788 -0.60312684
v 0.93908593 -7.42281699 -0.60313412
v 0.93906772 -5.89339331 -0.60318148
v 0.95442893 -7.42284582 -0.60319580
v 0.95446209 -7.43114543 -0.60313848
v 0.95446499 -7.43110668 -0.58307681
v 0.93903371 -7.43110769 -0.60312204
v 0.93906343 -7.43112333 -0.58312432
v 0.95445403 -7.42282558 -0.60315988
v 0.93909722 -7.43111375 -0.60316057
v 0.93912057 -7.42285382 -0.60314709
v 0.95443110 -7.43110019 -0.60315323
v 0.95583849 -6.98169547 -1.07935512
v 0.95585226 -6.43663177 -1.06443827
v 0.95584922 -6.43660494 -1.06441585
v 0.95590244 -6.98167948 -1.06442964
v 0.95585506 -6.43661750 -1.07935728
v 0.95586678 -6.43657186 -1.07935301
v 0.95586955 -5.89156137 -1.06444896
v 0.95586377 -5.89154465 -1.07934530
v 0.95589600 -6.98170353 -1.06443157
v 0.31479896 -6.43662318 -1.06441540
v 0.31477555 -6.98165193 -1.06445313
v 0.95584898 -6.43659972 -1.06439159
v 0.95584448 -6.43658832 -1.06442681
v 0.31476215 -5.89154925 -1.06440892
v 0.31478829 -6.43663266 -1.06441219
v 0.95585845 -5.89156140 -1.06438003
v 0.31475694 -6.43661156 -1.06444179
v 0.31476852 -6.43661181 -1.06441315
v 0.31475573 -6.98169509 -1.07934232
v 0.31480988 -6.98167527 -1.06439363
v 0.31479150 -6.43662817 -1.07935682
v 0.31479740 -6.43662861 -1.07937394
v 0.31477689 -5.89157490 -1.06443345
v 0.31475323 -5.89154455 -1.07932132
v 0.46294314 -7.14388490 -0.89865010
v 0.34058463 -7.01837654 -0.89864237
v 0.33821971 -7.14154608 -0.89864187
v 0.46525759 -7.02077255 -0.89863731
v 0.46290074 -7.14393720 -1.03126488
v 0.46288274 -7.14390900 -1.03132572
v 0.46522506 -7.02082504 -0.89861629
v 0.46287316 -7.14389180 -0.89861513
v 0.46524455 -7.02080954 -1.03124506
v 0.34057450 -7.01841223 -1.03126082
v 0.46524202 -7.02077732 -0.89861152
v 0.46523871 -7.02077674 -1.03133621
v 0.34058066 -7.01842794 -0.89857483
v 0.34057649 -7.01839887 -0.89860489
v 0.33818375 -7.14153307 -1.03127734
v 0.33820071 -7.14154773 -0.89861990
v 0.34055287 -7.01838319 -1.03125762
v 0.34055599 -7.01836758 -1.03126070
v 0.46288669 -7.14390880 -1.03127224
v 0.33819091 -7.14154674 -1.03127406
v 0.46525177 -7.02078505 -1.03124054
v 0.73977310 -7.40738339 -1.06699229
v 0.73974038 -7.40742463 -1.06700837
v 0.73977903 -7.40532750 -1.03751521
v 0.73971511 -7.40531723 -1.03745296
v 0.73973989 -7.40740340 -1.03740788
v 0.73977724 -7.40741227 -1.03739619
v 0.73975933 -7.40534690 -1.06490589
v 0.73975658 -7.40538106 -1.06490916
v 0.73974290 -7.38915298 -0.78436789
v 0.73973230 -7.38916686 -0.78438732
v 0.73975925 -7.38725238 -0.78626113
v 0.73973805 -7.38725159 -0.78629805
v 0.73973628 -7.40740756 -1.03740434
v 0.73976552 -7.40740063 -1.03741879
v 0.72594534 -7.40738139 -1.06701442
v 0.73976207 -7.40742473 -1.06697077
v 0.72599393 -7.40742092 -1.03740145
v 0.72600799 -7.40740555 -1.03744569
v 0.73976328 -7.00747964 -1.06703787
v 0.73977554 -7.00752456 -1.06700535
v 0.73975756 -7.00948704 -1.06490994
v 0.73972827 -7.00948916 -1.06494877
v 0.72596798 -7.40528921 -1.03750199
v 0.72598869 -7.40534678 -1.03752518
v 0.73972865 -7.40539261 -1.06493195
v 0.72595062 -7.40537277 -1.06496179
v 0.73976795 -7.40534051 -1.03745164
v 0.73974962 -7.40533746 -1.03745934
v 0.73979859 -7.38919934 -0.78439110
v 0.72595782 -7.38920230 -0.78435818
v 0.72599472 -7.38727383 -0.78630638
v 0.73976019 -7.38725427 -0.78627800
v 0.73974977 -7.13828339 -0.76168388
v 0.73971391 -7.13827699 -0.76171860
v 0.73972893 -7.13821574 -0.76380806
v 0.73972627 -7.13823621 -0.76375752
v 0.72593975 -7.40537588 -1.03752025
v 0.72595299 -7.40535660 -1.03751223
v 0.72598571 -7.40739945 -1.06698787
v 0.72602046 -7.40742308 -1.06701384
v 0.72596596 -7.40741150 -1.03740025
v 0.72599195 -7.40741266 -1.03738021
v 0.72597314 -7.40535590 -1.06494786
v 0.72599343 -7.40533729 -1.06492859
v 0.73970693 -7.00752480 -1.06699057
v 0.72596999 -7.40740382 -1.06699239
v 0.72593972 -7.00750237 -1.06704427
v 0.73975548 -7.40738932 -1.06701430
v 0.73976350 -7.00754793 -1.03128267
v 0.73974426 -7.00754124 -1.03126457
v 0.73976638 -7.00546354 -1.03125197
v 0.73973060 -7.00549446 -1.03126853
v 0.73971005 -7.40536613 -1.06494810
v 0.72598039 -7.00949223 -1.06492051
v 0.72600331 -7.40537457 -1.06493405
v 0.73974520 -7.00950617 -1.06495433
v 0.72598029 -7.38916667 -0.78437959
v 0.72599115 -7.38916563 -0.78435177
v 0.72597994 -7.38724034 -0.78625874
v 0.72596969 -7.38723368 -0.78626145
v 0.73977291 -7.38915440 -0.78436011
v 0.72597291 -7.13828502 -0.76171906
v 0.72596993 -7.13831086 -0.76169650
v 0.72601375 -7.38914384 -0.78434609
v 0.73976835 -7.13830291 -0.76172693
v 0.73974083 -7.13830325 -0.76167134
v 0.73976591 -7.13822071 -0.76377435
v 0.73972448 -7.13824301 -0.76377576
v 0.72600110 -7.38725646 -0.78627087
v 0.72593836 -7.13821787 -0.76375608
v 0.72597468 -7.13824204 -0.76372914
v 0.73975449 -7.38721378 -0.78629696
v 0.73972776 -7.01692267 -0.76168670
v 0.73971763 -7.01693273 -0.76172144
v 0.73974503 -7.01874557 -0.76381368
v 0.73973599 -7.01873839 -0.76382864
v 0.72598112 -7.00750645 -1.06697373
v 0.72598884 -7.00749454 -1.06699688
v 0.72601127 -7.00948455 -1.06488350
v 0.72599195 -7.00949934 -1.06492458
v 0.72594140 -7.00544626 -1.03124558
v 0.72600562 -7.00542471 -1.03123946
v 0.73975424 -7.00752279 -1.06699533
v 0.72602686 -7.00749181 -1.06699817
v 0.73977631 -7.00551684 -1.03123701
v 0.73969233 -7.00544814 -1.03128651
v 0.73976524 -7.00757809 -1.03121594
v 0.73972612 -7.00756569 -1.03123465
v 0.72598858 -7.00948283 -1.06493353
v 0.73975546 -7.00950349 -1.06493214
v 0.72597806 -7.00754281 -1.03126944
v 0.72599728 -7.00759070 -1.03124073
v 0.72598889 -7.13827088 -0.76169671
v 0.72597681 -7.13830323 -0.76173311
v 0.72597412 -7.13822474 -0.76378400
v 0.72594367 -7.13821816 -0.76380857
v 0.72597437 -7.01687127 -0.76172345
v 0.73975072 -7.01689915 -0.76169654
v 0.73972854 -7.01877311 -0.76383169
v 0.72602598 -7.01872499 -0.76375197
v 0.72597093 -7.00753436 -1.03128080
v 0.72595174 -7.00754031 -1.03127755
v 0.72598462 -7.00546337 -1.03122691
v 0.72597441 -7.00552227 -1.03126533
v 0.72599121 -7.01684761 -0.76170896
v 0.73978321 -7.01694096 -0.76167603
v 0.73972890 -7.01876151 -0.76379338
v 0.72598541 -7.01876548 -0.76376540
v 0.72594787 -7.01688671 -0.76172728
v 0.72598361 -7.01693321 -0.76172935
v 0.72595204 -7.01871998 -0.76383526
v 0.72601638 -7.01875071 -0.76378281
v 0.32486443 -6.58482006 -1.51310968
v 0.35102116 -6.58482425 -1.51931551
v 0.32492321 -6.58478900 -1.51934455
v 0.35102148 -6.58483972 -1.51311390
v 0.32495263 -6.58478625 -1.51313395
v 0.32493061 -6.96999375 -1.51934602
v 0.32494253 -6.96997040 -1.51315714
v 0.32495956 -6.58480174 -1.51934365
v 0.35100877 -6.97001595 -1.51311766
v 0.32491236 -6.58480361 -1.51311940
v 0.32491989 -6.97000648 -1.51310175
v 0.35100116 -6.58479208 -1.51310866
v 0.35094366 -6.96997976 -1.51929027
v 0.35096644 -6.58474849 -1.51316641
v 0.35097371 -6.96998483 -1.51314067
v 0.35096955 -6.58479955 -1.51933052
v 0.35100765 -6.58480873 -1.51938376
v 0.32493180 -6.96997142 -1.51935004
v 0.32493642 -6.58483229 -1.51935556
v 0.35096315 -6.96999732 -1.51936537
v 0.35102453 -6.96998833 -1.51312682
v 0.32493489 -6.96997181 -1.51933168
v 0.35097071 -6.96999750 -1.51934950
v 0.32493106 -6.97000775 -1.51312624
v 0.92833566 -6.58332352 -1.51313095
v 0.95437729 -6.58331943 -1.51928471
v 0.92833824 -6.58332050 -1.51935383
v 0.95438969 -6.58327893 -1.51312998
v 0.92833139 -6.58334399 -1.51311904
v 0.92834160 -6.96999588 -1.51935380
v 0.92833698 -6.97002062 -1.51313386
v 0.92832625 -6.58332588 -1.51928272
v 0.95437823 -6.97004284 -1.51310393
v 0.92832081 -6.58330707 -1.51311713
v 0.92832688 -6.97000157 -1.51311277
v 0.95439092 -6.58328553 -1.51313804
v 0.95437418 -6.96998565 -1.51932476
v 0.95438198 -6.58330403 -1.51310701
v 0.95436409 -6.97002517 -1.51311047
v 0.95439079 -6.58332135 -1.51934602
v 0.95436603 -6.58331745 -1.51931132
v 0.92831415 -6.97002333 -1.51932869
v 0.92832443 -6.58330757 -1.51934142
v 0.95439324 -6.96998274 -1.51934216
v 0.95437015 -6.97000429 -1.51310659
v 0.92832969 -6.97000847 -1.51927873
v 0.95443654 -6.97002211 -1.51931784
v 0.92829148 -6.96999844 -1.51309422
v 0.34634728 -5.85506423 -1.62708452
v 0.31616042 -5.88519172 -1.62709494
v 0.31619555 -5.85500440 -1.62709282
v 0.34635815 -5.88515493 -1.62709204
v 0.34633430 -5.88511501 -0.34211044
v 0.31618923 -5.88516308 -1.62705930
v 0.34629805 -5.88511777 -1.62708200
v 0.31619134 -5.88520544 -0.34214407
v 0.31625101 -5.85503461 -0.34213340
v 0.31622389 -5.88516278 -1.62708712
v 0.31619983 -5.88516985 -0.34216531
v 0.31620530 -5.85504654 -1.62709167
v 0.31620592 -5.85507546 -0.34216924
v 0.34632478 -5.85502703 -1.62710195
v 0.31622182 -5.85507167 -1.62707002
v 0.34632061 -5.85505707 -0.34214453
v 0.34634030 -5.88516235 -1.62708145
v 0.34629244 -5.85504183 -0.34212678
v 0.34634092 -5.88516359 -0.34213834
v 0.34636849 -5.85506284 -1.62709004
v 0.34633329 -5.88514240 -0.34217001
v 0.31624796 -5.85502085 -0.34209530
v 0.31621512 -5.88517047 -0.34218416
v 0.34632037 -5.85506707 -0.34218879
v 0.66398276 -7.01244644 -1.03127479
v 0.69012661 -7.01240713 -1.03747950
v 0.66401702 -7.01244893 -1.03749266
v 0.69008156 -7.01244320 -1.03123662
v 0.66401771 -7.01246314 -1.03130337
v 0.66400490 -7.39985559 -1.03750630
v 0.66398140 -7.39982972 -1.03127054
v 0.66399431 -7.01238707 -1.03749007
v 0.69004643 -7.39987978 -1.03129815
v 0.66396724 -7.01241995 -1.03128322
v 0.66401207 -7.39990550 -1.03127638
v 0.69004426 -7.01246117 -1.03123338
v 0.69008700 -7.39986686 -1.03748417
v 0.69006331 -7.01244135 -1.03128047
v 0.69008195 -7.39988361 -1.03126691
v 0.69012861 -7.01244084 -1.03750720
v 0.69010522 -7.01246305 -1.03750607
v 0.66404060 -7.39987194 -1.03750550
v 0.66400365 -7.01241018 -1.03750325
v 0.69007548 -7.39982880 -1.03748645
v 0.69003481 -7.39988976 -1.03127720
v 0.66399027 -7.39984373 -1.03747913
v 0.69007171 -7.39986946 -1.03748027
v 0.66395988 -7.39986688 -1.03125924
v 0.95443480 -7.43108571 -1.62707073
v 0.92434404 -7.46125517 -1.62711129
v 0.92429201 -7.43111151 -1.62708698
v 0.95438772 -7.46120626 -1.62712767
v 0.95440482 -7.46124704 -1.62710562
v 0.95443320 -7.43114672 -0.34211165
v 0.95440543 -7.46117398 -0.34217859
v 0.95444492 -7.43108939 -1.62709997
v 0.95439535 -7.46123081 -0.34211752
v 0.92433249 -7.46120213 -1.62706275
v 0.95443678 -7.46122204 -1.62707613
v 0.92432902 -7.46119096 -0.34213505
v 0.92432717 -7.43108044 -0.34214536
v 0.92429055 -7.46122146 -1.62709283
v 0.92433831 -7.46120660 -0.34215617
v 0.92431896 -7.43110812 -1.62710560
v 0.92433154 -7.43112485 -0.34212240
v 0.95441887 -7.43109235 -1.62710357
v 0.92429967 -7.43111529 -1.62707669
v 0.95438962 -7.43109975 -0.34215926
v 0.95441532 -7.46118134 -0.34216050
v 0.92429805 -7.43113569 -0.34218574
v 0.92430875 -7.46123550 -0.34213045
v 0.95443064 -7.43112195 -0.34211366
v 0.38891778 -5.90007833 -0.72325790
v 0.73006384 -5.90007024 -1.06442837
v 0.38889657 -5.90007499 -1.06441057
v 0.73005159 -5.90007188 -0.72331049
v 0.73000957 -6.24120345 -0.72326732
v 0.38888824 -5.90007112 -0.72328550
v 0.38887832 -6.24115846 -0.72326627
v 0.73002169 -5.90011464 -0.72330260
v 0.73000128 -6.24118174 -1.06443733
v 0.73004996 -5.90006271 -0.72327838
v 0.73000847 -6.24119127 -0.72326869
v 0.73002731 -5.90008332 -1.06439124
v 0.73001931 -5.90008172 -1.06440460
v 0.38889989 -6.24115708 -1.06442727
v 0.38887723 -5.90006453 -1.06441381
v 0.73004395 -6.24116484 -1.06440137
v 0.38887299 -5.90008082 -0.72328647
v 0.38888396 -6.24117776 -1.06438391
v 0.38893913 -6.24119819 -0.72327586
v 0.38887666 -5.90009557 -1.06442240
v 0.72999184 -6.24117266 -0.72329932
v 0.38889027 -6.24119766 -1.06440197
v 0.73004413 -6.24116737 -1.06441794
v 0.38885929 -6.24120330 -0.72326543
v 0.95870021 -6.59496725 -1.51932886
v 0.31625900 -6.59497642 -1.54677632
v 0.95870105 -6.59498464 -1.54679385
v 0.31620792 -6.59496974 -1.51932898
v 0.95870713 -6.57961118 -1.54677502
v 0.31622376 -6.59499132 -1.54680024
v 0.31620297 -6.57955202 -1.54679106
v 0.95873390 -6.59497669 -1.54676801
v 0.95871341 -6.59496834 -1.54676841
v 0.95873057 -6.57955423 -1.51934273
v 0.95873598 -6.59493455 -1.51934668
v 0.95871570 -6.57959939 -1.54680112
v 0.95873440 -6.59498096 -1.51933275
v 0.31621256 -6.57953116 -1.51933695
v 0.31617285 -6.59496945 -1.51933084
v 0.95872649 -6.57955662 -1.51931253
v 0.31621883 -6.57960754 -1.51935377
v 0.31621794 -6.59497510 -1.54677813
v 0.31621950 -6.59492551 -1.51935520
v 0.31618743 -6.57959374 -1.54679591
v 0.31622418 -6.57957003 -1.54680052
v 0.95868945 -6.57957173 -1.51932658
v 0.95873746 -6.57953969 -1.54677107
v 0.31621994 -6.57958012 -1.51933324
v 0.95874541 -6.97543041 -1.51932398
v 0.31621343 -6.97542251 -1.54680567
v 0.95868573 -6.97545397 -1.54682853
v 0.31623194 -6.97538128 -1.51934458
v 0.95869624 -6.96007105 -1.54675205
v 0.31621533 -6.97540501 -1.54678588
v 0.31621840 -6.96011147 -1.54677813
v 0.95869329 -6.97545535 -1.54682030
v 0.95872635 -6.97538340 -1.54680204
v 0.95870756 -6.96008652 -1.51933044
v 0.95873461 -6.97543353 -1.51934872
v 0.95867457 -6.96006507 -1.54678477
v 0.95867435 -6.97545809 -1.51936137
v 0.31620375 -6.96009811 -1.51932317
v 0.31619284 -6.97544365 -1.51936267
v 0.95872829 -6.96008804 -1.51933985
v 0.31622531 -6.96007896 -1.51934303
v 0.31622962 -6.97542465 -1.54678318
v 0.31620507 -6.97542922 -1.51935560
v 0.31624567 -6.96007261 -1.54677596
v 0.31619953 -6.96008355 -1.54677078
v 0.95867130 -6.96008458 -1.51935382
v 0.95868890 -6.96006404 -1.54680306
v 0.31619094 -6.96005712 -1.51938053
v 0.92801792 -7.45103960 -1.32527834
v 0.34264400 -7.45105643 -1.54746420
v 0.34631911 -7.45106620 -1.55680828
v 0.92429450 -7.45105005 -1.31587250
v 0.92797296 -7.44101710 -1.32523252
v 0.34630789 -7.45105935 -1.55682992
v 0.34631343 -7.44103136 -1.55684545
v 0.92800420 -7.45105378 -1.32521787
v 0.92431613 -7.45105807 -1.31590843
v 0.34266299 -7.44103705 -1.54747398
v 0.34263904 -7.45107934 -1.54747776
v 0.92434926 -7.44100508 -1.31590606
v 0.34261893 -7.44105601 -1.54748012
v 0.92799914 -7.44106523 -1.32523763
v 0.34635382 -7.44102411 -1.55682506
v 0.92428892 -7.44100867 -1.31591162
v 0.92430165 -7.44099881 -1.31591823
v 0.34264455 -7.45106284 -1.08429831
v 0.34268213 -7.44102396 -1.08429535
v 0.92431197 -7.45109877 -1.31587234
v 0.92801142 -7.45103668 -1.30658130
v 0.34265199 -7.45102157 -1.08425902
v 0.92431559 -7.45105623 -1.31591709
v 0.34632612 -7.45107915 -1.07494551
v 0.34264022 -7.44102553 -1.08428947
v 0.92799276 -7.44100111 -1.30656223
v 0.92433013 -7.44104540 -1.31589673
v 0.34629871 -7.44104219 -1.07498403
v 0.92803734 -7.45108548 -1.30651674
v 0.34634482 -7.44101359 -1.07498383
v 0.34634814 -7.45102188 -1.07494695
v 0.92800419 -7.44102191 -1.30654368
v 0.92799904 -7.44102803 -0.84336269
v 0.34632341 -7.45104346 -1.07492266
v 0.34635130 -7.44103397 -1.07497213
v 0.92801850 -7.45108041 -0.84334114
v 0.34264471 -7.44102057 -1.06562037
v 0.92806593 -7.44102545 -0.84339384
v 0.34632185 -7.44100936 -1.07493146
v 0.92429200 -7.44103117 -0.83404364
v 0.92798727 -7.45103021 -0.84336236
v 0.34267951 -7.45107298 -1.06565316
v 0.34632946 -7.45107876 -1.07496345
v 0.92433684 -7.45110983 -0.83402296
v 0.92436021 -7.45108909 -0.83403196
v 0.34262350 -7.44104241 -1.06562702
v 0.34268832 -7.45102788 -1.06562702
v 0.92433613 -7.44108327 -0.83404651
v 0.92430855 -7.44101118 -0.83405583
v 0.34262982 -7.45108255 -0.60244008
v 0.34265702 -7.44103147 -0.60243215
v 0.92431092 -7.45107617 -0.83405389
v 0.92795039 -7.45105908 -0.82468927
v 0.34265968 -7.45100517 -0.60245997
v 0.92428612 -7.45102402 -0.83400510
v 0.34631363 -7.45106390 -0.59312396
v 0.34266061 -7.44103083 -0.60243575
v 0.92801684 -7.44098074 -0.82471317
v 0.92433069 -7.44100105 -0.83403368
v 0.34636561 -7.44101400 -0.59311029
v 0.92804153 -7.45107924 -0.82467847
v 0.34631471 -7.44101064 -0.59309574
v 0.34635122 -7.45103125 -0.59312774
v 0.92796870 -7.44101897 -0.82469723
v 0.92799391 -7.44096969 -0.36152049
v 0.34630297 -7.45107802 -0.59310315
v 0.34632861 -7.44099791 -0.59309412
v 0.92801552 -7.45104398 -0.36150556
v 0.34264641 -7.44098976 -0.58375091
v 0.92798058 -7.44101389 -0.36150074
v 0.34636190 -7.44101321 -0.59309468
v 0.92427192 -7.44102896 -0.35218408
v 0.92797366 -7.45106265 -0.36152889
v 0.34262388 -7.45105044 -0.58378956
v 0.34632216 -7.45104168 -0.59312732
v 0.92434421 -7.45105244 -0.35220224
v 0.92428262 -7.45106087 -0.35220008
v 0.34262344 -7.44105101 -0.58378651
v 0.34263865 -7.45105913 -0.58380232
v 0.92430254 -7.44103701 -0.35220056
v 0.79723270 -6.58774987 -1.51308142
v 0.82329102 -6.58774773 -1.51931285
v 0.79722988 -6.58779072 -1.51935732
v 0.82326905 -6.58774957 -1.51312169
v 0.79717127 -6.58774759 -1.51311810
v 0.79718517 -6.97002462 -1.51932776
v 0.79719503 -6.96998104 -1.51310590
v 0.79721271 -6.58778670 -1.51935919
v 0.82323442 -6.97001039 -1.51314698
v 0.79723835 -6.58774181 -1.51313313
v 0.79717824 -6.96996040 -1.51314670
v 0.82323041 -6.58777198 -1.51315887
v 0.82329156 -6.97002156 -1.51932902
v 0.82330643 -6.58777560 -1.51313031
v 0.82331514 -6.97000518 -1.51313331
v 0.82326720 -6.58777193 -1.51935710
v 0.82329650 -6.58772896 -1.51935943
v 0.79724792 -6.96996381 -1.51934675
v 0.79716886 -6.58777780 -1.51934434
v 0.82326871 -6.96996229 -1.51936767
v 0.82327145 -6.97000355 -1.51311002
v 0.79719954 -6.97000544 -1.51934048
v 0.82326394 -6.96998751 -1.51932818
v 0.79718579 -6.96998099 -1.51312066
v 0.34632804 -7.43108056 -1.62706718
v 0.31619684 -7.46122849 -1.62709266
v 0.31624926 -7.43109306 -1.62708984
v 0.34637384 -7.46122583 -1.62707385
v 0.34631596 -7.46121861 -1.62707522
v 0.34631510 -7.43111651 -0.34214821
v 0.34636294 -7.46125635 -0.34215819
v 0.34635197 -7.43114909 -1.62705409
v 0.34633411 -7.46117742 -0.34216583
v 0.31623125 -7.46123476 -1.62708882
v 0.34631459 -7.46123442 -1.62713204
v 0.31615218 -7.46122191 -0.34209435
v 0.31620706 -7.43111280 -0.34213480
v 0.31619891 -7.46123181 -1.62712222
v 0.31619333 -7.46119743 -0.34216376
v 0.31621775 -7.43110966 -1.62711370
v 0.31622008 -7.43108445 -0.34217176
v 0.34633810 -7.43108471 -1.62710155
v 0.31621166 -7.43110158 -1.62709054
v 0.34630621 -7.43111343 -0.34213644
v 0.34631419 -7.46122257 -0.34214694
v 0.31619655 -7.43109942 -0.34211713
v 0.31619626 -7.46123399 -0.34214883
v 0.34630450 -7.43111529 -0.34217740
v 0.82007445 -7.39987436 -1.03125311
v 0.79408291 -7.39988507 -1.03746310
v 0.82010838 -7.39989745 -1.03746980
v 0.79403998 -7.39986738 -1.03126488
v 0.82009368 -7.39990536 -1.03750610
v 0.82010051 -7.01761774 -1.03127362
v 0.82014546 -7.39986981 -1.03127503
v 0.82009626 -7.01767975 -1.03746031
v 0.82014291 -7.39988663 -1.03123343
v 0.79404402 -7.01763785 -1.03124657
v 0.79404568 -7.39989140 -1.03127893
v 0.82007764 -7.01763902 -1.03127162
v 0.79407173 -7.01762342 -1.03128729
v 0.79406282 -7.39987526 -1.03744992
v 0.79406492 -7.39988383 -1.03124866
v 0.79403736 -7.01765804 -1.03747850
v 0.82012677 -7.01761476 -1.03748436
v 0.79404666 -7.39986594 -1.03748530
v 0.79408018 -7.01766941 -1.03751107
v 0.82010879 -7.39985767 -1.03748571
v 0.47955815 -7.38722689 -0.78630722
v 0.49324792 -7.40533386 -1.03745123
v 0.49324729 -7.40532975 -1.03746828
v 0.47958072 -7.40535558 -1.03748343
v 0.47959167 -7.40536500 -1.03749950
v 0.49325087 -7.38726893 -0.78625962
v 0.47963136 -7.38919432 -0.78417817
v 0.47958494 -7.38914071 -0.78422033
v 0.47961538 -7.40741657 -1.06703170
v 0.47962561 -7.40741972 -1.06703090
v 0.47958816 -7.40740851 -1.03738325
v 0.47956873 -7.40536280 -1.03746665
v 0.47957188 -7.38722131 -0.78625972
v 0.47963028 -7.38719829 -0.78629855
v 0.47957195 -7.40537311 -1.06492901
v 0.47958469 -7.40535807 -1.06495344
v 0.49324829 -7.40538540 -1.06494025
v 0.49323749 -7.40533985 -1.06493312
v 0.49324077 -7.40536052 -1.03744094
v 0.49324285 -7.40741790 -1.06698494
v 0.49321549 -7.40739342 -1.06697704
v 0.49320240 -7.38914202 -0.78421396
v 0.49324384 -7.38916280 -0.78422010
v 0.49319088 -7.40742816 -1.03740254
v 0.49319674 -7.38725433 -0.78628826
v 0.49320637 -7.38725330 -0.78626983
v 0.49324437 -7.40534331 -1.06491471
v 0.47959894 -7.40536286 -1.06492464
v 0.49318372 -7.40739998 -1.03741820
v 0.49324693 -7.40744185 -1.03743206
v 0.47963661 -7.40738587 -1.06697360
v 0.49320319 -7.40743312 -1.06699304
v 0.47959086 -7.40738998 -1.03737557
v 0.47960585 -7.40743514 -1.03741998
v 0.49317258 -7.38916055 -0.78421825
v 0.47955997 -7.38916460 -0.78423207
v 0.47960917 -7.14136208 -0.78415996
v 0.47957115 -7.14135695 -0.78421794
v 0.47956141 -7.14220353 -0.78630586
v 0.47962304 -7.14225133 -0.78626730
v 0.47957818 -7.00753622 -1.06702282
v 0.47957839 -7.00751422 -1.06697313
v 0.47957027 -7.00948669 -1.06493439
v 0.47958558 -7.00950939 -1.06495838
v 0.47957728 -7.00948800 -1.06487664
v 0.49325257 -7.00752828 -1.06703134
v 0.49318330 -7.00749917 -1.06697739
v 0.49326505 -7.00949297 -1.06492016
v 0.49321282 -7.00945654 -1.06490852
v 0.49320349 -7.14137391 -0.78422978
v 0.49322262 -7.14140812 -0.78420396
v 0.49324596 -7.14221636 -0.78630969
v 0.49322132 -7.14227248 -0.78625937
v 0.49322901 -7.40537790 -1.06494837
v 0.47959948 -7.00952398 -1.06492708
v 0.47959522 -7.40536764 -1.06493438
v 0.49322217 -7.00947483 -1.06495553
v 0.49320808 -7.00750224 -1.06705976
v 0.47960857 -7.40737286 -1.06696250
v 0.47953645 -7.00752944 -1.06701736
v 0.49325155 -7.40738732 -1.06698134
v 0.49323609 -7.38920527 -0.78419913
v 0.47954038 -7.14136802 -0.78420386
v 0.47958351 -7.38916721 -0.78419277
v 0.49320334 -7.14136982 -0.78417676
v 0.47959595 -7.02058584 -0.89849189
v 0.47955938 -7.02055998 -0.89850048
v 0.47958827 -7.01866794 -0.89749148
v 0.47957467 -7.01867670 -0.89746368
v 0.47961689 -7.00546718 -1.03115430
v 0.47958597 -7.00542447 -1.03112262
v 0.49321599 -7.00549010 -1.03111791
v 0.49321505 -7.00544469 -1.03110590
v 0.49323132 -7.02058920 -0.89847994
v 0.49322703 -7.02059587 -0.89846286
v 0.49321821 -7.01867304 -0.89752003
v 0.49321558 -7.01869461 -0.89746734
v 0.49320281 -7.00757835 -1.03132008
v 0.49322618 -7.00756513 -1.03125608
v 0.47956737 -7.00946522 -1.06491262
v 0.49325561 -7.00949713 -1.06490419
v 0.47956979 -7.00755632 -1.03127628
v 0.47961741 -7.00754916 -1.03122886
v 0.47959604 -7.00546853 -1.03113077
v 0.47959334 -7.00548787 -1.03115236
v 0.49320877 -7.00752726 -1.06701438
v 0.47963464 -7.00752330 -1.06700965
v 0.49324750 -7.00545282 -1.03114496
v 0.49323880 -7.00545038 -1.03114717
v 0.49321739 -7.14136202 -0.78418850
v 0.47957151 -7.01863548 -0.89747184
v 0.47956782 -7.14138262 -0.78416843
v 0.49322883 -7.01870221 -0.89751050
v 0.47962014 -7.00755965 -1.03126744
v 0.49319511 -7.02055749 -0.89849397
v 0.47957445 -7.14224624 -0.78621787
v 0.47958811 -7.02058269 -0.89852246
v 0.49320668 -7.14228380 -0.78626224
v 0.49320556 -7.00756824 -1.03126844
v 0.49322810 -7.02054629 -0.89849102
v 0.47961025 -7.02060619 -0.89851299
v 0.47957204 -7.01866273 -0.89747820
v 0.49324305 -7.01864158 -0.89749595
v 0.92516022 -7.01316513 -1.03130002
v 0.95121348 -7.01321591 -1.03747059
v 0.92515332 -7.01320727 -1.03747272
v 0.95122034 -7.01316717 -1.03127541
v 0.92516095 -7.01321846 -1.03126141
v 0.92514563 -7.39991812 -1.03752283
v 0.92513279 -7.39986467 -1.03131694
v 0.92517920 -7.01319223 -1.03747868
v 0.95124430 -7.39989867 -1.03127181
v 0.92515067 -7.01320119 -1.03125271
v 0.92515646 -7.39986528 -1.03125263
v 0.95123668 -7.01317178 -1.03129545
v 0.95119976 -7.39985022 -1.03749190
v 0.95124209 -7.01316478 -1.03126325
v 0.95124547 -7.39990779 -1.03129956
v 0.95120304 -7.01320160 -1.03753997
v 0.95121932 -7.01322846 -1.03746221
v 0.92516315 -7.39987110 -1.03752555
v 0.92514534 -7.01315707 -1.03749913
v 0.95124655 -7.39990075 -1.03748704
v 0.95128518 -7.39986712 -1.03124279
v 0.92515276 -7.39991473 -1.03751508
v 0.95124594 -7.39987511 -1.03745231
v 0.92514353 -7.39987391 -1.03128621
v 0.66717500 -6.58260355 -1.51312696
v 0.69320595 -6.58256139 -1.51931806
v 0.66716901 -6.58254506 -1.51935710
v 0.69316741 -6.58258290 -1.51312211
v 0.66713540 -6.58255058 -1.51316753
v 0.66715726 -6.96997063 -1.51932922
v 0.66714230 -6.96998473 -1.51313064
v 0.66714717 -6.58253431 -1.51933176
v 0.69318279 -6.97001323 -1.51309446
v 0.66715816 -6.58251585 -1.51311150
v 0.66718113 -6.97003534 -1.51313807
v 0.69325767 -6.58252895 -1.51312353
v 0.69321077 -6.97001877 -1.51934595
v 0.69322279 -6.58257977 -1.51314879
v 0.69323733 -6.96997202 -1.51311881
v 0.69322762 -6.58252910 -1.51936591
v 0.69322159 -6.58256717 -1.51935127
v 0.66713993 -6.96997779 -1.51932731
v 0.66715564 -6.58252552 -1.51937222
v 0.69322105 -6.97001961 -1.51930387
v 0.69322122 -6.96999266 -1.51313540
v 0.66718438 -6.96998756 -1.51932958
v 0.69322849 -6.96998084 -1.51932899
v 0.66717406 -6.97003021 -1.51310141
v 0.95873694 -6.79108669 -1.51934602
v 0.31621433 -6.79112476 -1.54679599
v 0.95875665 -6.79110412 -1.54679826
v 0.31621982 -6.79110418 -1.51936278
v 0.95872414 -6.77575685 -1.54678504
v 0.31623922 -6.79109572 -1.54675647
v 0.31622522 -6.77576187 -1.54680193
v 0.95871546 -6.79112378 -1.54677649
v 0.95874593 -6.79110620 -1.54678884
v 0.95875480 -6.77572840 -1.51932750
v 0.95873440 -6.79109780 -1.51930589
v 0.95873379 -6.77579830 -1.54676994
v 0.95872227 -6.79113423 -1.51931523
v 0.31621239 -6.77575958 -1.51938455
v 0.31621309 -6.79110144 -1.51932641
v 0.95871879 -6.77574807 -1.51935642
v 0.31620672 -6.77573551 -1.51937625
v 0.31620246 -6.79110170 -1.54678649
v 0.31622806 -6.79106238 -1.51934678
v 0.31620837 -6.77575610 -1.54683164
v 0.31623946 -6.77574039 -1.54677038
v 0.95871423 -6.77572914 -1.51934490
v 0.95872869 -6.77576090 -1.54676007
v 0.31618860 -6.77573242 -1.51933413
v 0.54766205 -6.57764284 -1.51314278
v 0.57370204 -6.57764318 -1.51934282
v 0.54762362 -6.57764367 -1.51937975
v 0.57370511 -6.57764114 -1.51308552
v 0.54767832 -6.57761079 -1.51311119
v 0.54764340 -6.97003585 -1.51934725
v 0.54763521 -6.97001509 -1.51310829
v 0.54763866 -6.57765422 -1.51937533
v 0.57374318 -6.96997828 -1.51312870
v 0.54765346 -6.57763947 -1.51311165
v 0.54765134 -6.97000873 -1.51314088
v 0.57368616 -6.57764463 -1.51310289
v 0.57367518 -6.96998933 -1.51933017
v 0.57370025 -6.57767133 -1.51314081
v 0.57370044 -6.96998715 -1.51311693
v 0.57370735 -6.57762468 -1.51935762
v 0.57371424 -6.57761323 -1.51934687
v 0.54764241 -6.97002855 -1.51934414
v 0.54765447 -6.57764758 -1.51930845
v 0.57372749 -6.96999768 -1.51931958
v 0.57374000 -6.96997242 -1.51314905
v 0.54762903 -6.96999884 -1.51935587
v 0.57375591 -6.97003991 -1.51933570
v 0.54761233 -6.97002271 -1.51309981
v 0.33156732 -5.89342206 -0.58306409
v 0.31620320 -5.88514464 -0.58306119
v 0.31621360 -5.89343245 -0.58306968
v 0.33159052 -5.88516081 -0.58307603
v 0.33154117 -7.42281552 -0.58308780
v 0.31623344 -5.89341331 -0.58304682
v 0.31622264 -7.42285351 -0.58302360
v 0.33159673 -5.89342423 -0.58308858
v 0.33154712 -5.89339102 -0.60315713
v 0.33157720 -5.89340610 -0.60314534
v 0.33158158 -5.88516001 -0.58305849
v 0.33159224 -5.89342654 -0.58306662
v 0.33156271 -5.89341861 -0.58304501
v 0.33157827 -5.88516504 -0.60315334
v 0.31619054 -5.88516299 -0.58304636
v 0.31624731 -5.89346197 -0.60313650
v 0.31621823 -5.89346101 -0.60314299
v 0.31622179 -5.89341053 -0.58310134
v 0.31620310 -5.89341522 -0.58310879
v 0.31624564 -5.88514968 -0.60316231
v 0.33159896 -7.43107614 -0.58308239
v 0.31619337 -7.42281748 -0.58301537
v 0.31621887 -7.43110990 -0.58309821
v 0.33158684 -7.42286169 -0.58306062
v 0.33158110 -7.42282902 -0.60315881
v 0.33161493 -7.42283275 -0.60311354
v 0.33158330 -7.42280479 -0.58308408
v 0.33158112 -7.42283311 -0.58307850
v 0.31618742 -7.42283188 -0.60310514
v 0.31625265 -7.42283719 -0.60311118
v 0.31621760 -7.42285162 -0.58307540
v 0.31622458 -7.42281784 -0.58306980
v 0.33157064 -5.88514381 -0.60314930
v 0.31619171 -5.89342732 -0.60315199
v 0.31620386 -5.88514761 -0.60314896
v 0.33155614 -5.89339675 -0.60316042
v 0.31621884 -7.43110465 -0.60316920
v 0.31622548 -7.43109694 -0.58305844
v 0.33161121 -7.43110065 -0.60315764
v 0.33150804 -7.43109068 -0.58308848
v 0.33155382 -5.89343689 -0.60314240
v 0.31620758 -7.42283990 -0.60315998
v 0.31621279 -5.89343154 -0.60316780
v 0.33154672 -7.42281411 -0.60314285
v 0.33156903 -7.42284873 -0.60311625
v 0.31620466 -7.43108781 -0.60317929
v 0.31623669 -7.42281942 -0.60317231
v 0.33157162 -7.43112446 -0.60316023
v 0.95868569 -7.19160966 -1.51931818
v 0.31619930 -7.19162217 -1.54677896
v 0.95867492 -7.19161110 -1.54679596
v 0.31621399 -7.19167278 -1.51936332
v 0.95870614 -7.17620435 -1.54681441
v 0.31618435 -7.19162078 -1.54679705
v 0.31621837 -7.17623754 -1.54678462
v 0.95869094 -7.19161292 -1.54676659
v 0.95870033 -7.19162480 -1.54675579
v 0.95869461 -7.17624420 -1.51937533
v 0.95869461 -7.19161681 -1.51935060
v 0.95875980 -7.17623894 -1.54680667
v 0.95871018 -7.19158919 -1.51935036
v 0.31621628 -7.17621718 -1.51934994
v 0.31621176 -7.19163975 -1.51939529
v 0.95870323 -7.17620231 -1.51934182
v 0.31619026 -7.17622734 -1.51931291
v 0.31619155 -7.19161297 -1.54678423
v 0.31623223 -7.19162812 -1.51931525
v 0.31620305 -7.17620574 -1.54676331
v 0.31625013 -7.17618282 -1.51936130
v 0.95874439 -7.17625365 -1.54679721
v 0.31621910 -7.17624927 -1.54678439
v 0.95872399 -7.17620195 -1.51934384
v 0.95445314 -5.85503740 -1.62707761
v 0.92433579 -5.88511752 -1.62709789
v 0.92432615 -5.85504051 -1.62709956
v 0.95440816 -5.88513591 -1.62711614
v 0.95440000 -5.88516100 -0.34215722
v 0.92436331 -5.88515184 -1.62704808
v 0.95439584 -5.88517293 -1.62706643
v 0.92430031 -5.88517207 -0.34213390
v 0.92429883 -5.85505486 -0.34212867
v 0.92430783 -5.88515448 -1.62707094
v 0.92434086 -5.88513894 -0.34210230
v 0.92430612 -5.85505836 -1.62705642
v 0.92432217 -5.85504537 -0.34219137
v 0.95444920 -5.85502010 -1.62711129
v 0.92432256 -5.85501840 -1.62712450
v 0.95444255 -5.85503484 -0.34216491
v 0.95441765 -5.88516634 -1.62711067
v 0.95441870 -5.85508048 -0.34214925
v 0.95446532 -5.88515002 -0.34216040
v 0.95443656 -5.85502427 -1.62708496
v 0.95444977 -5.88517899 -0.34212343
v 0.92428848 -5.85503612 -0.34217982
v 0.92431946 -5.88519466 -0.34214129
v 0.95448799 -5.85507793 -0.34214305
v 0.42149123 -6.60381934 -0.72326191
v 0.41310705 -6.94480781 -1.06440591
v 0.41315213 -6.94484414 -0.72325704
v 0.42145740 -6.60379861 -1.06442983
v 0.42149454 -6.60380279 -1.06440122
v 0.75419129 -6.95317902 -1.06444552
v 0.41316048 -6.94483555 -1.06441050
v 0.76249211 -6.61216497 -1.06440619
v 0.75418186 -6.95318459 -0.72325068
v 0.41311456 -6.94487052 -1.06445819
v 0.75417783 -6.95317703 -1.06441251
v 0.41314026 -6.94488661 -0.72326468
v 0.75416564 -6.95315091 -0.72330184
v 0.42146302 -6.60381077 -0.72331507
v 0.41312012 -6.94481221 -0.72326547
v 0.76251325 -6.61212699 -0.72326608
v 0.42149269 -6.60382998 -1.06438869
v 0.76248591 -6.61213837 -0.72325428
v 0.76252288 -6.61212057 -1.06441081
v 0.42149437 -6.60383673 -0.72328505
v 0.75418567 -6.95317538 -1.06440974
v 0.76252842 -6.61213782 -0.72327995
v 0.75418055 -6.95322160 -0.72325658
v 0.76251615 -6.61212943 -1.06440350
v 0.34265900 -5.86527444 -1.54751824
v 0.92799324 -5.86524973 -1.32524652
v 0.34632262 -5.86525403 -1.55680611
v 0.92432295 -5.86520148 -1.31591914
v 0.92435970 -5.87528719 -1.31589315
v 0.34269106 -5.86521209 -1.54751921
v 0.34266746 -5.87524210 -1.54747635
v 0.92432829 -5.86525637 -1.31589805
v 0.92798498 -5.86526447 -1.32525243
v 0.34632097 -5.87529341 -1.55684146
v 0.34631553 -5.86520567 -1.55679348
v 0.92804775 -5.87529181 -1.32522736
v 0.92799821 -5.87528734 -1.32525217
v 0.34266867 -5.87525440 -1.54744165
v 0.34630634 -5.87524456 -1.55683609
v 0.92429153 -5.87525599 -1.31589861
v 0.92434914 -5.86527464 -1.31587240
v 0.34262815 -5.87529108 -1.08435088
v 0.34266194 -5.86524421 -1.08427940
v 0.92431993 -5.87529632 -1.31591974
v 0.92797139 -5.87530390 -1.30654756
v 0.34262514 -5.87528845 -1.08430633
v 0.92430802 -5.87527374 -1.31588221
v 0.34634107 -5.87529912 -1.07496809
v 0.34261683 -5.86524208 -1.08429708
v 0.92798799 -5.86522615 -1.30652819
v 0.92434427 -5.86528303 -1.31591214
v 0.34632780 -5.86521267 -1.07497619
v 0.92803303 -5.87526206 -1.30657751
v 0.34631165 -5.86525230 -1.07500347
v 0.34632458 -5.87524509 -1.07495869
v 0.92802173 -5.86524878 -1.30657622
v 0.92798662 -5.86525516 -0.84333876
v 0.34632444 -5.87525332 -1.07496083
v 0.34631843 -5.86521365 -1.07495540
v 0.92800381 -5.87527560 -0.84337522
v 0.34266111 -5.86519817 -1.06563514
v 0.92798589 -5.86526032 -0.84338373
v 0.34633829 -5.86519669 -1.07499141
v 0.92426904 -5.86524728 -0.83404444
v 0.92797997 -5.87522609 -0.84344307
v 0.34262469 -5.87528691 -1.06561950
v 0.34634749 -5.87527418 -1.07495511
v 0.92430694 -5.87531161 -0.83403860
v 0.92429017 -5.87532463 -0.83405729
v 0.34263994 -5.86523619 -1.06562912
v 0.34265133 -5.87524138 -1.06562326
v 0.92431959 -5.86520436 -0.83401364
v 0.92429597 -5.86522710 -0.83405577
v 0.34264988 -5.87524230 -0.60244962
v 0.34264133 -5.86526420 -0.60244394
v 0.92431202 -5.87525734 -0.83402272
v 0.92801232 -5.87524983 -0.82470704
v 0.34267855 -5.87531117 -0.60242744
v 0.92429078 -5.87531338 -0.83404345
v 0.34632439 -5.87525558 -0.59313012
v 0.34262290 -5.86523281 -0.60244200
v 0.92797757 -5.86523289 -0.82472978
v 0.92431669 -5.86523626 -0.83409256
v 0.34634083 -5.86523972 -0.59313463
v 0.92803618 -5.87526516 -0.82471358
v 0.34631727 -5.86522998 -0.59309486
v 0.34633333 -5.87526311 -0.59313393
v 0.92799098 -5.86521329 -0.82470144
v 0.92800867 -5.86524173 -0.36149513
v 0.34631647 -5.87529263 -0.59314182
v 0.34633698 -5.86523852 -0.59309521
v 0.92798538 -5.87530931 -0.36152235
v 0.34262960 -5.86524973 -0.58375251
v 0.92800537 -5.86524555 -0.36152411
v 0.34630476 -5.86526518 -0.59310150
v 0.92433878 -5.86522699 -0.35220699
v 0.92799285 -5.87527736 -0.36152461
v 0.34262014 -5.87526527 -0.58377962
v 0.34630630 -5.87531527 -0.59313973
v 0.92429700 -5.87527039 -0.35216763
v 0.92428025 -5.87526089 -0.35216716
v 0.34263252 -5.86525222 -0.58373514
v 0.34264370 -5.87526241 -0.58378296
v 0.92430756 -5.86526764 -0.35218915
v 0.44043101 -6.58777650 -1.51311730
v 0.46651391 -6.58770918 -1.51934567
v 0.44047400 -6.58774779 -1.51937157
v 0.46647732 -6.58779206 -1.51313213
v 0.44047971 -6.58776977 -1.51312448
v 0.44046011 -6.96994228 -1.51935200
v 0.44044523 -6.97000071 -1.51312500
v 0.44040665 -6.58775624 -1.51935306
v 0.46652255 -6.97002068 -1.51311043
v 0.44047939 -6.58774392 -1.51310893
v 0.44043730 -6.97001821 -1.51314108
v 0.46654100 -6.58773541 -1.51310824
v 0.46652949 -6.96999327 -1.51932227
v 0.46651086 -6.58776349 -1.51311925
v 0.46655974 -6.96998587 -1.51312846
v 0.46651515 -6.58775267 -1.51939899
v 0.46654133 -6.58774523 -1.51935837
v 0.44046381 -6.96999805 -1.51936233
v 0.44048613 -6.58775197 -1.51936246
v 0.46657274 -6.97000037 -1.51935459
v 0.46654202 -6.96998015 -1.51312097
v 0.44039378 -6.97000057 -1.51934168
v 0.46652358 -6.96998594 -1.51933469
v 0.44045131 -6.97003096 -1.51311316
v 0.33156442 -5.89342120 -1.06490345
v 0.31623174 -5.88515336 -1.06494785
v 0.31619506 -5.89345273 -1.06494047
v 0.33160821 -5.88515954 -1.06492917
v 0.33157130 -7.42282202 -1.06490294
v 0.31620887 -7.42281707 -1.06486163
v 0.33151552 -5.89343127 -1.06493006
v 0.33157056 -5.89342044 -1.08502133
v 0.33163773 -5.89343121 -1.08500229
v 0.33156504 -5.88514595 -1.06491703
v 0.33157651 -5.89339414 -1.06493152
v 0.33159163 -5.89345647 -1.06490649
v 0.33158149 -5.88514501 -1.08500412
v 0.31620633 -5.88520809 -1.06494073
v 0.31620795 -5.89344127 -1.08499817
v 0.31620537 -5.89341306 -1.08501993
v 0.31622331 -5.89342283 -1.06493194
v 0.31618918 -5.89339660 -1.06493657
v 0.31618682 -5.88512858 -1.08502541
v 0.33155060 -7.43109881 -1.06495958
v 0.31619904 -7.42287335 -1.06496965
v 0.31621311 -7.43110684 -1.06490157
v 0.33160878 -7.42282857 -1.06491976
v 0.33154417 -7.42284429 -1.08500526
v 0.33159104 -7.42282129 -1.08501103
v 0.33156579 -7.42285216 -1.06495911
v 0.31619380 -7.42283589 -1.08500260
v 0.31620864 -7.42282823 -1.08496835
v 0.31621804 -7.42284109 -1.06493105
v 0.31616986 -7.42282245 -1.06492369
v 0.33157510 -5.88517668 -1.08502459
v 0.31618291 -5.89342378 -1.08494579
v 0.31622300 -5.88511340 -1.08502452
v 0.33157306 -5.89340256 -1.08498109
v 0.31617530 -7.43111209 -1.08498623
v 0.31624891 -7.43111717 -1.06494601
v 0.33153883 -7.43110517 -1.08502351
v 0.33160656 -7.43107188 -1.06492456
v 0.33159882 -5.89340849 -1.08500604
v 0.31622912 -7.42281852 -1.08500684
v 0.31619981 -5.89342950 -1.08500253
v 0.33159884 -7.42284803 -1.08501081
v 0.33159566 -7.42284529 -1.08498698
v 0.31619118 -7.43110917 -1.08501258
v 0.31624449 -7.42283255 -1.08503441
v 0.33154278 -7.43105920 -1.08499573
v 0.57054929 -7.39986346 -1.03128584
v 0.54449800 -7.39989527 -1.03748093
v 0.57053346 -7.39987325 -1.03746103
v 0.54448584 -7.39986884 -1.03128761
v 0.57055353 -7.39987731 -1.03746571
v 0.57056056 -7.00756933 -1.03129596
v 0.57055611 -7.39990665 -1.03125385
v 0.57052055 -7.00755363 -1.03748909
v 0.57055280 -7.39988220 -1.03125748
v 0.54449643 -7.00758759 -1.03124846
v 0.54446759 -7.39988669 -1.03125873
v 0.57055647 -7.00757836 -1.03128717
v 0.54447934 -7.00752712 -1.03130007
v 0.54451240 -7.39991036 -1.03749514
v 0.54450030 -7.39989855 -1.03127326
v 0.54448326 -7.00757929 -1.03744825
v 0.57055532 -7.00752538 -1.03752957
v 0.54451311 -7.39988200 -1.03748657
v 0.54451384 -7.00753894 -1.03745686
v 0.57057693 -7.39988701 -1.03749337
v 0.35993754 -6.26026074 -0.72325317
v 0.70075702 -6.24491360 -1.06442544
v 0.35993163 -6.26024439 -1.06442145
v 0.70075085 -6.24490676 -0.72330889
v 0.37528262 -6.60102023 -0.72326838
v 0.70071696 -6.24491547 -0.72328201
v 0.35995970 -6.26022784 -0.72326002
v 0.71610384 -6.58569826 -0.72326257
v 0.71609202 -6.58572648 -1.06442766
v 0.70073912 -6.24492763 -0.72324022
v 0.71607285 -6.58573500 -0.72331068
v 0.70079716 -6.24492090 -1.06439500
v 0.70075413 -6.24488236 -1.06441782
v 0.37522941 -6.60105063 -1.06442132
v 0.35993617 -6.26022222 -1.06442700
v 0.71611250 -6.58572214 -1.06440798
v 0.35991617 -6.26021396 -0.72330919
v 0.37528310 -6.60102715 -1.06444456
v 0.37526184 -6.60101459 -0.72328948
v 0.35996104 -6.26024593 -1.06441062
v 0.71605844 -6.58569146 -1.06442620
v 0.37525446 -6.60101745 -0.72325329
v 0.37526617 -6.60102586 -1.06442456
v 0.71609264 -6.58572307 -0.72329278
v 0.33155460 -5.89340728 -1.54679027
v 0.31623229 -5.88516214 -1.54678603
v 0.31619383 -5.89342727 -1.54681976
v 0.33157249 -5.88517930 -1.54678559
v 0.33157279 -7.42282236 -1.54678785
v 0.31620349 -5.89337680 -1.54675778
v 0.31622164 -7.42285655 -1.54677522
v 0.33155037 -5.89340463 -1.54679263
v 0.33156705 -5.89338738 -1.56683592
v 0.33158016 -5.88516257 -1.54681209
v 0.33159059 -5.89342569 -1.54678726
v 0.33152573 -5.89344836 -1.54682937
v 0.33157128 -5.88516003 -1.56690335
v 0.31621211 -5.88517680 -1.54683897
v 0.31622456 -5.89338348 -1.56687789
v 0.31622684 -5.89342541 -1.56687267
v 0.31625941 -5.89345014 -1.54677198
v 0.31618534 -5.89344849 -1.54677083
v 0.31619190 -5.88515784 -1.56687556
v 0.33157452 -7.43111734 -1.54677537
v 0.31619337 -7.42283522 -1.54679345
v 0.31618892 -7.43113132 -1.54679925
v 0.33151851 -7.42278459 -1.54676602
v 0.33157905 -7.42279755 -1.56691081
v 0.33158495 -7.42286852 -1.56685579
v 0.33156847 -7.42286963 -1.54677143
v 0.31623780 -7.42282861 -1.56685912
v 0.31621692 -7.42286331 -1.56686417
v 0.31622867 -7.42282796 -1.54675206
v 0.31621757 -7.42285403 -1.54677685
v 0.33158390 -5.88516760 -1.56685087
v 0.31623106 -5.89343732 -1.56684642
v 0.31623529 -5.88518309 -1.56686444
v 0.33158654 -5.89342253 -1.56684690
v 0.31620369 -7.43112861 -1.56686021
v 0.31617080 -7.43109575 -1.54675351
v 0.33157819 -7.43111062 -1.56687622
v 0.33156906 -7.43105707 -1.54676873
v 0.33156739 -5.89343240 -1.56685944
v 0.31625337 -7.42285629 -1.56687789
v 0.31620189 -5.89342603 -1.56685670
v 0.33161183 -7.42281947 -1.56689847
v 0.33153994 -7.42283975 -1.56686182
v 0.31622166 -7.43111603 -1.56686846
v 0.31618842 -7.42285649 -1.56686456
v 0.33159121 -7.43112959 -1.56683977
vt 0.69330001 0.00840002
vt 0.47610000 0.33109999
vt 0.69330001 0.33109999
vt 0.47610000 0.00840002
vt 0.69330001 0.36589998
vt 0.47610000 0.33109999
vt 0.47610000 0.36589998
vt 0.69330001 0.33109999
vt 0.71069998 0.33109999
vt 0.69330001 0.00840002
vt 0.69330001 0.33109999
vt 0.71068579 0.00840062
vt 0.69330001 0.33120000
vt 0.47610000 0.36600000
vt 0.47610000 0.33120000
vt 0.69330001 0.36600000
vt 0.71068579 0.00839943
vt 0.69330001 0.33109999
vt 0.71069998 0.33109999
vt 0.69330001 0.00840002
vt 0.47610000 0.00889999
vt 0.69330001 0.33120000
vt 0.47610000 0.33120000
vt 0.69330001 0.00889999
vt 0.50690001 0.43419999
vt 0.48789999 0.45289999
vt 0.48789999 0.43419999
vt 0.50690001 0.45289999
vt 0.53170002 0.43419999
vt 0.94919997 -0.49020004
vt 0.50690001 0.45289999
vt 0.50690001 0.43419999
vt 0.96329719 -0.49020004
vt 0.53170002 0.45289999
vt 0.53170002 0.43199998
vt 0.50690001 0.41149998
vt 0.98809719 -0.49020004
vt 0.53170002 0.41149998
vt 0.97399998 -0.49020004
vt 0.50690001 0.43199998
vt 0.96329999 1.65059996
vt 0.97399998 -0.49020004
vt 0.97399998 1.65059996
vt 0.96329999 -0.49020004
vt 0.94919997 1.65059996
vt 0.53170002 0.43419999
vt 0.96329999 1.65059996
vt 0.50690001 0.43419999
vt 0.50690001 0.45459998
vt 0.48789999 0.43419999
vt 0.48789999 0.45459998
vt 0.50690001 0.43419999
vt 0.98809999 1.65059996
vt 0.50690001 0.41149998
vt 0.97399998 1.65059996
vt 0.53170002 0.41149998
vt 0.50690001 0.45289999
vt 0.48789999 0.43419999
vt 0.48789999 0.45289999
vt 0.50690001 0.43419999
vt 0.99879998 -0.49020004
vt 0.98809999 1.65059996
vt 0.98809999 -0.49020004
vt 0.99879998 1.65059996
vt 0.53170002 0.45289999
vt 0.50690001 0.45289999
vt 0.50690001 0.43199998
vt 0.53170002 0.43199998
vt 0.50690001 0.43419999
vt 0.48789999 0.45459998
vt 0.48789999 0.43419999
vt 0.50690001 0.45459998
vt 0.50690001 0.43419999
vt 0.48789999 0.45289999
vt 0.48789999 0.43419999
vt 0.50690001 0.45289999
vt 0.53170002 0.43419999
vt 0.94919997 -0.49020004
vt 0.50690001 0.45289999
vt 0.50690001 0.43419999
vt 0.96329719 -0.49020004
vt 0.53170002 0.45289999
vt 0.53170002 0.43199998
vt 0.50690001 0.41149998
vt 0.98809719 -0.49020004
vt 0.53170002 0.41149998
vt 0.97399998 -0.49020004
vt 0.50690001 0.43199998
vt 0.96329999 1.65059996
vt 0.97399998 -0.49020004
vt 0.97399998 1.65059996
vt 0.96329999 -0.49020004
vt 0.94919997 1.65059996
vt 0.53170002 0.43419999
vt 0.96329999 1.65059996
vt 0.50690001 0.43419999
vt 0.50690001 0.45459998
vt 0.48789999 0.43419999
vt 0.48789999 0.45459998
vt 0.50690001 0.43419999
vt 0.98809999 1.65059996
vt 0.50690001 0.41149998
vt 0.97399998 1.65059996
vt 0.53170002 0.41149998
vt 0.50690001 0.45289999
vt 0.48789999 0.43419999
vt 0.48789999 0.45289999
vt 0.50690001 0.43419999
vt 0.99879998 -0.49020004
vt 0.98809999 1.65059996
vt 0.98809999 -0.49020004
vt 0.99879998 1.65059996
vt 0.53170002 0.45289999
vt 0.50690001 0.45289999
vt 0.50690001 0.43199998
vt 0.53170002 0.43199998
vt 0.50690001 0.43419999
vt 0.48789999 0.45459998
vt 0.48789999 0.43419999
vt 0.50690001 0.45459998
vt 0.50690001 0.43419999
vt 0.48789999 0.45289999
vt 0.48789999 0.43419999
vt 0.50690001 0.45289999
vt 0.53170002 0.43419999
vt 0.94919997 -0.49020004
vt 0.50690001 0.45289999
vt 0.50690001 0.43419999
vt 0.96329999 -0.49020004
vt 0.53170002 0.45289999
vt 0.53170002 0.43199998
vt 0.50690001 0.41149998
vt 0.98809999 -0.49020004
vt 0.53170002 0.41149998
vt 0.97399998 -0.49020004
vt 0.50690001 0.43199998
vt 0.96329999 1.65059996
vt 0.97399998 -0.49020004
vt 0.97399998 1.65059996
vt 0.96329999 -0.49020004
vt 0.94920021 1.65059996
vt 0.53170002 0.43419999
vt 0.96329999 1.65059996
vt 0.50690001 0.43419999
vt 0.50690001 0.45459998
vt 0.48789999 0.43419999
vt 0.48789999 0.45459998
vt 0.50690001 0.43419999
vt 0.98809999 1.65059996
vt 0.50690001 0.41149998
vt 0.97400022 1.65059996
vt 0.53170002 0.41149998
vt 0.50690001 0.45289999
vt 0.48789999 0.43419999
vt 0.48789999 0.45289999
vt 0.50690001 0.43419999
vt 0.99879998 -0.49020004
vt 0.98809999 1.65059996
vt 0.98809999 -0.49020004
vt 0.99879998 1.65059996
vt 0.53170002 0.45289999
vt 0.50690001 0.45289999
vt 0.50690001 0.43199998
vt 0.53170002 0.43199998
vt 0.50690001 0.43419999
vt 0.48789999 0.45459998
vt 0.48789999 0.43419999
vt 0.50690001 0.45459998
vt 0.50690001 0.43419999
vt 0.48789999 0.45289999
vt 0.48789999 0.43419999
vt 0.50690001 0.45289999
vt 0.53170002 0.43419999
vt 0.94919997 -0.49020004
vt 0.50690001 0.45289999
vt 0.50690001 0.43419999
vt 0.96329999 -0.49020004
vt 0.53170002 0.45289999
vt 0.53170002 0.43199998
vt 0.50690001 0.41149998
vt 0.98809999 -0.49020004
vt 0.53170002 0.41149998
vt 0.97399998 -0.49020004
vt 0.50690001 0.43199998
vt 0.96329999 1.65059996
vt 0.97399998 -0.49020004
vt 0.97399998 1.65059996
vt 0.96329999 -0.49020004
vt 0.94920021 1.65059996
vt 0.53170002 0.43419999
vt 0.96329999 1.65059996
vt 0.50690001 0.43419999
vt 0.50690001 0.45459998
vt 0.48789999 0.43419999
vt 0.48789999 0.45459998
vt 0.50690001 0.43419999
vt 0.98809999 1.65059996
vt 0.50690001 0.41149998
vt 0.97400022 1.65059996
vt 0.53170002 0.41149998
vt 0.50690001 0.45289999
vt 0.48789999 0.43419999
vt 0.48789999 0.45289999
vt 0.50690001 0.43419999
vt 0.99879998 -0.49020004
vt 0.98809999 1.65059996
vt 0.98809999 -0.49020004
vt 0.99879998 1.65059996
vt 0.53170002 0.45289999
vt 0.50690001 0.45289999
vt 0.50690001 0.43199998
vt 0.53170002 0.43199998
vt 0.50690001 0.43419999
vt 0.48789999 0.45459998
vt 0.48789999 0.43419999
vt 0.50690001 0.45459998
vt 0.77038139 0.25039929
vt 0.71230000 0.13340002
vt 0.77039999 0.13340002
vt 0.71230000 0.25040001
vt 0.77039999 0.13340002
vt 0.71230000 0.00809997
vt 0.77039999 0.00809997
vt 0.71230000 0.13340002
vt 0.77109998 0.25340003
vt 0.71230000 0.37870002
vt 0.71230000 0.25340003
vt 0.77109998 0.37870002
vt 0.71230000 0.13340002
vt 0.77039999 0.00809997
vt 0.77039999 0.13340002
vt 0.71230000 0.00809997
vt 0.77109998 0.37870002
vt 0.71230000 0.25340003
vt 0.77109998 0.25340003
vt 0.71230000 0.37870002
vt 0.77038139 0.25039929
vt 0.71230000 0.13340002
vt 0.77039999 0.13340002
vt 0.71230000 0.25040001
vt 0.77039999 0.13340002
vt 0.71230000 0.00809997
vt 0.77039999 0.00809997
vt 0.71230000 0.13340002
vt 0.77109998 0.25340003
vt 0.71230000 0.37870002
vt 0.71230000 0.25340003
vt 0.77109998 0.37870002
vt 0.71230000 0.13340002
vt 0.77039999 0.00809997
vt 0.77039999 0.13340002
vt 0.71230000 0.00809997
vt 0.77109998 0.37870002
vt 0.71230000 0.25340003
vt 0.77109998 0.25340003
vt 0.71230000 0.37870002
vt 0.85699999 0.98570001
vt 0.84560031 0.45480001
vt 0.84560001 0.98570001
vt 0.85699999 0.45480001
vt 0.87470001 0.98570001
vt 0.88099998 0.45480001
vt 0.87470001 0.45480001
vt 0.88099998 0.98570001
vt 0.87470001 0.99839997
vt 0.86330003 0.98570001
vt 0.86330003 0.99839997
vt 0.87470001 0.98570001
vt 0.85699999 0.98570001
vt 0.86330003 0.45480001
vt 0.85699999 0.45480001
vt 0.86330003 0.98570001
vt 0.86330003 0.45480001
vt 0.87470001 0.44209999
vt 0.86330003 0.44209999
vt 0.87470001 0.45480001
vt 0.87470001 0.45480001
vt 0.86330003 0.98570001
vt 0.87470001 0.98570001
vt 0.86330032 0.45480001
vt 0.85699999 0.98570001
vt 0.84560031 0.45480001
vt 0.84560001 0.98570001
vt 0.85699999 0.45480001
vt 0.87470001 0.98570001
vt 0.88099998 0.45480001
vt 0.87470001 0.45480001
vt 0.88099998 0.98570001
vt 0.87470001 0.99839997
vt 0.86330003 0.98570001
vt 0.86330003 0.99839997
vt 0.87470001 0.98570001
vt 0.85699999 0.98570001
vt 0.86330003 0.45480001
vt 0.85699999 0.45480001
vt 0.86330003 0.98570001
vt 0.86330003 0.45480001
vt 0.87470001 0.44209999
vt 0.86330003 0.44209999
vt 0.87470001 0.45480001
vt 0.87470001 0.45480001
vt 0.86330003 0.98570001
vt 0.87470001 0.98570001
vt 0.86330032 0.45480001
vt 0.85699999 0.98570001
vt 0.84560001 0.45480001
vt 0.84560001 0.98570001
vt 0.85699999 0.45480001
vt 0.87470001 0.98570001
vt 0.88099998 0.45480001
vt 0.87470001 0.45480001
vt 0.88099998 0.98570001
vt 0.87470001 0.99839997
vt 0.86330003 0.98570001
vt 0.86330003 0.99839997
vt 0.87470001 0.98570001
vt 0.85699999 0.98570001
vt 0.86330003 0.45480001
vt 0.85699999 0.45480001
vt 0.86330003 0.98570001
vt 0.86330003 0.45480001
vt 0.87470001 0.44209999
vt 0.86330003 0.44209999
vt 0.87470001 0.45480001
vt 0.86330003 0.45480001
vt 0.87470001 0.98570001
vt 0.87470001 0.45480001
vt 0.86330003 0.98570001
vt 0.85699999 0.98570001
vt 0.84560001 0.45480001
vt 0.84560001 0.98570001
vt 0.85699999 0.45480001
vt 0.87470001 0.98570001
vt 0.88099998 0.45480001
vt 0.87470001 0.45480001
vt 0.88099998 0.98570001
vt 0.87470001 0.99839997
vt 0.86330003 0.98570001
vt 0.86330003 0.99839997
vt 0.87470001 0.98570001
vt 0.85699999 0.98570001
vt 0.86330003 0.45480001
vt 0.85699999 0.45480001
vt 0.86330003 0.98570001
vt 0.86330003 0.45480001
vt 0.87470001 0.44209999
vt 0.86330003 0.44209999
vt 0.87470001 0.45480001
vt 0.86330003 0.45480001
vt 0.87470001 0.98570001
vt 0.87470001 0.45480001
vt 0.86330003 0.98570001
vt 0.77039999 0.25040001
vt 0.71230000 0.13340002
vt 0.77039999 0.13340002
vt 0.71230000 0.25040001
vt 0.77039999 0.13340002
vt 0.77039999 0.13340002
vt 0.71230000 0.00809997
vt 0.77039999 0.00809997
vt 0.71230000 0.13340002
vt 0.77109998 0.25340003
vt 0.71230000 0.37870002
vt 0.71230000 0.25340003
vt 0.77109998 0.37870002
vt 0.71230000 0.13340002
vt 0.77039999 0.00809997
vt 0.77039999 0.13340002
vt 0.71230000 0.00809997
vt 0.77109998 0.37870002
vt 0.71230000 0.25340003
vt 0.77109998 0.25340003
vt 0.71230000 0.37870002
vt 0.77039999 0.25040001
vt 0.71230000 0.13340002
vt 0.77039999 0.13340002
vt 0.71230000 0.25040001
vt 0.77039999 0.13340002
vt 0.77039999 0.13340002
vt 0.71230000 0.00809997
vt 0.77039999 0.00809997
vt 0.71230000 0.13340002
vt 0.77109998 0.25340003
vt 0.71230000 0.37870002
vt 0.71230000 0.25340003
vt 0.77109998 0.37870002
vt 0.71230000 0.13340002
vt 0.77039999 0.00809997
vt 0.77039999 0.13340002
vt 0.71230000 0.00809997
vt 0.77109998 0.37870002
vt 0.71230000 0.25340003
vt 0.77109998 0.25340003
vt 0.71230000 0.37870002
vt 0.79549998 0.37449998
vt 0.80699998 0.36909997
vt 0.79549998 0.36909997
vt 0.80699998 0.37449998
vt 0.79280001 0.36909997
vt 0.79549998 0.03130001
vt 0.79280001 0.03130001
vt 0.79549998 0.36909997
vt 0.78140002 0.03130001
vt 0.79280001 0.36909997
vt 0.79280001 0.03130001
vt 0.78140002 0.36909997
vt 0.77859998 0.03130001
vt 0.78140002 0.36909997
vt 0.78140002 0.03130001
vt 0.77859998 0.36909997
vt 0.80699998 0.36909997
vt 0.79549998 0.03130001
vt 0.79549998 0.36909997
vt 0.80699998 0.03130001
vt 0.80699998 0.02590001
vt 0.79549998 0.03130001
vt 0.80699998 0.03130001
vt 0.79549998 0.02590001
vt 0.79549998 0.37449998
vt 0.80699998 0.36909997
vt 0.79549998 0.36909997
vt 0.80699998 0.37449998
vt 0.79280001 0.36909997
vt 0.79549998 0.03130001
vt 0.79280001 0.03130001
vt 0.79549998 0.36909997
vt 0.78140002 0.03130001
vt 0.79280001 0.36909997
vt 0.79280001 0.03130001
vt 0.78140002 0.36909997
vt 0.77859998 0.03130001
vt 0.78140002 0.36909997
vt 0.78140002 0.03130001
vt 0.77859998 0.36909997
vt 0.80699998 0.36909997
vt 0.79549998 0.03130001
vt 0.79549998 0.36909997
vt 0.80699998 0.03130001
vt 0.80699998 0.02590001
vt 0.79549998 0.03130001
vt 0.80699998 0.03130001
vt 0.79549998 0.02590001
vt 0.77038139 0.25039929
vt 0.71230000 0.13340002
vt 0.77039999 0.13340002
vt 0.71230000 0.25040001
vt 0.77039999 0.13340002
vt 0.71230000 0.00809997
vt 0.77039999 0.00809997
vt 0.71230000 0.13340002
vt 0.77109998 0.25340003
vt 0.71230000 0.37870002
vt 0.71230000 0.25340003
vt 0.77109998 0.37870002
vt 0.71230000 0.13340002
vt 0.77039999 0.00809997
vt 0.77039999 0.13340002
vt 0.71230000 0.00809997
vt 0.77109998 0.37870002
vt 0.71230000 0.25340003
vt 0.77109998 0.25340003
vt 0.71230000 0.37870002
vt 0.71230000 0.13340002
vt 0.77038139 0.25039929
vt 0.77039999 0.13340002
vt 0.71230000 0.25040001
vt 0.77038139 0.25039929
vt 0.71230000 0.13340002
vt 0.77039999 0.13340002
vt 0.71230000 0.25040001
vt 0.77039999 0.13340002
vt 0.71230000 0.00809997
vt 0.77039999 0.00809997
vt 0.71230000 0.13340002
vt 0.77109998 0.25340003
vt 0.71230000 0.37870002
vt 0.71230000 0.25340003
vt 0.77109998 0.37870002
vt 0.71230000 0.13340002
vt 0.77039999 0.00809997
vt 0.77039999 0.13340002
vt 0.71230000 0.00809997
vt 0.77109998 0.37870002
vt 0.71230000 0.25340003
vt 0.77109998 0.25340003
vt 0.71230000 0.37870002
vt 0.71230000 0.13340002
vt 0.77038139 0.25039929
vt 0.77039999 0.13340002
vt 0.71230000 0.25040001
vt 0.85699999 0.98570001
vt 0.84560001 0.45480001
vt 0.84560001 0.98570001
vt 0.85699999 0.45480001
vt 0.87470001 0.98570001
vt 0.88099998 0.45480001
vt 0.87470001 0.45480001
vt 0.88099998 0.98570001
vt 0.87470001 0.99839997
vt 0.86330003 0.98570001
vt 0.86330003 0.99839997
vt 0.87470001 0.98570001
vt 0.85699999 0.98570001
vt 0.86330003 0.45480001
vt 0.85699999 0.45480001
vt 0.86330003 0.98570001
vt 0.86330003 0.45480001
vt 0.87470001 0.44209999
vt 0.86330003 0.44209999
vt 0.87470001 0.45480001
vt 0.86330003 0.45480001
vt 0.87470001 0.98570001
vt 0.87470001 0.45480001
vt 0.86330003 0.98570001
vt 0.85699999 0.98570001
vt 0.84560001 0.45480001
vt 0.84560001 0.98570001
vt 0.85699999 0.45480001
vt 0.87470001 0.98570001
vt 0.88099998 0.45480001
vt 0.87470001 0.45480001
vt 0.88099998 0.98570001
vt 0.87470001 0.99839997
vt 0.86330003 0.98570001
vt 0.86330003 0.99839997
vt 0.87470001 0.98570001
vt 0.85699999 0.98570001
vt 0.86330003 0.45480001
vt 0.85699999 0.45480001
vt 0.86330003 0.98570001
vt 0.86330003 0.45480001
vt 0.87470001 0.44209999
vt 0.86330003 0.44209999
vt 0.87470001 0.45480001
vt 0.86330003 0.45480001
vt 0.87470001 0.98570001
vt 0.87470001 0.45480001
vt 0.86330003 0.98570001
vt 0.69340003 0.00840002
vt 0.47620001 0.33120000
vt 0.69340003 0.33120000
vt 0.47620001 0.00840002
vt 0.69340003 0.36589998
vt 0.47620001 0.33120000
vt 0.47620001 0.36589998
vt 0.69340003 0.33120000
vt 0.69340003 0.33120000
vt 0.71079999 0.00840002
vt 0.69340003 0.00840002
vt 0.71079999 0.33120000
vt 0.69340003 0.33120000
vt 0.47620001 0.36600000
vt 0.47620001 0.33120000
vt 0.69340003 0.36600000
vt 0.69340003 0.00840002
vt 0.71069998 0.33120000
vt 0.71069998 0.00840002
vt 0.69340003 0.33120000
vt 0.47620001 0.00889999
vt 0.69340003 0.33120000
vt 0.47620001 0.33120000
vt 0.69340003 0.00889999
vt 0.69340003 0.00840002
vt 0.47620001 0.33120000
vt 0.69340003 0.33120000
vt 0.47620001 0.00840002
vt 0.69340003 0.36589998
vt 0.47620001 0.33120000
vt 0.47620001 0.36589998
vt 0.69340003 0.33120000
vt 0.69340003 0.33120000
vt 0.71079999 0.00840002
vt 0.69340003 0.00840002
vt 0.71079999 0.33120000
vt 0.69340003 0.33120000
vt 0.47620001 0.36600000
vt 0.47620001 0.33120000
vt 0.69340003 0.36600000
vt 0.69340003 0.00840002
vt 0.71069998 0.33120000
vt 0.71069998 0.00840002
vt 0.69340003 0.33120000
vt 0.47620001 0.00889999
vt 0.69340003 0.33120000
vt 0.47620001 0.33120000
vt 0.69340003 0.00889999
vt 0.69340003 0.00840002
vt 0.47620001 0.33120000
vt 0.69340003 0.33120000
vt 0.47620001 0.00840002
vt 0.69340003 0.36589998
vt 0.47620001 0.33120000
vt 0.47620001 0.36589998
vt 0.69340003 0.33120000
vt 0.69340003 0.33120000
vt 0.71079999 0.00840002
vt 0.69340003 0.00840002
vt 0.71079999 0.33120000
vt 0.69340003 0.33120000
vt 0.47620001 0.36600000
vt 0.47620001 0.33120000
vt 0.69340003 0.36600000
vt 0.69340003 0.00840002
vt 0.71069998 0.33120000
vt 0.71069998 0.00840002
vt 0.69340003 0.33120000
vt 0.47620001 0.00889999
vt 0.69340003 0.33120000
vt 0.47620001 0.33120000
vt 0.69340003 0.00889999
vt 0.69340003 0.00840002
vt 0.47620001 0.33120000
vt 0.69340003 0.33120000
vt 0.47620001 0.00840002
vt 0.69340003 0.36589998
vt 0.47620001 0.33120000
vt 0.47620001 0.36589998
vt 0.69340003 0.33120000
vt 0.69340003 0.33120000
vt 0.71079999 0.00840002
vt 0.69340003 0.00840002
vt 0.71079999 0.33120000
vt 0.69340003 0.33120000
vt 0.47620001 0.36600000
vt 0.47620001 0.33120000
vt 0.69340003 0.36600000
vt 0.69340003 0.00840002
vt 0.71069998 0.33120000
vt 0.71069998 0.00840002
vt 0.69340003 0.33120000
vt 0.47620001 0.00889999
vt 0.69340003 0.33120000
vt 0.47620001 0.33120000
vt 0.69340003 0.00889999
vt 0.34680000 0.53709996
vt 0.44690001 0.73730004
vt 0.34680000 0.73730004
vt 0.44690001 0.53709996
vt 0.44690001 0.93760002
vt 0.54710001 0.73730004
vt 0.44690001 0.73730004
vt 0.54710001 0.93760002
vt 0.54710001 0.73720002
vt 0.44690001 0.53690004
vt 0.54710001 0.53690004
vt 0.44690001 0.73720002
vt 0.54710001 0.93760002
vt 0.44690001 0.73730004
vt 0.54710001 0.73730004
vt 0.44690001 0.93760002
vt 0.44690001 0.53709996
vt 0.54710001 0.73730004
vt 0.54710001 0.53709996
vt 0.44690001 0.73730004
vt 0.44690001 0.53709996
vt 0.34680000 0.73730004
vt 0.44690001 0.73730004
vt 0.34680000 0.53709996
vt 0.34680000 0.53709996
vt 0.44690001 0.73730004
vt 0.34680000 0.73730004
vt 0.44690001 0.53709996
vt 0.44690001 0.93760002
vt 0.54710001 0.73730004
vt 0.44690001 0.73730004
vt 0.54710001 0.93760002
vt 0.54710001 0.73720002
vt 0.44690001 0.53690004
vt 0.54710001 0.53690004
vt 0.44690001 0.73720002
vt 0.54710001 0.93760002
vt 0.44690001 0.73730004
vt 0.54710001 0.73730004
vt 0.44690001 0.93760002
vt 0.44690001 0.53709996
vt 0.54710001 0.73730004
vt 0.54710001 0.53709996
vt 0.44690001 0.73730004
vt 0.44690001 0.53709996
vt 0.34680000 0.73730004
vt 0.44690001 0.73730004
vt 0.34680000 0.53709996
vt 0.85699999 0.98570001
vt 0.84560001 0.45480001
vt 0.84560001 0.98570001
vt 0.85699999 0.45480001
vt 0.87470001 0.98570001
vt 0.88099998 0.45480001
vt 0.87470001 0.45480001
vt 0.88099998 0.98570001
vt 0.87470001 0.99839997
vt 0.86330003 0.98570001
vt 0.86330003 0.99839997
vt 0.87470001 0.98570001
vt 0.85699999 0.98570001
vt 0.86330003 0.45480001
vt 0.85699999 0.45480001
vt 0.86330003 0.98570001
vt 0.86330003 0.45480001
vt 0.87470001 0.44209999
vt 0.86330003 0.44209999
vt 0.87470001 0.45480001
vt 0.86330003 0.45480001
vt 0.87470001 0.98570001
vt 0.87470001 0.45480001
vt 0.86330003 0.98570001
vt 0.85699999 0.98570001
vt 0.84560001 0.45480001
vt 0.84560001 0.98570001
vt 0.85699999 0.45480001
vt 0.87470001 0.98570001
vt 0.88099998 0.45480001
vt 0.87470001 0.45480001
vt 0.88099998 0.98570001
vt 0.87470001 0.99839997
vt 0.86330003 0.98570001
vt 0.86330003 0.99839997
vt 0.87470001 0.98570001
vt 0.85699999 0.98570001
vt 0.86330003 0.45480001
vt 0.85699999 0.45480001
vt 0.86330003 0.98570001
vt 0.86330003 0.45480001
vt 0.87470001 0.44209999
vt 0.86330003 0.44209999
vt 0.87470001 0.45480001
vt 0.86330003 0.45480001
vt 0.87470001 0.98570001
vt 0.87470001 0.45480001
vt 0.86330003 0.98570001
vt 0.31860000 0.99360001
vt 0.44250000 0.74619997
vt 0.31860000 0.74619997
vt 0.44250000 0.99360001
vt 0.31860000 0.74559999
vt 0.19480000 0.49790001
vt 0.19480000 0.74559999
vt 0.31860000 0.49790001
vt 0.19480000 0.99349999
vt 0.31860000 0.74559999
vt 0.19480000 0.74559999
vt 0.31860000 0.99349999
vt 0.19480000 0.74559999
vt 0.31860000 0.49790001
vt 0.19480000 0.49790001
vt 0.31860000 0.74559999
vt 0.31860000 0.99349999
vt 0.19480000 0.74559999
vt 0.19480000 0.99349999
vt 0.31860000 0.74559999
vt 0.44250000 0.99349999
vt 0.31860000 0.74559999
vt 0.31860000 0.99349999
vt 0.44250000 0.74559999
vt 0.31860000 0.99360001
vt 0.44250000 0.74619997
vt 0.31860000 0.74619997
vt 0.44250000 0.99360001
vt 0.31860000 0.74559999
vt 0.19480000 0.49790001
vt 0.19480000 0.74559999
vt 0.31860000 0.49790001
vt 0.19480000 0.99349999
vt 0.31860000 0.74559999
vt 0.19480000 0.74559999
vt 0.31860000 0.99349999
vt 0.19480000 0.74559999
vt 0.31860000 0.49790001
vt 0.19480000 0.49790001
vt 0.31860000 0.74559999
vt 0.31860000 0.99349999
vt 0.19480000 0.74559999
vt 0.19480000 0.99349999
vt 0.31860000 0.74559999
vt 0.44250000 0.99349999
vt 0.31860000 0.74559999
vt 0.31860000 0.99349999
vt 0.44250000 0.74559999
vt 0.69340003 0.00840002
vt 0.47620001 0.33120000
vt 0.69340003 0.33120000
vt 0.47620001 0.00840002
vt 0.69340003 0.36589998
vt 0.47620001 0.33120000
vt 0.47620001 0.36589998
vt 0.69340003 0.33120000
vt 0.71079999 0.33120000
vt 0.69340003 0.00840002
vt 0.69341421 0.33119720
vt 0.71079999 0.00840002
vt 0.69340003 0.33120000
vt 0.47620001 0.36600000
vt 0.47620001 0.33120000
vt 0.69340003 0.36600000
vt 0.71069998 0.00840002
vt 0.69341409 0.33120281
vt 0.71069998 0.33120000
vt 0.69340003 0.00840002
vt 0.47620001 0.00889999
vt 0.69340003 0.33120000
vt 0.47620001 0.33120000
vt 0.69340003 0.00889999
vt 0.69340003 0.00840002
vt 0.47620001 0.33120000
vt 0.69340003 0.33120000
vt 0.47620001 0.00840002
vt 0.69340003 0.36589998
vt 0.47620001 0.33120000
vt 0.47620001 0.36589998
vt 0.69340003 0.33120000
vt 0.71079999 0.33120000
vt 0.69340003 0.00840002
vt 0.69341421 0.33119720
vt 0.71079999 0.00840002
vt 0.69340003 0.33120000
vt 0.47620001 0.36600000
vt 0.47620001 0.33120000
vt 0.69340003 0.36600000
vt 0.71069998 0.00840002
vt 0.69341409 0.33120281
vt 0.71069998 0.33120000
vt 0.69340003 0.00840002
vt 0.47620001 0.00889999
vt 0.69340003 0.33120000
vt 0.47620001 0.33120000
vt 0.69340003 0.00889999
vt 0.31860000 0.99360001
vt 0.44250000 0.74619997
vt 0.31860000 0.74619997
vt 0.44250000 0.99360001
vt 0.31860000 0.74559999
vt 0.19480000 0.49790001
vt 0.19480000 0.74559999
vt 0.31860000 0.49790001
vt 0.19480000 0.99349999
vt 0.31860000 0.74559999
vt 0.19480000 0.74559999
vt 0.31860000 0.99349999
vt 0.19480000 0.74559999
vt 0.31860000 0.49790001
vt 0.19480000 0.49790001
vt 0.31860000 0.74559999
vt 0.31860000 0.99349999
vt 0.19480000 0.74559999
vt 0.19480000 0.99349999
vt 0.31860000 0.74559999
vt 0.44250000 0.99349999
vt 0.31860000 0.74559999
vt 0.31860000 0.99349999
vt 0.44250000 0.74559999
vt 0.31860000 0.99360001
vt 0.44250000 0.74619997
vt 0.31860000 0.74619997
vt 0.44250000 0.99360001
vt 0.31860000 0.74559999
vt 0.19480000 0.49790001
vt 0.19480000 0.74559999
vt 0.31860000 0.49790001
vt 0.19480000 0.99349999
vt 0.31860000 0.74559999
vt 0.19480000 0.74559999
vt 0.31860000 0.99349999
vt 0.19480000 0.74559999
vt 0.31860000 0.49790001
vt 0.19480000 0.49790001
vt 0.31860000 0.74559999
vt 0.31860000 0.99349999
vt 0.19480000 0.74559999
vt 0.19480000 0.99349999
vt 0.31860000 0.74559999
vt 0.44250000 0.99349999
vt 0.31860000 0.74559999
vt 0.31860000 0.99349999
vt 0.44250000 0.74559999
vt 0.85689998 0.98570001
vt 0.84560001 0.45480001
vt 0.84560001 0.98570001
vt 0.85689998 0.45480001
vt 0.87459999 0.98570001
vt 0.88099998 0.45480001
vt 0.87459999 0.45480001
vt 0.88099998 0.98570001
vt 0.87459999 0.99839997
vt 0.86330003 0.98570001
vt 0.86330003 0.99839997
vt 0.87459999 0.98570001
vt 0.85689998 0.98570001
vt 0.86330003 0.45480001
vt 0.85689998 0.45480001
vt 0.86330003 0.98570001
vt 0.86330003 0.45480001
vt 0.87459999 0.44209999
vt 0.86330003 0.44209999
vt 0.87459999 0.45480001
vt 0.86330003 0.45480001
vt 0.87459999 0.98570001
vt 0.87459999 0.45480001
vt 0.86330003 0.98570001
vt 0.85689998 0.98570001
vt 0.84560001 0.45480001
vt 0.84560001 0.98570001
vt 0.85689998 0.45480001
vt 0.87459999 0.98570001
vt 0.88099998 0.45480001
vt 0.87459999 0.45480001
vt 0.88099998 0.98570001
vt 0.87459999 0.99839997
vt 0.86330003 0.98570001
vt 0.86330003 0.99839997
vt 0.87459999 0.98570001
vt 0.85689998 0.98570001
vt 0.86330003 0.45480001
vt 0.85689998 0.45480001
vt 0.86330003 0.98570001
vt 0.86330003 0.45480001
vt 0.87459999 0.44209999
vt 0.86330003 0.44209999
vt 0.87459999 0.45480001
vt 0.86330003 0.45480001
vt 0.87459999 0.98570001
vt 0.87459999 0.45480001
vt 0.86330003 0.98570001
vt 0.34680000 0.53709996
vt 0.44690001 0.73730004
vt 0.34680000 0.73730004
vt 0.44690001 0.53709996
vt 0.44690001 0.93760002
vt 0.54710001 0.73730004
vt 0.44690001 0.73730004
vt 0.54710001 0.93760002
vt 0.44690001 0.73720002
vt 0.54710001 0.53690004
vt 0.44690001 0.53690004
vt 0.54710001 0.73720002
vt 0.54710001 0.93760002
vt 0.44690001 0.73730004
vt 0.54710001 0.73730004
vt 0.44690001 0.93760002
vt 0.44690001 0.53709996
vt 0.54710001 0.73730004
vt 0.54710001 0.53709996
vt 0.44690001 0.73730004
vt 0.44690001 0.53709996
vt 0.34680000 0.73730004
vt 0.44690001 0.73730004
vt 0.34680000 0.53709996
vt 0.34680000 0.53709996
vt 0.44690001 0.73730004
vt 0.34680000 0.73730004
vt 0.44690001 0.53709996
vt 0.44690001 0.93760002
vt 0.54710001 0.73730004
vt 0.44690001 0.73730004
vt 0.54710001 0.93760002
vt 0.44690001 0.73720002
vt 0.54710001 0.53690004
vt 0.44690001 0.53690004
vt 0.54710001 0.73720002
vt 0.54710001 0.93760002
vt 0.44690001 0.73730004
vt 0.54710001 0.73730004
vt 0.44690001 0.93760002
vt 0.44690001 0.53709996
vt 0.54710001 0.73730004
vt 0.54710001 0.53709996
vt 0.44690001 0.73730004
vt 0.44690001 0.53709996
vt 0.34680000 0.73730004
vt 0.44690001 0.73730004
vt 0.34680000 0.53709996
vt 0.79549998 0.37449998
vt 0.80699998 0.36909997
vt 0.79549998 0.36909997
vt 0.80699998 0.37449998
vt 0.79280001 0.36909997
vt 0.79549998 0.03130001
vt 0.79280001 0.03130001
vt 0.79549998 0.36909997
vt 0.78140002 0.03130001
vt 0.79280001 0.36909997
vt 0.79280001 0.03130001
vt 0.78140002 0.36909997
vt 0.77859998 0.03130001
vt 0.78140002 0.36909997
vt 0.78140002 0.03130001
vt 0.77859998 0.36909997
vt 0.80699998 0.36909997
vt 0.79549998 0.03130001
vt 0.79549998 0.36909997
vt 0.80699998 0.03130001
vt 0.80699998 0.02590001
vt 0.79549998 0.03130001
vt 0.80699998 0.03130001
vt 0.79549998 0.02590001
vt 0.79549998 0.37449998
vt 0.80699998 0.36909997
vt 0.79549998 0.36909997
vt 0.80699998 0.37449998
vt 0.79280001 0.36909997
vt 0.79549998 0.03130001
vt 0.79280001 0.03130001
vt 0.79549998 0.36909997
vt 0.78140002 0.03130001
vt 0.79280001 0.36909997
vt 0.79280001 0.03130001
vt 0.78140002 0.36909997
vt 0.77859998 0.03130001
vt 0.78140002 0.36909997
vt 0.78140002 0.03130001
vt 0.77859998 0.36909997
vt 0.80699998 0.36909997
vt 0.79549998 0.03130001
vt 0.79549998 0.36909997
vt 0.80699998 0.03130001
vt 0.80699998 0.02590001
vt 0.79549998 0.03130001
vt 0.80699998 0.03130001
vt 0.79549998 0.02590001
vt 0.34680000 0.53709996
vt 0.44690001 0.73730004
vt 0.34680000 0.73730004
vt 0.44690001 0.53709996
vt 0.44690001 0.93760002
vt 0.54710001 0.73730004
vt 0.44690001 0.73730004
vt 0.54710001 0.93760002
vt 0.54710001 0.73720002
vt 0.44690001 0.53690004
vt 0.54710001 0.53690004
vt 0.44690001 0.73720002
vt 0.54710001 0.93760002
vt 0.44690001 0.73730004
vt 0.54710001 0.73730004
vt 0.44690001 0.93760002
vt 0.44690001 0.53709996
vt 0.54710001 0.73730004
vt 0.54710001 0.53709996
vt 0.44690001 0.73730004
vt 0.44690001 0.53709996
vt 0.34680000 0.73730004
vt 0.44690001 0.73730004
vt 0.34680000 0.53709996
vt 0.34680000 0.53709996
vt 0.44690001 0.73730004
vt 0.34680000 0.73730004
vt 0.44690001 0.53709996
vt 0.44690001 0.93760002
vt 0.54710001 0.73730004
vt 0.44690001 0.73730004
vt 0.54710001 0.93760002
vt 0.54710001 0.73720002
vt 0.44690001 0.53690004
vt 0.54710001 0.53690004
vt 0.44690001 0.73720002
vt 0.54710001 0.93760002
vt 0.44690001 0.73730004
vt 0.54710001 0.73730004
vt 0.44690001 0.93760002
vt 0.44690001 0.53709996
vt 0.54710001 0.73730004
vt 0.54710001 0.53709996
vt 0.44690001 0.73730004
vt 0.44690001 0.53709996
vt 0.34680000 0.73730004
vt 0.44690001 0.73730004
vt 0.34680000 0.53709996
vt 0.44250000 0.74619997
vt 0.31860000 0.99360001
vt 0.44250000 0.99360001
vt 0.31860000 0.74619997
vt 0.31860000 0.49790001
vt 0.19480000 0.74559999
vt 0.31860000 0.74559999
vt 0.19480000 0.49790001
vt 0.31860000 0.99349999
vt 0.19480000 0.74559999
vt 0.19480000 0.99349999
vt 0.31860000 0.74559999
vt 0.19480000 0.49790001
vt 0.31860000 0.74559999
vt 0.31860000 0.49790001
vt 0.19480000 0.74559999
vt 0.19480000 0.99349999
vt 0.31860000 0.74559999
vt 0.19480000 0.74559999
vt 0.31860000 0.99349999
vt 0.31860000 0.74559999
vt 0.44250000 0.99349999
vt 0.44250000 0.74559999
vt 0.31860000 0.99349999
vt 0.44250000 0.74619997
vt 0.31860000 0.99360001
vt 0.44250000 0.99360001
vt 0.31860000 0.74619997
vt 0.31860000 0.49790001
vt 0.19480000 0.74559999
vt 0.31860000 0.74559999
vt 0.19480000 0.49790001
vt 0.31860000 0.99349999
vt 0.19480000 0.74559999
vt 0.19480000 0.99349999
vt 0.31860000 0.74559999
vt 0.19480000 0.49790001
vt 0.31860000 0.74559999
vt 0.31860000 0.49790001
vt 0.19480000 0.74559999
vt 0.19480000 0.99349999
vt 0.31860000 0.74559999
vt 0.19480000 0.74559999
vt 0.31860000 0.99349999
vt 0.31860000 0.74559999
vt 0.44250000 0.99349999
vt 0.44250000 0.74559999
vt 0.31860000 0.99349999
vt 0.79549998 0.37449998
vt 0.80699998 0.36909997
vt 0.79549998 0.36909997
vt 0.80699998 0.37449998
vt 0.79280001 0.36909997
vt 0.79549998 0.03130001
vt 0.79280001 0.03130001
vt 0.79549998 0.36909997
vt 0.78140002 0.03130001
vt 0.79280001 0.36909997
vt 0.79280001 0.03130001
vt 0.78140002 0.36909997
vt 0.77859998 0.03130001
vt 0.78140002 0.36909997
vt 0.78140002 0.03130001
vt 0.77859998 0.36909997
vt 0.80699998 0.36909997
vt 0.79549998 0.03130001
vt 0.79549998 0.36909997
vt 0.80699998 0.03130001
vt 0.80699998 0.02590001
vt 0.79549998 0.03130001
vt 0.80699998 0.03130001
vt 0.79549998 0.02590001
vt 0.79549998 0.37449998
vt 0.80699998 0.36909997
vt 0.79549998 0.36909997
vt 0.80699998 0.37449998
vt 0.79280001 0.36909997
vt 0.79549998 0.03130001
vt 0.79280001 0.03130001
vt 0.79549998 0.36909997
vt 0.78140002 0.03130001
vt 0.79280001 0.36909997
vt 0.79280001 0.03130001
vt 0.78140002 0.36909997
vt 0.77859998 0.03130001
vt 0.78140002 0.36909997
vt 0.78140002 0.03130001
vt 0.77859998 0.36909997
vt 0.80699998 0.36909997
vt 0.79549998 0.03130001
vt 0.79549998 0.36909997
vt 0.80699998 0.03130001
vt 0.80699998 0.02590001
vt 0.79549998 0.03130001
vt 0.80699998 0.03130001
vt 0.79549998 0.02590001
vt 0.45809999 0.01630002
vt 0.19800000 0.00550002
vt 0.19800000 0.01630002
vt 0.45809999 0.00550002
vt 0.19800000 0.47950000
vt 0.45809999 0.01630002
vt 0.19800000 0.01630002
vt 0.45809999 0.47950000
vt 0.19800000 0.49030000
vt 0.45809999 0.47950000
vt 0.19800000 0.47950000
vt 0.45809999 0.49030000
vt 0.45809999 0.01630002
vt 0.19800000 0.00550002
vt 0.19800000 0.01630002
vt 0.45809999 0.00550002
vt 0.19800000 0.47950000
vt 0.45809999 0.01630002
vt 0.19800000 0.01630002
vt 0.45809999 0.47950000
vt 0.19800000 0.49030000
vt 0.45809999 0.47950000
vt 0.19800000 0.47950000
vt 0.45809999 0.49030000
vt 0.19260000 0.99650002
vt 0.00250000 0.69239998
vt 0.19260000 0.69239998
vt 0.00250000 0.99650002
vt 0.19050001 0.99510002
vt 0.00349998 0.69449997
vt 0.00349998 0.99510002
vt 0.19050001 0.69449997
vt 0.00179994 0.38459998
vt 0.18420000 0.68840003
vt 0.00179994 0.68840003
vt 0.18420000 0.38459998
vt 0.19040000 0.99510002
vt 0.00339997 0.69449997
vt 0.00339997 0.99510002
vt 0.19040000 0.69449997
vt 0.18420000 0.68840003
vt 0.00179994 0.38429999
vt 0.00179994 0.68840003
vt 0.18420000 0.38429999
vt 0.00250000 0.99650002
vt 0.19270000 0.69239998
vt 0.00250000 0.69239998
vt 0.19270000 0.99650002
vt 0.19260000 0.99650002
vt 0.00250000 0.69239998
vt 0.19260000 0.69239998
vt 0.00250000 0.99650002
vt 0.19050001 0.99510002
vt 0.00349998 0.69449997
vt 0.00349998 0.99510002
vt 0.19050001 0.69449997
vt 0.00179994 0.38459998
vt 0.18420000 0.68840003
vt 0.00179994 0.68840003
vt 0.18420000 0.38459998
vt 0.19040000 0.99510002
vt 0.00339997 0.69449997
vt 0.00339997 0.99510002
vt 0.19040000 0.69449997
vt 0.18420000 0.68840003
vt 0.00179994 0.38429999
vt 0.00179994 0.68840003
vt 0.18420000 0.38429999
vt 0.00250000 0.99650002
vt 0.19270000 0.69239998
vt 0.00250000 0.69239998
vt 0.19270000 0.99650002
vt 0.79549998 0.37449998
vt 0.80699998 0.36909997
vt 0.79549998 0.36909997
vt 0.80699998 0.37449998
vt 0.79280001 0.36909997
vt 0.79549998 0.03130001
vt 0.79280001 0.03130001
vt 0.79549998 0.36909997
vt 0.78140002 0.03130001
vt 0.79280001 0.36909997
vt 0.79280001 0.03130001
vt 0.78140002 0.36909997
vt 0.77859998 0.03130001
vt 0.78140002 0.36909997
vt 0.78140002 0.03130001
vt 0.77859998 0.36909997
vt 0.80699998 0.36909997
vt 0.79549998 0.03130001
vt 0.79549998 0.36909997
vt 0.80699998 0.03130001
vt 0.80699998 0.02590001
vt 0.79549998 0.03130001
vt 0.80699998 0.03130001
vt 0.79549998 0.02590001
vt 0.79549998 0.37449998
vt 0.80699998 0.36909997
vt 0.79549998 0.36909997
vt 0.80699998 0.37449998
vt 0.79280001 0.36909997
vt 0.79549998 0.03130001
vt 0.79280001 0.03130001
vt 0.79549998 0.36909997
vt 0.78140002 0.03130001
vt 0.79280001 0.36909997
vt 0.79280001 0.03130001
vt 0.78140002 0.36909997
vt 0.77859998 0.03130001
vt 0.78140002 0.36909997
vt 0.78140002 0.03130001
vt 0.77859998 0.36909997
vt 0.80699998 0.36909997
vt 0.79549998 0.03130001
vt 0.79549998 0.36909997
vt 0.80699998 0.03130001
vt 0.80699998 0.02590001
vt 0.79549998 0.03130001
vt 0.80699998 0.03130001
vt 0.79549998 0.02590001
vt 0.79549998 0.37449998
vt 0.80699998 0.36909997
vt 0.79549998 0.36909997
vt 0.80699998 0.37449998
vt 0.79280001 0.36909997
vt 0.79549998 0.03130001
vt 0.79280001 0.03130001
vt 0.79549998 0.36909997
vt 0.78140002 0.03130001
vt 0.79280001 0.36909997
vt 0.79280001 0.03130001
vt 0.78140002 0.36909997
vt 0.77859998 0.03130001
vt 0.78140002 0.36909997
vt 0.78140002 0.03130001
vt 0.77859998 0.36909997
vt 0.80699998 0.36909997
vt 0.79549998 0.03130001
vt 0.79549998 0.36909997
vt 0.80699998 0.03130001
vt 0.80699998 0.02590001
vt 0.79549998 0.03130001
vt 0.80699998 0.03130001
vt 0.79549998 0.02590001
vt 0.79549998 0.37449998
vt 0.80699998 0.36909997
vt 0.79549998 0.36909997
vt 0.80699998 0.37449998
vt 0.79280001 0.36909997
vt 0.79549998 0.03130001
vt 0.79280001 0.03130001
vt 0.79549998 0.36909997
vt 0.78140002 0.03130001
vt 0.79280001 0.36909997
vt 0.79280001 0.03130001
vt 0.78140002 0.36909997
vt 0.77859998 0.03130001
vt 0.78140002 0.36909997
vt 0.78140002 0.03130001
vt 0.77859998 0.36909997
vt 0.80699998 0.36909997
vt 0.79549998 0.03130001
vt 0.79549998 0.36909997
vt 0.80699998 0.03130001
vt 0.80699998 0.02590001
vt 0.79549998 0.03130001
vt 0.80699998 0.03130001
vt 0.79549998 0.02590001
vt 0.34680000 0.53709996
vt 0.44690001 0.73730004
vt 0.34680000 0.73730004
vt 0.44690001 0.53709996
vt 0.44690001 0.93760002
vt 0.54710001 0.73730004
vt 0.44690001 0.73730004
vt 0.54710001 0.93760002
vt 0.44690001 0.73720002
vt 0.54710001 0.53690004
vt 0.44690001 0.53690004
vt 0.54710001 0.73720002
vt 0.54710001 0.93760002
vt 0.44690001 0.73730004
vt 0.54710001 0.73730004
vt 0.44690001 0.93760002
vt 0.44690001 0.53709996
vt 0.54710001 0.73730004
vt 0.54710001 0.53709996
vt 0.44690001 0.73730004
vt 0.44690001 0.53709996
vt 0.34680000 0.73730004
vt 0.44690001 0.73730004
vt 0.34680000 0.53709996
vt 0.34680000 0.53709996
vt 0.44690001 0.73730004
vt 0.34680000 0.73730004
vt 0.44690001 0.53709996
vt 0.44690001 0.93760002
vt 0.54710001 0.73730004
vt 0.44690001 0.73730004
vt 0.54710001 0.93760002
vt 0.44690001 0.73720002
vt 0.54710001 0.53690004
vt 0.44690001 0.53690004
vt 0.54710001 0.73720002
vt 0.54710001 0.93760002
vt 0.44690001 0.73730004
vt 0.54710001 0.73730004
vt 0.44690001 0.93760002
vt 0.44690001 0.53709996
vt 0.54710001 0.73730004
vt 0.54710001 0.53709996
vt 0.44690001 0.73730004
vt 0.44690001 0.53709996
vt 0.34680000 0.73730004
vt 0.44690001 0.73730004
vt 0.34680000 0.53709996
vt 0.77038139 0.25039929
vt 0.71230000 0.13340002
vt 0.77039999 0.13340002
vt 0.71230000 0.25040001
vt 0.77039999 0.13340002
vt 0.71230000 0.00809997
vt 0.77039999 0.00809997
vt 0.71230000 0.13340002
vt 0.77109998 0.25340003
vt 0.71230000 0.37870002
vt 0.71230000 0.25340003
vt 0.77109998 0.37870002
vt 0.71230000 0.13340002
vt 0.77039999 0.00809997
vt 0.77039999 0.13340002
vt 0.71230000 0.00809997
vt 0.71230000 0.13340002
vt 0.77038139 0.25039929
vt 0.77039999 0.13340002
vt 0.71230000 0.25040001
vt 0.77038139 0.25039929
vt 0.71230000 0.13340002
vt 0.77039999 0.13340002
vt 0.71230000 0.25040001
vt 0.77039999 0.13340002
vt 0.71230000 0.00809997
vt 0.77039999 0.00809997
vt 0.71230000 0.13340002
vt 0.77109998 0.25340003
vt 0.71230000 0.37870002
vt 0.71230000 0.25340003
vt 0.77109998 0.37870002
vt 0.71230000 0.13340002
vt 0.77039999 0.00809997
vt 0.77039999 0.13340002
vt 0.71230000 0.00809997
vt 0.71230000 0.13340002
vt 0.77038139 0.25039929
vt 0.77039999 0.13340002
vt 0.71230000 0.25040001
vt 0.45809999 0.01630002
vt 0.19800000 0.00550002
vt 0.19800000 0.01630002
vt 0.45809999 0.00550002
vt 0.19800000 0.47950000
vt 0.45809999 0.01630002
vt 0.19800000 0.01630002
vt 0.45809999 0.47950000
vt 0.19800000 0.49030000
vt 0.19800000 0.47950000
vt 0.45809999 0.49030000
vt 0.45809999 0.01630002
vt 0.19800000 0.00550002
vt 0.19800000 0.01630002
vt 0.45809999 0.00550002
vt 0.19800000 0.47950000
vt 0.45809999 0.01630002
vt 0.19800000 0.01630002
vt 0.45809999 0.47950000
vt 0.19800000 0.49030000
vt 0.45809999 0.47950000
vt 0.19800000 0.47950000
vt 0.45809999 0.49030000
vt 0.45809999 0.01630002
vt 0.19800000 0.00550002
vt 0.19800000 0.01630002
vt 0.45809999 0.00550002
vt 0.19800000 0.47950000
vt 0.45809999 0.01630002
vt 0.19800000 0.01630002
vt 0.45809999 0.47950000
vt 0.19800000 0.49030000
vt 0.45809999 0.47950000
vt 0.19800000 0.47950000
vt 0.45809999 0.49030000
vt 0.45809999 0.01630002
vt 0.19800000 0.00550002
vt 0.19800000 0.01630002
vt 0.45809999 0.00550002
vt 0.19800000 0.47950000
vt 0.45809999 0.01630002
vt 0.19800000 0.01630002
vt 0.45809999 0.47950000
vt 0.19800000 0.49030000
vt 0.45809999 0.47950000
vt 0.19800000 0.47950000
vt 0.45809999 0.49030000
vt 0.79549998 0.37449998
vt 0.80690002 0.36909997
vt 0.79549998 0.36909997
vt 0.80690002 0.37449998
vt 0.79280001 0.36909997
vt 0.79549998 0.03130001
vt 0.79280001 0.03130001
vt 0.79549998 0.36909997
vt 0.78140002 0.03130001
vt 0.79280001 0.36909997
vt 0.79280001 0.03130001
vt 0.78140002 0.36909997
vt 0.77859998 0.03130001
vt 0.78140002 0.36909997
vt 0.78140002 0.03130001
vt 0.77859998 0.36909997
vt 0.80690002 0.36909997
vt 0.79549998 0.03130001
vt 0.79549998 0.36909997
vt 0.80690002 0.03130001
vt 0.80690002 0.02590001
vt 0.79549998 0.03130001
vt 0.80690002 0.03130001
vt 0.79549998 0.02590001
vt 0.79549998 0.37449998
vt 0.80690002 0.36909997
vt 0.79549998 0.36909997
vt 0.80690002 0.37449998
vt 0.79280001 0.36909997
vt 0.79549998 0.03130001
vt 0.79280001 0.03130001
vt 0.79549998 0.36909997
vt 0.78140002 0.03130001
vt 0.79280001 0.36909997
vt 0.79280001 0.03130001
vt 0.78140002 0.36909997
vt 0.77859998 0.03130001
vt 0.78140002 0.36909997
vt 0.78140002 0.03130001
vt 0.77859998 0.36909997
vt 0.80690002 0.36909997
vt 0.79549998 0.03130001
vt 0.79549998 0.36909997
vt 0.80690002 0.03130001
vt 0.80690002 0.02590001
vt 0.79549998 0.03130001
vt 0.80690002 0.03130001
vt 0.79549998 0.02590001
vt 0.79549998 0.37449998
vt 0.80699998 0.36909997
vt 0.79549998 0.36909997
vt 0.80699998 0.37449998
vt 0.79280001 0.36909997
vt 0.79549998 0.03130001
vt 0.79280001 0.03130001
vt 0.79549998 0.36909997
vt 0.78140002 0.03130001
vt 0.79280001 0.36909997
vt 0.79280001 0.03130001
vt 0.78140002 0.36909997
vt 0.77859998 0.03130001
vt 0.78140002 0.36909997
vt 0.78140002 0.03130001
vt 0.77859998 0.36909997
vt 0.80699998 0.36909997
vt 0.79549998 0.03130001
vt 0.79549998 0.36909997
vt 0.80699998 0.03130001
vt 0.80699998 0.02590001
vt 0.79549998 0.03130001
vt 0.80699998 0.03130001
vt 0.79549998 0.02590001
vt 0.79549998 0.37449998
vt 0.80699998 0.36909997
vt 0.79549998 0.36909997
vt 0.80699998 0.37449998
vt 0.79280001 0.36909997
vt 0.79549998 0.03130001
vt 0.79280001 0.03130001
vt 0.79549998 0.36909997
vt 0.78140002 0.03130001
vt 0.79280001 0.36909997
vt 0.79280001 0.03130001
vt 0.78140002 0.36909997
vt 0.77859998 0.03130001
vt 0.78140002 0.36909997
vt 0.78140002 0.03130001
vt 0.77859998 0.36909997
vt 0.80699998 0.36909997
vt 0.79549998 0.03130001
vt 0.79549998 0.36909997
vt 0.80699998 0.03130001
vt 0.80699998 0.02590001
vt 0.79549998 0.03130001
vt 0.80699998 0.03130001
vt 0.79549998 0.02590001
vt 0.77038139 0.25040299
vt 0.71230000 0.13340002
vt 0.77039999 0.13340002
vt 0.71230000 0.25040001
vt 0.77039999 0.13340002
vt 0.71230000 0.00809997
vt 0.77039999 0.00809997
vt 0.71230000 0.13340002
vt 0.77109998 0.25340003
vt 0.71230000 0.37870002
vt 0.71230000 0.25340003
vt 0.77109998 0.37870002
vt 0.71230000 0.13340002
vt 0.77039999 0.00809997
vt 0.77039999 0.13340002
vt 0.71230000 0.00809997
vt 0.71230000 0.13340002
vt 0.77038139 0.25040299
vt 0.77039999 0.13340002
vt 0.71230000 0.25040001
vt 0.77038139 0.25040299
vt 0.71230000 0.13340002
vt 0.77039999 0.13340002
vt 0.71230000 0.25040001
vt 0.77039999 0.13340002
vt 0.71230000 0.00809997
vt 0.77039999 0.00809997
vt 0.71230000 0.13340002
vt 0.77109998 0.25340003
vt 0.71230000 0.37870002
vt 0.71230000 0.25340003
vt 0.77109998 0.37870002
vt 0.71230000 0.13340002
vt 0.77039999 0.00809997
vt 0.77039999 0.13340002
vt 0.71230000 0.00809997
vt 0.71230000 0.13340002
vt 0.77038139 0.25040299
vt 0.77039999 0.13340002
vt 0.71230000 0.25040001
vt 0.80690002 0.02590001
vt 0.79549998 0.03130001
vt 0.80690002 0.03130001
vt 0.79549998 0.02590001
vt 0.77859998 0.03130001
vt 0.78140002 0.36909997
vt 0.78140002 0.03130001
vt 0.77859998 0.36909997
vt 0.78140002 0.03130001
vt 0.79280001 0.36909997
vt 0.79280001 0.03130001
vt 0.78140002 0.36909997
vt 0.79280001 0.36909997
vt 0.79549998 0.03130001
vt 0.79280001 0.03130001
vt 0.79549998 0.36909997
vt 0.80690002 0.36909997
vt 0.79549998 0.03130001
vt 0.79549998 0.36909997
vt 0.80690002 0.03130001
vt 0.80690002 0.02590001
vt 0.79549998 0.03130001
vt 0.80690002 0.03130001
vt 0.79549998 0.02590001
vt 0.77859998 0.03130001
vt 0.78140002 0.36909997
vt 0.78140002 0.03130001
vt 0.77859998 0.36909997
vt 0.78140002 0.03130001
vt 0.79280001 0.36909997
vt 0.79280001 0.03130001
vt 0.78140002 0.36909997
vt 0.79280001 0.36909997
vt 0.79549998 0.03130001
vt 0.79280001 0.03130001
vt 0.79549998 0.36909997
vt 0.80690002 0.36909997
vt 0.79549998 0.03130001
vt 0.79549998 0.36909997
vt 0.80690002 0.03130001
vt 0.50690001 0.43419999
vt 0.48789999 0.45289999
vt 0.48789999 0.43419999
vt 0.50690001 0.45289999
vt 0.53170002 0.43419999
vt 0.94919997 -0.49020004
vt 0.50690001 0.45289999
vt 0.50690001 0.43419999
vt 0.96329999 -0.49020004
vt 0.53170002 0.45289999
vt 0.53170002 0.43199998
vt 0.50690001 0.41149998
vt 0.98809999 -0.49020004
vt 0.53170002 0.41149998
vt 0.97399998 -0.49020004
vt 0.50690001 0.43199998
vt 0.96329999 1.65059996
vt 0.97399998 -0.49020004
vt 0.97399998 1.65059996
vt 0.96329999 -0.49020004
vt 0.94919997 1.65059996
vt 0.53170002 0.43419999
vt 0.96329999 1.65059996
vt 0.50690001 0.43419999
vt 0.50690001 0.45459998
vt 0.48789999 0.43419999
vt 0.48789999 0.45459998
vt 0.50690001 0.43419999
vt 0.98809999 1.65059996
vt 0.50690001 0.41149998
vt 0.97399998 1.65059996
vt 0.53170002 0.41149998
vt 0.50690001 0.45289999
vt 0.48789999 0.43419999
vt 0.48789999 0.45289999
vt 0.50690001 0.43419999
vt 0.99879998 -0.49020004
vt 0.98809999 1.65059996
vt 0.98809999 -0.49020004
vt 0.99879998 1.65059996
vt 0.53170002 0.45289999
vt 0.50690001 0.45289999
vt 0.50690001 0.43199998
vt 0.53170002 0.43199998
vt 0.50690001 0.43419999
vt 0.48789999 0.45459998
vt 0.48789999 0.43419999
vt 0.50690001 0.45459998
vt 0.50690001 0.43419999
vt 0.48789999 0.45289999
vt 0.48789999 0.43419999
vt 0.50690001 0.45289999
vt 0.53170002 0.43419999
vt 0.94919997 -0.49020004
vt 0.50690001 0.45289999
vt 0.50690001 0.43419999
vt 0.96329999 -0.49020004
vt 0.53170002 0.45289999
vt 0.53170002 0.43199998
vt 0.50690001 0.41149998
vt 0.98809999 -0.49020004
vt 0.53170002 0.41149998
vt 0.97399998 -0.49020004
vt 0.50690001 0.43199998
vt 0.96329999 1.65059996
vt 0.97399998 -0.49020004
vt 0.97399998 1.65059996
vt 0.96329999 -0.49020004
vt 0.94919997 1.65059996
vt 0.53170002 0.43419999
vt 0.96329999 1.65059996
vt 0.50690001 0.43419999
vt 0.50690001 0.45459998
vt 0.48789999 0.43419999
vt 0.48789999 0.45459998
vt 0.50690001 0.43419999
vt 0.98809999 1.65059996
vt 0.50690001 0.41149998
vt 0.97399998 1.65059996
vt 0.53170002 0.41149998
vt 0.50690001 0.45289999
vt 0.48789999 0.43419999
vt 0.48789999 0.45289999
vt 0.50690001 0.43419999
vt 0.99879998 -0.49020004
vt 0.98809999 1.65059996
vt 0.98809999 -0.49020004
vt 0.99879998 1.65059996
vt 0.53170002 0.45289999
vt 0.50690001 0.45289999
vt 0.50690001 0.43199998
vt 0.53170002 0.43199998
vt 0.50690001 0.43419999
vt 0.48789999 0.45459998
vt 0.48789999 0.43419999
vt 0.50690001 0.45459998
vt 0.19700000 0.49030000
vt 0.39410001 0.47950000
vt 0.22790000 0.47950000
vt 0.19700000 0.47950000
vt 0.39410001 0.49030000
vt 0.22790000 0.49030000
vt 0.42500001 0.47950000
vt 0.42500001 0.49030000
vt 0.19700000 0.47950000
vt 0.39410001 0.01620001
vt 0.19700000 0.01620001
vt 0.39410001 0.47950000
vt 0.22790000 0.47950000
vt 0.42500001 0.01620001
vt 0.22790000 0.01620001
vt 0.42500001 0.47950000
vt 0.39410001 0.01620001
vt 0.22790000 0.01620001
vt 0.19700000 0.00540000
vt 0.19700000 0.01620001
vt 0.39410001 0.00540000
vt 0.22790000 0.00540000
vt 0.42500001 0.01620001
vt 0.42500001 0.00540000
vt 0.19700000 0.49030000
vt 0.39410001 0.47950000
vt 0.22790000 0.47950000
vt 0.19700000 0.47950000
vt 0.39410001 0.49030000
vt 0.22790000 0.49030000
vt 0.42500001 0.47950000
vt 0.42500001 0.49030000
vt 0.19700000 0.47950000
vt 0.39410001 0.01620001
vt 0.19700000 0.01620001
vt 0.39410001 0.47950000
vt 0.22790000 0.47950000
vt 0.42500001 0.01620001
vt 0.22790000 0.01620001
vt 0.42500001 0.47950000
vt 0.39410001 0.01620001
vt 0.22790000 0.01620001
vt 0.19700000 0.00540000
vt 0.19700000 0.01620001
vt 0.39410001 0.00540000
vt 0.22790000 0.00540000
vt 0.42500001 0.01620001
vt 0.42500001 0.00540000
vt 0.77038139 0.25039929
vt 0.71230000 0.13340002
vt 0.77039999 0.13340002
vt 0.71230000 0.25040001
vt 0.77039999 0.13340002
vt 0.77039999 0.13340002
vt 0.71230000 0.00809997
vt 0.77039999 0.00809997
vt 0.71230000 0.13340002
vt 0.77109998 0.25340003
vt 0.71230000 0.37870002
vt 0.71230000 0.25340003
vt 0.77109998 0.37870002
vt 0.71230000 0.13340002
vt 0.77039999 0.00809997
vt 0.77039999 0.13340002
vt 0.71230000 0.00809997
vt 0.71230000 0.13340002
vt 0.77038139 0.25039929
vt 0.77039999 0.13340002
vt 0.71230000 0.25040001
vt 0.71230000 0.13340002
vt 0.77039999 0.13340002
vt 0.71230000 0.25040001
vt 0.77039999 0.13340002
vt 0.77039999 0.13340002
vt 0.71230000 0.00809997
vt 0.77039999 0.00809997
vt 0.71230000 0.13340002
vt 0.77109998 0.25340003
vt 0.71230000 0.37870002
vt 0.71230000 0.25340003
vt 0.77109998 0.37870002
vt 0.71230000 0.13340002
vt 0.77039999 0.00809997
vt 0.77039999 0.13340002
vt 0.71230000 0.00809997
vt 0.71230000 0.13340002
vt 0.77038139 0.25039929
vt 0.77039999 0.13340002
vt 0.71230000 0.25040001
vt 0.83639997 0.51450002
vt 0.83730000 0.49171591
vt 0.83729392 0.99465793
vt 0.83639997 0.48949999
vt 0.83639997 0.99620003
vt 0.83730000 0.51489997
vt 0.83730000 0.51489997
vt 0.83639997 0.78200006
vt 0.83639997 0.78200006
vt 0.83730000 0.78200006
vt 0.83730000 0.78200006
vt 0.83639997 0.48949999
vt 0.83639997 0.99620003
vt 0.83050001 0.51450002
vt 0.83639997 0.51450002
vt 0.83050001 0.48949999
vt 0.83050001 0.99620003
vt 0.83639997 0.85210001
vt 0.83639997 0.85210001
vt 0.83730000 0.84910971
vt 0.83719999 0.85179996
vt 0.84310001 0.48930001
vt 0.84299999 0.99589992
vt 0.83730000 0.51489997
vt 0.84320003 0.51460004
vt 0.83719999 0.48960000
vt 0.83719999 0.99620003
vt 0.83639997 0.78200006
vt 0.83050001 0.78200006
vt 0.84310001 0.78170002
vt 0.83730000 0.78200006
vt 0.83639997 0.56930000
vt 0.83639997 0.56930000
vt 0.83730090 0.57087052
vt 0.83719999 0.56800818
vt 0.82959998 0.49131590
vt 0.82960612 0.99465793
vt 0.83050001 0.51450002
vt 0.83050001 0.51450002
vt 0.83050001 0.48949999
vt 0.83050001 0.99620003
vt 0.82959998 0.51450002
vt 0.82959998 0.51450002
vt 0.83639997 0.85210001
vt 0.83050001 0.51450002
vt 0.83050001 0.85210001
vt 0.83639997 0.51450002
vt 0.83719909 0.88031793
vt 0.83719999 0.88199997
vt 0.83639997 0.88239998
vt 0.83639997 0.88239998
vt 0.83730000 0.51489997
vt 0.84299999 0.85150003
vt 0.84310001 0.51460004
vt 0.83719999 0.85179996
vt 0.83050001 0.78200006
vt 0.83050001 0.78200006
vt 0.82959998 0.78200006
vt 0.82959998 0.78200006
vt 0.83639997 0.78200006
vt 0.83050001 0.56930000
vt 0.83050001 0.56930000
vt 0.83050001 0.78200006
vt 0.83639997 0.56930000
vt 0.83639997 0.56930000
vt 0.83730000 0.56930000
vt 0.83730000 0.56930000
vt 0.84310001 0.78170013
vt 0.84310001 0.56900001
vt 0.84320003 0.56910002
vt 0.83730000 0.78200006
vt 0.83639997 0.48170000
vt 0.83645773 0.47910470
vt 0.83719999 0.48180002
vt 0.83050001 0.85210001
vt 0.83050001 0.85210001
vt 0.82959998 0.84870970
vt 0.82969999 0.85210001
vt 0.83050001 0.88239998
vt 0.83050001 0.88239998
vt 0.83639997 0.85210001
vt 0.83050001 0.85210001
vt 0.83639997 0.88239998
vt 0.83639997 0.88239998
vt 0.83719999 0.88199997
vt 0.83719999 0.88199997
vt 0.84310001 0.85130012
vt 0.83719999 0.85179996
vt 0.84310001 0.88150012
vt 0.84310001 0.88169998
vt 0.83050001 0.56930000
vt 0.82959908 0.57087052
vt 0.82959998 0.56790817
vt 0.83050001 0.48170000
vt 0.83639997 0.48170000
vt 0.83719999 0.48180002
vt 0.84310001 0.48159999
vt 0.82970089 0.88061762
vt 0.82959998 0.88239998
vt 0.83050001 0.88239998
vt 0.83050001 0.88239998
vt 0.83050001 0.48170000
vt 0.83639997 0.48170000
vt 0.83719999 0.48189998
vt 0.84310001 0.48159999
vt 0.83050001 0.48170000
vt 0.83043510 0.47862983
vt 0.82959998 0.48170000
vt 0.82959998 0.48170000
vt 0.83639997 0.51450002
vt 0.83639997 0.51450002
f 1/1 2/2 3/3
f 2/2 1/1 4/4
f 5/5 6/6 7/7
f 6/6 5/5 8/8
f 9/9 10/10 11/11
f 10/10 9/9 12/12
f 13/13 14/14 15/15
f 14/14 13/13 16/16
f 17/17 18/18 19/19
f 18/18 17/17 20/20
f 21/21 22/22 23/23
f 22/22 21/21 24/24
f 25/25 26/26 27/27
f 26/26 25/25 28/28
f 29/29 31/31 32/32
f 31/31 29/29 34/34
f 35/35 36/36 38/38
f 36/36 35/35 40/40
f 41/41 42/42 43/43
f 42/42 41/41 44/44
f 45/45 33/33 47/47
f 33/33 45/45 30/30
f 49/49 50/50 51/51
f 50/50 49/49 52/52
f 39/39 53/53 55/55
f 53/53 39/39 37/37
f 57/57 58/58 59/59
f 58/58 57/57 60/60
f 61/61 62/62 63/63
f 62/62 61/61 64/64
f 65/65 48/48 66/66
f 48/48 65/65 46/46
f 56/56 67/67 68/68
f 67/67 56/56 54/54
f 69/69 70/70 71/71
f 70/70 69/69 72/72
f 73/73 74/74 75/75
f 74/74 73/73 76/76
f 77/77 79/79 80/80
f 79/79 77/77 82/82
f 83/83 84/84 86/86
f 84/84 83/83 88/88
f 89/89 90/90 91/91
f 90/90 89/89 92/92
f 93/93 81/81 95/95
f 81/81 93/93 78/78
f 97/97 98/98 99/99
f 98/98 97/97 100/100
f 87/87 101/101 103/103
f 101/101 87/87 85/85
f 105/105 106/106 107/107
f 106/106 105/105 108/108
f 109/109 110/110 111/111
f 110/110 109/109 112/112
f 113/113 96/96 114/114
f 96/96 113/113 94/94
f 104/104 115/115 116/116
f 115/115 104/104 102/102
f 117/117 118/118 119/119
f 118/118 117/117 120/120
f 121/121 122/122 123/123
f 122/122 121/121 124/124
f 125/125 126/126 127/127
f 126/126 125/125 128/128
f 129/129 130/130 131/131
f 130/130 129/129 132/132
f 133/133 134/134 135/135
f 134/134 133/133 136/136
f 137/137 138/138 139/139
f 138/138 137/137 140/140
f 141/141 142/142 143/143
f 142/142 141/141 144/144
f 145/145 146/146 147/147
f 146/146 145/145 148/148
f 149/149 150/150 151/151
f 150/150 149/149 152/152
f 153/153 154/154 155/155
f 154/154 153/153 156/156
f 157/157 158/158 159/159
f 158/158 157/157 160/160
f 161/161 162/162 163/163
f 162/162 161/161 164/164
f 165/165 166/166 167/167
f 166/166 165/165 168/168
f 169/169 170/170 171/171
f 170/170 169/169 172/172
f 173/173 174/174 175/175
f 174/174 173/173 176/176
f 177/177 178/178 179/179
f 178/178 177/177 180/180
f 181/181 182/182 183/183
f 182/182 181/181 184/184
f 185/185 186/186 187/187
f 186/186 185/185 188/188
f 189/189 190/190 191/191
f 190/190 189/189 192/192
f 193/193 195/195 196/196
f 195/195 194/194 197/197
f 198/198 199/199 200/200
f 199/199 198/198 201/201
f 202/202 203/203 204/204
f 203/203 202/202 205/205
f 206/206 207/207 208/208
f 207/207 206/206 209/209
f 210/210 211/211 212/212
f 211/211 210/210 213/213
f 214/214 215/215 216/216
f 215/215 214/214 217/217
f 218/218 219/219 220/220
f 219/219 218/218 221/221
f 222/222 223/223 224/224
f 223/223 222/222 225/225
f 226/226 227/227 228/228
f 227/227 226/226 229/229
f 230/230 231/231 232/232
f 231/231 230/230 233/233
f 234/234 235/235 236/236
f 235/235 234/234 237/237
f 238/238 239/239 240/240
f 239/239 238/238 241/241
f 242/242 243/243 244/244
f 243/243 242/242 245/245
f 246/246 247/247 248/248
f 247/247 246/246 249/249
f 250/250 251/251 252/252
f 251/251 250/250 253/253
f 254/254 255/255 256/256
f 255/255 254/254 257/257
f 258/258 259/259 260/260
f 259/259 258/258 261/261
f 262/262 263/263 264/264
f 263/263 262/262 265/265
f 266/266 267/267 268/268
f 267/267 266/266 269/269
f 270/270 271/271 272/272
f 271/271 270/270 273/273
f 274/274 275/275 276/276
f 275/275 274/274 277/277
f 278/278 279/279 280/280
f 279/279 278/278 281/281
f 282/282 283/283 284/284
f 283/283 282/282 285/285
f 286/286 287/287 288/288
f 287/287 286/286 289/289
f 290/290 291/291 292/292
f 291/291 290/290 293/293
f 294/294 295/295 296/296
f 295/295 294/294 297/297
f 298/298 299/299 300/300
f 299/299 298/298 301/301
f 302/302 303/303 304/304
f 303/303 302/302 305/305
f 306/306 307/307 308/308
f 307/307 306/306 309/309
f 310/310 311/311 312/312
f 311/311 310/310 313/313
f 314/314 315/315 316/316
f 315/315 314/314 317/317
f 318/318 319/319 320/320
f 319/319 318/318 321/321
f 322/322 323/323 324/324
f 323/323 322/322 325/325
f 326/326 327/327 328/328
f 327/327 326/326 329/329
f 330/330 331/331 332/332
f 331/331 330/330 333/333
f 334/334 335/335 336/336
f 335/335 334/334 337/337
f 338/338 339/339 340/340
f 339/339 338/338 341/341
f 342/342 343/343 344/344
f 343/343 342/342 345/345
f 346/346 347/347 348/348
f 347/347 346/346 349/349
f 350/350 351/351 352/352
f 351/351 350/350 353/353
f 354/354 355/355 356/356
f 355/355 354/354 357/357
f 358/358 359/359 360/360
f 359/359 358/358 361/361
f 362/362 363/363 364/364
f 363/363 362/362 365/365
f 366/366 367/367 368/368
f 367/367 366/366 369/369
f 370/370 371/371 372/372
f 371/371 370/370 373/373
f 374/374 375/375 376/376
f 375/375 374/374 377/377
f 378/378 379/379 380/380
f 379/379 378/378 381/381
f 382/382 383/383 384/384
f 383/383 382/382 385/385
f 386/386 387/387 388/388
f 387/387 386/386 389/389
f 390/390 391/391 392/392
f 391/391 390/390 393/393
f 394/394 395/395 396/396
f 395/395 394/394 397/397
f 398/398 399/399 400/400
f 399/399 398/398 401/401
f 402/402 403/403 404/404
f 403/403 402/402 405/405
f 406/406 407/407 408/408
f 407/407 406/406 409/409
f 410/410 411/411 412/412
f 411/411 410/410 413/413
f 414/414 415/415 416/416
f 415/415 414/414 417/417
f 418/418 419/419 420/420
f 419/419 418/418 421/421
f 422/422 423/423 424/424
f 423/423 422/422 425/425
f 426/426 427/427 428/428
f 427/427 426/426 429/429
f 430/430 431/431 432/432
f 431/431 430/430 433/433
f 434/434 435/435 436/436
f 435/435 434/434 437/437
f 438/438 439/439 440/440
f 439/439 438/438 441/441
f 442/442 443/443 444/444
f 443/443 442/442 445/445
f 446/446 447/447 448/448
f 447/447 446/446 449/449
f 450/450 451/451 452/452
f 451/451 450/450 453/453
f 454/454 455/455 456/456
f 455/455 454/454 457/457
f 458/458 459/459 460/460
f 459/459 458/458 461/461
f 462/462 463/463 464/464
f 463/463 462/462 465/465
f 466/466 467/467 468/468
f 467/467 466/466 469/469
f 470/470 471/471 472/472
f 471/471 470/470 473/473
f 474/474 475/475 476/476
f 475/475 474/474 477/477
f 478/478 479/479 480/480
f 479/479 478/478 481/481
f 482/482 483/483 484/484
f 483/483 482/482 485/485
f 486/486 487/487 488/488
f 487/487 486/486 489/489
f 490/490 491/491 492/492
f 491/491 490/490 493/493
f 494/494 495/495 496/496
f 495/495 494/494 497/497
f 498/498 499/499 500/500
f 499/499 498/498 501/501
f 502/502 503/503 504/504
f 503/503 502/502 505/505
f 506/506 507/507 508/508
f 507/507 506/506 509/509
f 510/510 511/511 512/512
f 511/511 510/510 513/513
f 514/514 515/515 516/516
f 515/515 514/514 517/517
f 518/518 519/519 520/520
f 519/519 518/518 521/521
f 522/522 523/523 524/524
f 523/523 522/522 525/525
f 526/526 527/527 528/528
f 527/527 526/526 529/529
f 530/530 531/531 532/532
f 531/531 530/530 533/533
f 534/534 535/535 536/536
f 535/535 534/534 537/537
f 538/538 539/539 540/540
f 539/539 538/538 541/541
f 542/542 543/543 544/544
f 543/543 542/542 545/545
f 546/546 547/547 548/548
f 547/547 546/546 549/549
f 550/550 551/551 552/552
f 551/551 550/550 553/553
f 554/554 555/555 556/556
f 555/555 554/554 557/557
f 558/558 559/559 560/560
f 559/559 558/558 561/561
f 562/562 563/563 564/564
f 563/563 562/562 565/565
f 566/566 567/567 568/568
f 567/567 566/566 569/569
f 570/570 571/571 572/572
f 571/571 570/570 573/573
f 574/574 575/575 576/576
f 575/575 574/574 577/577
f 578/578 579/579 580/580
f 579/579 578/578 581/581
f 582/582 583/583 584/584
f 583/583 582/582 585/585
f 586/586 587/587 588/588
f 587/587 586/586 589/589
f 590/590 591/591 592/592
f 591/591 590/590 593/593
f 594/594 595/595 596/596
f 595/595 594/594 597/597
f 598/598 599/599 600/600
f 599/599 598/598 601/601
f 602/602 603/603 604/604
f 603/603 602/602 605/605
f 606/606 607/607 608/608
f 607/607 606/606 609/609
f 610/610 611/611 612/612
f 611/611 610/610 613/613
f 614/614 615/615 616/616
f 615/615 614/614 617/617
f 618/618 619/619 620/620
f 619/619 618/618 621/621
f 622/622 623/623 624/624
f 623/623 622/622 625/625
f 626/626 627/627 628/628
f 627/627 626/626 629/629
f 630/630 631/631 632/632
f 631/631 630/630 633/633
f 634/634 635/635 636/636
f 635/635 634/634 637/637
f 638/638 639/639 640/640
f 639/639 638/638 641/641
f 642/642 643/643 644/644
f 643/643 642/642 645/645
f 646/646 647/647 648/648
f 647/647 646/646 649/649
f 650/650 651/651 652/652
f 651/651 650/650 653/653
f 654/654 655/655 656/656
f 655/655 654/654 657/657
f 658/658 659/659 660/660
f 659/659 658/658 661/661
f 662/662 663/663 664/664
f 663/663 662/662 665/665
f 666/666 667/667 668/668
f 667/667 666/666 669/669
f 670/670 671/671 672/672
f 671/671 670/670 673/673
f 674/674 675/675 676/676
f 675/675 674/674 677/677
f 678/678 679/679 680/680
f 679/679 678/678 681/681
f 682/682 683/683 684/684
f 683/683 682/682 685/685
f 686/686 687/687 688/688
f 687/687 686/686 689/689
f 690/690 691/691 692/692
f 691/691 690/690 693/693
f 694/694 695/695 696/696
f 695/695 694/694 697/697
f 698/698 699/699 700/700
f 699/699 698/698 701/701
f 702/702 703/703 704/704
f 703/703 702/702 705/705
f 706/706 707/707 708/708
f 707/707 706/706 709/709
f 710/710 711/711 712/712
f 711/711 710/710 713/713
f 714/714 715/715 716/716
f 715/715 714/714 717/717
f 718/718 719/719 720/720
f 719/719 718/718 721/721
f 722/722 723/723 724/724
f 723/723 722/722 725/725
f 726/726 727/727 728/728
f 727/727 726/726 729/729
f 730/730 731/731 732/732
f 731/731 730/730 733/733
f 734/734 735/735 736/736
f 735/735 734/734 737/737
f 738/738 739/739 740/740
f 739/739 738/738 741/741
f 742/742 743/743 744/744
f 743/743 742/742 745/745
f 746/746 747/747 748/748
f 747/747 746/746 749/749
f 750/750 751/751 752/752
f 751/751 750/750 753/753
f 754/754 755/755 756/756
f 755/755 754/754 757/757
f 758/758 759/759 760/760
f 759/759 758/758 761/761
f 762/762 763/763 764/764
f 763/763 762/762 765/765
f 766/766 767/767 768/768
f 767/767 766/766 769/769
f 770/770 771/771 772/772
f 771/771 770/770 773/773
f 774/774 775/775 776/776
f 775/775 774/774 777/777
f 778/778 779/779 780/780
f 779/779 778/778 781/781
f 782/782 783/783 784/784
f 783/783 782/782 785/785
f 786/786 787/787 788/788
f 787/787 786/786 789/789
f 790/790 791/791 792/792
f 791/791 790/790 793/793
f 794/794 795/795 796/796
f 795/795 794/794 797/797
f 798/798 799/799 800/800
f 799/799 798/798 801/801
f 802/802 803/803 804/804
f 803/803 802/802 805/805
f 806/806 807/807 808/808
f 807/807 806/806 809/809
f 810/810 811/811 812/812
f 811/811 810/810 813/813
f 814/814 815/815 816/816
f 815/815 814/814 817/817
f 818/818 819/819 820/820
f 819/819 818/818 821/821
f 822/822 823/823 824/824
f 823/823 822/822 825/825
f 826/826 827/827 828/828
f 827/827 826/826 829/829
f 830/830 831/831 832/832
f 831/831 830/830 833/833
f 834/834 835/835 836/836
f 835/835 834/834 837/837
f 838/838 840/840 841/841
f 840/840 838/838 843/843
f 844/844 845/845 847/847
f 845/845 844/844 849/849
f 850/850 851/851 852/852
f 851/851 850/850 853/853
f 854/854 842/842 856/856
f 842/842 854/854 839/839
f 858/858 859/859 860/860
f 859/859 858/858 861/861
f 848/848 862/862 864/864
f 862/862 848/848 846/846
f 866/866 867/867 868/868
f 867/867 866/866 869/869
f 870/870 871/871 872/872
f 871/871 870/870 873/873
f 874/874 857/857 875/875
f 857/857 874/874 855/855
f 865/865 876/876 877/877
f 876/876 865/865 863/863
f 878/878 879/879 880/880
f 879/879 878/878 881/881
f 882/882 883/883 885/885
f 883/883 882/882 886/886
f 887/887 888/888 884/884
f 888/888 887/887 889/889
f 890/890 891/891 892/892
f 891/891 890/890 893/893
f 894/894 895/895 896/896
f 895/895 894/894 897/897
f 898/898 900/900 901/901
f 900/900 898/898 902/902
f 904/904 903/903 899/899
f 903/903 904/904 905/905
f 906/906 907/907 908/908
f 907/907 906/906 909/909
f 910/910 912/912 913/913
f 912/912 911/911 914/914
f 915/915 916/916 917/917
f 916/916 915/915 918/918
f 919/919 920/920 921/921
f 920/920 919/919 922/922
f 923/923 924/924 925/925
f 924/924 923/923 926/926
f 927/927 929/929 931/931
f 929/929 927/927 933/933
f 930/930 935/935 932/932
f 935/935 930/930 937/937
f 939/939 941/941 942/942
f 941/941 939/939 943/943
f 945/945 934/934 928/928
f 934/934 945/945 947/947
f 949/949 951/951 952/952
f 951/951 949/949 953/953
f 955/955 944/944 940/940
f 944/944 955/955 956/956
f 957/957 954/954 950/950
f 954/954 957/957 958/958
f 938/938 959/959 936/936
f 959/959 938/938 961/961
f 963/963 965/965 967/967
f 965/965 963/963 969/969
f 971/971 972/972 973/973
f 972/972 971/971 974/974
f 946/946 975/975 948/948
f 975/975 946/946 977/977
f 979/979 980/980 981/981
f 980/980 979/979 982/982
f 983/983 964/964 968/968
f 964/964 983/983 985/985
f 987/987 988/988 990/990
f 988/988 987/987 991/991
f 993/993 995/995 996/996
f 995/995 993/993 998/998
f 962/962 999/999 960/960
f 999/999 962/962 1001/1001
f 970/970 1003/1003 966/966
f 1003/1003 970/970 1005/1005
f 1007/1007 1009/1009 1010/1010
f 1009/1009 1007/1007 1011/1011
f 976/976 1000/1000 1002/1002
f 1000/1000 976/976 978/978
f 1013/1013 1015/1015 1016/1016
f 1015/1015 1013/1013 1017/1017
f 1019/1019 986/986 984/984
f 986/986 1019/1019 1021/1021
f 992/992 1023/1023 989/989
f 1023/1023 992/992 1024/1024
f 1025/1025 997/997 1026/1026
f 997/997 1025/1025 994/994
f 1027/1027 1004/1004 1006/1006
f 1004/1004 1027/1027 1029/1029
f 1031/1031 1012/1012 1008/1008
f 1012/1012 1031/1031 1032/1032
f 1033/1033 1018/1018 1014/1014
f 1018/1018 1033/1033 1034/1034
f 1035/1035 1022/1022 1020/1020
f 1022/1022 1035/1035 1037/1037
f 1036/1036 1028/1028 1038/1038
f 1028/1028 1036/1036 1030/1030
f 1039/1039 1040/1040 1041/1041
f 1040/1040 1039/1039 1042/1042
f 1043/1043 1044/1044 1045/1045
f 1044/1044 1043/1043 1046/1046
f 1047/1047 1048/1048 1049/1049
f 1048/1048 1047/1047 1050/1050
f 1051/1051 1052/1052 1053/1053
f 1052/1052 1051/1051 1054/1054
f 1055/1055 1056/1056 1057/1057
f 1056/1056 1055/1055 1058/1058
f 1059/1059 1060/1060 1061/1061
f 1060/1060 1059/1059 1062/1062
f 1063/1063 1064/1064 1065/1065
f 1064/1064 1063/1063 1066/1066
f 1067/1067 1068/1068 1069/1069
f 1068/1068 1067/1067 1070/1070
f 1071/1071 1072/1072 1073/1073
f 1072/1072 1071/1071 1074/1074
f 1075/1075 1076/1076 1077/1077
f 1076/1076 1075/1075 1078/1078
f 1079/1079 1080/1080 1081/1081
f 1080/1080 1079/1079 1082/1082
f 1083/1083 1084/1084 1085/1085
f 1084/1084 1083/1083 1086/1086
f 1087/1087 1088/1088 1089/1089
f 1088/1088 1087/1087 1090/1090
f 1091/1091 1092/1092 1093/1093
f 1092/1092 1091/1091 1094/1094
f 1095/1095 1096/1096 1097/1097
f 1096/1096 1095/1095 1098/1098
f 1099/1099 1100/1100 1101/1101
f 1100/1100 1099/1099 1102/1102
f 1103/1103 1104/1104 1105/1105
f 1104/1104 1103/1103 1106/1106
f 1107/1107 1108/1108 1109/1109
f 1108/1108 1107/1107 1110/1110
f 1111/1111 1112/1112 1113/1113
f 1112/1112 1111/1111 1114/1114
f 1115/1115 1116/1116 1117/1117
f 1116/1116 1115/1115 1118/1118
f 1119/1119 1120/1120 1121/1121
f 1120/1120 1119/1119 1122/1122
f 1123/1123 1124/1124 1125/1125
f 1124/1124 1123/1123 1126/1126
f 1127/1127 1128/1128 1129/1129
f 1128/1128 1127/1127 1130/1130
f 1131/1131 1132/1132 1133/1133
f 1132/1132 1131/1131 1134/1134
f 1135/1135 1136/1136 1137/1137
f 1136/1136 1135/1135 1138/1138
f 1139/1139 1140/1140 1141/1141
f 1140/1140 1139/1139 1142/1142
f 1143/1143 1144/1144 1145/1145
f 1144/1144 1143/1143 1146/1146
f 1147/1147 1148/1148 1149/1149
f 1148/1148 1147/1147 1150/1150
f 1151/1151 1152/1152 1153/1153
f 1152/1152 1151/1151 1154/1154
f 1155/1155 1156/1156 1157/1157
f 1156/1156 1155/1155 1158/1158
f 1159/1159 1160/1160 1161/1161
f 1160/1160 1159/1159 1162/1162
f 1163/1163 1164/1164 1165/1165
f 1164/1164 1163/1163 1166/1166
f 1167/1167 1168/1168 1169/1169
f 1168/1168 1167/1167 1170/1170
f 1171/1171 1172/1172 1173/1173
f 1172/1172 1171/1171 1174/1174
f 1175/1175 1176/1176 1177/1177
f 1176/1176 1175/1175 1178/1178
f 1179/1179 1180/1180 1181/1181
f 1180/1180 1179/1179 1182/1182
f 1183/1183 1184/1184 1185/1185
f 1184/1184 1183/1183 1186/1186
f 1187/1187 1188/1188 1189/1189
f 1188/1188 1187/1187 1190/1190
f 1191/1191 1192/1192 1193/1193
f 1192/1192 1191/1191 1194/1194
f 1195/1195 1196/1196 1197/1197
f 1196/1196 1195/1195 1198/1198
f 1199/1199 1200/1200 1201/1201
f 1200/1200 1199/1199 1202/1202
f 1203/1203 1204/1204 1205/1205
f 1204/1204 1203/1203 1206/1206
f 1207/1207 1208/1208 1209/1209
f 1208/1208 1207/1207 1210/1210
f 1211/1211 1212/1212 1213/1213
f 1212/1212 1211/1211 1214/1214
f 1215/1215 1216/1216 1217/1217
f 1216/1216 1215/1215 1218/1218
f 1219/1219 1220/1220 1221/1221
f 1220/1220 1219/1219 1222/1222
f 1223/1223 1224/1224 1225/1225
f 1224/1224 1223/1223 1226/1226
f 1227/1227 1228/1228 1229/1229
f 1228/1228 1227/1227 1230/1230
f 1231/1231 1232/1232 1233/1233
f 1232/1232 1231/1231 1234/1234
f 1235/1235 1236/1236 1237/1237
f 1236/1236 1235/1235 1238/1238
f 1239/1239 1240/1240 1241/1241
f 1240/1240 1239/1239 1242/1242
f 1243/1243 1244/1244 1245/1245
f 1244/1244 1243/1243 1246/1246
f 1247/1247 1248/1248 1249/1249
f 1248/1248 1247/1247 1250/1250
f 1251/1251 1252/1252 1253/1253
f 1252/1252 1251/1251 1254/1254
f 1255/1255 1256/1256 1257/1257
f 1256/1256 1255/1255 1258/1258
f 1259/1259 1260/1260 1261/1261
f 1260/1260 1259/1259 1262/1262
f 1263/1263 1264/1264 1265/1265
f 1264/1264 1263/1263 1266/1266
f 1267/1267 1268/1268 1269/1269
f 1268/1268 1267/1267 1270/1270
f 1271/1271 1272/1272 1273/1273
f 1272/1272 1271/1271 1274/1274
f 1275/1275 1276/1276 1277/1277
f 1276/1276 1275/1275 1278/1278
f 1279/1279 1280/1280 1281/1281
f 1280/1280 1279/1279 1282/1282
f 1283/1283 1284/1284 1285/1285
f 1284/1284 1283/1283 1286/1286
f 1287/1287 1288/1288 1289/1289
f 1288/1288 1287/1287 1290/1290
f 1291/1291 1292/1292 1293/1293
f 1292/1292 1291/1291 1294/1294
f 1295/1295 1296/1296 1297/1297
f 1296/1296 1295/1295 1298/1298
f 1299/1299 1300/1300 1301/1301
f 1300/1300 1299/1299 1302/1302
f 1303/1303 1304/1304 1305/1305
f 1304/1304 1303/1303 1306/1306
f 1307/1307 1308/1308 1309/1309
f 1308/1308 1307/1307 1310/1310
f 1311/1311 1312/1312 1313/1313
f 1312/1312 1311/1311 1314/1314
f 1315/1315 1316/1316 1317/1317
f 1316/1316 1315/1315 1318/1318
f 1319/1319 1320/1320 1321/1321
f 1320/1320 1319/1319 1322/1322
f 1323/1323 1324/1324 1325/1325
f 1324/1324 1323/1323 1326/1326
f 1327/1327 1328/1328 1329/1329
f 1328/1328 1327/1327 1330/1330
f 1331/1331 1332/1332 1333/1333
f 1332/1332 1331/1331 1334/1334
f 1335/1335 1336/1336 1337/1337
f 1336/1336 1335/1335 1338/1338
f 1339/1339 1340/1340 1341/1341
f 1340/1340 1339/1339 1342/1342
f 1343/1343 1344/1344 1345/1345
f 1344/1344 1343/1343 1346/1346
f 1347/1347 1348/1348 1349/1349
f 1348/1348 1347/1347 1350/1350
f 1351/1351 1352/1352 1353/1353
f 1352/1352 1351/1351 1354/1354
f 1355/1355 1356/1356 1357/1357
f 1356/1356 1355/1355 1358/1358
f 1359/1359 1360/1360 1361/1361
f 1360/1360 1359/1359 1362/1362
f 1363/1363 1364/1364 1365/1365
f 1364/1364 1363/1363 1366/1366
f 1367/1367 1368/1368 1369/1369
f 1368/1368 1367/1367 1370/1370
f 1371/1371 1372/1372 1373/1373
f 1372/1372 1371/1371 1374/1374
f 1375/1375 1376/1376 1377/1377
f 1376/1376 1375/1375 1378/1378
f 1379/1379 1380/1380 1382/1382
f 1380/1380 1379/1379 1384/1384
f 1385/1385 1387/1387 1389/1389
f 1387/1387 1385/1385 1390/1390
f 1390/1390 1385/1385 1391/1391
f 1393/1393 1387/1387 1390/1390
f 1395/1395 1397/1397 1398/1398
f 1398/1398 1400/1400 1402/1402
f 1400/1400 1398/1398 1397/1397
f 1400/1400 1397/1397 1403/1403
f 1383/1383 1405/1405 1406/1406
f 1405/1405 1383/1383 1381/1381
f 1407/1407 1409/1409 1410/1410
f 1409/1409 1407/1407 1411/1411
f 1413/1413 1412/1412 1408/1408
f 1412/1412 1413/1413 1414/1414
f 1415/1415 1392/1392 1386/1386
f 1392/1392 1415/1415 1417/1417
f 1394/1394 1419/1419 1388/1388
f 1419/1419 1394/1394 1421/1421
f 1424/1424 1396/1396 1399/1399
f 1396/1396 1424/1424 1426/1426
f 1404/1404 1428/1428 1401/1401
f 1428/1428 1404/1404 1430/1430
f 1432/1432 1433/1433 1434/1434
f 1433/1433 1432/1432 1435/1435
f 1436/1436 1437/1437 1438/1438
f 1437/1437 1436/1436 1439/1439
f 1440/1440 1441/1441 1442/1442
f 1441/1441 1440/1440 1443/1443
f 1416/1416 1444/1444 1418/1418
f 1444/1444 1416/1416 1446/1446
f 1448/1448 1420/1420 1422/1422
f 1450/1450 1427/1427 1425/1425
f 1452/1452 1429/1429 1431/1431
f 1429/1429 1452/1452 1454/1454
f 1456/1456 1458/1458 1459/1459
f 1458/1458 1456/1456 1460/1460
f 1462/1462 1464/1464 1465/1465
f 1464/1464 1462/1462 1466/1466
f 1468/1468 1469/1469 1470/1470
f 1469/1469 1468/1468 1471/1471
f 1447/1447 1472/1472 1445/1445
f 1472/1472 1447/1447 1449/1449
f 1449/1449 1423/1423 1472/1472
f 1473/1473 1474/1474 1475/1475
f 1474/1474 1473/1473 1476/1476
f 1451/1451 1477/1477 1426/1426
f 1477/1477 1455/1455 1453/1453
f 1455/1455 1477/1477 1451/1451
f 1478/1478 1461/1461 1457/1457
f 1461/1461 1478/1478 1479/1479
f 1480/1480 1467/1467 1463/1463
f 1467/1467 1480/1480 1481/1481
f 1482/1482 1483/1483 1484/1484
f 1483/1483 1482/1482 1485/1485
f 1486/1486 1487/1487 1488/1488
f 1487/1487 1486/1486 1489/1489
f 1490/1490 1491/1491 1492/1492
f 1491/1491 1490/1490 1493/1493
f 1494/1494 1495/1495 1496/1496
f 1495/1495 1494/1494 1497/1497
f 1498/1498 1499/1499 1500/1500
f 1499/1499 1498/1498 1501/1501
f 1502/1502 1503/1503 1504/1504
f 1503/1503 1502/1502 1505/1505
f 1506/1506 1507/1507 1508/1508
f 1507/1507 1506/1506 1509/1509
f 1510/1510 1511/1511 1512/1512
f 1511/1511 1510/1510 1513/1513
f 1514/1514 1515/1515 1516/1516
f 1515/1515 1514/1514 1517/1517
f 1518/1518 1519/1519 1520/1520
f 1519/1519 1518/1518 1521/1521
f 1522/1522 1523/1523 1524/1524
f 1523/1523 1522/1522 1525/1525
f 1526/1526 1527/1527 1528/1528
f 1527/1527 1526/1526 1529/1529
f 1530/1530 1531/1531 1532/1532
f 1531/1531 1530/1530 1533/1533
f 1534/1534 1535/1535 1536/1536
f 1535/1535 1534/1534 1537/1537
f 1538/1538 1539/1539 1540/1540
f 1539/1539 1538/1538 1541/1541
f 1542/1542 1543/1543 1544/1544
f 1543/1543 1542/1542 1545/1545
f 1546/1546 1547/1547 1548/1548
f 1547/1547 1546/1546 1549/1549
f 1550/1550 1551/1551 1552/1552
f 1551/1551 1550/1550 1553/1553
f 1554/1554 1555/1555 1556/1556
f 1555/1555 1554/1554 1557/1557
f 1558/1558 1559/1559 1560/1560
f 1559/1559 1558/1558 1561/1561
f 1562/1562 1563/1563 1564/1564
f 1563/1563 1562/1562 1565/1565
f 1566/1566 1567/1567 1568/1568
f 1567/1567 1566/1566 1569/1569
f 1570/1570 1571/1571 1572/1572
f 1571/1571 1570/1570 1573/1573
f 1574/1574 1575/1575 1576/1576
f 1575/1575 1574/1574 1577/1577
f 1578/1578 1579/1579 1580/1580
f 1579/1579 1578/1578 1581/1581
f 1582/1582 1583/1583 1584/1584
f 1583/1583 1582/1582 1585/1585
f 1586/1586 1588/1588 1589/1589
f 1588/1588 1586/1586 1591/1591
f 1592/1592 1593/1593 1595/1595
f 1593/1593 1592/1592 1597/1597
f 1598/1598 1599/1599 1600/1600
f 1599/1599 1598/1598 1601/1601
f 1602/1602 1590/1590 1604/1604
f 1590/1590 1602/1602 1587/1587
f 1596/1596 1606/1606 1608/1608
f 1606/1606 1596/1596 1594/1594
f 1610/1610 1611/1611 1612/1612
f 1611/1611 1610/1610 1613/1613
f 1609/1609 1614/1614 1615/1615
f 1614/1614 1609/1609 1607/1607
f 1616/1616 1605/1605 1617/1617
f 1605/1605 1616/1616 1603/1603
f 1618/1618 1619/1619 1620/1620
f 1619/1619 1618/1618 1621/1621
f 1622/1622 1623/1623 1624/1624
f 1623/1623 1622/1622 1625/1625
f 1626/1626 1627/1627 1628/1628
f 1627/1627 1626/1626 1629/1629
f 1630/1630 1631/1631 1632/1632
f 1631/1631 1630/1630 1633/1633
f 1634/1634 1635/1635 1636/1636
f 1635/1635 1634/1634 1637/1637
f 1638/1638 1639/1639 1640/1640
f 1639/1639 1638/1638 1641/1641
f 1642/1642 1643/1643 1644/1644
f 1643/1643 1642/1642 1645/1645
f 1646/1646 1647/1647 1648/1648
f 1647/1647 1646/1646 1649/1649
f 1650/1650 1651/1651 1652/1652
f 1651/1651 1650/1650 1653/1653
f 1654/1654 1655/1655 1656/1656
f 1655/1655 1654/1654 1657/1657
f 1658/1658 1659/1659 1660/1660
f 1659/1659 1658/1658 1661/1661
f 1662/1662 1663/1663 1664/1664
f 1663/1663 1662/1662 1665/1665
f 1666/1666 1667/1667 1668/1668
f 1667/1667 1666/1666 1669/1669
f 1670/1670 1671/1671 1672/1672
f 1671/1671 1670/1670 1673/1673
f 1674/1674 1675/1675 1676/1676
f 1675/1675 1674/1674 1677/1677
f 1678/1678 1679/1679 1680/1680
f 1679/1679 1678/1678 1681/1681
f 1682/1682 1683/1683 1684/1684
f 1683/1683 1682/1682 1685/1685
f 1686/1686 1687/1687 1688/1688
f 1687/1687 1686/1686 1689/1689
f 1690/1690 1691/1691 1692/1692
f 1691/1691 1690/1690 1693/1693
f 1694/1694 1695/1695 1696/1696
f 1695/1695 1694/1694 1697/1697
f 1698/1698 1699/1699 1700/1700
f 1699/1699 1698/1698 1701/1701
f 1702/1702 1703/1703 1704/1704
f 1703/1703 1702/1702 1705/1705
f 1706/1706 1707/1707 1708/1708
f 1707/1707 1706/1706 1709/1709
f 1710/1710 1711/1711 1712/1712
f 1711/1711 1710/1710 1713/1713
f 1714/1714 1715/1715 1716/1716
f 1715/1715 1714/1714 1717/1717
f 1718/1718 1719/1719 1720/1720
f 1719/1719 1718/1718 1721/1721
f 1722/1722 1723/1723 1724/1724
f 1723/1723 1722/1722 1725/1725
f 1726/1726 1727/1727 1728/1728
f 1727/1727 1726/1726 1729/1729
f 1730/1730 1731/1731 1732/1732
f 1731/1731 1730/1730 1733/1733
f 1734/1734 1735/1735 1736/1736
f 1735/1735 1734/1734 1737/1737
f 1738/1738 1739/1739 1740/1740
f 1739/1739 1738/1738 1741/1741
f 1742/1742 1743/1743 1744/1744
f 1743/1743 1742/1742 1745/1745
f 1746/1746 1747/1747 1748/1748
f 1747/1747 1746/1746 1749/1749
f 1750/1750 1751/1751 1752/1752
f 1751/1751 1750/1750 1753/1753
f 1754/1754 1755/1755 1756/1756
f 1755/1755 1754/1754 1757/1757
f 1758/1758 1759/1759 1760/1760
f 1759/1759 1758/1758 1761/1761
f 1762/1762 1763/1763 1764/1764
f 1763/1763 1762/1762 1765/1765
f 1766/1766 1767/1767 1768/1768
f 1767/1767 1766/1766 1769/1769
f 1770/1770 1771/1771 1772/1772
f 1771/1771 1770/1770 1773/1773
f 1774/1774 1775/1775 1776/1776
f 1775/1775 1774/1774 1777/1777
f 1778/1778 1779/1779 1780/1780
f 1779/1779 1778/1778 1781/1781
f 1782/1782 1783/1783 1784/1784
f 1783/1783 1782/1782 1785/1785
f 1786/1786 1787/1787 1788/1788
f 1787/1787 1786/1786 1789/1789
f 1790/1790 1791/1791 1792/1792
f 1791/1791 1790/1790 1793/1793
f 1794/1794 1795/1795 1796/1796
f 1795/1795 1794/1794 1797/1797
f 1798/1798 1799/1799 1800/1800
f 1799/1799 1798/1798 1801/1801
f 1802/1802 1803/1803 1804/1804
f 1803/1803 1802/1802 1805/1805
f 1806/1806 1804/1804 1807/1807
f 1804/1804 1806/1806 1808/1808
f 1809/1809 1811/1811 1812/1812
f 1811/1811 1809/1809 1814/1814
f 1815/1815 1816/1816 1818/1818
f 1816/1816 1815/1815 1820/1820
f 1821/1821 1822/1822 1823/1823
f 1822/1822 1821/1821 1824/1824
f 1825/1825 1813/1813 1827/1827
f 1813/1813 1825/1825 1810/1810
f 1819/1819 1828/1828 1830/1830
f 1828/1828 1819/1819 1817/1817
f 1832/1832 1833/1833 1834/1834
f 1833/1833 1832/1832 1835/1835
f 1831/1831 1836/1836 1837/1837
f 1836/1836 1831/1831 1829/1829
f 1838/1838 1827/1827 1839/1839
f 1827/1827 1838/1838 1826/1826
f 1840/1840 1841/1841 1842/1842
f 1841/1841 1840/1840 1843/1843
f 1844/1844 1845/1845 1846/1846
f 1845/1845 1844/1844 1847/1847
f 1848/1848 1849/1849 1850/1850
f 1849/1849 1848/1848 1851/1851
f 1852/1852 1853/1853 1854/1854
f 1853/1853 1852/1852 1855/1855
f 1856/1856 1857/1857 1858/1858
f 1857/1857 1856/1856 1859/1859
f 1860/1860 1861/1861 1862/1862
f 1861/1861 1860/1860 1863/1863
f 1864/1864 1865/1865 1866/1866
f 1865/1865 1864/1864 1867/1867
f 1868/1868 1869/1869 1870/1870
f 1869/1869 1868/1868 1871/1871
f 1872/1872 1873/1873 1874/1874
f 1873/1873 1872/1872 1875/1875
f 1876/1876 1877/1877 1878/1878
f 1877/1877 1876/1876 1879/1879
f 1880/1880 1881/1881 1882/1882
f 1881/1881 1880/1880 1883/1883
f 1884/1884 1885/1885 1886/1886
f 1885/1885 1884/1884 1887/1887
f 1888/1888 1889/1889 1890/1890
f 1889/1889 1888/1888 1891/1891
f 1892/1892 1893/1893 1894/1894
f 1893/1893 1892/1892 1895/1895
f 1896/1896 1897/1897 1898/1898
f 1897/1897 1896/1896 1899/1899
f 1900/1900 1901/1901 1902/1902
f 1901/1901 1900/1900 1904/1904
f 1905/1905 1906/1906 1908/1908
f 1906/1906 1905/1905 1910/1910
f 1911/1911 1912/1912 1913/1913
f 1912/1912 1911/1911 1914/1914
f 1915/1915 1903/1903 1917/1917
f 1903/1903 1915/1915 1900/1900
f 1909/1909 1918/1918 1920/1920
f 1918/1918 1909/1909 1907/1907
f 1922/1922 1923/1923 1924/1924
f 1923/1923 1922/1922 1925/1925
f 1921/1921 1926/1926 1927/1927
f 1926/1926 1921/1921 1919/1919
f 1928/1928 1917/1917 1929/1929
f 1917/1917 1928/1928 1916/1916
f 1930/1930 1931/1931 1932/1932
f 1931/1931 1930/1930 1933/1933
f 1934/1934 1935/1935 1936/1936
f 1935/1935 1934/1934 1937/1937

