# https://github.com/mikedh/trimesh
v -3.10044353 2.82467169 -1.50688510
v -3.11697889 2.65530695 -1.50691404
v -3.11685477 2.82478339 -1.50702423
v -2.53137365 2.65529788 -1.50694719
v -2.51495013 2.82466272 -1.50708035
v -2.51478527 2.65530606 -1.50698420
v -3.11694714 2.66687640 -1.46938207
v -3.11684831 2.65529354 -1.50691508
v -3.11689623 2.65532910 -1.48344253
v -3.11708515 2.82463799 -1.50692860
v -3.11709425 2.71759676 -1.44956205
v -3.11693377 2.75895563 -1.43989850
v -3.11705742 2.80023500 -1.43700452
v -3.11683517 2.82355513 -1.44610026
v -3.11685044 2.83351028 -1.47388592
v -3.11702224 2.83358033 -1.47371039
v -3.10027006 2.82482148 -1.50691440
v -3.11711481 2.82468490 -1.50688344
v -3.10058990 2.83347031 -1.46675259
v -2.51463743 2.82456280 -1.50701988
v -3.10050172 2.82456428 -1.50677135
v -2.53129401 2.83346346 -1.46682385
v -2.51454557 2.65549906 -1.50688591
v -2.51493755 2.66677388 -1.46929800
v -2.51460556 2.65525541 -1.49029559
v -2.51484615 2.82461689 -1.50685461
v -2.51470440 2.71782567 -1.44952606
v -2.51477501 2.75889433 -1.44004822
v -2.51484172 2.80031366 -1.43702551
v -2.51457548 2.82360735 -1.44608213
v -2.51473922 2.83359237 -1.47395808
v -2.51478560 2.65534522 -1.49037742
v -2.53122601 2.65530179 -1.50709029
v -2.51485454 2.65541443 -1.50684902
v -2.53125968 2.65520816 -1.48327521
v -3.11712227 2.65528859 -1.50688719
v -2.53147558 2.65540239 -1.50701167
v -3.11697843 2.65531153 -1.48334465
v -3.10038469 2.80016992 -1.42982208
v -3.11691459 2.80033574 -1.43696510
v -3.11690823 2.75902078 -1.43992746
v -3.10060422 2.80023444 -1.43004881
v -3.11713701 2.82371221 -1.44631581
v -3.11709634 2.80014046 -1.43705788
v -3.10041942 2.82382234 -1.43914182
v -3.11688191 2.82383060 -1.44613791
v -3.10070137 2.83355659 -1.46676193
v -3.11694588 2.83346784 -1.47387367
v -3.10042348 2.82364831 -1.43933721
v -3.10046782 2.66668530 -1.46213965
v -3.11701964 2.66677713 -1.46945670
v -3.11704260 2.65531817 -1.48351932
v -3.10042542 2.66675751 -1.46237418
v -3.11723798 2.71767151 -1.44957638
v -3.11704461 2.66674405 -1.46918075
v -3.10046170 2.75894238 -1.43297308
v -3.11681924 2.75902838 -1.43982485
v -3.11698481 2.71771329 -1.44950718
v -3.10039307 2.83341366 -1.46694964
v -3.10035005 2.82348518 -1.43916521
v -3.06830974 2.83332147 -1.46673362
v -3.10047728 2.83338419 -1.46674328
v -3.06833790 2.82382922 -1.43294220
v -2.53129177 2.83322817 -1.46693245
v -2.56329815 2.82368022 -1.43300788
v -2.53107259 2.83329665 -1.46685770
v -2.51475839 2.83349010 -1.47398197
v -2.51477297 2.82451922 -1.50687590
v -2.51462603 2.71756910 -1.44952867
v -2.53137647 2.75888458 -1.43267653
v -2.53122863 2.71785754 -1.44251043
v -2.51464941 2.75891317 -1.43987672
v -2.51471022 2.71756032 -1.44963538
v -2.53092532 2.71761040 -1.44263769
v -2.51477661 2.66683867 -1.46942052
v -2.51456866 2.66687225 -1.46938453
v -2.53129155 2.65521536 -1.48343802
v -2.51486195 2.65544403 -1.49031953
v -2.53137269 2.66664618 -1.46243450
v -2.53134244 2.83310789 -1.46691532
v -2.51457523 2.82364968 -1.44616851
v -2.51476008 2.83361165 -1.47389267
v -2.53128222 2.82394965 -1.43917396
v -2.51483588 2.80026931 -1.43708969
v -2.53113230 2.82359006 -1.43905708
v -2.53115441 2.80017930 -1.42995226
v -2.51479546 2.82392826 -1.44632984
v -2.51475637 2.75882309 -1.43997111
v -2.53124328 2.80032788 -1.43003235
v -2.53126190 2.75878680 -1.43290480
v -2.51442423 2.80035619 -1.43716655
v -2.53138110 2.65521839 -1.48336782
v -2.53123908 2.65528535 -1.50708463
v -2.51456225 2.65536612 -1.49052295
v -2.56343348 2.66671368 -1.45797977
v -3.10044457 2.65520856 -1.48346936
v -2.56347692 2.65539516 -1.48348673
v -3.06843703 2.66683472 -1.45759779
v -3.11708900 2.65537758 -1.48339576
v -3.10042536 2.65518885 -1.48327936
v -2.53111813 2.66683443 -1.46219366
v -2.53163313 2.65534634 -1.48336821
v -3.10047176 2.80018314 -1.42996343
v -3.11694709 2.75890611 -1.43998324
v -3.06816129 2.80013400 -1.42369993
v -3.10043824 2.71753516 -1.44245897
v -3.11708497 2.71768828 -1.44950956
v -3.10051417 2.66665441 -1.46222022
v -3.10035745 2.75892163 -1.43277585
v -3.11702867 2.71762540 -1.44957572
v -2.56338021 2.80009214 -1.42373988
v -3.06831237 2.82372257 -1.43301380
v -3.06825541 2.80013740 -1.42368347
v -2.56358697 2.82357789 -1.43295418
v -2.53109126 2.82371424 -1.43916604
v -2.53139018 2.83340961 -1.46679914
v -2.56323566 2.75899780 -1.42681364
v -2.56320086 2.71757752 -1.43635619
v -2.53109002 2.75892826 -1.43285719
v -2.51468683 2.66685594 -1.46926595
v -2.53138502 2.66697535 -1.46215345
v -2.53128193 2.80016368 -1.43006946
v -2.56339787 2.82361838 -1.43305774
v -2.56332667 2.80028615 -1.42384739
v -2.53116668 2.82382699 -1.43925366
v -2.53130512 2.80034598 -1.42989474
v -2.56338718 2.66688881 -1.45778851
v -3.06844167 2.71752872 -1.43625248
v -3.06837097 2.66671806 -1.45777679
v -3.06835279 2.80014441 -1.42376852
v -3.10037427 2.82363573 -1.43916183
v -3.06834871 2.75898840 -1.42664615
v -3.06812357 2.80013503 -1.42376903
v -2.56336469 2.80021111 -1.42374615
v -2.53139157 2.80046772 -1.43010807
v 0.66289062 2.08050636 -1.43845523
v 0.65247238 2.23259178 -1.43856883
v 0.65262614 2.09321112 -1.43888147
v 0.66271674 2.24521646 -1.43861994
v 0.67739169 2.07768856 -1.43858965
v 0.67715782 2.24838378 -1.43846225
v 0.81841386 2.07780169 -1.43861046
v 0.81832713 2.24822438 -1.43846279
v 0.83285951 2.08082437 -1.43866715
v 0.83305533 2.24525380 -1.43859030
v 0.84335647 2.09308916 -1.43843384
v 0.84323804 2.23251923 -1.43849681
v -3.11278824 4.95740298 -1.27763703
v -2.51868941 4.93052714 -1.39604677
v -3.11288692 4.93045256 -1.39599272
v -2.51877005 4.95736741 -1.27775661
v -3.11290847 4.96681438 -1.24803562
v -2.51889357 4.96697194 -1.24795863
v -2.51871982 4.91183410 -1.46977567
v -2.51890986 4.89996121 -1.39659010
v -2.51876690 4.89645231 -1.45959409
v -2.51883209 4.93220886 -1.27825292
v -2.51889007 4.93037461 -1.39583393
v -2.51878463 4.95746830 -1.27788474
v -2.51882742 4.95270674 -1.25314920
v -2.51874464 4.96703315 -1.24800027
v -3.08516848 4.91189536 -1.46969681
v -3.11297176 4.91193267 -1.46943477
v -2.51880104 4.91188656 -1.46956038
v -3.11287543 4.89977254 -1.39658232
v -3.11309340 4.91194628 -1.46950622
v -3.11303648 4.89657273 -1.45944673
v -3.11285099 4.93206963 -1.27806890
v -3.11277040 4.93042517 -1.39599191
v -3.11285228 4.95739794 -1.27791732
v -3.11292801 4.95312514 -1.25325346
v -3.11291176 4.96698492 -1.24805006
v -3.08497880 4.94161206 -1.25337451
v -2.54653071 4.96688606 -1.24802864
v -3.11297466 4.96682601 -1.24787338
v -2.54656904 4.94160662 -1.25316714
v -2.51881189 4.96700059 -1.24788506
v -2.51876305 4.95307608 -1.25300940
v -2.51871724 4.93222351 -1.27815678
v -2.54647751 4.94129916 -1.25337477
v -2.54654501 4.92058059 -1.27786078
v -2.51877203 4.95319378 -1.25332404
v -2.51880360 4.93225742 -1.27790428
v -2.54650410 4.92063468 -1.27804571
v -2.51876422 4.89988547 -1.39683001
v -2.54649794 4.88815623 -1.39689773
v -2.51870207 4.89649788 -1.45966878
v -2.51884032 4.89654964 -1.45942448
v -2.54653329 4.88426246 -1.45078138
v -2.51874604 4.91207899 -1.46962438
v -2.51872146 4.91196238 -1.46946385
v -3.08528210 4.88413287 -1.45079224
v -3.08519852 4.91193123 -1.46956703
v -3.11296932 4.89667320 -1.45970985
v -3.11291354 4.91200430 -1.46958587
v -3.08526126 4.94132766 -1.25315312
v -3.11300461 4.93231146 -1.27815128
v -3.08523567 4.92055521 -1.27812313
v -3.11283046 4.95310843 -1.25330439
v -3.11305516 4.96668854 -1.24794460
v -3.11301769 4.95296908 -1.25322109
v -3.11266221 4.89987126 -1.39662168
v -3.11287593 4.89661638 -1.45971957
v -3.08522278 4.88424061 -1.45092541
v -3.11291782 4.93217565 -1.27802027
v -3.08525836 4.88793872 -1.39682429
v -2.54646688 4.88437473 -1.45073584
v -2.54650610 4.88828186 -1.39660667
v -3.08524988 4.88403782 -1.45092036
v -2.54669851 4.88418045 -1.45086061
v -3.08532521 4.88819273 -1.39657230
v -3.08514080 4.92060552 -1.27789967
v -2.54633674 4.92056713 -1.27786627
v -3.08518486 4.92049492 -1.27796094
v -2.84366866 -4.35001965 -1.42112577
v -2.98321366 -4.20798072 -1.42119357
v -2.98298718 -4.34981025 -1.42111680
v -2.84366206 -4.20785047 -1.42100621
v -2.84350488 -4.20802841 -1.42098532
v -2.97965842 -4.18849465 -1.42889247
v -2.98303801 -4.20791224 -1.42081520
v -2.84720334 -4.18850254 -1.42883824
v -2.98299109 -4.34984015 -1.42116742
v -2.99439686 -4.21159029 -1.42893965
v -2.99439688 -4.34650384 -1.42906536
v -2.98283124 -4.20796129 -1.42105175
v -2.97959196 -4.36949068 -1.42907383
v -2.84370936 -4.34982530 -1.42104721
v -2.98288806 -4.35002302 -1.42092037
v -2.84699307 -4.36947778 -1.42889738
v -2.83222849 -4.34657068 -1.42906543
v -2.84343719 -4.20785701 -1.42109866
v -2.84363718 -4.34985303 -1.42108030
v -2.83228048 -4.21144372 -1.42890479
v -2.83551680 -4.19825996 -1.42893931
v -2.84697900 -4.18840893 -1.42901998
v -2.97959938 -4.18839417 -1.42898192
v -2.84364445 -4.18349192 -1.43909103
v -2.98301225 -4.18383177 -1.43893706
v -2.84694308 -4.18836791 -1.42885920
v -2.99127518 -4.19819209 -1.42890513
v -2.99134847 -4.19810454 -1.42899026
v -2.99458251 -4.34628961 -1.42876262
v -2.99874440 -4.20800216 -1.43906400
v -2.99868441 -4.34995556 -1.43912170
v -2.99445989 -4.21172644 -1.42901300
v -2.99455392 -4.34648718 -1.42913220
v -2.99119459 -4.35967082 -1.42915265
v -2.97964918 -4.36959698 -1.42902570
v -2.99147056 -4.35964543 -1.42899516
v -2.84698035 -4.36947307 -1.42881181
v -2.98316392 -4.37415049 -1.43886184
v -2.84354664 -4.37408373 -1.43897195
v -2.97950237 -4.36960402 -1.42883677
v -2.83523898 -4.35977021 -1.42873507
v -2.83217754 -4.21157379 -1.42897460
v -2.83533456 -4.19817255 -1.42887775
v -2.83521967 -4.35996784 -1.42884985
v -2.82801233 -4.20811753 -1.43893061
v -2.83208774 -4.34648553 -1.42869827
v -2.82810128 -4.35013970 -1.43911263
v -2.83199893 -4.21159291 -1.42899269
v -2.84703524 -4.18848644 -1.42902563
v -2.83532272 -4.19815426 -1.42884856
v -2.83135188 -4.19391170 -1.43891147
v -2.84714078 -4.18847670 -1.42906163
v -2.83137630 -4.19392592 -1.43906925
v -2.84354063 -4.18362457 -1.43895034
v -2.97961766 -4.18849041 -1.42896357
v -2.98297659 -4.18369458 -1.43894890
v -2.99124352 -4.19821118 -1.42877683
v -2.99544387 -4.19388258 -1.43903536
v -2.99440687 -4.21166061 -1.42883876
v -2.99130258 -4.19810413 -1.42908523
v -2.99542950 -4.19402885 -1.43904811
v -2.99450284 -4.21158718 -1.42895597
v -2.99132504 -4.35978101 -1.42893478
v -2.99123017 -4.35981690 -1.42895409
v -2.99538608 -4.36396703 -1.43899978
v -2.97958902 -4.36963017 -1.42895194
v -2.98307149 -4.37427707 -1.43900385
v -2.83525222 -4.35981575 -1.42887099
v -2.84695715 -4.36943842 -1.42872363
v -2.84361139 -4.37420588 -1.43900598
v -2.83521556 -4.19818972 -1.42892679
v -2.83207786 -4.34640902 -1.42894994
v -2.83520094 -4.35954260 -1.42904137
v -2.83142962 -4.36406561 -1.43898386
v -2.83212788 -4.34636802 -1.42883176
v -2.83114165 -4.36402060 -1.43904177
v -2.83127849 -4.19397334 -1.43901640
v -2.83541913 -4.19827526 -1.42899816
v -2.82799562 -4.20801796 -1.43892350
v -2.99543348 -4.19398186 -1.43893696
v -2.99866938 -4.34993792 -1.43892389
v -2.99533474 -4.36398961 -1.43901350
v -2.99125022 -4.35970534 -1.42900644
v -2.83527196 -4.35984959 -1.42905371
v -2.84380085 -4.37440082 -1.43885493
v -2.83130028 -4.36393399 -1.43899352
v -0.48599780 4.69095395 -1.43851371
v -0.48914861 4.84656531 -1.43868522
v -0.48898570 4.70540057 -1.43860501
v -0.48580948 4.86106329 -1.43873707
v -0.47335212 4.68055654 -1.43863349
v -0.47332561 4.87134316 -1.43854107
v -0.33406746 4.68054542 -1.43863734
v -0.33409795 4.87114341 -1.43854415
v -0.32135301 4.69081599 -1.43869261
v -0.32136914 4.86087714 -1.43866974
v -0.31832520 4.70518823 -1.43850470
v -0.31805070 4.84650501 -1.43868192
v -1.24351196 3.69155531 -1.50699036
v -1.41276243 3.10601849 -1.50705818
v -1.41278398 3.69183600 -1.50676961
v -1.41288748 3.08930905 -1.50694576
v -1.24378696 3.08934353 -1.50697944
v -1.24353143 3.67499353 -1.50697669
v -1.41293439 3.69179471 -1.48346053
v -1.24351311 3.69169220 -1.50689253
v -1.41307846 3.69168105 -1.50687265
v -1.23478597 3.69155826 -1.47387925
v -1.40136408 3.69168831 -1.46948862
v -1.24454688 3.69168383 -1.44634739
v -1.35077248 3.69163668 -1.44955177
v -1.30928832 3.69170849 -1.43992651
v -1.26784421 3.69194442 -1.43700981
v -1.24362924 3.69144130 -1.50696105
v -1.23474115 3.69159605 -1.47388490
v -1.24356327 3.67519915 -1.50698497
v -1.24344275 3.67497704 -1.50699666
v -1.23476392 3.10581001 -1.46660225
v -1.24353986 3.08954237 -1.50702015
v -1.23477234 3.64313890 -1.46676552
v -1.23472866 3.67518500 -1.46693838
v -1.23478886 3.08929950 -1.47389274
v -1.41287125 3.08939394 -1.50695939
v -1.24348765 3.08939490 -1.50701891
v -1.41296310 3.08932973 -1.49037316
v -1.40136020 3.08945925 -1.46922585
v -1.24459229 3.08945128 -1.44636816
v -1.35060834 3.08944862 -1.44937837
v -1.30931680 3.08938869 -1.43981561
v -1.26809122 3.08943598 -1.43711758
v -1.41290620 3.10597267 -1.50688981
v -1.41290935 3.08943783 -1.50693344
v -1.41298254 3.08955929 -1.49037125
v -1.41294301 3.13804170 -1.48328579
v -1.41286622 3.10576707 -1.50684282
v -1.41285309 3.10615488 -1.48332857
v -1.41279517 3.69201384 -1.50696906
v -1.41295252 3.67518119 -1.48324790
v -1.41297460 3.69162230 -1.48331890
v -1.26826796 3.69160321 -1.43700321
v -1.30929657 3.69154796 -1.43973586
v -1.26808301 3.67510330 -1.43000755
v -1.24446161 3.67511922 -1.43914864
v -1.26793106 3.69170734 -1.43707590
v -1.26818324 3.67520312 -1.43011434
v -1.24469448 3.69185929 -1.44638983
v -1.23472992 3.67507751 -1.46686720
v -1.24442015 3.69160781 -1.44621820
v -1.24443081 3.67527800 -1.43917506
v -1.23464021 3.69189441 -1.47374883
v -1.41279334 3.69176280 -1.48307052
v -1.40116788 3.67507812 -1.46215566
v -1.40133662 3.69172379 -1.46935270
v -1.35052324 3.69181333 -1.44952274
v -1.40136376 3.69186040 -1.46933569
v -1.40134251 3.67525997 -1.46208221
v -1.30910883 3.69175535 -1.43991366
v -1.35070038 3.69174654 -1.44965274
v -1.30934183 3.67522480 -1.43282938
v -1.23469966 3.67509258 -1.46667264
v -1.23473365 3.67528041 -1.46672727
v -1.24445311 3.67510794 -1.43913700
v -1.23466283 3.64308857 -1.46692072
v -1.24436405 3.13808028 -1.43289419
v -1.23482073 3.10602351 -1.46687954
v -1.24445683 3.64298551 -1.43300802
v -1.23480718 3.10594159 -1.46697725
v -1.23465780 3.08949804 -1.47395900
v -1.24362670 3.08933156 -1.50685331
v -1.30917109 3.08936741 -1.43984241
v -1.35068153 3.10589408 -1.44237983
v -1.35058366 3.08933751 -1.44980548
v -1.30916636 3.10599100 -1.43299948
v -1.35051159 3.10595600 -1.44240009
v -1.40130109 3.08932192 -1.46929483
v -1.35050295 3.08947732 -1.44937613
v -1.41278582 3.10589936 -1.48317943
v -1.41296862 3.08935060 -1.49058389
v -1.40140956 3.08951051 -1.46923436
v -1.23470056 3.08933542 -1.47397048
v -1.24453265 3.10605611 -1.43923421
v -1.24438073 3.08939512 -1.44623908
v -1.23459206 3.10590829 -1.46662509
v -1.24461610 3.08931313 -1.44642026
v -1.26801431 3.10601782 -1.42989272
v -1.26790526 3.08942614 -1.43720711
v -1.24460755 3.10598894 -1.43900087
v -1.26797470 3.08926720 -1.43724437
v -1.30930629 3.10612098 -1.43284058
v -1.30934327 3.08933541 -1.43998533
v -1.26790952 3.10588917 -1.43006120
v -1.41283440 3.10600600 -1.50687717
v -1.41279702 3.08935114 -1.49065952
v -1.41293666 3.10598689 -1.48350361
v -1.40137278 3.64295529 -1.45773594
v -1.41273813 3.13812506 -1.48322374
v -1.40149614 3.13821946 -1.45758167
v -1.41316400 3.67514833 -1.48320583
v -1.41277347 3.69167063 -1.48338955
v -1.41298888 3.67517882 -1.48355106
v -1.41295909 3.10607333 -1.48336770
v -1.40143654 3.10594653 -1.46196757
v -1.26782986 3.67507719 -1.42979645
v -1.30924503 3.69179287 -1.43999589
v -1.26803409 3.64309936 -1.42388595
v -1.35065460 3.69180924 -1.44966566
v -1.40154583 3.67521389 -1.46245412
v -1.35065154 3.67511962 -1.44256812
v -1.30935150 3.67522639 -1.43278870
v -1.35067162 3.69177111 -1.44938813
v -1.24460295 3.13810876 -1.43277398
v -1.26787375 3.64310055 -1.42382708
v -1.26801961 3.13822076 -1.42373881
v -1.24447555 3.64296819 -1.43315936
v -1.24445408 3.10588589 -1.43915402
v -1.23467909 3.10604236 -1.46672266
v -1.30900243 3.10607809 -1.43289630
v -1.35065843 3.13834339 -1.43633382
v -1.30924041 3.13828302 -1.42647771
v -1.40140458 3.10598253 -1.46242062
v -1.40149295 3.08936069 -1.46936927
v -1.40143239 3.08941426 -1.46914173
v -1.24442215 3.10598944 -1.43914019
v -1.26795481 3.13823003 -1.42390908
v -1.26795001 3.10584407 -1.42996006
v -1.24445789 3.13819769 -1.43285461
v -1.26786838 3.10612540 -1.42980466
v -1.40136628 3.64305500 -1.45787610
v -1.40136578 3.13810189 -1.45785053
v -1.35061838 3.64311546 -1.43639327
v -1.26780318 3.64306550 -1.42383000
v -1.24448495 3.67524337 -1.43928842
v -1.30902461 3.64293216 -1.42673447
v -1.26781065 3.13818419 -1.42366929
v -1.26782875 3.64305532 -1.42393848
v -1.26798595 3.10597803 -1.42997086
v -3.10066902 4.90888740 -1.50677190
v -3.11683820 4.73934411 -1.50690596
v -3.11720985 4.90895422 -1.50715187
v -2.53120019 4.73956980 -1.50681742
v -2.51467387 4.90863173 -1.50696156
v -2.51473725 4.73948759 -1.50684885
v -2.51464095 4.73966906 -1.50688266
v -2.51474972 4.74061824 -1.44628914
v -2.51468030 4.73072428 -1.47415023
v -2.51468082 4.90880926 -1.50697279
v -2.51472410 4.76374950 -1.43707683
v -2.51455391 4.80517910 -1.43998902
v -2.51477238 4.84670536 -1.44968543
v -2.51462202 4.89737390 -1.46916956
v -2.51457375 4.90881044 -1.48352482
v -2.51456150 4.73085648 -1.47402723
v -2.53116554 4.73936658 -1.50703142
v -2.51487605 4.73954602 -1.50692302
v -2.53119149 4.73085591 -1.46672757
v -3.11692924 4.73952702 -1.50706127
v -2.53124624 4.73932461 -1.50704423
v -3.10046605 4.73081548 -1.46658374
v -3.11710207 4.74046746 -1.44626392
v -3.11693517 4.73950975 -1.50691357
v -3.11708985 4.73074642 -1.47382051
v -3.11704289 4.90898405 -1.50697540
v -3.11705535 4.76391312 -1.43711202
v -3.11713126 4.80519474 -1.43976981
v -3.11678247 4.84643789 -1.44945145
v -3.11697603 4.89739175 -1.46923720
v -3.11690155 4.90883555 -1.49057989
v -3.11710608 4.90881295 -1.49045026
v -3.10040446 4.90886024 -1.50684969
v -3.11723848 4.90887281 -1.50705950
v -3.10034123 4.90885442 -1.48330000
v -2.51476546 4.90880855 -1.50714435
v -3.10034318 4.90874505 -1.50721907
v -2.51459960 4.90899314 -1.48345595
v -2.51458395 4.80511984 -1.44016958
v -2.53127972 4.76391620 -1.42995495
v -2.51469875 4.76391313 -1.43706295
v -2.51473183 4.74038728 -1.44628409
v -2.53127908 4.76385109 -1.43008294
v -2.53129884 4.74045803 -1.43910805
v -2.51471610 4.76386344 -1.43703004
v -2.51462517 4.74051992 -1.44643771
v -2.53128981 4.73077861 -1.46674343
v -2.51463911 4.73073810 -1.47400121
v -2.53111613 4.74030880 -1.43903804
v -2.53124437 4.89720994 -1.46229208
v -2.51458488 4.89730146 -1.46949369
v -2.51473936 4.90873490 -1.48349471
v -2.51466418 4.89744498 -1.46942549
v -2.53118848 4.89732231 -1.46226139
v -2.51469670 4.84665115 -1.44949262
v -2.51481289 4.84654997 -1.44956805
v -2.53129095 4.80511053 -1.43282149
v -2.51471570 4.80515582 -1.44007897
v -2.53141938 4.73071881 -1.46677833
v -2.53101671 4.74043103 -1.43903435
v -2.56328693 4.73069925 -1.46678883
v -2.53128717 4.73088931 -1.46695291
v -2.56341475 4.74059279 -1.43298941
v -3.10051564 4.73072967 -1.46674223
v -3.06822984 4.74047868 -1.43290063
v -3.10035866 4.73059100 -1.46683600
v -3.11689973 4.73075614 -1.47388859
v -3.11692014 4.73954802 -1.50703990
v -3.10058354 4.80507804 -1.43262639
v -3.11709889 4.84647230 -1.44956435
v -3.11688303 4.80501752 -1.43993904
v -3.10033085 4.84661198 -1.44238632
v -3.10048355 4.84667851 -1.44260174
v -3.11688821 4.89741497 -1.46930721
v -3.11696223 4.84651782 -1.44944881
v -3.11710909 4.89723334 -1.46935157
v -3.10045115 4.90883652 -1.48320065
v -3.11704971 4.90889735 -1.49044397
v -3.10021159 4.73056043 -1.46685329
v -3.11703703 4.74058621 -1.44634145
v -3.11681814 4.73087098 -1.47382327
v -3.10041127 4.74028845 -1.43912122
v -3.10060463 4.74041199 -1.43911905
v -3.11702172 4.76398086 -1.43709873
v -3.11715003 4.74033980 -1.44638844
v -3.10048930 4.76401158 -1.42991643
v -3.10042140 4.76374940 -1.42972355
v -3.11699267 4.80544761 -1.44002476
v -3.11704852 4.76415153 -1.43719663
v -3.10041320 4.80516244 -1.43290297
v -3.10023286 4.90871565 -1.48327238
v -3.10034224 4.90867457 -1.50714746
v -3.11717405 4.90873682 -1.49046071
v -3.06825385 4.89734280 -1.45768636
v -2.53114186 4.90889909 -1.48332607
v -3.06835243 4.90890006 -1.48334651
v -2.56348805 4.89730265 -1.45754828
v -2.51451846 4.90876475 -1.48358036
v -2.53118187 4.90872609 -1.48328945
v -3.10049546 4.89759314 -1.46223945
v -3.10036309 4.90869381 -1.48365708
v -2.51469547 4.80522456 -1.43986042
v -2.53130000 4.76374873 -1.43013444
v -2.56335339 4.76395597 -1.42389682
v -2.51476413 4.84642121 -1.44974132
v -2.53122207 4.89744993 -1.46227419
v -2.53138991 4.84647605 -1.44228746
v -2.51448901 4.84652444 -1.44962681
v -2.53144819 4.80503744 -1.43282798
v -2.56338728 4.74047609 -1.43300549
v -3.06844831 4.76371927 -1.42379092
v -3.06837392 4.74058458 -1.43312927
v -2.56323602 4.76381346 -1.42378307
v -3.10043344 4.74041392 -1.43934848
v -3.10050647 4.73086315 -1.46692935
v -3.06847924 4.80517479 -1.42669775
v -3.10059036 4.80511955 -1.43286857
v -3.06833131 4.84651343 -1.43619171
v -3.10041648 4.89739774 -1.46207717
v -3.11687638 4.89706087 -1.46940597
v -3.11715293 4.89729104 -1.46928857
v -3.06830940 4.74040518 -1.43284195
v -3.10061219 4.76387274 -1.42991198
v -2.56340815 4.84637618 -1.43626719
v -3.06820499 4.89739934 -1.45764257
v -2.56337882 4.89737636 -1.45780393
v -2.56344264 4.76392704 -1.42412854
v -2.53116430 4.74048445 -1.43925229
v -2.56348790 4.80517635 -1.42661227
v -2.56344936 4.76400324 -1.42376341
v -3.06836999 4.76383368 -1.42378262
v -3.10038115 4.76395283 -1.42997888
v -3.10044107 4.76387985 -1.42988370
v -3.10055863 2.02165282 -1.50714331
v -3.11694306 1.85229497 -1.50695162
v -3.11721048 2.02175259 -1.50685859
v -2.53124004 1.85231593 -1.50704881
v -2.51465645 2.02175190 -1.50707352
v -2.51443076 1.85222322 -1.50686594
v -3.11707525 1.86371381 -1.46950074
v -3.11705796 1.85224479 -1.50701946
v -3.11701474 1.85232949 -1.48349795
v -3.11711351 2.02159529 -1.50700998
v -3.11709364 1.91453813 -1.44960407
v -3.11695495 1.95583535 -1.43995619
v -3.11699681 1.99726335 -1.43694976
v -3.11700627 2.02048383 -1.44641350
v -3.11722093 2.03021375 -1.47400158
v -3.11699518 2.03014082 -1.47376538
v -3.10034646 2.02171931 -1.50700467
v -3.11696449 2.02149237 -1.50679117
v -3.10058210 2.03028230 -1.46664983
v -2.51445176 2.02158093 -1.50699446
v -3.10071605 2.02176747 -1.50691968
v -2.53143767 2.03042566 -1.46673362
v -2.51474616 1.85221071 -1.50687601
v -2.51468526 1.86372379 -1.46924193
v -2.51458597 1.85230719 -1.49042368
v -2.51484177 2.02147497 -1.50686686
v -2.51464248 1.91457809 -1.44945867
v -2.51476682 1.95590091 -1.44003772
v -2.51470302 1.99725363 -1.43715584
v -2.51450734 2.02070782 -1.44611505
v -2.51473133 2.03019170 -1.47398567
v -2.51465237 1.85219959 -1.49040959
v -2.53122710 1.85220740 -1.50685488
v -2.51456956 1.85219267 -1.50689859
v -2.53122647 1.85225754 -1.48337654
v -3.11711941 1.85241434 -1.50705960
v -2.53133279 1.85233638 -1.50693296
v -3.11707214 1.85216041 -1.48338219
v -3.10050168 1.99722436 -1.43008978
v -3.11695214 1.99731586 -1.43706494
v -3.11708169 1.95576462 -1.43993084
v -3.10052115 1.99728523 -1.43015976
v -3.11682010 2.02038084 -1.44626132
v -3.11710184 1.99724233 -1.43716590
v -3.10057382 2.02055524 -1.43918311
v -3.11719003 2.02063748 -1.44650473
v -3.10033479 2.03030130 -1.46669852
v -3.11705191 2.03025337 -1.47384590
v -3.10051700 2.02043025 -1.43914958
v -3.10059908 1.86367206 -1.46210884
v -3.11689010 1.86367359 -1.46938603
v -3.11702254 1.85216248 -1.48332901
v -3.10047289 1.86363389 -1.46222362
v -3.11719866 1.91472697 -1.44948043
v -3.11713401 1.86368531 -1.46948574
v -3.10051236 1.95574681 -1.43270626
v -3.11718855 1.95580278 -1.44010605
v -3.11699186 1.91449158 -1.44969125
v -3.10030752 2.03049729 -1.46685556
v -3.10040252 2.02057504 -1.43911537
v -3.06812999 2.03030766 -1.46661166
v -3.10048637 2.03032578 -1.46660161
v -3.06826009 2.02038012 -1.43295538
v -2.53137536 2.03016338 -1.46689473
v -2.56337689 2.02047520 -1.43312369
v -2.53128198 2.03037734 -1.46686924
v -2.51484470 2.03011058 -1.47399371
v -2.51462208 2.02169415 -1.50686983
v -2.51472762 1.91453785 -1.44941444
v -2.53133259 1.95588012 -1.43301292
v -2.53117205 1.91447777 -1.44254879
v -2.51462948 1.95572742 -1.44002513
v -2.51455040 1.91441619 -1.44961355
v -2.53131340 1.91460569 -1.44261921
v -2.51458005 1.86364821 -1.46940167
v -2.51480228 1.86365835 -1.46921668
v -2.53122064 1.85213195 -1.48340172
v -2.51465415 1.85223730 -1.49051089
v -2.53118010 1.86371078 -1.46236312
v -2.53144088 2.03038727 -1.46660490
v -2.51479442 2.02057584 -1.44611692
v -2.51452941 2.03034222 -1.47378401
v -2.53116498 2.02053291 -1.43934953
v -2.51480360 1.99719566 -1.43704239
v -2.53129466 2.02050166 -1.43930621
v -2.53141660 1.99714480 -1.43013227
v -2.51471104 2.02050784 -1.44630119
v -2.51448948 1.95584743 -1.43997092
v -2.53126062 1.99700491 -1.42983066
v -2.53115492 1.95578737 -1.43279554
v -2.51477898 1.99719846 -1.43722479
v -2.53121499 1.85238386 -1.48331957
v -2.53130375 1.85236675 -1.50674969
v -2.51463382 1.85223853 -1.49056729
v -2.56336555 1.86387237 -1.45788471
v -3.10035539 1.85224377 -1.48320912
v -2.56342389 1.85200451 -1.48315964
v -3.06840858 1.86375624 -1.45768916
v -3.11699384 1.85224271 -1.48342227
v -3.10043723 1.85226032 -1.48328279
v -2.53122974 1.86370639 -1.46211409
v -2.53133604 1.85223573 -1.48331626
v -3.10034937 1.99715086 -1.42995899
v -3.11702545 1.95596784 -1.43996860
v -3.06821764 1.99714690 -1.42380347
v -3.10058314 1.91453033 -1.44243225
v -3.11714331 1.91444782 -1.44959263
v -3.10061477 1.86354742 -1.46209946
v -3.10056315 1.95575079 -1.43296374
v -3.11686270 1.91461950 -1.44951271
v -2.56340193 1.99710653 -1.42383611
v -3.06835835 2.02065857 -1.43290700
v -3.06819411 1.99736951 -1.42373347
v -2.56334497 2.02069433 -1.43313826
v -2.53124219 2.02043389 -1.43897731
v -2.53129371 2.03051899 -1.46668729
v -2.53129984 1.95567064 -1.43293561
v -2.56330313 1.91449120 -1.43641868
v -2.51473273 1.86384861 -1.46920231
v -2.53129164 1.86370529 -1.46218814
v -2.53139578 1.99710228 -1.43001124
v -2.56336882 2.02053762 -1.43312329
v -2.56337709 1.99709099 -1.42393376
v -2.53136951 2.02056736 -1.43899037
v -2.53126074 1.99726852 -1.43020176
v -2.56349745 1.95570925 -1.42668390
v -2.56333092 1.86361684 -1.45780477
v -3.06819048 1.91444557 -1.43623714
v -3.06835741 1.86372693 -1.45771565
v -3.06820627 1.99722172 -1.42357675
v -3.10046484 2.02048949 -1.43926075
v -3.06835040 1.95587831 -1.42672937
v -3.06813135 1.99717817 -1.42390779
v -2.56345856 1.99709136 -1.42378822
v -2.53134881 1.99729013 -1.43000615
v -2.99559829 -4.36395901 -1.43865293
v -2.99864516 -4.20823918 -1.43853283
v -2.99861461 -4.34957690 -1.43867829
v -2.99539272 -4.19391428 -1.43837893
v -2.98304686 -4.37420055 -1.43859671
v -2.98293293 -4.18349558 -1.43852968
v -2.84356195 -4.37449222 -1.43862314
v -2.84343338 -4.18364524 -1.43854240
v -2.83102518 -4.36411890 -1.43873010
v -2.83112648 -4.19372355 -1.43858357
v -2.82809912 -4.34962116 -1.43848498
v -2.82807411 -4.20848941 -1.43869096
v -2.51893160 1.80387575 -1.27785903
v -3.11293123 1.83056801 -1.39591764
v -2.51879491 1.83066052 -1.39597722
v -3.11293493 1.80365529 -1.27802402
v -2.51885217 1.79442896 -1.24807863
v -3.11289750 1.79423977 -1.24782676
v -3.11262280 1.80788839 -1.25328847
v -3.11278822 1.80372711 -1.27763678
v -3.11282287 1.79413579 -1.24797070
v -3.11285416 1.83068209 -1.39610877
v -3.11309712 1.82864145 -1.27793018
v -3.11291381 1.86099149 -1.39675820
v -3.11309844 1.84906021 -1.46966513
v -3.11295570 1.86450772 -1.45956215
v -2.54650995 1.84922114 -1.46932704
v -2.51871309 1.84906782 -1.46949772
v -3.11297323 1.84900197 -1.46966574
v -2.51877101 1.80383326 -1.27761424
v -2.51866420 1.80800167 -1.25326893
v -2.51879334 1.79426127 -1.24796300
v -2.51860845 1.83054539 -1.39606530
v -2.51876193 1.82901906 -1.27818169
v -2.51888884 1.86131472 -1.39677146
v -2.51858814 1.84900242 -1.46946457
v -2.51881040 1.86456402 -1.45968827
v -2.51896752 1.79428529 -1.24800513
v -3.08527331 1.81949222 -1.25330586
v -3.08503816 1.79410952 -1.24800649
v -2.54631255 1.81956188 -1.25319827
v -3.11285990 1.80789882 -1.25326891
v -3.11276558 1.79423812 -1.24801550
v -3.08532161 1.81948680 -1.25330374
v -3.11312111 1.82892896 -1.27798349
v -3.11284240 1.80778260 -1.25324790
v -3.08520307 1.84049626 -1.27801541
v -3.11302681 1.86129442 -1.39662766
v -3.11289020 1.82891429 -1.27786901
v -3.08503395 1.87287530 -1.39673377
v -3.11294761 1.86460870 -1.45965366
v -3.11299250 1.86123880 -1.39664705
v -3.08511234 1.87673553 -1.45089285
v -3.11280321 1.84903778 -1.46960331
v -3.11292879 1.86467370 -1.45948781
v -2.54665487 1.84893004 -1.46950827
v -3.11292001 1.84914257 -1.46954806
v -2.54641161 1.87665515 -1.45098068
v -2.51877529 1.84911172 -1.46967370
v -2.51885583 1.86445581 -1.45957643
v -2.54644360 1.84045992 -1.27800990
v -2.51901803 1.80781963 -1.25300589
v -2.51897875 1.82895256 -1.27802489
v -2.54671932 1.81975751 -1.25306478
v -2.51885336 1.80801923 -1.25323453
v -2.51879600 1.79422223 -1.24797426
v -2.51874699 1.86122134 -1.39675531
v -2.51877063 1.86446257 -1.45956720
v -2.54656754 1.87683350 -1.45075830
v -2.54658379 1.87270699 -1.39653618
v -2.51877100 1.82874400 -1.27801990
v -2.54661069 1.84058551 -1.27792023
v -3.08511316 1.81962942 -1.25340988
v -3.08530108 1.84051787 -1.27826886
v -3.11290615 1.82870132 -1.27792851
v -3.08519857 1.84059804 -1.27795911
v -3.08516645 1.87672268 -1.45085901
v -3.08493195 1.87268139 -1.39680715
v -2.54634387 1.87687640 -1.45095461
v -3.08509728 1.87685784 -1.45099153
v -2.54658529 1.87294696 -1.39666565
v -3.08506668 1.84055610 -1.27805761
v -2.54635836 1.84039288 -1.27804098
v -1.00246628 -2.60637764 -1.50688782
v -1.01902743 -2.77562533 -1.50685480
v -1.01882890 -2.60629693 -1.50708766
v -0.43317729 -2.77571989 -1.50705697
v -0.41664902 -2.60624897 -1.50700974
v -0.41662393 -2.77541145 -1.50688747
v -1.01877570 -2.76405673 -1.46934567
v -1.01904410 -2.77569280 -1.50695451
v -1.01896075 -2.77569121 -1.48332408
v -1.01879176 -2.60623965 -1.50694338
v -1.01897507 -2.71337077 -1.44934209
v -1.01904850 -2.67200033 -1.43998244
v -1.01892983 -2.63055637 -1.43698372
v -1.01893296 -2.60711516 -1.44633711
v -1.01888164 -2.59730452 -1.47397387
v -1.01889723 -2.59733360 -1.47400129
v -1.00237860 -2.60626519 -1.50706788
v -1.01887661 -2.60631998 -1.50678089
v -1.00238312 -2.59751046 -1.46679373
v -0.41659825 -2.60625323 -1.50694634
v -1.00244475 -2.60628430 -1.50689771
v -0.43338763 -2.59757146 -1.46679708
v -0.41657345 -2.77559493 -1.50693828
v -0.41664506 -2.76434207 -1.46927233
v -0.41658115 -2.77569357 -1.49033231
v -0.41653876 -2.60629735 -1.50683773
v -0.41655309 -2.71321377 -1.44960866
v -0.41666650 -2.67206572 -1.43999216
v -0.41684831 -2.63055250 -1.43720877
v -0.41654992 -2.60736582 -1.44624567
v -0.41673230 -2.59749077 -1.47407967
v -0.41667015 -2.77552621 -1.49046284
v -0.43314880 -2.77564336 -1.50717974
v -0.41670132 -2.77560739 -1.50679927
v -0.43310755 -2.77556173 -1.48342672
v -1.01899394 -2.77548820 -1.50699089
v -0.43320137 -2.77535599 -1.50705401
v -1.01894760 -2.77562033 -1.48343391
v -1.00253136 -2.63053298 -1.43011627
v -1.01901240 -2.63063815 -1.43721532
v -1.01893458 -2.67201020 -1.43996067
v -1.00239975 -2.63081045 -1.43002695
v -1.01878550 -2.60711097 -1.44631788
v -1.01880616 -2.63076195 -1.43722776
v -1.00259405 -2.60734665 -1.43909365
v -1.01895215 -2.60705946 -1.44617088
v -1.00242192 -2.59751182 -1.46682031
v -1.01881504 -2.59752847 -1.47391559
v -1.00246138 -2.60709702 -1.43917739
v -1.00245220 -2.76430682 -1.46215236
v -1.01897970 -2.76415676 -1.46941216
v -1.01893776 -2.77579969 -1.48344770
v -1.00249741 -2.76392400 -1.46211296
v -1.01887311 -2.71304217 -1.44941416
v -1.01905764 -2.76428250 -1.46934195
v -1.00239243 -2.67196175 -1.43290546
v -1.01872744 -2.67201998 -1.43982021
v -1.01876740 -2.71336014 -1.44948672
v -1.00222037 -2.59733777 -1.46672015
v -1.00233974 -2.60722328 -1.43900993
v -0.97016182 -2.59747584 -1.46684689
v -1.00252526 -2.59750667 -1.46660498
v -0.97027222 -2.60729782 -1.43300436
v -0.43318854 -2.59754659 -1.46673138
v -0.46527634 -2.60710901 -1.43291719
v -0.43314720 -2.59770639 -1.46677756
v -0.41667649 -2.59737716 -1.47390649
v -0.41668782 -2.60628883 -1.50707663
v -0.41666556 -2.71326694 -1.44942436
v -0.43311270 -2.67189678 -1.43272784
v -0.43320000 -2.71314915 -1.44256978
v -0.41659612 -2.67203501 -1.44013960
v -0.41643717 -2.71350633 -1.44947502
v -0.43298090 -2.71332059 -1.44244181
v -0.41680542 -2.76417533 -1.46921950
v -0.41666293 -2.76425033 -1.46960937
v -0.43303343 -2.77555186 -1.48339775
v -0.41650095 -2.77564941 -1.49051955
v -0.43294666 -2.59758148 -1.46676791
v -0.41658575 -2.60722136 -1.44625711
v -0.41674413 -2.59750294 -1.47393919
v -0.43323574 -2.60731772 -1.43924494
v -0.41669267 -2.63062233 -1.43708281
v -0.43299515 -2.60716900 -1.43920285
v -0.43322231 -2.63068258 -1.43000630
v -0.41660850 -2.60703052 -1.44627349
v -0.41659522 -2.67210393 -1.44009148
v -0.43318054 -2.63070786 -1.42994920
v -0.43302605 -2.67203343 -1.43289093
v -0.41650761 -2.63070977 -1.43708063
v -0.43317744 -2.77539998 -1.48354070
v -0.43325147 -2.77548714 -1.50683230
v -0.41671540 -2.77547247 -1.49053374
v -0.46538523 -2.76421470 -1.45764013
v -1.00233509 -2.77568503 -1.48334517
v -0.46534961 -2.77571794 -1.48319138
v -0.97032231 -2.76413886 -1.45779732
v -1.01896311 -2.77558508 -1.48334978
v -1.00249122 -2.77560689 -1.48333027
v -0.43301288 -2.76406686 -1.46214132
v -0.43310098 -2.77566353 -1.48340048
v -1.00229142 -2.63073583 -1.43008614
v -1.01892299 -2.67217182 -1.44001715
v -0.97034012 -2.63070737 -1.42367163
v -1.00214520 -2.71323818 -1.44252930
v -1.01884278 -2.71325604 -1.44960872
v -1.00229406 -2.76419953 -1.46231234
v -1.00237932 -2.67191269 -1.43285820
v -1.01888169 -2.71348892 -1.44951612
v -0.46535958 -2.63071880 -1.42406890
v -0.97037217 -2.60741212 -1.43291678
v -0.97031759 -2.63063638 -1.42373927
v -0.46536662 -2.60733779 -1.43285416
v -0.43313939 -2.60735904 -1.43909153
v -0.43323521 -2.59744059 -1.46671245
v -0.46539462 -2.67192970 -1.42696799
v -0.46525343 -2.71350244 -1.43600467
v -0.43312985 -2.67204410 -1.43270277
v -0.41669008 -2.76413714 -1.46939917
v -0.43316638 -2.76420739 -1.46220702
v -0.41668547 -2.76413783 -1.46930463
v -0.43322814 -2.63057818 -1.42991980
v -0.46534065 -2.60728465 -1.43298450
v -0.46535693 -2.63071786 -1.42382120
v -0.43318847 -2.60722039 -1.43899430
v -0.43307213 -2.63057674 -1.42991653
v -0.46537255 -2.76425926 -1.45770031
v -0.97009939 -2.71317544 -1.43641699
v -0.97040580 -2.76397612 -1.45752926
v -0.97028702 -2.63067267 -1.42380229
v -1.00227107 -2.60728195 -1.43908000
v -0.97019383 -2.67195253 -1.42654719
v -0.46529488 -2.67211322 -1.42656288
v -0.97027258 -2.63057174 -1.42378007
v -0.97032340 -2.67195724 -1.42672201
v -0.46528209 -2.63070652 -1.42370292
v -0.46538373 -2.71333761 -1.43633852
v -0.97030434 -2.67201156 -1.42663411
v -0.97016413 -2.71329428 -1.43631318
v -0.46547143 -2.67188307 -1.42670883
v -0.43312503 -2.63077492 -1.42981334
v -0.46523848 -2.63075665 -1.42377144
v -0.97008319 -2.63068295 -1.42398356
v 1.09161711 3.68187274 -1.50711660
v 0.92234973 3.09589738 -1.50696083
v 0.92226350 3.68168279 -1.50686197
v 0.92212311 3.07934946 -1.50704823
v 1.09151696 3.07966605 -1.50703895
v 1.09161628 3.66515011 -1.50715000
v 1.09149014 3.07917038 -1.48338140
v 0.92210758 3.07926550 -1.50711028
v 1.09163950 3.07942015 -1.50679754
v 0.91348033 3.07943476 -1.47379625
v 1.08038011 3.07922903 -1.46945256
v 0.92313821 3.07921484 -1.44618294
v 1.02938445 3.07921369 -1.44965784
v 0.98802808 3.07930747 -1.43991158
v 0.94665975 3.07946809 -1.43696905
v 0.92205425 3.09606186 -1.50700126
v 0.92212627 3.07942077 -1.50705279
v 0.91336840 3.07932266 -1.47377228
v 0.91331037 3.12795572 -1.46697217
v 0.92211896 3.09590610 -1.50708800
v 0.91353066 3.09593243 -1.46672233
v 0.92244239 3.68157921 -1.50700105
v 0.91343599 3.66507161 -1.46675522
v 0.91356062 3.68162915 -1.47377522
v 1.09154171 3.68166952 -1.50704339
v 0.92231279 3.68175870 -1.50695098
v 1.09138604 3.68165628 -1.49042258
v 1.08012038 3.68167151 -1.46931552
v 0.92305143 3.68176378 -1.44645278
v 1.02931897 3.68174103 -1.44959734
v 0.98804396 3.68173264 -1.43999021
v 0.94663332 3.68176473 -1.43705383
v 1.09163198 3.68172404 -1.50701020
v 1.09149948 3.68157580 -1.49062227
v 1.09136190 3.66505734 -1.50704451
v 1.09157648 3.07933474 -1.50691277
v 1.09172542 3.09581995 -1.48339148
v 1.09156948 3.07926795 -1.48348906
v 1.09157600 3.66514569 -1.50697997
v 1.09166709 3.63300865 -1.48326075
v 1.09161336 3.66513426 -1.48324945
v 0.98795093 3.07940619 -1.43983226
v 0.94677068 3.09600758 -1.42990438
v 0.94664805 3.07946026 -1.43713772
v 0.98795212 3.09589950 -1.43276297
v 0.94684384 3.07949513 -1.43695376
v 0.92331135 3.09593758 -1.43923017
v 0.92317939 3.07937284 -1.44608018
v 0.94673714 3.09596008 -1.42990888
v 0.92310103 3.09585315 -1.43908692
v 0.91360449 3.07929698 -1.47385532
v 0.92304491 3.07941058 -1.44610911
v 0.91347783 3.09585782 -1.46652016
v 1.08016871 3.09606469 -1.46231860
v 1.08004058 3.07920006 -1.46926559
v 1.09143732 3.07915182 -1.48342906
v 1.08012336 3.09589298 -1.46237974
v 1.02922553 3.07936428 -1.44974550
v 1.08017372 3.07942109 -1.46922655
v 1.02935625 3.07947817 -1.44951428
v 0.98815030 3.09593469 -1.43260303
v 0.98805769 3.07930069 -1.43991616
v 0.91331826 3.09604683 -1.46682538
v 0.91362614 3.12829219 -1.46679600
v 0.91350249 3.09590585 -1.46675847
v 0.92346916 3.09605439 -1.43911539
v 0.92334951 3.63276337 -1.43296563
v 0.92294687 3.12817988 -1.43320305
v 0.91355522 3.66502496 -1.46653209
v 0.92211276 3.68164748 -1.50677608
v 0.91354446 3.66513987 -1.46682076
v 0.91350832 3.68160394 -1.47393020
v 1.02930456 3.66519406 -1.44242047
v 0.98808325 3.68152761 -1.43978915
v 0.98804299 3.66528811 -1.43276388
v 1.02929857 3.68169613 -1.44966478
v 1.08014017 3.68170081 -1.46935463
v 1.02913971 3.68173232 -1.44964923
v 1.02928686 3.66520652 -1.44250198
v 1.09159594 3.66507285 -1.48330953
v 1.08004431 3.68152096 -1.46958327
v 1.08038880 3.66518857 -1.46208377
v 1.09157017 3.68179771 -1.49053007
v 0.92310904 3.68176918 -1.44628725
v 0.91352544 3.66516177 -1.46673575
v 0.92321773 3.66487936 -1.43926323
v 0.91355707 3.68188304 -1.47391670
v 0.94682006 3.66487241 -1.42981473
v 0.92312221 3.68157662 -1.44628780
v 0.92327045 3.66499443 -1.43903716
v 0.94652797 3.68169560 -1.43717703
v 0.98801769 3.66490958 -1.43292033
v 0.94654796 3.68177568 -1.43731737
v 0.94685641 3.66506528 -1.42994932
v 0.98773192 3.68159903 -1.43984847
v 1.09176418 3.68157895 -1.49036674
v 1.09162700 3.66518486 -1.48338745
v 1.09172663 3.66494167 -1.50688478
v 1.09176805 3.63305599 -1.48339513
v 1.08021714 3.12809056 -1.45770426
v 1.09171960 3.09606047 -1.48350641
v 1.08035594 3.63298173 -1.45769336
v 1.09170478 3.09584207 -1.48331711
v 1.09157499 3.07935475 -1.48332547
v 1.09161108 3.66508444 -1.48324072
v 1.08022295 3.66517009 -1.46215967
v 0.94646099 3.12815762 -1.42356769
v 0.94657019 3.09618211 -1.43015437
v 0.94660505 3.12813330 -1.42386835
v 1.08007145 3.09593732 -1.46220612
v 1.02939959 3.09589331 -1.44263892
v 1.02936835 3.07949245 -1.44959320
v 0.98807704 3.09578038 -1.43289385
v 1.02918628 3.07936831 -1.44966672
v 0.94684868 3.12811654 -1.42380196
v 0.92331384 3.63310861 -1.43293822
v 0.92315316 3.12807254 -1.43302374
v 0.94673299 3.63293631 -1.42379903
v 0.91360723 3.66503575 -1.46681226
v 0.92321559 3.66505532 -1.43887540
v 1.02943012 3.63290820 -1.43633152
v 0.98803094 3.66524950 -1.43282957
v 0.98808384 3.63279555 -1.42661340
v 1.08030075 3.68169832 -1.46943434
v 1.08027860 3.66501662 -1.46228047
v 0.94674080 3.63288241 -1.42353195
v 0.92322013 3.66491011 -1.43902599
v 0.92327726 3.63297258 -1.43292745
v 0.94674382 3.66510794 -1.42989706
v 0.94671845 3.66521785 -1.43001821
v 1.08012453 3.12812937 -1.45760236
v 1.02930744 3.12807426 -1.43616566
v 1.08007618 3.63285278 -1.45759276
v 0.98803621 3.12799123 -1.42668431
v 0.94659915 3.12800992 -1.42366916
v 0.92324532 3.09580671 -1.43908579
v 0.94673209 3.63297019 -1.42381333
v 0.94672959 3.66519823 -1.42997897
v 0.59352805 3.68165801 -1.50684978
v 0.42434523 3.09587793 -1.50665731
v 0.42452507 3.68157261 -1.50684467
v 0.42416202 3.07936294 -1.50679056
v 0.59366654 3.07923481 -1.50689779
v 0.59333253 3.66495423 -1.50694762
v 0.42414062 3.68184478 -1.48335164
v 0.59371866 3.68169369 -1.50693373
v 0.42428303 3.68188506 -1.50678384
v 0.60221576 3.68165462 -1.47373855
v 0.43551552 3.68187186 -1.46930290
v 0.59247981 3.68145154 -1.44625056
v 0.48670142 3.68170579 -1.44948801
v 0.52788486 3.68165609 -1.43989406
v 0.56908786 3.68162219 -1.43718116
v 0.59354772 3.68164275 -1.50693196
v 0.60229577 3.68150997 -1.47402749
v 0.59355869 3.66517318 -1.50698124
v 0.59362687 3.66495915 -1.50682818
v 0.60228380 3.09583806 -1.46679307
v 0.59363308 3.07933497 -1.50688307
v 0.60214874 3.63296602 -1.46670785
v 0.60238118 3.66508905 -1.46676328
v 0.60251337 3.07924148 -1.47388606
v 0.42427820 3.07943062 -1.50706951
v 0.59375222 3.07944858 -1.50671138
v 0.42423442 3.07929607 -1.49067005
v 0.43562253 3.07922703 -1.46957686
v 0.59249580 3.07933129 -1.44627416
v 0.48678854 3.07951976 -1.44952516
v 0.52790906 3.07931935 -1.43997811
v 0.56920443 3.07934684 -1.43691994
v 0.42434301 3.09581437 -1.50710564
v 0.42428161 3.07948303 -1.50705960
v 0.42412988 3.07960706 -1.49048095
v 0.42419178 3.12832108 -1.48339598
v 0.42414829 3.09593014 -1.50708063
v 0.42406201 3.09602140 -1.48342322
v 0.42431597 3.68156690 -1.50697614
v 0.42409882 3.66502075 -1.48318418
v 0.42430376 3.68175216 -1.48336759
v 0.56911691 3.66511573 -1.43001346
v 0.52788790 3.68167186 -1.43991464
v 0.52811160 3.66511818 -1.43293148
v 0.56931784 3.68157485 -1.43719265
v 0.59277306 3.66516467 -1.43924465
v 0.56916331 3.68182829 -1.43717913
v 0.56917526 3.66537150 -1.42998199
v 0.59241290 3.68164237 -1.44628557
v 0.60227789 3.66529990 -1.46677493
v 0.59258983 3.68173967 -1.44624017
v 0.59238607 3.66518894 -1.43908296
v 0.60237242 3.68175812 -1.47379703
v 0.42437027 3.68151628 -1.48344368
v 0.43556615 3.66507132 -1.46221311
v 0.43548658 3.68175076 -1.46952530
v 0.48641815 3.68155527 -1.44959643
v 0.43570463 3.68146854 -1.46920695
v 0.43557147 3.66534238 -1.46241056
v 0.52792387 3.68174047 -1.43995928
v 0.48637279 3.68163305 -1.44941190
v 0.52792330 3.66520745 -1.43266450
v 0.60238192 3.66511200 -1.46670662
v 0.60240372 3.66526101 -1.46674753
v 0.59264873 3.66522320 -1.43914023
v 0.60221931 3.63297276 -1.46678668
v 0.59270217 3.12813112 -1.43303037
v 0.60235548 3.09589062 -1.46684820
v 0.59266973 3.63286827 -1.43286834
v 0.60229605 3.09596621 -1.46683847
v 0.60226299 3.07929316 -1.47382569
v 0.59341070 3.07937056 -1.50701800
v 0.52778200 3.07954710 -1.44000785
v 0.48644470 3.09576138 -1.44262252
v 0.48649601 3.07928743 -1.44947395
v 0.52785544 3.09582727 -1.43266708
v 0.48663480 3.09592345 -1.44234785
v 0.43584868 3.07939911 -1.46942531
v 0.48653313 3.07937635 -1.44951673
v 0.43578999 3.09595436 -1.46242238
v 0.42414322 3.07924798 -1.49044737
v 0.43564358 3.07939487 -1.46941986
v 0.42415069 3.09602678 -1.48332386
v 0.60230677 3.07918625 -1.47404634
v 0.59246286 3.09591514 -1.43923960
v 0.59269620 3.07943521 -1.44627396
v 0.60224338 3.09586946 -1.46676696
v 0.59258763 3.07933639 -1.44613548
v 0.56911665 3.09590719 -1.42991174
v 0.56918086 3.07947024 -1.43713662
v 0.59250485 3.09598957 -1.43912718
v 0.56923480 3.07943308 -1.43701249
v 0.52773355 3.09591146 -1.43287493
v 0.52778614 3.07937113 -1.43977838
v 0.56936900 3.09583631 -1.42997330
v 0.42418182 3.09584076 -1.50697937
v 0.42405821 3.07939558 -1.49060078
v 0.42420797 3.09583883 -1.48329524
v 0.43575422 3.63303895 -1.45768192
v 0.42405948 3.12795382 -1.48331979
v 0.43560825 3.12803030 -1.45762255
v 0.42444477 3.66504125 -1.48332079
v 0.42416697 3.68156495 -1.48340115
v 0.42419989 3.66507328 -1.48331283
v 0.42419609 3.09570802 -1.48331098
v 0.43572114 3.09577291 -1.46232137
v 0.56910292 3.66518856 -1.42999493
v 0.56925123 3.63289796 -1.42371816
v 0.56915300 3.63293796 -1.42372012
v 0.48660339 3.68174107 -1.44955867
v 0.43577972 3.66524197 -1.46228346
v 0.48653212 3.66496146 -1.44249944
v 0.52793524 3.66501951 -1.43278440
v 0.48651705 3.68185164 -1.44953095
v 0.59239116 3.12801976 -1.43293486
v 0.56921571 3.63302444 -1.42367487
v 0.56917898 3.12786749 -1.42387268
v 0.59260733 3.63290556 -1.43294244
v 0.59261481 3.09608840 -1.43921341
v 0.60220713 3.09579161 -1.46684633
v 0.52788626 3.09590528 -1.43289043
v 0.48640626 3.12803916 -1.43620099
v 0.52794991 3.12819274 -1.42658173
v 0.43570286 3.09585692 -1.46221917
v 0.43582497 3.07936955 -1.46929154
v 0.59258570 3.09597050 -1.43923622
v 0.56902026 3.12796172 -1.42400808
v 0.56924183 3.09616820 -1.42999068
v 0.59250327 3.12810033 -1.43281353
v 0.56916220 3.09605440 -1.42997007
v 0.43569548 3.63281943 -1.45763949
v 0.43557509 3.12795509 -1.45783792
v 0.48658318 3.63321293 -1.43633966
v 0.56912493 3.63293905 -1.42376070
v 0.52793627 3.63297258 -1.42669668
v 0.59239941 3.66518390 -1.43913206
v 0.56896572 3.12794199 -1.42390855
v 0.56910667 3.09582857 -1.42988859
v 1.11310711 3.08341619 -1.39609948
v 1.14020090 3.67752679 -1.27784359
v 1.14018660 3.08346741 -1.27785898
v 1.11328341 3.67761019 -1.39597908
v 1.14959152 3.11121836 -1.24802463
v 1.14978615 3.08349785 -1.24790358
v 1.14956497 3.67754831 -1.24787859
v 1.11300381 3.08344047 -1.39605758
v 1.07920147 3.08353890 -1.45966035
v 1.09463607 3.08357210 -1.46976985
v 1.08275590 3.08357883 -1.39691257
v 1.11500326 3.08349816 -1.27788848
v 1.14007448 3.08345131 -1.27776722
v 1.13581243 3.08352873 -1.25308308
v 1.14952280 3.08349946 -1.24794212
v 1.09463493 3.08348418 -1.46960204
v 1.09466149 3.64980514 -1.46967641
v 1.09478487 3.67761380 -1.46949698
v 1.07932924 3.67759325 -1.45963865
v 1.11327301 3.67750672 -1.39593263
v 1.09469627 3.67749126 -1.46953496
v 1.08281811 3.67766002 -1.39674739
v 1.11488303 3.67741586 -1.27796474
v 1.14014635 3.67737164 -1.27786059
v 1.13601724 3.67756876 -1.25320073
v 1.14951126 3.67764279 -1.24802319
v 1.14957232 3.11132011 -1.24805507
v 1.12420999 3.64984148 -1.25315751
v 1.12439013 3.11119958 -1.25314342
v 1.14962179 3.67739814 -1.24783491
v 1.13598157 3.08359282 -1.25330635
v 1.14964604 3.08366527 -1.24772199
v 1.12423876 3.11123212 -1.25329682
v 1.11500554 3.08338925 -1.27788559
v 1.13586402 3.08345902 -1.25311523
v 1.10333351 3.11130909 -1.27801126
v 1.10342467 3.11109678 -1.27799561
v 1.08249620 3.08337916 -1.39677735
v 1.11522692 3.08335889 -1.27779321
v 1.07104247 3.11124928 -1.39677643
v 1.07940311 3.08366381 -1.45947954
v 1.09478482 3.08347637 -1.46950387
v 1.07933532 3.08344702 -1.45949078
v 1.06697985 3.11129333 -1.45070599
v 1.09484304 3.64979260 -1.46959465
v 1.06712394 3.64975727 -1.45073040
v 1.09472346 3.08348282 -1.46953169
v 1.07965599 3.67756236 -1.45964002
v 1.09470187 3.67763946 -1.46939971
v 1.13580047 3.67753492 -1.25322008
v 1.10330721 3.64999790 -1.27790208
v 1.12437757 3.64979287 -1.25331091
v 1.11502156 3.67749403 -1.27797150
v 1.14974103 3.67734509 -1.24787360
v 1.13612745 3.67744451 -1.25316411
v 1.07919693 3.67748106 -1.45956897
v 1.06720301 3.65000907 -1.45091200
v 1.08275521 3.67728516 -1.39673733
v 1.11500088 3.67763078 -1.27807488
v 1.07088251 3.64974700 -1.39664193
v 1.10338596 3.64980460 -1.27789680
v 1.10333258 3.64977759 -1.27806561
v 1.07075737 3.11121848 -1.39662907
v 1.10339873 3.11147693 -1.27803025
v 1.07084062 3.65002757 -1.39653879
v 1.06693299 3.11119537 -1.45097449
v 1.06707017 3.11116661 -1.45084408
v 1.06711594 3.65004778 -1.45096647
v 0.77038535 4.70501728 -1.42103631
v 0.63109329 4.84693639 -1.42104654
v 0.63114547 4.70482969 -1.42093772
v 0.77022916 4.84695251 -1.42097681
v 0.77040418 4.84704094 -1.42113019
v 0.63421918 4.86647952 -1.42891895
v 0.63091714 4.84714881 -1.42104806
v 0.76675004 4.86638369 -1.42890358
v 0.63091590 4.70503234 -1.42096902
v 0.61957544 4.84339688 -1.42886776
v 0.61946790 4.70865842 -1.42883567
v 0.63085327 4.84693694 -1.42095341
v 0.63449837 4.68539202 -1.42886299
v 0.77010362 4.70488345 -1.42106045
v 0.63082011 4.70490921 -1.42108834
v 0.76676226 4.68540082 -1.42902097
v 0.78171506 4.70859679 -1.42901946
v 0.77045015 4.84693936 -1.42114751
v 0.77015489 4.70491778 -1.42113716
v 0.78163318 4.84317591 -1.42900633
v 0.77860065 4.85663110 -1.42908214
v 0.76682756 4.86639306 -1.42903072
v 0.63448290 4.86648563 -1.42873046
v 0.77038712 4.87129877 -1.43886168
v 0.63104655 4.87109268 -1.43907490
v 0.76685896 4.86648707 -1.42892353
v 0.62242082 4.85665346 -1.42890634
v 0.62248749 4.85649345 -1.42889362
v 0.61943416 4.70858437 -1.42884785
v 0.61532458 4.84674212 -1.43908388
v 0.61509625 4.70485664 -1.43908378
v 0.61964182 4.84337425 -1.42897839
v 0.61935368 4.70868329 -1.42904342
v 0.62237195 4.69507962 -1.42910178
v 0.63443268 4.68523614 -1.42889963
v 0.62273639 4.69506225 -1.42896486
v 0.76707992 4.68531467 -1.42897922
v 0.63089305 4.68044971 -1.43907384
v 0.77041340 4.68065571 -1.43908501
v 0.63455585 4.68551297 -1.42898463
v 0.77847859 4.69505171 -1.42897364
v 0.78173035 4.84348537 -1.42908494
v 0.77863804 4.85659442 -1.42886757
v 0.77862569 4.69512846 -1.42895461
v 0.78589694 4.84694752 -1.43893464
v 0.78166527 4.70858459 -1.42891861
v 0.78593273 4.70501062 -1.43885864
v 0.78167609 4.84327019 -1.42894157
v 0.76705435 4.86649887 -1.42892822
v 0.77885737 4.85658978 -1.42885138
v 0.78260822 4.86091550 -1.43889697
v 0.76680817 4.86638939 -1.42896627
v 0.78283344 4.86073457 -1.43905316
v 0.77040778 4.87103313 -1.43879588
v 0.63436514 4.86666504 -1.42905076
v 0.63101096 4.87119297 -1.43896219
v 0.62250399 4.85654863 -1.42913037
v 0.61825396 4.86089966 -1.43874709
v 0.61944967 4.84325714 -1.42890199
v 0.62251121 4.85656113 -1.42908328
v 0.61845124 4.86101701 -1.43907984
v 0.61950092 4.84326925 -1.42904262
v 0.62261271 4.69524303 -1.42907919
v 0.62261668 4.69523885 -1.42898435
v 0.61853911 4.69086294 -1.43897061
v 0.63423140 4.68528901 -1.42890985
v 0.63426962 4.68533345 -1.42896018
v 0.61846667 4.69087620 -1.43885633
v 0.63084321 4.68046363 -1.43900828
v 0.77852495 4.69509518 -1.42910621
v 0.76668912 4.68537707 -1.42886597
v 0.77048495 4.68051068 -1.43889277
v 0.77861940 4.85653834 -1.42888589
v 0.78172936 4.70856455 -1.42892238
v 0.77854889 4.69504351 -1.42905989
v 0.78260997 4.69095636 -1.43900333
v 0.78190263 4.70855287 -1.42897106
v 0.78258959 4.69065906 -1.43887938
v 0.78281324 4.86088129 -1.43881067
v 0.77864322 4.85661190 -1.42883461
v 0.78594611 4.84684354 -1.43902880
v 0.62240269 4.85660629 -1.42895472
v 0.63105145 4.87132703 -1.43906886
v 0.61863082 4.86093580 -1.43882958
v 0.61537917 4.70489863 -1.43888365
v 0.61850875 4.69076315 -1.43896662
v 0.62263820 4.69526569 -1.42895567
v 0.77865591 4.69523253 -1.42896016
v 0.77047186 4.68037355 -1.43912274
v 0.78264968 4.69097711 -1.43900119
v 0.61818741 4.69089581 -1.43869035
v 0.61541845 4.84655115 -1.43841816
v 0.61541544 4.70544479 -1.43849990
v 0.61829559 4.86097403 -1.43857240
v 0.63097018 4.68047170 -1.43864959
v 0.63109668 4.87113918 -1.43846208
v 0.77049151 4.68042210 -1.43843001
v 0.77026896 4.87141213 -1.43863198
v 0.78303695 4.69074431 -1.43870936
v 0.78308602 4.86089826 -1.43870539
v 0.78594845 4.70529895 -1.43845069
v 0.78585529 4.84641241 -1.43849207
v 0.37562625 3.67767850 -1.27773285
v 0.40283497 3.08368594 -1.39606597
v 0.37562662 3.08337394 -1.27784603
v 0.40261638 3.67754899 -1.39610995
v 0.36633823 3.64968910 -1.24800569
v 0.36628645 3.08353340 -1.24797162
v 0.36630213 3.67753724 -1.24774489
v 0.40273791 3.67749391 -1.39590227
v 0.43649345 3.67761128 -1.45945414
v 0.42100100 3.67771689 -1.46960289
v 0.43329440 3.67761725 -1.39675793
v 0.40066257 3.67744470 -1.27796298
v 0.37558814 3.67752022 -1.27786965
v 0.37985795 3.67752514 -1.25313454
v 0.36631943 3.67761973 -1.24788325
v 0.42114174 3.08342307 -1.46955617
v 0.42091145 3.11120590 -1.46961963
v 0.42121452 3.67737910 -1.46968604
v 0.43675203 3.08354455 -1.45943773
v 0.40254776 3.08331800 -1.39594122
v 0.42110301 3.08352481 -1.46941528
v 0.43326958 3.08330831 -1.39675376
v 0.40057484 3.08352509 -1.27804199
v 0.37556915 3.08350568 -1.27795871
v 0.38002868 3.08354270 -1.25296616
v 0.36612570 3.08356727 -1.24799687
v 0.39147451 3.11138985 -1.25330732
v 0.36637447 3.64980574 -1.24787505
v 0.36615942 3.08338845 -1.24804338
v 0.39155592 3.64986800 -1.25305233
v 0.37984217 3.67757436 -1.25322527
v 0.36619489 3.67746552 -1.24809293
v 0.40075469 3.67756807 -1.27774482
v 0.38007941 3.67752949 -1.25333141
v 0.39142217 3.64994017 -1.25307278
v 0.43339611 3.67754423 -1.39666057
v 0.40076775 3.67771888 -1.27789764
v 0.41240763 3.64986003 -1.27809718
v 0.43652763 3.67742490 -1.45956047
v 0.43330460 3.67770224 -1.39682914
v 0.44486124 3.64970433 -1.39658787
v 0.44885806 3.64972507 -1.45101834
v 0.42114431 3.67739559 -1.46956817
v 0.43655357 3.67750310 -1.45960826
v 0.42109578 3.11125732 -1.46970462
v 0.42102827 3.67765431 -1.46984555
v 0.44891740 3.11133594 -1.45072745
v 0.43627187 3.08342095 -1.45964788
v 0.42123664 3.08353755 -1.46946934
v 0.41256388 3.11103977 -1.27795035
v 0.37969890 3.08351421 -1.25317663
v 0.40078455 3.08349316 -1.27791984
v 0.36612271 3.08350559 -1.24779947
v 0.37996528 3.08349235 -1.25319896
v 0.44868158 3.11134537 -1.45096647
v 0.43318532 3.08343760 -1.39673776
v 0.43645506 3.08339558 -1.45948436
v 0.44499732 3.11122257 -1.39682052
v 0.40079637 3.08369832 -1.27796150
v 0.41246752 3.11111272 -1.27793895
v 0.39157435 3.64997544 -1.25308490
v 0.39165234 3.11120530 -1.25314170
v 0.41252046 3.64981833 -1.27785611
v 0.40079363 3.67751606 -1.27816740
v 0.41246555 3.64968378 -1.27791481
v 0.44873248 3.64974780 -1.45115816
v 0.44884450 3.11116616 -1.45085134
v 0.44475990 3.64994840 -1.39662443
v 0.44502566 3.11115043 -1.39658407
v 0.44873146 3.64985345 -1.45094820
v 0.44499980 3.11124272 -1.39649804
v 0.41252921 3.11121610 -1.27800057
v 0.40083169 3.08339438 -1.27810407
v 0.37986944 3.08343142 -1.25325017
v 0.41271427 3.64982446 -1.27802377
v 0.41261862 3.11129142 -1.27806860
v 0.06056520 2.08072803 -1.43865973
v 0.05017932 2.23264991 -1.43847990
v 0.05011669 2.09336915 -1.43851698
v 0.06038218 2.24517319 -1.43838370
v 0.07503397 2.07738831 -1.43870234
v 0.07514964 2.24823543 -1.43855638
v 0.21600026 2.07774326 -1.43858586
v 0.21605849 2.24822809 -1.43826241
v 0.23064058 2.08066141 -1.43872241
v 0.23057231 2.24500500 -1.43847511
v 0.24085015 2.09319817 -1.43856118
v 0.24095823 2.23278886 -1.43857171
v 0.21665006 2.09314675 -1.42116443
v 0.07450397 2.23259252 -1.42103489
v 0.07468710 2.09331592 -1.42111999
v 0.21657125 2.23271036 -1.42119998
v 0.23603623 2.09651093 -1.42889006
v 0.21653817 2.23250833 -1.42100899
v 0.21650366 2.09332260 -1.42108199
v 0.23614020 2.22903366 -1.42890617
v 0.21650134 2.23242331 -1.42124922
v 0.07805597 2.24412850 -1.42917238
v 0.07469935 2.23258042 -1.42103754
v 0.21303457 2.24396552 -1.42895602
v 0.07456260 2.09315948 -1.42097319
v 0.05502002 2.22925562 -1.42886409
v 0.05504881 2.09672250 -1.42906940
v 0.07444214 2.23274880 -1.42110091
v 0.07822416 2.08188607 -1.42891502
v 0.21662413 2.09309483 -1.42119779
v 0.07445783 2.09315751 -1.42133137
v 0.21291479 2.08158077 -1.42884992
v 0.23615072 2.09669277 -1.42915357
v 0.22625090 2.08502500 -1.42902688
v 0.24100919 2.23250657 -1.43900793
v 0.23637993 2.09671185 -1.42881690
v 0.24091537 2.09306160 -1.43914237
v 0.23619183 2.22920849 -1.42880242
v 0.22624222 2.24098227 -1.42902506
v 0.22636032 2.24072992 -1.42894919
v 0.07806494 2.24403399 -1.42884806
v 0.21658062 2.24830540 -1.43907421
v 0.07430108 2.24812397 -1.43896497
v 0.21283553 2.24408580 -1.42914371
v 0.07814051 2.24418528 -1.42890104
v 0.06473873 2.24101572 -1.42896686
v 0.06476207 2.24106186 -1.42891376
v 0.05480448 2.22911105 -1.42879339
v 0.05499540 2.09684739 -1.42887508
v 0.05029106 2.23242605 -1.43904147
v 0.05034900 2.09336257 -1.43897175
v 0.05493863 2.22908448 -1.42898126
v 0.06481560 2.08477291 -1.42905385
v 0.22635017 2.08500561 -1.42891015
v 0.21296862 2.08191385 -1.42907746
v 0.06480983 2.08483330 -1.42900728
v 0.21285722 2.08187600 -1.42889186
v 0.07455364 2.07774201 -1.43914669
v 0.21652113 2.07748654 -1.43881849
v 0.07813814 2.08180472 -1.42898968
v 0.23621973 2.09669917 -1.42890274
v 0.22630777 2.08496336 -1.42889993
v 0.23065269 2.08069863 -1.43886571
v 0.23621891 2.09671436 -1.42898213
v 0.23059295 2.08073579 -1.43904150
v 0.24112786 2.09320876 -1.43904870
v 0.22632239 2.24093348 -1.42906246
v 0.23615755 2.22913345 -1.42894635
v 0.24104431 2.23262703 -1.43885203
v 0.21301330 2.24397935 -1.42903099
v 0.22630147 2.24083951 -1.42890536
v 0.23074443 2.24495483 -1.43900355
v 0.21315510 2.24413982 -1.42889333
v 0.23068915 2.24499513 -1.43882874
v 0.06492453 2.24070277 -1.42887394
v 0.06057243 2.24482046 -1.43887350
v 0.05500258 2.22912037 -1.42916685
v 0.06482528 2.24094661 -1.42888810
v 0.06055575 2.24497463 -1.43907097
v 0.05016097 2.23265678 -1.43916602
v 0.05495498 2.22917732 -1.42895698
v 0.05507773 2.09683086 -1.42898576
v 0.05016886 2.09318007 -1.43921242
v 0.06495170 2.08490938 -1.42887973
v 0.22629558 2.08496332 -1.42897674
v 0.06490009 2.08481106 -1.42882663
v 0.06041100 2.08091955 -1.43896409
v 0.07824304 2.08174603 -1.42902506
v 0.07810239 2.08174443 -1.42896679
v 0.06043188 2.08081600 -1.43918279
v 0.22625185 2.08485616 -1.42875056
v 0.21670485 2.07771069 -1.43891258
v 0.23058530 2.08067159 -1.43902645
v 0.23054605 2.24490124 -1.43889868
v 0.22626568 2.24086445 -1.42912263
v 0.24106330 2.23269963 -1.43899654
v 0.06487183 2.24093516 -1.42887582
v 0.07461260 2.24819573 -1.43905492
v 0.06039928 2.24494151 -1.43887280
v 0.05000975 2.09326865 -1.43894456
v 0.06046684 2.08068340 -1.43905461
v 0.06476465 2.08493309 -1.42890115
v -1.09064169 4.71501000 -1.42114606
v -1.22997878 4.85704485 -1.42109450
v -1.22999076 4.71480952 -1.42108084
v -1.09056281 4.85688020 -1.42091030
v -1.22648753 4.69539057 -1.42885438
v -1.09048519 4.71507861 -1.42116340
v -1.23005486 4.71495196 -1.42113709
v -1.09383662 4.69518814 -1.42893166
v -1.07930977 4.71842458 -1.42881865
v -1.09062478 4.85694188 -1.42101235
v -1.09066157 4.71501085 -1.42099844
v -1.07915667 4.85330932 -1.42893042
v -1.09051357 4.85691331 -1.42106958
v -1.22669253 4.87658745 -1.42901725
v -1.22988675 4.85698382 -1.42092954
v -1.09399614 4.87640531 -1.42870950
v -1.22985392 4.71495151 -1.42112973
v -1.24154681 4.85350793 -1.42897584
v -1.24140262 4.71862547 -1.42891934
v -1.22992657 4.85691715 -1.42098549
v -1.22644770 4.69537346 -1.42891574
v -1.23836176 4.70522657 -1.42881215
v -1.09400004 4.69534609 -1.42895768
v -1.23009240 4.69053688 -1.43885762
v -1.09045011 4.69038459 -1.43891596
v -1.22653190 4.69520822 -1.42890803
v -1.08222774 4.70526532 -1.42908217
v -1.08231735 4.70524281 -1.42911790
v -1.07478918 4.85696666 -1.43903968
v -1.07901802 4.71866178 -1.42899133
v -1.07503979 4.71503081 -1.43870904
v -1.07913138 4.85331010 -1.42906719
v -1.07907612 4.85321610 -1.42888699
v -1.08221399 4.86667960 -1.42897878
v -1.08205182 4.86666172 -1.42876175
v -1.09397590 4.87663890 -1.42899945
v -1.22650102 4.87650314 -1.42897267
v -1.09073725 4.88131188 -1.43876049
v -1.22979462 4.88128641 -1.43878944
v -1.09402029 4.87641439 -1.42895784
v -1.23827393 4.86673317 -1.42893097
v -1.24143409 4.71860186 -1.42893830
v -1.23843154 4.70518479 -1.42895120
v -1.23837329 4.86670070 -1.42893669
v -1.24150360 4.71867029 -1.42899162
v -1.24558660 4.85691805 -1.43906763
v -1.24555477 4.71497499 -1.43891556
v -1.24123957 4.85335447 -1.42897317
v -1.23862383 4.70525313 -1.42902052
v -1.24242291 4.70084386 -1.43894423
v -1.22658297 4.69535636 -1.42898436
v -1.22998572 4.69053050 -1.43906599
v -1.08237884 4.70529506 -1.42890227
v -1.09404433 4.69531403 -1.42877473
v -1.09065458 4.69063279 -1.43911599
v -1.07904595 4.71860853 -1.42904350
v -1.08225946 4.70509121 -1.42898558
v -1.07834318 4.70092212 -1.43888669
v -1.07922519 4.71849609 -1.42892028
v -1.07839484 4.70091521 -1.43904076
v -1.08226513 4.86637055 -1.42906407
v -1.09407523 4.87657496 -1.42909019
v -1.08240722 4.86661985 -1.42900699
v -1.07818654 4.87086470 -1.43898642
v -1.09414809 4.87650067 -1.42886098
v -1.07827300 4.87089255 -1.43884821
v -1.09070276 4.88118681 -1.43916070
v -1.22664517 4.87648201 -1.42900308
v -1.22976037 4.88121203 -1.43909212
v -1.23834297 4.86677127 -1.42900195
v -1.23831371 4.70521435 -1.42899994
v -1.24235394 4.87082087 -1.43925636
v -1.24148664 4.85343473 -1.42896104
v -1.23843849 4.86662163 -1.42882240
v -1.24245086 4.87094928 -1.43898455
v -1.24134763 4.85327778 -1.42883364
v -1.24566229 4.71502110 -1.43888426
v -1.24217001 4.70108402 -1.43909343
v -1.23817897 4.70503949 -1.42900773
v -1.08224066 4.70506048 -1.42894628
v -1.09056193 4.69065327 -1.43900971
v -1.07808163 4.70090744 -1.43890496
v -1.07810582 4.87113694 -1.43900218
v -1.08220964 4.86664359 -1.42897118
v -1.07503065 4.85703267 -1.43908969
v -1.23845357 4.86663653 -1.42900950
v -1.22974635 4.88132643 -1.43876341
v -1.24249207 4.87087131 -1.43885137
v 1.04486373 1.58278461 -1.27778957
v 0.45075019 1.60970700 -1.39591133
v 1.04489980 1.60979415 -1.39587270
v 0.45095170 1.58294347 -1.27763804
v 1.04489159 1.57325922 -1.24776211
v 0.45086208 1.57332732 -1.24817097
v 0.45093270 1.58716699 -1.25327243
v 0.45086396 1.58295072 -1.27798259
v 0.45090078 1.57337781 -1.24804413
v 0.45078142 1.60973728 -1.39606315
v 0.45078649 1.60776139 -1.27801277
v 0.45100997 1.64036675 -1.39677327
v 0.45087211 1.62830453 -1.46952418
v 0.45093542 1.64356261 -1.45947598
v 1.01707752 1.62825356 -1.46974083
v 1.04495554 1.62805827 -1.46955614
v 0.45111864 1.62805313 -1.46956457
v 1.04495034 1.58284991 -1.27778187
v 1.04478462 1.58724544 -1.25314554
v 1.04500072 1.57334692 -1.24786442
v 1.04478818 1.60987449 -1.39605389
v 1.04496623 1.60803561 -1.27791950
v 1.04501992 1.64037639 -1.39683890
v 1.04504079 1.62826998 -1.46954549
v 1.04478606 1.64366259 -1.45953036
v 1.04497471 1.57337327 -1.24783396
v 0.47844854 1.59862205 -1.25339614
v 0.47858336 1.57340950 -1.24792990
v 1.01721435 1.59854492 -1.25314831
v 0.45079054 1.58725912 -1.25332649
v 0.45070869 1.57339105 -1.24814262
v 0.47847521 1.59890163 -1.25315211
v 0.45078094 1.60814176 -1.27795150
v 0.45085089 1.58702329 -1.25306298
v 0.47838426 1.61976831 -1.27789493
v 0.45082712 1.64054070 -1.39667250
v 0.45085895 1.60786894 -1.27804243
v 0.47862093 1.65207098 -1.39666737
v 0.45085366 1.64379858 -1.45960504
v 0.45086201 1.64017226 -1.39661301
v 0.47852921 1.65614003 -1.45086033
v 0.45087106 1.62805033 -1.46973069
v 0.45081143 1.64359802 -1.45963618
v 1.01716159 1.62814814 -1.46948561
v 0.45086584 1.62840009 -1.46968013
v 1.01741895 1.65591565 -1.45090394
v 1.04513120 1.62834923 -1.46973535
v 1.04501807 1.64382479 -1.45953536
v 1.01726840 1.61953857 -1.27799749
v 1.04487828 1.58694060 -1.25328105
v 1.04488320 1.60787402 -1.27807357
v 1.01712764 1.59889970 -1.25304709
v 1.04517920 1.58699969 -1.25316087
v 1.04494168 1.57329675 -1.24803255
v 1.04502386 1.64043106 -1.39648904
v 1.04481304 1.64381300 -1.45963485
v 1.01709215 1.65606524 -1.45093011
v 1.01736834 1.65182104 -1.39658156
v 1.04482959 1.60788516 -1.27820740
v 1.01726210 1.61959686 -1.27786472
v 0.47858575 1.59865534 -1.25330503
v 0.47844104 1.61950089 -1.27794235
v 0.45070873 1.60789380 -1.27799382
v 0.47852862 1.61964548 -1.27792157
v 0.47860747 1.65585850 -1.45092549
v 0.47840328 1.65197714 -1.39665654
v 1.01716320 1.65601808 -1.45077941
v 0.47870240 1.65574541 -1.45099498
v 1.01718643 1.65211812 -1.39674149
v 0.47873653 1.61970147 -1.27808594
v 1.01710901 1.61955804 -1.27816521
v -0.42074403 -4.43016965 -1.27780185
v -1.01470139 -4.40344884 -1.39607798
v -0.42075843 -4.40347940 -1.39578903
v -1.01485601 -4.43020911 -1.27781209
v -0.42077352 -4.43969765 -1.24789196
v -1.01478734 -4.43980445 -1.24792278
v -1.01476825 -4.42588319 -1.25322726
v -1.01487325 -4.43043284 -1.27785769
v -1.01478965 -4.43961633 -1.24806459
v -1.01504204 -4.40344162 -1.39602000
v -1.01490160 -4.40496076 -1.27829175
v -1.01494285 -4.37289029 -1.39665576
v -1.01474552 -4.38491543 -1.46951581
v -1.01486035 -4.36966153 -1.45958171
v -0.44855889 -4.38515731 -1.46966583
v -0.42075842 -4.38492352 -1.46957632
v -1.01481515 -4.38475819 -1.46954821
v -0.42068835 -4.43016459 -1.27772539
v -0.42080162 -4.42602187 -1.25328064
v -0.42071075 -4.43964482 -1.24793815
v -0.42075172 -4.40352274 -1.39595196
v -0.42072466 -4.40511058 -1.27791853
v -0.42063522 -4.37271250 -1.39671695
v -0.42057330 -4.38509276 -1.46945705
v -0.42082648 -4.36966999 -1.45960495
v -0.42074496 -4.43970846 -1.24803156
v -0.98723170 -4.41439644 -1.25314894
v -0.98719339 -4.43978986 -1.24807511
v -0.44843175 -4.41441296 -1.25345699
v -1.01477744 -4.42608237 -1.25330056
v -1.01463214 -4.43975440 -1.24799743
v -0.98717066 -4.41438287 -1.25310986
v -1.01481342 -4.40513822 -1.27809356
v -1.01484884 -4.42595571 -1.25318658
v -1.01476403 -4.40522593 -1.27786018
v -0.98717451 -4.36122460 -1.39683851
v -1.01479592 -4.37284851 -1.39661505
v -0.98715596 -4.39366660 -1.27799066
v -1.01491932 -4.36955504 -1.45947278
v -0.98706011 -4.35725233 -1.45092912
v -1.01495039 -4.38506249 -1.46951963
v -1.01470769 -4.36944606 -1.45969096
v -0.44845802 -4.38493069 -1.46958302
v -1.01496468 -4.38487274 -1.46959723
v -0.44856116 -4.35739635 -1.45105137
v -0.42079666 -4.38489725 -1.46949679
v -0.42087697 -4.36941839 -1.45950002
v -0.42079400 -4.42614231 -1.25300609
v -0.42074038 -4.40513487 -1.27803171
v -0.44847551 -4.39365705 -1.27801843
v -0.42083773 -4.42616218 -1.25314852
v -0.42077271 -4.43957966 -1.24797872
v -0.42063166 -4.37279637 -1.39685373
v -0.42094813 -4.36966146 -1.45960300
v -0.44833378 -4.35727187 -1.45090932
v -0.44842773 -4.36086755 -1.39675934
v -0.42076958 -4.40520286 -1.27798178
v -0.44868400 -4.39350584 -1.27805784
v -0.98712292 -4.41451187 -1.25311557
v -0.98699741 -4.39344679 -1.27790474
v -0.44853707 -4.41450001 -1.25326253
v -1.01475415 -4.40509910 -1.27790143
v -0.98708962 -4.39347408 -1.27790968
v -0.44851682 -4.36117851 -1.39666133
v -0.98694462 -4.36107652 -1.39670551
v -0.44849625 -4.39348870 -1.27827803
v -0.98703286 -4.35715423 -1.45101335
v -0.44840997 -4.35719817 -1.45103178
v -0.98696509 -4.35718654 -1.45103292
v -1.00216060 -4.21240611 -1.50702214
v -1.01884108 -4.38163932 -1.50692001
v -1.01921936 -4.21240710 -1.50696024
v -0.43317755 -4.38166708 -1.50692675
v -0.41663397 -4.21255279 -1.50688257
v -0.41663480 -4.38171488 -1.50683249
v -1.01883042 -4.37033367 -1.46946266
v -1.01900630 -4.38186605 -1.50701000
v -1.01873441 -4.38178176 -1.48336999
v -1.01891139 -4.21234174 -1.50682934
v -1.01894009 -4.31940389 -1.44922539
v -1.01917878 -4.27818101 -1.43994400
v -1.01891491 -4.23682935 -1.43715475
v -1.01859293 -4.21345595 -1.44623476
v -1.01894138 -4.20360535 -1.47385939
v -1.01888640 -4.20351416 -1.47392885
v -1.00228072 -4.21255382 -1.50684708
v -1.01886253 -4.21234168 -1.50693804
v -1.00241904 -4.20390325 -1.46685691
v -0.41663490 -4.21248094 -1.50690951
v -1.00242364 -4.21234570 -1.50701381
v -0.43311892 -4.20365170 -1.46681481
v -0.41672490 -4.38159695 -1.50699127
v -0.41673622 -4.37021488 -1.46945740
v -0.41670103 -4.38175513 -1.49063358
v -0.41667762 -4.21258779 -1.50714914
v -0.41661017 -4.31950910 -1.44941687
v -0.41642212 -4.27812112 -1.43989385
v -0.41673188 -4.23689673 -1.43707658
v -0.41650720 -4.21336147 -1.44627555
v -0.41662825 -4.20374538 -1.47406043
v -0.41670276 -4.38177866 -1.49046236
v -0.43318922 -4.38170166 -1.50676543
v -0.41658656 -4.38176330 -1.50696409
v -0.43337512 -4.38171422 -1.48334300
v -1.01889319 -4.38182367 -1.50703619
v -0.43331255 -4.38172723 -1.50665840
v -1.01887233 -4.38156057 -1.48345002
v -1.00236973 -4.23674361 -1.42984533
v -1.01910099 -4.23689955 -1.43698539
v -1.01874811 -4.27822072 -1.44001971
v -1.00253384 -4.23686637 -1.43004757
v -1.01874232 -4.21327886 -1.44623848
v -1.01877945 -4.23677205 -1.43708142
v -1.00230977 -4.21334819 -1.43913897
v -1.01898350 -4.21344777 -1.44623591
v -1.00224615 -4.20372557 -1.46681469
v -1.01879458 -4.20371243 -1.47381654
v -1.00249169 -4.21346056 -1.43916650
v -1.00223610 -4.37034417 -1.46238215
v -1.01904811 -4.37014973 -1.46931401
v -1.01896539 -4.38168495 -1.48343697
v -1.00234567 -4.37041895 -1.46223916
v -1.01904127 -4.31944733 -1.44943784
v -1.01893719 -4.37029227 -1.46944859
v -1.00241187 -4.27812889 -1.43273385
v -1.01891135 -4.27820090 -1.44005519
v -1.01893271 -4.31960742 -1.44946353
v -1.00256997 -4.20363677 -1.46682395
v -1.00241535 -4.21342760 -1.43907582
v -0.97019012 -4.20379957 -1.46668930
v -1.00249146 -4.20368501 -1.46673852
v -0.97023470 -4.21351944 -1.43305637
v -0.43321638 -4.20350972 -1.46693673
v -0.46520147 -4.21356260 -1.43303446
v -0.43311592 -4.20374187 -1.46680820
v -0.41663999 -4.20375978 -1.47374424
v -0.41662691 -4.21224221 -1.50717232
v -0.41649689 -4.31948925 -1.44956029
v -0.43305098 -4.27805519 -1.43269145
v -0.43308096 -4.31951326 -1.44247638
v -0.41666252 -4.27826997 -1.43983195
v -0.41652606 -4.31945348 -1.44958888
v -0.43324850 -4.31952945 -1.44245324
v -0.41655564 -4.37028676 -1.46953245
v -0.41660000 -4.37033744 -1.46933824
v -0.43327575 -4.38174700 -1.48340047
v -0.41655630 -4.38173467 -1.49041360
v -0.43301278 -4.20361092 -1.46673881
v -0.41651186 -4.21351031 -1.44631016
v -0.41661190 -4.20369401 -1.47374773
v -0.43316138 -4.21355116 -1.43931275
v -0.41633365 -4.23685085 -1.43698305
v -0.43309754 -4.21324111 -1.43914723
v -0.43341269 -4.23697943 -1.42999198
v -0.41666912 -4.21336055 -1.44630774
v -0.41641365 -4.27821426 -1.43989425
v -0.43332261 -4.23674597 -1.43013431
v -0.43315531 -4.27816664 -1.43295341
v -0.41669958 -4.23680665 -1.43715633
v -0.43310750 -4.38182139 -1.48333790
v -0.43323043 -4.38164931 -1.50699766
v -0.41673497 -4.38174254 -1.49038132
v -0.46538002 -4.37036440 -1.45771422
v -1.00228523 -4.38184115 -1.48345212
v -0.46538306 -4.38168842 -1.48338586
v -0.97013151 -4.37037577 -1.45767575
v -1.01901219 -4.38178424 -1.48352724
v -1.00237246 -4.38187652 -1.48336342
v -0.43315227 -4.37029532 -1.46226262
v -0.43321392 -4.38154230 -1.48323011
v -1.00234566 -4.23695550 -1.42991977
v -1.01901174 -4.27805328 -1.43996688
v -0.97023545 -4.23667086 -1.42367378
v -1.00233571 -4.31951175 -1.44255386
v -1.01881889 -4.31949212 -1.44955132
v -1.00259664 -4.37046688 -1.46245909
v -1.00237829 -4.27816170 -1.43300969
v -1.01892456 -4.31957998 -1.44979922
v -0.46525643 -4.23665217 -1.42387498
v -0.97015766 -4.21342816 -1.43302207
v -0.97000149 -4.23697174 -1.42373905
v -0.46544446 -4.21353881 -1.43290566
v -0.43326949 -4.21342644 -1.43919773
v -0.43314398 -4.20373565 -1.46674846
v -0.46540598 -4.27815298 -1.42669339
v -0.46542733 -4.31962939 -1.43633109
v -0.43341251 -4.27791029 -1.43272567
v -0.41656466 -4.37017638 -1.46959924
v -0.43309397 -4.37051662 -1.46221819
v -0.41661539 -4.37052194 -1.46930118
v -0.46519299 -4.21339658 -1.43296133
v -0.43314952 -4.23698791 -1.42997606
v -0.46523673 -4.37032217 -1.45751546
v -0.97020207 -4.31958105 -1.43622369
v -0.97015471 -4.37040195 -1.45761480
v -0.97013741 -4.23691027 -1.42372416
v -1.00228022 -4.21354749 -1.43914444
v -0.97014204 -4.27813908 -1.42657526
v -0.97026863 -4.23697875 -1.42379446
v -0.46551418 -4.23682120 -1.42365305
v -0.43312638 -4.23689251 -1.43003381
v -0.43317016 -4.23663579 -1.42988863
v 0.46326712 1.80070352 -1.50693049
v 0.44690803 1.63131316 -1.50702315
v 0.44666125 1.80073403 -1.50691735
v 1.03267939 1.63148971 -1.50712178
v 1.04889236 1.80071520 -1.50694612
v 1.04907534 1.63134902 -1.50697793
v 0.44659665 1.64271772 -1.46937662
v 0.44681881 1.63128401 -1.50684039
v 0.44668951 1.63128826 -1.48329117
v 0.44668611 1.80075947 -1.50697140
v 0.44669806 1.69365408 -1.44949102
v 0.44663059 1.73512064 -1.43984242
v 0.44679043 1.77634876 -1.43706297
v 0.44684551 1.79982970 -1.44622977
v 0.44675740 1.80964869 -1.47374392
v 0.44686730 1.80946780 -1.47376051
v 0.46325430 1.80083353 -1.50688812
v 0.44671286 1.80081154 -1.50686829
v 0.46325397 1.80950014 -1.46689433
v 1.04929926 1.80066138 -1.50690239
v 0.46329236 1.80084819 -1.50700265
v 1.03258218 1.80962791 -1.46676161
v 1.04900210 1.63148254 -1.50707062
v 1.04905281 1.64295968 -1.46934683
v 1.04880410 1.63130403 -1.49048844
v 1.04899326 1.80054346 -1.50707929
v 1.04911777 1.69367867 -1.44981836
v 1.04913758 1.73496849 -1.43994718
v 1.04890110 1.77635585 -1.43716075
v 1.04900165 1.79962101 -1.44648256
v 1.04917147 1.80937139 -1.47399498
v 1.04902878 1.63145125 -1.49054457
v 1.03252886 1.63160653 -1.50691013
v 1.04896768 1.63153691 -1.50704199
v 1.03243353 1.63143535 -1.48332152
v 0.44655505 1.63162933 -1.50688785
v 1.03261469 1.63141850 -1.50679740
v 0.44665645 1.63137252 -1.48336971
v 0.46335719 1.73484682 -1.43272899
v 0.44668037 1.77624758 -1.43705587
v 0.44651342 1.73505037 -1.44002230
v 0.46332136 1.77636105 -1.42964445
v 0.46300306 1.77621357 -1.42976722
v 0.44661512 1.79972018 -1.44628422
v 0.44665091 1.77651052 -1.43708589
v 0.46323349 1.79988290 -1.43919034
v 0.44670384 1.79972049 -1.44606723
v 0.46323292 1.80934716 -1.46672932
v 0.44661176 1.80941323 -1.47388267
v 0.46324318 1.79961090 -1.43914320
v 0.46316107 1.64283675 -1.46237318
v 0.44667804 1.64300822 -1.46945837
v 0.44671825 1.63148762 -1.48325148
v 0.46334633 1.64281886 -1.46213047
v 0.44667446 1.69388678 -1.44952386
v 0.44655427 1.64307834 -1.46941641
v 0.46332472 1.69376923 -1.44232197
v 0.46320228 1.69361885 -1.44242027
v 0.44702511 1.73503727 -1.43993971
v 0.44674176 1.69377275 -1.44936072
v 0.46326636 1.73492490 -1.43288069
v 0.46321843 1.80957683 -1.46674575
v 0.46335261 1.79992186 -1.43916367
v 0.49553122 1.80953266 -1.46684404
v 0.46322855 1.80945197 -1.46678731
v 0.49551575 1.79984706 -1.43294576
v 1.03258751 1.80951241 -1.46676099
v 1.00032175 1.79994780 -1.43280964
v 1.03242718 1.80957478 -1.46677241
v 1.04901217 1.80956125 -1.47389468
v 1.04905219 1.80071708 -1.50696126
v 1.04889572 1.69360505 -1.44955412
v 1.03256905 1.73515848 -1.43278204
v 1.03235525 1.69359807 -1.44238482
v 1.04898452 1.73487857 -1.43996730
v 1.04903413 1.69371613 -1.44964141
v 1.03246339 1.69373933 -1.44235774
v 1.04915319 1.64287777 -1.46935734
v 1.04925735 1.64281830 -1.46919853
v 1.03242418 1.63149829 -1.48351596
v 1.04911352 1.63131107 -1.49051696
v 1.03245119 1.64276047 -1.46253729
v 1.03268090 1.80944485 -1.46694032
v 1.04916101 1.79991297 -1.44626395
v 1.04901403 1.80935754 -1.47387239
v 1.03237364 1.79993915 -1.43915729
v 1.04909086 1.77621688 -1.43714688
v 1.03251784 1.79962890 -1.43905287
v 1.03239475 1.77633933 -1.43006419
v 1.04912948 1.79959074 -1.44626442
v 1.04902377 1.73479518 -1.44001766
v 1.03249092 1.77619411 -1.42999881
v 1.03219646 1.73499870 -1.43291807
v 1.04891356 1.77622459 -1.43712789
v 1.03242009 1.63141030 -1.48327398
v 1.03252371 1.63139267 -1.50682560
v 1.04893694 1.63133370 -1.49079386
v 1.00033195 1.64276957 -1.45755872
v 0.46322912 1.63131486 -1.48312828
v 1.00037774 1.63129669 -1.48352888
v 0.49527844 1.64293919 -1.45767474
v 0.44676968 1.63141224 -1.48343521
v 0.46321777 1.63145889 -1.48339505
v 1.03244080 1.64279372 -1.46224477
v 1.03261625 1.63141636 -1.48327209
v 0.49530821 1.77620587 -1.42367765
v 0.46332591 1.77633868 -1.42998991
v 0.46344119 1.73502666 -1.43285959
v 0.49537654 1.77627858 -1.42371488
v 0.49548391 1.64288081 -1.45747840
v 0.46332705 1.69368307 -1.44235641
v 0.46334183 1.64265187 -1.46235678
v 0.49549751 1.69376409 -1.43629054
v 0.49537233 1.73485328 -1.42663985
v 1.00036881 1.77637705 -1.42384706
v 0.49535887 1.79984317 -1.43299032
v 0.49542934 1.77613926 -1.42385583
v 1.00047059 1.79987902 -1.43300476
v 1.03252708 1.79974772 -1.43892518
v 1.03221375 1.80947681 -1.46713597
v 1.03255550 1.69383639 -1.44244029
v 1.00035032 1.73504160 -1.42653132
v 1.00011385 1.69363778 -1.43623268
v 1.03243835 1.73492415 -1.43291234
v 1.04900572 1.64284788 -1.46924859
v 1.03248846 1.64272928 -1.46223820
v 1.03258793 1.77625142 -1.42997807
v 1.00041464 1.79967679 -1.43299420
v 1.00033715 1.77636022 -1.42400858
v 1.03250335 1.79969740 -1.43914969
v 1.03258140 1.77636424 -1.42973680
v 1.00038745 1.73478629 -1.42671847
v 1.03251727 1.73500258 -1.43268893
v 1.00014325 1.64286754 -1.45766258
v 1.00035670 1.69365379 -1.43629221
v 0.49526894 1.77649426 -1.42390715
v 0.46338207 1.79971844 -1.43915770
v 1.00052825 1.77628723 -1.42368796
v 1.03246607 1.77636819 -1.43000990
v -0.98819870 2.09314612 -1.42097863
v -1.13001340 2.23263430 -1.42108222
v -1.13003756 2.09331307 -1.42104217
v -0.98807164 2.23245374 -1.42112574
v -0.96859852 2.09655166 -1.42892716
v -0.98790583 2.23273797 -1.42100549
v -0.98819463 2.09328314 -1.42089216
v -0.96863997 2.22909520 -1.42922431
v -0.98825279 2.23279978 -1.42085979
v -1.12639366 2.24409004 -1.42900974
v -1.12997300 2.23257971 -1.42085526
v -0.99157463 2.24415609 -1.42893454
v -1.13012477 2.09334605 -1.42110211
v -1.14976254 2.22930675 -1.42886652
v -1.14962527 2.09669367 -1.42868553
v -1.13030351 2.23259113 -1.42101513
v -1.12650521 2.08168765 -1.42879451
v -0.98785343 2.09332467 -1.42092475
v -1.13013203 2.09319437 -1.42102256
v -0.99158838 2.08174638 -1.42881127
v -0.96848771 2.09673761 -1.42878628
v -0.97828117 2.08478410 -1.42907903
v -0.96377514 2.23258994 -1.43899683
v -0.96857167 2.09667303 -1.42894196
v -0.96365466 2.09317521 -1.43887417
v -0.96876410 2.22921312 -1.42894403
v -0.97828499 2.24113051 -1.42885740
v -0.97832435 2.24090274 -1.42888317
v -1.12649939 2.24400310 -1.42883182
v -0.98806407 2.24828378 -1.43898932
v -1.13014705 2.24802981 -1.43893980
v -0.99160630 2.24407108 -1.42906396
v -1.12652541 2.24404140 -1.42910213
v -1.13984171 2.24096632 -1.42895430
v -1.13994890 2.24091147 -1.42902521
v -1.14975698 2.22903766 -1.42896129
v -1.14970404 2.09685268 -1.42894098
v -1.15440175 2.23259383 -1.43905976
v -1.15434800 2.09327478 -1.43892936
v -1.14958301 2.22899190 -1.42889392
v -1.13984992 2.08487709 -1.42885197
v -0.97837657 2.08474389 -1.42890496
v -0.99146308 2.08164043 -1.42891838
v -1.13986436 2.08500245 -1.42895259
v -0.99181158 2.08156220 -1.42880331
v -1.13006322 2.07750609 -1.43901099
v -0.98809344 2.07750003 -1.43901519
v -1.12640210 2.08164257 -1.42884119
v -0.96859332 2.09666809 -1.42879965
v -0.97845260 2.08487111 -1.42890720
v -0.97395934 2.08076233 -1.43884214
v -0.96872855 2.09666670 -1.42906441
v -0.97407226 2.08092824 -1.43901912
v -0.96360804 2.09324080 -1.43892534
v -0.97829331 2.24072577 -1.42878461
v -0.96868575 2.22920025 -1.42891925
v -0.96388529 2.23257254 -1.43905123
v -0.99176755 2.24407913 -1.42892925
v -0.97833870 2.24096712 -1.42909361
v -0.97401228 2.24485383 -1.43903578
v -0.99173446 2.24390351 -1.42889365
v -0.97389142 2.24494305 -1.43892017
v -1.13990744 2.24100272 -1.42878208
v -1.14403543 2.24486650 -1.43898134
v -1.14966377 2.22914906 -1.42875601
v -1.13988429 2.24086540 -1.42888261
v -1.14420222 2.24486354 -1.43920629
v -1.15456733 2.23253174 -1.43906187
v -1.14957938 2.22919582 -1.42879915
v -1.14957186 2.09661173 -1.42894184
v -1.15420124 2.09324188 -1.43890709
v -1.13967953 2.08482130 -1.42886858
v -0.97829760 2.08484192 -1.42879927
v -1.13991484 2.08484718 -1.42898563
v -1.14425070 2.08095965 -1.43901439
v -1.12660506 2.08170788 -1.42903299
v -1.12633173 2.08183832 -1.42882734
v -1.14409199 2.08089373 -1.43908682
v -0.97827609 2.08483719 -1.42890187
v -0.98810699 2.07747293 -1.43883308
v -0.97409493 2.08106983 -1.43897431
v -0.97404332 2.24504027 -1.43891815
v -0.97827461 2.24095210 -1.42889609
v -0.96378724 2.23247642 -1.43880656
v -1.13976485 2.24095601 -1.42910597
v -1.12992488 2.24824287 -1.43912594
v -1.14414706 2.24505895 -1.43896502
v -1.15430749 2.09287146 -1.43887357
v -1.14416865 2.08088614 -1.43902433
v -1.13976724 2.08495145 -1.42883830
v 0.07390595 4.70498840 -1.42100844
v -0.06556616 4.84688803 -1.42093831
v -0.06571417 4.70506559 -1.42107433
v 0.07398856 4.84687263 -1.42120962
v -0.06223357 4.68527574 -1.42909846
v 0.07396812 4.70475294 -1.42125277
v -0.06541095 4.70488484 -1.42116684
v 0.07038273 4.68531973 -1.42896433
v 0.08528950 4.70822663 -1.42904842
v 0.07373632 4.84686336 -1.42102850
v 0.07387363 4.70487752 -1.42108578
v 0.08513033 4.84338360 -1.42888182
v 0.07394997 4.84691065 -1.42115779
v -0.06211190 4.86642590 -1.42904589
v -0.06534655 4.84692989 -1.42089429
v 0.07055662 4.86648382 -1.42898296
v -0.06548916 4.70485798 -1.42115805
v -0.07704701 4.84333918 -1.42908365
v -0.07696430 4.70834884 -1.42882632
v -0.06551345 4.84686772 -1.42103527
v -0.06211518 4.68520183 -1.42900129
v -0.07368843 4.69518845 -1.42883540
v 0.07071608 4.68536910 -1.42897101
v -0.06536764 4.68053508 -1.43909853
v 0.07374695 4.68045496 -1.43896474
v -0.06210805 4.68530269 -1.42907398
v 0.08217891 4.69516501 -1.42914183
v 0.08214228 4.69538101 -1.42883856
v 0.08965779 4.84667791 -1.43900529
v 0.08538417 4.70849081 -1.42886302
v 0.08956494 4.70496914 -1.43888479
v 0.08515508 4.84334318 -1.42907377
v 0.08537990 4.84344342 -1.42896094
v 0.08206405 4.85647251 -1.42895746
v 0.08216382 4.85678048 -1.42898290
v 0.07064748 4.86645636 -1.42906737
v -0.06184190 4.86642682 -1.42879775
v 0.07403758 4.87124505 -1.43891956
v -0.06539826 4.87140428 -1.43901874
v 0.07034515 4.86657840 -1.42889107
v -0.07403283 4.85672530 -1.42909493
v -0.07698229 4.70843564 -1.42898118
v -0.07384330 4.69506127 -1.42884593
v -0.07378202 4.85668126 -1.42882026
v -0.07681468 4.70851811 -1.42893190
v -0.08119331 4.84693346 -1.43902184
v -0.08131468 4.70495673 -1.43909770
v -0.07679176 4.84349985 -1.42887386
v -0.07394730 4.69516743 -1.42905737
v -0.07795089 4.69076966 -1.43900392
v -0.06206189 4.68533492 -1.42892039
v -0.06217791 4.68545915 -1.42884320
v -0.07793693 4.69090695 -1.43905831
v -0.06558671 4.68052179 -1.43889372
v 0.08220397 4.69518675 -1.42892254
v 0.07031836 4.68504794 -1.42910061
v 0.07382138 4.68044384 -1.43909035
v 0.08514657 4.70851934 -1.42884454
v 0.08237025 4.69521558 -1.42903178
v 0.08631146 4.69067076 -1.43890042
v 0.08542478 4.70840677 -1.42892275
v 0.08628949 4.69087684 -1.43880516
v 0.08224375 4.85648961 -1.42907565
v 0.07057274 4.86629229 -1.42893244
v 0.08206754 4.85667349 -1.42896597
v 0.08636134 4.86075183 -1.43914655
v 0.07042577 4.86639931 -1.42882807
v 0.08624538 4.86090980 -1.43902354
v 0.07402268 4.87103128 -1.43901164
v -0.06221548 4.86628702 -1.42875769
v -0.06536809 4.87136257 -1.43907840
v -0.07378867 4.85666405 -1.42894914
v -0.07377106 4.69527523 -1.42887554
v -0.07774005 4.86101954 -1.43901840
v -0.07688363 4.84318734 -1.42911895
v -0.07372851 4.85652192 -1.42892061
v -0.07794587 4.86090929 -1.43885515
v -0.07681615 4.84329323 -1.42889903
v -0.08115902 4.70496168 -1.43909374
v -0.07777797 4.69090437 -1.43906931
v -0.07371837 4.69511792 -1.42908744
v 0.08222675 4.69518428 -1.42887186
v 0.07386973 4.68064242 -1.43894859
v 0.08618264 4.69084390 -1.43884072
v 0.08607065 4.86103631 -1.43906145
v 0.08231808 4.85656695 -1.42886184
v 0.08959631 4.84670027 -1.43917383
v -0.07388474 4.85649612 -1.42906152
v -0.06541809 4.87120321 -1.43906318
v -0.07792890 4.86079011 -1.43904952
v -1.24267301 4.70102818 -1.43843432
v -1.24560494 4.85662072 -1.43850379
v -1.24563100 4.71536756 -1.43858939
v -1.24240497 4.87112866 -1.43861412
v -1.23004735 4.69046858 -1.43856056
v -1.22988843 4.88133404 -1.43866403
v -1.09058945 4.69064702 -1.43878554
v -1.09072319 4.88118731 -1.43862766
v -1.07803772 4.70077500 -1.43857329
v -1.07830463 4.87103642 -1.43866286
v -1.07477125 4.71520351 -1.43871180
v -1.07503958 4.85662061 -1.43872263
v -0.15969716 1.58296575 -1.27782080
v -0.75396108 1.60977209 -1.39600479
v -0.15974759 1.60969705 -1.39592346
v -0.75379430 1.58295522 -1.27775453
v -0.15979243 1.57329224 -1.24776699
v -0.75404340 1.57348820 -1.24778513
v -0.75381389 1.58713996 -1.25288016
v -0.75390237 1.58297299 -1.27778078
v -0.75386745 1.57346324 -1.24787054
v -0.75386939 1.60991229 -1.39603814
v -0.75381717 1.60798979 -1.27780661
v -0.75367241 1.64043205 -1.39672641
v -0.75369904 1.62805743 -1.46966161
v -0.75370530 1.64375014 -1.45942089
v -0.18727624 1.62822119 -1.46968968
v -0.15986192 1.62829032 -1.46952186
v -0.75357577 1.62821588 -1.46947616
v -0.15946970 1.58294633 -1.27759970
v -0.15957660 1.58700962 -1.25332405
v -0.15968983 1.57345586 -1.24798257
v -0.15957747 1.60982155 -1.39600264
v -0.15971892 1.60793678 -1.27800361
v -0.15972320 1.64038548 -1.39683554
v -0.15976401 1.62812724 -1.46976137
v -0.15971889 1.64338562 -1.45973060
v -0.15977718 1.57318083 -1.24795613
v -0.72598709 1.59873541 -1.25332339
v -0.72598999 1.57341413 -1.24808246
v -0.18736000 1.59875532 -1.25319298
v -0.75385353 1.58701863 -1.25328601
v -0.75381709 1.57328723 -1.24799901
v -0.72603612 1.59872475 -1.25333972
v -0.75391594 1.60804963 -1.27782732
v -0.75382323 1.58703827 -1.25323938
v -0.72605626 1.61964010 -1.27774119
v -0.75383092 1.64031832 -1.39664337
v -0.75370060 1.60791466 -1.27807084
v -0.72608181 1.65202883 -1.39670664
v -0.75362371 1.64373090 -1.45944416
v -0.75369493 1.64017367 -1.39676991
v -0.72610506 1.65598123 -1.45089885
v -0.75390686 1.62828773 -1.46967669
v -0.75375122 1.64380720 -1.45955288
v -0.18740712 1.62847162 -1.46956150
v -0.75388455 1.62814332 -1.46962792
v -0.18739739 1.65590515 -1.45082651
v -0.15977069 1.62811899 -1.46963496
v -0.15966794 1.64364081 -1.45952744
v -0.18738571 1.61984521 -1.27779958
v -0.15966675 1.58717811 -1.25317243
v -0.15977619 1.60805839 -1.27815134
v -0.18711481 1.59870384 -1.25325242
v -0.15973314 1.58702979 -1.25341662
v -0.15954334 1.57326273 -1.24806358
v -0.15978075 1.64037207 -1.39657191
v -0.15968015 1.64385653 -1.45944884
v -0.18744741 1.65586895 -1.45082528
v -0.18742924 1.65204732 -1.39663640
v -0.15968682 1.60792895 -1.27808939
v -0.18728738 1.61970228 -1.27792495
v -0.72615133 1.59882764 -1.25329554
v -0.72616141 1.61979636 -1.27778574
v -0.75372702 1.60776263 -1.27793382
v -0.72619463 1.61971127 -1.27784405
v -0.72609798 1.65578895 -1.45095430
v -0.72619759 1.65199907 -1.39674804
v -0.18728271 1.65573676 -1.45099458
v -0.72612989 1.65590039 -1.45093721
v -0.18739981 1.65219939 -1.39670327
v -0.72628533 1.61962144 -1.27803811
v -0.18734048 1.61961156 -1.27786391
v -1.01497454 -3.68618278 -1.27778862
v -0.42059003 -3.71294008 -1.39594010
v -1.01485391 -3.71266127 -1.39588875
v -0.42068513 -3.68592530 -1.27768003
v -1.01480766 -3.67643363 -1.24793991
v -0.42066337 -3.67620719 -1.24797903
v -0.42063417 -3.73143442 -1.46954237
v -0.42088767 -3.74326172 -1.39659984
v -0.42070462 -3.74689699 -1.45935538
v -0.42052144 -3.71117739 -1.27806708
v -0.42078308 -3.71293316 -1.39602989
v -0.42069085 -3.68606861 -1.27774297
v -0.42072372 -3.69016048 -1.25305316
v -0.42058849 -3.67644847 -1.24799366
v -0.98706373 -3.73136818 -1.46946383
v -1.01496001 -3.73138565 -1.46962204
v -0.42074061 -3.73133470 -1.46962207
v -1.01495846 -3.74342652 -1.39660760
v -1.01505395 -3.73132514 -1.46955768
v -1.01472303 -3.74683127 -1.45958030
v -1.01476322 -3.71110724 -1.27802390
v -1.01485928 -3.71301180 -1.39593183
v -1.01478349 -3.68593703 -1.27793539
v -1.01478878 -3.69013571 -1.25325522
v -1.01497736 -3.67640988 -1.24795149
v -0.98703393 -3.70197393 -1.25345818
v -0.44841005 -3.67647730 -1.24807706
v -1.01488090 -3.67649821 -1.24803510
v -0.44837507 -3.70203021 -1.25340037
v -0.42094703 -3.67642126 -1.24828088
v -0.42069445 -3.69012426 -1.25321219
v -0.42070624 -3.69007666 -1.25325084
v -0.44844566 -3.70165252 -1.25323574
v -0.42074461 -3.71098529 -1.27796406
v -0.42071988 -3.71104120 -1.27806161
v -0.44843940 -3.72261301 -1.27797111
v -0.42083557 -3.74352273 -1.39686348
v -0.44841689 -3.75500886 -1.39676667
v -0.42056350 -3.74682459 -1.45974620
v -0.42078070 -3.74674275 -1.45957204
v -0.44844858 -3.75920264 -1.45088205
v -0.42077614 -3.73147820 -1.46955475
v -0.42069871 -3.73124654 -1.46961055
v -0.98685558 -3.75894437 -1.45084219
v -0.98726790 -3.73156214 -1.46957709
v -1.01473921 -3.74664225 -1.45968039
v -1.01464745 -3.73147168 -1.46965501
v -1.01490399 -3.69008519 -1.25324100
v -1.01469887 -3.71113852 -1.27783208
v -0.98709438 -3.72277548 -1.27799894
v -1.01474428 -3.67651622 -1.24803490
v -1.01472563 -3.69003059 -1.25305963
v -1.01495843 -3.74338671 -1.39663646
v -1.01498800 -3.74672462 -1.45951542
v -0.98691293 -3.75916999 -1.45093190
v -1.01455900 -3.71115365 -1.27804880
v -0.98715810 -3.75527255 -1.39661293
v -0.44819336 -3.70178368 -1.25310292
v -0.44858857 -3.72274296 -1.27807649
v -0.98723384 -3.70202299 -1.25312984
v -0.42082265 -3.71099258 -1.27793656
v -0.44841186 -3.75916733 -1.45077710
v -0.44836345 -3.75494988 -1.39656386
v -0.98706199 -3.75890546 -1.45089249
v -0.44847271 -3.75912363 -1.45091406
v -0.98709536 -3.75529578 -1.39667528
v -0.98697374 -3.72277144 -1.27775257
v -0.44852583 -3.72266978 -1.27786730
v -0.98698058 -3.72265722 -1.27797323
v -1.00232443 -3.73466081 -1.50698760
v -1.01901726 -3.90376069 -1.50678407
v -1.01896847 -3.73451945 -1.50675704
v -0.43317533 -3.90378603 -1.50692792
v -0.41657424 -3.73469869 -1.50686097
v -0.41654550 -3.90401179 -1.50675068
v -0.41661946 -3.90395905 -1.50696410
v -0.41652959 -3.90290354 -1.44619421
v -0.41662586 -3.91250755 -1.47392065
v -0.41655797 -3.73444292 -1.50692298
v -0.41653816 -3.87940585 -1.43705032
v -0.41645754 -3.83811947 -1.43988658
v -0.41684222 -3.79677932 -1.44946408
v -0.41656155 -3.74599129 -1.46935926
v -0.41662783 -3.73441566 -1.48330655
v -0.41668925 -3.91236680 -1.47401960
v -0.43306618 -3.90385228 -1.50685583
v -0.41643693 -3.90371012 -1.50692854
v -0.43313069 -3.91263102 -1.46683212
v -1.01880648 -3.90383945 -1.50690642
v -0.43301427 -3.90376551 -1.50705600
v -1.00248667 -3.91273319 -1.46690073
v -1.01900250 -3.90278524 -1.44635220
v -1.01897160 -3.90400840 -1.50705425
v -1.01894120 -3.91258798 -1.47379112
v -1.01893006 -3.73436710 -1.50715001
v -1.01881005 -3.87944151 -1.43697830
v -1.01878969 -3.83801148 -1.44002389
v -1.01888953 -3.79667770 -1.44961660
v -1.01885144 -3.74580523 -1.46935284
v -1.01902715 -3.73455707 -1.49050481
v -1.01882439 -3.73450318 -1.49057219
v -1.00225834 -3.73445510 -1.50683694
v -1.01905787 -3.73465630 -1.50689232
v -1.00236476 -3.73473845 -1.48334424
v -0.41669226 -3.73442800 -1.50687259
v -1.00233692 -3.73464729 -1.50685842
v -0.41682373 -3.73459027 -1.48355014
v -0.41689435 -3.83816956 -1.43991685
v -0.43321099 -3.87929671 -1.43017497
v -0.41668531 -3.87950576 -1.43705797
v -0.41668164 -3.90278237 -1.44625029
v -0.43310285 -3.87966684 -1.42996952
v -0.43325844 -3.90283799 -1.43923139
v -0.41652603 -3.87948174 -1.43698884
v -0.41657751 -3.90285710 -1.44624517
v -0.43325119 -3.91274371 -1.46694249
v -0.41651506 -3.91268791 -1.47389059
v -0.43321886 -3.90280992 -1.43909319
v -0.43313558 -3.74576157 -1.46238847
v -0.41677116 -3.74578170 -1.46946953
v -0.41666192 -3.73423453 -1.48327275
v -0.41689467 -3.74582494 -1.46933944
v -0.43338426 -3.74579891 -1.46214292
v -0.41671413 -3.79673384 -1.44947767
v -0.41670722 -3.79681003 -1.44946664
v -0.43309699 -3.83809249 -1.43295478
v -0.41670544 -3.83803150 -1.44001968
v -0.43302251 -3.91261169 -1.46694468
v -0.43350411 -3.90283132 -1.43907608
v -0.46533651 -3.91262852 -1.46687970
v -0.43323740 -3.91270620 -1.46669520
v -0.46535631 -3.90280554 -1.43294019
v -1.00214543 -3.91262326 -1.46680297
v -0.97009975 -3.90271864 -1.43284954
v -1.00239468 -3.91275479 -1.46686584
v -1.01918873 -3.91276851 -1.47369591
v -1.01882783 -3.90387425 -1.50702194
v -1.00248585 -3.83816819 -1.43278600
v -1.01883379 -3.79678879 -1.44941928
v -1.01917907 -3.83797177 -1.43974332
v -1.00231815 -3.79684904 -1.44247731
v -1.00252164 -3.79687091 -1.44261746
v -1.01889412 -3.74595150 -1.46933012
v -1.01885533 -3.79674945 -1.44963883
v -1.01901625 -3.74588882 -1.46947778
v -1.00234060 -3.73442450 -1.48337286
v -1.01890633 -3.73451348 -1.49042193
v -1.00243140 -3.91261117 -1.46656225
v -1.01901707 -3.90286087 -1.44619710
v -1.01896821 -3.91256921 -1.47389713
v -1.00234086 -3.90276594 -1.43893889
v -1.00229899 -3.90275394 -1.43903347
v -1.01889138 -3.87921968 -1.43715323
v -1.01893186 -3.90276468 -1.44625538
v -1.00244518 -3.87945874 -1.42997700
v -1.00250328 -3.87948037 -1.43000291
v -1.01899610 -3.83798429 -1.43999687
v -1.01885305 -3.87956906 -1.43707668
v -1.00221911 -3.83813790 -1.43264477
v -1.00220850 -3.73444650 -1.48338375
v -1.00230940 -3.73474862 -1.50693354
v -1.01881430 -3.73444970 -1.49051254
v -0.97018151 -3.74594906 -1.45772235
v -0.43311706 -3.73450309 -1.48339969
v -0.97037934 -3.73435442 -1.48347946
v -0.46539030 -3.74588802 -1.45768790
v -0.41675114 -3.73454313 -1.48339205
v -0.43304303 -3.73457012 -1.48346553
v -1.00236419 -3.74596170 -1.46234993
v -1.00233507 -3.73450426 -1.48337052
v -0.41649591 -3.83806525 -1.43998276
v -0.43332791 -3.87953804 -1.43001903
v -0.46536102 -3.87954461 -1.42385068
v -0.41664653 -3.79694202 -1.44961137
v -0.43332926 -3.74607540 -1.46214131
v -0.43310786 -3.79698744 -1.44255183
v -0.41662307 -3.79682366 -1.44955193
v -0.43317206 -3.83803153 -1.43298541
v -0.46532049 -3.90280456 -1.43311593
v -0.97020397 -3.87929026 -1.42386432
v -0.97019341 -3.90284262 -1.43269926
v -0.46520833 -3.87944012 -1.42400029
v -1.00233629 -3.90286312 -1.43895909
v -1.00219943 -3.91244596 -1.46675684
v -0.97035173 -3.83796155 -1.42665798
v -1.00224367 -3.83810202 -1.43298803
v -0.97040866 -3.79688662 -1.43616717
v -1.00253827 -3.74590900 -1.46232630
v -1.01877836 -3.74589949 -1.46947023
v -1.01890480 -3.74577336 -1.46933331
v -0.97019505 -3.90299469 -1.43287764
v -1.00236819 -3.87931040 -1.42999880
v -1.00244484 -3.90268836 -1.43926019
v -0.97030509 -3.87938837 -1.42404378
v -1.00239613 -3.87927187 -1.43008771
v -0.46547044 -3.79681564 -1.43613939
v -0.97027941 -3.74607868 -1.45758167
v -0.46532841 -3.74588657 -1.45739346
v -0.46533875 -3.87959408 -1.42371697
v -0.43302511 -3.90282244 -1.43907945
v -0.46526766 -3.83800846 -1.42646672
v -0.46548057 -3.87942932 -1.42375738
v -0.97010432 -3.87957817 -1.42379681
v -1.00241574 -3.87951035 -1.42982668
v -0.74128459 1.80086973 -1.50684058
v -0.75789106 1.63130975 -1.50711514
v -0.75790106 1.80074083 -1.50705329
v -0.17216267 1.63136365 -1.50691217
v -0.15536791 1.80075561 -1.50689002
v -0.15554338 1.63160234 -1.50698863
v -0.75802995 1.64278126 -1.46947684
v -0.75783540 1.63142741 -1.50710631
v -0.75786430 1.63121342 -1.48345417
v -0.75786667 1.80057075 -1.50687171
v -0.75803185 1.69345514 -1.44949133
v -0.75784969 1.73494774 -1.43990177
v -0.75804669 1.77637681 -1.43688615
v -0.75803590 1.79963051 -1.44631199
v -0.75777916 1.80939682 -1.47392082
v -0.75797745 1.80941230 -1.47398521
v -0.74129468 1.80069498 -1.50674612
v -0.75798449 1.80090524 -1.50685068
v -0.74145880 1.80959711 -1.46671516
v -0.15563291 1.80071645 -1.50686472
v -0.74135340 1.80080949 -1.50689156
v -0.17202853 1.80943963 -1.46689076
v -0.15546286 1.63134881 -1.50681187
v -0.15561523 1.64275118 -1.46929218
v -0.15553313 1.63153177 -1.49058934
v -0.15538111 1.80071722 -1.50697294
v -0.15559847 1.69372244 -1.44958765
v -0.15563162 1.73495214 -1.43978611
v -0.15575649 1.77620456 -1.43711105
v -0.15561916 1.79960865 -1.44633690
v -0.15565875 1.80956039 -1.47386971
v -0.15550146 1.63131663 -1.49060489
v -0.17208753 1.63135562 -1.50708278
v -0.15567465 1.63141940 -1.50715462
v -0.17221017 1.63149126 -1.48341886
v -0.75784996 1.63156273 -1.50691788
v -0.17216275 1.63141697 -1.50672339
v -0.75789058 1.63144070 -1.48326609
v -0.74140090 1.77639921 -1.43017359
v -0.75787738 1.77637074 -1.43706927
v -0.75798989 1.73497035 -1.43979333
v -0.74129718 1.77635387 -1.42998241
v -0.75804145 1.79966078 -1.44629113
v -0.75787932 1.77642894 -1.43732076
v -0.74145612 1.79975570 -1.43894772
v -0.75806662 1.79969466 -1.44612350
v -0.74129792 1.80926899 -1.46700743
v -0.75799879 1.80931911 -1.47392441
v -0.74124441 1.79973138 -1.43911902
v -0.74149250 1.64273842 -1.46218505
v -0.75786821 1.64292651 -1.46931420
v -0.75778950 1.63121303 -1.48324192
v -0.74162140 1.64288346 -1.46202712
v -0.75796318 1.69371976 -1.44956126
v -0.75803522 1.64280746 -1.46932797
v -0.74134609 1.69373128 -1.44245073
v -0.74152953 1.73513466 -1.43282630
v -0.75805187 1.73490020 -1.44001997
v -0.75795632 1.69368018 -1.44961992
v -0.74155753 1.80942040 -1.46662847
v -0.74134700 1.79985973 -1.43926054
v -0.70921162 1.80946569 -1.46655475
v -0.74119084 1.80930822 -1.46684675
v -0.70909677 1.79962456 -1.43321726
v -0.17218162 1.80955551 -1.46679232
v -0.20433373 1.79987432 -1.43294941
v -0.17223970 1.80944112 -1.46684130
v -0.15551429 1.80952117 -1.47408212
v -0.15554951 1.80060791 -1.50699658
v -0.15545869 1.69350052 -1.44962195
v -0.17221339 1.73486573 -1.43269729
v -0.17222365 1.69367550 -1.44244870
v -0.15551387 1.73503442 -1.43981849
v -0.15571344 1.69363923 -1.44945246
v -0.17210654 1.69374041 -1.44241038
v -0.15568299 1.64284641 -1.46939023
v -0.15556066 1.64274801 -1.46946597
v -0.17219312 1.63147763 -1.48323647
v -0.15568698 1.63143614 -1.49044408
v -0.17235652 1.64276287 -1.46216458
v -0.17207175 1.80938264 -1.46681138
v -0.15570775 1.79960252 -1.44631553
v -0.15553545 1.80939100 -1.47393912
v -0.17232890 1.79971104 -1.43936080
v -0.15560479 1.77651955 -1.43709456
v -0.17221918 1.79985575 -1.43921464
v -0.17203477 1.77631436 -1.43000082
v -0.15547233 1.79965941 -1.44621304
v -0.15567390 1.73490096 -1.43977004
v -0.17218089 1.77627080 -1.42975519
v -0.17209552 1.73520427 -1.43269196
v -0.15551035 1.77622334 -1.43694761
v -0.17222960 1.63147390 -1.48334620
v -0.17203163 1.63151924 -1.50705991
v -0.15550352 1.63133489 -1.49041868
v -0.20427523 1.64280187 -1.45768758
v -0.74129907 1.63146916 -1.48325746
v -0.20441397 1.63139896 -1.48326928
v -0.70894353 1.64279320 -1.45768630
v -0.75776419 1.63132514 -1.48340799
v -0.74119985 1.63146537 -1.48328849
v -0.17215805 1.64270442 -1.46224578
v -0.17217518 1.63119734 -1.48338363
v -0.74137400 1.77636461 -1.42999793
v -0.75784479 1.73494268 -1.43978339
v -0.70897384 1.77622366 -1.42367920
v -0.74127225 1.73509215 -1.43283790
v -0.75790673 1.69371590 -1.44952222
v -0.74120469 1.69391258 -1.44248286
v -0.70934607 1.64272644 -1.45752283
v -0.74130849 1.64283587 -1.46240107
v -0.20433189 1.77627634 -1.42362818
v -0.70921484 1.79985748 -1.43302142
v -0.70914080 1.77628744 -1.42372750
v -0.20420212 1.79959652 -1.43284069
v -0.17197037 1.79991380 -1.43911930
v -0.17206036 1.80951709 -1.46682566
v -0.17224892 1.69360646 -1.44240383
v -0.20430134 1.73510337 -1.42671762
v -0.20421456 1.69350580 -1.43630556
v -0.17219176 1.73507880 -1.43263529
v -0.15572238 1.64272630 -1.46940885
v -0.17251241 1.64293025 -1.46225667
v -0.17197303 1.77620721 -1.42998496
v -0.20446664 1.79949464 -1.43305442
v -0.20417446 1.77617749 -1.42357235
v -0.17208307 1.79969912 -1.43919368
v -0.17204137 1.77624848 -1.42999883
v -0.20412674 1.73509633 -1.42664428
v -0.17217090 1.73515995 -1.43271545
v -0.20418273 1.64267272 -1.45760662
v -0.70912329 1.69371905 -1.43620492
v -0.20444870 1.69366986 -1.43653781
v -0.70913980 1.77625678 -1.42378588
v -0.74125503 1.79984417 -1.43915035
v -0.70914330 1.73490417 -1.42655727
v -0.70914581 1.77630370 -1.42391909
v -0.20435683 1.77631521 -1.42380949
v -0.17224567 1.77630500 -1.42990366
v -1.01492234 -2.07987226 -1.27794733
v -0.42071051 -2.10660938 -1.39585969
v -1.01479119 -2.10673987 -1.39611611
v -0.42065881 -2.07974671 -1.27787297
v -1.01465945 -2.07034864 -1.24788722
v -0.42082959 -2.07022910 -1.24789551
v -0.42083635 -2.12489979 -1.46944696
v -0.42088069 -2.13722031 -1.39663825
v -0.42060621 -2.14062562 -1.45966058
v -0.42079002 -2.10493347 -1.27801708
v -0.42076337 -2.10666124 -1.39608726
v -0.42073995 -2.07974463 -1.27776613
v -0.42062344 -2.08385990 -1.25319821
v -0.42073774 -2.07027496 -1.24805928
v -0.98719536 -2.12532201 -1.46968442
v -1.01482159 -2.12498428 -1.46948512
v -0.44843438 -2.12522935 -1.46946615
v -0.42066063 -2.12516946 -1.46948115
v -1.01494277 -2.13722356 -1.39662256
v -1.01499653 -2.12517860 -1.46959993
v -1.01499427 -2.14057284 -1.45960796
v -1.01490679 -2.10494982 -1.27786533
v -1.01493438 -2.10657055 -1.39601169
v -1.01476881 -2.07982120 -1.27774022
v -1.01489191 -2.08389378 -1.25307944
v -1.01492814 -2.07019505 -1.24802038
v -0.98699165 -2.09559238 -1.25325704
v -0.44843115 -2.07023877 -1.24808530
v -1.01463380 -2.07027475 -1.24786563
v -0.44830959 -2.09577702 -1.25332544
v -0.42083698 -2.07018966 -1.24797097
v -0.42061044 -2.08388820 -1.25320122
v -0.42055359 -2.08394861 -1.25327982
v -0.44835576 -2.09571072 -1.25313710
v -0.42077466 -2.10477090 -1.27799464
v -0.42072045 -2.13728946 -1.39649900
v -0.44844695 -2.11637889 -1.27829672
v -0.44843130 -2.14893781 -1.39665748
v -0.42061709 -2.10497629 -1.27774784
v -0.42060263 -2.14054122 -1.45957693
v -0.42068336 -2.14067018 -1.45960978
v -0.44847815 -2.15293604 -1.45083988
v -0.42074829 -2.12509959 -1.46946482
v -0.44836397 -2.12500591 -1.46959040
v -0.44839359 -2.15294653 -1.45102717
v -0.98707477 -2.15285369 -1.45094793
v -0.42064718 -2.12521247 -1.46971464
v -0.44856861 -2.12514986 -1.46952017
v -0.98698333 -2.15283687 -1.45098037
v -0.98718780 -2.12534563 -1.46959641
v -1.01466349 -2.14059493 -1.45950823
v -1.01476899 -2.12506839 -1.46945871
v -1.01468870 -2.08398453 -1.25340377
v -1.01471476 -2.10483627 -1.27796479
v -0.98707165 -2.11658657 -1.27813670
v -1.01487541 -2.07012940 -1.24794151
v -1.01480032 -2.08399011 -1.25308530
v -1.01490462 -2.13720106 -1.39673536
v -1.01471382 -2.14066690 -1.45937990
v -0.98703493 -2.15273479 -1.45084622
v -0.98723212 -2.11650121 -1.27791866
v -0.98701287 -2.14890538 -1.39655368
v -1.01488023 -2.10487143 -1.27789276
v -0.44849487 -2.09580090 -1.25295796
v -0.98703180 -2.11668597 -1.27791908
v -0.44843501 -2.11656430 -1.27802166
v -0.98708162 -2.09556607 -1.25321250
v -0.42068283 -2.10479460 -1.27791874
v -0.44851854 -2.11663818 -1.27802475
v -0.98720506 -2.14908842 -1.39666329
v -0.44832963 -2.14889033 -1.39679534
v -0.98740128 -2.11653810 -1.27798358
v -0.44860537 -2.15272824 -1.45083458
v -0.98708002 -2.14877907 -1.39675315
v -0.98704458 -2.15288749 -1.45090805
v -0.44816729 -2.15279524 -1.45106683
v -1.01486201 -2.08388847 -1.25335100
v -0.44854948 -2.15297612 -1.45095156
v -0.07798374 4.69089482 -1.43854756
v -0.08108882 4.84659090 -1.43871761
v -0.08112713 4.70537480 -1.43859763
v -0.07815704 4.86111268 -1.43857225
v -0.06535000 4.68064967 -1.43864343
v -0.06547943 4.87122538 -1.43859045
v 0.07380971 4.68039695 -1.43880228
v 0.07370015 4.87122887 -1.43849693
v 0.08635743 4.69080249 -1.43854038
v 0.08644267 4.86082832 -1.43863278
v 0.08956028 4.70532933 -1.43842552
v 0.08973847 4.84664018 -1.43858872
v -1.00218105 -2.12843802 -1.50691101
v -1.01885993 -2.29766708 -1.50697392
v -1.01892662 -2.12824974 -1.50692684
v -0.43312504 -2.29753893 -1.50712420
v -0.41660755 -2.12834110 -1.50713554
v -0.41663388 -2.29768578 -1.50705288
v -0.41662354 -2.29774546 -1.50701626
v -0.41653892 -2.29674910 -1.44640063
v -0.41653595 -2.30630744 -1.47392505
v -0.41671239 -2.12854101 -1.50703610
v -0.41650815 -2.27322648 -1.43693990
v -0.41667949 -2.23201118 -1.44013799
v -0.41685569 -2.19087565 -1.44974028
v -0.41646106 -2.13965897 -1.46938508
v -0.41661329 -2.12818318 -1.48327193
v -0.41670416 -2.30644564 -1.47402187
v -0.43321035 -2.29754007 -1.50696131
v -0.41665507 -2.29776212 -1.50712074
v -0.43301580 -2.30649000 -1.46685424
v -1.01880792 -2.29749145 -1.50699698
v -0.43305344 -2.29738714 -1.50677660
v -1.00243377 -2.30628118 -1.46687369
v -1.01893453 -2.29661765 -1.44633885
v -1.01906619 -2.29770758 -1.50684708
v -1.01884543 -2.30634901 -1.47393618
v -1.01887889 -2.12834058 -1.50697712
v -1.01901872 -2.27331254 -1.43715688
v -1.01883930 -2.23183684 -1.43983603
v -1.01922275 -2.19058417 -1.44961003
v -1.01922692 -2.13980770 -1.46931909
v -1.01893385 -2.12832023 -1.49050053
v -1.01888439 -2.12834479 -1.49053730
v -1.00247929 -2.12819800 -1.50690492
v -1.01904283 -2.12846919 -1.50688396
v -1.00236697 -2.12843072 -1.48354028
v -0.41680045 -2.12821249 -1.50683038
v -1.00229390 -2.12839422 -1.50703856
v -0.41668590 -2.12855116 -1.48326772
v -0.41651328 -2.23196193 -1.44003236
v -0.43308615 -2.27326957 -1.42993544
v -0.41675142 -2.27303565 -1.43714165
v -0.41687980 -2.29658046 -1.44612391
v -0.43321990 -2.27301744 -1.42981115
v -0.43310193 -2.29665975 -1.43903987
v -0.41659540 -2.27313550 -1.43712122
v -0.41662492 -2.29665015 -1.44615004
v -0.43320498 -2.30648942 -1.46666531
v -0.41668573 -2.30622066 -1.47393235
v -0.43323255 -2.29673654 -1.43910741
v -0.43317063 -2.13980184 -1.46214547
v -0.41658759 -2.13970715 -1.46928835
v -0.41648313 -2.12817838 -1.48336773
v -0.41659127 -2.13956642 -1.46951593
v -0.43305377 -2.13962687 -1.46231553
v -0.41677553 -2.19055104 -1.44957819
v -0.41654929 -2.19079559 -1.44944310
v -0.43299519 -2.23199591 -1.43292279
v -0.41642747 -2.23182373 -1.43991956
v -0.43305689 -2.30643097 -1.46685934
v -0.43300137 -2.29669098 -1.43908172
v -0.46537163 -2.30659963 -1.46670478
v -0.43306205 -2.30648802 -1.46656536
v -0.46512699 -2.29671592 -1.43299586
v -1.00231897 -2.30635545 -1.46687886
v -0.97019960 -2.29662157 -1.43322739
v -1.00238366 -2.30637886 -1.46689537
v -1.01894356 -2.30631502 -1.47399337
v -1.01910416 -2.29781474 -1.50696963
v -1.00224932 -2.23174180 -1.43297612
v -1.01899024 -2.19060440 -1.44948947
v -1.01897645 -2.23185807 -1.44005634
v -1.00253191 -2.19068551 -1.44240905
v -1.00236565 -2.19065438 -1.44251293
v -1.01885899 -2.13979884 -1.46944793
v -1.01882288 -2.19063305 -1.44972819
v -1.01887025 -2.13959057 -1.46938849
v -1.00232917 -2.12826306 -1.48318711
v -1.01910475 -2.12833943 -1.49040897
v -1.00236017 -2.13964044 -1.46225786
v -1.00233864 -2.30635386 -1.46672057
v -1.01885621 -2.29662387 -1.44619975
v -1.01880800 -2.30642892 -1.47400266
v -1.00225604 -2.29674162 -1.43908808
v -1.00215393 -2.29660241 -1.43908190
v -1.01868257 -2.27326578 -1.43706346
v -1.01880768 -2.29657706 -1.44622521
v -1.00261054 -2.27326142 -1.42992534
v -1.00235366 -2.27325461 -1.42992798
v -1.01897108 -2.23168464 -1.43990479
v -1.01897536 -2.27329864 -1.43703801
v -1.00231785 -2.23185567 -1.43272988
v -1.00265019 -2.12827300 -1.48324629
v -1.00225673 -2.12830517 -1.50701904
v -1.01898076 -2.12814254 -1.49052130
v -0.97026465 -2.14000232 -1.45781318
v -0.43322760 -2.12832471 -1.48334718
v -0.97018802 -2.12821056 -1.48333505
v -0.46531720 -2.13973511 -1.45755342
v -0.41655153 -2.12846586 -1.48337470
v -0.43312683 -2.12823363 -1.48353027
v -1.00240359 -2.13967636 -1.46232514
v -1.00243040 -2.12834691 -1.48328360
v -0.41671390 -2.23199589 -1.44006253
v -0.43294637 -2.27314662 -1.42996319
v -0.46527318 -2.27296104 -1.42378271
v -0.41642727 -2.19066177 -1.44966694
v -0.43320070 -2.13970317 -1.46218852
v -0.43317472 -2.19046547 -1.44230755
v -0.41640788 -2.19062285 -1.44966636
v -0.43312754 -2.23194231 -1.43278911
v -0.46538985 -2.29658542 -1.43287600
v -0.97014022 -2.27312758 -1.42374121
v -0.97022577 -2.29683760 -1.43305501
v -0.46527941 -2.27312496 -1.42398542
v -1.00219522 -2.29664274 -1.43902134
v -1.00246382 -2.30625847 -1.46688549
v -0.97000737 -2.23195582 -1.42650271
v -1.00239906 -2.23183390 -1.43271016
v -0.97014833 -2.19055991 -1.43631982
v -1.00230728 -2.13966245 -1.46234280
v -1.01892931 -2.13986230 -1.46935146
v -0.97027168 -2.29675704 -1.43310261
v -1.00228863 -2.27329285 -1.42993365
v -1.00262200 -2.29658718 -1.43920041
v -0.97008742 -2.27329216 -1.42368118
v -1.00240091 -2.27329074 -1.42987920
v -0.46523200 -2.19064321 -1.43622599
v -0.97033546 -2.13980301 -1.45767027
v -0.46516258 -2.13994690 -1.45784294
v -0.46550029 -2.27343254 -1.42372165
v -0.43323287 -2.29674662 -1.43909304
v -0.46525212 -2.23183580 -1.42648190
v -0.46538772 -2.27324704 -1.42387236
v -0.97011159 -2.27324108 -1.42385942
v -1.00236154 -2.27320572 -1.42988307
v -0.42061979 -2.82413484 -1.27787815
v -1.01489506 -2.79722660 -1.39575798
v -0.42069780 -2.79725895 -1.39586458
v -1.01485033 -2.82438263 -1.27788148
v -0.42073633 -2.83348438 -1.24779694
v -1.01475285 -2.83347755 -1.24800556
v -1.01490739 -2.81990641 -1.25319496
v -1.01480159 -2.82413128 -1.27782244
v -1.01477812 -2.83367587 -1.24787814
v -1.01484342 -2.79722847 -1.39599783
v -1.01468525 -2.79891296 -1.27792270
v -1.01482248 -2.76681807 -1.39666783
v -1.01492242 -2.77875070 -1.46958731
v -1.01484639 -2.76333681 -1.45963790
v -0.44833546 -2.77871676 -1.46956254
v -0.42066577 -2.77869313 -1.46958329
v -1.01489491 -2.77868315 -1.46950616
v -0.42074290 -2.82398874 -1.27794554
v -0.42064503 -2.82016107 -1.25316080
v -0.42064543 -2.83372796 -1.24804057
v -0.42077020 -2.79731667 -1.39591839
v -0.42053027 -2.79908304 -1.27794160
v -0.42079593 -2.76693337 -1.39677107
v -0.42069326 -2.77881718 -1.46959155
v -0.42063743 -2.76341928 -1.45952754
v -0.42073463 -2.83360998 -1.24782309
v -0.98709031 -2.80832011 -1.25317710
v -0.98710464 -2.83361812 -1.24802683
v -0.44838869 -2.80802639 -1.25342495
v -1.01472882 -2.81971994 -1.25309814
v -1.01477088 -2.83370670 -1.24799104
v -0.98701246 -2.80833696 -1.25317322
v -1.01473097 -2.79900633 -1.27798682
v -1.01485743 -2.81995916 -1.25299707
v -0.98697841 -2.78723914 -1.27801466
v -1.01483388 -2.76653519 -1.39661772
v -1.01493099 -2.79901070 -1.27800650
v -0.98725185 -2.75495336 -1.39667630
v -1.01487507 -2.76338383 -1.45939170
v -1.01485427 -2.76664541 -1.39674849
v -0.98719828 -2.75090297 -1.45084817
v -1.01490520 -2.77875140 -1.46964358
v -1.01488859 -2.76323415 -1.45964873
v -0.44848750 -2.77871089 -1.46960063
v -1.01479157 -2.77865485 -1.46953946
v -0.44827864 -2.75099976 -1.45088809
v -0.42058752 -2.77889616 -1.46968791
v -0.42074313 -2.76326383 -1.45949658
v -0.42081953 -2.81986792 -1.25323796
v -0.42082511 -2.79904547 -1.27799311
v -0.44854670 -2.78727405 -1.27824365
v -0.42070370 -2.81980314 -1.25317601
v -0.42077203 -2.83376460 -1.24800277
v -0.42076194 -2.76681203 -1.39667298
v -0.42064383 -2.76336924 -1.45956939
v -0.44835874 -2.75087335 -1.45103957
v -0.44834588 -2.75493462 -1.39668941
v -0.42049416 -2.79901946 -1.27822341
v -0.44836279 -2.78735939 -1.27800016
v -0.98721312 -2.80820193 -1.25304792
v -0.44833469 -2.78733930 -1.27801090
v -0.98699163 -2.78724560 -1.27782931
v -0.44846582 -2.80817746 -1.25318184
v -1.01480557 -2.79902913 -1.27793740
v -0.98696966 -2.78737650 -1.27788995
v -0.98716969 -2.75084484 -1.45087086
v -0.98719331 -2.75516011 -1.39673481
v -0.44831293 -2.75111314 -1.45090611
v -0.98714203 -2.75100349 -1.45087952
v -0.44847570 -2.75488395 -1.39664656
v -0.42077685 -2.81972489 -1.25319123
v -0.98720745 -2.78717925 -1.27783537
v -0.44838076 -2.78709436 -1.27807445
v -1.14405316 2.08049129 -1.43840775
v -1.15436190 2.23267650 -1.43866224
v -1.15443506 2.09325189 -1.43858290
v -1.14414809 2.24529037 -1.43840503
v -1.12947884 2.07767025 -1.43868218
v -1.12963571 2.24808719 -1.43852722
v -0.98834202 2.07765972 -1.43851282
v -0.98850535 2.24819071 -1.43835831
v -0.97386594 2.08058364 -1.43860613
v -0.97405938 2.24529817 -1.43859623
v -0.96375864 2.09346742 -1.43860402
v -0.96358564 2.23246741 -1.43859791
v 0.81884274 2.09333161 -1.42109961
v 0.67703940 2.23255527 -1.42108324
v 0.67700418 2.09311271 -1.42105574
v 0.81881564 2.23260558 -1.42099428
v 0.83845810 2.09677107 -1.42886389
v 0.81880677 2.23263415 -1.42108683
v 0.81875332 2.09317676 -1.42100591
v 0.83822562 2.22922110 -1.42882414
v 0.81889908 2.23249764 -1.42092105
v 0.68050705 2.24419110 -1.42900542
v 0.67704959 2.23251860 -1.42093765
v 0.81512402 2.24411909 -1.42887345
v 0.67683741 2.09332234 -1.42108013
v 0.65727731 2.22918903 -1.42892955
v 0.65754196 2.09684062 -1.42882310
v 0.67682470 2.23256872 -1.42120638
v 0.68034857 2.08184323 -1.42893333
v 0.81864130 2.09332249 -1.42098605
v 0.67700102 2.09326053 -1.42123218
v 0.81536977 2.08183494 -1.42883763
v 0.83845351 2.09655440 -1.42887780
v 0.82867174 2.08492466 -1.42896592
v 0.84322009 2.23239948 -1.43910685
v 0.83842403 2.09639108 -1.42911146
v 0.84322292 2.09330190 -1.43888264
v 0.83846586 2.22924235 -1.42880575
v 0.82886437 2.24098309 -1.42900499
v 0.82863118 2.24081263 -1.42896957
v 0.68057042 2.24417213 -1.42885487
v 0.81888726 2.24836792 -1.43884369
v 0.67696435 2.24818217 -1.43903531
v 0.81529025 2.24397712 -1.42887702
v 0.68072172 2.24399962 -1.42871384
v 0.66705030 2.24096538 -1.42894882
v 0.66716858 2.24099932 -1.42904663
v 0.65730545 2.22942310 -1.42905600
v 0.65740722 2.09665851 -1.42885723
v 0.65254665 2.23248219 -1.43907286
v 0.65262010 2.09335773 -1.43888550
v 0.65732295 2.22921098 -1.42888166
v 0.66705486 2.08497102 -1.42911153
v 0.82876934 2.08484237 -1.42885928
v 0.81535038 2.08162316 -1.42894417
v 0.66708120 2.08491022 -1.42908762
v 0.81537756 2.08188522 -1.42897944
v 0.67719047 2.07746152 -1.43905339
v 0.81886467 2.07756438 -1.43905649
v 0.68059973 2.08178875 -1.42902306
v 0.83838155 2.09637395 -1.42876436
v 0.82851042 2.08488998 -1.42892620
v 0.83286365 2.08078024 -1.43911066
v 0.83818347 2.09673512 -1.42890213
v 0.83283305 2.08086499 -1.43902628
v 0.84319662 2.09319682 -1.43887661
v 0.82863958 2.24083289 -1.42886725
v 0.83834939 2.22924268 -1.42889042
v 0.84292292 2.23262595 -1.43906684
v 0.81525845 2.24424441 -1.42890210
v 0.82861008 2.24073443 -1.42878365
v 0.83289829 2.24508389 -1.43898765
v 0.81523366 2.24388669 -1.42890613
v 0.83280697 2.24509821 -1.43883767
v 0.66703999 2.24081545 -1.42907588
v 0.66277205 2.24496579 -1.43908147
v 0.65711608 2.22919236 -1.42910716
v 0.66702388 2.24092502 -1.42909774
v 0.66286811 2.24504189 -1.43893832
v 0.65260563 2.23271837 -1.43900282
v 0.65727084 2.22906221 -1.42884794
v 0.65717140 2.09673884 -1.42903884
v 0.65250975 2.09325385 -1.43916560
v 0.66722398 2.08480543 -1.42905224
v 0.82856279 2.08488206 -1.42886516
v 0.66725552 2.08490848 -1.42899876
v 0.66283063 2.08085097 -1.43909798
v 0.68042451 2.08176084 -1.42930580
v 0.68045387 2.08169446 -1.42882160
v 0.66290929 2.08066715 -1.43895726
v 0.82838061 2.08503269 -1.42905311
v 0.81884501 2.07769301 -1.43906063
v 0.83286460 2.08073305 -1.43886806
v 0.83310767 2.24497962 -1.43905554
v 0.82862423 2.24092514 -1.42890840
v 0.84326802 2.23265415 -1.43896023
v 0.66708290 2.24077987 -1.42904759
v 0.67689128 2.24834073 -1.43904773
v 0.66290588 2.24489249 -1.43904361
v 0.65249983 2.09336931 -1.43901174
v 0.66290295 2.08082472 -1.43901714
v 0.66728902 2.08496044 -1.42918878
v -1.46125076 3.68761778 -1.27796258
v -1.43444517 3.09347572 -1.39601124
v -1.46126666 3.09342062 -1.27782782
v -1.43438887 3.68757545 -1.39605954
v -1.47077251 3.65995668 -1.24784943
v -1.47088655 3.09362935 -1.24777695
v -1.47093157 3.68756115 -1.24781690
v -1.43438368 3.68774393 -1.39592644
v -1.40055209 3.68762690 -1.45960131
v -1.41596223 3.68759858 -1.46964358
v -1.40372520 3.68757878 -1.39663605
v -1.43641398 3.68758223 -1.27804752
v -1.46144109 3.68761741 -1.27775236
v -1.45713825 3.68775932 -1.25317909
v -1.47092275 3.68768387 -1.24800752
v -1.41613753 3.09356567 -1.46969988
v -1.41606049 3.12108605 -1.46952189
v -1.41614465 3.68768922 -1.46957339
v -1.40069702 3.09337049 -1.45961866
v -1.43436800 3.09357056 -1.39574322
v -1.41577387 3.09347857 -1.46956757
v -1.40401790 3.09343144 -1.39683712
v -1.43625652 3.09349744 -1.27788391
v -1.46131624 3.09340596 -1.27785340
v -1.45730777 3.09353103 -1.25318824
v -1.47101652 3.09355987 -1.24789548
v -1.44526816 3.12116853 -1.25314604
v -1.47087924 3.66007109 -1.24782272
v -1.47081100 3.09355541 -1.24799901
v -1.44552156 3.65972648 -1.25327091
v -1.45714803 3.68761834 -1.25321746
v -1.47069609 3.68770907 -1.24812016
v -1.42462684 3.65996364 -1.27795771
v -1.45709767 3.68752622 -1.25319342
v -1.44516125 3.65985784 -1.25324635
v -1.43631590 3.68757979 -1.27784510
v -1.40393408 3.68770524 -1.39666124
v -1.43634170 3.68750617 -1.27806127
v -1.42451121 3.65977279 -1.27763336
v -1.40047833 3.68769374 -1.45946185
v -1.39219713 3.65998058 -1.39669587
v -1.38810561 3.65968156 -1.45091054
v -1.41614293 3.68753246 -1.46946989
v -1.40049664 3.68755515 -1.45963733
v -1.41608445 3.12124620 -1.46960105
v -1.41615055 3.68757008 -1.46950765
v -1.38824278 3.12127853 -1.45093919
v -1.40051654 3.09337587 -1.45968645
v -1.41607666 3.09362595 -1.46947355
v -1.43624666 3.09357757 -1.27795537
v -1.44517482 3.12121521 -1.25300813
v -1.45712709 3.09353460 -1.25328167
v -1.42461542 3.12130922 -1.27811091
v -1.47092230 3.09349950 -1.24801139
v -1.45706148 3.09359053 -1.25320939
v -1.38818758 3.12131068 -1.45093737
v -1.40402456 3.09370211 -1.39681222
v -1.40046729 3.09374102 -1.45950512
v -1.39204699 3.12120175 -1.39668324
v -1.43612255 3.09344457 -1.27809513
v -1.38824843 3.65991162 -1.45090399
v -1.38831369 3.12132139 -1.45092823
v -1.39237353 3.65983528 -1.39667063
v -1.39217537 3.12136941 -1.39679159
v -1.38836921 3.65991843 -1.45107033
v -1.42460257 3.12120658 -1.27789015
v -1.42453219 3.65995878 -1.27808258
v -1.42475842 3.12127424 -1.27795066
v -1.65021419 4.70083070 -1.43872489
v -1.65347492 4.85660692 -1.43860525
v -1.65352551 4.71534353 -1.43848738
v -1.65054523 4.87089798 -1.43850931
v -1.63757660 4.69054102 -1.43844321
v -1.63787732 4.88123701 -1.43873879
v -1.49839109 4.69049382 -1.43851214
v -1.49835015 4.88128074 -1.43847502
v -1.48597017 4.70102912 -1.43866070
v -1.48588254 4.87096728 -1.43856598
v -1.48286754 4.71545347 -1.43854855
v -1.48246445 4.85655623 -1.43852545
v -0.42058806 -3.62727585 -1.27791876
v -1.01486036 -3.60053708 -1.39594699
v -0.42081779 -3.60012701 -1.39614148
v -1.01482380 -3.62750046 -1.27810966
v -0.42063544 -3.63661977 -1.24803978
v -1.01475783 -3.63665534 -1.24774177
v -1.01490408 -3.62300858 -1.25313618
v -1.01482248 -3.62695430 -1.27772369
v -1.01484652 -3.63651612 -1.24798695
v -1.01498104 -3.60019158 -1.39593284
v -1.01483563 -3.60206014 -1.27815827
v -1.01489298 -3.56971974 -1.39663269
v -1.01478310 -3.58174360 -1.46955661
v -1.01494195 -3.56645342 -1.45963026
v -0.44839885 -3.58170481 -1.46965706
v -0.42077114 -3.58181893 -1.46943316
v -1.01477609 -3.58188001 -1.46956076
v -0.42083587 -3.62707091 -1.27771916
v -0.42062270 -3.62304961 -1.25320339
v -0.42079920 -3.63651635 -1.24797318
v -0.42068318 -3.60021790 -1.39604658
v -0.42065957 -3.60206267 -1.27803877
v -0.42074480 -3.56978150 -1.39660270
v -0.42062151 -3.58174565 -1.46949448
v -0.42063465 -3.56636867 -1.45959874
v -0.42062697 -3.63663082 -1.24789455
v -0.98699593 -3.61135064 -1.25337236
v -0.98709451 -3.63662517 -1.24793293
v -0.44835386 -3.61132580 -1.25313705
v -1.01484526 -3.62300314 -1.25324387
v -1.01467584 -3.63651841 -1.24800961
v -1.01508241 -3.62314844 -1.25315771
v -0.98703482 -3.59047158 -1.27804507
v -1.01479596 -3.60203401 -1.27801825
v -0.98716270 -3.61125483 -1.25314166
v -0.98707493 -3.59054517 -1.27787947
v -1.01483497 -3.56980792 -1.39668342
v -1.01491062 -3.60206950 -1.27789846
v -0.98714603 -3.55780083 -1.39672340
v -1.01475359 -3.56647484 -1.45953153
v -0.98719127 -3.55406175 -1.45075613
v -1.01496062 -3.58195562 -1.46965795
v -1.01481221 -3.56633167 -1.45955389
v -0.44834365 -3.58182628 -1.46965475
v -1.01480370 -3.58192579 -1.46961824
v -0.44846478 -3.55422551 -1.45081095
v -0.42065861 -3.58197822 -1.46949392
v -0.42075052 -3.56645919 -1.45957390
v -0.44848013 -3.59029120 -1.27807741
v -0.42085098 -3.62307711 -1.25318365
v -0.42094627 -3.60224599 -1.27812529
v -0.44867903 -3.61133088 -1.25324533
v -0.42068463 -3.62300884 -1.25331135
v -0.42081214 -3.63660126 -1.24805475
v -0.42063775 -3.56970265 -1.39676243
v -0.42070517 -3.56650177 -1.45946941
v -0.44861566 -3.55411330 -1.45101511
v -0.42067638 -3.60218091 -1.27805197
v -0.44840214 -3.55815123 -1.39656740
v -0.98713515 -3.55410224 -1.45094652
v -0.98731317 -3.55810979 -1.39688505
v -0.44837743 -3.55435437 -1.45103440
v -0.98707340 -3.55392268 -1.45084075
v -0.44846920 -3.55811181 -1.39664626
v -0.44841056 -3.59059401 -1.27782451
v -0.98701824 -3.59037227 -1.27799363
v -0.44849010 -3.59035166 -1.27802142
v 0.16801570 3.77209958 -1.50688039
v -0.00126125 3.18630955 -1.50706232
v -0.00153341 3.77227812 -1.50696393
v -0.00144630 3.16977570 -1.50700170
v 0.16806635 3.16974172 -1.50706333
v 0.16791118 3.75534350 -1.50687165
v 0.16793860 3.16971390 -1.48328251
v -0.00131822 3.16968417 -1.50688658
v 0.16802348 3.16953057 -1.50688289
v -0.01017303 3.16983135 -1.47384711
v 0.15655264 3.16980629 -1.46948946
v -0.00015040 3.16953688 -1.44623388
v 0.10576721 3.16952794 -1.44936690
v 0.06446966 3.16955627 -1.43994430
v 0.02316512 3.16977680 -1.43700653
v -0.00147129 3.18625046 -1.50676764
v -0.00125105 3.16969253 -1.50691374
v -0.01013641 3.16967948 -1.47391261
v -0.01009143 3.21853307 -1.46685902
v -0.00120164 3.18634899 -1.50682687
v -0.01019279 3.18627312 -1.46673279
v -0.00121377 3.77200813 -1.50711532
v -0.00989522 3.75548236 -1.46675416
v -0.00994808 3.77195333 -1.47372857
v 0.16790969 3.77214046 -1.50699948
v -0.00132787 3.77190333 -1.50698060
v 0.16815151 3.77193143 -1.49045248
v 0.15660833 3.77189311 -1.46946736
v -0.00030243 3.77192381 -1.44640032
v 0.10591537 3.77181307 -1.44956184
v 0.06434314 3.77202361 -1.43976199
v 0.02312469 3.77205143 -1.43700622
v 0.16800951 3.77217652 -1.50688397
v 0.16811627 3.77187826 -1.49039316
v 0.16792146 3.75540133 -1.50699921
v 0.16813396 3.16977325 -1.50687428
v 0.16807927 3.18639393 -1.48336825
v 0.16813082 3.16976926 -1.48331473
v 0.16805542 3.75551720 -1.50686658
v 0.16803834 3.72317182 -1.48339542
v 0.16806527 3.75550464 -1.48335434
v 0.06450802 3.16965541 -1.43995787
v 0.02316629 3.18632073 -1.42994085
v 0.02317408 3.16963719 -1.43717807
v 0.06430913 3.18647783 -1.43270122
v 0.02305937 3.16974661 -1.43702639
v -0.00043724 3.18628699 -1.43903375
v -0.00042579 3.16982892 -1.44624781
v 0.02309267 3.18609511 -1.42980290
v -0.00039259 3.18613408 -1.43922406
v -0.00999583 3.16944917 -1.47379122
v -0.00058051 3.16968276 -1.44631985
v -0.00988115 3.18636962 -1.46679311
v 0.15666636 3.18621669 -1.46212459
v 0.15662506 3.16977056 -1.46935194
v 0.16813661 3.16972743 -1.48335526
v 0.15679323 3.18626580 -1.46209052
v 0.10569677 3.16965961 -1.44949284
v 0.15653752 3.16968452 -1.46964318
v 0.10569136 3.16964984 -1.44932394
v 0.06446114 3.18625816 -1.43280919
v 0.06433503 3.16973923 -1.43988767
v -0.00996795 3.18619296 -1.46674807
v -0.01010072 3.21850226 -1.46676719
v -0.01018630 3.18635259 -1.46696523
v -0.00031757 3.18634665 -1.43914593
v -0.00041927 3.72327348 -1.43303010
v -0.00022518 3.21847656 -1.43310611
v -0.00996714 3.75555409 -1.46677838
v -0.00152390 3.77211988 -1.50691069
v -0.00996825 3.75523000 -1.46686645
v -0.01004087 3.77193915 -1.47364982
v 0.10561774 3.75552805 -1.44229447
v 0.06462799 3.77210543 -1.43987440
v 0.06437996 3.75544048 -1.43304326
v 0.10564788 3.77199899 -1.44955887
v 0.15670233 3.77208352 -1.46947222
v 0.10586144 3.77206545 -1.44974135
v 0.10554109 3.75542577 -1.44231389
v 0.16807381 3.75553125 -1.48345542
v 0.15660509 3.77194613 -1.46934357
v 0.15665701 3.75530928 -1.46243948
v 0.16782228 3.77203225 -1.49038287
v -0.00029784 3.77204422 -1.44624874
v -0.01013906 3.75556592 -1.46673571
v -0.00017763 3.75564815 -1.43912195
v -0.01016077 3.77203172 -1.47391109
v 0.02302640 3.75532390 -1.42991692
v -0.00033229 3.77203653 -1.44634622
v -0.00037331 3.75545845 -1.43921309
v 0.02305277 3.77177580 -1.43698496
v 0.06444421 3.75550639 -1.43280818
v 0.02304494 3.77215925 -1.43702646
v 0.02317036 3.75546068 -1.42995142
v 0.06450403 3.77201114 -1.43993740
v 0.16788455 3.77207530 -1.49044259
v 0.16812461 3.75529411 -1.48334063
v 0.16800269 3.75538308 -1.50699807
v 0.16799982 3.72327149 -1.48328809
v 0.15662507 3.21847898 -1.45760899
v 0.16801277 3.18623141 -1.48345782
v 0.15664950 3.72320803 -1.45759987
v 0.16814202 3.18628160 -1.48346497
v 0.16809310 3.16969068 -1.48327168
v 0.16797650 3.75551330 -1.48348965
v 0.15667225 3.75550430 -1.46217526
v 0.02305942 3.21847988 -1.42384044
v 0.02304473 3.18617730 -1.43002057
v 0.02306956 3.21857669 -1.42380176
v 0.15661484 3.18631813 -1.46218805
v 0.10570684 3.18625019 -1.44229038
v 0.10570846 3.16966638 -1.44967653
v 0.06454766 3.18631912 -1.43295742
v 0.10563911 3.16966259 -1.44937159
v 0.02301106 3.21866456 -1.42380270
v -0.00041003 3.72320554 -1.43288644
v -0.00046871 3.21838425 -1.43291290
v 0.02297699 3.72333380 -1.42392892
v -0.00996152 3.75537930 -1.46674040
v -0.00017319 3.75553123 -1.43915035
v 0.10575045 3.72323361 -1.43627383
v 0.06454445 3.75554159 -1.43292688
v 0.06458561 3.72322734 -1.42677581
v 0.15660824 3.77212222 -1.46933205
v 0.15637731 3.75552265 -1.46233702
v 0.02312077 3.72339429 -1.42365033
v -0.00033316 3.75545531 -1.43913876
v -0.00023584 3.72316861 -1.43305842
v 0.02290057 3.75560760 -1.42996598
v 0.02307587 3.75558017 -1.43002951
v 0.15659738 3.21850379 -1.45772229
v 0.10586195 3.21851902 -1.43628795
v 0.15660448 3.72337708 -1.45773547
v 0.06430306 3.21843843 -1.42671752
v 0.02305020 3.21837365 -1.42390902
v -0.00036646 3.18605696 -1.43903989
v 0.02310727 3.72324848 -1.42387924
v 0.02317149 3.75546009 -1.42995783
v -3.10062716 4.43075411 -1.50689761
v -3.11698009 4.26175753 -1.50701048
v -3.11692946 4.43072343 -1.50711896
v -2.53130330 4.26145969 -1.50704001
v -2.51469007 4.43086006 -1.50696432
v -2.51458305 4.26157145 -1.50709675
v -3.11690176 4.27302193 -1.46943280
v -3.11691256 4.26161519 -1.50701177
v -3.11702456 4.26159931 -1.48352218
v -3.11702156 4.43073143 -1.50710651
v -3.11695779 4.32408367 -1.44927092
v -3.11675930 4.36510406 -1.44010902
v -3.11679782 4.40634882 -1.43690941
v -3.11700934 4.42986042 -1.44623650
v -3.11696465 4.43965451 -1.47411830
v -3.11691050 4.43959446 -1.47386655
v -3.10046428 4.43082387 -1.50686609
v -3.11693383 4.43092444 -1.50692398
v -3.10054747 4.43962379 -1.46691500
v -2.51461784 4.43069901 -1.50702162
v -3.10079179 4.43073647 -1.50696291
v -2.53129829 4.43955526 -1.46663772
v -2.51471958 4.26146605 -1.50701547
v -2.51464746 4.27290426 -1.46943305
v -2.51464694 4.26150273 -1.49058413
v -2.51464185 4.43089774 -1.50694761
v -2.51461577 4.32395078 -1.44946009
v -2.51464751 4.36509144 -1.44001847
v -2.51454314 4.40640144 -1.43711259
v -2.51462990 4.42996209 -1.44622259
v -2.51463707 4.43968409 -1.47391021
v -2.51467952 4.26163394 -1.49041299
v -2.53117500 4.26140580 -1.50694848
v -2.51465769 4.26138947 -1.50687292
v -2.53124761 4.26153956 -1.48342076
v -3.11718653 4.26145910 -1.50690732
v -2.53138052 4.26161228 -1.50700755
v -3.11705872 4.26153036 -1.48325761
v -3.10044941 4.40652660 -1.43011909
v -3.11682046 4.40645659 -1.43695036
v -3.11689918 4.36510406 -1.43976029
v -3.10052061 4.40649913 -1.42974706
v -3.11713695 4.42987577 -1.44607506
v -3.11677554 4.40628274 -1.43712194
v -3.10044792 4.42981898 -1.43924420
v -3.11689467 4.43002396 -1.44630349
v -3.10038074 4.43971843 -1.46667508
v -3.11702605 4.43954289 -1.47394604
v -3.10027590 4.42986024 -1.43922006
v -3.10057490 4.27301852 -1.46220629
v -3.11707894 4.27301348 -1.46943762
v -3.11703755 4.26148822 -1.48353266
v -3.10052589 4.27281395 -1.46223123
v -3.11686202 4.32397090 -1.44942938
v -3.11685302 4.27293169 -1.46926880
v -3.10031905 4.36491276 -1.43287613
v -3.11698478 4.36540756 -1.43988982
v -3.11722048 4.32372451 -1.44941003
v -3.10037919 4.43968160 -1.46672734
v -3.10034345 4.42974581 -1.43917127
v -3.06842512 4.43960312 -1.46703693
v -3.10037453 4.43964750 -1.46666995
v -3.06798691 4.42990125 -1.43307147
v -2.53121803 4.43974048 -1.46672288
v -2.56338245 4.42964636 -1.43288897
v -2.53132402 4.43945409 -1.46676618
v -2.51459819 4.43954266 -1.47398192
v -2.51483337 4.43093574 -1.50709812
v -2.51483252 4.32371237 -1.44950943
v -2.53110038 4.36504671 -1.43291772
v -2.53127867 4.32383480 -1.44234491
v -2.51468150 4.36497165 -1.44006465
v -2.51479921 4.32379541 -1.44949612
v -2.53110134 4.32377295 -1.44238943
v -2.51460056 4.27282225 -1.46942884
v -2.51465152 4.27295458 -1.46967161
v -2.53139029 4.26148179 -1.48338011
v -2.51480610 4.26161172 -1.49051824
v -2.53109637 4.43956337 -1.46694556
v -2.51475675 4.42990891 -1.44639060
v -2.51440644 4.43941971 -1.47388422
v -2.53104040 4.42991339 -1.43920896
v -2.51493027 4.40642289 -1.43693858
v -2.53137460 4.42993587 -1.43898789
v -2.53115450 4.40653700 -1.42996984
v -2.51464950 4.42976952 -1.44621463
v -2.51472699 4.36495808 -1.43991898
v -2.53148569 4.40640707 -1.43004591
v -2.53125983 4.36502526 -1.43272567
v -2.51470738 4.40644117 -1.43713110
v -2.53118203 4.26161532 -1.48336703
v -2.53132659 4.26150413 -1.50691486
v -2.51488569 4.26150003 -1.49049149
v -2.56343523 4.27309827 -1.45769382
v -3.10051055 4.26147706 -1.48339166
v -2.56358258 4.26172061 -1.48327818
v -3.06829343 4.27287137 -1.45779528
v -3.11699964 4.26142456 -1.48341649
v -3.10033825 4.26147043 -1.48337063
v -2.53113253 4.27289822 -1.46224430
v -2.53128121 4.26168834 -1.48353874
v -3.10046370 4.40642575 -1.43013967
v -3.11695855 4.36526596 -1.43982233
v -3.06818558 4.40644037 -1.42396262
v -3.10041275 4.32366747 -1.44243933
v -3.11689263 4.32373410 -1.44961721
v -3.10059618 4.27287006 -1.46237705
v -3.10040670 4.36520267 -1.43312295
v -3.11695570 4.32363443 -1.44942215
v -2.56339631 4.40649827 -1.42375977
v -3.06826045 4.42986967 -1.43288514
v -3.06822681 4.40649751 -1.42362757
v -2.56354274 4.42989741 -1.43305562
v -2.53133402 4.42987365 -1.43902516
v -2.53136424 4.43958281 -1.46691503
v -2.56357466 4.36513234 -1.42660914
v -2.56321414 4.32370545 -1.43633149
v -2.53132950 4.36523677 -1.43293235
v -2.51478635 4.27292696 -1.46933952
v -2.53119385 4.27293088 -1.46230903
v -2.51462932 4.27299438 -1.46945013
v -2.56323618 4.43002898 -1.43298643
v -2.53133837 4.40658467 -1.42982259
v -2.56339588 4.27288777 -1.45752600
v -3.06838244 4.32393976 -1.43630990
v -3.06831943 4.27297599 -1.45763217
v -3.06855813 4.40647127 -1.42383679
v -3.10055810 4.42982814 -1.43933277
v -3.06831154 4.36502346 -1.42654250
v -3.06832207 4.40654607 -1.42385027
v -2.56352394 4.40668185 -1.42387982
v -2.53141967 4.40626666 -1.42999951
v -2.53115984 4.40627277 -1.42981396
v 0.18981311 3.17422385 -1.39581477
v 0.21666201 3.76796462 -1.27763326
v 0.21653566 3.17383265 -1.27775468
v 0.18941543 3.76783687 -1.39599766
v 0.22600952 3.20161896 -1.24777292
v 0.22614776 3.17381387 -1.24788898
v 0.22597567 3.76795912 -1.24814386
v 0.18975117 3.17371439 -1.39593363
v 0.15576884 3.17395653 -1.45970694
v 0.17116278 3.17390150 -1.46949890
v 0.15899148 3.17388355 -1.39656352
v 0.19140199 3.17391972 -1.27813339
v 0.21652323 3.17404019 -1.27784244
v 0.21223167 3.17390586 -1.25314707
v 0.22618020 3.17377289 -1.24795219
v 0.17108866 3.17385143 -1.46958057
v 0.17124961 3.74007692 -1.46948429
v 0.17121970 3.76788254 -1.46950776
v 0.15573935 3.76800237 -1.45964526
v 0.18961078 3.76787877 -1.39606803
v 0.17123244 3.76799601 -1.46966587
v 0.15934784 3.76791214 -1.39688559
v 0.19133774 3.76779881 -1.27797510
v 0.21649697 3.76787505 -1.27778075
v 0.21241058 3.76784795 -1.25328869
v 0.22619068 3.76788863 -1.24814347
v 0.22621964 3.20153005 -1.24794428
v 0.20058180 3.74014272 -1.25317944
v 0.20065025 3.20167597 -1.25308740
v 0.22588976 3.76782370 -1.24796662
v 0.21231202 3.17392566 -1.25300967
v 0.22595894 3.17380590 -1.24808889
v 0.20064688 3.20164308 -1.25301087
v 0.19154637 3.17382761 -1.27803437
v 0.21235147 3.17381718 -1.25313571
v 0.17992622 3.20148247 -1.27819104
v 0.15914654 3.17390413 -1.39679186
v 0.19144521 3.17391637 -1.27804023
v 0.14746189 3.20165767 -1.39660304
v 0.15571068 3.17402608 -1.45958677
v 0.17124087 3.17376824 -1.46942607
v 0.15596658 3.17385157 -1.45936650
v 0.14342771 3.20152695 -1.45107180
v 0.17134783 3.74012036 -1.46935931
v 0.14342726 3.74034886 -1.45081412
v 0.17108352 3.17377709 -1.46950368
v 0.15587205 3.76802845 -1.45960460
v 0.17107204 3.76794126 -1.46966349
v 0.19126931 3.76783165 -1.27794844
v 0.17975895 3.74009784 -1.27801426
v 0.21234823 3.76805577 -1.25325164
v 0.22618551 3.76799141 -1.24800645
v 0.21225572 3.76791571 -1.25320989
v 0.15574276 3.76777009 -1.45966251
v 0.14336459 3.74018657 -1.45095211
v 0.15905348 3.76797280 -1.39667745
v 0.19132870 3.76793086 -1.27795249
v 0.14753124 3.74015943 -1.39668507
v 0.17988473 3.74009163 -1.27808171
v 0.20055732 3.74023501 -1.25310227
v 0.17985373 3.20155036 -1.27815102
v 0.20078892 3.20166833 -1.25321829
v 0.17972568 3.74016903 -1.27806815
v 0.19148335 3.17381675 -1.27797050
v 0.17981424 3.74009579 -1.27811130
v 0.14740096 3.20156794 -1.39675662
v 0.17953520 3.20153156 -1.27799089
v 0.14753426 3.74023632 -1.39665379
v 0.14345209 3.20155366 -1.45099311
v 0.14353794 3.20164464 -1.45060698
v 0.14339454 3.74052012 -1.45099839
v 0.21236410 3.76786103 -1.25313138
v -0.76195635 1.58280529 -1.27795304
v -1.35619275 1.60983428 -1.39629074
v -0.76218463 1.60979600 -1.39585371
v -1.35607655 1.58284288 -1.27779423
v -0.76201925 1.57337597 -1.24808198
v -1.35623824 1.57325826 -1.24791816
v -1.35620453 1.58710244 -1.25326216
v -1.35621240 1.58287921 -1.27793482
v -1.35608699 1.57336921 -1.24788314
v -1.35608006 1.60972726 -1.39590859
v -1.35613351 1.60812120 -1.27802086
v -1.35616381 1.64028519 -1.39655330
v -1.35625907 1.62825318 -1.46933162
v -1.35594341 1.64367702 -1.45956247
v -0.78964078 1.62830304 -1.46945180
v -0.76204616 1.62834673 -1.46964593
v -1.35627817 1.62824923 -1.46953784
v -0.76206044 1.58296227 -1.27771719
v -0.76205041 1.58707964 -1.25333218
v -0.76208740 1.57323695 -1.24796718
v -0.76209637 1.60973544 -1.39587272
v -0.76205031 1.60805952 -1.27783337
v -0.76208867 1.64039901 -1.39664343
v -0.76209952 1.62804852 -1.46939165
v -0.76180259 1.64361797 -1.45943315
v -0.76227425 1.57346945 -1.24792244
v -1.32854397 1.59863794 -1.25321383
v -1.32831070 1.57344618 -1.24794397
v -0.78964793 1.59872350 -1.25326531
v -1.35610296 1.58718927 -1.25321176
v -1.35614125 1.57332218 -1.24792434
v -1.32858809 1.59894141 -1.25316211
v -1.35607324 1.60814779 -1.27786983
v -1.35594618 1.58707108 -1.25320040
v -1.32835960 1.61948302 -1.27809225
v -1.35615527 1.64022757 -1.39660675
v -1.35626743 1.60800603 -1.27807496
v -1.32845311 1.65213702 -1.39673187
v -1.35602236 1.64361463 -1.45954711
v -1.35621145 1.64013883 -1.39679117
v -1.32845897 1.65598197 -1.45090864
v -1.35605435 1.62816773 -1.46957836
v -1.35617120 1.64376143 -1.45954644
v -0.78966345 1.62810388 -1.46948773
v -1.35615650 1.62830512 -1.46965666
v -0.78971731 1.65595114 -1.45100072
v -0.76215093 1.62839797 -1.46955644
v -0.76198433 1.64341713 -1.45965979
v -0.78970976 1.61956804 -1.27807153
v -0.76201809 1.58698946 -1.25327388
v -0.76212107 1.60798764 -1.27806752
v -0.78964635 1.59860140 -1.25315583
v -0.76196933 1.58690297 -1.25322063
v -0.76211697 1.57325844 -1.24782426
v -0.76199665 1.64025238 -1.39681056
v -0.76197589 1.64360981 -1.45953674
v -0.78965819 1.65598528 -1.45097123
v -0.78989359 1.65203903 -1.39661966
v -0.76231561 1.60795660 -1.27795967
v -0.79003545 1.61966537 -1.27812949
v -1.32835376 1.59892247 -1.25333363
v -1.32851060 1.61960712 -1.27805351
v -1.35628557 1.60796391 -1.27811402
v -1.32838279 1.61949583 -1.27788747
v -1.32842278 1.65581274 -1.45100528
v -1.32834640 1.65198830 -1.39657521
v -0.78970205 1.65590539 -1.45078773
v -1.32850600 1.65590908 -1.45086320
v -0.78961986 1.65196307 -1.39677096
v -1.32834386 1.61961095 -1.27798887
v -0.78968325 1.61953106 -1.27805522
v -2.51879588 4.21308760 -1.27785411
v -3.11301991 4.23989553 -1.39600267
v -2.51895827 4.23996167 -1.39622427
v -3.11282962 4.21290367 -1.27804477
v -2.51870841 4.20344740 -1.24805976
v -3.11291929 4.20341959 -1.24806302
v -3.11281456 4.21713735 -1.25315374
v -3.11286928 4.21295631 -1.27787144
v -3.11305017 4.20342333 -1.24799382
v -3.11280659 4.23998520 -1.39591086
v -3.11295609 4.23806552 -1.27798311
v -3.11278426 4.27041424 -1.39662261
v -3.11267813 4.25818768 -1.46951362
v -3.11281738 4.27370597 -1.45958778
v -2.54660881 4.25838523 -1.46958509
v -2.51884867 4.25838902 -1.46947678
v -3.11286024 4.25840023 -1.46947209
v -2.51894706 4.21301658 -1.27791974
v -2.51882777 4.21723315 -1.25306290
v -2.51911963 4.20354702 -1.24807135
v -2.51878546 4.24000802 -1.39614122
v -2.51885621 4.23813203 -1.27804646
v -2.51893887 4.27046327 -1.39681240
v -2.51877836 4.25838706 -1.46967317
v -2.51876595 4.27374954 -1.45951571
v -2.51883979 4.20344661 -1.24791398
v -3.08501001 4.22891077 -1.25303828
v -3.08521635 4.20356653 -1.24786047
v -2.54648603 4.22899636 -1.25316873
v -3.11281646 4.21722410 -1.25330442
v -3.11289996 4.20340878 -1.24814995
v -3.08505829 4.22884550 -1.25322658
v -3.11295080 4.23793351 -1.27805550
v -3.11276914 4.21711524 -1.25318564
v -3.11295921 4.23811255 -1.27794043
v -3.08498844 4.28211360 -1.39661363
v -3.11303307 4.27049013 -1.39662251
v -3.08500022 4.24970585 -1.27808418
v -3.08530664 4.28199116 -1.39676233
v -3.11300816 4.27375127 -1.45973107
v -3.11276615 4.27050449 -1.39658169
v -3.08517556 4.28611261 -1.45111036
v -3.11295854 4.25818226 -1.46971386
v -3.11288082 4.27376779 -1.45955580
v -2.54648203 4.25834724 -1.46925250
v -3.11294126 4.25847303 -1.46958155
v -2.54652728 4.28620885 -1.45080457
v -2.51886977 4.25834541 -1.46949467
v -2.51878017 4.27365451 -1.45960673
v -2.51881924 4.21714686 -1.25313544
v -2.51892091 4.23810333 -1.27777907
v -2.54644181 4.24964490 -1.27808978
v -2.51881909 4.21722490 -1.25314245
v -2.51874952 4.20350565 -1.24798277
v -2.51895351 4.27051160 -1.39659118
v -2.51874570 4.27400514 -1.45939975
v -2.54642725 4.28592219 -1.45094601
v -2.54640798 4.28209264 -1.39660047
v -2.51875512 4.23812909 -1.27802613
v -2.51875989 4.27065937 -1.39661156
v -2.54645067 4.24989982 -1.27803019
v -3.08516351 4.22893659 -1.25322621
v -2.54644225 4.24957752 -1.27815453
v -3.08518889 4.24973398 -1.27801305
v -2.54645650 4.22897164 -1.25312009
v -3.11285779 4.23812216 -1.27814742
v -3.08526050 4.24978989 -1.27791399
v -2.54659291 4.28215976 -1.39653075
v -3.08495850 4.28221478 -1.39680099
v -2.54645414 4.24966065 -1.27785872
v -3.08517495 4.28615905 -1.45091374
v -2.54650653 4.28626052 -1.45102885
v -3.08516633 4.28621461 -1.45078739
v -2.51879990 4.21711169 -1.25327608
v -2.54648616 4.28215429 -1.39671283
v -2.43565991 -4.34997457 -1.42117486
v -2.57526706 -4.20808681 -1.42112492
v -2.57516124 -4.35003500 -1.42113293
v -2.43577751 -4.20809512 -1.42079988
v -2.57170663 -4.36937187 -1.42905561
v -2.43573437 -4.34992111 -1.42094775
v -2.57518175 -4.35015560 -1.42106638
v -2.43923139 -4.36961586 -1.42911418
v -2.42418712 -4.34633627 -1.42893951
v -2.43583283 -4.20798542 -1.42088264
v -2.43558232 -4.34996713 -1.42118891
v -2.42441633 -4.21155171 -1.42889424
v -2.43570573 -4.20784103 -1.42104818
v -2.57167960 -4.18847498 -1.42888391
v -2.57515266 -4.20785336 -1.42109118
v -2.43932142 -4.18833623 -1.42921942
v -2.57517834 -4.34986269 -1.42119939
v -2.58666348 -4.21129289 -1.42899202
v -2.58654247 -4.34631533 -1.42900460
v -2.57517737 -4.20796781 -1.42091089
v -2.57191054 -4.36947198 -1.42901564
v -2.58341398 -4.35976746 -1.42901955
v -2.43922266 -4.36955084 -1.42885720
v -2.57519870 -4.37436135 -1.43908484
v -2.43573799 -4.37437864 -1.43891914
v -2.57179121 -4.36953385 -1.42895916
v -2.42729916 -4.35998540 -1.42888752
v -2.42733101 -4.35970419 -1.42901910
v -2.42017987 -4.20802453 -1.43907610
v -2.42435500 -4.34645175 -1.42895458
v -2.42009968 -4.35006951 -1.43919085
v -2.42421462 -4.21162070 -1.42889504
v -2.42434281 -4.21167923 -1.42891414
v -2.42749270 -4.19827475 -1.42916049
v -2.42763046 -4.19810443 -1.42903482
v -2.43926355 -4.18846787 -1.42892448
v -2.57205235 -4.18809800 -1.42893173
v -2.43558951 -4.18383995 -1.43901707
v -2.57527290 -4.18357144 -1.43894593
v -2.43927467 -4.18844700 -1.42900184
v -2.58337051 -4.19815325 -1.42884095
v -2.58662833 -4.34628452 -1.42883369
v -2.58361972 -4.35963132 -1.42892759
v -2.58332756 -4.19822319 -1.42896952
v -2.58668579 -4.34626989 -1.42907426
v -2.59083170 -4.20808480 -1.43921043
v -2.59077853 -4.34991434 -1.43903960
v -2.58648293 -4.21164189 -1.42877160
v -2.58341704 -4.35978609 -1.42922284
v -2.58757177 -4.36392026 -1.43887039
v -2.57153145 -4.36946597 -1.42882229
v -2.57177373 -4.36968911 -1.42898344
v -2.58747806 -4.36403780 -1.43912381
v -2.57515041 -4.37427737 -1.43901873
v -2.42736217 -4.35975465 -1.42902726
v -2.43908233 -4.36944593 -1.42898317
v -2.43575244 -4.37414343 -1.43888115
v -2.42452598 -4.34637974 -1.42901021
v -2.42761343 -4.35991204 -1.42899073
v -2.42353707 -4.36411316 -1.43892426
v -2.42432528 -4.34640992 -1.42888564
v -2.42348096 -4.36400928 -1.43887896
v -2.42737233 -4.19830468 -1.42903498
v -2.43926935 -4.18847704 -1.42877609
v -2.42728567 -4.19816724 -1.42888922
v -2.42327460 -4.19389349 -1.43913356
v -2.43911523 -4.18851530 -1.42888102
v -2.42333341 -4.19378685 -1.43902745
v -2.43585593 -4.18359315 -1.43884362
v -2.57194756 -4.18848154 -1.42888734
v -2.57513275 -4.18359733 -1.43898655
v -2.58348542 -4.19827838 -1.42890443
v -2.58360207 -4.35971075 -1.42910604
v -2.58764611 -4.19394343 -1.43902662
v -2.58668403 -4.21155996 -1.42887942
v -2.58360147 -4.19813140 -1.42891609
v -2.58740598 -4.36399872 -1.43904634
v -2.42737141 -4.35969008 -1.42907365
v -2.43583940 -4.37425847 -1.43914734
v -2.42357906 -4.36388313 -1.43911079
v -2.42344714 -4.19397630 -1.43901099
v -2.42758355 -4.19833391 -1.42887357
v -2.42015177 -4.20809625 -1.43899925
v -2.58353640 -4.19813198 -1.42892665
v -2.57518489 -4.18369080 -1.43892801
v -2.58753677 -4.19386329 -1.43904721
v -1.49837187 4.71509613 -1.42107127
v -1.63794022 4.85703173 -1.42105964
v -1.63786841 4.71494932 -1.42112888
v -1.49873832 4.85712927 -1.42086166
v -1.49829398 4.85701199 -1.42105446
v -1.63430268 4.87649537 -1.42890140
v -1.63782577 4.85676803 -1.42107543
v -1.50220424 4.87666873 -1.42884893
v -1.63780734 4.71480396 -1.42104812
v -1.64934349 4.85327005 -1.42918946
v -1.64915089 4.71852274 -1.42892812
v -1.63782706 4.85693068 -1.42097291
v -1.63430262 4.69520388 -1.42889025
v -1.49840355 4.71484980 -1.42112001
v -1.63782042 4.71502350 -1.42104654
v -1.50164213 4.69529457 -1.42891327
v -1.48692561 4.71860787 -1.42881496
v -1.49860749 4.85716317 -1.42121297
v -1.49860627 4.71496518 -1.42109728
v -1.48680413 4.85322698 -1.42885440
v -1.49006033 4.86671197 -1.42909222
v -1.50193251 4.87634566 -1.42912550
v -1.63436468 4.87657366 -1.42898403
v -1.49860698 4.88122838 -1.43887493
v -1.63780042 4.88135745 -1.43900518
v -1.50175062 4.87652507 -1.42901872
v -1.64602448 4.86672720 -1.42882401
v -1.64624489 4.86658520 -1.42895761
v -1.64932920 4.71846611 -1.42890211
v -1.65342888 4.85692852 -1.43907502
v -1.65337696 4.71503083 -1.43913765
v -1.64932954 4.85339295 -1.42884366
v -1.64924243 4.71883802 -1.42909655
v -1.64619804 4.70506026 -1.42901796
v -1.63459028 4.69530565 -1.42904300
v -1.64604930 4.70510301 -1.42888462
v -1.50187761 4.69534293 -1.42915017
v -1.63792442 4.69062477 -1.43881196
v -1.49835944 4.69077795 -1.43885280
v -1.63443960 4.69552050 -1.42874440
v -1.49002441 4.70511038 -1.42890041
v -1.48681790 4.85330096 -1.42888392
v -1.48998388 4.86675223 -1.42893019
v -1.49006081 4.70528699 -1.42891516
v -1.48285993 4.85702860 -1.43922061
v -1.48706989 4.71871261 -1.42905217
v -1.48286935 4.71492701 -1.43902114
v -1.48681598 4.85329799 -1.42896830
v -1.50183786 4.87669162 -1.42882867
v -1.48999580 4.86658932 -1.42902842
v -1.48616643 4.87102133 -1.43905783
v -1.50189378 4.87652724 -1.42875578
v -1.48586998 4.87096672 -1.43888499
v -1.49862948 4.88135144 -1.43909412
v -1.63446495 4.87636941 -1.42887776
v -1.63764677 4.88142124 -1.43913048
v -1.64623422 4.86667753 -1.42893942
v -1.65016782 4.87092144 -1.43908272
v -1.64915601 4.85325550 -1.42883223
v -1.64612966 4.86666406 -1.42884899
v -1.65001509 4.87102306 -1.43906769
v -1.64927833 4.85333505 -1.42901167
v -1.64615945 4.70517708 -1.42886270
v -1.64626605 4.70505599 -1.42892716
v -1.65013867 4.70102848 -1.43903719
v -1.63426347 4.69542778 -1.42891412
v -1.63787049 4.69046829 -1.43893235
v -1.49019408 4.70534259 -1.42908359
v -1.50197394 4.69539292 -1.42896030
v -1.49838829 4.69066767 -1.43876901
v -1.48993135 4.86657914 -1.42898521
v -1.48704593 4.71855414 -1.42907380
v -1.49022018 4.70520250 -1.42897173
v -1.48601002 4.70095989 -1.43917525
v -1.48697810 4.71852902 -1.42886911
v -1.48603728 4.70082844 -1.43905061
v -1.48606869 4.87094157 -1.43902552
v -1.49013462 4.86665851 -1.42897020
v -1.48281357 4.85716115 -1.43889762
v -1.64617134 4.86666469 -1.42892893
v -1.63790156 4.88124116 -1.43914722
v -1.65027209 4.87099112 -1.43917440
v -1.65343026 4.71492947 -1.43908674
v -1.65007475 4.70092270 -1.43903240
v -1.64606199 4.70526089 -1.42899835
v -1.49027340 4.70516655 -1.42907347
v -1.49840295 4.69068044 -1.43882705
v -1.48609024 4.70099278 -1.43904471
v -0.38577899 2.09333595 -1.42105027
v -0.52768442 2.23271457 -1.42109139
v -0.52766668 2.09348265 -1.42104538
v -0.38578953 2.23268284 -1.42108442
v -0.36613346 2.09670601 -1.42899242
v -0.38579111 2.23269496 -1.42111663
v -0.38595843 2.09302252 -1.42103436
v -0.36630075 2.22904091 -1.42911314
v -0.38580440 2.23258939 -1.42100685
v -0.52413655 2.24423525 -1.42884773
v -0.52774118 2.23271219 -1.42102226
v -0.38949665 2.24411333 -1.42882634
v -0.52778261 2.09326057 -1.42107038
v -0.54722722 2.22921924 -1.42879040
v -0.54744926 2.09684207 -1.42894482
v -0.52776032 2.23252939 -1.42102175
v -0.52407796 2.08183643 -1.42896469
v -0.38596666 2.09321212 -1.42111136
v -0.52774621 2.09310632 -1.42105970
v -0.38948660 2.08174601 -1.42894761
v -0.36617502 2.09671280 -1.42897199
v -0.37633399 2.08484716 -1.42903774
v -0.36145624 2.23264693 -1.43887615
v -0.36603330 2.09667085 -1.42892831
v -0.36117652 2.09315156 -1.43894905
v -0.36605861 2.22914029 -1.42896305
v -0.37611827 2.24087496 -1.42881354
v -0.37588876 2.24084368 -1.42892629
v -0.52422878 2.24388126 -1.42893242
v -0.38586412 2.24838306 -1.43895257
v -0.52768767 2.24839048 -1.43905043
v -0.38922894 2.24374225 -1.42893124
v -0.52404727 2.24412721 -1.42877039
v -0.53762755 2.24086389 -1.42887067
v -0.53749747 2.24061779 -1.42903788
v -0.54721722 2.22900888 -1.42869123
v -0.54741794 2.09669395 -1.42891049
v -0.55215983 2.23253370 -1.43899082
v -0.55230004 2.09326144 -1.43903802
v -0.54747599 2.22930201 -1.42893222
v -0.53738753 2.08482759 -1.42915543
v -0.37591475 2.08482936 -1.42899296
v -0.38944439 2.08196034 -1.42896746
v -0.53749143 2.08516429 -1.42894946
v -0.38936499 2.08171181 -1.42917448
v -0.52774673 2.07776650 -1.43902933
v -0.38559297 2.07757083 -1.43898233
v -0.52423582 2.08184742 -1.42881497
v -0.36615533 2.09669893 -1.42895032
v -0.37598167 2.08478104 -1.42887183
v -0.37171952 2.08078179 -1.43915713
v -0.36617860 2.09669905 -1.42894548
v -0.37177165 2.08081780 -1.43892543
v -0.36151262 2.09311532 -1.43890961
v -0.37605537 2.24093968 -1.42880355
v -0.36610579 2.22912002 -1.42898664
v -0.36129354 2.23257521 -1.43904837
v -0.38922772 2.24395318 -1.42886004
v -0.37625070 2.24090537 -1.42894201
v -0.37167915 2.24478944 -1.43910137
v -0.38929611 2.24403592 -1.42907197
v -0.37173874 2.24511306 -1.43895345
v -0.53763128 2.24109102 -1.42889173
v -0.54174048 2.24501437 -1.43898309
v -0.54728718 2.22917889 -1.42905401
v -0.53748167 2.24078853 -1.42881590
v -0.54158185 2.24499220 -1.43888566
v -0.55219450 2.23272159 -1.43897115
v -0.54757655 2.22897356 -1.42899320
v -0.54741618 2.09678056 -1.42894054
v -0.55209534 2.09300276 -1.43890037
v -0.53758020 2.08482943 -1.42907307
v -0.37604869 2.08494644 -1.42912678
v -0.53744802 2.08483047 -1.42892010
v -0.54179644 2.08095993 -1.43892596
v -0.52415286 2.08157005 -1.42895403
v -0.52420880 2.08192933 -1.42873174
v -0.54174231 2.08076598 -1.43916961
v -0.37603172 2.08475484 -1.42898395
v -0.38578404 2.07754049 -1.43902415
v -0.37185104 2.08085922 -1.43901833
v -0.37166018 2.24517193 -1.43907635
v -0.37632364 2.24091135 -1.42896652
v -0.36132033 2.23260839 -1.43901113
v -0.53754593 2.24114558 -1.42898626
v -0.52765062 2.24839762 -1.43902358
v -0.54179663 2.24488641 -1.43887644
v -0.55203496 2.09325599 -1.43897370
v -0.54159398 2.08099044 -1.43910843
v -0.53748792 2.08497295 -1.42889222
v -2.58769750 -4.36400048 -1.43847769
v -2.59069370 -4.20829922 -1.43861450
v -2.59068571 -4.34956348 -1.43866861
v -2.58798573 -4.19386975 -1.43869406
v -2.57518926 -4.37426557 -1.43849075
v -2.57532258 -4.18353337 -1.43860599
v -2.43572239 -4.37420603 -1.43863057
v -2.43574750 -4.18364079 -1.43868541
v -2.42319876 -4.36395913 -1.43849262
v -2.42309166 -4.19392820 -1.43875701
v -2.42006056 -4.34955855 -1.43857222
v -2.42013256 -4.20839686 -1.43857972
v -0.33391599 4.70489068 -1.42116838
v -0.47336966 4.84700179 -1.42085008
v -0.47320130 4.70477248 -1.42115684
v -0.33401105 4.84685787 -1.42117813
v -0.33388607 4.84683406 -1.42109803
v -0.46980960 4.86643112 -1.42910630
v -0.47322676 4.84694080 -1.42112756
v -0.33743267 4.86647674 -1.42915725
v -0.47317557 4.70510339 -1.42114752
v -0.48495607 4.84313927 -1.42885651
v -0.48469648 4.70864103 -1.42899628
v -0.47324116 4.84680306 -1.42116544
v -0.47001223 4.68521096 -1.42893107
v -0.33391756 4.70508004 -1.42101933
v -0.47328948 4.70482536 -1.42101500
v -0.33753282 4.68522966 -1.42912822
v -0.32236939 4.70848461 -1.42892848
v -0.33385989 4.84693055 -1.42109917
v -0.33413252 4.70488874 -1.42102924
v -0.32236875 4.84338529 -1.42906973
v -0.32553511 4.85667627 -1.42907992
v -0.33738818 4.86640945 -1.42899316
v -0.46983187 4.86656181 -1.42903860
v -0.33400156 4.87115218 -1.43915395
v -0.47326123 4.87124943 -1.43921125
v -0.33730999 4.86631765 -1.42884194
v -0.48178473 4.85665521 -1.42898882
v -0.48177970 4.85658370 -1.42890469
v -0.48480477 4.70837725 -1.42893294
v -0.48898097 4.84681435 -1.43894502
v -0.48902939 4.70484141 -1.43893853
v -0.48467221 4.84343343 -1.42891187
v -0.48480586 4.70847490 -1.42887872
v -0.48177273 4.69523515 -1.42897357
v -0.46983267 4.68542035 -1.42895841
v -0.48159369 4.69514647 -1.42899548
v -0.33718286 4.68552753 -1.42903251
v -0.47333728 4.68069033 -1.43895398
v -0.33398472 4.68043460 -1.43895712
v -0.46985542 4.68539469 -1.42897191
v -0.32558531 4.69514025 -1.42903320
v -0.32250970 4.84330269 -1.42889851
v -0.32572226 4.85645241 -1.42899065
v -0.32562410 4.69514018 -1.42875048
v -0.31818424 4.84680587 -1.43902797
v -0.32254960 4.70873389 -1.42900631
v -0.31825916 4.70491817 -1.43912059
v -0.32241996 4.84336871 -1.42890798
v -0.33390719 4.87106313 -1.43889158
v -0.32570255 4.85679156 -1.42900511
v -0.32160632 4.86089359 -1.43906155
v -0.33749544 4.86649492 -1.42907514
v -0.46981766 4.86635927 -1.42888480
v -0.47331332 4.87140291 -1.43886259
v -0.48154205 4.85646750 -1.42885829
v -0.48565961 4.86111108 -1.43899272
v -0.48471641 4.84326959 -1.42895728
v -0.48164314 4.85669638 -1.42907985
v -0.48559759 4.86075618 -1.43885891
v -0.48473775 4.84345382 -1.42923759
v -0.48150626 4.69514405 -1.42890188
v -0.48168256 4.69522256 -1.42899354
v -0.48581286 4.69090341 -1.43907552
v -0.46999859 4.68524206 -1.42880367
v -0.46997315 4.68550805 -1.42899408
v -0.48579453 4.69080553 -1.43910013
v -0.47342583 4.68048904 -1.43926371
v -0.32545519 4.69510034 -1.42883841
v -0.33753052 4.68529643 -1.42909881
v -0.33394370 4.68053444 -1.43883003
v -0.32556665 4.85673096 -1.42893118
v -0.32228299 4.70840424 -1.42876239
v -0.32560663 4.69523236 -1.42895462
v -0.32144934 4.69080701 -1.43898130
v -0.32230290 4.70857378 -1.42891302
v -0.32157072 4.69074565 -1.43889966
v -0.32147322 4.86101347 -1.43898643
v -0.32550766 4.85661573 -1.42900409
v -0.31823984 4.84690168 -1.43897067
v -0.48151956 4.85664530 -1.42882978
v -0.47321122 4.87114586 -1.43891325
v -0.48570394 4.86095413 -1.43906772
v -0.48890973 4.70504635 -1.43904658
v -0.48565405 4.69093063 -1.43904037
v -0.48160581 4.69521855 -1.42897758
v -0.32565323 4.69524142 -1.42902585
v -0.33403994 4.68060536 -1.43905283
v -0.32159369 4.69090778 -1.43893244
v 1.17827640 4.70493932 -1.42108751
v 1.03868270 4.84674982 -1.42094603
v 1.03874513 4.70499035 -1.42102515
v 1.17812821 4.84667138 -1.42113233
v 1.04219929 4.68546742 -1.42885618
v 1.17822219 4.70492078 -1.42109966
v 1.03867252 4.70497249 -1.42101668
v 1.17467457 4.68539978 -1.42913980
v 1.18961915 4.70838733 -1.42890012
v 1.17804779 4.84682996 -1.42115232
v 1.17814295 4.70501328 -1.42108223
v 1.18961213 4.84339164 -1.42906316
v 1.17826971 4.84701288 -1.42107455
v 1.04218966 4.86634607 -1.42900350
v 1.03867645 4.84703217 -1.42108578
v 1.17464176 4.86645855 -1.42904578
v 1.03851133 4.70484612 -1.42088262
v 1.02750022 4.84329894 -1.42885566
v 1.02731037 4.70836352 -1.42889707
v 1.03893842 4.84689210 -1.42122363
v 1.04230907 4.68525117 -1.42908499
v 1.03035108 4.69504713 -1.42887914
v 1.17483587 4.68517948 -1.42898799
v 1.03885389 4.68050922 -1.43881124
v 1.17818693 4.68051511 -1.43896789
v 1.04227100 4.68535127 -1.42907068
v 1.18642602 4.69510991 -1.42878099
v 1.18642037 4.69501709 -1.42893615
v 1.19377065 4.84686352 -1.43896259
v 1.18954968 4.70847864 -1.42886911
v 1.19392581 4.70493579 -1.43899752
v 1.18957450 4.84323917 -1.42898675
v 1.18943661 4.84331977 -1.42896370
v 1.18660716 4.85640620 -1.42878482
v 1.18653448 4.85665223 -1.42898249
v 1.17463185 4.86629438 -1.42892215
v 1.04202510 4.86668738 -1.42889292
v 1.17801738 4.87129289 -1.43906629
v 1.03864525 4.87125713 -1.43914181
v 1.17475810 4.86658215 -1.42888398
v 1.03033837 4.85656718 -1.42893588
v 1.02735870 4.70858334 -1.42886459
v 1.03040347 4.69515106 -1.42884334
v 1.03032888 4.85657579 -1.42904814
v 1.02719032 4.70849000 -1.42896895
v 1.02300359 4.84699796 -1.43904481
v 1.02305581 4.70485413 -1.43907925
v 1.02725207 4.84339030 -1.42882519
v 1.03052804 4.69522753 -1.42891973
v 1.02640524 4.69094332 -1.43896721
v 1.04224060 4.68533526 -1.42896643
v 1.04225033 4.68527214 -1.42873742
v 1.02615870 4.69063486 -1.43907912
v 1.03880036 4.68041144 -1.43887692
v 1.18651510 4.69512930 -1.42910276
v 1.17488664 4.68543240 -1.42897739
v 1.17826767 4.68044868 -1.43904825
v 1.18951490 4.70865406 -1.42880256
v 1.18644110 4.69521055 -1.42888520
v 1.19045899 4.69087911 -1.43889476
v 1.18950815 4.70854117 -1.42906686
v 1.19047032 4.69093104 -1.43908739
v 1.18656478 4.85663448 -1.42898603
v 1.17466654 4.86651711 -1.42884890
v 1.18653356 4.85655310 -1.42894004
v 1.19073407 4.86081018 -1.43899606
v 1.17487311 4.86638480 -1.42920348
v 1.19048972 4.86094779 -1.43896650
v 1.17807692 4.87124585 -1.43890313
v 1.04217527 4.86645262 -1.42899664
v 1.03878127 4.87130829 -1.43901796
v 1.03031987 4.85659518 -1.42906078
v 1.03045875 4.69520725 -1.42899700
v 1.02638941 4.86084515 -1.43913038
v 1.02733224 4.84354545 -1.42906723
v 1.03041875 4.85671454 -1.42894389
v 1.02663668 4.86097994 -1.43903183
v 1.02758918 4.84326905 -1.42900678
v 1.02324423 4.70498028 -1.43893689
v 1.02629869 4.69097900 -1.43900941
v 1.03051437 4.69510592 -1.42899589
v 1.18656451 4.69517758 -1.42894464
v 1.17814390 4.68047058 -1.43898654
v 1.19065292 4.69101927 -1.43893138
v 1.19050063 4.86091329 -1.43905942
v 1.18656083 4.85670179 -1.42883959
v 1.19381869 4.84694972 -1.43901007
v 1.03058711 4.85657907 -1.42878241
v 1.03859801 4.87119642 -1.43893187
v 1.02649559 4.86097020 -1.43899487
v -1.34372306 1.80067953 -1.50697628
v -1.36023448 1.63135890 -1.50701851
v -1.36030383 1.80080597 -1.50694252
v -0.77462912 1.63122430 -1.50712444
v -0.75783780 1.80063360 -1.50700086
v -0.75797840 1.63160930 -1.50695677
v -1.36041830 1.64272359 -1.46942581
v -1.36031313 1.63152337 -1.50683245
v -1.36030808 1.63132981 -1.48348962
v -1.36013028 1.80082542 -1.50695703
v -1.36039666 1.69362781 -1.44983984
v -1.36024619 1.73504814 -1.43984164
v -1.36024375 1.77641693 -1.43693562
v -1.36043402 1.79982630 -1.44607154
v -1.36046626 1.80964164 -1.47406322
v -1.36032622 1.80938010 -1.47409882
v -1.34374880 1.80080263 -1.50681465
v -1.36036303 1.80097239 -1.50687607
v -1.34362824 1.80940837 -1.46687844
v -0.75804678 1.80068975 -1.50705821
v -1.34391633 1.80079878 -1.50695442
v -0.77450896 1.80948381 -1.46678632
v -0.75800785 1.63156779 -1.50689316
v -0.75791290 1.64280656 -1.46949409
v -0.75789305 1.63148809 -1.49032094
v -0.75792547 1.80083977 -1.50702766
v -0.75795953 1.69363428 -1.44946209
v -0.75781042 1.73496289 -1.43994000
v -0.75768717 1.77625175 -1.43722743
v -0.75792422 1.79970958 -1.44621264
v -0.75787721 1.80946477 -1.47387326
v -0.75786248 1.63133082 -1.49061001
v -0.77459497 1.63159202 -1.50673582
v -0.75786959 1.63159414 -1.50701620
v -0.77454078 1.63144897 -1.48341427
v -1.36033686 1.63133550 -1.50699641
v -0.77453194 1.63151252 -1.50714397
v -1.36038814 1.63106378 -1.48340142
v -1.34374229 1.77633760 -1.42998531
v -1.36018677 1.77628471 -1.43717925
v -1.36029109 1.73504750 -1.43983596
v -1.34391555 1.77620942 -1.42991328
v -1.36018688 1.79974642 -1.44628466
v -1.36018975 1.77627123 -1.43714809
v -1.34365786 1.79988110 -1.43898006
v -1.36010395 1.79977527 -1.44647509
v -1.34367754 1.80954204 -1.46694734
v -1.36037037 1.80961723 -1.47395622
v -1.34361614 1.79984411 -1.43916334
v -1.34354454 1.64277425 -1.46230417
v -1.36037744 1.64280726 -1.46939230
v -1.36026802 1.63141391 -1.48340586
v -1.34359024 1.64277525 -1.46242193
v -1.36014974 1.69375531 -1.44969143
v -1.36038994 1.64297333 -1.46936210
v -1.34376567 1.69352709 -1.44242974
v -1.34371561 1.73506117 -1.43283774
v -1.36028982 1.73483968 -1.44012259
v -1.36021365 1.69363777 -1.44938942
v -1.34368658 1.80932209 -1.46691524
v -1.34362165 1.79963135 -1.43915188
v -1.31154534 1.80959012 -1.46685899
v -1.34370714 1.80932775 -1.46680089
v -1.31145074 1.79972438 -1.43300267
v -0.77452099 1.80954574 -1.46686081
v -0.80675674 1.79951779 -1.43307802
v -0.77465062 1.80955166 -1.46693707
v -0.75796940 1.80950930 -1.47399262
v -0.75789210 1.80075181 -1.50696391
v -0.75797711 1.69354511 -1.44980835
v -0.77458856 1.73502974 -1.43301980
v -0.77454365 1.69364207 -1.44243277
v -0.75793206 1.73503041 -1.44007256
v -0.75777604 1.69379418 -1.44943967
v -0.77446289 1.69370576 -1.44262658
v -0.75801391 1.64263426 -1.46936954
v -0.75801230 1.64277157 -1.46926839
v -0.77450701 1.63144193 -1.48340673
v -0.75777034 1.63133029 -1.49054798
v -0.77457564 1.64287914 -1.46219178
v -0.77434063 1.80934454 -1.46680572
v -0.75798805 1.79982842 -1.44619683
v -0.75800915 1.80950595 -1.47395767
v -0.77464849 1.79976358 -1.43926416
v -0.75779858 1.77640256 -1.43708032
v -0.77449092 1.79984489 -1.43909227
v -0.77458685 1.77626965 -1.42995115
v -0.75797028 1.79976325 -1.44628319
v -0.75785951 1.73510212 -1.44000284
v -0.77441980 1.77621305 -1.42989578
v -0.77457442 1.73502824 -1.43289460
v -0.75802779 1.77634793 -1.43710972
v -0.77437639 1.63120931 -1.48342969
v -0.77455436 1.63144969 -1.50717455
v -0.75795900 1.63151899 -1.49049691
v -0.80663815 1.64283324 -1.45769501
v -1.34363562 1.63123971 -1.48343021
v -0.80660398 1.63134703 -1.48351718
v -1.31132537 1.64291057 -1.45770529
v -1.36018625 1.63131828 -1.48322995
v -1.34376353 1.63129425 -1.48355107
v -0.77440952 1.64286529 -1.46218538
v -0.77454104 1.63123821 -1.48316942
v -1.34368839 1.77625081 -1.42990678
v -1.36027088 1.73494472 -1.44006572
v -1.31135422 1.77640605 -1.42369782
v -1.34377609 1.73499106 -1.43279995
v -1.36039080 1.69380026 -1.44942117
v -1.34367885 1.69370677 -1.44255357
v -1.31170031 1.64292611 -1.45758261
v -1.34372164 1.64275877 -1.46218457
v -0.80667476 1.77621304 -1.42394860
v -1.31143171 1.79968693 -1.43303250
v -1.31154907 1.77607228 -1.42408183
v -0.80657520 1.79976164 -1.43285175
v -0.77428837 1.79982779 -1.43920968
v -0.77446455 1.80954925 -1.46664391
v -0.77440860 1.69370423 -1.44244143
v -0.80661154 1.73506140 -1.42665408
v -0.80657019 1.69370368 -1.43619145
v -0.77441775 1.73496670 -1.43288130
v -0.75789256 1.64292811 -1.46936609
v -0.77432681 1.64290533 -1.46208410
v -0.77438161 1.77625850 -1.43012378
v -0.80655325 1.79989096 -1.43308883
v -0.80681909 1.77640407 -1.42397385
v -0.77436415 1.79977058 -1.43917454
v -0.77458183 1.77636334 -1.43000830
v -0.80636170 1.73513174 -1.42673417
v -0.77461856 1.73491243 -1.43271432
v -0.80653860 1.64284741 -1.45760234
v -1.31155150 1.69367437 -1.43613389
v -0.80647155 1.69349515 -1.43641407
v -1.31164122 1.77627916 -1.42380301
v -1.34353285 1.79990729 -1.43907378
v -1.31142895 1.73509084 -1.42678544
v -1.31146982 1.77631707 -1.42364797
v -0.80646514 1.77618234 -1.42378874
v -0.77454746 1.77630887 -1.42996545
v 0.44262742 1.58275211 -1.27776358
v -0.15139365 1.60997643 -1.39599039
v 0.44266198 1.60960409 -1.39590460
v -0.15141337 1.58266693 -1.27779470
v 0.44272331 1.57332303 -1.24801393
v -0.15154139 1.57335149 -1.24812437
v -0.15133656 1.58723103 -1.25311542
v -0.15158114 1.58303956 -1.27779855
v -0.15142286 1.57351228 -1.24791301
v -0.15141671 1.60980460 -1.39591009
v -0.15162502 1.60788121 -1.27785492
v -0.15128853 1.64026923 -1.39663398
v -0.15138774 1.62816303 -1.46964407
v -0.15146939 1.64352820 -1.45977383
v 0.41487685 1.62834797 -1.46967358
v 0.44258452 1.62791089 -1.46969754
v -0.15152700 1.62833045 -1.46977415
v 0.44267456 1.58292208 -1.27773441
v 0.44245066 1.58706449 -1.25309277
v 0.44262904 1.57335699 -1.24793824
v 0.44261895 1.60972725 -1.39617119
v 0.44250340 1.60797845 -1.27807305
v 0.44237592 1.64042332 -1.39678748
v 0.44277372 1.62833764 -1.46961226
v 0.44250071 1.64354663 -1.45946010
v 0.44264461 1.57331487 -1.24771183
v -0.12386152 1.59856621 -1.25309832
v -0.12378473 1.57347759 -1.24796863
v 0.41511958 1.59872602 -1.25317563
v -0.15140771 1.58718030 -1.25314404
v -0.15161530 1.57342701 -1.24805157
v -0.12368877 1.59867270 -1.25320962
v -0.15159509 1.60783815 -1.27786210
v -0.15159054 1.58710519 -1.25336414
v -0.12373390 1.61971671 -1.27803680
v -0.15153615 1.64040839 -1.39670233
v -0.15142613 1.60786443 -1.27788848
v -0.12379834 1.65200699 -1.39669251
v -0.15153060 1.64363678 -1.45951773
v -0.15166519 1.64038071 -1.39682790
v -0.12372172 1.65608455 -1.45087839
v -0.15153619 1.62820062 -1.46963066
v -0.15151898 1.64359976 -1.45965632
v 0.41493779 1.62817012 -1.46978162
v -0.15132805 1.62832748 -1.46943756
v 0.41492772 1.65591309 -1.45096837
v 0.44256094 1.62825109 -1.46953540
v 0.44265709 1.64373563 -1.45969422
v 0.41491395 1.61962248 -1.27792190
v 0.44234319 1.58718660 -1.25327409
v 0.44265018 1.60782620 -1.27789958
v 0.41507512 1.59877971 -1.25312419
v 0.44250784 1.58712034 -1.25310859
v 0.44262974 1.57334073 -1.24804576
v 0.44261755 1.64038189 -1.39660625
v 0.44246507 1.64360911 -1.45955755
v 0.41490550 1.65618477 -1.45084933
v 0.41499189 1.65226125 -1.39678241
v 0.44259742 1.60793138 -1.27786725
v 0.41483805 1.61979191 -1.27804069
v -0.12380860 1.59870416 -1.25313812
v -0.12362066 1.61958656 -1.27788857
v -0.15146684 1.60799667 -1.27787090
v -0.12393117 1.61965468 -1.27818960
v -0.12366509 1.65581603 -1.45095716
v -0.12389339 1.65209727 -1.39659098
v 0.41468372 1.65603784 -1.45105455
v -0.12389728 1.65605403 -1.45092804
v 0.41491038 1.65221737 -1.39672697
v -0.12368264 1.61945975 -1.27806633
v 0.41493352 1.61944193 -1.27796948
v -0.13905320 1.80067214 -1.50706186
v -0.15555384 1.63146391 -1.50681855
v -0.15570478 1.80093602 -1.50683930
v 0.43012696 1.63135359 -1.50712411
v 0.44679672 1.80085974 -1.50703385
v 0.44670736 1.63129230 -1.50692885
v -0.15561792 1.64281033 -1.46923849
v -0.15578078 1.63145028 -1.50715316
v -0.15565523 1.63120992 -1.48334953
v -0.15573529 1.80062927 -1.50670165
v -0.15549705 1.69353000 -1.44972780
v -0.15565632 1.73490427 -1.43975286
v -0.15565170 1.77644935 -1.43713560
v -0.15563064 1.79976161 -1.44637797
v -0.15563856 1.80950521 -1.47401370
v -0.15568073 1.80949839 -1.47390989
v -0.13907893 1.80074463 -1.50704855
v -0.15572514 1.80059468 -1.50708804
v -0.13914077 1.80939710 -1.46681625
v 0.44673031 1.80069516 -1.50683474
v -0.13901693 1.80083350 -1.50682686
v 0.43013165 1.80943310 -1.46680012
v 0.44660644 1.63149701 -1.50698892
v 0.44658646 1.64269866 -1.46934345
v 0.44669282 1.63146877 -1.49040740
v 0.44687112 1.80071403 -1.50685742
v 0.44664584 1.69372389 -1.44963143
v 0.44682543 1.73497028 -1.43989617
v 0.44665033 1.77642929 -1.43711410
v 0.44670959 1.79962732 -1.44635074
v 0.44657754 1.80955157 -1.47399942
v 0.44666494 1.63146048 -1.49058712
v 0.43007795 1.63138900 -1.50680039
v 0.44672423 1.63146042 -1.50699197
v 0.43025323 1.63127886 -1.48335457
v -0.15554868 1.63139594 -1.50686123
v 0.43017709 1.63149406 -1.50699413
v -0.15551101 1.63140724 -1.48326474
v -0.13896302 1.73492807 -1.43291731
v -0.15551380 1.77626474 -1.43696748
v -0.15560049 1.73506314 -1.43999843
v -0.13931300 1.77629878 -1.43006000
v -0.13916538 1.77619385 -1.42999476
v -0.15538908 1.79941901 -1.44628798
v -0.15537229 1.77620299 -1.43699198
v -0.13923613 1.79973307 -1.43920018
v -0.15557524 1.79979636 -1.44603472
v -0.13904177 1.80941210 -1.46676489
v -0.15560410 1.80954070 -1.47402442
v -0.13906210 1.79975811 -1.43921649
v -0.13906233 1.64289327 -1.46238797
v -0.15557290 1.64297715 -1.46916886
v -0.15563131 1.63136725 -1.48345920
v -0.13894350 1.64292222 -1.46218446
v -0.15556270 1.69369643 -1.44929679
v -0.15546084 1.64285935 -1.46935859
v -0.13888935 1.69364351 -1.44232726
v -0.13894055 1.69358422 -1.44245166
v -0.15579390 1.73510429 -1.43995143
v -0.15560040 1.69370082 -1.44952237
v -0.13903159 1.73510172 -1.43264828
v -0.13909226 1.80949653 -1.46672595
v -0.13893412 1.79973077 -1.43920320
v -0.10686345 1.80934325 -1.46686066
v -0.13905455 1.80958149 -1.46664193
v -0.10685609 1.79984091 -1.43309391
v 0.43008260 1.80942324 -1.46678550
v 0.39797746 1.79963364 -1.43338444
v 0.43015171 1.80940288 -1.46666687
v 0.44679456 1.80962173 -1.47416997
v 0.44675882 1.80074694 -1.50695730
v 0.44675129 1.69370333 -1.44961814
v 0.43010787 1.73483866 -1.43280247
v 0.43010821 1.69367300 -1.44239107
v 0.44649786 1.73497402 -1.43999073
v 0.44657669 1.69358825 -1.44940982
v 0.43000474 1.69352198 -1.44248220
v 0.44663713 1.64275597 -1.46934376
v 0.44676928 1.64268231 -1.46960052
v 0.43004701 1.63147825 -1.48332786
v 0.44686920 1.63149245 -1.49055817
v 0.43024471 1.64267529 -1.46221741
v 0.43004448 1.80956446 -1.46683825
v 0.44656891 1.79960736 -1.44619910
v 0.44675462 1.80947328 -1.47384105
v 0.43029375 1.79968318 -1.43932623
v 0.44680672 1.77624480 -1.43719474
v 0.43014753 1.79984829 -1.43933114
v 0.43029251 1.77641279 -1.42995088
v 0.44668948 1.79965453 -1.44619020
v 0.44657676 1.73477662 -1.43988209
v 0.43026827 1.77619806 -1.43001426
v 0.43021451 1.73508432 -1.43287142
v 0.44673839 1.77642465 -1.43727434
v 0.43022433 1.63131441 -1.48336857
v 0.43021625 1.63136747 -1.50709696
v 0.44668482 1.63146413 -1.49046993
v 0.39797418 1.64271657 -1.45763801
v -0.13906151 1.63143371 -1.48340776
v 0.39806939 1.63150279 -1.48346104
v -0.10680384 1.64271873 -1.45760902
v -0.15576906 1.63128522 -1.48354079
v -0.13900117 1.63134814 -1.48356712
v 0.43016617 1.64275130 -1.46213273
v 0.43009440 1.63130110 -1.48335919
v -0.10699021 1.77639919 -1.42401306
v -0.13879413 1.77619067 -1.42998822
v -0.13889664 1.73502586 -1.43261401
v -0.10681367 1.77615772 -1.42378447
v -0.10673287 1.64296411 -1.45743484
v -0.13899715 1.69346147 -1.44247520
v -0.13906573 1.64271949 -1.46217486
v -0.10695656 1.69367630 -1.43619214
v -0.10687329 1.73490995 -1.42660877
v 0.39809073 1.77622762 -1.42375894
v -0.10694868 1.79962731 -1.43293235
v -0.10685204 1.77630792 -1.42396802
v 0.39802999 1.79948379 -1.43286000
v 0.43035002 1.79999705 -1.43914795
v 0.43015044 1.80943084 -1.46669645
v 0.43020397 1.69369120 -1.44230452
v 0.39808265 1.73502605 -1.42687313
v 0.39817234 1.69369384 -1.43623941
v 0.43003138 1.73495349 -1.43289068
v 0.44670171 1.64268666 -1.46955163
v 0.43012161 1.64294452 -1.46208900
v 0.43012759 1.77643993 -1.43004229
v 0.39795764 1.79971160 -1.43307125
v 0.39798981 1.77622516 -1.42398632
v 0.43006938 1.79973340 -1.43923878
v 0.43017080 1.77646837 -1.43005348
v 0.39797652 1.73483713 -1.42659754
v 0.43024884 1.73487368 -1.43263350
v 0.39794711 1.64265945 -1.45786732
v 0.39793873 1.69363190 -1.43636299
v -0.10690818 1.77649905 -1.42377473
v -0.13901649 1.79975433 -1.43924955
v 0.39789696 1.77622321 -1.42393624
v 0.43031158 1.77635612 -1.42993762
v -0.54183442 2.08039021 -1.43862411
v -0.55227910 2.23242248 -1.43842415
v -0.55214639 2.09322051 -1.43860688
v -0.54172274 2.24507177 -1.43858992
v -0.52729934 2.07757154 -1.43855545
v -0.52734482 2.24832287 -1.43846408
v -0.38616204 2.07760062 -1.43846827
v -0.38626067 2.24824874 -1.43828686
v -0.37156051 2.08078230 -1.43854409
v -0.37160877 2.24510632 -1.43861998
v -0.36142495 2.09322725 -1.43872210
v -0.36122169 2.23261733 -1.43873910
v -3.10039346 2.49958227 -1.50681398
v -3.11701130 2.33023949 -1.50701879
v -3.11700249 2.49958335 -1.50693977
v -2.53123400 2.33004920 -1.50687764
v -2.51477653 2.49960743 -1.50697595
v -2.51465179 2.33021122 -1.50705157
v -2.51489658 2.33028677 -1.50715306
v -2.51459210 2.33101807 -1.44606504
v -2.51474631 2.32134439 -1.47381869
v -2.51477726 2.49939771 -1.50698096
v -2.51471305 2.35471728 -1.43715829
v -2.51471599 2.39601548 -1.43991721
v -2.51508192 2.43706645 -1.44967091
v -2.51475068 2.48802516 -1.46928305
v -2.51460791 2.49954929 -1.48343853
v -2.51460659 2.32147259 -1.47375301
v -2.53133484 2.33019463 -1.50711904
v -2.51474133 2.33006510 -1.50684371
v -2.53134846 2.32144587 -1.46678416
v -3.11692092 2.33013784 -1.50707796
v -2.53123168 2.33026390 -1.50692220
v -3.10058582 2.32168830 -1.46677926
v -3.11717977 2.33127199 -1.44640096
v -3.11695355 2.33007402 -1.50671732
v -3.11683778 2.32148871 -1.47391966
v -3.11701688 2.49960453 -1.50702239
v -3.11685409 2.35467296 -1.43698713
v -3.11705326 2.39575167 -1.43992068
v -3.11690192 2.43754127 -1.44956907
v -3.11705406 2.48814327 -1.46918750
v -3.11705732 2.49962804 -1.49039142
v -3.11709107 2.49940233 -1.49032635
v -3.10047968 2.49973109 -1.50723765
v -3.11692075 2.49955574 -1.50702568
v -3.10027978 2.49965809 -1.48308801
v -2.51473665 2.49962789 -1.50686368
v -3.10044801 2.49951021 -1.50705137
v -2.51474270 2.49941907 -1.48340601
v -2.51468090 2.39603479 -1.43989239
v -2.53124464 2.35454000 -1.42991350
v -2.51450056 2.35450347 -1.43722164
v -2.51483044 2.33133558 -1.44634225
v -2.53133479 2.35479495 -1.43012205
v -2.53120191 2.33126586 -1.43914130
v -2.51481362 2.35463365 -1.43715188
v -2.51483376 2.33105457 -1.44635064
v -2.53130777 2.32142547 -1.46678514
v -2.51455708 2.32133816 -1.47394340
v -2.53130057 2.33108884 -1.43928540
v -2.53118636 2.48822309 -1.46213457
v -2.51468058 2.48805241 -1.46940294
v -2.51493334 2.49949978 -1.48325475
v -2.51473821 2.48802611 -1.46951370
v -2.53122526 2.48797807 -1.46216444
v -2.51486930 2.43720703 -1.44956242
v -2.51455552 2.43749226 -1.44961932
v -2.53126753 2.39593652 -1.43282387
v -2.51470604 2.39577481 -1.43987003
v -2.53129356 2.32133075 -1.46687997
v -2.53111784 2.33115414 -1.43926413
v -2.56338906 2.32127704 -1.46674018
v -2.53126215 2.32151810 -1.46655808
v -2.56345081 2.33100311 -1.43292311
v -3.10042701 2.32138687 -1.46692020
v -3.06833865 2.33121124 -1.43315608
v -3.10042979 2.32132753 -1.46668865
v -3.11698639 2.32151157 -1.47376631
v -3.11702584 2.33020716 -1.50681203
v -3.10051476 2.39613253 -1.43267497
v -3.11686363 2.43715927 -1.44968413
v -3.11678586 2.39584755 -1.43988551
v -3.10047974 2.43731372 -1.44236517
v -3.10042861 2.43731069 -1.44238663
v -3.11703719 2.48825134 -1.46938076
v -3.11700720 2.43721275 -1.44950481
v -3.11691257 2.48815262 -1.46937707
v -3.10043385 2.49968211 -1.48319542
v -3.11710665 2.49938345 -1.49058075
v -3.10034437 2.48800640 -1.46240642
v -3.10057805 2.32150449 -1.46684959
v -3.11688492 2.33112538 -1.44641290
v -3.11708545 2.32144119 -1.47403095
v -3.10043169 2.33115452 -1.43919964
v -3.10036073 2.33107185 -1.43905456
v -3.11682456 2.35486020 -1.43696521
v -3.11700364 2.33124537 -1.44637720
v -3.10049965 2.35454869 -1.43007686
v -3.10035963 2.35472040 -1.43000659
v -3.11698256 2.39579156 -1.44008122
v -3.11676666 2.35469566 -1.43723569
v -3.10041536 2.39588125 -1.43282252
v -3.10055635 2.49959529 -1.48330401
v -3.10067371 2.49949485 -1.50704248
v -3.11674043 2.49971463 -1.49047427
v -3.06846947 2.48811535 -1.45759312
v -2.53134399 2.49950594 -1.48339963
v -3.06831347 2.49948301 -1.48329778
v -2.56334433 2.48812141 -1.45767027
v -2.51472002 2.49947342 -1.48359932
v -2.53113643 2.49945230 -1.48324668
v -3.10034648 2.48812284 -1.46235626
v -3.10044070 2.49949956 -1.48349164
v -2.51485004 2.39600458 -1.43990625
v -2.53131238 2.35451229 -1.42989625
v -2.56348441 2.35465370 -1.42369620
v -2.51470644 2.43725748 -1.44951237
v -2.53118278 2.48817461 -1.46247245
v -2.53111373 2.43728368 -1.44241874
v -2.51475202 2.43732268 -1.44967869
v -2.53133095 2.39598592 -1.43285276
v -2.56327761 2.33109385 -1.43291580
v -3.06817491 2.35452879 -1.42386623
v -3.06806858 2.33104361 -1.43280613
v -2.56325521 2.35471425 -1.42375102
v -3.10049618 2.33126229 -1.43915678
v -3.10048440 2.32155068 -1.46654555
v -3.06808818 2.39607851 -1.42664920
v -3.10049341 2.39600352 -1.43293103
v -3.06828673 2.43729329 -1.43637468
v -3.10032305 2.48816688 -1.46214978
v -3.11701968 2.48808919 -1.46932093
v -3.06826158 2.33115136 -1.43293973
v -3.10040926 2.35462250 -1.42993853
v -3.10040299 2.33128532 -1.43910952
v -3.06834453 2.35469016 -1.42368577
v -3.10043547 2.35456328 -1.43010417
v -2.56333201 2.43703662 -1.43603390
v -3.06825601 2.48793695 -1.45760369
v -2.56351960 2.48809176 -1.45763032
v -2.56328128 2.35470479 -1.42381625
v -2.53131103 2.33119268 -1.43934621
v -2.56347804 2.39585260 -1.42668711
v -2.56332998 2.35465967 -1.42366526
v -3.06810673 2.35460475 -1.42378740
v -3.10050741 2.35460584 -1.42992533
v -3.11282749 2.54800250 -1.27791775
v -2.51885714 2.52115404 -1.39594079
v -3.11279188 2.52109458 -1.39592876
v -2.51888307 2.54813554 -1.27793835
v -3.11302289 2.55746924 -1.24779927
v -2.51876321 2.55754750 -1.24796434
v -2.51889957 2.50267533 -1.46957847
v -2.51885028 2.49068607 -1.39680214
v -2.51868953 2.48741655 -1.45957070
v -2.51885705 2.52299356 -1.27809322
v -2.51886392 2.52122569 -1.39610751
v -2.51880575 2.54817721 -1.27781216
v -2.51898697 2.54415262 -1.25300165
v -2.51877953 2.55751553 -1.24786647
v -3.08492110 2.50279191 -1.46962321
v -3.11289032 2.50272959 -1.46981500
v -2.51884145 2.50269393 -1.46950102
v -3.11293801 2.49053575 -1.39664648
v -3.11294093 2.50264057 -1.46949204
v -3.11283037 2.48713030 -1.45962891
v -3.11282708 2.52295532 -1.27792652
v -3.11292079 2.52104705 -1.39597826
v -3.11307833 2.54798136 -1.27781542
v -3.11284082 2.54387537 -1.25305634
v -3.11282077 2.55770138 -1.24800396
v -3.08526970 2.53203264 -1.25314274
v -2.54661882 2.55771213 -1.24797800
v -3.11299283 2.55761098 -1.24784434
v -2.54669945 2.53214419 -1.25303268
v -2.51882748 2.55756850 -1.24789049
v -2.51881354 2.54394130 -1.25320277
v -2.51882457 2.54381009 -1.25323667
v -2.54677920 2.53202055 -1.25333304
v -2.51882535 2.52289146 -1.27791598
v -2.51880633 2.49060039 -1.39673267
v -2.54633168 2.51127656 -1.27791170
v -2.54650673 2.47895054 -1.39657003
v -2.51853277 2.52286736 -1.27798392
v -2.51887700 2.48735176 -1.45963801
v -2.51862904 2.48718137 -1.45932651
v -2.54645035 2.47494179 -1.45092330
v -2.51896397 2.50251160 -1.46958655
v -2.51872833 2.50264916 -1.46951729
v -3.08515714 2.47482045 -1.45109520
v -3.08524652 2.50246731 -1.46941722
v -3.11290682 2.48731156 -1.45952076
v -3.11277921 2.50281093 -1.46945293
v -3.11283145 2.54389304 -1.25323446
v -3.11295946 2.52303137 -1.27790005
v -3.08538922 2.51128571 -1.27793123
v -3.11292618 2.55743288 -1.24777720
v -3.11301214 2.54413338 -1.25329439
v -3.11293251 2.49071562 -1.39660877
v -3.11286330 2.48729927 -1.45937932
v -3.08518396 2.47494191 -1.45078911
v -3.08495182 2.51126910 -1.27799040
v -3.08521767 2.47886493 -1.39681146
v -3.11297604 2.52287297 -1.27788539
v -2.54643215 2.53216424 -1.25334066
v -3.08511200 2.51117681 -1.27795235
v -2.54644565 2.51116398 -1.27800984
v -3.08509748 2.53231897 -1.25323166
v -2.51888074 2.52287303 -1.27809638
v -2.54642966 2.51116919 -1.27803792
v -3.08512796 2.47879021 -1.39670786
v -2.54653191 2.47892968 -1.39671092
v -3.08511396 2.51139045 -1.27791035
v -2.54655138 2.47494875 -1.45089735
v -3.08510684 2.47485063 -1.45092098
v -2.54645807 2.47516019 -1.45086057
v -3.11299040 2.54393727 -1.25300679
v -3.10061116 3.30253894 -1.50711758
v -3.11696705 3.13332757 -1.50688444
v -3.11695189 3.30251599 -1.50677132
v -2.53124179 3.13337654 -1.50678912
v -2.51467501 3.30244495 -1.50684886
v -2.51466827 3.13335284 -1.50695877
v -2.51484741 3.13321485 -1.50689787
v -2.51475172 3.13424446 -1.44638237
v -2.51455366 3.12459054 -1.47402053
v -2.51471330 3.30263517 -1.50688321
v -2.51480242 3.15772994 -1.43704638
v -2.51481536 3.19895887 -1.43998381
v -2.51477270 3.24030362 -1.44948400
v -2.51477583 3.29097816 -1.46915755
v -2.51469378 3.30241386 -1.48332342
v -2.51476444 3.12453545 -1.47394139
v -2.53134149 3.13322074 -1.50690961
v -2.51463007 3.13320089 -1.50695083
v -2.53119462 3.12468909 -1.46674107
v -3.11706871 3.13331525 -1.50678789
v -2.53135696 3.13342751 -1.50700736
v -3.10053991 3.12451480 -1.46688992
v -3.11699319 3.13419400 -1.44620266
v -3.11677055 3.13324739 -1.50688793
v -3.11706916 3.12469181 -1.47402752
v -3.11694436 3.30269600 -1.50702309
v -3.11716828 3.15773946 -1.43697283
v -3.11704942 3.19910147 -1.43986811
v -3.11686011 3.24026678 -1.44964463
v -3.11696893 3.29122781 -1.46942898
v -3.11715860 3.30272874 -1.49050885
v -3.11705715 3.30270255 -1.49035186
v -3.10044187 3.30258356 -1.50703205
v -3.11712362 3.30251183 -1.50691034
v -3.10039488 3.30260526 -1.48325297
v -2.51449942 3.30252186 -1.50683411
v -3.10051880 3.30249602 -1.50692719
v -2.51463160 3.30253905 -1.48338664
v -2.51453296 3.19906094 -1.43985320
v -2.53123231 3.15776310 -1.42991898
v -2.51465038 3.15776646 -1.43702427
v -2.51483264 3.13423280 -1.44614597
v -2.53130072 3.15772536 -1.43015152
v -2.53114391 3.13434506 -1.43924541
v -2.51464284 3.15781295 -1.43724224
v -2.51452256 3.13406914 -1.44613810
v -2.53139169 3.12460800 -1.46683383
v -2.51477230 3.12464669 -1.47384243
v -2.53132924 3.13438297 -1.43924176
v -2.53125454 3.29128273 -1.46231797
v -2.51448330 3.29114102 -1.46932878
v -2.51464104 3.30266505 -1.48339782
v -2.51473213 3.29126060 -1.46941549
v -2.53115837 3.29116838 -1.46214283
v -2.51474772 3.24022132 -1.44953235
v -2.51481305 3.24019464 -1.44957230
v -2.53115538 3.19903484 -1.43282439
v -2.51470592 3.19913116 -1.43974727
v -2.53119352 3.12468650 -1.46672189
v -2.53121204 3.13430885 -1.43915094
v -2.56341122 3.12456608 -1.46693694
v -2.53115300 3.12446015 -1.46666690
v -2.56338151 3.13425461 -1.43311976
v -3.10050787 3.12455036 -1.46682838
v -3.06839163 3.13422976 -1.43288422
v -3.10043846 3.12467277 -1.46674976
v -3.11716246 3.12460773 -1.47388904
v -3.11684994 3.13324871 -1.50669964
v -3.10027892 3.19883529 -1.43274947
v -3.11697768 3.24025011 -1.44968174
v -3.11702393 3.19900446 -1.43993627
v -3.10045133 3.24025158 -1.44261066
v -3.10024722 3.24018316 -1.44239313
v -3.11685171 3.29115578 -1.46934059
v -3.11702225 3.24050465 -1.44961642
v -3.11698282 3.29124599 -1.46916703
v -3.10032509 3.30248261 -1.48336062
v -3.11686232 3.30272198 -1.49056258
v -3.10036899 3.29109122 -1.46236250
v -3.10062953 3.12444044 -1.46711190
v -3.11715539 3.13447398 -1.44629610
v -3.11689254 3.12434879 -1.47393644
v -3.10043059 3.13426164 -1.43911110
v -3.10044101 3.13421738 -1.43922866
v -3.11696829 3.15760259 -1.43727383
v -3.11691204 3.13428457 -1.44625545
v -3.10034054 3.15790308 -1.42998044
v -3.10048505 3.15772902 -1.43008242
v -3.11681140 3.19905764 -1.43996446
v -3.11706095 3.15761201 -1.43702291
v -3.10052683 3.19895334 -1.43291847
v -3.10036576 3.30278246 -1.48337219
v -3.10057002 3.30245442 -1.50700883
v -3.11699448 3.30245314 -1.49058220
v -3.06801117 3.29118894 -1.45770189
v -2.53127859 3.30274194 -1.48329066
v -3.06814299 3.30262233 -1.48330197
v -2.56346085 3.29113729 -1.45762401
v -2.51457804 3.30262439 -1.48328232
v -2.53128919 3.30250089 -1.48354936
v -3.10056988 3.29137651 -1.46214223
v -3.10015178 3.30252981 -1.48332704
v -2.51458423 3.19909928 -1.43996160
v -2.53127301 3.15762401 -1.42979933
v -2.56317397 3.15756911 -1.42386519
v -2.51462346 3.24037138 -1.44943756
v -2.53134157 3.29102218 -1.46244076
v -2.53108409 3.24031640 -1.44240706
v -2.51449652 3.24048349 -1.44937289
v -2.53134702 3.19884283 -1.43290221
v -2.56346330 3.13427791 -1.43303347
v -3.06825289 3.15784111 -1.42398885
v -3.06827081 3.13439412 -1.43293137
v -2.56343336 3.15780949 -1.42376870
v -3.10048329 3.13427205 -1.43915474
v -3.10041122 3.12460736 -1.46686890
v -3.06817564 3.19886026 -1.42678297
v -3.10031646 3.19902449 -1.43275111
v -3.06828172 3.24031139 -1.43642594
v -3.10037795 3.29123022 -1.46238852
v -3.11706819 3.29110402 -1.46938447
v -3.06835881 3.13420571 -1.43326915
v -3.10041522 3.15784253 -1.43015479
v -3.10023878 3.13429275 -1.43908220
v -3.06843723 3.15760904 -1.42379808
v -3.10059618 3.15774013 -1.42996105
v -2.56338612 3.24022495 -1.43619354
v -3.06825924 3.29125454 -1.45766184
v -2.56322941 3.29130575 -1.45784841
v -2.56343994 3.15748689 -1.42379996
v -2.53119031 3.13436829 -1.43908469
v -2.56344852 3.19885275 -1.42652592
v -2.56325736 3.15780766 -1.42381084
v -3.06817299 3.15762055 -1.42395434
v -3.10048073 3.15763402 -1.43003972
v 1.02614170 4.69074142 -1.43856842
v 1.02304744 4.84632517 -1.43864321
v 1.02333880 4.70531432 -1.43846511
v 1.02593919 4.86109949 -1.43843995
v 1.03885573 4.68046532 -1.43856634
v 1.03868976 4.87124006 -1.43867109
v 1.17811011 4.68059274 -1.43849859
v 1.17821019 4.87126854 -1.43843167
v 1.19078922 4.69089203 -1.43860968
v 1.19070428 4.86089021 -1.43858637
v 1.19366171 4.70529132 -1.43831765
v 1.19390933 4.84636946 -1.43865703
v -3.11295904 3.35120258 -1.27792250
v -2.51864732 3.32424648 -1.39601242
v -3.11298309 3.32421848 -1.39602913
v -2.51883734 3.35103032 -1.27781263
v -3.11283449 3.36068832 -1.24803785
v -2.51863328 3.36062170 -1.24808049
v -2.51892740 3.30574229 -1.46954187
v -2.51874124 3.29363879 -1.39665632
v -2.51869820 3.29039463 -1.45952363
v -2.51897465 3.32589083 -1.27812038
v -2.51884954 3.32425421 -1.39601864
v -2.51878580 3.35118195 -1.27794625
v -2.51863488 3.34715232 -1.25308991
v -2.51869607 3.36053129 -1.24803478
v -3.08509062 3.30590192 -1.46950351
v -3.11274122 3.30573085 -1.46941297
v -2.51886458 3.30566132 -1.46948900
v -3.11289935 3.29360378 -1.39680590
v -3.11280277 3.30571518 -1.46952298
v -3.11290759 3.29023861 -1.45954933
v -3.11289950 3.32599657 -1.27792398
v -3.11294639 3.32430752 -1.39596132
v -3.11301196 3.35128068 -1.27783989
v -3.11284525 3.34710512 -1.25323142
v -3.11300850 3.36061564 -1.24801920
v -3.08522392 3.33538054 -1.25308895
v -2.54645878 3.36039766 -1.24801174
v -3.11269156 3.36068126 -1.24778759
v -2.54636395 3.33516485 -1.25314840
v -2.51865955 3.36074811 -1.24775825
v -2.51894082 3.34695169 -1.25310727
v -2.51859350 3.34687858 -1.25323990
v -2.54664604 3.33512905 -1.25318800
v -2.51864773 3.32594986 -1.27775047
v -2.51877858 3.29384517 -1.39674472
v -2.54657983 3.31426144 -1.27780120
v -2.54659111 3.28193979 -1.39658769
v -2.51891676 3.32611514 -1.27781918
v -2.51875259 3.29038129 -1.45969171
v -2.51868184 3.29028507 -1.45950989
v -2.54631998 3.27810173 -1.45086995
v -2.51878606 3.30585917 -1.46961942
v -2.51896573 3.30585272 -1.46946599
v -3.08512170 3.27799444 -1.45081335
v -3.08533011 3.30573767 -1.46936377
v -3.11277925 3.29038449 -1.45957187
v -3.11281542 3.30593562 -1.46947012
v -3.11314143 3.34702545 -1.25322572
v -3.11278628 3.32609384 -1.27794422
v -3.08520483 3.31426808 -1.27794555
v -3.11278124 3.36055117 -1.24799426
v -3.11274599 3.34690911 -1.25330547
v -3.11295063 3.29370150 -1.39654002
v -3.11303685 3.29060203 -1.45960319
v -3.08520055 3.27794842 -1.45093130
v -3.08514980 3.31443924 -1.27804336
v -3.08524110 3.28202317 -1.39672580
v -3.11314482 3.32591206 -1.27800740
v -2.54656123 3.33506665 -1.25300935
v -3.08508261 3.31445447 -1.27806229
v -2.54640922 3.31434568 -1.27795667
v -3.08520032 3.33536007 -1.25312991
v -2.51878912 3.32606433 -1.27802282
v -2.54655215 3.31440394 -1.27805154
v -3.08526770 3.28205839 -1.39672071
v -2.54650138 3.28180304 -1.39671123
v -3.08512003 3.31415107 -1.27780552
v -2.54639142 3.27799431 -1.45073427
v -3.08514959 3.27792531 -1.45095813
v -2.54646325 3.27809022 -1.45101226
v -3.11302641 3.34683105 -1.25296735
v -2.51866088 2.60678620 -1.27786372
v -3.11297286 2.63381709 -1.39613035
v -2.51868810 2.63378264 -1.39602773
v -3.11292488 2.60682216 -1.27785259
v -3.08496755 2.59732334 -1.24760263
v -2.54669967 2.60662062 -1.27782551
v -3.11292285 2.59730534 -1.24797281
v -3.11296450 2.61104858 -1.25296881
v -3.11272301 2.60681349 -1.27791146
v -3.11290201 2.59702277 -1.24789394
v -3.11291956 2.63350814 -1.39590874
v -3.11297122 2.63184272 -1.27789160
v -3.11286275 2.66431954 -1.39660278
v -3.11297834 2.65207530 -1.46959287
v -3.11275825 2.66756651 -1.45948976
v -2.54650886 2.65216607 -1.46961451
v -2.51891995 2.65216714 -1.46968284
v -3.11289335 2.65234930 -1.46937366
v -2.51878030 2.60684212 -1.27772777
v -2.51891193 2.61095185 -1.25330404
v -2.51886652 2.59714565 -1.24806018
v -2.51886233 2.63380526 -1.39615617
v -2.51892280 2.63180257 -1.27798911
v -2.51873587 2.66431294 -1.39657431
v -2.51869981 2.65176498 -1.46964775
v -2.51894946 2.66750872 -1.45959215
v -2.51871241 2.59722315 -1.24802044
v -2.54635585 2.60690830 -1.27801955
v -2.51882795 2.60678175 -1.27784517
v -3.08501413 2.59724718 -1.24797707
v -3.08517372 2.59729579 -1.24790158
v -3.11302001 2.61104460 -1.25319343
v -3.11282477 2.59721301 -1.24799960
v -3.08527996 2.62263149 -1.25316997
v -3.11289079 2.63200153 -1.27808468
v -3.11295639 2.61088037 -1.25332933
v -3.11285378 2.63182380 -1.27799362
v -3.08532293 2.67609742 -1.39682901
v -3.11293244 2.66431168 -1.39670351
v -3.08519598 2.64359551 -1.27797819
v -3.11290819 2.66774054 -1.45971555
v -3.08511441 2.67990147 -1.45121332
v -3.11274714 2.65219653 -1.46951469
v -3.11295539 2.66754666 -1.45949878
v -2.54663634 2.65235792 -1.46958704
v -3.11293771 2.65216632 -1.46940697
v -2.54672418 2.67979314 -1.45074798
v -2.51868778 2.65215287 -1.46975857
v -2.51866072 2.66760975 -1.45942176
v -2.51882495 2.61104506 -1.25324127
v -2.51877974 2.63191909 -1.27820918
v -2.54649854 2.64346917 -1.27799418
v -2.51879626 2.61106392 -1.25333244
v -2.54628293 2.62275101 -1.25320280
v -2.51882665 2.59724642 -1.24794807
v -2.51886985 2.66423651 -1.39672603
v -2.51869123 2.66765869 -1.45952545
v -2.54648247 2.67979271 -1.45126335
v -2.54645830 2.67578293 -1.39672427
v -2.51873119 2.63176784 -1.27797407
v -2.54641374 2.64358792 -1.27799240
v -2.51871845 2.59722871 -1.24800898
v -3.08511372 2.62277650 -1.25328824
v -3.08517621 2.59723111 -1.24786424
v -2.54649167 2.62296288 -1.25338706
v -3.08524097 2.62267842 -1.25325816
v -3.08521137 2.62279389 -1.25348431
v -3.08522026 2.64374388 -1.27804928
v -3.11314365 2.63188312 -1.27807968
v -3.08523358 2.64367584 -1.27805949
v -2.54648831 2.67599782 -1.39660887
v -3.08526161 2.67594114 -1.39670980
v -2.54661187 2.64350622 -1.27807158
v -3.08521233 2.67987141 -1.45068502
v -2.54656650 2.67976262 -1.45091271
v -3.08514077 2.67986180 -1.45077451
v -2.54640506 2.62246094 -1.25305284
v -2.51888294 2.61094209 -1.25331796
v -2.54649738 2.64360496 -1.27810549
v -1.00238225 -3.40935108 -1.50709471
v -1.01893975 -3.57851858 -1.50679422
v -1.01886427 -3.40933258 -1.50695222
v -0.43323423 -3.57861428 -1.50696547
v -0.41654225 -3.40927516 -1.50710035
v -0.41665421 -3.57874994 -1.50692837
v -1.01886798 -3.56717690 -1.46925628
v -1.01893722 -3.57866645 -1.50692731
v -1.01888886 -3.57871609 -1.48342261
v -1.01881097 -3.40953910 -1.50709933
v -1.01898482 -3.51634374 -1.44958498
v -1.01873154 -3.47504959 -1.43994672
v -1.01896889 -3.43359122 -1.43709846
v -1.01908081 -3.41033789 -1.44622747
v -1.01890015 -3.40057258 -1.47392026
v -1.01909365 -3.40055498 -1.47389503
v -1.00240485 -3.40944535 -1.50682820
v -1.01896348 -3.40940013 -1.50687290
v -1.00243756 -3.40058205 -1.46679619
v -0.41657752 -3.40909322 -1.50698381
v -1.00227017 -3.40934835 -1.50715963
v -0.43311754 -3.40070674 -1.46676190
v -0.41667931 -3.57872691 -1.50716668
v -0.41659397 -3.56718460 -1.46938292
v -0.41649810 -3.57884754 -1.49039499
v -0.41645814 -3.40935660 -1.50682283
v -0.41648460 -3.51634423 -1.44952841
v -0.41657893 -3.47516558 -1.43990306
v -0.41664595 -3.43366666 -1.43721736
v -0.41647104 -3.41061040 -1.44623613
v -0.41672639 -3.40056562 -1.47397321
v -0.41664663 -3.57867894 -1.49050704
v -0.43316248 -3.57860224 -1.50688030
v -0.41651890 -3.57859259 -1.50701710
v -0.43328380 -3.57866777 -1.48335646
v -1.01885742 -3.57859488 -1.50722182
v -0.43304161 -3.57863453 -1.50684430
v -1.01898326 -3.57854225 -1.48349709
v -1.00234884 -3.43374997 -1.43007832
v -1.01897730 -3.43362015 -1.43700721
v -1.01898673 -3.47508564 -1.43981285
v -1.00225821 -3.43395621 -1.43007620
v -1.01911393 -3.41032008 -1.44610885
v -1.01893139 -3.43377700 -1.43704781
v -1.00238193 -3.41037613 -1.43921860
v -1.01898849 -3.41016900 -1.44642658
v -1.00232015 -3.40041823 -1.46680924
v -1.01899964 -3.40051402 -1.47400663
v -1.00223504 -3.41044469 -1.43907577
v -1.00232852 -3.56726252 -1.46226409
v -1.01899954 -3.56727565 -1.46958801
v -1.01899591 -3.57863320 -1.48335952
v -1.00229914 -3.56703706 -1.46221736
v -1.01890481 -3.51628877 -1.44943393
v -1.01886193 -3.56738131 -1.46942184
v -1.00234584 -3.47512016 -1.43278017
v -1.01899701 -3.47505107 -1.43994251
v -1.01886884 -3.51633331 -1.44941492
v -1.00239048 -3.40062683 -1.46669975
v -1.00244404 -3.41022620 -1.43905308
v -0.97014100 -3.40052520 -1.46658260
v -1.00243259 -3.40056493 -1.46662553
v -0.97030084 -3.41039642 -1.43303433
v -0.43313335 -3.40065232 -1.46687465
v -0.46521391 -3.41048592 -1.43292917
v -0.43309562 -3.40058593 -1.46682376
v -0.41660470 -3.40043635 -1.47370500
v -0.41675153 -3.40938198 -1.50709105
v -0.41663481 -3.51639202 -1.44947603
v -0.43312877 -3.47503952 -1.43271749
v -0.43302043 -3.51640217 -1.44240774
v -0.41678425 -3.47492193 -1.43997671
v -0.41657701 -3.51631591 -1.44959840
v -0.43315588 -3.51632035 -1.44243722
v -0.41678286 -3.56720647 -1.46933230
v -0.41649283 -3.56734208 -1.46946931
v -0.43312718 -3.57857478 -1.48316516
v -0.41648252 -3.57866170 -1.49055632
v -0.43311094 -3.40058655 -1.46677868
v -0.41662877 -3.41024750 -1.44631832
v -0.41653264 -3.40060659 -1.47403708
v -0.43305100 -3.41038256 -1.43902451
v -0.41657717 -3.43375758 -1.43691648
v -0.43327459 -3.41031652 -1.43936881
v -0.43323609 -3.43373767 -1.43015704
v -0.41652077 -3.41015807 -1.44622500
v -0.41662831 -3.47485708 -1.43996859
v -0.43300212 -3.43380005 -1.42978941
v -0.43322936 -3.47496517 -1.43275397
v -0.41668672 -3.43386005 -1.43710140
v -0.43305516 -3.57879261 -1.48336213
v -0.43325887 -3.57871262 -1.50695649
v -0.41650925 -3.57884865 -1.49053999
v -0.46528950 -3.56748264 -1.45758637
v -1.00236671 -3.57891172 -1.48334543
v -0.46544884 -3.57870161 -1.48323686
v -0.97025790 -3.56724168 -1.45768643
v -1.01902050 -3.57886420 -1.48354518
v -1.00236478 -3.57873394 -1.48343131
v -0.43327056 -3.56723650 -1.46233152
v -0.43316619 -3.57876675 -1.48323498
v -1.00242629 -3.43386263 -1.42997700
v -1.01904421 -3.47509637 -1.44009107
v -0.97022946 -3.43378402 -1.42390920
v -1.00242986 -3.51622701 -1.44260967
v -1.01902952 -3.51651836 -1.44945774
v -1.00247408 -3.56732888 -1.46213845
v -1.00246872 -3.47493360 -1.43285406
v -1.01888395 -3.51629141 -1.44949270
v -0.46528781 -3.43398701 -1.42378880
v -0.97024917 -3.41023291 -1.43289341
v -0.97043853 -3.43384539 -1.42378858
v -0.46514452 -3.41041481 -1.43298134
v -0.43331491 -3.41032760 -1.43915821
v -0.43316685 -3.40064353 -1.46675164
v -0.46539074 -3.47494186 -1.42654524
v -0.46517890 -3.51635270 -1.43632503
v -0.43332127 -3.47511237 -1.43297321
v -0.41672933 -3.56701912 -1.46937857
v -0.43322529 -3.56728821 -1.46235976
v -0.41651963 -3.56721759 -1.46946208
v -0.43311053 -3.43363738 -1.42990374
v -0.46535542 -3.41029512 -1.43290353
v -0.46523838 -3.43375563 -1.42373434
v -0.43325427 -3.41025581 -1.43922419
v -0.43311473 -3.43351886 -1.43002155
v -0.46514702 -3.56743458 -1.45764257
v -0.97023688 -3.51635368 -1.43619508
v -0.97005621 -3.56724067 -1.45764341
v -0.97013490 -3.43386838 -1.42381859
v -1.00241906 -3.41043416 -1.43910400
v -0.97038260 -3.47501644 -1.42663442
v -0.97021115 -3.43381509 -1.42379363
v -0.46527526 -3.43368638 -1.42390328
v -0.43315008 -3.43358021 -1.42980998
v -2.51882839 3.40991309 -1.27785167
v -3.11294222 3.43670687 -1.39593792
v -2.51859006 3.43693826 -1.39600283
v -3.11286139 3.40984242 -1.27819182
v -2.51887652 3.40047902 -1.24780901
v -3.11304265 3.40047329 -1.24794518
v -3.11289277 3.41400342 -1.25340954
v -3.11310497 3.40987180 -1.27790669
v -3.11281338 3.40048111 -1.24799869
v -3.11284577 3.43683654 -1.39582712
v -3.11296464 3.43489952 -1.27785398
v -3.11286961 3.46725511 -1.39690260
v -3.11293967 3.45529366 -1.46955808
v -3.11279253 3.47060484 -1.45963577
v -2.54648129 3.45522490 -1.46964374
v -2.51870790 3.45517831 -1.46978160
v -3.11282242 3.45525769 -1.46960480
v -2.51891281 3.40982746 -1.27789504
v -2.51867079 3.41421484 -1.25303035
v -2.51881723 3.40038074 -1.24793075
v -2.51890496 3.43692199 -1.39615069
v -2.51895991 3.43491622 -1.27820323
v -2.51890719 3.46752856 -1.39686681
v -2.51876513 3.45542411 -1.46956618
v -2.51878335 3.47074666 -1.45954310
v -2.51884807 3.40049013 -1.24793879
v -3.08523359 3.42571956 -1.25316910
v -3.08534831 3.40045199 -1.24792025
v -2.54646712 3.42555991 -1.25313399
v -3.11273834 3.41416275 -1.25315741
v -3.11295740 3.40041171 -1.24812114
v -3.11286045 3.41428856 -1.25319453
v -3.08520106 3.44653815 -1.27802531
v -3.11315128 3.43490879 -1.27790520
v -3.08530933 3.42575777 -1.25301150
v -3.08515275 3.44690130 -1.27803264
v -3.11300401 3.46728569 -1.39673895
v -3.11286684 3.43496706 -1.27799052
v -3.08517952 3.47914089 -1.39663050
v -3.11271568 3.47072089 -1.45944312
v -3.11305885 3.46740508 -1.39666879
v -3.08517890 3.48294476 -1.45087870
v -3.11286666 3.45522557 -1.46943221
v -3.11294883 3.47068939 -1.45967522
v -2.54649679 3.45533941 -1.46950285
v -3.11286905 3.45532076 -1.46958969
v -2.54656463 3.48298593 -1.45097760
v -2.51884843 3.45527568 -1.46961069
v -2.51895068 3.47073892 -1.45954494
v -2.54653990 3.44676387 -1.27801020
v -2.51887101 3.41415522 -1.25305414
v -2.51867442 3.43513224 -1.27808586
v -2.54648038 3.42564398 -1.25337664
v -2.51865371 3.41403107 -1.25312601
v -2.51885638 3.40032674 -1.24803379
v -2.51866368 3.46722707 -1.39670963
v -2.51890738 3.47055945 -1.45935044
v -2.54655848 3.48302155 -1.45101634
v -2.51893010 3.43507871 -1.27806229
v -2.54650941 3.47914748 -1.39675035
v -3.08518702 3.44662151 -1.27797101
v -3.08520893 3.48302516 -1.45108474
v -3.08523222 3.47894434 -1.39672651
v -2.54665974 3.48305463 -1.45098703
v -3.08488488 3.48300910 -1.45092682
v -2.54641889 3.47908093 -1.39668205
v -2.54653494 3.44684984 -1.27808344
v -2.51892269 3.43501055 -1.27793570
v -2.54659008 3.47905136 -1.39676331
v -3.08532843 3.44669579 -1.27791891
v -2.54648039 3.44654851 -1.27799220
v -0.54785416 3.76788484 -1.27795558
v -0.52084537 3.17375020 -1.39591424
v -0.54803723 3.17388202 -1.27774481
v -0.52096660 3.76793866 -1.39610240
v -0.55729559 3.74021861 -1.24787113
v -0.55721564 3.17371703 -1.24787654
v -0.55746871 3.76772221 -1.24805445
v -0.52106684 3.76796488 -1.39579228
v -0.48703890 3.76802366 -1.45949316
v -0.50242501 3.76799237 -1.46939433
v -0.49051099 3.76792631 -1.39679045
v -0.52285575 3.76799848 -1.27809876
v -0.54777112 3.76792649 -1.27777473
v -0.54349473 3.76807233 -1.25314838
v -0.55728362 3.76801980 -1.24789671
v -0.50258975 3.17380954 -1.46938263
v -0.50258357 3.20153663 -1.46961235
v -0.50256522 3.76789421 -1.46962439
v -0.48717397 3.17384485 -1.45955387
v -0.52079767 3.17386574 -1.39606317
v -0.50249252 3.17356648 -1.46968950
v -0.49044054 3.17380381 -1.39688600
v -0.52262662 3.17396727 -1.27775159
v -0.54779735 3.17384886 -1.27774552
v -0.54351724 3.17367767 -1.25329395
v -0.55746536 3.17380022 -1.24783135
v -0.53192417 3.20172923 -1.25326288
v -0.55746473 3.74014738 -1.24796010
v -0.55754438 3.17381184 -1.24789548
v -0.53182619 3.74015077 -1.25318621
v -0.54372707 3.76786211 -1.25324010
v -0.55751411 3.76778769 -1.24782997
v -0.51086801 3.74021982 -1.27796973
v -0.54378434 3.76790793 -1.25301730
v -0.53199690 3.74010937 -1.25322564
v -0.52284704 3.76775349 -1.27785096
v -0.49055475 3.76789109 -1.39669054
v -0.52274021 3.76800234 -1.27810029
v -0.51112165 3.74035318 -1.27806725
v -0.48686550 3.76789346 -1.45979735
v -0.49037577 3.76794129 -1.39672937
v -0.47866234 3.74016109 -1.39669882
v -0.47472988 3.74028490 -1.45084910
v -0.50250528 3.76807295 -1.46970612
v -0.48694790 3.76803286 -1.45936343
v -0.50248942 3.20158382 -1.46964416
v -0.50231216 3.76776742 -1.46951356
v -0.47474169 3.20161347 -1.45080686
v -0.48697163 3.17389459 -1.45951643
v -0.50254928 3.17378205 -1.46970760
v -0.52275967 3.17383796 -1.27795010
v -0.53197219 3.20143920 -1.25324072
v -0.54392300 3.17379605 -1.25315038
v -0.51093716 3.20166218 -1.27795200
v -0.55716463 3.17371191 -1.24783539
v -0.54349685 3.17375618 -1.25322434
v -0.47483898 3.20147142 -1.45101850
v -0.49054439 3.17383109 -1.39689605
v -0.48708248 3.17383286 -1.45943363
v -0.47870237 3.20128174 -1.39657587
v -0.52287523 3.17374562 -1.27794778
v -0.51110998 3.74012254 -1.27793942
v -0.47474239 3.74022066 -1.45096201
v -0.47473105 3.20155392 -1.45110974
v -0.47870126 3.74011142 -1.39641963
v -0.47875024 3.20153838 -1.39657459
v -0.47482219 3.74018687 -1.45082152
v -0.47867722 3.20153409 -1.39667749
v -0.51113810 3.20153763 -1.27784477
v -0.52291488 3.17382733 -1.27802738
v -0.51112285 3.74023967 -1.27800486
v -0.51113493 3.20167465 -1.27797359
v -0.33004084 3.77200457 -1.50698683
v -0.49932684 3.18635640 -1.50700048
v -0.49929744 3.77218180 -1.50700302
v -0.49904548 3.16990050 -1.50692429
v -0.32988297 3.16961785 -1.50685848
v -0.32993412 3.75548758 -1.50694194
v -0.49928087 3.77201016 -1.48338039
v -0.32987140 3.77194984 -1.50718291
v -0.49911479 3.77187873 -1.50696586
v -0.32136670 3.77205165 -1.47392683
v -0.48777644 3.77214006 -1.46937433
v -0.33102160 3.77202778 -1.44629960
v -0.43707539 3.77192665 -1.44949558
v -0.39566448 3.77197586 -1.43995961
v -0.35449409 3.77198030 -1.43698942
v -0.33004368 3.77208856 -1.50702606
v -0.32121084 3.77203973 -1.47412823
v -0.33007495 3.75540679 -1.50678047
v -0.33003258 3.75531864 -1.50714410
v -0.32113476 3.18623599 -1.46673135
v -0.32984336 3.16979619 -1.50703506
v -0.32126064 3.72343228 -1.46675707
v -0.32114273 3.75538450 -1.46691452
v -0.32127275 3.16977890 -1.47387666
v -0.49940929 3.16969990 -1.50689810
v -0.32996058 3.16969770 -1.50693777
v -0.49934513 3.16964609 -1.49033475
v -0.48777066 3.16978669 -1.46935751
v -0.33086921 3.16972547 -1.44631137
v -0.43690463 3.16972545 -1.44956289
v -0.39585055 3.16967941 -1.44010964
v -0.35450643 3.16970386 -1.43717963
v -0.49938050 3.18614578 -1.50695373
v -0.49932260 3.16975897 -1.50678685
v -0.49936101 3.16967761 -1.49049634
v -0.49927310 3.21842761 -1.48354800
v -0.49943981 3.18627445 -1.50697913
v -0.49922430 3.18624996 -1.48344429
v -0.49908341 3.77206825 -1.50697818
v -0.49932274 3.75537064 -1.48328705
v -0.49932105 3.77206853 -1.48343941
v -0.35419607 3.77180831 -1.43712955
v -0.39563203 3.77213665 -1.43992958
v -0.35446897 3.75551672 -1.43000283
v -0.33113519 3.75546621 -1.43918484
v -0.35442312 3.77205365 -1.43713326
v -0.35433113 3.75554761 -1.42995084
v -0.33090803 3.77190050 -1.44606086
v -0.32129338 3.75547248 -1.46685655
v -0.33092049 3.77197648 -1.44625150
v -0.33099275 3.75537724 -1.43892314
v -0.32131284 3.77208670 -1.47378109
v -0.49927671 3.77198892 -1.48324197
v -0.48773966 3.75543426 -1.46224283
v -0.48783576 3.77221127 -1.46933274
v -0.43705906 3.77198183 -1.44952613
v -0.48774087 3.77205264 -1.46932810
v -0.48797589 3.75551107 -1.46247243
v -0.39556899 3.77203859 -1.43994982
v -0.43696425 3.77186296 -1.44967070
v -0.39583070 3.75536821 -1.43273934
v -0.32117080 3.75539804 -1.46667457
v -0.32107185 3.75541436 -1.46678514
v -0.33099228 3.75553020 -1.43915649
v -0.32106731 3.72344382 -1.46688472
v -0.33095711 3.21833362 -1.43296132
v -0.32110881 3.18645546 -1.46685279
v -0.33096345 3.72316919 -1.43293138
v -0.32115265 3.18634701 -1.46672741
v -0.32117750 3.16964455 -1.47401440
v -0.32996450 3.16964271 -1.50673072
v -0.39570739 3.16983739 -1.43991694
v -0.43696883 3.18619218 -1.44224548
v -0.43694905 3.16980121 -1.44936134
v -0.39559634 3.18632366 -1.43285142
v -0.43704583 3.18624357 -1.44244061
v -0.48788936 3.16988400 -1.46946925
v -0.43699130 3.16978820 -1.44954822
v -0.49924235 3.18619419 -1.48327759
v -0.49927806 3.16968653 -1.49056572
v -0.48803496 3.16973949 -1.46919421
v -0.32114511 3.16967032 -1.47383520
v -0.33101791 3.18629137 -1.43899749
v -0.33096661 3.16970314 -1.44628315
v -0.32127639 3.18610755 -1.46676150
v -0.33091624 3.16965440 -1.44636187
v -0.35429768 3.18624868 -1.42990117
v -0.35428324 3.16987138 -1.43703571
v -0.33105063 3.18632449 -1.43910936
v -0.35449449 3.16978625 -1.43698852
v -0.39574363 3.18635129 -1.43275934
v -0.39572032 3.16983687 -1.44023707
v -0.35447741 3.18624652 -1.42996980
v -0.49942737 3.18625720 -1.50700407
v -0.49928014 3.16974768 -1.49059282
v -0.49934063 3.18632618 -1.48328303
v -0.48787743 3.72340050 -1.45775806
v -0.49947383 3.21841283 -1.48340124
v -0.48785300 3.21841871 -1.45767059
v -0.49941394 3.75539557 -1.48362335
v -0.49933410 3.77238958 -1.48340366
v -0.49929971 3.75537735 -1.48342424
v -0.49928056 3.18647287 -1.48338453
v -0.48787625 3.18643863 -1.46220260
v -0.35447810 3.75556666 -1.42988490
v -0.39589426 3.77204507 -1.43997269
v -0.35444409 3.72332647 -1.42372121
v -0.43710389 3.77202564 -1.44954358
v -0.48791723 3.75537413 -1.46216137
v -0.43719025 3.75536327 -1.44248684
v -0.39565045 3.75540901 -1.43268417
v -0.43706166 3.77193837 -1.44944993
v -0.33096099 3.21845682 -1.43294302
v -0.35434785 3.72316545 -1.42396053
v -0.35439300 3.21855091 -1.42367237
v -0.33101350 3.72325228 -1.43306641
v -0.33106479 3.18628613 -1.43924334
v -0.32114031 3.18626002 -1.46669981
v -0.39576573 3.18623107 -1.43280216
v -0.43689671 3.21842972 -1.43623584
v -0.39558935 3.21850266 -1.42678753
v -0.48782881 3.18648280 -1.46223286
v -0.48783509 3.16975028 -1.46958217
v -0.48789461 3.16960666 -1.46948607
v -0.33074944 3.18633965 -1.43920813
v -0.35430204 3.21824121 -1.42393971
v -0.35430207 3.18619560 -1.42993443
v -0.33099666 3.21839560 -1.43289501
v -0.35439402 3.18620366 -1.42984575
v -0.48780063 3.72327827 -1.45760930
v -0.48771358 3.21825576 -1.45768648
v -0.43726342 3.72344216 -1.43617416
v -0.35450293 3.72312245 -1.42386271
v -0.33110008 3.75563521 -1.43901957
v -0.39578313 3.72334095 -1.42680861
v -0.35437464 3.21839225 -1.42375300
v -0.35442878 3.72333944 -1.42393160
v -0.35445829 3.18620297 -1.42984289
v -3.10022278 4.10567064 -1.50692016
v -3.11709746 3.93636239 -1.50697647
v -3.11700050 4.10544446 -1.50684112
v -2.53114524 3.93648385 -1.50707896
v -2.51493207 4.10562558 -1.50689849
v -2.51476958 3.93638577 -1.50683350
v -2.51467388 3.93644146 -1.50692800
v -2.51479189 3.93734565 -1.44630769
v -2.51476015 3.92766604 -1.47380982
v -2.51469669 4.10570640 -1.50711193
v -2.51468659 3.96080347 -1.43708131
v -2.51467215 4.00222720 -1.44005337
v -2.51472874 4.04341270 -1.44932507
v -2.51472229 4.09420487 -1.46919703
v -2.51457994 4.10556446 -1.48334787
v -2.51455033 3.92748774 -1.47393792
v -2.53137136 3.93633595 -1.50709037
v -2.51487568 3.93640248 -1.50694456
v -2.53131650 3.92758966 -1.46694788
v -3.11704410 3.93628373 -1.50686176
v -2.53110872 3.93614247 -1.50700231
v -3.10051584 3.92774178 -1.46682102
v -3.11708337 3.93724297 -1.44636209
v -3.11707253 3.93624845 -1.50694176
v -3.11698792 3.92754195 -1.47385872
v -3.11707209 4.10561359 -1.50709693
v -3.11690768 3.96079228 -1.43700359
v -3.11687506 4.00198117 -1.43990606
v -3.11706911 4.04338403 -1.44960498
v -3.11683967 4.09424489 -1.46950177
v -3.11695311 4.10588505 -1.49047474
v -3.11684759 4.10557554 -1.49039714
v -3.10015093 4.10570164 -1.50710138
v -3.11695088 4.10559544 -1.50694162
v -3.10039370 4.10567516 -1.48337791
v -2.51479987 4.10574744 -1.50695820
v -3.10031889 4.10549789 -1.50693225
v -2.51480144 4.10571433 -1.48321004
v -2.51455985 4.00212990 -1.44003855
v -2.53118392 3.96079417 -1.42999303
v -2.51476839 3.96087564 -1.43718393
v -2.51480238 3.93734898 -1.44636684
v -2.53126028 3.96059601 -1.42997039
v -2.53128595 3.93738546 -1.43902822
v -2.51454058 3.96087123 -1.43693340
v -2.51466358 3.93733576 -1.44628201
v -2.53126713 3.92764997 -1.46677784
v -2.51453163 3.92752475 -1.47383951
v -2.53133667 3.93720204 -1.43916231
v -2.53128543 4.09426454 -1.46212400
v -2.51466086 4.09419620 -1.46922515
v -2.51456557 4.10578903 -1.48357301
v -2.51458608 4.09427836 -1.46922750
v -2.53124735 4.09429283 -1.46227571
v -2.51483653 4.04333587 -1.44949218
v -2.51470454 4.04346905 -1.44949712
v -2.53133720 4.00237327 -1.43281947
v -2.51479556 4.00209063 -1.43992904
v -2.53117146 3.92746437 -1.46664023
v -2.53141985 3.93740142 -1.43919885
v -2.56334480 3.92768964 -1.46659681
v -2.53112557 3.92750892 -1.46682079
v -2.56311540 3.93733686 -1.43282099
v -3.10042408 3.92770409 -1.46689565
v -3.06847714 3.93715233 -1.43305174
v -3.10033913 3.92768025 -1.46672572
v -3.11710276 3.92777586 -1.47375903
v -3.11701783 3.93656859 -1.50701063
v -3.10047321 4.00223953 -1.43285424
v -3.11703760 4.04350519 -1.44964074
v -3.11700166 4.00199634 -1.43999176
v -3.10051117 4.04359609 -1.44245603
v -3.10065418 4.04324240 -1.44266530
v -3.11699957 4.09420068 -1.46946148
v -3.11690831 4.04345132 -1.44945875
v -3.11691540 4.09435927 -1.46947015
v -3.10061588 4.10573553 -1.48326750
v -3.11706112 4.10575651 -1.49056573
v -3.10047003 3.92747637 -1.46682407
v -3.11715617 3.93737871 -1.44620226
v -3.11709061 3.92756599 -1.47379287
v -3.10026467 3.93731937 -1.43945094
v -3.10056339 3.93710579 -1.43930391
v -3.11708681 3.96101897 -1.43722388
v -3.11692396 3.93744124 -1.44631578
v -3.10041904 3.96085874 -1.42981728
v -3.10057834 3.96067980 -1.43005872
v -3.11695013 4.00234183 -1.44002692
v -3.11692132 3.96078086 -1.43723951
v -3.10032049 4.00228845 -1.43289310
v -3.10046025 4.10566490 -1.48326144
v -3.10030999 4.10568315 -1.50688887
v -3.11692550 4.10581234 -1.49039828
v -3.06835035 4.09429221 -1.45753372
v -2.53116341 4.10563963 -1.48338602
v -3.06826952 4.10572975 -1.48337842
v -2.56331350 4.09435008 -1.45767543
v -2.51471222 4.10586373 -1.48335073
v -2.53122559 4.10570134 -1.48340186
v -3.10044050 4.09417060 -1.46217099
v -3.10043360 4.10585382 -1.48341146
v -2.51452317 4.00206378 -1.43998892
v -2.53122353 3.96090298 -1.43001287
v -2.56334311 3.96075337 -1.42376152
v -2.51477723 4.04342323 -1.44942803
v -2.53126157 4.09427132 -1.46240629
v -2.53144938 4.04339955 -1.44237531
v -2.51477117 4.04357162 -1.44951166
v -2.53126817 4.00221072 -1.43290613
v -2.56344628 3.93723662 -1.43300975
v -3.06834198 3.96082266 -1.42388060
v -3.06826568 3.93724085 -1.43287951
v -2.56347499 3.96090386 -1.42371846
v -3.10052276 3.93730249 -1.43928504
v -3.10055472 3.92777486 -1.46676627
v -3.06818868 4.00215332 -1.42640022
v -3.10029942 4.00213585 -1.43265508
v -3.06833402 4.04350419 -1.43615088
v -3.10057664 4.09416644 -1.46224697
v -3.11688143 4.09442366 -1.46943200
v -3.11697653 4.09434014 -1.46938254
v -3.06836733 3.93719875 -1.43322064
v -3.10044755 3.96078661 -1.43005376
v -3.10033105 3.93734791 -1.43913160
v -3.06821824 3.96076897 -1.42383394
v -3.10055645 3.96084384 -1.43005070
v -2.56340228 4.04351702 -1.43626045
v -3.06823015 4.09437671 -1.45773874
v -2.56331521 4.09421438 -1.45768079
v -2.56328960 3.96079696 -1.42374948
v -2.53124855 3.93745571 -1.43904586
v -2.56321951 4.00215091 -1.42656566
v -2.56308802 3.96079174 -1.42391475
v -3.06825043 3.96080692 -1.42382379
v -3.10042332 3.96089655 -1.43001696
v -3.11294569 4.15412926 -1.27770907
v -2.51859720 4.12719677 -1.39629550
v -3.11296612 4.12734288 -1.39592959
v -2.51867308 4.15412197 -1.27793139
v -3.11301630 4.16376032 -1.24790758
v -2.51864234 4.16382270 -1.24793509
v -2.51875756 4.10885991 -1.46955569
v -2.51899386 4.09680730 -1.39672914
v -2.51869766 4.09355339 -1.45969209
v -2.51898883 4.12912087 -1.27803287
v -2.51886394 4.12729054 -1.39604331
v -2.51867158 4.15417956 -1.27787290
v -2.51887971 4.15006045 -1.25331485
v -2.51884638 4.16377974 -1.24807783
v -3.08522651 4.10881329 -1.46963958
v -3.11306147 4.10881127 -1.46950158
v -2.51867279 4.10895422 -1.46951531
v -3.11290221 4.09663657 -1.39660387
v -3.11301467 4.10880429 -1.46958905
v -3.11300367 4.09340231 -1.45946000
v -3.11296533 4.12912841 -1.27799573
v -3.11275777 4.12736614 -1.39603296
v -3.11280568 4.15429841 -1.27794445
v -3.11299120 4.14992038 -1.25329582
v -3.11276924 4.16375850 -1.24796125
v -3.08516569 4.13833404 -1.25319115
v -2.54642320 4.16394510 -1.24795245
v -3.11294526 4.16350695 -1.24793665
v -2.54661328 4.13847881 -1.25312699
v -2.51877891 4.16370908 -1.24787756
v -2.51885842 4.15004625 -1.25332532
v -2.51870806 4.15004960 -1.25314038
v -2.54669994 4.13830855 -1.25314356
v -2.51907156 4.12916021 -1.27807062
v -2.51884861 4.12911404 -1.27797864
v -2.54654012 4.11749438 -1.27791390
v -2.51890283 4.09662176 -1.39671017
v -2.51891249 4.09668920 -1.39686122
v -2.54640487 4.08520798 -1.39667505
v -2.51858552 4.09346727 -1.45968474
v -2.51862827 4.09342794 -1.45953523
v -2.54645486 4.08098957 -1.45091189
v -2.51889754 4.10875737 -1.46962598
v -2.51888808 4.10872700 -1.46972002
v -3.08512790 4.08104827 -1.45094743
v -3.08526129 4.10883132 -1.46949257
v -3.11295428 4.09338599 -1.45960620
v -3.11297338 4.10884196 -1.46952447
v -3.11279861 4.14995461 -1.25316415
v -3.11291753 4.12939412 -1.27813618
v -3.08502528 4.11741114 -1.27823419
v -3.11307164 4.16356571 -1.24809305
v -3.11273915 4.15017006 -1.25306685
v -3.11304755 4.09675166 -1.39675733
v -3.11281192 4.09339014 -1.45955583
v -3.08507287 4.08109434 -1.45109080
v -3.08501636 4.11722452 -1.27803513
v -3.11295461 4.09680885 -1.39650141
v -3.08520324 4.08526751 -1.39669379
v -3.11270147 4.12927395 -1.27798571
v -2.54646767 4.13828649 -1.25338464
v -3.08499066 4.11747545 -1.27783876
v -2.54648463 4.11764294 -1.27789933
v -3.08516886 4.13829651 -1.25325234
v -2.51876540 4.12917282 -1.27801227
v -2.54650073 4.11759793 -1.27803404
v -2.54663263 4.08104804 -1.45080789
v -2.54634733 4.08498251 -1.39694042
v -3.08521185 4.08116746 -1.45090943
v -2.54654058 4.08118930 -1.45086223
v -3.08506935 4.08514580 -1.39688944
v -3.11292066 4.14990083 -1.25311424
v -3.08521067 4.08506199 -1.39668795
v -2.54652314 4.11751052 -1.27805299
v -3.08523955 4.11720089 -1.27808383
v -1.01483571 -2.88283275 -1.27792861
v -0.42067989 -2.90963743 -1.39585201
v -1.01478492 -2.90979365 -1.39602954
v -0.42077100 -2.88280816 -1.27790661
v -1.01489300 -2.87333166 -1.24808007
v -0.42071551 -2.87333752 -1.24796241
v -0.42082066 -2.92823965 -1.46944252
v -0.42075290 -2.94049185 -1.39669964
v -0.42066954 -2.94377520 -1.45951480
v -0.42076047 -2.90789442 -1.27804018
v -0.42083741 -2.90982260 -1.39597225
v -0.42073267 -2.88287445 -1.27792748
v -0.42065760 -2.88698769 -1.25328499
v -0.42071762 -2.87336865 -1.24804375
v -0.98709566 -2.92827473 -1.46943271
v -1.01472112 -2.92819769 -1.46963903
v -0.42058254 -2.92808160 -1.46963671
v -1.01483942 -2.94026886 -1.39667266
v -1.01479158 -2.92829828 -1.46959047
v -1.01474418 -2.94357804 -1.45961112
v -1.01461072 -2.90814797 -1.27786536
v -1.01484061 -2.90976368 -1.39598099
v -1.01498149 -2.88273778 -1.27764192
v -1.01463770 -2.88713604 -1.25311054
v -1.01471019 -2.87360038 -1.24797982
v -0.98706850 -2.89867094 -1.25314028
v -0.44844668 -2.87337892 -1.24813950
v -1.01481009 -2.87340115 -1.24759407
v -0.44844200 -2.89871460 -1.25305819
v -0.42075872 -2.87344319 -1.24782112
v -0.42077986 -2.88697703 -1.25312343
v -0.42056571 -2.90807381 -1.27781160
v -0.44851374 -2.89868532 -1.25340446
v -0.44827958 -2.91954843 -1.27798353
v -0.42097069 -2.88698878 -1.25314735
v -0.42067162 -2.90791608 -1.27806870
v -0.44855305 -2.91943809 -1.27788616
v -0.42074153 -2.94032253 -1.39662217
v -0.42082701 -2.93993881 -1.39667054
v -0.44843137 -2.95211919 -1.39663573
v -0.42071166 -2.94373445 -1.45953734
v -0.42073678 -2.94381313 -1.45947543
v -0.44825518 -2.95611675 -1.45095781
v -0.42077103 -2.92844987 -1.46961239
v -0.42068571 -2.92820734 -1.46956427
v -0.98697417 -2.95610752 -1.45104828
v -0.98686406 -2.92819304 -1.46964621
v -1.01489883 -2.94353841 -1.45943559
v -1.01484267 -2.92833529 -1.46934913
v -0.98718174 -2.89876839 -1.25326225
v -1.01480127 -2.90786584 -1.27799652
v -0.98702109 -2.91983708 -1.27808981
v -1.01474571 -2.88709052 -1.25317950
v -1.01494301 -2.87317254 -1.24800244
v -1.01464137 -2.88719068 -1.25333247
v -1.01474726 -2.94037409 -1.39670877
v -1.01468873 -2.94379290 -1.45936658
v -0.98705139 -2.95598727 -1.45104628
v -1.01492135 -2.90787910 -1.27789287
v -0.98711379 -2.95186452 -1.39667326
v -0.44847212 -2.91971361 -1.27776727
v -0.44850090 -2.95612722 -1.45106122
v -0.44831950 -2.95182071 -1.39664807
v -0.98718088 -2.95604370 -1.45089814
v -0.44842713 -2.95629092 -1.45097420
v -0.98715872 -2.95213636 -1.39667610
v -1.01490898 -2.90809236 -1.27789123
v -0.98702879 -2.95219519 -1.39666511
v -0.98698839 -2.91957770 -1.27805309
v -0.44842435 -2.91970758 -1.27797097
v -0.98711346 -2.91978091 -1.27804545
v -0.72375849 3.09345313 -1.39602092
v -0.69704852 3.68742041 -1.27795825
v -0.69690421 3.09366981 -1.27778561
v -0.72390079 3.68757816 -1.39603676
v -0.68753725 3.12129359 -1.24795466
v -0.68758326 3.09357099 -1.24784239
v -0.68742590 3.68749417 -1.24783530
v -0.72397398 3.09345549 -1.39604984
v -0.75785118 3.09341339 -1.45967428
v -0.74250635 3.09349300 -1.46957801
v -0.75430190 3.09350173 -1.39676638
v -0.72200972 3.09348923 -1.27817332
v -0.69698810 3.09362189 -1.27788913
v -0.70105976 3.09351136 -1.25325626
v -0.68725746 3.09344361 -1.24797257
v -0.74218552 3.09337583 -1.46961022
v -0.74226013 3.65984177 -1.46941862
v -0.74245846 3.68752164 -1.46955287
v -0.75772599 3.68759606 -1.45964482
v -0.72387123 3.68746793 -1.39594669
v -0.74244057 3.68754936 -1.46974762
v -0.75426147 3.68755996 -1.39656862
v -0.72212533 3.68771399 -1.27776515
v -0.69686048 3.68773666 -1.27782714
v -0.70122852 3.68759699 -1.25339837
v -0.68754406 3.68758323 -1.24827336
v -0.68740864 3.12127068 -1.24812873
v -0.71277451 3.65983015 -1.25318221
v -0.71294242 3.12136080 -1.25311735
v -0.68754477 3.68760378 -1.24796460
v -0.70109352 3.09354701 -1.25315805
v -0.68739661 3.09365767 -1.24802452
v -0.71286043 3.12130940 -1.25317717
v -0.72191814 3.09374296 -1.27819547
v -0.70131807 3.09349876 -1.25310011
v -0.73385022 3.12123913 -1.27804587
v -0.73371608 3.12119271 -1.27798545
v -0.75432312 3.09347673 -1.39691587
v -0.72199161 3.09333270 -1.27775721
v -0.76616238 3.12115615 -1.39679434
v -0.75778261 3.09341580 -1.45948849
v -0.74245373 3.09346556 -1.46946240
v -0.75777839 3.09366617 -1.45950057
v -0.77003798 3.12103899 -1.45095745
v -0.74229174 3.65984267 -1.46959825
v -0.77003524 3.66002614 -1.45103130
v -0.74240972 3.09358326 -1.46970163
v -0.75783991 3.68762552 -1.45950313
v -0.74243869 3.68777673 -1.46970892
v -0.70131831 3.68775771 -1.25309197
v -0.73378123 3.65989086 -1.27808921
v -0.71270842 3.65983621 -1.25327254
v -0.72194019 3.68770150 -1.27793174
v -0.68756706 3.68762318 -1.24802712
v -0.70122204 3.68757486 -1.25317819
v -0.75766872 3.68768094 -1.45955753
v -0.76990386 3.65979524 -1.45094128
v -0.75451916 3.68768176 -1.39683824
v -0.72217011 3.68729431 -1.27797441
v -0.76618379 3.65988389 -1.39667898
v -0.73363319 3.66000411 -1.27789950
v -0.73378166 3.65979243 -1.27784941
v -0.76604627 3.12127540 -1.39664542
v -0.73381237 3.12129052 -1.27801756
v -0.76632761 3.65984628 -1.39657282
v -0.76988476 3.12134107 -1.45098523
v -0.77011638 3.12123794 -1.45094446
v -0.76995923 3.65983157 -1.45097829
v -1.00248859 -2.93142449 -1.50707165
v -1.01898582 -3.10091437 -1.50686333
v -1.01904220 -2.93143821 -1.50713849
v -0.43302517 -3.10084145 -1.50713476
v -0.41669155 -2.93146288 -1.50673210
v -0.41669611 -3.10060937 -1.50695470
v -0.41659653 -3.10070694 -1.50682350
v -0.41656362 -3.09994410 -1.44625528
v -0.41671076 -3.10935801 -1.47399158
v -0.41657996 -2.93140763 -1.50702885
v -0.41668777 -3.07618944 -1.43717839
v -0.41648562 -3.03486472 -1.43998674
v -0.41659720 -2.99367357 -1.44964287
v -0.41677390 -2.94278297 -1.46942747
v -0.41658031 -2.93124585 -1.48344359
v -0.41665365 -3.10956406 -1.47392155
v -0.43307503 -3.10063025 -1.50688135
v -0.41669306 -3.10068991 -1.50684323
v -0.43288970 -3.10938307 -1.46675636
v -1.01882738 -3.10071811 -1.50691076
v -0.43327281 -3.10079121 -1.50708441
v -1.00246113 -3.10947279 -1.46689651
v -1.01888299 -3.09973379 -1.44638115
v -1.01889468 -3.10080672 -1.50699532
v -1.01874502 -3.10943481 -1.47395520
v -1.01899940 -2.93153418 -1.50708849
v -1.01899532 -3.07624862 -1.43708064
v -1.01891508 -3.03492259 -1.44004745
v -1.01889473 -2.99380524 -1.44969223
v -1.01910488 -2.94275567 -1.46945115
v -1.01900719 -2.93153262 -1.49062737
v -1.01897835 -2.93140293 -1.49047508
v -1.00246529 -2.93144423 -1.50685589
v -1.01882974 -2.93133807 -1.50708787
v -1.00240847 -2.93149473 -1.48367673
v -0.41672919 -2.93142478 -1.50709833
v -1.00243473 -2.93143604 -1.50707393
v -0.41658944 -2.93144059 -1.48344611
v -0.41641353 -3.03513120 -1.43976079
v -0.43323515 -3.07609606 -1.42991271
v -0.41675441 -3.07625902 -1.43700684
v -0.41666477 -3.09976562 -1.44642211
v -0.43332601 -3.07617180 -1.42985781
v -0.43306942 -3.09988520 -1.43899604
v -0.41656420 -3.07609058 -1.43697088
v -0.41642040 -3.09986635 -1.44638005
v -0.43318645 -3.10946959 -1.46690251
v -0.41663172 -3.10961927 -1.47393822
v -0.43328351 -3.09970419 -1.43900058
v -0.43319183 -2.94301768 -1.46238541
v -0.41668621 -2.94295563 -1.46933211
v -0.41652924 -2.93130122 -1.48333209
v -0.41673156 -2.94279450 -1.46941933
v -0.43304474 -2.94278011 -1.46217029
v -0.41646955 -2.99369875 -1.44939939
v -0.41678552 -2.99363595 -1.44959351
v -0.43313721 -3.03494433 -1.43298105
v -0.41651271 -3.03496883 -1.44001520
v -0.43311980 -3.10945224 -1.46659743
v -0.43312519 -3.09973861 -1.43911347
v -0.46516174 -3.10967813 -1.46686150
v -0.43311344 -3.10954145 -1.46694782
v -0.46510016 -3.09976835 -1.43294580
v -1.00242843 -3.10938375 -1.46690586
v -0.97031395 -3.09971482 -1.43278160
v -1.00219438 -3.10946733 -1.46669689
v -1.01909138 -3.10951780 -1.47385513
v -1.01881890 -3.10083772 -1.50696248
v -1.00230669 -3.03487785 -1.43270197
v -1.01892245 -2.99364795 -1.44972023
v -1.01889769 -3.03498153 -1.43994781
v -1.00231619 -2.99373760 -1.44233185
v -1.00224417 -2.99377678 -1.44243456
v -1.01895171 -2.94306367 -1.46939988
v -1.01893104 -2.99355145 -1.44958339
v -1.01882888 -2.94285187 -1.46922377
v -1.00243275 -2.93148439 -1.48356908
v -1.01892996 -2.93132463 -1.49039858
v -1.00246550 -3.10937061 -1.46692527
v -1.01887711 -3.09964560 -1.44640873
v -1.01890977 -3.10948154 -1.47403014
v -1.00236779 -3.09977817 -1.43902595
v -1.00228886 -3.09972736 -1.43919063
v -1.01901117 -3.07630158 -1.43710127
v -1.01893847 -3.09990159 -1.44623265
v -1.00253793 -3.07635389 -1.42988103
v -1.00226099 -3.07620470 -1.42992520
v -1.01898514 -3.03496462 -1.44004669
v -1.01891974 -3.07643377 -1.43711186
v -1.00249924 -3.03501303 -1.43273026
v -1.00231933 -2.93133988 -1.48353011
v -1.00231394 -2.93158710 -1.50701476
v -1.01888024 -2.93152963 -1.49055672
v -0.97019691 -2.94277691 -1.45774294
v -0.43313317 -2.93136645 -1.48349835
v -0.97010791 -2.93122506 -1.48332225
v -0.46532432 -2.94292966 -1.45773451
v -0.41653281 -2.93133889 -1.48336562
v -0.43321519 -2.93151221 -1.48335159
v -1.00227465 -2.94277460 -1.46208454
v -1.00236980 -2.93141954 -1.48342177
v -0.41656546 -3.03496201 -1.43976603
v -0.43297295 -3.07618281 -1.43002023
v -0.46531562 -3.07625169 -1.42383839
v -0.41661423 -2.99359673 -1.44928214
v -0.43329450 -2.94260063 -1.46228921
v -0.43303951 -2.99370047 -1.44266862
v -0.41671452 -2.99361723 -1.44939427
v -0.43308942 -3.03488082 -1.43281636
v -0.46543307 -3.09971890 -1.43302623
v -0.97013371 -3.07630793 -1.42370422
v -0.97039324 -3.09977178 -1.43295244
v -0.46537413 -3.07626304 -1.42377006
v -1.00237756 -3.09986384 -1.43910248
v -1.00227020 -3.10962072 -1.46667767
v -0.97025642 -3.03511300 -1.42645292
v -1.00237595 -3.03495892 -1.43259270
v -0.97003500 -2.99366597 -1.43616243
v -1.00229226 -2.94287791 -1.46234848
v -1.01889722 -2.94287339 -1.46928424
v -1.01900774 -2.94279576 -1.46963635
v -0.97021414 -3.09977878 -1.43293480
v -1.00250239 -3.07622052 -1.43008620
v -1.00221767 -3.09970973 -1.43925177
v -0.97024438 -3.07627639 -1.42365016
v -1.00225833 -3.07635679 -1.42996615
v -0.46525524 -2.99363791 -1.43635801
v -0.97011874 -2.94288689 -1.45770575
v -0.46537577 -2.94287751 -1.45766882
v -0.46539161 -3.07638041 -1.42375770
v -0.43311325 -3.09966958 -1.43914244
v -0.46543431 -3.03504630 -1.42663511
v -0.46532186 -3.07630803 -1.42378425
v -0.97025601 -3.07629835 -1.42399352
v -1.00225963 -3.07641990 -1.42987266
v -0.74522560 3.69183140 -1.50702019
v -0.91476927 3.10592821 -1.50702821
v -0.91473122 3.69189498 -1.50692510
v -0.91469573 3.08931598 -1.50695525
v -0.74539783 3.08930874 -1.50703436
v -0.74559824 3.67513377 -1.50709823
v -0.74533983 3.08918155 -1.48343855
v -0.91470196 3.08931481 -1.50676519
v -0.74556457 3.08944170 -1.50695283
v -0.92345020 3.08940083 -1.47393067
v -0.75684205 3.08949705 -1.46950369
v -0.91384799 3.08960283 -1.44623700
v -0.80767468 3.08941511 -1.44944410
v -0.84920926 3.08939599 -1.43990877
v -0.89026471 3.08925127 -1.43719937
v -0.91473426 3.10603382 -1.50694369
v -0.91480335 3.08958941 -1.50698795
v -0.92366707 3.08955503 -1.47390867
v -0.92356037 3.13806023 -1.46686800
v -0.91488455 3.10588333 -1.50687422
v -0.92353990 3.10593481 -1.46693534
v -0.91473809 3.69160736 -1.50688017
v -0.92350018 3.67530798 -1.46702323
v -0.92372918 3.69173315 -1.47394007
v -0.74541278 3.69166771 -1.50692661
v -0.91489663 3.69170477 -1.50726469
v -0.74542666 3.69177159 -1.49032288
v -0.75700289 3.69168153 -1.46934645
v -0.91385926 3.69156014 -1.44611454
v -0.80795213 3.69157579 -1.44960252
v -0.84912650 3.69178503 -1.43995851
v -0.89033252 3.69173057 -1.43717259
v -0.74540297 3.69180414 -1.50712621
v -0.74538281 3.69166610 -1.49038650
v -0.74526773 3.67537889 -1.50692324
v -0.74543234 3.08927601 -1.50687083
v -0.74551004 3.10592820 -1.48352963
v -0.74570360 3.08946563 -1.48338917
v -0.74535821 3.67518844 -1.50696845
v -0.74547192 3.64327313 -1.48338941
v -0.74535696 3.67520062 -1.48340088
v -0.84909213 3.08928126 -1.43969037
v -0.89038736 3.10584006 -1.42991685
v -0.89035992 3.08942468 -1.43701460
v -0.89027448 3.08946028 -1.43697161
v -0.91383151 3.10574281 -1.43917802
v -0.91396836 3.08928535 -1.44627364
v -0.89039005 3.10597027 -1.43001138
v -0.91379441 3.10606827 -1.43913068
v -0.92361301 3.08947799 -1.47384107
v -0.91371470 3.08927705 -1.44624353
v -0.92358305 3.10585853 -1.46676968
v -0.75691445 3.10600985 -1.46237770
v -0.75682127 3.08951167 -1.46912159
v -0.74540374 3.08944876 -1.48328124
v -0.75702620 3.10597134 -1.46230450
v -0.80788053 3.08938575 -1.44964690
v -0.75705739 3.08932557 -1.46932733
v -0.80781366 3.08938659 -1.44945105
v -0.84912819 3.10607566 -1.43273890
v -0.84917323 3.08951762 -1.44001630
v -0.92370651 3.10601538 -1.46665914
v -0.92355931 3.13836292 -1.46682880
v -0.92347655 3.10583780 -1.46688211
v -0.91379864 3.10587527 -1.43928031
v -0.91374653 3.64307269 -1.43296621
v -0.91386354 3.13837143 -1.43301640
v -0.92373908 3.67521056 -1.46662671
v -0.91477323 3.69163099 -1.50696258
v -0.92349471 3.67515076 -1.46665963
v -0.92364489 3.69182287 -1.47385461
v -0.80767074 3.67515294 -1.44243801
v -0.84907006 3.69173795 -1.44021343
v -0.84903029 3.67506190 -1.43263226
v -0.80776427 3.69159774 -1.44935125
v -0.75683585 3.69180634 -1.46925400
v -0.80770502 3.69165555 -1.44967429
v -0.80769744 3.67503369 -1.44243439
v -0.74544502 3.69170537 -1.49077357
v -0.75698594 3.69159251 -1.46939455
v -0.74549089 3.67518949 -1.48348735
v -0.91376657 3.69175446 -1.44613132
v -0.92349942 3.67538401 -1.46694019
v -0.91379222 3.67520146 -1.43921502
v -0.92358853 3.69176060 -1.47388651
v -0.89044862 3.67515998 -1.42999255
v -0.91378797 3.69188068 -1.44637389
v -0.91378631 3.67530183 -1.43898126
v -0.89047641 3.69162562 -1.43702850
v -0.84898309 3.67509543 -1.43267995
v -0.89053046 3.69158777 -1.43720925
v -0.89032714 3.67512544 -1.43002184
v -0.84913209 3.69154105 -1.44015033
v -0.74555092 3.69173090 -1.49064440
v -0.74563660 3.67520412 -1.48325010
v -0.74556724 3.67505751 -1.50687976
v -0.74556270 3.64297239 -1.48349756
v -0.75685363 3.13809682 -1.45746633
v -0.74560888 3.10592116 -1.48329310
v -0.75694007 3.64315780 -1.45777086
v -0.74558715 3.10602646 -1.48323379
v -0.74541368 3.08933167 -1.48346433
v -0.74547407 3.67493125 -1.48320793
v -0.75673887 3.67520708 -1.46241419
v -0.89049051 3.10603972 -1.42997526
v -0.84892025 3.08941959 -1.43996488
v -0.89020908 3.13831726 -1.42374207
v -0.75691847 3.10585570 -1.46206389
v -0.80788831 3.10597305 -1.44222087
v -0.80780189 3.08938627 -1.44947326
v -0.84925217 3.10603554 -1.43290513
v -0.80791482 3.08932062 -1.44935751
v -0.89047804 3.13794328 -1.42374674
v -0.91384729 3.64308297 -1.43292786
v -0.91400070 3.13818166 -1.43303432
v -0.89040462 3.64298115 -1.42368416
v -0.92365524 3.67512541 -1.46687037
v -0.91384651 3.67512436 -1.43907807
v -0.80783889 3.64310498 -1.43634749
v -0.84933230 3.67522125 -1.43289147
v -0.84902190 3.64313980 -1.42662838
v -0.75678204 3.69164512 -1.46926222
v -0.75710119 3.67511562 -1.46217867
v -0.75682921 3.69175226 -1.46926687
v -0.89031093 3.64307961 -1.42381025
v -0.91391593 3.67524393 -1.43908747
v -0.91382385 3.64290408 -1.43282537
v -0.89048642 3.67497898 -1.42982330
v -0.89040996 3.67514705 -1.42995900
v -0.75692399 3.13820956 -1.45768726
v -0.80773505 3.13810583 -1.43627190
v -0.75698214 3.64308717 -1.45779786
v -0.89053810 3.13798058 -1.42380852
v -0.91378157 3.10592174 -1.43892793
v -0.84905495 3.13813843 -1.42660383
v -0.89027467 3.64306031 -1.42367267
v -0.89031323 3.13824006 -1.42389017
v -0.89059117 3.67531858 -1.43003499
v -3.10039695 3.62788487 -1.50701691
v -3.11693798 3.45852706 -1.50682446
v -3.11696780 3.62761685 -1.50681630
v -2.53133549 3.45834349 -1.50707183
v -2.51468719 3.62767368 -1.50704743
v -2.51468750 3.45849972 -1.50684853
v -3.11697762 3.46995353 -1.46935085
v -3.11708806 3.45830573 -1.50703612
v -3.11700847 3.45856549 -1.48349699
v -3.11702409 3.62771946 -1.50698408
v -3.11700903 3.52078426 -1.44961192
v -3.11691343 3.56209337 -1.43973269
v -3.11701370 3.60345336 -1.43695787
v -3.11688474 3.62679800 -1.44645206
v -3.11702570 3.63646245 -1.47396035
v -3.11706869 3.63638161 -1.47393536
v -3.10027115 3.62775434 -1.50690598
v -3.11683597 3.62773066 -1.50694352
v -3.10054609 3.63638035 -1.46668102
v -2.51486093 3.62762992 -1.50702057
v -3.10060332 3.62761368 -1.50707515
v -2.53117212 3.63667845 -1.46685608
v -2.51457963 3.45840097 -1.50690822
v -2.51482138 3.46996164 -1.46940712
v -2.51466954 3.45842247 -1.49055916
v -2.51462376 3.62799771 -1.50702202
v -2.51444642 3.52075261 -1.44922463
v -2.51477826 3.56197698 -1.43980210
v -2.51463127 3.60323140 -1.43703876
v -2.51475244 3.62685250 -1.44631662
v -2.51478123 3.63657143 -1.47398593
v -2.51472188 3.45842158 -1.49037889
v -2.53132981 3.45824664 -1.50703128
v -2.51465838 3.45840355 -1.50690887
v -2.53126904 3.45850100 -1.48352020
v -3.11692949 3.45859317 -1.50700591
v -2.53112058 3.45866448 -1.50676973
v -3.11685010 3.45849810 -1.48311399
v -3.10062124 3.60342453 -1.42998872
v -3.11693565 3.60339946 -1.43713179
v -3.11699230 3.56219893 -1.43994688
v -3.10038409 3.60330182 -1.43012940
v -3.11686984 3.62680563 -1.44625870
v -3.11692817 3.60334785 -1.43709155
v -3.10052348 3.62685736 -1.43909476
v -3.11688419 3.62659614 -1.44626229
v -3.10055771 3.63658116 -1.46674911
v -3.11707514 3.63660616 -1.47387361
v -3.10045380 3.62668738 -1.43915250
v -3.10043686 3.46986594 -1.46229101
v -3.11678003 3.46977346 -1.46940802
v -3.11695741 3.45849439 -1.48329184
v -3.10037107 3.46987305 -1.46248474
v -3.11706634 3.52072867 -1.44964601
v -3.11698369 3.47008528 -1.46940023
v -3.10053135 3.56204878 -1.43280312
v -3.11700758 3.56193344 -1.43994627
v -3.11700620 3.52082124 -1.44976945
v -3.10066530 3.63666201 -1.46683403
v -3.10042368 3.62659142 -1.43913768
v -3.06833971 3.63667198 -1.46666469
v -3.10036189 3.63645312 -1.46667479
v -3.06839824 3.62675122 -1.43289200
v -2.53135470 3.63661805 -1.46666875
v -2.56337849 3.62686737 -1.43287826
v -2.53105967 3.63655514 -1.46679473
v -2.51470501 3.63664971 -1.47400863
v -2.51468968 3.62768783 -1.50683273
v -2.51472798 3.52072624 -1.44950774
v -2.53136535 3.56191429 -1.43272321
v -2.53099706 3.52061506 -1.44252148
v -2.51454428 3.56190687 -1.43978676
v -2.51464532 3.52076567 -1.44946563
v -2.53137523 3.52103814 -1.44227555
v -2.51483668 3.47002945 -1.46926630
v -2.51477032 3.46974600 -1.46942371
v -2.53133074 3.45848577 -1.48336959
v -2.51472880 3.45845623 -1.49041308
v -2.53113788 3.46978720 -1.46218738
v -2.53140524 3.63658379 -1.46668807
v -2.51450884 3.62672025 -1.44620609
v -2.51461491 3.63647232 -1.47388126
v -2.53126529 3.62673084 -1.43915189
v -2.51472721 3.60333585 -1.43713516
v -2.53123460 3.62673584 -1.43910942
v -2.53127114 3.60326879 -1.43003840
v -2.51442683 3.62674515 -1.44611953
v -2.51479389 3.56200783 -1.43996014
v -2.53121631 3.60325995 -1.42996104
v -2.53118152 3.56215748 -1.43289992
v -2.51469560 3.60309491 -1.43707263
v -2.53127798 3.45848883 -1.48342052
v -2.53112095 3.45845519 -1.50707265
v -2.51463393 3.45847931 -1.49041906
v -2.56336268 3.46971654 -1.45768710
v -3.10029185 3.45848369 -1.48334082
v -2.56326989 3.45847584 -1.48339883
v -3.06827904 3.46976259 -1.45756415
v -3.11700292 3.45846204 -1.48319119
v -3.10051458 3.45853653 -1.48326619
v -2.53112647 3.46994702 -1.46209859
v -2.53123612 3.45832400 -1.48333496
v -3.10028314 3.60321177 -1.42987590
v -3.11720518 3.56220005 -1.43985769
v -3.06827297 3.60352238 -1.42372190
v -3.10025264 3.52067907 -1.44249624
v -3.11693447 3.52075253 -1.44952682
v -3.10052867 3.46991272 -1.46226101
v -3.10063432 3.56204745 -1.43282660
v -3.11691899 3.52053715 -1.44940336
v -2.56338016 3.60340085 -1.42377099
v -3.06835877 3.62671998 -1.43289417
v -3.06832855 3.60313941 -1.42379800
v -2.56338758 3.62680225 -1.43289781
v -2.53116218 3.62666124 -1.43925373
v -2.53125982 3.63665397 -1.46703383
v -2.56355441 3.56211645 -1.42652550
v -2.56340115 3.52092066 -1.43632466
v -2.53118259 3.56214020 -1.43290821
v -2.51466568 3.46991139 -1.46943359
v -2.53124689 3.46985627 -1.46236490
v -2.56342490 3.62665708 -1.43312894
v -2.53135955 3.60324931 -1.42995677
v -2.56350923 3.46975461 -1.45752729
v -3.06833950 3.52084758 -1.43625381
v -3.06828663 3.46984703 -1.45749309
v -3.06833839 3.60310509 -1.42390235
v -3.10037572 3.62683328 -1.43906949
v -3.06838931 3.56196660 -1.42677630
v -3.06825208 3.60338308 -1.42365357
v -2.56336957 3.60339236 -1.42382031
v -2.53147949 3.60333966 -1.42993051
v -2.53120548 3.60341242 -1.43002348
vt 3.16668105 0.86272848
vt 1.76110005 1.00000143
vt 3.16668105 1.00000143
vt 1.76110005 -3.86272907
vt 3.16668105 -4.00000095
vt 1.76110005 -4.00000095
vt 3.14458799 -1.46728992
vt 3.23931789 -1.15534592
vt 3.23966289 -1.35113311
vt 1.83332801 -1.15487289
vt 2.72233391 -1.63170099
vt 2.37926507 -1.71136093
vt 2.03620005 -1.73490000
vt 1.84159398 -1.65870309
vt 1.76069999 -1.42910004
vt 5.00000000 -1.42910004
vt 4.86250019 -1.15490007
vt 5.00000000 -1.15490007
vt 4.86272907 -1.48819995
vt -0.00000145 -1.15490007
vt 4.86272907 -1.15490007
vt 0.13727149 -1.48819995
vt 1.76110005 -1.15490007
vt 1.85575604 -1.46680903
vt 1.76073003 -1.29156709
vt 3.16668105 -1.15490007
vt 2.27786207 -1.63132811
vt 2.62082005 -1.71108603
vt 2.96378112 -1.73473597
vt 3.15834188 -1.65862107
vt 3.23924708 -1.42909288
vt 5.00000000 -1.29159999
vt 4.86250019 -1.15490007
vt 5.00000000 -1.15490007
vt 4.86272907 -1.35069990
vt -0.00000145 -1.15490007
vt 4.86272907 -1.15490007
vt -0.00000145 -1.35069990
vt 2.03620005 0.86250001
vt 2.03620005 1.00000000
vt 2.37910008 1.00000000
vt 2.03620005 0.86250001
vt 1.84159994 1.00000000
vt 2.03620005 1.00000000
vt 1.84159994 0.86250001
vt 5.00007200 -1.65869403
vt 4.86257219 -1.48819304
vt 5.00007200 -1.42909598
vt 4.86257219 -1.71779299
vt 0.13750000 -1.52600002
vt 0.00000000 -1.46690011
vt 0.00000000 -1.35069990
vt 3.14429998 0.86250001
vt 2.72210002 1.00000000
vt 3.14429998 1.00000000
vt 2.37910008 0.86250001
vt 2.37910008 1.00000000
vt 2.72210002 1.00000000
vt 4.86250019 -1.48819995
vt 4.86250019 -1.71779990
vt 4.59569979 -1.48819995
vt 4.86250019 -1.48819995
vt 4.59569979 -1.76900005
vt 0.13727149 -1.48819995
vt 0.40430000 -1.76900005
vt 0.13750000 -1.48819995
vt 0.00000000 -1.42910004
vt 0.00000000 -1.15490007
vt 2.72214890 -3.99979115
vt 2.37914991 -3.86229086
vt 2.72214890 -3.86229086
vt 2.37914896 -3.99979019
vt 2.72210002 -4.00000000
vt 2.72210002 -3.86250019
vt 3.14429998 -4.00000000
vt 4.99969721 -1.46693802
vt 4.86219788 -1.35073709
vt 4.99969912 -1.29163790
vt 4.86219788 -1.52603006
vt 0.13755180 -1.48825788
vt 0.00005134 -1.65875506
vt 0.00005190 -1.42915797
vt 0.13755140 -1.71785808
vt 2.03620005 -4.00000000
vt 1.84159994 -3.86250019
vt 2.03620005 -3.86250019
vt 1.84159994 -4.00000000
vt 2.37877798 -3.99992704
vt 2.03587699 -3.86243010
vt 2.37877703 -3.86242819
vt 2.03587794 -3.99992990
vt 4.86250019 -1.35069990
vt 4.86250019 -1.15490007
vt 5.00000000 -1.29159999
vt 4.59569979 -1.56389999
vt 0.13727149 -1.35069990
vt 4.59569979 -1.35069990
vt 0.40430000 -1.56389999
vt -0.00000000 -1.35069990
vt 0.13750000 -1.35069990
vt 4.86250019 -1.52600002
vt 4.86250019 -1.35069990
vt 2.03620005 0.86250001
vt 2.37910008 1.00000000
vt 2.03620005 0.59570003
vt 2.72210002 0.86250001
vt 2.72210002 1.00000000
vt 3.14429998 0.86250001
vt 2.37910008 0.86250001
vt 2.72210002 1.00000000
vt 2.03620005 -3.59569979
vt 1.84159994 0.59570003
vt 2.03620005 0.59570003
vt 1.84159994 -3.59569979
vt 0.13750000 -1.71779990
vt 0.13750000 -1.48819995
vt 2.37910008 -3.59569979
vt 2.72210002 -3.59569979
vt 2.37910008 -3.86250019
vt 3.14429998 -4.00000000
vt 3.14429998 -3.86250019
vt 2.03588891 -3.86260223
vt 1.84128702 -3.59580421
vt 2.03588700 -3.59580183
vt 1.84129095 -3.86260319
vt 2.03620005 -3.86250019
vt 3.14429998 -3.59569979
vt 2.72210002 0.59570003
vt 3.14429998 0.59570003
vt 2.03620005 0.59570003
vt 1.84159994 0.86250001
vt 2.37910008 0.59570003
vt 2.03620005 0.59570003
vt 2.03620005 -3.59569979
vt 2.03620005 -3.86250019
vt 0.94562948 0.01831430
vt 0.99951208 0.90780002
vt 0.99951208 0.09219998
vt 0.94562948 0.98168570
vt 0.86960000 0.00052279
vt 0.86960000 0.99950027
vt 0.13040000 0.00052279
vt 0.13040000 0.99950027
vt 0.05437047 0.01831430
vt 0.05437047 0.98168570
vt 0.00048787 0.09219998
vt 0.00048787 0.90780002
vt 4.96577311 -2.17170000
vt 0.03422650 -1.19099998
vt 4.96577311 -1.19099998
vt 0.03422650 -2.17170000
vt 4.96577311 -2.41989994
vt 0.03422650 -2.41989994
vt 2.38765502 -0.58017004
vt 2.28690004 -1.18510008
vt 2.25953388 -0.66313100
vt 2.55570006 -2.17050004
vt 2.54049993 -1.19099998
vt 2.76387501 -2.17174792
vt 2.72887301 -2.37634110
vt 2.84292102 -2.41990209
vt 4.73570013 -0.58010006
vt 4.96577311 -0.58010006
vt 0.03422650 -0.58010006
vt 2.71309996 -1.18510008
vt 2.61234498 -0.58017004
vt 2.74046612 -0.66313100
vt 2.44429994 -2.17050004
vt 2.45950007 -1.19099998
vt 2.23612499 -2.17174792
vt 2.27112699 -2.37634110
vt 2.15707898 -2.41990209
vt 2.63210011 -3.73570013
vt 2.84290004 0.73570001
vt 2.84290004 -3.96577311
vt 2.63210011 0.73570001
vt 2.84290004 0.96590000
vt 2.72900009 0.96590000
vt 4.96589994 -2.17050004
vt 4.73570013 -2.37630010
vt 4.73570013 -2.17050004
vt 4.96589994 -2.37630010
vt 4.96589994 -2.17050004
vt 4.73570013 -2.17050004
vt 4.96589994 -1.18510008
vt 4.73570013 -1.18510008
vt 4.96589994 -0.66310000
vt 2.74079990 0.96590000
vt 2.84290004 0.73570001
vt 2.61269999 0.96590000
vt 2.61269999 0.96577352
vt 2.84290004 -3.73570013
vt 2.61269999 -3.73570013
vt 2.74079990 -3.96589994
vt 2.61269999 -3.96589994
vt 0.26429999 -2.37630010
vt 0.03409999 -2.17050004
vt 0.26429999 -2.17050004
vt 0.03409999 -2.37630010
vt 2.84290004 -3.96589994
vt 2.72900009 -3.96589994
vt 0.03409999 -1.18510008
vt 0.03409999 -0.66310000
vt 0.26429999 -0.73500001
vt 0.03409999 -2.17050004
vt 0.26429999 -1.18510008
vt 4.73570013 -0.73500001
vt 4.73570013 -1.18510008
vt 0.26429999 -0.73500001
vt 4.73570013 -0.73500001
vt 0.26429999 -1.18510008
vt 0.26429999 -2.17050004
vt 4.73570013 -2.17050004
vt 0.26429999 -2.17050004
vt 0.87180001 0.09200001
vt 0.12819991 0.90799999
vt 0.87180001 0.90799999
vt 0.12819991 0.09200001
vt 0.12819991 0.09200001
vt 0.02569997 0.88789999
vt 0.12819991 0.90799999
vt 0.02569997 0.11177802
vt 0.87180001 0.90799999
vt 0.14700000 0.97500002
vt 0.85306948 0.97500002
vt 0.12819991 0.90799999
vt 0.97430003 0.88822198
vt 0.87180001 0.09200001
vt 0.87180001 0.90799999
vt 0.97430003 0.11210001
vt 0.85299999 0.02499998
vt 0.12819991 0.09200001
vt 0.87180001 0.09200001
vt 0.14693050 0.02499998
vt 0.07709997 0.04320002
vt 0.02569997 0.11210001
vt 0.02569997 0.88789999
vt 0.00050000 0.09200001
vt 0.00050000 0.90799999
vt 0.02569997 0.11177802
vt 0.07709997 0.95679998
vt 0.07709997 0.95679998
vt 0.85299999 0.97500002
vt 0.12819991 0.99949998
vt 0.87180001 0.99949998
vt 0.14693050 0.97500002
vt 0.85299999 0.97500002
vt 0.92290002 0.95679998
vt 0.97430003 0.88789999
vt 0.92290002 0.95679998
vt 0.97430003 0.11210001
vt 0.99949998 0.90799999
vt 0.99949998 0.09200001
vt 0.97430003 0.88822198
vt 0.92290002 0.04320002
vt 0.14700000 0.02499998
vt 0.07709997 0.04320002
vt 0.92290002 0.04320002
vt 0.12819991 0.00050002
vt 0.85306948 0.02499998
vt 0.87180001 0.00050002
vt 0.14700000 0.02499998
vt 0.02569997 0.11210001
vt 0.07709997 0.04320002
vt 0.05460000 0.01959997
vt 0.02569997 0.11210001
vt 0.05460000 0.01959997
vt 0.00050000 0.09200001
vt 0.02569997 0.88789999
vt 0.00050000 0.90799999
vt 0.07709997 0.95679998
vt 0.05460000 0.98040003
vt 0.14700000 0.97500002
vt 0.07709997 0.95679998
vt 0.05460000 0.98040003
vt 0.14700000 0.97500002
vt 0.92290002 0.95679998
vt 0.92290002 0.95679998
vt 0.94540000 0.98040003
vt 0.97430003 0.88789999
vt 0.99949998 0.90799999
vt 0.92290002 0.04320002
vt 0.97430003 0.11210001
vt 0.99949998 0.09200001
vt 0.07709997 0.04320002
vt 0.85299999 0.02499998
vt 0.92290002 0.04320002
vt 0.94540000 0.01959997
vt 0.85299999 0.02499998
vt 0.94540000 0.01959997
vt 0.05460000 0.01959997
vt 0.07709997 0.04320002
vt 0.12819991 0.00050002
vt 0.05460000 0.98040003
vt 0.87180001 0.99949998
vt 0.94540000 0.98040003
vt 0.92290002 0.95679998
vt 0.92290002 0.04320002
vt 0.99949998 0.09200001
vt 0.94540000 0.01959997
vt 0.94563162 0.98168570
vt 0.13040000 0.99950260
vt 0.86960000 0.99950260
vt 0.05430649 0.98168570
vt 0.99951577 0.90780002
vt 0.00048425 0.90780002
vt 0.99951577 0.09219998
vt 0.00048425 0.09219998
vt 0.94563162 0.01831663
vt 0.05430649 0.01831663
vt 0.86960000 0.00052512
vt 0.13040000 0.00052512
vt 3.16674590 0.99997622
vt 1.76110005 -3.86254787
vt 1.76110005 0.99997622
vt 1.76110005 -4.00000906
vt 3.16674590 -4.00000906
vt 3.16674590 0.86251581
vt 3.23909092 -1.35113311
vt 1.83323205 -1.15487289
vt 3.23875308 -1.15534592
vt 1.76069999 -1.42910004
vt 3.14400101 -1.46728897
vt 1.84142900 -1.65870309
vt 2.72212505 -1.63170099
vt 2.37899995 -1.71135998
vt 2.03620005 -1.73490000
vt 5.00000000 -1.15490007
vt 5.00000000 -1.42910004
vt 4.86250019 -1.15490007
vt 4.86251593 -1.15490007
vt 0.13745150 -1.48819995
vt -0.00000891 -1.15490007
vt 4.59569979 -1.48819995
vt 4.86251593 -1.48819995
vt 3.23927903 -1.42909288
vt 1.76110005 -1.15490007
vt 3.16674590 -1.15490007
vt 1.76076305 -1.29156709
vt 1.85585403 -1.46680903
vt 3.15853810 -1.65862107
vt 2.27776408 -1.63132811
vt 2.62091804 -1.71108603
vt 2.96374893 -1.73473597
vt 4.86250019 -1.15490007
vt 5.00000000 -1.15490007
vt 5.00000000 -1.29159999
vt 4.59569979 -1.35069990
vt 4.86254787 -1.15490007
vt 4.86254787 -1.35069990
vt 0.00002377 -1.15490007
vt 0.13748419 -1.35069990
vt 0.00002377 -1.35069990
vt 2.03620005 1.00000000
vt 2.37910008 1.00000000
vt 2.03620005 0.86250001
vt 1.84159994 0.86250001
vt 2.03620005 1.00000000
vt 2.03620005 0.86250001
vt 1.84159994 1.00000000
vt 4.86240292 -1.48829103
vt 4.99990177 -1.65879107
vt 4.86240196 -1.71789098
vt 4.99990320 -1.42919397
vt -0.00000000 -1.35069990
vt 0.13750000 -1.52600002
vt -0.00000000 -1.46690011
vt 2.72210002 1.00000000
vt 3.14429998 1.00000000
vt 3.14429998 0.86250001
vt 2.37910008 1.00000000
vt 2.72210002 1.00000000
vt 2.37910008 0.86250001
vt 4.86250019 -1.48819995
vt 4.86250019 -1.48819995
vt 4.86250019 -1.71779990
vt 4.59569979 -1.48819995
vt 0.40430000 -1.76900005
vt 0.13745150 -1.48819995
vt 4.59569979 -1.76900005
vt 0.13750000 -1.48819995
vt 0.00000000 -1.42910004
vt 0.00000000 -1.15490007
vt 2.37915206 -4.00009918
vt 2.72215199 -3.86259985
vt 2.72215199 -4.00010014
vt 2.37915301 -3.86259985
vt 2.72210002 -3.86250019
vt 3.14429998 -4.00000000
vt 2.72210002 -4.00000000
vt 4.86250019 -1.35069990
vt 5.00000000 -1.29159999
vt 5.00000000 -1.46690011
vt -0.00018440 -1.42918611
vt 0.13731509 -1.71788597
vt -0.00018496 -1.65878296
vt 0.13731550 -1.48828602
vt 1.84159994 -4.00000000
vt 2.03620005 -3.86250019
vt 2.03620005 -4.00000000
vt 1.84159994 -3.86250019
vt 2.03607893 -3.99977589
vt 2.37897897 -3.86227417
vt 2.37897897 -3.99977303
vt 2.03607798 -3.86227608
vt 4.86250019 -1.15490007
vt 5.00000000 -1.29159999
vt 4.86250019 -1.35069990
vt 0.40430000 -1.56389999
vt 4.59569979 -1.35069990
vt 4.59569979 -1.56389999
vt 0.13748419 -1.35069990
vt -0.00000000 -1.35069990
vt 0.13750000 -1.35069990
vt 4.86250019 -1.35069990
vt 4.86250019 -1.52600002
vt 2.03620005 0.86250001
vt 2.37910008 1.00000000
vt 2.03620005 0.59570003
vt 2.72210002 1.00000000
vt 3.14429998 0.86250001
vt 2.72210002 0.86250001
vt 2.37910008 0.86250001
vt 2.72210002 1.00000000
vt 1.84159994 -3.59569979
vt 2.03620005 0.59570003
vt 2.03620005 -3.59569979
vt 1.84159994 0.59570003
vt 0.13750000 -1.71779990
vt 0.13750000 -1.48819995
vt 2.37910008 -3.86250019
vt 2.72210002 -3.59569979
vt 2.37910008 -3.59569979
vt 3.14429998 -3.86250019
vt 3.14429998 -4.00000000
vt 5.00000000 -1.46690011
vt 1.84165096 -3.86211014
vt 2.03624701 -3.59530878
vt 2.03624892 -3.86210918
vt 1.84164703 -3.59531116
vt 2.03620005 -3.86250019
vt 3.14429998 0.59570003
vt 3.14429998 -3.59569979
vt 2.72210002 0.59570003
vt 2.03620005 0.59570003
vt 1.84159994 0.86250001
vt 2.37910008 0.59570003
vt 2.03620005 -3.59569979
vt 2.03620005 0.59570003
vt 2.03620005 -3.86250019
vt 1.76110005 -3.86272907
vt 3.16674304 -4.00000095
vt 1.76110005 -4.00000095
vt 3.16674304 0.86272848
vt 1.76110005 1.00000143
vt 3.16674304 1.00000143
vt 1.83330405 -1.15487289
vt 1.84161699 -1.65870309
vt 1.76069999 -1.42910004
vt 3.23936701 -1.15534592
vt 2.03620005 -1.73490000
vt 2.37926507 -1.71135998
vt 2.72219801 -1.63170099
vt 3.14457011 -1.46728897
vt 3.23969889 -1.35113311
vt 5.00000000 -1.42910004
vt 4.86250019 -1.15490007
vt 5.00000000 -1.15490007
vt 4.86272907 -1.48819995
vt -0.00000145 -1.15490007
vt 4.86272907 -1.15490007
vt 0.13727149 -1.48819995
vt 3.15840697 -1.65862107
vt 3.16674304 -1.15490007
vt 3.23931193 -1.42909288
vt 1.76110005 -1.15490007
vt 2.96387911 -1.73473597
vt 2.62091804 -1.71108603
vt 2.27809095 -1.63132811
vt 1.85585403 -1.46680903
vt 1.76076305 -1.29156709
vt 5.00000000 -1.29159999
vt 4.86250019 -1.15490007
vt 5.00000000 -1.15490007
vt 4.86272907 -1.35069990
vt -0.00000145 -1.15490007
vt 4.86272907 -1.15490007
vt -0.00000145 -1.35069990
vt 2.37910008 1.00000000
vt 2.03620005 0.86250001
vt 2.03620005 1.00000000
vt 1.84159994 1.00000000
vt 2.03620005 0.86250001
vt 1.84159994 0.86250001
vt 2.03620005 1.00000000
vt 4.99988079 -1.65874290
vt 4.86238098 -1.48824191
vt 4.99988079 -1.42914510
vt 4.86238098 -1.71784210
vt 0.13750000 -1.52600002
vt 0.00000000 -1.46690011
vt 0.00000000 -1.35069990
vt 3.14429998 1.00000000
vt 3.14429998 0.86250001
vt 2.72210002 1.00000000
vt 2.72210002 1.00000000
vt 2.37910008 0.86250001
vt 2.37910008 1.00000000
vt 4.86250019 -1.48819995
vt 4.86250019 -1.71779990
vt 4.59569979 -1.48819995
vt 4.86250019 -1.48819995
vt 4.59569979 -1.76900005
vt 0.13727149 -1.48819995
vt 0.40430000 -1.76900005
vt 0.13750000 -1.48819995
vt 0.00000000 -1.42910004
vt 0.00000000 -1.15490007
vt 2.37907004 -3.86282396
vt 2.72206903 -4.00032282
vt 2.37906909 -4.00032187
vt 2.72206998 -3.86282301
vt 2.72210002 -3.86250019
vt 3.14429998 -4.00000000
vt 2.72210002 -4.00000000
vt 5.00000000 -1.46690011
vt 4.86250019 -1.35069990
vt 5.00000000 -1.29159999
vt 0.13737300 -1.48815489
vt -0.00012747 -1.65865207
vt -0.00012691 -1.42905402
vt 0.13737260 -1.71775508
vt 1.84159994 -3.86250019
vt 2.03620005 -4.00000000
vt 1.84159994 -4.00000000
vt 2.03620005 -3.86250019
vt 2.03656507 -3.86253691
vt 2.37946510 -4.00003290
vt 2.03656602 -4.00003719
vt 2.37946510 -3.86253500
vt 4.86250019 -1.35069990
vt 4.86250019 -1.15490007
vt 5.00000000 -1.29159999
vt 4.59569979 -1.56389999
vt 0.13727149 -1.35069990
vt 4.59569979 -1.35069990
vt 0.40430000 -1.56389999
vt 0.00000000 -1.35069990
vt 0.13750000 -1.35069990
vt 4.86250019 -1.52600002
vt 4.86250019 -1.35069990
vt 2.37910008 1.00000000
vt 2.03620005 0.86250001
vt 2.03620005 0.59570003
vt 2.72210002 1.00000000
vt 3.14429998 0.86250001
vt 2.72210002 0.86250001
vt 2.72210002 1.00000000
vt 2.37910008 0.86250001
vt 1.84159994 0.59570003
vt 2.03620005 -3.59569979
vt 1.84159994 -3.59569979
vt 2.03620005 0.59570003
vt 0.13750000 -1.71779990
vt 0.13750000 -1.48819995
vt 2.37910008 -3.59569979
vt 2.37910008 -3.86250019
vt 2.72210002 -3.59569979
vt 3.14429998 -3.86250019
vt 3.14429998 -4.00000000
vt 5.00000000 -1.46690011
vt 1.84159994 -3.59569979
vt 2.03620005 -3.86250019
vt 2.72210002 0.59570003
vt 3.14429998 -3.59569979
vt 3.14429998 0.59570003
vt 2.03620005 0.59570003
vt 1.84159994 0.86250001
vt 2.37910008 0.59570003
vt 2.03620005 0.59570003
vt 2.03620005 -3.59569979
vt 2.03620005 -3.86250019
vt 2.03620005 -3.86250019
vt 3.16668105 0.86272848
vt 1.76110005 1.00000143
vt 3.16668105 1.00000143
vt 1.76110005 -3.86272907
vt 3.16668105 -4.00000095
vt 1.76110005 -4.00000095
vt 3.14460206 -1.46728897
vt 3.23930192 -1.15534592
vt 3.23963404 -1.35113311
vt 1.83330095 -1.15487289
vt 2.72236109 -1.63170099
vt 2.37929797 -1.71135998
vt 2.03620005 -1.73490000
vt 1.84161699 -1.65870309
vt 1.76069999 -1.42910004
vt 5.00000000 -1.42910004
vt 4.86250019 -1.15490007
vt 5.00000000 -1.15490007
vt 4.86272907 -1.48819995
vt -0.00000145 -1.15490007
vt 4.86272907 -1.15490007
vt 0.13727149 -1.48819995
vt 1.76110005 -1.15490007
vt 1.85575604 -1.46680903
vt 1.76076305 -1.29156709
vt 3.16668105 -1.15490007
vt 2.27786207 -1.63132811
vt 2.62085199 -1.71108603
vt 2.96381402 -1.73473597
vt 3.15834188 -1.65862107
vt 3.23924708 -1.42909288
vt 5.00000000 -1.29159999
vt 4.86250019 -1.15490007
vt 5.00000000 -1.15490007
vt 4.86272907 -1.35069990
vt -0.00000145 -1.15490007
vt 4.86272907 -1.15490007
vt -0.00000145 -1.35069990
vt 2.03620005 0.86250001
vt 2.03620005 1.00000000
vt 2.37910008 1.00000000
vt 2.03620005 0.86250001
vt 1.84159994 1.00000000
vt 2.03620005 1.00000000
vt 1.84159994 0.86250001
vt 5.00005198 -1.65870810
vt 4.86255217 -1.48820806
vt 5.00005198 -1.42911100
vt 4.86255217 -1.71780801
vt 0.13750000 -1.52600002
vt -0.00000000 -1.46690011
vt -0.00000000 -1.35069990
vt 3.14429998 0.86250001
vt 2.72210002 1.00000000
vt 3.14429998 1.00000000
vt 2.37910008 0.86250001
vt 2.37910008 1.00000000
vt 2.72210002 1.00000000
vt 4.86250019 -1.48819995
vt 4.86250019 -1.71779990
vt 4.59569979 -1.48819995
vt 4.86250019 -1.48819995
vt 4.59569979 -1.76900005
vt 0.13727149 -1.48819995
vt 0.40430000 -1.76900005
vt 0.13750000 -1.48819995
vt -0.00000000 -1.42910004
vt -0.00000000 -1.15490007
vt 2.72215295 -3.99981880
vt 2.37915397 -3.86231899
vt 2.72215390 -3.86231899
vt 2.37915301 -3.99981785
vt 2.72210002 -4.00000000
vt 2.72210002 -3.86250019
vt 3.14429998 -4.00000000
vt 4.99978304 -1.46686602
vt 4.86228418 -1.35066509
vt 4.99978399 -1.29156590
vt 4.86228418 -1.52595711
vt 0.13751870 -1.48826790
vt 0.00001821 -1.65876508
vt 0.00001877 -1.42916799
vt 0.13751830 -1.71786809
vt 2.03620005 -4.00000000
vt 1.84159994 -3.86250019
vt 2.03620005 -3.86250019
vt 1.84159994 -4.00000000
vt 2.37877989 -3.99989414
vt 2.03587890 -3.86239719
vt 2.37877893 -3.86239576
vt 2.03588009 -3.99989700
vt 4.86250019 -1.35069990
vt 4.86250019 -1.15490007
vt 5.00000000 -1.29159999
vt 4.59569979 -1.56389999
vt 0.13727149 -1.35069990
vt 4.59569979 -1.35069990
vt 0.40430000 -1.56389999
vt -0.00000000 -1.35069990
vt 0.13750000 -1.35069990
vt 4.86250019 -1.52600002
vt 4.86250019 -1.35069990
vt 2.03620005 0.86250001
vt 2.37910008 1.00000000
vt 2.03620005 0.59570003
vt 2.72210002 0.86250001
vt 2.72210002 1.00000000
vt 3.14429998 0.86250001
vt 2.37910008 0.86250001
vt 2.72210002 1.00000000
vt 2.03620005 -3.59569979
vt 1.84159994 0.59570003
vt 2.03620005 0.59570003
vt 1.84159994 -3.59569979
vt 0.13750000 -1.71779990
vt 0.13750000 -1.48819995
vt 2.37910008 -3.86250019
vt 2.72210002 -3.59569979
vt 3.14429998 -4.00000000
vt 3.14429998 -3.86250019
vt 2.03591990 -3.86253214
vt 1.84131801 -3.59573412
vt 2.03591800 -3.59573221
vt 1.84132195 -3.86253309
vt 2.03620005 -3.86250019
vt 2.37910008 -3.59569979
vt 3.14429998 -3.59569979
vt 2.72210002 0.59570003
vt 3.14429998 0.59570003
vt 2.03620005 0.59570003
vt 1.84159994 0.86250001
vt 2.37910008 0.59570003
vt 2.03620005 0.59570003
vt 2.03620005 -3.59569979
vt 2.03620005 -3.86250019
vt 0.94570619 0.98154742
vt 0.13040000 0.99952334
vt 0.86960000 0.99952334
vt 0.05429375 0.98154742
vt 0.99953753 0.90780002
vt 0.00046250 0.90780002
vt 0.99953753 0.09219998
vt 0.00046250 0.09219998
vt 0.94570619 0.01822221
vt 0.05429375 0.01822221
vt 0.86960000 0.00047672
vt 0.13040000 0.00047672
vt 4.96577311 -2.17170000
vt 0.03422650 -1.19099998
vt 4.96577311 -1.19099998
vt 0.03422650 -2.17170000
vt 4.96577311 -2.41989994
vt 0.03422650 -2.41989994
vt 2.72901797 -2.37634110
vt 2.76407003 -2.17174792
vt 2.84294510 -2.41990209
vt 2.54049993 -1.19099998
vt 2.55570006 -2.17050004
vt 2.28690004 -1.18510008
vt 2.38725090 -0.58017004
vt 2.25918293 -0.66313100
vt 4.73570013 -0.58010006
vt 4.96577311 -0.58010006
vt 0.03422650 -0.58010006
vt 2.23589706 -2.17174792
vt 2.27094197 -2.37634110
vt 2.15701389 -2.41990209
vt 2.45950007 -1.19099998
vt 2.44429994 -2.17050004
vt 2.71309996 -1.18510008
vt 2.61276889 -0.58017004
vt 2.74083400 -0.66313100
vt 2.84290004 -3.96577311
vt 2.63210011 0.73570001
vt 2.84290004 0.73570001
vt 2.63210011 -3.73570013
vt 2.72900009 0.96590000
vt 2.84290004 0.96590000
vt 4.73570013 -2.37630010
vt 4.96589994 -2.17050004
vt 4.96589994 -2.37630010
vt 4.73570013 -2.17050004
vt 4.96589994 -1.18510008
vt 4.96589994 -2.17050004
vt 4.73570013 -1.18510008
vt 4.96589994 -0.66310000
vt 4.96589994 -1.18510008
vt 2.84290004 0.73570001
vt 2.61269999 0.96590000
vt 2.74079990 0.96590000
vt 2.61269999 -3.73570013
vt 2.61269999 0.96577352
vt 2.84290004 -3.73570013
vt 2.61269999 -3.96589994
vt 2.74079990 -3.96589994
vt 0.26429999 -2.17050004
vt 0.03409999 -2.37630010
vt 0.03409999 -2.17050004
vt 0.26429999 -2.37630010
vt 2.72900009 -3.96589994
vt 2.84290004 -3.96589994
vt 0.03409999 -1.18510008
vt 0.03409999 -0.66310000
vt 0.26429999 -0.73500001
vt 0.26429999 -1.18510008
vt 0.03409999 -2.17050004
vt 0.26429999 -2.17050004
vt 4.73570013 -2.37630010
vt 4.73570013 -2.17050004
vt 4.96589994 -2.17050004
vt 4.73570013 -2.17050004
vt 4.73570013 -0.73500001
vt 4.73570013 -1.18510008
vt 0.26429999 -0.73500001
vt 4.73570013 -0.73500001
vt 0.26429999 -1.18510008
vt 4.73570013 -2.17050004
vt 0.26429999 -2.17050004
vt 3.16667795 0.86267567
vt 1.76110005 0.99993998
vt 3.16667795 0.99993998
vt 1.76110005 -3.86251593
vt 3.16667795 -3.99997616
vt 1.76110005 -3.99997616
vt 3.14460397 -1.46728897
vt 3.23929691 -1.15534592
vt 3.23963094 -1.35113311
vt 1.83329797 -1.15487289
vt 2.72236395 -1.63170099
vt 2.37929797 -1.71135998
vt 2.03620005 -1.73490000
vt 1.84161603 -1.65870309
vt 1.76069999 -1.42910004
vt 5.00000000 -1.42910004
vt 4.86250019 -1.15490007
vt 5.00000000 -1.15490007
vt 4.86267614 -1.48819995
vt 0.00002408 -1.15490007
vt 4.86267614 -1.15490007
vt 0.13748440 -1.48819995
vt 1.76110005 -1.15490007
vt 1.85575795 -1.46680903
vt 1.76076496 -1.29156709
vt 3.16667795 -1.15490007
vt 2.27786708 -1.63132811
vt 2.62085795 -1.71108603
vt 2.96382308 -1.73473597
vt 3.15834999 -1.65862107
vt 3.23924804 -1.42909288
vt 5.00000000 -1.29159999
vt 4.86250019 -1.15490007
vt 5.00000000 -1.15490007
vt 4.86251593 -1.35069990
vt 0.00006003 -1.15490007
vt 4.86251593 -1.15490007
vt 0.00006003 -1.35069990
vt 2.03620005 0.86250001
vt 2.03620005 1.00000000
vt 2.37910008 1.00000000
vt 2.03620005 0.86250001
vt 1.84159994 1.00000000
vt 2.03620005 1.00000000
vt 1.84159994 0.86250001
vt 4.99992514 -1.65878296
vt 4.86242485 -1.48828292
vt 4.99992514 -1.42918611
vt 4.86242485 -1.71788311
vt 0.13750000 -1.52600002
vt -0.00000000 -1.46690011
vt -0.00000000 -1.35069990
vt 3.14429998 0.86250001
vt 2.72210002 1.00000000
vt 3.14429998 1.00000000
vt 2.37910008 0.86250001
vt 2.37910008 1.00000000
vt 2.72210002 1.00000000
vt 4.86250019 -1.48819995
vt 4.86250019 -1.71779990
vt 4.59569979 -1.48819995
vt 4.86250019 -1.48819995
vt 4.59569979 -1.76900005
vt 0.13748440 -1.48819995
vt 0.40430000 -1.76900005
vt 0.13750000 -1.48819995
vt -0.00000000 -1.42910004
vt -0.00000000 -1.15490007
vt 2.72215891 -4.00004196
vt 2.37915993 -3.86254215
vt 2.72215891 -3.86254215
vt 2.37915897 -4.00004101
vt 2.72210002 -4.00000000
vt 2.72210002 -3.86250019
vt 3.14429998 -4.00000000
vt 5.00000000 -1.46690011
vt 4.86250019 -1.35069990
vt 5.00000000 -1.29159999
vt 0.13733990 -1.48829389
vt -0.00016059 -1.65879107
vt -0.00016003 -1.42919302
vt 0.13733950 -1.71789408
vt 2.03620005 -4.00000000
vt 1.84159994 -3.86250019
vt 2.03620005 -3.86250019
vt 1.84159994 -4.00000000
vt 2.37891197 -3.99977016
vt 2.03601098 -3.86227322
vt 2.37891197 -3.86227083
vt 2.03601193 -3.99977303
vt 4.86250019 -1.35069990
vt 4.86250019 -1.15490007
vt 5.00000000 -1.29159999
vt 4.59569979 -1.56389999
vt 0.13732430 -1.35069990
vt 4.59569979 -1.35069990
vt 0.40430000 -1.56389999
vt 0.00000000 -1.35069990
vt 0.13750000 -1.35069990
vt 4.86250019 -1.52600002
vt 4.86250019 -1.35069990
vt 2.03620005 0.86250001
vt 2.37910008 1.00000000
vt 2.03620005 0.59570003
vt 2.72210002 0.86250001
vt 2.72210002 1.00000000
vt 3.14429998 0.86250001
vt 2.37910008 0.86250001
vt 2.72210002 1.00000000
vt 2.03620005 -3.59569979
vt 1.84159994 0.59570003
vt 2.03620005 0.59570003
vt 1.84159994 -3.59569979
vt 0.13750000 -1.71779990
vt 0.13750000 -1.48819995
vt 2.37910008 -3.59569979
vt 2.72210002 -3.59569979
vt 2.37910008 -3.86250019
vt 3.14429998 -4.00000000
vt 3.14429998 -3.86250019
vt 5.00000000 -1.46690011
vt 2.03617692 -3.86215878
vt 1.84157503 -3.59535980
vt 2.03617501 -3.59535885
vt 1.84157896 -3.86215878
vt 2.03620005 -3.86250019
vt 3.14429998 -3.59569979
vt 2.72210002 0.59570003
vt 3.14429998 0.59570003
vt 2.03620005 0.59570003
vt 1.84159994 0.86250001
vt 2.37910008 0.59570003
vt 2.37896109 -3.59559822
vt 2.03607607 0.59580112
vt 2.37897611 0.59580231
vt 2.03608990 -3.59559917
vt 2.72193003 -3.59559679
vt 2.37894392 0.59580231
vt 2.72191596 0.59580350
vt 2.37893009 -3.59559822
vt 2.03620005 -3.86250019
vt 2.03620005 -3.59569979
vt 2.03620005 0.59570003
vt 1.76110005 -4.00000906
vt 3.16668105 0.86251581
vt 3.16668105 -4.00000906
vt 3.16668105 1.00000894
vt 1.76110005 1.00000894
vt 1.76110005 -3.86251593
vt 3.23947501 -1.35113311
vt 1.83332205 -1.15487289
vt 3.23914099 -1.15534592
vt 1.76069999 -1.42910004
vt 3.14445591 -1.46728897
vt 1.84160900 -1.65870309
vt 2.72223902 -1.63170099
vt 2.37922001 -1.71135998
vt 2.03620005 -1.73490000
vt 4.86250019 -1.15490007
vt 5.00000000 -1.15490007
vt 5.00000000 -1.42910004
vt 4.59569979 -1.48819995
vt 4.86251593 -1.15490007
vt 4.86251593 -1.48819995
vt -0.00000891 -1.15490007
vt 0.13748419 -1.48819995
vt 3.23927903 -1.42909288
vt 1.76110005 -1.15490007
vt 3.16668105 -1.15490007
vt 1.76076305 -1.29156709
vt 1.85575604 -1.46680903
vt 3.15837502 -1.65862107
vt 2.27789497 -1.63132811
vt 2.62085199 -1.71108603
vt 2.96381402 -1.73473597
vt 5.00000000 -1.15490007
vt 5.00000000 -1.29159999
vt 4.86250019 -1.15490007
vt -0.00000891 -1.15490007
vt 0.13748419 -1.35069990
vt -0.00000891 -1.35069990
vt 4.86251593 -1.15490007
vt 4.59569979 -1.35069990
vt 4.86251593 -1.35069990
vt 2.37937689 0.99972653
vt 2.03647995 0.86222208
vt 2.03647709 0.99972218
vt 2.37937999 0.86222768
vt 2.03620005 1.00000000
vt 1.84159994 0.86250001
vt 1.84159994 1.00000000
vt 2.03620005 0.86250001
vt 4.86254406 -1.71775007
vt 5.00004387 -1.42905307
vt 5.00004387 -1.65864992
vt 4.86254406 -1.48814988
vt 0.13750000 -1.52600002
vt -0.00000000 -1.46690011
vt -0.00000000 -1.35069990
vt 3.14429998 0.86250001
vt 2.72210002 1.00000000
vt 3.14429998 1.00000000
vt 2.72210002 1.00000000
vt 2.37910008 0.86250001
vt 2.37910008 1.00000000
vt 4.86250019 -1.48819995
vt 4.59569979 -1.48819995
vt 4.86250019 -1.48819995
vt 4.86250019 -1.71779990
vt 0.40430000 -1.76900005
vt 4.59569979 -1.76900005
vt 0.13748419 -1.48819995
vt 0.00000000 -1.15490007
vt 0.13750000 -1.48819995
vt 0.00000000 -1.42910004
vt 2.72206807 -3.86252308
vt 2.37906694 -4.00002193
vt 2.37906790 -3.86252308
vt 2.72206712 -4.00002289
vt 3.14429998 -4.00000000
vt 2.72210002 -4.00000000
vt 2.72210002 -3.86250019
vt 4.86235809 -1.35092306
vt 4.99985695 -1.46712303
vt 4.86235809 -1.52621508
vt 4.99985886 -1.29182291
vt 0.00009896 -1.65862703
vt 0.13759939 -1.48813105
vt 0.13759901 -1.71773100
vt 0.00009952 -1.42902994
vt 2.03620005 -3.86250019
vt 1.84159994 -4.00000000
vt 1.84159994 -3.86250019
vt 2.03620005 -4.00000000
vt 2.37926412 -3.86267805
vt 2.03636408 -4.00017977
vt 2.03636408 -3.86267996
vt 2.37926412 -4.00017691
vt 5.00000000 -1.29159999
vt 4.86250019 -1.35069990
vt 4.86250019 -1.15490007
vt 4.59569979 -1.35069990
vt 0.40430000 -1.56389999
vt 0.13748419 -1.35069990
vt 4.59569979 -1.56389999
vt 0.13750000 -1.35069990
vt -0.00000000 -1.35069990
vt 4.86250019 -1.35069990
vt 4.86250019 -1.52600002
vt 2.03620005 0.59570003
vt 2.03620005 0.86250001
vt 2.03620005 0.59570003
vt 3.14429998 0.86250001
vt 2.72210002 0.86250001
vt 2.72210002 1.00000000
vt 2.37910008 0.86250001
vt 2.72210002 1.00000000
vt 2.03620005 0.59570003
vt 1.84159994 -3.59569979
vt 1.84159994 0.59570003
vt 2.03620005 -3.59569979
vt 0.13750000 -1.48819995
vt 0.13750000 -1.71779990
vt 2.72210002 -3.59569979
vt 2.37910008 -3.86250019
vt 2.37910008 -3.59569979
vt 3.14429998 -4.00000000
vt 3.14429998 -3.86250019
vt 2.03621197 -3.59592581
vt 1.84161603 -3.86272717
vt 1.84161198 -3.59592819
vt 2.03621411 -3.86272621
vt 2.03620005 -3.86250019
vt 3.14429998 0.59570003
vt 2.72210002 0.59570003
vt 3.14429998 -3.59569979
vt 2.37910008 0.59570003
vt 2.03620005 0.59570003
vt 1.84159994 0.86250001
vt 2.03620005 -3.59569979
vt 2.03620005 -3.86250019
vt 3.16668105 1.00000894
vt 1.76110005 -3.86251593
vt 1.76110005 1.00000894
vt 1.76110005 -4.00000906
vt 3.16668105 -4.00000906
vt 3.16668105 0.86251581
vt 3.23963404 -1.35113311
vt 1.83330095 -1.15487289
vt 3.23930192 -1.15534592
vt 1.76069999 -1.42910004
vt 3.14460206 -1.46728897
vt 1.84161699 -1.65870309
vt 2.72236109 -1.63170099
vt 2.37929797 -1.71135998
vt 2.03620005 -1.73490000
vt 5.00000000 -1.15490007
vt 5.00000000 -1.42910004
vt 4.86250019 -1.15490007
vt 4.86251593 -1.15490007
vt 0.13748419 -1.48819995
vt -0.00000891 -1.15490007
vt 4.59569979 -1.48819995
vt 4.86251593 -1.48819995
vt 3.23929000 -1.42909288
vt 1.76110005 -1.15490007
vt 3.16668105 -1.15490007
vt 1.76078498 -1.29156709
vt 1.85580504 -1.46680903
vt 3.15842199 -1.65862107
vt 2.27793789 -1.63132811
vt 2.62090802 -1.71108603
vt 2.96390605 -1.73473597
vt 4.86250019 -1.15490007
vt 5.00000000 -1.15490007
vt 5.00000000 -1.29159999
vt 4.59569979 -1.35069990
vt 4.86251593 -1.15490007
vt 4.86251593 -1.35069990
vt -0.00000891 -1.15490007
vt 0.13748419 -1.35069990
vt -0.00000891 -1.35069990
vt 2.03585505 0.86286229
vt 2.37875295 1.00036669
vt 2.37875509 0.86286789
vt 2.03585291 1.00036228
vt 1.84159994 0.86250001
vt 2.03620005 1.00000000
vt 2.03620005 0.86250001
vt 1.84159994 1.00000000
vt 4.86245012 -1.48825693
vt 4.99994898 -1.65875697
vt 4.86244917 -1.71785688
vt 4.99994993 -1.42916012
vt -0.00000000 -1.35069990
vt 0.13750000 -1.52600002
vt -0.00000000 -1.46690011
vt 2.72210002 1.00000000
vt 3.14429998 1.00000000
vt 3.14429998 0.86250001
vt 2.37910008 1.00000000
vt 2.72210002 1.00000000
vt 2.37910008 0.86250001
vt 4.86250019 -1.48819995
vt 4.86250019 -1.48819995
vt 4.86250019 -1.71779990
vt 4.59569979 -1.48819995
vt 0.40430000 -1.76900005
vt 0.13748419 -1.48819995
vt 4.59569979 -1.76900005
vt 0.13750000 -1.48819995
vt 0.00000000 -1.42910004
vt 0.00000000 -1.15490007
vt 2.37914205 -4.00003386
vt 2.72214198 -3.86253500
vt 2.72214198 -4.00003481
vt 2.37914300 -3.86253500
vt 2.72210002 -3.86250019
vt 3.14429998 -4.00000000
vt 2.72210002 -4.00000000
vt 4.86272478 -1.52571011
vt 5.00022602 -1.29131794
vt 5.00022507 -1.46661806
vt 4.86272478 -1.35041690
vt -0.00010907 -1.42916298
vt 0.13739040 -1.71786308
vt -0.00010963 -1.65876007
vt 0.13739081 -1.48826289
vt 1.84159994 -4.00000000
vt 2.03620005 -3.86250019
vt 2.03620005 -4.00000000
vt 1.84159994 -3.86250019
vt 2.03607607 -3.99985123
vt 2.37897491 -3.86234903
vt 2.37897611 -3.99984789
vt 2.03607512 -3.86235094
vt 4.86250019 -1.15490007
vt 5.00000000 -1.29159999
vt 4.86250019 -1.35069990
vt 0.40430000 -1.56389999
vt 4.59569979 -1.35069990
vt 4.59569979 -1.56389999
vt 0.13748419 -1.35069990
vt -0.00000000 -1.35069990
vt 0.13750000 -1.35069990
vt 4.86250019 -1.35069990
vt 4.86250019 -1.52600002
vt 2.03620005 0.86250001
vt 2.03620005 0.59570003
vt 2.03620005 0.59570003
vt 2.72210002 1.00000000
vt 3.14429998 0.86250001
vt 2.72210002 0.86250001
vt 2.37910008 0.86250001
vt 2.72210002 1.00000000
vt 1.84159994 -3.59569979
vt 2.03620005 0.59570003
vt 2.03620005 -3.59569979
vt 1.84159994 0.59570003
vt 0.13750000 -1.71779990
vt 0.13750000 -1.48819995
vt 2.37910008 -3.86250019
vt 2.72210002 -3.59569979
vt 2.37910008 -3.59569979
vt 3.14429998 -3.86250019
vt 3.14429998 -4.00000000
vt 1.84158194 -3.86226988
vt 2.03617811 -3.59546995
vt 2.03618002 -3.86226988
vt 1.84157801 -3.59547091
vt 2.03620005 -3.86250019
vt 3.14429998 0.59570003
vt 3.14429998 -3.59569979
vt 2.72210002 0.59570003
vt 2.03620005 0.59570003
vt 2.37910008 0.59570003
vt 1.84159994 0.86250001
vt 2.03620005 -3.59569979
vt 2.03620005 -3.86250019
vt 0.03408737 -1.19099998
vt 4.96587992 -2.17170000
vt 0.03408737 -2.17170000
vt 4.96587992 -1.19099998
vt 0.26429999 -2.41989994
vt 0.03408737 -2.41989994
vt 4.96587992 -2.41989994
vt 2.54049993 -1.19099998
vt 2.25920105 -0.66313100
vt 2.38721704 -0.58017004
vt 2.28690004 -1.18510008
vt 2.55570006 -2.17050004
vt 2.76404309 -2.17174792
vt 2.72903609 -2.37634110
vt 2.84294891 -2.41990209
vt 0.03408737 -0.58010006
vt 4.73570013 -0.58010006
vt 4.96587992 -0.58010006
vt 2.74079895 -0.66313100
vt 2.45950007 -1.19099998
vt 2.61278296 -0.58017004
vt 2.71309996 -1.18510008
vt 2.44429994 -2.17050004
vt 2.23595691 -2.17174792
vt 2.27096391 -2.37634110
vt 2.15704989 -2.41990209
vt 2.84290004 0.73570001
vt 2.63210011 -3.73570013
vt 2.63210011 0.73570001
vt 2.84290004 -3.96587992
vt 2.72900009 0.96590000
vt 2.84290004 0.96590000
vt 4.73570013 -2.37630010
vt 4.96589994 -2.17050004
vt 4.96589994 -2.37630010
vt 4.73570013 -2.17050004
vt 4.73570013 -2.17050004
vt 4.96589994 -1.18510008
vt 4.96589994 -2.17050004
vt 4.73570013 -1.18510008
vt 4.96589994 -0.66310000
vt 2.61269999 0.96590000
vt 2.74079990 0.96590000
vt 2.84290004 0.73570001
vt 2.61269999 -3.73570013
vt 2.84290004 -3.73570013
vt 2.61269999 0.96591264
vt 2.74079990 -3.96589994
vt 2.61269999 -3.96589994
vt 0.03409999 -2.37630010
vt 0.26429999 -2.17050004
vt 0.26429999 -2.37630010
vt 0.03409999 -2.17050004
vt 2.84290004 -3.96589994
vt 2.72900009 -3.96589994
vt 0.03409999 -0.66310000
vt 0.26429999 -0.73500001
vt 0.03409999 -1.18510008
vt 0.03409999 -2.17050004
vt 0.26429999 -1.18510008
vt 0.26429999 -2.17050004
vt 0.26429999 -2.17050004
vt 4.73570013 -1.18510008
vt 4.73570013 -2.17050004
vt 0.26429999 -1.18510008
vt 4.73570013 -0.73500001
vt 4.73570013 -0.73500001
vt 0.26429999 -0.73500001
vt 0.87180001 0.09200001
vt 0.12819991 0.90799999
vt 0.87180001 0.90799999
vt 0.12819991 0.09200001
vt 0.12819991 0.09200001
vt 0.02569997 0.88789999
vt 0.12819991 0.90799999
vt 0.02569997 0.11196011
vt 0.87180001 0.90799999
vt 0.14700000 0.97500002
vt 0.85304999 0.97500002
vt 0.12819991 0.90799999
vt 0.97430003 0.88803989
vt 0.87180001 0.09200001
vt 0.87180001 0.90799999
vt 0.97430003 0.11210001
vt 0.85299999 0.02499998
vt 0.12819991 0.09200001
vt 0.87180001 0.09200001
vt 0.14695001 0.02499998
vt 0.07709997 0.04320002
vt 0.02569997 0.11210001
vt 0.02569997 0.88789999
vt 0.00050000 0.09200001
vt 0.00050000 0.90799999
vt 0.02569997 0.11196011
vt 0.07709997 0.95679998
vt 0.07709997 0.95679998
vt 0.85299999 0.97500002
vt 0.12819991 0.99949998
vt 0.87180001 0.99949998
vt 0.14695001 0.97500002
vt 0.85299999 0.97500002
vt 0.92290002 0.95679998
vt 0.97430003 0.88789999
vt 0.92290002 0.95679998
vt 0.97430003 0.11210001
vt 0.99949998 0.90799999
vt 0.99949998 0.09200001
vt 0.97430003 0.88803989
vt 0.92290002 0.04320002
vt 0.14700000 0.02499998
vt 0.07709997 0.04320002
vt 0.92290002 0.04320002
vt 0.12819991 0.00050002
vt 0.85304999 0.02499998
vt 0.87180001 0.00050002
vt 0.14700000 0.02499998
vt 0.02569997 0.11210001
vt 0.07709997 0.04320002
vt 0.05460000 0.01959997
vt 0.02569997 0.11210001
vt 0.05460000 0.01959997
vt 0.00050000 0.09200001
vt 0.02569997 0.88789999
vt 0.00050000 0.90799999
vt 0.07709997 0.95679998
vt 0.05460000 0.98040003
vt 0.14700000 0.97500002
vt 0.07709997 0.95679998
vt 0.05460000 0.98040003
vt 0.14700000 0.97500002
vt 0.92290002 0.95679998
vt 0.92290002 0.95679998
vt 0.94540000 0.98040003
vt 0.97430003 0.88789999
vt 0.97430003 0.88789999
vt 0.94540000 0.98040003
vt 0.99949998 0.90799999
vt 0.92290002 0.04320002
vt 0.97430003 0.11210001
vt 0.99949998 0.09200001
vt 0.07709997 0.04320002
vt 0.85299999 0.02499998
vt 0.92290002 0.04320002
vt 0.94540000 0.01959997
vt 0.85299999 0.02499998
vt 0.94540000 0.01959997
vt 0.05460000 0.01959997
vt 0.07709997 0.04320002
vt 0.12819991 0.00050002
vt 0.07709997 0.95679998
vt 0.00050000 0.90799999
vt 0.05460000 0.98040003
vt 0.87180001 0.99949998
vt 0.94540000 0.98040003
vt 0.92290002 0.95679998
vt 0.92290002 0.04320002
vt 0.99949998 0.09200001
vt 0.94540000 0.01959997
vt 0.94563162 0.98168570
vt 0.13040000 0.99950027
vt 0.86960000 0.99950027
vt 0.05430649 0.98168570
vt 0.99951577 0.90780002
vt 0.00048425 0.90780002
vt 0.99951577 0.09219998
vt 0.00048425 0.09219998
vt 0.94563162 0.01831430
vt 0.05430649 0.01831430
vt 0.86960000 0.00052279
vt 0.13040000 0.00052279
vt 0.03412173 -2.17170000
vt 4.96587801 -1.19099998
vt 4.96587801 -2.17170000
vt 0.03412173 -1.19099998
vt 0.26429999 -2.41989994
vt 4.96587801 -2.41989994
vt 0.03412173 -2.41989994
vt 2.54049993 -1.19099998
vt 2.25918293 -0.66313100
vt 2.38725090 -0.58017004
vt 2.28690004 -1.18510008
vt 2.55570006 -2.17050004
vt 2.76407003 -2.17174792
vt 2.72905111 -2.37634110
vt 2.84294510 -2.41990209
vt 4.96587801 -0.58010006
vt 4.73570013 -0.58010006
vt 0.03412173 -0.58010006
vt 2.74081707 -0.66313100
vt 2.45950007 -1.19099998
vt 2.61274910 -0.58017004
vt 2.71309996 -1.18510008
vt 2.44429994 -2.17050004
vt 2.23592997 -2.17174792
vt 2.27094889 -2.37634110
vt 2.15705490 -2.41990209
vt 2.63210011 -3.73570013
vt 2.84290004 0.73570001
vt 2.84290004 -3.96587801
vt 2.63210011 0.73570001
vt 2.72900009 0.96590000
vt 2.84290004 0.96590000
vt 4.96589994 -2.17050004
vt 4.96589994 -2.37630010
vt 4.73570013 -2.37630010
vt 4.96589994 -1.18510008
vt 4.96589994 -2.17050004
vt 4.73570013 -2.17050004
vt 4.96589994 -0.66310000
vt 4.96589994 -1.18510008
vt 4.73570013 -1.18510008
vt 2.84290004 0.73570001
vt 2.61269999 0.96590000
vt 2.74079990 0.96590000
vt 2.61269999 -3.73570013
vt 2.61269999 0.96587825
vt 2.84290004 -3.73570013
vt 2.74079990 -3.96589994
vt 2.61269999 -3.96589994
vt 0.26429999 -2.17050004
vt 0.03409999 -2.37630010
vt 0.03409999 -2.17050004
vt 2.84290004 -3.96589994
vt 2.72900009 -3.96589994
vt 0.26429999 -0.73500001
vt 0.03409999 -1.18510008
vt 0.03409999 -0.66310000
vt 0.26429999 -1.18510008
vt 0.03409999 -2.17050004
vt 0.26429999 -2.17050004
vt 4.73570013 -2.37630010
vt 0.26429999 -2.37630010
vt 4.73570013 -2.17050004
vt 4.96589994 -2.17050004
vt 4.73570013 -2.17050004
vt 4.73570013 -0.73500001
vt 0.26429999 -0.73500001
vt 4.73570013 -1.18510008
vt 0.26429999 -1.18510008
vt 4.73570013 -0.73500001
vt 0.26429999 -1.18510008
vt 0.26429999 -2.17050004
vt 0.03409999 -2.17050004
vt 0.03409999 -2.37630010
vt 4.73570013 -2.17050004
vt 0.26429999 -2.17050004
vt 0.94563162 0.01831430
vt 0.99951577 0.90780002
vt 0.99951577 0.09219998
vt 0.94563162 0.98168570
vt 0.86960000 0.00052279
vt 0.86960000 0.99950027
vt 0.13040000 0.00052279
vt 0.13040000 0.99950027
vt 0.05436835 0.01831430
vt 0.05436835 0.98168570
vt 0.00048425 0.09219998
vt 0.00048425 0.90780002
vt 0.12819991 0.09200001
vt 0.87180001 0.90799999
vt 0.87180001 0.09200001
vt 0.12819991 0.90799999
vt 0.02569997 0.11196011
vt 0.12819991 0.90799999
vt 0.12819991 0.09200001
vt 0.02569997 0.88789999
vt 0.12819991 0.90799999
vt 0.85304791 0.97500002
vt 0.87180001 0.90799999
vt 0.14700000 0.97500002
vt 0.87180001 0.09200001
vt 0.97430003 0.88803989
vt 0.97430003 0.11210001
vt 0.87180001 0.90799999
vt 0.85299999 0.02499998
vt 0.12819991 0.09200001
vt 0.87180001 0.09200001
vt 0.14695209 0.02499998
vt 0.02569997 0.11210001
vt 0.07709997 0.04320002
vt 0.00050000 0.90799999
vt 0.02569997 0.11196011
vt 0.00050000 0.09200001
vt 0.02569997 0.88789999
vt 0.07709997 0.95679998
vt 0.07709997 0.95679998
vt 0.85299999 0.97500002
vt 0.12819991 0.99949998
vt 0.87180001 0.99949998
vt 0.14695209 0.97500002
vt 0.85299999 0.97500002
vt 0.92290002 0.95679998
vt 0.92290002 0.95679998
vt 0.97430003 0.88789999
vt 0.97430003 0.11210001
vt 0.99949998 0.90799999
vt 0.99949998 0.09200001
vt 0.97430003 0.88803989
vt 0.92290002 0.04320002
vt 0.07709997 0.04320002
vt 0.14700000 0.02499998
vt 0.92290002 0.04320002
vt 0.14700000 0.02499998
vt 0.87180001 0.00050002
vt 0.12819991 0.00050002
vt 0.85304791 0.02499998
vt 0.02569997 0.11210001
vt 0.07709997 0.04320002
vt 0.05460000 0.01959997
vt 0.02569997 0.11210001
vt 0.05460000 0.01959997
vt 0.00050000 0.09200001
vt 0.07709997 0.95679998
vt 0.02569997 0.88789999
vt 0.00050000 0.90799999
vt 0.14700000 0.97500002
vt 0.07709997 0.95679998
vt 0.05460000 0.98040003
vt 0.14700000 0.97500002
vt 0.05460000 0.98040003
vt 0.92290002 0.95679998
vt 0.94540000 0.98040003
vt 0.97430003 0.88789999
vt 0.92290002 0.95679998
vt 0.94540000 0.98040003
vt 0.99949998 0.90799999
vt 0.97430003 0.88789999
vt 0.97430003 0.11210001
vt 0.99949998 0.09200001
vt 0.92290002 0.04320002
vt 0.07709997 0.04320002
vt 0.92290002 0.04320002
vt 0.94540000 0.01959997
vt 0.85299999 0.02499998
vt 0.85299999 0.02499998
vt 0.94540000 0.01959997
vt 0.07709997 0.04320002
vt 0.12819991 0.00050002
vt 0.05460000 0.01959997
vt 0.05460000 0.98040003
vt 0.07709997 0.95679998
vt 0.00050000 0.90799999
vt 0.92290002 0.95679998
vt 0.87180001 0.99949998
vt 0.94540000 0.98040003
vt 0.99949998 0.09200001
vt 0.94540000 0.01959997
vt 0.92290002 0.04320002
vt 0.12819991 0.90799999
vt 0.87180001 0.09200001
vt 0.12819991 0.09200001
vt 0.87180001 0.90799999
vt 0.02569997 0.11200851
vt 0.12819991 0.90799999
vt 0.12819991 0.09200001
vt 0.02569997 0.88789999
vt 0.14700000 0.97500002
vt 0.87180001 0.90799999
vt 0.12819991 0.90799999
vt 0.85304999 0.97500002
vt 0.87180001 0.90799999
vt 0.97430003 0.11210001
vt 0.87180001 0.09200001
vt 0.97430003 0.88799149
vt 0.12819991 0.09200001
vt 0.85299999 0.02499998
vt 0.14695001 0.02499998
vt 0.87180001 0.09200001
vt 0.02569997 0.11210001
vt 0.07709997 0.04320002
vt 0.02569997 0.88789999
vt 0.00050000 0.09200001
vt 0.00050000 0.90799999
vt 0.02569997 0.11200851
vt 0.07709997 0.95679998
vt 0.07709997 0.95679998
vt 0.87180001 0.99949998
vt 0.14695001 0.97500002
vt 0.12819991 0.99949998
vt 0.85299999 0.97500002
vt 0.85299999 0.97500002
vt 0.92290002 0.95679998
vt 0.92290002 0.95679998
vt 0.97430003 0.88789999
vt 0.97430003 0.11210001
vt 0.99949998 0.90799999
vt 0.99949998 0.09200001
vt 0.97430003 0.88799149
vt 0.92290002 0.04320002
vt 0.14700000 0.02499998
vt 0.07709997 0.04320002
vt 0.92290002 0.04320002
vt 0.14700000 0.02499998
vt 0.87180001 0.00050002
vt 0.12819991 0.00050002
vt 0.85304999 0.02499998
vt 0.07709997 0.04320002
vt 0.05460000 0.01959997
vt 0.02569997 0.11210001
vt 0.00050000 0.09200001
vt 0.07709997 0.95679998
vt 0.02569997 0.88789999
vt 0.00050000 0.90799999
vt 0.14700000 0.97500002
vt 0.07709997 0.95679998
vt 0.05460000 0.98040003
vt 0.14700000 0.97500002
vt 0.05460000 0.98040003
vt 0.92290002 0.95679998
vt 0.97430003 0.88789999
vt 0.92290002 0.95679998
vt 0.94540000 0.98040003
vt 0.97430003 0.88789999
vt 0.94540000 0.98040003
vt 0.99949998 0.90799999
vt 0.97430003 0.11210001
vt 0.99949998 0.09200001
vt 0.92290002 0.04320002
vt 0.07709997 0.04320002
vt 0.94540000 0.01959997
vt 0.85299999 0.02499998
vt 0.92290002 0.04320002
vt 0.94540000 0.01959997
vt 0.85299999 0.02499998
vt 0.12819991 0.00050002
vt 0.05460000 0.01959997
vt 0.07709997 0.04320002
vt 0.07709997 0.95679998
vt 0.00050000 0.90799999
vt 0.05460000 0.98040003
vt 0.94540000 0.98040003
vt 0.92290002 0.95679998
vt 0.87180001 0.99949998
vt 0.92290002 0.04320002
vt 0.99949998 0.09200001
vt 0.94540000 0.01959997
vt 4.96591282 -2.17170000
vt 0.03408737 -1.19099998
vt 4.96591282 -1.19099998
vt 0.03408737 -2.17170000
vt 4.96591282 -2.41989994
vt 0.03408737 -2.41989994
vt 2.72901797 -2.37634110
vt 2.76407003 -2.17174792
vt 2.84294510 -2.41990209
vt 2.54049993 -1.19099998
vt 2.55570006 -2.17050004
vt 2.28690004 -1.18510008
vt 2.38725090 -0.58017004
vt 2.25918293 -0.66313100
vt 4.73570013 -0.58010006
vt 4.96591282 -0.58010006
vt 0.03408737 -0.58010006
vt 2.23589706 -2.17174792
vt 2.27094197 -2.37634110
vt 2.15701389 -2.41990209
vt 2.45950007 -1.19099998
vt 2.44429994 -2.17050004
vt 2.71309996 -1.18510008
vt 2.61276889 -0.58017004
vt 2.74083400 -0.66313100
vt 2.84290004 -3.96591282
vt 2.63210011 0.73570001
vt 2.84290004 0.73570001
vt 2.63210011 -3.73570013
vt 2.72900009 0.96590000
vt 2.84290004 0.96590000
vt 4.73570013 -2.37630010
vt 4.96589994 -2.17050004
vt 4.96589994 -2.37630010
vt 4.73570013 -2.17050004
vt 4.96589994 -1.18510008
vt 4.96589994 -2.17050004
vt 4.73570013 -1.18510008
vt 4.96589994 -0.66310000
vt 4.96589994 -1.18510008
vt 2.84290004 0.73570001
vt 2.61269999 0.96590000
vt 2.74079990 0.96590000
vt 2.61269999 -3.73570013
vt 2.61269999 0.96591264
vt 2.84290004 -3.73570013
vt 2.61269999 -3.96589994
vt 2.74079990 -3.96589994
vt 0.26429999 -2.17050004
vt 0.03409999 -2.37630010
vt 0.03409999 -2.17050004
vt 0.26429999 -2.37630010
vt 2.72900009 -3.96589994
vt 2.84290004 -3.96589994
vt 0.03409999 -1.18510008
vt 0.03409999 -0.66310000
vt 0.26429999 -0.73500001
vt 0.26429999 -1.18510008
vt 0.03409999 -2.17050004
vt 0.26429999 -2.17050004
vt 4.73570013 -2.37630010
vt 4.73570013 -2.17050004
vt 4.96589994 -2.17050004
vt 4.73570013 -2.17050004
vt 4.73570013 -0.73500001
vt 4.73570013 -1.18510008
vt 0.26429999 -0.73500001
vt 4.73570013 -0.73500001
vt 0.26429999 -1.18510008
vt 4.73570013 -2.17050004
vt 0.26429999 -2.17050004
vt 4.96590090 -2.17170000
vt 0.03422650 -1.19099998
vt 4.96590090 -1.19099998
vt 0.03422650 -2.17170000
vt 4.96590090 -2.41989994
vt 0.03422650 -2.41989994
vt 2.72894096 -2.37634110
vt 2.76419997 -2.17174792
vt 2.84300208 -2.41990209
vt 2.54049993 -1.19099998
vt 2.55570006 -2.17050004
vt 2.28690004 -1.18510008
vt 2.38712502 -0.58017004
vt 2.25903296 -0.66313100
vt 4.73570013 -0.58010006
vt 4.96590090 -0.58010006
vt 0.03422650 -0.58010006
vt 2.23580003 -2.17174792
vt 2.27105904 -2.37634110
vt 2.15699792 -2.41990209
vt 2.45950007 -1.19099998
vt 2.44429994 -2.17050004
vt 2.71309996 -1.18510008
vt 2.61287498 -0.58017004
vt 2.74096704 -0.66313100
vt 2.84290004 -3.96590090
vt 2.63210011 0.73570001
vt 2.84290004 0.73570001
vt 2.63210011 -3.73570013
vt 2.72900009 0.96590000
vt 2.84290004 0.96590000
vt 4.73570013 -2.37630010
vt 4.96589994 -2.17050004
vt 4.96589994 -2.37630010
vt 4.96589994 -2.17050004
vt 4.73570013 -1.18510008
vt 4.96589994 -1.18510008
vt 4.73570013 -2.17050004
vt 4.96589994 -0.66310000
vt 2.84290004 0.73570001
vt 2.61269999 0.96590000
vt 2.74079990 0.96590000
vt 2.61269999 -3.73570013
vt 2.61269999 0.96577352
vt 2.84290004 -3.73570013
vt 2.61269999 -3.96589994
vt 2.74079990 -3.96589994
vt 0.03409999 -2.37630010
vt 0.03409999 -2.17050004
vt 0.26429999 -2.17050004
vt 2.72900009 -3.96589994
vt 2.84290004 -3.96589994
vt 0.03409999 -1.18510008
vt 0.03409999 -0.66310000
vt 0.26429999 -0.73500001
vt 0.26429999 -1.18510008
vt 0.03409999 -2.17050004
vt 0.26429999 -2.17050004
vt 4.73570013 -2.37630010
vt 4.73570013 -2.17050004
vt 0.26429999 -2.37630010
vt 4.96589994 -2.17050004
vt 4.73570013 -2.17050004
vt 0.26429999 -1.18510008
vt 4.73570013 -1.18510008
vt 0.26429999 -2.17050004
vt 4.73570013 -0.73500001
vt 0.26429999 -0.73500001
vt 4.73570013 -0.73500001
vt 3.16674590 0.86267567
vt 1.76110005 0.99993998
vt 3.16674590 0.99993998
vt 1.76110005 -3.86251593
vt 3.16674590 -3.99997616
vt 1.76110005 -3.99997616
vt 3.14432812 -1.46728897
vt 3.23875308 -1.15534592
vt 3.23909092 -1.35113311
vt 1.83323205 -1.15487289
vt 2.72212505 -1.63170099
vt 2.37899995 -1.71135998
vt 2.03620005 -1.73490000
vt 1.84175599 -1.65870309
vt 1.76069999 -1.42910004
vt 5.00000000 -1.42910004
vt 4.86250019 -1.15490007
vt 5.00000000 -1.15490007
vt 4.86267614 -1.48819995
vt 0.00002408 -1.15490007
vt 4.86267614 -1.15490007
vt 0.13748440 -1.48819995
vt 1.76110005 -1.15490007
vt 1.85552704 -1.46680903
vt 1.76076305 -1.29156709
vt 3.16674590 -1.15490007
vt 2.27776408 -1.63132811
vt 2.62091804 -1.71108603
vt 2.96374893 -1.73473597
vt 3.15821099 -1.65862107
vt 3.23927903 -1.42909288
vt 5.00000000 -1.29159999
vt 4.86250019 -1.15490007
vt 5.00000000 -1.15490007
vt 4.86251593 -1.35069990
vt 0.00006003 -1.15490007
vt 4.86251593 -1.15490007
vt 0.00006003 -1.35069990
vt 2.03620005 0.86250001
vt 2.03620005 1.00000000
vt 2.37910008 1.00000000
vt 2.03620005 0.86250001
vt 1.84159994 1.00000000
vt 2.03620005 1.00000000
vt 1.84159994 0.86250001
vt 4.99988413 -1.65881300
vt 4.86238384 -1.48831201
vt 4.99988413 -1.42921495
vt 4.86238384 -1.71791196
vt 0.13750000 -1.52600002
vt -0.00000000 -1.46690011
vt -0.00000000 -1.35069990
vt 3.14429998 0.86250001
vt 2.72210002 1.00000000
vt 3.14429998 1.00000000
vt 2.37910008 0.86250001
vt 2.37910008 1.00000000
vt 2.72210002 1.00000000
vt 4.86250019 -1.48819995
vt 4.86250019 -1.71779990
vt 4.59569979 -1.48819995
vt 4.86250019 -1.48819995
vt 4.59569979 -1.76900005
vt 0.13748440 -1.48819995
vt 0.40430000 -1.76900005
vt 0.13750000 -1.48819995
vt -0.00000000 -1.42910004
vt -0.00000000 -1.15490007
vt 2.72216797 -4.00009918
vt 2.37916899 -3.86259890
vt 2.72216797 -3.86259794
vt 2.37916803 -4.00009823
vt 2.72210002 -4.00000000
vt 2.72210002 -3.86250019
vt 3.14429998 -4.00000000
vt 5.00000000 -1.46690011
vt 4.86250019 -1.35069990
vt 5.00000000 -1.29159999
vt 0.13727340 -1.48831391
vt -0.00022711 -1.65881109
vt -0.00022655 -1.42921400
vt 0.13727289 -1.71791410
vt 2.03620005 -4.00000000
vt 1.84159994 -3.86250019
vt 2.03620005 -3.86250019
vt 1.84159994 -4.00000000
vt 2.37891603 -3.99970484
vt 2.03601503 -3.86220789
vt 2.37891507 -3.86220598
vt 2.03601599 -3.99970818
vt 4.86250019 -1.35069990
vt 4.86250019 -1.15490007
vt 5.00000000 -1.29159999
vt 4.59569979 -1.56389999
vt 0.13732430 -1.35069990
vt 4.59569979 -1.35069990
vt 0.40430000 -1.56389999
vt 0.00000000 -1.35069990
vt 0.13750000 -1.35069990
vt 4.86250019 -1.52600002
vt 4.86250019 -1.35069990
vt 2.03620005 0.86250001
vt 2.37910008 1.00000000
vt 2.03620005 0.59570003
vt 2.72210002 0.86250001
vt 2.72210002 1.00000000
vt 3.14429998 0.86250001
vt 2.37910008 0.86250001
vt 2.72210002 1.00000000
vt 2.03620005 -3.59569979
vt 1.84159994 0.59570003
vt 2.03620005 0.59570003
vt 1.84159994 -3.59569979
vt 0.13750000 -1.71779990
vt 0.13750000 -1.48819995
vt 2.37910008 -3.59569979
vt 2.72210002 -3.59569979
vt 2.37910008 -3.86250019
vt 3.14429998 -4.00000000
vt 3.14429998 -3.86250019
vt 5.00000000 -1.46690011
vt 1.84159994 -3.59569979
vt 2.03620005 -3.86250019
vt 3.14429998 -3.59569979
vt 2.72210002 0.59570003
vt 3.14429998 0.59570003
vt 2.03620005 0.59570003
vt 1.84159994 0.86250001
vt 2.37910008 0.59570003
vt 2.03620005 0.59570003
vt 2.03620005 -3.59569979
vt 2.03620005 -3.86250019
vt 2.03620005 -3.86250019
vt 3.16668105 0.86251581
vt 1.76110005 0.99997622
vt 3.16668105 0.99997622
vt 1.76110005 -3.86254787
vt 3.16668105 -4.00000906
vt 1.76110005 -4.00000906
vt 3.14460206 -1.46728897
vt 3.23930192 -1.15534592
vt 3.23963404 -1.35113311
vt 1.83330095 -1.15487289
vt 2.72236109 -1.63170099
vt 2.37929797 -1.71135998
vt 2.03620005 -1.73490000
vt 1.84161699 -1.65870309
vt 1.76069999 -1.42910004
vt 5.00000000 -1.42910004
vt 4.86250019 -1.15490007
vt 5.00000000 -1.15490007
vt 4.86251593 -1.48819995
vt -0.00000891 -1.15490007
vt 4.86251593 -1.15490007
vt 0.13745150 -1.48819995
vt 1.76110005 -1.15490007
vt 1.85575604 -1.46680903
vt 1.76076305 -1.29156709
vt 3.16668105 -1.15490007
vt 2.27786207 -1.63132811
vt 2.62085199 -1.71108603
vt 2.96381402 -1.73473597
vt 3.15834188 -1.65862107
vt 3.23924708 -1.42909288
vt 5.00000000 -1.29159999
vt 4.86250019 -1.15490007
vt 5.00000000 -1.15490007
vt 4.86254787 -1.35069990
vt 0.00002377 -1.15490007
vt 4.86254787 -1.15490007
vt 0.00002377 -1.35069990
vt 2.37880397 0.86249053
vt 2.03590202 0.99998492
vt 2.37880206 0.99998933
vt 2.03590393 0.86248493
vt 2.03620005 0.86250001
vt 1.84159994 1.00000000
vt 2.03620005 1.00000000
vt 1.84159994 0.86250001
vt 5.00003290 -1.65869403
vt 4.86253405 -1.48819399
vt 5.00003290 -1.42909694
vt 4.86253309 -1.71779394
vt 0.13750000 -1.52600002
vt 0.00000000 -1.46690011
vt 0.00000000 -1.35069990
vt 3.14405704 0.86251670
vt 2.72185612 1.00001061
vt 3.14405489 1.00001693
vt 2.72185993 0.86251241
vt 2.72173595 0.86245310
vt 2.37873292 0.99994624
vt 2.72173309 0.99995327
vt 2.37873602 0.86244720
vt 4.86250019 -1.48819995
vt 4.86250019 -1.71779990
vt 4.59569979 -1.48819995
vt 4.86250019 -1.48819995
vt 4.59569979 -1.76900005
vt 0.13745150 -1.48819995
vt 0.40430000 -1.76900005
vt 0.13750000 -1.48819995
vt 0.00000000 -1.42910004
vt 0.00000000 -1.15490007
vt 2.72212005 -3.99992704
vt 2.37912107 -3.86242819
vt 2.72212005 -3.86242723
vt 2.37912011 -3.99992609
vt 2.72210002 -4.00000000
vt 2.72210002 -3.86250019
vt 3.14429998 -4.00000000
vt 4.99987793 -1.46692395
vt 4.86237907 -1.35072303
vt 4.99987888 -1.29162407
vt 4.86237812 -1.52601504
vt 0.13752930 -1.48821712
vt 0.00002882 -1.65871310
vt 0.00002938 -1.42911601
vt 0.13752890 -1.71781611
vt 2.03620005 -4.00000000
vt 1.84159994 -3.86250019
vt 2.03620005 -3.86250019
vt 1.84159994 -4.00000000
vt 2.37898898 -3.99999189
vt 2.03608799 -3.86249495
vt 2.37898803 -3.86249304
vt 2.03608894 -3.99999523
vt 4.86250019 -1.35069990
vt 4.86250019 -1.15490007
vt 5.00000000 -1.29159999
vt 4.59569979 -1.56389999
vt 0.13748419 -1.35069990
vt 4.59569979 -1.35069990
vt 0.40430000 -1.56389999
vt 0.00000000 -1.35069990
vt 0.13750000 -1.35069990
vt 4.86250019 -1.52600002
vt 4.86250019 -1.35069990
vt 2.03620005 0.59570003
vt 2.03620005 0.86250001
vt 2.37910008 0.86250001
vt 2.03620005 0.59570003
vt 3.14429998 0.59570003
vt 2.72210002 0.86250001
vt 3.14429998 0.86250001
vt 2.72210002 0.59570003
vt 2.37910008 0.59570003
vt 2.03620005 -3.59569979
vt 1.84159994 0.59570003
vt 2.03620005 0.59570003
vt 1.84159994 -3.59569979
vt 0.13750000 -1.71779990
vt 0.13750000 -1.48819995
vt 2.72193408 -3.86262798
vt 2.37896204 -3.59583092
vt 2.72193098 -3.59582806
vt 2.37893391 -3.86263180
vt 3.14429998 -4.00000000
vt 3.14429998 -3.86250019
vt 2.03606796 -3.86256504
vt 1.84146595 -3.59576607
vt 2.03606606 -3.59576416
vt 1.84147000 -3.86256504
vt 2.03620005 -3.86250019
vt 2.37910008 -3.59569979
vt 2.37910008 -3.86250019
vt 3.14429998 -3.59569979
vt 2.72210002 -3.59569979
vt 2.03620005 0.59570003
vt 1.84159994 0.86250001
vt 2.03620005 -3.59569979
vt 2.03620005 -3.86250019
vt 0.12819991 0.09200001
vt 0.87180001 0.90799999
vt 0.87180001 0.09200001
vt 0.12819991 0.90799999
vt 0.02569997 0.11196011
vt 0.12819991 0.90799999
vt 0.12819991 0.09200001
vt 0.02569997 0.88789999
vt 0.12819991 0.90799999
vt 0.85306948 0.97500002
vt 0.87180001 0.90799999
vt 0.14700000 0.97500002
vt 0.87180001 0.09200001
vt 0.97430003 0.88803989
vt 0.97430003 0.11210001
vt 0.87180001 0.90799999
vt 0.85299999 0.02499998
vt 0.12819991 0.09200001
vt 0.87180001 0.09200001
vt 0.14693050 0.02499998
vt 0.02569997 0.11210001
vt 0.07709997 0.04320002
vt 0.00050000 0.90799999
vt 0.02569997 0.11196011
vt 0.00050000 0.09200001
vt 0.02569997 0.88789999
vt 0.07709997 0.95679998
vt 0.07709997 0.95679998
vt 0.85299999 0.97500002
vt 0.12819991 0.99949998
vt 0.87180001 0.99949998
vt 0.14693050 0.97500002
vt 0.85299999 0.97500002
vt 0.92290002 0.95679998
vt 0.92290002 0.95679998
vt 0.97430003 0.88789999
vt 0.97430003 0.11210001
vt 0.99949998 0.90799999
vt 0.99949998 0.09200001
vt 0.97430003 0.88803989
vt 0.92290002 0.04320002
vt 0.07709997 0.04320002
vt 0.14700000 0.02499998
vt 0.92290002 0.04320002
vt 0.14700000 0.02499998
vt 0.87180001 0.00050002
vt 0.12819991 0.00050002
vt 0.85306948 0.02499998
vt 0.02569997 0.11210001
vt 0.07709997 0.04320002
vt 0.05460000 0.01959997
vt 0.02569997 0.11210001
vt 0.05460000 0.01959997
vt 0.00050000 0.09200001
vt 0.07709997 0.95679998
vt 0.02569997 0.88789999
vt 0.00050000 0.90799999
vt 0.14700000 0.97500002
vt 0.07709997 0.95679998
vt 0.05460000 0.98040003
vt 0.14700000 0.97500002
vt 0.05460000 0.98040003
vt 0.92290002 0.95679998
vt 0.94540000 0.98040003
vt 0.97430003 0.88789999
vt 0.92290002 0.95679998
vt 0.94540000 0.98040003
vt 0.99949998 0.90799999
vt 0.97430003 0.88789999
vt 0.97430003 0.11210001
vt 0.99949998 0.09200001
vt 0.92290002 0.04320002
vt 0.07709997 0.04320002
vt 0.92290002 0.04320002
vt 0.94540000 0.01959997
vt 0.85299999 0.02499998
vt 0.85299999 0.02499998
vt 0.94540000 0.01959997
vt 0.07709997 0.04320002
vt 0.12819991 0.00050002
vt 0.05460000 0.01959997
vt 0.05460000 0.98040003
vt 0.07709997 0.95679998
vt 0.00050000 0.90799999
vt 0.92290002 0.95679998
vt 0.87180001 0.99949998
vt 0.94540000 0.98040003
vt 0.99949998 0.09200001
vt 0.94540000 0.01959997
vt 0.92290002 0.04320002
vt 0.12819991 0.90799999
vt 0.87180001 0.09200001
vt 0.12819991 0.09200001
vt 0.87180001 0.90799999
vt 0.02569997 0.11200511
vt 0.12819991 0.90799999
vt 0.12819991 0.09200001
vt 0.02569997 0.88789999
vt 0.14700000 0.97500002
vt 0.87180001 0.90799999
vt 0.12819991 0.90799999
vt 0.85304999 0.97500002
vt 0.87180001 0.90799999
vt 0.97430003 0.11210001
vt 0.87180001 0.09200001
vt 0.97430003 0.88799489
vt 0.12819991 0.09200001
vt 0.85299999 0.02499998
vt 0.14695001 0.02499998
vt 0.87180001 0.09200001
vt 0.02569997 0.11210001
vt 0.07709997 0.04320002
vt 0.02569997 0.88789999
vt 0.00050000 0.09200001
vt 0.00050000 0.90799999
vt 0.02569997 0.11200511
vt 0.07709997 0.95679998
vt 0.07709997 0.95679998
vt 0.87180001 0.99949998
vt 0.14695001 0.97500002
vt 0.12819991 0.99949998
vt 0.85299999 0.97500002
vt 0.85299999 0.97500002
vt 0.92290002 0.95679998
vt 0.92290002 0.95679998
vt 0.97430003 0.88789999
vt 0.97430003 0.11210001
vt 0.99949998 0.90799999
vt 0.99949998 0.09200001
vt 0.97430003 0.88799489
vt 0.92290002 0.04320002
vt 0.14700000 0.02499998
vt 0.07709997 0.04320002
vt 0.92290002 0.04320002
vt 0.14700000 0.02499998
vt 0.87180001 0.00050002
vt 0.12819991 0.00050002
vt 0.85304999 0.02499998
vt 0.07709997 0.04320002
vt 0.05460000 0.01959997
vt 0.02569997 0.11210001
vt 0.02569997 0.11210001
vt 0.05460000 0.01959997
vt 0.00050000 0.09200001
vt 0.07709997 0.95679998
vt 0.02569997 0.88789999
vt 0.00050000 0.90799999
vt 0.14700000 0.97500002
vt 0.07709997 0.95679998
vt 0.05460000 0.98040003
vt 0.14700000 0.97500002
vt 0.05460000 0.98040003
vt 0.92290002 0.95679998
vt 0.97430003 0.88789999
vt 0.92290002 0.95679998
vt 0.94540000 0.98040003
vt 0.97430003 0.88789999
vt 0.94540000 0.98040003
vt 0.99949998 0.90799999
vt 0.97430003 0.11210001
vt 0.99949998 0.09200001
vt 0.92290002 0.04320002
vt 0.07709997 0.04320002
vt 0.94540000 0.01959997
vt 0.85299999 0.02499998
vt 0.92290002 0.04320002
vt 0.94540000 0.01959997
vt 0.85299999 0.02499998
vt 0.12819991 0.00050002
vt 0.05460000 0.01959997
vt 0.07709997 0.04320002
vt 0.07709997 0.95679998
vt 0.00050000 0.90799999
vt 0.05460000 0.98040003
vt 0.94540000 0.98040003
vt 0.92290002 0.95679998
vt 0.87180001 0.99949998
vt 0.92290002 0.04320002
vt 0.99949998 0.09200001
vt 0.94540000 0.01959997
vt 0.05436835 0.01822221
vt 0.86960000 0.00047672
vt 0.13040000 0.00047672
vt 0.94569349 0.01822221
vt 0.00046363 0.09219998
vt 0.99951577 0.09219998
vt 0.00046363 0.90780002
vt 0.99951577 0.90780002
vt 0.05436835 0.98154742
vt 0.94569349 0.98154742
vt 0.13040000 0.99952334
vt 0.86960000 0.99952334
vt 4.96591091 -2.17170000
vt 0.03408905 -1.19099998
vt 4.96591091 -1.19099998
vt 0.03408905 -2.17170000
vt 4.96591091 -2.41989994
vt 0.03408905 -2.41989994
vt 2.72901797 -2.37634110
vt 2.76407003 -2.17174792
vt 2.84294510 -2.41990209
vt 2.54049993 -1.19099998
vt 2.55570006 -2.17050004
vt 2.28690004 -1.18510008
vt 2.38725090 -0.58017004
vt 2.25918293 -0.66313100
vt 4.73570013 -0.58010006
vt 4.96591091 -0.58010006
vt 0.03408905 -0.58010006
vt 2.23589706 -2.17174792
vt 2.27094197 -2.37634110
vt 2.15701389 -2.41990209
vt 2.45950007 -1.19099998
vt 2.44429994 -2.17050004
vt 2.71309996 -1.18510008
vt 2.61276889 -0.58017004
vt 2.74083400 -0.66313100
vt 2.84290004 -3.96591091
vt 2.63210011 0.73570001
vt 2.84290004 0.73570001
vt 2.63210011 -3.73570013
vt 2.72900009 0.96590000
vt 2.84290004 0.96590000
vt 4.73570013 -2.37630010
vt 4.96589994 -2.17050004
vt 4.96589994 -2.37630010
vt 4.73570013 -2.17050004
vt 4.96589994 -1.18510008
vt 4.96589994 -2.17050004
vt 4.73570013 -1.18510008
vt 4.96589994 -0.66310000
vt 4.96589994 -1.18510008
vt 2.84290004 0.73570001
vt 2.61269999 0.96590000
vt 2.74079990 0.96590000
vt 2.61269999 -3.73570013
vt 2.61269999 0.96591097
vt 2.84290004 -3.73570013
vt 2.61269999 -3.96589994
vt 2.74079990 -3.96589994
vt 0.26429999 -2.17050004
vt 0.03409999 -2.37630010
vt 0.03409999 -2.17050004
vt 0.26429999 -2.37630010
vt 2.72900009 -3.96589994
vt 2.84290004 -3.96589994
vt 0.03409999 -1.18510008
vt 0.03409999 -0.66310000
vt 0.26429999 -0.73500001
vt 0.26429999 -1.18510008
vt 0.03409999 -2.17050004
vt 0.26429999 -2.17050004
vt 4.73570013 -2.37630010
vt 4.73570013 -2.17050004
vt 4.96589994 -2.17050004
vt 4.73570013 -2.17050004
vt 4.73570013 -0.73500001
vt 4.73570013 -1.18510008
vt 0.26429999 -0.73500001
vt 4.73570013 -0.73500001
vt 0.26429999 -1.18510008
vt 4.73570013 -2.17050004
vt 0.26429999 -2.17050004
vt 4.96577311 -2.17170000
vt 0.03409905 -1.19099998
vt 4.96577311 -1.19099998
vt 0.03409905 -2.17170000
vt 4.96577311 -2.41989994
vt 0.03409905 -2.41989994
vt 2.38712502 -0.58017004
vt 2.28690004 -1.18510008
vt 2.25903296 -0.66313100
vt 2.55570006 -2.17050004
vt 2.54049993 -1.19099998
vt 2.76419997 -2.17174792
vt 2.72926688 -2.37634110
vt 2.84300208 -2.41990209
vt 4.73570013 -0.58010006
vt 4.96577311 -0.58010006
vt 0.03409905 -0.58010006
vt 2.71309996 -1.18510008
vt 2.61287498 -0.58017004
vt 2.74096704 -0.66313100
vt 2.44429994 -2.17050004
vt 2.45950007 -1.19099998
vt 2.23580003 -2.17174792
vt 2.27073312 -2.37634110
vt 2.15699792 -2.41990209
vt 2.63210011 -3.73570013
vt 2.84290004 0.73570001
vt 2.84290004 -3.96577311
vt 2.63210011 0.73570001
vt 2.84290004 0.96590000
vt 2.72900009 0.96590000
vt 4.96589994 -2.37630010
vt 4.73570013 -2.37630010
vt 4.96589994 -2.17050004
vt 4.96589994 -2.17050004
vt 4.73570013 -2.17050004
vt 4.96589994 -1.18510008
vt 4.73570013 -1.18510008
vt 4.96589994 -0.66310000
vt 2.74079990 0.96590000
vt 2.84290004 0.73570001
vt 2.61269999 0.96590000
vt 2.61269999 0.96590096
vt 2.84290004 -3.73570013
vt 2.61269999 -3.73570013
vt 2.74079990 -3.96589994
vt 2.61269999 -3.96589994
vt 0.03409999 -2.37630010
vt 0.03409999 -2.17050004
vt 0.26429999 -2.17050004
vt 2.84290004 -3.96589994
vt 2.72900009 -3.96589994
vt 0.03409999 -1.18510008
vt 0.03409999 -0.66310000
vt 0.26429999 -0.73500001
vt 0.03409999 -2.17050004
vt 0.26429999 -1.18510008
vt 4.73570013 -2.37630010
vt 4.73570013 -2.17050004
vt 0.26429999 -2.37630010
vt 4.96589994 -2.17050004
vt 4.73570013 -0.73500001
vt 4.73570013 -1.18510008
vt 0.26429999 -0.73500001
vt 4.73570013 -0.73500001
vt 0.26429999 -1.18510008
vt 0.26429999 -2.17050004
vt 4.73570013 -2.17050004
vt 0.26429999 -2.17050004
vt 1.76110005 -3.86267614
vt 3.16641903 -3.99993992
vt 1.76110005 -3.99993992
vt 3.16641903 0.86251557
vt 1.76110005 0.99997592
vt 3.16641903 0.99997592
vt 1.83355904 -1.15487289
vt 1.84175599 -1.65870309
vt 1.76069999 -1.42910004
vt 3.23875308 -1.15534592
vt 2.03620005 -1.73490000
vt 2.37932706 -1.71135998
vt 2.72212505 -1.63170099
vt 3.14432812 -1.46728897
vt 3.23909092 -1.35113311
vt 5.00000000 -1.42910004
vt 4.86250019 -1.15490007
vt 5.00000000 -1.15490007
vt 4.86251593 -1.48819995
vt 0.00006003 -1.15490007
vt 4.86251593 -1.15490007
vt 0.13732430 -1.48819995
vt 3.15821099 -1.65862107
vt 3.16641903 -1.15490007
vt 3.23927903 -1.42909288
vt 1.76110005 -1.15490007
vt 2.96374893 -1.73473597
vt 2.62059093 -1.71108603
vt 2.27776408 -1.63132811
vt 1.85552704 -1.46680903
vt 1.76076305 -1.29156709
vt 5.00000000 -1.29159999
vt 4.86250019 -1.15490007
vt 5.00000000 -1.15490007
vt 4.86267614 -1.35069990
vt 0.00002408 -1.15490007
vt 4.86267614 -1.15490007
vt 0.00002408 -1.35069990
vt 2.37910008 1.00000000
vt 2.03620005 0.86250001
vt 2.03620005 1.00000000
vt 1.84159994 1.00000000
vt 2.03620005 0.86250001
vt 1.84159994 0.86250001
vt 2.03620005 1.00000000
vt 5.00011015 -1.65859389
vt 4.86260986 -1.48809409
vt 5.00011015 -1.42899704
vt 4.86260986 -1.71769404
vt 0.13750000 -1.52600002
vt -0.00000000 -1.46690011
vt -0.00000000 -1.35069990
vt 3.14429998 1.00000000
vt 3.14429998 0.86250001
vt 2.72210002 1.00000000
vt 2.72210002 1.00000000
vt 2.37910008 0.86250001
vt 2.37910008 1.00000000
vt 4.86250019 -1.48819995
vt 4.86250019 -1.71779990
vt 4.59569979 -1.48819995
vt 4.86250019 -1.48819995
vt 4.59569979 -1.76900005
vt 0.13732430 -1.48819995
vt 0.40430000 -1.76900005
vt 0.13750000 -1.48819995
vt 0.00000000 -1.42910004
vt 0.00000000 -1.15490007
vt 2.37904191 -3.86245918
vt 2.72204089 -3.99995899
vt 2.37904096 -3.99995804
vt 2.72204208 -3.86245918
vt 2.72210002 -3.86250019
vt 3.14429998 -4.00000000
vt 2.72210002 -4.00000000
vt 5.00000000 -1.46690011
vt 4.86250019 -1.35069990
vt 5.00000000 -1.29159999
vt 0.13771830 -1.48807907
vt 0.00021788 -1.65857601
vt 0.00021844 -1.42897892
vt 0.13771790 -1.71767902
vt 1.84159994 -3.86250019
vt 2.03620005 -4.00000000
vt 1.84159994 -4.00000000
vt 2.03620005 -3.86250019
vt 2.03642297 -3.86282301
vt 2.37932396 -4.00031996
vt 2.03642392 -4.00032282
vt 2.37932301 -3.86282110
vt 4.86250019 -1.35069990
vt 4.86250019 -1.15490007
vt 5.00000000 -1.29159999
vt 4.59569979 -1.56389999
vt 0.13748440 -1.35069990
vt 4.59569979 -1.35069990
vt 0.40430000 -1.56389999
vt 0.00000000 -1.35069990
vt 0.13750000 -1.35069990
vt 4.86250019 -1.52600002
vt 4.86250019 -1.35069990
vt 2.37910008 1.00000000
vt 2.03620005 0.86250001
vt 2.03620005 0.59570003
vt 2.72210002 1.00000000
vt 3.14429998 0.86250001
vt 2.72210002 0.86250001
vt 2.72210002 1.00000000
vt 2.37910008 0.86250001
vt 1.84159994 0.59570003
vt 2.03620005 -3.59569979
vt 1.84159994 -3.59569979
vt 2.03620005 0.59570003
vt 0.13750000 -1.71779990
vt 0.13750000 -1.48819995
vt 2.37910008 -3.59569979
vt 2.37910008 -3.86250019
vt 2.72210002 -3.59569979
vt 3.14429998 -3.86250019
vt 3.14429998 -4.00000000
vt 5.00000000 -1.46690011
vt 1.84155297 -3.59617996
vt 2.03615499 -3.86297894
vt 1.84155703 -3.86297894
vt 2.03615308 -3.59617901
vt 2.03620005 -3.86250019
vt 2.72210002 0.59570003
vt 3.14429998 -3.59569979
vt 3.14429998 0.59570003
vt 2.03620005 0.59570003
vt 1.84159994 0.86250001
vt 2.37910008 0.59570003
vt 2.03620005 0.59570003
vt 2.03620005 -3.59569979
vt 2.03620005 -3.86250019
vt 3.16668105 0.86251599
vt 1.76110005 1.00001252
vt 3.16668105 1.00001252
vt 1.76110005 -3.86251879
vt 3.16668105 -4.00001192
vt 1.76110005 -4.00001192
vt 3.14460206 -1.46728897
vt 3.23930192 -1.15534592
vt 3.23963404 -1.35113311
vt 1.83330095 -1.15487289
vt 2.72236109 -1.63170099
vt 2.37929797 -1.71135998
vt 2.03620005 -1.73490000
vt 1.84161699 -1.65870309
vt 1.76069999 -1.42910004
vt 5.00000000 -1.42910004
vt 4.86250019 -1.15490007
vt 5.00000000 -1.15490007
vt 4.86251593 -1.48819995
vt -0.00001250 -1.15490007
vt 4.86251593 -1.15490007
vt 0.13748071 -1.48819995
vt 1.76110005 -1.15490007
vt 1.85575604 -1.46680903
vt 1.76076305 -1.29156709
vt 3.16668105 -1.15490007
vt 2.27786207 -1.63132811
vt 2.62085199 -1.71108603
vt 2.96381402 -1.73473597
vt 3.15834188 -1.65862107
vt 3.23924708 -1.42909288
vt 5.00000000 -1.29159999
vt 4.86250019 -1.15490007
vt 5.00000000 -1.15490007
vt 4.86251879 -1.35069990
vt -0.00001250 -1.15490007
vt 4.86251879 -1.15490007
vt -0.00001250 -1.35069990
vt 2.03620005 0.86250001
vt 2.03620005 1.00000000
vt 2.37910008 1.00000000
vt 2.03620005 0.86250001
vt 1.84159994 1.00000000
vt 2.03620005 1.00000000
vt 1.84159994 0.86250001
vt 5.00003815 -1.65869999
vt 4.86253786 -1.48819995
vt 5.00003815 -1.42910290
vt 4.86253786 -1.71779990
vt 0.13750000 -1.52600002
vt 0.00000000 -1.46690011
vt 0.00000000 -1.35069990
vt 3.14393806 0.86257941
vt 2.72173691 1.00007319
vt 3.14393592 1.00007963
vt 2.72174096 0.86257499
vt 2.37910008 0.86250001
vt 2.37910008 1.00000000
vt 2.72210002 1.00000000
vt 4.86250019 -1.48819995
vt 4.86250019 -1.71779990
vt 4.59569979 -1.48819995
vt 4.86250019 -1.48819995
vt 4.59569979 -1.76900005
vt 0.13748071 -1.48819995
vt 0.40430000 -1.76900005
vt 0.13750000 -1.48819995
vt 0.00000000 -1.42910004
vt 0.00000000 -1.15490007
vt 2.72213101 -3.99989414
vt 2.37913299 -3.86239386
vt 2.72213197 -3.86239386
vt 2.37913203 -3.99989319
vt 2.72210002 -4.00000000
vt 2.72210002 -3.86250019
vt 3.14429998 -4.00000000
vt 4.99985409 -1.46689701
vt 4.86235523 -1.35069704
vt 4.99985504 -1.29159689
vt 4.86235523 -1.52598906
vt 0.13752259 -1.48823500
vt 0.00002215 -1.65873194
vt 0.00002271 -1.42913508
vt 0.13752221 -1.71783495
vt 2.03620005 -4.00000000
vt 1.84159994 -3.86250019
vt 2.03620005 -3.86250019
vt 1.84159994 -4.00000000
vt 2.37891793 -3.99995613
vt 2.03601694 -3.86245918
vt 2.37891698 -3.86245823
vt 2.03601789 -3.99995899
vt 4.86250019 -1.35069990
vt 4.86250019 -1.15490007
vt 5.00000000 -1.29159999
vt 4.59569979 -1.56389999
vt 0.13748400 -1.35069990
vt 4.59569979 -1.35069990
vt 0.40430000 -1.56389999
vt 0.00000000 -1.35069990
vt 0.13750000 -1.35069990
vt 4.86250019 -1.52600002
vt 4.86250019 -1.35069990
vt 2.03620005 0.86250001
vt 2.37910008 1.00000000
vt 2.03620005 0.59570003
vt 2.37910008 0.86250001
vt 2.72210002 1.00000000
vt 2.72210002 0.86250001
vt 3.14429998 0.59570003
vt 3.14429998 0.86250001
vt 2.03620005 -3.59569979
vt 1.84159994 0.59570003
vt 2.03620005 0.59570003
vt 1.84159994 -3.59569979
vt 0.13750000 -1.71779990
vt 0.13750000 -1.48819995
vt 2.72183204 -3.86265087
vt 2.37885904 -3.59585381
vt 2.72182894 -3.59585094
vt 2.37883210 -3.86265612
vt 3.14429998 -4.00000000
vt 3.14429998 -3.86250019
vt 2.03602004 -3.86254692
vt 1.84141898 -3.59574890
vt 2.03601789 -3.59574699
vt 1.84142303 -3.86254787
vt 2.03620005 -3.86250019
vt 2.37910008 -3.59569979
vt 2.37910008 -3.86250019
vt 3.14429998 -3.59569979
vt 2.72210002 0.59570003
vt 2.72210002 -3.59569979
vt 2.03620005 0.59570003
vt 1.84159994 0.86250001
vt 2.37910008 0.59570003
vt 2.03620005 0.59570003
vt 2.03620005 -3.59569979
vt 2.03620005 -3.86250019
vt 4.96577311 -2.17170000
vt 0.03409905 -1.19099998
vt 4.96577311 -1.19099998
vt 0.03409905 -2.17170000
vt 4.96577311 -2.41989994
vt 0.03409905 -2.41989994
vt 2.38725090 -0.58017004
vt 2.28690004 -1.18510008
vt 2.25918293 -0.66313100
vt 2.55570006 -2.17050004
vt 2.54049993 -1.19099998
vt 2.76407003 -2.17174792
vt 2.72905111 -2.37634110
vt 2.84294510 -2.41990209
vt 4.73570013 -0.58010006
vt 4.96577311 -0.58010006
vt 0.26429999 -0.58010006
vt 0.03409905 -0.58010006
vt 2.71309996 -1.18510008
vt 2.61274910 -0.58017004
vt 2.74081707 -0.66313100
vt 2.44429994 -2.17050004
vt 2.45950007 -1.19099998
vt 2.23592997 -2.17174792
vt 2.27094889 -2.37634110
vt 2.15705490 -2.41990209
vt 2.63210011 -3.73570013
vt 2.84290004 0.73570001
vt 2.84290004 -3.96577311
vt 2.63210011 0.73570001
vt 2.84290004 0.96590000
vt 2.72900009 0.96590000
vt 4.96589994 -2.37630010
vt 4.73570013 -2.37630010
vt 4.96589994 -2.17050004
vt 4.96589994 -1.18510008
vt 4.73570013 -2.17050004
vt 4.73570013 -1.18510008
vt 4.96589994 -2.17050004
vt 4.96589994 -0.66310000
vt 2.74079990 0.96590000
vt 2.84290004 0.73570001
vt 2.61269999 0.96590000
vt 2.61268401 0.73570049
vt 2.84288406 0.73570049
vt 2.84288406 -3.73570013
vt 2.61268497 0.96590143
vt 2.61269999 0.73570001
vt 2.84290004 -3.73570013
vt 2.61269999 -3.73570013
vt 2.74079990 -3.96589994
vt 2.61269999 -3.96589994
vt 0.03409999 -2.37630010
vt 0.03409999 -2.17050004
vt 0.26429999 -2.17050004
vt 2.84290004 -3.96589994
vt 2.72900009 -3.96589994
vt 0.03409999 -1.18510008
vt 0.03409999 -0.66310000
vt 0.26429999 -0.73500001
vt 0.26429999 -2.17050004
vt 0.26429999 -1.18510008
vt 0.03409999 -2.17050004
vt 4.73570013 -2.37630010
vt 0.26429999 -2.17050004
vt 4.73570013 -2.17050004
vt 0.26429999 -2.37630010
vt 4.96589994 -2.17050004
vt 4.73570013 -2.17050004
vt 0.26429999 -1.18510008
vt 4.73570013 -1.18510008
vt 0.26429999 -2.17050004
vt 4.73570013 -0.73500001
vt 0.26429999 -1.18510008
vt 0.26429999 -0.73500001
vt 4.73570013 -0.73500001
vt 0.03409999 -2.37630010
vt 4.73570013 -0.73500001
vt 0.05436835 0.01831639
vt 0.86960000 0.00052541
vt 0.13040000 0.00052541
vt 0.94569349 0.01831639
vt 0.00048425 0.09219998
vt 0.99951577 0.09219998
vt 0.00048425 0.90780002
vt 0.99951577 0.90780002
vt 0.05436835 0.98166054
vt 0.94569349 0.98166054
vt 0.13040000 0.99947464
vt 0.86960000 0.99947464
vt 1.76110005 -3.86267614
vt 3.16668105 -3.99993992
vt 1.76110005 -3.99993992
vt 3.16668105 0.86251557
vt 1.76110005 0.99997592
vt 3.16668105 0.99997592
vt 1.83332801 -1.15487289
vt 1.84159398 -1.65870309
vt 1.76069999 -1.42910004
vt 3.23931789 -1.15534592
vt 2.03620005 -1.73490000
vt 2.37926507 -1.71136093
vt 2.72233391 -1.63170099
vt 3.14462090 -1.46728992
vt 3.23962998 -1.35113311
vt 5.00000000 -1.42910004
vt 4.86250019 -1.15490007
vt 5.00000000 -1.15490007
vt 4.86251593 -1.48819995
vt 0.00006003 -1.15490007
vt 4.86251593 -1.15490007
vt 0.13732430 -1.48819995
vt 3.15842199 -1.65862107
vt 3.16668105 -1.15490007
vt 3.23929000 -1.42909288
vt 1.76110005 -1.15490007
vt 2.96387291 -1.73473597
vt 2.62090802 -1.71108603
vt 2.27793789 -1.63132811
vt 1.85577297 -1.46680903
vt 1.76078498 -1.29156709
vt 5.00000000 -1.29159999
vt 4.86250019 -1.15490007
vt 5.00000000 -1.15490007
vt 4.86267614 -1.35069990
vt 0.00002408 -1.15490007
vt 4.86267614 -1.15490007
vt 0.00002408 -1.35069990
vt 2.37910008 1.00000000
vt 2.03620005 0.86250001
vt 2.03620005 1.00000000
vt 1.84159994 1.00000000
vt 2.03620005 0.86250001
vt 1.84159994 0.86250001
vt 2.03620005 1.00000000
vt 5.00006914 -1.65862393
vt 4.86256886 -1.48812389
vt 5.00006914 -1.42902708
vt 4.86256886 -1.71772408
vt 0.13750000 -1.52600002
vt -0.00000000 -1.46690011
vt -0.00000000 -1.35069990
vt 3.14429998 1.00000000
vt 3.14429998 0.86250001
vt 2.72210002 1.00000000
vt 2.72210002 1.00000000
vt 2.37910008 0.86250001
vt 2.37910008 1.00000000
vt 4.86250019 -1.48819995
vt 4.86250019 -1.71779990
vt 4.59569979 -1.48819995
vt 4.86250019 -1.48819995
vt 4.59569979 -1.76900005
vt 0.13732430 -1.48819995
vt 0.40430000 -1.76900005
vt 0.13750000 -1.48819995
vt -0.00000000 -1.42910004
vt -0.00000000 -1.15490007
vt 2.37905097 -3.86251593
vt 2.72204995 -4.00001621
vt 2.37905002 -4.00001478
vt 2.72205091 -3.86251497
vt 2.72210002 -3.86250019
vt 3.14429998 -4.00000000
vt 2.72210002 -4.00000000
vt 4.99976110 -1.46724701
vt 4.86226177 -1.35104704
vt 4.99976301 -1.29194689
vt 4.86226177 -1.52633905
vt 0.13765170 -1.48810005
vt 0.00015119 -1.65859604
vt 0.00015175 -1.42899895
vt 0.13765121 -1.71770000
vt 1.84159994 -3.86250019
vt 2.03620005 -4.00000000
vt 1.84159994 -4.00000000
vt 2.03620005 -3.86250019
vt 2.03642702 -3.86275816
vt 2.37932801 -4.00025511
vt 2.03642797 -4.00025797
vt 2.37932706 -3.86275721
vt 4.86250019 -1.35069990
vt 4.86250019 -1.15490007
vt 5.00000000 -1.29159999
vt 4.59569979 -1.56389999
vt 0.13748440 -1.35069990
vt 4.59569979 -1.35069990
vt 0.40430000 -1.56389999
vt -0.00000000 -1.35069990
vt 0.13750000 -1.35069990
vt 4.86250019 -1.52600002
vt 4.86250019 -1.35069990
vt 2.37910008 1.00000000
vt 2.03620005 0.86250001
vt 2.03620005 0.59570003
vt 2.72210002 1.00000000
vt 3.14429998 0.86250001
vt 2.72210002 0.86250001
vt 2.72210002 1.00000000
vt 2.37910008 0.86250001
vt 1.84159994 0.59570003
vt 2.03620005 -3.59569979
vt 1.84159994 -3.59569979
vt 2.03620005 0.59570003
vt 0.13750000 -1.71779990
vt 0.13750000 -1.48819995
vt 2.37910008 -3.59569979
vt 2.37910008 -3.86250019
vt 2.72210002 -3.59569979
vt 3.14429998 -3.86250019
vt 3.14429998 -4.00000000
vt 1.84161401 -3.59603977
vt 2.03621602 -3.86283922
vt 1.84161794 -3.86283922
vt 2.03621411 -3.59603882
vt 2.03620005 -3.86250019
vt 2.72210002 0.59570003
vt 3.14429998 -3.59569979
vt 3.14429998 0.59570003
vt 2.03620005 0.59570003
vt 1.84159994 0.86250001
vt 2.37910008 0.59570003
vt 2.03620005 0.59570003
vt 2.03620005 -3.59569979
vt 2.03620005 -3.86250019
vt 4.96590090 -2.17170000
vt 0.03422650 -1.19099998
vt 4.96590090 -1.19099998
vt 0.03422650 -2.17170000
vt 4.96590090 -2.41989994
vt 0.03422650 -2.41989994
vt 2.72901607 -2.37634110
vt 2.76406407 -2.17174792
vt 2.84293795 -2.41990209
vt 2.54049993 -1.19099998
vt 2.55570006 -2.17050004
vt 2.28690004 -1.18510008
vt 2.38725305 -0.58017004
vt 2.25918293 -0.66313100
vt 4.73570013 -0.58010006
vt 4.96590090 -0.58010006
vt 0.03422650 -0.58010006
vt 2.23589993 -2.17174792
vt 2.27094007 -2.37634110
vt 2.15701699 -2.41990209
vt 2.45950007 -1.19099998
vt 2.44429994 -2.17050004
vt 2.71309996 -1.18510008
vt 2.61276889 -0.58017004
vt 2.74083591 -0.66313100
vt 2.84290004 -3.96590090
vt 2.63210011 0.73570001
vt 2.84290004 0.73570001
vt 2.63210011 -3.73570013
vt 2.72900009 0.96590000
vt 2.84290004 0.96590000
vt 4.73570013 -2.37630010
vt 4.96589994 -2.17050004
vt 4.96589994 -2.37630010
vt 4.73570013 -2.17050004
vt 4.96589994 -1.18510008
vt 4.96589994 -2.17050004
vt 4.73570013 -1.18510008
vt 4.96589994 -0.66310000
vt 4.96589994 -1.18510008
vt 2.84290004 0.73570001
vt 2.61269999 0.96590000
vt 2.74079990 0.96590000
vt 2.61269999 -3.73570013
vt 2.61269999 0.96577352
vt 2.84290004 -3.73570013
vt 2.61269999 -3.96589994
vt 2.74079990 -3.96589994
vt 0.03409999 -2.37630010
vt 0.03409999 -2.17050004
vt 0.26429999 -2.17050004
vt 2.72900009 -3.96589994
vt 2.84290004 -3.96589994
vt 0.03409999 -1.18510008
vt 0.03409999 -0.66310000
vt 0.26429999 -0.73500001
vt 0.26429999 -1.18510008
vt 0.03409999 -2.17050004
vt 0.26429999 -2.17050004
vt 4.73570013 -2.37630010
vt 0.26429999 -2.17050004
vt 4.73570013 -2.17050004
vt 0.26429999 -2.37630010
vt 4.96589994 -2.17050004
vt 4.73570013 -2.17050004
vt 4.73570013 -0.73500001
vt 4.73570013 -1.18510008
vt 0.26429999 -0.73500001
vt 4.73570013 -0.73500001
vt 0.26429999 -1.18510008
vt 0.03409999 -2.37630010
vt 4.73570013 -2.17050004
vt 0.26429999 -2.17050004
vt 0.94570631 0.01831430
vt 0.99953753 0.90780002
vt 0.99953753 0.09219998
vt 0.94570631 0.98168570
vt 0.86960000 0.00052279
vt 0.86960000 0.99950027
vt 0.13040000 0.00052279
vt 0.13040000 0.99950027
vt 0.05431438 0.01831430
vt 0.05431438 0.98168570
vt 0.00042331 0.09219998
vt 0.00042331 0.90780002
vt 0.12819991 0.09200001
vt 0.87180001 0.90799999
vt 0.87180001 0.09200001
vt 0.12819991 0.90799999
vt 0.02569997 0.11196011
vt 0.12819991 0.90799999
vt 0.12819991 0.09200001
vt 0.02569997 0.88789999
vt 0.12819991 0.90799999
vt 0.85306847 0.97500002
vt 0.87180001 0.90799999
vt 0.14700000 0.97500002
vt 0.87180001 0.09200001
vt 0.97430003 0.88803989
vt 0.97430003 0.11210001
vt 0.87180001 0.90799999
vt 0.85299999 0.02499998
vt 0.12819991 0.09200001
vt 0.87180001 0.09200001
vt 0.14693150 0.02499998
vt 0.02569997 0.11210001
vt 0.07709997 0.04320002
vt 0.00050000 0.90799999
vt 0.02569997 0.11196011
vt 0.00050000 0.09200001
vt 0.02569997 0.88789999
vt 0.07709997 0.95679998
vt 0.07709997 0.95679998
vt 0.85299999 0.97500002
vt 0.12819991 0.99949998
vt 0.87180001 0.99949998
vt 0.14693150 0.97500002
vt 0.85299999 0.97500002
vt 0.92290002 0.95679998
vt 0.92290002 0.95679998
vt 0.97430003 0.88789999
vt 0.97430003 0.11210001
vt 0.99949998 0.90799999
vt 0.99949998 0.09200001
vt 0.97430003 0.88803989
vt 0.92290002 0.04320002
vt 0.07709997 0.04320002
vt 0.14700000 0.02499998
vt 0.92290002 0.04320002
vt 0.14700000 0.02499998
vt 0.87180001 0.00050002
vt 0.12819991 0.00050002
vt 0.85306847 0.02499998
vt 0.02569997 0.11210001
vt 0.07709997 0.04320002
vt 0.05460000 0.01959997
vt 0.02569997 0.11210001
vt 0.05460000 0.01959997
vt 0.00050000 0.09200001
vt 0.07709997 0.95679998
vt 0.02569997 0.88789999
vt 0.00050000 0.90799999
vt 0.14700000 0.97500002
vt 0.07709997 0.95679998
vt 0.05460000 0.98040003
vt 0.14700000 0.97500002
vt 0.05460000 0.98040003
vt 0.92290002 0.95679998
vt 0.94540000 0.98040003
vt 0.97430003 0.88789999
vt 0.92290002 0.95679998
vt 0.94540000 0.98040003
vt 0.99949998 0.90799999
vt 0.97430003 0.88789999
vt 0.97430003 0.11210001
vt 0.99949998 0.09200001
vt 0.92290002 0.04320002
vt 0.07709997 0.04320002
vt 0.92290002 0.04320002
vt 0.94540000 0.01959997
vt 0.85299999 0.02499998
vt 0.85299999 0.02499998
vt 0.94540000 0.01959997
vt 0.07709997 0.04320002
vt 0.12819991 0.00050002
vt 0.05460000 0.01959997
vt 0.05460000 0.98040003
vt 0.07709997 0.95679998
vt 0.00050000 0.90799999
vt 0.92290002 0.95679998
vt 0.87180001 0.99949998
vt 0.94540000 0.98040003
vt 0.99949998 0.09200001
vt 0.94540000 0.01959997
vt 0.92290002 0.04320002
vt 0.03408737 -2.17170000
vt 4.96587992 -1.19099998
vt 4.96587992 -2.17170000
vt 0.03408737 -1.19099998
vt 0.26429999 -2.41989994
vt 4.96587992 -2.41989994
vt 0.03408737 -2.41989994
vt 2.54049993 -1.19099998
vt 2.25953388 -0.66313100
vt 2.38765502 -0.58017004
vt 2.28690004 -1.18510008
vt 2.55570006 -2.17050004
vt 2.76387501 -2.17174792
vt 2.72887301 -2.37634110
vt 2.84292102 -2.41990209
vt 4.96587992 -0.58010006
vt 4.73570013 -0.58010006
vt 0.03408737 -0.58010006
vt 2.74046612 -0.66313100
vt 2.45950007 -1.19099998
vt 2.61234498 -0.58017004
vt 2.71309996 -1.18510008
vt 2.44429994 -2.17050004
vt 2.23612499 -2.17174792
vt 2.27112699 -2.37634110
vt 2.15707898 -2.41990209
vt 2.63210011 -3.73570013
vt 2.84290004 0.73570001
vt 2.84290004 -3.96587992
vt 2.63210011 0.73570001
vt 2.72900009 0.96590000
vt 2.84290004 0.96590000
vt 4.73570013 -2.17050004
vt 4.96589994 -2.37630010
vt 4.73570013 -2.37630010
vt 4.96589994 -2.17050004
vt 4.96589994 -1.18510008
vt 4.96589994 -2.17050004
vt 4.73570013 -2.17050004
vt 4.96589994 -0.66310000
vt 4.73570013 -1.18510008
vt 2.84290004 0.73570001
vt 2.61269999 0.96590000
vt 2.74079990 0.96590000
vt 2.61269999 -3.73570013
vt 2.61269999 0.96591264
vt 2.84290004 -3.73570013
vt 2.74079990 -3.96589994
vt 2.61269999 -3.96589994
vt 0.03409999 -2.17050004
vt 0.26429999 -2.37630010
vt 0.03409999 -2.37630010
vt 0.26429999 -2.17050004
vt 2.84290004 -3.96589994
vt 2.72900009 -3.96589994
vt 0.26429999 -0.73500001
vt 0.03409999 -1.18510008
vt 0.03409999 -0.66310000
vt 0.26429999 -1.18510008
vt 0.03409999 -2.17050004
vt 4.73570013 -0.73500001
vt 0.26429999 -0.73500001
vt 4.73570013 -1.18510008
vt 0.26429999 -1.18510008
vt 4.73570013 -0.73500001
vt 0.26429999 -2.17050004
vt 4.73570013 -2.17050004
vt 0.26429999 -2.17050004
vt 0.94563162 0.98177785
vt 0.13040000 0.99952334
vt 0.86960000 0.99952334
vt 0.05430649 0.98177785
vt 0.99953640 0.90780002
vt 0.00048425 0.90780002
vt 0.99953640 0.09219998
vt 0.00048425 0.09219998
vt 0.94563162 0.01845258
vt 0.05430649 0.01845258
vt 0.86960000 0.00047672
vt 0.13040000 0.00047672
vt 4.96590090 -2.17170000
vt 0.03422650 -1.19099998
vt 4.96590090 -1.19099998
vt 0.03422650 -2.17170000
vt 4.96590090 -2.41989994
vt 0.03422650 -2.41989994
vt 2.72887301 -2.37634110
vt 2.76387501 -2.17174792
vt 2.84259391 -2.41990209
vt 2.54049993 -1.19099998
vt 2.55570006 -2.17050004
vt 2.28690004 -1.18510008
vt 2.38732791 -0.58017004
vt 2.25953388 -0.66313100
vt 4.73570013 -0.58010006
vt 4.96590090 -0.58010006
vt 0.03422650 -0.58010006
vt 2.23612499 -2.17174792
vt 2.27112699 -2.37634110
vt 2.15740609 -2.41990209
vt 2.45950007 -1.19099998
vt 2.44429994 -2.17050004
vt 2.71309996 -1.18510008
vt 2.61267209 -0.58017004
vt 2.74046612 -0.66313100
vt 2.84290004 -3.96590090
vt 2.63210011 0.73570001
vt 2.84290004 0.73570001
vt 2.63210011 -3.73570013
vt 2.72900009 0.96590000
vt 2.84290004 0.96590000
vt 4.96589994 -2.37630010
vt 4.73570013 -2.17050004
vt 4.96589994 -2.17050004
vt 4.73570013 -2.37630010
vt 4.73570013 -2.17050004
vt 4.96589994 -1.18510008
vt 4.96589994 -2.17050004
vt 4.73570013 -1.18510008
vt 4.96589994 -0.66310000
vt 2.84290004 0.73570001
vt 2.61269999 0.96590000
vt 2.74079990 0.96590000
vt 2.61269999 -3.73570013
vt 2.61269999 0.96577352
vt 2.84290004 -3.73570013
vt 2.61269999 -3.96589994
vt 2.74079990 -3.96589994
vt 0.26429999 -2.17050004
vt 0.03409999 -2.37630010
vt 0.03409999 -2.17050004
vt 0.26429999 -2.37630010
vt 2.72900009 -3.96589994
vt 2.84290004 -3.96589994
vt 0.03409999 -1.18510008
vt 0.03409999 -0.66310000
vt 0.26429999 -0.73500001
vt 0.03409999 -2.17050004
vt 0.26429999 -1.18510008
vt 4.73570013 -0.73500001
vt 4.73570013 -1.18510008
vt 0.26429999 -0.73500001
vt 4.73570013 -0.73500001
vt 0.26429999 -1.18510008
vt 0.26429999 -2.17050004
vt 4.73570013 -2.17050004
vt 0.26429999 -2.17050004
vt 1.76110005 -4.00001192
vt 3.16668105 0.86255050
vt 3.16668105 -4.00001192
vt 3.16668105 1.00001204
vt 1.76110005 1.00001204
vt 1.76110005 -3.86255121
vt 3.23963404 -1.35113311
vt 1.83330095 -1.15487289
vt 3.23930192 -1.15534592
vt 1.76069999 -1.42910004
vt 3.14460206 -1.46728897
vt 1.84161699 -1.65870309
vt 2.72236109 -1.63170099
vt 2.37929797 -1.71135998
vt 2.03620005 -1.73490000
vt 4.86250019 -1.15490007
vt 5.00000000 -1.15490007
vt 5.00000000 -1.42910004
vt 4.59569979 -1.48819995
vt 4.86255121 -1.15490007
vt 4.86255121 -1.48819995
vt -0.00001207 -1.15490007
vt 0.13744950 -1.48819995
vt 3.23929000 -1.42909288
vt 1.76110005 -1.15490007
vt 3.16668105 -1.15490007
vt 1.76078498 -1.29156709
vt 1.85580504 -1.46680903
vt 3.15842199 -1.65862107
vt 2.27793789 -1.63132811
vt 2.62090802 -1.71108603
vt 2.96390605 -1.73473597
vt 5.00000000 -1.15490007
vt 5.00000000 -1.29159999
vt 4.86250019 -1.15490007
vt -0.00001207 -1.15490007
vt 0.13744950 -1.35069990
vt -0.00001207 -1.35069990
vt 4.86255121 -1.15490007
vt 4.59569979 -1.35069990
vt 4.86255121 -1.35069990
vt 2.37939000 0.99962169
vt 2.03649306 0.86211729
vt 2.03648996 0.99961734
vt 2.37939310 0.86212277
vt 2.03620005 1.00000000
vt 1.84159994 0.86250001
vt 1.84159994 1.00000000
vt 2.03620005 0.86250001
vt 4.86256790 -1.71773195
vt 5.00006819 -1.42903495
vt 5.00006819 -1.65863299
vt 4.86256790 -1.48813200
vt 0.13750000 -1.52600002
vt -0.00000000 -1.46690011
vt -0.00000000 -1.35069990
vt 3.14429998 0.86250001
vt 2.72210002 1.00000000
vt 3.14429998 1.00000000
vt 2.72210002 1.00000000
vt 2.37910008 0.86250001
vt 2.37910008 1.00000000
vt 4.86250019 -1.48819995
vt 4.59569979 -1.48819995
vt 4.86250019 -1.48819995
vt 4.86250019 -1.71779990
vt 0.40430000 -1.76900005
vt 4.59569979 -1.76900005
vt 0.13744950 -1.48819995
vt 0.00000000 -1.15490007
vt 0.13750000 -1.48819995
vt 0.00000000 -1.42910004
vt 2.72206211 -3.86249304
vt 2.37906098 -3.99999189
vt 2.37906194 -3.86249304
vt 2.72206092 -3.99999285
vt 3.14429998 -4.00000000
vt 2.72210002 -4.00000000
vt 2.72210002 -3.86250019
vt 4.86226177 -1.35100794
vt 4.99976110 -1.46720791
vt 4.86226082 -1.52629995
vt 4.99976206 -1.29190803
vt 0.00013750 -1.65861511
vt 0.13763800 -1.48811793
vt 0.13763760 -1.71771789
vt 0.00013806 -1.42901802
vt 2.03620005 -3.86250019
vt 1.84159994 -4.00000000
vt 1.84159994 -3.86250019
vt 2.03620005 -4.00000000
vt 2.37926698 -3.86271811
vt 2.03636789 -4.00021982
vt 2.03636694 -3.86272001
vt 2.37926793 -4.00021696
vt 5.00000000 -1.29159999
vt 4.86250019 -1.35069990
vt 4.86250019 -1.15490007
vt 4.59569979 -1.35069990
vt 0.40430000 -1.56389999
vt 0.13744950 -1.35069990
vt 4.59569979 -1.56389999
vt 0.13750000 -1.35069990
vt 0.00000000 -1.35069990
vt 4.86250019 -1.35069990
vt 4.86250019 -1.52600002
vt 2.03620005 0.59570003
vt 2.03620005 0.86250001
vt 2.03620005 0.59570003
vt 3.14429998 0.86250001
vt 2.72210002 0.86250001
vt 2.72210002 1.00000000
vt 2.37910008 0.86250001
vt 2.72210002 1.00000000
vt 2.03620005 0.59570003
vt 1.84159994 -3.59569979
vt 1.84159994 0.59570003
vt 2.03620005 -3.59569979
vt 0.13750000 -1.48819995
vt 0.13750000 -1.71779990
vt 2.72210002 -3.59569979
vt 2.37910008 -3.86250019
vt 2.37910008 -3.59569979
vt 3.14429998 -4.00000000
vt 3.14429998 -3.86250019
vt 2.03618002 -3.59600782
vt 1.84158397 -3.86280918
vt 1.84158003 -3.59601021
vt 2.03618193 -3.86280823
vt 2.03620005 -3.86250019
vt 3.14429998 0.59570003
vt 2.72210002 0.59570003
vt 3.14429998 -3.59569979
vt 2.37910008 0.59570003
vt 2.03620005 0.59570003
vt 1.84159994 0.86250001
vt 2.03620005 -3.59569979
vt 2.03620005 -3.86250019
vt 3.16667795 0.86272848
vt 1.76110005 1.00000143
vt 3.16667795 1.00000143
vt 1.76110005 -3.86272907
vt 3.16667795 -4.00000095
vt 1.76110005 -4.00000095
vt 3.14460397 -1.46728897
vt 3.23929691 -1.15534592
vt 3.23963404 -1.35113311
vt 1.83329797 -1.15487289
vt 2.72236395 -1.63170099
vt 2.37929797 -1.71135998
vt 2.03620005 -1.73490000
vt 1.84161997 -1.65870309
vt 1.76069999 -1.42910004
vt 5.00000000 -1.42910004
vt 4.86250019 -1.15490007
vt 5.00000000 -1.15490007
vt 4.86272907 -1.48819995
vt -0.00000145 -1.15490007
vt 4.86272907 -1.15490007
vt 0.13727149 -1.48819995
vt 1.76110005 -1.15490007
vt 1.85575795 -1.46680903
vt 1.76076198 -1.29156709
vt 3.16667795 -1.15490007
vt 2.27786708 -1.63132811
vt 2.62082911 -1.71108603
vt 2.96382308 -1.73473597
vt 3.15834689 -1.65862107
vt 3.23924804 -1.42909288
vt 5.00000000 -1.29159999
vt 4.86250019 -1.15490007
vt 5.00000000 -1.15490007
vt 4.86272907 -1.35069990
vt -0.00000145 -1.15490007
vt 4.86272907 -1.15490007
vt -0.00000145 -1.35069990
vt 2.03620005 0.86250001
vt 2.03620005 1.00000000
vt 2.37910008 1.00000000
vt 2.03620005 0.86250001
vt 1.84159994 1.00000000
vt 2.03620005 1.00000000
vt 1.84159994 0.86250001
vt 5.00011396 -1.65866399
vt 4.86261415 -1.48816395
vt 5.00011396 -1.42906690
vt 4.86261320 -1.71776390
vt 0.13750000 -1.52600002
vt 0.00000000 -1.46690011
vt 0.00000000 -1.35069990
vt 3.14429998 0.86250001
vt 2.72210002 1.00000000
vt 3.14429998 1.00000000
vt 2.37910008 0.86250001
vt 2.37910008 1.00000000
vt 2.72210002 1.00000000
vt 4.86250019 -1.48819995
vt 4.86250019 -1.71779990
vt 4.59569979 -1.48819995
vt 4.86250019 -1.48819995
vt 4.59569979 -1.76900005
vt 0.13727149 -1.48819995
vt 0.40430000 -1.76900005
vt 0.13750000 -1.48819995
vt -0.00000000 -1.42910004
vt -0.00000000 -1.15490007
vt 2.72214007 -3.99973392
vt 2.37914109 -3.86223412
vt 2.72214007 -3.86223412
vt 2.37913990 -3.99973297
vt 2.72210002 -4.00000000
vt 2.72210002 -3.86250019
vt 3.14429998 -4.00000000
vt 5.00000000 -1.46690011
vt 4.86250019 -1.35069990
vt 5.00000000 -1.29159999
vt 0.13761809 -1.48823905
vt 0.00011760 -1.65873504
vt 0.00011816 -1.42913795
vt 0.13761771 -1.71783900
vt 2.03620005 -4.00000000
vt 1.84159994 -3.86250019
vt 2.03620005 -3.86250019
vt 1.84159994 -4.00000000
vt 2.37877488 -3.99999189
vt 2.03587389 -3.86249495
vt 2.37877393 -3.86249304
vt 2.03587508 -3.99999523
vt 4.86250019 -1.35069990
vt 4.86250019 -1.15490007
vt 5.00000000 -1.29159999
vt 4.59569979 -1.56389999
vt 0.13727149 -1.35069990
vt 4.59569979 -1.35069990
vt 0.40430000 -1.56389999
vt -0.00000000 -1.35069990
vt 0.13750000 -1.35069990
vt 4.86250019 -1.52600002
vt 4.86250019 -1.35069990
vt 2.03620005 0.86250001
vt 2.37910008 1.00000000
vt 2.03620005 0.59570003
vt 2.72210002 0.86250001
vt 2.72210002 1.00000000
vt 3.14429998 0.86250001
vt 2.37910008 0.86250001
vt 2.72210002 1.00000000
vt 2.03620005 -3.59569979
vt 1.84159994 0.59570003
vt 2.03620005 0.59570003
vt 1.84159994 -3.59569979
vt 0.13750000 -1.71779990
vt 0.13750000 -1.48819995
vt 2.37910008 -3.59569979
vt 2.72210002 -3.59569979
vt 2.37910008 -3.86250019
vt 3.14429998 -4.00000000
vt 3.14429998 -3.86250019
vt 5.00000000 -1.46690011
vt 1.84159994 -3.59569979
vt 2.03620005 -3.86250019
vt 3.14429998 -3.59569979
vt 2.72210002 0.59570003
vt 3.14429998 0.59570003
vt 2.03620005 0.59570003
vt 1.84159994 0.86250001
vt 2.37910008 0.59570003
vt 2.03620005 0.59570003
vt 2.03620005 -3.59569979
vt 2.03620005 -3.86250019
vt 2.03620005 -3.86250019
vt 0.03408737 -1.19099998
vt 4.96591282 -2.17170000
vt 0.03408737 -2.17170000
vt 4.96591282 -1.19099998
vt 0.26429999 -2.41989994
vt 0.03408737 -2.41989994
vt 4.96591282 -2.41989994
vt 2.54049993 -1.19099998
vt 2.25918293 -0.66313100
vt 2.38725090 -0.58017004
vt 2.28690004 -1.18510008
vt 2.55570006 -2.17050004
vt 2.76407003 -2.17174792
vt 2.72905111 -2.37634110
vt 2.84294510 -2.41990209
vt 0.03408737 -0.58010006
vt 4.73570013 -0.58010006
vt 4.96591282 -0.58010006
vt 2.74081707 -0.66313100
vt 2.45950007 -1.19099998
vt 2.61274910 -0.58017004
vt 2.71309996 -1.18510008
vt 2.44429994 -2.17050004
vt 2.23592997 -2.17174792
vt 2.27094889 -2.37634110
vt 2.15705490 -2.41990209
vt 2.84290004 0.73570001
vt 2.63210011 -3.73570013
vt 2.63210011 0.73570001
vt 2.84290004 -3.96591282
vt 2.72900009 0.96590000
vt 2.84290004 0.96590000
vt 4.73570013 -2.37630010
vt 4.96589994 -2.17050004
vt 4.96589994 -2.37630010
vt 4.73570013 -2.17050004
vt 4.96589994 -1.18510008
vt 4.96589994 -2.17050004
vt 4.73570013 -1.18510008
vt 4.96589994 -0.66310000
vt 2.61269999 0.96590000
vt 2.74079990 0.96590000
vt 2.84290004 0.73570001
vt 2.61269999 -3.73570013
vt 2.84290004 -3.73570013
vt 2.61269999 0.96591264
vt 2.74079990 -3.96589994
vt 2.61269999 -3.96589994
vt 0.03409999 -2.17050004
vt 0.26429999 -2.17050004
vt 0.03409999 -2.37630010
vt 2.84290004 -3.96589994
vt 2.72900009 -3.96589994
vt 0.03409999 -0.66310000
vt 0.26429999 -0.73500001
vt 0.03409999 -1.18510008
vt 0.03409999 -2.17050004
vt 0.26429999 -1.18510008
vt 0.26429999 -2.17050004
vt 0.26429999 -2.37630010
vt 4.73570013 -2.17050004
vt 4.73570013 -2.37630010
vt 0.26429999 -2.17050004
vt 4.96589994 -2.17050004
vt 0.26429999 -2.17050004
vt 4.73570013 -1.18510008
vt 4.73570013 -2.17050004
vt 0.26429999 -1.18510008
vt 4.73570013 -0.73500001
vt 4.73570013 -0.73500001
vt 0.26429999 -0.73500001
vt 0.03409999 -2.37630010
vt 4.96591091 -2.17170000
vt 0.03421978 -1.19099998
vt 4.96591091 -1.19099998
vt 0.03421978 -2.17170000
vt 4.96591091 -2.41989994
vt 0.03421978 -2.41989994
vt 2.72901797 -2.37634110
vt 2.76407003 -2.17174792
vt 2.84294510 -2.41990209
vt 2.54049993 -1.19099998
vt 2.55570006 -2.17050004
vt 2.28690004 -1.18510008
vt 2.38725090 -0.58017004
vt 2.25918293 -0.66313100
vt 4.73570013 -0.58010006
vt 4.96591091 -0.58010006
vt 0.03421978 -0.58010006
vt 2.23589706 -2.17174792
vt 2.27094197 -2.37634110
vt 2.15701389 -2.41990209
vt 2.45950007 -1.19099998
vt 2.44429994 -2.17050004
vt 2.71309996 -1.18510008
vt 2.61276889 -0.58017004
vt 2.74083400 -0.66313100
vt 2.84290004 -3.96591091
vt 2.63210011 0.73570001
vt 2.84290004 0.73570001
vt 2.63210011 -3.73570013
vt 2.72900009 0.96590000
vt 2.84290004 0.96590000
vt 4.73570013 -2.37630010
vt 4.96589994 -2.17050004
vt 4.96589994 -2.37630010
vt 4.73570013 -2.17050004
vt 4.96589994 -1.18510008
vt 4.96589994 -2.17050004
vt 4.73570013 -1.18510008
vt 4.96589994 -0.66310000
vt 4.96589994 -1.18510008
vt 2.84290004 0.73570001
vt 2.61269999 0.96590000
vt 2.74079990 0.96590000
vt 2.61269999 -3.73570013
vt 2.61269999 0.96578020
vt 2.84290004 -3.73570013
vt 2.61269999 -3.96589994
vt 2.74079990 -3.96589994
vt 0.26429999 -2.17050004
vt 0.03409999 -2.37630010
vt 0.03409999 -2.17050004
vt 0.26429999 -2.37630010
vt 2.72900009 -3.96589994
vt 2.84290004 -3.96589994
vt 0.03409999 -1.18510008
vt 0.03409999 -0.66310000
vt 0.26429999 -0.73500001
vt 0.26429999 -1.18510008
vt 0.03409999 -2.17050004
vt 0.26429999 -2.17050004
vt 4.73570013 -2.37630010
vt 4.73570013 -2.17050004
vt 4.96589994 -2.17050004
vt 4.73570013 -2.17050004
vt 4.73570013 -0.73500001
vt 4.73570013 -1.18510008
vt 0.26429999 -0.73500001
vt 4.73570013 -0.73500001
vt 0.26429999 -1.18510008
vt 4.73570013 -2.17050004
vt 0.26429999 -2.17050004
vt 4.96577311 -2.17170000
vt 0.03422650 -1.19099998
vt 4.96577311 -1.19099998
vt 0.03422650 -2.17170000
vt 4.96577311 -2.41989994
vt 0.03422650 -2.41989994
vt 2.72904611 -2.37634110
vt 2.76406693 -2.17174792
vt 2.84293795 -2.41990209
vt 2.54049993 -1.19099998
vt 2.55570006 -2.17050004
vt 2.28690004 -1.18510008
vt 2.38725305 -0.58017004
vt 2.25918603 -0.66313100
vt 4.73570013 -0.58010006
vt 4.96577311 -0.58010006
vt 0.03422650 -0.58010006
vt 2.23593307 -2.17174792
vt 2.27095389 -2.37634110
vt 2.15706205 -2.41990209
vt 2.45950007 -1.19099998
vt 2.44429994 -2.17050004
vt 2.71309996 -1.18510008
vt 2.61274695 -0.58017004
vt 2.74081397 -0.66313100
vt 2.84290004 -3.96577311
vt 2.63210011 0.73570001
vt 2.84290004 0.73570001
vt 2.63210011 -3.73570013
vt 2.72900009 0.96590000
vt 2.84290004 0.96590000
vt 4.73570013 -2.37630010
vt 4.96589994 -2.17050004
vt 4.96589994 -2.37630010
vt 4.96614504 -2.17058706
vt 4.73594713 -1.18518710
vt 4.96614599 -1.18518710
vt 4.73594522 -2.17058706
vt 4.73570013 -1.18510008
vt 4.96589994 -0.66310000
vt 4.96589994 -1.18510008
vt 2.84290004 0.73570001
vt 2.61269999 0.96590000
vt 2.74079990 0.96590000
vt 2.61269999 -3.73570013
vt 2.61269999 0.96577352
vt 2.84290004 -3.73570013
vt 2.61269999 -3.96589994
vt 2.74079990 -3.96589994
vt 0.03409999 -2.37630010
vt 0.03409999 -2.17050004
vt 0.26429999 -2.17050004
vt 2.72900009 -3.96589994
vt 2.84290004 -3.96589994
vt 0.03409999 -1.18510008
vt 0.03409999 -0.66310000
vt 0.26429999 -0.73500001
vt 0.26424301 -1.18500710
vt 0.03404438 -2.17040706
vt 0.03404408 -1.18500590
vt 0.26424441 -2.17040706
vt 4.73570013 -2.37630010
vt 0.26429999 -2.17050004
vt 4.73570013 -2.17050004
vt 0.26429999 -2.37630010
vt 4.96589994 -2.17050004
vt 4.73570013 -2.17050004
vt 0.26429999 -1.18510008
vt 4.73570013 -1.18510008
vt 0.26429999 -2.17050004
vt 4.73570013 -0.73500001
vt 0.26429999 -0.73500001
vt 4.73570013 -0.73500001
vt 0.03409999 -2.37630010
vt 0.26429999 -1.18510008
vt 0.12819991 0.90799999
vt 0.87180001 0.09200001
vt 0.12819991 0.09200001
vt 0.87180001 0.90799999
vt 0.02569997 0.11199713
vt 0.12819991 0.90799999
vt 0.12819991 0.09200001
vt 0.02569997 0.88789999
vt 0.14700000 0.97500002
vt 0.87180001 0.90799999
vt 0.12819991 0.90799999
vt 0.85306948 0.97500002
vt 0.87180001 0.90799999
vt 0.97430003 0.11210001
vt 0.87180001 0.09200001
vt 0.97430003 0.88800287
vt 0.12819991 0.09200001
vt 0.85299999 0.02499998
vt 0.14693050 0.02499998
vt 0.87180001 0.09200001
vt 0.02569997 0.11210001
vt 0.07709997 0.04320002
vt 0.02569997 0.88789999
vt 0.00050000 0.09200001
vt 0.00050000 0.90799999
vt 0.02569997 0.11199713
vt 0.07709997 0.95679998
vt 0.07709997 0.95679998
vt 0.87180001 0.99949998
vt 0.14693050 0.97500002
vt 0.12819991 0.99949998
vt 0.85299999 0.97500002
vt 0.85299999 0.97500002
vt 0.92290002 0.95679998
vt 0.92290002 0.95679998
vt 0.97430003 0.88789999
vt 0.97430003 0.11210001
vt 0.99949998 0.90799999
vt 0.99949998 0.09200001
vt 0.97430003 0.88800287
vt 0.92290002 0.04320002
vt 0.14700000 0.02499998
vt 0.07709997 0.04320002
vt 0.92290002 0.04320002
vt 0.14700000 0.02499998
vt 0.87180001 0.00050002
vt 0.12819991 0.00050002
vt 0.85306948 0.02499998
vt 0.07709997 0.04320002
vt 0.05460000 0.01959997
vt 0.02569997 0.11210001
vt 0.02569997 0.11210001
vt 0.05460000 0.01959997
vt 0.00050000 0.09200001
vt 0.07709997 0.95679998
vt 0.02569997 0.88789999
vt 0.00050000 0.90799999
vt 0.14700000 0.97500002
vt 0.07709997 0.95679998
vt 0.05460000 0.98040003
vt 0.14700000 0.97500002
vt 0.05460000 0.98040003
vt 0.92290002 0.95679998
vt 0.97430003 0.88789999
vt 0.92290002 0.95679998
vt 0.94540000 0.98040003
vt 0.97430003 0.88789999
vt 0.94540000 0.98040003
vt 0.99949998 0.90799999
vt 0.97430003 0.11210001
vt 0.99949998 0.09200001
vt 0.92290002 0.04320002
vt 0.07709997 0.04320002
vt 0.94540000 0.01959997
vt 0.85299999 0.02499998
vt 0.92290002 0.04320002
vt 0.05460000 0.01959997
vt 0.07709997 0.95679998
vt 0.00050000 0.90799999
vt 0.05460000 0.98040003
vt 0.94540000 0.98040003
vt 0.92290002 0.95679998
vt 0.87180001 0.99949998
vt 0.92290002 0.04320002
vt 0.99949998 0.09200001
vt 0.94540000 0.01959997
vt 0.87180001 0.09200001
vt 0.12819991 0.90799999
vt 0.87180001 0.90799999
vt 0.12819991 0.09200001
vt 0.12819991 0.09200001
vt 0.02569997 0.88789999
vt 0.12819991 0.90799999
vt 0.02569997 0.11200851
vt 0.87180001 0.90799999
vt 0.14700000 0.97500002
vt 0.85304999 0.97500002
vt 0.12819991 0.90799999
vt 0.97430003 0.88799149
vt 0.87180001 0.09200001
vt 0.87180001 0.90799999
vt 0.97430003 0.11210001
vt 0.85299999 0.02499998
vt 0.12819991 0.09200001
vt 0.87180001 0.09200001
vt 0.14695001 0.02499998
vt 0.07709997 0.04320002
vt 0.02569997 0.11210001
vt 0.02569997 0.88789999
vt 0.00050000 0.09200001
vt 0.00050000 0.90799999
vt 0.02569997 0.11200851
vt 0.07709997 0.95679998
vt 0.07709997 0.95679998
vt 0.85299999 0.97500002
vt 0.12819991 0.99949998
vt 0.87180001 0.99949998
vt 0.14695001 0.97500002
vt 0.85299999 0.97500002
vt 0.92290002 0.95679998
vt 0.97430003 0.88789999
vt 0.92290002 0.95679998
vt 0.97430003 0.11210001
vt 0.99949998 0.90799999
vt 0.99949998 0.09200001
vt 0.97430003 0.88799149
vt 0.92290002 0.04320002
vt 0.14700000 0.02499998
vt 0.07709997 0.04320002
vt 0.92290002 0.04320002
vt 0.12819991 0.00050002
vt 0.85304999 0.02499998
vt 0.87180001 0.00050002
vt 0.14700000 0.02499998
vt 0.02569997 0.11210001
vt 0.07709997 0.04320002
vt 0.05460000 0.01959997
vt 0.02569997 0.11210001
vt 0.05460000 0.01959997
vt 0.00050000 0.09200001
vt 0.02569997 0.88789999
vt 0.00050000 0.90799999
vt 0.07709997 0.95679998
vt 0.05460000 0.98040003
vt 0.14700000 0.97500002
vt 0.07709997 0.95679998
vt 0.05460000 0.98040003
vt 0.14700000 0.97500002
vt 0.92290002 0.95679998
vt 0.92290002 0.95679998
vt 0.94540000 0.98040003
vt 0.97430003 0.88789999
vt 0.99949998 0.90799999
vt 0.92290002 0.04320002
vt 0.97430003 0.11210001
vt 0.99949998 0.09200001
vt 0.07709997 0.04320002
vt 0.85299999 0.02499998
vt 0.92290002 0.04320002
vt 0.94540000 0.01959997
vt 0.85299999 0.02499998
vt 0.94540000 0.01959997
vt 0.05460000 0.01959997
vt 0.07709997 0.04320002
vt 0.12819991 0.00050002
vt 0.07709997 0.95679998
vt 0.00050000 0.90799999
vt 0.05460000 0.98040003
vt 0.87180001 0.99949998
vt 0.94540000 0.98040003
vt 0.92290002 0.95679998
vt 0.92290002 0.04320002
vt 0.99949998 0.09200001
vt 0.94540000 0.01959997
vt 0.12819991 0.09200001
vt 0.87180001 0.90799999
vt 0.87180001 0.09200001
vt 0.12819991 0.90799999
vt 0.02569997 0.11196011
vt 0.12819991 0.90799999
vt 0.12819991 0.09200001
vt 0.02569997 0.88789999
vt 0.12819991 0.90799999
vt 0.85306728 0.97500002
vt 0.87180001 0.90799999
vt 0.14700000 0.97500002
vt 0.87180001 0.09200001
vt 0.97430003 0.88803989
vt 0.97430003 0.11210001
vt 0.87180001 0.90799999
vt 0.85299999 0.02499998
vt 0.12819991 0.09200001
vt 0.87180001 0.09200001
vt 0.14693271 0.02499998
vt 0.02569997 0.11210001
vt 0.07709997 0.04320002
vt 0.00050000 0.90799999
vt 0.02569997 0.11196011
vt 0.00050000 0.09200001
vt 0.02569997 0.88789999
vt 0.07709997 0.95679998
vt 0.07709997 0.95679998
vt 0.85299999 0.97500002
vt 0.12819991 0.99949998
vt 0.87180001 0.99949998
vt 0.14693271 0.97500002
vt 0.85299999 0.97500002
vt 0.92290002 0.95679998
vt 0.92290002 0.95679998
vt 0.97430003 0.88789999
vt 0.97430003 0.11210001
vt 0.99949998 0.90799999
vt 0.99949998 0.09200001
vt 0.97430003 0.88803989
vt 0.92290002 0.04320002
vt 0.07709997 0.04320002
vt 0.14700000 0.02499998
vt 0.92290002 0.04320002
vt 0.14700000 0.02499998
vt 0.87180001 0.00050002
vt 0.12819991 0.00050002
vt 0.85306728 0.02499998
vt 0.02569997 0.11210001
vt 0.07709997 0.04320002
vt 0.05460000 0.01959997
vt 0.02569997 0.11210001
vt 0.05460000 0.01959997
vt 0.00050000 0.09200001
vt 0.07709997 0.95679998
vt 0.02569997 0.88789999
vt 0.00050000 0.90799999
vt 0.14700000 0.97500002
vt 0.07709997 0.95679998
vt 0.05460000 0.98040003
vt 0.14700000 0.97500002
vt 0.05460000 0.98040003
vt 0.92290002 0.95679998
vt 0.94540000 0.98040003
vt 0.97430003 0.88789999
vt 0.92290002 0.95679998
vt 0.94540000 0.98040003
vt 0.99949998 0.90799999
vt 0.97430003 0.88789999
vt 0.97430003 0.11210001
vt 0.99949998 0.09200001
vt 0.92290002 0.04320002
vt 0.07709997 0.04320002
vt 0.92290002 0.04320002
vt 0.94540000 0.01959997
vt 0.85299999 0.02499998
vt 0.85299999 0.02499998
vt 0.94540000 0.01959997
vt 0.07709997 0.04320002
vt 0.12819991 0.00050002
vt 0.05460000 0.01959997
vt 0.05460000 0.98040003
vt 0.07709997 0.95679998
vt 0.00050000 0.90799999
vt 0.92290002 0.95679998
vt 0.87180001 0.99949998
vt 0.94540000 0.98040003
vt 0.99949998 0.09200001
vt 0.94540000 0.01959997
vt 0.92290002 0.04320002
vt 0.05429375 0.01822221
vt 0.86960000 0.00047672
vt 0.13040000 0.00047672
vt 0.94570631 0.01822221
vt 0.00046250 0.09219998
vt 0.99953753 0.09219998
vt 0.00046250 0.90780002
vt 0.99953753 0.90780002
vt 0.05429375 0.98177785
vt 0.94570631 0.98177785
vt 0.13040000 0.99952334
vt 0.86960000 0.99952334
vt 0.87180001 0.09200001
vt 0.12819991 0.90799999
vt 0.87180001 0.90799999
vt 0.12819991 0.09200001
vt 0.12819991 0.09200001
vt 0.02569997 0.88789999
vt 0.12819991 0.90799999
vt 0.02569997 0.11195779
vt 0.87180001 0.90799999
vt 0.14700000 0.97500002
vt 0.85304999 0.97500002
vt 0.12819991 0.90799999
vt 0.97430003 0.88804221
vt 0.87180001 0.09200001
vt 0.87180001 0.90799999
vt 0.97430003 0.11210001
vt 0.85299999 0.02499998
vt 0.12819991 0.09200001
vt 0.87180001 0.09200001
vt 0.14695001 0.02499998
vt 0.07709997 0.04320002
vt 0.02569997 0.11210001
vt 0.02569997 0.88789999
vt 0.00050000 0.09200001
vt 0.00050000 0.90799999
vt 0.02569997 0.11195779
vt 0.07709997 0.95679998
vt 0.07709997 0.95679998
vt 0.85299999 0.97500002
vt 0.12819991 0.99949998
vt 0.87180001 0.99949998
vt 0.14695001 0.97500002
vt 0.85299999 0.97500002
vt 0.92290002 0.95679998
vt 0.97430003 0.88789999
vt 0.92290002 0.95679998
vt 0.97430003 0.11210001
vt 0.99949998 0.90799999
vt 0.99949998 0.09200001
vt 0.97430003 0.88804221
vt 0.92290002 0.04320002
vt 0.14700000 0.02499998
vt 0.07709997 0.04320002
vt 0.92290002 0.04320002
vt 0.12819991 0.00050002
vt 0.85304999 0.02499998
vt 0.87180001 0.00050002
vt 0.14700000 0.02499998
vt 0.00050688 0.09185541
vt 0.07713457 0.04313087
vt 0.05460721 0.01945567
vt 0.02570646 0.11195600
vt 0.02569997 0.88789999
vt 0.00050000 0.90799999
vt 0.07709997 0.95679998
vt 0.05460000 0.98040003
vt 0.14700000 0.97500002
vt 0.07709997 0.95679998
vt 0.05460000 0.98040003
vt 0.14700000 0.97500002
vt 0.92290002 0.95679998
vt 0.92290002 0.95679998
vt 0.94540000 0.98040003
vt 0.97430003 0.88789999
vt 0.97430003 0.88789999
vt 0.94540000 0.98040003
vt 0.99949998 0.90799999
vt 0.92290002 0.04320002
vt 0.97430003 0.11210001
vt 0.99949998 0.09200001
vt 0.07709997 0.04320002
vt 0.85299999 0.02499998
vt 0.92290002 0.04320002
vt 0.94540000 0.01959997
vt 0.85299999 0.02499998
vt 0.94540000 0.01959997
vt 0.05460000 0.01959997
vt 0.07709997 0.04320002
vt 0.12819991 0.00050002
vt 0.07709997 0.95679998
vt 0.00050000 0.90799999
vt 0.05460000 0.98040003
vt 0.87180001 0.99949998
vt 0.94540000 0.98040003
vt 0.92290002 0.95679998
vt 0.92290002 0.04320002
vt 0.99949998 0.09200001
vt 0.94540000 0.01959997
vt 0.12819991 0.90799999
vt 0.87180001 0.09200001
vt 0.12819991 0.09200001
vt 0.87180001 0.90799999
vt 0.02569997 0.11198199
vt 0.12819991 0.90799999
vt 0.12819991 0.09200001
vt 0.02569997 0.88789999
vt 0.14700000 0.97500002
vt 0.87180001 0.90799999
vt 0.12819991 0.90799999
vt 0.85304999 0.97500002
vt 0.87180001 0.90799999
vt 0.97430003 0.11210001
vt 0.87180001 0.09200001
vt 0.97430003 0.88801801
vt 0.12819991 0.09200001
vt 0.85299999 0.02499998
vt 0.14695001 0.02499998
vt 0.87180001 0.09200001
vt 0.02569997 0.11210001
vt 0.07709997 0.04320002
vt 0.02569997 0.88789999
vt 0.00050000 0.09200001
vt 0.00050000 0.90799999
vt 0.02569997 0.11198199
vt 0.07709997 0.95679998
vt 0.07709997 0.95679998
vt 0.87180001 0.99949998
vt 0.14695001 0.97500002
vt 0.12819991 0.99949998
vt 0.85299999 0.97500002
vt 0.85299999 0.97500002
vt 0.92290002 0.95679998
vt 0.92290002 0.95679998
vt 0.97430003 0.88789999
vt 0.97430003 0.11210001
vt 0.99949998 0.90799999
vt 0.99949998 0.09200001
vt 0.97430003 0.88801801
vt 0.92290002 0.04320002
vt 0.14700000 0.02499998
vt 0.07709997 0.04320002
vt 0.92290002 0.04320002
vt 0.14700000 0.02499998
vt 0.87180001 0.00050002
vt 0.12819991 0.00050002
vt 0.85304999 0.02499998
vt 0.07709997 0.04320002
vt 0.05460000 0.01959997
vt 0.02569997 0.11210001
vt 0.02569997 0.11210001
vt 0.05460000 0.01959997
vt 0.00050000 0.09200001
vt 0.07709997 0.95679998
vt 0.02569997 0.88789999
vt 0.00050000 0.90799999
vt 0.14700000 0.97500002
vt 0.07709997 0.95679998
vt 0.05460000 0.98040003
vt 0.14700000 0.97500002
vt 0.05460000 0.98040003
vt 0.92290002 0.95679998
vt 0.97430003 0.88789999
vt 0.92290002 0.95679998
vt 0.94540000 0.98040003
vt 0.97430003 0.88789999
vt 0.94540000 0.98040003
vt 0.99949998 0.90799999
vt 0.97430003 0.11210001
vt 0.99949998 0.09200001
vt 0.92290002 0.04320002
vt 0.07709997 0.04320002
vt 0.94540000 0.01959997
vt 0.85299999 0.02499998
vt 0.92290002 0.04320002
vt 0.94540000 0.01959997
vt 0.85299999 0.02499998
vt 0.12819991 0.00050002
vt 0.05460000 0.01959997
vt 0.07709997 0.04320002
vt 0.07709997 0.95679998
vt 0.00050000 0.90799999
vt 0.05460000 0.98040003
vt 0.94540000 0.98040003
vt 0.92290002 0.95679998
vt 0.87180001 0.99949998
vt 0.92290002 0.04320002
vt 0.99949998 0.09200001
vt 0.94540000 0.01959997
vt 3.16668105 0.86272228
vt 1.76110005 1.00031877
vt 3.16668105 1.00031877
vt 1.76110005 -3.86252308
vt 3.16668105 -3.99998903
vt 1.76110005 -3.99998903
vt 3.14460206 -1.46728897
vt 3.23930192 -1.15534592
vt 3.23963404 -1.35113311
vt 1.83330095 -1.15487289
vt 2.72236109 -1.63170099
vt 2.37929797 -1.71135998
vt 2.03620005 -1.73490000
vt 1.84161699 -1.65870309
vt 1.76069999 -1.42910004
vt 5.00000000 -1.42910004
vt 4.86250019 -1.15490007
vt 5.00000000 -1.15490007
vt 4.86272192 -1.48819995
vt 0.00001128 -1.15490007
vt 4.86272192 -1.15490007
vt 0.13747710 -1.48819995
vt 1.76110005 -1.15490007
vt 1.85575604 -1.46680903
vt 1.76076305 -1.29156709
vt 3.16668105 -1.15490007
vt 2.27786207 -1.63132811
vt 2.62085199 -1.71108603
vt 2.96381402 -1.73473597
vt 3.15834188 -1.65862107
vt 3.23924708 -1.42909288
vt 5.00000000 -1.29159999
vt 4.86250019 -1.15490007
vt 5.00000000 -1.15490007
vt 4.86252308 -1.35069990
vt -0.00031883 -1.15490007
vt 4.86252308 -1.15490007
vt -0.00031883 -1.35069990
vt 2.03620005 0.86250001
vt 2.03620005 1.00000000
vt 2.37910008 1.00000000
vt 2.03620005 0.86250001
vt 1.84159994 1.00000000
vt 2.03620005 1.00000000
vt 1.84159994 0.86250001
vt 5.00004005 -1.65870309
vt 4.86253977 -1.48820305
vt 5.00004005 -1.42910600
vt 4.86253977 -1.71780300
vt 0.13750000 -1.52600002
vt 0.00000000 -1.46690011
vt 0.00000000 -1.35069990
vt 3.14387798 0.86261040
vt 2.72167706 1.00010431
vt 3.14387608 1.00011075
vt 2.72168112 0.86260611
vt 2.37910008 0.86250001
vt 2.37910008 1.00000000
vt 2.72210002 1.00000000
vt 4.86250019 -1.48819995
vt 4.86250019 -1.71779990
vt 4.59569979 -1.48819995
vt 4.86250019 -1.48819995
vt 4.59569979 -1.76900005
vt 0.13747710 -1.48819995
vt 0.40430000 -1.76900005
vt 0.13750000 -1.48819995
vt 0.00000000 -1.42910004
vt 0.00000000 -1.15490007
vt 2.72213697 -3.99987698
vt 2.37913799 -3.86237717
vt 2.72213793 -3.86237717
vt 2.37913704 -3.99987602
vt 2.72210002 -4.00000000
vt 2.72210002 -3.86250019
vt 3.14429998 -4.00000000
vt 4.99984217 -1.46688390
vt 4.86234283 -1.35068297
vt 4.99984312 -1.29158401
vt 4.86234283 -1.52597594
vt 0.13751930 -1.48824406
vt 0.00001883 -1.65874100
vt 0.00001939 -1.42914391
vt 0.13751890 -1.71784401
vt 2.03620005 -4.00000000
vt 1.84159994 -3.86250019
vt 2.03620005 -3.86250019
vt 1.84159994 -4.00000000
vt 2.37888288 -3.99993801
vt 2.03598189 -3.86244106
vt 2.37888193 -3.86244011
vt 2.03598309 -3.99994087
vt 4.86250019 -1.35069990
vt 4.86250019 -1.15490007
vt 5.00000000 -1.29159999
vt 4.59569979 -1.56389999
vt 0.13727769 -1.35069990
vt 4.59569979 -1.35069990
vt 0.40430000 -1.56389999
vt -0.00000000 -1.35069990
vt 0.13750000 -1.35069990
vt 4.86250019 -1.52600002
vt 4.86250019 -1.35069990
vt 2.03620005 0.86250001
vt 2.37910008 1.00000000
vt 2.03620005 0.59570003
vt 2.37910008 0.86250001
vt 2.72210002 1.00000000
vt 2.72210002 0.86250001
vt 3.14429998 0.59570003
vt 3.14429998 0.86250001
vt 2.03620005 -3.59569979
vt 1.84159994 0.59570003
vt 2.03620005 0.59570003
vt 1.84159994 -3.59569979
vt 0.13750000 -1.71779990
vt 0.13750000 -1.48819995
vt 2.72178102 -3.86266279
vt 2.37880802 -3.59586620
vt 2.72177696 -3.59586287
vt 2.37877989 -3.86266708
vt 3.14429998 -4.00000000
vt 3.14429998 -3.86250019
vt 2.03599691 -3.86253786
vt 1.84139502 -3.59573984
vt 2.03599501 -3.59573793
vt 1.84139895 -3.86253881
vt 2.03620005 -3.86250019
vt 2.37910008 -3.59569979
vt 2.37910008 -3.86250019
vt 3.14429998 -3.59569979
vt 2.72210002 0.59570003
vt 2.72210002 -3.59569979
vt 2.03620005 0.59570003
vt 1.84159994 0.86250001
vt 2.37910008 0.59570003
vt 2.03620005 0.59570003
vt 2.03620005 -3.59569979
vt 2.03620005 -3.86250019
vt 4.96591282 -2.17170000
vt 0.03408737 -1.19099998
vt 4.96591282 -1.19099998
vt 0.03408737 -2.17170000
vt 4.96591282 -2.41989994
vt 0.03408737 -2.41989994
vt 2.72901797 -2.37634110
vt 2.76407003 -2.17174792
vt 2.84294510 -2.41990209
vt 2.54049993 -1.19099998
vt 2.55570006 -2.17050004
vt 2.28690004 -1.18510008
vt 2.38725090 -0.58017004
vt 2.25918293 -0.66313100
vt 4.73570013 -0.58010006
vt 4.96591282 -0.58010006
vt 0.03408737 -0.58010006
vt 2.23589706 -2.17174792
vt 2.27094197 -2.37634110
vt 2.15701389 -2.41990209
vt 2.45950007 -1.19099998
vt 2.44429994 -2.17050004
vt 2.71309996 -1.18510008
vt 2.61276889 -0.58017004
vt 2.74083400 -0.66313100
vt 2.84290004 -3.96591282
vt 2.63210011 0.73570001
vt 2.84290004 0.73570001
vt 2.63210011 -3.73570013
vt 2.72900009 0.96590000
vt 2.84290004 0.96590000
vt 4.73570013 -2.37630010
vt 4.96589994 -2.17050004
vt 4.96589994 -2.37630010
vt 4.73570013 -2.17050004
vt 4.96589994 -1.18510008
vt 4.96589994 -2.17050004
vt 4.73570013 -1.18510008
vt 4.96589994 -0.66310000
vt 4.96589994 -1.18510008
vt 2.84290004 0.73570001
vt 2.61269999 0.96590000
vt 2.74079990 0.96590000
vt 2.61269999 -3.73570013
vt 2.61269999 0.96591264
vt 2.84290004 -3.73570013
vt 2.61269999 -3.96589994
vt 2.74079990 -3.96589994
vt 0.26429999 -2.17050004
vt 0.03409999 -2.37630010
vt 0.03409999 -2.17050004
vt 0.26429999 -2.37630010
vt 2.72900009 -3.96589994
vt 2.84290004 -3.96589994
vt 0.03409999 -1.18510008
vt 0.03409999 -0.66310000
vt 0.26429999 -0.73500001
vt 0.26429999 -1.18510008
vt 0.03409999 -2.17050004
vt 0.26429999 -2.17050004
vt 4.73570013 -2.37630010
vt 4.73570013 -2.17050004
vt 4.96589994 -2.17050004
vt 4.73570013 -2.17050004
vt 4.73570013 -0.73500001
vt 4.73570013 -1.18510008
vt 0.26429999 -0.73500001
vt 4.73570013 -0.73500001
vt 0.26429999 -1.18510008
vt 4.73570013 -2.17050004
vt 0.26429999 -2.17050004
vt 3.16668105 0.86251581
vt 1.76110005 0.99997622
vt 3.16668105 0.99997622
vt 1.76110005 -3.86254787
vt 3.16668105 -4.00000906
vt 1.76110005 -4.00000906
vt 3.14460206 -1.46728897
vt 3.23930192 -1.15534592
vt 3.23963404 -1.35113311
vt 1.83330095 -1.15487289
vt 2.72236109 -1.63170099
vt 2.37929797 -1.71135998
vt 2.03620005 -1.73490000
vt 1.84161699 -1.65870309
vt 1.76069999 -1.42910004
vt 5.00000000 -1.42910004
vt 4.86250019 -1.15490007
vt 5.00000000 -1.15490007
vt 4.86251593 -1.48819995
vt -0.00000891 -1.15490007
vt 4.86251593 -1.15490007
vt 0.13745150 -1.48819995
vt 1.76110005 -1.15490007
vt 1.85575604 -1.46680903
vt 1.76076305 -1.29156709
vt 3.16668105 -1.15490007
vt 2.27786207 -1.63132811
vt 2.62085199 -1.71108603
vt 2.96381402 -1.73473597
vt 3.15834188 -1.65862107
vt 3.23924708 -1.42909288
vt 5.00000000 -1.29159999
vt 4.86250019 -1.15490007
vt 5.00000000 -1.15490007
vt 4.86254787 -1.35069990
vt 0.00002377 -1.15490007
vt 4.86254787 -1.15490007
vt 0.00002377 -1.35069990
vt 2.37873101 0.86250877
vt 2.03582907 1.00000334
vt 2.37872910 1.00000775
vt 2.03583097 0.86250329
vt 2.03620005 0.86250001
vt 1.84159994 1.00000000
vt 2.03620005 1.00000000
vt 1.84159994 0.86250001
vt 5.00003481 -1.65869689
vt 4.86253595 -1.48819709
vt 5.00003576 -1.42910004
vt 4.86253500 -1.71779704
vt 0.13750000 -1.52600002
vt -0.00000000 -1.46690011
vt -0.00000000 -1.35069990
vt 3.14399791 0.86254811
vt 2.72179604 1.00004196
vt 3.14399505 1.00004840
vt 2.72180009 0.86254370
vt 2.72164512 0.86247128
vt 2.37864208 0.99996448
vt 2.72164202 0.99997151
vt 2.37864494 0.86246538
vt 4.86250019 -1.48819995
vt 4.86250019 -1.71779990
vt 4.59569979 -1.48819995
vt 4.86250019 -1.48819995
vt 4.59569979 -1.76900005
vt 0.13745150 -1.48819995
vt 0.40430000 -1.76900005
vt 0.13750000 -1.48819995
vt 0.00000000 -1.42910004
vt 0.00000000 -1.15490007
vt 2.72212601 -3.99990988
vt 2.37912703 -3.86241102
vt 2.72212601 -3.86241007
vt 2.37912607 -3.99990988
vt 2.72210002 -4.00000000
vt 2.72210002 -3.86250019
vt 3.14429998 -4.00000000
vt 4.99986601 -1.46691108
vt 4.86236715 -1.35070992
vt 4.99986696 -1.29161000
vt 4.86236620 -1.52600193
vt 0.13752601 -1.48822594
vt 0.00002549 -1.65872312
vt 0.00002605 -1.42912602
vt 0.13752550 -1.71782589
vt 2.03620005 -4.00000000
vt 1.84159994 -3.86250019
vt 2.03620005 -3.86250019
vt 1.84159994 -4.00000000
vt 2.37895298 -3.99997377
vt 2.03605294 -3.86247683
vt 2.37895298 -3.86247492
vt 2.03605294 -3.99997711
vt 4.86250019 -1.35069990
vt 4.86250019 -1.15490007
vt 5.00000000 -1.29159999
vt 4.59569979 -1.56389999
vt 0.13748419 -1.35069990
vt 4.59569979 -1.35069990
vt 0.40430000 -1.56389999
vt 0.00000000 -1.35069990
vt 0.13750000 -1.35069990
vt 4.86250019 -1.52600002
vt 4.86250019 -1.35069990
vt 2.03620005 0.59570003
vt 2.03620005 0.86250001
vt 2.37910008 0.86250001
vt 2.03620005 0.59570003
vt 3.14429998 0.59570003
vt 2.72210002 0.86250001
vt 3.14429998 0.86250001
vt 2.72210002 0.59570003
vt 2.37910008 0.59570003
vt 2.03620005 -3.59569979
vt 1.84159994 0.59570003
vt 2.03620005 0.59570003
vt 1.84159994 -3.59569979
vt 0.13750000 -1.71779990
vt 0.13750000 -1.48819995
vt 2.72188306 -3.86263990
vt 2.37891102 -3.59584284
vt 2.72187996 -3.59583998
vt 2.37888288 -3.86264420
vt 3.14429998 -4.00000000
vt 3.14429998 -3.86250019
vt 2.03604388 -3.86255598
vt 1.84144199 -3.59575701
vt 2.03604198 -3.59575605
vt 1.84144604 -3.86255598
vt 2.03620005 -3.86250019
vt 2.37910008 -3.59569979
vt 2.37910008 -3.86250019
vt 3.14429998 -3.59569979
vt 2.72210002 -3.59569979
vt 2.03620005 0.59570003
vt 1.84159994 0.86250001
vt 2.03620005 -3.59569979
vt 2.03620005 -3.86250019
vt 0.94563138 0.01831430
vt 0.99951333 0.90780002
vt 0.99951333 0.09219998
vt 0.94563138 0.98168570
vt 0.86960000 0.00052279
vt 0.86960000 0.99950027
vt 0.13040000 0.00052279
vt 0.13040000 0.99950027
vt 0.05436857 0.01831430
vt 0.05436857 0.98168570
vt 0.00048667 0.09219998
vt 0.00048667 0.90780002
vt 1.76110005 -3.86272907
vt 3.16668105 -4.00000095
vt 1.76110005 -4.00000095
vt 3.16668105 0.86272848
vt 1.76110005 1.00000143
vt 3.16668105 1.00000143
vt 1.83332801 -1.15487289
vt 1.84159398 -1.65870309
vt 1.76069999 -1.42910004
vt 3.23931789 -1.15534592
vt 2.03620005 -1.73490000
vt 2.37926507 -1.71136093
vt 2.72233391 -1.63170099
vt 3.14458799 -1.46728992
vt 3.23962998 -1.35113311
vt 5.00000000 -1.42910004
vt 4.86250019 -1.15490007
vt 5.00000000 -1.15490007
vt 4.86272907 -1.48819995
vt -0.00000145 -1.15490007
vt 4.86272907 -1.15490007
vt 0.13727149 -1.48819995
vt 3.15834188 -1.65862107
vt 3.16668105 -1.15490007
vt 3.23924708 -1.42909288
vt 1.76110005 -1.15490007
vt 2.96378112 -1.73473597
vt 2.62082005 -1.71108603
vt 2.27786207 -1.63132811
vt 1.85575604 -1.46680903
vt 1.76076305 -1.29156709
vt 5.00000000 -1.29159999
vt 4.86250019 -1.15490007
vt 5.00000000 -1.15490007
vt 4.86272907 -1.35069990
vt -0.00000145 -1.15490007
vt 4.86272907 -1.15490007
vt -0.00000145 -1.35069990
vt 2.37910008 1.00000000
vt 2.03620005 0.86250001
vt 2.03620005 1.00000000
vt 1.84159994 1.00000000
vt 2.03620005 0.86250001
vt 1.84159994 0.86250001
vt 2.03620005 1.00000000
vt 4.99994278 -1.65869808
vt 4.86244297 -1.48819804
vt 4.99994278 -1.42910099
vt 4.86244297 -1.71779799
vt 0.13750000 -1.52600002
vt 0.00000000 -1.46690011
vt 0.00000000 -1.35069990
vt 3.14429998 1.00000000
vt 3.14429998 0.86250001
vt 2.72210002 1.00000000
vt 2.72210002 1.00000000
vt 2.37910008 0.86250001
vt 2.37910008 1.00000000
vt 4.86250019 -1.48819995
vt 4.86250019 -1.71779990
vt 4.59569979 -1.48819995
vt 4.86250019 -1.48819995
vt 4.59569979 -1.76900005
vt 0.13727149 -1.48819995
vt 0.40430000 -1.76900005
vt 0.13750000 -1.48819995
vt -0.00000000 -1.42910004
vt -0.00000000 -1.15490007
vt 2.37905693 -3.86273813
vt 2.72205591 -4.00023794
vt 2.37905598 -4.00023699
vt 2.72205591 -3.86273813
vt 2.72210002 -3.86250019
vt 3.14429998 -4.00000000
vt 2.72210002 -4.00000000
vt 5.00029707 -1.46687698
vt 4.86279821 -1.35067701
vt 5.00029802 -1.29157710
vt 4.86279821 -1.52596903
vt 0.13747241 -1.48812509
vt -0.00002808 -1.65862203
vt -0.00002751 -1.42902493
vt 0.13747200 -1.71772504
vt 1.84159994 -3.86250019
vt 2.03620005 -4.00000000
vt 1.84159994 -4.00000000
vt 2.03620005 -3.86250019
vt 2.03656006 -3.86263418
vt 2.37946010 -4.00013113
vt 2.03656006 -4.00013399
vt 2.37946010 -3.86263180
vt 4.86250019 -1.35069990
vt 4.86250019 -1.15490007
vt 5.00000000 -1.29159999
vt 4.59569979 -1.56389999
vt 0.13727149 -1.35069990
vt 4.59569979 -1.35069990
vt 0.40430000 -1.56389999
vt 0.00000000 -1.35069990
vt 0.13750000 -1.35069990
vt 4.86250019 -1.52600002
vt 4.86250019 -1.35069990
vt 2.37910008 1.00000000
vt 2.03620005 0.86250001
vt 2.03620005 0.59570003
vt 2.72210002 1.00000000
vt 3.14429998 0.86250001
vt 2.72210002 0.86250001
vt 2.72210002 1.00000000
vt 2.37910008 0.86250001
vt 1.84159994 0.59570003
vt 2.03620005 -3.59569979
vt 1.84159994 -3.59569979
vt 2.03620005 0.59570003
vt 0.13750000 -1.71779990
vt 0.13750000 -1.48819995
vt 2.37910008 -3.59569979
vt 2.37910008 -3.86250019
vt 2.72210002 -3.59569979
vt 3.14429998 -3.86250019
vt 3.14429998 -4.00000000
vt 1.84187198 -3.59566689
vt 2.03647304 -3.86246586
vt 1.84187603 -3.86246586
vt 2.03647089 -3.59566593
vt 2.03620005 -3.86250019
vt 2.72210002 0.59570003
vt 3.14429998 -3.59569979
vt 3.14429998 0.59570003
vt 2.03620005 0.59570003
vt 1.84159994 0.86250001
vt 2.37910008 0.59570003
vt 2.03620005 0.59570003
vt 2.03620005 -3.59569979
vt 2.03620005 -3.86250019
vt 4.96577311 -2.17170000
vt 0.03422650 -1.19099998
vt 4.96577311 -1.19099998
vt 0.03422650 -2.17170000
vt 4.96577311 -2.41989994
vt 0.03422650 -2.41989994
vt 2.38725090 -0.58017004
vt 2.28690004 -1.18510008
vt 2.25918293 -0.66313100
vt 2.55570006 -2.17050004
vt 2.54049993 -1.19099998
vt 2.76407003 -2.17174792
vt 2.72905111 -2.37634110
vt 2.84297800 -2.41990209
vt 4.73570013 -0.58010006
vt 4.96577311 -0.58010006
vt 0.03422650 -0.58010006
vt 2.71309996 -1.18510008
vt 2.61274910 -0.58017004
vt 2.74081707 -0.66313100
vt 2.44429994 -2.17050004
vt 2.45950007 -1.19099998
vt 2.23592997 -2.17174792
vt 2.27094889 -2.37634110
vt 2.15702200 -2.41990209
vt 2.63210011 -3.73570013
vt 2.84290004 0.73570001
vt 2.84290004 -3.96577311
vt 2.63210011 0.73570001
vt 2.84290004 0.96590000
vt 2.72900009 0.96590000
vt 4.96589994 -2.37630010
vt 4.73570013 -2.37630010
vt 4.96589994 -2.17050004
vt 4.96589994 -1.18510008
vt 4.73570013 -2.17050004
vt 4.73570013 -1.18510008
vt 4.96589994 -2.17050004
vt 4.96589994 -0.66310000
vt 2.74079990 0.96590000
vt 2.84290004 0.73570001
vt 2.61269999 0.96590000
vt 2.61269999 0.96577352
vt 2.84290004 -3.73570013
vt 2.61269999 -3.73570013
vt 2.74079990 -3.96589994
vt 2.61269999 -3.96589994
vt 0.03409999 -2.37630010
vt 0.03409999 -2.17050004
vt 0.26429999 -2.17050004
vt 2.84290004 -3.96589994
vt 2.72900009 -3.96589994
vt 0.03409999 -1.18510008
vt 0.03409999 -0.66310000
vt 0.26429999 -0.73500001
vt 0.26429999 -2.17050004
vt 0.26429999 -1.18510008
vt 0.03409999 -2.17050004
vt 4.73570013 -2.37630010
vt 0.26429999 -2.17050004
vt 4.73570013 -2.17050004
vt 0.26429999 -2.37630010
vt 4.96589994 -2.17050004
vt 4.73570013 -2.17050004
vt 0.26429999 -1.18510008
vt 4.73570013 -1.18510008
vt 0.26429999 -2.17050004
vt 4.73570013 -0.73500001
vt 0.26429999 -0.73500001
vt 4.73570013 -0.73500001
vt 0.03409999 -2.37630010
vt 1.76110005 -3.86272907
vt 3.16668105 -4.00000095
vt 1.76110005 -4.00000095
vt 3.16668105 0.86272848
vt 1.76110005 1.00000143
vt 3.16668105 1.00000143
vt 1.83330095 -1.15487289
vt 1.84161699 -1.65870309
vt 1.76069999 -1.42910004
vt 3.23930192 -1.15534592
vt 2.03620005 -1.73490000
vt 2.37929797 -1.71135998
vt 2.72236109 -1.63170099
vt 3.14460206 -1.46728897
vt 3.23963404 -1.35113311
vt 5.00000000 -1.42910004
vt 4.86250019 -1.15490007
vt 5.00000000 -1.15490007
vt 4.86272907 -1.48819995
vt -0.00000145 -1.15490007
vt 4.86272907 -1.15490007
vt 0.13727149 -1.48819995
vt 3.15834188 -1.65862107
vt 3.16668105 -1.15490007
vt 3.23924708 -1.42909288
vt 1.76110005 -1.15490007
vt 2.96381402 -1.73473597
vt 2.62082005 -1.71108603
vt 2.27786207 -1.63132811
vt 1.85575604 -1.46680903
vt 1.76076305 -1.29156709
vt 5.00000000 -1.29159999
vt 4.86250019 -1.15490007
vt 5.00000000 -1.15490007
vt 4.86272907 -1.35069990
vt -0.00000145 -1.15490007
vt 4.86272907 -1.15490007
vt -0.00000145 -1.35069990
vt 2.37910008 1.00000000
vt 2.03620005 0.86250001
vt 2.03620005 1.00000000
vt 1.84159994 1.00000000
vt 2.03620005 0.86250001
vt 1.84159994 0.86250001
vt 2.03620005 1.00000000
vt 4.99992180 -1.65871310
vt 4.86242199 -1.48821306
vt 4.99992180 -1.42911601
vt 4.86242199 -1.71781301
vt 0.13750000 -1.52600002
vt 0.00000000 -1.46690011
vt 0.00000000 -1.35069990
vt 3.14429998 1.00000000
vt 3.14429998 0.86250001
vt 2.72210002 1.00000000
vt 2.72210002 1.00000000
vt 2.37910008 0.86250001
vt 2.37910008 1.00000000
vt 4.86250019 -1.48819995
vt 4.86250019 -1.71779990
vt 4.59569979 -1.48819995
vt 4.86250019 -1.48819995
vt 4.59569979 -1.76900005
vt 0.13727149 -1.48819995
vt 0.40430000 -1.76900005
vt 0.13750000 -1.48819995
vt 0.00000000 -1.42910004
vt 0.00000000 -1.15490007
vt 2.37906098 -3.86276722
vt 2.72205997 -4.00026703
vt 2.37906003 -4.00026608
vt 2.72206092 -3.86276579
vt 2.72210002 -3.86250019
vt 3.14429998 -4.00000000
vt 2.72210002 -4.00000000
vt 5.00038290 -1.46680498
vt 4.86288404 -1.35060406
vt 5.00038385 -1.29150510
vt 4.86288309 -1.52589703
vt 0.13743930 -1.48813510
vt -0.00006121 -1.65863204
vt -0.00006065 -1.42903495
vt 0.13743889 -1.71773505
vt 1.84159994 -3.86250019
vt 2.03620005 -4.00000000
vt 1.84159994 -4.00000000
vt 2.03620005 -3.86250019
vt 2.03656101 -3.86260223
vt 2.37946200 -4.00009823
vt 2.03656197 -4.00010109
vt 2.37946105 -3.86259985
vt 4.86250019 -1.35069990
vt 4.86250019 -1.15490007
vt 5.00000000 -1.29159999
vt 4.59569979 -1.56389999
vt 0.13727149 -1.35069990
vt 4.59569979 -1.35069990
vt 0.40430000 -1.56389999
vt 0.00000000 -1.35069990
vt 0.13750000 -1.35069990
vt 4.86250019 -1.52600002
vt 4.86250019 -1.35069990
vt 2.37910008 1.00000000
vt 2.03620005 0.86250001
vt 2.03620005 0.59570003
vt 2.72210002 1.00000000
vt 3.14429998 0.86250001
vt 2.72210002 0.86250001
vt 2.72210002 1.00000000
vt 2.37910008 0.86250001
vt 1.84159994 0.59570003
vt 2.03620005 -3.59569979
vt 1.84159994 -3.59569979
vt 2.03620005 0.59570003
vt 0.13750000 -1.71779990
vt 0.13750000 -1.48819995
vt 2.37910008 -3.59569979
vt 2.37910008 -3.86250019
vt 2.72210002 -3.59569979
vt 3.14429998 -3.86250019
vt 3.14429998 -4.00000000
vt 1.84190202 -3.59559679
vt 2.03650403 -3.86239576
vt 1.84190595 -3.86239576
vt 2.03650188 -3.59559584
vt 2.03620005 -3.86250019
vt 2.72210002 0.59570003
vt 3.14429998 -3.59569979
vt 3.14429998 0.59570003
vt 2.03620005 0.59570003
vt 1.84159994 0.86250001
vt 2.37910008 0.59570003
vt 2.03620005 0.59570003
vt 2.03620005 -3.59569979
vt 2.03620005 -3.86250019
vt 0.05436835 0.01831430
vt 0.86960000 0.00049973
vt 0.13040000 0.00049973
vt 0.94569349 0.01831430
vt 0.00048425 0.09219998
vt 0.99951577 0.09219998
vt 0.00048425 0.90780002
vt 0.99951577 0.90780002
vt 0.05436835 0.98168570
vt 0.94569349 0.98168570
vt 0.13040000 0.99947727
vt 0.86960000 0.99947727
vt 4.96577311 -2.17170000
vt 0.03422650 -1.19099998
vt 4.96577311 -1.19099998
vt 0.03422650 -2.17170000
vt 4.96577311 -2.41989994
vt 0.03422650 -2.41989994
vt 2.38723111 -0.58017004
vt 2.28690004 -1.18510008
vt 2.25916600 -0.66313100
vt 2.55570006 -2.17050004
vt 2.54049993 -1.19099998
vt 2.76407003 -2.17174792
vt 2.72909093 -2.37634110
vt 2.84298611 -2.41990209
vt 4.73570013 -0.58010006
vt 4.96577311 -0.58010006
vt 0.03422650 -0.58010006
vt 2.71309996 -1.18510008
vt 2.61276889 -0.58017004
vt 2.74083400 -0.66313100
vt 2.44429994 -2.17050004
vt 2.45950007 -1.19099998
vt 2.23592997 -2.17174792
vt 2.27090907 -2.37634110
vt 2.15701389 -2.41990209
vt 2.63210011 -3.73570013
vt 2.84290004 0.73570001
vt 2.84290004 -3.96577311
vt 2.63210011 0.73570001
vt 2.84290004 0.96590000
vt 2.72900009 0.96590000
vt 4.96589994 -2.37630010
vt 4.73570013 -2.37630010
vt 4.96589994 -2.17050004
vt 4.96589994 -1.18510008
vt 4.73570013 -2.17050004
vt 4.73570013 -1.18510008
vt 4.96589994 -2.17050004
vt 4.96589994 -0.66310000
vt 2.74079990 0.96590000
vt 2.84290004 0.73570001
vt 2.61269999 0.96590000
vt 2.61269999 0.96577352
vt 2.84290004 -3.73570013
vt 2.61269999 -3.73570013
vt 2.74079990 -3.96589994
vt 2.61269999 -3.96589994
vt 0.03409999 -2.37630010
vt 0.03409999 -2.17050004
vt 0.26429999 -2.17050004
vt 2.84290004 -3.96589994
vt 2.72900009 -3.96589994
vt 0.03409999 -1.18510008
vt 0.03409999 -0.66310000
vt 0.26429999 -0.73500001
vt 0.26429999 -2.17050004
vt 0.26429999 -1.18510008
vt 0.03409999 -2.17050004
vt 4.73570013 -2.37630010
vt 0.26429999 -2.17050004
vt 4.73570013 -2.17050004
vt 0.26429999 -2.37630010
vt 4.96589994 -2.17050004
vt 4.73570013 -2.17050004
vt 0.26429999 -1.18510008
vt 4.73570013 -1.18510008
vt 0.26429999 -2.17050004
vt 4.73570013 -0.73500001
vt 0.26429999 -0.73500001
vt 4.73570013 -0.73500001
vt 0.03409999 -2.37630010
vt 4.96577311 -2.17170000
vt 0.03422650 -1.19099998
vt 4.96577311 -1.19099998
vt 0.03422650 -2.17170000
vt 0.26429999 -2.41989994
vt 4.73570013 -2.17170000
vt 0.03422650 -2.41989994
vt 2.72905111 -2.37634110
vt 2.76407003 -2.17174792
vt 2.84297800 -2.41990209
vt 2.54049993 -1.19099998
vt 2.55570006 -2.17050004
vt 2.28690004 -1.18510008
vt 2.38725090 -0.58017004
vt 2.25918293 -0.66313100
vt 4.73570013 -0.58010006
vt 4.96577311 -0.58010006
vt 0.03422650 -0.58010006
vt 2.23592997 -2.17174792
vt 2.27094889 -2.37634110
vt 2.15705490 -2.41990209
vt 2.45950007 -1.19099998
vt 2.44429994 -2.17050004
vt 2.71309996 -1.18510008
vt 2.61274910 -0.58017004
vt 2.74081707 -0.66313100
vt 4.96576977 -2.41990089
vt 4.73569679 -2.17170095
vt 4.96576977 -2.17170095
vt 0.26429689 -2.41990089
vt 2.84290004 0.73570001
vt 2.72900009 0.96590000
vt 2.84290004 0.96590000
vt 4.73570013 -2.37630010
vt 4.96589994 -2.17050004
vt 4.96589994 -2.37630010
vt 4.96589994 -2.17050004
vt 4.73570013 -1.18510008
vt 4.96589994 -1.18510008
vt 4.73570013 -2.17050004
vt 4.96589994 -0.66310000
vt 2.84290004 0.73570001
vt 2.61269999 0.96590000
vt 2.74079990 0.96590000
vt 2.61269999 -3.73570013
vt 2.61269999 0.96577352
vt 2.84290004 -3.73570013
vt 2.61269999 -3.96589994
vt 2.74079990 -3.96589994
vt 0.03409999 -2.37630010
vt 0.03409999 -2.17050004
vt 0.26429999 -2.17050004
vt 2.72900009 -3.96589994
vt 2.63210011 -3.73570013
vt 2.84290004 -3.96589994
vt 0.03409999 -1.18510008
vt 0.03409999 -0.66310000
vt 0.26429999 -0.73500001
vt 0.26429999 -1.18510008
vt 0.03409999 -2.17050004
vt 0.26429999 -2.17050004
vt 2.84314108 -3.96572685
vt 2.63235402 0.73574674
vt 2.84315395 0.73574603
vt 2.63237190 -3.73565292
vt 2.63210011 0.73570001
vt 4.73570013 -2.37630010
vt 4.73570013 -2.17050004
vt 4.96589994 -2.17050004
vt 4.73570013 -2.17050004
vt 0.26429999 -1.18510008
vt 4.73570013 -1.18510008
vt 0.26429999 -2.17050004
vt 4.73570013 -0.73500001
vt 0.26429999 -0.73500001
vt 4.73570013 -0.73500001
vt 0.26429999 -2.37630010
vt 0.03409999 -2.37630010
vt 0.26429999 -2.17050004
vt 3.16674590 0.86267567
vt 1.76110005 0.99993998
vt 3.16674590 0.99993998
vt 1.76110005 -3.86251593
vt 3.16674590 -3.99997616
vt 1.76110005 -3.99997616
vt 3.14578795 -1.46728992
vt 3.24069309 -1.15534592
vt 3.24101210 -1.35113406
vt 1.83335304 -1.15487289
vt 2.72302294 -1.63170099
vt 2.37977409 -1.71136093
vt 2.03620005 -1.73490000
vt 1.84151196 -1.65870309
vt 1.76069999 -1.42910004
vt 5.00000000 -1.42910004
vt 4.86250019 -1.15490007
vt 5.00000000 -1.15490007
vt 4.86267614 -1.48819995
vt 0.00002408 -1.15490007
vt 4.86267614 -1.15490007
vt 0.13748440 -1.48819995
vt 1.76110005 -1.15490007
vt 1.85585403 -1.46680903
vt 1.76076305 -1.29156709
vt 3.16674590 -1.15490007
vt 2.27809095 -1.63132811
vt 2.62091804 -1.71108603
vt 2.96407509 -1.73473597
vt 3.15853810 -1.65862107
vt 3.23927903 -1.42909288
vt 5.00000000 -1.29159999
vt 4.86250019 -1.15490007
vt 5.00000000 -1.15490007
vt 4.86251593 -1.35069990
vt 0.00006003 -1.15490007
vt 4.86251593 -1.15490007
vt 0.00006003 -1.35069990
vt 2.03620005 0.86250001
vt 2.03620005 1.00000000
vt 2.37910008 1.00000000
vt 2.03620005 0.86250001
vt 1.84159994 1.00000000
vt 2.03620005 1.00000000
vt 1.84159994 0.86250001
vt 4.99990511 -1.65879703
vt 4.86240482 -1.48829699
vt 4.99990511 -1.42919993
vt 4.86240482 -1.71789694
vt 0.13750000 -1.52600002
vt -0.00000000 -1.46690011
vt -0.00000000 -1.35069990
vt 3.14429998 0.86250001
vt 2.72210002 1.00000000
vt 3.14429998 1.00000000
vt 2.37910008 0.86250001
vt 2.37910008 1.00000000
vt 2.72210002 1.00000000
vt 4.86250019 -1.48819995
vt 4.86250019 -1.71779990
vt 4.59569979 -1.48819995
vt 4.86250019 -1.48819995
vt 4.59569979 -1.76900005
vt 0.13748440 -1.48819995
vt 0.40430000 -1.76900005
vt 0.13750000 -1.48819995
vt -0.00000000 -1.42910004
vt -0.00000000 -1.15490007
vt 2.72216296 -4.00007010
vt 2.37916398 -3.86256981
vt 2.72216392 -3.86256981
vt 2.37916303 -4.00006914
vt 2.72210002 -4.00000000
vt 2.72210002 -3.86250019
vt 3.14429998 -4.00000000
vt 5.00000000 -1.46690011
vt 4.86250019 -1.35069990
vt 5.00000000 -1.29159999
vt 0.13730720 -1.48830295
vt -0.00019325 -1.65879989
vt -0.00019270 -1.42920303
vt 0.13730679 -1.71790290
vt 2.03620005 -4.00000000
vt 1.84159994 -3.86250019
vt 2.03620005 -3.86250019
vt 1.84159994 -4.00000000
vt 2.37891412 -3.99973822
vt 2.03601289 -3.86224079
vt 2.37891293 -3.86223888
vt 2.03601408 -3.99974108
vt 4.86250019 -1.35069990
vt 4.86250019 -1.15490007
vt 5.00000000 -1.29159999
vt 4.59569979 -1.56389999
vt 0.13732430 -1.35069990
vt 4.59569979 -1.35069990
vt 0.40430000 -1.56389999
vt 0.00000000 -1.35069990
vt 0.13750000 -1.35069990
vt 4.86250019 -1.52600002
vt 4.86250019 -1.35069990
vt 2.03620005 0.86250001
vt 2.37910008 1.00000000
vt 2.03620005 0.59570003
vt 2.72210002 0.86250001
vt 2.72210002 1.00000000
vt 3.14429998 0.86250001
vt 2.37910008 0.86250001
vt 2.72210002 1.00000000
vt 2.03620005 -3.59569979
vt 1.84159994 0.59570003
vt 2.03620005 0.59570003
vt 1.84159994 -3.59569979
vt 0.13750000 -1.71779990
vt 0.13750000 -1.48819995
vt 2.37910008 -3.59569979
vt 2.72210002 -3.59569979
vt 2.37910008 -3.86250019
vt 3.14429998 -4.00000000
vt 3.14429998 -3.86250019
vt 5.00000000 -1.46690011
vt 2.03620791 -3.86208916
vt 1.84160602 -3.59529018
vt 2.03620601 -3.59528923
vt 1.84160995 -3.86208916
vt 2.03620005 -3.86250019
vt 3.14429998 -3.59569979
vt 2.72210002 0.59570003
vt 3.14429998 0.59570003
vt 2.03620005 0.59570003
vt 1.84159994 0.86250001
vt 2.37910008 0.59570003
vt 2.03620005 0.59570003
vt 2.03620005 -3.59569979
vt 2.03620005 -3.86250019
vt 4.96577311 -2.17170000
vt 0.03422650 -1.19099998
vt 4.96577311 -1.19099998
vt 0.03422650 -2.17170000
vt 4.96577311 -2.41989994
vt 0.03422650 -2.41989994
vt 2.72903609 -2.37634110
vt 2.76407599 -2.17174792
vt 2.84294891 -2.41990209
vt 2.54049993 -1.19099998
vt 2.55570006 -2.17050004
vt 2.28690004 -1.18510008
vt 2.38724995 -0.58017004
vt 2.25916791 -0.66313100
vt 4.73570013 -0.58010006
vt 4.96577311 -0.58010006
vt 0.03422650 -0.58010006
vt 2.23592401 -2.17174792
vt 2.27096391 -2.37634110
vt 2.15704989 -2.41990209
vt 2.45950007 -1.19099998
vt 2.44429994 -2.17050004
vt 2.71309996 -1.18510008
vt 2.61275005 -0.58017004
vt 2.74083209 -0.66313100
vt 2.84290004 -3.96577311
vt 2.63210011 0.73570001
vt 2.84290004 0.73570001
vt 2.63210011 -3.73570013
vt 2.72900009 0.96590000
vt 2.84290004 0.96590000
vt 4.96589994 -2.37630010
vt 4.73570013 -2.17050004
vt 4.96589994 -2.17050004
vt 4.73570013 -2.37630010
vt 4.73570013 -2.17050004
vt 4.96589994 -1.18510008
vt 4.96589994 -2.17050004
vt 4.73570013 -1.18510008
vt 4.96589994 -0.66310000
vt 4.96589994 -1.18510008
vt 2.84290004 0.73570001
vt 2.61269999 0.96590000
vt 2.74079990 0.96590000
vt 2.61269999 -3.73570013
vt 2.61269999 0.96577352
vt 2.84290004 -3.73570013
vt 2.61269999 -3.96589994
vt 2.74079990 -3.96589994
vt 0.26429999 -2.17050004
vt 0.03409999 -2.37630010
vt 0.03409999 -2.17050004
vt 0.26429999 -2.37630010
vt 2.72900009 -3.96589994
vt 2.84290004 -3.96589994
vt 0.03409999 -1.18510008
vt 0.03409999 -0.66310000
vt 0.26429999 -0.73500001
vt 0.03409999 -2.17050004
vt 0.26429999 -1.18510008
vt 4.73570013 -2.17050004
vt 4.73570013 -0.73500001
vt 4.73570013 -1.18510008
vt 0.26429999 -0.73500001
vt 4.73570013 -0.73500001
vt 0.26429999 -1.18510008
vt 0.26429999 -2.17050004
vt 0.03409999 -2.17050004
vt 0.26429999 -1.18510008
vt 4.73570013 -2.17050004
vt 0.26429999 -2.17050004
vt 0.03408737 -2.17170000
vt 4.96591282 -1.19099998
vt 4.96591282 -2.17170000
vt 0.03408737 -1.19099998
vt 0.26429999 -2.41989994
vt 4.96591282 -2.41989994
vt 0.03408737 -2.41989994
vt 2.54049993 -1.19099998
vt 2.25919890 -0.66313100
vt 2.38724804 -0.58017004
vt 2.28690004 -1.18510008
vt 2.55570006 -2.17050004
vt 2.76404309 -2.17174792
vt 2.72903991 -2.37634110
vt 2.84295011 -2.41990209
vt 4.96591282 -0.58010006
vt 4.73570013 -0.58010006
vt 0.03408737 -0.58010006
vt 2.74080110 -0.66313100
vt 2.45950007 -1.19099998
vt 2.61275196 -0.58017004
vt 2.71309996 -1.18510008
vt 2.44429994 -2.17050004
vt 2.23595691 -2.17174792
vt 2.27096009 -2.37634110
vt 2.15704989 -2.41990209
vt 2.63210011 -3.73570013
vt 2.84290004 0.73570001
vt 2.84290004 -3.96591282
vt 2.63210011 0.73570001
vt 2.72900009 0.96590000
vt 2.84290004 0.96590000
vt 4.73570013 -2.17050004
vt 4.96589994 -2.37630010
vt 4.73570013 -2.37630010
vt 4.96589994 -2.17050004
vt 4.96589994 -1.18510008
vt 4.96589994 -2.17050004
vt 4.73570013 -2.17050004
vt 4.96589994 -0.66310000
vt 4.96589994 -1.18510008
vt 4.73570013 -1.18510008
vt 2.84290004 0.73570001
vt 2.61269999 0.96590000
vt 2.74079990 0.96590000
vt 2.61269999 -3.73570013
vt 2.61269999 0.96591264
vt 2.84290004 -3.73570013
vt 2.74079990 -3.96589994
vt 2.61269999 -3.96589994
vt 0.03409999 -2.17050004
vt 0.26429999 -2.37630010
vt 0.03409999 -2.37630010
vt 0.26429999 -2.17050004
vt 2.84290004 -3.96589994
vt 2.72900009 -3.96589994
vt 0.26429999 -0.73500001
vt 0.03409999 -1.18510008
vt 0.03409999 -0.66310000
vt 0.26429999 -1.18510008
vt 0.03409999 -2.17050004
vt 4.73570013 -2.17050004
vt 4.73570013 -0.73500001
vt 0.26429999 -0.73500001
vt 4.73570013 -1.18510008
vt 0.26429999 -1.18510008
vt 4.73570013 -0.73500001
vt 0.26429999 -1.18510008
vt 0.26429999 -2.17050004
vt 0.03409999 -2.17050004
vt 4.73570013 -2.17050004
vt 0.26429999 -2.17050004
vt 3.16667795 1.00001204
vt 1.76110005 -3.86255121
vt 1.76110005 1.00001204
vt 1.76110005 -4.00001192
vt 3.16667795 -4.00001192
vt 3.16667795 0.86255050
vt 3.23945904 -1.35113311
vt 1.83332098 -1.15487289
vt 3.23912001 -1.15534592
vt 1.76069999 -1.42910004
vt 3.14444304 -1.46728897
vt 1.84161103 -1.65870309
vt 2.72226596 -1.63170099
vt 2.37921906 -1.71135998
vt 2.03620005 -1.73490000
vt 5.00000000 -1.15490007
vt 5.00000000 -1.42910004
vt 4.86250019 -1.15490007
vt 4.86255121 -1.15490007
vt 0.13744950 -1.48819995
vt -0.00001207 -1.15490007
vt 4.59569979 -1.48819995
vt 4.86255121 -1.48819995
vt 3.23928404 -1.42909288
vt 1.76110005 -1.15490007
vt 3.16667795 -1.15490007
vt 1.76076198 -1.29156709
vt 1.85575795 -1.46680903
vt 3.15838289 -1.65862107
vt 2.27786708 -1.63132811
vt 2.62085795 -1.71108603
vt 2.96382308 -1.73473597
vt 4.86250019 -1.15490007
vt 5.00000000 -1.15490007
vt 5.00000000 -1.29159999
vt 4.59569979 -1.35069990
vt 4.86255121 -1.15490007
vt 4.86255121 -1.35069990
vt -0.00001207 -1.15490007
vt 0.13744950 -1.35069990
vt -0.00001207 -1.35069990
vt 2.03620005 1.00000000
vt 2.37910008 1.00000000
vt 2.03620005 0.86250001
vt 1.84159994 0.86250001
vt 2.03620005 1.00000000
vt 2.03620005 0.86250001
vt 1.84159994 1.00000000
vt 4.86242580 -1.48827410
vt 4.99992609 -1.65877390
vt 4.86242580 -1.71787405
vt 4.99992609 -1.42917705
vt 0.00000000 -1.35069990
vt 0.13750000 -1.52600002
vt 0.00000000 -1.46690011
vt 2.72210002 1.00000000
vt 3.14429998 1.00000000
vt 3.14429998 0.86250001
vt 2.37910008 1.00000000
vt 2.72210002 1.00000000
vt 2.37910008 0.86250001
vt 4.86250019 -1.48819995
vt 4.86250019 -1.48819995
vt 4.86250019 -1.71779990
vt 4.59569979 -1.48819995
vt 0.40430000 -1.76900005
vt 0.13744950 -1.48819995
vt 4.59569979 -1.76900005
vt 0.13750000 -1.48819995
vt -0.00000000 -1.42910004
vt -0.00000000 -1.15490007
vt 2.37914801 -4.00006390
vt 2.72214794 -3.86256504
vt 2.72214794 -4.00006485
vt 2.37914896 -3.86256504
vt 2.72210002 -3.86250019
vt 3.14429998 -4.00000000
vt 2.72210002 -4.00000000
vt 4.86250019 -1.35069990
vt 5.00000000 -1.29159999
vt 5.00000000 -1.46690011
vt -0.00014762 -1.42917609
vt 0.13735190 -1.71787596
vt -0.00014818 -1.65877295
vt 0.13735230 -1.48827600
vt 1.84159994 -4.00000000
vt 2.03620005 -3.86250019
vt 2.03620005 -4.00000000
vt 1.84159994 -3.86250019
vt 2.03607297 -3.99981117
vt 2.37897205 -3.86230898
vt 2.37897301 -3.99980783
vt 2.03607202 -3.86231089
vt 4.86250019 -1.15490007
vt 5.00000000 -1.29159999
vt 4.86250019 -1.35069990
vt 0.40430000 -1.56389999
vt 4.59569979 -1.35069990
vt 4.59569979 -1.56389999
vt 0.13744950 -1.35069990
vt -0.00000000 -1.35069990
vt 0.13750000 -1.35069990
vt 4.86250019 -1.35069990
vt 4.86250019 -1.52600002
vt 2.03620005 0.86250001
vt 2.37910008 1.00000000
vt 2.03620005 0.59570003
vt 2.72210002 1.00000000
vt 3.14429998 0.86250001
vt 2.72210002 0.86250001
vt 2.37910008 0.86250001
vt 2.72210002 1.00000000
vt 1.84159994 -3.59569979
vt 2.03620005 0.59570003
vt 2.03620005 -3.59569979
vt 1.84159994 0.59570003
vt 0.13750000 -1.71779990
vt 0.13750000 -1.48819995
vt 2.37910008 -3.86250019
vt 2.72210002 -3.59569979
vt 2.37910008 -3.59569979
vt 3.14429998 -3.86250019
vt 3.14429998 -4.00000000
vt 5.00000000 -1.46690011
vt 1.84161401 -3.86218786
vt 2.03621006 -3.59538794
vt 2.03621197 -3.86218786
vt 1.84160995 -3.59538889
vt 2.03620005 -3.86250019
vt 3.14429998 0.59570003
vt 3.14429998 -3.59569979
vt 2.72210002 0.59570003
vt 2.03620005 0.59570003
vt 1.84159994 0.86250001
vt 2.37910008 0.59570003
vt 2.03620005 -3.59569979
vt 2.03620005 0.59570003
vt 2.03620005 -3.86250019
vt 1.76110005 -3.86272907
vt 3.16658592 -4.00000095
vt 1.76110005 -4.00000095
vt 3.16658592 0.86272848
vt 1.76110005 1.00000143
vt 3.16658592 1.00000143
vt 1.83336103 -1.15487289
vt 1.84159398 -1.65870309
vt 1.76069999 -1.42910004
vt 3.23935390 -1.15534592
vt 2.03620005 -1.73490000
vt 2.37926507 -1.71136093
vt 2.72233701 -1.63170099
vt 3.14462090 -1.46728992
vt 3.23962998 -1.35113311
vt 5.00000000 -1.42910004
vt 4.86250019 -1.15490007
vt 5.00000000 -1.15490007
vt 4.86272907 -1.48819995
vt -0.00000145 -1.15490007
vt 4.86272907 -1.15490007
vt 0.13727149 -1.48819995
vt 3.15835595 -1.65862107
vt 3.16658592 -1.15490007
vt 3.23922110 -1.42909288
vt 1.76110005 -1.15490007
vt 2.96382093 -1.73473597
vt 2.62087893 -1.71108603
vt 2.27793097 -1.63132811
vt 1.85580003 -1.46680903
vt 1.76081896 -1.29156709
vt 5.00000000 -1.29159999
vt 4.86250019 -1.15490007
vt 5.00000000 -1.15490007
vt 4.86272907 -1.35069990
vt -0.00000145 -1.15490007
vt 4.86272907 -1.15490007
vt -0.00000145 -1.35069990
vt 2.37910008 1.00000000
vt 2.03620005 0.86250001
vt 2.03620005 1.00000000
vt 1.84159994 1.00000000
vt 2.03620005 0.86250001
vt 1.84159994 0.86250001
vt 2.03620005 1.00000000
vt 4.99990082 -1.65872788
vt 4.86240196 -1.48822808
vt 4.99990082 -1.42913103
vt 4.86240101 -1.71782804
vt 0.13750000 -1.52600002
vt 0.00000000 -1.46690011
vt 0.00000000 -1.35069990
vt 3.14429998 1.00000000
vt 3.14429998 0.86250001
vt 2.72210002 1.00000000
vt 2.72210002 1.00000000
vt 2.37910008 0.86250001
vt 2.37910008 1.00000000
vt 4.86250019 -1.48819995
vt 4.86250019 -1.71779990
vt 4.59569979 -1.48819995
vt 4.86250019 -1.48819995
vt 4.59569979 -1.76900005
vt 0.13727149 -1.48819995
vt 0.40430000 -1.76900005
vt 0.13750000 -1.48819995
vt -0.00000000 -1.42910004
vt -0.00000000 -1.15490007
vt 2.37906599 -3.86279488
vt 2.72206497 -4.00029516
vt 2.37906504 -4.00029421
vt 2.72206497 -3.86279488
vt 2.72210002 -3.86250019
vt 3.14429998 -4.00000000
vt 2.72210002 -4.00000000
vt 5.00000000 -1.46690011
vt 4.86250019 -1.35069990
vt 5.00000000 -1.29159999
vt 0.13740610 -1.48814511
vt -0.00009434 -1.65864205
vt -0.00009378 -1.42904496
vt 0.13740569 -1.71774507
vt 1.84159994 -3.86250019
vt 2.03620005 -4.00000000
vt 1.84159994 -4.00000000
vt 2.03620005 -3.86250019
vt 2.03656292 -3.86256886
vt 2.37946391 -4.00006580
vt 2.03656411 -4.00006914
vt 2.37946296 -3.86256695
vt 4.86250019 -1.35069990
vt 4.86250019 -1.15490007
vt 5.00000000 -1.29159999
vt 4.59569979 -1.56389999
vt 0.13727149 -1.35069990
vt 4.59569979 -1.35069990
vt 0.40430000 -1.56389999
vt 0.00000000 -1.35069990
vt 0.13750000 -1.35069990
vt 4.86250019 -1.52600002
vt 4.86250019 -1.35069990
vt 2.37910008 1.00000000
vt 2.03620005 0.86250001
vt 2.03620005 0.59570003
vt 2.72210002 1.00000000
vt 3.14429998 0.86250001
vt 2.72210002 0.86250001
vt 2.72210002 1.00000000
vt 2.37910008 0.86250001
vt 1.84159994 0.59570003
vt 2.03620005 -3.59569979
vt 1.84159994 -3.59569979
vt 2.03620005 0.59570003
vt 0.13750000 -1.71779990
vt 0.13750000 -1.48819995
vt 2.37910008 -3.59569979
vt 2.37910008 -3.86250019
vt 2.72210002 -3.59569979
vt 3.14429998 -3.86250019
vt 3.14429998 -4.00000000
vt 5.00000000 -1.46690011
vt 1.84193206 -3.59552717
vt 2.03653407 -3.86232615
vt 1.84193599 -3.86232615
vt 2.03653193 -3.59552479
vt 2.03620005 -3.86250019
vt 2.72210002 0.59570003
vt 3.14429998 -3.59569979
vt 3.14429998 0.59570003
vt 2.03620005 0.59570003
vt 1.84159994 0.86250001
vt 2.37910008 0.59570003
vt 2.03620005 0.59570003
vt 2.03620005 -3.59569979
vt 2.03620005 -3.86250019
vt 4.96577311 -2.17170000
vt 0.03422650 -1.19099998
vt 4.96577311 -1.19099998
vt 0.03422650 -2.17170000
vt 4.96577311 -2.41989994
vt 0.03422650 -2.41989994
vt 2.38728309 -0.58017004
vt 2.28690004 -1.18510008
vt 2.25918293 -0.66313100
vt 2.55570006 -2.17050004
vt 2.54049993 -1.19099998
vt 2.76406407 -2.17174792
vt 2.72904611 -2.37634110
vt 2.84297395 -2.41990209
vt 4.73570013 -0.58010006
vt 4.96577311 -0.58010006
vt 0.03422650 -0.58010006
vt 2.71309996 -1.18510008
vt 2.61271691 -0.58017004
vt 2.74081707 -0.66313100
vt 2.44429994 -2.17050004
vt 2.45950007 -1.19099998
vt 2.23593593 -2.17174792
vt 2.27095389 -2.37634110
vt 2.15702605 -2.41990209
vt 2.63210011 -3.73570013
vt 2.84290004 0.73570001
vt 2.84290004 -3.96577311
vt 2.63210011 0.73570001
vt 2.84290004 0.96590000
vt 2.72900009 0.96590000
vt 4.96589994 -2.37630010
vt 4.73570013 -2.37630010
vt 4.96589994 -2.17050004
vt 4.96589994 -2.17050004
vt 4.73570013 -2.17050004
vt 4.96589994 -1.18510008
vt 4.96589994 -1.18510008
vt 4.73570013 -1.18510008
vt 4.96589994 -0.66310000
vt 2.74079990 0.96590000
vt 2.84290004 0.73570001
vt 2.61269999 0.96590000
vt 2.61269999 0.96577352
vt 2.84290004 -3.73570013
vt 2.61269999 -3.73570013
vt 2.74079990 -3.96589994
vt 2.61269999 -3.96589994
vt 0.03409999 -2.37630010
vt 0.03409999 -2.17050004
vt 0.26429999 -2.17050004
vt 2.84290004 -3.96589994
vt 2.72900009 -3.96589994
vt 0.03409999 -1.18510008
vt 0.03409999 -0.66310000
vt 0.26429999 -0.73500001
vt 0.26438019 -2.17068100
vt 0.03417965 -1.18528008
vt 0.26437739 -1.18528008
vt 0.03418023 -2.17068100
vt 4.73570013 -2.37630010
vt 0.26429999 -2.17050004
vt 4.73570013 -2.17050004
vt 0.26429999 -2.37630010
vt 4.96589994 -2.17050004
vt 4.73570013 -2.17050004
vt 4.73570013 -0.73500001
vt 4.73570013 -1.18510008
vt 0.26429999 -0.73500001
vt 4.73570013 -0.73500001
vt 0.26429999 -1.18510008
vt 0.03409999 -2.37630010
vt 0.26429999 -1.18510008
vt 4.73570013 -2.17050004
vt 0.26429999 -2.17050004
vt 4.96577311 -2.17170000
vt 0.03409905 -1.19099998
vt 4.96577311 -1.19099998
vt 0.03409905 -2.17170000
vt 4.96577311 -2.41989994
vt 0.03409905 -2.41989994
vt 2.38723111 -0.58017004
vt 2.28690004 -1.18510008
vt 2.25916409 -0.66313100
vt 2.55570006 -2.17050004
vt 2.54049993 -1.19099998
vt 2.76407290 -2.17174792
vt 2.72905588 -2.37634110
vt 2.84298897 -2.41990209
vt 4.73570013 -0.58010006
vt 4.96577311 -0.58010006
vt 0.03409905 -0.58010006
vt 2.71309996 -1.18510008
vt 2.61276889 -0.58017004
vt 2.74083591 -0.66313100
vt 2.44429994 -2.17050004
vt 2.45950007 -1.19099998
vt 2.23592710 -2.17174792
vt 2.27094412 -2.37634110
vt 2.15701103 -2.41990209
vt 2.63210011 -3.73570013
vt 2.84290004 0.73570001
vt 2.84290004 -3.96577311
vt 2.63210011 0.73570001
vt 2.84290004 0.96590000
vt 2.72900009 0.96590000
vt 4.96589994 -2.17050004
vt 4.73570013 -2.37630010
vt 4.73570013 -2.17050004
vt 4.96589994 -2.37630010
vt 4.96589994 -2.17050004
vt 4.73570013 -2.17050004
vt 4.96589994 -1.18510008
vt 4.96589994 -1.18510008
vt 4.73570013 -1.18510008
vt 4.96589994 -0.66310000
vt 2.74079990 0.96590000
vt 2.84290004 0.73570001
vt 2.61269999 0.96590000
vt 2.61269999 0.96590096
vt 2.84290004 -3.73570013
vt 2.61269999 -3.73570013
vt 2.74079990 -3.96589994
vt 2.61269999 -3.96589994
vt 0.26429999 -2.37630010
vt 0.03409999 -2.17050004
vt 0.26429999 -2.17050004
vt 0.03409999 -2.37630010
vt 2.84290004 -3.96589994
vt 2.72900009 -3.96589994
vt 0.03409999 -1.18510008
vt 0.03409999 -0.66310000
vt 0.26429999 -0.73500001
vt 0.03409999 -2.17050004
vt 0.26429999 -1.18510008
vt 4.73570013 -2.17050004
vt 4.73570013 -0.73500001
vt 4.73570013 -1.18510008
vt 0.26429999 -0.73500001
vt 4.73570013 -0.73500001
vt 0.26429999 -1.18510008
vt 0.03409999 -2.17050004
vt 0.26429999 -1.18510008
vt 0.26429999 -2.17050004
vt 4.73570013 -2.17050004
vt 0.26429999 -2.17050004
vt 0.03412173 -1.19099998
vt 4.96587801 -2.17170000
vt 0.03412173 -2.17170000
vt 4.96587801 -1.19099998
vt 0.26429999 -2.41989994
vt 0.03412173 -2.41989994
vt 4.96587801 -2.41989994
vt 2.54049993 -1.19099998
vt 2.25920296 -0.66313100
vt 2.38721895 -0.58017004
vt 2.28690004 -1.18510008
vt 2.55570006 -2.17050004
vt 2.76404309 -2.17174792
vt 2.72903204 -2.37634110
vt 2.84294510 -2.41990209
vt 0.03412173 -0.58010006
vt 4.73570013 -0.58010006
vt 4.96587801 -0.58010006
vt 2.74079704 -0.66313100
vt 2.45950007 -1.19099998
vt 2.61278105 -0.58017004
vt 2.71309996 -1.18510008
vt 2.44429994 -2.17050004
vt 2.23595691 -2.17174792
vt 2.27096796 -2.37634110
vt 2.15705490 -2.41990209
vt 2.84290004 0.73570001
vt 2.63210011 -3.73570013
vt 2.63210011 0.73570001
vt 2.84290004 -3.96587801
vt 2.72900009 0.96590000
vt 2.84290004 0.96590000
vt 4.73570013 -2.37630010
vt 4.96589994 -2.17050004
vt 4.96589994 -2.37630010
vt 4.73570013 -2.17050004
vt 4.73570013 -2.17050004
vt 4.96589994 -1.18510008
vt 4.96589994 -2.17050004
vt 4.73570013 -1.18510008
vt 4.96589994 -0.66310000
vt 2.61269999 0.96590000
vt 2.74079990 0.96590000
vt 2.84290004 0.73570001
vt 2.61269999 -3.73570013
vt 2.84290004 -3.73570013
vt 2.61269999 0.96587825
vt 2.74079990 -3.96589994
vt 2.61269999 -3.96589994
vt 0.03409999 -2.37630010
vt 0.26429999 -2.17050004
vt 0.26429999 -2.37630010
vt 0.03409999 -2.17050004
vt 2.84290004 -3.96589994
vt 2.72900009 -3.96589994
vt 0.03409999 -0.66310000
vt 0.26429999 -0.73500001
vt 0.03409999 -1.18510008
vt 0.03409999 -2.17050004
vt 0.26429999 -1.18510008
vt 0.26429999 -2.17050004
vt 0.26429999 -2.17050004
vt 4.73570013 -1.18510008
vt 4.73570013 -2.17050004
vt 0.26429999 -1.18510008
vt 4.73570013 -0.73500001
vt 4.73570013 -0.73500001
vt 0.26429999 -0.73500001
vt 1.76110005 -3.86267614
vt 3.16671395 -3.99993992
vt 1.76110005 -3.99993992
vt 3.16671395 0.86251557
vt 1.76110005 0.99997592
vt 3.16671395 0.99997592
vt 1.83327198 -1.15487289
vt 1.84145200 -1.65870309
vt 1.76069999 -1.42910004
vt 3.23932290 -1.15534592
vt 2.03620005 -1.73490000
vt 2.37926602 -1.71135998
vt 2.72233796 -1.63170099
vt 3.14461493 -1.46728992
vt 3.23964906 -1.35113311
vt 5.00000000 -1.42910004
vt 4.86250019 -1.15490007
vt 5.00000000 -1.15490007
vt 4.86251593 -1.48819995
vt 0.00006003 -1.15490007
vt 4.86251593 -1.15490007
vt 0.13732430 -1.48819995
vt 3.15849710 -1.65862107
vt 3.16671395 -1.15490007
vt 3.23924208 -1.42909288
vt 1.76110005 -1.15490007
vt 2.96380496 -1.73473597
vt 2.62084699 -1.71108603
vt 2.27788711 -1.63132811
vt 1.85575402 -1.46680903
vt 1.76076400 -1.29156709
vt 5.00000000 -1.29159999
vt 4.86250019 -1.15490007
vt 5.00000000 -1.15490007
vt 4.86267614 -1.35069990
vt 0.00002408 -1.15490007
vt 4.86267614 -1.15490007
vt 0.00002408 -1.35069990
vt 2.37910008 1.00000000
vt 2.03620005 0.86250001
vt 2.03620005 1.00000000
vt 1.84159994 1.00000000
vt 2.03620005 0.86250001
vt 1.84159994 0.86250001
vt 2.03620005 1.00000000
vt 5.00008917 -1.65860891
vt 4.86258888 -1.48810911
vt 5.00008917 -1.42901206
vt 4.86258888 -1.71770906
vt 0.13750000 -1.52600002
vt 0.00000000 -1.46690011
vt 0.00000000 -1.35069990
vt 3.14429998 1.00000000
vt 3.14429998 0.86250001
vt 2.72210002 1.00000000
vt 2.72210002 1.00000000
vt 2.37910008 0.86250001
vt 2.37910008 1.00000000
vt 4.86250019 -1.48819995
vt 4.86250019 -1.71779990
vt 4.59569979 -1.48819995
vt 4.86250019 -1.48819995
vt 4.59569979 -1.76900005
vt 0.13732430 -1.48819995
vt 0.40430000 -1.76900005
vt 0.13750000 -1.48819995
vt -0.00000000 -1.42910004
vt -0.00000000 -1.15490007
vt 2.37904692 -3.86248684
vt 2.72204590 -3.99998713
vt 2.37904596 -3.99998617
vt 2.72204590 -3.86248684
vt 2.72210002 -3.86250019
vt 3.14429998 -4.00000000
vt 2.72210002 -4.00000000
vt 5.00000000 -1.46690011
vt 4.86250019 -1.35069990
vt 5.00000000 -1.29159999
vt 0.13768440 -1.48809004
vt 0.00018396 -1.65858698
vt 0.00018451 -1.42898989
vt 0.13768400 -1.71768999
vt 1.84159994 -3.86250019
vt 2.03620005 -4.00000000
vt 1.84159994 -4.00000000
vt 2.03620005 -3.86250019
vt 2.03642511 -3.86279106
vt 2.37932611 -4.00028801
vt 2.03642607 -4.00029087
vt 2.37932491 -3.86278915
vt 4.86250019 -1.35069990
vt 4.86250019 -1.15490007
vt 5.00000000 -1.29159999
vt 4.59569979 -1.56389999
vt 0.13748440 -1.35069990
vt 4.59569979 -1.35069990
vt 0.40430000 -1.56389999
vt 0.00000000 -1.35069990
vt 0.13750000 -1.35069990
vt 4.86250019 -1.52600002
vt 4.86250019 -1.35069990
vt 2.37910008 1.00000000
vt 2.03620005 0.86250001
vt 2.03620005 0.59570003
vt 2.72210002 1.00000000
vt 3.14429998 0.86250001
vt 2.72210002 0.86250001
vt 2.72210002 1.00000000
vt 2.37910008 0.86250001
vt 1.84159994 0.59570003
vt 2.03620005 -3.59569979
vt 1.84159994 -3.59569979
vt 2.03620005 0.59570003
vt 0.13750000 -1.71779990
vt 0.13750000 -1.48819995
vt 2.37910008 -3.59569979
vt 2.37910008 -3.86250019
vt 2.72210002 -3.59569979
vt 3.14429998 -3.86250019
vt 3.14429998 -4.00000000
vt 5.00000000 -1.46690011
vt 1.84158397 -3.59611082
vt 2.03618598 -3.86290884
vt 1.84158802 -3.86290979
vt 2.03618407 -3.59610891
vt 2.03620005 -3.86250019
vt 2.72210002 0.59570003
vt 3.14429998 -3.59569979
vt 3.14429998 0.59570003
vt 2.03620005 0.59570003
vt 1.84159994 0.86250001
vt 2.37910008 0.59570003
vt 2.03620005 0.59570003
vt 2.03620005 -3.59569979
vt 2.03620005 -3.86250019
vt 1.76110005 -3.99997616
vt 3.16658902 0.86254847
vt 3.16658902 -3.99997616
vt 3.16658902 1.00000894
vt 1.76110005 1.00000894
vt 1.76110005 -3.86251593
vt 3.23966002 -1.35113311
vt 1.83336103 -1.15487289
vt 3.23934793 -1.15534592
vt 1.76069999 -1.42910004
vt 3.14461708 -1.46728992
vt 1.84159398 -1.65870309
vt 2.72233391 -1.63170099
vt 2.37926197 -1.71136093
vt 2.03620005 -1.73490000
vt 4.86250019 -1.15490007
vt 5.00000000 -1.15490007
vt 5.00000000 -1.42910004
vt 4.59569979 -1.48819995
vt 4.86254787 -1.15490007
vt 4.86254787 -1.48819995
vt 0.00002377 -1.15490007
vt 0.13748419 -1.48819995
vt 3.23922396 -1.42909288
vt 1.76110005 -1.15490007
vt 3.16658902 -1.15490007
vt 1.76078403 -1.29156709
vt 1.85579705 -1.46680903
vt 3.15835905 -1.65862107
vt 2.27793097 -1.63132811
vt 2.62088203 -1.71108603
vt 2.96382189 -1.73473597
vt 5.00000000 -1.15490007
vt 5.00000000 -1.29159999
vt 4.86250019 -1.15490007
vt -0.00000891 -1.15490007
vt 0.13745150 -1.35069990
vt -0.00000891 -1.35069990
vt 4.86251593 -1.15490007
vt 4.59569979 -1.35069990
vt 4.86251593 -1.35069990
vt 2.37910008 1.00000000
vt 2.03620005 0.86250001
vt 2.03620005 1.00000000
vt 2.03620005 1.00000000
vt 1.84159994 0.86250001
vt 1.84159994 1.00000000
vt 2.03620005 0.86250001
vt 4.86259079 -1.71771598
vt 5.00009108 -1.42901897
vt 5.00009108 -1.65861607
vt 4.86259222 -1.48811603
vt 0.13750000 -1.52600002
vt -0.00000000 -1.46690011
vt -0.00000000 -1.35069990
vt 3.14429998 0.86250001
vt 2.72210002 1.00000000
vt 3.14429998 1.00000000
vt 2.72210002 1.00000000
vt 2.37910008 0.86250001
vt 2.37910008 1.00000000
vt 4.86250019 -1.48819995
vt 4.59569979 -1.48819995
vt 4.86250019 -1.48819995
vt 4.86250019 -1.71779990
vt 0.40430000 -1.76900005
vt 4.59569979 -1.76900005
vt 0.13748419 -1.48819995
vt -0.00000000 -1.15490007
vt 0.13750000 -1.48819995
vt -0.00000000 -1.42910004
vt 2.72205710 -3.86245823
vt 2.37905693 -3.99995708
vt 2.37905788 -3.86245823
vt 2.72205710 -3.99995804
vt 3.14429998 -4.00000000
vt 2.72210002 -4.00000000
vt 2.72210002 -3.86250019
vt 5.00000000 -1.29159999
vt 5.00000000 -1.46690011
vt 4.86250019 -1.35069990
vt 0.00017464 -1.65860391
vt 0.13767511 -1.48810792
vt 0.13767470 -1.71770811
vt 0.00017520 -1.42900705
vt 2.03620005 -3.86250019
vt 1.84159994 -4.00000000
vt 1.84159994 -3.86250019
vt 2.03620005 -4.00000000
vt 2.37926006 -3.86275196
vt 2.03636098 -4.00025415
vt 2.03636003 -3.86275387
vt 2.37926102 -4.00025082
vt 5.00000000 -1.29159999
vt 4.86250019 -1.35069990
vt 4.86250019 -1.15490007
vt 4.59569979 -1.35069990
vt 0.40430000 -1.56389999
vt 0.13745150 -1.35069990
vt 4.59569979 -1.56389999
vt 0.13750000 -1.35069990
vt 0.00000000 -1.35069990
vt 4.86250019 -1.35069990
vt 4.86250019 -1.52600002
vt 2.03620005 0.86250001
vt 2.37910008 1.00000000
vt 2.03620005 0.59570003
vt 3.14429998 0.86250001
vt 2.72210002 0.86250001
vt 2.72210002 1.00000000
vt 2.37910008 0.86250001
vt 2.72210002 1.00000000
vt 2.03620005 0.59570003
vt 1.84159994 -3.59569979
vt 1.84159994 0.59570003
vt 2.03620005 -3.59569979
vt 0.13750000 -1.48819995
vt 0.13750000 -1.71779990
vt 2.72210002 -3.59569979
vt 2.37910008 -3.86250019
vt 2.37910008 -3.59569979
vt 3.14429998 -4.00000000
vt 3.14429998 -3.86250019
vt 5.00000000 -1.46690011
vt 2.03614211 -3.59608698
vt 1.84154701 -3.86288691
vt 1.84154296 -3.59608793
vt 2.03614402 -3.86288691
vt 2.03620005 -3.86250019
vt 3.14429998 0.59570003
vt 2.72210002 0.59570003
vt 3.14429998 -3.59569979
vt 2.03620005 0.59570003
vt 1.84159994 0.86250001
vt 2.37910008 0.59570003
vt 2.03620005 -3.59569979
vt 2.03620005 0.59570003
vt 2.03620005 -3.86250019
vt 3.16668105 0.86272848
vt 1.76110005 1.00000143
vt 3.16668105 1.00000143
vt 1.76110005 -3.86272907
vt 3.16668105 -4.00000095
vt 1.76110005 -4.00000095
vt 3.14476705 -1.46728992
vt 3.23951197 -1.15534592
vt 3.23982191 -1.35113311
vt 1.83334005 -1.15487289
vt 2.72245598 -1.63170099
vt 2.37930894 -1.71136093
vt 2.03620005 -1.73490000
vt 1.84160197 -1.65870309
vt 1.76069999 -1.42910004
vt 5.00000000 -1.42910004
vt 4.86250019 -1.15490007
vt 5.00000000 -1.15490007
vt 4.86272907 -1.48819995
vt -0.00000145 -1.15490007
vt 4.86272907 -1.15490007
vt 0.13727149 -1.48819995
vt 1.76110005 -1.15490007
vt 1.85575604 -1.46680903
vt 1.76076305 -1.29156709
vt 3.16668105 -1.15490007
vt 2.27786207 -1.63132811
vt 2.62085199 -1.71108603
vt 2.96381402 -1.73473597
vt 3.15834188 -1.65862107
vt 3.23924708 -1.42909288
vt 5.00000000 -1.29159999
vt 4.86250019 -1.15490007
vt 5.00000000 -1.15490007
vt 4.86272907 -1.35069990
vt -0.00000145 -1.15490007
vt 4.86272907 -1.15490007
vt -0.00000145 -1.35069990
vt 2.03620005 0.86250001
vt 2.03620005 1.00000000
vt 2.37910008 1.00000000
vt 2.03620005 0.86250001
vt 1.84159994 1.00000000
vt 2.03620005 1.00000000
vt 1.84159994 0.86250001
vt 5.00009298 -1.65867901
vt 4.86259317 -1.48817897
vt 5.00009298 -1.42908192
vt 4.86259317 -1.71777892
vt 0.13750000 -1.52600002
vt -0.00000000 -1.46690011
vt -0.00000000 -1.35069990
vt 3.14429998 0.86250001
vt 2.72210002 1.00000000
vt 3.14429998 1.00000000
vt 2.37910008 0.86250001
vt 2.37910008 1.00000000
vt 2.72210002 1.00000000
vt 4.86250019 -1.48819995
vt 4.86250019 -1.71779990
vt 4.59569979 -1.48819995
vt 4.86250019 -1.48819995
vt 4.59569979 -1.76900005
vt 0.13727149 -1.48819995
vt 0.40430000 -1.76900005
vt 0.13750000 -1.48819995
vt 0.00000000 -1.42910004
vt 0.00000000 -1.15490007
vt 2.72214389 -3.99976206
vt 2.37914491 -3.86226320
vt 2.72214508 -3.86226177
vt 2.37914395 -3.99976110
vt 2.72210002 -4.00000000
vt 2.72210002 -3.86250019
vt 3.14429998 -4.00000000
vt 4.99961185 -1.46701002
vt 4.86211300 -1.35080910
vt 4.99961281 -1.29170990
vt 4.86211205 -1.52610207
vt 0.13758489 -1.48824906
vt 0.00008447 -1.65874505
vt 0.00008503 -1.42914796
vt 0.13758449 -1.71784806
vt 2.03620005 -4.00000000
vt 1.84159994 -3.86250019
vt 2.03620005 -3.86250019
vt 1.84159994 -4.00000000
vt 2.37877607 -3.99995899
vt 2.03587604 -3.86246204
vt 2.37877607 -3.86246109
vt 2.03587699 -3.99996185
vt 4.86250019 -1.35069990
vt 4.86250019 -1.15490007
vt 5.00000000 -1.29159999
vt 4.59569979 -1.56389999
vt 0.13727149 -1.35069990
vt 4.59569979 -1.35069990
vt 0.40430000 -1.56389999
vt -0.00000000 -1.35069990
vt 0.13750000 -1.35069990
vt 4.86250019 -1.52600002
vt 4.86250019 -1.35069990
vt 2.03620005 0.86250001
vt 2.37910008 1.00000000
vt 2.03620005 0.59570003
vt 2.72210002 0.86250001
vt 2.72210002 1.00000000
vt 3.14429998 0.86250001
vt 2.37910008 0.86250001
vt 2.72210002 1.00000000
vt 2.03620005 -3.59569979
vt 1.84159994 0.59570003
vt 2.03620005 0.59570003
vt 1.84159994 -3.59569979
vt 0.13750000 -1.71779990
vt 0.13750000 -1.48819995
vt 2.37910008 -3.59569979
vt 2.72210002 -3.59569979
vt 2.37910008 -3.86250019
vt 3.14429998 -4.00000000
vt 3.14429998 -3.86250019
vt 1.84159994 -3.59569979
vt 2.03620005 -3.86250019
vt 3.14429998 -3.59569979
vt 2.72210002 0.59570003
vt 3.14429998 0.59570003
vt 2.03620005 0.59570003
vt 1.84159994 0.86250001
vt 2.37910008 0.59570003
vt 2.03620005 0.59570003
vt 2.03620005 -3.59569979
vt 2.03620005 -3.86250019
vt 2.03620005 -3.86250019
f 1/1 2/2 3/3
f 2/2 1/1 4/4
f 4/4 1/1 5/5
f 4/4 5/5 6/6
f 7/7 8/8 9/9
f 8/8 7/7 10/10
f 10/10 7/7 11/11
f 10/10 11/11 12/12
f 10/10 12/12 13/13
f 10/10 13/13 14/14
f 10/10 14/14 15/15
f 16/16 17/17 18/18
f 19/19 20/20 21/21
f 20/20 19/19 22/22
f 23/23 24/24 25/25
f 24/24 23/23 26/26
f 24/24 26/26 27/27
f 27/27 26/26 28/28
f 28/28 26/26 29/29
f 29/29 26/26 30/30
f 30/30 26/26 31/31
f 32/32 33/33 34/34
f 35/35 36/36 37/37
f 36/36 35/35 38/38
f 39/39 40/40 41/41
f 42/42 43/43 44/44
f 43/43 42/42 45/45
f 46/46 47/47 48/48
f 47/47 46/46 49/49
f 50/50 51/51 52/52
f 53/53 54/54 55/55
f 56/56 57/57 58/58
f 59/59 17/17 16/16
f 60/60 61/61 62/62
f 63/63 64/64 61/61
f 64/64 63/63 65/65
f 66/66 67/67 68/68
f 69/69 70/70 71/71
f 70/70 69/69 72/72
f 73/73 74/74 75/75
f 76/76 77/77 78/78
f 77/77 76/76 79/79
f 80/80 81/81 82/82
f 81/81 80/80 83/83
f 84/84 85/85 86/86
f 85/85 84/84 87/87
f 88/88 89/89 90/90
f 89/89 88/88 91/91
f 92/92 93/93 94/94
f 95/95 96/96 97/97
f 96/96 95/95 98/98
f 50/50 99/99 100/100
f 101/101 97/97 102/102
f 103/103 104/104 56/56
f 105/105 45/45 42/42
f 106/106 107/107 108/108
f 109/109 110/110 106/106
f 63/63 61/61 60/60
f 111/111 112/112 113/113
f 112/112 111/111 114/114
f 65/65 115/115 116/116
f 74/74 117/117 118/118
f 117/117 74/74 119/119
f 120/120 74/74 121/121
f 122/122 123/123 124/124
f 123/123 122/122 125/125
f 126/126 117/117 119/119
f 127/127 128/128 129/129
f 128/128 127/127 118/118
f 98/98 50/50 100/100
f 95/95 97/97 101/101
f 130/130 103/103 56/56
f 112/112 131/131 113/113
f 129/129 106/106 108/108
f 128/128 109/109 106/106
f 109/109 128/128 132/132
f 117/117 133/133 132/132
f 133/133 117/117 134/134
f 118/118 132/132 128/128
f 132/132 118/118 117/117
f 74/74 118/118 121/121
f 135/135 134/134 117/117
f 121/121 118/118 127/127
f 128/128 106/106 129/129
f 133/133 109/109 132/132
f 136/136 137/137 138/138
f 137/137 136/136 139/139
f 139/139 136/136 140/140
f 139/139 140/140 141/141
f 141/141 140/140 142/142
f 141/141 142/142 143/143
f 143/143 142/142 144/144
f 143/143 144/144 145/145
f 145/145 144/144 146/146
f 145/145 146/146 147/147
f 148/148 149/149 150/150
f 149/149 148/148 151/151
f 152/152 151/151 148/148
f 151/151 152/152 153/153
f 154/154 155/155 156/156
f 155/155 154/154 157/157
f 157/157 154/154 158/158
f 157/157 158/158 159/159
f 157/157 159/159 160/160
f 160/160 159/159 161/161
f 150/150 162/162 163/163
f 162/162 150/150 164/164
f 164/164 150/150 149/149
f 165/165 166/166 167/167
f 166/166 165/165 168/168
f 166/166 168/168 169/169
f 169/169 168/168 170/170
f 170/170 168/168 171/171
f 170/170 171/171 172/172
f 173/173 174/174 175/175
f 174/174 173/173 176/176
f 177/177 174/174 178/178
f 179/179 180/180 181/181
f 180/180 179/179 182/182
f 183/183 184/184 185/185
f 185/185 186/186 187/187
f 188/188 189/189 190/190
f 191/191 192/192 193/193
f 192/192 191/191 189/189
f 193/193 194/194 195/195
f 196/196 197/197 198/198
f 197/197 196/196 199/199
f 173/173 200/200 201/201
f 202/202 203/203 204/204
f 205/205 202/202 206/206
f 180/180 198/198 181/181
f 198/198 180/180 196/196
f 178/178 174/174 176/176
f 184/184 186/186 185/185
f 186/186 207/207 187/187
f 208/208 209/209 210/210
f 209/209 208/208 211/211
f 192/192 194/194 193/193
f 205/205 206/206 212/212
f 202/202 204/204 206/206
f 213/213 211/211 208/208
f 211/211 213/213 214/214
f 215/215 216/216 217/217
f 216/216 215/215 218/218
f 219/219 220/220 221/221
f 220/220 219/219 222/222
f 223/223 224/224 225/225
f 224/224 223/223 226/226
f 227/227 228/228 229/229
f 228/228 227/227 230/230
f 231/231 232/232 233/233
f 232/232 231/231 234/234
f 235/235 236/236 219/219
f 237/237 238/238 239/239
f 238/238 237/237 240/240
f 220/220 241/241 221/221
f 226/226 242/242 224/224
f 243/243 244/244 245/245
f 244/244 243/243 246/246
f 223/223 247/247 248/248
f 249/249 229/229 250/250
f 251/251 252/252 253/253
f 252/252 251/251 254/254
f 255/255 228/228 230/230
f 256/256 257/257 232/232
f 231/231 233/233 258/258
f 259/259 260/260 261/261
f 260/260 259/259 262/262
f 263/263 264/264 265/265
f 266/266 267/267 268/268
f 269/269 270/270 271/271
f 272/272 273/273 274/274
f 275/275 244/244 276/276
f 243/243 245/245 277/277
f 278/278 279/279 280/280
f 280/280 279/279 281/281
f 282/282 283/283 284/284
f 285/285 262/262 259/259
f 286/286 287/287 288/288
f 289/289 290/290 261/261
f 291/291 292/292 293/293
f 271/271 270/270 294/294
f 295/295 296/296 297/297
f 298/298 299/299 300/300
f 301/301 302/302 303/303
f 302/302 301/301 304/304
f 304/304 301/301 305/305
f 304/304 305/305 306/306
f 306/306 305/305 307/307
f 306/306 307/307 308/308
f 308/308 307/307 309/309
f 308/308 309/309 310/310
f 310/310 309/309 311/311
f 310/310 311/311 312/312
f 313/313 314/314 315/315
f 314/314 313/313 316/316
f 316/316 313/313 317/317
f 317/317 313/313 318/318
f 319/319 320/320 321/321
f 320/320 319/319 322/322
f 322/322 319/319 323/323
f 322/322 323/323 324/324
f 324/324 323/323 325/325
f 324/324 325/325 326/326
f 324/324 326/326 327/327
f 328/328 329/329 330/330
f 331/331 332/332 333/333
f 332/332 331/331 334/334
f 334/334 331/331 335/335
f 336/336 337/337 338/338
f 337/337 336/336 339/339
f 339/339 336/336 340/340
f 340/340 336/336 341/341
f 340/340 341/341 342/342
f 342/342 341/341 343/343
f 343/343 341/341 344/344
f 345/345 346/346 347/347
f 348/348 349/349 350/350
f 349/349 348/348 351/351
f 351/351 348/348 352/352
f 351/351 352/352 353/353
f 354/354 355/355 356/356
f 357/357 358/358 359/359
f 358/358 357/357 360/360
f 361/361 362/362 363/363
f 362/362 361/361 364/364
f 365/365 366/366 367/367
f 368/368 369/369 370/370
f 371/371 372/372 373/373
f 329/329 374/374 330/330
f 375/375 376/376 377/377
f 377/377 378/378 379/379
f 378/378 377/377 380/380
f 381/381 382/382 383/383
f 384/384 385/385 386/386
f 385/385 384/384 387/387
f 388/388 389/389 390/390
f 391/391 392/392 393/393
f 394/394 395/395 396/396
f 395/395 394/394 397/397
f 398/398 399/399 400/400
f 399/399 398/398 401/401
f 402/402 403/403 404/404
f 403/403 402/402 405/405
f 406/406 407/407 408/408
f 409/409 410/410 411/411
f 410/410 409/409 412/412
f 413/413 414/414 366/366
f 410/410 415/415 416/416
f 417/417 418/418 373/373
f 357/357 359/359 419/419
f 420/420 421/421 422/422
f 423/423 424/424 422/422
f 376/376 380/380 377/377
f 425/425 426/426 427/427
f 426/426 425/425 428/428
f 378/378 429/429 430/430
f 431/431 432/432 388/388
f 432/432 431/431 433/433
f 388/388 434/434 435/435
f 415/415 436/436 416/416
f 437/437 438/438 439/439
f 438/438 437/437 440/440
f 441/441 433/433 431/431
f 432/432 442/442 443/443
f 442/442 432/432 444/444
f 414/414 409/409 366/366
f 410/410 416/416 411/411
f 417/417 373/373 445/445
f 446/446 426/426 428/428
f 422/422 421/421 442/442
f 447/447 422/422 444/444
f 422/422 447/447 423/423
f 448/448 447/447 433/433
f 447/447 448/448 449/449
f 433/433 444/444 432/432
f 444/444 433/433 447/447
f 432/432 434/434 388/388
f 448/448 433/433 450/450
f 432/432 443/443 434/434
f 422/422 442/442 444/444
f 449/449 423/423 447/447
f 451/451 452/452 453/453
f 452/452 451/451 454/454
f 454/454 451/451 455/455
f 454/454 455/455 456/456
f 457/457 458/458 459/459
f 458/458 457/457 460/460
f 458/458 460/460 461/461
f 461/461 460/460 462/462
f 462/462 460/460 463/463
f 463/463 460/460 464/464
f 464/464 460/460 465/465
f 466/466 467/467 468/468
f 469/469 470/470 471/471
f 470/470 469/469 472/472
f 473/473 474/474 475/475
f 474/474 473/473 476/476
f 476/476 473/473 477/477
f 476/476 477/477 478/478
f 476/476 478/478 479/479
f 476/476 479/479 480/480
f 476/476 480/480 481/481
f 482/482 483/483 484/484
f 485/485 486/486 487/487
f 486/486 485/485 488/488
f 489/489 490/490 491/491
f 492/492 493/493 494/494
f 493/493 492/492 495/495
f 496/496 497/497 498/498
f 497/497 496/496 499/499
f 500/500 501/501 502/502
f 503/503 504/504 505/505
f 506/506 507/507 508/508
f 509/509 467/467 466/466
f 510/510 511/511 512/512
f 513/513 514/514 511/511
f 514/514 513/513 515/515
f 516/516 517/517 518/518
f 519/519 520/520 521/521
f 520/520 519/519 522/522
f 523/523 524/524 525/525
f 526/526 527/527 528/528
f 529/529 530/530 531/531
f 530/530 529/529 532/532
f 533/533 534/534 535/535
f 534/534 533/533 536/536
f 537/537 538/538 539/539
f 538/538 537/537 540/540
f 541/541 542/542 543/543
f 544/544 545/545 546/546
f 545/545 544/544 547/547
f 500/500 548/548 549/549
f 550/550 546/546 551/551
f 552/552 507/507 553/553
f 493/493 554/554 494/494
f 555/555 556/556 557/557
f 558/558 557/557 559/559
f 513/513 511/511 510/510
f 560/560 561/561 562/562
f 561/561 560/560 563/563
f 515/515 564/564 565/565
f 566/566 523/523 567/567
f 523/523 566/566 568/568
f 569/569 570/570 523/523
f 550/550 551/551 571/571
f 572/572 536/536 533/533
f 566/566 567/567 573/573
f 574/574 575/575 568/568
f 575/575 574/574 576/576
f 547/547 500/500 549/549
f 544/544 546/546 550/550
f 507/507 577/577 553/553
f 578/578 563/563 560/560
f 556/556 576/576 557/557
f 559/559 574/574 579/579
f 574/574 559/559 557/557
f 580/580 566/566 581/581
f 566/566 580/580 579/579
f 561/561 582/582 562/562
f 579/579 568/568 566/566
f 568/568 579/579 574/574
f 568/568 569/569 523/523
f 566/566 583/583 581/581
f 575/575 569/569 568/568
f 557/557 576/576 574/574
f 559/559 579/579 580/580
f 584/584 585/585 586/586
f 585/585 584/584 587/587
f 587/587 584/584 588/588
f 587/587 588/588 589/589
f 590/590 591/591 592/592
f 591/591 590/590 593/593
f 593/593 590/590 594/594
f 593/593 594/594 595/595
f 593/593 595/595 596/596
f 593/593 596/596 597/597
f 593/593 597/597 598/598
f 599/599 600/600 601/601
f 602/602 603/603 604/604
f 603/603 602/602 605/605
f 606/606 607/607 608/608
f 607/607 606/606 609/609
f 607/607 609/609 610/610
f 610/610 609/609 611/611
f 611/611 609/609 612/612
f 612/612 609/609 613/613
f 613/613 609/609 614/614
f 615/615 616/616 617/617
f 618/618 619/619 620/620
f 619/619 618/618 621/621
f 622/622 623/623 624/624
f 625/625 626/626 627/627
f 626/626 625/625 628/628
f 629/629 630/630 631/631
f 630/630 629/629 632/632
f 633/633 634/634 635/635
f 636/636 637/637 638/638
f 639/639 640/640 641/641
f 642/642 600/600 599/599
f 643/643 644/644 645/645
f 646/646 647/647 644/644
f 647/647 646/646 648/648
f 649/649 650/650 651/651
f 652/652 653/653 654/654
f 653/653 652/652 655/655
f 656/656 657/657 658/658
f 659/659 660/660 661/661
f 660/660 659/659 662/662
f 663/663 664/664 665/665
f 664/664 663/663 666/666
f 667/667 668/668 669/669
f 668/668 667/667 670/670
f 671/671 672/672 673/673
f 672/672 671/671 674/674
f 675/675 676/676 677/677
f 678/678 679/679 680/680
f 679/679 678/678 681/681
f 633/633 682/682 683/683
f 684/684 680/680 685/685
f 686/686 687/687 639/639
f 688/688 628/628 625/625
f 689/689 690/690 691/691
f 692/692 693/693 689/689
f 646/646 644/644 643/643
f 694/694 695/695 696/696
f 695/695 694/694 697/697
f 648/648 698/698 699/699
f 700/700 701/701 657/657
f 702/702 657/657 703/703
f 704/704 705/705 706/706
f 705/705 704/704 707/707
f 708/708 709/709 700/700
f 710/710 711/711 712/712
f 711/711 710/710 701/701
f 681/681 633/633 683/683
f 678/678 680/680 684/684
f 713/713 686/686 639/639
f 695/695 714/714 696/696
f 712/712 689/689 691/691
f 711/711 692/692 689/689
f 692/692 711/711 715/715
f 709/709 716/716 715/715
f 716/716 709/709 717/717
f 657/657 701/701 703/703
f 700/700 709/709 701/701
f 718/718 717/717 709/709
f 703/703 701/701 710/710
f 701/701 715/715 711/711
f 715/715 701/701 709/709
f 711/711 689/689 712/712
f 716/716 692/692 715/715
f 719/719 720/720 721/721
f 720/720 719/719 722/722
f 722/722 719/719 723/723
f 722/722 723/723 724/724
f 724/724 723/723 725/725
f 724/724 725/725 726/726
f 726/726 725/725 727/727
f 726/726 727/727 728/728
f 728/728 727/727 729/729
f 728/728 729/729 730/730
f 731/731 732/732 733/733
f 732/732 731/731 734/734
f 735/735 734/734 731/731
f 734/734 735/735 736/736
f 737/737 738/738 739/739
f 738/738 737/737 740/740
f 740/740 737/737 741/741
f 740/740 741/741 742/742
f 740/740 742/742 743/743
f 743/743 742/742 744/744
f 733/733 745/745 746/746
f 745/745 733/733 747/747
f 747/747 733/733 732/732
f 748/748 749/749 750/750
f 749/749 748/748 751/751
f 749/749 751/751 752/752
f 752/752 751/751 753/753
f 753/753 751/751 754/754
f 753/753 754/754 755/755
f 756/756 757/757 758/758
f 757/757 756/756 759/759
f 758/758 760/760 761/761
f 762/762 763/763 764/764
f 765/765 766/766 767/767
f 768/768 769/769 770/770
f 771/771 772/772 773/773
f 771/771 774/774 775/775
f 774/774 771/771 776/776
f 777/777 774/774 778/778
f 779/779 780/780 781/781
f 780/780 779/779 782/782
f 783/783 759/759 784/784
f 785/785 786/786 787/787
f 788/788 789/789 785/785
f 789/789 788/788 790/790
f 791/791 779/779 792/792
f 779/779 791/791 782/782
f 757/757 760/760 758/758
f 791/791 792/792 793/793
f 794/794 768/768 770/770
f 768/768 795/795 769/769
f 796/796 797/797 798/798
f 797/797 796/796 799/799
f 778/778 774/774 776/776
f 788/788 785/785 787/787
f 800/800 799/799 796/796
f 799/799 800/800 801/801
f 802/802 803/803 804/804
f 803/803 802/802 805/805
f 805/805 802/802 806/806
f 805/805 806/806 807/807
f 808/808 809/809 810/810
f 809/809 808/808 811/811
f 811/811 808/808 812/812
f 811/811 812/812 813/813
f 811/811 813/813 814/814
f 811/811 814/814 815/815
f 811/811 815/815 816/816
f 817/817 818/818 819/819
f 820/820 821/821 822/822
f 821/821 820/820 823/823
f 824/824 825/825 826/826
f 825/825 824/824 827/827
f 825/825 827/827 828/828
f 828/828 827/827 829/829
f 829/829 827/827 830/830
f 830/830 827/827 831/831
f 831/831 827/827 832/832
f 833/833 834/834 835/835
f 836/836 837/837 838/838
f 837/837 836/836 839/839
f 840/840 841/841 842/842
f 843/843 844/844 845/845
f 844/844 843/843 846/846
f 847/847 848/848 849/849
f 848/848 847/847 850/850
f 851/851 852/852 853/853
f 854/854 855/855 856/856
f 857/857 858/858 859/859
f 860/860 818/818 817/817
f 861/861 862/862 863/863
f 864/864 865/865 862/862
f 865/865 864/864 866/866
f 867/867 868/868 869/869
f 870/870 871/871 872/872
f 871/871 870/870 873/873
f 874/874 875/875 876/876
f 877/877 878/878 879/879
f 880/880 881/881 882/882
f 881/881 880/880 883/883
f 884/884 885/885 886/886
f 885/885 884/884 887/887
f 888/888 889/889 890/890
f 889/889 888/888 891/891
f 892/892 893/893 894/894
f 895/895 896/896 897/897
f 896/896 895/895 898/898
f 851/851 899/899 900/900
f 901/901 897/897 902/902
f 903/903 904/904 857/857
f 905/905 846/846 843/843
f 906/906 907/907 908/908
f 909/909 910/910 906/906
f 864/864 862/862 861/861
f 911/911 912/912 913/913
f 912/912 911/911 914/914
f 866/866 915/915 916/916
f 875/875 917/917 918/918
f 917/917 875/875 919/919
f 920/920 875/875 921/921
f 901/901 902/902 922/922
f 923/923 924/924 925/925
f 924/924 923/923 926/926
f 927/927 917/917 919/919
f 928/928 929/929 930/930
f 929/929 928/928 918/918
f 898/898 851/851 900/900
f 895/895 897/897 901/901
f 931/931 903/903 857/857
f 912/912 932/932 913/913
f 930/930 906/906 908/908
f 929/929 909/909 906/906
f 909/909 929/929 933/933
f 934/934 935/935 936/936
f 935/935 934/934 937/937
f 938/938 939/939 940/940
f 939/939 938/938 941/941
f 875/875 918/918 921/921
f 942/942 943/943 917/917
f 921/921 918/918 928/928
f 929/929 906/906 930/930
f 944/944 909/909 933/933
f 945/945 946/946 947/947
f 946/946 945/945 948/948
f 948/948 945/945 949/949
f 949/949 945/945 950/950
f 951/951 952/952 953/953
f 952/952 951/951 954/954
f 954/954 951/951 955/955
f 954/954 955/955 956/956
f 956/956 955/955 957/957
f 956/956 957/957 958/958
f 956/956 958/958 959/959
f 960/960 961/961 962/962
f 963/963 964/964 965/965
f 964/964 963/963 966/966
f 966/966 963/963 967/967
f 968/968 969/969 970/970
f 969/969 968/968 971/971
f 971/971 968/968 972/972
f 972/972 968/968 973/973
f 972/972 973/973 974/974
f 974/974 973/973 975/975
f 975/975 973/973 976/976
f 977/977 978/978 979/979
f 980/980 981/981 982/982
f 981/981 980/980 983/983
f 981/981 983/983 984/984
f 984/984 983/983 985/985
f 986/986 987/987 988/988
f 987/987 986/986 989/989
f 990/990 991/991 992/992
f 991/991 990/990 993/993
f 994/994 995/995 996/996
f 995/995 994/994 997/997
f 998/998 999/999 1000/1000
f 1001/1001 1002/1002 1003/1003
f 1004/1004 1005/1005 1006/1006
f 960/960 962/962 1007/1007
f 1008/1008 1009/1009 1010/1010
f 1011/1011 1008/1008 1012/1012
f 1008/1008 1011/1011 1013/1013
f 1014/1014 1015/1015 1016/1016
f 1017/1017 1018/1018 1019/1019
f 1018/1018 1017/1017 1020/1020
f 1021/1021 1022/1022 1023/1023
f 1024/1024 1025/1025 1026/1026
f 1025/1025 1024/1024 1027/1027
f 1028/1028 1029/1029 1030/1030
f 1029/1029 1028/1028 1031/1031
f 1032/1032 1033/1033 1034/1034
f 1033/1033 1032/1032 1035/1035
f 1036/1036 1037/1037 1038/1038
f 1037/1037 1036/1036 1039/1039
f 1040/1040 1041/1041 1042/1042
f 1043/1043 1044/1044 1045/1045
f 1044/1044 1043/1043 1046/1046
f 1047/1047 998/998 1048/1048
f 1049/1049 1050/1050 1043/1043
f 1005/1005 1051/1051 1052/1052
f 1053/1053 991/991 993/993
f 1054/1054 1055/1055 1056/1056
f 1055/1055 1057/1057 1058/1058
f 1008/1008 1010/1010 1012/1012
f 1059/1059 1060/1060 1061/1061
f 1060/1060 1059/1059 1062/1062
f 1063/1063 1011/1011 1064/1064
f 1065/1065 1066/1066 1067/1067
f 1066/1066 1065/1065 1023/1023
f 1068/1068 1023/1023 1069/1069
f 1070/1070 1071/1071 1072/1072
f 1071/1071 1070/1070 1073/1073
f 1066/1066 1074/1074 1067/1067
f 1075/1075 1065/1065 1076/1076
f 1065/1065 1075/1075 1077/1077
f 1044/1044 998/998 1047/1047
f 1050/1050 1046/1046 1043/1043
f 1078/1078 1079/1079 1057/1057
f 1059/1059 1061/1061 1080/1080
f 1075/1075 1055/1055 1054/1054
f 1055/1055 1078/1078 1057/1057
f 1078/1078 1055/1055 1076/1076
f 1078/1078 1081/1081 1079/1079
f 1081/1081 1078/1078 1067/1067
f 1076/1076 1067/1067 1078/1078
f 1067/1067 1076/1076 1065/1065
f 1069/1069 1023/1023 1065/1065
f 1067/1067 1082/1082 1081/1081
f 1069/1069 1065/1065 1077/1077
f 1075/1075 1076/1076 1055/1055
f 1083/1083 1084/1084 1085/1085
f 1084/1084 1083/1083 1086/1086
f 1086/1086 1083/1083 1087/1087
f 1087/1087 1083/1083 1088/1088
f 1089/1089 1090/1090 1091/1091
f 1090/1090 1089/1089 1092/1092
f 1092/1092 1089/1089 1093/1093
f 1092/1092 1093/1093 1094/1094
f 1094/1094 1093/1093 1095/1095
f 1094/1094 1095/1095 1096/1096
f 1094/1094 1096/1096 1097/1097
f 1098/1098 1099/1099 1100/1100
f 1101/1101 1102/1102 1103/1103
f 1102/1102 1101/1101 1104/1104
f 1104/1104 1101/1101 1105/1105
f 1106/1106 1107/1107 1108/1108
f 1107/1107 1106/1106 1109/1109
f 1109/1109 1106/1106 1110/1110
f 1110/1110 1106/1106 1111/1111
f 1110/1110 1111/1111 1112/1112
f 1112/1112 1111/1111 1113/1113
f 1113/1113 1111/1111 1114/1114
f 1115/1115 1116/1116 1117/1117
f 1118/1118 1119/1119 1120/1120
f 1119/1119 1118/1118 1121/1121
f 1121/1121 1118/1118 1122/1122
f 1121/1121 1122/1122 1123/1123
f 1124/1124 1125/1125 1126/1126
f 1125/1125 1124/1124 1127/1127
f 1128/1128 1129/1129 1130/1130
f 1129/1129 1128/1128 1131/1131
f 1132/1132 1133/1133 1134/1134
f 1133/1133 1132/1132 1135/1135
f 1136/1136 1137/1137 1138/1138
f 1139/1139 1140/1140 1141/1141
f 1142/1142 1143/1143 1144/1144
f 1099/1099 1145/1145 1100/1100
f 1146/1146 1147/1147 1148/1148
f 1148/1148 1149/1149 1150/1150
f 1149/1149 1148/1148 1151/1151
f 1152/1152 1153/1153 1154/1154
f 1155/1155 1156/1156 1157/1157
f 1156/1156 1155/1155 1158/1158
f 1159/1159 1160/1160 1161/1161
f 1162/1162 1163/1163 1164/1164
f 1163/1163 1162/1162 1165/1165
f 1166/1166 1167/1167 1168/1168
f 1167/1167 1166/1166 1169/1169
f 1170/1170 1171/1171 1172/1172
f 1171/1171 1170/1170 1173/1173
f 1174/1174 1175/1175 1176/1176
f 1175/1175 1174/1174 1177/1177
f 1178/1178 1179/1179 1180/1180
f 1181/1181 1182/1182 1183/1183
f 1182/1182 1181/1181 1184/1184
f 1185/1185 1186/1186 1137/1137
f 1182/1182 1187/1187 1188/1188
f 1189/1189 1144/1144 1190/1190
f 1128/1128 1130/1130 1191/1191
f 1192/1192 1193/1193 1194/1194
f 1195/1195 1196/1196 1194/1194
f 1147/1147 1151/1151 1148/1148
f 1197/1197 1198/1198 1199/1199
f 1198/1198 1197/1197 1200/1200
f 1149/1149 1201/1201 1202/1202
f 1203/1203 1204/1204 1159/1159
f 1204/1204 1203/1203 1205/1205
f 1159/1159 1206/1206 1207/1207
f 1208/1208 1209/1209 1210/1210
f 1209/1209 1208/1208 1211/1211
f 1212/1212 1205/1205 1203/1203
f 1204/1204 1213/1213 1214/1214
f 1213/1213 1204/1204 1215/1215
f 1186/1186 1181/1181 1137/1137
f 1182/1182 1188/1188 1183/1183
f 1216/1216 1195/1195 1217/1217
f 1218/1218 1198/1198 1200/1200
f 1194/1194 1193/1193 1213/1213
f 1217/1217 1194/1194 1215/1215
f 1194/1194 1217/1217 1195/1195
f 1219/1219 1217/1217 1205/1205
f 1217/1217 1219/1219 1216/1216
f 1205/1205 1215/1215 1204/1204
f 1215/1215 1205/1205 1217/1217
f 1204/1204 1206/1206 1159/1159
f 1219/1219 1205/1205 1220/1220
f 1204/1204 1214/1214 1206/1206
f 1194/1194 1213/1213 1215/1215
f 1221/1221 1222/1222 1223/1223
f 1222/1222 1221/1221 1224/1224
f 1223/1223 1225/1225 1226/1226
f 1225/1225 1223/1223 1222/1222
f 1225/1225 1222/1222 1227/1227
f 1228/1228 1229/1229 1230/1230
f 1229/1229 1228/1228 1231/1231
f 1231/1231 1228/1228 1232/1232
f 1232/1232 1228/1228 1233/1233
f 1232/1232 1233/1233 1234/1234
f 1234/1234 1233/1233 1235/1235
f 1236/1236 1224/1224 1221/1221
f 1224/1224 1236/1236 1237/1237
f 1224/1224 1237/1237 1238/1238
f 1239/1239 1240/1240 1241/1241
f 1240/1240 1239/1239 1242/1242
f 1240/1240 1242/1242 1243/1243
f 1240/1240 1243/1243 1244/1244
f 1244/1244 1243/1243 1245/1245
f 1244/1244 1245/1245 1246/1246
f 1247/1247 1248/1248 1249/1249
f 1248/1248 1247/1247 1250/1250
f 1247/1247 1251/1251 1252/1252
f 1253/1253 1254/1254 1255/1255
f 1254/1254 1253/1253 1256/1256
f 1257/1257 1258/1258 1259/1259
f 1258/1258 1257/1257 1260/1260
f 1260/1260 1261/1261 1258/1258
f 1262/1262 1263/1263 1264/1264
f 1265/1265 1264/1264 1266/1266
f 1264/1264 1265/1265 1267/1267
f 1265/1265 1268/1268 1269/1269
f 1270/1270 1271/1271 1272/1272
f 1271/1271 1270/1270 1273/1273
f 1274/1274 1275/1275 1248/1248
f 1276/1276 1277/1277 1278/1278
f 1279/1279 1280/1280 1281/1281
f 1280/1280 1279/1279 1278/1278
f 1272/1272 1256/1256 1253/1253
f 1256/1256 1272/1272 1271/1271
f 1247/1247 1249/1249 1251/1251
f 1282/1282 1283/1283 1284/1284
f 1283/1283 1282/1282 1285/1285
f 1286/1286 1261/1261 1260/1260
f 1285/1285 1287/1287 1283/1283
f 1287/1287 1285/1285 1288/1288
f 1265/1265 1266/1266 1268/1268
f 1278/1278 1277/1277 1280/1280
f 1289/1289 1290/1290 1291/1291
f 1290/1290 1289/1289 1292/1292
f 1293/1293 1294/1294 1295/1295
f 1294/1294 1293/1293 1296/1296
f 1297/1297 1298/1298 1299/1299
f 1298/1298 1297/1297 1300/1300
f 1301/1301 1302/1302 1303/1303
f 1302/1302 1301/1301 1304/1304
f 1305/1305 1306/1306 1307/1307
f 1306/1306 1305/1305 1308/1308
f 1309/1309 1310/1310 1293/1293
f 1311/1311 1312/1312 1313/1313
f 1312/1312 1311/1311 1314/1314
f 1294/1294 1315/1315 1295/1295
f 1300/1300 1316/1316 1298/1298
f 1317/1317 1318/1318 1319/1319
f 1318/1318 1317/1317 1320/1320
f 1297/1297 1321/1321 1322/1322
f 1323/1323 1303/1303 1324/1324
f 1325/1325 1326/1326 1327/1327
f 1326/1326 1325/1325 1328/1328
f 1329/1329 1302/1302 1304/1304
f 1330/1330 1331/1331 1306/1306
f 1305/1305 1307/1307 1332/1332
f 1333/1333 1334/1334 1335/1335
f 1334/1334 1333/1333 1336/1336
f 1337/1337 1338/1338 1339/1339
f 1340/1340 1341/1341 1342/1342
f 1343/1343 1344/1344 1345/1345
f 1346/1346 1347/1347 1348/1348
f 1349/1349 1318/1318 1350/1350
f 1317/1317 1319/1319 1351/1351
f 1352/1352 1353/1353 1354/1354
f 1355/1355 1356/1356 1357/1357
f 1358/1358 1359/1359 1360/1360
f 1361/1361 1336/1336 1333/1333
f 1362/1362 1363/1363 1364/1364
f 1365/1365 1366/1366 1335/1335
f 1367/1367 1368/1368 1369/1369
f 1370/1370 1371/1371 1372/1372
f 1373/1373 1374/1374 1375/1375
f 1376/1376 1377/1377 1378/1378
f 1379/1379 1380/1380 1381/1381
f 1380/1380 1379/1379 1382/1382
f 1382/1382 1379/1379 1383/1383
f 1382/1382 1383/1383 1384/1384
f 1384/1384 1383/1383 1385/1385
f 1384/1384 1385/1385 1386/1386
f 1386/1386 1385/1385 1387/1387
f 1386/1386 1387/1387 1388/1388
f 1388/1388 1387/1387 1389/1389
f 1388/1388 1389/1389 1390/1390
f 1391/1391 1392/1392 1393/1393
f 1392/1392 1391/1391 1394/1394
f 1395/1395 1393/1393 1396/1396
f 1393/1393 1395/1395 1391/1391
f 1391/1391 1395/1395 1397/1397
f 1398/1398 1399/1399 1400/1400
f 1399/1399 1398/1398 1401/1401
f 1401/1401 1398/1398 1402/1402
f 1402/1402 1398/1398 1403/1403
f 1402/1402 1403/1403 1404/1404
f 1404/1404 1403/1403 1405/1405
f 1394/1394 1406/1406 1392/1392
f 1406/1406 1394/1394 1407/1407
f 1407/1407 1394/1394 1408/1408
f 1409/1409 1410/1410 1411/1411
f 1410/1410 1409/1409 1412/1412
f 1410/1410 1412/1412 1413/1413
f 1410/1410 1413/1413 1414/1414
f 1414/1414 1413/1413 1415/1415
f 1414/1414 1415/1415 1416/1416
f 1417/1417 1418/1418 1419/1419
f 1418/1418 1417/1417 1420/1420
f 1421/1421 1422/1422 1418/1418
f 1423/1423 1424/1424 1425/1425
f 1426/1426 1427/1427 1428/1428
f 1429/1429 1430/1430 1431/1431
f 1432/1432 1433/1433 1434/1434
f 1432/1432 1435/1435 1436/1436
f 1435/1435 1432/1432 1437/1437
f 1438/1438 1439/1439 1435/1435
f 1440/1440 1441/1441 1442/1442
f 1417/1417 1443/1443 1444/1444
f 1445/1445 1446/1446 1447/1447
f 1448/1448 1449/1449 1446/1446
f 1450/1450 1451/1451 1452/1452
f 1451/1451 1450/1450 1453/1453
f 1420/1420 1421/1421 1418/1418
f 1454/1454 1451/1451 1453/1453
f 1430/1430 1455/1455 1431/1431
f 1429/1429 1431/1431 1456/1456
f 1457/1457 1458/1458 1459/1459
f 1458/1458 1457/1457 1460/1460
f 1437/1437 1438/1438 1435/1435
f 1461/1461 1462/1462 1463/1463
f 1450/1450 1452/1452 1464/1464
f 1445/1445 1448/1448 1446/1446
f 1459/1459 1465/1465 1466/1466
f 1465/1465 1459/1459 1458/1458
f 1467/1467 1468/1468 1469/1469
f 1468/1468 1467/1467 1470/1470
f 1470/1470 1467/1467 1471/1471
f 1470/1470 1471/1471 1472/1472
f 1472/1472 1471/1471 1473/1473
f 1472/1472 1473/1473 1474/1474
f 1474/1474 1473/1473 1475/1475
f 1474/1474 1475/1475 1476/1476
f 1476/1476 1475/1475 1477/1477
f 1476/1476 1477/1477 1478/1478
f 1479/1479 1480/1480 1481/1481
f 1480/1480 1479/1479 1482/1482
f 1483/1483 1484/1484 1485/1485
f 1484/1484 1483/1483 1486/1486
f 1487/1487 1488/1488 1489/1489
f 1488/1488 1487/1487 1490/1490
f 1491/1491 1492/1492 1493/1493
f 1492/1492 1491/1491 1494/1494
f 1495/1495 1496/1496 1497/1497
f 1496/1496 1495/1495 1498/1498
f 1499/1499 1485/1485 1500/1500
f 1501/1501 1502/1502 1503/1503
f 1502/1502 1501/1501 1504/1504
f 1486/1486 1505/1505 1484/1484
f 1506/1506 1490/1490 1487/1487
f 1507/1507 1508/1508 1509/1509
f 1508/1508 1507/1507 1510/1510
f 1511/1511 1512/1512 1489/1489
f 1494/1494 1513/1513 1514/1514
f 1515/1515 1516/1516 1517/1517
f 1516/1516 1515/1515 1518/1518
f 1491/1491 1493/1493 1519/1519
f 1520/1520 1496/1496 1521/1521
f 1495/1495 1497/1497 1522/1522
f 1523/1523 1524/1524 1525/1525
f 1524/1524 1523/1523 1526/1526
f 1527/1527 1528/1528 1529/1529
f 1530/1530 1531/1531 1532/1532
f 1533/1533 1534/1534 1535/1535
f 1536/1536 1537/1537 1538/1538
f 1539/1539 1540/1540 1508/1508
f 1507/1507 1509/1509 1541/1541
f 1542/1542 1543/1543 1544/1544
f 1545/1545 1546/1546 1547/1547
f 1548/1548 1549/1549 1550/1550
f 1551/1551 1523/1523 1525/1525
f 1552/1552 1553/1553 1554/1554
f 1555/1555 1556/1556 1524/1524
f 1557/1557 1558/1558 1559/1559
f 1560/1560 1561/1561 1562/1562
f 1563/1563 1564/1564 1565/1565
f 1566/1566 1567/1567 1568/1568
f 1569/1569 1570/1570 1571/1571
f 1570/1570 1569/1569 1572/1572
f 1573/1573 1574/1574 1575/1575
f 1574/1574 1573/1573 1576/1576
f 1577/1577 1578/1578 1579/1579
f 1578/1578 1577/1577 1580/1580
f 1581/1581 1582/1582 1583/1583
f 1582/1582 1581/1581 1584/1584
f 1585/1585 1586/1586 1587/1587
f 1586/1586 1585/1585 1588/1588
f 1589/1589 1575/1575 1590/1590
f 1591/1591 1592/1592 1593/1593
f 1592/1592 1591/1591 1594/1594
f 1595/1595 1574/1574 1576/1576
f 1577/1577 1579/1579 1596/1596
f 1597/1597 1598/1598 1599/1599
f 1598/1598 1597/1597 1600/1600
f 1601/1601 1602/1602 1578/1578
f 1603/1603 1604/1604 1581/1581
f 1605/1605 1606/1606 1607/1607
f 1606/1606 1605/1605 1608/1608
f 1582/1582 1609/1609 1583/1583
f 1585/1585 1610/1610 1611/1611
f 1588/1588 1612/1612 1586/1586
f 1613/1613 1614/1614 1615/1615
f 1614/1614 1613/1613 1616/1616
f 1617/1617 1618/1618 1619/1619
f 1619/1619 1618/1618 1620/1620
f 1621/1621 1622/1622 1623/1623
f 1624/1624 1625/1625 1626/1626
f 1627/1627 1628/1628 1599/1599
f 1629/1629 1600/1600 1597/1597
f 1630/1630 1631/1631 1632/1632
f 1633/1633 1634/1634 1635/1635
f 1636/1636 1637/1637 1638/1638
f 1613/1613 1615/1615 1639/1639
f 1640/1640 1641/1641 1642/1642
f 1643/1643 1614/1614 1644/1644
f 1645/1645 1646/1646 1647/1647
f 1648/1648 1649/1649 1650/1650
f 1651/1651 1652/1652 1653/1653
f 1654/1654 1655/1655 1656/1656
f 1657/1657 1658/1658 1659/1659
f 1658/1658 1657/1657 1660/1660
f 1661/1661 1660/1660 1657/1657
f 1660/1660 1661/1661 1662/1662
f 1663/1663 1664/1664 1665/1665
f 1664/1664 1663/1663 1666/1666
f 1666/1666 1663/1663 1667/1667
f 1666/1666 1667/1667 1668/1668
f 1666/1666 1668/1668 1669/1669
f 1669/1669 1668/1668 1670/1670
f 1659/1659 1671/1671 1672/1672
f 1671/1671 1659/1659 1673/1673
f 1673/1673 1659/1659 1658/1658
f 1674/1674 1675/1675 1676/1676
f 1675/1675 1674/1674 1677/1677
f 1675/1675 1677/1677 1678/1678
f 1678/1678 1677/1677 1679/1679
f 1679/1679 1677/1677 1680/1680
f 1679/1679 1680/1680 1681/1681
f 1682/1682 1683/1683 1684/1684
f 1683/1683 1682/1682 1685/1685
f 1684/1684 1686/1686 1687/1687
f 1688/1688 1689/1689 1690/1690
f 1691/1691 1692/1692 1693/1693
f 1694/1694 1695/1695 1696/1696
f 1697/1697 1698/1698 1699/1699
f 1697/1697 1700/1700 1701/1701
f 1700/1700 1697/1697 1702/1702
f 1703/1703 1700/1700 1704/1704
f 1705/1705 1706/1706 1707/1707
f 1706/1706 1705/1705 1708/1708
f 1709/1709 1685/1685 1710/1710
f 1711/1711 1712/1712 1713/1713
f 1714/1714 1715/1715 1711/1711
f 1715/1715 1714/1714 1716/1716
f 1717/1717 1705/1705 1718/1718
f 1705/1705 1717/1717 1708/1708
f 1683/1683 1686/1686 1684/1684
f 1717/1717 1718/1718 1719/1719
f 1720/1720 1694/1694 1696/1696
f 1694/1694 1721/1721 1695/1695
f 1722/1722 1723/1723 1724/1724
f 1723/1723 1722/1722 1725/1725
f 1704/1704 1700/1700 1702/1702
f 1714/1714 1711/1711 1713/1713
f 1726/1726 1725/1725 1722/1722
f 1725/1725 1726/1726 1727/1727
f 1728/1728 1729/1729 1730/1730
f 1729/1729 1728/1728 1731/1731
f 1732/1732 1731/1731 1728/1728
f 1731/1731 1732/1732 1733/1733
f 1734/1734 1735/1735 1736/1736
f 1735/1735 1734/1734 1737/1737
f 1737/1737 1734/1734 1738/1738
f 1737/1737 1738/1738 1739/1739
f 1737/1737 1739/1739 1740/1740
f 1740/1740 1739/1739 1741/1741
f 1730/1730 1742/1742 1743/1743
f 1742/1742 1730/1730 1744/1744
f 1744/1744 1730/1730 1729/1729
f 1745/1745 1746/1746 1747/1747
f 1746/1746 1745/1745 1748/1748
f 1746/1746 1748/1748 1749/1749
f 1749/1749 1748/1748 1750/1750
f 1750/1750 1748/1748 1751/1751
f 1750/1750 1751/1751 1752/1752
f 1753/1753 1754/1754 1755/1755
f 1754/1754 1753/1753 1756/1756
f 1755/1755 1757/1757 1758/1758
f 1759/1759 1760/1760 1761/1761
f 1762/1762 1763/1763 1764/1764
f 1763/1763 1762/1762 1765/1765
f 1763/1763 1766/1766 1764/1764
f 1767/1767 1768/1768 1769/1769
f 1767/1767 1770/1770 1771/1771
f 1770/1770 1767/1767 1772/1772
f 1773/1773 1770/1770 1774/1774
f 1775/1775 1776/1776 1777/1777
f 1778/1778 1756/1756 1779/1779
f 1780/1780 1781/1781 1782/1782
f 1783/1783 1784/1784 1780/1780
f 1784/1784 1783/1783 1785/1785
f 1786/1786 1777/1777 1787/1787
f 1777/1777 1786/1786 1788/1788
f 1754/1754 1757/1757 1755/1755
f 1786/1786 1787/1787 1789/1789
f 1790/1790 1791/1791 1792/1792
f 1791/1791 1790/1790 1793/1793
f 1763/1763 1794/1794 1766/1766
f 1792/1792 1795/1795 1796/1796
f 1795/1795 1792/1792 1791/1791
f 1774/1774 1770/1770 1772/1772
f 1788/1788 1775/1775 1777/1777
f 1783/1783 1780/1780 1782/1782
f 1797/1797 1798/1798 1799/1799
f 1798/1798 1797/1797 1800/1800
f 1800/1800 1797/1797 1801/1801
f 1800/1800 1801/1801 1802/1802
f 1803/1803 1804/1804 1805/1805
f 1804/1804 1803/1803 1806/1806
f 1806/1806 1803/1803 1807/1807
f 1806/1806 1807/1807 1808/1808
f 1806/1806 1808/1808 1809/1809
f 1806/1806 1809/1809 1810/1810
f 1806/1806 1810/1810 1811/1811
f 1812/1812 1813/1813 1814/1814
f 1815/1815 1816/1816 1817/1817
f 1816/1816 1815/1815 1818/1818
f 1819/1819 1820/1820 1821/1821
f 1820/1820 1819/1819 1822/1822
f 1820/1820 1822/1822 1823/1823
f 1823/1823 1822/1822 1824/1824
f 1824/1824 1822/1822 1825/1825
f 1825/1825 1822/1822 1826/1826
f 1826/1826 1822/1822 1827/1827
f 1828/1828 1829/1829 1830/1830
f 1831/1831 1832/1832 1833/1833
f 1832/1832 1831/1831 1834/1834
f 1835/1835 1836/1836 1837/1837
f 1838/1838 1839/1839 1840/1840
f 1839/1839 1838/1838 1841/1841
f 1842/1842 1843/1843 1844/1844
f 1843/1843 1842/1842 1845/1845
f 1846/1846 1847/1847 1848/1848
f 1849/1849 1850/1850 1851/1851
f 1852/1852 1853/1853 1854/1854
f 1855/1855 1813/1813 1812/1812
f 1856/1856 1857/1857 1858/1858
f 1859/1859 1860/1860 1857/1857
f 1860/1860 1859/1859 1861/1861
f 1862/1862 1863/1863 1864/1864
f 1865/1865 1866/1866 1867/1867
f 1866/1866 1865/1865 1868/1868
f 1869/1869 1870/1870 1871/1871
f 1872/1872 1873/1873 1874/1874
f 1875/1875 1876/1876 1877/1877
f 1876/1876 1875/1875 1878/1878
f 1879/1879 1880/1880 1881/1881
f 1880/1880 1879/1879 1882/1882
f 1883/1883 1884/1884 1885/1885
f 1884/1884 1883/1883 1886/1886
f 1887/1887 1888/1888 1889/1889
f 1890/1890 1891/1891 1892/1892
f 1891/1891 1890/1890 1893/1893
f 1846/1846 1894/1894 1895/1895
f 1896/1896 1892/1892 1897/1897
f 1898/1898 1899/1899 1852/1852
f 1900/1900 1841/1841 1838/1838
f 1901/1901 1902/1902 1903/1903
f 1904/1904 1905/1905 1901/1901
f 1859/1859 1857/1857 1856/1856
f 1906/1906 1907/1907 1908/1908
f 1907/1907 1906/1906 1909/1909
f 1861/1861 1910/1910 1911/1911
f 1870/1870 1912/1912 1913/1913
f 1912/1912 1870/1870 1914/1914
f 1915/1915 1870/1870 1916/1916
f 1896/1896 1897/1897 1917/1917
f 1880/1880 1918/1918 1881/1881
f 1919/1919 1912/1912 1914/1914
f 1920/1920 1921/1921 1922/1922
f 1921/1921 1920/1920 1913/1913
f 1893/1893 1846/1846 1895/1895
f 1890/1890 1892/1892 1896/1896
f 1923/1923 1898/1898 1852/1852
f 1907/1907 1924/1924 1908/1908
f 1922/1922 1901/1901 1903/1903
f 1921/1921 1904/1904 1901/1901
f 1904/1904 1921/1921 1925/1925
f 1912/1912 1926/1926 1925/1925
f 1926/1926 1912/1912 1927/1927
f 1928/1928 1909/1909 1906/1906
f 1913/1913 1925/1925 1921/1921
f 1925/1925 1913/1913 1912/1912
f 1870/1870 1913/1913 1916/1916
f 1929/1929 1927/1927 1912/1912
f 1916/1916 1913/1913 1920/1920
f 1921/1921 1901/1901 1922/1922
f 1926/1926 1904/1904 1925/1925
f 1930/1930 1931/1931 1932/1932
f 1931/1931 1930/1930 1933/1933
f 1933/1933 1930/1930 1934/1934
f 1933/1933 1934/1934 1935/1935
f 1936/1936 1937/1937 1938/1938
f 1937/1937 1936/1936 1939/1939
f 1939/1939 1936/1936 1940/1940
f 1939/1939 1940/1940 1941/1941
f 1939/1939 1941/1941 1942/1942
f 1939/1939 1942/1942 1943/1943
f 1939/1939 1943/1943 1944/1944
f 1945/1945 1946/1946 1947/1947
f 1948/1948 1949/1949 1950/1950
f 1949/1949 1948/1948 1951/1951
f 1952/1952 1953/1953 1954/1954
f 1953/1953 1952/1952 1955/1955
f 1953/1953 1955/1955 1956/1956
f 1956/1956 1955/1955 1957/1957
f 1957/1957 1955/1955 1958/1958
f 1958/1958 1955/1955 1959/1959
f 1959/1959 1955/1955 1960/1960
f 1961/1961 1962/1962 1963/1963
f 1964/1964 1965/1965 1966/1966
f 1965/1965 1964/1964 1967/1967
f 1968/1968 1969/1969 1970/1970
f 1969/1969 1968/1968 1971/1971
f 1972/1972 1973/1973 1974/1974
f 1973/1973 1972/1972 1975/1975
f 1976/1976 1977/1977 1978/1978
f 1977/1977 1976/1976 1979/1979
f 1980/1980 1981/1981 1982/1982
f 1983/1983 1984/1984 1985/1985
f 1984/1984 1983/1983 1986/1986
f 1987/1987 1988/1988 1989/1989
f 1988/1988 1987/1987 1990/1990
f 1991/1991 1946/1946 1945/1945
f 1992/1992 1993/1993 1994/1994
f 1995/1995 1996/1996 1993/1993
f 1996/1996 1995/1995 1997/1997
f 1998/1998 1999/1999 2000/2000
f 2001/2001 2002/2002 2003/2003
f 2002/2002 2001/2001 2004/2004
f 2005/2005 2006/2006 2007/2007
f 2008/2008 2009/2009 2010/2010
f 2009/2009 2008/2008 2011/2011
f 2012/2012 2013/2013 2014/2014
f 2013/2013 2012/2012 2015/2015
f 2016/2016 2017/2017 2018/2018
f 2017/2017 2016/2016 2019/2019
f 2020/2020 2021/2021 2022/2022
f 2021/2021 2020/2020 2023/2023
f 2024/2024 2025/2025 2026/2026
f 2027/2027 2028/2028 2029/2029
f 2028/2028 2027/2027 2030/2030
f 1980/1980 2031/2031 2032/2032
f 2033/2033 2029/2029 2034/2034
f 2035/2035 2036/2036 2037/2037
f 2038/2038 1975/1975 1972/1972
f 2039/2039 2040/2040 2041/2041
f 2042/2042 2037/2037 2040/2040
f 2037/2037 2042/2042 2043/2043
f 1995/1995 1993/1993 1992/1992
f 2044/2044 2045/2045 2046/2046
f 2045/2045 2044/2044 2047/2047
f 1997/1997 2048/2048 2049/2049
f 2050/2050 2051/2051 2052/2052
f 2051/2051 2050/2050 2053/2053
f 2054/2054 2006/2006 2055/2055
f 2056/2056 2057/2057 2058/2058
f 2057/2057 2056/2056 2059/2059
f 2060/2060 2061/2061 2062/2062
f 2063/2063 2042/2042 2039/2039
f 2042/2042 2063/2063 2064/2064
f 2030/2030 1980/1980 2032/2032
f 2027/2027 2029/2029 2033/2033
f 2065/2065 2037/2037 2043/2043
f 2045/2045 2066/2066 2046/2046
f 2042/2042 2040/2040 2039/2039
f 2064/2064 2043/2043 2042/2042
f 2043/2043 2064/2064 2061/2061
f 2061/2061 2065/2065 2043/2043
f 2065/2065 2061/2061 2067/2067
f 2006/2006 2064/2064 2055/2055
f 2068/2068 2067/2067 2061/2061
f 2055/2055 2064/2064 2063/2063
f 2069/2069 2070/2070 2071/2071
f 2070/2070 2069/2069 2072/2072
f 2073/2073 2074/2074 2075/2075
f 2074/2074 2073/2073 2076/2076
f 2077/2077 2078/2078 2079/2079
f 2078/2078 2077/2077 2080/2080
f 2081/2081 2082/2082 2083/2083
f 2082/2082 2081/2081 2084/2084
f 2085/2085 2086/2086 2087/2087
f 2086/2086 2085/2085 2088/2088
f 2089/2089 2075/2075 2090/2090
f 2091/2091 2092/2092 2093/2093
f 2092/2092 2091/2091 2094/2094
f 2076/2076 2095/2095 2074/2074
f 2096/2096 2080/2080 2077/2077
f 2097/2097 2098/2098 2099/2099
f 2098/2098 2097/2097 2100/2100
f 2101/2101 2102/2102 2079/2079
f 2084/2084 2103/2103 2104/2104
f 2105/2105 2106/2106 2107/2107
f 2106/2106 2105/2105 2108/2108
f 2081/2081 2083/2083 2109/2109
f 2110/2110 2086/2086 2111/2111
f 2085/2085 2087/2087 2112/2112
f 2113/2113 2114/2114 2115/2115
f 2114/2114 2113/2113 2116/2116
f 2117/2117 2118/2118 2119/2119
f 2120/2120 2121/2121 2122/2122
f 2123/2123 2124/2124 2125/2125
f 2126/2126 2127/2127 2128/2128
f 2129/2129 2130/2130 2098/2098
f 2097/2097 2099/2099 2131/2131
f 2132/2132 2133/2133 2134/2134
f 2135/2135 2136/2136 2137/2137
f 2138/2138 2139/2139 2140/2140
f 2141/2141 2113/2113 2115/2115
f 2142/2142 2143/2143 2144/2144
f 2145/2145 2146/2146 2114/2114
f 2147/2147 2148/2148 2149/2149
f 2150/2150 2151/2151 2152/2152
f 2153/2153 2154/2154 2155/2155
f 2156/2156 2157/2157 2158/2158
f 2159/2159 2160/2160 2161/2161
f 2160/2160 2159/2159 2162/2162
f 2163/2163 2164/2164 2165/2165
f 2164/2164 2163/2163 2166/2166
f 2167/2167 2168/2168 2169/2169
f 2168/2168 2167/2167 2170/2170
f 2171/2171 2172/2172 2173/2173
f 2172/2172 2171/2171 2174/2174
f 2175/2175 2176/2176 2177/2177
f 2176/2176 2175/2175 2178/2178
f 2179/2179 2165/2165 2180/2180
f 2181/2181 2182/2182 2183/2183
f 2182/2182 2181/2181 2184/2184
f 2185/2185 2164/2164 2166/2166
f 2167/2167 2169/2169 2186/2186
f 2187/2187 2188/2188 2189/2189
f 2188/2188 2187/2187 2190/2190
f 2191/2191 2192/2192 2168/2168
f 2193/2193 2194/2194 2171/2171
f 2195/2195 2196/2196 2197/2197
f 2196/2196 2195/2195 2198/2198
f 2172/2172 2199/2199 2173/2173
f 2175/2175 2200/2200 2201/2201
f 2178/2178 2202/2202 2176/2176
f 2203/2203 2204/2204 2205/2205
f 2204/2204 2203/2203 2206/2206
f 2207/2207 2208/2208 2209/2209
f 2210/2210 2211/2211 2212/2212
f 2213/2213 2214/2214 2215/2215
f 2216/2216 2217/2217 2218/2218
f 2219/2219 2220/2220 2189/2189
f 2221/2221 2190/2190 2187/2187
f 2222/2222 2223/2223 2224/2224
f 2225/2225 2226/2226 2227/2227
f 2228/2228 2229/2229 2230/2230
f 2203/2203 2205/2205 2231/2231
f 2232/2232 2233/2233 2234/2234
f 2235/2235 2204/2204 2236/2236
f 2237/2237 2238/2238 2239/2239
f 2240/2240 2241/2241 2242/2242
f 2243/2243 2244/2244 2245/2245
f 2246/2246 2247/2247 2248/2248
f 2249/2249 2250/2250 2251/2251
f 2250/2250 2249/2249 2252/2252
f 2252/2252 2249/2249 2253/2253
f 2252/2252 2253/2253 2254/2254
f 2254/2254 2253/2253 2255/2255
f 2254/2254 2255/2255 2256/2256
f 2256/2256 2255/2255 2257/2257
f 2256/2256 2257/2257 2258/2258
f 2258/2258 2257/2257 2259/2259
f 2258/2258 2259/2259 2260/2260
f 2261/2261 2262/2262 2263/2263
f 2262/2262 2261/2261 2264/2264
f 2265/2265 2264/2264 2261/2261
f 2264/2264 2265/2265 2266/2266
f 2267/2267 2268/2268 2269/2269
f 2268/2268 2267/2267 2270/2270
f 2270/2270 2267/2267 2271/2271
f 2270/2270 2271/2271 2272/2272
f 2270/2270 2272/2272 2273/2273
f 2273/2273 2272/2272 2274/2274
f 2263/2263 2275/2275 2276/2276
f 2275/2275 2263/2263 2277/2277
f 2277/2277 2263/2263 2262/2262
f 2278/2278 2279/2279 2280/2280
f 2279/2279 2278/2278 2281/2281
f 2279/2279 2281/2281 2282/2282
f 2282/2282 2281/2281 2283/2283
f 2283/2283 2281/2281 2284/2284
f 2283/2283 2284/2284 2285/2285
f 2286/2286 2287/2287 2288/2288
f 2287/2287 2286/2286 2289/2289
f 2288/2288 2290/2290 2291/2291
f 2292/2292 2293/2293 2294/2294
f 2295/2295 2296/2296 2297/2297
f 2298/2298 2299/2299 2300/2300
f 2301/2301 2302/2302 2303/2303
f 2301/2301 2304/2304 2305/2305
f 2304/2304 2301/2301 2306/2306
f 2307/2307 2304/2304 2308/2308
f 2309/2309 2310/2310 2311/2311
f 2310/2310 2309/2309 2312/2312
f 2313/2313 2289/2289 2314/2314
f 2315/2315 2316/2316 2317/2317
f 2318/2318 2319/2319 2315/2315
f 2319/2319 2318/2318 2320/2320
f 2321/2321 2309/2309 2322/2322
f 2309/2309 2321/2321 2312/2312
f 2287/2287 2290/2290 2288/2288
f 2321/2321 2322/2322 2323/2323
f 2324/2324 2298/2298 2300/2300
f 2298/2298 2325/2325 2299/2299
f 2326/2326 2327/2327 2328/2328
f 2327/2327 2326/2326 2329/2329
f 2308/2308 2304/2304 2306/2306
f 2318/2318 2315/2315 2317/2317
f 2330/2330 2329/2329 2326/2326
f 2329/2329 2330/2330 2331/2331
f 2332/2332 2333/2333 2334/2334
f 2333/2333 2332/2332 2335/2335
f 2336/2336 2335/2335 2332/2332
f 2335/2335 2336/2336 2337/2337
f 2338/2338 2339/2339 2340/2340
f 2339/2339 2338/2338 2341/2341
f 2341/2341 2338/2338 2342/2342
f 2341/2341 2342/2342 2343/2343
f 2341/2341 2343/2343 2344/2344
f 2344/2344 2343/2343 2345/2345
f 2334/2334 2346/2346 2347/2347
f 2346/2346 2334/2334 2348/2348
f 2348/2348 2334/2334 2333/2333
f 2349/2349 2350/2350 2351/2351
f 2350/2350 2349/2349 2352/2352
f 2350/2350 2352/2352 2353/2353
f 2353/2353 2352/2352 2354/2354
f 2354/2354 2352/2352 2355/2355
f 2354/2354 2355/2355 2356/2356
f 2357/2357 2358/2358 2359/2359
f 2358/2358 2357/2357 2360/2360
f 2361/2361 2358/2358 2362/2362
f 2363/2363 2364/2364 2365/2365
f 2366/2366 2367/2367 2368/2368
f 2368/2368 2369/2369 2370/2370
f 2371/2371 2372/2372 2373/2373
f 2374/2374 2375/2375 2376/2376
f 2375/2375 2374/2374 2372/2372
f 2376/2376 2377/2377 2378/2378
f 2379/2379 2380/2380 2381/2381
f 2357/2357 2382/2382 2383/2383
f 2384/2384 2385/2385 2386/2386
f 2387/2387 2384/2384 2388/2388
f 2389/2389 2381/2381 2390/2390
f 2381/2381 2389/2389 2391/2391
f 2362/2362 2358/2358 2360/2360
f 2389/2389 2390/2390 2392/2392
f 2367/2367 2369/2369 2368/2368
f 2369/2369 2393/2393 2370/2370
f 2394/2394 2395/2395 2396/2396
f 2395/2395 2394/2394 2397/2397
f 2375/2375 2377/2377 2376/2376
f 2387/2387 2388/2388 2398/2398
f 2379/2379 2381/2381 2391/2391
f 2384/2384 2386/2386 2388/2388
f 2399/2399 2397/2397 2394/2394
f 2397/2397 2399/2399 2400/2400
f 2401/2401 2402/2402 2403/2403
f 2402/2402 2401/2401 2404/2404
f 2404/2404 2401/2401 2405/2405
f 2404/2404 2405/2405 2406/2406
f 2407/2407 2408/2408 2409/2409
f 2408/2408 2407/2407 2410/2410
f 2408/2408 2410/2410 2411/2411
f 2411/2411 2410/2410 2412/2412
f 2412/2412 2410/2410 2413/2413
f 2413/2413 2410/2410 2414/2414
f 2414/2414 2410/2410 2415/2415
f 2416/2416 2417/2417 2418/2418
f 2419/2419 2420/2420 2421/2421
f 2420/2420 2419/2419 2422/2422
f 2423/2423 2424/2424 2425/2425
f 2424/2424 2423/2423 2426/2426
f 2426/2426 2423/2423 2427/2427
f 2426/2426 2427/2427 2428/2428
f 2426/2426 2428/2428 2429/2429
f 2426/2426 2429/2429 2430/2430
f 2426/2426 2430/2430 2431/2431
f 2432/2432 2433/2433 2434/2434
f 2435/2435 2436/2436 2437/2437
f 2436/2436 2435/2435 2438/2438
f 2439/2439 2440/2440 2441/2441
f 2442/2442 2443/2443 2444/2444
f 2443/2443 2442/2442 2445/2445
f 2446/2446 2447/2447 2448/2448
f 2447/2447 2446/2446 2449/2449
f 2450/2450 2451/2451 2452/2452
f 2453/2453 2454/2454 2455/2455
f 2456/2456 2457/2457 2458/2458
f 2459/2459 2417/2417 2416/2416
f 2460/2460 2461/2461 2462/2462
f 2463/2463 2464/2464 2461/2461
f 2464/2464 2463/2463 2465/2465
f 2466/2466 2467/2467 2468/2468
f 2469/2469 2470/2470 2471/2471
f 2470/2470 2469/2469 2472/2472
f 2473/2473 2474/2474 2475/2475
f 2476/2476 2477/2477 2478/2478
f 2479/2479 2480/2480 2481/2481
f 2480/2480 2479/2479 2482/2482
f 2483/2483 2484/2484 2485/2485
f 2484/2484 2483/2483 2486/2486
f 2487/2487 2488/2488 2489/2489
f 2488/2488 2487/2487 2490/2490
f 2491/2491 2492/2492 2493/2493
f 2494/2494 2495/2495 2496/2496
f 2495/2495 2494/2494 2497/2497
f 2450/2450 2498/2498 2499/2499
f 2500/2500 2496/2496 2501/2501
f 2502/2502 2457/2457 2503/2503
f 2443/2443 2504/2504 2444/2444
f 2505/2505 2506/2506 2507/2507
f 2508/2508 2507/2507 2509/2509
f 2463/2463 2461/2461 2460/2460
f 2510/2510 2511/2511 2512/2512
f 2511/2511 2510/2510 2513/2513
f 2465/2465 2514/2514 2515/2515
f 2516/2516 2473/2473 2517/2517
f 2473/2473 2516/2516 2518/2518
f 2519/2519 2520/2520 2473/2473
f 2500/2500 2501/2501 2521/2521
f 2522/2522 2523/2523 2524/2524
f 2523/2523 2522/2522 2525/2525
f 2516/2516 2517/2517 2526/2526
f 2527/2527 2528/2528 2518/2518
f 2528/2528 2527/2527 2529/2529
f 2497/2497 2450/2450 2499/2499
f 2494/2494 2496/2496 2500/2500
f 2457/2457 2530/2530 2503/2503
f 2531/2531 2513/2513 2510/2510
f 2506/2506 2529/2529 2507/2507
f 2509/2509 2527/2527 2532/2532
f 2527/2527 2509/2509 2507/2507
f 2533/2533 2516/2516 2534/2534
f 2516/2516 2533/2533 2532/2532
f 2532/2532 2518/2518 2516/2516
f 2518/2518 2532/2532 2527/2527
f 2518/2518 2519/2519 2473/2473
f 2516/2516 2535/2535 2534/2534
f 2528/2528 2519/2519 2518/2518
f 2507/2507 2529/2529 2527/2527
f 2509/2509 2532/2532 2533/2533
f 2536/2536 2537/2537 2538/2538
f 2537/2537 2536/2536 2539/2539
f 2539/2539 2536/2536 2540/2540
f 2539/2539 2540/2540 2541/2541
f 2542/2542 2543/2543 2544/2544
f 2543/2543 2542/2542 2545/2545
f 2545/2545 2542/2542 2546/2546
f 2545/2545 2546/2546 2547/2547
f 2545/2545 2547/2547 2548/2548
f 2545/2545 2548/2548 2549/2549
f 2545/2545 2549/2549 2550/2550
f 2551/2551 2552/2552 2553/2553
f 2554/2554 2555/2555 2556/2556
f 2555/2555 2554/2554 2557/2557
f 2558/2558 2559/2559 2560/2560
f 2559/2559 2558/2558 2561/2561
f 2559/2559 2561/2561 2562/2562
f 2562/2562 2561/2561 2563/2563
f 2563/2563 2561/2561 2564/2564
f 2564/2564 2561/2561 2565/2565
f 2565/2565 2561/2561 2566/2566
f 2567/2567 2568/2568 2569/2569
f 2570/2570 2571/2571 2572/2572
f 2571/2571 2570/2570 2573/2573
f 2574/2574 2575/2575 2576/2576
f 2577/2577 2578/2578 2579/2579
f 2578/2578 2577/2577 2580/2580
f 2581/2581 2582/2582 2583/2583
f 2582/2582 2581/2581 2584/2584
f 2585/2585 2586/2586 2587/2587
f 2588/2588 2589/2589 2590/2590
f 2589/2589 2588/2588 2591/2591
f 2592/2592 2593/2593 2594/2594
f 2595/2595 2552/2552 2551/2551
f 2596/2596 2597/2597 2598/2598
f 2599/2599 2600/2600 2597/2597
f 2600/2600 2599/2599 2601/2601
f 2602/2602 2603/2603 2604/2604
f 2605/2605 2606/2606 2607/2607
f 2606/2606 2605/2605 2608/2608
f 2609/2609 2610/2610 2611/2611
f 2612/2612 2613/2613 2614/2614
f 2613/2613 2612/2612 2615/2615
f 2616/2616 2617/2617 2618/2618
f 2617/2617 2616/2616 2619/2619
f 2620/2620 2621/2621 2622/2622
f 2621/2621 2620/2620 2623/2623
f 2624/2624 2625/2625 2626/2626
f 2625/2625 2624/2624 2627/2627
f 2628/2628 2629/2629 2630/2630
f 2631/2631 2632/2632 2633/2633
f 2632/2632 2631/2631 2634/2634
f 2585/2585 2635/2635 2636/2636
f 2637/2637 2633/2633 2638/2638
f 2639/2639 2640/2640 2592/2592
f 2641/2641 2580/2580 2577/2577
f 2642/2642 2643/2643 2644/2644
f 2645/2645 2644/2644 2646/2646
f 2599/2599 2597/2597 2596/2596
f 2647/2647 2648/2648 2649/2649
f 2648/2648 2647/2647 2650/2650
f 2601/2601 2651/2651 2652/2652
f 2653/2653 2654/2654 2655/2655
f 2654/2654 2653/2653 2656/2656
f 2657/2657 2610/2610 2658/2658
f 2659/2659 2660/2660 2661/2661
f 2660/2660 2659/2659 2662/2662
f 2663/2663 2664/2664 2665/2665
f 2666/2666 2667/2667 2645/2645
f 2667/2667 2666/2666 2668/2668
f 2634/2634 2585/2585 2636/2636
f 2631/2631 2633/2633 2637/2637
f 2669/2669 2639/2639 2592/2592
f 2648/2648 2670/2670 2649/2649
f 2667/2667 2642/2642 2644/2644
f 2642/2642 2667/2667 2671/2671
f 2667/2667 2644/2644 2645/2645
f 2664/2664 2672/2672 2671/2671
f 2672/2672 2664/2664 2673/2673
f 2668/2668 2671/2671 2667/2667
f 2671/2671 2668/2668 2664/2664
f 2610/2610 2668/2668 2658/2658
f 2674/2674 2673/2673 2664/2664
f 2658/2658 2668/2668 2666/2666
f 2672/2672 2642/2642 2671/2671
f 2675/2675 2676/2676 2677/2677
f 2676/2676 2675/2675 2678/2678
f 2679/2679 2678/2678 2675/2675
f 2678/2678 2679/2679 2680/2680
f 2681/2681 2682/2682 2683/2683
f 2682/2682 2681/2681 2684/2684
f 2684/2684 2681/2681 2685/2685
f 2684/2684 2685/2685 2686/2686
f 2684/2684 2686/2686 2687/2687
f 2687/2687 2686/2686 2688/2688
f 2677/2677 2689/2689 2690/2690
f 2689/2689 2677/2677 2691/2691
f 2691/2691 2677/2677 2692/2692
f 2692/2692 2677/2677 2676/2676
f 2693/2693 2694/2694 2695/2695
f 2694/2694 2693/2693 2696/2696
f 2694/2694 2696/2696 2697/2697
f 2697/2697 2696/2696 2698/2698
f 2698/2698 2696/2696 2699/2699
f 2698/2698 2699/2699 2700/2700
f 2701/2701 2702/2702 2703/2703
f 2702/2702 2701/2701 2704/2704
f 2705/2705 2702/2702 2706/2706
f 2707/2707 2708/2708 2709/2709
f 2710/2710 2711/2711 2712/2712
f 2711/2711 2710/2710 2713/2713
f 2710/2710 2712/2712 2714/2714
f 2715/2715 2716/2716 2717/2717
f 2718/2718 2719/2719 2720/2720
f 2719/2719 2718/2718 2721/2721
f 2722/2722 2723/2723 2724/2724
f 2724/2724 2725/2725 2726/2726
f 2727/2727 2728/2728 2729/2729
f 2701/2701 2730/2730 2731/2731
f 2732/2732 2733/2733 2734/2734
f 2735/2735 2732/2732 2736/2736
f 2732/2732 2735/2735 2737/2737
f 2738/2738 2739/2739 2740/2740
f 2739/2739 2738/2738 2741/2741
f 2706/2706 2702/2702 2704/2704
f 2738/2738 2740/2740 2742/2742
f 2743/2743 2744/2744 2745/2745
f 2744/2744 2743/2743 2746/2746
f 2712/2712 2747/2747 2714/2714
f 2748/2748 2749/2749 2750/2750
f 2723/2723 2725/2725 2724/2724
f 2751/2751 2739/2739 2741/2741
f 2732/2732 2734/2734 2736/2736
f 2744/2744 2752/2752 2745/2745
f 2753/2753 2754/2754 2755/2755
f 2754/2754 2753/2753 2756/2756
f 2756/2756 2753/2753 2757/2757
f 2756/2756 2757/2757 2758/2758
f 2758/2758 2757/2757 2759/2759
f 2758/2758 2759/2759 2760/2760
f 2760/2760 2759/2759 2761/2761
f 2760/2760 2761/2761 2762/2762
f 2762/2762 2761/2761 2763/2763
f 2762/2762 2763/2763 2764/2764
f 2765/2765 2766/2766 2767/2767
f 2766/2766 2765/2765 2768/2768
f 2768/2768 2765/2765 2769/2769
f 2768/2768 2769/2769 2770/2770
f 2771/2771 2772/2772 2773/2773
f 2772/2772 2771/2771 2774/2774
f 2772/2772 2774/2774 2775/2775
f 2775/2775 2774/2774 2776/2776
f 2776/2776 2774/2774 2777/2777
f 2777/2777 2774/2774 2778/2778
f 2778/2778 2774/2774 2779/2779
f 2780/2780 2781/2781 2782/2782
f 2783/2783 2784/2784 2785/2785
f 2784/2784 2783/2783 2786/2786
f 2787/2787 2788/2788 2789/2789
f 2788/2788 2787/2787 2790/2790
f 2790/2790 2787/2787 2791/2791
f 2790/2790 2791/2791 2792/2792
f 2790/2790 2792/2792 2793/2793
f 2790/2790 2793/2793 2794/2794
f 2790/2790 2794/2794 2795/2795
f 2796/2796 2797/2797 2798/2798
f 2799/2799 2800/2800 2801/2801
f 2800/2800 2799/2799 2802/2802
f 2803/2803 2804/2804 2805/2805
f 2806/2806 2807/2807 2808/2808
f 2807/2807 2806/2806 2809/2809
f 2810/2810 2811/2811 2812/2812
f 2811/2811 2810/2810 2813/2813
f 2814/2814 2815/2815 2816/2816
f 2817/2817 2818/2818 2819/2819
f 2820/2820 2821/2821 2822/2822
f 2823/2823 2781/2781 2780/2780
f 2824/2824 2825/2825 2826/2826
f 2827/2827 2828/2828 2825/2825
f 2828/2828 2827/2827 2829/2829
f 2830/2830 2831/2831 2832/2832
f 2833/2833 2834/2834 2835/2835
f 2834/2834 2833/2833 2836/2836
f 2837/2837 2838/2838 2839/2839
f 2840/2840 2841/2841 2842/2842
f 2841/2841 2840/2840 2843/2843
f 2844/2844 2845/2845 2846/2846
f 2845/2845 2844/2844 2847/2847
f 2848/2848 2849/2849 2850/2850
f 2849/2849 2848/2848 2851/2851
f 2852/2852 2853/2853 2854/2854
f 2853/2853 2852/2852 2855/2855
f 2856/2856 2857/2857 2858/2858
f 2859/2859 2860/2860 2861/2861
f 2860/2860 2859/2859 2862/2862
f 2814/2814 2863/2863 2864/2864
f 2865/2865 2861/2861 2866/2866
f 2867/2867 2821/2821 2868/2868
f 2807/2807 2869/2869 2808/2808
f 2870/2870 2871/2871 2872/2872
f 2873/2873 2872/2872 2874/2874
f 2827/2827 2825/2825 2824/2824
f 2875/2875 2876/2876 2877/2877
f 2876/2876 2875/2875 2878/2878
f 2829/2829 2879/2879 2880/2880
f 2881/2881 2837/2837 2882/2882
f 2837/2837 2881/2881 2883/2883
f 2884/2884 2885/2885 2837/2837
f 2886/2886 2887/2887 2888/2888
f 2887/2887 2886/2886 2889/2889
f 2881/2881 2882/2882 2890/2890
f 2891/2891 2892/2892 2883/2883
f 2892/2892 2891/2891 2893/2893
f 2862/2862 2814/2814 2864/2864
f 2859/2859 2861/2861 2865/2865
f 2821/2821 2894/2894 2868/2868
f 2895/2895 2878/2878 2875/2875
f 2871/2871 2893/2893 2872/2872
f 2874/2874 2891/2891 2896/2896
f 2891/2891 2874/2874 2872/2872
f 2897/2897 2881/2881 2898/2898
f 2881/2881 2897/2897 2896/2896
f 2896/2896 2883/2883 2881/2881
f 2883/2883 2896/2896 2891/2891
f 2883/2883 2884/2884 2837/2837
f 2881/2881 2899/2899 2898/2898
f 2892/2892 2884/2884 2883/2883
f 2872/2872 2893/2893 2891/2891
f 2874/2874 2896/2896 2897/2897
f 2900/2900 2901/2901 2902/2902
f 2901/2901 2900/2900 2903/2903
f 2904/2904 2903/2903 2900/2900
f 2903/2903 2904/2904 2905/2905
f 2906/2906 2907/2907 2908/2908
f 2907/2907 2906/2906 2909/2909
f 2909/2909 2906/2906 2910/2910
f 2909/2909 2910/2910 2911/2911
f 2909/2909 2911/2911 2912/2912
f 2912/2912 2911/2911 2913/2913
f 2902/2902 2914/2914 2915/2915
f 2914/2914 2902/2902 2916/2916
f 2916/2916 2902/2902 2901/2901
f 2917/2917 2918/2918 2919/2919
f 2918/2918 2917/2917 2920/2920
f 2918/2918 2920/2920 2921/2921
f 2921/2921 2920/2920 2922/2922
f 2922/2922 2920/2920 2923/2923
f 2922/2922 2923/2923 2924/2924
f 2925/2925 2926/2926 2927/2927
f 2926/2926 2925/2925 2928/2928
f 2927/2927 2929/2929 2930/2930
f 2931/2931 2932/2932 2933/2933
f 2934/2934 2935/2935 2936/2936
f 2937/2937 2938/2938 2939/2939
f 2940/2940 2941/2941 2942/2942
f 2940/2940 2943/2943 2944/2944
f 2943/2943 2940/2940 2945/2945
f 2946/2946 2943/2943 2947/2947
f 2948/2948 2949/2949 2950/2950
f 2951/2951 2928/2928 2952/2952
f 2953/2953 2954/2954 2955/2955
f 2956/2956 2957/2957 2953/2953
f 2957/2957 2956/2956 2958/2958
f 2959/2959 2960/2960 2961/2961
f 2960/2960 2959/2959 2962/2962
f 2926/2926 2929/2929 2927/2927
f 2959/2959 2961/2961 2963/2963
f 2964/2964 2937/2937 2939/2939
f 2937/2937 2965/2965 2938/2938
f 2966/2966 2967/2967 2968/2968
f 2967/2967 2966/2966 2969/2969
f 2947/2947 2943/2943 2945/2945
f 2962/2962 2970/2970 2960/2960
f 2956/2956 2953/2953 2955/2955
f 2971/2971 2969/2969 2966/2966
f 2969/2969 2971/2971 2972/2972
f 2973/2973 2974/2974 2975/2975
f 2974/2974 2973/2973 2976/2976
f 2976/2976 2973/2973 2977/2977
f 2976/2976 2977/2977 2978/2978
f 2978/2978 2977/2977 2979/2979
f 2978/2978 2979/2979 2980/2980
f 2980/2980 2979/2979 2981/2981
f 2980/2980 2981/2981 2982/2982
f 2982/2982 2981/2981 2983/2983
f 2982/2982 2983/2983 2984/2984
f 2985/2985 2986/2986 2987/2987
f 2986/2986 2985/2985 2988/2988
f 2989/2989 2990/2990 2991/2991
f 2990/2990 2989/2989 2992/2992
f 2993/2993 2994/2994 2995/2995
f 2994/2994 2993/2993 2996/2996
f 2997/2997 2998/2998 2999/2999
f 2998/2998 2997/2997 3000/3000
f 3001/3001 3002/3002 3003/3003
f 3002/3002 3001/3001 3004/3004
f 3005/3005 2991/2991 3006/3006
f 3007/3007 3008/3008 3009/3009
f 3008/3008 3007/3007 3010/3010
f 2992/2992 3011/3011 2990/2990
f 3012/3012 2996/2996 2993/2993
f 3013/3013 3014/3014 3015/3015
f 3014/3014 3013/3013 3016/3016
f 3017/3017 3018/3018 2995/2995
f 3000/3000 3019/3019 3020/3020
f 3021/3021 3022/3022 3023/3023
f 3022/3022 3021/3021 3024/3024
f 2997/2997 2999/2999 3025/3025
f 3026/3026 3002/3002 3027/3027
f 3001/3001 3003/3003 3028/3028
f 3029/3029 3030/3030 3031/3031
f 3030/3030 3029/3029 3032/3032
f 3033/3033 3034/3034 3035/3035
f 3036/3036 3037/3037 3038/3038
f 3039/3039 3040/3040 3041/3041
f 3042/3042 3043/3043 3044/3044
f 3045/3045 3046/3046 3014/3014
f 3013/3013 3015/3015 3047/3047
f 3048/3048 3049/3049 3050/3050
f 3051/3051 3052/3052 3053/3053
f 3054/3054 3055/3055 3056/3056
f 3057/3057 3029/3029 3031/3031
f 3058/3058 3059/3059 3060/3060
f 3061/3061 3062/3062 3030/3030
f 3063/3063 3064/3064 3065/3065
f 3066/3066 3067/3067 3068/3068
f 3069/3069 3070/3070 3071/3071
f 3072/3072 3073/3073 3074/3074
f 3075/3075 3076/3076 3077/3077
f 3076/3076 3075/3075 3078/3078
f 3079/3079 3077/3077 3080/3080
f 3077/3077 3079/3079 3075/3075
f 3075/3075 3079/3079 3081/3081
f 3082/3082 3083/3083 3084/3084
f 3083/3083 3082/3082 3085/3085
f 3085/3085 3082/3082 3086/3086
f 3086/3086 3082/3082 3087/3087
f 3086/3086 3087/3087 3088/3088
f 3088/3088 3087/3087 3089/3089
f 3078/3078 3090/3090 3076/3076
f 3090/3090 3078/3078 3091/3091
f 3091/3091 3078/3078 3092/3092
f 3093/3093 3094/3094 3095/3095
f 3094/3094 3093/3093 3096/3096
f 3094/3094 3096/3096 3097/3097
f 3094/3094 3097/3097 3098/3098
f 3098/3098 3097/3097 3099/3099
f 3098/3098 3099/3099 3100/3100
f 3101/3101 3102/3102 3103/3103
f 3102/3102 3101/3101 3104/3104
f 3105/3105 3106/3106 3102/3102
f 3107/3107 3108/3108 3109/3109
f 3108/3108 3107/3107 3110/3110
f 3111/3111 3112/3112 3113/3113
f 3114/3114 3111/3111 3115/3115
f 3116/3116 3117/3117 3118/3118
f 3116/3116 3119/3119 3120/3120
f 3119/3119 3116/3116 3121/3121
f 3122/3122 3123/3123 3119/3119
f 3124/3124 3125/3125 3126/3126
f 3125/3125 3124/3124 3127/3127
f 3101/3101 3128/3128 3129/3129
f 3130/3130 3131/3131 3132/3132
f 3133/3133 3134/3134 3131/3131
f 3127/3127 3109/3109 3125/3125
f 3109/3109 3127/3127 3107/3107
f 3104/3104 3105/3105 3102/3102
f 3111/3111 3113/3113 3115/3115
f 3114/3114 3115/3115 3135/3135
f 3136/3136 3137/3137 3138/3138
f 3137/3137 3136/3136 3139/3139
f 3121/3121 3122/3122 3119/3119
f 3133/3133 3140/3140 3134/3134
f 3130/3130 3133/3133 3131/3131
f 3138/3138 3141/3141 3142/3142
f 3141/3141 3138/3138 3137/3137
f 3143/3143 3144/3144 3145/3145
f 3144/3144 3143/3143 3146/3146
f 3146/3146 3143/3143 3147/3147
f 3146/3146 3147/3147 3148/3148
f 3148/3148 3147/3147 3149/3149
f 3148/3148 3149/3149 3150/3150
f 3150/3150 3149/3149 3151/3151
f 3150/3150 3151/3151 3152/3152
f 3152/3152 3151/3151 3153/3153
f 3152/3152 3153/3153 3154/3154
f 3155/3155 3156/3156 3157/3157
f 3156/3156 3155/3155 3158/3158
f 3159/3159 3158/3158 3155/3155
f 3158/3158 3159/3159 3160/3160
f 3161/3161 3162/3162 3163/3163
f 3162/3162 3161/3161 3164/3164
f 3164/3164 3161/3161 3165/3165
f 3164/3164 3165/3165 3166/3166
f 3164/3164 3166/3166 3167/3167
f 3167/3167 3166/3166 3168/3168
f 3157/3157 3169/3169 3170/3170
f 3169/3169 3157/3157 3171/3171
f 3171/3171 3157/3157 3156/3156
f 3172/3172 3173/3173 3174/3174
f 3173/3173 3172/3172 3175/3175
f 3173/3173 3175/3175 3176/3176
f 3176/3176 3175/3175 3177/3177
f 3177/3177 3175/3175 3178/3178
f 3177/3177 3178/3178 3179/3179
f 3180/3180 3181/3181 3182/3182
f 3181/3181 3180/3180 3183/3183
f 3182/3182 3184/3184 3185/3185
f 3186/3186 3187/3187 3188/3188
f 3187/3187 3186/3186 3189/3189
f 3190/3190 3191/3191 3192/3192
f 3193/3193 3194/3194 3191/3191
f 3195/3195 3196/3196 3197/3197
f 3195/3195 3198/3198 3199/3199
f 3198/3198 3195/3195 3200/3200
f 3201/3201 3198/3198 3202/3202
f 3203/3203 3204/3204 3205/3205
f 3204/3204 3203/3203 3206/3206
f 3207/3207 3183/3183 3208/3208
f 3209/3209 3210/3210 3211/3211
f 3212/3212 3209/3209 3213/3213
f 3189/3189 3203/3203 3187/3187
f 3203/3203 3189/3189 3206/3206
f 3181/3181 3184/3184 3182/3182
f 3190/3190 3193/3193 3191/3191
f 3193/3193 3214/3214 3194/3194
f 3215/3215 3216/3216 3217/3217
f 3216/3216 3215/3215 3218/3218
f 3202/3202 3198/3198 3200/3200
f 3219/3219 3212/3212 3213/3213
f 3213/3213 3209/3209 3211/3211
f 3220/3220 3218/3218 3215/3215
f 3218/3218 3220/3220 3221/3221
f 3222/3222 3223/3223 3224/3224
f 3223/3223 3222/3222 3225/3225
f 3225/3225 3222/3222 3226/3226
f 3226/3226 3222/3222 3227/3227
f 3228/3228 3229/3229 3230/3230
f 3229/3229 3228/3228 3231/3231
f 3231/3231 3228/3228 3232/3232
f 3231/3231 3232/3232 3233/3233
f 3233/3233 3232/3232 3234/3234
f 3233/3233 3234/3234 3235/3235
f 3233/3233 3235/3235 3236/3236
f 3237/3237 3238/3238 3239/3239
f 3240/3240 3241/3241 3242/3242
f 3241/3241 3240/3240 3243/3243
f 3243/3243 3240/3240 3244/3244
f 3245/3245 3246/3246 3247/3247
f 3246/3246 3245/3245 3248/3248
f 3248/3248 3245/3245 3249/3249
f 3249/3249 3245/3245 3250/3250
f 3249/3249 3250/3250 3251/3251
f 3251/3251 3250/3250 3252/3252
f 3252/3252 3250/3250 3253/3253
f 3254/3254 3255/3255 3256/3256
f 3257/3257 3258/3258 3259/3259
f 3258/3258 3257/3257 3260/3260
f 3258/3258 3260/3260 3261/3261
f 3261/3261 3260/3260 3262/3262
f 3263/3263 3264/3264 3265/3265
f 3264/3264 3263/3263 3266/3266
f 3267/3267 3268/3268 3269/3269
f 3268/3268 3267/3267 3270/3270
f 3271/3271 3272/3272 3273/3273
f 3272/3272 3271/3271 3274/3274
f 3275/3275 3276/3276 3277/3277
f 3278/3278 3279/3279 3280/3280
f 3281/3281 3282/3282 3283/3283
f 3237/3237 3239/3239 3284/3284
f 3285/3285 3286/3286 3287/3287
f 3288/3288 3285/3285 3289/3289
f 3285/3285 3288/3288 3290/3290
f 3291/3291 3292/3292 3293/3293
f 3294/3294 3295/3295 3296/3296
f 3295/3295 3294/3294 3297/3297
f 3298/3298 3299/3299 3300/3300
f 3301/3301 3302/3302 3303/3303
f 3302/3302 3301/3301 3304/3304
f 3305/3305 3306/3306 3307/3307
f 3306/3306 3305/3305 3308/3308
f 3309/3309 3310/3310 3311/3311
f 3310/3310 3309/3309 3312/3312
f 3313/3313 3314/3314 3315/3315
f 3314/3314 3313/3313 3316/3316
f 3317/3317 3318/3318 3319/3319
f 3320/3320 3321/3321 3322/3322
f 3321/3321 3320/3320 3323/3323
f 3324/3324 3275/3275 3325/3325
f 3326/3326 3327/3327 3320/3320
f 3282/3282 3328/3328 3329/3329
f 3330/3330 3268/3268 3270/3270
f 3331/3331 3332/3332 3333/3333
f 3332/3332 3334/3334 3335/3335
f 3285/3285 3287/3287 3289/3289
f 3336/3336 3337/3337 3338/3338
f 3337/3337 3336/3336 3339/3339
f 3340/3340 3288/3288 3341/3341
f 3342/3342 3343/3343 3344/3344
f 3343/3343 3342/3342 3300/3300
f 3345/3345 3300/3300 3346/3346
f 3347/3347 3348/3348 3349/3349
f 3348/3348 3347/3347 3350/3350
f 3343/3343 3351/3351 3344/3344
f 3352/3352 3342/3342 3353/3353
f 3342/3342 3352/3352 3354/3354
f 3321/3321 3275/3275 3324/3324
f 3327/3327 3323/3323 3320/3320
f 3355/3355 3356/3356 3334/3334
f 3336/3336 3338/3338 3357/3357
f 3352/3352 3332/3332 3331/3331
f 3332/3332 3355/3355 3334/3334
f 3355/3355 3332/3332 3353/3353
f 3355/3355 3358/3358 3356/3356
f 3358/3358 3355/3355 3344/3344
f 3353/3353 3344/3344 3355/3355
f 3344/3344 3353/3353 3342/3342
f 3346/3346 3300/3300 3342/3342
f 3344/3344 3359/3359 3358/3358
f 3346/3346 3342/3342 3354/3354
f 3352/3352 3353/3353 3332/3332
f 3360/3360 3361/3361 3362/3362
f 3361/3361 3360/3360 3363/3363
f 3363/3363 3360/3360 3364/3364
f 3363/3363 3364/3364 3365/3365
f 3366/3366 3367/3367 3368/3368
f 3367/3367 3366/3366 3369/3369
f 3369/3369 3366/3366 3370/3370
f 3369/3369 3370/3370 3371/3371
f 3369/3369 3371/3371 3372/3372
f 3369/3369 3372/3372 3373/3373
f 3369/3369 3373/3373 3374/3374
f 3375/3375 3376/3376 3377/3377
f 3378/3378 3379/3379 3380/3380
f 3379/3379 3378/3378 3381/3381
f 3382/3382 3383/3383 3384/3384
f 3383/3383 3382/3382 3385/3385
f 3383/3383 3385/3385 3386/3386
f 3386/3386 3385/3385 3387/3387
f 3387/3387 3385/3385 3388/3388
f 3388/3388 3385/3385 3389/3389
f 3389/3389 3385/3385 3390/3390
f 3391/3391 3392/3392 3393/3393
f 3394/3394 3395/3395 3396/3396
f 3395/3395 3394/3394 3397/3397
f 3398/3398 3399/3399 3400/3400
f 3401/3401 3402/3402 3403/3403
f 3402/3402 3401/3401 3404/3404
f 3405/3405 3406/3406 3407/3407
f 3406/3406 3405/3405 3408/3408
f 3409/3409 3410/3410 3411/3411
f 3412/3412 3413/3413 3414/3414
f 3415/3415 3416/3416 3417/3417
f 3418/3418 3376/3376 3375/3375
f 3419/3419 3420/3420 3421/3421
f 3422/3422 3423/3423 3420/3420
f 3423/3423 3422/3422 3424/3424
f 3425/3425 3426/3426 3427/3427
f 3428/3428 3429/3429 3430/3430
f 3429/3429 3428/3428 3431/3431
f 3432/3432 3433/3433 3434/3434
f 3435/3435 3436/3436 3437/3437
f 3438/3438 3439/3439 3440/3440
f 3439/3439 3438/3438 3441/3441
f 3442/3442 3443/3443 3444/3444
f 3443/3443 3442/3442 3445/3445
f 3446/3446 3447/3447 3448/3448
f 3447/3447 3446/3446 3449/3449
f 3450/3450 3451/3451 3452/3452
f 3453/3453 3454/3454 3455/3455
f 3454/3454 3453/3453 3456/3456
f 3409/3409 3457/3457 3458/3458
f 3459/3459 3455/3455 3460/3460
f 3461/3461 3462/3462 3415/3415
f 3463/3463 3404/3404 3401/3401
f 3464/3464 3465/3465 3466/3466
f 3467/3467 3468/3468 3464/3464
f 3422/3422 3420/3420 3419/3419
f 3469/3469 3470/3470 3471/3471
f 3470/3470 3469/3469 3472/3472
f 3424/3424 3473/3473 3474/3474
f 3433/3433 3475/3475 3476/3476
f 3475/3475 3433/3433 3477/3477
f 3478/3478 3433/3433 3479/3479
f 3459/3459 3460/3460 3480/3480
f 3443/3443 3481/3481 3444/3444
f 3482/3482 3475/3475 3477/3477
f 3483/3483 3484/3484 3485/3485
f 3484/3484 3483/3483 3476/3476
f 3456/3456 3409/3409 3458/3458
f 3453/3453 3455/3455 3459/3459
f 3486/3486 3461/3461 3415/3415
f 3470/3470 3487/3487 3471/3471
f 3485/3485 3464/3464 3466/3466
f 3484/3484 3467/3467 3464/3464
f 3467/3467 3484/3484 3488/3488
f 3475/3475 3489/3489 3488/3488
f 3489/3489 3475/3475 3490/3490
f 3491/3491 3472/3472 3469/3469
f 3476/3476 3488/3488 3484/3484
f 3488/3488 3476/3476 3475/3475
f 3433/3433 3476/3476 3479/3479
f 3492/3492 3490/3490 3475/3475
f 3479/3479 3476/3476 3483/3483
f 3484/3484 3464/3464 3485/3485
f 3489/3489 3467/3467 3488/3488
f 3493/3493 3494/3494 3495/3495
f 3494/3494 3493/3493 3496/3496
f 3495/3495 3497/3497 3498/3498
f 3497/3497 3495/3495 3494/3494
f 3497/3497 3494/3494 3499/3499
f 3500/3500 3501/3501 3502/3502
f 3501/3501 3500/3500 3503/3503
f 3503/3503 3500/3500 3504/3504
f 3504/3504 3500/3500 3505/3505
f 3504/3504 3505/3505 3506/3506
f 3506/3506 3505/3505 3507/3507
f 3508/3508 3496/3496 3493/3493
f 3496/3496 3508/3508 3509/3509
f 3496/3496 3509/3509 3510/3510
f 3511/3511 3512/3512 3513/3513
f 3512/3512 3511/3511 3514/3514
f 3512/3512 3514/3514 3515/3515
f 3512/3512 3515/3515 3516/3516
f 3516/3516 3515/3515 3517/3517
f 3516/3516 3517/3517 3518/3518
f 3519/3519 3520/3520 3521/3521
f 3520/3520 3519/3519 3522/3522
f 3519/3519 3523/3523 3524/3524
f 3525/3525 3526/3526 3527/3527
f 3528/3528 3529/3529 3530/3530
f 3529/3529 3528/3528 3531/3531
f 3531/3531 3532/3532 3529/3529
f 3533/3533 3534/3534 3535/3535
f 3536/3536 3535/3535 3537/3537
f 3535/3535 3536/3536 3538/3538
f 3536/3536 3539/3539 3540/3540
f 3541/3541 3542/3542 3543/3543
f 3544/3544 3545/3545 3520/3520
f 3546/3546 3547/3547 3548/3548
f 3549/3549 3550/3550 3551/3551
f 3550/3550 3549/3549 3548/3548
f 3552/3552 3553/3553 3554/3554
f 3553/3553 3552/3552 3555/3555
f 3519/3519 3521/3521 3523/3523
f 3553/3553 3556/3556 3554/3554
f 3557/3557 3558/3558 3559/3559
f 3558/3558 3557/3557 3560/3560
f 3561/3561 3532/3532 3531/3531
f 3560/3560 3562/3562 3558/3558
f 3562/3562 3560/3560 3563/3563
f 3536/3536 3537/3537 3539/3539
f 3564/3564 3555/3555 3552/3552
f 3548/3548 3547/3547 3550/3550
f 3565/3565 3566/3566 3567/3567
f 3566/3566 3565/3565 3568/3568
f 3569/3569 3568/3568 3565/3565
f 3568/3568 3569/3569 3570/3570
f 3571/3571 3572/3572 3573/3573
f 3572/3572 3571/3571 3574/3574
f 3574/3574 3571/3571 3575/3575
f 3574/3574 3575/3575 3576/3576
f 3574/3574 3576/3576 3577/3577
f 3577/3577 3576/3576 3578/3578
f 3567/3567 3579/3579 3580/3580
f 3579/3579 3567/3567 3581/3581
f 3581/3581 3567/3567 3566/3566
f 3582/3582 3583/3583 3584/3584
f 3583/3583 3582/3582 3585/3585
f 3583/3583 3585/3585 3586/3586
f 3586/3586 3585/3585 3587/3587
f 3587/3587 3585/3585 3588/3588
f 3587/3587 3588/3588 3589/3589
f 3590/3590 3591/3591 3592/3592
f 3591/3591 3590/3590 3593/3593
f 3592/3592 3594/3594 3595/3595
f 3596/3596 3597/3597 3598/3598
f 3599/3599 3600/3600 3601/3601
f 3602/3602 3603/3603 3604/3604
f 3605/3605 3606/3606 3607/3607
f 3605/3605 3608/3608 3609/3609
f 3608/3608 3605/3605 3610/3610
f 3611/3611 3608/3608 3612/3612
f 3613/3613 3614/3614 3615/3615
f 3614/3614 3613/3613 3616/3616
f 3617/3617 3593/3593 3618/3618
f 3619/3619 3620/3620 3621/3621
f 3622/3622 3623/3623 3619/3619
f 3623/3623 3622/3622 3624/3624
f 3625/3625 3613/3613 3626/3626
f 3613/3613 3625/3625 3616/3616
f 3591/3591 3594/3594 3592/3592
f 3625/3625 3626/3626 3627/3627
f 3628/3628 3602/3602 3604/3604
f 3602/3602 3629/3629 3603/3603
f 3630/3630 3631/3631 3632/3632
f 3631/3631 3630/3630 3633/3633
f 3612/3612 3608/3608 3610/3610
f 3622/3622 3619/3619 3621/3621
f 3634/3634 3633/3633 3630/3630
f 3633/3633 3634/3634 3635/3635
f 3636/3636 3637/3637 3638/3638
f 3637/3637 3636/3636 3639/3639
f 3640/3640 3639/3639 3636/3636
f 3639/3639 3640/3640 3641/3641
f 3642/3642 3643/3643 3644/3644
f 3643/3643 3642/3642 3645/3645
f 3645/3645 3642/3642 3646/3646
f 3645/3645 3646/3646 3647/3647
f 3645/3645 3647/3647 3648/3648
f 3648/3648 3647/3647 3649/3649
f 3638/3638 3650/3650 3651/3651
f 3650/3650 3638/3638 3652/3652
f 3652/3652 3638/3638 3637/3637
f 3653/3653 3654/3654 3655/3655
f 3654/3654 3653/3653 3656/3656
f 3654/3654 3656/3656 3657/3657
f 3657/3657 3656/3656 3658/3658
f 3658/3658 3656/3656 3659/3659
f 3658/3658 3659/3659 3660/3660
f 3661/3661 3662/3662 3663/3663
f 3662/3662 3661/3661 3664/3664
f 3663/3663 3665/3665 3666/3666
f 3667/3667 3668/3668 3669/3669
f 3670/3670 3671/3671 3672/3672
f 3671/3671 3670/3670 3673/3673
f 3674/3674 3675/3675 3676/3676
f 3677/3677 3678/3678 3679/3679
f 3677/3677 3680/3680 3681/3681
f 3680/3680 3677/3677 3682/3682
f 3683/3683 3680/3680 3684/3684
f 3685/3685 3686/3686 3687/3687
f 3688/3688 3664/3664 3689/3689
f 3690/3690 3691/3691 3692/3692
f 3693/3693 3694/3694 3695/3695
f 3694/3694 3693/3693 3696/3696
f 3697/3697 3698/3698 3699/3699
f 3698/3698 3697/3697 3700/3700
f 3662/3662 3665/3665 3663/3663
f 3697/3697 3699/3699 3701/3701
f 3702/3702 3703/3703 3704/3704
f 3703/3703 3702/3702 3705/3705
f 3674/3674 3706/3706 3675/3675
f 3704/3704 3707/3707 3708/3708
f 3707/3707 3704/3704 3703/3703
f 3684/3684 3680/3680 3682/3682
f 3700/3700 3709/3709 3698/3698
f 3710/3710 3690/3690 3692/3692
f 3711/3711 3712/3712 3713/3713
f 3712/3712 3711/3711 3714/3714
f 3715/3715 3716/3716 3717/3717
f 3716/3716 3715/3715 3718/3718
f 3719/3719 3720/3720 3721/3721
f 3720/3720 3719/3719 3722/3722
f 3723/3723 3724/3724 3725/3725
f 3724/3724 3723/3723 3726/3726
f 3727/3727 3728/3728 3729/3729
f 3728/3728 3727/3727 3730/3730
f 3731/3731 3717/3717 3732/3732
f 3733/3733 3734/3734 3735/3735
f 3734/3734 3733/3733 3736/3736
f 3737/3737 3716/3716 3718/3718
f 3719/3719 3721/3721 3738/3738
f 3739/3739 3740/3740 3741/3741
f 3740/3740 3739/3739 3742/3742
f 3743/3743 3744/3744 3720/3720
f 3745/3745 3746/3746 3723/3723
f 3747/3747 3748/3748 3749/3749
f 3748/3748 3747/3747 3750/3750
f 3724/3724 3751/3751 3725/3725
f 3727/3727 3752/3752 3753/3753
f 3730/3730 3754/3754 3728/3728
f 3755/3755 3756/3756 3757/3757
f 3756/3756 3755/3755 3758/3758
f 3759/3759 3760/3760 3761/3761
f 3762/3762 3763/3763 3764/3764
f 3765/3765 3766/3766 3767/3767
f 3768/3768 3769/3769 3770/3770
f 3771/3771 3772/3772 3741/3741
f 3773/3773 3742/3742 3739/3739
f 3774/3774 3775/3775 3776/3776
f 3777/3777 3778/3778 3779/3779
f 3780/3780 3781/3781 3782/3782
f 3755/3755 3757/3757 3783/3783
f 3784/3784 3785/3785 3786/3786
f 3784/3784 3756/3756 3785/3785
f 3757/3757 3787/3787 3783/3783
f 3788/3788 3789/3789 3790/3790
f 3791/3791 3792/3792 3793/3793
f 3794/3794 3795/3795 3796/3796
f 3797/3797 3798/3798 3799/3799
f 3798/3798 3797/3797 3800/3800
f 3801/3801 3802/3802 3803/3803
f 3802/3802 3801/3801 3804/3804
f 3805/3805 3806/3806 3807/3807
f 3806/3806 3805/3805 3808/3808
f 3809/3809 3810/3810 3811/3811
f 3810/3810 3809/3809 3812/3812
f 3813/3813 3814/3814 3815/3815
f 3814/3814 3813/3813 3816/3816
f 3817/3817 3818/3818 3801/3801
f 3819/3819 3820/3820 3821/3821
f 3820/3820 3819/3819 3822/3822
f 3802/3802 3823/3823 3803/3803
f 3808/3808 3824/3824 3806/3806
f 3825/3825 3826/3826 3827/3827
f 3826/3826 3825/3825 3828/3828
f 3805/3805 3829/3829 3830/3830
f 3831/3831 3811/3811 3832/3832
f 3833/3833 3834/3834 3835/3835
f 3834/3834 3833/3833 3836/3836
f 3837/3837 3810/3810 3812/3812
f 3838/3838 3839/3839 3814/3814
f 3813/3813 3815/3815 3840/3840
f 3841/3841 3842/3842 3843/3843
f 3842/3842 3841/3841 3844/3844
f 3845/3845 3846/3846 3847/3847
f 3848/3848 3849/3849 3850/3850
f 3851/3851 3852/3852 3853/3853
f 3854/3854 3855/3855 3856/3856
f 3857/3857 3826/3826 3858/3858
f 3825/3825 3827/3827 3859/3859
f 3860/3860 3861/3861 3862/3862
f 3862/3862 3861/3861 3863/3863
f 3864/3864 3865/3865 3866/3866
f 3867/3867 3844/3844 3841/3841
f 3868/3868 3869/3869 3870/3870
f 3871/3871 3872/3872 3843/3843
f 3873/3873 3874/3874 3875/3875
f 3876/3876 3877/3877 3878/3878
f 3879/3879 3880/3880 3881/3881
f 3882/3882 3883/3883 3884/3884
f 3885/3885 3886/3886 3887/3887
f 3886/3886 3885/3885 3888/3888
f 3889/3889 3890/3890 3891/3891
f 3890/3890 3889/3889 3892/3892
f 3893/3893 3894/3894 3895/3895
f 3894/3894 3893/3893 3896/3896
f 3897/3897 3898/3898 3899/3899
f 3898/3898 3897/3897 3900/3900
f 3901/3901 3902/3902 3903/3903
f 3902/3902 3901/3901 3904/3904
f 3905/3905 3891/3891 3906/3906
f 3907/3907 3908/3908 3909/3909
f 3908/3908 3907/3907 3910/3910
f 3892/3892 3911/3911 3890/3890
f 3912/3912 3896/3896 3893/3893
f 3913/3913 3914/3914 3915/3915
f 3914/3914 3913/3913 3916/3916
f 3917/3917 3918/3918 3895/3895
f 3900/3900 3919/3919 3920/3920
f 3921/3921 3922/3922 3923/3923
f 3922/3922 3921/3921 3924/3924
f 3897/3897 3899/3899 3925/3925
f 3926/3926 3902/3902 3927/3927
f 3901/3901 3903/3903 3928/3928
f 3929/3929 3930/3930 3931/3931
f 3930/3930 3929/3929 3932/3932
f 3933/3933 3934/3934 3935/3935
f 3936/3936 3937/3937 3938/3938
f 3939/3939 3940/3940 3941/3941
f 3942/3942 3943/3943 3944/3944
f 3945/3945 3946/3946 3914/3914
f 3913/3913 3915/3915 3947/3947
f 3948/3948 3949/3949 3950/3950
f 3951/3951 3952/3952 3953/3953
f 3954/3954 3955/3955 3956/3956
f 3957/3957 3929/3929 3931/3931
f 3958/3958 3959/3959 3960/3960
f 3961/3961 3962/3962 3930/3930
f 3963/3963 3964/3964 3965/3965
f 3966/3966 3967/3967 3968/3968
f 3969/3969 3970/3970 3971/3971
f 3972/3972 3973/3973 3974/3974
f 3975/3975 3976/3976 3977/3977
f 3976/3976 3975/3975 3978/3978
f 3978/3978 3975/3975 3979/3979
f 3978/3978 3979/3979 3980/3980
f 3980/3980 3979/3979 3981/3981
f 3980/3980 3981/3981 3982/3982
f 3982/3982 3981/3981 3983/3983
f 3982/3982 3983/3983 3984/3984
f 3984/3984 3983/3983 3985/3985
f 3984/3984 3985/3985 3986/3986
f 3987/3987 3988/3988 3989/3989
f 3988/3988 3987/3987 3990/3990
f 3991/3991 3992/3992 3993/3993
f 3992/3992 3991/3991 3994/3994
f 3995/3995 3996/3996 3997/3997
f 3996/3996 3995/3995 3998/3998
f 3999/3999 4000/4000 4001/4001
f 4000/4000 3999/3999 4002/4002
f 4003/4003 4004/4004 4005/4005
f 4004/4004 4003/4003 4006/4006
f 4007/4007 4008/4008 3991/3991
f 4009/4009 4010/4010 4011/4011
f 4010/4010 4009/4009 4012/4012
f 3992/3992 4013/4013 3993/3993
f 3998/3998 4014/4014 3996/3996
f 4015/4015 4016/4016 4017/4017
f 4016/4016 4015/4015 4018/4018
f 3995/3995 4019/4019 4020/4020
f 4021/4021 4001/4001 4022/4022
f 4023/4023 4024/4024 4025/4025
f 4024/4024 4023/4023 4026/4026
f 4027/4027 4000/4000 4002/4002
f 4028/4028 4029/4029 4004/4004
f 4003/4003 4005/4005 4030/4030
f 4031/4031 4032/4032 4033/4033
f 4032/4032 4031/4031 4034/4034
f 4035/4035 4036/4036 4037/4037
f 4036/4036 4035/4035 4038/4038
f 4039/4039 4040/4040 4041/4041
f 4042/4042 4043/4043 4044/4044
f 4045/4045 4016/4016 4046/4046
f 4015/4015 4017/4017 4047/4047
f 4048/4048 4049/4049 4050/4050
f 4051/4051 4052/4052 4053/4053
f 4054/4054 4055/4055 4056/4056
f 4057/4057 4034/4034 4031/4031
f 4058/4058 4059/4059 4060/4060
f 4061/4061 4062/4062 4033/4033
f 4063/4063 4064/4064 4065/4065
f 4066/4066 4067/4067 4068/4068
f 4069/4069 4070/4070 4071/4071
f 4072/4072 4073/4073 4074/4074
f 4075/4075 4076/4076 4077/4077
f 4076/4076 4075/4075 4078/4078
f 4079/4079 4080/4080 4081/4081
f 4080/4080 4079/4079 4082/4082
f 4083/4083 4084/4084 4085/4085
f 4084/4084 4083/4083 4086/4086
f 4087/4087 4088/4088 4089/4089
f 4088/4088 4087/4087 4090/4090
f 4091/4091 4092/4092 4093/4093
f 4092/4092 4091/4091 4094/4094
f 4095/4095 4081/4081 4096/4096
f 4097/4097 4098/4098 4099/4099
f 4098/4098 4097/4097 4100/4100
f 4101/4101 4080/4080 4082/4082
f 4083/4083 4085/4085 4102/4102
f 4103/4103 4104/4104 4105/4105
f 4104/4104 4103/4103 4106/4106
f 4107/4107 4108/4108 4084/4084
f 4109/4109 4110/4110 4087/4087
f 4111/4111 4112/4112 4113/4113
f 4112/4112 4111/4111 4114/4114
f 4088/4088 4115/4115 4089/4089
f 4091/4091 4116/4116 4117/4117
f 4094/4094 4118/4118 4092/4092
f 4119/4119 4120/4120 4121/4121
f 4120/4120 4119/4119 4122/4122
f 4123/4123 4124/4124 4125/4125
f 4126/4126 4127/4127 4128/4128
f 4129/4129 4130/4130 4131/4131
f 4132/4132 4133/4133 4134/4134
f 4135/4135 4136/4136 4105/4105
f 4137/4137 4106/4106 4103/4103
f 4138/4138 4139/4139 4140/4140
f 4141/4141 4142/4142 4143/4143
f 4144/4144 4145/4145 4146/4146
f 4119/4119 4121/4121 4147/4147
f 4148/4148 4149/4149 4150/4150
f 4151/4151 4120/4120 4152/4152
f 4153/4153 4154/4154 4155/4155
f 4156/4156 4157/4157 4158/4158
f 4159/4159 4160/4160 4161/4161
f 4162/4162 4163/4163 4164/4164
f 4165/4165 4166/4166 4167/4167
f 4166/4166 4165/4165 4168/4168
f 4168/4168 4165/4165 4169/4169
f 4168/4168 4169/4169 4170/4170
f 4171/4171 4172/4172 4173/4173
f 4172/4172 4171/4171 4174/4174
f 4174/4174 4171/4171 4175/4175
f 4174/4174 4175/4175 4176/4176
f 4174/4174 4176/4176 4177/4177
f 4174/4174 4177/4177 4178/4178
f 4174/4174 4178/4178 4179/4179
f 4180/4180 4181/4181 4182/4182
f 4183/4183 4184/4184 4185/4185
f 4184/4184 4183/4183 4186/4186
f 4187/4187 4188/4188 4189/4189
f 4188/4188 4187/4187 4190/4190
f 4188/4188 4190/4190 4191/4191
f 4191/4191 4190/4190 4192/4192
f 4192/4192 4190/4190 4193/4193
f 4193/4193 4190/4190 4194/4194
f 4194/4194 4190/4190 4195/4195
f 4196/4196 4197/4197 4198/4198
f 4199/4199 4200/4200 4201/4201
f 4200/4200 4199/4199 4202/4202
f 4203/4203 4204/4204 4205/4205
f 4206/4206 4207/4207 4208/4208
f 4207/4207 4206/4206 4209/4209
f 4210/4210 4211/4211 4212/4212
f 4211/4211 4210/4210 4213/4213
f 4214/4214 4215/4215 4216/4216
f 4217/4217 4218/4218 4219/4219
f 4218/4218 4217/4217 4220/4220
f 4221/4221 4222/4222 4223/4223
f 4224/4224 4181/4181 4180/4180
f 4225/4225 4226/4226 4227/4227
f 4228/4228 4229/4229 4226/4226
f 4229/4229 4228/4228 4230/4230
f 4231/4231 4232/4232 4233/4233
f 4234/4234 4235/4235 4236/4236
f 4235/4235 4234/4234 4237/4237
f 4238/4238 4239/4239 4240/4240
f 4241/4241 4242/4242 4243/4243
f 4242/4242 4241/4241 4244/4244
f 4245/4245 4246/4246 4247/4247
f 4246/4246 4245/4245 4248/4248
f 4249/4249 4250/4250 4251/4251
f 4250/4250 4249/4249 4252/4252
f 4253/4253 4254/4254 4255/4255
f 4254/4254 4253/4253 4256/4256
f 4257/4257 4258/4258 4259/4259
f 4260/4260 4261/4261 4262/4262
f 4261/4261 4260/4260 4263/4263
f 4214/4214 4264/4264 4265/4265
f 4266/4266 4262/4262 4267/4267
f 4268/4268 4269/4269 4221/4221
f 4270/4270 4209/4209 4206/4206
f 4271/4271 4272/4272 4273/4273
f 4274/4274 4273/4273 4275/4275
f 4228/4228 4226/4226 4225/4225
f 4276/4276 4277/4277 4278/4278
f 4277/4277 4276/4276 4279/4279
f 4230/4230 4280/4280 4281/4281
f 4282/4282 4283/4283 4284/4284
f 4283/4283 4282/4282 4285/4285
f 4286/4286 4239/4239 4287/4287
f 4288/4288 4289/4289 4290/4290
f 4289/4289 4288/4288 4291/4291
f 4292/4292 4293/4293 4294/4294
f 4295/4295 4296/4296 4274/4274
f 4296/4296 4295/4295 4297/4297
f 4263/4263 4214/4214 4265/4265
f 4260/4260 4262/4262 4266/4266
f 4298/4298 4268/4268 4221/4221
f 4277/4277 4299/4299 4278/4278
f 4296/4296 4271/4271 4273/4273
f 4271/4271 4296/4296 4300/4300
f 4296/4296 4273/4273 4274/4274
f 4293/4293 4301/4301 4300/4300
f 4301/4301 4293/4293 4302/4302
f 4297/4297 4300/4300 4296/4296
f 4300/4300 4297/4297 4293/4293
f 4239/4239 4297/4297 4287/4287
f 4303/4303 4302/4302 4293/4293
f 4287/4287 4297/4297 4295/4295
f 4301/4301 4271/4271 4300/4300
f 4304/4304 4305/4305 4306/4306
f 4305/4305 4304/4304 4307/4307
f 4308/4308 4307/4307 4304/4304
f 4307/4307 4308/4308 4309/4309
f 4310/4310 4311/4311 4312/4312
f 4311/4311 4310/4310 4313/4313
f 4313/4313 4310/4310 4314/4314
f 4313/4313 4314/4314 4315/4315
f 4313/4313 4315/4315 4316/4316
f 4316/4316 4315/4315 4317/4317
f 4306/4306 4318/4318 4319/4319
f 4318/4318 4306/4306 4320/4320
f 4320/4320 4306/4306 4305/4305
f 4321/4321 4322/4322 4323/4323
f 4322/4322 4321/4321 4324/4324
f 4322/4322 4324/4324 4325/4325
f 4325/4325 4324/4324 4326/4326
f 4326/4326 4324/4324 4327/4327
f 4326/4326 4327/4327 4328/4328
f 4329/4329 4330/4330 4331/4331
f 4330/4330 4329/4329 4332/4332
f 4331/4331 4333/4333 4334/4334
f 4335/4335 4336/4336 4337/4337
f 4338/4338 4339/4339 4340/4340
f 4341/4341 4342/4342 4343/4343
f 4344/4344 4345/4345 4346/4346
f 4344/4344 4347/4347 4348/4348
f 4347/4347 4344/4344 4349/4349
f 4350/4350 4347/4347 4351/4351
f 4352/4352 4353/4353 4354/4354
f 4353/4353 4352/4352 4355/4355
f 4356/4356 4332/4332 4357/4357
f 4358/4358 4359/4359 4360/4360
f 4361/4361 4362/4362 4358/4358
f 4362/4362 4361/4361 4363/4363
f 4364/4364 4352/4352 4365/4365
f 4352/4352 4364/4364 4355/4355
f 4330/4330 4333/4333 4331/4331
f 4364/4364 4365/4365 4366/4366
f 4367/4367 4341/4341 4343/4343
f 4341/4341 4368/4368 4342/4342
f 4369/4369 4370/4370 4371/4371
f 4370/4370 4369/4369 4372/4372
f 4351/4351 4347/4347 4349/4349
f 4361/4361 4358/4358 4360/4360
f 4373/4373 4372/4372 4369/4369
f 4372/4372 4373/4373 4374/4374
f 4375/4375 4376/4376 4377/4377
f 4376/4376 4375/4375 4378/4378
f 4378/4378 4375/4375 4379/4379
f 4378/4378 4379/4379 4380/4380
f 4381/4381 4382/4382 4383/4383
f 4382/4382 4381/4381 4384/4384
f 4384/4384 4381/4381 4385/4385
f 4384/4384 4385/4385 4386/4386
f 4384/4384 4386/4386 4387/4387
f 4384/4384 4387/4387 4388/4388
f 4384/4384 4388/4388 4389/4389
f 4390/4390 4391/4391 4392/4392
f 4393/4393 4394/4394 4395/4395
f 4394/4394 4393/4393 4396/4396
f 4397/4397 4398/4398 4399/4399
f 4398/4398 4397/4397 4400/4400
f 4398/4398 4400/4400 4401/4401
f 4401/4401 4400/4400 4402/4402
f 4402/4402 4400/4400 4403/4403
f 4403/4403 4400/4400 4404/4404
f 4404/4404 4400/4400 4405/4405
f 4406/4406 4407/4407 4408/4408
f 4409/4409 4410/4410 4411/4411
f 4410/4410 4409/4409 4412/4412
f 4413/4413 4414/4414 4415/4415
f 4414/4414 4413/4413 4416/4416
f 4417/4417 4418/4418 4419/4419
f 4418/4418 4417/4417 4420/4420
f 4421/4421 4422/4422 4423/4423
f 4422/4422 4421/4421 4424/4424
f 4425/4425 4426/4426 4427/4427
f 4428/4428 4429/4429 4430/4430
f 4429/4429 4428/4428 4431/4431
f 4432/4432 4433/4433 4434/4434
f 4433/4433 4432/4432 4435/4435
f 4436/4436 4391/4391 4390/4390
f 4437/4437 4438/4438 4439/4439
f 4440/4440 4441/4441 4438/4438
f 4441/4441 4440/4440 4442/4442
f 4443/4443 4444/4444 4445/4445
f 4446/4446 4447/4447 4448/4448
f 4447/4447 4446/4446 4449/4449
f 4450/4450 4451/4451 4452/4452
f 4453/4453 4454/4454 4455/4455
f 4454/4454 4453/4453 4456/4456
f 4457/4457 4458/4458 4459/4459
f 4458/4458 4457/4457 4460/4460
f 4461/4461 4462/4462 4463/4463
f 4462/4462 4461/4461 4464/4464
f 4465/4465 4466/4466 4467/4467
f 4466/4466 4465/4465 4468/4468
f 4469/4469 4470/4470 4471/4471
f 4472/4472 4473/4473 4474/4474
f 4473/4473 4472/4472 4475/4475
f 4425/4425 4476/4476 4477/4477
f 4478/4478 4474/4474 4479/4479
f 4480/4480 4481/4481 4482/4482
f 4483/4483 4420/4420 4417/4417
f 4484/4484 4485/4485 4486/4486
f 4487/4487 4482/4482 4485/4485
f 4482/4482 4487/4487 4488/4488
f 4440/4440 4438/4438 4437/4437
f 4489/4489 4490/4490 4491/4491
f 4490/4490 4489/4489 4492/4492
f 4442/4442 4493/4493 4494/4494
f 4495/4495 4496/4496 4497/4497
f 4496/4496 4495/4495 4498/4498
f 4499/4499 4451/4451 4500/4500
f 4501/4501 4502/4502 4503/4503
f 4502/4502 4501/4501 4504/4504
f 4505/4505 4506/4506 4507/4507
f 4508/4508 4487/4487 4484/4484
f 4487/4487 4508/4508 4509/4509
f 4475/4475 4425/4425 4477/4477
f 4472/4472 4474/4474 4478/4478
f 4510/4510 4482/4482 4488/4488
f 4490/4490 4511/4511 4491/4491
f 4487/4487 4485/4485 4484/4484
f 4509/4509 4488/4488 4487/4487
f 4488/4488 4509/4509 4506/4506
f 4506/4506 4510/4510 4488/4488
f 4510/4510 4506/4506 4512/4512
f 4451/4451 4509/4509 4500/4500
f 4513/4513 4512/4512 4506/4506
f 4500/4500 4509/4509 4508/4508
f 4514/4514 4515/4515 4516/4516
f 4515/4515 4514/4514 4517/4517
f 4517/4517 4514/4514 4518/4518
f 4517/4517 4518/4518 4519/4519
f 4519/4519 4518/4518 4520/4520
f 4519/4519 4520/4520 4521/4521
f 4521/4521 4520/4520 4522/4522
f 4521/4521 4522/4522 4523/4523
f 4523/4523 4522/4522 4524/4524
f 4523/4523 4524/4524 4525/4525
f 4526/4526 4527/4527 4528/4528
f 4527/4527 4526/4526 4529/4529
f 4529/4529 4526/4526 4530/4530
f 4529/4529 4530/4530 4531/4531
f 4532/4532 4533/4533 4534/4534
f 4533/4533 4532/4532 4535/4535
f 4533/4533 4535/4535 4536/4536
f 4536/4536 4535/4535 4537/4537
f 4537/4537 4535/4535 4538/4538
f 4538/4538 4535/4535 4539/4539
f 4539/4539 4535/4535 4540/4540
f 4541/4541 4542/4542 4543/4543
f 4544/4544 4545/4545 4546/4546
f 4545/4545 4544/4544 4547/4547
f 4548/4548 4549/4549 4550/4550
f 4549/4549 4548/4548 4551/4551
f 4551/4551 4548/4548 4552/4552
f 4551/4551 4552/4552 4553/4553
f 4551/4551 4553/4553 4554/4554
f 4551/4551 4554/4554 4555/4555
f 4551/4551 4555/4555 4556/4556
f 4557/4557 4558/4558 4559/4559
f 4560/4560 4561/4561 4562/4562
f 4561/4561 4560/4560 4563/4563
f 4564/4564 4565/4565 4566/4566
f 4567/4567 4568/4568 4569/4569
f 4568/4568 4567/4567 4570/4570
f 4571/4571 4572/4572 4573/4573
f 4572/4572 4571/4571 4574/4574
f 4575/4575 4576/4576 4577/4577
f 4578/4578 4579/4579 4580/4580
f 4581/4581 4582/4582 4583/4583
f 4584/4584 4542/4542 4541/4541
f 4585/4585 4586/4586 4587/4587
f 4588/4588 4589/4589 4586/4586
f 4589/4589 4588/4588 4590/4590
f 4591/4591 4592/4592 4593/4593
f 4594/4594 4595/4595 4596/4596
f 4595/4595 4594/4594 4597/4597
f 4598/4598 4599/4599 4600/4600
f 4601/4601 4602/4602 4603/4603
f 4602/4602 4601/4601 4604/4604
f 4605/4605 4606/4606 4607/4607
f 4606/4606 4605/4605 4608/4608
f 4609/4609 4610/4610 4611/4611
f 4610/4610 4609/4609 4612/4612
f 4613/4613 4614/4614 4615/4615
f 4614/4614 4613/4613 4616/4616
f 4617/4617 4618/4618 4619/4619
f 4620/4620 4621/4621 4622/4622
f 4621/4621 4620/4620 4623/4623
f 4575/4575 4624/4624 4625/4625
f 4626/4626 4622/4622 4627/4627
f 4628/4628 4582/4582 4629/4629
f 4568/4568 4630/4630 4569/4569
f 4631/4631 4632/4632 4633/4633
f 4634/4634 4633/4633 4635/4635
f 4588/4588 4586/4586 4585/4585
f 4636/4636 4637/4637 4638/4638
f 4637/4637 4636/4636 4639/4639
f 4590/4590 4640/4640 4641/4641
f 4642/4642 4598/4598 4643/4643
f 4598/4598 4642/4642 4644/4644
f 4645/4645 4646/4646 4598/4598
f 4647/4647 4648/4648 4649/4649
f 4648/4648 4647/4647 4650/4650
f 4642/4642 4643/4643 4651/4651
f 4652/4652 4653/4653 4644/4644
f 4653/4653 4652/4652 4654/4654
f 4623/4623 4575/4575 4625/4625
f 4620/4620 4622/4622 4626/4626
f 4582/4582 4655/4655 4629/4629
f 4656/4656 4639/4639 4636/4636
f 4632/4632 4654/4654 4633/4633
f 4635/4635 4652/4652 4657/4657
f 4652/4652 4635/4635 4633/4633
f 4658/4658 4642/4642 4659/4659
f 4642/4642 4658/4658 4657/4657
f 4657/4657 4644/4644 4642/4642
f 4644/4644 4657/4657 4652/4652
f 4644/4644 4645/4645 4598/4598
f 4642/4642 4660/4660 4659/4659
f 4653/4653 4645/4645 4644/4644
f 4633/4633 4654/4654 4652/4652
f 4635/4635 4657/4657 4658/4658
f 4661/4661 4662/4662 4663/4663
f 4662/4662 4661/4661 4664/4664
f 4665/4665 4664/4664 4661/4661
f 4664/4664 4665/4665 4666/4666
f 4667/4667 4668/4668 4669/4669
f 4668/4668 4667/4667 4670/4670
f 4670/4670 4667/4667 4671/4671
f 4670/4670 4671/4671 4672/4672
f 4670/4670 4672/4672 4673/4673
f 4673/4673 4672/4672 4674/4674
f 4663/4663 4675/4675 4676/4676
f 4675/4675 4663/4663 4677/4677
f 4677/4677 4663/4663 4662/4662
f 4678/4678 4679/4679 4680/4680
f 4679/4679 4678/4678 4681/4681
f 4679/4679 4681/4681 4682/4682
f 4682/4682 4681/4681 4683/4683
f 4683/4683 4681/4681 4684/4684
f 4683/4683 4684/4684 4685/4685
f 4686/4686 4687/4687 4688/4688
f 4687/4687 4686/4686 4689/4689
f 4690/4690 4687/4687 4691/4691
f 4692/4692 4693/4693 4694/4694
f 4695/4695 4696/4696 4697/4697
f 4696/4696 4695/4695 4698/4698
f 4695/4695 4697/4697 4699/4699
f 4700/4700 4701/4701 4702/4702
f 4703/4703 4704/4704 4705/4705
f 4704/4704 4703/4703 4701/4701
f 4705/4705 4706/4706 4707/4707
f 4708/4708 4709/4709 4710/4710
f 4686/4686 4711/4711 4712/4712
f 4713/4713 4714/4714 4715/4715
f 4716/4716 4713/4713 4717/4717
f 4713/4713 4716/4716 4718/4718
f 4719/4719 4720/4720 4721/4721
f 4720/4720 4719/4719 4722/4722
f 4691/4691 4687/4687 4689/4689
f 4719/4719 4721/4721 4723/4723
f 4724/4724 4725/4725 4726/4726
f 4725/4725 4724/4724 4727/4727
f 4697/4697 4728/4728 4699/4699
f 4726/4726 4729/4729 4730/4730
f 4729/4729 4726/4726 4725/4725
f 4704/4704 4706/4706 4705/4705
f 4731/4731 4720/4720 4722/4722
f 4713/4713 4715/4715 4717/4717
f 4732/4732 4733/4733 4734/4734
f 4733/4733 4732/4732 4735/4735
f 4735/4735 4732/4732 4736/4736
f 4735/4735 4736/4736 4737/4737
f 4738/4738 4739/4739 4740/4740
f 4739/4739 4738/4738 4741/4741
f 4739/4739 4741/4741 4742/4742
f 4742/4742 4741/4741 4743/4743
f 4743/4743 4741/4741 4744/4744
f 4744/4744 4741/4741 4745/4745
f 4745/4745 4741/4741 4746/4746
f 4747/4747 4748/4748 4749/4749
f 4750/4750 4751/4751 4752/4752
f 4751/4751 4750/4750 4753/4753
f 4754/4754 4755/4755 4756/4756
f 4755/4755 4754/4754 4757/4757
f 4757/4757 4754/4754 4758/4758
f 4757/4757 4758/4758 4759/4759
f 4757/4757 4759/4759 4760/4760
f 4757/4757 4760/4760 4761/4761
f 4757/4757 4761/4761 4762/4762
f 4763/4763 4764/4764 4765/4765
f 4766/4766 4767/4767 4768/4768
f 4767/4767 4766/4766 4769/4769
f 4770/4770 4771/4771 4772/4772
f 4773/4773 4774/4774 4775/4775
f 4774/4774 4773/4773 4776/4776
f 4777/4777 4778/4778 4779/4779
f 4778/4778 4777/4777 4780/4780
f 4781/4781 4782/4782 4783/4783
f 4784/4784 4785/4785 4786/4786
f 4787/4787 4788/4788 4789/4789
f 4790/4790 4748/4748 4747/4747
f 4791/4791 4792/4792 4793/4793
f 4794/4794 4795/4795 4792/4792
f 4795/4795 4794/4794 4796/4796
f 4797/4797 4798/4798 4799/4799
f 4800/4800 4801/4801 4802/4802
f 4801/4801 4800/4800 4803/4803
f 4804/4804 4805/4805 4806/4806
f 4807/4807 4808/4808 4809/4809
f 4808/4808 4807/4807 4810/4810
f 4811/4811 4812/4812 4813/4813
f 4812/4812 4811/4811 4814/4814
f 4815/4815 4816/4816 4817/4817
f 4816/4816 4815/4815 4818/4818
f 4819/4819 4820/4820 4821/4821
f 4820/4820 4819/4819 4822/4822
f 4823/4823 4824/4824 4825/4825
f 4826/4826 4827/4827 4828/4828
f 4827/4827 4826/4826 4829/4829
f 4781/4781 4830/4830 4831/4831
f 4832/4832 4828/4828 4833/4833
f 4834/4834 4788/4788 4835/4835
f 4774/4774 4836/4836 4775/4775
f 4837/4837 4838/4838 4839/4839
f 4840/4840 4839/4839 4841/4841
f 4794/4794 4792/4792 4791/4791
f 4842/4842 4843/4843 4844/4844
f 4843/4843 4842/4842 4845/4845
f 4796/4796 4846/4846 4847/4847
f 4848/4848 4804/4804 4849/4849
f 4804/4804 4848/4848 4850/4850
f 4851/4851 4852/4852 4804/4804
f 4853/4853 4854/4854 4855/4855
f 4854/4854 4853/4853 4856/4856
f 4848/4848 4849/4849 4857/4857
f 4858/4858 4859/4859 4850/4850
f 4859/4859 4858/4858 4860/4860
f 4829/4829 4781/4781 4831/4831
f 4826/4826 4828/4828 4832/4832
f 4788/4788 4861/4861 4835/4835
f 4862/4862 4845/4845 4842/4842
f 4838/4838 4860/4860 4839/4839
f 4841/4841 4858/4858 4863/4863
f 4858/4858 4841/4841 4839/4839
f 4864/4864 4848/4848 4865/4865
f 4848/4848 4864/4864 4863/4863
f 4863/4863 4850/4850 4848/4848
f 4850/4850 4863/4863 4858/4858
f 4850/4850 4851/4851 4804/4804
f 4848/4848 4866/4866 4865/4865
f 4859/4859 4851/4851 4850/4850
f 4839/4839 4860/4860 4858/4858
f 4841/4841 4863/4863 4864/4864
f 4867/4867 4868/4868 4869/4869
f 4868/4868 4867/4867 4870/4870
f 4870/4870 4867/4867 4871/4871
f 4870/4870 4871/4871 4872/4872
f 4872/4872 4871/4871 4873/4873
f 4872/4872 4873/4873 4874/4874
f 4874/4874 4873/4873 4875/4875
f 4874/4874 4875/4875 4876/4876
f 4876/4876 4875/4875 4877/4877
f 4876/4876 4877/4877 4878/4878
f 4879/4879 4880/4880 4881/4881
f 4880/4880 4879/4879 4882/4882
f 4883/4883 4882/4882 4879/4879
f 4882/4882 4883/4883 4884/4884
f 4885/4885 4886/4886 4887/4887
f 4886/4886 4885/4885 4888/4888
f 4888/4888 4885/4885 4889/4889
f 4888/4888 4889/4889 4890/4890
f 4888/4888 4890/4890 4891/4891
f 4891/4891 4890/4890 4892/4892
f 4881/4881 4893/4893 4894/4894
f 4893/4893 4881/4881 4895/4895
f 4895/4895 4881/4881 4880/4880
f 4896/4896 4897/4897 4898/4898
f 4897/4897 4896/4896 4899/4899
f 4897/4897 4899/4899 4900/4900
f 4900/4900 4899/4899 4901/4901
f 4901/4901 4899/4899 4902/4902
f 4901/4901 4902/4902 4903/4903
f 4904/4904 4905/4905 4906/4906
f 4905/4905 4904/4904 4907/4907
f 4908/4908 4905/4905 4909/4909
f 4910/4910 4911/4911 4912/4912
f 4913/4913 4914/4914 4915/4915
f 4914/4914 4913/4913 4916/4916
f 4913/4913 4915/4915 4917/4917
f 4918/4918 4919/4919 4920/4920
f 4921/4921 4922/4922 4923/4923
f 4922/4922 4921/4921 4919/4919
f 4923/4923 4924/4924 4925/4925
f 4926/4926 4927/4927 4928/4928
f 4904/4904 4929/4929 4930/4930
f 4931/4931 4932/4932 4933/4933
f 4934/4934 4931/4931 4935/4935
f 4931/4931 4934/4934 4936/4936
f 4937/4937 4938/4938 4939/4939
f 4938/4938 4937/4937 4940/4940
f 4909/4909 4905/4905 4907/4907
f 4937/4937 4939/4939 4941/4941
f 4942/4942 4943/4943 4944/4944
f 4943/4943 4942/4942 4945/4945
f 4915/4915 4946/4946 4917/4917
f 4944/4944 4947/4947 4948/4948
f 4947/4947 4944/4944 4943/4943
f 4922/4922 4924/4924 4923/4923
f 4949/4949 4938/4938 4940/4940
f 4931/4931 4933/4933 4935/4935
f 4950/4950 4951/4951 4952/4952
f 4951/4951 4950/4950 4953/4953
f 4954/4954 4953/4953 4955/4955
f 4953/4953 4954/4954 4956/4956
f 4957/4957 4958/4958 4959/4959
f 4958/4958 4957/4957 4960/4960
f 4960/4960 4957/4957 4961/4961
f 4960/4960 4961/4961 4962/4962
f 4960/4960 4962/4962 4963/4963
f 4963/4963 4962/4962 4964/4964
f 4952/4952 4965/4965 4966/4966
f 4965/4965 4952/4952 4967/4967
f 4967/4967 4952/4952 4951/4951
f 4968/4968 4969/4969 4970/4970
f 4969/4969 4968/4968 4971/4971
f 4969/4969 4971/4971 4972/4972
f 4972/4972 4971/4971 4973/4973
f 4973/4973 4971/4971 4974/4974
f 4973/4973 4974/4974 4975/4975
f 4976/4976 4977/4977 4978/4978
f 4977/4977 4976/4976 4979/4979
f 4980/4980 4981/4981 4982/4982
f 4983/4983 4984/4984 4985/4985
f 4986/4986 4987/4987 4988/4988
f 4987/4987 4986/4986 4989/4989
f 4987/4987 4990/4990 4988/4988
f 4991/4991 4992/4992 4993/4993
f 4991/4991 4994/4994 4995/4995
f 4994/4994 4991/4991 4996/4996
f 4997/4997 4994/4994 4998/4998
f 4999/4999 5000/5000 5001/5001
f 5002/5002 5003/5003 5004/5004
f 5005/5005 5006/5006 5007/5007
f 5008/5008 5009/5009 5005/5005
f 5009/5009 5008/5008 5010/5010
f 5011/5011 5012/5012 5013/5013
f 5012/5012 5011/5011 5014/5014
f 5015/5015 4981/4981 4980/4980
f 5016/5016 5017/5017 5018/5018
f 5019/5019 5020/5020 5021/5021
f 5020/5020 5019/5019 5022/5022
f 4987/4987 5023/5023 4990/4990
f 5021/5021 5024/5024 5025/5025
f 5024/5024 5021/5021 5020/5020
f 4998/4998 4994/4994 4996/4996
f 5026/5026 5027/5027 5028/5028
f 5008/5008 5005/5005 5007/5007
f 5016/5016 5028/5028 5017/5017
f 5028/5028 5016/5016 5026/5026
f 5029/5029 5030/5030 5031/5031
f 5030/5030 5029/5029 5032/5032
f 5032/5032 5029/5029 5033/5033
f 5032/5032 5033/5033 5034/5034
f 5035/5035 5036/5036 5037/5037
f 5036/5036 5035/5035 5038/5038
f 5038/5038 5035/5035 5039/5039
f 5038/5038 5039/5039 5040/5040
f 5038/5038 5040/5040 5041/5041
f 5038/5038 5041/5041 5042/5042
f 5038/5038 5042/5042 5043/5043
f 5044/5044 5045/5045 5046/5046
f 5047/5047 5048/5048 5049/5049
f 5048/5048 5047/5047 5050/5050
f 5051/5051 5052/5052 5053/5053
f 5052/5052 5051/5051 5054/5054
f 5052/5052 5054/5054 5055/5055
f 5055/5055 5054/5054 5056/5056
f 5056/5056 5054/5054 5057/5057
f 5057/5057 5054/5054 5058/5058
f 5058/5058 5054/5054 5059/5059
f 5060/5060 5061/5061 5062/5062
f 5063/5063 5064/5064 5065/5065
f 5064/5064 5063/5063 5066/5066
f 5067/5067 5068/5068 5069/5069
f 5070/5070 5071/5071 5072/5072
f 5071/5071 5070/5070 5073/5073
f 5074/5074 5075/5075 5076/5076
f 5075/5075 5074/5074 5077/5077
f 5078/5078 5079/5079 5080/5080
f 5081/5081 5082/5082 5083/5083
f 5084/5084 5085/5085 5086/5086
f 5087/5087 5045/5045 5044/5044
f 5088/5088 5089/5089 5090/5090
f 5091/5091 5092/5092 5089/5089
f 5092/5092 5091/5091 5093/5093
f 5094/5094 5095/5095 5096/5096
f 5097/5097 5098/5098 5099/5099
f 5098/5098 5097/5097 5100/5100
f 5101/5101 5102/5102 5103/5103
f 5104/5104 5105/5105 5106/5106
f 5107/5107 5108/5108 5109/5109
f 5108/5108 5107/5107 5110/5110
f 5111/5111 5112/5112 5113/5113
f 5112/5112 5111/5111 5114/5114
f 5115/5115 5116/5116 5117/5117
f 5116/5116 5115/5115 5118/5118
f 5119/5119 5120/5120 5121/5121
f 5122/5122 5123/5123 5124/5124
f 5123/5123 5122/5122 5125/5125
f 5078/5078 5126/5126 5127/5127
f 5128/5128 5124/5124 5129/5129
f 5130/5130 5131/5131 5084/5084
f 5132/5132 5073/5073 5070/5070
f 5133/5133 5134/5134 5135/5135
f 5136/5136 5137/5137 5133/5133
f 5091/5091 5089/5089 5088/5088
f 5138/5138 5139/5139 5140/5140
f 5139/5139 5138/5138 5141/5141
f 5093/5093 5142/5142 5143/5143
f 5102/5102 5144/5144 5145/5145
f 5144/5144 5102/5102 5146/5146
f 5147/5147 5102/5102 5148/5148
f 5128/5128 5129/5129 5149/5149
f 5150/5150 5151/5151 5152/5152
f 5151/5151 5150/5150 5153/5153
f 5154/5154 5144/5144 5146/5146
f 5155/5155 5156/5156 5157/5157
f 5156/5156 5155/5155 5145/5145
f 5125/5125 5078/5078 5127/5127
f 5122/5122 5124/5124 5128/5128
f 5158/5158 5130/5130 5084/5084
f 5139/5139 5159/5159 5140/5140
f 5157/5157 5133/5133 5135/5135
f 5156/5156 5136/5136 5133/5133
f 5136/5136 5156/5156 5160/5160
f 5144/5144 5161/5161 5160/5160
f 5161/5161 5144/5144 5162/5162
f 5145/5145 5160/5160 5156/5156
f 5160/5160 5145/5145 5144/5144
f 5102/5102 5145/5145 5148/5148
f 5163/5163 5162/5162 5144/5144
f 5148/5148 5145/5145 5155/5155
f 5156/5156 5133/5133 5157/5157
f 5161/5161 5136/5136 5160/5160
f 5164/5164 5165/5165 5166/5166
f 5165/5165 5164/5164 5167/5167
f 5168/5168 5167/5167 5164/5164
f 5167/5167 5168/5168 5169/5169
f 5170/5170 5171/5171 5172/5172
f 5171/5171 5170/5170 5173/5173
f 5173/5173 5170/5170 5174/5174
f 5173/5173 5174/5174 5175/5175
f 5173/5173 5175/5175 5176/5176
f 5176/5176 5175/5175 5177/5177
f 5166/5166 5178/5178 5179/5179
f 5178/5178 5166/5166 5180/5180
f 5180/5180 5166/5166 5165/5165
f 5181/5181 5182/5182 5183/5183
f 5182/5182 5181/5181 5184/5184
f 5182/5182 5184/5184 5185/5185
f 5185/5185 5184/5184 5186/5186
f 5186/5186 5184/5184 5187/5187
f 5186/5186 5187/5187 5188/5188
f 5189/5189 5190/5190 5191/5191
f 5190/5190 5189/5189 5192/5192
f 5191/5191 5193/5193 5194/5194
f 5195/5195 5196/5196 5197/5197
f 5196/5196 5195/5195 5198/5198
f 5199/5199 5200/5200 5201/5201
f 5202/5202 5203/5203 5204/5204
f 5205/5205 5206/5206 5207/5207
f 5205/5205 5208/5208 5209/5209
f 5208/5208 5205/5205 5210/5210
f 5211/5211 5208/5208 5212/5212
f 5213/5213 5214/5214 5215/5215
f 5214/5214 5213/5213 5216/5216
f 5217/5217 5192/5192 5218/5218
f 5219/5219 5220/5220 5221/5221
f 5222/5222 5219/5219 5223/5223
f 5198/5198 5213/5213 5196/5196
f 5213/5213 5198/5198 5216/5216
f 5190/5190 5193/5193 5191/5191
f 5224/5224 5202/5202 5204/5204
f 5202/5202 5225/5225 5203/5203
f 5226/5226 5227/5227 5228/5228
f 5227/5227 5226/5226 5229/5229
f 5212/5212 5208/5208 5210/5210
f 5230/5230 5231/5231 5232/5232
f 5223/5223 5219/5219 5221/5221
f 5233/5233 5229/5229 5226/5226
f 5229/5229 5233/5233 5234/5234
f 5235/5235 5236/5236 5237/5237
f 5236/5236 5235/5235 5238/5238
f 5239/5239 5237/5237 5240/5240
f 5237/5237 5239/5239 5235/5235
f 5235/5235 5239/5239 5241/5241
f 5242/5242 5243/5243 5244/5244
f 5243/5243 5242/5242 5245/5245
f 5245/5245 5242/5242 5246/5246
f 5246/5246 5242/5242 5247/5247
f 5246/5246 5247/5247 5248/5248
f 5248/5248 5247/5247 5249/5249
f 5238/5238 5250/5250 5236/5236
f 5250/5250 5238/5238 5251/5251
f 5251/5251 5238/5238 5252/5252
f 5253/5253 5254/5254 5255/5255
f 5254/5254 5253/5253 5256/5256
f 5254/5254 5256/5256 5257/5257
f 5254/5254 5257/5257 5258/5258
f 5258/5258 5257/5257 5259/5259
f 5258/5258 5259/5259 5260/5260
f 5261/5261 5262/5262 5263/5263
f 5262/5262 5261/5261 5264/5264
f 5265/5265 5266/5266 5262/5262
f 5267/5267 5268/5268 5269/5269
f 5268/5268 5267/5267 5270/5270
f 5271/5271 5272/5272 5273/5273
f 5274/5274 5275/5275 5276/5276
f 5277/5277 5278/5278 5279/5279
f 5277/5277 5280/5280 5281/5281
f 5280/5280 5277/5277 5282/5282
f 5283/5283 5284/5284 5280/5280
f 5285/5285 5286/5286 5287/5287
f 5286/5286 5285/5285 5288/5288
f 5261/5261 5289/5289 5290/5290
f 5291/5291 5292/5292 5293/5293
f 5294/5294 5295/5295 5292/5292
f 5288/5288 5269/5269 5286/5286
f 5269/5269 5288/5288 5267/5267
f 5264/5264 5265/5265 5262/5262
f 5275/5275 5296/5296 5276/5276
f 5274/5274 5276/5276 5297/5297
f 5298/5298 5299/5299 5300/5300
f 5299/5299 5298/5298 5301/5301
f 5282/5282 5283/5283 5280/5280
f 5302/5302 5303/5303 5304/5304
f 5291/5291 5294/5294 5292/5292
f 5300/5300 5305/5305 5306/5306
f 5305/5305 5300/5300 5299/5299
f 5307/5307 5308/5308 5309/5309
f 5308/5308 5307/5307 5310/5310
f 5310/5310 5307/5307 5311/5311
f 5311/5311 5307/5307 5312/5312
f 5313/5313 5314/5314 5315/5315
f 5314/5314 5313/5313 5316/5316
f 5316/5316 5313/5313 5317/5317
f 5316/5316 5317/5317 5318/5318
f 5318/5318 5317/5317 5319/5319
f 5318/5318 5319/5319 5320/5320
f 5318/5318 5320/5320 5321/5321
f 5322/5322 5323/5323 5324/5324
f 5325/5325 5326/5326 5327/5327
f 5326/5326 5325/5325 5328/5328
f 5328/5328 5325/5325 5329/5329
f 5330/5330 5331/5331 5332/5332
f 5331/5331 5330/5330 5333/5333
f 5333/5333 5330/5330 5334/5334
f 5334/5334 5330/5330 5335/5335
f 5334/5334 5335/5335 5336/5336
f 5336/5336 5335/5335 5337/5337
f 5337/5337 5335/5335 5338/5338
f 5339/5339 5340/5340 5341/5341
f 5342/5342 5343/5343 5344/5344
f 5343/5343 5342/5342 5345/5345
f 5345/5345 5342/5342 5346/5346
f 5345/5345 5346/5346 5347/5347
f 5348/5348 5349/5349 5350/5350
f 5351/5351 5352/5352 5353/5353
f 5352/5352 5351/5351 5354/5354
f 5355/5355 5356/5356 5357/5357
f 5356/5356 5355/5355 5358/5358
f 5359/5359 5360/5360 5361/5361
f 5362/5362 5363/5363 5364/5364
f 5365/5365 5366/5366 5367/5367
f 5323/5323 5368/5368 5324/5324
f 5369/5369 5370/5370 5371/5371
f 5371/5371 5372/5372 5373/5373
f 5372/5372 5371/5371 5374/5374
f 5375/5375 5376/5376 5377/5377
f 5378/5378 5379/5379 5380/5380
f 5379/5379 5378/5378 5381/5381
f 5382/5382 5383/5383 5384/5384
f 5385/5385 5386/5386 5387/5387
f 5388/5388 5389/5389 5390/5390
f 5389/5389 5388/5388 5391/5391
f 5392/5392 5393/5393 5394/5394
f 5393/5393 5392/5392 5395/5395
f 5396/5396 5397/5397 5398/5398
f 5397/5397 5396/5396 5399/5399
f 5400/5400 5401/5401 5402/5402
f 5403/5403 5404/5404 5405/5405
f 5404/5404 5403/5403 5406/5406
f 5407/5407 5408/5408 5360/5360
f 5404/5404 5409/5409 5410/5410
f 5411/5411 5412/5412 5367/5367
f 5351/5351 5353/5353 5413/5413
f 5414/5414 5415/5415 5416/5416
f 5417/5417 5418/5418 5416/5416
f 5370/5370 5374/5374 5371/5371
f 5419/5419 5420/5420 5421/5421
f 5420/5420 5419/5419 5422/5422
f 5372/5372 5423/5423 5424/5424
f 5425/5425 5426/5426 5382/5382
f 5426/5426 5425/5425 5427/5427
f 5382/5382 5428/5428 5429/5429
f 5409/5409 5430/5430 5410/5410
f 5431/5431 5432/5432 5433/5433
f 5432/5432 5431/5431 5434/5434
f 5435/5435 5427/5427 5425/5425
f 5426/5426 5436/5436 5437/5437
f 5436/5436 5426/5426 5438/5438
f 5408/5408 5403/5403 5360/5360
f 5404/5404 5410/5410 5405/5405
f 5411/5411 5367/5367 5439/5439
f 5440/5440 5420/5420 5422/5422
f 5416/5416 5415/5415 5436/5436
f 5441/5441 5416/5416 5438/5438
f 5416/5416 5441/5441 5417/5417
f 5442/5442 5441/5441 5427/5427
f 5441/5441 5442/5442 5443/5443
f 5427/5427 5438/5438 5426/5426
f 5438/5438 5427/5427 5441/5441
f 5426/5426 5428/5428 5382/5382
f 5442/5442 5427/5427 5444/5444
f 5426/5426 5437/5437 5428/5428
f 5416/5416 5436/5436 5438/5438
f 5443/5443 5417/5417 5441/5441
f 5445/5445 5446/5446 5447/5447
f 5446/5446 5445/5445 5448/5448
f 5448/5448 5445/5445 5449/5449
f 5448/5448 5449/5449 5450/5450
f 5451/5451 5452/5452 5453/5453
f 5452/5452 5451/5451 5454/5454
f 5452/5452 5454/5454 5455/5455
f 5455/5455 5454/5454 5456/5456
f 5456/5456 5454/5454 5457/5457
f 5457/5457 5454/5454 5458/5458
f 5458/5458 5454/5454 5459/5459
f 5460/5460 5461/5461 5462/5462
f 5463/5463 5464/5464 5465/5465
f 5464/5464 5463/5463 5466/5466
f 5467/5467 5468/5468 5469/5469
f 5468/5468 5467/5467 5470/5470
f 5470/5470 5467/5467 5471/5471
f 5470/5470 5471/5471 5472/5472
f 5470/5470 5472/5472 5473/5473
f 5470/5470 5473/5473 5474/5474
f 5470/5470 5474/5474 5475/5475
f 5476/5476 5477/5477 5478/5478
f 5479/5479 5480/5480 5481/5481
f 5480/5480 5479/5479 5482/5482
f 5483/5483 5484/5484 5485/5485
f 5486/5486 5487/5487 5488/5488
f 5487/5487 5486/5486 5489/5489
f 5490/5490 5491/5491 5492/5492
f 5491/5491 5490/5490 5493/5493
f 5494/5494 5495/5495 5496/5496
f 5497/5497 5498/5498 5499/5499
f 5500/5500 5501/5501 5502/5502
f 5503/5503 5461/5461 5460/5460
f 5504/5504 5505/5505 5506/5506
f 5507/5507 5508/5508 5505/5505
f 5508/5508 5507/5507 5509/5509
f 5510/5510 5511/5511 5512/5512
f 5513/5513 5514/5514 5515/5515
f 5514/5514 5513/5513 5516/5516
f 5517/5517 5518/5518 5519/5519
f 5520/5520 5521/5521 5522/5522
f 5523/5523 5524/5524 5525/5525
f 5524/5524 5523/5523 5526/5526
f 5527/5527 5528/5528 5529/5529
f 5528/5528 5527/5527 5530/5530
f 5531/5531 5532/5532 5533/5533
f 5532/5532 5531/5531 5534/5534
f 5535/5535 5536/5536 5537/5537
f 5538/5538 5539/5539 5540/5540
f 5539/5539 5538/5538 5541/5541
f 5494/5494 5542/5542 5543/5543
f 5544/5544 5540/5540 5545/5545
f 5546/5546 5501/5501 5547/5547
f 5487/5487 5548/5548 5488/5488
f 5549/5549 5550/5550 5551/5551
f 5552/5552 5551/5551 5553/5553
f 5507/5507 5505/5505 5504/5504
f 5554/5554 5555/5555 5556/5556
f 5555/5555 5554/5554 5557/5557
f 5509/5509 5558/5558 5559/5559
f 5560/5560 5517/5517 5561/5561
f 5517/5517 5560/5560 5562/5562
f 5563/5563 5564/5564 5517/5517
f 5544/5544 5545/5545 5565/5565
f 5566/5566 5567/5567 5568/5568
f 5567/5567 5566/5566 5569/5569
f 5560/5560 5561/5561 5570/5570
f 5571/5571 5572/5572 5562/5562
f 5572/5572 5571/5571 5573/5573
f 5541/5541 5494/5494 5543/5543
f 5538/5538 5540/5540 5544/5544
f 5501/5501 5574/5574 5547/5547
f 5575/5575 5557/5557 5554/5554
f 5550/5550 5573/5573 5551/5551
f 5553/5553 5571/5571 5576/5576
f 5571/5571 5553/5553 5551/5551
f 5577/5577 5560/5560 5578/5578
f 5560/5560 5577/5577 5576/5576
f 5576/5576 5562/5562 5560/5560
f 5562/5562 5576/5576 5571/5571
f 5562/5562 5563/5563 5517/5517
f 5560/5560 5579/5579 5578/5578
f 5572/5572 5563/5563 5562/5562
f 5551/5551 5573/5573 5571/5571
f 5553/5553 5576/5576 5577/5577
f 5580/5580 5581/5581 5582/5582
f 5581/5581 5580/5580 5583/5583
f 5584/5584 5583/5583 5580/5580
f 5583/5583 5584/5584 5585/5585
f 5586/5586 5587/5587 5588/5588
f 5587/5587 5586/5586 5589/5589
f 5589/5589 5586/5586 5590/5590
f 5589/5589 5590/5590 5591/5591
f 5589/5589 5591/5591 5592/5592
f 5592/5592 5591/5591 5593/5593
f 5582/5582 5594/5594 5595/5595
f 5594/5594 5582/5582 5596/5596
f 5596/5596 5582/5582 5581/5581
f 5597/5597 5598/5598 5599/5599
f 5598/5598 5597/5597 5600/5600
f 5598/5598 5600/5600 5601/5601
f 5601/5601 5600/5600 5602/5602
f 5602/5602 5600/5600 5603/5603
f 5602/5602 5603/5603 5604/5604
f 5605/5605 5606/5606 5607/5607
f 5606/5606 5605/5605 5608/5608
f 5609/5609 5606/5606 5610/5610
f 5611/5611 5612/5612 5613/5613
f 5614/5614 5615/5615 5616/5616
f 5617/5617 5618/5618 5619/5619
f 5620/5620 5621/5621 5622/5622
f 5623/5623 5624/5624 5625/5625
f 5624/5624 5623/5623 5621/5621
f 5625/5625 5626/5626 5627/5627
f 5628/5628 5629/5629 5630/5630
f 5605/5605 5631/5631 5632/5632
f 5633/5633 5634/5634 5635/5635
f 5636/5636 5637/5637 5638/5638
f 5637/5637 5636/5636 5639/5639
f 5640/5640 5641/5641 5642/5642
f 5641/5641 5640/5640 5643/5643
f 5610/5610 5606/5606 5608/5608
f 5640/5640 5642/5642 5644/5644
f 5645/5645 5618/5618 5617/5617
f 5618/5618 5646/5646 5619/5619
f 5647/5647 5648/5648 5649/5649
f 5648/5648 5647/5647 5650/5650
f 5624/5624 5626/5626 5625/5625
f 5651/5651 5641/5641 5643/5643
f 5633/5633 5635/5635 5652/5652
f 5653/5653 5650/5650 5647/5647
f 5650/5650 5653/5653 5654/5654
f 5655/5655 5656/5656 5657/5657
f 5656/5656 5655/5655 5658/5658
f 5659/5659 5658/5658 5655/5655
f 5658/5658 5659/5659 5660/5660
f 5661/5661 5662/5662 5663/5663
f 5662/5662 5661/5661 5664/5664
f 5664/5664 5661/5661 5665/5665
f 5664/5664 5665/5665 5666/5666
f 5664/5664 5666/5666 5667/5667
f 5667/5667 5666/5666 5668/5668
f 5657/5657 5669/5669 5670/5670
f 5669/5669 5657/5657 5671/5671
f 5671/5671 5657/5657 5656/5656
f 5672/5672 5673/5673 5674/5674
f 5673/5673 5672/5672 5675/5675
f 5673/5673 5675/5675 5676/5676
f 5676/5676 5675/5675 5677/5677
f 5677/5677 5675/5675 5678/5678
f 5677/5677 5678/5678 5679/5679
f 5680/5680 5681/5681 5682/5682
f 5681/5681 5680/5680 5683/5683
f 5684/5684 5681/5681 5685/5685
f 5686/5686 5687/5687 5688/5688
f 5687/5687 5686/5686 5689/5689
f 5690/5690 5691/5691 5692/5692
f 5693/5693 5694/5694 5695/5695
f 5696/5696 5697/5697 5698/5698
f 5699/5699 5700/5700 5701/5701
f 5700/5700 5699/5699 5697/5697
f 5701/5701 5702/5702 5703/5703
f 5704/5704 5705/5705 5706/5706
f 5705/5705 5704/5704 5707/5707
f 5680/5680 5708/5708 5709/5709
f 5710/5710 5711/5711 5712/5712
f 5713/5713 5710/5710 5714/5714
f 5687/5687 5706/5706 5688/5688
f 5706/5706 5687/5687 5704/5704
f 5685/5685 5681/5681 5683/5683
f 5715/5715 5694/5694 5693/5693
f 5694/5694 5716/5716 5695/5695
f 5717/5717 5718/5718 5719/5719
f 5718/5718 5717/5717 5720/5720
f 5700/5700 5702/5702 5701/5701
f 5721/5721 5722/5722 5723/5723
f 5710/5710 5712/5712 5714/5714
f 5724/5724 5720/5720 5717/5717
f 5720/5720 5724/5724 5725/5725
f 5726/5726 5727/5727 5728/5728
f 5727/5727 5726/5726 5729/5729
f 5728/5728 5730/5730 5731/5731
f 5730/5730 5728/5728 5727/5727
f 5730/5730 5727/5727 5732/5732
f 5733/5733 5734/5734 5735/5735
f 5734/5734 5733/5733 5736/5736
f 5736/5736 5733/5733 5737/5737
f 5737/5737 5733/5733 5738/5738
f 5737/5737 5738/5738 5739/5739
f 5739/5739 5738/5738 5740/5740
f 5741/5741 5729/5729 5726/5726
f 5729/5729 5741/5741 5742/5742
f 5729/5729 5742/5742 5743/5743
f 5744/5744 5745/5745 5746/5746
f 5745/5745 5744/5744 5747/5747
f 5745/5745 5747/5747 5748/5748
f 5745/5745 5748/5748 5749/5749
f 5749/5749 5748/5748 5750/5750
f 5749/5749 5750/5750 5751/5751
f 5752/5752 5753/5753 5754/5754
f 5753/5753 5752/5752 5755/5755
f 5752/5752 5756/5756 5757/5757
f 5758/5758 5759/5759 5760/5760
f 5759/5759 5758/5758 5761/5761
f 5762/5762 5763/5763 5764/5764
f 5763/5763 5762/5762 5765/5765
f 5765/5765 5766/5766 5763/5763
f 5767/5767 5768/5768 5769/5769
f 5770/5770 5769/5769 5771/5771
f 5769/5769 5770/5770 5772/5772
f 5770/5770 5773/5773 5774/5774
f 5775/5775 5776/5776 5777/5777
f 5776/5776 5775/5775 5778/5778
f 5779/5779 5780/5780 5753/5753
f 5781/5781 5782/5782 5783/5783
f 5784/5784 5785/5785 5786/5786
f 5785/5785 5784/5784 5783/5783
f 5777/5777 5761/5761 5758/5758
f 5761/5761 5777/5777 5776/5776
f 5752/5752 5754/5754 5756/5756
f 5787/5787 5788/5788 5789/5789
f 5788/5788 5787/5787 5790/5790
f 5791/5791 5766/5766 5765/5765
f 5790/5790 5792/5792 5788/5788
f 5792/5792 5790/5790 5793/5793
f 5770/5770 5771/5771 5773/5773
f 5783/5783 5782/5782 5785/5785
f 5794/5794 5795/5795 5796/5796
f 5795/5795 5794/5794 5797/5797
f 5797/5797 5794/5794 5798/5798
f 5797/5797 5798/5798 5799/5799
f 5800/5800 5801/5801 5802/5802
f 5801/5801 5800/5800 5803/5803
f 5801/5801 5803/5803 5804/5804
f 5804/5804 5803/5803 5805/5805
f 5805/5805 5803/5803 5806/5806
f 5806/5806 5803/5803 5807/5807
f 5807/5807 5803/5803 5808/5808
f 5809/5809 5810/5810 5811/5811
f 5812/5812 5813/5813 5814/5814
f 5813/5813 5812/5812 5815/5815
f 5816/5816 5817/5817 5818/5818
f 5817/5817 5816/5816 5819/5819
f 5819/5819 5816/5816 5820/5820
f 5819/5819 5820/5820 5821/5821
f 5819/5819 5821/5821 5822/5822
f 5819/5819 5822/5822 5823/5823
f 5819/5819 5823/5823 5824/5824
f 5825/5825 5826/5826 5827/5827
f 5828/5828 5829/5829 5830/5830
f 5829/5829 5828/5828 5831/5831
f 5832/5832 5833/5833 5834/5834
f 5835/5835 5836/5836 5837/5837
f 5836/5836 5835/5835 5838/5838
f 5839/5839 5840/5840 5841/5841
f 5840/5840 5839/5839 5842/5842
f 5843/5843 5844/5844 5845/5845
f 5846/5846 5847/5847 5848/5848
f 5849/5849 5850/5850 5851/5851
f 5852/5852 5810/5810 5809/5809
f 5853/5853 5854/5854 5855/5855
f 5856/5856 5857/5857 5854/5854
f 5857/5857 5856/5856 5858/5858
f 5859/5859 5860/5860 5861/5861
f 5862/5862 5863/5863 5864/5864
f 5863/5863 5862/5862 5865/5865
f 5866/5866 5867/5867 5868/5868
f 5869/5869 5870/5870 5871/5871
f 5872/5872 5873/5873 5874/5874
f 5873/5873 5872/5872 5875/5875
f 5876/5876 5877/5877 5878/5878
f 5877/5877 5876/5876 5879/5879
f 5880/5880 5881/5881 5882/5882
f 5881/5881 5880/5880 5883/5883
f 5884/5884 5885/5885 5886/5886
f 5887/5887 5888/5888 5889/5889
f 5888/5888 5887/5887 5890/5890
f 5843/5843 5891/5891 5892/5892
f 5893/5893 5889/5889 5894/5894
f 5895/5895 5850/5850 5896/5896
f 5836/5836 5897/5897 5837/5837
f 5898/5898 5899/5899 5900/5900
f 5901/5901 5900/5900 5902/5902
f 5856/5856 5854/5854 5853/5853
f 5903/5903 5904/5904 5905/5905
f 5904/5904 5903/5903 5906/5906
f 5858/5858 5907/5907 5908/5908
f 5909/5909 5866/5866 5910/5910
f 5866/5866 5909/5909 5911/5911
f 5912/5912 5913/5913 5866/5866
f 5893/5893 5894/5894 5914/5914
f 5915/5915 5916/5916 5917/5917
f 5916/5916 5915/5915 5918/5918
f 5909/5909 5910/5910 5919/5919
f 5920/5920 5921/5921 5911/5911
f 5921/5921 5920/5920 5922/5922
f 5890/5890 5843/5843 5892/5892
f 5887/5887 5889/5889 5893/5893
f 5850/5850 5923/5923 5896/5896
f 5924/5924 5906/5906 5903/5903
f 5899/5899 5922/5922 5900/5900
f 5902/5902 5920/5920 5925/5925
f 5920/5920 5902/5902 5900/5900
f 5926/5926 5909/5909 5927/5927
f 5909/5909 5926/5926 5925/5925
f 5925/5925 5911/5911 5909/5909
f 5911/5911 5925/5925 5920/5920
f 5911/5911 5912/5912 5866/5866
f 5909/5909 5928/5928 5927/5927
f 5921/5921 5912/5912 5911/5911
f 5900/5900 5922/5922 5920/5920
f 5902/5902 5925/5925 5926/5926
f 5929/5929 5930/5930 5931/5931
f 5930/5930 5929/5929 5932/5932
f 5932/5932 5929/5929 5933/5933
f 5933/5933 5929/5929 5934/5934
f 5935/5935 5936/5936 5937/5937
f 5936/5936 5935/5935 5938/5938
f 5938/5938 5935/5935 5939/5939
f 5938/5938 5939/5939 5940/5940
f 5940/5940 5939/5939 5941/5941
f 5940/5940 5941/5941 5942/5942
f 5940/5940 5942/5942 5943/5943
f 5944/5944 5945/5945 5946/5946
f 5947/5947 5948/5948 5949/5949
f 5948/5948 5947/5947 5950/5950
f 5950/5950 5947/5947 5951/5951
f 5952/5952 5953/5953 5954/5954
f 5953/5953 5952/5952 5955/5955
f 5955/5955 5952/5952 5956/5956
f 5956/5956 5952/5952 5957/5957
f 5956/5956 5957/5957 5958/5958
f 5958/5958 5957/5957 5959/5959
f 5959/5959 5957/5957 5960/5960
f 5961/5961 5962/5962 5963/5963
f 5964/5964 5965/5965 5966/5966
f 5965/5965 5964/5964 5967/5967
f 5965/5965 5967/5967 5968/5968
f 5968/5968 5967/5967 5969/5969
f 5970/5970 5971/5971 5972/5972
f 5973/5973 5974/5974 5975/5975
f 5974/5974 5973/5973 5976/5976
f 5977/5977 5978/5978 5979/5979
f 5978/5978 5977/5977 5980/5980
f 5981/5981 5982/5982 5983/5983
f 5984/5984 5985/5985 5986/5986
f 5987/5987 5988/5988 5989/5989
f 5944/5944 5946/5946 5990/5990
f 5991/5991 5992/5992 5993/5993
f 5994/5994 5991/5991 5995/5995
f 5991/5991 5994/5994 5996/5996
f 5997/5997 5998/5998 5999/5999
f 6000/6000 6001/6001 6002/6002
f 6001/6001 6000/6000 6003/6003
f 6004/6004 6005/6005 6006/6006
f 6007/6007 6008/6008 6009/6009
f 6010/6010 6011/6011 6012/6012
f 6011/6011 6010/6010 6013/6013
f 6014/6014 6015/6015 6016/6016
f 6015/6015 6014/6014 6017/6017
f 6018/6018 6019/6019 6020/6020
f 6019/6019 6018/6018 6021/6021
f 6022/6022 6023/6023 6024/6024
f 6025/6025 6026/6026 6027/6027
f 6026/6026 6025/6025 6028/6028
f 6029/6029 5981/5981 6030/6030
f 6031/6031 6032/6032 6025/6025
f 5988/5988 6033/6033 6034/6034
f 6035/6035 5974/5974 5976/5976
f 6036/6036 6037/6037 6038/6038
f 6037/6037 6039/6039 6040/6040
f 5991/5991 5993/5993 5995/5995
f 6041/6041 6042/6042 6043/6043
f 6042/6042 6041/6041 6044/6044
f 6045/6045 5994/5994 6046/6046
f 6047/6047 6048/6048 6049/6049
f 6048/6048 6047/6047 6006/6006
f 6050/6050 6006/6006 6051/6051
f 6052/6052 6032/6032 6031/6031
f 6053/6053 6054/6054 6055/6055
f 6054/6054 6053/6053 6056/6056
f 6048/6048 6057/6057 6049/6049
f 6058/6058 6047/6047 6059/6059
f 6047/6047 6058/6058 6060/6060
f 6026/6026 5981/5981 6029/6029
f 6032/6032 6028/6028 6025/6025
f 5988/5988 6061/6061 6033/6033
f 6041/6041 6043/6043 6062/6062
f 6058/6058 6037/6037 6036/6036
f 6037/6037 6063/6063 6039/6039
f 6063/6063 6037/6037 6059/6059
f 6063/6063 6064/6064 6065/6065
f 6064/6064 6063/6063 6049/6049
f 6059/6059 6049/6049 6063/6063
f 6049/6049 6059/6059 6047/6047
f 6051/6051 6006/6006 6047/6047
f 6049/6049 6066/6066 6064/6064
f 6051/6051 6047/6047 6060/6060
f 6058/6058 6059/6059 6037/6037
f 6063/6063 6065/6065 6039/6039
f 6067/6067 6068/6068 6069/6069
f 6068/6068 6067/6067 6070/6070
f 6070/6070 6067/6067 6071/6071
f 6070/6070 6071/6071 6072/6072
f 6073/6073 6074/6074 6075/6075
f 6074/6074 6073/6073 6076/6076
f 6076/6076 6073/6073 6077/6077
f 6076/6076 6077/6077 6078/6078
f 6076/6076 6078/6078 6079/6079
f 6076/6076 6079/6079 6080/6080
f 6076/6076 6080/6080 6081/6081
f 6082/6082 6083/6083 6084/6084
f 6085/6085 6086/6086 6087/6087
f 6086/6086 6085/6085 6088/6088
f 6089/6089 6090/6090 6091/6091
f 6090/6090 6089/6089 6092/6092
f 6090/6090 6092/6092 6093/6093
f 6093/6093 6092/6092 6094/6094
f 6094/6094 6092/6092 6095/6095
f 6095/6095 6092/6092 6096/6096
f 6096/6096 6092/6092 6097/6097
f 6098/6098 6099/6099 6100/6100
f 6101/6101 6102/6102 6103/6103
f 6102/6102 6101/6101 6104/6104
f 6105/6105 6106/6106 6107/6107
f 6108/6108 6109/6109 6110/6110
f 6109/6109 6108/6108 6111/6111
f 6112/6112 6113/6113 6114/6114
f 6113/6113 6112/6112 6115/6115
f 6116/6116 6117/6117 6118/6118
f 6119/6119 6120/6120 6121/6121
f 6122/6122 6123/6123 6124/6124
f 6125/6125 6083/6083 6082/6082
f 6126/6126 6127/6127 6128/6128
f 6129/6129 6130/6130 6127/6127
f 6130/6130 6129/6129 6131/6131
f 6132/6132 6133/6133 6134/6134
f 6135/6135 6136/6136 6137/6137
f 6136/6136 6135/6135 6138/6138
f 6139/6139 6140/6140 6141/6141
f 6142/6142 6143/6143 6144/6144
f 6143/6143 6142/6142 6145/6145
f 6146/6146 6147/6147 6148/6148
f 6147/6147 6146/6146 6149/6149
f 6150/6150 6151/6151 6152/6152
f 6151/6151 6150/6150 6153/6153
f 6154/6154 6155/6155 6156/6156
f 6155/6155 6154/6154 6157/6157
f 6158/6158 6159/6159 6160/6160
f 6161/6161 6162/6162 6163/6163
f 6162/6162 6161/6161 6164/6164
f 6116/6116 6165/6165 6166/6166
f 6167/6167 6163/6163 6168/6168
f 6169/6169 6170/6170 6122/6122
f 6171/6171 6111/6111 6108/6108
f 6172/6172 6173/6173 6174/6174
f 6175/6175 6176/6176 6172/6172
f 6129/6129 6127/6127 6126/6126
f 6177/6177 6178/6178 6179/6179
f 6178/6178 6177/6177 6180/6180
f 6131/6131 6181/6181 6182/6182
f 6140/6140 6183/6183 6184/6184
f 6183/6183 6140/6140 6185/6185
f 6186/6186 6140/6140 6187/6187
f 6151/6151 6188/6188 6152/6152
f 6189/6189 6183/6183 6185/6185
f 6190/6190 6191/6191 6192/6192
f 6191/6191 6190/6190 6184/6184
f 6164/6164 6116/6116 6166/6166
f 6161/6161 6163/6163 6167/6167
f 6193/6193 6169/6169 6122/6122
f 6178/6178 6194/6194 6179/6179
f 6192/6192 6172/6172 6174/6174
f 6191/6191 6175/6175 6172/6172
f 6175/6175 6191/6191 6195/6195
f 6183/6183 6196/6196 6195/6195
f 6196/6196 6183/6183 6197/6197
f 6198/6198 6180/6180 6177/6177
f 6184/6184 6195/6195 6191/6191
f 6195/6195 6184/6184 6183/6183
f 6140/6140 6184/6184 6187/6187
f 6199/6199 6197/6197 6183/6183
f 6187/6187 6184/6184 6190/6190
f 6191/6191 6172/6172 6192/6192
f 6196/6196 6175/6175 6195/6195

