# https://github.com/mikedh/trimesh
v -0.70896895 -4.04292624 -1.61699064
v -0.70254532 -4.04938578 -1.58690340
v -0.70242145 -4.04923261 -1.61712948
v -0.70911265 -4.04297698 -1.58693644
v -0.70279632 -4.04935304 -1.58706944
v -0.60224117 -4.04938666 -1.61708946
v -0.70251363 -4.04922276 -1.61707007
v -0.60202438 -4.04939916 -1.61172602
v -0.70246283 -4.04932073 -1.61713359
v -0.70907714 -4.07339384 -1.61703404
v -0.70908622 -4.04293420 -1.61707324
v -0.70250029 -4.06690654 -1.61702008
v -0.60223307 -4.04934383 -1.61697581
v -0.60201126 -4.06705877 -1.61690041
v -0.59967299 -4.05802873 -1.61702947
v -0.71779854 -3.94000686 -1.61685426
v -0.72636907 -4.04277675 -1.61701987
v -0.72667999 -3.94251999 -1.61698894
v -0.72668826 -4.07330574 -1.61701239
v -0.72648328 -4.17386194 -1.61712514
v -0.71781120 -4.17622252 -1.61687712
v -0.70903316 -3.94248555 -1.61708346
v -0.70881837 -4.17360324 -1.61699137
v -0.83359431 -4.04932507 -1.61698617
v -0.83326299 -4.06699254 -1.61686858
v -0.83586149 -4.05817777 -1.61696020
v -0.73297589 -4.04912361 -1.61703732
v -0.73304636 -4.06696771 -1.61716950
v -0.70911391 -4.04284748 -1.61699676
v -0.70884821 -3.94259748 -1.61158786
v -0.70901162 -4.04274997 -1.58698541
v -0.70905791 -3.94249373 -1.61695021
v -0.73296433 -4.06698919 -1.58707929
v -0.73312573 -4.04927852 -1.58683851
v -0.73535633 -4.05822041 -1.58685056
v -0.72668744 -4.07342021 -1.58687660
v -0.72678761 -4.04287269 -1.58700079
v -0.71775483 -4.07571644 -1.58691987
v -0.71769441 -4.04062887 -1.58679393
v -0.70890693 -4.07325940 -1.58682042
v -0.70890058 -4.04282541 -1.58693290
v -0.70270353 -4.06694266 -1.58702023
v -0.70270312 -4.04930375 -1.58699948
v -0.70030413 -4.05821717 -1.58691302
v -0.59977496 -4.05797283 -1.60860863
v -0.60205791 -4.04918560 -1.61164353
v -0.70280048 -4.04920353 -1.58690566
v -0.59976824 -4.05807109 -1.61701725
v -0.60213253 -4.04936752 -1.61195876
v -0.59982326 -4.05819246 -1.60849562
v -0.60219536 -4.04932182 -1.61714455
v -0.73303370 -4.04933164 -1.58709418
v -0.72652412 -4.04292355 -1.61717927
v -0.73322868 -4.04927745 -1.61708753
v -0.72660992 -4.04293699 -1.58675307
v -0.72656032 -3.94251058 -1.61191594
v -0.72638501 -4.04281782 -1.61694658
v -0.72655025 -4.04281791 -1.58690239
v -0.72649184 -3.94253525 -1.61720900
v -0.72644890 -3.94271940 -1.61178712
v -0.71778724 -3.94026519 -1.61699342
v -0.72657587 -3.94256466 -1.61700305
v -0.71781534 -3.94001399 -1.60857089
v -0.71781511 -3.94035831 -1.61719184
v -0.70886967 -3.94252476 -1.61179158
v -0.70881219 -3.94265202 -1.61711725
v -0.71781493 -3.94009690 -1.60867574
v -0.60222889 -4.06709452 -1.61698145
v -0.59972874 -4.05815864 -1.60859032
v -0.60229905 -4.06697745 -1.61162000
v -0.59979799 -4.05787078 -1.61713810
v -0.60210559 -4.06694891 -1.61170389
v -0.70255690 -4.06698668 -1.61714641
v -0.60184882 -4.06693670 -1.61726510
v -0.70262315 -4.06685867 -1.58699240
v -0.70241562 -4.06682517 -1.61707253
v -0.70903071 -4.07345035 -1.58701305
v -0.70913410 -4.07322215 -1.61689248
v -0.70268591 -4.06705077 -1.58712343
v -0.70908150 -4.17406050 -1.61717478
v -0.70884797 -4.07338226 -1.58685247
v -0.70903244 -4.17355775 -1.61174179
v -0.70902139 -4.07308290 -1.61709031
v -0.70910808 -4.17371877 -1.61706080
v -0.71765597 -4.17619689 -1.60852411
v -0.71767803 -4.17617065 -1.61703993
v -0.70906775 -4.17349731 -1.61183511
v -0.71781291 -4.17621178 -1.60864299
v -0.72655578 -4.17366031 -1.61711985
v -0.71778530 -4.17624800 -1.61714226
v -0.72627051 -4.17363207 -1.61184309
v -0.72669332 -4.07344733 -1.58694299
v -0.72655159 -4.17381651 -1.61718969
v -0.72640825 -4.17369297 -1.61180106
v -0.72657797 -4.07340126 -1.61736007
v -0.72654323 -4.07345714 -1.58704432
v -0.73304709 -4.06685307 -1.61717770
v -0.72670333 -4.07328046 -1.61697887
v -0.73308001 -4.06687062 -1.58697087
v -0.73294983 -4.06705896 -1.58685471
v -0.83324241 -4.06686290 -1.61699912
v -0.73337062 -4.06690179 -1.61705942
v -0.83338189 -4.06699385 -1.61175661
v -0.83568253 -4.05813668 -1.60865506
v -0.83323967 -4.06704289 -1.61695038
v -0.83334844 -4.06701179 -1.61179229
v -0.83582013 -4.05803970 -1.61702085
v -0.83342421 -4.04944430 -1.61173117
v -0.83562620 -4.05812119 -1.61701358
v -0.83576394 -4.05810246 -1.60863729
v -0.83333633 -4.04948640 -1.61699025
v -0.83339045 -4.04929340 -1.61179749
v -0.73294787 -4.04944124 -1.61693395
v -0.83354267 -4.04943779 -1.61703245
v -0.73282985 -4.04930172 -1.58696635
v -0.70912914 -3.94253929 -1.61176439
v -0.71759148 -4.04048627 -1.58709866
v -0.70877258 -4.04295340 -1.58703155
v -0.71761377 -3.94016261 -1.60864515
v -0.73295836 -4.04924317 -1.58683814
v -0.83350875 -4.04912401 -1.61166453
v -0.73537853 -4.05819400 -1.58704084
v -0.73296821 -4.06699565 -1.58701975
v -0.83564130 -4.05807178 -1.60864795
v -0.71769027 -4.07556737 -1.58705380
v -0.72661749 -4.17364226 -1.61168811
v -0.70895852 -4.07322648 -1.58705315
v -0.71791890 -4.17619119 -1.60859458
v -0.60224776 -4.06697904 -1.61186305
v -0.70262024 -4.06703250 -1.58690279
v -0.72647307 -3.94256916 -1.61178374
v -0.71782613 -3.94010259 -1.60859800
v -0.59964734 -4.05822259 -1.60856975
v -0.70893607 -4.17377686 -1.61170209
v -0.71791471 -4.17588282 -1.60874586
v -0.83327169 -4.06704452 -1.61164345
v -0.83576484 -4.05809307 -1.60860169
v -0.35415632 4.94984929 -1.32115594
v -0.37157998 4.94104345 -1.32089494
v -0.35759870 4.95636526 -1.31343207
v -0.35783210 4.95640335 -1.31330493
v -0.03727944 4.95010028 -1.32088548
v -0.35438748 4.94986641 -1.32073810
v -0.03393717 4.95646193 -1.31350941
v -0.35757963 4.95631662 -1.31343272
v -0.37138985 4.94086955 -1.32070921
v -0.37528246 4.94714947 -1.31333942
v -0.35416054 4.94996202 -1.30577565
v -0.03372870 4.95639296 -1.31347257
v -0.35766722 4.95631853 -1.31341864
v -0.03721738 4.94992652 -1.30589498
v -0.02002270 4.94098834 -1.32093500
v -0.03734065 4.95000362 -1.32085817
v -0.03375904 4.95612636 -1.31361701
v -0.37538425 4.94732395 -1.31330648
v -0.37146717 4.94094161 -1.32086295
v -0.38037011 4.92937385 -1.31367575
v -0.35776684 4.95624074 -1.31326016
v -0.37525927 4.94735021 -1.31345747
v -0.37152757 4.94062168 -1.30593433
v -0.35421351 4.95006470 -1.30603247
v -0.35766850 4.95618750 -1.31353831
v -0.37157513 4.94098884 -1.30584218
v -0.02001198 4.94094282 -1.30596753
v -0.03381786 4.95619052 -1.31329871
v -0.03744359 4.94986045 -1.30591349
v -0.01637116 4.94724282 -1.31328325
v -0.01996534 4.94084989 -1.32092466
v -0.03371304 4.95629119 -1.31341782
v -0.37523030 4.94727999 -1.31348999
v -0.38036935 4.92942425 -1.31347307
v -0.37151525 4.94115854 -1.30608216
v -0.37130245 4.94121860 -1.32102643
v -0.37647209 4.92361877 -1.32092803
v -0.38041591 4.92938496 -1.31334053
v -0.01628573 4.94739420 -1.31338685
v -0.03385093 4.95641008 -1.31335211
v -0.01997406 4.94099027 -1.30579481
v -0.01614905 4.94718449 -1.31357972
v -0.01114067 4.92929134 -1.31359413
v -0.02004104 4.94105355 -1.32071696
v -0.37147229 4.94110773 -1.30610882
v -0.38034168 4.92942232 -1.31332782
v -0.37644553 4.92366643 -1.30603427
v -0.37642054 4.62775617 -1.32097869
v -0.38032122 4.62184130 -1.31361357
v -0.37635852 4.92354600 -1.32093749
v -0.01627189 4.94721978 -1.31326104
v -0.02002935 4.94107327 -1.30584030
v -0.01112409 4.92951986 -1.31346610
v -0.01993256 4.94101849 -1.32073846
v -0.01128286 4.92932896 -1.31328583
v -0.01508129 4.92354629 -1.32084142
v -0.37652874 4.62785090 -1.30611130
v -0.38035491 4.62191023 -1.31342767
v -0.38042223 4.62178469 -1.31337294
v -0.37160791 4.61034233 -1.32100703
v -0.37533321 4.60406717 -1.31354622
v -0.37639017 4.62771140 -1.32095661
v -0.02016910 4.94086276 -1.30597692
v -0.01518053 4.92344239 -1.30600607
v -0.01094394 4.92943815 -1.31333808
v -0.01503906 4.62779420 -1.32098833
v -0.01122367 4.62190535 -1.31341873
v -0.37152130 4.61020679 -1.30600896
v -0.38041933 4.62162422 -1.31354027
v -0.37522675 4.60422426 -1.31322955
v -0.37644753 4.62780560 -1.30588848
v -0.35774973 4.59483712 -1.31341369
v -0.37545791 4.60403037 -1.31335407
v -0.37164815 4.61027891 -1.32072150
v -0.01502369 4.62776727 -1.30588860
v -0.01100019 4.62189400 -1.31328988
v -0.01506766 4.92352696 -1.30594967
v -0.01512361 4.62765412 -1.32091237
v -0.02024931 4.61028647 -1.32098014
v -0.35768930 4.59516229 -1.31347070
v -0.37155745 4.61041646 -1.30592583
v -0.37517501 4.60402672 -1.31333961
v -0.35434090 4.60134771 -1.32078800
v -0.35774003 4.59509175 -1.31316983
v -0.37167564 4.61019787 -1.32073388
v -0.02002719 4.61039551 -1.30608660
v -0.01114497 4.62186281 -1.31340238
v -0.01619871 4.60393739 -1.31352784
v -0.01986767 4.61030586 -1.32083861
v -0.35427457 4.60145437 -1.30610167
v -0.37160466 4.61041032 -1.30596664
v -0.35759039 4.59494995 -1.31327467
v -0.03380467 4.59506222 -1.31336020
v -0.35435235 4.60122482 -1.32096061
v -0.03708011 4.60155190 -1.32088543
v -0.35770938 4.59511959 -1.31343428
v -0.01131341 4.62200908 -1.31336759
v -0.02027213 4.61024322 -1.30596742
v -0.01618320 4.60407913 -1.31348255
v -0.01624487 4.60409387 -1.31344457
v -0.03387875 4.59514185 -1.31351466
v -0.02004831 4.61006575 -1.32079371
v -0.03716298 4.60147420 -1.30588747
v -0.35763270 4.59504789 -1.31336792
v -0.03386794 4.59513526 -1.31345289
v -0.35442107 4.60150532 -1.30579110
v -0.02011139 4.61026508 -1.32092039
v -0.03387964 4.59501727 -1.31354516
v -0.03727722 4.60126611 -1.32090829
v -0.01635543 4.60395402 -1.31359454
v -0.01988625 4.61032816 -1.30618033
v -0.03390198 4.59494326 -1.31348825
v -0.02016166 4.61035350 -1.30602316
v -0.03720018 4.60147195 -1.30584019
v -0.03402780 4.59519210 -1.31328582
v -0.18691590 4.79134851 -1.61703417
v -0.18045958 4.78460909 -1.58682212
v -0.18052710 4.78463876 -1.61683667
v -0.18700658 4.79110321 -1.58695967
v -0.18062249 4.78474024 -1.58686302
v -0.08011720 4.78444153 -1.61695122
v -0.18058061 4.78455972 -1.61699302
v -0.08010055 4.78457762 -1.61150755
v -0.18066938 4.78450635 -1.61717456
v -0.18682833 4.76066329 -1.61709377
v -0.18698152 4.79104067 -1.61712664
v -0.18061067 4.76718464 -1.61694993
v -0.08026280 4.78471008 -1.61697392
v -0.08026555 4.76705960 -1.61716257
v -0.07793365 4.77591598 -1.61713138
v -0.19569408 4.89385530 -1.61701268
v -0.20457365 4.79103670 -1.61706471
v -0.20454397 4.89142367 -1.61701124
v -0.20446634 4.76069779 -1.61687834
v -0.20460878 4.66035010 -1.61709756
v -0.19573504 4.65785555 -1.61694015
v -0.18695692 4.89161974 -1.61718608
v -0.18702608 4.66020413 -1.61711029
v -0.31142652 4.78467291 -1.61705712
v -0.31135921 4.76705413 -1.61703598
v -0.31362293 4.77581226 -1.61705525
v -0.21097689 4.78473374 -1.61706194
v -0.21097086 4.76700914 -1.61705310
v -0.18707032 4.79115557 -1.61706600
v -0.18697098 4.89140453 -1.61167988
v -0.18690358 4.79119129 -1.58670922
v -0.18698052 4.89162089 -1.61706809
v -0.21092853 4.76714925 -1.58691197
v -0.21090124 4.78465397 -1.58693507
v -0.21326746 4.77608600 -1.58702631
v -0.20473002 4.76063145 -1.58693001
v -0.20452538 4.79111182 -1.58681712
v -0.19565846 4.75832224 -1.58698780
v -0.19579502 4.79342877 -1.58696260
v -0.18713755 4.76063383 -1.58698319
v -0.18699461 4.79107603 -1.58686988
v -0.18059938 4.76706621 -1.58688332
v -0.18056874 4.78470772 -1.58687016
v -0.17814733 4.77593130 -1.58695959
v -0.07773474 4.77592359 -1.60865992
v -0.08017427 4.78455954 -1.61186227
v -0.18073893 4.78461513 -1.58680134
v -0.08021129 4.78476671 -1.61705570
v -0.08023106 4.78482360 -1.61170280
v -0.07798125 4.77601303 -1.61716636
v -0.20456183 4.89156560 -1.61179388
v -0.19564369 4.89393697 -1.61721819
v -0.20459226 4.89152572 -1.61711470
v -0.19578162 4.89394095 -1.60857501
v -0.19585437 4.89387637 -1.61711855
v -0.18710062 4.89137985 -1.61173326
v -0.18697800 4.89149714 -1.61717370
v -0.19577828 4.89375120 -1.60870342
v -0.07781735 4.77576256 -1.61698621
v -0.07754829 4.77595285 -1.60871550
v -0.08018182 4.76695084 -1.61709435
v -0.08010629 4.76717239 -1.61186952
v -0.18051353 4.76723096 -1.61687405
v -0.08022620 4.76702224 -1.61704972
v -0.18084689 4.76705666 -1.58696729
v -0.18702255 4.76051785 -1.61708070
v -0.18062465 4.76718976 -1.58703417
v -0.18700426 4.76065739 -1.58688067
v -0.18080742 4.76707633 -1.61697687
v -0.18701246 4.66013860 -1.61702160
v -0.18694032 4.76065352 -1.58705910
v -0.18705161 4.66026392 -1.61185338
v -0.18717344 4.76060199 -1.61706172
v -0.18702747 4.66028852 -1.61175430
v -0.19566666 4.65816893 -1.61697975
v -0.18712016 4.66002187 -1.61706510
v -0.19575190 4.65782554 -1.60857967
v -0.20462268 4.66033792 -1.61708896
v -0.19571822 4.65776122 -1.61710063
v -0.20455881 4.76053427 -1.58674486
v -0.20459932 4.66043990 -1.61712396
v -0.20456721 4.66041862 -1.61173156
v -0.20452362 4.76070893 -1.61719646
v -0.21100948 4.76701271 -1.58691890
v -0.20459965 4.76067691 -1.61706332
v -0.20454721 4.76067787 -1.58700668
v -0.21107811 4.76704289 -1.61694465
v -0.21093059 4.76717214 -1.58679675
v -0.31147681 4.76716419 -1.61716639
v -0.21100377 4.76716153 -1.61688858
v -0.31143577 4.76710172 -1.61164351
v -0.31386727 4.77594286 -1.61708718
v -0.31144606 4.76712666 -1.61699389
v -0.31144920 4.76715076 -1.61174503
v -0.31148325 4.78484582 -1.61694276
v -0.31380221 4.77584486 -1.61697572
v -0.31375967 4.77571542 -1.60849942
v -0.31135407 4.78488235 -1.61172602
v -0.21094951 4.78498229 -1.61707309
v -0.31145330 4.78470904 -1.61693802
v -0.21108959 4.78459154 -1.58689284
v -0.21129951 4.78457249 -1.58685713
v -0.20460406 4.79093429 -1.61685644
v -0.21111494 4.78463130 -1.61709384
v -0.20453487 4.79106413 -1.58694766
v -0.20453752 4.89148763 -1.61175327
v -0.20478919 4.79114786 -1.61720041
v -0.20476726 4.79124498 -1.58707209
v -0.20452488 4.89141678 -1.61712538
v -0.18692514 4.89138830 -1.61172441
v -0.18693577 4.79122258 -1.58697403
v -0.21086113 4.78486310 -1.58677540
v -0.31129444 4.78473176 -1.61146861
v -0.21309218 4.77582627 -1.58684389
v -0.31364632 4.77591292 -1.60859193
v -0.19570889 4.75842416 -1.58691670
v -0.20450836 4.76082526 -1.58690648
v -0.20448716 4.66039861 -1.61159423
v -0.18684835 4.76072042 -1.58691783
v -0.19588567 4.65797573 -1.60871490
v -0.08026447 4.76717871 -1.61177333
v -0.17814214 4.77584069 -1.58681522
v -0.19574443 4.89398102 -1.60853817
v -0.20452639 4.79105286 -1.58693604
v -0.08007316 4.78475743 -1.61188644
v -0.07769923 4.77588336 -1.60852356
v -0.07787234 4.77597134 -1.61713762
v -0.20453009 4.89146580 -1.61179240
v -0.19581780 4.89384247 -1.60878753
v -0.07771463 4.77600479 -1.60865351
v -0.08030121 4.76704471 -1.61166506
v -0.08008919 4.76708049 -1.61696265
v -0.18708268 4.66023304 -1.61171392
v -0.19576918 4.65788469 -1.60886726
v -0.19568994 4.65797472 -1.61723538
v -0.18691309 4.66029484 -1.61173414
v -0.19566164 4.65786913 -1.60853406
v -0.20447282 4.66037499 -1.61159396
v -0.20447541 4.66023832 -1.61686957
v -0.31146936 4.76706371 -1.61186257
v -0.31372399 4.77601725 -1.61692128
v -0.31130710 4.76704856 -1.61182013
v -0.31377080 4.77600388 -1.60870141
v -0.31126568 4.78468200 -1.61703757
v -0.31355234 4.77585636 -1.60843612
v -0.31150057 4.78460017 -1.61192598
v -0.31378564 4.77596567 -1.60853156
v -0.19572759 4.65797315 -1.60872897
v -0.07794223 4.77593685 -1.60846855
v -2.80068947 2.18453434 -1.61721414
v -2.80713818 2.19125752 -1.58696117
v -2.80075907 2.18460242 -1.58698966
v -2.80704043 2.19102618 -1.61714769
v -2.80067128 2.18471379 -1.58686565
v -2.70019948 2.18461812 -1.61723085
v -2.80073434 2.18469472 -1.61719352
v -2.70023025 2.18460443 -1.61182148
v -2.80053621 2.18468797 -1.61691422
v -2.80716489 2.16078224 -1.61696186
v -2.80737724 2.19108524 -1.61689645
v -2.80057149 2.16704883 -1.61707981
v -2.70039095 2.18468668 -1.61724099
v -2.70036122 2.16721003 -1.61705788
v -2.69793549 2.17587148 -1.61677253
v -2.81574024 2.29375533 -1.61688359
v -2.82463564 2.19117077 -1.61711636
v -2.82472334 2.29156324 -1.61713518
v -2.82470717 2.16075818 -1.61717580
v -2.82477307 2.06033577 -1.61725821
v -2.81592482 2.05788765 -1.61719472
v -2.80718329 2.29154919 -1.61702555
v -2.80716556 2.06033416 -1.61689882
v -2.93157046 2.18467170 -1.61685158
v -2.93137486 2.16717844 -1.61707643
v -2.93388370 2.17600052 -1.61698823
v -2.83105269 2.18461731 -1.61723629
v -2.83103126 2.16702297 -1.61706938
v -2.80699856 2.19117906 -1.61698149
v -2.80683493 2.29160076 -1.61183837
v -2.80715240 2.19133485 -1.58700824
v -2.80707243 2.29166064 -1.61687857
v -2.83105301 2.16711941 -1.58710862
v -2.83114119 2.18462764 -1.58694030
v -2.83344404 2.17589815 -1.58671322
v -2.82457850 2.16069732 -1.58693953
v -2.82464422 2.19122172 -1.58704211
v -2.81586014 2.15819827 -1.58693072
v -2.81583487 2.19354449 -1.58681600
v -2.80699938 2.16083301 -1.58677563
v -2.80703530 2.19113293 -1.58713973
v -2.80061878 2.16709390 -1.58711413
v -2.80069642 2.18476427 -1.58706768
v -2.79815502 2.17593146 -1.58696331
v -2.69791265 2.17596814 -1.60875402
v -2.70004555 2.18458135 -1.61184039
v -2.80052576 2.18474698 -1.58680281
v -2.69778990 2.17592130 -1.61718760
v -2.70030519 2.18468587 -1.61176312
v -2.69810999 2.17599030 -1.60842735
v -2.70010511 2.18456023 -1.61701073
v -2.82484612 2.19126893 -1.58714010
v -2.83100496 2.18478546 -1.61692237
v -2.83101183 2.18451811 -1.58695017
v -2.82465418 2.19113241 -1.61695373
v -2.82455808 2.29169956 -1.61169302
v -2.82466663 2.19126273 -1.61708825
v -2.82459735 2.19111303 -1.58717660
v -2.82459787 2.29151031 -1.61707742
v -2.82464106 2.29134773 -1.61175278
v -2.81569192 2.29381714 -1.61710969
v -2.82468924 2.29168876 -1.61719575
v -2.81575989 2.29384696 -1.60840775
v -2.81571172 2.29382633 -1.61721499
v -2.80692020 2.29163102 -1.61187543
v -2.80699089 2.29139769 -1.61713594
v -2.81601340 2.29393181 -1.60857816
v -2.70020527 2.16724446 -1.61698669
v -2.69783757 2.17595981 -1.60871613
v -2.70025991 2.16696982 -1.61185430
v -2.69790743 2.17599210 -1.61684315
v -2.70036844 2.16711233 -1.61176867
v -2.80059739 2.16715458 -1.61701832
v -2.70035625 2.16713519 -1.61696359
v -2.80070489 2.16729876 -1.58696398
v -2.80713335 2.16069605 -1.61708237
v -2.80079308 2.16709172 -1.58677489
v -2.80686102 2.16060686 -1.58684621
v -2.80063817 2.16712375 -1.61692485
v -2.80697986 2.06029541 -1.61715169
v -2.80718397 2.16065882 -1.58690629
v -2.80701590 2.06036024 -1.61166019
v -2.80731610 2.16075876 -1.61716396
v -2.80695279 2.06031424 -1.61699063
v -2.81590304 2.05795461 -1.60879908
v -2.81573403 2.05789124 -1.61732320
v -2.80695822 2.06045267 -1.61185188
v -2.81572190 2.05784797 -1.60884033
v -2.82466343 2.06031315 -1.61704196
v -2.81583647 2.05795603 -1.61703339
v -2.82464878 2.06021734 -1.61178884
v -2.82466279 2.16063415 -1.58705365
v -2.82468251 2.06028796 -1.61702380
v -2.82463308 2.06026049 -1.61170617
v -2.82454233 2.16073569 -1.61723652
v -2.83109440 2.16716731 -1.58688648
v -2.82455624 2.16069791 -1.61714393
v -2.82450018 2.16052500 -1.58683789
v -2.83104905 2.16694230 -1.61709668
v -2.83092302 2.16703364 -1.58706477
v -2.93146782 2.16700992 -1.61718494
v -2.83100217 2.16717687 -1.61711275
v -2.93138390 2.16705444 -1.61177164
v -2.93378852 2.17603667 -1.60855374
v -2.93154119 2.16714770 -1.61707861
v -2.93148616 2.16700768 -1.61176405
v -2.93380748 2.17584087 -1.61719946
v -2.93161433 2.18467860 -1.61174293
v -2.93357576 2.17586396 -1.61695025
v -2.93367781 2.17587611 -1.60859823
v -2.93148239 2.18484874 -1.61721157
v -2.93144208 2.18480835 -1.61177246
v -2.83110634 2.18468943 -1.61700132
v -2.93137937 2.18469447 -1.61697828
v -2.83094968 2.18455104 -1.58697885
v -2.80697804 2.29153088 -1.61173707
v -2.81577770 2.19354776 -1.58702835
v -2.80719461 2.19097519 -1.58674772
v -2.81595609 2.29381122 -1.60862533
v -2.83094086 2.18448581 -1.58694377
v -2.93131255 2.18478054 -1.61171906
v -2.83343760 2.17606398 -1.58711242
v -2.83094603 2.16714691 -1.58687866
v -2.93377381 2.17590361 -1.60851002
v -2.81596627 2.15818270 -1.58692294
v -2.82462108 2.06029637 -1.61159709
v -2.80712771 2.16074304 -1.58690000
v -2.81560271 2.05778057 -1.60866261
v -2.70030353 2.16723083 -1.61184604
v -2.80048060 2.16725950 -1.58685030
v -2.82458129 2.29131966 -1.61174249
v -2.81599495 2.29379799 -1.60858519
v -2.69792985 2.17598063 -1.60861951
v -2.80722783 2.06016997 -1.61189297
v -2.81587985 2.05805429 -1.60855396
v -2.93140292 2.16696165 -1.61151662
v -2.93380419 2.17613207 -1.60869577
v -2.82893805 2.16861891 -1.32102914
v -2.82883614 2.18337449 -1.32100212
v -2.83066300 2.17577869 -1.32082540
v -2.82325263 2.16273392 -1.32111408
v -2.82355063 2.18883892 -1.32089510
v -2.81581252 2.16080384 -1.32092898
v -2.81574655 2.19101685 -1.32087898
v -2.80839137 2.16291876 -1.32089938
v -2.80840489 2.18886192 -1.32079119
v -2.80262432 2.16829565 -1.32113276
v -2.80275426 2.18331612 -1.32084244
v -2.80084694 2.17611272 -1.32090651
v -2.82878613 2.16822486 -1.32120932
v -2.82335272 2.16286657 -1.58678105
v -2.82342391 2.16270500 -1.32108343
v -2.82882226 2.16842374 -1.58694591
v -2.81590171 2.16074815 -1.32111387
v -2.82334613 2.16292690 -1.58687852
v -2.81599410 2.16080288 -1.58671451
v -2.82314669 2.16286624 -1.32099960
v -2.80853274 2.16267982 -1.58686463
v -2.81582385 2.16084987 -1.32094527
v -2.81600658 2.16066052 -1.58684023
v -2.80841281 2.16297322 -1.32106880
v -2.80815337 2.16277066 -1.58683240
v -2.80279189 2.16831484 -1.32112609
v -2.80837747 2.16299570 -1.32105040
v -2.80300522 2.16832776 -1.58689805
v -2.80294849 2.16827263 -1.58690514
v -2.80085075 2.17589923 -1.32084511
v -2.80277496 2.16838567 -1.32074455
v -2.80069497 2.17558153 -1.58689296
v -2.80097096 2.17581123 -1.58677580
v -2.80283572 2.18336517 -1.32078206
v -2.80096344 2.17587273 -1.32086142
v -2.80281245 2.18328926 -1.58685778
v -2.80273153 2.18344633 -1.58682263
v -2.80829588 2.18893547 -1.32104632
v -2.80284687 2.18345393 -1.32123982
v -2.80824942 2.18895636 -1.58696744
v -2.81592426 2.19091644 -1.58681274
v -2.80836627 2.18904206 -1.32087543
v -2.80840889 2.18887284 -1.58683194
v -2.81577193 2.19100774 -1.32092818
v -2.82335126 2.18891892 -1.32083319
v -2.81594904 2.19099977 -1.58704680
v -2.82332011 2.18894797 -1.58685549
v -2.81606746 2.19109934 -1.32082530
v -2.82336407 2.18896889 -1.32101514
v -2.82882648 2.18357057 -1.58697714
v -2.82860124 2.18336429 -1.32083263
v -2.82345203 2.18896184 -1.58698704
v -2.82894747 2.18338581 -1.32098585
v -2.83091117 2.17598323 -1.58698737
v -2.83100975 2.17588728 -1.32097638
v -2.82898308 2.18342306 -1.58691375
v -2.83085151 2.17587831 -1.32093889
v -2.82888644 2.16845607 -1.58671971
v -2.82889588 2.16824398 -1.32107421
v -2.83111695 2.17576094 -1.58694349
v -2.82888482 2.18321517 -1.58670777
v -2.82876953 2.16847899 -1.58690843
v -2.83086103 2.17578456 -1.58669536
v -2.82349200 2.18886845 -1.58670842
v -2.82310951 2.16283003 -1.58689824
v -2.81610614 2.19111418 -1.58682362
v -2.81604177 2.16091337 -1.58679204
v -2.80836424 2.18886389 -1.58678003
v -2.80830347 2.16288980 -1.58672876
v -2.80269169 2.18348798 -1.58679499
v -2.80294697 2.16823515 -1.58677090
v -2.80074125 2.17593594 -1.58676865
v -2.82893662 2.97150382 -1.32102010
v -2.82887295 2.98660036 -1.32098787
v -2.83068450 2.97908962 -1.32077622
v -2.82338851 2.96578991 -1.32099011
v -2.82330971 2.99198763 -1.32084344
v -2.81583163 2.96385250 -1.32082145
v -2.81570754 2.99395574 -1.32086507
v -2.80831146 2.96596239 -1.32092870
v -2.80845703 2.99216205 -1.32102575
v -2.80290487 2.97151326 -1.32089937
v -2.80289717 2.98643644 -1.32093434
v -2.80085315 2.97903926 -1.32103821
v -2.82884186 2.97160356 -1.32089715
v -2.82345846 2.96585869 -1.58685082
v -2.82343118 2.96606091 -1.32110805
v -2.82871010 2.97123629 -1.58685957
v -2.81595903 2.96399814 -1.32099790
v -2.82348374 2.96589826 -1.58689779
v -2.81604705 2.96396037 -1.58710248
v -2.82324519 2.96589929 -1.32081951
v -2.80838967 2.96585146 -1.58678801
v -2.81590751 2.96375356 -1.32092694
v -2.81598941 2.96391209 -1.58671290
v -2.80822820 2.96593357 -1.32093507
v -2.80836036 2.96586752 -1.58681866
v -2.80283125 2.97140604 -1.32089005
v -2.80853613 2.96613548 -1.32085286
v -2.80295891 2.97145735 -1.58697197
v -2.80287065 2.97135300 -1.58674255
v -2.80100651 2.97893587 -1.32108829
v -2.80281705 2.97141265 -1.32106326
v -2.80065939 2.97913397 -1.58691361
v -2.80075419 2.97895710 -1.58683019
v -2.80265668 2.98647661 -1.32073283
v -2.80083787 2.97896281 -1.32072279
v -2.80278651 2.98629447 -1.58683211
v -2.80294735 2.98633262 -1.58695271
v -2.80829395 2.99190144 -1.32106269
v -2.80285417 2.98654616 -1.32098988
v -2.80846259 2.99179202 -1.58693551
v -2.81575995 2.99413488 -1.58677375
v -2.80834574 2.99202981 -1.32078700
v -2.80841737 2.99205406 -1.58704859
v -2.81577669 2.99398478 -1.32103732
v -2.82328687 2.99190166 -1.32100754
v -2.81568842 2.99392332 -1.58692310
v -2.82343728 2.99209752 -1.58704498
v -2.81571801 2.99400623 -1.32095068
v -2.82345932 2.99200142 -1.32076606
v -2.82885741 2.98640804 -1.58689122
v -2.82882419 2.98651318 -1.32094453
v -2.82330425 2.99205375 -1.58696666
v -2.82907720 2.98655606 -1.32072608
v -2.83097101 2.97895791 -1.58671546
v -2.83070653 2.97897921 -1.32078886
v -2.82880186 2.98644695 -1.58706387
v -2.83098017 2.97901061 -1.32087464
v -2.82893127 2.97135687 -1.58702064
v -2.82905297 2.97143285 -1.32108061
v -2.83088779 2.97889004 -1.58689936
v -2.82865985 2.98650935 -1.58689082
v -2.82889730 2.97129324 -1.58671701
v -2.83079865 2.97891752 -1.58683165
v -2.82343607 2.99205738 -1.58699406
v -2.82333907 2.96608846 -1.58680924
v -2.81590812 2.99412948 -1.58665385
v -2.81577167 2.96392347 -1.58693820
v -2.80828264 2.99221501 -1.58706367
v -2.80822669 2.96594865 -1.58669901
v -2.80282816 2.98628086 -1.58664963
v -2.80293470 2.97152813 -1.58686851
v -2.80081219 2.97898669 -1.58691172
v -2.82886012 3.77456730 -1.32083500
v -2.82886648 3.78962734 -1.32078060
v -2.83097941 3.78207481 -1.32086839
v -2.82325974 3.76902084 -1.32090753
v -2.82340233 3.79523462 -1.32095097
v -2.81577638 3.76699784 -1.32091461
v -2.81597350 3.79712836 -1.32092086
v -2.80848089 3.76895092 -1.32096468
v -2.80848555 3.79498078 -1.32076600
v -2.80292133 3.77444703 -1.32106197
v -2.80268816 3.78968927 -1.32088493
v -2.80079940 3.78201676 -1.32094718
v -2.82343634 3.76909540 -1.32084630
v -2.82878512 3.77474716 -1.58678214
v -2.82330116 3.76913200 -1.58701447
v -2.82887891 3.77437929 -1.32075487
v -2.81589809 3.76719152 -1.32080815
v -2.82342374 3.76885687 -1.58697129
v -2.81573987 3.76697517 -1.58700819
v -2.82338991 3.76920225 -1.32075157
v -2.80837650 3.76906015 -1.58679189
v -2.81599996 3.76695331 -1.32095967
v -2.81580543 3.76695565 -1.58699953
v -2.80829415 3.76896109 -1.32104463
v -2.80294152 3.77451249 -1.58670529
v -2.80834567 3.76913825 -1.32114981
v -2.80841427 3.76889838 -1.58688354
v -2.80273538 3.77447907 -1.32104635
v -2.80271704 3.77445680 -1.58682703
v -2.80087680 3.78212098 -1.32095742
v -2.80273280 3.77459967 -1.32068835
v -2.80081639 3.78196682 -1.58697512
v -2.80086981 3.78210633 -1.58692892
v -2.80265804 3.78961511 -1.32101872
v -2.80085593 3.78200162 -1.32089938
v -2.80292086 3.78972684 -1.58689199
v -2.80283945 3.78968978 -1.58693250
v -2.80832778 3.79529163 -1.32087533
v -2.80278459 3.78954521 -1.32102050
v -2.80814699 3.79508997 -1.58665913
v -2.81591781 3.79725213 -1.58687639
v -2.80828458 3.79523219 -1.32087219
v -2.80824473 3.79494506 -1.58690277
v -2.81563596 3.79709883 -1.32088488
v -2.82338355 3.79504230 -1.32107213
v -2.81596511 3.79729630 -1.58686335
v -2.82348950 3.79501312 -1.58676496
v -2.81594500 3.79705790 -1.32103314
v -2.82349676 3.79527685 -1.32093235
v -2.82891260 3.78953229 -1.58678159
v -2.82887304 3.78962462 -1.32090366
v -2.82340361 3.79505683 -1.58703439
v -2.82893019 3.78981791 -1.32104583
v -2.83088578 3.78210224 -1.58673184
v -2.83061164 3.78202658 -1.32100840
v -2.82876988 3.78961642 -1.58664793
v -2.83081131 3.78199848 -1.32093811
v -2.82883570 3.77458724 -1.58697233
v -2.82907816 3.77436986 -1.32085405
v -2.83090206 3.78187803 -1.58691208
v -2.82907948 3.78956724 -1.58694457
v -2.82893703 3.77452681 -1.58683632
v -2.83088008 3.78220099 -1.58660717
v -2.82327869 3.79508692 -1.58677751
v -2.82344182 3.76894301 -1.58694518
v -2.81581697 3.79725043 -1.58662544
v -2.81571038 3.76708043 -1.58692628
v -2.80831972 3.79516264 -1.58686781
v -2.80813521 3.76894362 -1.58692895
v -2.80277568 3.78980172 -1.58704243
v -2.80290233 3.77466856 -1.58692532
v -2.80059541 3.78198271 -1.58674442
v 0.00005681 3.75998888 -1.30608934
v -0.01392812 3.77528153 -1.31347163
v -0.01726042 3.76868527 -1.30609029
v -0.33405211 3.76870413 -1.30603838
v -0.01355906 3.77515676 -1.31341754
v -0.33755724 3.77517084 -1.31348804
v -0.01703342 3.76883248 -1.30604737
v 0.00369724 3.76603398 -1.31352279
v -0.01398491 3.77532268 -1.31340641
v 0.00012135 3.75979484 -1.30603245
v -0.33762002 3.77520922 -1.31343827
v -0.01729412 3.76891222 -1.32077630
v -0.33418416 3.76890606 -1.32072487
v -0.01361822 3.77521826 -1.31344947
v -0.33424146 3.76889150 -1.30605480
v -0.33768958 3.77525868 -1.31336293
v -0.35136247 3.75985369 -1.30595128
v 0.00899347 3.74828875 -1.31344466
v 0.00003514 3.76009834 -1.30588929
v 0.00487861 3.74234322 -1.30591519
v 0.00381832 3.76620858 -1.31338951
v 0.00394462 3.76598563 -1.31347355
v 0.00009184 3.75996563 -1.32094761
v -0.01381666 3.77514090 -1.31341234
v -0.33411953 3.76877098 -1.32086548
v -0.35164454 3.75983180 -1.32065826
v -0.33777234 3.77534235 -1.31344773
v -0.00013687 3.76009198 -1.32071703
v -0.01721751 3.76888902 -1.32088643
v -0.01375695 3.77521859 -1.31344082
v -0.33754105 3.77524126 -1.31347097
v -0.35517206 3.76609979 -1.31340313
v -0.35147955 3.75995146 -1.30581700
v 0.00883138 3.74818718 -1.31325229
v 0.00504730 3.19916924 -1.30600828
v 0.00880454 3.19349531 -1.31334335
v 0.00508202 3.74252305 -1.30619410
v -0.00005669 3.75997078 -1.32112391
v 0.00889074 3.74823241 -1.31335154
v 0.00499678 3.74260969 -1.32081479
v 0.00385208 3.76605302 -1.31335212
v -0.33734944 3.77502473 -1.31352271
v -0.35125633 3.75999427 -1.32088023
v -0.35512186 3.76618791 -1.31348437
v -0.35149725 3.76002975 -1.30594688
v -0.36014503 3.74840585 -1.31348038
v -0.35622196 3.74240495 -1.30602917
v -0.35528349 3.76600883 -1.31335265
v 0.00490833 3.19916577 -1.32075236
v 0.00898830 3.74827413 -1.31355207
v 0.00888816 3.19323338 -1.31352141
v 0.00497703 3.74248397 -1.32090702
v 0.00888391 3.19354120 -1.31335225
v 0.00020839 3.18188806 -1.30595853
v 0.00371495 3.17544548 -1.31341916
v 0.00497488 3.19913992 -1.30594017
v -0.36012991 3.74833128 -1.31340809
v -0.35148472 3.75987034 -1.32064580
v -0.35650918 3.74248365 -1.32089585
v -0.35521399 3.76626165 -1.31331431
v -0.35639387 3.19935250 -1.30606168
v -0.36021961 3.74852213 -1.31347662
v -0.36023516 3.19355323 -1.31350406
v -0.35637275 3.74246779 -1.30609772
v 0.00010768 3.18170831 -1.32067871
v 0.00890106 3.19337673 -1.31341281
v 0.00385095 3.17556292 -1.31341112
v 0.00495771 3.19918486 -1.32079530
v 0.00361966 3.17550091 -1.31341615
v 0.00010128 3.18175516 -1.30596842
v -0.01379831 3.16634329 -1.31331989
v -0.36022866 3.74823943 -1.31326460
v -0.35630941 3.19917184 -1.32073544
v -0.36020067 3.19348406 -1.31347920
v -0.35643689 3.74241535 -1.32090556
v -0.35166716 3.18190745 -1.30610443
v -0.36019750 3.19326434 -1.31340497
v -0.35532580 3.17558144 -1.31358228
v -0.35644054 3.19930459 -1.30596040
v 0.00385800 3.17549482 -1.31364393
v -0.01385445 3.16648271 -1.31326423
v 0.00012475 3.18182819 -1.32090985
v -0.00000941 3.18186168 -1.30602093
v -0.01720033 3.17313558 -1.30608391
v -0.01379130 3.16650970 -1.31348431
v -0.36040216 3.19352987 -1.31356293
v -0.35152198 3.18182197 -1.32097822
v -0.35521873 3.17555699 -1.31344149
v -0.35639386 3.19909097 -1.32090650
v -0.33746253 3.16665572 -1.31347703
v -0.35131616 3.18169842 -1.30612339
v -0.35541101 3.17546853 -1.31336953
v 0.00003229 3.18196714 -1.32076303
v -0.01379880 3.16651243 -1.31343934
v -0.01706232 3.17289778 -1.32085124
v -0.01724150 3.17307163 -1.30601856
v -0.33766203 3.16637847 -1.31331722
v -0.01382333 3.16652822 -1.31345943
v -0.33421116 3.17273268 -1.30606354
v -0.33770715 3.16676051 -1.31327791
v -0.35515739 3.17584037 -1.31328509
v -0.35156713 3.18166274 -1.32082207
v -0.33419906 3.17295931 -1.30606771
v -0.35123759 3.18175923 -1.30586678
v -0.33744447 3.16647504 -1.31335750
v -0.01359766 3.16668612 -1.31333938
v -0.33414647 3.17294561 -1.32071868
v -0.01710530 3.17295031 -1.32089857
v -0.33773494 3.16651757 -1.31322444
v -0.33424185 3.17287123 -1.32087460
v -0.33761720 3.16647773 -1.31335059
v -0.35139457 3.18191769 -1.32078761
v -0.20877712 4.76814916 -1.32089728
v -0.20886385 4.78353662 -1.32091006
v -0.21089665 4.77584934 -1.32104175
v -0.20334513 4.76288809 -1.32079588
v -0.20323488 4.78902102 -1.32082560
v -0.19579271 4.76098568 -1.32105727
v -0.19574653 4.79089113 -1.32112067
v -0.18805373 4.76264918 -1.32084644
v -0.18803987 4.78891640 -1.32092956
v -0.18291342 4.76834059 -1.32076777
v -0.18277122 4.78332464 -1.32115685
v -0.18056788 4.77594799 -1.32094884
v -0.18260957 4.76831158 -1.58689033
v -0.18800569 4.76276295 -1.32088765
v -0.18820201 4.76286560 -1.58685518
v -0.18285226 4.76835219 -1.32094269
v -0.18278638 4.76828029 -1.58695930
v -0.18078429 4.77594771 -1.32091388
v -0.18254628 4.76842872 -1.32097911
v -0.18075637 4.77588759 -1.58689199
v -0.18070030 4.77610597 -1.58687153
v -0.18270365 4.78330220 -1.32107264
v -0.18071469 4.77586235 -1.32089681
v -0.18257711 4.78337256 -1.58692655
v -0.18812402 4.78889237 -1.58684989
v -0.18272820 4.78361941 -1.32109151
v -0.18280208 4.78349252 -1.58673600
v -0.18833140 4.78905915 -1.32096630
v -0.19583430 4.79088035 -1.58681928
v -0.18817504 4.78884702 -1.32089637
v -0.18826457 4.78881417 -1.58668108
v -0.19585922 4.79095603 -1.32103797
v -0.20333314 4.78894676 -1.32090097
v -0.19586503 4.79093305 -1.58681968
v -0.20313526 4.78901982 -1.58674501
v -0.19569389 4.79087652 -1.32095156
v -0.20870275 4.78335428 -1.32103348
v -0.20329310 4.78874959 -1.58693665
v -0.20891410 4.78338268 -1.58672027
v -0.20304901 4.78899864 -1.32101687
v -0.20872087 4.78346873 -1.32097987
v -0.21072686 4.77585551 -1.58691569
v -0.21081194 4.77597626 -1.32095569
v -0.20875969 4.78323632 -1.58682564
v -0.21086729 4.77585144 -1.32117855
v -0.20894608 4.76818609 -1.58679329
v -0.20889162 4.76839463 -1.32084958
v -0.21087431 4.77579932 -1.58673079
v -0.20326152 4.76272820 -1.32086802
v -0.20886496 4.76841442 -1.58677049
v -0.20337296 4.76290631 -1.58716690
v -0.20873987 4.76816393 -1.32065677
v -0.19572269 4.76077219 -1.32080058
v -0.20336960 4.76286784 -1.58688526
v -0.19575916 4.76077777 -1.58681057
v -0.20336500 4.76286715 -1.32085272
v -0.18828661 4.76294185 -1.58680566
v -0.19578980 4.76078248 -1.32092268
v -0.19580605 4.76078249 -1.58686954
v -0.18824702 4.76286656 -1.32077099
v -0.20870220 4.78351305 -1.58680239
v -0.20885876 4.76825683 -1.58687934
v -0.21069535 4.77602933 -1.58700644
v -0.20347184 4.78911038 -1.58670863
v -0.20335330 4.76284755 -1.58685067
v -0.19564532 4.79089503 -1.58679470
v -0.19573100 4.76086663 -1.58674696
v -0.18820995 4.78880502 -1.58676262
v -0.18827541 4.76294827 -1.58682848
v -0.18281831 4.78345164 -1.58692143
v -0.18268937 4.76832463 -1.58675150
v -0.18077420 4.77586748 -1.58692813
v -0.16697898 3.45562552 -1.61703344
v -0.16040839 3.46208871 -1.58698650
v -0.16705802 3.45575070 -1.58699192
v -0.16042491 3.46197341 -1.61689912
v -0.16682554 3.35517661 -1.61701961
v -0.16675827 3.45563514 -1.58711522
v -0.16684979 3.35545923 -1.61192614
v -0.16679111 3.45562933 -1.61706499
v -0.16044650 3.47965185 -1.61696641
v -0.16701727 3.45564449 -1.61715221
v -0.16694973 3.48639043 -1.61714291
v -0.16041994 3.46211508 -1.61725385
v -0.06019907 3.47946297 -1.61707132
v -0.06021636 3.46199075 -1.61721410
v -0.05765751 3.47092805 -1.61690200
v -0.17569932 3.58889979 -1.61693885
v -0.18424923 3.48595430 -1.61713924
v -0.18456666 3.58632527 -1.61698173
v -0.18439012 3.45550899 -1.61716772
v -0.18443293 3.35521761 -1.61703191
v -0.17569862 3.35302286 -1.61693918
v -0.16708599 3.58660860 -1.61710530
v -0.16701411 3.35533068 -1.61715677
v -0.29141161 3.47961494 -1.61691492
v -0.29146952 3.46197587 -1.61723026
v -0.29375481 3.47085105 -1.61719186
v -0.19085905 3.47966150 -1.61698093
v -0.19069278 3.46198133 -1.61710521
v -0.06014299 3.46203673 -1.61171948
v -0.16040435 3.46203117 -1.61691797
v -0.06010863 3.46207146 -1.61714745
v -0.16039731 3.46216046 -1.58693920
v -0.19111351 3.46205825 -1.58687820
v -0.19093422 3.47964058 -1.58688654
v -0.19343256 3.47094848 -1.58713510
v -0.18445546 3.45571277 -1.58699134
v -0.18441708 3.48613439 -1.58699441
v -0.17572499 3.45338260 -1.58690783
v -0.17561912 3.48847994 -1.58699830
v -0.16700615 3.45554788 -1.58707749
v -0.16710447 3.48602243 -1.58703254
v -0.16045966 3.46205985 -1.58690094
v -0.16035001 3.47954925 -1.58696534
v -0.15815212 3.47077616 -1.58706272
v -0.16689081 3.45568061 -1.58696813
v -0.17562306 3.35294557 -1.60850148
v -0.16689250 3.35528423 -1.61164538
v -0.16694156 3.35531613 -1.61695275
v -0.17558791 3.35299929 -1.60854141
v -0.17571029 3.35301505 -1.61710751
v -0.16694037 3.35524647 -1.61170516
v -0.16030005 3.47978706 -1.61692389
v -0.16682551 3.48609945 -1.58702910
v -0.16052655 3.47966502 -1.58676314
v -0.16683720 3.48612189 -1.61699545
v -0.16060475 3.47958238 -1.58688614
v -0.05997483 3.47958931 -1.61699779
v -0.16066075 3.47970268 -1.61690806
v -0.06010123 3.47958705 -1.61148475
v -0.05772192 3.47100931 -1.61712262
v -0.06020331 3.47949259 -1.61165822
v -0.05789827 3.47066026 -1.60866933
v -0.06012069 3.47962213 -1.61718363
v -0.06016395 3.46208934 -1.61725517
v -0.05771693 3.47092899 -1.60846412
v -0.06003350 3.46220299 -1.61173003
v -0.05757267 3.47087958 -1.61683992
v -0.17561919 3.35285580 -1.60858689
v -0.18464524 3.35539350 -1.61708380
v -0.17555381 3.35314158 -1.61705449
v -0.18446138 3.35525280 -1.61172261
v -0.18423638 3.45578602 -1.58691455
v -0.18435579 3.35505582 -1.61704277
v -0.18475761 3.35538454 -1.61198518
v -0.18440876 3.45556012 -1.61679122
v -0.19102174 3.46204947 -1.58676465
v -0.18441950 3.45567480 -1.61707931
v -0.18445557 3.45557596 -1.58695659
v -0.19089563 3.46215893 -1.61704714
v -0.19080365 3.46192984 -1.58679377
v -0.29123445 3.46225279 -1.61700056
v -0.19090160 3.46209802 -1.61717468
v -0.29130510 3.46210268 -1.61174724
v -0.29379940 3.47091709 -1.60870962
v -0.29130391 3.46217137 -1.61712849
v -0.29129466 3.46203797 -1.61170534
v -0.29374939 3.47070616 -1.61726979
v -0.29105697 3.47972060 -1.61159396
v -0.29366901 3.47098235 -1.61710151
v -0.29376081 3.47095388 -1.60863639
v -0.29125489 3.47969385 -1.61699443
v -0.29130371 3.47941202 -1.61188383
v -0.19083270 3.47985168 -1.61705916
v -0.29113922 3.47940507 -1.61690161
v -0.19100841 3.47954588 -1.58697045
v -0.18443469 3.48595965 -1.58683659
v -0.19104009 3.47966463 -1.61714683
v -0.19086907 3.47944217 -1.58704065
v -0.18459435 3.48617734 -1.61728688
v -0.18428654 3.58641549 -1.61174150
v -0.18472848 3.48600105 -1.61696901
v -0.18431035 3.48598101 -1.58682248
v -0.18444725 3.58653482 -1.61707748
v -0.18430884 3.58629212 -1.61169475
v -0.17552232 3.58890300 -1.61708514
v -0.18441187 3.58649551 -1.61708397
v -0.17557066 3.58896225 -1.60874649
v -0.17548918 3.58882889 -1.61707317
v -0.16680128 3.58638926 -1.61171275
v -0.16693080 3.58646490 -1.61701551
v -0.17567897 3.58878965 -1.60848145
v -0.16683771 3.48613495 -1.61696412
v -0.16711279 3.58656243 -1.61152281
v -0.16700381 3.48634348 -1.58712439
v -0.16696902 3.58653816 -1.61711727
v -0.06017251 3.46209924 -1.61171598
v -0.15802247 3.47083828 -1.58714903
v -0.05766790 3.47100021 -1.60865362
v -0.16681571 3.58632769 -1.61183573
v -0.17580371 3.48844742 -1.58706050
v -0.16672589 3.48613630 -1.58693498
v -0.17560721 3.58895550 -1.60856578
v -0.18455174 3.48609239 -1.58698456
v -0.29122611 3.47961059 -1.61175379
v -0.19313615 3.47078390 -1.58695474
v -0.29365448 3.47080343 -1.60834165
v -0.18434454 3.45558534 -1.58700582
v -0.18443007 3.35539923 -1.61177173
v -0.05999251 3.47947011 -1.61171934
v -0.05759015 3.47088317 -1.60867162
v -0.17556636 3.35281178 -1.60863513
v -0.29121831 3.46198965 -1.61148729
v -0.29364995 3.47065852 -1.60849194
v -0.18442790 3.58646471 -1.61171021
v -0.17561471 3.58881310 -1.60853418
v -0.18867714 3.46343756 -1.32096702
v -0.18875722 3.47846416 -1.32084462
v -0.19074138 3.47087712 -1.32081857
v -0.18329279 3.45770411 -1.32083512
v -0.18316504 3.48383718 -1.32094687
v -0.17575909 3.45575799 -1.32078084
v -0.17567559 3.48581076 -1.32086340
v -0.16809712 3.45782128 -1.32092483
v -0.16809962 3.48398897 -1.32092785
v -0.16269742 3.46331485 -1.32081658
v -0.16255923 3.47835498 -1.32062439
v -0.16036315 3.47075770 -1.32081149
v -0.18330848 3.48391386 -1.32075737
v -0.18863831 3.47827513 -1.58680177
v -0.18897164 3.47823460 -1.32091423
v -0.18329085 3.48407223 -1.58684147
v -0.18858629 3.47841058 -1.32090036
v -0.19072189 3.47106953 -1.58668817
v -0.19085530 3.47083955 -1.32074371
v -0.18887381 3.47858840 -1.58678972
v -0.19084517 3.47063688 -1.32091168
v -0.18853820 3.46336376 -1.58679800
v -0.18866798 3.46331294 -1.32087684
v -0.19080459 3.47080718 -1.58695068
v -0.18875689 3.46329962 -1.32089859
v -0.18324126 3.45765625 -1.58696945
v -0.18323325 3.45788211 -1.32094778
v -0.18867790 3.46318061 -1.58673241
v -0.17572880 3.45572822 -1.32091387
v -0.18315901 3.45780411 -1.58678708
v -0.17586358 3.45580113 -1.58676632
v -0.18315603 3.45779816 -1.32088425
v -0.16797039 3.45771080 -1.58682820
v -0.17566812 3.45588356 -1.32103576
v -0.17551569 3.45590150 -1.58661573
v -0.16814353 3.45776528 -1.32110348
v -0.16268792 3.46320846 -1.58706301
v -0.16824133 3.45780043 -1.32093511
v -0.16788485 3.45798852 -1.58683500
v -0.16256473 3.46329938 -1.32096061
v -0.16258766 3.46332804 -1.58668987
v -0.16054485 3.47075950 -1.32107181
v -0.16262272 3.46346273 -1.32102587
v -0.16071856 3.47111458 -1.58685215
v -0.16065679 3.47112344 -1.58688560
v -0.16275577 3.47840709 -1.32104685
v -0.16078629 3.47096611 -1.32097540
v -0.16258843 3.47828405 -1.58688008
v -0.16827885 3.48381185 -1.58667434
v -0.16256164 3.47846893 -1.32092000
v -0.16267501 3.47839576 -1.58689966
v -0.16809854 3.48389966 -1.32089739
v -0.17540458 3.48592506 -1.58696755
v -0.16798718 3.48380285 -1.32102476
v -0.16796462 3.48395547 -1.58695943
v -0.17567069 3.48607177 -1.32101126
v -0.18318319 3.48416188 -1.32093087
v -0.17585335 3.48588622 -1.58688400
v -0.18325911 3.48409042 -1.58683326
v -0.17567678 3.48598332 -1.32090131
v -0.18891723 3.47846883 -1.58679807
v -0.18867747 3.46341599 -1.58673946
v -0.19059584 3.47070149 -1.58693332
v -0.18331059 3.48386230 -1.58681719
v -0.18339000 3.45789656 -1.58701167
v -0.17578379 3.48579930 -1.58690620
v -0.17564798 3.45559892 -1.58669397
v -0.16825156 3.48413282 -1.58701423
v -0.16806264 3.45788628 -1.58687932
v -0.16278707 3.47835007 -1.58672205
v -0.16255052 3.46342840 -1.58670111
v -0.16057228 3.47086000 -1.58676509
v -1.00676146 -3.88225912 -1.30593422
v -1.02204378 -3.89611613 -1.31341823
v -1.01580292 -3.89960932 -1.30597329
v -1.01557443 -4.21658597 -1.30603533
v -1.02208305 -3.89625150 -1.31346927
v -1.02202283 -4.22014635 -1.31330836
v -1.01572634 -3.89956107 -1.30602487
v -1.00690191 -3.88246650 -1.30589626
v -1.01322956 -3.87860935 -1.31348473
v -1.02215930 -3.89603236 -1.31349067
v -1.02218308 -3.89638048 -1.31361143
v -1.01571585 -4.21672424 -1.32077960
v -1.02208601 -4.22013247 -1.31326657
v -1.01557734 -3.89960375 -1.32077002
v -1.00665656 -4.23381676 -1.30604015
v -1.01567881 -4.21663550 -1.30595497
v -1.02198857 -4.22000564 -1.31358891
v -1.00691619 -3.88251160 -1.30594694
v -0.99524503 -3.87350605 -1.31346932
v -1.01312943 -3.87851644 -1.31337663
v -1.00685822 -3.88257320 -1.32098386
v -1.02222927 -3.89622702 -1.31351727
v -1.01294367 -3.87854483 -1.31343529
v -1.00692148 -4.23390934 -1.32082090
v -1.02210476 -4.22006038 -1.31329710
v -1.01572703 -4.21666770 -1.32079374
v -1.00680553 -3.88228978 -1.32090182
v -1.01577135 -3.89953776 -1.32083780
v -1.02202513 -3.89614615 -1.31334522
v -1.00693422 -4.23386742 -1.30603937
v -1.02215517 -4.22002571 -1.31326167
v -1.01283847 -4.23772263 -1.31342247
v -0.99530043 -3.87362303 -1.31344618
v -1.00700102 -3.88236429 -1.32096744
v -1.01307227 -3.87870400 -1.31334807
v -0.98930943 -3.87737804 -1.30598978
v -0.99538354 -3.87365195 -1.31337257
v -1.00689651 -3.88243457 -1.30593046
v -1.00661524 -4.23393442 -1.32080638
v -1.01311318 -4.23775397 -1.31345387
v -1.02213306 -4.22008349 -1.31336573
v -1.00686341 -4.23407045 -1.30592915
v -1.01300455 -4.23778590 -1.31348811
v -0.99526709 -4.24264667 -1.31344416
v -0.99511909 -3.87362074 -1.31333023
v -0.98939192 -3.87747883 -1.32076489
v -1.00675127 -3.88234200 -1.32086422
v -0.98928398 -3.87731718 -1.30601570
v -0.44028430 -3.87369911 -1.31348868
v -0.44603469 -3.87753918 -1.30594906
v -1.01305814 -4.23746786 -1.31340385
v -1.00702740 -4.23390108 -1.32080734
v -0.99515454 -4.24266871 -1.31328703
v -1.00680740 -4.23405304 -1.30604970
v -0.99519545 -4.24278735 -1.31338231
v -0.98936278 -4.23865208 -1.30605652
v -0.44625942 -3.87757010 -1.32090011
v -0.44024372 -3.87355865 -1.31348945
v -0.42880835 -3.88242573 -1.30591952
v -0.99510208 -4.24258771 -1.31334488
v -1.00680209 -4.23392185 -1.32081882
v -0.98923882 -4.23880751 -1.32077397
v -0.44613500 -4.23876974 -1.30607929
v -0.44042771 -4.24281826 -1.31361945
v -0.42860503 -3.88215521 -1.32087252
v -0.44621727 -3.87740375 -1.32068625
v -0.42868450 -3.88226878 -1.30598455
v -0.42245887 -3.87877815 -1.31338213
v -0.44039151 -3.87365067 -1.31358008
v -0.44023336 -4.24248061 -1.31349271
v -0.98941994 -4.23885591 -1.32080540
v -0.44603367 -4.23882246 -1.32089230
v -0.42887951 -4.23379206 -1.30597545
v -0.44632199 -4.23893994 -1.30608551
v -0.44034147 -3.87363520 -1.31333793
v -0.42258117 -3.87867370 -1.31352636
v -0.42862249 -3.88244595 -1.32085041
v -0.41337797 -3.89622176 -1.31343291
v -0.42240522 -3.87858282 -1.31340629
v -0.42873360 -3.88238458 -1.30605785
v -0.42853935 -4.23382811 -1.32080445
v -0.42876009 -4.23388048 -1.30591234
v -0.44049675 -4.24274462 -1.31348455
v -0.42260005 -4.23756735 -1.31349758
v -0.41354243 -3.89611729 -1.31361234
v -0.42858709 -3.88229130 -1.32106215
v -0.42250646 -3.87859189 -1.31331312
v -0.41348986 -3.89623783 -1.31334134
v -0.42878699 -3.88234130 -1.30586941
v -0.41994475 -3.89957479 -1.30597550
v -0.42259142 -4.23762196 -1.31344487
v -0.44037740 -4.24275398 -1.31351917
v -0.42865272 -4.23381512 -1.32077282
v -0.41342469 -4.22001666 -1.31347600
v -0.42862654 -4.23392198 -1.30592531
v -0.42253019 -4.23771762 -1.31337800
v -0.41326622 -3.89613228 -1.31346467
v -0.41997996 -3.89976095 -1.32082201
v -0.42867693 -3.88260079 -1.32086738
v -0.41332381 -3.89622335 -1.31342160
v -0.41995627 -4.21658221 -1.30605664
v -0.41349397 -4.21992006 -1.31352292
v -0.41985735 -3.89960676 -1.30594377
v -0.41327621 -4.22004035 -1.31336432
v -0.42249244 -4.23781056 -1.31330335
v -0.42861819 -4.23373333 -1.32095964
v -0.41342040 -4.21984206 -1.31319052
v -0.41982864 -4.21662286 -1.30608280
v -0.42871512 -4.23393649 -1.30587562
v -0.41987809 -4.21666288 -1.32076890
v -0.41344869 -3.89611331 -1.31343565
v -0.41335771 -4.22014294 -1.31342002
v -0.41998884 -3.89969484 -1.32092720
v -0.41323540 -4.22014781 -1.31321804
v -0.42862564 -4.23380971 -1.32092629
v -0.41975234 -4.21645851 -1.32074985
v -2.80061077 3.79085840 -1.61698414
v -2.80705143 3.79725795 -1.58684955
v -2.80068609 3.79094219 -1.58672209
v -2.80696869 3.79722953 -1.61707481
v -2.80054230 3.79076544 -1.58674646
v -2.70027650 3.79086484 -1.61701190
v -2.80031540 3.79084149 -1.61711461
v -2.70029805 3.79091844 -1.61158585
v -2.80075693 3.79081411 -1.61707814
v -2.80710775 3.76700961 -1.61696401
v -2.80692156 3.79722980 -1.61716879
v -2.80065714 3.77320616 -1.61703328
v -2.70014688 3.79062466 -1.61697921
v -2.70003511 3.77315675 -1.61702228
v -2.69801962 3.78197740 -1.61704370
v -2.81565870 3.90018665 -1.61704370
v -2.82452040 3.79699369 -1.61709187
v -2.82465238 3.89772466 -1.61713641
v -2.82471789 3.76675922 -1.61699666
v -2.82458775 3.66642760 -1.61695877
v -2.81586173 3.66404560 -1.61712724
v -2.80728418 3.89768237 -1.61698371
v -2.80701641 3.66674035 -1.61709187
v -2.93157122 3.79103519 -1.61689374
v -2.93151900 3.77327729 -1.61710609
v -2.93374537 3.78203277 -1.61697595
v -2.83094579 3.79105536 -1.61709809
v -2.83096735 3.77339108 -1.61703047
v -2.80690022 3.79732510 -1.61704068
v -2.80684814 3.89758589 -1.61163766
v -2.80714374 3.79734118 -1.58685505
v -2.80696907 3.89781548 -1.61712413
v -2.83117607 3.77330534 -1.58690581
v -2.83105550 3.79110825 -1.58692615
v -2.83354266 3.78199389 -1.58689047
v -2.82463584 3.76697728 -1.58684727
v -2.82453120 3.79736856 -1.58685473
v -2.81585923 3.76466212 -1.58682270
v -2.81591905 3.79968068 -1.58683170
v -2.80691795 3.76690407 -1.58684997
v -2.80726902 3.79725350 -1.58693851
v -2.80075683 3.77328324 -1.58696635
v -2.80077168 3.79090882 -1.58700762
v -2.79832880 3.78216776 -1.58700612
v -2.69775327 3.78211626 -1.60869189
v -2.70040633 3.79085893 -1.61183670
v -2.80077380 3.79071921 -1.58699301
v -2.69794710 3.78208425 -1.61718471
v -2.70031100 3.79078620 -1.61183898
v -2.69776347 3.78209562 -1.60838420
v -2.70017457 3.79088884 -1.61692576
v -2.82450546 3.79711200 -1.58702250
v -2.83107068 3.79088001 -1.61702643
v -2.83120679 3.79088952 -1.58689322
v -2.82471935 3.79715867 -1.61699658
v -2.82467219 3.89775319 -1.61165648
v -2.82458761 3.79713122 -1.61714750
v -2.82481548 3.79722674 -1.58703137
v -2.82446496 3.89773202 -1.61708113
v -2.82475251 3.89785192 -1.61185165
v -2.81605536 3.89994275 -1.61720428
v -2.82454210 3.89755936 -1.61700254
v -2.81569166 3.89992542 -1.60861808
v -2.81564997 3.89999277 -1.61708196
v -2.80710005 3.89758793 -1.61184307
v -2.80695987 3.89779351 -1.61714860
v -2.81563989 3.90019066 -1.60863781
v -2.70042731 3.77317784 -1.61707643
v -2.69792292 3.78224508 -1.60873796
v -2.70026819 3.77326346 -1.61167616
v -2.69792211 3.78203861 -1.61705745
v -2.70030413 3.77334023 -1.61170415
v -2.80074178 3.77337140 -1.61702152
v -2.70026842 3.77338443 -1.61692272
v -2.80073097 3.77324615 -1.58692839
v -2.80689619 3.76689582 -1.61703111
v -2.80044481 3.77325884 -1.58683837
v -2.80713773 3.76686458 -1.58684493
v -2.80072586 3.77321540 -1.61706908
v -2.80691297 3.66629491 -1.61711688
v -2.80696547 3.76662777 -1.58674404
v -2.80705091 3.66667255 -1.61185898
v -2.80698238 3.76678729 -1.61702606
v -2.80714429 3.66639983 -1.61723288
v -2.81613998 3.66410463 -1.60836184
v -2.81587742 3.66406016 -1.61700497
v -2.80713709 3.66641231 -1.61189143
v -2.81594309 3.66422173 -1.60869392
v -2.82460557 3.66642728 -1.61714531
v -2.81581509 3.66419580 -1.61718181
v -2.82459043 3.66654667 -1.61179271
v -2.82463470 3.76685506 -1.58691842
v -2.82474298 3.66641217 -1.61701281
v -2.82470483 3.66645651 -1.61176858
v -2.82470699 3.76686830 -1.61692041
v -2.83112928 3.77321980 -1.58695602
v -2.82475117 3.76679238 -1.61720873
v -2.82481927 3.76688915 -1.58685294
v -2.83086795 3.77326676 -1.61695679
v -2.83107781 3.77320750 -1.58687281
v -2.93146395 3.77335140 -1.61702528
v -2.83114817 3.77316966 -1.61716251
v -2.93150610 3.77337713 -1.61177270
v -2.93365431 3.78212392 -1.60862430
v -2.93152644 3.77308043 -1.61694342
v -2.93130324 3.77325927 -1.61158043
v -2.93380793 3.78206510 -1.61693769
v -2.93143670 3.79080360 -1.61179812
v -2.93397878 3.78205950 -1.61705756
v -2.93367537 3.78213409 -1.60868297
v -2.93135470 3.79088081 -1.61689372
v -2.93134465 3.79083982 -1.61165326
v -2.83108590 3.79075145 -1.61703048
v -2.93138047 3.79095852 -1.61705850
v -2.83104137 3.79092543 -1.58694694
v -2.80690153 3.89751192 -1.61189187
v -2.81587566 3.79974885 -1.58694894
v -2.81598711 3.90010066 -1.60872205
v -2.83091483 3.79094397 -1.58678395
v -2.93130846 3.79096366 -1.61168715
v -2.83107934 3.77327294 -1.58693799
v -2.93378083 3.78201203 -1.60868140
v -2.81570049 3.76437947 -1.58682790
v -2.82441615 3.66636043 -1.61161741
v -2.81585894 3.66426186 -1.60866395
v -2.70012251 3.77321242 -1.61189618
v -2.80046904 3.77319732 -1.58707071
v -2.82462285 3.89763300 -1.61163804
v -2.81593652 3.89997542 -1.60852417
v -2.69797224 3.78217444 -1.60849487
v -2.80686271 3.66668248 -1.61183574
v -2.81592109 3.66401607 -1.60860767
v -2.93145098 3.77326101 -1.61187970
v -2.93366693 3.78191445 -1.60866147
v -3.10482211 3.15478526 -1.30600388
v -3.12007990 3.14085640 -1.31321230
v -3.11365391 3.13740710 -1.30589387
v -3.11378482 2.82050121 -1.30585610
v -3.12026347 3.14103569 -1.31344458
v -3.12006520 2.81710125 -1.31347413
v -3.11390257 3.13735798 -1.30595179
v -3.10501710 3.15466937 -1.30600795
v -3.11119172 3.15845022 -1.31335432
v -3.12006264 3.14093872 -1.31335038
v -3.12012302 3.14084519 -1.31339788
v -3.11393683 2.82046980 -1.32089407
v -3.12005039 2.81686359 -1.31352772
v -3.11352677 3.13756035 -1.32070691
v -3.10498625 2.80307828 -1.30593274
v -3.11374565 2.82051765 -1.30582273
v -3.12008998 2.81689567 -1.31346989
v -3.10513271 3.15477696 -1.30603055
v -3.09345890 3.16358862 -1.31353122
v -3.11102134 3.15857047 -1.31318620
v -3.10498254 3.15481906 -1.32089633
v -3.12030258 3.14108245 -1.31352667
v -3.11095498 3.15845969 -1.31334219
v -3.10494889 2.80314859 -1.32094290
v -3.12022133 2.81708093 -1.31327242
v -3.11384419 2.82046437 -1.32087772
v -3.10491349 3.15461478 -1.32099235
v -3.11381064 3.13748110 -1.32060132
v -3.12002344 3.14084867 -1.31355079
v -3.10508138 2.80332589 -1.30585822
v -3.11996370 2.81702838 -1.31337696
v -3.11116089 2.79960060 -1.31332127
v -3.09340764 3.16356895 -1.31352025
v -3.10489330 3.15457424 -1.32082947
v -3.11100229 3.15862696 -1.31354503
v -3.08745810 3.15953157 -1.30586972
v -3.09328558 3.16343426 -1.31351139
v -3.10484702 3.15454499 -1.30597539
v -3.10486740 2.80316028 -1.32087732
v -3.11111615 2.79951312 -1.31354617
v -3.12023626 2.81713824 -1.31368690
v -3.10480351 2.80336661 -1.30578663
v -3.11136924 2.79940600 -1.31348407
v -3.09317773 2.79446331 -1.31331137
v -3.09325170 3.16339406 -1.31337364
v -3.08768834 3.15971514 -1.32082896
v -3.10492342 3.15474510 -1.32077590
v -3.08754412 3.15970653 -1.30583208
v -2.53832582 3.16357531 -1.31341853
v -2.54433084 3.15981706 -1.30602509
v -3.11112133 2.79942262 -1.31345392
v -3.10496571 2.80315571 -1.32075359
v -3.09318656 2.79441939 -1.31353651
v -3.10491162 2.80345783 -1.30595031
v -3.09334787 2.79430977 -1.31336242
v -3.08748809 2.79840809 -1.30587032
v -2.54414367 3.15967727 -1.32079409
v -2.53833409 3.16352734 -1.31327967
v -2.52680401 3.15466522 -1.30615579
v -3.09334983 2.79423595 -1.31333840
v -3.10498805 2.80313391 -1.32108380
v -3.08743486 2.79824416 -1.32077759
v -2.54429264 2.79838111 -1.30590628
v -2.53819734 2.79434739 -1.31330054
v -2.52687872 3.15473136 -1.32087411
v -2.54405323 3.15971461 -1.32064724
v -2.52675310 3.15473901 -1.30598922
v -2.52054532 3.15842245 -1.31352705
v -2.53842147 3.16351450 -1.31346964
v -2.53814068 2.79437635 -1.31344714
v -3.08733282 2.79836918 -1.32092451
v -2.54410784 2.79838086 -1.32093510
v -2.52680796 2.80330284 -1.30588831
v -2.54427281 2.79839995 -1.30592532
v -2.53846040 3.16352727 -1.31322677
v -2.52053252 3.15830164 -1.31354476
v -2.52663779 3.15471539 -1.32083180
v -2.51163622 3.14104998 -1.31342852
v -2.52063572 3.15848400 -1.31310573
v -2.52679107 3.15475938 -1.30613025
v -2.52685920 2.80303640 -1.32075085
v -2.52686456 2.80318232 -1.30596942
v -2.53832896 2.79460743 -1.31341455
v -2.52046442 2.79937989 -1.31351965
v -2.51158963 3.14088461 -1.31339021
v -2.52668519 3.15481574 -1.32090785
v -2.52054307 3.15860811 -1.31355497
v -2.51158570 3.14075925 -1.31335415
v -2.52679679 3.15463055 -1.30592983
v -2.51797381 3.13758638 -1.30600268
v -2.52053956 2.79930998 -1.31337038
v -2.53840581 2.79421963 -1.31360427
v -2.52689500 2.80330940 -1.32106876
v -2.51139465 2.81704151 -1.31339301
v -2.52671656 2.80314674 -1.30598551
v -2.52058874 2.79939259 -1.31332879
v -2.51150344 3.14096857 -1.31332823
v -2.51789561 3.13756432 -1.32096583
v -2.52692965 3.15487053 -1.32088881
v -2.51144882 3.14100388 -1.31337906
v -2.51785358 2.82033606 -1.30611824
v -2.51163568 2.81699667 -1.31368625
v -2.51797868 3.13729314 -1.30587955
v -2.51147144 2.81710969 -1.31361728
v -2.52061425 2.79960370 -1.31349085
v -2.52670583 2.80313679 -1.32086573
v -2.51124269 2.81712873 -1.31328129
v -2.51794204 2.82030290 -1.30613250
v -2.52670873 2.80325949 -1.30583222
v -2.51798619 2.82049819 -1.32092173
v -2.51144744 3.14067543 -1.31341316
v -2.51160772 2.81704610 -1.31331238
v -2.51789700 3.13754919 -1.32093173
v -2.51179211 2.81694318 -1.31339015
v -2.52691521 2.80326678 -1.32104014
v -2.51795321 2.82059903 -1.32079797
v -0.73089586 -4.06559849 -1.32093285
v -0.73087257 -4.05047432 -1.32087986
v -0.73302714 -4.05817565 -1.32075973
v -0.72530731 -4.07097591 -1.32084125
v -0.72519742 -4.04525045 -1.32096840
v -0.71761030 -4.07304664 -1.32089883
v -0.71783467 -4.04316341 -1.32094722
v -0.71024786 -4.07128172 -1.32101966
v -0.71017827 -4.04494750 -1.32087625
v -0.70471695 -4.06552754 -1.32104323
v -0.70474580 -4.05063155 -1.32097319
v -0.70281152 -4.05800611 -1.32085800
v -0.73083205 -4.06551042 -1.32107341
v -0.72531477 -4.07127715 -1.58668326
v -0.72531397 -4.07114822 -1.32095562
v -0.73069456 -4.06561204 -1.58680625
v -0.71774988 -4.07309972 -1.32086606
v -0.72523123 -4.07132789 -1.58673039
v -0.71765339 -4.07311672 -1.58688548
v -0.72529085 -4.07129081 -1.32096843
v -0.71002979 -4.07119208 -1.58691300
v -0.71773529 -4.07320041 -1.32102826
v -0.71771463 -4.07323234 -1.58684977
v -0.71011316 -4.07115186 -1.32077934
v -0.71018018 -4.07124833 -1.58693424
v -0.70471905 -4.06577435 -1.32087148
v -0.71008109 -4.07120204 -1.32093056
v -0.70453084 -4.06557640 -1.58679686
v -0.70462844 -4.06565005 -1.58669349
v -0.70261473 -4.05835161 -1.32084012
v -0.70468644 -4.06582436 -1.32080077
v -0.70271713 -4.05816635 -1.58706982
v -0.70271378 -4.05810826 -1.58679163
v -0.70470309 -4.05059239 -1.32099784
v -0.70274424 -4.05805120 -1.32109270
v -0.70478125 -4.05059060 -1.58686037
v -0.70465874 -4.05040249 -1.58688910
v -0.71026078 -4.04511872 -1.32113901
v -0.70460421 -4.05055563 -1.32084590
v -0.71023275 -4.04498971 -1.58688010
v -0.71769284 -4.04313391 -1.58673029
v -0.71035536 -4.04500543 -1.32089118
v -0.71015069 -4.04510481 -1.58692832
v -0.71782035 -4.04309866 -1.32093279
v -0.72539312 -4.04510878 -1.32110944
v -0.71780568 -4.04308891 -1.58665437
v -0.72513142 -4.04495146 -1.58677716
v -0.71776918 -4.04324513 -1.32095342
v -0.73085035 -4.05066562 -1.32082590
v -0.72532119 -4.04515925 -1.58702569
v -0.73066551 -4.05048951 -1.58686095
v -0.72525034 -4.04508868 -1.32084199
v -0.73077322 -4.05063520 -1.32098183
v -0.73295495 -4.05814436 -1.58673746
v -0.73300745 -4.05806133 -1.32087169
v -0.73087092 -4.05075319 -1.58691890
v -0.73288659 -4.05805088 -1.32086728
v -0.73083694 -4.06560811 -1.58694098
v -0.73080398 -4.06555334 -1.32095214
v -0.73283254 -4.05824897 -1.58687590
v -0.73075823 -4.05063954 -1.58670570
v -0.73074059 -4.06566047 -1.58675840
v -0.73269736 -4.05798043 -1.58695829
v -0.72536721 -4.04507581 -1.58693203
v -0.72509191 -4.07137427 -1.58683552
v -0.71791786 -4.04318225 -1.58672274
v -0.71777807 -4.07317594 -1.58680755
v -0.71028549 -4.04501705 -1.58679367
v -0.71023577 -4.07121758 -1.58683429
v -0.70462999 -4.05060649 -1.58686466
v -0.70486608 -4.06557796 -1.58692094
v -0.70261643 -4.05805504 -1.58672491
v -1.00678920 -3.07938155 -1.30574082
v -1.02197821 -3.09311551 -1.31348639
v -1.01579952 -3.09636240 -1.30600663
v -1.01565562 -3.41345356 -1.30595031
v -1.02205071 -3.09312982 -1.31334244
v -1.02199968 -3.41697760 -1.31338134
v -1.01572497 -3.09649437 -1.30584327
v -1.00679309 -3.07932669 -1.30598850
v -1.01316347 -3.07554186 -1.31328439
v -1.02194458 -3.09329608 -1.31334261
v -1.02208370 -3.09329149 -1.31337365
v -1.01565068 -3.41347475 -1.32098014
v -1.02215612 -3.41692342 -1.31358309
v -1.01553656 -3.09648618 -1.32089864
v -1.00669409 -3.43066251 -1.30602216
v -1.01578667 -3.41346118 -1.30570150
v -1.02208066 -3.41700507 -1.31353248
v -1.00675207 -3.07942066 -1.30591795
v -0.99516332 -3.07043043 -1.31344425
v -1.01283839 -3.07550718 -1.31322766
v -1.00676900 -3.07914843 -1.32089743
v -1.02205289 -3.09311114 -1.31343815
v -1.01317841 -3.07550303 -1.31318746
v -1.00664559 -3.43079944 -1.32064906
v -1.02208674 -3.41705071 -1.31342335
v -1.01563732 -3.41346292 -1.32082925
v -1.00682961 -3.07922511 -1.32083641
v -1.01579461 -3.09653607 -1.32084928
v -1.02215249 -3.09307051 -1.31340225
v -1.00689897 -3.43065402 -1.30602244
v -1.02208079 -3.41697994 -1.31349397
v -1.01299630 -3.43454105 -1.31334222
v -0.99501927 -3.07044865 -1.31343865
v -1.00712909 -3.07923490 -1.32091846
v -1.01313076 -3.07557387 -1.31337082
v -0.98941983 -3.07436466 -1.30601512
v -0.99522009 -3.07048933 -1.31349234
v -1.00694404 -3.07919305 -1.30593320
v -1.00683729 -3.43085466 -1.32067332
v -1.01309590 -3.43449735 -1.31354223
v -1.02199540 -3.41689669 -1.31350884
v -1.00682490 -3.43089369 -1.30601642
v -1.01318666 -3.43454698 -1.31331341
v -0.99528462 -3.43964592 -1.31338587
v -0.99540130 -3.07044376 -1.31346716
v -0.98938916 -3.07462100 -1.32096192
v -1.00686813 -3.07921225 -1.32098799
v -0.98953096 -3.07437221 -1.30603771
v -0.44027155 -3.07053711 -1.31341292
v -0.44624260 -3.07433460 -1.30589200
v -1.01311662 -3.43461943 -1.31327500
v -1.00692328 -3.43089884 -1.32101956
v -0.99530710 -3.43962025 -1.31346850
v -0.98917000 -3.43583491 -1.30608380
v -0.44615056 -3.07422109 -1.32089993
v -0.44028151 -3.07043968 -1.31346536
v -0.44030314 -3.07058085 -1.31368232
v -0.42874240 -3.07920247 -1.30599185
v -0.42259354 -3.07554718 -1.31328819
v -0.44623971 -3.07433485 -1.30597637
v -0.98930192 -3.43581632 -1.32073211
v -0.44618465 -3.43567607 -1.30587636
v -0.44011959 -3.43942447 -1.31351972
v -0.44598689 -3.07449633 -1.32090570
v -0.42245556 -3.07565213 -1.31341182
v -0.42864309 -3.07920074 -1.32086873
v -0.44016685 -3.07045152 -1.31333164
v -0.41333064 -3.09292656 -1.31342866
v -0.42242461 -3.07552527 -1.31343667
v -0.42878047 -3.07918732 -1.30608129
v -0.44042109 -3.43962259 -1.31347491
v -0.98915601 -3.43572075 -1.32062308
v -0.44628083 -3.43582165 -1.32071086
v -0.42875918 -3.43085752 -1.30592871
v -0.44620767 -3.43582035 -1.30590367
v -0.41346440 -3.09310337 -1.31329973
v -0.42856516 -3.07920179 -1.32064467
v -0.42252045 -3.07561067 -1.31323025
v -0.41339581 -3.09314494 -1.31363828
v -0.42858413 -3.07920266 -1.30605808
v -0.41979531 -3.09642752 -1.30612127
v -0.42861598 -3.43076332 -1.32094441
v -0.42252416 -3.43460910 -1.31348980
v -0.41347125 -3.09331289 -1.31343677
v -0.41964959 -3.09648780 -1.32092267
v -0.42864459 -3.07922262 -1.32079935
v -0.41332262 -3.09322063 -1.31331320
v -0.41995836 -3.41352550 -1.30614839
v -0.41340877 -3.41714660 -1.31339868
v -0.41954114 -3.09670647 -1.30597241
v -0.42246181 -3.43457134 -1.31335565
v -0.41357935 -3.41680260 -1.31336613
v -0.42862247 -3.43079537 -1.30589774
v -0.42262365 -3.43447216 -1.31348056
v -0.41979947 -3.41346799 -1.32077640
v -0.41334452 -3.09307242 -1.31355562
v -0.41332370 -3.41693531 -1.31338806
v -0.41997928 -3.09652661 -1.32080003
v -0.41338964 -3.41695010 -1.31330195
v -0.41994479 -3.41367642 -1.30618161
v -0.42866767 -3.43073292 -1.30596308
v -0.41342044 -3.41717959 -1.31336890
v -0.42251506 -3.43438691 -1.31354672
v -0.42880768 -3.43075010 -1.32104270
v -0.41351681 -3.41682361 -1.31337269
v -0.42873557 -3.43060205 -1.32080834
v -0.41980835 -3.41359808 -1.32071645
v 0.92808188 2.11707533 -1.31331825
v 0.92185739 2.11374867 -1.32082135
v 0.91303173 2.13068757 -1.32089816
v 0.92191670 1.79658265 -1.32081623
v 0.92828524 2.11707796 -1.31344109
v 0.92829357 1.79295609 -1.31332934
v 0.92182517 2.11370630 -1.32078637
v 0.92830260 2.11675958 -1.31357197
v 0.91298430 2.13070783 -1.32090488
v 0.91916850 2.13446317 -1.31332738
v 0.92829739 2.11710863 -1.31352151
v 0.92207183 1.79646295 -1.30596257
v 0.92845598 1.79322701 -1.31357669
v 0.92194172 2.11369812 -1.30593693
v 0.92832295 1.79301518 -1.31342069
v 0.91294479 1.77914570 -1.32093316
v 0.92180712 1.79643323 -1.32092925
v 0.90132212 2.13975360 -1.31326697
v 0.91945604 2.13447223 -1.31338052
v 0.91300807 2.13071768 -1.32093193
v 0.92834887 2.11704524 -1.31320555
v 0.91909061 2.13469832 -1.31347083
v 0.91288827 2.13086768 -1.30598869
v 0.92842268 2.11675863 -1.31329788
v 0.91289620 2.13069980 -1.30619548
v 0.92191529 2.11349824 -1.30585350
v 0.92828295 1.79301383 -1.31352446
v 0.92173717 1.79638304 -1.30593097
v 0.91288181 1.77922075 -1.30598233
v 0.92822595 1.79312187 -1.31334492
v 0.91925678 1.77539417 -1.31341878
v 0.91284207 1.77925283 -1.32080542
v 0.91295917 2.13082062 -1.30583829
v 0.91935152 2.13432444 -1.31348804
v 0.90138079 2.13972013 -1.31345748
v 0.90157308 2.13967365 -1.31350888
v 0.91290509 2.13069552 -1.32102069
v 0.89553044 2.13586888 -1.32080647
v 0.92837941 1.79305146 -1.31350278
v 0.91295260 1.77919024 -1.30577972
v 0.91917725 1.77561328 -1.31338406
v 0.91914847 1.77561326 -1.31335808
v 0.90143329 1.77044755 -1.31338884
v 0.91305390 1.77946289 -1.32087849
v 0.89551259 2.13560621 -1.30599487
v 0.91303254 2.13096160 -1.30609567
v 0.90117910 2.13955456 -1.31344483
v 0.59378508 2.13984574 -1.31371336
v 0.89544313 2.13566879 -1.32080365
v 0.59978068 2.13572970 -1.32078932
v 0.91296198 1.77910996 -1.30598228
v 0.90128021 1.77021297 -1.31350640
v 0.91916355 1.77550541 -1.31341707
v 0.90140553 1.77061128 -1.31338902
v 0.89558600 1.77448439 -1.32073017
v 0.91290950 1.77932450 -1.32093177
v 0.59970428 2.13588221 -1.30596949
v 0.59382355 2.13947360 -1.31337693
v 0.58224899 2.13086123 -1.32077361
v 0.91307556 1.77940555 -1.30599739
v 0.89570083 1.77416319 -1.30586335
v 0.90128312 1.77026682 -1.31344017
v 0.59967014 1.77442915 -1.32093004
v 0.59373535 1.77046246 -1.31336770
v 0.59961343 2.13573745 -1.30610617
v 0.58227135 2.13077228 -1.30624043
v 0.59390898 2.13959073 -1.31351893
v 0.58245243 2.13082381 -1.32089597
v 0.57597888 2.13457825 -1.31332863
v 0.89557229 1.77439314 -1.30608095
v 0.59383772 1.77055584 -1.31340526
v 0.59976221 1.77430561 -1.30584805
v 0.58219086 1.77920076 -1.32098603
v 0.59973038 1.77432094 -1.32076303
v 0.58220937 2.13061260 -1.30597826
v 0.59376739 2.13954284 -1.31330818
v 0.57608921 2.13450374 -1.31342130
v 0.58213482 2.13063390 -1.32079313
v 0.56711824 2.11698658 -1.31352592
v 0.57602931 2.13454137 -1.31342369
v 0.58212056 1.77933165 -1.30600325
v 0.57592638 1.77531690 -1.31354337
v 0.58217714 1.77930718 -1.32077034
v 0.59369855 1.77051791 -1.31333544
v 0.58217979 2.13069593 -1.30579045
v 0.57601748 2.13461293 -1.31345385
v 0.56696889 2.11679210 -1.31344059
v 0.58213615 2.13067610 -1.32079991
v 0.57334362 2.11376217 -1.32087730
v 0.56708302 2.11698344 -1.31356851
v 0.58202598 1.77911003 -1.30600353
v 0.57615330 1.77544112 -1.31340161
v 0.59387692 1.77072239 -1.31347439
v 0.58220416 1.77927752 -1.32083673
v 0.57580379 1.77550586 -1.31348000
v 0.56698356 1.79301267 -1.31333440
v 0.58236760 2.13083197 -1.30589251
v 0.56690746 2.11685538 -1.31348099
v 0.57347324 2.11363666 -1.30588922
v 0.56701679 2.11697469 -1.31333206
v 0.57332903 1.79648293 -1.32080921
v 0.56716150 1.79317925 -1.31342066
v 0.57334956 2.11355412 -1.32113238
v 0.58233222 1.77933409 -1.30607074
v 0.56703430 1.79312095 -1.31352382
v 0.57618404 1.77552628 -1.31352495
v 0.58248249 1.77927916 -1.32091940
v 0.56707673 1.79320661 -1.31338484
v 0.57310058 1.79651434 -1.32085763
v 0.57338986 1.79658436 -1.30595688
v 0.56697448 2.11679436 -1.31334740
v 0.56697365 1.79313120 -1.31329750
v 0.57348873 2.11355911 -1.30607525
v 0.58217063 1.77914962 -1.30603996
v 0.57358455 1.79651011 -1.30598588
v 0.56700657 1.79317411 -1.31329436
v 0.76307167 1.94632767 -1.61673516
v 0.75639792 1.93978392 -1.58694727
v 0.75666126 1.93983572 -1.61712364
v 0.76341813 1.94621322 -1.58691649
v 0.75663484 1.93987057 -1.61700095
v 0.75668971 1.83957957 -1.61177786
v 0.75676203 1.83927739 -1.61695052
v 0.75671353 1.93987507 -1.58692525
v 0.76305954 1.96357329 -1.61711432
v 0.75663176 1.93973609 -1.61701282
v 0.75661941 1.97030006 -1.61711691
v 0.76314075 1.94625330 -1.61707231
v 0.86336323 1.96394981 -1.61709442
v 0.86335193 1.94638267 -1.61714315
v 0.86574056 1.95504812 -1.61720378
v 0.74780494 2.07279848 -1.61725193
v 0.73909296 1.97022270 -1.61692625
v 0.73928062 2.07065865 -1.61701323
v 0.73897149 1.93976848 -1.61704563
v 0.73919572 1.83949256 -1.61707325
v 0.74785421 1.83699065 -1.61720157
v 0.75656403 2.07062362 -1.61703288
v 0.75663505 1.83945932 -1.61686904
v 0.63230011 1.96378379 -1.61706729
v 0.63206964 1.94630195 -1.61703209
v 0.62994953 1.95493952 -1.61713925
v 0.73251782 1.96381979 -1.61676223
v 0.73270961 1.94645528 -1.61713890
v 0.86348962 1.94635027 -1.61163872
v 0.76291110 1.94619465 -1.61695462
v 0.86364901 1.94617327 -1.61713887
v 0.76294498 1.94622776 -1.58701690
v 0.73283935 1.94638995 -1.58692020
v 0.73280230 1.96389293 -1.58693441
v 0.73038539 1.95510777 -1.58693717
v 0.73902933 1.93979241 -1.58691764
v 0.73923306 1.97017959 -1.58695614
v 0.74799716 1.93740973 -1.58684214
v 0.74776732 1.97256261 -1.58696464
v 0.75680657 1.93982465 -1.58706909
v 0.75652833 1.97044770 -1.58688401
v 0.76304642 1.94633116 -1.58700983
v 0.76313277 1.96375004 -1.58692638
v 0.76531933 1.95507133 -1.58683113
v 0.75663902 1.93987645 -1.58701831
v 0.74784697 1.83709964 -1.60852199
v 0.75666481 1.83938206 -1.61188189
v 0.75664349 1.83931357 -1.61168042
v 0.74768920 1.83709904 -1.61708142
v 0.75662768 1.83942656 -1.61699019
v 0.86351099 1.96367676 -1.61694705
v 0.86336813 1.96379108 -1.61170377
v 0.86582001 1.95493687 -1.61713226
v 0.86578274 1.95518199 -1.61719398
v 0.86593601 1.95489379 -1.60866282
v 0.86352948 1.94616331 -1.61706571
v 0.74784249 1.83698017 -1.60843846
v 0.73907625 1.83958837 -1.61727510
v 0.74798530 1.83707333 -1.61706938
v 0.73920953 1.83952747 -1.61163485
v 0.73917961 1.93978954 -1.61710191
v 0.73904072 1.83930916 -1.61695150
v 0.73917690 1.93984920 -1.58698187
v 0.73258174 1.94620237 -1.58696277
v 0.73914737 1.93988194 -1.61721805
v 0.73910311 1.93983136 -1.58690819
v 0.73255455 1.94626923 -1.61708944
v 0.73271606 1.94628154 -1.58686821
v 0.63243124 1.94629399 -1.61699646
v 0.73276041 1.94615898 -1.61710779
v 0.63227970 1.94621107 -1.61159711
v 0.62992943 1.95490521 -1.61722664
v 0.63255251 1.94624325 -1.61695229
v 0.63235154 1.94642763 -1.61176906
v 0.63203214 1.96368596 -1.61707747
v 0.62986420 1.95509544 -1.61710537
v 0.63012404 1.95496672 -1.60856610
v 0.63212692 1.96391895 -1.61192712
v 0.73267475 1.96379827 -1.61718867
v 0.63218732 1.96385839 -1.61712521
v 0.73272246 1.96376602 -1.58691095
v 0.73903044 1.97032654 -1.58698476
v 0.73253774 1.96384471 -1.61695204
v 0.73259375 1.96380448 -1.58697692
v 0.73919406 1.97017529 -1.61714099
v 0.73902138 2.07071368 -1.61178243
v 0.73918471 1.97022212 -1.61705457
v 0.73900070 1.97023208 -1.58709991
v 0.73910700 2.07052596 -1.61705243
v 0.73910844 2.07068837 -1.61177340
v 0.74782622 2.07321355 -1.61691939
v 0.73913375 2.07052480 -1.61700537
v 0.74778044 2.07307637 -1.60863854
v 0.75664446 2.07080887 -1.61692216
v 0.74792298 2.07296007 -1.61717920
v 0.75675708 1.97023964 -1.61706043
v 0.75644676 2.07051716 -1.61196948
v 0.75666467 1.97023218 -1.58712880
v 0.75665162 2.07053793 -1.61730778
v 0.75671123 1.97044155 -1.61712299
v 0.76315764 1.96381199 -1.58698198
v 0.76331350 1.96369364 -1.61698733
v 0.75652358 1.97013055 -1.58686581
v 0.76299048 1.96381371 -1.58699582
v 0.86350148 1.96374054 -1.61700609
v 0.76299754 1.96381190 -1.61709263
v 0.86335708 1.96367366 -1.61182797
v 0.86322862 1.94648307 -1.61166900
v 0.76313740 1.94642109 -1.58716866
v 0.86590002 1.95486854 -1.60857392
v 0.86346763 1.94607623 -1.61169485
v 0.86359584 1.94627248 -1.61703741
v 0.75667466 2.07049246 -1.61176915
v 0.74794672 1.97262958 -1.58677855
v 0.75667777 1.97015089 -1.58689715
v 0.74794086 2.07293197 -1.60854613
v 0.73274816 1.96375498 -1.58685642
v 0.63238754 1.96369290 -1.61176628
v 0.73039003 1.95504174 -1.58685871
v 0.73261720 1.94611561 -1.58692658
v 0.62972550 1.95505984 -1.60845393
v 0.74791358 1.93741872 -1.58700317
v 0.73909059 1.83964689 -1.61168193
v 0.86581597 1.95499452 -1.60858718
v 0.76328460 1.96371106 -1.58701118
v 0.74781859 1.83707269 -1.60857407
v 0.74807449 1.83714707 -1.61722565
v 0.75651472 1.83940818 -1.61175795
v 0.86351374 1.96374685 -1.61178969
v 0.86570822 1.95492611 -1.60861588
v 0.86593481 1.95489795 -1.61694483
v 0.74784679 1.83698928 -1.60853379
v 0.73906410 1.83945236 -1.61178318
v 0.73907603 1.83940996 -1.61700128
v 0.63219717 1.94637624 -1.61167054
v 0.62999828 1.95507266 -1.61703296
v 0.63241165 1.94633343 -1.61173615
v 0.62997021 1.95519515 -1.60843913
v 0.63242852 1.96379866 -1.61690326
v 0.62990474 1.95512426 -1.60854489
v 0.63227927 1.96388635 -1.61168028
v 0.73906945 2.07064589 -1.61186022
v 0.74813662 2.07290146 -1.60855910
v 0.74788706 2.07309193 -1.61710672
v 0.73919818 2.07077341 -1.61172777
v 0.74784005 2.07304506 -1.60872698
v 0.75667484 2.07076656 -1.61174129
v 0.75642664 2.07055627 -1.61705993
v 0.86343182 1.96361881 -1.61189085
v 0.86590959 1.95503647 -1.60888038
v 0.74797526 2.07295651 -1.60861987
v 0.62979492 1.95507974 -1.60868297
v 0.74783960 1.83695989 -1.60883325
v 0.73497198 1.94738744 -1.32099956
v 0.73482958 1.96263221 -1.32097829
v 0.73287056 1.95521981 -1.32087674
v 0.74028130 1.94210735 -1.32100833
v 0.74030471 1.96812835 -1.32087395
v 0.74771260 1.94018359 -1.32085450
v 0.74800992 1.97008816 -1.32076424
v 0.75534798 1.94198266 -1.32092204
v 0.75548594 1.96792999 -1.32082801
v 0.76088455 1.94744071 -1.32088818
v 0.76071794 1.96262112 -1.32100476
v 0.76297948 1.95508493 -1.32059394
v 0.74007393 1.94189476 -1.32071646
v 0.73473544 1.94748015 -1.58688338
v 0.74028385 1.94219111 -1.58685632
v 0.73479120 1.94764254 -1.32096777
v 0.74786109 1.93995247 -1.32072864
v 0.74030332 1.94185126 -1.58678847
v 0.74776920 1.93990120 -1.58682565
v 0.74031356 1.94185909 -1.32092073
v 0.75529022 1.94200191 -1.58697765
v 0.74783535 1.94015704 -1.32100734
v 0.74787547 1.94008153 -1.58674223
v 0.75547510 1.94198406 -1.32079725
v 0.76087865 1.94771317 -1.58683454
v 0.75524600 1.94224301 -1.32096547
v 0.75545353 1.94208385 -1.58674930
v 0.76084404 1.94744579 -1.32090922
v 0.76122858 1.94754907 -1.58686052
v 0.76296241 1.95513035 -1.32073354
v 0.76090799 1.94743693 -1.32097940
v 0.76287675 1.95512344 -1.58680487
v 0.76301067 1.95521240 -1.58687935
v 0.76103392 1.96260736 -1.32096477
v 0.76288685 1.95499884 -1.32090816
v 0.76101848 1.96266575 -1.58682335
v 0.75551697 1.96809916 -1.58682008
v 0.76090771 1.96276629 -1.32074933
v 0.76086966 1.96264940 -1.58683147
v 0.75538429 1.96814790 -1.32089945
v 0.74789005 1.97006405 -1.58686595
v 0.75526807 1.96800300 -1.32092655
v 0.75549856 1.96823714 -1.58681913
v 0.74775101 1.97001203 -1.32087383
v 0.74029810 1.96795780 -1.32094987
v 0.74787203 1.97012985 -1.58695185
v 0.74033452 1.96813701 -1.58678500
v 0.74799085 1.97014183 -1.32090651
v 0.73505768 1.96255449 -1.32074802
v 0.74029538 1.96819116 -1.58700618
v 0.73491414 1.96249231 -1.58688892
v 0.74032234 1.96800878 -1.32120325
v 0.73503889 1.96251972 -1.32106086
v 0.73294494 1.95520353 -1.58686315
v 0.73279826 1.95490460 -1.32087721
v 0.73473225 1.96275766 -1.58687298
v 0.73287493 1.95494105 -1.32097900
v 0.73487616 1.94738906 -1.58676877
v 0.73475332 1.94753228 -1.32101283
v 0.73291347 1.95488196 -1.58686362
v 0.73482457 1.96236256 -1.58693830
v 0.73484929 1.94738735 -1.58688576
v 0.73253883 1.95503768 -1.58695488
v 0.74022728 1.96798875 -1.58689824
v 0.74029130 1.94202036 -1.58676469
v 0.74791913 1.97006239 -1.58673057
v 0.74777503 1.93992792 -1.58716526
v 0.75540520 1.96801786 -1.58673930
v 0.75535813 1.94192511 -1.58661929
v 0.76096359 1.96247796 -1.58701907
v 0.76078165 1.94761615 -1.58685508
v 0.76299027 1.95506528 -1.58692559
v -1.10228992 3.38310790 -1.32094710
v -1.10226615 3.39805799 -1.32091109
v -1.10413697 3.39059735 -1.32082439
v -1.09682536 3.37741907 -1.32078912
v -1.09666931 3.40362949 -1.32093847
v -1.08903472 3.37553851 -1.32095811
v -1.08923763 3.40558551 -1.32082627
v -1.08161095 3.37757788 -1.32072072
v -1.08162910 3.40360775 -1.32084525
v -1.07610166 3.38285645 -1.32102288
v -1.07608468 3.39817782 -1.32094301
v -1.07420278 3.39042439 -1.32090220
v -1.10219474 3.39815692 -1.32095818
v -1.09677480 3.40370076 -1.58686680
v -1.10221717 3.39791962 -1.58690432
v -1.09658047 3.40373654 -1.32094382
v -1.10218005 3.39809464 -1.32070292
v -1.10453864 3.39055158 -1.58719326
v -1.10419759 3.39072182 -1.32092896
v -1.10221318 3.39814040 -1.58673128
v -1.10449508 3.39052369 -1.32088526
v -1.10226860 3.38296026 -1.58694814
v -1.10225887 3.38305207 -1.32079775
v -1.10426449 3.39046560 -1.58684192
v -1.09660663 3.37746454 -1.32092665
v -1.10214900 3.38296481 -1.58687067
v -1.09671364 3.37757311 -1.58705677
v -1.10220373 3.38298446 -1.32092697
v -1.08909361 3.37555717 -1.32068587
v -1.09666344 3.37731859 -1.58691805
v -1.08915761 3.37551060 -1.58672519
v -1.09690714 3.37756464 -1.32090452
v -1.08165507 3.37750072 -1.58688206
v -1.08934501 3.37568692 -1.32101815
v -1.08909373 3.37547845 -1.58687235
v -1.08148387 3.37750027 -1.32079940
v -1.07617648 3.38308903 -1.58689580
v -1.08178247 3.37744628 -1.32083490
v -1.08162971 3.37755625 -1.58687567
v -1.07614113 3.38311993 -1.32089831
v -1.07614297 3.38288402 -1.58691910
v -1.07422826 3.39046877 -1.32089201
v -1.07597750 3.38316676 -1.32086171
v -1.07425887 3.39062196 -1.58668600
v -1.07426962 3.39047736 -1.58712595
v -1.07632376 3.39828842 -1.32071631
v -1.07407449 3.39060195 -1.32097443
v -1.07607669 3.39806879 -1.58664918
v -1.07606214 3.39819594 -1.58683677
v -1.08174086 3.40372368 -1.32095813
v -1.07630035 3.39821655 -1.32083149
v -1.08167605 3.40364944 -1.58658826
v -1.08943876 3.40560705 -1.58680872
v -1.08170535 3.40351369 -1.32075963
v -1.08143790 3.40370235 -1.58671852
v -1.08926763 3.40558830 -1.32087875
v -1.09662762 3.40357230 -1.32077636
v -1.08915674 3.40570928 -1.58668881
v -1.09665044 3.40350819 -1.58698096
v -1.08925841 3.40560586 -1.32092263
v -1.10227275 3.39811798 -1.58684417
v -1.10217041 3.38298327 -1.58673761
v -1.10451069 3.39059504 -1.58684623
v -1.09665425 3.40378303 -1.58675978
v -1.09669354 3.37747784 -1.58678549
v -1.08921907 3.40557011 -1.58673425
v -1.08916764 3.37554367 -1.58685252
v -1.08176309 3.40338806 -1.58680310
v -1.08160644 3.37754409 -1.58696592
v -1.07621281 3.39808149 -1.58700401
v -1.07617957 3.38304926 -1.58685648
v -1.07427971 3.39052550 -1.58692724
v -1.08054773 3.37520692 -1.61706376
v -1.07407400 3.38198622 -1.58692746
v -1.08038814 3.37534179 -1.58700709
v -1.07391360 3.38183065 -1.61699300
v -1.08037411 3.27477231 -1.61699653
v -1.08044069 3.37534904 -1.58683863
v -1.08044682 3.27482717 -1.61171314
v -1.08020375 3.37521461 -1.61702094
v -1.07403421 3.39947012 -1.61705508
v -1.08055154 3.37513654 -1.61690610
v -1.08041966 3.40569519 -1.61707446
v -1.07399676 3.38169316 -1.61707865
v -0.97352139 3.39921272 -1.61694391
v -0.97366155 3.38180201 -1.61690245
v -0.97134789 3.39055609 -1.61700979
v -1.08910114 3.50842867 -1.61690591
v -1.09817639 3.40579660 -1.61716668
v -1.09799312 3.50623920 -1.61708254
v -1.09787095 3.37536669 -1.61698898
v -1.09792232 3.27473821 -1.61688745
v -1.08935437 3.27262519 -1.61702181
v -1.08058904 3.50613171 -1.61711458
v -1.08050760 3.27498910 -1.61703179
v -1.20477914 3.39936399 -1.61719582
v -1.20474479 3.38165400 -1.61709920
v -1.20720309 3.39041580 -1.61699626
v -1.10422867 3.39930896 -1.61698382
v -1.10447270 3.38183360 -1.61688492
v -0.97351801 3.38166665 -1.61175045
v -1.07403381 3.38174815 -1.61685890
v -0.97365371 3.38169656 -1.61698525
v -1.07408485 3.38166369 -1.58715332
v -1.10452799 3.38170989 -1.58700920
v -1.10434510 3.39936073 -1.58678591
v -1.10670088 3.39052872 -1.58692831
v -1.09774663 3.37536777 -1.58685473
v -1.09782924 3.40571939 -1.58685521
v -1.08914731 3.37295996 -1.58678603
v -1.08928478 3.40809934 -1.58697201
v -1.08055414 3.37545938 -1.58696181
v -1.08054523 3.40570795 -1.58701927
v -1.07385155 3.38184215 -1.58681404
v -1.07397485 3.39938958 -1.58703409
v -1.07156725 3.39052223 -1.58688843
v -1.08043118 3.37523607 -1.58678086
v -1.08923645 3.27282536 -1.60858830
v -1.08040565 3.27502107 -1.61168739
v -1.08034507 3.27496408 -1.61699870
v -1.08927049 3.27248063 -1.60842089
v -1.08913509 3.27261294 -1.61720816
v -1.08028160 3.27495979 -1.61189476
v -1.07402980 3.39942463 -1.61702859
v -1.08029407 3.40542413 -1.58682127
v -1.07405135 3.39938200 -1.58697172
v -1.08035818 3.40584927 -1.61694102
v -1.07397495 3.39942123 -1.58688669
v -0.97366173 3.39933981 -1.61693275
v -1.07420983 3.39949826 -1.61706849
v -0.97349212 3.39932445 -1.61190909
v -0.97140317 3.39049285 -1.61720108
v -0.97351252 3.39918624 -1.61195215
v -0.97115332 3.39053491 -1.60871122
v -0.97366985 3.39931971 -1.61706722
v -0.97364108 3.38150720 -1.61715114
v -0.97139034 3.39053224 -1.60857316
v -0.97360681 3.38174465 -1.61178550
v -0.97144640 3.39063534 -1.61698487
v -1.08913122 3.27262243 -1.60870222
v -1.09801514 3.27492587 -1.61714861
v -1.08904315 3.27264164 -1.61688882
v -1.09787620 3.27498367 -1.61179139
v -1.09796477 3.37529510 -1.58703599
v -1.09807708 3.27498905 -1.61718629
v -1.09799454 3.27481017 -1.61163507
v -1.09798901 3.37532358 -1.61702951
v -1.10443443 3.38163614 -1.58698806
v -1.09782448 3.37537729 -1.61693855
v -1.09771707 3.37537301 -1.58695784
v -1.10425951 3.38178415 -1.61716220
v -1.10452914 3.38170419 -1.58691264
v -1.20482282 3.38173679 -1.61717664
v -1.10444208 3.38178395 -1.61724436
v -1.20487414 3.38199951 -1.61164729
v -1.20701240 3.39034716 -1.60861956
v -1.20473801 3.38177086 -1.61696612
v -1.20474667 3.38183609 -1.61165448
v -1.20732502 3.39059500 -1.61717644
v -1.20474226 3.39947800 -1.61176942
v -1.20731062 3.39041781 -1.61706036
v -1.20721105 3.39072515 -1.60863615
v -1.20459705 3.39934119 -1.61717005
v -1.20455722 3.39931171 -1.61160656
v -1.10423910 3.39932705 -1.61698360
v -1.20468558 3.39948595 -1.61708257
v -1.10450326 3.39946298 -1.58687807
v -1.09816818 3.40588309 -1.58708152
v -1.10442850 3.39928171 -1.61708404
v -1.10439505 3.39924634 -1.58683301
v -1.09791788 3.40583914 -1.61692344
v -1.09784522 3.50617920 -1.61174040
v -1.09803401 3.40581520 -1.61708567
v -1.09815513 3.40581967 -1.58704533
v -1.09782234 3.50634950 -1.61697689
v -1.09808283 3.50616747 -1.61186562
v -1.08927398 3.50841999 -1.61706775
v -1.09796523 3.50615006 -1.61702333
v -1.08930172 3.50862908 -1.60849674
v -1.08926005 3.50855701 -1.61712203
v -1.08050353 3.50615199 -1.61166335
v -1.08044246 3.50618675 -1.61702547
v -1.08933468 3.50821870 -1.60875363
v -1.08048025 3.40568907 -1.61715403
v -1.08060500 3.50618043 -1.61165321
v -1.08027652 3.40583039 -1.58701849
v -1.08036346 3.50596626 -1.61696446
v -0.97350606 3.38168699 -1.61173130
v -1.07160609 3.39057378 -1.58675339
v -0.97122796 3.39043487 -1.60872872
v -1.08030152 3.50599264 -1.61174094
v -1.08057862 3.40583139 -1.58695281
v -1.08909297 3.50835926 -1.60876053
v -1.09800678 3.40571431 -1.58681519
v -1.20479952 3.39934668 -1.61179295
v -1.10661725 3.39033075 -1.58695945
v -1.20728843 3.39038923 -1.60841141
v -1.09784395 3.37544836 -1.58702607
v -1.09792451 3.27500700 -1.61175764
v -0.97352706 3.39945987 -1.61168419
v -0.97110946 3.39067324 -1.60863264
v -1.08913473 3.27248248 -1.60877198
v -1.20467600 3.38168415 -1.61172917
v -1.20721819 3.39056321 -1.60846972
v -1.09784668 3.50614329 -1.61170759
v -1.08922050 3.50856478 -1.60870783
v -2.80055648 2.98779836 -1.61713308
v -2.80694615 2.99414601 -1.58707407
v -2.80065410 2.98778325 -1.58685893
v -2.80708239 2.99430033 -1.61701260
v -2.80072639 2.98773801 -1.58678891
v -2.70044264 2.98788709 -1.61712523
v -2.80056296 2.98770917 -1.61696498
v -2.70018411 2.98756659 -1.61194296
v -2.80069618 2.98763848 -1.61716425
v -2.80698564 2.96370332 -1.61712700
v -2.80712313 2.99407037 -1.61711332
v -2.80074411 2.97036269 -1.61691628
v -2.70024851 2.98788038 -1.61698556
v -2.70027452 2.97018644 -1.61707103
v -2.69772270 2.97907645 -1.61709579
v -2.81595046 3.09683489 -1.61704222
v -2.82457116 2.99422002 -1.61714559
v -2.82460317 3.09465900 -1.61726674
v -2.82473663 2.96364847 -1.61710934
v -2.82464900 2.86329515 -1.61705496
v -2.81613607 2.86103243 -1.61714447
v -2.80689563 3.09440887 -1.61719316
v -2.80716341 2.86349826 -1.61720400
v -2.93142571 2.98786741 -1.61703193
v -2.93158286 2.97018165 -1.61706903
v -2.93383931 2.97888987 -1.61698782
v -2.83102579 2.98785690 -1.61696580
v -2.83113015 2.97012708 -1.61687259
v -2.80729490 2.99431877 -1.61689065
v -2.80706585 3.09463633 -1.61144431
v -2.80715414 2.99430362 -1.58687594
v -2.80711930 3.09468387 -1.61697589
v -2.83110073 2.97032156 -1.58698622
v -2.83104862 2.98778922 -1.58675241
v -2.83326743 2.97907328 -1.58696474
v -2.82450982 2.96358162 -1.58702533
v -2.82451607 2.99426968 -1.58677961
v -2.81568477 2.96139016 -1.58705334
v -2.81599931 2.99659312 -1.58688586
v -2.80682821 2.96373975 -1.58684026
v -2.80682858 2.99427702 -1.58669524
v -2.80051925 2.97012011 -1.58706567
v -2.80063225 2.98785751 -1.58697165
v -2.79815684 2.97901412 -1.58695080
v -2.69790737 2.97894834 -1.60861550
v -2.70027005 2.98781083 -1.61189527
v -2.80070628 2.98764742 -1.58712489
v -2.69790734 2.97869289 -1.61720474
v -2.70032392 2.98758304 -1.61176688
v -2.69779882 2.97895167 -1.60873150
v -2.70016010 2.98781587 -1.61718738
v -2.82454766 2.99418455 -1.58693486
v -2.83108490 2.98769624 -1.61714375
v -2.83104853 2.98768922 -1.58698806
v -2.82457626 2.99415405 -1.61719735
v -2.82472628 3.09466794 -1.61159471
v -2.82463377 2.99414483 -1.61709722
v -2.82459636 2.99418744 -1.58668713
v -2.82464144 3.09456280 -1.61699791
v -2.82451138 3.09453324 -1.61183774
v -2.81584256 3.09695005 -1.61706105
v -2.82443465 3.09464049 -1.61691888
v -2.81572642 3.09677242 -1.60867460
v -2.81586576 3.09693786 -1.61703045
v -2.80715863 3.09462658 -1.61186201
v -2.80700331 3.09471664 -1.61702738
v -2.81581539 3.09716408 -1.60859187
v -2.70032484 2.97009633 -1.61710779
v -2.69785646 2.97890494 -1.60850871
v -2.70031744 2.97007205 -1.61182040
v -2.69785650 2.97894756 -1.61700199
v -2.70020321 2.97039601 -1.61156706
v -2.80060922 2.97028826 -1.61703044
v -2.70032293 2.97028658 -1.61721252
v -2.80032836 2.97013705 -1.58699419
v -2.80709149 2.96371125 -1.61727413
v -2.80048606 2.97009763 -1.58705250
v -2.80713900 2.96380132 -1.58681056
v -2.80062260 2.97037973 -1.61692359
v -2.80707630 2.86327082 -1.61695707
v -2.80705817 2.96379941 -1.58687491
v -2.80704527 2.86334253 -1.61185629
v -2.80691659 2.96382439 -1.61698660
v -2.80713265 2.86344572 -1.61715330
v -2.81592200 2.86117841 -1.60839808
v -2.81575845 2.86082653 -1.61699545
v -2.80717585 2.86344747 -1.61161144
v -2.81585870 2.86083700 -1.60863623
v -2.82473741 2.86336536 -1.61710240
v -2.81569123 2.86078492 -1.61712603
v -2.82466984 2.86330220 -1.61177436
v -2.82458739 2.96395117 -1.58694165
v -2.82482496 2.86335782 -1.61709953
v -2.82452818 2.86334796 -1.61163127
v -2.82477404 2.96352260 -1.61699902
v -2.83092231 2.97012295 -1.58688751
v -2.82465366 2.96397221 -1.61695235
v -2.82459632 2.96377955 -1.58677456
v -2.83102840 2.97021228 -1.61704432
v -2.83099550 2.97043827 -1.58696728
v -2.93135699 2.97009364 -1.61702162
v -2.83121935 2.97035199 -1.61695363
v -2.93142730 2.97006417 -1.61153510
v -2.93360777 2.97885794 -1.60867801
v -2.93150560 2.97012985 -1.61709319
v -2.93141355 2.97006552 -1.61165905
v -2.93380964 2.97896947 -1.61691053
v -2.93131140 2.98776462 -1.61180350
v -2.93375815 2.97894285 -1.61694319
v -2.93393435 2.97892542 -1.60865152
v -2.93146321 2.98776029 -1.61710111
v -2.93156952 2.98775467 -1.61166692
v -2.83127419 2.98776984 -1.61703685
v -2.93133457 2.98769690 -1.61705395
v -2.83098405 2.98771198 -1.58696843
v -2.80710042 3.09443752 -1.61170088
v -2.81580408 2.99654693 -1.58702941
v -2.81580936 3.09695119 -1.60866259
v -2.83119776 2.98780313 -1.58693979
v -2.93136513 2.98763340 -1.61202031
v -2.83101266 2.97016871 -1.58706511
v -2.93385540 2.97893095 -1.60868973
v -2.81577755 2.96122622 -1.58714100
v -2.82485769 2.86340975 -1.61209018
v -2.81582633 2.86105365 -1.60861968
v -2.70024728 2.97027001 -1.61181343
v -2.80065269 2.97038702 -1.58697670
v -2.82465569 3.09465268 -1.61173034
v -2.81585170 3.09695085 -1.60867251
v -2.69789254 2.97907593 -1.60858224
v -2.80718786 2.86327664 -1.61192231
v -2.81581929 2.86112892 -1.60867053
v -2.93128647 2.97013643 -1.61192513
v -2.93386651 2.97900121 -1.60859615
v -0.91345345 3.67948266 -1.30593951
v -0.92734340 3.69475103 -1.31339535
v -0.93066945 3.68858024 -1.30601635
v -1.24744691 3.68859844 -1.30589973
v -0.92744336 3.69466726 -1.31341765
v -1.25103822 3.69501948 -1.31351526
v -0.93050718 3.68835555 -1.30606072
v -0.90975247 3.68591442 -1.31345942
v -0.92715518 3.69481469 -1.31325447
v -0.91343718 3.67957174 -1.30598630
v -1.25104328 3.69483095 -1.31350050
v -0.93058521 3.68861509 -1.32071105
v -1.24782925 3.68852636 -1.32078420
v -0.92744372 3.69493727 -1.31335063
v -1.24750414 3.68837328 -1.30598926
v -1.25085837 3.69479960 -1.31347075
v -1.26499491 3.67947569 -1.30589339
v -0.90942434 3.68590905 -1.31332162
v -0.91359316 3.67960420 -1.30606369
v -0.90474823 3.66785529 -1.31334849
v -0.90978239 3.68591218 -1.31335874
v -0.91341681 3.67951790 -1.32070210
v -0.92720151 3.69505771 -1.31327911
v -1.24765290 3.68863727 -1.32081726
v -1.26497168 3.67956151 -1.32083878
v -1.25111394 3.69471251 -1.31339031
v -0.91331678 3.67957578 -1.32060776
v -0.93076688 3.68853527 -1.32072225
v -0.92715662 3.69494978 -1.31339533
v -1.25106478 3.69475749 -1.31345211
v -1.26882175 3.68590015 -1.31324899
v -1.26499376 3.67963855 -1.30578733
v -0.90968410 3.68587485 -1.31339255
v -0.90458701 3.66785659 -1.31332573
v -0.91338645 3.67943770 -1.32064830
v -0.91346026 3.67949033 -1.30599396
v -0.90842428 3.66212438 -1.30591861
v -0.90463852 3.66811726 -1.31342331
v -1.25107467 3.69497494 -1.31338761
v -1.26487327 3.67963406 -1.32081329
v -1.26857211 3.68579359 -1.31336737
v -1.26895600 3.68583452 -1.31333472
v -1.27371497 3.66794168 -1.31340656
v -1.26496275 3.67970224 -1.30592233
v -0.91352991 3.67986082 -1.32095470
v -0.90452146 3.66799380 -1.31332060
v -0.90833182 3.66230162 -1.32082580
v -0.90846768 3.11889218 -1.30601639
v -0.90450983 3.11306962 -1.31337109
v -0.90835149 3.66224635 -1.30608567
v -1.26882435 3.68570703 -1.31351940
v -1.26502772 3.67967956 -1.32094360
v -1.27381524 3.66783799 -1.31351862
v -1.26992748 3.66220295 -1.30585936
v -0.90851500 3.11908564 -1.32104690
v -0.90451339 3.11305840 -1.31330878
v -0.90449308 3.11314944 -1.31350439
v -0.91342084 3.10157803 -1.30605239
v -0.90960841 3.09537545 -1.31340031
v -0.90861189 3.11885616 -1.30600209
v -1.26981091 3.66217776 -1.32093651
v -1.26977813 3.11899782 -1.30586721
v -1.27390134 3.11296191 -1.31335702
v -0.91342926 3.10123405 -1.32082734
v -0.90470478 3.11318975 -1.31333732
v -0.90962705 3.09515596 -1.31332334
v -0.90871782 3.11882303 -1.32103283
v -0.90996017 3.09517674 -1.31339772
v -0.91349411 3.10159692 -1.30618679
v -0.92735898 3.08613240 -1.31338844
v -1.26997739 3.11897747 -1.32084198
v -1.27369868 3.11283353 -1.31341629
v -1.26999654 3.66218979 -1.32093939
v -1.26982209 3.11885337 -1.30588476
v -1.26491253 3.10146179 -1.30596962
v -0.90975981 3.09512966 -1.31356124
v -0.92718908 3.08613841 -1.31339347
v -0.91350196 3.10150888 -1.32080155
v -0.91341884 3.10162796 -1.30611821
v -0.93084797 3.09275396 -1.30608207
v -0.92733564 3.08648105 -1.31332345
v -1.26522905 3.10156473 -1.32081949
v -1.26894045 3.09538175 -1.31330784
v -0.91355474 3.10152200 -1.32078099
v -0.92738085 3.08619008 -1.31333742
v -0.93061666 3.09260869 -1.32098407
v -0.93078240 3.09266957 -1.30606565
v -1.25098179 3.08621448 -1.31356341
v -0.92761964 3.08623163 -1.31335192
v -1.24772415 3.09259966 -1.30606388
v -1.26879390 3.09516710 -1.31331444
v -1.25117165 3.08625736 -1.31337778
v -1.26470452 3.10145882 -1.30598730
v -1.26860098 3.09539102 -1.31328731
v -0.92729212 3.08607167 -1.31348474
v -1.24796748 3.09245996 -1.32063174
v -0.93059559 3.09257499 -1.32091909
v -1.25122588 3.08613117 -1.31338307
v -1.24761326 3.09261325 -1.30585546
v -1.26520394 3.10158308 -1.30578985
v -1.25105852 3.08615115 -1.31346434
v -1.25126160 3.08612932 -1.31360421
v -1.26869885 3.09522947 -1.31337763
v -1.26488084 3.10150643 -1.32094182
v -1.24779535 3.09264707 -1.32095755
v -1.25108092 3.08629147 -1.31342335
v -1.26493174 3.10145856 -1.32078663
v -2.86396451 -4.10501319 -1.32061554
v -2.88126296 -4.11388376 -1.32079012
v -2.86739584 -4.09859313 -1.31340106
v -2.86730189 -4.09855312 -1.31321607
v -2.54682553 -4.10491933 -1.32074317
v -2.86389143 -4.10481027 -1.32091728
v -2.54350215 -4.09855187 -1.31341557
v -2.88500366 -4.10768679 -1.31342498
v -2.86403624 -4.10507043 -1.30601622
v -2.54356625 -4.09853531 -1.31347865
v -2.86728092 -4.09878077 -1.31340818
v -2.54674581 -4.10506678 -1.30580858
v -2.52948913 -4.11381640 -1.32086800
v -2.54683593 -4.10522027 -1.32083208
v -2.54338482 -4.09858369 -1.31344557
v -2.88490327 -4.10768115 -1.31346364
v -2.88111520 -4.11387287 -1.32088391
v -2.89013976 -4.12533950 -1.31353081
v -2.86742627 -4.09860412 -1.31342926
v -2.88508581 -4.10769305 -1.31344357
v -2.88104133 -4.11393976 -1.30608229
v -2.86389743 -4.10505582 -1.30608088
v -2.52961544 -4.11387404 -1.30598747
v -2.54337602 -4.09861611 -1.31346457
v -2.54707270 -4.10512798 -1.30603231
v -2.52593708 -4.10777248 -1.31346119
v -2.88498141 -4.10780777 -1.31348293
v -2.89014533 -4.12564201 -1.31330731
v -2.88110603 -4.11407288 -1.30610516
v -2.88613964 -4.13135053 -1.32085632
v -2.52589177 -4.10759857 -1.31358315
v -2.52589664 -4.10760778 -1.31355422
v -2.52082901 -4.12535343 -1.31347480
v -2.52963683 -4.11386556 -1.32057111
v -2.88602397 -4.13132909 -1.30617587
v -2.88607663 -4.42719289 -1.32066902
v -2.88979746 -4.43283995 -1.31337710
v -2.88625478 -4.13118961 -1.32085246
v -2.52574493 -4.10766891 -1.31358575
v -2.52985164 -4.11397226 -1.30588474
v -2.52099988 -4.12547595 -1.31349192
v -2.52952572 -4.11385147 -1.32095123
v -2.52083354 -4.12534058 -1.31338188
v -2.52472147 -4.13145842 -1.32074913
v -2.88610846 -4.42706542 -1.30601211
v -2.89004237 -4.43284552 -1.31353680
v -2.88124731 -4.44458465 -1.32108668
v -2.52967639 -4.11372009 -1.30610085
v -2.52490859 -4.13134253 -1.30585702
v -2.52090430 -4.12564529 -1.31332325
v -2.52476685 -4.42714546 -1.32056821
v -2.52087580 -4.43317555 -1.31332782
v -2.88598438 -4.42715230 -1.30592174
v -2.88112224 -4.44454362 -1.30579427
v -2.88511401 -4.45084621 -1.31336816
v -2.52463093 -4.42733265 -1.30597281
v -2.52087759 -4.43309200 -1.31327503
v -2.52467342 -4.13116957 -1.30587286
v -2.52471730 -4.42727211 -1.32101427
v -2.52964427 -4.44460540 -1.32095254
v -2.88494099 -4.45088043 -1.31337900
v -2.86711155 -4.45982746 -1.31335690
v -2.88488433 -4.45064222 -1.31345531
v -2.88127192 -4.44464762 -1.32095871
v -2.52957874 -4.44459609 -1.30613805
v -2.52078922 -4.43315591 -1.31350656
v -2.52583065 -4.45099583 -1.31333863
v -2.52977479 -4.44482376 -1.32079683
v -2.86727367 -4.45988326 -1.31338469
v -2.88128862 -4.44453649 -1.30578434
v -2.88505715 -4.45093621 -1.31347313
v -2.86377555 -4.45355199 -1.32085848
v -2.52090214 -4.43306352 -1.31349003
v -2.52960047 -4.44465115 -1.30577860
v -2.52594823 -4.45066202 -1.31331764
v -2.52598497 -4.45071417 -1.31333638
v -2.54351859 -4.45986654 -1.31333165
v -2.52965908 -4.44453687 -1.32079114
v -2.86378174 -4.45350927 -1.30607694
v -2.54334888 -4.45991135 -1.31327890
v -2.86393064 -4.45353628 -1.32077442
v -2.54684186 -4.45331122 -1.32095591
v -2.86712472 -4.45986578 -1.31343965
v -2.52588168 -4.45077770 -1.31346024
v -2.52969406 -4.44464594 -1.30583458
v -2.54364192 -4.45994521 -1.31344347
v -2.54692773 -4.45359597 -1.32093070
v -2.54696723 -4.45338876 -1.30594008
v -2.86724483 -4.45990410 -1.31353872
v -2.54341093 -4.45990455 -1.31354927
v -2.86398994 -4.45346273 -1.30618627
v -2.54695617 -4.45335165 -1.30603662
v 0.13258935 1.94764513 -1.32088447
v 0.13251986 1.96255863 -1.32069038
v 0.13052732 1.95509368 -1.32081863
v 0.13798883 1.94208003 -1.32112201
v 0.13807468 1.96813461 -1.32090155
v 0.14549169 1.93995429 -1.32077625
v 0.14562164 1.97013376 -1.32093121
v 0.15296465 1.94190887 -1.32095209
v 0.15312645 1.96819269 -1.32115253
v 0.15850501 1.94751560 -1.32072565
v 0.15845711 1.96251367 -1.32078480
v 0.16067950 1.95481623 -1.32112783
v 0.13244081 1.94733527 -1.32092913
v 0.13814500 1.94197932 -1.58683479
v 0.13789742 1.94190379 -1.32085172
v 0.13257113 1.94760350 -1.58680164
v 0.14569168 1.93980750 -1.32079451
v 0.13776878 1.94204853 -1.58663230
v 0.14551835 1.94001849 -1.58687186
v 0.13791715 1.94197268 -1.32087720
v 0.15309725 1.94204599 -1.58687779
v 0.14538975 1.94011827 -1.32092511
v 0.14542984 1.93988429 -1.58694062
v 0.15304961 1.94199499 -1.32099222
v 0.15840381 1.94743636 -1.58668783
v 0.15309633 1.94210742 -1.32103783
v 0.15309305 1.94196954 -1.58661425
v 0.15876976 1.94732440 -1.32096747
v 0.15872524 1.94738473 -1.58709430
v 0.16060162 1.95510216 -1.32091316
v 0.15857161 1.94763399 -1.32088881
v 0.16054365 1.95498801 -1.58690023
v 0.16070623 1.95506790 -1.58702470
v 0.15865449 1.96242711 -1.32096301
v 0.16076172 1.95485868 -1.32099425
v 0.15855331 1.96243297 -1.58673456
v 0.15302549 1.96807331 -1.58687577
v 0.15869006 1.96260132 -1.32080136
v 0.15849088 1.96252510 -1.58676328
v 0.15314236 1.96813809 -1.32089934
v 0.14547928 1.97011054 -1.58687752
v 0.15312578 1.96799635 -1.32101492
v 0.15305596 1.96817055 -1.58672726
v 0.14547530 1.97014513 -1.32087801
v 0.13783918 1.96801118 -1.32083129
v 0.14565267 1.96998565 -1.58687036
v 0.13792528 1.96793371 -1.58691462
v 0.14562652 1.96999399 -1.32094380
v 0.13786674 1.96804202 -1.32113789
v 0.13251534 1.96277110 -1.58686497
v 0.13246355 1.96267443 -1.32099202
v 0.13816028 1.96807834 -1.58688777
v 0.13264753 1.96247849 -1.32087415
v 0.13042488 1.95494014 -1.58669120
v 0.13048028 1.95499486 -1.32070446
v 0.13258695 1.96277083 -1.58672924
v 0.13058809 1.95494750 -1.32078014
v 0.13245315 1.94759583 -1.58683677
v 0.13265071 1.94760172 -1.32102621
v 0.13059491 1.95498809 -1.58679084
v 0.13254600 1.96253809 -1.58686789
v 0.13257776 1.94759111 -1.58674821
v 0.13038606 1.95505203 -1.58676000
v 0.13830688 1.96804145 -1.58686662
v 0.13818764 1.94193537 -1.58689843
v 0.14571877 1.97017430 -1.58677917
v 0.14556654 1.93985386 -1.58685052
v 0.15307386 1.96789083 -1.58687412
v 0.15306939 1.94204550 -1.58688489
v 0.15867849 1.96251365 -1.58670451
v 0.15884792 1.94741684 -1.58672908
v 0.16070511 1.95513482 -1.58687488
v 0.15435398 1.93985763 -1.61703241
v 0.16092391 1.94648289 -1.58699333
v 0.15421375 1.93971882 -1.58678694
v 0.16082032 1.94625701 -1.61720500
v 0.15431074 1.93978440 -1.61687767
v 0.15434472 1.83955016 -1.61180598
v 0.15441860 1.83940951 -1.61697679
v 0.15444026 1.93967174 -1.58680196
v 0.16096380 1.96398838 -1.61703457
v 0.15444333 1.93984784 -1.61708412
v 0.15425516 1.97017742 -1.61703050
v 0.16077189 1.94635901 -1.61711774
v 0.26124424 1.96364805 -1.61709592
v 0.26112861 1.94633061 -1.61687219
v 0.26338919 1.95493467 -1.61709561
v 0.14521290 2.07309125 -1.61706085
v 0.13696701 1.97014441 -1.61707145
v 0.13661279 2.07038503 -1.61713126
v 0.13690438 1.93968575 -1.61682195
v 0.13685719 1.83938815 -1.61710880
v 0.14568299 1.83701642 -1.61708530
v 0.15451548 2.07073797 -1.61704450
v 0.15433302 1.83959664 -1.61695219
v 0.03007971 1.96366522 -1.61698660
v 0.03005620 1.94628983 -1.61699549
v 0.02746078 1.95502775 -1.61732770
v 0.13042547 1.96376489 -1.61703506
v 0.13044886 1.94634787 -1.61706556
v 0.26123252 1.94616021 -1.61166531
v 0.16084427 1.94624069 -1.61716799
v 0.26110226 1.94625217 -1.61705861
v 0.16068906 1.94624198 -1.58687427
v 0.13024875 1.94613984 -1.58704175
v 0.13034905 1.96389842 -1.58680775
v 0.12802612 1.95498416 -1.58706366
v 0.13683131 1.93983615 -1.58696753
v 0.13694177 1.97016361 -1.58687607
v 0.14544506 1.93749993 -1.58688435
v 0.14543831 1.97284765 -1.58681070
v 0.15417335 1.93983874 -1.58687627
v 0.15444728 1.97019753 -1.58701840
v 0.16069451 1.94618078 -1.58696204
v 0.16072111 1.96384666 -1.58703486
v 0.16309799 1.95505421 -1.58686091
v 0.15443008 1.93994271 -1.58693974
v 0.14553672 1.83707185 -1.60871625
v 0.15425013 1.83926131 -1.61187132
v 0.15434344 1.83959836 -1.61167242
v 0.14556950 1.83699562 -1.61694589
v 0.15439297 1.83940959 -1.61696086
v 0.26339242 1.95505149 -1.61697665
v 0.26098526 1.96378645 -1.61178700
v 0.26334103 1.95503720 -1.60863436
v 0.26107482 1.96373550 -1.61692664
v 0.26104728 1.94636613 -1.61707549
v 0.26356603 1.95497780 -1.60850353
v 0.26108967 1.94633788 -1.61164486
v 0.26340703 1.95510388 -1.61712500
v 0.14567414 1.83715527 -1.60866692
v 0.13678855 1.83945829 -1.61718980
v 0.14575155 1.83706817 -1.61697057
v 0.13690986 1.83932528 -1.61189036
v 0.13665350 1.83951126 -1.61178330
v 0.13687959 1.93991447 -1.61705879
v 0.13693631 1.83946822 -1.61713723
v 0.13686379 1.93977345 -1.58687876
v 0.13028503 1.94634302 -1.58693965
v 0.13676979 1.93976973 -1.61685334
v 0.13677278 1.93998284 -1.58724112
v 0.13035774 1.94622725 -1.61701150
v 0.13044228 1.94613804 -1.58669335
v 0.03007097 1.94628175 -1.61705096
v 0.13037615 1.94615305 -1.61708374
v 0.02992524 1.94618997 -1.61167879
v 0.02757209 1.95508128 -1.60849699
v 0.03003919 1.94638776 -1.61706989
v 0.03000963 1.94617950 -1.61186570
v 0.02763708 1.95506312 -1.61707901
v 0.03002651 1.96375266 -1.61190148
v 0.02748145 1.95503111 -1.61699980
v 0.02772834 1.95507990 -1.60866382
v 0.02987780 1.96361977 -1.61707589
v 0.03012133 1.96379918 -1.61169001
v 0.13040180 1.96389644 -1.61693846
v 0.03009618 1.96381835 -1.61726093
v 0.13045591 1.96384881 -1.58690986
v 0.13681011 1.97020459 -1.58708142
v 0.13029559 1.96395342 -1.61704630
v 0.13037052 1.96381279 -1.58682706
v 0.13669710 1.97028695 -1.61708922
v 0.13688751 2.07054230 -1.61156190
v 0.13684676 1.97039479 -1.61697751
v 0.13664997 1.97028977 -1.58686383
v 0.13686878 2.07064560 -1.61690788
v 0.13672144 2.07062868 -1.61166159
v 0.14550914 2.07285247 -1.61681598
v 0.13684989 2.07049136 -1.61698024
v 0.14556888 2.07296279 -1.60863505
v 0.15436364 2.07073278 -1.61707001
v 0.14559152 2.07305940 -1.61697990
v 0.15426481 1.97015308 -1.61708574
v 0.15424045 2.07046293 -1.61172486
v 0.15445334 1.97027465 -1.58703304
v 0.15404463 2.07063893 -1.61704462
v 0.16060882 1.96396838 -1.61696589
v 0.15436524 1.97038569 -1.58699093
v 0.16083127 1.96381341 -1.58692318
v 0.15461535 1.97033050 -1.61719767
v 0.16073377 1.96391421 -1.58709222
v 0.26105034 1.96372100 -1.61708264
v 0.16088322 1.96389469 -1.61702944
v 0.26120113 1.96394857 -1.61190675
v 0.26116289 1.94628773 -1.61178701
v 0.16071026 1.94637235 -1.58693815
v 0.15446420 2.07075249 -1.61183268
v 0.14555574 1.97256349 -1.58695632
v 0.15428833 1.97011432 -1.58716760
v 0.14539969 2.07294898 -1.60853142
v 0.13022486 1.96380255 -1.58690623
v 0.02992419 1.96365960 -1.61182220
v 0.12802700 1.95502934 -1.58679161
v 0.13055835 1.94642672 -1.58695448
v 0.02780877 1.95492431 -1.60856705
v 0.14561749 1.93744792 -1.58696136
v 0.13676675 1.83951422 -1.61173803
v 0.26354968 1.95514577 -1.60877981
v 0.16077038 1.96380507 -1.58712266
v 0.14553414 1.83704695 -1.60870863
v 0.14554445 1.83698350 -1.61711966
v 0.15440821 1.83933798 -1.61190598
v 0.26122757 1.96390554 -1.61177434
v 0.26340501 1.95482154 -1.60869189
v 0.14565962 1.83706925 -1.60846196
v 0.02988804 1.94613502 -1.61196490
v 0.02735868 1.95474292 -1.60880174
v 0.13692243 2.07070275 -1.61177885
v 0.14555469 2.07308774 -1.60851394
v 0.14546401 2.07293663 -1.61716333
v 0.13673114 2.07074362 -1.61177239
v 0.14551300 2.07287203 -1.60877632
v 0.15448878 2.07053830 -1.61181953
v 0.15444869 2.07079214 -1.61710038
v 0.14567192 2.07324624 -1.60843287
v -2.69026570 -4.27008024 -1.61713237
v -2.69665422 -4.26374389 -1.58702167
v -2.69036472 -4.27025050 -1.58683577
v -2.69656531 -4.26373101 -1.61707884
v -2.69017780 -4.27020640 -1.58696555
v -2.58992672 -4.27029233 -1.61712706
v -2.69013829 -4.27013195 -1.61695694
v -2.59013034 -4.27019416 -1.61182792
v -2.69052513 -4.27027263 -1.61700642
v -2.69665354 -4.29420182 -1.61707246
v -2.69660418 -4.26383357 -1.61710911
v -2.69031113 -4.28762332 -1.61700958
v -2.58995078 -4.27033476 -1.61698862
v -2.58980841 -4.28789546 -1.61723038
v -2.58765455 -4.27885757 -1.61693519
v -2.70532632 -4.16108696 -1.61714290
v -2.71427363 -4.26403952 -1.61695834
v -2.71410137 -4.16344588 -1.61715287
v -2.71411659 -4.29422528 -1.61702237
v -2.71433902 -4.39438611 -1.61711190
v -2.70568784 -4.39685588 -1.61692325
v -2.69669147 -4.16318691 -1.61689831
v -2.69657374 -4.39457295 -1.61695565
v -2.82099484 -4.27011565 -1.61709147
v -2.82102431 -4.28775245 -1.61694933
v -2.82340510 -4.27906705 -1.61692444
v -2.72072855 -4.27001985 -1.61707501
v -2.72071776 -4.28783866 -1.61702305
v -2.69664231 -4.26384986 -1.61695022
v -2.69661693 -4.16336138 -1.61168335
v -2.69651268 -4.26366749 -1.58694210
v -2.69662060 -4.16322093 -1.61720286
v -2.72053935 -4.28765138 -1.58700390
v -2.72081816 -4.27016110 -1.58697250
v -2.72291660 -4.27918415 -1.58683768
v -2.71402581 -4.29426653 -1.58704341
v -2.71401573 -4.26370193 -1.58692425
v -2.70530809 -4.29656762 -1.58700204
v -2.70525268 -4.26145409 -1.58688133
v -2.69669963 -4.29437388 -1.58684779
v -2.69653394 -4.26386973 -1.58670862
v -2.69003459 -4.28781809 -1.58695720
v -2.69015113 -4.27015437 -1.58702148
v -2.68783148 -4.27894372 -1.58718826
v -2.58746179 -4.27895671 -1.60870643
v -2.58985171 -4.27011401 -1.61184351
v -2.69040261 -4.27035744 -1.58695807
v -2.58732772 -4.27881610 -1.61721267
v -2.58989829 -4.27021435 -1.61170760
v -2.58752125 -4.27893214 -1.60872923
v -2.58997302 -4.27029529 -1.61703613
v -2.71417721 -4.16345331 -1.61184740
v -2.70535813 -4.16109082 -1.61713499
v -2.71410139 -4.16343203 -1.61723823
v -2.70536937 -4.16088297 -1.60862810
v -2.70536151 -4.16099597 -1.61687788
v -2.69682410 -4.16343424 -1.61168865
v -2.69661315 -4.16329480 -1.61706239
v -2.70537096 -4.16097980 -1.60853199
v -2.58976454 -4.28772623 -1.61699893
v -2.58735314 -4.27900668 -1.60869760
v -2.58969771 -4.28784373 -1.61171133
v -2.58723253 -4.27892459 -1.61699760
v -2.58959125 -4.28780487 -1.61174143
v -2.69010674 -4.28767951 -1.61702434
v -2.59005149 -4.28780052 -1.61701230
v -2.69018575 -4.28779372 -1.58689885
v -2.69669070 -4.29395589 -1.61702560
v -2.69027407 -4.28783766 -1.58689239
v -2.69657092 -4.29412657 -1.58685089
v -2.69048168 -4.28773806 -1.61693698
v -2.69650992 -4.39454119 -1.61712347
v -2.69670036 -4.29402450 -1.58697714
v -2.69668058 -4.39483698 -1.61190065
v -2.69669916 -4.29420629 -1.61703768
v -2.69660411 -4.39448666 -1.61702556
v -2.70542460 -4.39693236 -1.60848625
v -2.70536024 -4.39710351 -1.61706514
v -2.69659859 -4.39450969 -1.61192799
v -2.70543578 -4.39687373 -1.60868200
v -2.71424184 -4.39462274 -1.61697422
v -2.70552228 -4.39702286 -1.61718301
v -2.71397709 -4.39449685 -1.61175768
v -2.71415998 -4.29391737 -1.58691619
v -2.71401553 -4.39464172 -1.61717714
v -2.71423091 -4.39453843 -1.61170083
v -2.71420498 -4.29405153 -1.61693488
v -2.71399618 -4.29420860 -1.58706052
v -2.72061297 -4.28779642 -1.61702604
v -2.71427641 -4.29410447 -1.61695367
v -2.72057008 -4.28766694 -1.58687474
v -2.72065545 -4.28793952 -1.58701623
v -2.82097771 -4.28766433 -1.61723453
v -2.72046221 -4.28774506 -1.61693715
v -2.82108670 -4.28761679 -1.61185174
v -2.82315233 -4.27902968 -1.60845607
v -2.82102208 -4.28768822 -1.61694725
v -2.82093461 -4.28772916 -1.61181814
v -2.82328888 -4.27890667 -1.61714719
v -2.82101913 -4.27032712 -1.61174632
v -2.82341611 -4.27907891 -1.61717981
v -2.82327027 -4.27905166 -1.60857298
v -2.82124456 -4.27013040 -1.61711582
v -2.82087383 -4.27027199 -1.61163847
v -2.72066748 -4.27027057 -1.61696622
v -2.82093040 -4.27025308 -1.61701689
v -2.72076492 -4.27026795 -1.58693436
v -2.72050468 -4.27041155 -1.58710667
v -2.71438662 -4.26399515 -1.61697126
v -2.72071809 -4.27028952 -1.61700867
v -2.71413896 -4.26371398 -1.58676683
v -2.71427428 -4.16341604 -1.61182927
v -2.71408643 -4.26380408 -1.61710875
v -2.71417312 -4.26376879 -1.58685404
v -2.71410143 -4.16340299 -1.61708959
v -2.69670645 -4.16341947 -1.61153078
v -2.69662068 -4.26384573 -1.58681352
v -2.72067548 -4.27046119 -1.58697687
v -2.82102925 -4.27006363 -1.61161046
v -2.72290241 -4.27883580 -1.58699501
v -2.82344727 -4.27898841 -1.60860581
v -2.70539246 -4.29654825 -1.58691798
v -2.71414833 -4.29423057 -1.58686789
v -2.71421351 -4.39460236 -1.61177018
v -2.69649706 -4.29407003 -1.58686881
v -2.70541331 -4.39710488 -1.60857517
v -2.58992222 -4.28776984 -1.61177532
v -2.68787369 -4.27900569 -1.58699668
v -2.70530834 -4.16100378 -1.60859543
v -2.71414732 -4.26373625 -1.58694767
v -2.71426488 -4.16333230 -1.61169433
v -2.70544499 -4.16089513 -1.60870927
v -2.58739322 -4.27924256 -1.60857172
v -2.69656843 -4.39467684 -1.61185364
v -2.70547224 -4.39705244 -1.60853573
v -2.82082362 -4.28782710 -1.61171128
v -2.82344713 -4.27926676 -1.60867816
v -2.71842768 -4.28657581 -1.32093425
v -2.71837196 -4.27156908 -1.32086490
v -2.72051486 -4.27896797 -1.32079126
v -2.71292042 -4.29211079 -1.32089786
v -2.71293472 -4.26594508 -1.32099459
v -2.70536146 -4.29386479 -1.32114521
v -2.70531984 -4.26376326 -1.32081906
v -2.69784228 -4.29209641 -1.32095887
v -2.69780367 -4.26606468 -1.32089399
v -2.69228976 -4.28648621 -1.32091110
v -2.69241596 -4.27152214 -1.32071819
v -2.69025016 -4.27888026 -1.32093889
v -2.69790516 -4.29190131 -1.58677322
v -2.69248938 -4.28649057 -1.32093075
v -2.69804257 -4.29199623 -1.32089346
v -2.69243357 -4.28657246 -1.58666755
v -2.69241280 -4.28649922 -1.58690373
v -2.69046958 -4.27887924 -1.32084264
v -2.69246363 -4.28651016 -1.32098618
v -2.69044022 -4.27890324 -1.58692406
v -2.69042100 -4.27894989 -1.58688154
v -2.69235023 -4.27137505 -1.32088227
v -2.69021258 -4.27897584 -1.32088248
v -2.69225770 -4.27161587 -1.58696865
v -2.69241300 -4.27141394 -1.58677222
v -2.69800194 -4.26591899 -1.32095860
v -2.69249481 -4.27149047 -1.32091738
v -2.69799962 -4.26588410 -1.58710564
v -2.70540587 -4.26384629 -1.58683499
v -2.69795453 -4.26609127 -1.32097057
v -2.69794446 -4.26611466 -1.58682838
v -2.70534613 -4.26399899 -1.32090666
v -2.71285110 -4.26581867 -1.32103365
v -2.70531873 -4.26390654 -1.58684477
v -2.71271629 -4.26595243 -1.58708544
v -2.70533562 -4.26396121 -1.32092442
v -2.71304298 -4.26592993 -1.32076895
v -2.71833980 -4.27146130 -1.58687336
v -2.71833464 -4.27136779 -1.32075392
v -2.71295797 -4.26590551 -1.58684082
v -2.71842866 -4.27147020 -1.32086179
v -2.72035861 -4.27901735 -1.58675266
v -2.72055823 -4.27882123 -1.32086528
v -2.71853591 -4.27165172 -1.58689008
v -2.72036398 -4.27908898 -1.32090047
v -2.71848474 -4.28649940 -1.58681215
v -2.71848052 -4.28641487 -1.32086378
v -2.72055700 -4.27880726 -1.58685019
v -2.71855002 -4.28634033 -1.32075997
v -2.71287307 -4.29176770 -1.58693678
v -2.71283267 -4.29213830 -1.32075283
v -2.71838060 -4.28639445 -1.58694503
v -2.70542138 -4.29404709 -1.32092762
v -2.71292741 -4.29191471 -1.58668834
v -2.70527016 -4.29396795 -1.58696493
v -2.71294624 -4.29216045 -1.32087206
v -2.69771251 -4.29193135 -1.58679591
v -2.70539504 -4.29410427 -1.32070349
v -2.70528223 -4.29409325 -1.58688903
v -2.69795575 -4.29190693 -1.32094093
v -2.71849487 -4.27123404 -1.58688693
v -2.71832223 -4.28660312 -1.58688083
v -2.72051270 -4.27886458 -1.58689509
v -2.71279487 -4.26598758 -1.58687875
v -2.71283002 -4.29211497 -1.58685131
v -2.70546161 -4.26392932 -1.58678998
v -2.70538474 -4.29392621 -1.58676831
v -2.69795093 -4.26590886 -1.58688233
v -2.69800428 -4.29205104 -1.58680158
v -2.69258452 -4.27141299 -1.58672865
v -2.69234612 -4.28659593 -1.58671689
v -2.69034750 -4.27883211 -1.58690956
v 0.32608737 2.11686576 -1.31329340
v 0.31938214 2.11361098 -1.32077050
v 0.31061683 2.13087715 -1.32086830
v 0.31948444 1.79653162 -1.32082650
v 0.32614992 2.11714318 -1.31328755
v 0.32586293 1.79308491 -1.31356167
v 0.31940645 2.11361005 -1.32083027
v 0.32571694 2.11704726 -1.31334170
v 0.31078011 2.13081546 -1.32102004
v 0.31698091 2.13461375 -1.31330205
v 0.32596322 2.11685754 -1.31334214
v 0.31959447 1.79657014 -1.30599546
v 0.32591056 1.79291602 -1.31353189
v 0.31953243 2.11328857 -1.30614071
v 0.32591340 1.79319584 -1.31330814
v 0.31071676 1.77934865 -1.32070295
v 0.31978671 1.79655758 -1.32090178
v 0.29909501 2.13947791 -1.31343373
v 0.31698136 2.13467587 -1.31331926
v 0.31070361 2.13090260 -1.32070190
v 0.32600229 2.11688720 -1.31346042
v 0.31690155 2.13448126 -1.31334136
v 0.31092142 2.13072777 -1.30574389
v 0.32583956 2.11696533 -1.31341302
v 0.31069880 2.13082922 -1.30607601
v 0.31951252 2.11378463 -1.30608537
v 0.32601546 1.79313057 -1.31332169
v 0.31956806 1.79640401 -1.30606328
v 0.31078395 1.77942084 -1.30587630
v 0.32593135 1.79314806 -1.31334607
v 0.31679626 1.77560467 -1.31357548
v 0.31083445 1.77925185 -1.32075637
v 0.31075062 2.13062645 -1.30597376
v 0.31682255 2.13458712 -1.31355153
v 0.29917619 2.13972297 -1.31344357
v 0.29936761 2.13948874 -1.31347847
v 0.31068107 2.13075641 -1.32091427
v 0.29336316 2.13574075 -1.32091982
v 0.32589140 1.79284659 -1.31322901
v 0.31057606 1.77929936 -1.30595582
v 0.31684323 1.77544224 -1.31353570
v 0.31664588 1.77560074 -1.31336649
v 0.29900019 1.77046769 -1.31345149
v 0.31062836 1.77926025 -1.32073475
v 0.29326843 2.13561217 -1.30589700
v 0.31060052 2.13084060 -1.30592012
v 0.29875365 2.13963792 -1.31349189
v -0.00847686 2.13980706 -1.31336639
v 0.29323899 2.13551391 -1.32068089
v -0.00263392 2.13583166 -1.32084557
v 0.31063413 1.77912345 -1.30593580
v 0.29897417 1.77057060 -1.31326326
v 0.31678142 1.77537855 -1.31353990
v 0.29899780 1.77043845 -1.31350656
v 0.29302959 1.77434987 -1.32100374
v 0.31055440 1.77926346 -1.32099435
v -0.00260556 2.13578975 -1.30592902
v -0.00836624 2.13973015 -1.31342800
v -0.02011674 2.13066050 -1.32074505
v 0.31052133 1.77938002 -1.30606823
v 0.29323730 1.77436829 -1.30615583
v 0.29915253 1.77038030 -1.31351630
v -0.00267246 1.77434257 -1.32076224
v -0.00835018 1.77048314 -1.31346293
v -0.00264296 2.13572904 -1.30608835
v -0.02011250 2.13076385 -1.30633466
v -0.00848164 2.13953260 -1.31328605
v -0.02000099 2.13059656 -1.32081524
v -0.02650174 2.13470934 -1.31351709
v 0.29322493 1.77444426 -1.30605108
v -0.00850250 1.77033602 -1.31329359
v -0.00242496 1.77433805 -1.30604599
v -0.02004767 1.77926358 -1.32080539
v -0.00260117 1.77439056 -1.32081820
v -0.02012401 2.13061023 -1.30607697
v -0.00846516 2.13971046 -1.31347282
v -0.02621533 2.13446755 -1.31346871
v -0.02007339 2.13092402 -1.32086961
v -0.03526610 2.11692377 -1.31344229
v -0.02612924 2.13463723 -1.31365249
v -0.01995215 1.77929112 -1.30610085
v -0.02628596 1.77547561 -1.31343738
v -0.01996802 1.77919618 -1.32083353
v -0.00841727 1.77041419 -1.31348566
v -0.01994754 2.13085344 -1.30588224
v -0.02627229 2.13467205 -1.31324437
v -0.03536507 2.11689620 -1.31328439
v -0.02001366 2.13090864 -1.32078547
v -0.02889686 2.11355583 -1.32087046
v -0.03527385 2.11693355 -1.31348541
v -0.01990715 1.77925220 -1.30591795
v -0.02640395 1.77548008 -1.31347100
v -0.00854054 1.77045606 -1.31332574
v -0.02005330 1.77943237 -1.32083172
v -0.02630841 1.77558151 -1.31347471
v -0.03544879 1.79317165 -1.31354160
v -0.02011312 2.13062539 -1.30592928
v -0.03545589 2.11702400 -1.31341536
v -0.02904150 2.11340174 -1.30602037
v -0.03525680 2.11700740 -1.31316984
v -0.02868450 1.79649019 -1.32084219
v -0.03545805 1.79303769 -1.31355323
v -0.02889329 2.11352844 -1.32074027
v -0.02001751 1.77918154 -1.30599174
v -0.03548127 1.79313708 -1.31340814
v -0.02640200 1.77555959 -1.31336274
v -0.01987303 1.77921608 -1.32079866
v -0.03531285 1.79330670 -1.31329028
v -0.02884338 1.79656686 -1.32089869
v -0.02898335 1.79636826 -1.30605602
v -0.03532185 2.11695327 -1.31343729
v -0.03513007 1.79321295 -1.31358711
v -0.02895781 2.11362436 -1.30594667
v -0.02001281 1.77919974 -1.30597870
v -0.02862376 1.79649935 -1.30603151
v -0.03535391 1.79308393 -1.31326898
v -2.82893397 4.57772488 -1.32087808
v -2.82893923 4.59258542 -1.32098502
v -2.83081019 4.58505285 -1.32055798
v -2.82327149 4.57220163 -1.32079895
v -2.82333489 4.59830313 -1.32091265
v -2.81570356 4.56990595 -1.32090443
v -2.81598152 4.60013851 -1.32081245
v -2.80825070 4.57206332 -1.32097407
v -2.80840363 4.59821105 -1.32094327
v -2.80295690 4.57759000 -1.32085014
v -2.80280823 4.59273154 -1.32093301
v -2.80075103 4.58502608 -1.32102302
v -2.82894762 4.57774757 -1.32081603
v -2.82333169 4.57218750 -1.58681668
v -2.82308554 4.57209736 -1.32072870
v -2.82886052 4.57765641 -1.58693911
v -2.81587513 4.57017519 -1.32103449
v -2.82340270 4.57210959 -1.58691614
v -2.81576282 4.57018445 -1.58686697
v -2.82330489 4.57219264 -1.32093121
v -2.80847251 4.57231179 -1.58696611
v -2.81574094 4.57033463 -1.32084206
v -2.81566553 4.57006794 -1.58683739
v -2.80816877 4.57205477 -1.32101874
v -2.80832655 4.57215154 -1.58683532
v -2.80287899 4.57771511 -1.32092208
v -2.80847187 4.57207536 -1.32088746
v -2.80276141 4.57776303 -1.58694552
v -2.80293440 4.57767012 -1.58700132
v -2.80082325 4.58512861 -1.32081417
v -2.80275985 4.57771039 -1.32100629
v -2.80097877 4.58519613 -1.58681198
v -2.80060523 4.58513465 -1.58700568
v -2.80284497 4.59279963 -1.32094886
v -2.80088862 4.58513149 -1.32083123
v -2.80294243 4.59256327 -1.58679066
v -2.80261606 4.59266722 -1.58672457
v -2.80842888 4.59813899 -1.32108225
v -2.80276131 4.59262012 -1.32085594
v -2.80823315 4.59818263 -1.58675643
v -2.81596992 4.60039064 -1.58694162
v -2.80836294 4.59814421 -1.32090978
v -2.80841912 4.59828411 -1.58682970
v -2.81553637 4.60027590 -1.32086922
v -2.82323968 4.59813018 -1.32099090
v -2.81588080 4.59995539 -1.58680989
v -2.82346895 4.59834955 -1.58700398
v -2.81584431 4.59992110 -1.32118141
v -2.82328697 4.59827388 -1.32100598
v -2.82881071 4.59272661 -1.58664601
v -2.82895666 4.59267261 -1.32085542
v -2.82336253 4.59845108 -1.58673365
v -2.82889921 4.59286554 -1.32095326
v -2.83104030 4.58524221 -1.58679577
v -2.83089518 4.58522367 -1.32108061
v -2.82894558 4.59269328 -1.58678584
v -2.83084276 4.58522526 -1.32089782
v -2.82899445 4.57759359 -1.58690327
v -2.82883351 4.57773589 -1.32099807
v -2.83094192 4.58515009 -1.58671204
v -2.82882892 4.59262026 -1.58683939
v -2.82899968 4.57776372 -1.58672912
v -2.83079379 4.58510053 -1.58685992
v -2.82345039 4.59837709 -1.58687694
v -2.82333461 4.57217609 -1.58690928
v -2.81579151 4.60027912 -1.58689877
v -2.81587658 4.57004467 -1.58675591
v -2.80823401 4.59826612 -1.58677324
v -2.80824712 4.57216638 -1.58687180
v -2.80272676 4.59275107 -1.58679847
v -2.80270416 4.57757830 -1.58702855
v -2.80079571 4.58522558 -1.58683678
v -0.70246537 -3.24628668 -1.61699528
v -0.70900049 -3.23981403 -1.58698584
v -0.70240563 -3.24608572 -1.58699882
v -0.70923716 -3.23995903 -1.61701590
v -0.70248418 -3.24629853 -1.58699058
v -0.60213489 -3.24616811 -1.61707986
v -0.70261180 -3.24621586 -1.61699989
v -0.60213359 -3.24637197 -1.61164695
v -0.70256444 -3.24634370 -1.61703803
v -0.70906572 -3.27017966 -1.61696032
v -0.70902095 -3.23953325 -1.61707793
v -0.70248323 -3.26387676 -1.61700630
v -0.60224969 -3.24622673 -1.61688826
v -0.60229922 -3.26396338 -1.61713795
v -0.59979759 -3.25495367 -1.61702862
v -0.71766514 -3.13710212 -1.61713475
v -0.72653226 -3.23991750 -1.61709832
v -0.72657509 -3.13957925 -1.61694296
v -0.72649857 -3.27040287 -1.61697425
v -0.72659030 -3.37067205 -1.61704863
v -0.71780135 -3.37285069 -1.61713894
v -0.70911731 -3.13953384 -1.61704179
v -0.70921240 -3.37074978 -1.61718673
v -0.83360043 -3.24629176 -1.61710335
v -0.83333606 -3.26383583 -1.61716923
v -0.83582171 -3.25494739 -1.61715992
v -0.73290354 -3.24623864 -1.61711688
v -0.73297082 -3.26390364 -1.61694431
v -0.70915243 -3.23982127 -1.61714671
v -0.70894306 -3.13950379 -1.61181910
v -0.70893933 -3.23988294 -1.58680621
v -0.70901009 -3.13945623 -1.61707826
v -0.73318677 -3.26385770 -1.58712321
v -0.73291370 -3.24651876 -1.58704992
v -0.73530589 -3.25486694 -1.58685666
v -0.72657950 -3.27027665 -1.58688491
v -0.72652098 -3.23996380 -1.58677048
v -0.71767760 -3.27253762 -1.58693925
v -0.71781130 -3.23739894 -1.58696698
v -0.70897650 -3.27016375 -1.58686986
v -0.70893225 -3.23976155 -1.58705130
v -0.70277807 -3.26356864 -1.58695322
v -0.70269115 -3.24619337 -1.58699080
v -0.70014177 -3.25500627 -1.58705230
v -0.59991088 -3.25516314 -1.60852762
v -0.60227602 -3.24625505 -1.61167933
v -0.70256333 -3.24628471 -1.58687591
v -0.59979882 -3.25521700 -1.61698827
v -0.60228217 -3.24613783 -1.61169628
v -0.59986327 -3.25494183 -1.60872761
v -0.60200132 -3.24643171 -1.61703368
v -0.72654238 -3.23998371 -1.58676240
v -0.73295228 -3.24641235 -1.61706575
v -0.73293361 -3.24619227 -1.58686173
v -0.72671510 -3.23982052 -1.61687326
v -0.72649531 -3.13946545 -1.61172464
v -0.72663527 -3.23983249 -1.61705608
v -0.72659038 -3.23968312 -1.58700241
v -0.72644600 -3.13936818 -1.61693237
v -0.72669153 -3.13944390 -1.61169806
v -0.71766904 -3.13710591 -1.61722035
v -0.72639457 -3.13943466 -1.61701391
v -0.71765827 -3.13716059 -1.60842293
v -0.71786647 -3.13697385 -1.61710474
v -0.70899874 -3.13957256 -1.61179148
v -0.70887995 -3.13954451 -1.61702519
v -0.71776179 -3.13722069 -1.60870563
v -0.60215304 -3.26392223 -1.61719990
v -0.59965136 -3.25525254 -1.60862351
v -0.60226311 -3.26382263 -1.61158939
v -0.59980501 -3.25501466 -1.61697754
v -0.60216627 -3.26367003 -1.61169505
v -0.70248934 -3.26396769 -1.61696599
v -0.60225414 -3.26388565 -1.61710448
v -0.70243270 -3.26375502 -1.58686364
v -0.70252626 -3.26369345 -1.61705931
v -0.70890060 -3.27017593 -1.58688985
v -0.70893686 -3.27018694 -1.61697212
v -0.70256710 -3.26396990 -1.58697049
v -0.70896601 -3.37059346 -1.61704558
v -0.70891496 -3.27028955 -1.58696325
v -0.70893341 -3.37057742 -1.61173408
v -0.70892564 -3.27030773 -1.61714897
v -0.70911346 -3.37042064 -1.61693905
v -0.71782430 -3.37295458 -1.60854804
v -0.71788817 -3.37297314 -1.61695027
v -0.70909256 -3.37051037 -1.61175320
v -0.71779106 -3.37316464 -1.60844124
v -0.72663267 -3.37076368 -1.61714019
v -0.71770591 -3.37325142 -1.61693497
v -0.72682020 -3.37065623 -1.61182510
v -0.72638053 -3.27013465 -1.58693662
v -0.72649294 -3.37068125 -1.61693014
v -0.72653416 -3.37056862 -1.61174555
v -0.72646806 -3.27021767 -1.61704634
v -0.72636633 -3.27023825 -1.58678006
v -0.73303847 -3.26386843 -1.61700412
v -0.72662152 -3.27026049 -1.61733058
v -0.73304386 -3.26387818 -1.58671952
v -0.73296078 -3.26382894 -1.58693072
v -0.83347238 -3.26378897 -1.61700923
v -0.73289293 -3.26389401 -1.61700772
v -0.83341118 -3.26372997 -1.61173238
v -0.83585498 -3.25495449 -1.60877488
v -0.83336933 -3.26374064 -1.61706218
v -0.83347081 -3.26386845 -1.61181375
v -0.83563551 -3.25497541 -1.61718403
v -0.83327787 -3.24617399 -1.61174367
v -0.83593753 -3.25494634 -1.61701614
v -0.83563737 -3.25527641 -1.60867642
v -0.83335145 -3.24634771 -1.61679393
v -0.83350307 -3.24619998 -1.61162809
v -0.73279426 -3.24618178 -1.61699599
v -0.83342754 -3.24628737 -1.61728048
v -0.73308726 -3.24628800 -1.58695406
v -0.70888381 -3.13939273 -1.61186565
v -0.71765929 -3.23744176 -1.58713617
v -0.70919481 -3.23984514 -1.58682585
v -0.71774167 -3.13702380 -1.60869683
v -0.73297987 -3.24634075 -1.58691565
v -0.83331380 -3.24641831 -1.61195005
v -0.73556593 -3.25503380 -1.58683968
v -0.73296389 -3.26380207 -1.58693258
v -0.83580783 -3.25494118 -1.60854595
v -0.71762908 -3.27241831 -1.58692232
v -0.72665958 -3.37062545 -1.61176029
v -0.70907303 -3.27037985 -1.58688865
v -0.71778342 -3.37298271 -1.60869635
v -0.60222378 -3.26382864 -1.61183490
v -0.70262093 -3.26406994 -1.58684028
v -0.72655189 -3.13941068 -1.61175145
v -0.71783870 -3.13695509 -1.60854815
v -0.59975943 -3.25504620 -1.60858957
v -0.70891895 -3.37064599 -1.61176449
v -0.71793055 -3.37294402 -1.60856577
v -0.83329156 -3.26399265 -1.61173744
v -0.83573264 -3.25512365 -1.60865378
v -0.73085750 -3.26261037 -1.32084173
v -0.73078708 -3.24745408 -1.32085231
v -0.73286118 -3.25507543 -1.32101100
v -0.72525000 -3.26818578 -1.32084328
v -0.72520289 -3.24199433 -1.32101814
v -0.71772241 -3.27009719 -1.32082524
v -0.71783879 -3.23991587 -1.32104288
v -0.71016871 -3.26803489 -1.32084309
v -0.71029495 -3.24194109 -1.32095283
v -0.70480181 -3.26264958 -1.32097033
v -0.70477702 -3.24735656 -1.32091424
v -0.70270159 -3.25498888 -1.32085575
v -0.73085556 -3.26257683 -1.32078073
v -0.72534125 -3.26811369 -1.58698717
v -0.72518889 -3.26802012 -1.32105700
v -0.73092316 -3.26260538 -1.58668285
v -0.71787251 -3.26982777 -1.32091517
v -0.72539030 -3.26818826 -1.58676454
v -0.71791957 -3.27010751 -1.58679094
v -0.72543581 -3.26806026 -1.32104125
v -0.71014238 -3.26815965 -1.58679991
v -0.71762465 -3.27001577 -1.32092900
v -0.71777005 -3.27016800 -1.58686513
v -0.71013350 -3.26799768 -1.32102664
v -0.71009242 -3.26816651 -1.58697676
v -0.70472478 -3.26246416 -1.32088249
v -0.71046305 -3.26801658 -1.32100452
v -0.70472592 -3.26248781 -1.58670065
v -0.70474719 -3.26257171 -1.58685487
v -0.70263347 -3.25519289 -1.32099874
v -0.70494567 -3.26241972 -1.32091596
v -0.70275412 -3.25492696 -1.58691675
v -0.70271901 -3.25494824 -1.58690276
v -0.70462167 -3.24741412 -1.32094168
v -0.70271193 -3.25498485 -1.32097860
v -0.70486658 -3.24749454 -1.58691847
v -0.70479634 -3.24755920 -1.58695866
v -0.71028823 -3.24221852 -1.32081865
v -0.70473939 -3.24759426 -1.32099167
v -0.71018311 -3.24201578 -1.58684521
v -0.71793638 -3.24007665 -1.58680289
v -0.71022718 -3.24179880 -1.32097814
v -0.71017665 -3.24215408 -1.58702379
v -0.71782662 -3.24004923 -1.32100762
v -0.72527605 -3.24201773 -1.32093208
v -0.71763994 -3.23993769 -1.58700162
v -0.72520760 -3.24193914 -1.58692054
v -0.71768909 -3.23989404 -1.32097943
v -0.72533015 -3.24191680 -1.32107542
v -0.73083986 -3.24765818 -1.58701136
v -0.73077622 -3.24723984 -1.32064515
v -0.72506543 -3.24202177 -1.58702994
v -0.73061657 -3.24760791 -1.32074334
v -0.73284426 -3.25504831 -1.58683621
v -0.73279966 -3.25499858 -1.32112384
v -0.73072902 -3.24753960 -1.58680999
v -0.73283243 -3.25508485 -1.32083404
v -0.73075230 -3.26250463 -1.58682924
v -0.73089885 -3.26254939 -1.32103684
v -0.73273326 -3.25520945 -1.58692664
v -0.73114267 -3.24765315 -1.58686806
v -0.73086360 -3.26261778 -1.58669755
v -0.73283480 -3.25512069 -1.58692050
v -0.72523352 -3.24205658 -1.58692079
v -0.72523301 -3.26807643 -1.58695642
v -0.71769863 -3.23993331 -1.58685278
v -0.71767260 -3.26993135 -1.58677136
v -0.71017498 -3.24203436 -1.58693957
v -0.71007082 -3.26810655 -1.58688353
v -0.70464959 -3.24742792 -1.58682232
v -0.70465674 -3.26248921 -1.58685360
v -0.70268251 -3.25491325 -1.58678558
v -0.73074056 -2.45961503 -1.32091612
v -0.73075643 -2.44457212 -1.32084071
v -0.73282963 -2.45191357 -1.32097405
v -0.72549179 -2.46507270 -1.32087504
v -0.72543297 -2.43883799 -1.32097506
v -0.71783495 -2.46697768 -1.32081123
v -0.71775899 -2.43679664 -1.32106872
v -0.71006788 -2.46496435 -1.32078406
v -0.71014644 -2.43891600 -1.32074438
v -0.70479294 -2.45941103 -1.32069745
v -0.70487591 -2.44440800 -1.32073757
v -0.70249863 -2.45209890 -1.32095530
v -0.72528681 -2.46503474 -1.32102259
v -0.73071322 -2.45931931 -1.58690295
v -0.72521976 -2.46487986 -1.58673468
v -0.73084434 -2.45954418 -1.32095178
v -0.71758584 -2.46700955 -1.32099850
v -0.72541353 -2.46491862 -1.58681141
v -0.71785512 -2.46693965 -1.58692523
v -0.72534312 -2.46500374 -1.32108573
v -0.71030602 -2.46512277 -1.58683630
v -0.71763865 -2.46683236 -1.32080313
v -0.71762966 -2.46702127 -1.58675676
v -0.71009960 -2.46518875 -1.32097595
v -0.70472405 -2.45918409 -1.58681107
v -0.71046708 -2.46506226 -1.32078382
v -0.71015962 -2.46491662 -1.58678684
v -0.70461614 -2.45959690 -1.32094981
v -0.70486527 -2.45948407 -1.58709580
v -0.70263056 -2.45191171 -1.32079214
v -0.70442796 -2.45944177 -1.32101168
v -0.70268781 -2.45181891 -1.58678238
v -0.70268427 -2.45216807 -1.58676698
v -0.70481018 -2.44457360 -1.32088817
v -0.70260135 -2.45201634 -1.32098759
v -0.70485265 -2.44434820 -1.58700288
v -0.70485180 -2.44450430 -1.58682045
v -0.71009481 -2.43897322 -1.32101746
v -0.70476493 -2.44438212 -1.32083511
v -0.71020890 -2.43904813 -1.58698555
v -0.71785567 -2.43689366 -1.58680717
v -0.71009577 -2.43893206 -1.32087954
v -0.71012813 -2.43903265 -1.58691647
v -0.71770828 -2.43688460 -1.32122133
v -0.72544273 -2.43892831 -1.32093348
v -0.71786254 -2.43678266 -1.58689051
v -0.72514941 -2.43895277 -1.58700461
v -0.71781330 -2.43684715 -1.32105246
v -0.72499299 -2.43909613 -1.32089009
v -0.73060624 -2.44437045 -1.58692485
v -0.73102845 -2.44442791 -1.32077231
v -0.72542707 -2.43883624 -1.58670422
v -0.73072011 -2.44431404 -1.32091978
v -0.73276486 -2.45204515 -1.58681427
v -0.73284219 -2.45210458 -1.32090275
v -0.73105063 -2.44444370 -1.58693311
v -0.73284183 -2.45203754 -1.32082580
v -0.73080602 -2.45946887 -1.58690186
v -0.73074759 -2.45936603 -1.32092043
v -0.73290846 -2.45198883 -1.58681999
v -0.73098397 -2.44442189 -1.58686381
v -0.73083264 -2.45932818 -1.58687443
v -0.73287861 -2.45197595 -1.58688243
v -0.72546700 -2.43868997 -1.58676918
v -0.72530025 -2.46506547 -1.58697567
v -0.71777598 -2.43696944 -1.58690722
v -0.71764807 -2.46703749 -1.58686145
v -0.71012689 -2.43895683 -1.58684934
v -0.71027528 -2.46480403 -1.58702922
v -0.70473615 -2.44442505 -1.58702669
v -0.70469787 -2.45932540 -1.58674372
v -0.70260962 -2.45194159 -1.58701223
v -0.70251245 -2.44329331 -1.61706707
v -0.70888502 -2.43679768 -1.58701223
v -0.70269551 -2.44324092 -1.58706605
v -0.70893220 -2.43664443 -1.61736001
v -0.70252217 -2.44332629 -1.58681758
v -0.60215122 -2.44309688 -1.61701010
v -0.70252809 -2.44315829 -1.61696347
v -0.60210389 -2.44309764 -1.61158375
v -0.70268798 -2.44313060 -1.61713360
v -0.70907309 -2.46715425 -1.61694173
v -0.70910325 -2.43676021 -1.61717446
v -0.70271984 -2.46071455 -1.61701069
v -0.60196942 -2.44325542 -1.61712291
v -0.60225217 -2.46061034 -1.61716979
v -0.59988873 -2.45197106 -1.61702764
v -0.71771739 -2.33400999 -1.61711421
v -0.72647519 -2.43668771 -1.61713803
v -0.72638106 -2.33618411 -1.61706451
v -0.72665068 -2.46701060 -1.61691055
v -0.72654044 -2.56760801 -1.61690725
v -0.71785979 -2.56976138 -1.61710136
v -0.70901273 -2.33632001 -1.61701317
v -0.70925094 -2.56750860 -1.61708696
v -0.83346805 -2.44319972 -1.61724871
v -0.83338962 -2.46082321 -1.61694419
v -0.83575852 -2.45183611 -1.61710041
v -0.73309402 -2.44291368 -1.61712991
v -0.73315760 -2.46089883 -1.61708712
v -0.70889926 -2.43689279 -1.61690194
v -0.70881516 -2.33593491 -1.61158604
v -0.70889481 -2.43668543 -1.58672999
v -0.70902090 -2.33632531 -1.61696705
v -0.73321105 -2.46081286 -1.58694705
v -0.73304309 -2.44308624 -1.58676353
v -0.73526352 -2.45194617 -1.58687940
v -0.72665109 -2.46711999 -1.58713391
v -0.72645022 -2.43682938 -1.58688303
v -0.71776144 -2.46937063 -1.58706630
v -0.71779224 -2.43428761 -1.58686413
v -0.70908448 -2.46708964 -1.58680332
v -0.70905197 -2.43662447 -1.58707971
v -0.70260752 -2.46050418 -1.58693863
v -0.70267531 -2.44306744 -1.58689016
v -0.70008956 -2.45198706 -1.58694248
v -0.59991211 -2.45190868 -1.60861213
v -0.60210501 -2.44327002 -1.61167129
v -0.70252548 -2.44319648 -1.58687305
v -0.59983677 -2.45186382 -1.61712086
v -0.60220068 -2.44320024 -1.61183890
v -0.59976863 -2.45187017 -1.60869733
v -0.60191244 -2.44316694 -1.61724086
v -0.72668933 -2.43685090 -1.58692182
v -0.73305854 -2.44320396 -1.61699326
v -0.73292157 -2.44323101 -1.58703156
v -0.72643652 -2.43676127 -1.61724956
v -0.72640762 -2.33635978 -1.61175617
v -0.72664458 -2.43677521 -1.61703862
v -0.72657627 -2.43660020 -1.58683068
v -0.72673683 -2.33644001 -1.61707303
v -0.72659415 -2.33623249 -1.61157465
v -0.71787872 -2.33399697 -1.61719490
v -0.72657964 -2.33624698 -1.61687035
v -0.71769206 -2.33397530 -1.60864739
v -0.71776572 -2.33398571 -1.61699486
v -0.70884846 -2.33640726 -1.61195887
v -0.70892973 -2.33625398 -1.61714720
v -0.71779302 -2.33388672 -1.60865323
v -0.60212315 -2.46061840 -1.61695881
v -0.59986538 -2.45173438 -1.60861283
v -0.60211372 -2.46077558 -1.61161311
v -0.59961000 -2.45190854 -1.61684260
v -0.60219722 -2.46074886 -1.61190982
v -0.70239761 -2.46079747 -1.61684098
v -0.60219767 -2.46056944 -1.61694720
v -0.70266138 -2.46076674 -1.58686893
v -0.70887426 -2.46705080 -1.61708030
v -0.70267284 -2.46070869 -1.58702850
v -0.70918438 -2.46724720 -1.58689526
v -0.70258961 -2.46081994 -1.61707698
v -0.70898477 -2.56740837 -1.61711067
v -0.70886843 -2.46708777 -1.58699678
v -0.70907710 -2.56754815 -1.61177459
v -0.70900329 -2.46730864 -1.61713809
v -0.70907663 -2.56754536 -1.61708490
v -0.71780679 -2.56984621 -1.60858359
v -0.71790929 -2.56988807 -1.61701534
v -0.70887036 -2.56757244 -1.61174632
v -0.71767405 -2.56999514 -1.60869474
v -0.72666901 -2.56749702 -1.61696160
v -0.71770499 -2.56989450 -1.61721339
v -0.72643789 -2.56742173 -1.61178297
v -0.72662184 -2.46717803 -1.58701472
v -0.72654402 -2.56754114 -1.61703324
v -0.72653346 -2.56763596 -1.61187941
v -0.72657361 -2.46713709 -1.61711207
v -0.72681194 -2.46717340 -1.58693754
v -0.73286636 -2.46068175 -1.61700953
v -0.72656254 -2.46715134 -1.61712571
v -0.73290265 -2.46063141 -1.58662431
v -0.73304576 -2.46039852 -1.58701504
v -0.83335370 -2.46078875 -1.61699065
v -0.73290864 -2.46077768 -1.61716481
v -0.83343382 -2.46067410 -1.61206085
v -0.83588060 -2.45192843 -1.60846953
v -0.83331786 -2.46074017 -1.61700633
v -0.83335716 -2.46070717 -1.61189340
v -0.83583762 -2.45204077 -1.61702433
v -0.83344558 -2.44313427 -1.61182645
v -0.83581183 -2.45192003 -1.61714663
v -0.83568668 -2.45193004 -1.60853978
v -0.83332136 -2.44321010 -1.61697389
v -0.83337471 -2.44299379 -1.61178878
v -0.73301921 -2.44320341 -1.61690894
v -0.83350001 -2.44314105 -1.61681296
v -0.73279925 -2.44314643 -1.58692178
v -0.70885978 -2.33627611 -1.61163844
v -0.71778343 -2.43426351 -1.58701056
v -0.70913431 -2.43671586 -1.58690268
v -0.71779768 -2.33387999 -1.60847985
v -0.73300251 -2.44315703 -1.58707466
v -0.83342517 -2.44327511 -1.61177883
v -0.73540678 -2.45198887 -1.58682206
v -0.73300242 -2.46063010 -1.58678004
v -0.83578484 -2.45187674 -1.60854930
v -0.71783668 -2.46969905 -1.58675683
v -0.72632941 -2.56759012 -1.61161439
v -0.70922688 -2.46704302 -1.58691255
v -0.71790404 -2.57001554 -1.60862308
v -0.60207066 -2.46063710 -1.61175567
v -0.70244113 -2.46076115 -1.58700796
v -0.72653269 -2.33623243 -1.61177610
v -0.71778184 -2.33401983 -1.60858090
v -0.59999397 -2.45175980 -1.60857142
v -0.70892979 -2.56735201 -1.61163805
v -0.71758717 -2.56990538 -1.60860967
v -0.83332063 -2.46088326 -1.61186002
v -0.83575482 -2.45204784 -1.60851268
v -1.00697515 -2.27614767 -1.30606399
v -1.02215419 -2.28989892 -1.31344857
v -1.01558800 -2.29348365 -1.30594935
v -1.01577670 -2.61064440 -1.30607314
v -1.02216004 -2.29001834 -1.31340257
v -1.02203594 -2.61392732 -1.31342078
v -1.01573653 -2.29333715 -1.30594868
v -1.00673396 -2.27632899 -1.30589557
v -1.01308514 -2.27235222 -1.31349878
v -1.02206115 -2.29004911 -1.31349446
v -1.02222881 -2.28986636 -1.31339876
v -1.01564653 -2.61070071 -1.32092920
v -1.02205362 -2.61392860 -1.31349534
v -1.01568022 -2.29352198 -1.32092670
v -1.00692557 -2.62766198 -1.30605657
v -1.01557432 -2.61060712 -1.30594156
v -1.02204757 -2.61403432 -1.31344100
v -1.00692148 -2.27629260 -1.30585743
v -0.99518519 -2.26743995 -1.31352711
v -1.01300139 -2.27247650 -1.31337362
v -1.00672871 -2.27618416 -1.32089774
v -1.02223707 -2.28999670 -1.31333660
v -1.01334042 -2.27242502 -1.31338355
v -1.00710521 -2.62766142 -1.32098581
v -1.02205504 -2.61369277 -1.31355377
v -1.01579555 -2.61048353 -1.32090999
v -1.00699325 -2.27618970 -1.32097030
v -1.01566799 -2.29357463 -1.32074421
v -1.02212391 -2.29018723 -1.31349901
v -1.00677426 -2.62770846 -1.30585761
v -1.02204592 -2.61392594 -1.31328205
v -1.01315424 -2.63152816 -1.31335737
v -0.99507425 -2.26740649 -1.31348758
v -1.00677172 -2.27622373 -1.32084540
v -1.01297442 -2.27252752 -1.31347891
v -0.98938671 -2.27114449 -1.30599336
v -0.99533900 -2.26737526 -1.31342963
v -1.00699018 -2.27614440 -1.30621617
v -1.00676530 -2.62776908 -1.32105103
v -1.01296153 -2.63150247 -1.31352768
v -1.02212823 -2.61392433 -1.31353093
v -1.00675028 -2.62775662 -1.30593993
v -1.01302558 -2.63149249 -1.31344542
v -0.99536920 -2.63658539 -1.31346187
v -0.99512611 -2.26728577 -1.31333801
v -0.98945011 -2.27126946 -1.32084012
v -1.00672003 -2.27624368 -1.32077266
v -0.98917272 -2.27142591 -1.30592191
v -0.44021500 -2.26745077 -1.31342505
v -0.44622776 -2.27122876 -1.30599323
v -1.01310150 -2.63144196 -1.31331990
v -1.00679586 -2.62765483 -1.32074786
v -0.99536278 -2.63649123 -1.31349362
v -1.00685994 -2.62766101 -1.30584927
v -0.99553500 -2.63646196 -1.31353924
v -0.98937631 -2.63253918 -1.30613328
v -0.44619009 -2.27120309 -1.32090333
v -0.44043273 -2.26735961 -1.31352936
v -0.42867098 -2.27617597 -1.30608113
v -0.99518204 -2.63656927 -1.31335328
v -1.00687194 -2.62772732 -1.32081483
v -0.98922422 -2.63261333 -1.32069210
v -0.44617330 -2.63255669 -1.30589403
v -0.44026538 -2.63641371 -1.31338966
v -0.42861252 -2.27617804 -1.32095763
v -0.44613726 -2.27132403 -1.32105024
v -0.42857416 -2.27623742 -1.30601263
v -0.42253566 -2.27257430 -1.31347964
v -0.44016687 -2.26745153 -1.31340638
v -0.44035655 -2.63649840 -1.31336496
v -0.98920269 -2.63266235 -1.32076378
v -0.44627010 -2.63260899 -1.32077264
v -0.42851621 -2.62774703 -1.30607365
v -0.44626341 -2.63278454 -1.30604477
v -0.44040540 -2.26740556 -1.31356804
v -0.42235138 -2.27237768 -1.31329912
v -0.42869119 -2.27618234 -1.32103708
v -0.41349552 -2.29021123 -1.31355635
v -0.42246582 -2.27244828 -1.31339313
v -0.42865984 -2.27621571 -1.30566131
v -0.42873707 -2.62758218 -1.32085709
v -0.42870500 -2.62757830 -1.30586459
v -0.44036377 -2.63654438 -1.31333775
v -0.42246186 -2.63160521 -1.31344411
v -0.41345299 -2.29008600 -1.31335629
v -0.42881325 -2.27618076 -1.32063649
v -0.42240875 -2.27253991 -1.31351386
v -0.41345284 -2.29000811 -1.31336328
v -0.42864221 -2.27617640 -1.30601607
v -0.41998836 -2.29338254 -1.30587397
v -0.42242746 -2.63125529 -1.31323755
v -0.44020672 -2.63669922 -1.31344051
v -0.42858594 -2.62773423 -1.32075065
v -0.41338900 -2.61381710 -1.31345048
v -0.42865255 -2.62749106 -1.30589431
v -0.42241760 -2.63132940 -1.31345454
v -0.41342038 -2.28997739 -1.31344687
v -0.41976271 -2.29361912 -1.32101119
v -0.42870449 -2.27622696 -1.32087000
v -0.41337556 -2.28994241 -1.31334097
v -0.41979634 -2.61041795 -1.30613676
v -0.41351717 -2.61383321 -1.31333857
v -0.41991307 -2.29341127 -1.30581366
v -0.41321579 -2.61378238 -1.31351812
v -0.42242106 -2.63156808 -1.31328342
v -0.42869058 -2.62762800 -1.32084094
v -0.41342550 -2.61369678 -1.31352318
v -0.41982456 -2.61033653 -1.30584744
v -0.42869249 -2.62778222 -1.30606202
v -0.41980654 -2.61043669 -1.32086278
v -0.41332615 -2.29004168 -1.31352972
v -0.41352372 -2.61395362 -1.31348014
v -0.41981948 -2.29350714 -1.32092057
v -0.41344350 -2.61396191 -1.31315576
v -0.42864520 -2.62753320 -1.32095195
v -0.41980183 -2.61041344 -1.32073585
v -0.87871202 2.11675055 -1.31342077
v -0.88514441 2.11345133 -1.32100965
v -0.89383582 2.13081666 -1.32083533
v -0.88517352 1.79652621 -1.32067022
v -0.87852216 2.11693863 -1.31354305
v -0.87881065 1.79313750 -1.31335752
v -0.88504668 2.11368974 -1.32083542
v -0.87863288 2.11689522 -1.31334713
v -0.89393689 2.13091345 -1.32087834
v -0.88788073 2.13463966 -1.31368196
v -0.87870861 2.11704286 -1.31355351
v -0.88517409 1.79680125 -1.30602041
v -0.87865196 1.79317665 -1.31346766
v -0.88510901 2.11356320 -1.30583109
v -0.87886335 1.79317004 -1.31347868
v -0.89384878 1.77923997 -1.32091521
v -0.88513570 1.79649680 -1.32075319
v -0.90558928 2.13957960 -1.31350875
v -0.88772536 2.13450330 -1.31334339
v -0.89399817 2.13076920 -1.32085494
v -0.87858359 2.11668406 -1.31335073
v -0.88766323 2.13457067 -1.31348205
v -0.89400303 2.13074263 -1.30606553
v -0.87874945 2.11687138 -1.31341766
v -0.89392301 2.13066649 -1.30617992
v -0.88501072 2.11349353 -1.30592362
v -0.87873729 1.79301024 -1.31337738
v -0.88517810 1.79647289 -1.30618854
v -0.89416812 1.77940669 -1.30606312
v -0.87877513 1.79307145 -1.31338770
v -0.88805272 1.77583429 -1.31339493
v -0.89378324 1.77906584 -1.32087394
v -0.89405688 2.13082543 -1.30593562
v -0.88783408 2.13452912 -1.31346482
v -0.90541185 2.13968458 -1.31330426
v -0.90559800 2.13970330 -1.31329702
v -0.89405411 2.13086746 -1.32082344
v -0.91120395 2.13572883 -1.32086528
v -0.87879499 1.79322200 -1.31353718
v -0.89398595 1.77919085 -1.30619958
v -0.88772683 1.77555416 -1.31346368
v -0.88764039 1.77544122 -1.31323513
v -0.90545828 1.77038669 -1.31368545
v -0.89399261 1.77937888 -1.32072744
v -0.91118034 2.13578598 -1.30585102
v -0.89398072 2.13061425 -1.30601185
v -0.90550553 2.13958819 -1.31354764
v -1.21306550 2.13966341 -1.31344278
v -0.91134179 2.13569341 -1.32092291
v -1.20715385 2.13580598 -1.32087891
v -0.89394583 1.77947046 -1.30587085
v -0.90578043 1.77044697 -1.31347325
v -0.88794508 1.77532013 -1.31345381
v -0.90569502 1.77035168 -1.31334857
v -0.91141510 1.77430265 -1.32078157
v -0.89403257 1.77929004 -1.32073600
v -1.20721618 2.13564750 -1.30606328
v -1.21316568 2.13955819 -1.31323953
v -1.22457110 2.13083563 -1.32078514
v -0.89382664 1.77932671 -1.30612287
v -0.91132242 1.77424451 -1.30590963
v -0.90549177 1.77059845 -1.31345166
v -1.20735478 1.77436326 -1.32070085
v -1.21328506 1.77039240 -1.31335064
v -1.20722269 2.13574863 -1.30597616
v -1.22466714 2.13072471 -1.30593300
v -1.21316735 2.13962317 -1.31356881
v -1.22481386 2.13076850 -1.32088347
v -1.23101003 2.13456611 -1.31334266
v -0.91147730 1.77443089 -1.30594463
v -1.21295802 1.77046589 -1.31347040
v -1.20721526 1.77436830 -1.30610187
v -1.22477969 1.77935566 -1.32100383
v -1.20743614 1.77446705 -1.32096736
v -1.22474590 2.13073570 -1.30600055
v -1.21325217 2.13950429 -1.31333681
v -1.23093788 2.13444699 -1.31342345
v -1.22471803 2.13087081 -1.32082250
v -1.23995050 2.11687628 -1.31335235
v -1.23092057 2.13462442 -1.31347131
v -1.22463667 1.77943032 -1.30599252
v -1.23105031 1.77561047 -1.31341560
v -1.22476283 1.77928381 -1.32091733
v -1.21338616 1.77064868 -1.31321802
v -1.22455894 2.13085795 -1.30597573
v -1.23083607 2.13455019 -1.31336611
v -1.23995466 2.11678446 -1.31343128
v -1.23389790 2.11371123 -1.32074646
v -1.22470188 1.77913874 -1.30596941
v -1.23099374 1.77543192 -1.31365366
v -1.21296951 1.77043553 -1.31339286
v -1.22472156 1.77928518 -1.32076168
v -1.23083600 1.77533013 -1.31335506
v -1.23990266 1.79301520 -1.31347584
v -1.23357237 2.11361344 -1.30596784
v -1.23971389 2.11685778 -1.31337796
v -1.23350288 1.79659136 -1.32071256
v -1.24010618 1.79334793 -1.31356862
v -1.23372801 2.11355524 -1.32088580
v -1.22452423 1.77916450 -1.30588459
v -1.23990416 1.79317295 -1.31355662
v -1.23098513 1.77535765 -1.31358983
v -1.23353954 1.79659693 -1.32088128
v -1.23372872 1.79644909 -1.30586613
v -1.23992936 2.11700331 -1.31343074
v -1.23982216 1.79314298 -1.31348327
v -1.23342710 2.11361304 -1.30585426
v -1.23364707 1.79645190 -1.30598759
v -1.05034960 1.93974532 -1.61700535
v -1.04386349 1.94624364 -1.58702292
v -1.05022768 1.93989676 -1.58708543
v -1.04393392 1.94629073 -1.61694702
v -1.05026300 1.94011647 -1.61719940
v -1.05032883 1.83929653 -1.61182857
v -1.05049319 1.83935289 -1.61714595
v -1.05018039 1.93972119 -1.58687186
v -1.04388444 1.96377609 -1.61725292
v -1.05040467 1.93987674 -1.61687644
v -1.05021020 1.97045861 -1.61691720
v -1.04392681 1.94638227 -1.61684796
v -0.94340835 1.96372857 -1.61700365
v -0.94331239 1.94619892 -1.61698720
v -0.94101439 1.95513002 -1.61703338
v -1.05904038 2.07307382 -1.61701834
v -1.06793789 1.97034352 -1.61728426
v -1.06793399 2.07080629 -1.61715507
v -1.06794728 1.93979316 -1.61708520
v -1.06768059 1.83938100 -1.61707141
v -1.05904496 1.83726991 -1.61693206
v -1.05019132 2.07056642 -1.61713137
v -1.05041424 1.83950522 -1.61712182
v -1.17468671 1.96384605 -1.61685932
v -1.17448851 1.94626568 -1.61694932
v -1.17721309 1.95508333 -1.61715803
v -1.07438668 1.96368855 -1.61698105
v -1.07414613 1.94636598 -1.61719432
v -0.94355341 1.94626847 -1.61175019
v -1.04386901 1.94622049 -1.61714665
v -0.94336524 1.94615355 -1.61693562
v -1.04384457 1.94625503 -1.58683630
v -1.07415117 1.94632190 -1.58701561
v -1.07431738 1.96380397 -1.58699865
v -1.07663309 1.95501111 -1.58684998
v -1.06795529 1.93967428 -1.58691431
v -1.06781454 1.97037027 -1.58698517
v -1.05895123 1.93750678 -1.58690129
v -1.05913502 1.97250355 -1.58688054
v -1.05038920 1.93996029 -1.58707042
v -1.05039658 1.97025496 -1.58694738
v -1.04382297 1.94634853 -1.58671754
v -1.04371099 1.96374130 -1.58697225
v -1.04157218 1.95504916 -1.58706065
v -1.05041525 1.93982048 -1.58695879
v -1.05904233 1.83713653 -1.60879143
v -1.05028378 1.83942610 -1.61168003
v -1.05028534 1.83935963 -1.61182221
v -1.05910087 1.83707142 -1.61708957
v -1.05032987 1.83943453 -1.61707331
v -0.94352151 1.96404681 -1.61696193
v -0.94349066 1.96382669 -1.61173973
v -0.94121682 1.95497327 -1.61721103
v -0.94122405 1.95507703 -1.61723815
v -0.94111584 1.95501160 -1.60870310
v -0.94338062 1.94626469 -1.61709643
v -1.05897724 1.83714248 -1.60865382
v -1.06802695 1.83939864 -1.61717636
v -1.05903780 1.83719212 -1.61689150
v -1.06789679 1.83952363 -1.61181633
v -1.06784931 1.83954871 -1.61175193
v -1.06779684 1.93993136 -1.61708536
v -1.06777914 1.83969115 -1.61703945
v -1.06785983 1.93989969 -1.58696237
v -1.06777425 1.93987887 -1.58697902
v -1.07432137 1.94634077 -1.61711055
v -1.06802839 1.93961792 -1.61702845
v -1.07440116 1.94610822 -1.58709950
v -1.07433463 1.94623542 -1.58688495
v -1.17463953 1.94643191 -1.61695067
v -1.07431345 1.94635797 -1.61701638
v -1.17479911 1.94631024 -1.61163692
v -1.17706964 1.95507148 -1.60861683
v -1.17458091 1.94628619 -1.61689346
v -1.17480250 1.94644364 -1.61175517
v -1.17704740 1.95496255 -1.61701586
v -1.17458106 1.96387930 -1.61177499
v -1.17721140 1.95502312 -1.61710530
v -1.17703331 1.95491754 -1.60860616
v -1.17478908 1.96378907 -1.61705034
v -1.17462724 1.96388566 -1.61178228
v -1.07461950 1.96378826 -1.61714029
v -1.17472760 1.96386388 -1.61694012
v -1.07413425 1.96384380 -1.58691504
v -1.07409688 1.96374672 -1.58689683
v -1.06769955 1.97020742 -1.61706575
v -1.07440422 1.96374513 -1.61691655
v -1.06771521 1.97014290 -1.58691302
v -1.06792005 2.07046462 -1.61174275
v -1.06793427 1.97038670 -1.61701639
v -1.06780008 1.97039411 -1.58699800
v -1.06772042 2.07032589 -1.61703396
v -1.06773891 2.07071008 -1.61158104
v -1.05920931 2.07290309 -1.61697352
v -1.06785392 2.07030343 -1.61714040
v -1.05898499 2.07281629 -1.61679445
v -1.05040112 2.07068180 -1.61172086
v -1.05032871 2.07056583 -1.61705452
v -1.05925282 2.07302134 -1.60865406
v -1.05045905 1.97036880 -1.61703498
v -1.05018561 2.07058368 -1.61196531
v -1.05018255 1.97019947 -1.58697956
v -1.05037684 2.07081792 -1.61707012
v -1.04387327 1.96410475 -1.61705219
v -1.05029760 1.97018392 -1.58716071
v -1.04388442 1.96399813 -1.58697695
v -1.05010508 1.97023184 -1.61704608
v -1.04395247 1.96389027 -1.58680193
v -0.94342595 1.96387182 -1.61705305
v -1.04383332 1.96372227 -1.61697472
v -0.94347247 1.96375098 -1.61192813
v -0.94344918 1.94630091 -1.61175582
v -1.04392000 1.94621589 -1.58687326
v -0.94124870 1.95492652 -1.60852595
v -0.94351137 1.94623869 -1.61161418
v -0.94337652 1.94618716 -1.61708930
v -1.05019511 2.07060725 -1.61181956
v -1.05894479 1.97250440 -1.58684691
v -1.05051783 1.97020446 -1.58692871
v -1.05902788 2.07279374 -1.60871728
v -1.07424741 1.96380401 -1.58705841
v -1.17467329 1.96395175 -1.61172487
v -1.07677163 1.95517672 -1.58687853
v -1.07426012 1.94628223 -1.58693080
v -1.17700402 1.95503292 -1.60870896
v -1.05906373 1.93730489 -1.58680285
v -1.06764185 1.83944911 -1.61165722
v -0.94119827 1.95515436 -1.60858735
v -1.04414339 1.96361204 -1.58697980
v -1.05918355 1.83721699 -1.60859572
v -1.05904853 1.83685803 -1.61696429
v -1.05037789 1.83938854 -1.61188315
v -0.94350470 1.96388733 -1.61193676
v -0.94108093 1.95498757 -1.60857532
v -0.94113238 1.95514473 -1.61698983
v -1.05906987 1.83687716 -1.60860918
v -1.17471164 1.94640098 -1.61154251
v -1.17697679 1.95495117 -1.60878542
v -1.06785789 2.07051108 -1.61179418
v -1.05907993 2.07293754 -1.60864021
v -1.05919943 2.07299726 -1.61708198
v -1.06778337 2.07082545 -1.61184748
v -1.05937480 2.07294641 -1.60862160
v -0.94341032 1.96382541 -1.61178243
v -0.94117865 1.95523117 -1.60864135
v -1.07201604 1.94765725 -1.32094955
v -1.07210913 1.96246953 -1.32080272
v -1.07406639 1.95506691 -1.32089978
v -1.06639907 1.94213219 -1.32103423
v -1.06658950 1.96816978 -1.32085737
v -1.05899650 1.94002643 -1.32082053
v -1.05896542 1.97021264 -1.32095714
v -1.05143303 1.94195263 -1.32101114
v -1.05175973 1.96809934 -1.32103654
v -1.04609736 1.94756520 -1.32083357
v -1.04623041 1.96264740 -1.32094865
v -1.04395499 1.95515560 -1.32097310
v -1.07204645 1.94748123 -1.32102791
v -1.06662644 1.94208369 -1.58677362
v -1.06651956 1.94195801 -1.32109937
v -1.07202850 1.94746956 -1.58685314
v -1.05907301 1.94000023 -1.32092243
v -1.06656742 1.94196980 -1.58696307
v -1.05912640 1.94008345 -1.58664541
v -1.06647791 1.94185185 -1.32101337
v -1.05161835 1.94195582 -1.58697280
v -1.05901803 1.93991607 -1.32095467
v -1.05898459 1.93994611 -1.58700962
v -1.05145938 1.94203858 -1.32098414
v -1.04610931 1.94751964 -1.58706047
v -1.05140829 1.94218208 -1.32100407
v -1.05173793 1.94182057 -1.58676033
v -1.04597105 1.94764480 -1.32096163
v -1.04596593 1.94741314 -1.58696014
v -1.04414775 1.95490026 -1.32089656
v -1.04601723 1.94767078 -1.32087613
v -1.04400732 1.95494760 -1.58681000
v -1.04420241 1.95491892 -1.58703150
v -1.04591945 1.96254767 -1.32089397
v -1.04395284 1.95507134 -1.32095581
v -1.04623175 1.96253885 -1.58682422
v -1.05142662 1.96814908 -1.58697313
v -1.04597958 1.96262120 -1.32104511
v -1.04606491 1.96251146 -1.58689671
v -1.05148241 1.96817553 -1.32100387
v -1.05913329 1.96997945 -1.58701823
v -1.05149378 1.96806052 -1.32113722
v -1.05149468 1.96793185 -1.58674579
v -1.05919173 1.97012818 -1.32095419
v -1.06670624 1.96804083 -1.32087023
v -1.05911134 1.96996853 -1.58683661
v -1.06661278 1.96799539 -1.58680973
v -1.05914157 1.97001962 -1.32086506
v -1.06649859 1.96819712 -1.32087740
v -1.07213977 1.96253798 -1.58678251
v -1.07220710 1.96263695 -1.32093897
v -1.06652716 1.96814923 -1.58686203
v -1.07202842 1.96254846 -1.32096084
v -1.07397035 1.95521618 -1.58693598
v -1.07417221 1.95519409 -1.32088047
v -1.07214383 1.96246688 -1.58682180
v -1.07410845 1.95508361 -1.32093732
v -1.07208926 1.94748328 -1.58693667
v -1.07211905 1.94749566 -1.32086407
v -1.07427670 1.95486979 -1.58689421
v -1.07212796 1.96254218 -1.58665452
v -1.07198332 1.94741594 -1.58689251
v -1.07420965 1.95526844 -1.58690984
v -1.06655027 1.96808023 -1.58698493
v -1.06652168 1.94204954 -1.58681171
v -1.05903911 1.96989059 -1.58675639
v -1.05917891 1.94014927 -1.58690864
v -1.05158672 1.96805959 -1.58692602
v -1.05167976 1.94202577 -1.58697852
v -1.04596041 1.96246139 -1.58678857
v -1.04603795 1.94764270 -1.58672746
v -1.04391048 1.95488485 -1.58676212
v -3.10485893 4.76111066 -1.30598323
v -3.12012180 4.74703767 -1.31342150
v -3.11373305 4.74375219 -1.30610912
v -3.11365445 4.42649745 -1.30584976
v -3.12014310 4.74722152 -1.31370124
v -3.12001246 4.42323093 -1.31336621
v -3.11377238 4.74373531 -1.30602299
v -3.10501186 4.76094636 -1.30606586
v -3.11121910 4.76458125 -1.31326820
v -3.12024645 4.74724081 -1.31345822
v -3.12026700 4.74701872 -1.31352511
v -3.11386508 4.42660819 -1.32112107
v -3.12003069 4.42318731 -1.31330287
v -3.11392180 4.74362447 -1.32099545
v -3.10490074 4.40942053 -1.30582094
v -3.11372591 4.42676277 -1.30596084
v -3.11996409 4.42315235 -1.31322700
v -3.10490838 4.76098019 -1.30598415
v -3.09320253 4.76968224 -1.31340652
v -3.11093122 4.76475862 -1.31337733
v -3.10490080 4.76078891 -1.32075775
v -3.12007694 4.74718330 -1.31341165
v -3.11103031 4.76468275 -1.31346821
v -3.10483666 4.40942455 -1.32082863
v -3.12002573 4.42327518 -1.31329425
v -3.11365090 4.42653214 -1.32077132
v -3.10490317 4.76095404 -1.32092547
v -3.11370477 4.74380706 -1.32090438
v -3.12012681 4.74714356 -1.31346547
v -3.10483837 4.40947440 -1.30600714
v -3.12022832 4.42332811 -1.31348992
v -3.11121749 4.40571629 -1.31347791
v -3.09334658 4.76978281 -1.31335776
v -3.10476588 4.76093535 -1.32087567
v -3.11119509 4.76454094 -1.31330176
v -3.08747068 4.76593623 -1.30594603
v -3.09333661 4.76951881 -1.31348768
v -3.10488571 4.76103021 -1.30588591
v -3.10481998 4.40942485 -1.32088779
v -3.11120525 4.40570142 -1.31337227
v -3.12021793 4.42330158 -1.31360365
v -3.10486823 4.40930460 -1.30592984
v -3.11121472 4.40557794 -1.31350763
v -3.09332191 4.40068720 -1.31343769
v -3.09329808 4.76982152 -1.31352716
v -3.08733114 4.76597747 -1.32086273
v -3.10489532 4.76079423 -1.32090033
v -3.08753922 4.76599672 -1.30600653
v -2.53843915 4.76973858 -1.31350982
v -2.54443740 4.76579229 -1.30580379
v -3.11093279 4.40562989 -1.31332009
v -3.10490155 4.40928084 -1.32079412
v -3.09314203 4.40058503 -1.31357880
v -3.10477615 4.40932240 -1.30611433
v -3.09338903 4.40047338 -1.31334352
v -3.08734211 4.40430182 -1.30601753
v -2.54409553 4.76583733 -1.32066952
v -2.53831708 4.76972534 -1.31339314
v -2.52670380 4.76091430 -1.30609997
v -3.09338344 4.40053604 -1.31324557
v -3.10496623 4.40927336 -1.32083312
v -3.08746470 4.40443743 -1.32082056
v -2.54422955 4.40444670 -1.30589888
v -2.53821317 4.40060987 -1.31342271
v -2.52680243 4.76083727 -1.32088362
v -2.54434239 4.76586766 -1.32086061
v -2.52666946 4.76069770 -1.30581469
v -2.52052129 4.76471917 -1.31344666
v -2.53844904 4.76957474 -1.31338644
v -2.53852146 4.40081289 -1.31335727
v -3.08758297 4.40449687 -1.32092405
v -2.54430375 4.40446118 -1.32099941
v -2.52675078 4.40953783 -1.30591373
v -2.54427086 4.40441731 -1.30596552
v -2.53831524 4.76982431 -1.31332899
v -2.52058284 4.76467500 -1.31330779
v -2.52687798 4.76086695 -1.32094488
v -2.51163269 4.74706912 -1.31343314
v -2.52068759 4.76478858 -1.31346990
v -2.52685618 4.76085033 -1.30606958
v -2.52684938 4.40949609 -1.32072238
v -2.52667922 4.40948337 -1.30594941
v -2.53834091 4.40066423 -1.31339246
v -2.52051343 4.40563130 -1.31343063
v -2.51144610 4.74700537 -1.31320208
v -2.52701468 4.76067835 -1.32093685
v -2.52052591 4.76456572 -1.31330236
v -2.51148302 4.74704739 -1.31356668
v -2.52662249 4.76099527 -1.30600687
v -2.51780681 4.74359184 -1.30603865
v -2.52064121 4.40579577 -1.31326709
v -2.53840745 4.40063647 -1.31334956
v -2.52684559 4.40943010 -1.32075287
v -2.51159034 4.42328900 -1.31353086
v -2.52683428 4.40948193 -1.30607778
v -2.52049105 4.40565849 -1.31345018
v -2.51156384 4.74713497 -1.31331333
v -2.51788549 4.74360919 -1.32083700
v -2.52657107 4.76081037 -1.32085396
v -2.51135768 4.74700293 -1.31366720
v -2.51795751 4.42668867 -1.30595714
v -2.51157628 4.42322983 -1.31332851
v -2.51794191 4.74366546 -1.30602608
v -2.51148734 4.42329214 -1.31344311
v -2.52066627 4.40561927 -1.31352479
v -2.52674838 4.40946313 -1.32089385
v -2.51150612 4.42318414 -1.31355530
v -2.51791195 4.42688389 -1.30609661
v -2.52678829 4.40951341 -1.30597351
v -2.51768025 4.42672076 -1.32088966
v -2.51123464 4.74703713 -1.31347090
v -2.51138981 4.42331510 -1.31336220
v -2.51801755 4.74378669 -1.32086728
v -2.51141455 4.42319287 -1.31346003
v -2.52671202 4.40943352 -1.32084159
v -2.51793033 4.42658977 -1.32084446
v -3.10476241 3.95796811 -1.30592216
v -3.12018782 3.94399219 -1.31348456
v -3.11368347 3.94066676 -1.30586951
v -3.11371559 3.62361434 -1.30600069
v -3.12000407 3.94394913 -1.31324705
v -3.12033234 3.62008663 -1.31335734
v -3.11364624 3.94064414 -1.30598553
v -3.10494369 3.95775073 -1.30600699
v -3.11110366 3.96152877 -1.31348375
v -3.12022560 3.94404970 -1.31340792
v -3.12032218 3.94379129 -1.31358947
v -3.11367781 3.62344860 -1.32089885
v -3.12023415 3.62034159 -1.31342221
v -3.11392383 3.94048006 -1.32090641
v -3.10496145 3.60642496 -1.30586345
v -3.11381384 3.62350688 -1.30610594
v -3.12005241 3.62023519 -1.31342247
v -3.10504481 3.95776586 -1.30627594
v -3.09331750 3.96670589 -1.31332332
v -3.11111292 3.96169679 -1.31326703
v -3.10508210 3.95789719 -1.32066451
v -3.12038771 3.94414106 -1.31356651
v -3.11119522 3.96148321 -1.31360204
v -3.10496937 3.60638157 -1.32071302
v -3.12028469 3.62038187 -1.31334168
v -3.11370648 3.62347919 -1.32093067
v -3.10502895 3.95776093 -1.32095608
v -3.11399399 3.94063768 -1.32085250
v -3.12020227 3.94398355 -1.31340602
v -3.10499010 3.60646930 -1.30592404
v -3.12016878 3.62013379 -1.31354192
v -3.11109623 3.60265685 -1.31325405
v -3.09333074 3.96674548 -1.31349288
v -3.10494188 3.95777231 -1.32076627
v -3.11101377 3.96155803 -1.31342147
v -3.08722867 3.96270900 -1.30612363
v -3.09332949 3.96661554 -1.31337261
v -3.10485973 3.95779176 -1.30594232
v -3.10484502 3.60627217 -1.32097517
v -3.11123537 3.60272120 -1.31320171
v -3.12012556 3.62032647 -1.31348152
v -3.10496059 3.60639008 -1.30603075
v -3.11120584 3.60246520 -1.31346177
v -3.09337461 3.59758296 -1.31360904
v -3.09345916 3.96633251 -1.31345254
v -3.08752147 3.96279468 -1.32086568
v -3.10483535 3.95778889 -1.32094287
v -3.08749806 3.96282341 -1.30588303
v -2.53859770 3.96654859 -1.31336108
v -2.54412745 3.96277047 -1.30600987
v -3.11105903 3.60251115 -1.31347914
v -3.10487862 3.60645987 -1.32068949
v -3.09317554 3.59752308 -1.31363460
v -3.10489826 3.60637687 -1.30613210
v -3.09344143 3.59762073 -1.31345980
v -3.08739557 3.60147392 -1.30600507
v -2.54405752 3.96271568 -1.32090216
v -2.53848755 3.96663045 -1.31344026
v -2.52680609 3.95784709 -1.30602235
v -3.09323399 3.59744050 -1.31358705
v -3.10479839 3.60640110 -1.32099515
v -3.08759670 3.60152031 -1.32084282
v -2.54427820 3.60122430 -1.30598290
v -2.53839816 3.59756087 -1.31343547
v -2.52682784 3.95766301 -1.32103640
v -2.54415416 3.96272880 -1.32069376
v -2.52679693 3.95764937 -1.30610007
v -2.52051142 3.96147857 -1.31342824
v -2.53839587 3.96675169 -1.31347855
v -2.53838971 3.59733183 -1.31342064
v -3.08739814 3.60135444 -1.32087352
v -2.54423284 3.60143153 -1.32091308
v -2.52692737 3.60609730 -1.30608140
v -2.54436220 3.60143744 -1.30612186
v -2.53841364 3.96667104 -1.31349606
v -2.52054353 3.96159880 -1.31342926
v -2.52684907 3.95768333 -1.32111183
v -2.51161960 3.94402159 -1.31361708
v -2.52063240 3.96155603 -1.31342054
v -2.52680411 3.95784947 -1.30611915
v -2.52664840 3.60643988 -1.32074390
v -2.52677251 3.60635165 -1.30617934
v -2.53845806 3.59729978 -1.31341762
v -2.52066348 3.60249572 -1.31331667
v -2.51153821 3.94404785 -1.31345784
v -2.52664272 3.95776365 -1.32091326
v -2.52066432 3.96164330 -1.31335729
v -2.51137217 3.94384456 -1.31342539
v -2.52685999 3.95789930 -1.30592222
v -2.51802362 3.94060080 -1.30602656
v -2.52073702 3.60257031 -1.31354037
v -2.53824317 3.59758332 -1.31341151
v -2.52680047 3.60642373 -1.32080147
v -2.51161790 3.62011273 -1.31339895
v -2.52684226 3.60634226 -1.30600840
v -2.52051101 3.60265676 -1.31348427
v -2.51145118 3.94389017 -1.31334362
v -2.51802639 3.94061525 -1.32092485
v -2.52689965 3.95785198 -1.32087348
v -2.51140786 3.94381570 -1.31348075
v -2.51800637 3.62358715 -1.30620486
v -2.51155268 3.62029083 -1.31342967
v -2.51795160 3.94058950 -1.30600136
v -2.51146775 3.62001212 -1.31348135
v -2.52055421 3.60251606 -1.31356815
v -2.52660408 3.60640672 -1.32087894
v -2.51144616 3.62009053 -1.31328149
v -2.51801630 3.62347140 -1.30616727
v -2.52671924 3.60636153 -1.30591629
v -2.51799307 3.62341546 -1.32065372
v -2.51152041 3.94392785 -1.31335460
v -2.51153061 3.62010670 -1.31354702
v -2.51777544 3.94067793 -1.32074104
v -2.51160793 3.62015295 -1.31339775
v -2.52692861 3.60644595 -1.32072544
v -2.51793179 3.62358837 -1.32097380
v -3.10508861 2.35172908 -1.30588942
v -3.12021570 2.33773106 -1.31335040
v -3.11381332 2.33429619 -1.30612421
v -3.11367798 2.01731697 -1.30603627
v -3.12021112 2.33756072 -1.31369186
v -3.12012998 2.01398554 -1.31329051
v -3.11356611 2.33447750 -1.30605155
v -3.10488451 2.35169092 -1.30582952
v -3.11104938 2.35543200 -1.31342949
v -3.12016625 2.33786811 -1.31341578
v -3.12012498 2.33782548 -1.31334351
v -3.11369523 2.01734476 -1.32091187
v -3.12014848 2.01406910 -1.31341441
v -3.11360447 2.33447232 -1.32068285
v -3.10480174 2.00008558 -1.30613685
v -3.11369207 2.01752058 -1.30609249
v -3.12037339 2.01406089 -1.31358411
v -3.10478432 2.35165643 -1.30601648
v -3.09342440 2.36051720 -1.31345621
v -3.11086419 2.35554435 -1.31349571
v -3.10503821 2.35154658 -1.32074516
v -3.12009346 2.33781951 -1.31334380
v -3.11116080 2.35540227 -1.31328607
v -3.10475311 1.99995639 -1.32099838
v -3.12030307 2.01393623 -1.31341361
v -3.11361128 2.01753688 -1.32078332
v -3.10481779 2.35172851 -1.32097951
v -3.11371600 2.33440001 -1.32069160
v -3.12002015 2.33767055 -1.31339938
v -3.10496725 2.00013585 -1.30597883
v -3.12016070 2.01386217 -1.31333648
v -3.11102277 1.99655463 -1.31341627
v -3.09327562 2.36028606 -1.31333066
v -3.10482174 2.35143913 -1.32080017
v -3.11101227 2.35536990 -1.31348064
v -3.08750809 2.35657232 -1.30615617
v -3.09316794 2.36061313 -1.31333516
v -3.10498917 2.35181100 -1.30593669
v -3.10483122 2.00029174 -1.32081263
v -3.11104578 1.99638315 -1.31333613
v -3.12030640 2.01388882 -1.31327833
v -3.10469716 2.00007274 -1.30591558
v -3.11101686 1.99628505 -1.31348552
v -3.09330050 1.99116611 -1.31360954
v -3.09333115 2.36057263 -1.31351497
v -3.08748868 2.35625048 -1.32097151
v -3.10493515 2.35172015 -1.32104797
v -3.08739881 2.35664280 -1.30587268
v -2.53852558 2.36044693 -1.31331256
v -2.54417764 2.35657781 -1.30597041
v -3.11111642 1.99630595 -1.31359671
v -3.10501103 2.00015188 -1.32092872
v -3.09356111 1.99139550 -1.31350339
v -3.10474127 2.00023532 -1.30601916
v -3.09343657 1.99118450 -1.31329644
v -3.08742871 1.99514578 -1.30574454
v -2.54429589 2.35638581 -1.32075073
v -2.53838918 2.36058412 -1.31343544
v -2.52655571 2.35159626 -1.30596056
v -3.09323895 1.99140449 -1.31336372
v -3.10502327 2.00020665 -1.32095092
v -3.08739009 1.99510208 -1.32086188
v -2.54429509 1.99506686 -1.30585088
v -2.53846046 1.99132954 -1.31358338
v -2.52676619 2.35170485 -1.32089247
v -2.54423626 2.35665267 -1.32085104
v -2.52672412 2.35153405 -1.30587713
v -2.52060979 2.35540024 -1.31340861
v -2.53840065 2.36043250 -1.31335395
v -2.53853497 1.99135298 -1.31354372
v -3.08742297 1.99529697 -1.32080440
v -2.54423631 1.99514962 -1.32090485
v -2.52681679 2.00006855 -1.30605765
v -2.54413948 1.99511918 -1.30618817
v -2.53819850 2.36055218 -1.31327943
v -2.52052648 2.35534185 -1.31346149
v -2.52684326 2.35164095 -1.32080971
v -2.51146898 2.33786909 -1.31353009
v -2.52054022 2.35538584 -1.31334517
v -2.52706057 2.35173380 -1.30605882
v -2.52675420 1.99999993 -1.32075561
v -2.52660008 2.00015784 -1.30590930
v -2.53846851 1.99134465 -1.31332835
v -2.52055389 1.99634453 -1.31351241
v -2.51150844 2.33785012 -1.31332252
v -2.52693893 2.35156988 -1.32082633
v -2.52054865 2.35561298 -1.31334269
v -2.51140482 2.33805190 -1.31349833
v -2.52680685 2.35159691 -1.30585594
v -2.51797925 2.33454387 -1.30602903
v -2.52062003 1.99630642 -1.31335782
v -2.53822544 1.99125193 -1.31331191
v -2.52676476 2.00017402 -1.32072699
v -2.51168474 2.01398097 -1.31361233
v -2.52669752 1.99997795 -1.30601569
v -2.52070465 1.99644730 -1.31330728
v -2.51171237 2.33786426 -1.31354750
v -2.51807181 2.33447145 -1.32085395
v -2.52676449 2.35183517 -1.32087563
v -2.51143671 2.33762135 -1.31348931
v -2.51788397 2.01717465 -1.30595804
v -2.51152876 2.01389623 -1.31352732
v -2.51788793 2.33443646 -1.30584981
v -2.51161766 2.01415958 -1.31330521
v -2.52060539 1.99629436 -1.31358945
v -2.52671418 2.00025342 -1.32093207
v -2.51152505 2.01383925 -1.31339458
v -2.51795187 2.01735755 -1.30585244
v -2.52697183 2.00016688 -1.30618381
v -2.51798911 2.01720238 -1.32083377
v -2.51164811 2.33768837 -1.31316784
v -2.51141035 2.01382112 -1.31359904
v -2.51799020 2.33430630 -1.32066773
v -2.51156469 2.01410607 -1.31346691
v -2.52682199 2.00015548 -1.32097063
v -2.51797247 2.01739099 -1.32095011
v -2.80072940 4.59395507 -1.61705191
v -2.80710620 4.60037856 -1.58703610
v -2.80077372 4.59379581 -1.58707552
v -2.80716791 4.60028710 -1.61707431
v -2.80063788 4.59389609 -1.58682273
v -2.70023280 4.59403415 -1.61693091
v -2.80067884 4.59388991 -1.61705822
v -2.70036599 4.59402043 -1.61179822
v -2.80078144 4.59381701 -1.61702993
v -2.80709131 4.57003563 -1.61697867
v -2.80691337 4.60034802 -1.61696141
v -2.80072218 4.57642467 -1.61714098
v -2.70014744 4.59391923 -1.61701615
v -2.70032220 4.57649610 -1.61708357
v -2.69790465 4.58504541 -1.61714886
v -2.81598566 4.70318234 -1.61714122
v -2.82467773 4.60045644 -1.61715803
v -2.82470704 4.70073178 -1.61690446
v -2.82461856 4.56998794 -1.61709568
v -2.82453212 4.46946006 -1.61704421
v -2.81579293 4.46718372 -1.61696521
v -2.80704951 4.70083663 -1.61709780
v -2.80697604 4.46958818 -1.61695456
v -2.93136064 4.59388099 -1.61715321
v -2.93134894 4.57633188 -1.61693724
v -2.93379874 4.58523281 -1.61711820
v -2.83131928 4.59393269 -1.61714592
v -2.83117196 4.57626115 -1.61708081
v -2.80685436 4.60005359 -1.61708622
v -2.80683760 4.70065625 -1.61166723
v -2.80726308 4.60036701 -1.58699883
v -2.80704014 4.70081622 -1.61683344
v -2.83104860 4.57630212 -1.58690701
v -2.83104843 4.59399730 -1.58705016
v -2.83343217 4.58517594 -1.58701511
v -2.82464822 4.57001524 -1.58707546
v -2.82459640 4.60052803 -1.58673965
v -2.81587540 4.56757928 -1.58703258
v -2.81575034 4.60282825 -1.58687236
v -2.80702763 4.56996813 -1.58669098
v -2.80692597 4.60041047 -1.58692899
v -2.80050098 4.57634445 -1.58683762
v -2.80055208 4.59385212 -1.58696177
v -2.79847906 4.58527389 -1.58695526
v -2.69789532 4.58518552 -1.60858255
v -2.70024743 4.59405428 -1.61159032
v -2.80070348 4.59395322 -1.58686815
v -2.69779176 4.58514865 -1.61711789
v -2.70021802 4.59380025 -1.61182421
v -2.69791195 4.58525504 -1.60845076
v -2.70021068 4.59404153 -1.61717029
v -2.82470240 4.60031318 -1.58692758
v -2.83108496 4.59383468 -1.61746023
v -2.83105433 4.59385976 -1.58680920
v -2.82454837 4.60051126 -1.61731146
v -2.82458404 4.70076692 -1.61176663
v -2.82459156 4.60040409 -1.61712772
v -2.82467718 4.60022097 -1.58692256
v -2.82467685 4.70075987 -1.61701731
v -2.82484447 4.70074211 -1.61181606
v -2.81598650 4.70303033 -1.61691978
v -2.82478011 4.70060916 -1.61710825
v -2.81592619 4.70304839 -1.60858064
v -2.81579431 4.70297488 -1.61728643
v -2.80717933 4.70086022 -1.61172309
v -2.80691529 4.70087439 -1.61712910
v -2.81576132 4.70296787 -1.60857169
v -2.70037033 4.57645418 -1.61709627
v -2.69804505 4.58502549 -1.60854793
v -2.70021812 4.57636318 -1.61168880
v -2.69776316 4.58510116 -1.61724066
v -2.70016612 4.57631199 -1.61186962
v -2.80066299 4.57648206 -1.61724556
v -2.70012280 4.57647963 -1.61703703
v -2.80067863 4.57628870 -1.58687260
v -2.80720714 4.56972999 -1.61700211
v -2.80054250 4.57626534 -1.58698423
v -2.80701216 4.57003706 -1.58699138
v -2.80062982 4.57649147 -1.61724348
v -2.80700236 4.46949554 -1.61705818
v -2.80701043 4.56989518 -1.58708442
v -2.80709929 4.46964495 -1.61174667
v -2.80710875 4.56983891 -1.61701752
v -2.80708881 4.46961460 -1.61709729
v -2.81579303 4.46732971 -1.60870091
v -2.81574936 4.46710119 -1.61698858
v -2.80723356 4.46946641 -1.61193563
v -2.81580789 4.46717538 -1.60880677
v -2.82461900 4.46948751 -1.61693678
v -2.81591133 4.46712844 -1.61704882
v -2.82471464 4.46965088 -1.61196693
v -2.82438057 4.56982884 -1.58695825
v -2.82448287 4.46959655 -1.61685053
v -2.82453846 4.46940990 -1.61173881
v -2.82445783 4.57008594 -1.61681476
v -2.83100407 4.57616278 -1.58698527
v -2.82465161 4.56984182 -1.61697883
v -2.82468105 4.56994812 -1.58686627
v -2.83101885 4.57629607 -1.61700869
v -2.83097192 4.57629484 -1.58689170
v -2.93148472 4.57626153 -1.61700906
v -2.83099765 4.57637499 -1.61721641
v -2.93142317 4.57611829 -1.61164244
v -2.93361032 4.58541439 -1.60861315
v -2.93144622 4.57632083 -1.61695476
v -2.93139280 4.57639205 -1.61163655
v -2.93373390 4.58519581 -1.61727250
v -2.93128111 4.59396159 -1.61173507
v -2.93392832 4.58511951 -1.61712665
v -2.93381584 4.58502206 -1.60878809
v -2.93147500 4.59406236 -1.61689314
v -2.93146903 4.59407356 -1.61183383
v -2.83110474 4.59391248 -1.61714768
v -2.93146327 4.59385922 -1.61723467
v -2.83113649 4.59393423 -1.58703734
v -2.80705579 4.70092109 -1.61184496
v -2.81588570 4.60257837 -1.58688143
v -2.80697791 4.60025592 -1.58675395
v -2.81591505 4.70295206 -1.60879677
v -2.83112361 4.59389978 -1.58703677
v -2.93144430 4.59413255 -1.61172909
v -2.83338666 4.58517216 -1.58704809
v -2.83116530 4.57629044 -1.58706864
v -2.93364870 4.58520696 -1.60857420
v -2.81583835 4.56735861 -1.58698899
v -2.82477879 4.46940674 -1.61161106
v -2.80708776 4.56992153 -1.58697180
v -2.81572689 4.46708008 -1.60862136
v -2.70022909 4.57636261 -1.61174210
v -2.80066998 4.57645671 -1.58682928
v -2.82458985 4.70077761 -1.61165505
v -2.81590899 4.70312376 -1.60831887
v -2.69777658 4.58531796 -1.60857559
v -2.80699466 4.46946839 -1.61180649
v -2.81587801 4.46718839 -1.60875327
v -2.93126598 4.57641638 -1.61192537
v -2.93373831 4.58524798 -1.60846858
v -1.51878372 4.95999155 -1.32091662
v -1.53602102 4.95115421 -1.32083777
v -1.52213734 4.96617951 -1.31334313
v -1.52221292 4.96641414 -1.31344124
v -1.20165875 4.95996333 -1.32094934
v -1.51894894 4.96003873 -1.32105062
v -1.19821050 4.96614838 -1.31322527
v -1.52218276 4.96621852 -1.31332240
v -1.53607595 4.95096894 -1.32087887
v -1.53975210 4.95735515 -1.31348917
v -1.51876872 4.96001538 -1.30596408
v -1.19869932 4.96612975 -1.31354188
v -1.52218712 4.96623726 -1.31333127
v -1.20161496 4.95993942 -1.30605488
v -1.18440661 4.95111056 -1.32068948
v -1.20180829 4.95994677 -1.32101668
v -1.19835943 4.96619538 -1.31330926
v -1.53985410 4.95726492 -1.31340383
v -1.53593961 4.95103207 -1.32097567
v -1.54481568 4.93954380 -1.31338760
v -1.52227501 4.96656173 -1.31339894
v -1.53993818 4.95734692 -1.31356051
v -1.53597218 4.95096838 -1.30574852
v -1.51861055 4.95998467 -1.30598855
v -1.52217308 4.96641125 -1.31348759
v -1.53587292 4.95112989 -1.30588374
v -1.18457267 4.95089407 -1.30596754
v -1.19823999 4.96660361 -1.31344025
v -1.20178049 4.95997727 -1.30580129
v -1.18079742 4.95734101 -1.31332423
v -1.18461039 4.95093473 -1.32069193
v -1.19835072 4.96653756 -1.31370241
v -1.53967967 4.95730768 -1.31349086
v -1.54465026 4.93957590 -1.31313969
v -1.53603542 4.95119866 -1.30589459
v -1.54091678 4.93364011 -1.32094913
v -1.18076314 4.95713246 -1.31345704
v -1.19829913 4.96641252 -1.31337392
v -1.18451124 4.95099719 -1.30592664
v -1.18052149 4.95714178 -1.31355239
v -1.17577258 4.93961527 -1.31350193
v -1.18460120 4.95125163 -1.32100202
v -1.54088461 4.93371867 -1.30598304
v -1.54102923 4.63777950 -1.32091555
v -1.54495070 4.63179973 -1.31351037
v -1.54099025 4.93362243 -1.32083744
v -1.18057790 4.95715743 -1.31344685
v -1.18456705 4.95098311 -1.30612684
v -1.17559565 4.93958482 -1.31330016
v -1.18448045 4.95102855 -1.32088354
v -1.17587527 4.93941791 -1.31330609
v -1.17957702 4.93356120 -1.32099408
v -1.54090792 4.63764321 -1.30589542
v -1.54498616 4.63188498 -1.31343370
v -1.53585466 4.62056684 -1.32092318
v -1.18453408 4.95107855 -1.30598689
v -1.17954491 4.93347607 -1.30591699
v -1.17570264 4.93935493 -1.31349945
v -1.17942376 4.63773712 -1.32097301
v -1.17563032 4.63176623 -1.31336002
v -1.54094473 4.63784482 -1.30574367
v -1.53604838 4.62014560 -1.30592683
v -1.53971906 4.61406395 -1.31353967
v -1.17959831 4.63779410 -1.30615934
v -1.17562516 4.63181663 -1.31330859
v -1.17954499 4.93370835 -1.30583551
v -1.17958436 4.63779010 -1.32071043
v -1.18456738 4.62052221 -1.32070570
v -1.53962268 4.61402543 -1.31355515
v -1.52194253 4.60497780 -1.31336714
v -1.53977169 4.61417956 -1.31335312
v -1.53598042 4.62038564 -1.32080724
v -1.18455663 4.62047513 -1.30599424
v -1.17566928 4.63189069 -1.31337620
v -1.18065296 4.61416751 -1.31342518
v -1.18448663 4.62046198 -1.32067967
v -1.52226266 4.60490392 -1.31351326
v -1.53589636 4.62023069 -1.30613691
v -1.53986980 4.61418133 -1.31346921
v -1.51865759 4.61140959 -1.32100521
v -1.52224151 4.60506726 -1.31353430
v -1.53598350 4.62029670 -1.32090865
v -1.17555624 4.63181698 -1.31333116
v -1.18434442 4.62056479 -1.30586194
v -1.18074385 4.61417826 -1.31353688
v -1.18077300 4.61404481 -1.31352436
v -1.19823092 4.60516526 -1.31345424
v -1.18450210 4.62018193 -1.32099516
v -1.51853958 4.61154255 -1.30613187
v -1.53596720 4.62027144 -1.30598562
v -1.52224560 4.60511533 -1.31335533
v -1.19854437 4.60505393 -1.31350771
v -1.51851340 4.61163641 -1.32083970
v -1.20189684 4.61148138 -1.32076700
v -1.52224710 4.60502616 -1.31345076
v -1.18075483 4.61405419 -1.31334911
v -1.18444310 4.62034546 -1.30597667
v -1.19833816 4.60499371 -1.31365004
v -1.18440325 4.62023264 -1.32073082
v -1.19821780 4.60508688 -1.31352148
v -1.20170050 4.61142177 -1.32097529
v -1.20185659 4.61153649 -1.30595322
v -1.52221555 4.60495758 -1.31334412
v -1.19840125 4.60509870 -1.31330676
v -1.51875918 4.61147451 -1.30594912
v -1.18444950 4.62039855 -1.30620282
v -1.20158762 4.61150066 -1.30597196
v -1.19837010 4.60513760 -1.31354972
v -0.46989035 1.94756477 -1.32095164
v -0.46966948 1.96248400 -1.32085538
v -0.47170541 1.95495390 -1.32097766
v -0.46407000 1.94186288 -1.32074593
v -0.46413444 1.96817900 -1.32086269
v -0.45679981 1.94006512 -1.32093440
v -0.45678805 1.97021238 -1.32066701
v -0.44903586 1.94214516 -1.32091184
v -0.44927263 1.96815331 -1.32102974
v -0.44372130 1.94755715 -1.32102728
v -0.44358992 1.96263869 -1.32081663
v -0.44173154 1.95503316 -1.32087037
v -0.46977530 1.94748242 -1.32087927
v -0.46424236 1.94200444 -1.58682573
v -0.46423611 1.94210410 -1.32088723
v -0.46985809 1.94758397 -1.58673575
v -0.45673923 1.93992935 -1.32105284
v -0.46421107 1.94178899 -1.58662538
v -0.45672776 1.93982225 -1.58678425
v -0.46439828 1.94199274 -1.32087263
v -0.44910674 1.94208656 -1.58686597
v -0.45682847 1.93999565 -1.32112344
v -0.45682751 1.93990372 -1.58688785
v -0.44915534 1.94204154 -1.32077709
v -0.44905437 1.94198672 -1.58683718
v -0.44377391 1.94749982 -1.32087437
v -0.44916553 1.94193564 -1.32099134
v -0.44377890 1.94752408 -1.58680591
v -0.44361729 1.94746474 -1.58679391
v -0.44178329 1.95511139 -1.32101189
v -0.44384783 1.94741037 -1.32076741
v -0.44166368 1.95501945 -1.58687033
v -0.44179976 1.95503326 -1.58685927
v -0.44377205 1.96266591 -1.32101896
v -0.44159014 1.95520321 -1.32090785
v -0.44377881 1.96259942 -1.58695533
v -0.44378567 1.96265456 -1.58697229
v -0.44924031 1.96819299 -1.32088596
v -0.44390847 1.96287596 -1.32072261
v -0.44921414 1.96802755 -1.58677266
v -0.45650365 1.97020561 -1.58690392
v -0.44922822 1.96812743 -1.32115713
v -0.44927594 1.96809184 -1.58678198
v -0.45680024 1.97004390 -1.32086363
v -0.46433245 1.96803859 -1.32083483
v -0.45669281 1.96997355 -1.58690413
v -0.46421883 1.96807327 -1.58678896
v -0.45678305 1.97000428 -1.32090512
v -0.46446957 1.96799753 -1.32088921
v -0.46974523 1.96259927 -1.58671538
v -0.46972523 1.96270102 -1.32097169
v -0.46438084 1.96795085 -1.58680161
v -0.46990474 1.96271175 -1.32094577
v -0.47191354 1.95508280 -1.58675057
v -0.47200182 1.95502217 -1.32075358
v -0.46982841 1.96256840 -1.58679663
v -0.47183109 1.95513707 -1.32092333
v -0.46982550 1.94747515 -1.58689534
v -0.47006480 1.94736781 -1.32105333
v -0.47184288 1.95496953 -1.58677845
v -0.46980729 1.96258040 -1.58688783
v -0.46961818 1.94750153 -1.58677417
v -0.47180948 1.95508051 -1.58672551
v -0.46402159 1.96798548 -1.58684624
v -0.46436513 1.94209557 -1.58691321
v -0.45658838 1.97002452 -1.58660234
v -0.45669463 1.93997284 -1.58685573
v -0.44939821 1.96790988 -1.58686733
v -0.44916305 1.94196417 -1.58679822
v -0.44370210 1.96243872 -1.58702728
v -0.44379131 1.94729469 -1.58669835
v -0.44171051 1.95509844 -1.58679620
v -0.27626578 2.11708258 -1.31329496
v -0.28272416 2.11359690 -1.32088682
v -0.29170445 2.13085318 -1.32075623
v -0.28300109 1.79653021 -1.32078735
v -0.27641245 2.11681905 -1.31324455
v -0.27649824 1.79341188 -1.31351400
v -0.28282502 2.11367540 -1.32075786
v -0.27634970 2.11700016 -1.31321601
v -0.29164879 2.13077595 -1.32071550
v -0.28521107 2.13454502 -1.31341368
v -0.27642364 2.11690906 -1.31352743
v -0.28286846 1.79643965 -1.30587427
v -0.27630048 1.79312529 -1.31356017
v -0.28272444 2.11344096 -1.30594109
v -0.27631395 1.79300327 -1.31343316
v -0.29156249 1.77944899 -1.32088402
v -0.28286984 1.79643970 -1.32095216
v -0.30315835 2.13950437 -1.31346111
v -0.28538685 2.13444046 -1.31342404
v -0.29165883 2.13080370 -1.32085980
v -0.27632015 2.11706015 -1.31333380
v -0.28547221 2.13455872 -1.31339080
v -0.29157182 2.13068486 -1.30597977
v -0.27632635 2.11716376 -1.31335410
v -0.29173533 2.13087707 -1.30579229
v -0.28294484 2.11349103 -1.30614850
v -0.27636162 1.79317752 -1.31335052
v -0.28275275 1.79644871 -1.30580294
v -0.29164218 1.77939568 -1.30582071
v -0.27634989 1.79297236 -1.31331502
v -0.28539589 1.77559646 -1.31342471
v -0.29178073 1.77923432 -1.32079656
v -0.29168523 2.13075558 -1.30610788
v -0.28528152 2.13462138 -1.31352440
v -0.30324844 2.13965809 -1.31334922
v -0.30333739 2.13964287 -1.31337817
v -0.29174873 2.13071802 -1.32089851
v -0.30914758 2.13569674 -1.32078864
v -0.27645050 1.79291164 -1.31320663
v -0.29162740 1.77907163 -1.30594069
v -0.28549187 1.77552327 -1.31344550
v -0.28553562 1.77546464 -1.31337564
v -0.30316538 1.77038570 -1.31341678
v -0.29159511 1.77945216 -1.32079407
v -0.30916328 2.13577517 -1.30581948
v -0.29175712 2.13093816 -1.30603851
v -0.30332783 2.13960483 -1.31350991
v -0.61078713 2.13954021 -1.31336315
v -0.30886572 2.13570744 -1.32078664
v -0.60502311 2.13589554 -1.32096409
v -0.29159777 1.77939218 -1.30605420
v -0.30342280 1.77049107 -1.31330484
v -0.28549656 1.77559315 -1.31335041
v -0.30311525 1.77038463 -1.31351631
v -0.30906370 1.77438117 -1.32091014
v -0.29181158 1.77938587 -1.32087478
v -0.60501112 2.13580039 -1.30585079
v -0.61076905 2.13960657 -1.31349776
v -0.62251397 2.13070001 -1.32080901
v -0.29158153 1.77926264 -1.30587038
v -0.30887485 1.77426951 -1.30586560
v -0.30330676 1.77035792 -1.31339319
v -0.60486613 1.77424767 -1.32087111
v -0.61060754 1.77049357 -1.31333554
v -0.60493350 2.13579000 -1.30593264
v -0.62232140 2.13084433 -1.30592149
v -0.61090661 2.13957893 -1.31330657
v -0.62243830 2.13080330 -1.32103204
v -0.62849274 2.13463192 -1.31352209
v -0.30901797 1.77445022 -1.30613902
v -0.61059716 1.77025431 -1.31329880
v -0.60509256 1.77442235 -1.30601932
v -0.62244307 1.77940985 -1.32077937
v -0.60503023 1.77445331 -1.32095115
v -0.62239221 2.13087649 -1.30604911
v -0.61055798 2.13957006 -1.31337744
v -0.62852302 2.13458987 -1.31344956
v -0.62240298 2.13085441 -1.32089668
v -0.63755990 2.11693233 -1.31330894
v -0.62862948 2.13444151 -1.31340418
v -0.62248374 1.77914733 -1.30600943
v -0.62850419 1.77552666 -1.31342263
v -0.62237682 1.77939833 -1.32066246
v -0.61073463 1.77061489 -1.31334229
v -0.62234980 2.13081983 -1.30599318
v -0.62859188 2.13459696 -1.31355684
v -0.63755454 2.11688527 -1.31328734
v -0.62235130 2.13076571 -1.32099087
v -0.63128902 2.11356931 -1.32088121
v -0.63774689 2.11691088 -1.31332310
v -0.62236232 1.77943587 -1.30593542
v -0.62876368 1.77559541 -1.31339325
v -0.61064417 1.77043342 -1.31316610
v -0.62220311 1.77910306 -1.32078051
v -0.62857926 1.77542712 -1.31355334
v -0.63767816 1.79310261 -1.31341844
v -0.62237517 2.13069578 -1.30616407
v -0.63743514 2.11679746 -1.31338159
v -0.63110004 2.11351377 -1.30595461
v -0.63767648 2.11711830 -1.31348808
v -0.63123088 1.79658438 -1.32064873
v -0.63751285 1.79297096 -1.31341251
v -0.63111062 2.11363472 -1.32092841
v -0.62229299 1.77919374 -1.30609355
v -0.63781668 1.79303474 -1.31373151
v -0.62875662 1.77571745 -1.31345648
v -0.62228337 1.77911255 -1.32087320
v -0.63761814 1.79311182 -1.31338812
v -0.63122229 1.79647310 -1.32093808
v -0.63121638 1.79642534 -1.30617054
v -0.63756650 2.11696557 -1.31341583
v -0.63752827 1.79331976 -1.31342867
v -0.63126624 2.11357093 -1.30609576
v -0.62220239 1.77932496 -1.30601188
v -0.63130885 1.79643474 -1.30592014
v -0.63771418 1.79305159 -1.31351653
v 0.92371608 3.66974610 -1.30598906
v 0.90967923 3.68471772 -1.31347436
v 0.90638443 3.67827639 -1.30608035
v 0.58963963 3.67845684 -1.30600842
v 0.90975664 3.68496567 -1.31334239
v 0.58610476 3.68484630 -1.31335368
v 0.90633905 3.67840530 -1.30593070
v 0.92753107 3.67580143 -1.31333407
v 0.90974606 3.68472511 -1.31360057
v 0.92351238 3.66978508 -1.30587342
v 0.58626362 3.68475398 -1.31337869
v 0.90651414 3.67853209 -1.32087604
v 0.58933252 3.67837611 -1.32068026
v 0.91002868 3.68472239 -1.31347563
v 0.58944863 3.67848928 -1.30587466
v 0.58586078 3.68469148 -1.31360604
v 0.57228961 3.66957546 -1.30596057
v 0.92761242 3.67595529 -1.31324482
v 0.92352136 3.66941722 -1.30606530
v 0.93240595 3.65800209 -1.31347182
v 0.92743552 3.67594690 -1.31359904
v 0.92364322 3.66971994 -1.32080255
v 0.90976981 3.68496228 -1.31337933
v 0.58933610 3.67845707 -1.32086400
v 0.57217658 3.66967722 -1.32092134
v 0.58607218 3.68469463 -1.31354449
v 0.92376529 3.66959851 -1.32078184
v 0.90639600 3.67842942 -1.32101012
v 0.90987092 3.68489910 -1.31355390
v 0.58588119 3.68477315 -1.31343279
v 0.56828685 3.67574498 -1.31370702
v 0.57217259 3.66973524 -1.30616768
v 0.92761722 3.67583185 -1.31335898
v 0.93231014 3.65790035 -1.31340865
v 0.92348614 3.66963305 -1.32084165
v 0.92364997 3.66948419 -1.30591087
v 0.92860106 3.65222623 -1.30596844
v 0.93263936 3.65811260 -1.31358933
v 0.58593024 3.68464034 -1.31341053
v 0.57218361 3.66969416 -1.32079409
v 0.56831914 3.67564019 -1.31328796
v 0.56850990 3.67591351 -1.31342138
v 0.56341369 3.65791184 -1.31356459
v 0.57210721 3.66952716 -1.30605284
v 0.92360755 3.66951659 -1.32084413
v 0.93238840 3.65785650 -1.31348613
v 0.92879245 3.65213626 -1.32074103
v 0.92835175 3.10900117 -1.30584886
v 0.93253234 3.10298956 -1.31340942
v 0.92847999 3.65213305 -1.30607938
v 0.56835426 3.67586879 -1.31334180
v 0.57222854 3.66959860 -1.32070777
v 0.56335259 3.65806504 -1.31345268
v 0.57210083 3.66949636 -1.30599483
v 0.56318830 3.65794857 -1.31316124
v 0.56732214 3.65206544 -1.30606523
v 0.92851081 3.10894249 -1.32092779
v 0.93261213 3.10307350 -1.31343833
v 0.92354052 3.09144353 -1.30602047
v 0.57209535 3.66947461 -1.32081807
v 0.56724839 3.65219215 -1.32093715
v 0.56346598 3.65796092 -1.31354707
v 0.56705919 3.10886032 -1.30594907
v 0.56335824 3.10301691 -1.31337249
v 0.92867463 3.10894143 -1.32079263
v 0.92345246 3.09129717 -1.32097604
v 0.93241032 3.10308120 -1.31344455
v 0.92364093 3.09148492 -1.30608424
v 0.92756596 3.08545890 -1.31330993
v 0.56729004 3.10876853 -1.32093416
v 0.56338576 3.10318467 -1.31334532
v 0.56734146 3.65211581 -1.32068760
v 0.56712187 3.10877952 -1.30589630
v 0.57212995 3.09137995 -1.30608722
v 0.93255348 3.10299831 -1.31336476
v 0.92739028 3.08513582 -1.31338572
v 0.92362394 3.09140271 -1.32078003
v 0.92735156 3.08531946 -1.31338748
v 0.92351171 3.09158345 -1.30597810
v 0.90984508 3.07636471 -1.31345116
v 0.57202102 3.09141572 -1.32091862
v 0.56325273 3.10318332 -1.31330882
v 0.56841415 3.08498527 -1.31347861
v 0.57233732 3.09148122 -1.30582022
v 0.92755176 3.08515312 -1.31336830
v 0.90993391 3.07628792 -1.31322563
v 0.92348622 3.09147160 -1.32075981
v 0.92383283 3.09139864 -1.30602492
v 0.90625950 3.08247136 -1.30597313
v 0.90994571 3.07609608 -1.31317432
v 0.56332099 3.10322287 -1.31346071
v 0.57206776 3.09134463 -1.32065750
v 0.56828209 3.08517995 -1.31330416
v 0.58584422 3.07626103 -1.31324289
v 0.57217993 3.09149113 -1.30609312
v 0.56847612 3.08518218 -1.31334636
v 0.92382122 3.09151956 -1.32079602
v 0.90980766 3.07627997 -1.31346115
v 0.90622504 3.08267460 -1.32074059
v 0.90644557 3.08255353 -1.30587228
v 0.58580789 3.07615872 -1.31320602
v 0.90991094 3.07623431 -1.31340822
v 0.58944515 3.08275734 -1.30587746
v 0.58571649 3.07628520 -1.31344547
v 0.56846838 3.08528685 -1.31336767
v 0.57210480 3.09135125 -1.32080156
v 0.58947926 3.08249244 -1.30602647
v 0.57228300 3.09142911 -1.30609036
v 0.58590689 3.07621747 -1.31325658
v 0.90965386 3.07645141 -1.31343947
v 0.58934051 3.08250761 -1.32085724
v 0.90641753 3.08266312 -1.32089917
v 0.58589673 3.07621608 -1.31344198
v 0.58911643 3.08245941 -1.32086328
v 0.58591444 3.07600803 -1.31322954
v 0.57222677 3.09153727 -1.32091806
v 0.76319994 3.37171572 -1.61701848
v 0.75663566 3.36541890 -1.58687219
v 0.75666984 3.36532835 -1.61708450
v 0.76305730 3.37177386 -1.58699712
v 0.75656842 3.26498322 -1.61707528
v 0.75667241 3.36511443 -1.58694978
v 0.75671578 3.26470647 -1.61157322
v 0.75678216 3.36527039 -1.61686643
v 0.76312184 3.38919749 -1.61708984
v 0.75671047 3.36536611 -1.61714386
v 0.75652951 3.39563420 -1.61682600
v 0.76323337 3.37172321 -1.61707488
v 0.86340424 3.38939597 -1.61719448
v 0.86359195 3.37179461 -1.61709207
v 0.86580565 3.38054313 -1.61706377
v 0.74808378 3.49850019 -1.61670860
v 0.73891106 3.39555393 -1.61703675
v 0.73906938 3.49612841 -1.61707803
v 0.73902782 3.36533548 -1.61682738
v 0.73926882 3.26493541 -1.61712252
v 0.74786948 3.26229539 -1.61699935
v 0.75663614 3.49590268 -1.61697328
v 0.75658460 3.26486286 -1.61695339
v 0.63231296 3.38934646 -1.61695748
v 0.63219761 3.37163057 -1.61707292
v 0.63006373 3.38047661 -1.61696454
v 0.73267082 3.38928814 -1.61709452
v 0.73254513 3.37172222 -1.61716271
v 0.86348359 3.37190402 -1.61155974
v 0.76311419 3.37177901 -1.61693920
v 0.86336856 3.37166794 -1.61716193
v 0.76302814 3.37158291 -1.58704922
v 0.73260264 3.37181719 -1.58710421
v 0.73254229 3.38920481 -1.58693467
v 0.73037533 3.38055692 -1.58681302
v 0.73919549 3.36489189 -1.58701164
v 0.73894635 3.39563087 -1.58695068
v 0.74796222 3.36287729 -1.58700955
v 0.74803347 3.39819608 -1.58711434
v 0.75663108 3.36528978 -1.58694032
v 0.75682148 3.39568432 -1.58696628
v 0.76309775 3.37173686 -1.58689093
v 0.76297145 3.38932748 -1.58693550
v 0.76551493 3.38043828 -1.58698876
v 0.75655619 3.36523768 -1.58691209
v 0.74788068 3.26266737 -1.60869653
v 0.75659940 3.26478156 -1.61189276
v 0.75670179 3.26484398 -1.61705521
v 0.74772912 3.26271120 -1.60873370
v 0.74783912 3.26260262 -1.61705801
v 0.75663999 3.26493748 -1.61174539
v 0.75664750 3.39586223 -1.61718987
v 0.76315694 3.38929144 -1.58722840
v 0.76324377 3.38931854 -1.61699490
v 0.75660039 3.39566874 -1.58685750
v 0.76297328 3.38947960 -1.58695106
v 0.86343933 3.38928839 -1.61688740
v 0.76288561 3.38918334 -1.61688004
v 0.86359226 3.38927497 -1.61194387
v 0.86597279 3.38051976 -1.61689668
v 0.86345538 3.38932794 -1.61180487
v 0.86585400 3.38053813 -1.60882073
v 0.86349654 3.38919342 -1.61705576
v 0.86348401 3.37177977 -1.61719027
v 0.86606523 3.38056997 -1.60861130
v 0.86345368 3.37168348 -1.61175895
v 0.86576408 3.38048064 -1.61708048
v 0.74798335 3.26261556 -1.60855060
v 0.73912781 3.26480089 -1.61739436
v 0.74793123 3.26239735 -1.61707872
v 0.73916417 3.26478813 -1.61174128
v 0.73919640 3.36531596 -1.58693794
v 0.73917689 3.26485077 -1.61711416
v 0.73915861 3.26499635 -1.61185175
v 0.73909624 3.36524333 -1.61696971
v 0.73268797 3.37199738 -1.58712875
v 0.73903162 3.36528452 -1.61711615
v 0.73906116 3.36539975 -1.58722579
v 0.73262162 3.37190059 -1.61711076
v 0.73241837 3.37171821 -1.58702505
v 0.63222258 3.37183268 -1.61712094
v 0.73269132 3.37178081 -1.61696355
v 0.63219461 3.37172424 -1.61176986
v 0.62982875 3.38044744 -1.60868342
v 0.63224380 3.37169446 -1.61681721
v 0.63222755 3.37158589 -1.61175002
v 0.62996170 3.38046890 -1.61690652
v 0.63238866 3.38906345 -1.61161682
v 0.62984281 3.38044222 -1.61717582
v 0.62994301 3.38054598 -1.60871726
v 0.63228083 3.38928285 -1.61719753
v 0.63225658 3.38944515 -1.61160323
v 0.73271765 3.38930131 -1.61705534
v 0.63221025 3.38934964 -1.61706855
v 0.73273008 3.38935861 -1.58708712
v 0.73904901 3.39564324 -1.58691549
v 0.73271395 3.38937006 -1.61694233
v 0.73264485 3.38929759 -1.58691442
v 0.73912378 3.39571693 -1.61711138
v 0.73920151 3.49591023 -1.61190768
v 0.73902801 3.39576618 -1.61709390
v 0.73928077 3.39576120 -1.58694995
v 0.73904391 3.49626657 -1.61706731
v 0.73893221 3.49609526 -1.61173069
v 0.74789180 3.49849019 -1.61706150
v 0.73891940 3.49615393 -1.61703632
v 0.74785398 3.49835762 -1.60848197
v 0.74782860 3.49840274 -1.61697614
v 0.75660551 3.49612691 -1.61175923
v 0.75668901 3.49635521 -1.61708681
v 0.74798838 3.49845442 -1.60881273
v 0.75670658 3.39561643 -1.61701947
v 0.75658743 3.49605228 -1.61197490
v 0.75667260 3.39579136 -1.58695267
v 0.75676827 3.49597179 -1.61696553
v 0.86362944 3.37171034 -1.61163179
v 0.76556593 3.38055375 -1.58692141
v 0.76312316 3.37164948 -1.58690638
v 0.86579554 3.38059329 -1.60873641
v 0.75679528 3.49582330 -1.61173933
v 0.74775628 3.39811230 -1.58699834
v 0.75662005 3.39575400 -1.58696135
v 0.74787755 3.49853051 -1.60853397
v 0.73918404 3.39580028 -1.58700403
v 0.63216078 3.38933617 -1.61175095
v 0.73037097 3.38058604 -1.58720834
v 0.73278822 3.37176245 -1.58683158
v 0.62985965 3.38067847 -1.60873612
v 0.73913058 3.36529714 -1.58704748
v 0.73903552 3.26504065 -1.61168186
v 0.86341087 3.38929624 -1.61163798
v 0.86595931 3.38030433 -1.60871181
v 0.74767846 3.26256201 -1.60845721
v 0.63226492 3.37169915 -1.61172238
v 0.62992764 3.38045911 -1.60868305
v 0.73902434 3.49626381 -1.61192939
v 0.74793851 3.49864422 -1.60861712
v -1.34510299 4.79480077 -1.61714750
v -1.35128808 4.80101279 -1.58687383
v -1.34496535 4.79470559 -1.58695088
v -1.35151891 4.80111064 -1.61727316
v -1.34509927 4.79479165 -1.58693215
v -1.24454053 4.79493060 -1.61702029
v -1.34500835 4.79481304 -1.61694293
v -1.24457005 4.79458705 -1.61181492
v -1.34498264 4.79468278 -1.61701541
v -1.35151639 4.77074783 -1.61706156
v -1.35138847 4.80118674 -1.61692396
v -1.34502719 4.77712929 -1.61695721
v -1.24468513 4.79481269 -1.61696723
v -1.24454546 4.77723071 -1.61684030
v -1.24235437 4.78597097 -1.61688314
v -1.36033486 4.90381670 -1.61710995
v -1.36900744 4.80108090 -1.61713176
v -1.36894458 4.90136440 -1.61700501
v -1.36896979 4.77072509 -1.61708097
v -1.36903635 4.67048527 -1.61684649
v -1.36039870 4.66792495 -1.61719365
v -1.35146386 4.90152091 -1.61698491
v -1.35140033 4.67037025 -1.61695285
v -1.47570139 4.79469987 -1.61703314
v -1.47602217 4.77732171 -1.61709569
v -1.47817864 4.78600696 -1.61710707
v -1.37544594 4.79478152 -1.61706256
v -1.37563017 4.77720263 -1.61701796
v -1.35132217 4.80104435 -1.61715469
v -1.35139874 4.90166087 -1.61156179
v -1.35131187 4.80118136 -1.58701030
v -1.35138254 4.90153930 -1.61703594
v -1.37547639 4.77723253 -1.58699954
v -1.37538046 4.79470838 -1.58706185
v -1.37769968 4.78587764 -1.58682268
v -1.36900888 4.77070260 -1.58676947
v -1.36914839 4.80114069 -1.58716627
v -1.36032579 4.76836834 -1.58712581
v -1.36016841 4.80366058 -1.58690641
v -1.35145737 4.77094142 -1.58697155
v -1.35127394 4.80108227 -1.58675892
v -1.34508471 4.77727856 -1.58687321
v -1.34509965 4.79460424 -1.58695401
v -1.34254758 4.78585358 -1.58693476
v -1.24239931 4.78589351 -1.60861180
v -1.24452703 4.79457663 -1.61181765
v -1.34500146 4.79448592 -1.58684898
v -1.24228862 4.78573471 -1.61703413
v -1.24476497 4.79472338 -1.61163339
v -1.24234279 4.78594741 -1.60861731
v -1.24472830 4.79456112 -1.61723348
v -1.36902010 4.90150203 -1.61182741
v -1.36036019 4.90390545 -1.61713418
v -1.36904021 4.90146929 -1.61692386
v -1.36029730 4.90377556 -1.60861456
v -1.36038185 4.90388042 -1.61720978
v -1.35144526 4.90149104 -1.61186432
v -1.35148250 4.90168558 -1.61723463
v -1.36036718 4.90375780 -1.60851908
v -1.24471511 4.77708047 -1.61694154
v -1.24239042 4.78608997 -1.60864158
v -1.24459203 4.77725150 -1.61170919
v -1.24228492 4.78569855 -1.61703660
v -1.24465342 4.77724709 -1.61167697
v -1.34523789 4.77705998 -1.61703637
v -1.24446126 4.77706555 -1.61705712
v -1.34517008 4.77715259 -1.58695610
v -1.35143834 4.77066762 -1.61700900
v -1.34510249 4.77730182 -1.58682840
v -1.35130710 4.77074533 -1.58699794
v -1.34517643 4.77713165 -1.61720805
v -1.35155819 4.77094459 -1.61706414
v -1.35149665 4.67029092 -1.61187000
v -1.35134891 4.67035743 -1.61714748
v -1.35138212 4.77082256 -1.58687302
v -1.35148326 4.67035487 -1.61168706
v -1.36018481 4.66796041 -1.61698225
v -1.35152558 4.67039013 -1.61713800
v -1.36020468 4.66820189 -1.60865907
v -1.36887782 4.67014088 -1.61702111
v -1.36027103 4.66800021 -1.61698429
v -1.36887490 4.67033837 -1.61172956
v -1.36895343 4.77059202 -1.61706633
v -1.36907427 4.67021214 -1.61701805
v -1.36920063 4.77078239 -1.58691740
v -1.37544554 4.77709021 -1.58692537
v -1.36900580 4.77077366 -1.61715084
v -1.36902414 4.77087961 -1.58677945
v -1.37548361 4.77718813 -1.61706270
v -1.37550072 4.77705712 -1.58688624
v -1.47563639 4.77728805 -1.61706706
v -1.37542006 4.77711761 -1.61740216
v -1.47592226 4.77725405 -1.61162205
v -1.47835486 4.78602823 -1.60860277
v -1.47584200 4.77705479 -1.61726706
v -1.47605377 4.77714692 -1.61182521
v -1.47812605 4.78603604 -1.61710374
v -1.47579509 4.79474543 -1.61159932
v -1.47827700 4.78584881 -1.61691577
v -1.47818217 4.78583047 -1.60880908
v -1.47588880 4.79474552 -1.61703809
v -1.47574196 4.79462391 -1.61181775
v -1.37542179 4.79467690 -1.61712357
v -1.47575399 4.79463040 -1.61726116
v -1.37538117 4.79470963 -1.58696867
v -1.36915184 4.80107972 -1.58698993
v -1.37532633 4.79482468 -1.61688864
v -1.37547247 4.79471486 -1.58691989
v -1.36914401 4.80124886 -1.61721462
v -1.36919885 4.90145538 -1.61197188
v -1.36914624 4.80130052 -1.61722094
v -1.36900446 4.80129386 -1.58693013
v -1.36902264 4.90157635 -1.61701762
v -1.35148470 4.90163495 -1.61175153
v -1.35149324 4.80107096 -1.58691107
v -1.37562629 4.79478597 -1.58690942
v -1.47579827 4.79449349 -1.61169968
v -1.37765566 4.78599370 -1.58689940
v -1.47826977 4.78596678 -1.60877837
v -1.36021892 4.76854022 -1.58693644
v -1.36906332 4.77058536 -1.58697071
v -1.36929335 4.67024802 -1.61167449
v -1.35156883 4.77068703 -1.58675379
v -1.36023092 4.66820882 -1.60864650
v -1.24473231 4.77708108 -1.61180094
v -1.34262765 4.78591622 -1.58693599
v -1.36025765 4.90399543 -1.60853750
v -1.36885862 4.80115787 -1.58680184
v -1.36920110 4.90157005 -1.61173088
v -1.36025702 4.90383478 -1.60856274
v -1.24227590 4.78589857 -1.60846491
v -1.35148876 4.67031925 -1.61185711
v -1.36023706 4.66804832 -1.60853540
v -1.36022751 4.66802452 -1.61706963
v -1.35148640 4.67031294 -1.61181665
v -1.36030342 4.66798472 -1.60864302
v -1.36918964 4.67036868 -1.61172710
v -1.36906426 4.67042152 -1.61707168
v -1.47591676 4.77720629 -1.61161999
v -1.47808386 4.78608106 -1.60869961
v -1.36022069 4.66783452 -1.60878667
v 0.75013017 4.94979937 -1.32077821
v 0.73269647 4.94096103 -1.32093286
v 0.74671690 4.95611744 -1.31342554
v 0.74647369 4.95611456 -1.31318685
v 1.06696211 4.94989561 -1.32094180
v 0.74985434 4.94996471 -1.32091775
v 1.07041928 4.95636406 -1.31346618
v 0.74657081 4.95620841 -1.31339403
v 0.73272082 4.94104117 -1.32101007
v 0.72891828 4.94710646 -1.31344239
v 0.74983957 4.94992862 -1.30604530
v 1.07070534 4.95626105 -1.31341983
v 0.74667662 4.95629765 -1.31339802
v 1.06698561 4.95005840 -1.30607161
v 1.08411955 4.94103866 -1.32079142
v 1.06693058 4.94989027 -1.32091174
v 1.07026270 4.95628254 -1.31334204
v 0.72900782 4.94708068 -1.31341518
v 0.73275131 4.94098795 -1.32096065
v 0.72399821 4.92934435 -1.31334013
v 0.74639673 4.95632680 -1.31331752
v 0.72893582 4.94722268 -1.31352790
v 0.73281171 4.94105351 -1.30590344
v 0.75012294 4.94978428 -1.30590869
v 0.74646706 4.95606154 -1.31352100
v 0.73261508 4.94106782 -1.30578380
v 1.08425014 4.94112648 -1.30589474
v 1.07046063 4.95633116 -1.31323621
v 1.06687209 4.94988736 -1.30607158
v 1.08791594 4.94728238 -1.31352159
v 1.08432344 4.94102951 -1.32078016
v 1.07054796 4.95641096 -1.31336790
v 0.72904436 4.94730366 -1.31336358
v 0.72379720 4.92940358 -1.31322454
v 0.73264126 4.94101373 -1.30601910
v 0.73265958 4.94099730 -1.32089843
v 0.72767491 4.92361271 -1.32082250
v 0.72404581 4.92945967 -1.31348876
v 1.08800069 4.94695704 -1.31353071
v 1.07035060 4.95624875 -1.31360147
v 1.08436531 4.94117598 -1.30574044
v 1.08807656 4.94723883 -1.31331823
v 1.09319151 4.92927197 -1.31351318
v 1.08413155 4.94100926 -1.32073084
v 0.73278280 4.94120594 -1.30604755
v 0.72380503 4.92936744 -1.31342692
v 0.72761225 4.92357976 -1.30592759
v 0.72792941 4.62767465 -1.32083844
v 0.72381708 4.62181518 -1.31345951
v 0.72764246 4.92344989 -1.32072961
v 1.08822337 4.94723575 -1.31339283
v 1.08408707 4.94101099 -1.30580247
v 1.09303736 4.92932950 -1.31344508
v 1.08414535 4.94085686 -1.32070694
v 1.09290264 4.92937919 -1.31340657
v 1.08920313 4.92366410 -1.32095575
v 0.72775052 4.62787665 -1.30605561
v 0.72409604 4.62184646 -1.31363301
v 0.73275410 4.61029537 -1.32087803
v 1.08428191 4.94099611 -1.30598013
v 1.08920077 4.92367857 -1.30590777
v 1.09304654 4.92956068 -1.31354744
v 1.08929213 4.62782451 -1.32063268
v 1.09306237 4.62191471 -1.31348554
v 0.72796095 4.62755960 -1.30592066
v 0.73274855 4.61034151 -1.30586558
v 0.72399013 4.62195335 -1.31335258
v 0.73267548 4.61024223 -1.32098156
v 0.72896398 4.60408587 -1.31337324
v 1.08917531 4.62760534 -1.30602552
v 1.09278658 4.62185899 -1.31336990
v 1.08932623 4.92369793 -1.30594044
v 1.08938284 4.62760998 -1.32073503
v 1.08437397 4.61021641 -1.32087641
v 0.72381357 4.62179857 -1.31351140
v 0.72880653 4.60407901 -1.31361158
v 0.73271740 4.61029294 -1.30583534
v 0.74658083 4.59474740 -1.31329205
v 0.72884865 4.60399371 -1.31337092
v 0.73271334 4.61020874 -1.32079537
v 1.08423711 4.61030665 -1.30602053
v 1.09308632 4.62188487 -1.31360245
v 1.08802237 4.60398548 -1.31313621
v 1.08419419 4.61026658 -1.32072348
v 0.74649634 4.59500987 -1.31331494
v 0.73277780 4.61026230 -1.30595885
v 0.72890598 4.60405367 -1.31326812
v 0.74981982 4.60142939 -1.32088307
v 0.74652862 4.59506256 -1.31342796
v 0.73268844 4.61040257 -1.32082939
v 1.09301106 4.62185539 -1.31345236
v 1.08420839 4.61036333 -1.30603125
v 1.08801702 4.60421731 -1.31346853
v 1.08826847 4.60425405 -1.31338983
v 1.07050258 4.59492107 -1.31332417
v 1.08427967 4.61029467 -1.32084028
v 0.75003543 4.60140015 -1.30599717
v 0.73285300 4.61019798 -1.30621343
v 0.74675887 4.59486396 -1.31343143
v 1.07026933 4.59503653 -1.31343062
v 0.75009443 4.60152978 -1.32085534
v 1.06695214 4.60141773 -1.32089233
v 0.74654285 4.59491178 -1.31336718
v 1.08807564 4.60401179 -1.31344128
v 1.08414867 4.61022838 -1.30588640
v 1.07034221 4.59507336 -1.31349152
v 1.08425300 4.61028769 -1.32106433
v 1.07031100 4.59495099 -1.31324643
v 1.06694508 4.60126805 -1.32104202
v 1.06709260 4.60138514 -1.30591666
v 0.74670911 4.59509905 -1.31350039
v 1.07037518 4.59512121 -1.31337706
v 0.75006316 4.60133376 -1.30609957
v 1.08419122 4.61034486 -1.30594583
v 1.06688977 4.60140799 -1.30592909
v 1.07042513 4.59500076 -1.31340329
v 0.73482482 3.37292914 -1.32076886
v 0.73495371 3.38812454 -1.32090672
v 0.73291965 3.38053645 -1.32097225
v 0.74048279 3.36749642 -1.32093527
v 0.74021905 3.39352942 -1.32109199
v 0.74776917 3.36545582 -1.32101176
v 0.74778764 3.39545694 -1.32092021
v 0.75537961 3.36752987 -1.32075367
v 0.75538026 3.39352761 -1.32093013
v 0.76098068 3.37300660 -1.32109993
v 0.76077532 3.38805346 -1.32094556
v 0.76304599 3.38050201 -1.32099643
v 0.73504702 3.38808806 -1.32094472
v 0.74035986 3.39346181 -1.58677701
v 0.73484885 3.38808834 -1.58692906
v 0.74055448 3.39334058 -1.32096186
v 0.73492443 3.38815632 -1.32091230
v 0.73275285 3.38056866 -1.58688905
v 0.73265421 3.38051825 -1.32096236
v 0.73481521 3.38807349 -1.58690295
v 0.73289041 3.38059948 -1.32089978
v 0.73489751 3.37286557 -1.58665975
v 0.73476633 3.37299643 -1.32097734
v 0.73286847 3.38046947 -1.58685000
v 0.74032566 3.36738945 -1.32070119
v 0.73474691 3.37305140 -1.58672356
v 0.74040579 3.36744188 -1.58673202
v 0.73498465 3.37295828 -1.32090946
v 0.74792585 3.36564473 -1.32088212
v 0.74032868 3.36743481 -1.58683604
v 0.74802055 3.36548643 -1.58681487
v 0.74026159 3.36752300 -1.32113859
v 0.75555863 3.36749145 -1.58686988
v 0.74794771 3.36529713 -1.32104293
v 0.74776328 3.36536140 -1.58677579
v 0.75545995 3.36741020 -1.32079572
v 0.76107140 3.37293843 -1.58684345
v 0.75538472 3.36754210 -1.32093407
v 0.75556323 3.36760068 -1.58694283
v 0.76093252 3.37291279 -1.32090077
v 0.76103451 3.37317902 -1.58691085
v 0.76294279 3.38036662 -1.32087089
v 0.76099076 3.37307079 -1.32084834
v 0.76298256 3.38045569 -1.58695628
v 0.76294564 3.38045385 -1.58663503
v 0.76093321 3.38817515 -1.32089968
v 0.76300662 3.38044435 -1.32073485
v 0.76100976 3.38813904 -1.58667151
v 0.75553134 3.39361451 -1.58688754
v 0.76091317 3.38802264 -1.32092958
v 0.76091923 3.38822166 -1.58695562
v 0.75545490 3.39363799 -1.32092063
v 0.74796449 3.39550526 -1.58676745
v 0.75546304 3.39353652 -1.32099936
v 0.75526124 3.39358938 -1.58668113
v 0.74795141 3.39554030 -1.32084006
v 0.74030054 3.39358228 -1.32077528
v 0.74787616 3.39557306 -1.58688147
v 0.74029598 3.39339883 -1.58681975
v 0.74792643 3.39552442 -1.32102264
v 0.73494039 3.38802774 -1.58678749
v 0.73495480 3.37315398 -1.58680552
v 0.73273859 3.38057639 -1.58682430
v 0.74025668 3.39363604 -1.58675842
v 0.74032575 3.36756313 -1.58679564
v 0.74787343 3.39570652 -1.58715655
v 0.74779813 3.36543952 -1.58685598
v 0.75527505 3.39354818 -1.58690784
v 0.75546096 3.36751860 -1.58696379
v 0.76091329 3.38810509 -1.58677288
v 0.76093114 3.37306938 -1.58693747
v 0.76279696 3.38051992 -1.58689085
v -1.37325346 4.77839184 -1.32091248
v -1.37336885 4.79339163 -1.32117501
v -1.37529601 4.78630669 -1.32095577
v -1.36774217 4.77280338 -1.32097630
v -1.36772305 4.79918043 -1.32093656
v -1.36024444 4.77104415 -1.32086896
v -1.36033244 4.80108251 -1.32083374
v -1.35287145 4.77291173 -1.32095509
v -1.35273990 4.79897954 -1.32083267
v -1.34725025 4.77838459 -1.32091585
v -1.34721404 4.79337023 -1.32082794
v -1.34532959 4.78584047 -1.32097549
v -1.34711543 4.77832722 -1.58672131
v -1.35272079 4.77280525 -1.32082239
v -1.35268952 4.77293763 -1.58682047
v -1.34713116 4.77822894 -1.32107150
v -1.34717622 4.77852378 -1.58672200
v -1.34522240 4.78587450 -1.32100541
v -1.34728042 4.77840417 -1.32102040
v -1.34509556 4.78593701 -1.58675875
v -1.34522365 4.78590811 -1.58683894
v -1.34704349 4.79348065 -1.32088838
v -1.34504763 4.78603452 -1.32104965
v -1.34712580 4.79367948 -1.58683735
v -1.34713207 4.79350630 -1.58706888
v -1.35270416 4.79887384 -1.32103479
v -1.34696570 4.79353540 -1.32098526
v -1.35259814 4.79880461 -1.58698880
v -1.36015676 4.80091178 -1.58682125
v -1.35272512 4.79895869 -1.32083436
v -1.35268994 4.79891177 -1.58673275
v -1.36016897 4.80093950 -1.32085139
v -1.36760163 4.79881913 -1.32092834
v -1.36048073 4.80110305 -1.58676513
v -1.36787675 4.79877593 -1.58691207
v -1.36038692 4.80115093 -1.32079720
v -1.36783867 4.79899399 -1.32107077
v -1.37326141 4.79344448 -1.58680246
v -1.37331544 4.79348040 -1.32104263
v -1.36783220 4.79891108 -1.58672989
v -1.37305528 4.79345356 -1.32088671
v -1.37540291 4.78594948 -1.58688098
v -1.37530614 4.78570892 -1.32080783
v -1.37319133 4.79359083 -1.58698326
v -1.37551755 4.78588967 -1.32086508
v -1.37334855 4.77841391 -1.58673830
v -1.37325305 4.77846948 -1.32089442
v -1.37537766 4.78593667 -1.58690665
v -1.36782646 4.77294974 -1.32081462
v -1.37327582 4.77841143 -1.58701627
v -1.36775304 4.77290642 -1.58685167
v -1.37325133 4.77850716 -1.32103572
v -1.36027558 4.77086450 -1.32069789
v -1.36778867 4.77282287 -1.58668464
v -1.36012708 4.77072254 -1.58683835
v -1.36761706 4.77277180 -1.32094245
v -1.35282617 4.77287194 -1.58699464
v -1.36042222 4.77091838 -1.32091095
v -1.36033002 4.77085355 -1.58700655
v -1.35275200 4.77281983 -1.32082831
v -1.37315489 4.79325014 -1.58690676
v -1.37334775 4.77851758 -1.58687995
v -1.37538884 4.78583420 -1.58696094
v -1.36785849 4.79886677 -1.58684633
v -1.36777406 4.77282590 -1.58680161
v -1.36033852 4.80091677 -1.58700131
v -1.36017445 4.77087529 -1.58677411
v -1.35258330 4.79885154 -1.58682690
v -1.35277696 4.77285585 -1.58691543
v -1.34703529 4.79343410 -1.58698876
v -1.34714850 4.77855469 -1.58684672
v -1.34503635 4.78580471 -1.58676927
v -0.44124531 1.94626457 -1.61720571
v -0.44794217 1.93972961 -1.58693023
v -0.44791824 1.93977414 -1.61706830
v -0.44164050 1.94631028 -1.58694678
v -0.44784358 1.93963225 -1.61703692
v -0.44807273 1.83943122 -1.61160837
v -0.44783164 1.83945300 -1.61715908
v -0.44792232 1.93981829 -1.58696377
v -0.44160909 1.96389961 -1.61715405
v -0.44807367 1.93981000 -1.61716564
v -0.44799853 1.97004953 -1.61705722
v -0.44159348 1.94627540 -1.61694406
v -0.34099600 1.96389521 -1.61690403
v -0.34111875 1.94622580 -1.61708099
v -0.33883544 1.95507085 -1.61703682
v -0.45658277 2.07289891 -1.61698236
v -0.46563824 1.97009236 -1.61707787
v -0.46558710 2.07061856 -1.61692883
v -0.46549592 1.93973538 -1.61691266
v -0.46540082 1.83950181 -1.61726300
v -0.45663711 1.83707720 -1.61691501
v -0.44798562 2.07064679 -1.61708024
v -0.44810775 1.83934297 -1.61700282
v -0.57236080 1.96386187 -1.61700775
v -0.57246006 1.94651084 -1.61705630
v -0.57480027 1.95501578 -1.61704980
v -0.47190403 1.96366966 -1.61689949
v -0.47215191 1.94629133 -1.61711434
v -0.34109884 1.94632343 -1.61156376
v -0.44143343 1.94614308 -1.61707968
v -0.34086991 1.94622690 -1.61689872
v -0.44151789 1.94633786 -1.58703835
v -0.47216328 1.94604274 -1.58701296
v -0.47185792 1.96388509 -1.58686876
v -0.47444140 1.95519648 -1.58678604
v -0.46557246 1.94002527 -1.58699899
v -0.46556107 1.97037738 -1.58697496
v -0.45680801 1.93754395 -1.58703503
v -0.45677215 1.97248866 -1.58699634
v -0.44803548 1.93998864 -1.58696697
v -0.44817819 1.97006466 -1.58717581
v -0.44156010 1.94616883 -1.58703248
v -0.44146902 1.96384418 -1.58685341
v -0.43912258 1.95511411 -1.58704113
v -0.44813997 1.93983439 -1.58684207
v -0.45683148 1.83711904 -1.60868991
v -0.44799442 1.83929961 -1.61179056
v -0.44814704 1.83945767 -1.61170900
v -0.45686091 1.83703088 -1.61693586
v -0.44778948 1.83939448 -1.61736592
v -0.33891766 1.95478329 -1.61721919
v -0.34126141 1.96404265 -1.61190153
v -0.33874538 1.95511806 -1.60866712
v -0.34112713 1.96388274 -1.61690441
v -0.34128610 1.94613313 -1.61714537
v -0.33877150 1.95526646 -1.60869990
v -0.34109626 1.94623400 -1.61191712
v -0.33867526 1.95521319 -1.61712978
v -0.45676396 1.83702762 -1.60850449
v -0.46539818 1.83943116 -1.61699364
v -0.45669614 1.83717087 -1.61697037
v -0.46560609 1.83944919 -1.61162184
v -0.46546533 1.83935668 -1.61178400
v -0.46552542 1.93982862 -1.61706881
v -0.46544748 1.83950297 -1.61705565
v -0.46554717 1.93996232 -1.58692513
v -0.47195805 1.94622925 -1.58697616
v -0.46552842 1.93970983 -1.61697576
v -0.46552154 1.93995244 -1.58698574
v -0.47178918 1.94620198 -1.61710955
v -0.47195599 1.94635586 -1.58698357
v -0.57229833 1.94620656 -1.61701105
v -0.47204272 1.94624511 -1.61693880
v -0.57237970 1.94623933 -1.61191819
v -0.57492064 1.95500849 -1.61700245
v -0.57242729 1.94639320 -1.61702226
v -0.57238629 1.94634861 -1.61185039
v -0.57240129 1.96369789 -1.61708710
v -0.57476765 1.95506271 -1.61712989
v -0.57469151 1.95491808 -1.60850956
v -0.57242505 1.96392778 -1.61167568
v -0.47204118 1.96376362 -1.61720036
v -0.57246370 1.96397952 -1.61702528
v -0.47187541 1.96386236 -1.58668531
v -0.46538763 1.97027391 -1.58677620
v -0.47202045 1.96389693 -1.61694193
v -0.47209495 1.96370569 -1.58693555
v -0.46543634 1.97039138 -1.61711909
v -0.46553124 2.07069399 -1.61177730
v -0.46562303 1.97008908 -1.61729757
v -0.46553546 1.97023975 -1.58702438
v -0.46541920 2.07062390 -1.61704719
v -0.46547425 2.07060811 -1.61179088
v -0.45685996 2.07303688 -1.61713733
v -0.46553609 2.07072470 -1.61705125
v -0.45670195 2.07308050 -1.60867123
v -0.44788571 2.07056850 -1.61706097
v -0.45663945 2.07299010 -1.61699899
v -0.44798681 1.97034552 -1.61696166
v -0.44779021 2.07067492 -1.61167403
v -0.44765899 1.97024486 -1.58704792
v -0.44794289 2.07064599 -1.61707315
v -0.44794780 1.97034946 -1.61710370
v -0.44159794 1.96370453 -1.58680503
v -0.44134664 1.96369710 -1.61735972
v -0.44804899 1.97027191 -1.58687851
v -0.44142236 1.96369725 -1.58702690
v -0.34128266 1.96383124 -1.61701350
v -0.44139168 1.96389349 -1.61704095
v -0.34112093 1.96381307 -1.61174384
v -0.34135675 1.94628711 -1.61179172
v -0.44144690 1.94636800 -1.58705083
v -0.44816814 2.07061284 -1.61180240
v -0.45682280 1.97257364 -1.58699200
v -0.44785153 1.97018371 -1.58696853
v -0.45683853 2.07302035 -1.60872557
v -0.47202012 1.96385062 -1.58706736
v -0.57240903 1.96376654 -1.61182756
v -0.47449181 1.95498050 -1.58686619
v -0.47184687 1.94633616 -1.58687989
v -0.57471861 1.95490374 -1.60851153
v -0.45687674 1.93740358 -1.58695348
v -0.46564994 1.83940624 -1.61164286
v -0.33887828 1.95502138 -1.60861020
v -0.44141040 1.96386613 -1.58698167
v -0.45666817 1.83713703 -1.60870840
v -0.45685331 1.83697541 -1.61715419
v -0.44785251 1.83944741 -1.61177466
v -0.34115205 1.96380601 -1.61175733
v -0.33871831 1.95523162 -1.60861071
v -0.45680747 1.83684209 -1.60859494
v -0.57245781 1.94637946 -1.61169330
v -0.57469204 1.95499608 -1.61698354
v -0.57241788 1.94627018 -1.61189123
v -0.57462134 1.95506053 -1.60855149
v -0.57254918 1.96378057 -1.61700223
v -0.57498409 1.95505311 -1.60868494
v -0.57240809 1.96379106 -1.61174832
v -0.46556839 2.07066318 -1.61168367
v -0.45686161 2.07283794 -1.60861757
v -0.45687125 2.07290930 -1.61721589
v -0.46543341 2.07075056 -1.61173770
v -0.45654495 2.07301805 -1.60871193
v -0.44780830 2.07062879 -1.61171790
v -0.44791983 2.07049386 -1.61704400
v -0.45685633 2.07287570 -1.60865878
v -0.57480099 1.95489640 -1.60875266
v 0.91733293 4.79102432 -1.61707905
v 0.92362559 4.78465444 -1.58685674
v 0.92365228 4.78464188 -1.61708070
v 0.91720744 4.79108199 -1.58688858
v 0.92380763 4.78461966 -1.58690628
v 1.02407469 4.78494047 -1.61719748
v 0.92386113 4.78463506 -1.61729529
v 1.02392090 4.78450693 -1.61190575
v 0.92386698 4.78483467 -1.61692522
v 0.91713342 4.76066862 -1.61711179
v 0.91736856 4.79106295 -1.61703043
v 0.92381364 4.76707951 -1.61722213
v 1.02425577 4.78444882 -1.61709663
v 1.02403769 4.76715574 -1.61685639
v 1.02642767 4.77608501 -1.61704838
v 0.90868973 4.89399352 -1.61704727
v 0.89975782 4.79104539 -1.61724237
v 0.89989666 4.89151045 -1.61690062
v 0.89974089 4.76086248 -1.61696110
v 0.89971882 4.66024943 -1.61711034
v 0.90852945 4.65797554 -1.61707382
v 0.91729807 4.89163268 -1.61709550
v 0.91716644 4.66021812 -1.61693980
v 0.79306639 4.78458050 -1.61729451
v 0.79286439 4.76715248 -1.61704113
v 0.79051513 4.77596823 -1.61699402
v 0.89338746 4.78474346 -1.61724363
v 0.89325615 4.76699213 -1.61697251
v 0.91725033 4.79107675 -1.61704256
v 0.91727570 4.89154546 -1.61182202
v 0.91722151 4.79084217 -1.58702919
v 0.91727369 4.89152541 -1.61713846
v 0.89331418 4.76725742 -1.58679952
v 0.89332047 4.78467537 -1.58697669
v 0.89086973 4.77595882 -1.58700049
v 0.89964327 4.76070729 -1.58706792
v 0.89970930 4.79112228 -1.58695050
v 0.90838854 4.75832834 -1.58680573
v 0.90845616 4.79330852 -1.58693695
v 0.91732842 4.76057591 -1.58687238
v 0.91723767 4.79117221 -1.58698456
v 0.92358666 4.76707262 -1.58691951
v 0.92369120 4.78467258 -1.58702133
v 0.92612451 4.77600009 -1.58702574
v 1.02644547 4.77589438 -1.60870015
v 1.02410549 4.78465137 -1.61161958
v 0.92381382 4.78472825 -1.58700184
v 1.02422676 4.78484411 -1.61711557
v 1.02408151 4.78475084 -1.61173368
v 1.02648765 4.77584796 -1.61706942
v 0.89979179 4.89158779 -1.61179211
v 0.90870915 4.89367522 -1.61692610
v 0.89969555 4.89151649 -1.61704424
v 0.90833913 4.89398194 -1.60840478
v 0.90868223 4.89380492 -1.61696764
v 0.91739895 4.89125424 -1.61179149
v 0.91732107 4.89158492 -1.61699732
v 0.90849181 4.89383700 -1.60879567
v 1.02646917 4.77586194 -1.61669895
v 1.02645058 4.77595023 -1.60846787
v 1.02405093 4.76702604 -1.61692554
v 1.02402984 4.76721679 -1.61168815
v 0.92385782 4.76700240 -1.61687249
v 1.02402546 4.76718550 -1.61726100
v 0.92387341 4.76720431 -1.58692803
v 0.91702787 4.76077500 -1.61700442
v 0.92375212 4.76715981 -1.58701303
v 0.91717471 4.76088438 -1.58683085
v 0.92368235 4.76712343 -1.61697569
v 0.91717127 4.66069119 -1.61702395
v 0.91729614 4.76057816 -1.58687317
v 0.91728638 4.66023145 -1.61171852
v 0.91726131 4.76053806 -1.61694913
v 0.91747197 4.66015551 -1.61179591
v 0.90843806 4.65773250 -1.61709130
v 0.91731227 4.66032958 -1.61704328
v 0.90862615 4.65781395 -1.60873102
v 0.89995185 4.66034386 -1.61712505
v 0.90842163 4.65807204 -1.61690937
v 0.89969350 4.76058702 -1.58671253
v 0.89963482 4.66028741 -1.61711909
v 0.89973481 4.66039476 -1.61176464
v 0.89979514 4.76048620 -1.61715013
v 0.89335959 4.76710352 -1.58692046
v 0.89959336 4.76086609 -1.61710649
v 0.89989439 4.76057351 -1.58707312
v 0.89335804 4.76707197 -1.61706212
v 0.89341646 4.76698830 -1.58672446
v 0.79295338 4.76709991 -1.61717660
v 0.89318431 4.76719672 -1.61695359
v 0.79289111 4.76726237 -1.61173427
v 0.79051231 4.77583341 -1.61682825
v 0.79284199 4.76696024 -1.61719150
v 0.79302302 4.76730609 -1.61170913
v 0.79282416 4.78461745 -1.61702875
v 0.79055721 4.77559082 -1.61710466
v 0.79049276 4.77578503 -1.60858194
v 0.79281580 4.78455774 -1.61165956
v 0.89335680 4.78450622 -1.61701854
v 0.79301625 4.78474895 -1.61711349
v 0.89329924 4.78461934 -1.58691549
v 0.89327229 4.78454616 -1.58698982
v 0.89982039 4.79104708 -1.61708505
v 0.89317630 4.78449569 -1.61716921
v 0.89975098 4.79126332 -1.58688073
v 0.89967837 4.89146433 -1.61180849
v 0.89961626 4.79115935 -1.61705980
v 0.89957034 4.79116470 -1.58683171
v 0.89972738 4.89138052 -1.61694079
v 0.91717858 4.89144373 -1.61182148
v 0.91718807 4.79100743 -1.58703252
v 0.89310435 4.78466995 -1.58694193
v 0.79302206 4.78467866 -1.61182823
v 0.89096383 4.77588627 -1.58711842
v 0.79050222 4.77601866 -1.60865251
v 0.90860310 4.75833023 -1.58699797
v 0.89989548 4.76061675 -1.58696163
v 0.89985520 4.66016397 -1.61179772
v 0.91735399 4.76064080 -1.58678294
v 0.90836699 4.65785690 -1.60858539
v 1.02412454 4.76709713 -1.61182685
v 0.92606530 4.77576320 -1.58689500
v 0.90838485 4.89379735 -1.60877971
v 0.89987394 4.79105188 -1.58680731
v 1.02401741 4.78478867 -1.61153481
v 1.02653290 4.77603139 -1.60859080
v 1.02639367 4.77589200 -1.61725591
v 0.89960946 4.89146940 -1.61208557
v 0.90852879 4.89389253 -1.60878591
v 1.02651734 4.77585320 -1.60859262
v 1.02399626 4.76723564 -1.61168300
v 1.02399352 4.76710483 -1.61706987
v 0.91735848 4.66033480 -1.61172361
v 0.90854080 4.65809447 -1.60868195
v 0.90847749 4.65801412 -1.61703509
v 0.91741265 4.66053036 -1.61196417
v 0.90834532 4.65793588 -1.60851062
v 0.89958753 4.66029903 -1.61181488
v 0.89972140 4.66025271 -1.61704698
v 0.79300089 4.76707985 -1.61197742
v 0.79059616 4.77573006 -1.61681920
v 0.79283677 4.76703141 -1.61185614
v 0.79051822 4.77581299 -1.60851559
v 0.79277601 4.78464256 -1.61694260
v 0.79052244 4.77606285 -1.60852764
v 0.79292096 4.78448833 -1.61179654
v 0.79058416 4.77586570 -1.60863069
v 0.90851940 4.65808890 -1.60871507
v 1.02636973 4.77598012 -1.60873377
v 0.89537315 4.76838141 -1.32084015
v 0.89534961 4.78359121 -1.32105101
v 0.89329137 4.77605240 -1.32081244
v 0.90091126 4.76286387 -1.32101290
v 0.90109990 4.78889118 -1.32099264
v 0.90860158 4.76092641 -1.32085575
v 0.90837069 4.79095812 -1.32099457
v 0.91597045 4.76281999 -1.32089849
v 0.91611040 4.78900770 -1.32089443
v 0.92169250 4.76827930 -1.32093510
v 0.92144294 4.78349644 -1.32105473
v 0.92343073 4.77558994 -1.32089834
v 0.92145310 4.76836778 -1.58683398
v 0.91611760 4.76297688 -1.32082358
v 0.91596943 4.76276564 -1.58671178
v 0.92159034 4.76840529 -1.32086222
v 0.92145148 4.76842039 -1.58687952
v 0.92332617 4.77586930 -1.32078984
v 0.92171157 4.76847084 -1.32097897
v 0.92349701 4.77590697 -1.58687647
v 0.92365384 4.77585463 -1.58691023
v 0.92143251 4.78342141 -1.32103667
v 0.92348502 4.77573911 -1.32082878
v 0.92141216 4.78340771 -1.58704156
v 0.92167669 4.78333172 -1.58703784
v 0.91594045 4.78889518 -1.32069781
v 0.92144860 4.78356332 -1.32091996
v 0.91603528 4.78897803 -1.58672721
v 0.90853883 4.79076519 -1.58685324
v 0.91592129 4.78906671 -1.32099490
v 0.91605182 4.78895032 -1.58693214
v 0.90841493 4.79106617 -1.32100919
v 0.90108737 4.78906903 -1.32096800
v 0.90850531 4.79095227 -1.58695206
v 0.90079967 4.78898086 -1.58691351
v 0.90852217 4.79108084 -1.32099451
v 0.90091968 4.78886109 -1.32092502
v 0.89554783 4.78354249 -1.58678495
v 0.89537254 4.78348295 -1.32080871
v 0.90124060 4.78904171 -1.58681420
v 0.89554744 4.78345481 -1.32087611
v 0.89333385 4.77586202 -1.58698759
v 0.89336422 4.77592024 -1.32101588
v 0.89549194 4.78345493 -1.58697885
v 0.89346367 4.77584653 -1.32096050
v 0.89562962 4.76841909 -1.58689678
v 0.89537577 4.76825303 -1.32105348
v 0.89336323 4.77596714 -1.58684983
v 0.90096772 4.76292943 -1.32102859
v 0.89548022 4.76824183 -1.58700131
v 0.90077831 4.76292626 -1.58693714
v 0.89536799 4.76821561 -1.32105966
v 0.90843388 4.76081422 -1.32090769
v 0.90088448 4.76283194 -1.58675954
v 0.90858219 4.76091792 -1.58699105
v 0.90094119 4.76274256 -1.32122717
v 0.91590289 4.76285135 -1.58700148
v 0.90844427 4.76082015 -1.32103895
v 0.90851306 4.76077663 -1.58693522
v 0.91621791 4.76272124 -1.32074251
v 0.89538803 4.78363922 -1.58679859
v 0.89531131 4.76841770 -1.58677617
v 0.89338417 4.77590333 -1.58701973
v 0.90080517 4.78907573 -1.58674379
v 0.90106124 4.76273406 -1.58671080
v 0.90853824 4.79116483 -1.58674029
v 0.90868175 4.76073292 -1.58697775
v 0.91600304 4.78895536 -1.58696005
v 0.91600017 4.76272413 -1.58687984
v 0.92141887 4.78348447 -1.58671532
v 0.92151037 4.76817564 -1.58698860
v 0.92347508 4.77577662 -1.58681833
vt 0.56440002 0.99949998
vt 0.53719997 0.00050002
vt 0.53719997 0.99949998
vt 0.56440002 0.00050002
vt 0.43560001 0.00050002
vt 0.01049995 0.99952477
vt 0.43560001 0.99949998
vt 0.01049995 0.82389998
vt 0.53729719 0.43559712
vt 0.43560481 0.46281332
vt 0.56446850 0.46281332
vt 0.46277961 0.43559712
vt 0.53732461 0.01060969
vt 0.46280709 0.01060969
vt 0.50014991 0.00064433
vt 0.99956852 0.50000000
vt 0.56446368 0.53719997
vt 0.98956370 0.53719997
vt 0.43560001 0.53719997
vt 0.01049995 0.53719997
vt 0.00050000 0.50000000
vt 0.98956847 0.46281332
vt 0.01050476 0.46281332
vt 0.53726143 0.98940361
vt 0.46274379 0.98940361
vt 0.50008529 0.99937236
vt 0.53728878 0.56441790
vt 0.46277130 0.56441790
vt 0.56440002 0.99949998
vt 0.98949999 0.82387519
vt 0.56440002 0.00050002
vt 0.98949999 0.99949998
vt 0.53722000 0.56442481
vt 0.46273929 0.56442481
vt 0.49988890 0.57439613
vt 0.56440002 0.53719997
vt 0.43560001 0.53719997
vt 0.57442522 0.49999058
vt 0.42563039 0.49999058
vt 0.56445551 0.46279442
vt 0.43565550 0.46279442
vt 0.53731620 0.43557131
vt 0.46283549 0.43557131
vt 0.50000000 0.42559999
vt 0.50000000 0.00050002
vt 0.46280000 0.01050001
vt 0.46280000 0.43559998
vt 0.50000000 0.99949998
vt 0.53719991 0.82389998
vt 0.50000000 0.71920002
vt 0.53719991 0.99953318
vt 0.56440002 0.00050002
vt 0.53719997 0.99949998
vt 0.56440002 0.99949998
vt 0.53719997 0.00050002
vt 0.01049995 0.82389998
vt 0.43560001 0.99949998
vt 0.43560001 0.00050002
vt 0.01049995 0.99952477
vt 0.53719991 0.82389998
vt 0.50000000 0.99949998
vt 0.53719991 0.99953318
vt 0.50000000 0.71920002
vt 0.50000000 0.99949998
vt 0.46280000 0.82386678
vt 0.46280000 0.99949998
vt 0.50000000 0.71920002
vt 0.46280000 0.99949998
vt 0.50000000 0.71920002
vt 0.46280000 0.82386678
vt 0.50000000 0.99949998
vt 0.98949999 0.82387519
vt 0.56440002 0.99949998
vt 0.98949999 0.99949998
vt 0.56440002 0.00050002
vt 0.56440002 0.99949998
vt 0.53719997 0.00050002
vt 0.53719997 0.99949998
vt 0.56440002 0.00050002
vt 0.01049995 0.99952477
vt 0.43560001 0.00050002
vt 0.01049995 0.82389998
vt 0.43560001 0.99949998
vt 0.53719991 0.99953318
vt 0.50000000 0.71920002
vt 0.50000000 0.99949998
vt 0.53719991 0.82389998
vt 0.50000000 0.71920002
vt 0.46280000 0.99949998
vt 0.50000000 0.99949998
vt 0.46280000 0.82386678
vt 0.56440002 0.00050002
vt 0.98949999 0.99949998
vt 0.98949999 0.82387519
vt 0.56440002 0.99949998
vt 0.56440002 0.00050002
vt 0.53719997 0.99949998
vt 0.56440002 0.99949998
vt 0.53719997 0.00050002
vt 0.43560001 0.00050002
vt 0.01049995 0.99952477
vt 0.43560001 0.99949998
vt 0.01049995 0.82389998
vt 0.50000000 0.71920002
vt 0.53719991 0.99953318
vt 0.53719991 0.82389998
vt 0.50000000 0.99949998
vt 0.46280000 0.82386678
vt 0.50000000 0.99949998
vt 0.50000000 0.71920002
vt 0.46280000 0.99949998
vt 0.98949999 0.82387519
vt 0.56440002 0.99949998
vt 0.98949999 0.99949998
vt 0.56440002 0.00050002
vt 0.01049995 0.46280003
vt 0.42559999 0.50000000
vt 0.43560001 0.46280003
vt 0.00050000 0.50000000
vt 0.46280000 0.56439996
vt 0.46280000 0.98949999
vt 0.50000000 0.57440001
vt 0.53719997 0.56439996
vt 0.50000000 0.99949998
vt 0.57440001 0.50000000
vt 0.98949999 0.53719997
vt 0.56440002 0.46280003
vt 0.99949998 0.50000000
vt 0.53719997 0.01050001
vt 0.53719997 0.43559998
vt 0.01049995 0.53719997
vt 0.00050000 0.50000000
vt 0.50000000 0.00050002
vt 0.98949999 0.46280003
vt 0.99949998 0.50000000
vt 0.53719997 0.98949999
vt 0.50000000 0.99949998
vt 0.14210001 -1.35660005
vt 0.04879999 -1.31299996
vt 0.12370000 -1.38820004
vt 0.12370000 -1.38820004
vt 1.85783899 -1.35660005
vt 0.14210001 -1.35660005
vt 1.87629998 -1.38820004
vt 0.12370000 -1.38820004
vt 0.04879999 -1.31299996
vt 0.02840000 -1.34360003
vt 0.14216140 -1.35660005
vt 1.87629998 -1.38820004
vt 0.12370000 -1.38820004
vt 1.85790002 -1.35660005
vt 1.95120001 -1.31299996
vt 1.85790002 -1.35660005
vt 1.87629998 -1.38820004
vt 0.02840000 -1.34360003
vt 0.04879999 -1.31299996
vt 0.00099999 -1.25589991
vt 0.12370000 -1.38820004
vt 0.02840000 -1.34360003
vt 0.04879999 -1.31299996
vt 0.14210001 -1.35660005
vt 0.12370000 -1.38820004
vt 0.04879999 -1.31299996
vt 1.95120001 -1.31299996
vt 1.87629998 -1.38820004
vt 1.85790002 -1.35660005
vt 1.97160006 -1.34360003
vt 1.95120001 -1.31299996
vt 1.87629998 -1.38820004
vt 0.02840000 -1.34360003
vt 0.00099999 -1.25589991
vt 0.04879999 -1.31299996
vt 0.04879999 -1.31299996
vt 0.02199995 -1.22720003
vt 0.00099999 -1.25589991
vt 1.97160006 -1.34360003
vt 1.87629998 -1.38820004
vt 1.95120001 -1.31299996
vt 1.97160006 -1.34360003
vt 1.99899995 -1.25589991
vt 1.95120001 -1.31299996
vt 0.04879999 -1.31299996
vt 0.00099999 -1.25589991
vt 0.02199995 -1.22720003
vt 0.02199995 0.22960001
vt 0.00099999 0.25840002
vt 0.02199995 -1.22725797
vt 1.97160006 -1.34360003
vt 1.95120001 -1.31299996
vt 1.99899995 -1.25589991
vt 1.95120001 -1.31299996
vt 1.99899995 -1.25589991
vt 1.97800004 -1.22720003
vt 0.02199995 0.22965801
vt 0.00099999 0.25840002
vt 0.00092095 0.25850278
vt 0.04872107 0.31560248
vt 0.02832121 0.34620267
vt 0.02189560 0.22974062
vt 1.95120001 -1.31299996
vt 1.97800004 -1.22720003
vt 1.99899995 -1.25589991
vt 1.97800004 0.22967851
vt 1.99899995 0.25840002
vt 0.04871101 0.31560510
vt 0.00091089 0.25850540
vt 0.02831114 0.34620529
vt 0.02188554 0.22974318
vt 0.12370000 0.39060003
vt 0.02840000 0.34609997
vt 0.04879999 0.31550002
vt 1.97800004 0.22960001
vt 1.99899995 0.25840002
vt 1.97800004 -1.22727895
vt 1.97800004 0.22960001
vt 1.95120001 0.31550002
vt 0.12370000 0.39060003
vt 0.04879999 0.31550002
vt 0.02840000 0.34609997
vt 0.14210001 0.35909998
vt 0.12370000 0.39060003
vt 0.04879999 0.31550002
vt 1.95120001 0.31550002
vt 1.99899995 0.25840002
vt 1.97160006 0.34609997
vt 1.95120001 0.31550002
vt 0.14210001 0.35909998
vt 0.04879999 0.31550002
vt 0.12370000 0.39060003
vt 1.87629998 0.39060003
vt 0.14216140 0.35909998
vt 1.85790002 0.35909998
vt 0.12370000 0.39060003
vt 1.99899995 0.25840002
vt 1.95120001 0.31550002
vt 1.97160006 0.34609997
vt 1.97160006 0.34609997
vt 1.87629998 0.39060003
vt 1.95120001 0.31550002
vt 1.85783899 0.35909998
vt 0.12370000 0.39060003
vt 1.87629998 0.39060003
vt 0.14210001 0.35909998
vt 1.95120001 0.31550002
vt 1.87629998 0.39060003
vt 1.85790002 0.35909998
vt 1.97160006 0.34609997
vt 1.95120001 0.31550002
vt 1.87629998 0.39060003
vt 1.95120001 0.31550002
vt 1.85790002 0.35909998
vt 1.87629998 0.39060003
vt 0.56440002 0.99949998
vt 0.53719997 0.00050002
vt 0.53719997 0.99949998
vt 0.56440002 0.00050002
vt 0.43560001 0.00050002
vt 0.01048328 0.99945790
vt 0.43560001 0.99949998
vt 0.01049995 0.82389998
vt 0.43553901 0.46286488
vt 0.46284649 0.56439352
vt 0.46274081 0.43572140
vt 0.43560001 0.53719997
vt 0.01043891 0.46286488
vt 0.01049995 0.53719997
vt 0.00050000 0.50000000
vt 0.49957749 0.00109142
vt 0.53712958 0.43572140
vt 0.53678089 0.01108289
vt 0.53723520 0.56439352
vt 0.53758389 0.98899871
vt 0.50039691 0.99895859
vt 0.46239209 0.01108289
vt 0.46319509 0.98899871
vt 0.98945940 0.46286488
vt 0.98952037 0.53719997
vt 0.99945760 0.50000000
vt 0.56437600 0.46286488
vt 0.56443697 0.53719997
vt 0.56440002 0.99949998
vt 0.98949999 0.82394207
vt 0.56440002 0.00050002
vt 0.98949999 0.99949998
vt 0.43560001 0.53719997
vt 0.43559939 0.46277827
vt 0.42563489 0.49995673
vt 0.46281651 0.56442523
vt 0.46281561 0.43560308
vt 0.50000107 0.57439673
vt 0.50000000 0.42559999
vt 0.53718388 0.56442523
vt 0.53718293 0.43560308
vt 0.56440002 0.53719997
vt 0.56439942 0.46277827
vt 0.57436627 0.49995673
vt 0.99949998 0.50000000
vt 0.98949999 0.46280003
vt 0.56440002 0.46280003
vt 0.53719997 0.99949998
vt 0.53719997 0.82389998
vt 0.50000000 0.99949998
vt 0.53719997 0.82389998
vt 0.50000000 0.99949998
vt 0.53719997 0.99950778
vt 0.50000000 0.71920002
vt 0.50000000 0.99949998
vt 0.46280000 0.82389224
vt 0.46280000 0.99949998
vt 0.50000000 0.71920002
vt 0.50000000 0.99949998
vt 0.50000000 0.71920002
vt 0.46280000 0.99949998
vt 0.98948330 0.82394207
vt 0.56440002 0.99949998
vt 0.98949999 0.99949998
vt 0.56440002 0.00050002
vt 0.53719997 0.99949998
vt 0.56440002 0.00050002
vt 0.53719997 0.00050002
vt 0.56440002 0.99949998
vt 0.01049995 0.99945790
vt 0.43560001 0.00050002
vt 0.01049995 0.82389998
vt 0.43560001 0.99949998
vt 0.53719997 0.82389998
vt 0.50000000 0.99949998
vt 0.53719997 0.99949998
vt 0.50000000 0.71920002
vt 0.46280000 0.99949998
vt 0.50000000 0.99949998
vt 0.56440002 0.00050002
vt 0.98949999 0.99949998
vt 0.98949999 0.82394207
vt 0.56440002 0.99949998
vt 0.53719997 0.00050002
vt 0.56440002 0.99949998
vt 0.56440002 0.00050002
vt 0.53719997 0.99949998
vt 0.43560001 0.00050002
vt 0.01049995 0.99945790
vt 0.43560001 0.99949998
vt 0.01049995 0.82389998
vt 0.50000000 0.99949998
vt 0.53719997 0.99949998
vt 0.53719997 0.82389998
vt 0.46280000 0.99949998
vt 0.50000000 0.99949998
vt 0.50000000 0.71920002
vt 0.98949999 0.82394207
vt 0.56440002 0.99949998
vt 0.98949999 0.99949998
vt 0.56440002 0.00050002
vt 0.56440002 0.00050002
vt 0.53719997 0.99949998
vt 0.56440002 0.99949998
vt 0.53719997 0.00050002
vt 0.01049995 0.82389998
vt 0.43560001 0.99949998
vt 0.43560001 0.00050002
vt 0.01049995 0.99945790
vt 0.53719997 0.01050001
vt 0.53719997 0.43559998
vt 0.43560001 0.46280003
vt 0.01049995 0.46280003
vt 0.42559999 0.50000000
vt 0.00050000 0.50000000
vt 0.50000000 0.57440001
vt 0.46280000 0.56439996
vt 0.46280000 0.98949999
vt 0.53719997 0.56439996
vt 0.50000000 0.99949998
vt 0.98949999 0.53719997
vt 0.57440001 0.50000000
vt 0.50000000 0.00050002
vt 0.46280000 0.43559998
vt 0.53719997 0.82389998
vt 0.50000000 0.71920002
vt 0.50000000 0.99949998
vt 0.46280000 0.01050001
vt 0.50000000 0.00050002
vt 0.50000000 0.71920002
vt 0.46280000 0.82389998
vt 0.46280000 0.99949998
vt 0.53719997 0.98949999
vt 0.50000000 0.71920002
vt 0.50000000 0.99949998
vt 0.53719997 0.82389998
vt 0.50000000 0.71920002
vt 0.46280000 0.82389998
vt 0.46280000 0.99949998
vt 0.01049995 0.53719997
vt 0.50000000 0.99949998
vt 0.53719997 0.82389998
vt 0.50000000 0.71920002
vt 0.46280000 0.99949998
vt 0.50000000 0.71920002
vt 0.46280000 0.82389998
vt 0.00050000 0.50000000
vt 0.50000000 0.99949998
vt 0.99949998 0.50000000
vt 0.53719997 0.99949998
vt 0.56440002 0.00050002
vt 0.53719997 0.00050002
vt 0.56440002 0.99949998
vt 0.43560001 0.00050002
vt 0.01049995 0.99952477
vt 0.43560001 0.99949998
vt 0.01049995 0.82389998
vt 0.53714949 0.43560898
vt 0.43553969 0.46280003
vt 0.56439680 0.46280003
vt 0.46274289 0.43560898
vt 0.53680468 0.01022780
vt 0.46239799 0.01022780
vt 0.49960160 0.00021881
vt 0.99949682 0.50000000
vt 0.56445712 0.53719997
vt 0.98955709 0.53719997
vt 0.43560001 0.53719997
vt 0.01049995 0.53719997
vt 0.00050000 0.50000000
vt 0.98949683 0.46280003
vt 0.01043964 0.46280003
vt 0.53759879 0.98977220
vt 0.46319211 0.98977220
vt 0.50041193 0.99978119
vt 0.53725392 0.56439102
vt 0.46284729 0.56439102
vt 0.56440002 0.99949998
vt 0.98949999 0.82387519
vt 0.56440002 0.00050002
vt 0.98949999 0.99949998
vt 0.53718477 0.56439102
vt 0.46281111 0.56439102
vt 0.49998891 0.57440001
vt 0.56440002 0.53719997
vt 0.43560001 0.53719997
vt 0.57436818 0.50000000
vt 0.42563739 0.50000000
vt 0.56440562 0.46280003
vt 0.43560559 0.46280003
vt 0.53719437 0.43560898
vt 0.46282071 0.43560898
vt 0.50000000 0.42559999
vt 0.50000000 0.00050002
vt 0.46280000 0.01050001
vt 0.46280000 0.43559998
vt 0.50000000 0.99949998
vt 0.53719991 0.82389998
vt 0.50000000 0.71920002
vt 0.53719991 0.99953318
vt 0.53719997 0.00050002
vt 0.56440002 0.99949998
vt 0.56440002 0.00050002
vt 0.53719997 0.99949998
vt 0.01049995 0.82389998
vt 0.43560001 0.99949998
vt 0.43560001 0.00050002
vt 0.01049995 0.99952477
vt 0.53719991 0.82389998
vt 0.50000000 0.99949998
vt 0.53719991 0.99953318
vt 0.50000000 0.71920002
vt 0.50000000 0.99949998
vt 0.46280000 0.82386678
vt 0.46280000 0.99949998
vt 0.50000000 0.71920002
vt 0.46280000 0.99949998
vt 0.50000000 0.71920002
vt 0.46280000 0.82386678
vt 0.50000000 0.99949998
vt 0.98949999 0.82387519
vt 0.56440002 0.99949998
vt 0.98949999 0.99949998
vt 0.56440002 0.00050002
vt 0.53719997 0.99949998
vt 0.56440002 0.00050002
vt 0.53719997 0.00050002
vt 0.56440002 0.99949998
vt 0.01049995 0.99952477
vt 0.43560001 0.00050002
vt 0.01049995 0.82389998
vt 0.43560001 0.99949998
vt 0.53719991 0.99953318
vt 0.50000000 0.71920002
vt 0.50000000 0.99949998
vt 0.53719991 0.82389998
vt 0.50000000 0.71920002
vt 0.46280000 0.99949998
vt 0.50000000 0.99949998
vt 0.46280000 0.82386678
vt 0.56440002 0.00050002
vt 0.98949999 0.99949998
vt 0.98949999 0.82387519
vt 0.56440002 0.99949998
vt 0.53719997 0.00050002
vt 0.56440002 0.99949998
vt 0.56440002 0.00050002
vt 0.53719997 0.99949998
vt 0.43560001 0.00050002
vt 0.01049995 0.99952477
vt 0.43560001 0.99949998
vt 0.01049995 0.82389998
vt 0.50000000 0.71920002
vt 0.53719991 0.99953318
vt 0.53719991 0.82389998
vt 0.50000000 0.99949998
vt 0.46280000 0.82386678
vt 0.50000000 0.99949998
vt 0.50000000 0.71920002
vt 0.46280000 0.99949998
vt 0.98949999 0.82387519
vt 0.56440002 0.99949998
vt 0.98949999 0.99949998
vt 0.56440002 0.00050002
vt 0.01049995 0.46280003
vt 0.42559999 0.50000000
vt 0.43560001 0.46280003
vt 0.00050000 0.50000000
vt 0.46280000 0.56439996
vt 0.46280000 0.98949999
vt 0.50000000 0.57440001
vt 0.53719997 0.56439996
vt 0.50000000 0.99949998
vt 0.57440001 0.50000000
vt 0.98949999 0.53719997
vt 0.56440002 0.46280003
vt 0.99949998 0.50000000
vt 0.53719997 0.01050001
vt 0.53719997 0.43559998
vt 0.01049995 0.53719997
vt 0.00050000 0.50000000
vt 0.50000000 0.00050002
vt 0.98949999 0.46280003
vt 0.99949998 0.50000000
vt 0.53719997 0.98949999
vt 0.50000000 0.99949998
vt -578.14959717 -131.97279358
vt -578.14959717 -133.47869873
vt -578.35040283 -132.72599792
vt -577.59838867 -131.42170715
vt -577.59838867 -134.02990723
vt -576.84649658 -131.22009277
vt -576.84649658 -134.23150635
vt -576.09448242 -131.42170715
vt -576.09448242 -134.02990723
vt -575.54327393 -131.97279358
vt -575.54327393 -133.47869873
vt -575.34252930 -132.72599792
vt 0.58329999 0.00050002
vt 0.66670001 0.99949998
vt 0.66670001 0.00050002
vt 0.58329999 0.99949998
vt 0.75000000 0.00050002
vt 0.66670001 0.99949998
vt 0.75000000 0.99949998
vt 0.66670001 0.00050002
vt 0.83329999 0.99949998
vt 0.75000000 0.00050002
vt 0.75000000 0.99949998
vt 0.83329999 0.00050002
vt 0.83329999 0.99949998
vt 0.91670001 0.00050002
vt 0.83329999 0.00050002
vt 0.91670001 0.99949998
vt 0.91670001 0.99949998
vt 1.00000000 0.00050002
vt 0.91670001 0.00050002
vt 1.00000000 0.99949998
vt 1.00000000 0.99949998
vt 1.08329999 0.00050002
vt 1.00000000 0.00050002
vt 1.08329999 0.99949998
vt 0.08329999 0.99949998
vt 0.16670001 0.00050002
vt 0.08329999 0.00050002
vt 0.16670001 0.99949998
vt 0.25000000 0.99949998
vt 0.16670001 0.00050002
vt 0.16670001 0.99949998
vt 0.25000000 0.00050002
vt 0.33329999 0.00050002
vt 0.25000000 0.99949998
vt 0.33329999 0.99949998
vt 0.25000000 0.00050002
vt 0.33329999 0.00050002
vt 0.41670001 0.99949998
vt 0.41670001 0.00050002
vt 0.33329999 0.99949998
vt 0.41670001 0.00050002
vt 0.50000000 0.99949998
vt 0.50000000 0.00050002
vt 0.41670001 0.99949998
vt 0.50000000 0.00050002
vt 0.58329999 0.99949998
vt 0.58329999 0.00050002
vt 0.50000000 0.99949998
vt 578.14959717 -133.47869873
vt 578.14959717 -131.97279358
vt 578.35040283 -132.72599792
vt 577.59838867 -134.02990723
vt 577.59838867 -131.42170715
vt 576.84649658 -134.23150635
vt 576.84649658 -131.22009277
vt 576.09448242 -134.02990723
vt 576.09448242 -131.42170715
vt 575.54327393 -133.47869873
vt 575.54327393 -131.97279358
vt 575.34252930 -132.72599792
vt -578.14959717 -212.28230286
vt -578.14959717 -213.78819275
vt -578.35040283 -213.03500366
vt -577.59838867 -211.73109436
vt -577.59838867 -214.33940125
vt -576.84649658 -211.52909851
vt -576.84649658 -214.54089355
vt -576.09448242 -211.73109436
vt -576.09448242 -214.33940125
vt -575.54327393 -212.28230286
vt -575.54327393 -213.78819275
vt -575.34252930 -213.03500366
vt 0.58329999 0.00050002
vt 0.66670001 0.99949998
vt 0.66670001 0.00050002
vt 0.58329999 0.99949998
vt 0.75000000 0.00050002
vt 0.66670001 0.99949998
vt 0.75000000 0.99949998
vt 0.66670001 0.00050002
vt 0.83329999 0.99949998
vt 0.75000000 0.00050002
vt 0.75000000 0.99949998
vt 0.83329999 0.00050002
vt 0.83329999 0.99949998
vt 0.91670001 0.00050002
vt 0.83329999 0.00050002
vt 0.91670001 0.99949998
vt 0.91670001 0.99949998
vt 1.00000000 0.00050002
vt 0.91670001 0.00050002
vt 1.00000000 0.99949998
vt 1.00000000 0.99949998
vt 1.08329999 0.00050002
vt 1.00000000 0.00050002
vt 1.08329999 0.99949998
vt 0.08329999 0.99949998
vt 0.16670001 0.00050002
vt 0.08329999 0.00050002
vt 0.16670001 0.99949998
vt 0.25000000 0.99949998
vt 0.16670001 0.00050002
vt 0.16670001 0.99949998
vt 0.25000000 0.00050002
vt 0.33329999 0.00050002
vt 0.25000000 0.99949998
vt 0.33329999 0.99949998
vt 0.25000000 0.00050002
vt 0.33329999 0.00050002
vt 0.41670001 0.99949998
vt 0.41670001 0.00050002
vt 0.33329999 0.99949998
vt 0.41670001 0.00050002
vt 0.50000000 0.99949998
vt 0.50000000 0.00050002
vt 0.41670001 0.99949998
vt 0.50000000 0.00050002
vt 0.58329999 0.99949998
vt 0.58329999 0.00050002
vt 0.50000000 0.99949998
vt 578.14959717 -213.78819275
vt 578.14959717 -212.28230286
vt 578.35040283 -213.03500366
vt 577.59838867 -214.33940125
vt 577.59838867 -211.73109436
vt 576.84649658 -214.54089355
vt 576.84649658 -211.52909851
vt 576.09448242 -214.33940125
vt 576.09448242 -211.73109436
vt 575.54327393 -213.78819275
vt 575.54327393 -212.28230286
vt 575.34252930 -213.03500366
vt -578.14959717 -292.59130859
vt -578.14959717 -294.09719849
vt -578.35040283 -293.34451294
vt -577.59838867 -292.04058838
vt -577.59838867 -294.64840698
vt -576.84649658 -291.83859253
vt -576.84649658 -294.85000610
vt -576.09448242 -292.04058838
vt -576.09448242 -294.64840698
vt -575.54327393 -292.59130859
vt -575.54327393 -294.09719849
vt -575.34252930 -293.34451294
vt 0.66670001 0.00050002
vt 0.58329999 0.99949998
vt 0.66670001 0.99949998
vt 0.58329999 0.00050002
vt 0.75000000 0.00050002
vt 0.66670001 0.99949998
vt 0.75000000 0.99949998
vt 0.66670001 0.00050002
vt 0.83329999 0.99949998
vt 0.75000000 0.00050002
vt 0.75000000 0.99949998
vt 0.83329999 0.00050002
vt 0.91670001 0.99949998
vt 0.83329999 0.00050002
vt 0.83329999 0.99949998
vt 0.91670001 0.00050002
vt 0.91670001 0.99949998
vt 1.00000000 0.00050002
vt 0.91670001 0.00050002
vt 1.00000000 0.99949998
vt 1.00000000 0.99949998
vt 1.08329999 0.00050002
vt 1.00000000 0.00050002
vt 1.08329999 0.99949998
vt 0.08329999 0.99949998
vt 0.16670001 0.00050002
vt 0.08329999 0.00050002
vt 0.16670001 0.99949998
vt 0.25000000 0.99949998
vt 0.16670001 0.00050002
vt 0.16670001 0.99949998
vt 0.25000000 0.00050002
vt 0.33329999 0.00050002
vt 0.25000000 0.99949998
vt 0.33329999 0.99949998
vt 0.25000000 0.00050002
vt 0.33329999 0.00050002
vt 0.41670001 0.99949998
vt 0.41670001 0.00050002
vt 0.33329999 0.99949998
vt 0.41670001 0.00050002
vt 0.50000000 0.99949998
vt 0.50000000 0.00050002
vt 0.41670001 0.99949998
vt 0.50000000 0.00050002
vt 0.58329999 0.99949998
vt 0.58329999 0.00050002
vt 0.50000000 0.99949998
vt 578.14959717 -294.09719849
vt 578.14959717 -292.59130859
vt 578.35040283 -293.34451294
vt 577.59838867 -294.64840698
vt 577.59838867 -292.04058838
vt 576.84649658 -294.85000610
vt 576.84649658 -291.83859253
vt 576.09448242 -294.64840698
vt 576.09448242 -292.04058838
vt 575.54327393 -294.09719849
vt 575.54327393 -292.59130859
vt 575.34252930 -293.34451294
vt 0.04879999 0.92339998
vt 0.12370000 0.99849999
vt 0.14210001 0.96700001
vt 1.85783899 0.96700001
vt 0.12370000 0.99849999
vt 1.87629998 0.99849999
vt 0.14210001 0.96700001
vt 0.02840000 0.95400000
vt 0.12370000 0.99849999
vt 0.04879999 0.92339998
vt 1.87629998 0.99849999
vt 0.14216140 0.96700001
vt 1.85790002 0.96700001
vt 0.12370000 0.99849999
vt 1.85790002 0.96700001
vt 1.87629998 0.99849999
vt 1.95120001 0.92339998
vt 0.00101988 0.86617130
vt 0.04881992 0.92337120
vt 0.02199526 0.83741462
vt 0.02841996 0.95397127
vt 0.02840000 0.95400000
vt 0.04879999 0.92339998
vt 0.12370000 0.99849999
vt 1.85790002 0.96700001
vt 1.95120001 0.92339998
vt 1.87629998 0.99849999
vt 0.04879999 0.92339998
vt 0.14210001 0.96700001
vt 0.12370000 0.99849999
vt 1.87629998 0.99849999
vt 1.97160006 0.95400000
vt 1.95120001 0.92339998
vt 0.00099999 0.86619997
vt 0.02199995 -1.83750010
vt 0.00099999 -1.86619997
vt 0.02199995 0.83740437
vt 0.04882300 0.92337042
vt 0.00102296 0.86617053
vt 0.02199835 0.83741379
vt 0.02842305 0.95397049
vt 1.87629998 0.99849999
vt 1.95120001 0.92339998
vt 1.97160006 0.95400000
vt 1.95118105 0.92328089
vt 1.99898100 0.86608070
vt 1.97800601 0.83732402
vt 1.97158098 0.95388079
vt 0.02199995 -1.83740401
vt 0.00099999 0.86619997
vt 0.00099999 -1.86619997
vt 0.02199995 0.83749998
vt 0.00100466 -1.86615896
vt 0.04880470 -1.92335892
vt 0.02840475 -1.95395899
vt 0.02198005 -1.83740211
vt 1.99898803 0.86608267
vt 1.95118797 0.92328286
vt 1.97801304 0.83732599
vt 1.97158897 0.95388275
vt 1.97800004 -1.83740401
vt 1.99899995 0.86619997
vt 1.99899995 -1.86619997
vt 1.97800004 0.83749998
vt 0.04880779 -1.92335796
vt 0.00100775 -1.86615801
vt 0.02840784 -1.95395803
vt 0.02198313 -1.83740091
vt 0.02840000 -1.95400000
vt 0.04879999 -1.92339993
vt 0.12370000 -1.99850011
vt 1.99899995 0.86619997
vt 1.97800004 -1.83750010
vt 1.99899995 -1.86619997
vt 1.97800004 0.83740437
vt 1.95114303 -1.92331195
vt 1.99894297 -1.86611199
vt 1.97154295 -1.95391202
vt 1.97796798 -1.83735609
vt 0.02840000 -1.95400000
vt 0.12370000 -1.99850011
vt 0.04879999 -1.92339993
vt 0.04879999 -1.92339993
vt 0.14210001 -1.96700001
vt 0.12370000 -1.99850011
vt 1.99895096 -1.86611390
vt 1.95115101 -1.92331409
vt 1.97155094 -1.95391393
vt 1.97797596 -1.83735704
vt 1.87629998 -1.99850011
vt 1.95120001 -1.92339993
vt 1.97160006 -1.95400000
vt 0.04879999 -1.92339993
vt 0.12370000 -1.99850011
vt 0.14210001 -1.96700001
vt 0.14216140 -1.96700001
vt 1.87629998 -1.99850011
vt 0.12370000 -1.99850011
vt 1.85790002 -1.96700001
vt 1.87629998 -1.99850011
vt 1.97160006 -1.95400000
vt 1.95120001 -1.92339993
vt 1.85790002 -1.96700001
vt 1.95120001 -1.92339993
vt 1.87629998 -1.99850011
vt 0.12370000 -1.99850011
vt 1.85783899 -1.96700001
vt 0.14210001 -1.96700001
vt 1.87629998 -1.99850011
vt 1.85790002 -1.96700001
vt 1.87629998 -1.99850011
vt 1.95120001 -1.92339993
vt -316.14138794 -391.97439575
vt -316.14138794 -393.48028564
vt -316.34329224 -392.72830200
vt -315.59020996 -391.42330933
vt -315.59020996 -394.03149414
vt -314.83740234 -391.22131348
vt -314.83740234 -394.23229980
vt -314.08428955 -391.42330933
vt -314.08428955 -394.03149414
vt -313.53311157 -391.97439575
vt -313.53311157 -393.48028564
vt -313.33151245 -392.72830200
vt 0.66670001 0.99949998
vt 0.58329999 0.00050002
vt 0.58329999 0.99949998
vt 0.66670001 0.00050002
vt 0.66670001 0.99949998
vt 0.75000000 0.00050002
vt 0.66670001 0.00050002
vt 0.75000000 0.99949998
vt 0.75000000 0.99949998
vt 0.83329999 0.00050002
vt 0.75000000 0.00050002
vt 0.83329999 0.99949998
vt 0.91670001 0.99949998
vt 0.83329999 0.00050002
vt 0.83329999 0.99949998
vt 0.91670001 0.00050002
vt 1.00000000 0.99949998
vt 0.91670001 0.00050002
vt 0.91670001 0.99949998
vt 1.00000000 0.00050002
vt 1.08329999 0.00050002
vt 1.00000000 0.99949998
vt 1.08329999 0.99949998
vt 1.00000000 0.00050002
vt 0.16670001 0.00050002
vt 0.08329999 0.99949998
vt 0.16670001 0.99949998
vt 0.08329999 0.00050002
vt 0.16670001 0.00050002
vt 0.25000000 0.99949998
vt 0.25000000 0.00050002
vt 0.16670001 0.99949998
vt 0.25000000 0.00050002
vt 0.33329999 0.99949998
vt 0.33329999 0.00050002
vt 0.25000000 0.99949998
vt 0.41670001 0.00050002
vt 0.33329999 0.99949998
vt 0.41670001 0.99949998
vt 0.33329999 0.00050002
vt 0.50000000 0.00050002
vt 0.41670001 0.99949998
vt 0.50000000 0.99949998
vt 0.41670001 0.00050002
vt 0.58329999 0.99949998
vt 0.50000000 0.00050002
vt 0.50000000 0.99949998
vt 0.58329999 0.00050002
vt 316.14138794 -393.48028564
vt 316.14138794 -391.97439575
vt 316.34329224 -392.72830200
vt 315.59020996 -394.03149414
vt 315.59020996 -391.42330933
vt 314.83740234 -394.23229980
vt 314.83740234 -391.22131348
vt 314.08428955 -394.03149414
vt 314.08428955 -391.42330933
vt 313.53311157 -393.48028564
vt 313.53311157 -391.97439575
vt 313.33151245 -392.72830200
vt 0.53719997 0.99949998
vt 0.56440002 0.00050002
vt 0.53719997 0.00050002
vt 0.56440002 0.99949998
vt 0.01049995 0.99952477
vt 0.43560001 0.00050002
vt 0.01049995 0.82389998
vt 0.43560001 0.99949998
vt 0.56443542 0.53719997
vt 0.53708678 0.43557107
vt 0.53724462 0.56444550
vt 0.56434429 0.46280003
vt 0.98951882 0.53719997
vt 0.98942769 0.46280003
vt 0.99944258 0.50000000
vt 0.50058383 0.99957383
vt 0.46285751 0.56444550
vt 0.46337810 0.98960268
vt 0.46269971 0.43557107
vt 0.46217909 0.01041400
vt 0.49936041 0.00044292
vt 0.53776520 0.98960268
vt 0.53656620 0.01041400
vt 0.01049995 0.53719997
vt 0.01040885 0.46280003
vt 0.00050000 0.50000000
vt 0.43560001 0.53719997
vt 0.43550891 0.46280003
vt 0.98949999 0.82387519
vt 0.56440002 0.99949998
vt 0.98949999 0.99949998
vt 0.56440002 0.00050002
vt 0.56440002 0.46280003
vt 0.56440002 0.53719997
vt 0.57436669 0.50000000
vt 0.53718328 0.43557107
vt 0.53718328 0.56444550
vt 0.50000000 0.42559999
vt 0.50000000 0.57441670
vt 0.46281669 0.43557107
vt 0.46281669 0.56444550
vt 0.43560001 0.46280003
vt 0.43560001 0.53719997
vt 0.42563331 0.50000000
vt 0.46280000 0.43559998
vt 0.50000000 0.00050002
vt 0.46280000 0.01050001
vt 0.53719991 0.99953318
vt 0.50000000 0.71920002
vt 0.50000000 0.99949998
vt 0.53719991 0.82389998
vt 0.53719997 0.99949998
vt 0.56440002 0.00050002
vt 0.53719997 0.00050002
vt 0.56440002 0.99949998
vt 0.43560001 0.00050002
vt 0.01049995 0.99952477
vt 0.43560001 0.99949998
vt 0.01049995 0.82389998
vt 0.50000000 0.99949998
vt 0.53719991 0.82389998
vt 0.50000000 0.71920002
vt 0.53719991 0.99953318
vt 0.46280000 0.99949998
vt 0.50000000 0.71920002
vt 0.46280000 0.82386678
vt 0.50000000 0.99949998
vt 0.50000000 0.71920002
vt 0.46280000 0.99949998
vt 0.50000000 0.99949998
vt 0.46280000 0.82386678
vt 0.56440002 0.00050002
vt 0.98949999 0.99949998
vt 0.98949999 0.82387519
vt 0.56440002 0.99949998
vt 0.53719997 0.00050002
vt 0.56440002 0.99949998
vt 0.56440002 0.00050002
vt 0.53719997 0.99949998
vt 0.43560001 0.00050002
vt 0.01049995 0.99952477
vt 0.43560001 0.99949998
vt 0.01049995 0.82389998
vt 0.50000000 0.71920002
vt 0.53719991 0.99953318
vt 0.53719991 0.82389998
vt 0.50000000 0.99949998
vt 0.46280000 0.82386678
vt 0.50000000 0.99949998
vt 0.50000000 0.71920002
vt 0.46280000 0.99949998
vt 0.98949999 0.82387519
vt 0.56440002 0.99949998
vt 0.98949999 0.99949998
vt 0.56440002 0.00050002
vt 0.53719997 0.00050002
vt 0.56440002 0.99949998
vt 0.56440002 0.00050002
vt 0.53719997 0.99949998
vt 0.01049995 0.82389998
vt 0.43560001 0.99949998
vt 0.43560001 0.00050002
vt 0.01049995 0.99952477
vt 0.53719991 0.82389998
vt 0.50000000 0.99949998
vt 0.53719991 0.99953318
vt 0.50000000 0.71920002
vt 0.50000000 0.99949998
vt 0.46280000 0.82386678
vt 0.46280000 0.99949998
vt 0.50000000 0.71920002
vt 0.56440002 0.99949998
vt 0.98949999 0.82387519
vt 0.56440002 0.00050002
vt 0.98949999 0.99949998
vt 0.01049995 0.46280003
vt 0.42559999 0.50000000
vt 0.00050000 0.50000000
vt 0.46280000 0.98949999
vt 0.50000000 0.57440001
vt 0.46280000 0.56439996
vt 0.50000000 0.99949998
vt 0.53719997 0.56439996
vt 0.98949999 0.53719997
vt 0.57440001 0.50000000
vt 0.99949998 0.50000000
vt 0.53719997 0.43559998
vt 0.53719997 0.01050001
vt 0.01049995 0.53719997
vt 0.00050000 0.50000000
vt 0.50000000 0.00050002
vt 0.98949999 0.46280003
vt 0.99949998 0.50000000
vt 0.53719997 0.98949999
vt 0.50000000 0.99949998
vt -314.13351440 -261.47171021
vt -314.13351440 -262.97760010
vt -314.33538818 -262.22439575
vt -313.58230591 -260.92050171
vt -313.58230591 -263.52868652
vt -312.82949829 -260.71890259
vt -312.82949829 -263.73028564
vt -312.07681274 -260.92050171
vt -312.07681274 -263.52868652
vt -311.52560425 -261.47171021
vt -311.52560425 -262.97760010
vt -311.32360840 -262.22439575
vt 0.58329999 0.00050002
vt 0.66670001 0.99949998
vt 0.66670001 0.00050002
vt 0.58329999 0.99949998
vt 0.66670001 0.00050002
vt 0.75000000 0.99949998
vt 0.75000000 0.00050002
vt 0.66670001 0.99949998
vt 0.75000000 0.00050002
vt 0.83329999 0.99949998
vt 0.83329999 0.00050002
vt 0.75000000 0.99949998
vt 0.83329999 0.00050002
vt 0.91670001 0.99949998
vt 0.91670001 0.00050002
vt 0.83329999 0.99949998
vt 1.00000000 0.00050002
vt 0.91670001 0.99949998
vt 1.00000000 0.99949998
vt 0.91670001 0.00050002
vt 1.08329999 0.99949998
vt 1.00000000 0.00050002
vt 1.00000000 0.99949998
vt 1.08329999 0.00050002
vt 0.16670001 0.99949998
vt 0.08329999 0.00050002
vt 0.08329999 0.99949998
vt 0.16670001 0.00050002
vt 0.16670001 0.99949998
vt 0.25000000 0.00050002
vt 0.16670001 0.00050002
vt 0.25000000 0.99949998
vt 0.25000000 0.99949998
vt 0.33329999 0.00050002
vt 0.25000000 0.00050002
vt 0.33329999 0.99949998
vt 0.41670001 0.99949998
vt 0.33329999 0.00050002
vt 0.33329999 0.99949998
vt 0.41670001 0.00050002
vt 0.50000000 0.99949998
vt 0.41670001 0.00050002
vt 0.41670001 0.99949998
vt 0.50000000 0.00050002
vt 0.58329999 0.00050002
vt 0.50000000 0.99949998
vt 0.58329999 0.99949998
vt 0.50000000 0.00050002
vt 314.13351440 -262.97760010
vt 314.13351440 -261.47171021
vt 314.33538818 -262.22439575
vt 313.58230591 -263.52868652
vt 313.58230591 -260.92050171
vt 312.82949829 -263.73028564
vt 312.82949829 -260.71890259
vt 312.07681274 -263.52868652
vt 312.07681274 -260.92050171
vt 311.52560425 -262.97760010
vt 311.52560425 -261.47171021
vt 311.32360840 -262.22439575
vt 0.04879999 0.92339998
vt 0.12370000 0.99849999
vt 0.14210001 0.96700001
vt 1.85804999 0.96700001
vt 0.12370000 0.99849999
vt 1.87629998 0.99849999
vt 0.14210001 0.96700001
vt 0.04879999 0.92339998
vt 0.02840000 0.95400000
vt 0.12370000 0.99849999
vt 0.12370000 0.99849999
vt 1.85790002 0.96700001
vt 1.87629998 0.99849999
vt 0.14195010 0.96700001
vt 1.95120001 0.92339998
vt 1.85790002 0.96700001
vt 1.87629998 0.99849999
vt 0.04879999 0.92339998
vt 0.00099999 0.86619997
vt 0.02840000 0.95400000
vt 0.04879999 0.92339998
vt 0.12370000 0.99849999
vt 0.02840000 0.95400000
vt 1.95120001 0.92339998
vt 1.87629998 0.99849999
vt 1.85790002 0.96700001
vt 0.04879999 0.92339998
vt 0.14210001 0.96700001
vt 0.12370000 0.99849999
vt 1.95120001 0.92339998
vt 1.87629998 0.99849999
vt 1.97160006 0.95400000
vt 0.00099999 0.86619997
vt 0.04879999 0.92339998
vt 0.02840000 0.95400000
vt 0.02199995 0.83749998
vt 0.00099999 0.86619997
vt 0.04879999 0.92339998
vt 1.95120001 0.92339998
vt 1.97160006 0.95400000
vt 1.87629998 0.99849999
vt 1.95120001 0.92339998
vt 1.97160006 0.95400000
vt 1.99899995 0.86619997
vt 0.00099999 0.86619997
vt 0.02199995 0.83749998
vt 0.04879999 0.92339998
vt 0.02199995 0.83746052
vt 0.00099999 -1.86619997
vt 0.02199995 -1.83750010
vt 1.97160006 0.95400000
vt 1.95120001 0.92339998
vt 1.99899995 0.86619997
vt 1.95120001 0.92339998
vt 1.99899995 0.86619997
vt 1.97800004 0.83749998
vt 0.02199995 -1.83746004
vt 0.00099999 -1.86619997
vt 0.04879999 -1.92339993
vt 1.99899995 0.86619997
vt 1.95120001 0.92339998
vt 1.97800004 0.83749998
vt 1.97800004 -1.83746004
vt 1.99899995 -1.86619997
vt 0.04879999 -1.92339993
vt 0.02199995 -1.83750010
vt 0.04879999 -1.92339993
vt 0.02840000 -1.95400000
vt 0.00099999 -1.86619997
vt 1.99899995 -1.86619997
vt 1.97800004 0.83746052
vt 1.97800004 -1.83750010
vt 1.95120001 -1.92339993
vt 1.97800004 -1.83750010
vt 0.00099999 -1.86619997
vt 0.02840000 -1.95400000
vt 0.04879999 -1.92339993
vt 0.12370000 -1.99850011
vt 0.02840000 -1.95400000
vt 0.04879999 -1.92339993
vt 1.95120001 -1.92339993
vt 1.95120001 -1.92339993
vt 1.99899995 -1.86619997
vt 1.97160006 -1.95400000
vt 0.12370000 -1.99850011
vt 0.04879999 -1.92339993
vt 0.02840000 -1.95400000
vt 0.12370000 -1.99850011
vt 0.04879999 -1.92339993
vt 0.14210001 -1.96700001
vt 1.97160006 -1.95400000
vt 1.99899995 -1.86619997
vt 1.95120001 -1.92339993
vt 1.87629998 -1.99850011
vt 1.95120001 -1.92339993
vt 1.97160006 -1.95400000
vt 0.12370000 -1.99850011
vt 0.14210001 -1.96700001
vt 0.04879999 -1.92339993
vt 0.12370000 -1.99850011
vt 1.85790002 -1.96700001
vt 1.87629998 -1.99850011
vt 0.14195010 -1.96700001
vt 1.87629998 -1.99850011
vt 1.97160006 -1.95400000
vt 1.95120001 -1.92339993
vt 1.87629998 -1.99850011
vt 1.85790002 -1.96700001
vt 1.95120001 -1.92339993
vt 1.85804999 -1.96700001
vt 0.12370000 -1.99850011
vt 1.87629998 -1.99850011
vt 0.14210001 -1.96700001
vt 1.87629998 -1.99850011
vt 1.95120001 -1.92339993
vt 1.85790002 -1.96700001
vt 0.53719997 0.99949998
vt 0.56440002 0.00050002
vt 0.53719997 0.00050002
vt 0.56440002 0.99949998
vt 0.43560001 0.00050002
vt 0.01049995 0.99952477
vt 0.43560001 0.99949998
vt 0.01049995 0.82389998
vt 0.53712779 0.43560898
vt 0.43553889 0.46280003
vt 0.56437433 0.46280003
vt 0.46274069 0.43560898
vt 0.53677851 0.01022780
vt 0.46239141 0.01022780
vt 0.49957681 0.00021881
vt 0.99945760 0.50000000
vt 0.56443542 0.53719997
vt 0.98951882 0.53719997
vt 0.43560001 0.53719997
vt 0.01049995 0.53719997
vt 0.00050000 0.50000000
vt 0.98945773 0.46280003
vt 0.01043886 0.46280003
vt 0.53758287 0.98977220
vt 0.46319580 0.98977220
vt 0.50039750 0.99978119
vt 0.53723359 0.56439102
vt 0.46284649 0.56439102
vt 0.56440002 0.99949998
vt 0.98949999 0.82387519
vt 0.56440002 0.00050002
vt 0.98949999 0.99949998
vt 0.53718328 0.56439102
vt 0.46281669 0.56439102
vt 0.50000000 0.57440001
vt 0.56440002 0.53719997
vt 0.43560001 0.53719997
vt 0.57436669 0.50000000
vt 0.42563331 0.50000000
vt 0.56440002 0.46280003
vt 0.43560001 0.46280003
vt 0.53718328 0.43560898
vt 0.46281669 0.43560898
vt 0.50000000 0.42559999
vt 0.50000000 0.00050002
vt 0.46280000 0.01050001
vt 0.46280000 0.43559998
vt 0.50000000 0.99949998
vt 0.53719991 0.82389998
vt 0.50000000 0.71920002
vt 0.53719991 0.99953318
vt 0.53719997 0.00050002
vt 0.56440002 0.99949998
vt 0.56440002 0.00050002
vt 0.53719997 0.99949998
vt 0.01049995 0.82389998
vt 0.43560001 0.99949998
vt 0.43560001 0.00050002
vt 0.01049995 0.99952477
vt 0.53719991 0.82389998
vt 0.50000000 0.99949998
vt 0.53719991 0.99953318
vt 0.50000000 0.71920002
vt 0.50000000 0.99949998
vt 0.46280000 0.82386678
vt 0.46280000 0.99949998
vt 0.50000000 0.71920002
vt 0.46280000 0.99949998
vt 0.50000000 0.71920002
vt 0.46280000 0.82386678
vt 0.50000000 0.99949998
vt 0.98949999 0.82387519
vt 0.56440002 0.99949998
vt 0.98949999 0.99949998
vt 0.56440002 0.00050002
vt 0.53719997 0.99949998
vt 0.56440002 0.00050002
vt 0.53719997 0.00050002
vt 0.56440002 0.99949998
vt 0.01049995 0.99952477
vt 0.43560001 0.00050002
vt 0.01049995 0.82389998
vt 0.43560001 0.99949998
vt 0.53719991 0.99953318
vt 0.50000000 0.71920002
vt 0.50000000 0.99949998
vt 0.53719991 0.82389998
vt 0.50000000 0.71920002
vt 0.46280000 0.99949998
vt 0.50000000 0.99949998
vt 0.46280000 0.82386678
vt 0.56440002 0.00050002
vt 0.98949999 0.99949998
vt 0.98949999 0.82387519
vt 0.56440002 0.99949998
vt 0.53719997 0.00050002
vt 0.56440002 0.99949998
vt 0.56440002 0.00050002
vt 0.53719997 0.99949998
vt 0.43560001 0.00050002
vt 0.01049995 0.99952477
vt 0.43560001 0.99949998
vt 0.01049995 0.82389998
vt 0.50000000 0.71920002
vt 0.53719991 0.99953318
vt 0.53719991 0.82389998
vt 0.50000000 0.99949998
vt 0.46280000 0.82386678
vt 0.50000000 0.99949998
vt 0.50000000 0.71920002
vt 0.46280000 0.99949998
vt 0.98949999 0.82387519
vt 0.56440002 0.99949998
vt 0.98949999 0.99949998
vt 0.56440002 0.00050002
vt 0.01049995 0.46280003
vt 0.42559999 0.50000000
vt 0.00050000 0.50000000
vt 0.46280000 0.56439996
vt 0.46280000 0.98949999
vt 0.53719997 0.56439996
vt 0.50000000 0.99949998
vt 0.57440001 0.50000000
vt 0.98949999 0.53719997
vt 0.99949998 0.50000000
vt 0.53719997 0.01050001
vt 0.53719997 0.43559998
vt 0.01049995 0.53719997
vt 0.00050000 0.50000000
vt 0.50000000 0.00050002
vt 0.98949999 0.46280003
vt 0.99949998 0.50000000
vt 0.53719997 0.98949999
vt 0.50000000 0.99949998
vt 0.04879999 0.92339998
vt 0.12370000 0.99849999
vt 0.14210001 0.96700001
vt 1.85783899 0.96700001
vt 0.12370000 0.99849999
vt 1.87629998 0.99849999
vt 0.14210001 0.96700001
vt 0.04879999 0.92339998
vt 0.02840000 0.95400000
vt 0.12370000 0.99849999
vt 0.12370000 0.99849999
vt 1.85790002 0.96700001
vt 1.87629998 0.99849999
vt 0.14216140 0.96700001
vt 1.95120001 0.92339998
vt 1.85790002 0.96700001
vt 1.87629998 0.99849999
vt 0.04879999 0.92339998
vt 0.00099999 0.86619997
vt 0.02840000 0.95400000
vt 0.04879999 0.92339998
vt 0.12370000 0.99849999
vt 0.02840000 0.95400000
vt 1.95120001 0.92339998
vt 1.87629998 0.99849999
vt 1.85790002 0.96700001
vt 0.04879999 0.92339998
vt 0.14210001 0.96700001
vt 0.12370000 0.99849999
vt 1.95120001 0.92339998
vt 1.87629998 0.99849999
vt 1.97160006 0.95400000
vt 0.00099999 0.86619997
vt 0.04879999 0.92339998
vt 0.02840000 0.95400000
vt 0.02199995 0.83749998
vt 0.00099999 0.86619997
vt 0.04879999 0.92339998
vt 1.95120001 0.92339998
vt 1.97160006 0.95400000
vt 1.87629998 0.99849999
vt 1.95120001 0.92339998
vt 1.97160006 0.95400000
vt 1.99899995 0.86619997
vt 0.00099999 0.86619997
vt 0.02199995 0.83749998
vt 0.04879999 0.92339998
vt 0.02199995 0.83732891
vt 0.00099999 -1.86619997
vt 0.02199995 -1.83750010
vt 1.97160006 0.95400000
vt 1.95120001 0.92339998
vt 1.99899995 0.86619997
vt 1.95120001 0.92339998
vt 1.99899995 0.86619997
vt 1.97800004 0.83749998
vt 0.02199995 -1.83732891
vt 0.00099999 -1.86619997
vt 0.04879999 -1.92339993
vt 1.99899995 0.86619997
vt 1.95120001 0.92339998
vt 1.97800004 0.83749998
vt 1.97800004 -1.83732891
vt 1.99899995 -1.86619997
vt 0.04879999 -1.92339993
vt 0.02199995 -1.83750010
vt 0.04879999 -1.92339993
vt 0.02840000 -1.95400000
vt 0.00099999 -1.86619997
vt 1.99899995 -1.86619997
vt 1.97800004 0.83732891
vt 1.97800004 -1.83750010
vt 1.95120001 -1.92339993
vt 1.97800004 -1.83750010
vt 0.00099999 -1.86619997
vt 0.02840000 -1.95400000
vt 0.04879999 -1.92339993
vt 0.12370000 -1.99850011
vt 0.02840000 -1.95400000
vt 0.04879999 -1.92339993
vt 1.95120001 -1.92339993
vt 1.95120001 -1.92339993
vt 1.99899995 -1.86619997
vt 1.97160006 -1.95400000
vt 0.12370000 -1.99850011
vt 0.04879999 -1.92339993
vt 0.02840000 -1.95400000
vt 0.12370000 -1.99850011
vt 0.04879999 -1.92339993
vt 0.14210001 -1.96700001
vt 1.97160006 -1.95400000
vt 1.99899995 -1.86619997
vt 1.95120001 -1.92339993
vt 1.87629998 -1.99850011
vt 1.95120001 -1.92339993
vt 1.97160006 -1.95400000
vt 0.12370000 -1.99850011
vt 0.14210001 -1.96700001
vt 0.04879999 -1.92339993
vt 0.12370000 -1.99850011
vt 1.85790002 -1.96700001
vt 1.87629998 -1.99850011
vt 0.14214049 -1.96700001
vt 1.87629998 -1.99850011
vt 1.97160006 -1.95400000
vt 1.95120001 -1.92339993
vt 1.87629998 -1.99850011
vt 1.85790002 -1.96700001
vt 1.95120001 -1.92339993
vt 1.85785902 -1.96700001
vt 0.12370000 -1.99850011
vt 1.87629998 -1.99850011
vt 0.14210001 -1.96700001
vt 1.87629998 -1.99850011
vt 1.95120001 -1.92339993
vt 1.85790002 -1.96700001
vt -368.34249878 491.42910767
vt -368.34249878 489.92129517
vt -368.54409790 490.67318726
vt -367.79129028 491.98028564
vt -367.79129028 489.37008667
vt -367.03820801 492.18109131
vt -367.03820801 489.16931152
vt -366.28540039 491.98028564
vt -366.28540039 489.37008667
vt -365.73431396 491.42910767
vt -365.73431396 489.92129517
vt -365.53271484 490.67318726
vt 0.58329999 0.00050002
vt 0.66670001 0.99949998
vt 0.66670001 0.00050002
vt 0.58329999 0.99949998
vt 0.75000000 0.00050002
vt 0.66670001 0.99949998
vt 0.75000000 0.99949998
vt 0.66670001 0.00050002
vt 0.83329999 0.99949998
vt 0.75000000 0.00050002
vt 0.75000000 0.99949998
vt 0.83329999 0.00050002
vt 0.83329999 0.99949998
vt 0.91670001 0.00050002
vt 0.83329999 0.00050002
vt 0.91670001 0.99949998
vt 0.91670001 0.99949998
vt 1.00000000 0.00050002
vt 0.91670001 0.00050002
vt 1.00000000 0.99949998
vt 1.00000000 0.99949998
vt 1.08329999 0.00050002
vt 1.00000000 0.00050002
vt 1.08329999 0.99949998
vt 0.08329999 0.99949998
vt 0.16670001 0.00050002
vt 0.08329999 0.00050002
vt 0.16670001 0.99949998
vt 0.25000000 0.99949998
vt 0.16670001 0.00050002
vt 0.16670001 0.99949998
vt 0.25000000 0.00050002
vt 0.33329999 0.00050002
vt 0.25000000 0.99949998
vt 0.33329999 0.99949998
vt 0.25000000 0.00050002
vt 0.41670001 0.00050002
vt 0.33329999 0.99949998
vt 0.41670001 0.99949998
vt 0.33329999 0.00050002
vt 0.41670001 0.00050002
vt 0.50000000 0.99949998
vt 0.50000000 0.00050002
vt 0.41670001 0.99949998
vt 0.50000000 0.00050002
vt 0.58329999 0.99949998
vt 0.58329999 0.00050002
vt 0.50000000 0.99949998
vt 368.34249878 489.92129517
vt 368.34249878 491.42910767
vt 368.54409790 490.67318726
vt 367.79129028 489.37008667
vt 367.79129028 491.98028564
vt 367.03820801 489.16931152
vt 367.03820801 492.18109131
vt 366.28540039 489.37008667
vt 366.28540039 491.98028564
vt 365.73431396 489.92129517
vt 365.73431396 491.42910767
vt 365.53271484 490.67318726
vt 0.04879999 0.92339998
vt 0.12370000 0.99849999
vt 0.14210001 0.96700001
vt 1.85773396 0.96700001
vt 0.12370000 0.99849999
vt 1.87629998 0.99849999
vt 0.14210001 0.96700001
vt 0.04879999 0.92339998
vt 0.02840000 0.95400000
vt 0.12370000 0.99849999
vt 0.12370000 0.99849999
vt 1.85790002 0.96700001
vt 1.87629998 0.99849999
vt 0.14226609 0.96700001
vt 1.95120001 0.92339998
vt 1.85790002 0.96700001
vt 1.87629998 0.99849999
vt 0.04879999 0.92339998
vt 0.00099999 0.86619997
vt 0.02840000 0.95400000
vt 0.04879999 0.92339998
vt 0.12370000 0.99849999
vt 0.02840000 0.95400000
vt 1.95120001 0.92339998
vt 1.87629998 0.99849999
vt 1.85790002 0.96700001
vt 0.04879999 0.92339998
vt 0.14210001 0.96700001
vt 0.12370000 0.99849999
vt 1.95120001 0.92339998
vt 1.87629998 0.99849999
vt 1.97160006 0.95400000
vt 0.00099999 0.86619997
vt 0.04879999 0.92339998
vt 0.02840000 0.95400000
vt 0.02199995 0.83749998
vt 0.00099999 0.86619997
vt 0.04879999 0.92339998
vt 1.95120001 0.92339998
vt 1.97160006 0.95400000
vt 1.87629998 0.99849999
vt 1.95120001 0.92339998
vt 1.97160006 0.95400000
vt 1.99899995 0.86619997
vt 0.00099999 0.86619997
vt 0.02199995 0.83749998
vt 0.04879999 0.92339998
vt 0.02199995 0.83746052
vt 0.00099999 -1.86619997
vt 0.02199995 -1.83750010
vt 1.97160006 0.95400000
vt 1.95120001 0.92339998
vt 1.99899995 0.86619997
vt 1.97800004 0.83749998
vt 0.02199995 -1.83746004
vt 0.00099999 -1.86619997
vt 0.00101342 -1.86607409
vt 0.04881350 -1.92327404
vt 0.02841360 -1.95387411
vt 0.02198840 -1.83731508
vt 1.97800004 0.83749998
vt 1.97800004 -1.83746004
vt 1.99899995 -1.86619997
vt 0.02199536 -1.83731389
vt 0.02842056 -1.95387197
vt 0.04882047 -1.92327189
vt 0.00102038 -1.86607194
vt 0.12370000 -1.99850011
vt 0.02840000 -1.95400000
vt 0.04879999 -1.92339993
vt 1.99899995 -1.86619997
vt 1.97800004 0.83746052
vt 1.97800004 -1.83750010
vt 1.95120001 -1.92339993
vt 1.97800004 -1.83750010
vt 0.12370000 -1.99850011
vt 0.04879999 -1.92339993
vt 0.02840000 -1.95400000
vt 0.12370000 -1.99850011
vt 0.04879999 -1.92339993
vt 0.14210001 -1.96700001
vt 1.95120001 -1.92339993
vt 1.97160006 -1.95400000
vt 0.12370000 -1.99850011
vt 0.14210001 -1.96700001
vt 0.04879999 -1.92339993
vt 0.12370000 -1.99850011
vt 1.85790002 -1.96700001
vt 1.87629998 -1.99850011
vt 0.14226609 -1.96700001
vt 1.97160006 -1.95400000
vt 1.87629998 -1.99850011
vt 1.95120001 -1.92339993
vt 1.97160006 -1.95400000
vt 1.85773396 -1.96700001
vt 0.12370000 -1.99850011
vt 1.87629998 -1.99850011
vt 0.14210001 -1.96700001
vt 1.87629998 -1.99850011
vt 1.85790002 -1.96700001
vt 1.95120001 -1.92339993
vt 1.87629998 -1.99850011
vt 1.97160006 -1.95400000
vt 1.95120001 -1.92339993
vt 1.87629998 -1.99850011
vt 1.95120001 -1.92339993
vt 1.85790002 -1.96700001
vt 0.12370000 -1.38820004
vt 0.14210001 -1.35660005
vt 0.04879999 -1.31299996
vt 1.85783803 -1.35660005
vt 0.12370000 -1.38820004
vt 1.87629998 -1.38820004
vt 0.14210001 -1.35660005
vt 0.12370000 -1.38820004
vt 0.04879999 -1.31299996
vt 0.02840000 -1.34360003
vt 0.12370000 -1.38820004
vt 1.85790002 -1.35660005
vt 1.87629998 -1.38820004
vt 0.14216191 -1.35660005
vt 1.87629998 -1.38820004
vt 1.95120001 -1.31299996
vt 1.85790002 -1.35660005
vt 0.00099999 -1.25589991
vt 0.02840000 -1.34360003
vt 0.04879999 -1.31299996
vt 0.12370000 -1.38820004
vt 0.02840000 -1.34360003
vt 0.04879999 -1.31299996
vt 0.12370000 -1.38820004
vt 0.04879999 -1.31299996
vt 0.14210001 -1.35660005
vt 1.87629998 -1.38820004
vt 1.85790002 -1.35660005
vt 1.95120001 -1.31299996
vt 1.87629998 -1.38820004
vt 1.97160006 -1.34360003
vt 1.95120001 -1.31299996
vt 0.04879999 -1.31299996
vt 0.02840000 -1.34360003
vt 0.00099999 -1.25589991
vt 0.00099999 -1.25589991
vt 0.04879999 -1.31299996
vt 0.02199995 -1.22720003
vt 1.87629998 -1.38820004
vt 1.95120001 -1.31299996
vt 1.97160006 -1.34360003
vt 1.97160006 -1.34360003
vt 1.99899995 -1.25589991
vt 1.95120001 -1.31299996
vt 0.02199995 -1.22720003
vt 0.04879999 -1.31299996
vt 0.00099999 -1.25589991
vt 0.00099999 0.25840002
vt 0.02199995 -1.22722006
vt 0.02199995 0.22960001
vt 1.95120001 -1.31299996
vt 1.99899995 -1.25589991
vt 1.97160006 -1.34360003
vt 1.99899995 -1.25589991
vt 1.97800004 -1.22720003
vt 1.95120001 -1.31299996
vt 0.02199995 0.22962052
vt 0.00099999 0.25840002
vt 0.04879999 0.31550002
vt 1.95120001 -1.31299996
vt 1.97800004 -1.22720003
vt 1.99899995 -1.25589991
vt 1.97800004 0.22962052
vt 1.99899995 0.25840002
vt 0.02199995 0.22960001
vt 0.04879999 0.31550002
vt 0.00099999 0.25840002
vt 0.04879999 0.31550002
vt 0.02840000 0.34609997
vt 1.97800004 -1.22722006
vt 1.99899995 0.25840002
vt 1.97800004 0.22960001
vt 1.95120001 0.31550002
vt 1.97800004 0.22960001
vt 0.04879999 0.31550002
vt 0.00099999 0.25840002
vt 0.02840000 0.34609997
vt 0.04879999 0.31550002
vt 0.12370000 0.39060003
vt 0.02840000 0.34609997
vt 1.95120001 0.31550002
vt 1.97160006 0.34609997
vt 1.95120001 0.31550002
vt 1.99899995 0.25840002
vt 0.04879999 0.31550002
vt 0.02840000 0.34609997
vt 0.12370000 0.39060003
vt 0.04879999 0.31550002
vt 0.14210001 0.35909998
vt 0.12370000 0.39060003
vt 1.95120001 0.31550002
vt 1.97160006 0.34609997
vt 1.99899995 0.25840002
vt 1.95120001 0.31550002
vt 1.97160006 0.34609997
vt 1.87629998 0.39060003
vt 0.04879999 0.31550002
vt 0.12370000 0.39060003
vt 0.14210001 0.35909998
vt 0.12370000 0.39060003
vt 1.85790002 0.35909998
vt 1.87629998 0.39060003
vt 0.14216191 0.35909998
vt 1.95120001 0.31550002
vt 1.87629998 0.39060003
vt 1.97160006 0.34609997
vt 1.95120001 0.31550002
vt 1.87629998 0.39060003
vt 1.85790002 0.35909998
vt 1.85783803 0.35909998
vt 0.12370000 0.39060003
vt 1.87629998 0.39060003
vt 0.14210001 0.35909998
vt 1.95120001 0.31550002
vt 1.85790002 0.35909998
vt 1.87629998 0.39060003
vt 0.56440002 0.99949998
vt 0.53719997 0.00050002
vt 0.53719997 0.99949998
vt 0.56440002 0.00050002
vt 0.43560001 0.99949998
vt 0.01049995 0.82389998
vt 0.01048328 0.99945790
vt 0.43560001 0.00050002
vt 0.53714949 0.43555450
vt 0.43553969 0.46280003
vt 0.56439680 0.46280003
vt 0.46274281 0.43555450
vt 0.53680491 0.01039732
vt 0.46239820 0.01039732
vt 0.49960181 0.00042617
vt 0.99949682 0.50000000
vt 0.56445712 0.53719997
vt 0.98955709 0.53719997
vt 0.43560001 0.53719997
vt 0.01049995 0.53719997
vt 0.00050000 0.50000000
vt 0.98949683 0.46280003
vt 0.01043964 0.46280003
vt 0.53759861 0.98958600
vt 0.46319190 0.98958600
vt 0.50041169 0.99955714
vt 0.53725398 0.56442893
vt 0.46284729 0.56442893
vt 0.98948330 0.82394207
vt 0.56440002 0.99949998
vt 0.98949999 0.99949998
vt 0.56440002 0.00050002
vt 0.53718477 0.56442893
vt 0.46281111 0.56442893
vt 0.49998891 0.57440001
vt 0.56440002 0.53719997
vt 0.43560001 0.53719997
vt 0.57436818 0.50000000
vt 0.42563739 0.50000000
vt 0.56440562 0.46280003
vt 0.43560559 0.46280003
vt 0.53719437 0.43555450
vt 0.46282071 0.43555450
vt 0.50000000 0.42559999
vt 0.56440002 0.46280003
vt 0.99949998 0.50000000
vt 0.98949999 0.46280003
vt 0.53719997 0.82389998
vt 0.50000000 0.99949998
vt 0.53719997 0.99949998
vt 0.53719997 0.99949998
vt 0.53719997 0.82389998
vt 0.50000000 0.99949998
vt 0.50000000 0.99949998
vt 0.50000000 0.71920002
vt 0.46280000 0.99949998
vt 0.50000000 0.71920002
vt 0.46280000 0.99949998
vt 0.50000000 0.99949998
vt 0.98948330 0.82394207
vt 0.56440002 0.99949998
vt 0.98949999 0.99949998
vt 0.56440002 0.00050002
vt 0.53719997 0.00050002
vt 0.56440002 0.99949998
vt 0.56440002 0.00050002
vt 0.53719997 0.99949998
vt 0.43560001 0.00050002
vt 0.01048328 0.99945790
vt 0.43560001 0.99949998
vt 0.01049995 0.82389998
vt 0.50000000 0.99949998
vt 0.53719997 0.99949998
vt 0.53719997 0.82389998
vt 0.46280000 0.99949998
vt 0.50000000 0.99949998
vt 0.50000000 0.71920002
vt 0.98948330 0.82394207
vt 0.56440002 0.99949998
vt 0.98949999 0.99949998
vt 0.56440002 0.00050002
vt 0.53719997 0.00050002
vt 0.56440002 0.99949998
vt 0.56440002 0.00050002
vt 0.53719997 0.99949998
vt 0.01049995 0.82389998
vt 0.43560001 0.99949998
vt 0.43560001 0.00050002
vt 0.01049995 0.99945790
vt 0.53719997 0.82389998
vt 0.50000000 0.99949998
vt 0.53719997 0.99949998
vt 0.50000000 0.71920002
vt 0.46280000 0.99949998
vt 0.50000000 0.99949998
vt 0.56440002 0.99949998
vt 0.98949999 0.82394207
vt 0.56440002 0.00050002
vt 0.98949999 0.99949998
vt 0.56440002 0.99949998
vt 0.53719997 0.00050002
vt 0.53719997 0.99949998
vt 0.56440002 0.00050002
vt 0.43560001 0.00050002
vt 0.01048328 0.99945790
vt 0.43560001 0.99949998
vt 0.01049995 0.82389998
vt 0.53719997 0.01050001
vt 0.53719997 0.43559998
vt 0.50000000 0.71920002
vt 0.46280000 0.82389998
vt 0.46280000 0.99949998
vt 0.01049995 0.46280003
vt 0.42559999 0.50000000
vt 0.43560001 0.46280003
vt 0.00050000 0.50000000
vt 0.46280000 0.56439996
vt 0.46280000 0.98949999
vt 0.50000000 0.57440001
vt 0.53719997 0.56439996
vt 0.50000000 0.99949998
vt 0.57440001 0.50000000
vt 0.98949999 0.53719997
vt 0.50000000 0.00050002
vt 0.46280000 0.43559998
vt 0.50000000 0.71920002
vt 0.50000000 0.99949998
vt 0.53719997 0.82389998
vt 0.53719997 0.82389998
vt 0.50000000 0.71920002
vt 0.50000000 0.99949998
vt 0.50000000 0.71920002
vt 0.46280000 0.82389998
vt 0.46280000 0.99949998
vt 0.53719997 0.98949999
vt 0.50000000 0.99949998
vt 0.53719997 0.82389998
vt 0.50000000 0.71920002
vt 0.46280000 0.99949998
vt 0.50000000 0.71920002
vt 0.46280000 0.82389998
vt 0.01049995 0.53719997
vt 0.50000000 0.71920002
vt 0.50000000 0.99949998
vt 0.53719997 0.82389998
vt 0.50000000 0.71920002
vt 0.46280000 0.82389998
vt 0.46280000 0.99949998
vt 0.46280000 0.01050001
vt 0.50000000 0.00050002
vt 0.00050000 0.50000000
vt 0.50000000 0.99949998
vt 0.99949998 0.50000000
vt -221.77799988 -109.88780212
vt -221.77799988 -111.39369965
vt -221.97950745 -110.64089966
vt -221.22680664 -109.33660126
vt -221.22680664 -111.94490051
vt -220.47399902 -109.13500214
vt -220.47399902 -112.14649963
vt -219.72090149 -109.33660126
vt -219.72090149 -111.94490051
vt -219.16969299 -109.88780212
vt -219.16969299 -111.39369965
vt -218.96809387 -110.64089966
vt 0.66670001 0.00050002
vt 0.58329999 0.99949998
vt 0.66670001 0.99949998
vt 0.58329999 0.00050002
vt 0.75000000 0.00050002
vt 0.66670001 0.99949998
vt 0.75000000 0.99949998
vt 0.66670001 0.00050002
vt 0.83329999 0.99949998
vt 0.75000000 0.00050002
vt 0.75000000 0.99949998
vt 0.83329999 0.00050002
vt 0.91670001 0.99949998
vt 0.83329999 0.00050002
vt 0.83329999 0.99949998
vt 0.91670001 0.00050002
vt 0.91670001 0.99949998
vt 1.00000000 0.00050002
vt 0.91670001 0.00050002
vt 1.00000000 0.99949998
vt 1.00000000 0.99949998
vt 1.08329999 0.00050002
vt 1.00000000 0.00050002
vt 1.08329999 0.99949998
vt 0.16670001 0.99949998
vt 0.08329999 0.00050002
vt 0.08329999 0.99949998
vt 0.16670001 0.00050002
vt 0.25000000 0.99949998
vt 0.16670001 0.00050002
vt 0.16670001 0.99949998
vt 0.25000000 0.00050002
vt 0.33329999 0.00050002
vt 0.25000000 0.99949998
vt 0.33329999 0.99949998
vt 0.25000000 0.00050002
vt 0.41670001 0.00050002
vt 0.33329999 0.99949998
vt 0.41670001 0.99949998
vt 0.33329999 0.00050002
vt 0.41670001 0.00050002
vt 0.50000000 0.99949998
vt 0.50000000 0.00050002
vt 0.41670001 0.99949998
vt 0.50000000 0.00050002
vt 0.58329999 0.99949998
vt 0.58329999 0.00050002
vt 0.50000000 0.99949998
vt 221.77799988 -111.39369965
vt 221.77799988 -109.88780212
vt 221.97950745 -110.64089966
vt 221.22680664 -111.94490051
vt 221.22680664 -109.33660126
vt 220.47399902 -112.14649963
vt 220.47399902 -109.13500214
vt 219.72090149 -111.94490051
vt 219.72090149 -109.33660126
vt 219.16969299 -111.39369965
vt 219.16969299 -109.88780212
vt 218.96809387 -110.64089966
vt -405.48431396 -253.44059753
vt -405.48431396 -254.94650269
vt -405.68899536 -254.19369507
vt -404.93310547 -252.88980103
vt -404.93310547 -255.49758911
vt -404.18109131 -252.68780518
vt -404.18109131 -255.69918823
vt -403.42910767 -252.88980103
vt -403.42910767 -255.49758911
vt -402.87799072 -253.44059753
vt -402.87799072 -254.94650269
vt -402.67718506 -254.19369507
vt 0.66670001 0.00050002
vt 0.58329999 0.99949998
vt 0.66670001 0.99949998
vt 0.58329999 0.00050002
vt 0.66670001 0.00050002
vt 0.75000000 0.99949998
vt 0.75000000 0.00050002
vt 0.66670001 0.99949998
vt 0.75000000 0.00050002
vt 0.83329999 0.99949998
vt 0.83329999 0.00050002
vt 0.75000000 0.99949998
vt 0.91670001 0.00050002
vt 0.83329999 0.99949998
vt 0.91670001 0.99949998
vt 0.83329999 0.00050002
vt 1.00000000 0.00050002
vt 0.91670001 0.99949998
vt 1.00000000 0.99949998
vt 0.91670001 0.00050002
vt 1.08329999 0.99949998
vt 1.00000000 0.00050002
vt 1.00000000 0.99949998
vt 1.08329999 0.00050002
vt 0.16670001 0.99949998
vt 0.08329999 0.00050002
vt 0.08329999 0.99949998
vt 0.16670001 0.00050002
vt 0.16670001 0.99949998
vt 0.25000000 0.00050002
vt 0.16670001 0.00050002
vt 0.25000000 0.99949998
vt 0.25000000 0.99949998
vt 0.33329999 0.00050002
vt 0.25000000 0.00050002
vt 0.33329999 0.99949998
vt 0.33329999 0.99949998
vt 0.41670001 0.00050002
vt 0.33329999 0.00050002
vt 0.41670001 0.99949998
vt 0.50000000 0.99949998
vt 0.41670001 0.00050002
vt 0.41670001 0.99949998
vt 0.50000000 0.00050002
vt 0.58329999 0.00050002
vt 0.50000000 0.99949998
vt 0.58329999 0.99949998
vt 0.50000000 0.00050002
vt 405.48431396 -254.94650269
vt 405.48431396 -253.44059753
vt 405.68899536 -254.19369507
vt 404.93310547 -255.49758911
vt 404.93310547 -252.88980103
vt 404.18109131 -255.69918823
vt 404.18109131 -252.68780518
vt 403.42910767 -255.49758911
vt 403.42910767 -252.88980103
vt 402.87799072 -254.94650269
vt 402.87799072 -253.44059753
vt 402.67718506 -254.19369507
vt 0.53719997 0.99949998
vt 0.56440002 0.00050002
vt 0.53719997 0.00050002
vt 0.56440002 0.99949998
vt 0.01049995 0.99952477
vt 0.43560001 0.00050002
vt 0.01049995 0.82389998
vt 0.43560001 0.99949998
vt 0.56429702 0.53719997
vt 0.53713048 0.43557107
vt 0.53712207 0.56442893
vt 0.56430179 0.46280003
vt 0.98943031 0.53719997
vt 0.98943520 0.46280003
vt 0.99940008 0.50000000
vt 0.49991861 0.99955714
vt 0.46277130 0.56442893
vt 0.46274379 0.98958600
vt 0.46277961 0.43557107
vt 0.46280709 0.01039732
vt 0.49998319 0.00042617
vt 0.53709471 0.98958600
vt 0.53715789 0.01039732
vt 0.01049995 0.53719997
vt 0.01050476 0.46280003
vt 0.00050000 0.50000000
vt 0.43560001 0.53719997
vt 0.43560481 0.46280003
vt 0.98949999 0.82387519
vt 0.56440002 0.99949998
vt 0.98949999 0.99949998
vt 0.56440002 0.00050002
vt 0.56440002 0.46280003
vt 0.56440002 0.53719997
vt 0.57441038 0.50000000
vt 0.53720522 0.43557107
vt 0.53720522 0.56442893
vt 0.50000000 0.42559999
vt 0.50000000 0.57440001
vt 0.46279481 0.43557107
vt 0.46279481 0.56442893
vt 0.43560001 0.46280003
vt 0.43560001 0.53719997
vt 0.42558959 0.50000000
vt 0.46280000 0.43559998
vt 0.50000000 0.00050002
vt 0.46280000 0.01050001
vt 0.53719991 0.99953318
vt 0.50000000 0.71920002
vt 0.50000000 0.99949998
vt 0.53719991 0.82389998
vt 0.53719997 0.99949998
vt 0.56440002 0.00050002
vt 0.53719997 0.00050002
vt 0.56440002 0.99949998
vt 0.43560001 0.00050002
vt 0.01049995 0.99952477
vt 0.43560001 0.99949998
vt 0.01049995 0.82389998
vt 0.50000000 0.99949998
vt 0.53719991 0.82389998
vt 0.50000000 0.71920002
vt 0.53719991 0.99953318
vt 0.46280000 0.99949998
vt 0.50000000 0.71920002
vt 0.46280000 0.82386678
vt 0.50000000 0.99949998
vt 0.50000000 0.71920002
vt 0.46280000 0.99949998
vt 0.50000000 0.99949998
vt 0.46280000 0.82386678
vt 0.56440002 0.00050002
vt 0.98949999 0.99949998
vt 0.98949999 0.82387519
vt 0.56440002 0.99949998
vt 0.53719997 0.00050002
vt 0.56440002 0.99949998
vt 0.56440002 0.00050002
vt 0.53719997 0.99949998
vt 0.43560001 0.00050002
vt 0.01049995 0.99952477
vt 0.43560001 0.99949998
vt 0.01049995 0.82389998
vt 0.50000000 0.71920002
vt 0.53719991 0.99953318
vt 0.53719991 0.82389998
vt 0.50000000 0.99949998
vt 0.46280000 0.82386678
vt 0.50000000 0.99949998
vt 0.50000000 0.71920002
vt 0.46280000 0.99949998
vt 0.98949999 0.82387519
vt 0.56440002 0.99949998
vt 0.98949999 0.99949998
vt 0.56440002 0.00050002
vt 0.53719997 0.00050002
vt 0.56440002 0.99949998
vt 0.56440002 0.00050002
vt 0.53719997 0.99949998
vt 0.01049995 0.82389998
vt 0.43560001 0.99949998
vt 0.43560001 0.00050002
vt 0.01049995 0.99952477
vt 0.53719991 0.82389998
vt 0.50000000 0.99949998
vt 0.53719991 0.99953318
vt 0.50000000 0.71920002
vt 0.50000000 0.99949998
vt 0.46280000 0.82386678
vt 0.46280000 0.99949998
vt 0.50000000 0.71920002
vt 0.56440002 0.99949998
vt 0.98949999 0.82387519
vt 0.56440002 0.00050002
vt 0.98949999 0.99949998
vt 0.01049995 0.46280003
vt 0.42559999 0.50000000
vt 0.00050000 0.50000000
vt 0.46280000 0.98949999
vt 0.46280000 0.56439996
vt 0.50000000 0.99949998
vt 0.53719997 0.56439996
vt 0.98949999 0.53719997
vt 0.57440001 0.50000000
vt 0.99949998 0.50000000
vt 0.53719997 0.43559998
vt 0.53719997 0.01050001
vt 0.01049995 0.53719997
vt 0.00050000 0.50000000
vt 0.50000000 0.00050002
vt 0.98949999 0.46280003
vt 0.99949998 0.50000000
vt 0.53719997 0.98949999
vt 0.50000000 0.99949998
vt 0.53719997 0.99949998
vt 0.56440002 0.00050002
vt 0.53719997 0.00050002
vt 0.56440002 0.99949998
vt 0.43560001 0.00050002
vt 0.01049995 0.99952477
vt 0.43560001 0.99949998
vt 0.01049995 0.82389998
vt 0.53713292 0.43560898
vt 0.43553969 0.46280003
vt 0.56438011 0.46280003
vt 0.46274289 0.43560898
vt 0.53678799 0.01022780
vt 0.46239799 0.01022780
vt 0.49958491 0.00021881
vt 0.99949682 0.50000000
vt 0.56444043 0.53719997
vt 0.98955709 0.53719997
vt 0.43560001 0.53719997
vt 0.01049995 0.53719997
vt 0.00050000 0.50000000
vt 0.98949683 0.46280003
vt 0.01043964 0.46280003
vt 0.53758210 0.98977220
vt 0.46319211 0.98977220
vt 0.50039518 0.99978119
vt 0.53723729 0.56439102
vt 0.46284729 0.56439102
vt 0.56440002 0.99949998
vt 0.98949999 0.82387519
vt 0.56440002 0.00050002
vt 0.98949999 0.99949998
vt 0.53718328 0.56439102
vt 0.46281669 0.56439102
vt 0.50000000 0.57440001
vt 0.56440002 0.53719997
vt 0.43560001 0.53719997
vt 0.57436669 0.50000000
vt 0.42563331 0.50000000
vt 0.56440002 0.46280003
vt 0.43560001 0.46280003
vt 0.53718328 0.43560898
vt 0.46281669 0.43560898
vt 0.50000000 0.42559999
vt 0.50000000 0.00050002
vt 0.46280000 0.01050001
vt 0.46280000 0.43559998
vt 0.50000000 0.99949998
vt 0.53719991 0.82389998
vt 0.50000000 0.71920002
vt 0.53719991 0.99953318
vt 0.53719997 0.00050002
vt 0.56440002 0.99949998
vt 0.56440002 0.00050002
vt 0.53719997 0.99949998
vt 0.01049995 0.82389998
vt 0.43560001 0.99949998
vt 0.43560001 0.00050002
vt 0.01049995 0.99952477
vt 0.53719991 0.82389998
vt 0.50000000 0.99949998
vt 0.53719991 0.99953318
vt 0.50000000 0.71920002
vt 0.50000000 0.99949998
vt 0.46280000 0.82386678
vt 0.46280000 0.99949998
vt 0.50000000 0.71920002
vt 0.46280000 0.99949998
vt 0.50000000 0.71920002
vt 0.46280000 0.82386678
vt 0.50000000 0.99949998
vt 0.98949999 0.82387519
vt 0.56440002 0.99949998
vt 0.98949999 0.99949998
vt 0.56440002 0.00050002
vt 0.53719997 0.99949998
vt 0.56440002 0.00050002
vt 0.53719997 0.00050002
vt 0.56440002 0.99949998
vt 0.01049995 0.99952477
vt 0.43560001 0.00050002
vt 0.01049995 0.82389998
vt 0.43560001 0.99949998
vt 0.53719991 0.99953318
vt 0.50000000 0.71920002
vt 0.50000000 0.99949998
vt 0.53719991 0.82389998
vt 0.50000000 0.71920002
vt 0.46280000 0.99949998
vt 0.50000000 0.99949998
vt 0.46280000 0.82386678
vt 0.56440002 0.00050002
vt 0.98949999 0.99949998
vt 0.98949999 0.82387519
vt 0.56440002 0.99949998
vt 0.53719997 0.00050002
vt 0.56440002 0.99949998
vt 0.56440002 0.00050002
vt 0.53719997 0.99949998
vt 0.43560001 0.00050002
vt 0.01049995 0.99952477
vt 0.43560001 0.99949998
vt 0.01049995 0.82389998
vt 0.50000000 0.71920002
vt 0.53719991 0.99953318
vt 0.53719991 0.82389998
vt 0.50000000 0.99949998
vt 0.46280000 0.82386678
vt 0.50000000 0.99949998
vt 0.50000000 0.71920002
vt 0.46280000 0.99949998
vt 0.98949999 0.82387519
vt 0.56440002 0.99949998
vt 0.98949999 0.99949998
vt 0.56440002 0.00050002
vt 0.01049995 0.46280003
vt 0.42559999 0.50000000
vt 0.00050000 0.50000000
vt 0.46280000 0.56439996
vt 0.46280000 0.98949999
vt 0.53719997 0.56439996
vt 0.50000000 0.99949998
vt 0.57440001 0.50000000
vt 0.98949999 0.53719997
vt 0.99949998 0.50000000
vt 0.53719997 0.01050001
vt 0.53719997 0.43559998
vt 0.01049995 0.53719997
vt 0.00050000 0.50000000
vt 0.50000000 0.00050002
vt 0.98949999 0.46280003
vt 0.99949998 0.50000000
vt 0.53719997 0.98949999
vt 0.50000000 0.99949998
vt 0.04879999 0.92339998
vt 0.12370000 0.99849999
vt 0.14210001 0.96700001
vt 1.85773301 0.96700001
vt 0.12370000 0.99849999
vt 1.87629998 0.99849999
vt 0.14210001 0.96700001
vt 0.02840000 0.95400000
vt 0.12370000 0.99849999
vt 0.04879999 0.92339998
vt 1.87629998 0.99849999
vt 0.14226709 0.96700001
vt 1.85790002 0.96700001
vt 0.12370000 0.99849999
vt 1.85790002 0.96700001
vt 1.87629998 0.99849999
vt 1.95120001 0.92339998
vt 0.02840000 0.95400000
vt 0.04879999 0.92339998
vt 0.00099999 0.86619997
vt 0.02840000 0.95400000
vt 0.04879999 0.92339998
vt 0.12370000 0.99849999
vt 1.85790002 0.96700001
vt 1.95120001 0.92339998
vt 1.87629998 0.99849999
vt 0.04879999 0.92339998
vt 0.14210001 0.96700001
vt 0.12370000 0.99849999
vt 1.87629998 0.99849999
vt 1.97160006 0.95400000
vt 1.95120001 0.92339998
vt 0.02840000 0.95400000
vt 0.00099999 0.86619997
vt 0.04879999 0.92339998
vt 0.04879999 0.92339998
vt 0.02199995 0.83749998
vt 0.00099999 0.86619997
vt 1.87629998 0.99849999
vt 1.95120001 0.92339998
vt 1.97160006 0.95400000
vt 1.97160006 0.95400000
vt 1.99899995 0.86619997
vt 1.95120001 0.92339998
vt 0.04879999 0.92339998
vt 0.00099999 0.86619997
vt 0.02199995 0.83749998
vt 0.02199995 -1.83750010
vt 0.00099999 -1.86619997
vt 0.02199995 0.83744270
vt 1.97160006 0.95400000
vt 1.95120001 0.92339998
vt 1.99899995 0.86619997
vt 1.97800004 0.83749998
vt 0.02199995 -1.83744311
vt 0.00099999 -1.86619997
vt 0.00097776 -1.86632991
vt 0.04877767 -1.92353010
vt 0.02837759 -1.95412993
vt 0.02195263 -1.83757305
vt 1.97800004 0.83749998
vt 1.97800004 -1.83744311
vt 1.99899995 -1.86619997
vt 0.04877002 -1.92353201
vt 0.00097010 -1.86633205
vt 0.02836993 -1.95413208
vt 0.02194498 -1.83757496
vt 0.02840000 -1.95400000
vt 0.04879999 -1.92339993
vt 0.12370000 -1.99850011
vt 1.97800004 -1.83750010
vt 1.99899995 -1.86619997
vt 1.97800004 0.83744270
vt 1.97800004 -1.83750010
vt 1.95120001 -1.92339993
vt 0.02840000 -1.95400000
vt 0.12370000 -1.99850011
vt 0.04879999 -1.92339993
vt 0.04879999 -1.92339993
vt 0.14210001 -1.96700001
vt 0.12370000 -1.99850011
vt 1.95120001 -1.92339993
vt 1.97160006 -1.95400000
vt 0.04879999 -1.92339993
vt 0.12370000 -1.99850011
vt 0.14210001 -1.96700001
vt 0.14226709 -1.96700001
vt 1.87629998 -1.99850011
vt 0.12370000 -1.99850011
vt 1.85790002 -1.96700001
vt 1.97160006 -1.95400000
vt 1.87629998 -1.99850011
vt 1.95120001 -1.92339993
vt 1.97160006 -1.95400000
vt 0.12370000 -1.99850011
vt 1.85773301 -1.96700001
vt 0.14210001 -1.96700001
vt 1.87629998 -1.99850011
vt 1.85790002 -1.96700001
vt 1.95120001 -1.92339993
vt 1.87629998 -1.99850011
vt 1.87629998 -1.99850011
vt 1.97160006 -1.95400000
vt 1.95120001 -1.92339993
vt 1.85790002 -1.96700001
vt 1.87629998 -1.99850011
vt 1.95120001 -1.92339993
vt 0.14210001 -1.35660005
vt 0.04879999 -1.31299996
vt 0.12370000 -1.38820004
vt 0.12370000 -1.38820004
vt 1.85762799 -1.35660005
vt 0.14210001 -1.35660005
vt 1.87629998 -1.38820004
vt 0.02840000 -1.34360003
vt 0.14237180 -1.35660005
vt 1.87629998 -1.38820004
vt 0.12370000 -1.38820004
vt 1.85790002 -1.35660005
vt 1.95120001 -1.31299996
vt 1.85790002 -1.35660005
vt 1.87629998 -1.38820004
vt 0.02840000 -1.34360003
vt 0.04879999 -1.31299996
vt 0.00099999 -1.25589991
vt 0.12370000 -1.38820004
vt 0.02840000 -1.34360003
vt 0.04879999 -1.31299996
vt 0.14210001 -1.35660005
vt 1.95120001 -1.31299996
vt 1.87629998 -1.38820004
vt 1.85790002 -1.35660005
vt 1.97160006 -1.34360003
vt 0.02840000 -1.34360003
vt 0.00099999 -1.25589991
vt 0.04879999 -1.31299996
vt 0.02199995 -1.22720003
vt 1.97160006 -1.34360003
vt 1.97160006 -1.34360003
vt 1.99899995 -1.25589991
vt 1.95120001 -1.31299996
vt 0.02199995 -1.22720003
vt 0.02199995 0.22960001
vt 0.00099999 0.25840002
vt 0.02199995 -1.22731495
vt 1.97160006 -1.34360003
vt 1.95120001 -1.31299996
vt 1.99899995 -1.25589991
vt 1.95120001 -1.31299996
vt 1.99899995 -1.25589991
vt 1.97800004 -1.22720003
vt 0.02199995 0.22971523
vt 0.00099999 0.25840002
vt 0.04879999 0.31550002
vt 1.95120001 -1.31299996
vt 1.97800004 -1.22720003
vt 1.99899995 -1.25589991
vt 1.97800004 0.22971523
vt 1.99899995 0.25840002
vt 0.02199995 0.22960001
vt 0.04879999 0.31550002
vt 0.02840000 0.34609997
vt 1.97800004 0.22960001
vt 1.99899995 0.25840002
vt 1.97800004 -1.22731495
vt 1.97800004 0.22960001
vt 1.95120001 0.31550002
vt 0.02840000 0.34609997
vt 0.12370000 0.39060003
vt 0.02840000 0.34609997
vt 0.04879999 0.31550002
vt 1.95120001 0.31550002
vt 1.99899995 0.25840002
vt 1.97160006 0.34609997
vt 1.95120001 0.31550002
vt 0.12370000 0.39060003
vt 0.04879999 0.31550002
vt 0.02840000 0.34609997
vt 0.14210001 0.35909998
vt 1.99899995 0.25840002
vt 1.95120001 0.31550002
vt 1.97160006 0.34609997
vt 1.97160006 0.34609997
vt 1.87629998 0.39060003
vt 1.95120001 0.31550002
vt 0.14210001 0.35909998
vt 1.87629998 0.39060003
vt 0.14237180 0.35909998
vt 1.85790002 0.35909998
vt 0.12370000 0.39060003
vt 1.97160006 0.34609997
vt 1.95120001 0.31550002
vt 1.87629998 0.39060003
vt 1.85790002 0.35909998
vt 1.85762799 0.35909998
vt 0.12370000 0.39060003
vt 1.87629998 0.39060003
vt 0.14210001 0.35909998
vt 1.85790002 0.35909998
vt -282.00979614 -109.88780212
vt -282.00979614 -111.39369965
vt -282.21179199 -110.64089966
vt -281.45870972 -109.33660126
vt -281.45870972 -111.94490051
vt -280.70590210 -109.13500214
vt -280.70590210 -112.14649963
vt -279.95309448 -109.33660126
vt -279.95309448 -111.94490051
vt -279.40161133 -109.88780212
vt -279.40161133 -111.39369965
vt -279.20001221 -110.64089966
vt 0.58329999 0.00050002
vt 0.66670001 0.99949998
vt 0.66670001 0.00050002
vt 0.58329999 0.99949998
vt 0.75000000 0.00050002
vt 0.66670001 0.99949998
vt 0.75000000 0.99949998
vt 0.66670001 0.00050002
vt 0.83329999 0.99949998
vt 0.75000000 0.00050002
vt 0.75000000 0.99949998
vt 0.83329999 0.00050002
vt 0.91670001 0.99949998
vt 0.83329999 0.00050002
vt 0.83329999 0.99949998
vt 0.91670001 0.00050002
vt 0.91670001 0.99949998
vt 1.00000000 0.00050002
vt 0.91670001 0.00050002
vt 1.00000000 0.99949998
vt 1.00000000 0.99949998
vt 1.08329999 0.00050002
vt 1.00000000 0.00050002
vt 1.08329999 0.99949998
vt 0.16670001 0.99949998
vt 0.08329999 0.00050002
vt 0.08329999 0.99949998
vt 0.16670001 0.00050002
vt 0.25000000 0.99949998
vt 0.16670001 0.00050002
vt 0.16670001 0.99949998
vt 0.25000000 0.00050002
vt 0.33329999 0.00050002
vt 0.25000000 0.99949998
vt 0.33329999 0.99949998
vt 0.25000000 0.00050002
vt 0.33329999 0.00050002
vt 0.41670001 0.99949998
vt 0.41670001 0.00050002
vt 0.33329999 0.99949998
vt 0.41670001 0.00050002
vt 0.50000000 0.99949998
vt 0.50000000 0.00050002
vt 0.41670001 0.99949998
vt 0.50000000 0.00050002
vt 0.58329999 0.99949998
vt 0.58329999 0.00050002
vt 0.50000000 0.99949998
vt 282.00979614 -111.39369965
vt 282.00979614 -109.88780212
vt 282.21179199 -110.64089966
vt 281.45870972 -111.94490051
vt 281.45870972 -109.33660126
vt 280.70590210 -112.14649963
vt 280.70590210 -109.13500214
vt 279.95309448 -111.94490051
vt 279.95309448 -109.33660126
vt 279.40161133 -111.39369965
vt 279.40161133 -109.88780212
vt 279.20001221 -110.64089966
vt 0.53719997 0.99949998
vt 0.56440002 0.00050002
vt 0.53719997 0.00050002
vt 0.56440002 0.99949998
vt 0.43560001 0.99949998
vt 0.01049995 0.82389998
vt 0.01048328 0.99945790
vt 0.43560001 0.00050002
vt 0.53714949 0.43557107
vt 0.43553969 0.46280003
vt 0.56439680 0.46280003
vt 0.46274281 0.43557107
vt 0.53680491 0.01041400
vt 0.46239820 0.01041400
vt 0.49960181 0.00044292
vt 0.99949682 0.50000000
vt 0.56445712 0.53719997
vt 0.98955709 0.53719997
vt 0.43560001 0.53719997
vt 0.01049995 0.53719997
vt 0.00050000 0.50000000
vt 0.98949683 0.46280003
vt 0.01043964 0.46280003
vt 0.53759861 0.98958600
vt 0.46319190 0.98958600
vt 0.50041169 0.99955714
vt 0.53725398 0.56442893
vt 0.46284729 0.56442893
vt 0.98949999 0.82394207
vt 0.56440002 0.99949998
vt 0.98949999 0.99949998
vt 0.56440002 0.00050002
vt 0.53718477 0.56442893
vt 0.46281111 0.56442893
vt 0.49998891 0.57440001
vt 0.56440002 0.53719997
vt 0.43560001 0.53719997
vt 0.57436818 0.50000000
vt 0.42563739 0.50000000
vt 0.56440562 0.46280003
vt 0.43560559 0.46280003
vt 0.53719437 0.43557107
vt 0.46282071 0.43557107
vt 0.50000000 0.42559999
vt 0.56440002 0.46280003
vt 0.99949998 0.50000000
vt 0.98949999 0.46280003
vt 0.53719997 0.82389998
vt 0.50000000 0.99949998
vt 0.53719997 0.99949998
vt 0.50000000 0.99949998
vt 0.53719997 0.82389998
vt 0.50000000 0.71920002
vt 0.53719997 0.99950778
vt 0.46280000 0.99949998
vt 0.50000000 0.71920002
vt 0.46280000 0.82389224
vt 0.50000000 0.99949998
vt 0.49991140 0.71860826
vt 0.46271139 0.99890834
vt 0.49991140 0.99890828
vt 0.46270981 0.82330048
vt 0.98948330 0.82394207
vt 0.56440002 0.99949998
vt 0.98949999 0.99949998
vt 0.56440002 0.00050002
vt 0.53719997 0.00050002
vt 0.56440002 0.99949998
vt 0.56440002 0.00050002
vt 0.53719997 0.99949998
vt 0.43560001 0.00050002
vt 0.01049995 0.99945790
vt 0.43560001 0.99949998
vt 0.01049995 0.82389998
vt 0.50000000 0.71920002
vt 0.53719997 0.99950778
vt 0.53719997 0.82389998
vt 0.50000000 0.99949998
vt 0.46280000 0.82389224
vt 0.50000000 0.99949998
vt 0.50000000 0.71920002
vt 0.46280000 0.99949998
vt 0.98949999 0.82394207
vt 0.56440002 0.99949998
vt 0.98949999 0.99949998
vt 0.56440002 0.00050002
vt 0.53719997 0.00050002
vt 0.56440002 0.99949998
vt 0.56440002 0.00050002
vt 0.53719997 0.99949998
vt 0.01049995 0.82389998
vt 0.43560001 0.99949998
vt 0.43560001 0.00050002
vt 0.01049995 0.99945790
vt 0.53719997 0.82389998
vt 0.50000000 0.99949998
vt 0.53719997 0.99949998
vt 0.50000000 0.71920002
vt 0.46280000 0.99949998
vt 0.50000000 0.99949998
vt 0.56440002 0.99949998
vt 0.98949999 0.82394207
vt 0.56440002 0.00050002
vt 0.98949999 0.99949998
vt 0.53719997 0.99949998
vt 0.56440002 0.00050002
vt 0.53719997 0.00050002
vt 0.56440002 0.99949998
vt 0.43560001 0.00050002
vt 0.01049995 0.99945790
vt 0.43560001 0.99949998
vt 0.01049995 0.82389998
vt 0.53719997 0.01050001
vt 0.53719997 0.43559998
vt 0.01049995 0.46280003
vt 0.42559999 0.50000000
vt 0.43560001 0.46280003
vt 0.00050000 0.50000000
vt 0.46280000 0.56439996
vt 0.46280000 0.98949999
vt 0.50000000 0.57440001
vt 0.53719997 0.56439996
vt 0.50000000 0.99949998
vt 0.57440001 0.50000000
vt 0.98949999 0.53719997
vt 0.50000000 0.00050002
vt 0.46280000 0.43559998
vt 0.50000000 0.71920002
vt 0.50000000 0.99949998
vt 0.53719997 0.82389998
vt 0.46280000 0.01050001
vt 0.50000000 0.00050002
vt 0.99949998 0.50000000
vt 0.53719997 0.98949999
vt 0.50000000 0.99949998
vt 0.01049995 0.53719997
vt 0.50000000 0.71920002
vt 0.50000000 0.99949998
vt 0.53719997 0.82389998
vt 0.50000000 0.71920002
vt 0.46280000 0.82389998
vt 0.46280000 0.99949998
vt 0.00050000 0.50000000
vt 0.53719997 0.99949998
vt 0.56440002 0.00050002
vt 0.53719997 0.00050002
vt 0.56440002 0.99949998
vt 0.43560001 0.00050002
vt 0.01049995 0.99945790
vt 0.43560001 0.99949998
vt 0.01049995 0.82389998
vt 0.43560481 0.46280003
vt 0.46277130 0.56439102
vt 0.46277961 0.43560898
vt 0.43560001 0.53719997
vt 0.01050476 0.46280003
vt 0.01049995 0.53719997
vt 0.00050000 0.50000000
vt 0.49998319 0.00021881
vt 0.53713048 0.43560898
vt 0.53715801 0.01022780
vt 0.53712207 0.56439102
vt 0.53709459 0.98977220
vt 0.49991861 0.99978119
vt 0.46280709 0.01022780
vt 0.46274379 0.98977220
vt 0.98940182 0.46280003
vt 0.98939699 0.53719997
vt 0.99940181 0.50000000
vt 0.56446850 0.46280003
vt 0.56446368 0.53719997
vt 0.56440002 0.99949998
vt 0.98949999 0.82394207
vt 0.56440002 0.00050002
vt 0.98949999 0.99949998
vt 0.43560001 0.53719997
vt 0.43554449 0.46280003
vt 0.42574140 0.50000000
vt 0.46294659 0.56439102
vt 0.46285039 0.43560898
vt 0.50011110 0.57440001
vt 0.50000000 0.42559999
vt 0.53726071 0.56439102
vt 0.53716451 0.43560898
vt 0.56440002 0.53719997
vt 0.56434453 0.46280003
vt 0.57436961 0.50000000
vt 0.99949998 0.50000000
vt 0.98949999 0.46280003
vt 0.56440002 0.46280003
vt 0.50000000 0.99949998
vt 0.53719997 0.82389998
vt 0.50000000 0.71920002
vt 0.53719997 0.99950778
vt 0.53719997 0.82389998
vt 0.50000000 0.99949998
vt 0.53719997 0.99950778
vt 0.50000000 0.71920002
vt 0.50000000 0.99949998
vt 0.46280000 0.82389224
vt 0.46280000 0.99949998
vt 0.50000000 0.71920002
vt 0.46280000 0.99949998
vt 0.50000000 0.71920002
vt 0.46280000 0.82389224
vt 0.50000000 0.99949998
vt 0.98949999 0.82394207
vt 0.56440002 0.99949998
vt 0.98949999 0.99949998
vt 0.56440002 0.00050002
vt 0.53719997 0.99949998
vt 0.56440002 0.00050002
vt 0.53719997 0.00050002
vt 0.56440002 0.99949998
vt 0.01049995 0.99945790
vt 0.43560001 0.00050002
vt 0.01049995 0.82389998
vt 0.43560001 0.99949998
vt 0.53719997 0.99950778
vt 0.50000000 0.71920002
vt 0.50000000 0.99949998
vt 0.53719997 0.82389998
vt 0.50000000 0.71920002
vt 0.46280000 0.99949998
vt 0.50000000 0.99949998
vt 0.46280000 0.82389224
vt 0.56440002 0.00050002
vt 0.98949999 0.99949998
vt 0.98949999 0.82394207
vt 0.56440002 0.99949998
vt 0.56440002 0.00050002
vt 0.53719997 0.99949998
vt 0.56440002 0.99949998
vt 0.53719997 0.00050002
vt 0.43560001 0.00050002
vt 0.01049995 0.99945790
vt 0.43560001 0.99949998
vt 0.01049995 0.82389998
vt 0.50000000 0.71920002
vt 0.53719997 0.99950778
vt 0.53719997 0.82389998
vt 0.50000000 0.99949998
vt 0.46280000 0.82389224
vt 0.50000000 0.99949998
vt 0.50000000 0.71920002
vt 0.46280000 0.99949998
vt 0.98949999 0.82394207
vt 0.56440002 0.99949998
vt 0.98949999 0.99949998
vt 0.56440002 0.00050002
vt 0.56440002 0.00050002
vt 0.53719997 0.99949998
vt 0.56440002 0.99949998
vt 0.53719997 0.00050002
vt 0.01049995 0.82389998
vt 0.43560001 0.99949998
vt 0.43560001 0.00050002
vt 0.01049995 0.99945790
vt 0.53719997 0.01050001
vt 0.53719997 0.43559998
vt 0.43560001 0.46280003
vt 0.01049995 0.46280003
vt 0.42559999 0.50000000
vt 0.00050000 0.50000000
vt 0.50000000 0.57440001
vt 0.46280000 0.56439996
vt 0.46280000 0.98949999
vt 0.53719997 0.56439996
vt 0.50000000 0.99949998
vt 0.98949999 0.53719997
vt 0.57440001 0.50000000
vt 0.50000000 0.00050002
vt 0.46280000 0.43559998
vt 0.46280000 0.01050001
vt 0.50000000 0.00050002
vt 0.99949998 0.50000000
vt 0.53719997 0.98949999
vt 0.50000000 0.99949998
vt 0.01049995 0.53719997
vt 0.00050000 0.50000000
vt -567.10632324 513.51177979
vt -567.10632324 512.00793457
vt -567.31097412 512.75976562
vt -566.55511475 514.06298828
vt -566.55511475 511.45669556
vt -565.80310059 514.26770020
vt -565.80310059 511.25588989
vt -565.05120850 514.06298828
vt -565.05120850 511.45669556
vt -564.50000000 513.51177979
vt -564.50000000 512.00793457
vt -564.29919434 512.75976562
vt 0.58329999 0.99949998
vt 0.66670001 0.00050002
vt 0.58329999 0.00050002
vt 0.66670001 0.99949998
vt 0.66670001 0.99949998
vt 0.75000000 0.00050002
vt 0.66670001 0.00050002
vt 0.75000000 0.99949998
vt 0.75000000 0.99949998
vt 0.83329999 0.00050002
vt 0.75000000 0.00050002
vt 0.83329999 0.99949998
vt 0.83329999 0.99949998
vt 0.91670001 0.00050002
vt 0.83329999 0.00050002
vt 0.91670001 0.99949998
vt 1.00000000 0.99949998
vt 0.91670001 0.00050002
vt 0.91670001 0.99949998
vt 1.00000000 0.00050002
vt 1.08329999 0.00050002
vt 1.00000000 0.99949998
vt 1.08329999 0.99949998
vt 1.00000000 0.00050002
vt 0.08329999 0.00050002
vt 0.16670001 0.99949998
vt 0.16670001 0.00050002
vt 0.08329999 0.99949998
vt 0.16670001 0.00050002
vt 0.25000000 0.99949998
vt 0.25000000 0.00050002
vt 0.16670001 0.99949998
vt 0.25000000 0.00050002
vt 0.33329999 0.99949998
vt 0.33329999 0.00050002
vt 0.25000000 0.99949998
vt 0.33329999 0.00050002
vt 0.41670001 0.99949998
vt 0.41670001 0.00050002
vt 0.33329999 0.99949998
vt 0.50000000 0.00050002
vt 0.41670001 0.99949998
vt 0.50000000 0.99949998
vt 0.41670001 0.00050002
vt 0.58329999 0.99949998
vt 0.50000000 0.00050002
vt 0.50000000 0.99949998
vt 0.58329999 0.00050002
vt 567.10632324 512.00793457
vt 567.10632324 513.51177979
vt 567.31097412 512.75976562
vt 566.55511475 511.45669556
vt 566.55511475 514.06298828
vt 565.80310059 511.25588989
vt 565.80310059 514.26770020
vt 565.05120850 511.45669556
vt 565.05120850 514.06298828
vt 564.50000000 512.00793457
vt 564.50000000 513.51177979
vt 564.29919434 512.75976562
vt 0.12370000 -1.38820004
vt 0.14210001 -1.35660005
vt 0.04879999 -1.31299996
vt 1.85783803 -1.35660005
vt 0.12370000 -1.38820004
vt 1.87629998 -1.38820004
vt 0.14210001 -1.35660005
vt 0.12370000 -1.38820004
vt 0.04879999 -1.31299996
vt 0.02840000 -1.34360003
vt 0.12370000 -1.38820004
vt 1.85790002 -1.35660005
vt 1.87629998 -1.38820004
vt 0.14216191 -1.35660005
vt 1.87629998 -1.38820004
vt 1.95120001 -1.31299996
vt 1.85790002 -1.35660005
vt 0.00099999 -1.25589991
vt 0.02840000 -1.34360003
vt 0.04879999 -1.31299996
vt 0.12370000 -1.38820004
vt 0.02840000 -1.34360003
vt 0.04879999 -1.31299996
vt 0.12370000 -1.38820004
vt 0.04879999 -1.31299996
vt 0.14210001 -1.35660005
vt 1.87629998 -1.38820004
vt 1.85790002 -1.35660005
vt 1.95120001 -1.31299996
vt 1.87629998 -1.38820004
vt 1.97160006 -1.34360003
vt 1.95120001 -1.31299996
vt 0.04879999 -1.31299996
vt 0.02840000 -1.34360003
vt 0.00099999 -1.25589991
vt 0.00099999 -1.25589991
vt 0.04879999 -1.31299996
vt 0.02199995 -1.22720003
vt 1.87629998 -1.38820004
vt 1.95120001 -1.31299996
vt 1.97160006 -1.34360003
vt 1.97160006 -1.34360003
vt 1.99899995 -1.25589991
vt 1.95120001 -1.31299996
vt 0.02199995 -1.22720003
vt 0.04879999 -1.31299996
vt 0.00099999 -1.25589991
vt 0.00099999 0.25840002
vt 0.02199995 -1.22724009
vt 0.02199995 0.22960001
vt 1.95120001 -1.31299996
vt 1.99899995 -1.25589991
vt 1.97160006 -1.34360003
vt 1.99899995 -1.25589991
vt 1.97800004 -1.22720003
vt 1.95120001 -1.31299996
vt 0.02199995 0.22963983
vt 0.00099999 0.25840002
vt 0.04879999 0.31550002
vt 1.95120001 -1.31299996
vt 1.97800004 -1.22720003
vt 1.99899995 -1.25589991
vt 1.97800004 0.22963983
vt 1.99899995 0.25840002
vt 0.02199995 0.22960001
vt 0.04879999 0.31550002
vt 0.00099999 0.25840002
vt 0.04879999 0.31550002
vt 0.02840000 0.34609997
vt 1.97800004 -1.22724009
vt 1.99899995 0.25840002
vt 1.97800004 0.22960001
vt 1.95120001 0.31550002
vt 1.97800004 0.22960001
vt 0.04879999 0.31550002
vt 0.00099999 0.25840002
vt 0.02840000 0.34609997
vt 0.04879999 0.31550002
vt 0.12370000 0.39060003
vt 0.02840000 0.34609997
vt 1.95120001 0.31550002
vt 1.97160006 0.34609997
vt 1.95120001 0.31550002
vt 1.99899995 0.25840002
vt 0.04879999 0.31550002
vt 0.02840000 0.34609997
vt 0.12370000 0.39060003
vt 0.04879999 0.31550002
vt 0.14210001 0.35909998
vt 0.12370000 0.39060003
vt 1.95120001 0.31550002
vt 1.97160006 0.34609997
vt 1.99899995 0.25840002
vt 1.95120001 0.31550002
vt 1.97160006 0.34609997
vt 1.87629998 0.39060003
vt 0.04879999 0.31550002
vt 0.12370000 0.39060003
vt 0.14210001 0.35909998
vt 0.12370000 0.39060003
vt 1.85790002 0.35909998
vt 1.87629998 0.39060003
vt 0.14216191 0.35909998
vt 1.95120001 0.31550002
vt 1.87629998 0.39060003
vt 1.97160006 0.34609997
vt 1.95120001 0.31550002
vt 1.87629998 0.39060003
vt 1.85790002 0.35909998
vt 1.85783803 0.35909998
vt 0.12370000 0.39060003
vt 1.87629998 0.39060003
vt 0.14210001 0.35909998
vt 1.95120001 0.31550002
vt 1.85790002 0.35909998
vt 1.87629998 0.39060003
vt -578.14959717 -372.90078735
vt -578.14959717 -374.40670776
vt -578.35040283 -373.65359497
vt -577.59838867 -372.34960938
vt -577.59838867 -374.95788574
vt -576.84649658 -372.14801025
vt -576.84649658 -375.15939331
vt -576.09448242 -372.34960938
vt -576.09448242 -374.95788574
vt -575.54327393 -372.90078735
vt -575.54327393 -374.40670776
vt -575.34252930 -373.65359497
vt 0.58329999 0.00050002
vt 0.66670001 0.99949998
vt 0.66670001 0.00050002
vt 0.58329999 0.99949998
vt 0.75000000 0.00050002
vt 0.66670001 0.99949998
vt 0.75000000 0.99949998
vt 0.66670001 0.00050002
vt 0.83329999 0.99949998
vt 0.75000000 0.00050002
vt 0.75000000 0.99949998
vt 0.83329999 0.00050002
vt 0.83329999 0.99949998
vt 0.91670001 0.00050002
vt 0.83329999 0.00050002
vt 0.91670001 0.99949998
vt 0.91670001 0.99949998
vt 1.00000000 0.00050002
vt 0.91670001 0.00050002
vt 1.00000000 0.99949998
vt 1.00000000 0.99949998
vt 1.08329999 0.00050002
vt 1.00000000 0.00050002
vt 1.08329999 0.99949998
vt 0.08329999 0.99949998
vt 0.16670001 0.00050002
vt 0.08329999 0.00050002
vt 0.16670001 0.99949998
vt 0.25000000 0.99949998
vt 0.16670001 0.00050002
vt 0.16670001 0.99949998
vt 0.25000000 0.00050002
vt 0.33329999 0.00050002
vt 0.25000000 0.99949998
vt 0.33329999 0.99949998
vt 0.25000000 0.00050002
vt 0.33329999 0.00050002
vt 0.41670001 0.99949998
vt 0.41670001 0.00050002
vt 0.33329999 0.99949998
vt 0.41670001 0.00050002
vt 0.50000000 0.99949998
vt 0.50000000 0.00050002
vt 0.41670001 0.99949998
vt 0.50000000 0.00050002
vt 0.58329999 0.99949998
vt 0.58329999 0.00050002
vt 0.50000000 0.99949998
vt 578.14959717 -374.40670776
vt 578.14959717 -372.90078735
vt 578.35040283 -373.65359497
vt 577.59838867 -374.95788574
vt 577.59838867 -372.34960938
vt 576.84649658 -375.15939331
vt 576.84649658 -372.14801025
vt 576.09448242 -374.95788574
vt 576.09448242 -372.34960938
vt 575.54327393 -374.40670776
vt 575.54327393 -372.90078735
vt 575.34252930 -373.65359497
vt 0.53719997 0.99949998
vt 0.56440002 0.00050002
vt 0.53719997 0.00050002
vt 0.56440002 0.99949998
vt 0.43560001 0.00050002
vt 0.01049995 0.99952477
vt 0.43560001 0.99949998
vt 0.01049995 0.82389998
vt 0.53713048 0.43559712
vt 0.43560481 0.46281332
vt 0.56446850 0.46281332
vt 0.46277961 0.43559712
vt 0.53715789 0.01060969
vt 0.46280709 0.01060969
vt 0.49998319 0.00064433
vt 0.99940181 0.50000000
vt 0.56446368 0.53719997
vt 0.98939699 0.53719997
vt 0.43560001 0.53719997
vt 0.01049995 0.53719997
vt 0.00050000 0.50000000
vt 0.98940182 0.46281332
vt 0.01050476 0.46281332
vt 0.53709471 0.98940361
vt 0.46274379 0.98940361
vt 0.49991861 0.99937236
vt 0.53712207 0.56441790
vt 0.46277130 0.56441790
vt 0.56440002 0.99949998
vt 0.98949999 0.82387519
vt 0.56440002 0.00050002
vt 0.98949999 0.99949998
vt 0.53726071 0.56442481
vt 0.46294659 0.56442481
vt 0.50011110 0.57439613
vt 0.56440002 0.53719997
vt 0.43560001 0.53719997
vt 0.57436961 0.49999058
vt 0.42574140 0.49999058
vt 0.56434453 0.46279442
vt 0.43554449 0.46279442
vt 0.53716451 0.43557131
vt 0.46285039 0.43557131
vt 0.50000000 0.42559999
vt 0.50000000 0.00050002
vt 0.46280000 0.01050001
vt 0.46280000 0.43559998
vt 0.50000000 0.99949998
vt 0.53719991 0.82389998
vt 0.50000000 0.71920002
vt 0.53719991 0.99953318
vt 0.53719997 0.00050002
vt 0.56440002 0.99949998
vt 0.56440002 0.00050002
vt 0.53719997 0.99949998
vt 0.01049995 0.82389998
vt 0.43560001 0.99949998
vt 0.43560001 0.00050002
vt 0.01049995 0.99952477
vt 0.53719991 0.82389998
vt 0.50000000 0.99949998
vt 0.53719991 0.99953318
vt 0.50000000 0.71920002
vt 0.50000000 0.99949998
vt 0.46280000 0.82386678
vt 0.46280000 0.99949998
vt 0.50000000 0.71920002
vt 0.46280000 0.99949998
vt 0.50000000 0.71920002
vt 0.46280000 0.82386678
vt 0.50000000 0.99949998
vt 0.98949999 0.82387519
vt 0.56440002 0.99949998
vt 0.98949999 0.99949998
vt 0.56440002 0.00050002
vt 0.56440002 0.99949998
vt 0.53719997 0.00050002
vt 0.53719997 0.99949998
vt 0.56440002 0.00050002
vt 0.01049995 0.99952477
vt 0.43560001 0.00050002
vt 0.01049995 0.82389998
vt 0.43560001 0.99949998
vt 0.53719991 0.99953318
vt 0.50000000 0.71920002
vt 0.50000000 0.99949998
vt 0.53719991 0.82389998
vt 0.50000000 0.71920002
vt 0.46280000 0.99949998
vt 0.50000000 0.99949998
vt 0.46280000 0.82386678
vt 0.56440002 0.00050002
vt 0.98949999 0.99949998
vt 0.98949999 0.82387519
vt 0.56440002 0.99949998
vt 0.56440002 0.00050002
vt 0.53719997 0.99949998
vt 0.56440002 0.99949998
vt 0.53719997 0.00050002
vt 0.43560001 0.00050002
vt 0.01049995 0.99952477
vt 0.43560001 0.99949998
vt 0.01049995 0.82389998
vt 0.50000000 0.71920002
vt 0.53719991 0.99953318
vt 0.53719991 0.82389998
vt 0.50000000 0.99949998
vt 0.46280000 0.82386678
vt 0.50000000 0.99949998
vt 0.50000000 0.71920002
vt 0.46280000 0.99949998
vt 0.98949999 0.82387519
vt 0.56440002 0.99949998
vt 0.98949999 0.99949998
vt 0.56440002 0.00050002
vt 0.01049995 0.46280003
vt 0.42559999 0.50000000
vt 0.43560001 0.46280003
vt 0.00050000 0.50000000
vt 0.46280000 0.56439996
vt 0.46280000 0.98949999
vt 0.50000000 0.57440001
vt 0.53719997 0.56439996
vt 0.50000000 0.99949998
vt 0.57440001 0.50000000
vt 0.98949999 0.53719997
vt 0.56440002 0.46280003
vt 0.99949998 0.50000000
vt 0.53719997 0.01050001
vt 0.53719997 0.43559998
vt 0.01049995 0.53719997
vt 0.00050000 0.50000000
vt 0.50000000 0.00050002
vt 0.98949999 0.46280003
vt 0.99949998 0.50000000
vt 0.53719997 0.98949999
vt 0.50000000 0.99949998
vt -368.34249878 411.11810303
vt -368.34249878 409.61419678
vt -368.54409790 410.36608887
vt -367.79129028 411.66931152
vt -367.79129028 409.06298828
vt -367.03820801 411.87008667
vt -367.03820801 408.85830688
vt -366.28540039 411.66931152
vt -366.28540039 409.06298828
vt -365.73431396 411.11810303
vt -365.73431396 409.61419678
vt -365.53271484 410.36608887
vt 0.58329999 0.00050002
vt 0.66670001 0.99949998
vt 0.66670001 0.00050002
vt 0.58329999 0.99949998
vt 0.75000000 0.00050002
vt 0.66670001 0.99949998
vt 0.75000000 0.99949998
vt 0.66670001 0.00050002
vt 0.83329999 0.99949998
vt 0.75000000 0.00050002
vt 0.75000000 0.99949998
vt 0.83329999 0.00050002
vt 0.83329999 0.99949998
vt 0.91670001 0.00050002
vt 0.83329999 0.00050002
vt 0.91670001 0.99949998
vt 0.91670001 0.99949998
vt 1.00000000 0.00050002
vt 0.91670001 0.00050002
vt 1.00000000 0.99949998
vt 1.00000000 0.99949998
vt 1.08329999 0.00050002
vt 1.00000000 0.00050002
vt 1.08329999 0.99949998
vt 0.08329999 0.99949998
vt 0.16670001 0.00050002
vt 0.08329999 0.00050002
vt 0.16670001 0.99949998
vt 0.25000000 0.99949998
vt 0.16670001 0.00050002
vt 0.16670001 0.99949998
vt 0.25000000 0.00050002
vt 0.33329999 0.00050002
vt 0.25000000 0.99949998
vt 0.33329999 0.99949998
vt 0.25000000 0.00050002
vt 0.33329999 0.00050002
vt 0.41670001 0.99949998
vt 0.41670001 0.00050002
vt 0.33329999 0.99949998
vt 0.41670001 0.00050002
vt 0.50000000 0.99949998
vt 0.50000000 0.00050002
vt 0.41670001 0.99949998
vt 0.50000000 0.00050002
vt 0.58329999 0.99949998
vt 0.58329999 0.00050002
vt 0.50000000 0.99949998
vt 368.34249878 409.61419678
vt 368.34249878 411.11810303
vt 368.54409790 410.36608887
vt 367.79129028 409.06298828
vt 367.79129028 411.66931152
vt 367.03820801 408.85830688
vt 367.03820801 411.87008667
vt 366.28540039 409.06298828
vt 366.28540039 411.66931152
vt 365.73431396 409.61419678
vt 365.73431396 411.11810303
vt 365.53271484 410.36608887
vt -368.34249878 330.80950928
vt -368.34249878 329.30358887
vt -368.54409790 330.05670166
vt -367.79129028 331.36059570
vt -367.79129028 328.75241089
vt -367.03820801 331.56219482
vt -367.03820801 328.55081177
vt -366.28540039 331.36059570
vt -366.28540039 328.75241089
vt -365.73431396 330.80950928
vt -365.73431396 329.30358887
vt -365.53271484 330.05670166
vt 0.66670001 0.00050002
vt 0.58329999 0.99949998
vt 0.66670001 0.99949998
vt 0.58329999 0.00050002
vt 0.75000000 0.00050002
vt 0.66670001 0.99949998
vt 0.75000000 0.99949998
vt 0.66670001 0.00050002
vt 0.83329999 0.99949998
vt 0.75000000 0.00050002
vt 0.75000000 0.99949998
vt 0.83329999 0.00050002
vt 0.91670001 0.99949998
vt 0.83329999 0.00050002
vt 0.83329999 0.99949998
vt 0.91670001 0.00050002
vt 0.91670001 0.99949998
vt 1.00000000 0.00050002
vt 0.91670001 0.00050002
vt 1.00000000 0.99949998
vt 1.00000000 0.99949998
vt 1.08329999 0.00050002
vt 1.00000000 0.00050002
vt 1.08329999 0.99949998
vt 0.08329999 0.99949998
vt 0.16670001 0.00050002
vt 0.08329999 0.00050002
vt 0.16670001 0.99949998
vt 0.25000000 0.99949998
vt 0.16670001 0.00050002
vt 0.16670001 0.99949998
vt 0.25000000 0.00050002
vt 0.33329999 0.00050002
vt 0.25000000 0.99949998
vt 0.33329999 0.99949998
vt 0.25000000 0.00050002
vt 0.33329999 0.00050002
vt 0.41670001 0.99949998
vt 0.41670001 0.00050002
vt 0.33329999 0.99949998
vt 0.41670001 0.00050002
vt 0.50000000 0.99949998
vt 0.50000000 0.00050002
vt 0.41670001 0.99949998
vt 0.50000000 0.00050002
vt 0.58329999 0.99949998
vt 0.58329999 0.00050002
vt 0.50000000 0.99949998
vt 368.34249878 329.30358887
vt 368.34249878 330.80950928
vt 368.54409790 330.05670166
vt 367.79129028 328.75241089
vt 367.79129028 331.36059570
vt 367.03820801 328.55081177
vt 367.03820801 331.56219482
vt 366.28540039 328.75241089
vt 366.28540039 331.36059570
vt 365.73431396 329.30358887
vt 365.73431396 330.80950928
vt 365.53271484 330.05670166
vt 0.53719997 0.99949998
vt 0.56440002 0.00050002
vt 0.53719997 0.00050002
vt 0.56440002 0.99949998
vt 0.43560001 0.00050002
vt 0.01049995 0.99952477
vt 0.43560001 0.99949998
vt 0.01049995 0.82389998
vt 0.53715229 0.43559712
vt 0.43554291 0.46281332
vt 0.56439829 0.46281332
vt 0.46274561 0.43559712
vt 0.53682619 0.01060969
vt 0.46241951 0.01060969
vt 0.49960861 0.00064433
vt 0.99949831 0.50000000
vt 0.56445539 0.53719997
vt 0.98955542 0.53719997
vt 0.43560001 0.53719997
vt 0.01050000 0.53719997
vt 0.00050000 0.50000000
vt 0.98949832 0.46281332
vt 0.01044293 0.46281332
vt 0.53757709 0.98940361
vt 0.46317050 0.98940361
vt 0.50037479 0.99937236
vt 0.53725111 0.56441790
vt 0.46284440 0.56441790
vt 0.56440002 0.99949998
vt 0.98949999 0.82387519
vt 0.56440002 0.00050002
vt 0.98949999 0.99949998
vt 0.53719002 0.56442481
vt 0.46281531 0.56442481
vt 0.50001001 0.57439613
vt 0.56440002 0.53719997
vt 0.43560001 0.53719997
vt 0.57436472 0.49999058
vt 0.42563030 0.49999058
vt 0.56439501 0.46279442
vt 0.43559501 0.46279442
vt 0.53718132 0.43557131
vt 0.46280670 0.43557131
vt 0.50000000 0.42559999
vt 0.50000000 0.00050002
vt 0.46280000 0.01050001
vt 0.46280000 0.43559998
vt 0.50000000 0.99949998
vt 0.53719991 0.82389998
vt 0.50000000 0.71920002
vt 0.53719991 0.99953318
vt 0.53719997 0.00050002
vt 0.56440002 0.99949998
vt 0.56440002 0.00050002
vt 0.53719997 0.99949998
vt 0.01049995 0.82389998
vt 0.43560001 0.99949998
vt 0.43560001 0.00050002
vt 0.01049995 0.99952477
vt 0.53719991 0.82389998
vt 0.50000000 0.99949998
vt 0.53719991 0.99953318
vt 0.50000000 0.71920002
vt 0.50000000 0.99949998
vt 0.46280000 0.82386678
vt 0.46280000 0.99949998
vt 0.50000000 0.71920002
vt 0.46280000 0.99949998
vt 0.50000000 0.71920002
vt 0.46280000 0.82386678
vt 0.50000000 0.99949998
vt 0.98949999 0.82387519
vt 0.56440002 0.99949998
vt 0.98949999 0.99949998
vt 0.56440002 0.00050002
vt 0.53719997 0.99949998
vt 0.56440002 0.00050002
vt 0.53719997 0.00050002
vt 0.56440002 0.99949998
vt 0.01049995 0.99952477
vt 0.43560001 0.00050002
vt 0.01049995 0.82389998
vt 0.43560001 0.99949998
vt 0.53719991 0.99953318
vt 0.50000000 0.71920002
vt 0.50000000 0.99949998
vt 0.53719991 0.82389998
vt 0.50000000 0.71920002
vt 0.46280000 0.99949998
vt 0.50000000 0.99949998
vt 0.46280000 0.82386678
vt 0.56440002 0.00050002
vt 0.98949999 0.99949998
vt 0.98949999 0.82387519
vt 0.56440002 0.99949998
vt 0.56440002 0.00050002
vt 0.53719997 0.99949998
vt 0.56440002 0.99949998
vt 0.53719997 0.00050002
vt 0.43560001 0.00050002
vt 0.01049995 0.99952477
vt 0.43560001 0.99949998
vt 0.01049995 0.82389998
vt 0.50000000 0.71920002
vt 0.53719991 0.99953318
vt 0.53719991 0.82389998
vt 0.50000000 0.99949998
vt 0.46280000 0.82386678
vt 0.50000000 0.99949998
vt 0.50000000 0.71920002
vt 0.46280000 0.99949998
vt 0.98949999 0.82387519
vt 0.56440002 0.99949998
vt 0.98949999 0.99949998
vt 0.56440002 0.00050002
vt 0.01049995 0.46280003
vt 0.42559999 0.50000000
vt 0.43560001 0.46280003
vt 0.00050000 0.50000000
vt 0.46280000 0.56439996
vt 0.46280000 0.98949999
vt 0.50000000 0.57440001
vt 0.53719997 0.56439996
vt 0.50000000 0.99949998
vt 0.57440001 0.50000000
vt 0.98949999 0.53719997
vt 0.56440002 0.46280003
vt 0.99949998 0.50000000
vt 0.53719997 0.01050001
vt 0.53719997 0.43559998
vt 0.01049995 0.53719997
vt 0.00050000 0.50000000
vt 0.50000000 0.00050002
vt 0.98949999 0.46280003
vt 0.99949998 0.50000000
vt 0.53719997 0.98949999
vt 0.50000000 0.99949998
vt 0.04879999 0.92339998
vt 0.12370000 0.99849999
vt 0.14210001 0.96700001
vt 1.85783601 0.96700001
vt 0.12370000 0.99849999
vt 1.87629998 0.99849999
vt 0.14210001 0.96700001
vt 0.04879999 0.92339998
vt 0.02840000 0.95400000
vt 0.12370000 0.99849999
vt 0.12370000 0.99849999
vt 1.85790002 0.96700001
vt 1.87629998 0.99849999
vt 0.14216390 0.96700001
vt 1.95120001 0.92339998
vt 1.85790002 0.96700001
vt 1.87629998 0.99849999
vt 0.04879999 0.92339998
vt 0.00099999 0.86619997
vt 0.02840000 0.95400000
vt 0.04879999 0.92339998
vt 0.12370000 0.99849999
vt 0.02840000 0.95400000
vt 1.95120001 0.92339998
vt 1.87629998 0.99849999
vt 1.85790002 0.96700001
vt 0.04879999 0.92339998
vt 0.14210001 0.96700001
vt 0.12370000 0.99849999
vt 1.95120001 0.92339998
vt 1.87629998 0.99849999
vt 1.97160006 0.95400000
vt 0.00099999 0.86619997
vt 0.04879999 0.92339998
vt 0.02840000 0.95400000
vt 0.02199995 0.83749998
vt 0.00099999 0.86619997
vt 0.04879999 0.92339998
vt 1.95120001 0.92339998
vt 1.97160006 0.95400000
vt 1.87629998 0.99849999
vt 1.95120001 0.92339998
vt 1.97160006 0.95400000
vt 1.99899995 0.86619997
vt 0.00099999 0.86619997
vt 0.02199995 0.83749998
vt 0.04879999 0.92339998
vt 0.02199995 0.83746052
vt 0.00099999 -1.86619997
vt 0.02199995 -1.83750010
vt 1.97160006 0.95400000
vt 1.95120001 0.92339998
vt 1.99899995 0.86619997
vt 1.95120001 0.92339998
vt 1.99899995 0.86619997
vt 1.97800004 0.83749998
vt 0.02199995 -1.83746004
vt 0.00099999 -1.86619997
vt 0.04879999 -1.92339993
vt 1.99899995 0.86619997
vt 1.95120001 0.92339998
vt 1.97800004 0.83749998
vt 1.97800004 -1.83746004
vt 1.99899995 -1.86619997
vt 0.04879999 -1.92339993
vt 0.02199995 -1.83750010
vt 0.04879999 -1.92339993
vt 0.02840000 -1.95400000
vt 0.00099999 -1.86619997
vt 1.99899995 -1.86619997
vt 1.97800004 0.83746052
vt 1.97800004 -1.83750010
vt 1.95120001 -1.92339993
vt 1.97800004 -1.83750010
vt 0.00099999 -1.86619997
vt 0.02840000 -1.95400000
vt 0.04879999 -1.92339993
vt 0.12370000 -1.99850011
vt 0.02840000 -1.95400000
vt 0.04879999 -1.92339993
vt 1.95120001 -1.92339993
vt 1.95120001 -1.92339993
vt 1.99899995 -1.86619997
vt 1.97160006 -1.95400000
vt 0.12370000 -1.99850011
vt 0.04879999 -1.92339993
vt 0.02840000 -1.95400000
vt 0.12370000 -1.99850011
vt 0.04879999 -1.92339993
vt 0.14210001 -1.96700001
vt 1.97160006 -1.95400000
vt 1.99899995 -1.86619997
vt 1.95120001 -1.92339993
vt 1.87629998 -1.99850011
vt 1.95120001 -1.92339993
vt 1.97160006 -1.95400000
vt 0.12370000 -1.99850011
vt 0.14210001 -1.96700001
vt 0.04879999 -1.92339993
vt 0.12370000 -1.99850011
vt 1.85790002 -1.96700001
vt 1.87629998 -1.99850011
vt 0.14216390 -1.96700001
vt 1.87629998 -1.99850011
vt 1.97160006 -1.95400000
vt 1.95120001 -1.92339993
vt 1.87629998 -1.99850011
vt 1.85790002 -1.96700001
vt 1.95120001 -1.92339993
vt 1.85783601 -1.96700001
vt 0.12370000 -1.99850011
vt 1.87629998 -1.99850011
vt 0.14210001 -1.96700001
vt 1.87629998 -1.99850011
vt 1.95120001 -1.92339993
vt 1.85790002 -1.96700001
vt 0.12370000 -1.38820004
vt 0.14210001 -1.35660005
vt 0.04879999 -1.31299996
vt 1.85783803 -1.35660005
vt 0.12370000 -1.38820004
vt 1.87629998 -1.38820004
vt 0.14210001 -1.35660005
vt 0.12370000 -1.38820004
vt 0.04879999 -1.31299996
vt 0.02840000 -1.34360003
vt 0.12370000 -1.38820004
vt 1.85790002 -1.35660005
vt 1.87629998 -1.38820004
vt 0.14216191 -1.35660005
vt 1.87629998 -1.38820004
vt 1.95120001 -1.31299996
vt 1.85790002 -1.35660005
vt 0.00099999 -1.25589991
vt 0.02840000 -1.34360003
vt 0.04879999 -1.31299996
vt 0.12370000 -1.38820004
vt 0.02840000 -1.34360003
vt 0.04879999 -1.31299996
vt 0.12370000 -1.38820004
vt 0.04879999 -1.31299996
vt 0.14210001 -1.35660005
vt 1.87629998 -1.38820004
vt 1.85790002 -1.35660005
vt 1.95120001 -1.31299996
vt 1.87629998 -1.38820004
vt 1.97160006 -1.34360003
vt 1.95120001 -1.31299996
vt 0.04879999 -1.31299996
vt 0.02840000 -1.34360003
vt 0.00099999 -1.25589991
vt 0.00099999 -1.25589991
vt 0.04879999 -1.31299996
vt 0.02199995 -1.22720003
vt 1.87629998 -1.38820004
vt 1.95120001 -1.31299996
vt 1.97160006 -1.34360003
vt 1.97160006 -1.34360003
vt 1.99899995 -1.25589991
vt 1.95120001 -1.31299996
vt 0.02199995 -1.22720003
vt 0.04879999 -1.31299996
vt 0.00099999 -1.25589991
vt 0.00099999 0.25840002
vt 0.02199995 -1.22727895
vt 0.02199995 0.22960001
vt 1.95120001 -1.31299996
vt 1.99899995 -1.25589991
vt 1.97160006 -1.34360003
vt 1.99899995 -1.25589991
vt 1.97800004 -1.22720003
vt 1.95120001 -1.31299996
vt 0.02199995 0.22967899
vt 0.00099999 0.25840002
vt 0.04879999 0.31550002
vt 1.95120001 -1.31299996
vt 1.97800004 -1.22720003
vt 1.99899995 -1.25589991
vt 1.97800004 0.22967899
vt 1.99899995 0.25840002
vt 0.02199995 0.22960001
vt 0.04879999 0.31550002
vt 0.00099999 0.25840002
vt 0.04879999 0.31550002
vt 0.02840000 0.34609997
vt 1.97800004 -1.22727895
vt 1.99899995 0.25840002
vt 1.97800004 0.22960001
vt 1.95120001 0.31550002
vt 1.97800004 0.22960001
vt 0.04879999 0.31550002
vt 0.00099999 0.25840002
vt 0.02840000 0.34609997
vt 0.04879999 0.31550002
vt 0.12370000 0.39060003
vt 0.02840000 0.34609997
vt 1.95120001 0.31550002
vt 1.97160006 0.34609997
vt 1.95120001 0.31550002
vt 1.99899995 0.25840002
vt 0.04879999 0.31550002
vt 0.02840000 0.34609997
vt 0.12370000 0.39060003
vt 0.14210001 0.35909998
vt 1.95120001 0.31550002
vt 1.97160006 0.34609997
vt 1.99899995 0.25840002
vt 1.95120001 0.31550002
vt 1.97160006 0.34609997
vt 1.87629998 0.39060003
vt 0.14210001 0.35909998
vt 0.12370000 0.39060003
vt 1.85790002 0.35909998
vt 1.87629998 0.39060003
vt 0.14216191 0.35909998
vt 1.95120001 0.31550002
vt 1.87629998 0.39060003
vt 1.97160006 0.34609997
vt 1.85790002 0.35909998
vt 1.85783803 0.35909998
vt 0.12370000 0.39060003
vt 1.87629998 0.39060003
vt 0.14210001 0.35909998
vt 1.85790002 0.35909998
vt 0.53719997 0.99949998
vt 0.56440002 0.00050002
vt 0.53719997 0.00050002
vt 0.56440002 0.99949998
vt 0.43560001 0.99949998
vt 0.01049995 0.82389998
vt 0.01048328 0.99945790
vt 0.43560001 0.00050002
vt 0.53714949 0.43560898
vt 0.43553969 0.46280003
vt 0.56439680 0.46280003
vt 0.46274289 0.43560898
vt 0.53680468 0.01021111
vt 0.46239799 0.01021111
vt 0.49960160 0.00023550
vt 0.99949682 0.50000000
vt 0.56445712 0.53719997
vt 0.98955709 0.53719997
vt 0.43560001 0.53719997
vt 0.01049995 0.53719997
vt 0.00050000 0.50000000
vt 0.98949683 0.46280003
vt 0.01043964 0.46280003
vt 0.53759879 0.98977220
vt 0.46319211 0.98977220
vt 0.50041193 0.99978119
vt 0.53725410 0.56455779
vt 0.46284741 0.56455779
vt 0.98949999 0.82394207
vt 0.56440002 0.99949998
vt 0.98949999 0.99949998
vt 0.56440002 0.00050002
vt 0.53718477 0.56455779
vt 0.46281111 0.56455779
vt 0.49998891 0.57440001
vt 0.56440002 0.53719997
vt 0.43560001 0.53719997
vt 0.57436818 0.50000000
vt 0.42563739 0.50000000
vt 0.56440562 0.46280003
vt 0.43560559 0.46280003
vt 0.53719437 0.43560898
vt 0.46282071 0.43560898
vt 0.50000000 0.42559999
vt 0.56440002 0.46280003
vt 0.99949998 0.50000000
vt 0.98949999 0.46280003
vt 0.53719997 0.82389998
vt 0.50000000 0.99949998
vt 0.53719997 0.99949998
vt 0.53719997 0.99949998
vt 0.53719997 0.82389998
vt 0.50000000 0.99949998
vt 0.50000000 0.99949998
vt 0.50000000 0.71920002
vt 0.46280000 0.99949998
vt 0.50002801 0.71939397
vt 0.46282801 0.99969399
vt 0.50002801 0.99969399
vt 0.46282640 0.82408619
vt 0.98948330 0.82394207
vt 0.56440002 0.99949998
vt 0.98949999 0.99949998
vt 0.56440002 0.00050002
vt 0.56440002 0.00050002
vt 0.53719997 0.99949998
vt 0.56440002 0.99949998
vt 0.53719997 0.00050002
vt 0.43560001 0.00050002
vt 0.01049995 0.99945790
vt 0.43560001 0.99949998
vt 0.01049995 0.82389998
vt 0.50000000 0.71920002
vt 0.53719997 0.99950778
vt 0.53719997 0.82389998
vt 0.50000000 0.99949998
vt 0.46280000 0.82389224
vt 0.50000000 0.99949998
vt 0.50000000 0.71920002
vt 0.46280000 0.99949998
vt 0.98949999 0.82394207
vt 0.56440002 0.99949998
vt 0.98949999 0.99949998
vt 0.56440002 0.00050002
vt 0.56440002 0.00050002
vt 0.53719997 0.99949998
vt 0.56440002 0.99949998
vt 0.53719997 0.00050002
vt 0.01049995 0.82389998
vt 0.43560001 0.99949998
vt 0.43560001 0.00050002
vt 0.01049995 0.99945790
vt 0.53719997 0.82389998
vt 0.50000000 0.99949998
vt 0.53719997 0.99949998
vt 0.49990389 0.99886209
vt 0.46270651 0.82325429
vt 0.46270391 0.99886203
vt 0.49990389 0.71856213
vt 0.56440002 0.99949998
vt 0.98949999 0.82394207
vt 0.56440002 0.00050002
vt 0.98949999 0.99949998
vt 0.53719997 0.99949998
vt 0.56440002 0.00050002
vt 0.53719997 0.00050002
vt 0.56440002 0.99949998
vt 0.43560001 0.00050002
vt 0.01049995 0.99945790
vt 0.43560001 0.99949998
vt 0.01049995 0.82389998
vt 0.53719997 0.01050001
vt 0.53719997 0.43559998
vt 0.50000000 0.71920002
vt 0.46280000 0.82389998
vt 0.46280000 0.99949998
vt 0.01049995 0.46280003
vt 0.42559999 0.50000000
vt 0.43560001 0.46280003
vt 0.00050000 0.50000000
vt 0.46280000 0.56439996
vt 0.46280000 0.98949999
vt 0.50000000 0.57440001
vt 0.53719997 0.56439996
vt 0.50000000 0.99949998
vt 0.57440001 0.50000000
vt 0.98949999 0.53719997
vt 0.50000000 0.00050002
vt 0.46280000 0.43559998
vt 0.50000000 0.71920002
vt 0.50000000 0.99949998
vt 0.53719997 0.82389998
vt 0.53719997 0.82389998
vt 0.50000000 0.71920002
vt 0.50000000 0.99949998
vt 0.99949998 0.50000000
vt 0.53719997 0.98949999
vt 0.50000000 0.99949998
vt 0.01049995 0.53719997
vt 0.50000000 0.71920002
vt 0.50000000 0.99949998
vt 0.53719997 0.82389998
vt 0.00050000 0.50000000
vt 0.46280000 0.01050001
vt 0.50000000 0.00050002
vt -402.47241211 -109.88780212
vt -402.47241211 -111.39369965
vt -402.67718506 -110.64089966
vt -401.92129517 -109.33660126
vt -401.92129517 -111.94490051
vt -401.16931152 -109.13500214
vt -401.16931152 -112.14649963
vt -400.41729736 -109.33660126
vt -400.41729736 -111.94490051
vt -399.86608887 -109.88780212
vt -399.86608887 -111.39369965
vt -399.66540527 -110.64089966
vt 0.58329999 0.00050002
vt 0.66670001 0.99949998
vt 0.66670001 0.00050002
vt 0.58329999 0.99949998
vt 0.75000000 0.00050002
vt 0.66670001 0.99949998
vt 0.75000000 0.99949998
vt 0.66670001 0.00050002
vt 0.83329999 0.99949998
vt 0.75000000 0.00050002
vt 0.75000000 0.99949998
vt 0.83329999 0.00050002
vt 0.91670001 0.99949998
vt 0.83329999 0.00050002
vt 0.83329999 0.99949998
vt 0.91670001 0.00050002
vt 0.91670001 0.99949998
vt 1.00000000 0.00050002
vt 0.91670001 0.00050002
vt 1.00000000 0.99949998
vt 1.00000000 0.99949998
vt 1.08329999 0.00050002
vt 1.00000000 0.00050002
vt 1.08329999 0.99949998
vt 0.16670001 0.99949998
vt 0.08329999 0.00050002
vt 0.08329999 0.99949998
vt 0.16670001 0.00050002
vt 0.25000000 0.99949998
vt 0.16670001 0.00050002
vt 0.16670001 0.99949998
vt 0.25000000 0.00050002
vt 0.33329999 0.00050002
vt 0.25000000 0.99949998
vt 0.33329999 0.99949998
vt 0.25000000 0.00050002
vt 0.33329999 0.00050002
vt 0.41670001 0.99949998
vt 0.41670001 0.00050002
vt 0.33329999 0.99949998
vt 0.41670001 0.00050002
vt 0.50000000 0.99949998
vt 0.50000000 0.00050002
vt 0.41670001 0.99949998
vt 0.50000000 0.00050002
vt 0.58329999 0.99949998
vt 0.58329999 0.00050002
vt 0.50000000 0.99949998
vt 402.47241211 -111.39369965
vt 402.47241211 -109.88780212
vt 402.67718506 -110.64089966
vt 401.92129517 -111.94490051
vt 401.92129517 -109.33660126
vt 401.16931152 -112.14649963
vt 401.16931152 -109.13500214
vt 400.41729736 -111.94490051
vt 400.41729736 -109.33660126
vt 399.86608887 -111.39369965
vt 399.86608887 -109.88780212
vt 399.66540527 -110.64089966
vt 0.04879999 0.92339998
vt 0.12370000 0.99849999
vt 0.14210001 0.96700001
vt 1.85786200 0.96700001
vt 0.12370000 0.99849999
vt 1.87629998 0.99849999
vt 0.14210001 0.96700001
vt 0.04879999 0.92339998
vt 0.02840000 0.95400000
vt 0.12370000 0.99849999
vt 0.12370000 0.99849999
vt 1.85790002 0.96700001
vt 1.87629998 0.99849999
vt 0.14213841 0.96700001
vt 1.95120001 0.92339998
vt 1.85790002 0.96700001
vt 1.87629998 0.99849999
vt 0.04879999 0.92339998
vt 0.00099999 0.86619997
vt 0.02840000 0.95400000
vt 0.04879999 0.92339998
vt 0.12370000 0.99849999
vt 0.02840000 0.95400000
vt 1.95120001 0.92339998
vt 1.87629998 0.99849999
vt 1.85790002 0.96700001
vt 0.04879999 0.92339998
vt 0.14210001 0.96700001
vt 0.12370000 0.99849999
vt 1.95120001 0.92339998
vt 1.87629998 0.99849999
vt 1.97160006 0.95400000
vt 0.00099999 0.86619997
vt 0.04879999 0.92339998
vt 0.02840000 0.95400000
vt 0.02199995 0.83749998
vt 0.00099999 0.86619997
vt 0.04879999 0.92339998
vt 1.95120001 0.92339998
vt 1.97160006 0.95400000
vt 1.87629998 0.99849999
vt 1.95120001 0.92339998
vt 1.97160006 0.95400000
vt 1.99899995 0.86619997
vt 0.00099999 0.86619997
vt 0.02199995 0.83749998
vt 0.04879999 0.92339998
vt 0.02199995 0.83732891
vt 0.00099999 -1.86619997
vt 0.02199995 -1.83750010
vt 1.97160006 0.95400000
vt 1.95120001 0.92339998
vt 1.99899995 0.86619997
vt 1.95120001 0.92339998
vt 1.99899995 0.86619997
vt 1.97800004 0.83749998
vt 0.02199995 -1.83732891
vt 0.00099999 -1.86619997
vt 0.04879999 -1.92339993
vt 1.99899995 0.86619997
vt 1.95120001 0.92339998
vt 1.97800004 0.83749998
vt 1.97800004 -1.83732891
vt 1.99899995 -1.86619997
vt 0.04879999 -1.92339993
vt 0.02199995 -1.83750010
vt 0.04879999 -1.92339993
vt 0.02840000 -1.95400000
vt 0.00099999 -1.86619997
vt 1.99899995 -1.86619997
vt 1.97800004 0.83732891
vt 1.97800004 -1.83750010
vt 1.95120001 -1.92339993
vt 1.97800004 -1.83750010
vt 0.00099999 -1.86619997
vt 0.02840000 -1.95400000
vt 0.04879999 -1.92339993
vt 0.12370000 -1.99850011
vt 0.02840000 -1.95400000
vt 0.04879999 -1.92339993
vt 1.95120001 -1.92339993
vt 1.95120001 -1.92339993
vt 1.99899995 -1.86619997
vt 1.97160006 -1.95400000
vt 0.12370000 -1.99850011
vt 0.04879999 -1.92339993
vt 0.02840000 -1.95400000
vt 0.12370000 -1.99850011
vt 0.04879999 -1.92339993
vt 0.14210001 -1.96700001
vt 1.97160006 -1.95400000
vt 1.99899995 -1.86619997
vt 1.95120001 -1.92339993
vt 1.87629998 -1.99850011
vt 1.95120001 -1.92339993
vt 1.97160006 -1.95400000
vt 0.12370000 -1.99850011
vt 0.14210001 -1.96700001
vt 0.04879999 -1.92339993
vt 0.12370000 -1.99850011
vt 1.85790002 -1.96700001
vt 1.87629998 -1.99850011
vt 0.14213841 -1.96700001
vt 1.87629998 -1.99850011
vt 1.97160006 -1.95400000
vt 1.95120001 -1.92339993
vt 1.87629998 -1.99850011
vt 1.85790002 -1.96700001
vt 1.95120001 -1.92339993
vt 1.85786200 -1.96700001
vt 0.12370000 -1.99850011
vt 1.87629998 -1.99850011
vt 0.14210001 -1.96700001
vt 1.87629998 -1.99850011
vt 1.95120001 -1.92339993
vt 1.85790002 -1.96700001
vt 0.04879999 0.92339998
vt 0.12370000 0.99849999
vt 0.14210001 0.96700001
vt 1.85783899 0.96700001
vt 0.12370000 0.99849999
vt 1.87629998 0.99849999
vt 0.14210001 0.96700001
vt 0.04879999 0.92339998
vt 0.02840000 0.95400000
vt 0.12370000 0.99849999
vt 0.12370000 0.99849999
vt 1.85790002 0.96700001
vt 1.87629998 0.99849999
vt 0.14216140 0.96700001
vt 1.95120001 0.92339998
vt 1.85790002 0.96700001
vt 1.87629998 0.99849999
vt 0.04879999 0.92339998
vt 0.00099999 0.86619997
vt 0.02840000 0.95400000
vt 0.04879999 0.92339998
vt 0.12370000 0.99849999
vt 0.02840000 0.95400000
vt 1.95120001 0.92339998
vt 1.87629998 0.99849999
vt 1.85790002 0.96700001
vt 0.04879999 0.92339998
vt 0.14210001 0.96700001
vt 0.12370000 0.99849999
vt 1.95120001 0.92339998
vt 1.87629998 0.99849999
vt 1.97160006 0.95400000
vt 0.00099999 0.86619997
vt 0.04879999 0.92339998
vt 0.02840000 0.95400000
vt 0.02199995 0.83749998
vt 0.00099999 0.86619997
vt 0.04879999 0.92339998
vt 1.95120001 0.92339998
vt 1.97160006 0.95400000
vt 1.87629998 0.99849999
vt 1.95120001 0.92339998
vt 1.97160006 0.95400000
vt 1.99899995 0.86619997
vt 0.00099999 0.86619997
vt 0.02199995 0.83749998
vt 0.04879999 0.92339998
vt 0.02199995 0.83732891
vt 0.00099999 -1.86619997
vt 0.02199995 -1.83750010
vt 1.97160006 0.95400000
vt 1.95120001 0.92339998
vt 1.99899995 0.86619997
vt 1.95120001 0.92339998
vt 1.99899995 0.86619997
vt 1.97800004 0.83749998
vt 0.02199995 -1.83732891
vt 0.00099999 -1.86619997
vt 0.04879999 -1.92339993
vt 1.99899995 0.86619997
vt 1.95120001 0.92339998
vt 1.97800004 0.83749998
vt 1.97800004 -1.83732891
vt 1.99899995 -1.86619997
vt 0.04879999 -1.92339993
vt 0.02199995 -1.83750010
vt 0.04879999 -1.92339993
vt 0.02840000 -1.95400000
vt 0.00099999 -1.86619997
vt 1.99899995 -1.86619997
vt 1.97800004 0.83732891
vt 1.97800004 -1.83750010
vt 1.95120001 -1.92339993
vt 1.97800004 -1.83750010
vt 0.00099999 -1.86619997
vt 0.02840000 -1.95400000
vt 0.04879999 -1.92339993
vt 0.12370000 -1.99850011
vt 0.02840000 -1.95400000
vt 0.04879999 -1.92339993
vt 1.95120001 -1.92339993
vt 1.95120001 -1.92339993
vt 1.99899995 -1.86619997
vt 1.97160006 -1.95400000
vt 0.12370000 -1.99850011
vt 0.04879999 -1.92339993
vt 0.02840000 -1.95400000
vt 0.12370000 -1.99850011
vt 0.04879999 -1.92339993
vt 0.14210001 -1.96700001
vt 1.97160006 -1.95400000
vt 1.99899995 -1.86619997
vt 1.95120001 -1.92339993
vt 1.87629998 -1.99850011
vt 1.95120001 -1.92339993
vt 1.97160006 -1.95400000
vt 0.12370000 -1.99850011
vt 0.14210001 -1.96700001
vt 0.04879999 -1.92339993
vt 0.12370000 -1.99850011
vt 1.85790002 -1.96700001
vt 1.87629998 -1.99850011
vt 0.14216140 -1.96700001
vt 1.87629998 -1.99850011
vt 1.97160006 -1.95400000
vt 1.95120001 -1.92339993
vt 1.87629998 -1.99850011
vt 1.85790002 -1.96700001
vt 1.95120001 -1.92339993
vt 1.85783899 -1.96700001
vt 0.12370000 -1.99850011
vt 1.87629998 -1.99850011
vt 0.14210001 -1.96700001
vt 1.87629998 -1.99850011
vt 1.95120001 -1.92339993
vt 1.85790002 -1.96700001
vt 0.04879999 0.92339998
vt 0.12370000 0.99849999
vt 0.14210001 0.96700001
vt 1.85783803 0.96700001
vt 0.12370000 0.99849999
vt 1.87629998 0.99849999
vt 0.14210001 0.96700001
vt 0.04879999 0.92339998
vt 0.02840000 0.95400000
vt 0.12370000 0.99849999
vt 0.12370000 0.99849999
vt 1.85790002 0.96700001
vt 1.87629998 0.99849999
vt 0.14216191 0.96700001
vt 1.95120001 0.92339998
vt 1.85790002 0.96700001
vt 1.87629998 0.99849999
vt 0.04879999 0.92339998
vt 0.00099999 0.86619997
vt 0.02840000 0.95400000
vt 0.04879999 0.92339998
vt 0.12370000 0.99849999
vt 0.02840000 0.95400000
vt 1.95120001 0.92339998
vt 1.87629998 0.99849999
vt 1.85790002 0.96700001
vt 0.04879999 0.92339998
vt 0.14210001 0.96700001
vt 0.12370000 0.99849999
vt 1.95120001 0.92339998
vt 1.87629998 0.99849999
vt 1.97160006 0.95400000
vt 0.00099999 0.86619997
vt 0.04879999 0.92339998
vt 0.02840000 0.95400000
vt 0.02199995 0.83749998
vt 0.00099999 0.86619997
vt 0.04879999 0.92339998
vt 1.95120001 0.92339998
vt 1.97160006 0.95400000
vt 1.87629998 0.99849999
vt 1.95120001 0.92339998
vt 1.97160006 0.95400000
vt 1.99899995 0.86619997
vt 0.00099999 0.86619997
vt 0.02199995 0.83749998
vt 0.04879999 0.92339998
vt 0.02199995 0.83732891
vt 0.00099999 -1.86619997
vt 0.02199995 -1.83750010
vt 1.97160006 0.95400000
vt 1.95120001 0.92339998
vt 1.99899995 0.86619997
vt 1.95120001 0.92339998
vt 1.99899995 0.86619997
vt 1.97800004 0.83749998
vt 0.02199995 -1.83732891
vt 0.00099999 -1.86619997
vt 0.04879999 -1.92339993
vt 1.99899995 0.86619997
vt 1.95120001 0.92339998
vt 1.97800004 0.83749998
vt 1.97800004 -1.83732891
vt 1.99899995 -1.86619997
vt 0.04879999 -1.92339993
vt 0.02199995 -1.83750010
vt 0.04879999 -1.92339993
vt 0.02840000 -1.95400000
vt 0.00099999 -1.86619997
vt 1.99899995 -1.86619997
vt 1.97800004 0.83732891
vt 1.97800004 -1.83750010
vt 1.95120001 -1.92339993
vt 1.97800004 -1.83750010
vt 0.00099999 -1.86619997
vt 0.02840000 -1.95400000
vt 0.04879999 -1.92339993
vt 0.12370000 -1.99850011
vt 0.02840000 -1.95400000
vt 0.04879999 -1.92339993
vt 1.95120001 -1.92339993
vt 1.95120001 -1.92339993
vt 1.99899995 -1.86619997
vt 1.97160006 -1.95400000
vt 0.12370000 -1.99850011
vt 0.04879999 -1.92339993
vt 0.02840000 -1.95400000
vt 0.12370000 -1.99850011
vt 0.04879999 -1.92339993
vt 0.14210001 -1.96700001
vt 1.97160006 -1.95400000
vt 1.99899995 -1.86619997
vt 1.95120001 -1.92339993
vt 1.87629998 -1.99850011
vt 1.95120001 -1.92339993
vt 1.97160006 -1.95400000
vt 0.12370000 -1.99850011
vt 0.14210001 -1.96700001
vt 0.04879999 -1.92339993
vt 0.12370000 -1.99850011
vt 1.85790002 -1.96700001
vt 1.87629998 -1.99850011
vt 0.14218269 -1.96700001
vt 1.87629998 -1.99850011
vt 1.97160006 -1.95400000
vt 1.95120001 -1.92339993
vt 1.87629998 -1.99850011
vt 1.85790002 -1.96700001
vt 1.95120001 -1.92339993
vt 1.85781705 -1.96700001
vt 0.12370000 -1.99850011
vt 1.87629998 -1.99850011
vt 0.14210001 -1.96700001
vt 1.87629998 -1.99850011
vt 1.95120001 -1.92339993
vt 1.85790002 -1.96700001
vt 0.53719997 0.99949998
vt 0.56440002 0.00050002
vt 0.53719997 0.00050002
vt 0.56440002 0.99949998
vt 0.43560001 0.00050002
vt 0.01049995 0.99952477
vt 0.43560001 0.99949998
vt 0.01049995 0.82389998
vt 0.53713000 0.43560898
vt 0.43553641 0.46280003
vt 0.56439352 0.46280003
vt 0.46273831 0.43560898
vt 0.53676611 0.01022780
vt 0.46237439 0.01022780
vt 0.49956250 0.00021881
vt 0.99949682 0.50000000
vt 0.56445712 0.53719997
vt 0.98955709 0.53719997
vt 0.43560001 0.53719997
vt 0.01049995 0.53719997
vt 0.00050000 0.50000000
vt 0.98949349 0.46280003
vt 0.01043631 0.46280003
vt 0.53760397 0.98977220
vt 0.46321240 0.98977220
vt 0.50041759 0.99978119
vt 0.53724009 0.56439102
vt 0.46284851 0.56439102
vt 0.56440002 0.99949998
vt 0.98949999 0.82387519
vt 0.56440002 0.00050002
vt 0.98949999 0.99949998
vt 0.53718847 0.56439102
vt 0.46282980 0.56439102
vt 0.50000888 0.57440001
vt 0.56440002 0.53719997
vt 0.43560001 0.53719997
vt 0.57436317 0.50000000
vt 0.42563069 0.50000000
vt 0.56439561 0.46280003
vt 0.43559560 0.46280003
vt 0.53718078 0.43560898
vt 0.46282211 0.43560898
vt 0.50000000 0.42559999
vt 0.50000000 0.00050002
vt 0.46280000 0.01050001
vt 0.46280000 0.43559998
vt 0.50000000 0.99949998
vt 0.53719991 0.82389998
vt 0.50000000 0.71920002
vt 0.53719991 0.99953318
vt 0.53719997 0.00050002
vt 0.56440002 0.99949998
vt 0.56440002 0.00050002
vt 0.53719997 0.99949998
vt 0.01049995 0.82389998
vt 0.43560001 0.99949998
vt 0.43560001 0.00050002
vt 0.01049995 0.99952477
vt 0.53719991 0.82389998
vt 0.50000000 0.99949998
vt 0.53719991 0.99953318
vt 0.50000000 0.71920002
vt 0.50000000 0.99949998
vt 0.46280000 0.82386678
vt 0.46280000 0.99949998
vt 0.50000000 0.71920002
vt 0.46280000 0.99949998
vt 0.50000000 0.71920002
vt 0.46280000 0.82386678
vt 0.50000000 0.99949998
vt 0.98949999 0.82387519
vt 0.56440002 0.99949998
vt 0.98949999 0.99949998
vt 0.56440002 0.00050002
vt 0.53719997 0.99949998
vt 0.56440002 0.00050002
vt 0.53719997 0.00050002
vt 0.56440002 0.99949998
vt 0.01049995 0.99952477
vt 0.43560001 0.00050002
vt 0.01049995 0.82389998
vt 0.43560001 0.99949998
vt 0.53719991 0.99953318
vt 0.50000000 0.71920002
vt 0.50000000 0.99949998
vt 0.53719991 0.82389998
vt 0.50000000 0.71920002
vt 0.46280000 0.99949998
vt 0.50000000 0.99949998
vt 0.46280000 0.82386678
vt 0.56440002 0.00050002
vt 0.98949999 0.99949998
vt 0.98949999 0.82387519
vt 0.56440002 0.99949998
vt 0.53719997 0.00050002
vt 0.56440002 0.99949998
vt 0.56440002 0.00050002
vt 0.53719997 0.99949998
vt 0.43560001 0.00050002
vt 0.01049995 0.99952477
vt 0.43560001 0.99949998
vt 0.01049995 0.82389998
vt 0.50000000 0.71920002
vt 0.53719991 0.99953318
vt 0.53719991 0.82389998
vt 0.50000000 0.99949998
vt 0.46280000 0.82386678
vt 0.50000000 0.99949998
vt 0.50000000 0.71920002
vt 0.46280000 0.99949998
vt 0.98949999 0.82387519
vt 0.56440002 0.99949998
vt 0.98949999 0.99949998
vt 0.56440002 0.00050002
vt 0.01049995 0.46280003
vt 0.42559999 0.50000000
vt 0.43560001 0.46280003
vt 0.00050000 0.50000000
vt 0.46280000 0.56439996
vt 0.46280000 0.98949999
vt 0.50000000 0.57440001
vt 0.53719997 0.56439996
vt 0.50000000 0.99949998
vt 0.57440001 0.50000000
vt 0.98949999 0.53719997
vt 0.56440002 0.46280003
vt 0.99949998 0.50000000
vt 0.53719997 0.01050001
vt 0.53719997 0.43559998
vt 0.01049995 0.53719997
vt 0.00050000 0.50000000
vt 0.50000000 0.00050002
vt 0.98949999 0.46280003
vt 0.99949998 0.50000000
vt 0.53719997 0.98949999
vt 0.50000000 0.99949998
vt 0.14210001 -1.35660005
vt 0.04879999 -1.31299996
vt 0.12370000 -1.38820004
vt 0.12370000 -1.38820004
vt 1.85804999 -1.35660005
vt 0.14210001 -1.35660005
vt 1.87629998 -1.38820004
vt 0.12370000 -1.38820004
vt 0.04879999 -1.31299996
vt 0.02840000 -1.34360003
vt 0.14195010 -1.35660005
vt 1.87629998 -1.38820004
vt 0.12370000 -1.38820004
vt 1.85790002 -1.35660005
vt 1.95120001 -1.31299996
vt 1.85790002 -1.35660005
vt 1.87629998 -1.38820004
vt 0.02840000 -1.34360003
vt 0.04879999 -1.31299996
vt 0.00099999 -1.25589991
vt 0.12370000 -1.38820004
vt 0.02840000 -1.34360003
vt 0.04879999 -1.31299996
vt 0.14210001 -1.35660005
vt 0.12370000 -1.38820004
vt 0.04879999 -1.31299996
vt 1.95120001 -1.31299996
vt 1.87629998 -1.38820004
vt 1.85790002 -1.35660005
vt 1.97160006 -1.34360003
vt 1.95120001 -1.31299996
vt 1.87629998 -1.38820004
vt 0.02840000 -1.34360003
vt 0.00099999 -1.25589991
vt 0.04879999 -1.31299996
vt 0.02199995 -1.22720003
vt 1.97160006 -1.34360003
vt 1.87629998 -1.38820004
vt 1.95120001 -1.31299996
vt 1.97160006 -1.34360003
vt 1.99899995 -1.25589991
vt 1.95120001 -1.31299996
vt 0.02199995 -1.22720003
vt 0.02199995 0.22960001
vt 0.00099999 0.25840002
vt 0.02199995 -1.22726202
vt 1.97160006 -1.34360003
vt 1.95120001 -1.31299996
vt 1.99899995 -1.25589991
vt 1.95120001 -1.31299996
vt 1.99899995 -1.25589991
vt 1.97800004 -1.22720003
vt 0.02199995 0.22966182
vt 0.00099999 0.25840002
vt 0.04879999 0.31550002
vt 1.95120001 -1.31299996
vt 1.97800004 -1.22720003
vt 1.99899995 -1.25589991
vt 1.97800004 0.22966182
vt 1.99899995 0.25840002
vt 0.02199995 0.22960001
vt 0.04879999 0.31550002
vt 0.02840000 0.34609997
vt 1.97800004 0.22960001
vt 1.99899995 0.25840002
vt 1.97800004 -1.22726202
vt 1.97800004 0.22960001
vt 1.95120001 0.31550002
vt 0.02840000 0.34609997
vt 0.12370000 0.39060003
vt 0.02840000 0.34609997
vt 0.04879999 0.31550002
vt 1.95120001 0.31550002
vt 1.99899995 0.25840002
vt 1.97160006 0.34609997
vt 1.95120001 0.31550002
vt 0.12370000 0.39060003
vt 0.04879999 0.31550002
vt 0.02840000 0.34609997
vt 0.14210001 0.35909998
vt 0.12370000 0.39060003
vt 0.04879999 0.31550002
vt 1.99899995 0.25840002
vt 1.95120001 0.31550002
vt 1.97160006 0.34609997
vt 1.97160006 0.34609997
vt 1.87629998 0.39060003
vt 1.95120001 0.31550002
vt 0.14210001 0.35909998
vt 0.04879999 0.31550002
vt 0.12370000 0.39060003
vt 1.87629998 0.39060003
vt 0.14195010 0.35909998
vt 1.85790002 0.35909998
vt 0.12370000 0.39060003
vt 1.97160006 0.34609997
vt 1.95120001 0.31550002
vt 1.87629998 0.39060003
vt 1.95120001 0.31550002
vt 1.87629998 0.39060003
vt 1.85790002 0.35909998
vt 1.85804999 0.35909998
vt 0.12370000 0.39060003
vt 1.87629998 0.39060003
vt 0.14210001 0.35909998
vt 1.95120001 0.31550002
vt 1.85790002 0.35909998
vt 1.87629998 0.39060003
vt -342.24169922 -109.88780212
vt -342.24169922 -111.39369965
vt -342.44369507 -110.64089966
vt -341.69061279 -109.33660126
vt -341.69061279 -111.94490051
vt -340.93780518 -109.13500214
vt -340.93780518 -112.14649963
vt -340.18508911 -109.33660126
vt -340.18508911 -111.94490051
vt -339.63391113 -109.88780212
vt -339.63391113 -111.39369965
vt -339.43188477 -110.64089966
vt 0.58329999 0.00050002
vt 0.66670001 0.99949998
vt 0.66670001 0.00050002
vt 0.58329999 0.99949998
vt 0.75000000 0.00050002
vt 0.66670001 0.99949998
vt 0.75000000 0.99949998
vt 0.66670001 0.00050002
vt 0.83329999 0.99949998
vt 0.75000000 0.00050002
vt 0.75000000 0.99949998
vt 0.83329999 0.00050002
vt 0.83329999 0.99949998
vt 0.91670001 0.00050002
vt 0.83329999 0.00050002
vt 0.91670001 0.99949998
vt 0.91670001 0.99949998
vt 1.00000000 0.00050002
vt 0.91670001 0.00050002
vt 1.00000000 0.99949998
vt 1.00000000 0.99949998
vt 1.08329999 0.00050002
vt 1.00000000 0.00050002
vt 1.08329999 0.99949998
vt 0.08329999 0.99949998
vt 0.16670001 0.00050002
vt 0.08329999 0.00050002
vt 0.16670001 0.99949998
vt 0.25000000 0.99949998
vt 0.16670001 0.00050002
vt 0.16670001 0.99949998
vt 0.25000000 0.00050002
vt 0.33329999 0.00050002
vt 0.25000000 0.99949998
vt 0.33329999 0.99949998
vt 0.25000000 0.00050002
vt 0.33329999 0.00050002
vt 0.41670001 0.99949998
vt 0.41670001 0.00050002
vt 0.33329999 0.99949998
vt 0.41670001 0.00050002
vt 0.50000000 0.99949998
vt 0.50000000 0.00050002
vt 0.41670001 0.99949998
vt 0.50000000 0.00050002
vt 0.58329999 0.99949998
vt 0.58329999 0.00050002
vt 0.50000000 0.99949998
vt 342.24169922 -111.39369965
vt 342.24169922 -109.88780212
vt 342.44369507 -110.64089966
vt 341.69061279 -111.94490051
vt 341.69061279 -109.33660126
vt 340.93780518 -112.14649963
vt 340.93780518 -109.13500214
vt 340.18508911 -111.94490051
vt 340.18508911 -109.33660126
vt 339.63391113 -111.39369965
vt 339.63391113 -109.88780212
vt 339.43188477 -110.64089966
vt 0.12370000 -1.38820004
vt 0.14210001 -1.35660005
vt 0.04879999 -1.31299996
vt 1.85783803 -1.35660005
vt 0.12370000 -1.38820004
vt 1.87629998 -1.38820004
vt 0.14210001 -1.35660005
vt 0.12370000 -1.38820004
vt 0.04879999 -1.31299996
vt 0.02840000 -1.34360003
vt 0.12370000 -1.38820004
vt 1.85790002 -1.35660005
vt 1.87629998 -1.38820004
vt 0.14216191 -1.35660005
vt 1.87629998 -1.38820004
vt 1.95120001 -1.31299996
vt 1.85790002 -1.35660005
vt 0.00099999 -1.25589991
vt 0.02840000 -1.34360003
vt 0.04879999 -1.31299996
vt 0.12370000 -1.38820004
vt 0.02840000 -1.34360003
vt 0.04879999 -1.31299996
vt 0.12370000 -1.38820004
vt 0.04879999 -1.31299996
vt 0.14210001 -1.35660005
vt 1.87629998 -1.38820004
vt 1.85790002 -1.35660005
vt 1.95120001 -1.31299996
vt 1.87629998 -1.38820004
vt 1.97160006 -1.34360003
vt 1.95120001 -1.31299996
vt 0.04879999 -1.31299996
vt 0.02840000 -1.34360003
vt 0.00099999 -1.25589991
vt 0.00099999 -1.25589991
vt 0.04879999 -1.31299996
vt 0.02199995 -1.22720003
vt 1.87629998 -1.38820004
vt 1.95120001 -1.31299996
vt 1.97160006 -1.34360003
vt 1.97160006 -1.34360003
vt 1.99899995 -1.25589991
vt 1.95120001 -1.31299996
vt 0.02199995 -1.22720003
vt 0.04879999 -1.31299996
vt 0.00099999 -1.25589991
vt 0.00099999 0.25840002
vt 0.02199995 -1.22719789
vt 0.02199995 0.22960001
vt 1.95120001 -1.31299996
vt 1.99899995 -1.25589991
vt 1.97160006 -1.34360003
vt 1.99899995 -1.25589991
vt 1.97800004 -1.22720003
vt 1.95120001 -1.31299996
vt 0.02199995 0.22959799
vt 0.00099999 0.25840002
vt 0.04879999 0.31550002
vt 1.95120001 -1.31299996
vt 1.97800004 -1.22720003
vt 1.99899995 -1.25589991
vt 1.97800004 0.22959799
vt 1.99899995 0.25840002
vt 0.02199995 0.22960001
vt 0.04879999 0.31550002
vt 0.00099999 0.25840002
vt 0.04879999 0.31550002
vt 0.02840000 0.34609997
vt 1.97800004 -1.22719789
vt 1.99899995 0.25840002
vt 1.97800004 0.22960001
vt 1.95120001 0.31550002
vt 1.97800004 0.22960001
vt 0.04879999 0.31550002
vt 0.00099999 0.25840002
vt 0.02840000 0.34609997
vt 0.04879999 0.31550002
vt 0.12370000 0.39060003
vt 0.02840000 0.34609997
vt 1.95120001 0.31550002
vt 1.97160006 0.34609997
vt 1.95120001 0.31550002
vt 1.99899995 0.25840002
vt 0.04879999 0.31550002
vt 0.02840000 0.34609997
vt 0.12370000 0.39060003
vt 0.04879999 0.31550002
vt 0.14210001 0.35909998
vt 0.12370000 0.39060003
vt 1.95120001 0.31550002
vt 1.97160006 0.34609997
vt 1.99899995 0.25840002
vt 1.95120001 0.31550002
vt 1.97160006 0.34609997
vt 1.87629998 0.39060003
vt 0.04879999 0.31550002
vt 0.12370000 0.39060003
vt 0.14210001 0.35909998
vt 0.12370000 0.39060003
vt 1.85790002 0.35909998
vt 1.87629998 0.39060003
vt 0.14216191 0.35909998
vt 1.95120001 0.31550002
vt 1.87629998 0.39060003
vt 1.97160006 0.34609997
vt 1.95120001 0.31550002
vt 1.87629998 0.39060003
vt 1.85790002 0.35909998
vt 1.85783803 0.35909998
vt 0.12370000 0.39060003
vt 1.87629998 0.39060003
vt 0.14210001 0.35909998
vt 1.95120001 0.31550002
vt 1.85790002 0.35909998
vt 1.87629998 0.39060003
vt 0.04879999 0.92339998
vt 0.12370000 0.99849999
vt 0.14210001 0.96700001
vt 1.85783899 0.96700001
vt 0.12370000 0.99849999
vt 1.87629998 0.99849999
vt 0.14210001 0.96700001
vt 0.02840000 0.95400000
vt 0.12370000 0.99849999
vt 0.04879999 0.92339998
vt 1.87629998 0.99849999
vt 0.14216140 0.96700001
vt 1.85790002 0.96700001
vt 0.12370000 0.99849999
vt 1.85790002 0.96700001
vt 1.87629998 0.99849999
vt 1.95120001 0.92339998
vt 0.02840000 0.95400000
vt 0.04879999 0.92339998
vt 0.00099999 0.86619997
vt 0.02840000 0.95400000
vt 0.04879999 0.92339998
vt 0.12370000 0.99849999
vt 1.85790002 0.96700001
vt 1.95120001 0.92339998
vt 1.87629998 0.99849999
vt 0.04879999 0.92339998
vt 0.14210001 0.96700001
vt 0.12370000 0.99849999
vt 1.87629998 0.99849999
vt 1.97160006 0.95400000
vt 1.95120001 0.92339998
vt 0.02840000 0.95400000
vt 0.00099999 0.86619997
vt 0.04879999 0.92339998
vt 0.04879999 0.92339998
vt 0.02199995 0.83749998
vt 0.00099999 0.86619997
vt 1.87629998 0.99849999
vt 1.95120001 0.92339998
vt 1.97160006 0.95400000
vt 1.97160006 0.95400000
vt 1.99899995 0.86619997
vt 1.95120001 0.92339998
vt 0.04879999 0.92339998
vt 0.00099999 0.86619997
vt 0.02199995 0.83749998
vt 0.02199995 -1.83750010
vt 0.00099999 -1.86619997
vt 0.02199995 0.83744270
vt 1.97160006 0.95400000
vt 1.95120001 0.92339998
vt 1.99899995 0.86619997
vt 1.95120001 0.92339998
vt 1.99899995 0.86619997
vt 1.97800004 0.83749998
vt 0.02199995 -1.83744311
vt 0.00099999 -1.86619997
vt 0.04879999 -1.92339993
vt 1.95120001 0.92339998
vt 1.97800004 0.83749998
vt 1.99899995 0.86619997
vt 1.97800004 -1.83744311
vt 1.99899995 -1.86619997
vt 0.02199995 -1.83750010
vt 0.04879999 -1.92339993
vt 0.00099999 -1.86619997
vt 0.04879999 -1.92339993
vt 0.02840000 -1.95400000
vt 1.97800004 -1.83750010
vt 1.99899995 -1.86619997
vt 1.97800004 0.83744270
vt 1.97800004 -1.83750010
vt 1.95120001 -1.92339993
vt 0.00099999 -1.86619997
vt 0.02840000 -1.95400000
vt 0.04879999 -1.92339993
vt 0.02840000 -1.95400000
vt 0.04879999 -1.92339993
vt 0.12370000 -1.99850011
vt 1.95120001 -1.92339993
vt 1.99899995 -1.86619997
vt 1.97160006 -1.95400000
vt 1.95120001 -1.92339993
vt 0.02840000 -1.95400000
vt 0.12370000 -1.99850011
vt 0.04879999 -1.92339993
vt 0.04879999 -1.92339993
vt 0.14210001 -1.96700001
vt 0.12370000 -1.99850011
vt 1.99899995 -1.86619997
vt 1.95120001 -1.92339993
vt 1.97160006 -1.95400000
vt 1.87629998 -1.99850011
vt 1.95120001 -1.92339993
vt 1.97160006 -1.95400000
vt 0.04879999 -1.92339993
vt 0.12370000 -1.99850011
vt 0.14210001 -1.96700001
vt 0.14216140 -1.96700001
vt 1.87629998 -1.99850011
vt 0.12370000 -1.99850011
vt 1.85790002 -1.96700001
vt 1.87629998 -1.99850011
vt 1.97160006 -1.95400000
vt 1.95120001 -1.92339993
vt 1.85790002 -1.96700001
vt 1.95120001 -1.92339993
vt 1.87629998 -1.99850011
vt 0.12370000 -1.99850011
vt 1.85783899 -1.96700001
vt 0.14210001 -1.96700001
vt 1.87629998 -1.99850011
vt 1.85790002 -1.96700001
vt 1.87629998 -1.99850011
vt 1.95120001 -1.92339993
vt 0.56440002 0.99949998
vt 0.53719997 0.00050002
vt 0.53719997 0.99949998
vt 0.56440002 0.00050002
vt 0.01049995 0.99952477
vt 0.43560001 0.00050002
vt 0.01049995 0.82389998
vt 0.43560001 0.99949998
vt 0.56445712 0.53719997
vt 0.53713280 0.43557107
vt 0.53723729 0.56442893
vt 0.56439680 0.46280003
vt 0.98955709 0.53719997
vt 0.98949683 0.46280003
vt 0.99949682 0.50000000
vt 0.50039500 0.99955714
vt 0.46284729 0.56442893
vt 0.46319190 0.98958600
vt 0.46274281 0.43557107
vt 0.46239820 0.01041400
vt 0.49958509 0.00044292
vt 0.53758192 0.98958600
vt 0.53678823 0.01041400
vt 0.01049995 0.53719997
vt 0.01043964 0.46280003
vt 0.00050000 0.50000000
vt 0.43560001 0.53719997
vt 0.43553969 0.46280003
vt 0.98949999 0.82387519
vt 0.56440002 0.99949998
vt 0.98949999 0.99949998
vt 0.56440002 0.00050002
vt 0.56439441 0.46280003
vt 0.56440002 0.53719997
vt 0.57436258 0.50000000
vt 0.53717929 0.43557107
vt 0.53718889 0.56442893
vt 0.50000000 0.42559999
vt 0.50001109 0.57440001
vt 0.46282220 0.43557107
vt 0.46283180 0.56442893
vt 0.43559441 0.46280003
vt 0.43560001 0.53719997
vt 0.42564851 0.50000000
vt 0.46280000 0.43559998
vt 0.50000000 0.00050002
vt 0.46280000 0.01050001
vt 0.53719991 0.99953318
vt 0.50000000 0.71920002
vt 0.50000000 0.99949998
vt 0.53719991 0.82389998
vt 0.56440002 0.99949998
vt 0.53719997 0.00050002
vt 0.53719997 0.99949998
vt 0.56440002 0.00050002
vt 0.43560001 0.00050002
vt 0.01049995 0.99952477
vt 0.43560001 0.99949998
vt 0.01049995 0.82389998
vt 0.50000000 0.99949998
vt 0.53719991 0.82389998
vt 0.50000000 0.71920002
vt 0.53719991 0.99953318
vt 0.46280000 0.99949998
vt 0.50000000 0.71920002
vt 0.46280000 0.82386678
vt 0.50000000 0.99949998
vt 0.50000000 0.71920002
vt 0.46280000 0.99949998
vt 0.50000000 0.99949998
vt 0.46280000 0.82386678
vt 0.56440002 0.00050002
vt 0.98949999 0.99949998
vt 0.98949999 0.82387519
vt 0.56440002 0.99949998
vt 0.53719997 0.00050002
vt 0.56440002 0.99949998
vt 0.56440002 0.00050002
vt 0.53719997 0.99949998
vt 0.43560001 0.00050002
vt 0.01049995 0.99952477
vt 0.43560001 0.99949998
vt 0.01049995 0.82389998
vt 0.50000000 0.71920002
vt 0.53719991 0.99953318
vt 0.53719991 0.82389998
vt 0.50000000 0.99949998
vt 0.46280000 0.82386678
vt 0.50000000 0.99949998
vt 0.50000000 0.71920002
vt 0.46280000 0.99949998
vt 0.98949999 0.82387519
vt 0.56440002 0.99949998
vt 0.98949999 0.99949998
vt 0.56440002 0.00050002
vt 0.53719997 0.00050002
vt 0.56440002 0.99949998
vt 0.56440002 0.00050002
vt 0.53719997 0.99949998
vt 0.01049995 0.82389998
vt 0.43560001 0.99949998
vt 0.43560001 0.00050002
vt 0.01049995 0.99952477
vt 0.53719991 0.82389998
vt 0.50000000 0.99949998
vt 0.53719991 0.99953318
vt 0.50000000 0.71920002
vt 0.50000000 0.99949998
vt 0.46280000 0.82386678
vt 0.46280000 0.99949998
vt 0.50000000 0.71920002
vt 0.56440002 0.99949998
vt 0.98949999 0.82387519
vt 0.56440002 0.00050002
vt 0.98949999 0.99949998
vt 0.01049995 0.46280003
vt 0.42559999 0.50000000
vt 0.43560001 0.46280003
vt 0.00050000 0.50000000
vt 0.46280000 0.98949999
vt 0.50000000 0.57440001
vt 0.46280000 0.56439996
vt 0.50000000 0.99949998
vt 0.53719997 0.56439996
vt 0.98949999 0.53719997
vt 0.57440001 0.50000000
vt 0.56440002 0.46280003
vt 0.99949998 0.50000000
vt 0.53719997 0.43559998
vt 0.53719997 0.01050001
vt 0.01049995 0.53719997
vt 0.00050000 0.50000000
vt 0.50000000 0.00050002
vt 0.98949999 0.46280003
vt 0.99949998 0.50000000
vt 0.53719997 0.98949999
vt 0.50000000 0.99949998
vt 0.53719997 0.99949998
vt 0.56440002 0.00050002
vt 0.53719997 0.00050002
vt 0.56440002 0.99949998
vt 0.43560001 0.00050002
vt 0.01049995 0.99945790
vt 0.43560001 0.99949998
vt 0.01049995 0.82389998
vt 0.43527141 0.46280003
vt 0.46289369 0.56450784
vt 0.46232441 0.43560898
vt 0.43560001 0.53719997
vt 0.01017135 0.46280003
vt 0.01049995 0.53719997
vt 0.00050000 0.50000000
vt 0.49774349 0.00021881
vt 0.53684193 0.43560898
vt 0.53496307 0.01022780
vt 0.53741121 0.56450784
vt 0.53928989 0.98987061
vt 0.50215858 0.99984789
vt 0.46044561 0.01022780
vt 0.46477240 0.98987061
vt 0.98923510 0.46280003
vt 0.98956370 0.53719997
vt 0.99940181 0.50000000
vt 0.56413507 0.46280003
vt 0.56446368 0.53719997
vt 0.56440002 0.99949998
vt 0.98949999 0.82394207
vt 0.56440002 0.00050002
vt 0.98949999 0.99949998
vt 0.43560001 0.53719997
vt 0.43565550 0.46280003
vt 0.42563039 0.50000000
vt 0.46273929 0.56450784
vt 0.46283549 0.43560898
vt 0.49988890 0.57448173
vt 0.50000000 0.42559999
vt 0.53722000 0.56450784
vt 0.53731620 0.43560898
vt 0.56440002 0.53719997
vt 0.56445551 0.46280003
vt 0.57442522 0.50000000
vt 0.99949998 0.50000000
vt 0.98949999 0.46280003
vt 0.56440002 0.46280003
vt 0.50000000 0.99949998
vt 0.53719997 0.82389998
vt 0.50000000 0.71920002
vt 0.53719997 0.99950778
vt 0.53719997 0.82389998
vt 0.50000000 0.99949998
vt 0.53719997 0.99950778
vt 0.50000000 0.71920002
vt 0.50000000 0.99949998
vt 0.46280000 0.82389224
vt 0.46280000 0.99949998
vt 0.50000000 0.71920002
vt 0.46280000 0.99949998
vt 0.50000000 0.71920002
vt 0.46280000 0.82389224
vt 0.50000000 0.99949998
vt 0.98949999 0.82394207
vt 0.56440002 0.99949998
vt 0.98949999 0.99949998
vt 0.56440002 0.00050002
vt 0.53719997 0.99949998
vt 0.56440002 0.00050002
vt 0.53719997 0.00050002
vt 0.56440002 0.99949998
vt 0.43560001 0.99949998
vt 0.01049995 0.82389998
vt 0.01048495 0.99945790
vt 0.43560001 0.00050002
vt 0.53719997 0.82389998
vt 0.50000000 0.99949998
vt 0.53719997 0.99949998
vt 0.50000000 0.71920002
vt 0.46280000 0.99949998
vt 0.50000000 0.99949998
vt 0.98948503 0.82394207
vt 0.56440002 0.99949998
vt 0.98949999 0.99949998
vt 0.56440002 0.00050002
vt 0.53719997 0.00050002
vt 0.56440002 0.99949998
vt 0.56440002 0.00050002
vt 0.53719997 0.99949998
vt 0.43560001 0.00050002
vt 0.01049995 0.99945790
vt 0.43560001 0.99949998
vt 0.01049995 0.82389998
vt 0.50000000 0.71920002
vt 0.53719997 0.99950778
vt 0.53719997 0.82389998
vt 0.50000000 0.99949998
vt 0.46280000 0.82389224
vt 0.50000000 0.99949998
vt 0.50000000 0.71920002
vt 0.46280000 0.99949998
vt 0.98949999 0.82394207
vt 0.56440002 0.99949998
vt 0.98949999 0.99949998
vt 0.56440002 0.00050002
vt 0.53719997 0.00050002
vt 0.56440002 0.99949998
vt 0.56440002 0.00050002
vt 0.53719997 0.99949998
vt 0.01049995 0.82389998
vt 0.43560001 0.99949998
vt 0.43560001 0.00050002
vt 0.01049995 0.99945790
vt 0.53719997 0.01050001
vt 0.53719997 0.43559998
vt 0.43560001 0.46280003
vt 0.01049995 0.46280003
vt 0.42559999 0.50000000
vt 0.00050000 0.50000000
vt 0.50000000 0.57440001
vt 0.46280000 0.56439996
vt 0.46280000 0.98949999
vt 0.53719997 0.56439996
vt 0.50000000 0.99949998
vt 0.98949999 0.53719997
vt 0.57440001 0.50000000
vt 0.50000000 0.00050002
vt 0.46280000 0.43559998
vt 0.46280000 0.01050001
vt 0.50000000 0.00050002
vt 0.99949998 0.50000000
vt 0.53719997 0.98949999
vt 0.50000000 0.71920002
vt 0.50000000 0.99949998
vt 0.53719997 0.82389998
vt 0.50000000 0.71920002
vt 0.46280000 0.82389998
vt 0.46280000 0.99949998
vt 0.01049995 0.53719997
vt 0.00050000 0.50000000
vt 0.50000000 0.99949998
vt 0.14210001 -1.35660005
vt 0.04879999 -1.31299996
vt 0.12370000 -1.38820004
vt 0.12370000 -1.38820004
vt 1.85785902 -1.35660005
vt 0.14210001 -1.35660005
vt 1.87629998 -1.38820004
vt 0.12370000 -1.38820004
vt 0.04879999 -1.31299996
vt 0.02840000 -1.34360003
vt 0.14214049 -1.35660005
vt 1.87629998 -1.38820004
vt 0.12370000 -1.38820004
vt 1.85790002 -1.35660005
vt 1.95120001 -1.31299996
vt 1.85790002 -1.35660005
vt 1.87629998 -1.38820004
vt 0.02840000 -1.34360003
vt 0.04879999 -1.31299996
vt 0.00099999 -1.25589991
vt 0.12370000 -1.38820004
vt 0.02840000 -1.34360003
vt 0.04879999 -1.31299996
vt 0.14210001 -1.35660005
vt 0.12370000 -1.38820004
vt 0.04879999 -1.31299996
vt 1.95120001 -1.31299996
vt 1.87629998 -1.38820004
vt 1.85790002 -1.35660005
vt 1.97160006 -1.34360003
vt 1.95120001 -1.31299996
vt 1.87629998 -1.38820004
vt 0.02840000 -1.34360003
vt 0.00099999 -1.25589991
vt 0.04879999 -1.31299996
vt 0.04879999 -1.31299996
vt 0.02199995 -1.22720003
vt 0.00099999 -1.25589991
vt 1.97160006 -1.34360003
vt 1.87629998 -1.38820004
vt 1.95120001 -1.31299996
vt 1.97160006 -1.34360003
vt 1.99899995 -1.25589991
vt 1.95120001 -1.31299996
vt 0.04879999 -1.31299996
vt 0.00099999 -1.25589991
vt 0.02199995 -1.22720003
vt 0.02199995 0.22960001
vt 0.00099999 0.25840002
vt 0.02199995 -1.22725797
vt 1.97160006 -1.34360003
vt 1.95120001 -1.31299996
vt 1.99899995 -1.25589991
vt 1.95120001 -1.31299996
vt 1.99899995 -1.25589991
vt 1.97800004 -1.22720003
vt 0.02199995 0.22965801
vt 0.00099999 0.25840002
vt 0.04879999 0.31550002
vt 1.95120001 -1.31299996
vt 1.97800004 -1.22720003
vt 1.99899995 -1.25589991
vt 1.97800004 0.22967851
vt 1.99899995 0.25840002
vt 0.02199995 0.22960001
vt 0.04879999 0.31550002
vt 0.00099999 0.25840002
vt 0.04879999 0.31550002
vt 0.02840000 0.34609997
vt 1.97800004 0.22960001
vt 1.99899995 0.25840002
vt 1.97800004 -1.22727895
vt 1.97800004 0.22960001
vt 1.95120001 0.31550002
vt 0.00099999 0.25840002
vt 0.02840000 0.34609997
vt 0.04879999 0.31550002
vt 0.12370000 0.39060003
vt 0.02840000 0.34609997
vt 0.04879999 0.31550002
vt 1.95120001 0.31550002
vt 1.99899995 0.25840002
vt 1.97160006 0.34609997
vt 1.95120001 0.31550002
vt 0.12370000 0.39060003
vt 0.04879999 0.31550002
vt 0.02840000 0.34609997
vt 0.14210001 0.35909998
vt 0.12370000 0.39060003
vt 0.04879999 0.31550002
vt 1.99899995 0.25840002
vt 1.95120001 0.31550002
vt 1.97160006 0.34609997
vt 1.97160006 0.34609997
vt 1.87629998 0.39060003
vt 1.95120001 0.31550002
vt 0.14210001 0.35909998
vt 0.04879999 0.31550002
vt 0.12370000 0.39060003
vt 1.87629998 0.39060003
vt 0.14214049 0.35909998
vt 1.85790002 0.35909998
vt 0.12370000 0.39060003
vt 1.97160006 0.34609997
vt 1.95120001 0.31550002
vt 1.87629998 0.39060003
vt 1.95120001 0.31550002
vt 1.87629998 0.39060003
vt 1.85790002 0.35909998
vt 1.85785902 0.35909998
vt 0.12370000 0.39060003
vt 1.87629998 0.39060003
vt 0.14210001 0.35909998
vt 1.95120001 0.31550002
vt 1.85790002 0.35909998
vt 1.87629998 0.39060003
vt -221.77799988 -252.43699646
vt -221.77799988 -253.94250488
vt -221.97950745 -253.18980408
vt -221.22680664 -251.88580322
vt -221.22680664 -254.49369812
vt -220.47399902 -251.68389893
vt -220.47399902 -254.69569397
vt -219.72090149 -251.88580322
vt -219.72090149 -254.49369812
vt -219.16969299 -252.43699646
vt -219.16969299 -253.94250488
vt -218.96809387 -253.18980408
vt 0.66670001 0.00050002
vt 0.58329999 0.99949998
vt 0.66670001 0.99949998
vt 0.58329999 0.00050002
vt 0.66670001 0.00050002
vt 0.75000000 0.99949998
vt 0.75000000 0.00050002
vt 0.66670001 0.99949998
vt 0.75000000 0.00050002
vt 0.83329999 0.99949998
vt 0.83329999 0.00050002
vt 0.75000000 0.99949998
vt 0.91670001 0.00050002
vt 0.83329999 0.99949998
vt 0.91670001 0.99949998
vt 0.83329999 0.00050002
vt 1.00000000 0.00050002
vt 0.91670001 0.99949998
vt 1.00000000 0.99949998
vt 0.91670001 0.00050002
vt 1.08329999 0.99949998
vt 1.00000000 0.00050002
vt 1.00000000 0.99949998
vt 1.08329999 0.00050002
vt 0.16670001 0.99949998
vt 0.08329999 0.00050002
vt 0.08329999 0.99949998
vt 0.16670001 0.00050002
vt 0.16670001 0.99949998
vt 0.25000000 0.00050002
vt 0.16670001 0.00050002
vt 0.25000000 0.99949998
vt 0.25000000 0.99949998
vt 0.33329999 0.00050002
vt 0.25000000 0.00050002
vt 0.33329999 0.99949998
vt 0.41670001 0.99949998
vt 0.33329999 0.00050002
vt 0.33329999 0.99949998
vt 0.41670001 0.00050002
vt 0.50000000 0.99949998
vt 0.41670001 0.00050002
vt 0.41670001 0.99949998
vt 0.50000000 0.00050002
vt 0.58329999 0.00050002
vt 0.50000000 0.99949998
vt 0.58329999 0.99949998
vt 0.50000000 0.00050002
vt 221.77799988 -253.94250488
vt 221.77799988 -252.43699646
vt 221.97950745 -253.18980408
vt 221.22680664 -254.49369812
vt 221.22680664 -251.88580322
vt 220.47399902 -254.69569397
vt 220.47399902 -251.68389893
vt 219.72090149 -254.49369812
vt 219.72090149 -251.88580322
vt 219.16969299 -253.94250488
vt 219.16969299 -252.43699646
vt 218.96809387 -253.18980408
vt -432.59060669 -392.97640991
vt -432.59060669 -394.48431396
vt -432.79129028 -393.73229980
vt -432.03939819 -392.42718506
vt -432.03939819 -395.03540039
vt -431.28741455 -392.22518921
vt -431.28741455 -395.23620605
vt -430.53149414 -392.42718506
vt -430.53149414 -395.03540039
vt -429.98028564 -392.97640991
vt -429.98028564 -394.48431396
vt -429.77951050 -393.73229980
vt 0.66670001 0.99949998
vt 0.58329999 0.00050002
vt 0.58329999 0.99949998
vt 0.66670001 0.00050002
vt 0.66670001 0.99949998
vt 0.75000000 0.00050002
vt 0.66670001 0.00050002
vt 0.75000000 0.99949998
vt 0.75000000 0.99949998
vt 0.83329999 0.00050002
vt 0.75000000 0.00050002
vt 0.83329999 0.99949998
vt 0.83329999 0.99949998
vt 0.91670001 0.00050002
vt 0.83329999 0.00050002
vt 0.91670001 0.99949998
vt 1.00000000 0.99949998
vt 0.91670001 0.00050002
vt 0.91670001 0.99949998
vt 1.00000000 0.00050002
vt 1.08329999 0.00050002
vt 1.00000000 0.99949998
vt 1.08329999 0.99949998
vt 1.00000000 0.00050002
vt 0.08329999 0.00050002
vt 0.16670001 0.99949998
vt 0.16670001 0.00050002
vt 0.08329999 0.99949998
vt 0.16670001 0.00050002
vt 0.25000000 0.99949998
vt 0.25000000 0.00050002
vt 0.16670001 0.99949998
vt 0.25000000 0.00050002
vt 0.33329999 0.99949998
vt 0.33329999 0.00050002
vt 0.25000000 0.99949998
vt 0.41670001 0.00050002
vt 0.33329999 0.99949998
vt 0.41670001 0.99949998
vt 0.33329999 0.00050002
vt 0.50000000 0.00050002
vt 0.41670001 0.99949998
vt 0.50000000 0.99949998
vt 0.41670001 0.00050002
vt 0.58329999 0.99949998
vt 0.50000000 0.00050002
vt 0.50000000 0.99949998
vt 0.58329999 0.00050002
vt 432.59060669 -394.48431396
vt 432.59060669 -392.97640991
vt 432.79129028 -393.73229980
vt 432.03939819 -395.03540039
vt 432.03939819 -392.42718506
vt 431.28741455 -395.23620605
vt 431.28741455 -392.22518921
vt 430.53149414 -395.03540039
vt 430.53149414 -392.42718506
vt 429.98028564 -394.48431396
vt 429.98028564 -392.97640991
vt 429.77951050 -393.73229980
vt 0.56440002 0.99949998
vt 0.53719997 0.00050002
vt 0.53719997 0.99949998
vt 0.56440002 0.00050002
vt 0.43560001 0.99949998
vt 0.01049995 0.82389998
vt 0.01048328 0.99945790
vt 0.43560001 0.00050002
vt 0.53714949 0.43557107
vt 0.43553969 0.46280169
vt 0.56439680 0.46280169
vt 0.46274281 0.43557107
vt 0.53680491 0.01041567
vt 0.46239820 0.01041567
vt 0.49960181 0.00044292
vt 0.99949682 0.50000000
vt 0.56445712 0.53719997
vt 0.98955709 0.53719997
vt 0.43560001 0.53719997
vt 0.01049995 0.53719997
vt 0.00050000 0.50000000
vt 0.98949683 0.46280169
vt 0.01043964 0.46280169
vt 0.53759861 0.98960435
vt 0.46319190 0.98960435
vt 0.50041169 0.99955881
vt 0.53725398 0.56442893
vt 0.46284729 0.56442893
vt 0.98949999 0.82394207
vt 0.56440002 0.99949998
vt 0.98949999 0.99949998
vt 0.56440002 0.00050002
vt 0.53718477 0.56442893
vt 0.46281111 0.56442893
vt 0.49998891 0.57440174
vt 0.56440002 0.53719997
vt 0.43560001 0.53719997
vt 0.57436818 0.50000000
vt 0.42563739 0.50000000
vt 0.56440562 0.46280169
vt 0.43560559 0.46280169
vt 0.53719437 0.43557107
vt 0.46282071 0.43557107
vt 0.50000000 0.42559999
vt 0.56440002 0.46280003
vt 0.99949998 0.50000000
vt 0.98949999 0.46280003
vt 0.53719997 0.82389998
vt 0.50000000 0.99949998
vt 0.53719997 0.99949998
vt 0.50000000 0.99949998
vt 0.53719997 0.82389998
vt 0.50000000 0.71920002
vt 0.53719997 0.99950778
vt 0.46280000 0.99949998
vt 0.50000000 0.71920002
vt 0.46280000 0.82389224
vt 0.50000000 0.99949998
vt 0.49996960 0.71900058
vt 0.46276960 0.99930060
vt 0.49996960 0.99930060
vt 0.46276799 0.82369280
vt 0.98948330 0.82394207
vt 0.56440002 0.99949998
vt 0.98949999 0.99949998
vt 0.56440002 0.00050002
vt 0.53719997 0.00050002
vt 0.56440002 0.99949998
vt 0.56440002 0.00050002
vt 0.53719997 0.99949998
vt 0.43560001 0.00050002
vt 0.01048161 0.99945790
vt 0.43560001 0.99949998
vt 0.01049995 0.82389998
vt 0.50000000 0.99949998
vt 0.53719997 0.99949998
vt 0.53719997 0.82389998
vt 0.46280000 0.99949998
vt 0.50000000 0.99949998
vt 0.50000000 0.71920002
vt 0.98948169 0.82394207
vt 0.56440002 0.99949998
vt 0.98949999 0.99949998
vt 0.56440002 0.00050002
vt 0.53719997 0.00050002
vt 0.56440002 0.99949998
vt 0.56440002 0.00050002
vt 0.53719997 0.99949998
vt 0.01049995 0.82389998
vt 0.43560001 0.99949998
vt 0.43560001 0.00050002
vt 0.01049995 0.99945790
vt 0.53719997 0.82389998
vt 0.50000000 0.99949998
vt 0.53719997 0.99949998
vt 0.50000000 0.71920002
vt 0.46280000 0.99949998
vt 0.50000000 0.99949998
vt 0.56440002 0.99949998
vt 0.98949999 0.82394207
vt 0.56440002 0.00050002
vt 0.98949999 0.99949998
vt 0.56440002 0.99949998
vt 0.53719997 0.00050002
vt 0.53719997 0.99949998
vt 0.56440002 0.00050002
vt 0.43560001 0.00050002
vt 0.01049995 0.99945790
vt 0.43560001 0.99949998
vt 0.01049995 0.82389998
vt 0.53719997 0.01050001
vt 0.53719997 0.43559998
vt 0.01049995 0.46280003
vt 0.42559999 0.50000000
vt 0.43560001 0.46280003
vt 0.00050000 0.50000000
vt 0.46280000 0.56439996
vt 0.46280000 0.98949999
vt 0.50000000 0.57440001
vt 0.53719997 0.56439996
vt 0.50000000 0.99949998
vt 0.57440001 0.50000000
vt 0.98949999 0.53719997
vt 0.50000000 0.00050002
vt 0.46280000 0.43559998
vt 0.50000000 0.71920002
vt 0.50000000 0.99949998
vt 0.53719997 0.82389998
vt 0.46280000 0.01050001
vt 0.50000000 0.00050002
vt 0.99949998 0.50000000
vt 0.53719997 0.98949999
vt 0.50000000 0.99949998
vt 0.53719997 0.82389998
vt 0.50000000 0.71920002
vt 0.46280000 0.99949998
vt 0.50000000 0.71920002
vt 0.46280000 0.82389998
vt 0.01049995 0.53719997
vt 0.50000000 0.71920002
vt 0.50000000 0.99949998
vt 0.53719997 0.82389998
vt 0.50000000 0.71920002
vt 0.46280000 0.82389998
vt 0.46280000 0.99949998
vt 0.00050000 0.50000000
vt 0.50000000 0.99949998
vt 0.56440002 0.99949998
vt 0.53719997 0.00050002
vt 0.53719997 0.99949998
vt 0.56440002 0.00050002
vt 0.43560001 0.00050002
vt 0.01048328 0.99945790
vt 0.43560001 0.99949998
vt 0.01049995 0.82389998
vt 0.43553969 0.46286488
vt 0.46284729 0.56439352
vt 0.46274289 0.43572140
vt 0.43560001 0.53719997
vt 0.01043969 0.46286488
vt 0.01049995 0.53719997
vt 0.00050000 0.50000000
vt 0.49960229 0.00109142
vt 0.53714961 0.43572140
vt 0.53680539 0.01108289
vt 0.53725392 0.56439352
vt 0.53759807 0.98899871
vt 0.50041121 0.99895859
vt 0.46239871 0.01108289
vt 0.46319139 0.98899871
vt 0.98949689 0.46286488
vt 0.98955709 0.53719997
vt 0.99949682 0.50000000
vt 0.56439680 0.46286488
vt 0.56445712 0.53719997
vt 0.56440002 0.99949998
vt 0.98949999 0.82394207
vt 0.56440002 0.00050002
vt 0.98949999 0.99949998
vt 0.43560001 0.53719997
vt 0.43560559 0.46277827
vt 0.42563739 0.49995673
vt 0.46281111 0.56442523
vt 0.46282071 0.43560308
vt 0.49998891 0.57439673
vt 0.50000000 0.42559999
vt 0.53718477 0.56442523
vt 0.53719437 0.43560308
vt 0.56440002 0.53719997
vt 0.56440562 0.46277827
vt 0.57436818 0.49995673
vt 0.99949998 0.50000000
vt 0.98949999 0.46280003
vt 0.56440002 0.46280003
vt 0.53719997 0.99949998
vt 0.53719997 0.82389998
vt 0.50000000 0.99949998
vt 0.53719997 0.82389998
vt 0.50000000 0.99949998
vt 0.53719997 0.99950778
vt 0.50000000 0.71920002
vt 0.50000000 0.99949998
vt 0.46280000 0.82389224
vt 0.46280000 0.99949998
vt 0.50000000 0.71920002
vt 0.50000000 0.99949998
vt 0.50000000 0.71920002
vt 0.46280000 0.99949998
vt 0.98948330 0.82394207
vt 0.56440002 0.99949998
vt 0.98949999 0.99949998
vt 0.56440002 0.00050002
vt 0.53719997 0.99949998
vt 0.56440002 0.00050002
vt 0.53719997 0.00050002
vt 0.56440002 0.99949998
vt 0.01049995 0.99945790
vt 0.43560001 0.00050002
vt 0.01049995 0.82389998
vt 0.43560001 0.99949998
vt 0.53719997 0.82389998
vt 0.50000000 0.99949998
vt 0.53719997 0.99949998
vt 0.50000000 0.71920002
vt 0.46280000 0.99949998
vt 0.50000000 0.99949998
vt 0.56440002 0.00050002
vt 0.98949999 0.99949998
vt 0.98949999 0.82394207
vt 0.56440002 0.99949998
vt 0.53719997 0.00050002
vt 0.56440002 0.99949998
vt 0.56440002 0.00050002
vt 0.53719997 0.99949998
vt 0.43560001 0.00050002
vt 0.01048328 0.99945790
vt 0.43560001 0.99949998
vt 0.01049995 0.82389998
vt 0.50000000 0.99949998
vt 0.53719997 0.99949998
vt 0.53719997 0.82389998
vt 0.46280000 0.99949998
vt 0.50000000 0.99949998
vt 0.50000000 0.71920002
vt 0.98948330 0.82394207
vt 0.56440002 0.99949998
vt 0.98949999 0.99949998
vt 0.56440002 0.00050002
vt 0.56440002 0.00050002
vt 0.53719997 0.99949998
vt 0.56440002 0.99949998
vt 0.53719997 0.00050002
vt 0.01049995 0.82389998
vt 0.43560001 0.99949998
vt 0.43560001 0.00050002
vt 0.01049995 0.99945790
vt 0.53719997 0.01050001
vt 0.53719997 0.43559998
vt 0.43560001 0.46280003
vt 0.01049995 0.46280003
vt 0.42559999 0.50000000
vt 0.00050000 0.50000000
vt 0.50000000 0.57440001
vt 0.46280000 0.56439996
vt 0.46280000 0.98949999
vt 0.53719997 0.56439996
vt 0.50000000 0.99949998
vt 0.98949999 0.53719997
vt 0.57440001 0.50000000
vt 0.50000000 0.00050002
vt 0.46280000 0.43559998
vt 0.53719997 0.82389998
vt 0.50000000 0.71920002
vt 0.50000000 0.99949998
vt 0.46280000 0.01050001
vt 0.50000000 0.00050002
vt 0.50000000 0.71920002
vt 0.46280000 0.82389998
vt 0.46280000 0.99949998
vt 0.53719997 0.98949999
vt 0.50000000 0.71920002
vt 0.50000000 0.99949998
vt 0.53719997 0.82389998
vt 0.50000000 0.71920002
vt 0.46280000 0.82389998
vt 0.46280000 0.99949998
vt 0.01049995 0.53719997
vt 0.50000000 0.99949998
vt 0.53719997 0.82389998
vt 0.50000000 0.71920002
vt 0.46280000 0.99949998
vt 0.50000000 0.71920002
vt 0.46280000 0.82389998
vt 0.00050000 0.50000000
vt 0.50000000 0.99949998
vt 0.99949998 0.50000000
vt -205.71609497 -391.97439575
vt -205.71609497 -393.48028564
vt -205.91769409 -392.72830200
vt -205.16499329 -391.42330933
vt -205.16499329 -394.03149414
vt -204.41220093 -391.22131348
vt -204.41220093 -394.23229980
vt -203.65910339 -391.42330933
vt -203.65910339 -394.03149414
vt -203.10789490 -391.97439575
vt -203.10789490 -393.48028564
vt -202.90629578 -392.72830200
vt 0.66670001 0.99949998
vt 0.58329999 0.00050002
vt 0.58329999 0.99949998
vt 0.66670001 0.00050002
vt 0.66670001 0.99949998
vt 0.75000000 0.00050002
vt 0.66670001 0.00050002
vt 0.75000000 0.99949998
vt 0.75000000 0.99949998
vt 0.83329999 0.00050002
vt 0.75000000 0.00050002
vt 0.83329999 0.99949998
vt 0.83329999 0.99949998
vt 0.91670001 0.00050002
vt 0.83329999 0.00050002
vt 0.91670001 0.99949998
vt 1.00000000 0.99949998
vt 0.91670001 0.00050002
vt 0.91670001 0.99949998
vt 1.00000000 0.00050002
vt 1.08329999 0.00050002
vt 1.00000000 0.99949998
vt 1.08329999 0.99949998
vt 1.00000000 0.00050002
vt 0.08329999 0.00050002
vt 0.16670001 0.99949998
vt 0.16670001 0.00050002
vt 0.08329999 0.99949998
vt 0.16670001 0.00050002
vt 0.25000000 0.99949998
vt 0.25000000 0.00050002
vt 0.16670001 0.99949998
vt 0.25000000 0.00050002
vt 0.33329999 0.99949998
vt 0.33329999 0.00050002
vt 0.25000000 0.99949998
vt 0.41670001 0.00050002
vt 0.33329999 0.99949998
vt 0.41670001 0.99949998
vt 0.33329999 0.00050002
vt 0.50000000 0.00050002
vt 0.41670001 0.99949998
vt 0.50000000 0.99949998
vt 0.41670001 0.00050002
vt 0.58329999 0.99949998
vt 0.50000000 0.00050002
vt 0.50000000 0.99949998
vt 0.58329999 0.00050002
vt 205.71609497 -393.48028564
vt 205.71609497 -391.97439575
vt 205.91769409 -392.72830200
vt 205.16499329 -394.03149414
vt 205.16499329 -391.42330933
vt 204.41220093 -394.23229980
vt 204.41220093 -391.22131348
vt 203.65910339 -394.03149414
vt 203.65910339 -391.42330933
vt 203.10789490 -393.48028564
vt 203.10789490 -391.97439575
vt 202.90629578 -392.72830200
f 1/1 2/2 3/3
f 2/2 1/1 4/4
f 5/5 6/6 7/7
f 6/6 5/5 8/8
f 9/9 10/10 11/11
f 10/10 9/9 12/12
f 12/12 9/9 13/13
f 12/12 13/13 14/14
f 14/14 13/13 15/15
f 16/16 17/17 18/18
f 17/17 16/16 19/19
f 19/19 16/16 20/20
f 20/20 16/16 21/21
f 21/21 16/16 22/22
f 21/21 22/22 23/23
f 23/23 22/22 11/11
f 24/24 25/25 26/26
f 25/25 24/24 27/27
f 25/25 27/27 28/28
f 28/28 27/27 17/17
f 28/28 17/17 19/19
f 29/29 30/30 31/31
f 30/30 29/29 32/32
f 33/33 34/34 35/35
f 34/34 33/33 36/36
f 34/34 36/36 37/37
f 37/37 36/36 38/38
f 37/37 38/38 39/39
f 39/39 38/38 40/40
f 39/39 40/40 41/41
f 41/41 40/40 42/42
f 41/41 42/42 43/43
f 43/43 42/42 44/44
f 45/45 46/46 47/47
f 48/48 49/49 50/50
f 49/49 48/48 51/51
f 52/52 53/53 54/54
f 53/53 52/52 55/55
f 56/56 57/57 58/58
f 57/57 56/56 59/59
f 60/60 61/61 62/62
f 61/61 60/60 63/63
f 64/64 65/65 66/66
f 65/65 64/64 67/67
f 68/68 69/69 70/70
f 69/69 68/68 71/71
f 72/72 73/73 74/74
f 73/73 72/72 75/75
f 76/76 77/77 78/78
f 77/77 76/76 79/79
f 80/80 81/81 82/82
f 81/81 80/80 83/83
f 84/84 85/85 86/86
f 85/85 84/84 87/87
f 88/88 89/89 90/90
f 89/89 88/88 91/91
f 92/92 93/93 94/94
f 93/93 92/92 95/95
f 96/96 97/97 98/98
f 97/97 96/96 99/99
f 100/100 101/101 102/102
f 101/101 100/100 103/103
f 104/104 105/105 106/106
f 105/105 104/104 107/107
f 108/108 109/109 110/110
f 109/109 108/108 111/111
f 112/112 113/113 114/114
f 113/113 112/112 115/115
f 116/116 117/117 118/118
f 119/119 37/37 117/117
f 120/120 121/121 122/122
f 123/123 122/122 124/124
f 125/125 36/36 126/126
f 127/127 125/125 128/128
f 129/129 44/44 130/130
f 45/45 47/47 44/44
f 119/119 131/131 37/37
f 116/116 132/132 117/117
f 133/133 44/44 129/129
f 127/127 128/128 134/134
f 125/125 126/126 135/135
f 123/123 124/124 136/136
f 122/122 121/121 137/137
f 138/138 139/139 140/140
f 141/141 142/142 143/143
f 142/142 141/141 144/144
f 145/145 146/146 147/147
f 148/148 149/149 150/150
f 149/149 148/148 151/151
f 152/152 153/153 154/154
f 155/155 156/156 157/157
f 158/158 159/159 160/160
f 161/161 162/162 163/163
f 164/164 165/165 166/166
f 167/167 168/168 169/169
f 170/170 171/171 172/172
f 173/173 174/174 175/175
f 176/176 177/177 178/178
f 179/179 180/180 181/181
f 182/182 183/183 184/184
f 175/175 185/185 186/186
f 185/185 175/175 187/187
f 188/188 189/189 190/190
f 191/191 192/192 193/193
f 194/194 183/183 195/195
f 183/183 194/194 184/184
f 196/196 197/197 198/198
f 197/197 196/196 199/199
f 200/200 201/201 202/202
f 203/203 192/192 204/204
f 192/192 203/203 193/193
f 205/205 206/206 207/207
f 206/206 205/205 208/208
f 209/209 210/210 211/211
f 202/202 212/212 213/213
f 212/212 202/202 214/214
f 215/215 204/204 216/216
f 217/217 218/218 219/219
f 220/220 221/221 222/222
f 212/212 223/223 213/213
f 224/224 225/225 226/226
f 227/227 228/228 229/229
f 230/230 231/231 232/232
f 231/231 230/230 233/233
f 234/234 235/235 236/236
f 237/237 238/238 239/239
f 240/240 241/241 242/242
f 241/241 240/240 243/243
f 244/244 245/245 246/246
f 247/247 248/248 249/249
f 250/250 251/251 252/252
f 253/253 254/254 255/255
f 254/254 253/253 256/256
f 257/257 258/258 259/259
f 258/258 257/257 260/260
f 261/261 262/262 263/263
f 262/262 261/261 264/264
f 264/264 261/261 265/265
f 264/264 265/265 266/266
f 266/266 265/265 267/267
f 268/268 269/269 270/270
f 269/269 268/268 271/271
f 271/271 268/268 272/272
f 272/272 268/268 273/273
f 273/273 268/268 274/274
f 273/273 274/274 275/275
f 275/275 274/274 263/263
f 276/276 277/277 278/278
f 277/277 276/276 279/279
f 277/277 279/279 280/280
f 280/280 279/279 269/269
f 280/280 269/269 271/271
f 281/281 282/282 283/283
f 282/282 281/281 284/284
f 285/285 286/286 287/287
f 286/286 285/285 288/288
f 286/286 288/288 289/289
f 289/289 288/288 290/290
f 289/289 290/290 291/291
f 291/291 290/290 292/292
f 291/291 292/292 293/293
f 293/293 292/292 294/294
f 293/293 294/294 295/295
f 295/295 294/294 296/296
f 297/297 298/298 299/299
f 300/300 301/301 302/302
f 303/303 304/304 305/305
f 304/304 303/303 306/306
f 307/307 308/308 309/309
f 308/308 307/307 310/310
f 311/311 312/312 313/313
f 314/314 315/315 316/316
f 315/315 314/314 317/317
f 318/318 319/319 320/320
f 319/319 318/318 321/321
f 322/322 323/323 324/324
f 323/323 322/322 325/325
f 326/326 327/327 328/328
f 329/329 330/330 331/331
f 332/332 333/333 334/334
f 333/333 332/332 335/335
f 336/336 337/337 338/338
f 337/337 336/336 339/339
f 340/340 341/341 342/342
f 341/341 340/340 343/343
f 344/344 345/345 346/346
f 347/347 348/348 349/349
f 350/350 351/351 352/352
f 351/351 350/350 353/353
f 354/354 355/355 356/356
f 355/355 354/354 357/357
f 358/358 359/359 360/360
f 359/359 358/358 361/361
f 362/362 291/291 363/363
f 364/364 365/365 366/366
f 285/285 366/366 367/367
f 368/368 369/369 370/370
f 371/371 368/368 372/372
f 373/373 374/374 294/294
f 297/297 299/299 374/374
f 375/375 376/376 291/291
f 377/377 378/378 379/379
f 375/375 380/380 376/376
f 362/362 381/381 291/291
f 382/382 383/383 384/384
f 371/371 372/372 385/385
f 386/386 387/387 388/388
f 389/389 390/390 391/391
f 285/285 367/367 392/392
f 393/393 394/394 395/395
f 396/396 397/397 398/398
f 366/366 365/365 399/399
f 368/368 370/370 400/400
f 401/401 374/374 373/373
f 402/402 403/403 404/404
f 403/403 402/402 405/405
f 406/406 407/407 408/408
f 407/407 406/406 409/409
f 410/410 411/411 412/412
f 411/411 410/410 413/413
f 413/413 410/410 414/414
f 413/413 414/414 415/415
f 415/415 414/414 416/416
f 417/417 418/418 419/419
f 418/418 417/417 420/420
f 420/420 417/417 421/421
f 421/421 417/417 422/422
f 422/422 417/417 423/423
f 422/422 423/423 424/424
f 425/425 426/426 427/427
f 426/426 425/425 428/428
f 426/426 428/428 429/429
f 429/429 428/428 418/418
f 429/429 418/418 420/420
f 430/430 431/431 432/432
f 431/431 430/430 433/433
f 434/434 435/435 436/436
f 435/435 434/434 437/437
f 435/435 437/437 438/438
f 438/438 437/437 439/439
f 438/438 439/439 440/440
f 440/440 439/439 441/441
f 440/440 441/441 442/442
f 442/442 441/441 443/443
f 442/442 443/443 444/444
f 444/444 443/443 445/445
f 446/446 447/447 448/448
f 449/449 450/450 451/451
f 450/450 449/449 452/452
f 453/453 454/454 455/455
f 454/454 453/453 456/456
f 457/457 458/458 459/459
f 458/458 457/457 460/460
f 461/461 462/462 463/463
f 462/462 461/461 464/464
f 465/465 466/466 467/467
f 466/466 465/465 468/468
f 469/469 470/470 471/471
f 470/470 469/469 472/472
f 473/473 474/474 475/475
f 474/474 473/473 476/476
f 477/477 478/478 479/479
f 478/478 477/477 480/480
f 481/481 482/482 483/483
f 482/482 481/481 484/484
f 485/485 486/486 487/487
f 486/486 485/485 488/488
f 489/489 490/490 491/491
f 490/490 489/489 492/492
f 493/493 494/494 495/495
f 494/494 493/493 496/496
f 497/497 498/498 499/499
f 498/498 497/497 500/500
f 501/501 502/502 503/503
f 502/502 501/501 504/504
f 505/505 506/506 507/507
f 506/506 505/505 508/508
f 509/509 510/510 511/511
f 510/510 509/509 512/512
f 513/513 514/514 515/515
f 514/514 513/513 516/516
f 517/517 518/518 519/519
f 520/520 438/438 518/518
f 521/521 522/522 523/523
f 524/524 523/523 525/525
f 526/526 437/437 527/527
f 528/528 526/526 529/529
f 530/530 445/445 531/531
f 446/446 448/448 445/445
f 520/520 532/532 438/438
f 517/517 533/533 518/518
f 534/534 445/445 530/530
f 528/528 529/529 535/535
f 526/526 527/527 536/536
f 524/524 525/525 537/537
f 523/523 522/522 538/538
f 539/539 540/540 541/541
f 540/540 539/539 542/542
f 540/540 542/542 543/543
f 543/543 542/542 544/544
f 543/543 544/544 545/545
f 545/545 544/544 546/546
f 545/545 546/546 547/547
f 547/547 546/546 548/548
f 547/547 548/548 549/549
f 549/549 548/548 550/550
f 551/551 552/552 553/553
f 552/552 551/551 554/554
f 555/555 556/556 557/557
f 556/556 555/555 558/558
f 559/559 560/560 561/561
f 560/560 559/559 562/562
f 563/563 564/564 565/565
f 564/564 563/563 566/566
f 567/567 568/568 569/569
f 568/568 567/567 570/570
f 571/571 572/572 573/573
f 572/572 571/571 574/574
f 575/575 576/576 577/577
f 576/576 575/575 578/578
f 579/579 580/580 581/581
f 580/580 579/579 582/582
f 583/583 584/584 585/585
f 584/584 583/583 586/586
f 587/587 588/588 589/589
f 588/588 587/587 590/590
f 591/591 592/592 593/593
f 592/592 591/591 594/594
f 595/595 596/596 597/597
f 596/596 595/595 598/598
f 599/599 600/600 601/601
f 600/600 599/599 602/602
f 600/600 602/602 603/603
f 603/603 602/602 604/604
f 603/603 604/604 605/605
f 605/605 604/604 606/606
f 605/605 606/606 607/607
f 607/607 606/606 608/608
f 607/607 608/608 609/609
f 609/609 608/608 610/610
f 611/611 612/612 613/613
f 612/612 611/611 614/614
f 612/612 614/614 615/615
f 615/615 614/614 616/616
f 615/615 616/616 617/617
f 617/617 616/616 618/618
f 617/617 618/618 619/619
f 619/619 618/618 620/620
f 619/619 620/620 621/621
f 621/621 620/620 622/622
f 623/623 624/624 625/625
f 624/624 623/623 626/626
f 627/627 628/628 629/629
f 628/628 627/627 630/630
f 631/631 632/632 633/633
f 632/632 631/631 634/634
f 635/635 636/636 637/637
f 636/636 635/635 638/638
f 639/639 640/640 641/641
f 640/640 639/639 642/642
f 643/643 644/644 645/645
f 644/644 643/643 646/646
f 647/647 648/648 649/649
f 648/648 647/647 650/650
f 651/651 652/652 653/653
f 652/652 651/651 654/654
f 655/655 656/656 657/657
f 656/656 655/655 658/658
f 659/659 660/660 661/661
f 660/660 659/659 662/662
f 663/663 664/664 665/665
f 664/664 663/663 666/666
f 667/667 668/668 669/669
f 668/668 667/667 670/670
f 671/671 672/672 673/673
f 672/672 671/671 674/674
f 672/672 674/674 675/675
f 675/675 674/674 676/676
f 675/675 676/676 677/677
f 677/677 676/676 678/678
f 677/677 678/678 679/679
f 679/679 678/678 680/680
f 679/679 680/680 681/681
f 681/681 680/680 682/682
f 683/683 684/684 685/685
f 684/684 683/683 686/686
f 684/684 686/686 687/687
f 687/687 686/686 688/688
f 687/687 688/688 689/689
f 689/689 688/688 690/690
f 689/689 690/690 691/691
f 691/691 690/690 692/692
f 691/691 692/692 693/693
f 693/693 692/692 694/694
f 695/695 696/696 697/697
f 696/696 695/695 698/698
f 699/699 700/700 701/701
f 700/700 699/699 702/702
f 703/703 704/704 705/705
f 704/704 703/703 706/706
f 707/707 708/708 709/709
f 708/708 707/707 710/710
f 711/711 712/712 713/713
f 712/712 711/711 714/714
f 715/715 716/716 717/717
f 716/716 715/715 718/718
f 719/719 720/720 721/721
f 720/720 719/719 722/722
f 723/723 724/724 725/725
f 724/724 723/723 726/726
f 727/727 728/728 729/729
f 728/728 727/727 730/730
f 731/731 732/732 733/733
f 732/732 731/731 734/734
f 735/735 736/736 737/737
f 736/736 735/735 738/738
f 739/739 740/740 741/741
f 740/740 739/739 742/742
f 743/743 744/744 745/745
f 744/744 743/743 746/746
f 744/744 746/746 747/747
f 747/747 746/746 748/748
f 747/747 748/748 749/749
f 749/749 748/748 750/750
f 749/749 750/750 751/751
f 751/751 750/750 752/752
f 751/751 752/752 753/753
f 753/753 752/752 754/754
f 755/755 756/756 757/757
f 758/758 759/759 760/760
f 759/759 758/758 761/761
f 762/762 763/763 764/764
f 765/765 766/766 767/767
f 766/766 765/765 768/768
f 769/769 770/770 771/771
f 772/772 773/773 774/774
f 773/773 772/772 775/775
f 776/776 777/777 778/778
f 779/779 780/780 781/781
f 782/782 783/783 784/784
f 785/785 786/786 787/787
f 788/788 789/789 790/790
f 789/789 788/788 791/791
f 792/792 793/793 794/794
f 793/793 792/792 795/795
f 796/796 797/797 798/798
f 799/799 800/800 801/801
f 800/800 799/799 802/802
f 803/803 804/804 805/805
f 804/804 803/803 806/806
f 807/807 808/808 809/809
f 808/808 807/807 810/810
f 811/811 812/812 813/813
f 812/812 811/811 814/814
f 815/815 816/816 817/817
f 816/816 815/815 818/818
f 819/819 820/820 821/821
f 820/820 819/819 822/822
f 823/823 824/824 825/825
f 826/826 827/827 828/828
f 827/827 826/826 829/829
f 830/830 831/831 832/832
f 831/831 830/830 833/833
f 834/834 835/835 836/836
f 837/837 838/838 839/839
f 840/840 841/841 842/842
f 841/841 840/840 843/843
f 844/844 845/845 846/846
f 847/847 848/848 849/849
f 850/850 851/851 852/852
f 851/851 850/850 853/853
f 854/854 855/855 856/856
f 857/857 858/858 859/859
f 860/860 861/861 862/862
f 861/861 860/860 863/863
f 864/864 865/865 866/866
f 867/867 868/868 869/869
f 868/868 867/867 870/870
f 868/868 870/870 871/871
f 871/871 870/870 872/872
f 871/871 872/872 873/873
f 873/873 872/872 874/874
f 873/873 874/874 875/875
f 875/875 874/874 876/876
f 875/875 876/876 877/877
f 877/877 876/876 878/878
f 879/879 880/880 881/881
f 880/880 879/879 882/882
f 883/883 884/884 885/885
f 884/884 883/883 886/886
f 887/887 888/888 889/889
f 888/888 887/887 890/890
f 891/891 892/892 893/893
f 892/892 891/891 894/894
f 895/895 896/896 897/897
f 896/896 895/895 898/898
f 899/899 900/900 901/901
f 900/900 899/899 902/902
f 903/903 904/904 905/905
f 904/904 903/903 906/906
f 907/907 908/908 909/909
f 908/908 907/907 910/910
f 911/911 912/912 913/913
f 912/912 911/911 914/914
f 915/915 916/916 917/917
f 916/916 915/915 918/918
f 919/919 920/920 921/921
f 920/920 919/919 922/922
f 923/923 924/924 925/925
f 924/924 923/923 926/926
f 927/927 928/928 929/929
f 928/928 927/927 930/930
f 928/928 930/930 931/931
f 931/931 930/930 932/932
f 931/931 932/932 933/933
f 933/933 932/932 934/934
f 933/933 934/934 935/935
f 935/935 934/934 936/936
f 935/935 936/936 937/937
f 937/937 936/936 938/938
f 939/939 940/940 941/941
f 940/940 939/939 942/942
f 943/943 944/944 945/945
f 944/944 943/943 946/946
f 947/947 948/948 949/949
f 948/948 947/947 950/950
f 950/950 947/947 951/951
f 950/950 951/951 952/952
f 952/952 951/951 953/953
f 954/954 955/955 956/956
f 955/955 954/954 957/957
f 957/957 954/954 958/958
f 958/958 954/954 959/959
f 959/959 954/954 960/960
f 959/959 960/960 961/961
f 961/961 960/960 949/949
f 961/961 949/949 948/948
f 962/962 963/963 964/964
f 963/963 962/962 965/965
f 963/963 965/965 966/966
f 966/966 965/965 955/955
f 966/966 955/955 957/957
f 967/967 968/968 969/969
f 968/968 967/967 970/970
f 971/971 972/972 973/973
f 972/972 971/971 974/974
f 972/972 974/974 975/975
f 975/975 974/974 976/976
f 975/975 976/976 977/977
f 977/977 976/976 978/978
f 977/977 978/978 979/979
f 979/979 978/978 980/980
f 979/979 980/980 981/981
f 981/981 980/980 982/982
f 983/983 984/984 985/985
f 986/986 987/987 988/988
f 987/987 986/986 989/989
f 990/990 991/991 992/992
f 991/991 990/990 993/993
f 994/994 995/995 996/996
f 995/995 994/994 997/997
f 998/998 999/999 1000/1000
f 999/999 998/998 1001/1001
f 1002/1002 1003/1003 1004/1004
f 1003/1003 1002/1002 1005/1005
f 1006/1006 1007/1007 1008/1008
f 1007/1007 1006/1006 1009/1009
f 1010/1010 1011/1011 1012/1012
f 1011/1011 1010/1010 1013/1013
f 1014/1014 1015/1015 1016/1016
f 1015/1015 1014/1014 1017/1017
f 1018/1018 1019/1019 1020/1020
f 1019/1019 1018/1018 1021/1021
f 1022/1022 1023/1023 1024/1024
f 1023/1023 1022/1022 1025/1025
f 1026/1026 1027/1027 1028/1028
f 1027/1027 1026/1026 1029/1029
f 1030/1030 1031/1031 1032/1032
f 1031/1031 1030/1030 1033/1033
f 1034/1034 1035/1035 1036/1036
f 1035/1035 1034/1034 1037/1037
f 1038/1038 1039/1039 1040/1040
f 1039/1039 1038/1038 1041/1041
f 1042/1042 1043/1043 1044/1044
f 1043/1043 1042/1042 1045/1045
f 1046/1046 1047/1047 1048/1048
f 1047/1047 1046/1046 1049/1049
f 1050/1050 1051/1051 1052/1052
f 1051/1051 1050/1050 1053/1053
f 1054/1054 1055/1055 980/980
f 1056/1056 981/981 1055/1055
f 1057/1057 1058/1058 1059/1059
f 1060/1060 1061/1061 1058/1058
f 972/972 1062/1062 1063/1063
f 971/971 1063/1063 1064/1064
f 976/976 1065/1065 1066/1066
f 983/983 976/976 984/984
f 1056/1056 1067/1067 981/981
f 1068/1068 1055/1055 1054/1054
f 976/976 1066/1066 1069/1069
f 971/971 1064/1064 1070/1070
f 1063/1063 1062/1062 1071/1071
f 1060/1060 1072/1072 1061/1061
f 1057/1057 1073/1073 1058/1058
f 1074/1074 1075/1075 1076/1076
f 1075/1075 1074/1074 1077/1077
f 1075/1075 1077/1077 1078/1078
f 1078/1078 1077/1077 1079/1079
f 1078/1078 1079/1079 1080/1080
f 1080/1080 1079/1079 1081/1081
f 1080/1080 1081/1081 1082/1082
f 1082/1082 1081/1081 1083/1083
f 1082/1082 1083/1083 1084/1084
f 1084/1084 1083/1083 1085/1085
f 1086/1086 1087/1087 1088/1088
f 1087/1087 1086/1086 1089/1089
f 1090/1090 1091/1091 1092/1092
f 1091/1091 1090/1090 1093/1093
f 1094/1094 1095/1095 1096/1096
f 1095/1095 1094/1094 1097/1097
f 1098/1098 1099/1099 1100/1100
f 1099/1099 1098/1098 1101/1101
f 1102/1102 1103/1103 1104/1104
f 1103/1103 1102/1102 1105/1105
f 1106/1106 1107/1107 1108/1108
f 1107/1107 1106/1106 1109/1109
f 1110/1110 1111/1111 1112/1112
f 1111/1111 1110/1110 1113/1113
f 1114/1114 1115/1115 1116/1116
f 1115/1115 1114/1114 1117/1117
f 1118/1118 1119/1119 1120/1120
f 1119/1119 1118/1118 1121/1121
f 1122/1122 1123/1123 1124/1124
f 1123/1123 1122/1122 1125/1125
f 1126/1126 1127/1127 1128/1128
f 1127/1127 1126/1126 1129/1129
f 1130/1130 1131/1131 1132/1132
f 1131/1131 1130/1130 1133/1133
f 1134/1134 1135/1135 1136/1136
f 1135/1135 1134/1134 1137/1137
f 1135/1135 1137/1137 1138/1138
f 1138/1138 1137/1137 1139/1139
f 1138/1138 1139/1139 1140/1140
f 1140/1140 1139/1139 1141/1141
f 1140/1140 1141/1141 1142/1142
f 1142/1142 1141/1141 1143/1143
f 1142/1142 1143/1143 1144/1144
f 1144/1144 1143/1143 1145/1145
f 1146/1146 1147/1147 1148/1148
f 1149/1149 1150/1150 1151/1151
f 1150/1150 1149/1149 1152/1152
f 1153/1153 1154/1154 1155/1155
f 1156/1156 1157/1157 1158/1158
f 1157/1157 1156/1156 1159/1159
f 1160/1160 1161/1161 1162/1162
f 1163/1163 1164/1164 1165/1165
f 1166/1166 1167/1167 1168/1168
f 1169/1169 1170/1170 1171/1171
f 1172/1172 1173/1173 1174/1174
f 1175/1175 1176/1176 1177/1177
f 1178/1178 1179/1179 1180/1180
f 1181/1181 1182/1182 1183/1183
f 1184/1184 1185/1185 1186/1186
f 1187/1187 1188/1188 1189/1189
f 1190/1190 1191/1191 1192/1192
f 1193/1193 1194/1194 1182/1182
f 1194/1194 1193/1193 1195/1195
f 1196/1196 1197/1197 1198/1198
f 1199/1199 1200/1200 1201/1201
f 1190/1190 1202/1202 1191/1191
f 1202/1202 1190/1190 1203/1203
f 1195/1195 1204/1204 1194/1194
f 1205/1205 1206/1206 1207/1207
f 1208/1208 1200/1200 1209/1209
f 1200/1200 1208/1208 1201/1201
f 1203/1203 1210/1210 1211/1211
f 1212/1212 1213/1213 1214/1214
f 1215/1215 1216/1216 1217/1217
f 1216/1216 1215/1215 1205/1205
f 1218/1218 1219/1219 1209/1209
f 1220/1220 1221/1221 1222/1222
f 1223/1223 1224/1224 1225/1225
f 1215/1215 1217/1217 1226/1226
f 1227/1227 1228/1228 1229/1229
f 1230/1230 1231/1231 1232/1232
f 1233/1233 1234/1234 1235/1235
f 1236/1236 1237/1237 1238/1238
f 1239/1239 1240/1240 1241/1241
f 1242/1242 1243/1243 1244/1244
f 1245/1245 1246/1246 1247/1247
f 1246/1246 1245/1245 1248/1248
f 1249/1249 1250/1250 1251/1251
f 1252/1252 1253/1253 1254/1254
f 1255/1255 1256/1256 1257/1257
f 1256/1256 1255/1255 1258/1258
f 1259/1259 1260/1260 1261/1261
f 1262/1262 1263/1263 1264/1264
f 1263/1263 1262/1262 1265/1265
f 1266/1266 1267/1267 1268/1268
f 1267/1267 1266/1266 1269/1269
f 1270/1270 1271/1271 1272/1272
f 1271/1271 1270/1270 1273/1273
f 1273/1273 1270/1270 1274/1274
f 1273/1273 1274/1274 1275/1275
f 1275/1275 1274/1274 1276/1276
f 1277/1277 1278/1278 1279/1279
f 1278/1278 1277/1277 1280/1280
f 1280/1280 1277/1277 1281/1281
f 1281/1281 1277/1277 1282/1282
f 1282/1282 1277/1277 1283/1283
f 1282/1282 1283/1283 1284/1284
f 1284/1284 1283/1283 1272/1272
f 1284/1284 1272/1272 1271/1271
f 1285/1285 1286/1286 1287/1287
f 1286/1286 1285/1285 1288/1288
f 1286/1286 1288/1288 1289/1289
f 1289/1289 1288/1288 1278/1278
f 1289/1289 1278/1278 1280/1280
f 1290/1290 1291/1291 1292/1292
f 1291/1291 1290/1290 1293/1293
f 1294/1294 1295/1295 1296/1296
f 1295/1295 1294/1294 1297/1297
f 1295/1295 1297/1297 1298/1298
f 1298/1298 1297/1297 1299/1299
f 1298/1298 1299/1299 1300/1300
f 1300/1300 1299/1299 1301/1301
f 1300/1300 1301/1301 1302/1302
f 1302/1302 1301/1301 1303/1303
f 1302/1302 1303/1303 1304/1304
f 1304/1304 1303/1303 1305/1305
f 1306/1306 1307/1307 1308/1308
f 1309/1309 1310/1310 1311/1311
f 1310/1310 1309/1309 1312/1312
f 1313/1313 1314/1314 1315/1315
f 1314/1314 1313/1313 1316/1316
f 1317/1317 1318/1318 1319/1319
f 1318/1318 1317/1317 1320/1320
f 1321/1321 1322/1322 1323/1323
f 1322/1322 1321/1321 1324/1324
f 1325/1325 1326/1326 1327/1327
f 1326/1326 1325/1325 1328/1328
f 1329/1329 1330/1330 1331/1331
f 1330/1330 1329/1329 1332/1332
f 1333/1333 1334/1334 1335/1335
f 1334/1334 1333/1333 1336/1336
f 1337/1337 1338/1338 1339/1339
f 1338/1338 1337/1337 1340/1340
f 1341/1341 1342/1342 1343/1343
f 1342/1342 1341/1341 1344/1344
f 1345/1345 1346/1346 1347/1347
f 1346/1346 1345/1345 1348/1348
f 1349/1349 1350/1350 1351/1351
f 1350/1350 1349/1349 1352/1352
f 1353/1353 1354/1354 1355/1355
f 1354/1354 1353/1353 1356/1356
f 1357/1357 1358/1358 1359/1359
f 1358/1358 1357/1357 1360/1360
f 1361/1361 1362/1362 1363/1363
f 1362/1362 1361/1361 1364/1364
f 1365/1365 1366/1366 1367/1367
f 1366/1366 1365/1365 1368/1368
f 1369/1369 1370/1370 1371/1371
f 1370/1370 1369/1369 1372/1372
f 1373/1373 1374/1374 1375/1375
f 1374/1374 1373/1373 1376/1376
f 1377/1377 1378/1378 1302/1302
f 1379/1379 1298/1298 1378/1378
f 1380/1380 1381/1381 1296/1296
f 1382/1382 1296/1296 1383/1383
f 1384/1384 1297/1297 1385/1385
f 1301/1301 1384/1384 1386/1386
f 1387/1387 1305/1305 1388/1388
f 1306/1306 1308/1308 1305/1305
f 1379/1379 1389/1389 1298/1298
f 1377/1377 1390/1390 1378/1378
f 1391/1391 1305/1305 1387/1387
f 1301/1301 1386/1386 1392/1392
f 1384/1384 1385/1385 1393/1393
f 1382/1382 1383/1383 1394/1394
f 1296/1296 1381/1381 1395/1395
f 1396/1396 1397/1397 1398/1398
f 1399/1399 1400/1400 1401/1401
f 1400/1400 1399/1399 1402/1402
f 1403/1403 1404/1404 1405/1405
f 1406/1406 1407/1407 1408/1408
f 1407/1407 1406/1406 1409/1409
f 1410/1410 1411/1411 1412/1412
f 1413/1413 1414/1414 1415/1415
f 1416/1416 1417/1417 1418/1418
f 1419/1419 1420/1420 1421/1421
f 1422/1422 1423/1423 1424/1424
f 1425/1425 1426/1426 1427/1427
f 1428/1428 1429/1429 1430/1430
f 1431/1431 1432/1432 1433/1433
f 1434/1434 1435/1435 1436/1436
f 1437/1437 1438/1438 1439/1439
f 1440/1440 1441/1441 1442/1442
f 1443/1443 1444/1444 1432/1432
f 1444/1444 1443/1443 1445/1445
f 1446/1446 1447/1447 1448/1448
f 1449/1449 1450/1450 1451/1451
f 1440/1440 1452/1452 1441/1441
f 1452/1452 1440/1440 1453/1453
f 1445/1445 1454/1454 1444/1444
f 1455/1455 1456/1456 1457/1457
f 1458/1458 1450/1450 1459/1459
f 1450/1450 1458/1458 1451/1451
f 1453/1453 1460/1460 1461/1461
f 1462/1462 1463/1463 1464/1464
f 1465/1465 1466/1466 1467/1467
f 1466/1466 1465/1465 1455/1455
f 1468/1468 1469/1469 1459/1459
f 1470/1470 1471/1471 1472/1472
f 1473/1473 1474/1474 1475/1475
f 1465/1465 1467/1467 1476/1476
f 1477/1477 1478/1478 1479/1479
f 1480/1480 1481/1481 1482/1482
f 1483/1483 1484/1484 1485/1485
f 1486/1486 1487/1487 1488/1488
f 1489/1489 1490/1490 1491/1491
f 1492/1492 1493/1493 1494/1494
f 1495/1495 1496/1496 1497/1497
f 1496/1496 1495/1495 1498/1498
f 1499/1499 1500/1500 1501/1501
f 1502/1502 1503/1503 1504/1504
f 1505/1505 1506/1506 1507/1507
f 1506/1506 1505/1505 1508/1508
f 1509/1509 1510/1510 1511/1511
f 1512/1512 1513/1513 1514/1514
f 1513/1513 1512/1512 1515/1515
f 1513/1513 1515/1515 1516/1516
f 1516/1516 1515/1515 1517/1517
f 1516/1516 1517/1517 1518/1518
f 1518/1518 1517/1517 1519/1519
f 1518/1518 1519/1519 1520/1520
f 1520/1520 1519/1519 1521/1521
f 1520/1520 1521/1521 1522/1522
f 1522/1522 1521/1521 1523/1523
f 1524/1524 1525/1525 1526/1526
f 1525/1525 1524/1524 1527/1527
f 1528/1528 1529/1529 1530/1530
f 1529/1529 1528/1528 1531/1531
f 1532/1532 1533/1533 1534/1534
f 1533/1533 1532/1532 1535/1535
f 1536/1536 1537/1537 1538/1538
f 1537/1537 1536/1536 1539/1539
f 1540/1540 1541/1541 1542/1542
f 1541/1541 1540/1540 1543/1543
f 1544/1544 1545/1545 1546/1546
f 1545/1545 1544/1544 1547/1547
f 1548/1548 1549/1549 1550/1550
f 1549/1549 1548/1548 1551/1551
f 1552/1552 1553/1553 1554/1554
f 1553/1553 1552/1552 1555/1555
f 1556/1556 1557/1557 1558/1558
f 1557/1557 1556/1556 1559/1559
f 1560/1560 1561/1561 1562/1562
f 1561/1561 1560/1560 1563/1563
f 1564/1564 1565/1565 1566/1566
f 1565/1565 1564/1564 1567/1567
f 1568/1568 1569/1569 1570/1570
f 1569/1569 1568/1568 1571/1571
f 1572/1572 1573/1573 1574/1574
f 1573/1573 1572/1572 1575/1575
f 1573/1573 1575/1575 1576/1576
f 1576/1576 1575/1575 1577/1577
f 1576/1576 1577/1577 1578/1578
f 1578/1578 1577/1577 1579/1579
f 1578/1578 1579/1579 1580/1580
f 1580/1580 1579/1579 1581/1581
f 1580/1580 1581/1581 1582/1582
f 1582/1582 1581/1581 1583/1583
f 1584/1584 1585/1585 1586/1586
f 1587/1587 1588/1588 1589/1589
f 1588/1588 1587/1587 1590/1590
f 1591/1591 1592/1592 1593/1593
f 1594/1594 1595/1595 1596/1596
f 1595/1595 1594/1594 1597/1597
f 1598/1598 1599/1599 1600/1600
f 1601/1601 1602/1602 1603/1603
f 1604/1604 1605/1605 1606/1606
f 1607/1607 1608/1608 1609/1609
f 1610/1610 1611/1611 1612/1612
f 1613/1613 1614/1614 1615/1615
f 1616/1616 1617/1617 1618/1618
f 1619/1619 1620/1620 1621/1621
f 1622/1622 1623/1623 1624/1624
f 1625/1625 1626/1626 1627/1627
f 1628/1628 1629/1629 1630/1630
f 1631/1631 1632/1632 1620/1620
f 1632/1632 1631/1631 1633/1633
f 1634/1634 1635/1635 1636/1636
f 1625/1625 1627/1627 1637/1637
f 1628/1628 1638/1638 1629/1629
f 1638/1638 1628/1628 1639/1639
f 1640/1640 1641/1641 1642/1642
f 1641/1641 1640/1640 1643/1643
f 1636/1636 1635/1635 1644/1644
f 1645/1645 1627/1627 1646/1646
f 1627/1627 1645/1645 1637/1637
f 1647/1647 1648/1648 1649/1649
f 1648/1648 1647/1647 1650/1650
f 1651/1651 1652/1652 1653/1653
f 1654/1654 1655/1655 1656/1656
f 1655/1655 1654/1654 1636/1636
f 1657/1657 1658/1658 1646/1646
f 1659/1659 1660/1660 1661/1661
f 1662/1662 1663/1663 1664/1664
f 1654/1654 1656/1656 1665/1665
f 1657/1657 1646/1646 1666/1666
f 1667/1667 1668/1668 1669/1669
f 1670/1670 1671/1671 1672/1672
f 1671/1671 1670/1670 1673/1673
f 1674/1674 1654/1654 1665/1665
f 1675/1675 1676/1676 1677/1677
f 1678/1678 1679/1679 1680/1680
f 1679/1679 1678/1678 1681/1681
f 1682/1682 1683/1683 1684/1684
f 1685/1685 1686/1686 1687/1687
f 1688/1688 1689/1689 1690/1690
f 1691/1691 1692/1692 1693/1693
f 1694/1694 1695/1695 1696/1696
f 1695/1695 1694/1694 1697/1697
f 1698/1698 1699/1699 1700/1700
f 1701/1701 1702/1702 1703/1703
f 1702/1702 1701/1701 1704/1704
f 1705/1705 1706/1706 1707/1707
f 1708/1708 1709/1709 1710/1710
f 1711/1711 1712/1712 1713/1713
f 1714/1714 1715/1715 1716/1716
f 1717/1717 1718/1718 1719/1719
f 1720/1720 1721/1721 1722/1722
f 1723/1723 1724/1724 1725/1725
f 1726/1726 1727/1727 1728/1728
f 1729/1729 1730/1730 1731/1731
f 1732/1732 1733/1733 1734/1734
f 1735/1735 1736/1736 1737/1737
f 1738/1738 1739/1739 1740/1740
f 1739/1739 1738/1738 1726/1726
f 1741/1741 1742/1742 1743/1743
f 1744/1744 1745/1745 1746/1746
f 1747/1747 1737/1737 1748/1748
f 1737/1737 1747/1747 1735/1735
f 1738/1738 1740/1740 1749/1749
f 1750/1750 1751/1751 1752/1752
f 1744/1744 1753/1753 1745/1745
f 1753/1753 1744/1744 1754/1754
f 1755/1755 1748/1748 1756/1756
f 1757/1757 1758/1758 1759/1759
f 1760/1760 1761/1761 1752/1752
f 1761/1761 1760/1760 1762/1762
f 1754/1754 1763/1763 1764/1764
f 1765/1765 1766/1766 1767/1767
f 1768/1768 1769/1769 1770/1770
f 1771/1771 1761/1761 1762/1762
f 1772/1772 1773/1773 1774/1774
f 1775/1775 1776/1776 1777/1777
f 1778/1778 1779/1779 1780/1780
f 1781/1781 1782/1782 1783/1783
f 1784/1784 1785/1785 1786/1786
f 1787/1787 1788/1788 1789/1789
f 1790/1790 1791/1791 1792/1792
f 1791/1791 1790/1790 1793/1793
f 1794/1794 1795/1795 1796/1796
f 1797/1797 1798/1798 1799/1799
f 1800/1800 1801/1801 1802/1802
f 1801/1801 1800/1800 1803/1803
f 1804/1804 1805/1805 1806/1806
f 1807/1807 1808/1808 1809/1809
f 1808/1808 1807/1807 1810/1810
f 1811/1811 1812/1812 1813/1813
f 1812/1812 1811/1811 1814/1814
f 1815/1815 1816/1816 1817/1817
f 1816/1816 1815/1815 1818/1818
f 1818/1818 1815/1815 1819/1819
f 1818/1818 1819/1819 1820/1820
f 1820/1820 1819/1819 1821/1821
f 1822/1822 1823/1823 1824/1824
f 1823/1823 1822/1822 1825/1825
f 1825/1825 1822/1822 1826/1826
f 1826/1826 1822/1822 1827/1827
f 1827/1827 1822/1822 1828/1828
f 1827/1827 1828/1828 1829/1829
f 1829/1829 1828/1828 1817/1817
f 1830/1830 1831/1831 1832/1832
f 1831/1831 1830/1830 1833/1833
f 1831/1831 1833/1833 1834/1834
f 1834/1834 1833/1833 1823/1823
f 1834/1834 1823/1823 1825/1825
f 1835/1835 1836/1836 1837/1837
f 1836/1836 1835/1835 1838/1838
f 1839/1839 1840/1840 1841/1841
f 1840/1840 1839/1839 1842/1842
f 1840/1840 1842/1842 1843/1843
f 1843/1843 1842/1842 1844/1844
f 1843/1843 1844/1844 1845/1845
f 1845/1845 1844/1844 1846/1846
f 1845/1845 1846/1846 1847/1847
f 1847/1847 1846/1846 1848/1848
f 1847/1847 1848/1848 1849/1849
f 1849/1849 1848/1848 1850/1850
f 1851/1851 1852/1852 1853/1853
f 1854/1854 1855/1855 1856/1856
f 1857/1857 1858/1858 1859/1859
f 1860/1860 1861/1861 1862/1862
f 1863/1863 1864/1864 1865/1865
f 1866/1866 1867/1867 1868/1868
f 1867/1867 1866/1866 1869/1869
f 1870/1870 1871/1871 1872/1872
f 1871/1871 1870/1870 1873/1873
f 1874/1874 1875/1875 1876/1876
f 1875/1875 1874/1874 1877/1877
f 1878/1878 1879/1879 1880/1880
f 1881/1881 1882/1882 1883/1883
f 1884/1884 1885/1885 1886/1886
f 1885/1885 1884/1884 1887/1887
f 1888/1888 1889/1889 1890/1890
f 1889/1889 1888/1888 1891/1891
f 1892/1892 1893/1893 1894/1894
f 1893/1893 1892/1892 1895/1895
f 1896/1896 1897/1897 1898/1898
f 1899/1899 1900/1900 1901/1901
f 1902/1902 1903/1903 1904/1904
f 1903/1903 1902/1902 1905/1905
f 1906/1906 1907/1907 1908/1908
f 1907/1907 1906/1906 1909/1909
f 1910/1910 1911/1911 1912/1912
f 1911/1911 1910/1910 1913/1913
f 1914/1914 1850/1850 1915/1915
f 1916/1916 1917/1917 1918/1918
f 1919/1919 1920/1920 1921/1921
f 1922/1922 1843/1843 1920/1920
f 1923/1923 1924/1924 1925/1925
f 1926/1926 1925/1925 1927/1927
f 1928/1928 1842/1842 1929/1929
f 1851/1851 1928/1928 1852/1852
f 1930/1930 1931/1931 1850/1850
f 1932/1932 1933/1933 1934/1934
f 1935/1935 1936/1936 1937/1937
f 1938/1938 1939/1939 1940/1940
f 1926/1926 1927/1927 1941/1941
f 1942/1942 1943/1943 1944/1944
f 1945/1945 1946/1946 1947/1947
f 1922/1922 1948/1948 1843/1843
f 1949/1949 1950/1950 1951/1951
f 1952/1952 1953/1953 1954/1954
f 1930/1930 1955/1955 1931/1931
f 1956/1956 1850/1850 1914/1914
f 1919/1919 1957/1957 1920/1920
f 1925/1925 1924/1924 1958/1958
f 1928/1928 1929/1929 1959/1959
f 1960/1960 1961/1961 1962/1962
f 1961/1961 1960/1960 1963/1963
f 1961/1961 1963/1963 1964/1964
f 1964/1964 1963/1963 1965/1965
f 1964/1964 1965/1965 1966/1966
f 1966/1966 1965/1965 1967/1967
f 1966/1966 1967/1967 1968/1968
f 1968/1968 1967/1967 1969/1969
f 1968/1968 1969/1969 1970/1970
f 1970/1970 1969/1969 1971/1971
f 1972/1972 1973/1973 1974/1974
f 1973/1973 1972/1972 1975/1975
f 1976/1976 1977/1977 1978/1978
f 1977/1977 1976/1976 1979/1979
f 1980/1980 1981/1981 1982/1982
f 1981/1981 1980/1980 1983/1983
f 1984/1984 1985/1985 1986/1986
f 1985/1985 1984/1984 1987/1987
f 1988/1988 1989/1989 1990/1990
f 1989/1989 1988/1988 1991/1991
f 1992/1992 1993/1993 1994/1994
f 1993/1993 1992/1992 1995/1995
f 1996/1996 1997/1997 1998/1998
f 1997/1997 1996/1996 1999/1999
f 2000/2000 2001/2001 2002/2002
f 2001/2001 2000/2000 2003/2003
f 2004/2004 2005/2005 2006/2006
f 2005/2005 2004/2004 2007/2007
f 2008/2008 2009/2009 2010/2010
f 2009/2009 2008/2008 2011/2011
f 2012/2012 2013/2013 2014/2014
f 2013/2013 2012/2012 2015/2015
f 2016/2016 2017/2017 2018/2018
f 2017/2017 2016/2016 2019/2019
f 2020/2020 2021/2021 2022/2022
f 2021/2021 2020/2020 2023/2023
f 2021/2021 2023/2023 2024/2024
f 2024/2024 2023/2023 2025/2025
f 2024/2024 2025/2025 2026/2026
f 2026/2026 2025/2025 2027/2027
f 2026/2026 2027/2027 2028/2028
f 2028/2028 2027/2027 2029/2029
f 2028/2028 2029/2029 2030/2030
f 2030/2030 2029/2029 2031/2031
f 2032/2032 2033/2033 2034/2034
f 2033/2033 2032/2032 2035/2035
f 2033/2033 2035/2035 2036/2036
f 2036/2036 2035/2035 2037/2037
f 2036/2036 2037/2037 2038/2038
f 2038/2038 2037/2037 2039/2039
f 2038/2038 2039/2039 2040/2040
f 2040/2040 2039/2039 2041/2041
f 2040/2040 2041/2041 2042/2042
f 2042/2042 2041/2041 2043/2043
f 2044/2044 2045/2045 2046/2046
f 2045/2045 2044/2044 2047/2047
f 2048/2048 2049/2049 2050/2050
f 2049/2049 2048/2048 2051/2051
f 2052/2052 2053/2053 2054/2054
f 2053/2053 2052/2052 2055/2055
f 2056/2056 2057/2057 2058/2058
f 2057/2057 2056/2056 2059/2059
f 2060/2060 2061/2061 2062/2062
f 2061/2061 2060/2060 2063/2063
f 2064/2064 2065/2065 2066/2066
f 2065/2065 2064/2064 2067/2067
f 2068/2068 2069/2069 2070/2070
f 2069/2069 2068/2068 2071/2071
f 2072/2072 2073/2073 2074/2074
f 2073/2073 2072/2072 2075/2075
f 2076/2076 2077/2077 2078/2078
f 2077/2077 2076/2076 2079/2079
f 2080/2080 2081/2081 2082/2082
f 2081/2081 2080/2080 2083/2083
f 2084/2084 2085/2085 2086/2086
f 2085/2085 2084/2084 2087/2087
f 2088/2088 2089/2089 2090/2090
f 2089/2089 2088/2088 2091/2091
f 2092/2092 2093/2093 2094/2094
f 2093/2093 2092/2092 2095/2095
f 2093/2093 2095/2095 2096/2096
f 2096/2096 2095/2095 2097/2097
f 2096/2096 2097/2097 2098/2098
f 2098/2098 2097/2097 2099/2099
f 2098/2098 2099/2099 2100/2100
f 2100/2100 2099/2099 2101/2101
f 2100/2100 2101/2101 2102/2102
f 2102/2102 2101/2101 2103/2103
f 2104/2104 2105/2105 2106/2106
f 2105/2105 2104/2104 2107/2107
f 2108/2108 2109/2109 2110/2110
f 2109/2109 2108/2108 2111/2111
f 2112/2112 2113/2113 2114/2114
f 2113/2113 2112/2112 2115/2115
f 2115/2115 2112/2112 2116/2116
f 2115/2115 2116/2116 2117/2117
f 2117/2117 2116/2116 2118/2118
f 2119/2119 2120/2120 2121/2121
f 2120/2120 2119/2119 2122/2122
f 2122/2122 2119/2119 2123/2123
f 2123/2123 2119/2119 2124/2124
f 2124/2124 2119/2119 2125/2125
f 2124/2124 2125/2125 2126/2126
f 2126/2126 2125/2125 2114/2114
f 2127/2127 2128/2128 2129/2129
f 2128/2128 2127/2127 2130/2130
f 2128/2128 2130/2130 2131/2131
f 2131/2131 2130/2130 2120/2120
f 2131/2131 2120/2120 2122/2122
f 2132/2132 2133/2133 2134/2134
f 2133/2133 2132/2132 2135/2135
f 2136/2136 2137/2137 2138/2138
f 2137/2137 2136/2136 2139/2139
f 2137/2137 2139/2139 2140/2140
f 2140/2140 2139/2139 2141/2141
f 2140/2140 2141/2141 2142/2142
f 2142/2142 2141/2141 2143/2143
f 2142/2142 2143/2143 2144/2144
f 2144/2144 2143/2143 2145/2145
f 2144/2144 2145/2145 2146/2146
f 2146/2146 2145/2145 2147/2147
f 2148/2148 2149/2149 2150/2150
f 2151/2151 2152/2152 2153/2153
f 2152/2152 2151/2151 2154/2154
f 2155/2155 2156/2156 2157/2157
f 2156/2156 2155/2155 2158/2158
f 2159/2159 2160/2160 2161/2161
f 2160/2160 2159/2159 2162/2162
f 2163/2163 2164/2164 2165/2165
f 2164/2164 2163/2163 2166/2166
f 2167/2167 2168/2168 2169/2169
f 2168/2168 2167/2167 2170/2170
f 2171/2171 2172/2172 2173/2173
f 2172/2172 2171/2171 2174/2174
f 2175/2175 2176/2176 2177/2177
f 2176/2176 2175/2175 2178/2178
f 2179/2179 2180/2180 2181/2181
f 2180/2180 2179/2179 2182/2182
f 2183/2183 2184/2184 2185/2185
f 2184/2184 2183/2183 2186/2186
f 2187/2187 2188/2188 2189/2189
f 2188/2188 2187/2187 2190/2190
f 2191/2191 2192/2192 2193/2193
f 2192/2192 2191/2191 2194/2194
f 2195/2195 2196/2196 2197/2197
f 2196/2196 2195/2195 2198/2198
f 2199/2199 2200/2200 2201/2201
f 2200/2200 2199/2199 2202/2202
f 2203/2203 2204/2204 2205/2205
f 2204/2204 2203/2203 2206/2206
f 2207/2207 2208/2208 2209/2209
f 2208/2208 2207/2207 2210/2210
f 2211/2211 2212/2212 2213/2213
f 2212/2212 2211/2211 2214/2214
f 2215/2215 2216/2216 2217/2217
f 2216/2216 2215/2215 2218/2218
f 2219/2219 2220/2220 2145/2145
f 2221/2221 2146/2146 2220/2220
f 2222/2222 2142/2142 2223/2223
f 2224/2224 2225/2225 2142/2142
f 2137/2137 2226/2226 2227/2227
f 2136/2136 2227/2227 2228/2228
f 2141/2141 2229/2229 2230/2230
f 2148/2148 2141/2141 2149/2149
f 2221/2221 2231/2231 2146/2146
f 2232/2232 2220/2220 2219/2219
f 2141/2141 2230/2230 2233/2233
f 2136/2136 2228/2228 2234/2234
f 2227/2227 2226/2226 2235/2235
f 2224/2224 2236/2236 2225/2225
f 2222/2222 2237/2237 2142/2142
f 2238/2238 2239/2239 2240/2240
f 2239/2239 2238/2238 2241/2241
f 2242/2242 2243/2243 2244/2244
f 2243/2243 2242/2242 2245/2245
f 2246/2246 2247/2247 2248/2248
f 2247/2247 2246/2246 2249/2249
f 2249/2249 2246/2246 2250/2250
f 2249/2249 2250/2250 2251/2251
f 2251/2251 2250/2250 2252/2252
f 2253/2253 2254/2254 2255/2255
f 2254/2254 2253/2253 2256/2256
f 2256/2256 2253/2253 2257/2257
f 2257/2257 2253/2253 2258/2258
f 2258/2258 2253/2253 2259/2259
f 2258/2258 2259/2259 2260/2260
f 2260/2260 2259/2259 2248/2248
f 2260/2260 2248/2248 2247/2247
f 2261/2261 2262/2262 2263/2263
f 2262/2262 2261/2261 2264/2264
f 2262/2262 2264/2264 2265/2265
f 2265/2265 2264/2264 2254/2254
f 2265/2265 2254/2254 2256/2256
f 2266/2266 2267/2267 2268/2268
f 2267/2267 2266/2266 2269/2269
f 2270/2270 2271/2271 2272/2272
f 2271/2271 2270/2270 2273/2273
f 2271/2271 2273/2273 2274/2274
f 2274/2274 2273/2273 2275/2275
f 2274/2274 2275/2275 2276/2276
f 2276/2276 2275/2275 2277/2277
f 2276/2276 2277/2277 2278/2278
f 2278/2278 2277/2277 2279/2279
f 2278/2278 2279/2279 2280/2280
f 2280/2280 2279/2279 2281/2281
f 2282/2282 2283/2283 2284/2284
f 2285/2285 2286/2286 2287/2287
f 2286/2286 2285/2285 2288/2288
f 2289/2289 2290/2290 2291/2291
f 2290/2290 2289/2289 2292/2292
f 2293/2293 2294/2294 2295/2295
f 2294/2294 2293/2293 2296/2296
f 2297/2297 2298/2298 2299/2299
f 2298/2298 2297/2297 2300/2300
f 2301/2301 2302/2302 2303/2303
f 2302/2302 2301/2301 2304/2304
f 2305/2305 2306/2306 2307/2307
f 2306/2306 2305/2305 2308/2308
f 2309/2309 2310/2310 2311/2311
f 2310/2310 2309/2309 2312/2312
f 2313/2313 2314/2314 2315/2315
f 2314/2314 2313/2313 2316/2316
f 2317/2317 2318/2318 2319/2319
f 2318/2318 2317/2317 2320/2320
f 2321/2321 2322/2322 2323/2323
f 2322/2322 2321/2321 2324/2324
f 2325/2325 2326/2326 2327/2327
f 2326/2326 2325/2325 2328/2328
f 2329/2329 2330/2330 2331/2331
f 2330/2330 2329/2329 2332/2332
f 2333/2333 2334/2334 2335/2335
f 2334/2334 2333/2333 2336/2336
f 2337/2337 2338/2338 2339/2339
f 2338/2338 2337/2337 2340/2340
f 2341/2341 2342/2342 2343/2343
f 2342/2342 2341/2341 2344/2344
f 2345/2345 2346/2346 2347/2347
f 2346/2346 2345/2345 2348/2348
f 2349/2349 2350/2350 2351/2351
f 2350/2350 2349/2349 2352/2352
f 2353/2353 2354/2354 2278/2278
f 2355/2355 2274/2274 2354/2354
f 2356/2356 2357/2357 2272/2272
f 2358/2358 2272/2272 2359/2359
f 2360/2360 2273/2273 2361/2361
f 2277/2277 2360/2360 2362/2362
f 2363/2363 2281/2281 2364/2364
f 2282/2282 2284/2284 2281/2281
f 2355/2355 2365/2365 2274/2274
f 2353/2353 2366/2366 2354/2354
f 2367/2367 2281/2281 2363/2363
f 2277/2277 2362/2362 2368/2368
f 2360/2360 2361/2361 2369/2369
f 2358/2358 2359/2359 2370/2370
f 2272/2272 2357/2357 2371/2371
f 2372/2372 2373/2373 2374/2374
f 2375/2375 2376/2376 2377/2377
f 2376/2376 2375/2375 2378/2378
f 2379/2379 2380/2380 2381/2381
f 2382/2382 2383/2383 2384/2384
f 2383/2383 2382/2382 2385/2385
f 2386/2386 2387/2387 2388/2388
f 2389/2389 2390/2390 2391/2391
f 2392/2392 2393/2393 2394/2394
f 2395/2395 2396/2396 2397/2397
f 2398/2398 2399/2399 2400/2400
f 2401/2401 2402/2402 2403/2403
f 2404/2404 2405/2405 2406/2406
f 2407/2407 2408/2408 2409/2409
f 2410/2410 2411/2411 2412/2412
f 2413/2413 2414/2414 2415/2415
f 2416/2416 2417/2417 2418/2418
f 2409/2409 2419/2419 2420/2420
f 2419/2419 2409/2409 2421/2421
f 2422/2422 2423/2423 2424/2424
f 2415/2415 2414/2414 2425/2425
f 2426/2426 2417/2417 2427/2427
f 2417/2417 2426/2426 2418/2418
f 2428/2428 2429/2429 2430/2430
f 2429/2429 2428/2428 2431/2431
f 2423/2423 2432/2432 2424/2424
f 2433/2433 2414/2414 2434/2434
f 2414/2414 2433/2433 2425/2425
f 2435/2435 2436/2436 2437/2437
f 2436/2436 2435/2435 2438/2438
f 2439/2439 2440/2440 2441/2441
f 2424/2424 2442/2442 2443/2443
f 2442/2442 2424/2424 2444/2444
f 2445/2445 2434/2434 2446/2446
f 2447/2447 2448/2448 2449/2449
f 2450/2450 2451/2451 2452/2452
f 2442/2442 2453/2453 2443/2443
f 2434/2434 2454/2454 2446/2446
f 2455/2455 2456/2456 2457/2457
f 2458/2458 2459/2459 2460/2460
f 2459/2459 2458/2458 2461/2461
f 2443/2443 2453/2453 2462/2462
f 2463/2463 2464/2464 2465/2465
f 2466/2466 2467/2467 2468/2468
f 2467/2467 2466/2466 2469/2469
f 2470/2470 2471/2471 2472/2472
f 2473/2473 2474/2474 2475/2475
f 2476/2476 2477/2477 2478/2478
f 2479/2479 2480/2480 2481/2481
f 2482/2482 2483/2483 2484/2484
f 2483/2483 2482/2482 2485/2485
f 2481/2481 2480/2480 2486/2486
f 2487/2487 2488/2488 2489/2489
f 2488/2488 2487/2487 2490/2490
f 2491/2491 2492/2492 2493/2493
f 2494/2494 2495/2495 2496/2496
f 2497/2497 2498/2498 2499/2499
f 2500/2500 2497/2497 2499/2499
f 2501/2501 2502/2502 2503/2503
f 2504/2504 2491/2491 2493/2493
f 2505/2505 2506/2506 2507/2507
f 2495/2495 2508/2508 2496/2496
f 2509/2509 2502/2502 2501/2501
f 2510/2510 2511/2511 2512/2512
f 2507/2507 2506/2506 2513/2513
f 2496/2496 2514/2514 2515/2515
f 2514/2514 2496/2496 2516/2516
f 2517/2517 2518/2518 2519/2519
f 2520/2520 2521/2521 2522/2522
f 2523/2523 2506/2506 2524/2524
f 2506/2506 2523/2523 2513/2513
f 2514/2514 2525/2525 2515/2515
f 2526/2526 2527/2527 2528/2528
f 2529/2529 2521/2521 2530/2530
f 2521/2521 2529/2529 2522/2522
f 2531/2531 2524/2524 2532/2532
f 2515/2515 2525/2525 2533/2533
f 2528/2528 2534/2534 2535/2535
f 2534/2534 2528/2528 2536/2536
f 2537/2537 2530/2530 2538/2538
f 2524/2524 2539/2539 2532/2532
f 2540/2540 2541/2541 2542/2542
f 2534/2534 2543/2543 2535/2535
f 2544/2544 2545/2545 2546/2546
f 2547/2547 2548/2548 2549/2549
f 2550/2550 2540/2540 2542/2542
f 2551/2551 2552/2552 2553/2553
f 2554/2554 2555/2555 2556/2556
f 2557/2557 2548/2548 2547/2547
f 2558/2558 2559/2559 2560/2560
f 2559/2559 2558/2558 2561/2561
f 2562/2562 2563/2563 2564/2564
f 2556/2556 2555/2555 2565/2565
f 2566/2566 2567/2567 2568/2568
f 2567/2567 2566/2566 2569/2569
f 2563/2563 2570/2570 2564/2564
f 2571/2571 2572/2572 2573/2573
f 2572/2572 2571/2571 2574/2574
f 2572/2572 2574/2574 2575/2575
f 2575/2575 2574/2574 2576/2576
f 2575/2575 2576/2576 2577/2577
f 2577/2577 2576/2576 2578/2578
f 2577/2577 2578/2578 2579/2579
f 2579/2579 2578/2578 2580/2580
f 2579/2579 2580/2580 2581/2581
f 2581/2581 2580/2580 2582/2582
f 2583/2583 2584/2584 2585/2585
f 2584/2584 2583/2583 2586/2586
f 2587/2587 2588/2588 2589/2589
f 2588/2588 2587/2587 2590/2590
f 2591/2591 2592/2592 2593/2593
f 2592/2592 2591/2591 2594/2594
f 2595/2595 2596/2596 2597/2597
f 2596/2596 2595/2595 2598/2598
f 2599/2599 2600/2600 2601/2601
f 2600/2600 2599/2599 2602/2602
f 2603/2603 2604/2604 2605/2605
f 2604/2604 2603/2603 2606/2606
f 2607/2607 2608/2608 2609/2609
f 2608/2608 2607/2607 2610/2610
f 2611/2611 2612/2612 2613/2613
f 2612/2612 2611/2611 2614/2614
f 2615/2615 2616/2616 2617/2617
f 2616/2616 2615/2615 2618/2618
f 2619/2619 2620/2620 2621/2621
f 2620/2620 2619/2619 2622/2622
f 2623/2623 2624/2624 2625/2625
f 2624/2624 2623/2623 2626/2626
f 2627/2627 2628/2628 2629/2629
f 2628/2628 2627/2627 2630/2630
f 2631/2631 2632/2632 2633/2633
f 2632/2632 2631/2631 2634/2634
f 2632/2632 2634/2634 2635/2635
f 2635/2635 2634/2634 2636/2636
f 2635/2635 2636/2636 2637/2637
f 2637/2637 2636/2636 2638/2638
f 2637/2637 2638/2638 2639/2639
f 2639/2639 2638/2638 2640/2640
f 2639/2639 2640/2640 2641/2641
f 2641/2641 2640/2640 2642/2642
f 2643/2643 2644/2644 2645/2645
f 2644/2644 2643/2643 2646/2646
f 2647/2647 2648/2648 2649/2649
f 2648/2648 2647/2647 2650/2650
f 2651/2651 2652/2652 2653/2653
f 2652/2652 2651/2651 2654/2654
f 2654/2654 2651/2651 2655/2655
f 2654/2654 2655/2655 2656/2656
f 2656/2656 2655/2655 2657/2657
f 2658/2658 2659/2659 2660/2660
f 2659/2659 2658/2658 2661/2661
f 2661/2661 2658/2658 2662/2662
f 2662/2662 2658/2658 2663/2663
f 2663/2663 2658/2658 2664/2664
f 2663/2663 2664/2664 2665/2665
f 2665/2665 2664/2664 2653/2653
f 2666/2666 2667/2667 2668/2668
f 2667/2667 2666/2666 2669/2669
f 2667/2667 2669/2669 2670/2670
f 2670/2670 2669/2669 2659/2659
f 2670/2670 2659/2659 2661/2661
f 2671/2671 2672/2672 2673/2673
f 2672/2672 2671/2671 2674/2674
f 2675/2675 2676/2676 2677/2677
f 2676/2676 2675/2675 2678/2678
f 2676/2676 2678/2678 2679/2679
f 2679/2679 2678/2678 2680/2680
f 2679/2679 2680/2680 2681/2681
f 2681/2681 2680/2680 2682/2682
f 2681/2681 2682/2682 2683/2683
f 2683/2683 2682/2682 2684/2684
f 2683/2683 2684/2684 2685/2685
f 2685/2685 2684/2684 2686/2686
f 2687/2687 2688/2688 2689/2689
f 2690/2690 2691/2691 2692/2692
f 2693/2693 2694/2694 2695/2695
f 2694/2694 2693/2693 2696/2696
f 2697/2697 2698/2698 2699/2699
f 2698/2698 2697/2697 2700/2700
f 2701/2701 2702/2702 2703/2703
f 2702/2702 2701/2701 2704/2704
f 2705/2705 2706/2706 2707/2707
f 2706/2706 2705/2705 2708/2708
f 2709/2709 2710/2710 2711/2711
f 2710/2710 2709/2709 2712/2712
f 2713/2713 2714/2714 2715/2715
f 2714/2714 2713/2713 2716/2716
f 2717/2717 2718/2718 2719/2719
f 2718/2718 2717/2717 2720/2720
f 2721/2721 2722/2722 2723/2723
f 2722/2722 2721/2721 2724/2724
f 2725/2725 2726/2726 2727/2727
f 2726/2726 2725/2725 2728/2728
f 2729/2729 2730/2730 2731/2731
f 2730/2730 2729/2729 2732/2732
f 2733/2733 2734/2734 2735/2735
f 2734/2734 2733/2733 2736/2736
f 2737/2737 2738/2738 2739/2739
f 2740/2740 2741/2741 2742/2742
f 2743/2743 2744/2744 2745/2745
f 2744/2744 2743/2743 2746/2746
f 2747/2747 2748/2748 2749/2749
f 2748/2748 2747/2747 2750/2750
f 2751/2751 2752/2752 2753/2753
f 2752/2752 2751/2751 2754/2754
f 2755/2755 2686/2686 2756/2756
f 2757/2757 2758/2758 2759/2759
f 2760/2760 2679/2679 2758/2758
f 2761/2761 2762/2762 2763/2763
f 2764/2764 2763/2763 2765/2765
f 2766/2766 2678/2678 2767/2767
f 2687/2687 2766/2766 2688/2688
f 2768/2768 2769/2769 2686/2686
f 2770/2770 2771/2771 2772/2772
f 2768/2768 2773/2773 2769/2769
f 2774/2774 2686/2686 2755/2755
f 2766/2766 2767/2767 2775/2775
f 2764/2764 2765/2765 2776/2776
f 2763/2763 2762/2762 2777/2777
f 2760/2760 2778/2778 2679/2679
f 2779/2779 2780/2780 2781/2781
f 2782/2782 2783/2783 2784/2784
f 2757/2757 2785/2785 2758/2758
f 2786/2786 2787/2787 2788/2788
f 2787/2787 2786/2786 2789/2789
f 2790/2790 2791/2791 2792/2792
f 2791/2791 2790/2790 2793/2793
f 2794/2794 2795/2795 2796/2796
f 2795/2795 2794/2794 2797/2797
f 2797/2797 2794/2794 2798/2798
f 2797/2797 2798/2798 2799/2799
f 2799/2799 2798/2798 2800/2800
f 2801/2801 2802/2802 2803/2803
f 2802/2802 2801/2801 2804/2804
f 2804/2804 2801/2801 2805/2805
f 2805/2805 2801/2801 2806/2806
f 2806/2806 2801/2801 2807/2807
f 2806/2806 2807/2807 2808/2808
f 2808/2808 2807/2807 2796/2796
f 2808/2808 2796/2796 2795/2795
f 2809/2809 2810/2810 2811/2811
f 2810/2810 2809/2809 2812/2812
f 2810/2810 2812/2812 2813/2813
f 2813/2813 2812/2812 2802/2802
f 2813/2813 2802/2802 2804/2804
f 2814/2814 2815/2815 2816/2816
f 2815/2815 2814/2814 2817/2817
f 2818/2818 2819/2819 2820/2820
f 2819/2819 2818/2818 2821/2821
f 2819/2819 2821/2821 2822/2822
f 2822/2822 2821/2821 2823/2823
f 2822/2822 2823/2823 2824/2824
f 2824/2824 2823/2823 2825/2825
f 2824/2824 2825/2825 2826/2826
f 2826/2826 2825/2825 2827/2827
f 2826/2826 2827/2827 2828/2828
f 2828/2828 2827/2827 2829/2829
f 2830/2830 2831/2831 2832/2832
f 2833/2833 2834/2834 2835/2835
f 2834/2834 2833/2833 2836/2836
f 2837/2837 2838/2838 2839/2839
f 2838/2838 2837/2837 2840/2840
f 2841/2841 2842/2842 2843/2843
f 2842/2842 2841/2841 2844/2844
f 2845/2845 2846/2846 2847/2847
f 2846/2846 2845/2845 2848/2848
f 2849/2849 2850/2850 2851/2851
f 2850/2850 2849/2849 2852/2852
f 2853/2853 2854/2854 2855/2855
f 2854/2854 2853/2853 2856/2856
f 2857/2857 2858/2858 2859/2859
f 2858/2858 2857/2857 2860/2860
f 2861/2861 2862/2862 2863/2863
f 2862/2862 2861/2861 2864/2864
f 2865/2865 2866/2866 2867/2867
f 2866/2866 2865/2865 2868/2868
f 2869/2869 2870/2870 2871/2871
f 2870/2870 2869/2869 2872/2872
f 2873/2873 2874/2874 2875/2875
f 2874/2874 2873/2873 2876/2876
f 2877/2877 2878/2878 2879/2879
f 2878/2878 2877/2877 2880/2880
f 2881/2881 2882/2882 2883/2883
f 2882/2882 2881/2881 2884/2884
f 2885/2885 2886/2886 2887/2887
f 2886/2886 2885/2885 2888/2888
f 2889/2889 2890/2890 2891/2891
f 2890/2890 2889/2889 2892/2892
f 2893/2893 2894/2894 2895/2895
f 2894/2894 2893/2893 2896/2896
f 2897/2897 2898/2898 2899/2899
f 2898/2898 2897/2897 2900/2900
f 2901/2901 2824/2824 2902/2902
f 2903/2903 2904/2904 2905/2905
f 2818/2818 2905/2905 2906/2906
f 2907/2907 2908/2908 2909/2909
f 2910/2910 2907/2907 2911/2911
f 2912/2912 2913/2913 2827/2827
f 2830/2830 2832/2832 2913/2913
f 2914/2914 2915/2915 2824/2824
f 2914/2914 2916/2916 2915/2915
f 2901/2901 2917/2917 2824/2824
f 2918/2918 2913/2913 2912/2912
f 2910/2910 2911/2911 2919/2919
f 2907/2907 2909/2909 2920/2920
f 2818/2818 2906/2906 2921/2921
f 2905/2905 2904/2904 2922/2922
f 2923/2923 2924/2924 2925/2925
f 2924/2924 2923/2923 2926/2926
f 2924/2924 2926/2926 2927/2927
f 2927/2927 2926/2926 2928/2928
f 2927/2927 2928/2928 2929/2929
f 2929/2929 2928/2928 2930/2930
f 2929/2929 2930/2930 2931/2931
f 2931/2931 2930/2930 2932/2932
f 2931/2931 2932/2932 2933/2933
f 2933/2933 2932/2932 2934/2934
f 2935/2935 2936/2936 2937/2937
f 2936/2936 2935/2935 2938/2938
f 2939/2939 2940/2940 2941/2941
f 2940/2940 2939/2939 2942/2942
f 2943/2943 2944/2944 2945/2945
f 2944/2944 2943/2943 2946/2946
f 2947/2947 2948/2948 2949/2949
f 2948/2948 2947/2947 2950/2950
f 2951/2951 2952/2952 2953/2953
f 2952/2952 2951/2951 2954/2954
f 2955/2955 2956/2956 2957/2957
f 2956/2956 2955/2955 2958/2958
f 2959/2959 2960/2960 2961/2961
f 2960/2960 2959/2959 2962/2962
f 2963/2963 2964/2964 2965/2965
f 2964/2964 2963/2963 2966/2966
f 2967/2967 2968/2968 2969/2969
f 2968/2968 2967/2967 2970/2970
f 2971/2971 2972/2972 2973/2973
f 2972/2972 2971/2971 2974/2974
f 2975/2975 2976/2976 2977/2977
f 2976/2976 2975/2975 2978/2978
f 2979/2979 2980/2980 2981/2981
f 2980/2980 2979/2979 2982/2982
f 2983/2983 2984/2984 2985/2985
f 2984/2984 2983/2983 2986/2986
f 2984/2984 2986/2986 2987/2987
f 2987/2987 2986/2986 2988/2988
f 2987/2987 2988/2988 2989/2989
f 2989/2989 2988/2988 2990/2990
f 2989/2989 2990/2990 2991/2991
f 2991/2991 2990/2990 2992/2992
f 2991/2991 2992/2992 2993/2993
f 2993/2993 2992/2992 2994/2994
f 2995/2995 2996/2996 2997/2997
f 2998/2998 2999/2999 3000/3000
f 2999/2999 2998/2998 3001/3001
f 3002/3002 3003/3003 3004/3004
f 3005/3005 3006/3006 3007/3007
f 3006/3006 3005/3005 3008/3008
f 3009/3009 3010/3010 3011/3011
f 3012/3012 3013/3013 3014/3014
f 3015/3015 3016/3016 3017/3017
f 3018/3018 3019/3019 3020/3020
f 3021/3021 3022/3022 3023/3023
f 3024/3024 3025/3025 3026/3026
f 3027/3027 3028/3028 3029/3029
f 3030/3030 3031/3031 3032/3032
f 3033/3033 3034/3034 3035/3035
f 3036/3036 3037/3037 3038/3038
f 3039/3039 3040/3040 3041/3041
f 3042/3042 3043/3043 3044/3044
f 3043/3043 3042/3042 3030/3030
f 3045/3045 3046/3046 3047/3047
f 3048/3048 3049/3049 3050/3050
f 3051/3051 3041/3041 3052/3052
f 3041/3041 3051/3051 3039/3039
f 3042/3042 3044/3044 3053/3053
f 3054/3054 3055/3055 3056/3056
f 3048/3048 3057/3057 3049/3049
f 3057/3057 3048/3048 3058/3058
f 3059/3059 3052/3052 3060/3060
f 3061/3061 3062/3062 3063/3063
f 3064/3064 3065/3065 3056/3056
f 3065/3065 3064/3064 3066/3066
f 3058/3058 3067/3067 3068/3068
f 3069/3069 3070/3070 3071/3071
f 3072/3072 3073/3073 3074/3074
f 3075/3075 3065/3065 3066/3066
f 3076/3076 3077/3077 3078/3078
f 3079/3079 3080/3080 3081/3081
f 3082/3082 3083/3083 3084/3084
f 3085/3085 3086/3086 3087/3087
f 3088/3088 3089/3089 3090/3090
f 3091/3091 3092/3092 3093/3093
f 3094/3094 3095/3095 3096/3096
f 3095/3095 3094/3094 3097/3097
f 3098/3098 3099/3099 3100/3100
f 3101/3101 3102/3102 3103/3103
f 3104/3104 3105/3105 3106/3106
f 3105/3105 3104/3104 3107/3107
f 3108/3108 3109/3109 3110/3110
f 3111/3111 3112/3112 3113/3113
f 3112/3112 3111/3111 3114/3114
f 3112/3112 3114/3114 3115/3115
f 3115/3115 3114/3114 3116/3116
f 3115/3115 3116/3116 3117/3117
f 3117/3117 3116/3116 3118/3118
f 3117/3117 3118/3118 3119/3119
f 3119/3119 3118/3118 3120/3120
f 3119/3119 3120/3120 3121/3121
f 3121/3121 3120/3120 3122/3122
f 3123/3123 3124/3124 3125/3125
f 3124/3124 3123/3123 3126/3126
f 3127/3127 3128/3128 3129/3129
f 3128/3128 3127/3127 3130/3130
f 3131/3131 3132/3132 3133/3133
f 3132/3132 3131/3131 3134/3134
f 3135/3135 3136/3136 3137/3137
f 3136/3136 3135/3135 3138/3138
f 3139/3139 3140/3140 3141/3141
f 3140/3140 3139/3139 3142/3142
f 3143/3143 3144/3144 3145/3145
f 3144/3144 3143/3143 3146/3146
f 3147/3147 3148/3148 3149/3149
f 3148/3148 3147/3147 3150/3150
f 3151/3151 3152/3152 3153/3153
f 3152/3152 3151/3151 3154/3154
f 3155/3155 3156/3156 3157/3157
f 3156/3156 3155/3155 3158/3158
f 3159/3159 3160/3160 3161/3161
f 3160/3160 3159/3159 3162/3162
f 3163/3163 3164/3164 3165/3165
f 3164/3164 3163/3163 3166/3166
f 3167/3167 3168/3168 3169/3169
f 3168/3168 3167/3167 3170/3170
f 3171/3171 3172/3172 3173/3173
f 3172/3172 3171/3171 3174/3174
f 3172/3172 3174/3174 3175/3175
f 3175/3175 3174/3174 3176/3176
f 3175/3175 3176/3176 3177/3177
f 3177/3177 3176/3176 3178/3178
f 3177/3177 3178/3178 3179/3179
f 3179/3179 3178/3178 3180/3180
f 3179/3179 3180/3180 3181/3181
f 3181/3181 3180/3180 3182/3182
f 3183/3183 3184/3184 3185/3185
f 3184/3184 3183/3183 3186/3186
f 3187/3187 3188/3188 3189/3189
f 3188/3188 3187/3187 3190/3190
f 3191/3191 3192/3192 3193/3193
f 3192/3192 3191/3191 3194/3194
f 3194/3194 3191/3191 3195/3195
f 3194/3194 3195/3195 3196/3196
f 3196/3196 3195/3195 3197/3197
f 3198/3198 3199/3199 3200/3200
f 3199/3199 3198/3198 3201/3201
f 3201/3201 3198/3198 3202/3202
f 3202/3202 3198/3198 3203/3203
f 3203/3203 3198/3198 3204/3204
f 3203/3203 3204/3204 3205/3205
f 3205/3205 3204/3204 3193/3193
f 3205/3205 3193/3193 3192/3192
f 3206/3206 3207/3207 3208/3208
f 3207/3207 3206/3206 3209/3209
f 3207/3207 3209/3209 3210/3210
f 3210/3210 3209/3209 3199/3199
f 3210/3210 3199/3199 3201/3201
f 3211/3211 3212/3212 3213/3213
f 3212/3212 3211/3211 3214/3214
f 3215/3215 3216/3216 3217/3217
f 3216/3216 3215/3215 3218/3218
f 3216/3216 3218/3218 3219/3219
f 3219/3219 3218/3218 3220/3220
f 3219/3219 3220/3220 3221/3221
f 3221/3221 3220/3220 3222/3222
f 3221/3221 3222/3222 3223/3223
f 3223/3223 3222/3222 3224/3224
f 3223/3223 3224/3224 3225/3225
f 3225/3225 3224/3224 3226/3226
f 3227/3227 3228/3228 3229/3229
f 3230/3230 3231/3231 3232/3232
f 3231/3231 3230/3230 3233/3233
f 3234/3234 3235/3235 3236/3236
f 3235/3235 3234/3234 3237/3237
f 3238/3238 3239/3239 3240/3240
f 3239/3239 3238/3238 3241/3241
f 3242/3242 3243/3243 3244/3244
f 3243/3243 3242/3242 3245/3245
f 3246/3246 3247/3247 3248/3248
f 3247/3247 3246/3246 3249/3249
f 3250/3250 3251/3251 3252/3252
f 3251/3251 3250/3250 3253/3253
f 3254/3254 3255/3255 3256/3256
f 3255/3255 3254/3254 3257/3257
f 3258/3258 3259/3259 3260/3260
f 3259/3259 3258/3258 3261/3261
f 3262/3262 3263/3263 3264/3264
f 3263/3263 3262/3262 3265/3265
f 3266/3266 3267/3267 3268/3268
f 3267/3267 3266/3266 3269/3269
f 3270/3270 3271/3271 3272/3272
f 3271/3271 3270/3270 3273/3273
f 3274/3274 3275/3275 3276/3276
f 3275/3275 3274/3274 3277/3277
f 3278/3278 3279/3279 3280/3280
f 3279/3279 3278/3278 3281/3281
f 3282/3282 3283/3283 3284/3284
f 3283/3283 3282/3282 3285/3285
f 3286/3286 3287/3287 3288/3288
f 3287/3287 3286/3286 3289/3289
f 3290/3290 3291/3291 3292/3292
f 3291/3291 3290/3290 3293/3293
f 3294/3294 3295/3295 3296/3296
f 3295/3295 3294/3294 3297/3297
f 3298/3298 3299/3299 3300/3300
f 3301/3301 3219/3219 3299/3299
f 3302/3302 3303/3303 3304/3304
f 3305/3305 3304/3304 3306/3306
f 3307/3307 3218/3218 3308/3308
f 3309/3309 3307/3307 3310/3310
f 3311/3311 3226/3226 3312/3312
f 3227/3227 3229/3229 3226/3226
f 3301/3301 3313/3313 3219/3219
f 3298/3298 3314/3314 3299/3299
f 3315/3315 3226/3226 3311/3311
f 3309/3309 3310/3310 3316/3316
f 3307/3307 3308/3308 3317/3317
f 3305/3305 3306/3306 3318/3318
f 3304/3304 3303/3303 3319/3319
f 3320/3320 3321/3321 3322/3322
f 3321/3321 3320/3320 3323/3323
f 3321/3321 3323/3323 3324/3324
f 3324/3324 3323/3323 3325/3325
f 3324/3324 3325/3325 3326/3326
f 3326/3326 3325/3325 3327/3327
f 3326/3326 3327/3327 3328/3328
f 3328/3328 3327/3327 3329/3329
f 3328/3328 3329/3329 3330/3330
f 3330/3330 3329/3329 3331/3331
f 3332/3332 3333/3333 3334/3334
f 3333/3333 3332/3332 3335/3335
f 3336/3336 3337/3337 3338/3338
f 3337/3337 3336/3336 3339/3339
f 3340/3340 3341/3341 3342/3342
f 3341/3341 3340/3340 3343/3343
f 3344/3344 3345/3345 3346/3346
f 3345/3345 3344/3344 3347/3347
f 3348/3348 3349/3349 3350/3350
f 3349/3349 3348/3348 3351/3351
f 3352/3352 3353/3353 3354/3354
f 3353/3353 3352/3352 3355/3355
f 3356/3356 3357/3357 3358/3358
f 3357/3357 3356/3356 3359/3359
f 3360/3360 3361/3361 3362/3362
f 3361/3361 3360/3360 3363/3363
f 3364/3364 3365/3365 3366/3366
f 3365/3365 3364/3364 3367/3367
f 3368/3368 3369/3369 3370/3370
f 3369/3369 3368/3368 3371/3371
f 3372/3372 3373/3373 3374/3374
f 3373/3373 3372/3372 3375/3375
f 3376/3376 3377/3377 3378/3378
f 3377/3377 3376/3376 3379/3379
f 3380/3380 3381/3381 3382/3382
f 3381/3381 3380/3380 3383/3383
f 3381/3381 3383/3383 3384/3384
f 3384/3384 3383/3383 3385/3385
f 3384/3384 3385/3385 3386/3386
f 3386/3386 3385/3385 3387/3387
f 3386/3386 3387/3387 3388/3388
f 3388/3388 3387/3387 3389/3389
f 3388/3388 3389/3389 3390/3390
f 3390/3390 3389/3389 3391/3391
f 3392/3392 3393/3393 3394/3394
f 3393/3393 3392/3392 3395/3395
f 3393/3393 3395/3395 3396/3396
f 3396/3396 3395/3395 3397/3397
f 3396/3396 3397/3397 3398/3398
f 3398/3398 3397/3397 3399/3399
f 3398/3398 3399/3399 3400/3400
f 3400/3400 3399/3399 3401/3401
f 3400/3400 3401/3401 3402/3402
f 3402/3402 3401/3401 3403/3403
f 3404/3404 3405/3405 3406/3406
f 3405/3405 3404/3404 3407/3407
f 3408/3408 3409/3409 3410/3410
f 3409/3409 3408/3408 3411/3411
f 3412/3412 3413/3413 3414/3414
f 3413/3413 3412/3412 3415/3415
f 3416/3416 3417/3417 3418/3418
f 3417/3417 3416/3416 3419/3419
f 3420/3420 3421/3421 3422/3422
f 3421/3421 3420/3420 3423/3423
f 3424/3424 3425/3425 3426/3426
f 3425/3425 3424/3424 3427/3427
f 3428/3428 3429/3429 3430/3430
f 3429/3429 3428/3428 3431/3431
f 3432/3432 3433/3433 3434/3434
f 3433/3433 3432/3432 3435/3435
f 3436/3436 3437/3437 3438/3438
f 3437/3437 3436/3436 3439/3439
f 3440/3440 3441/3441 3442/3442
f 3441/3441 3440/3440 3443/3443
f 3444/3444 3445/3445 3446/3446
f 3445/3445 3444/3444 3447/3447
f 3448/3448 3449/3449 3450/3450
f 3449/3449 3448/3448 3451/3451
f 3452/3452 3453/3453 3454/3454
f 3453/3453 3452/3452 3455/3455
f 3453/3453 3455/3455 3456/3456
f 3456/3456 3455/3455 3457/3457
f 3456/3456 3457/3457 3458/3458
f 3458/3458 3457/3457 3459/3459
f 3458/3458 3459/3459 3460/3460
f 3460/3460 3459/3459 3461/3461
f 3460/3460 3461/3461 3462/3462
f 3462/3462 3461/3461 3463/3463
f 3464/3464 3465/3465 3466/3466
f 3465/3465 3464/3464 3467/3467
f 3468/3468 3469/3469 3470/3470
f 3469/3469 3468/3468 3471/3471
f 3472/3472 3473/3473 3474/3474
f 3473/3473 3472/3472 3475/3475
f 3475/3475 3472/3472 3476/3476
f 3475/3475 3476/3476 3477/3477
f 3477/3477 3476/3476 3478/3478
f 3479/3479 3480/3480 3481/3481
f 3480/3480 3479/3479 3482/3482
f 3482/3482 3479/3479 3483/3483
f 3483/3483 3479/3479 3484/3484
f 3484/3484 3479/3479 3485/3485
f 3484/3484 3485/3485 3486/3486
f 3486/3486 3485/3485 3474/3474
f 3487/3487 3488/3488 3489/3489
f 3488/3488 3487/3487 3490/3490
f 3488/3488 3490/3490 3491/3491
f 3491/3491 3490/3490 3480/3480
f 3491/3491 3480/3480 3482/3482
f 3492/3492 3493/3493 3494/3494
f 3493/3493 3492/3492 3495/3495
f 3496/3496 3497/3497 3498/3498
f 3497/3497 3496/3496 3499/3499
f 3497/3497 3499/3499 3500/3500
f 3500/3500 3499/3499 3501/3501
f 3500/3500 3501/3501 3502/3502
f 3502/3502 3501/3501 3503/3503
f 3502/3502 3503/3503 3504/3504
f 3504/3504 3503/3503 3505/3505
f 3504/3504 3505/3505 3506/3506
f 3506/3506 3505/3505 3507/3507
f 3508/3508 3509/3509 3510/3510
f 3511/3511 3512/3512 3513/3513
f 3512/3512 3511/3511 3514/3514
f 3515/3515 3516/3516 3517/3517
f 3516/3516 3515/3515 3518/3518
f 3519/3519 3520/3520 3521/3521
f 3520/3520 3519/3519 3522/3522
f 3523/3523 3524/3524 3525/3525
f 3524/3524 3523/3523 3526/3526
f 3527/3527 3528/3528 3529/3529
f 3528/3528 3527/3527 3530/3530
f 3531/3531 3532/3532 3533/3533
f 3532/3532 3531/3531 3534/3534
f 3535/3535 3536/3536 3537/3537
f 3536/3536 3535/3535 3538/3538
f 3539/3539 3540/3540 3541/3541
f 3540/3540 3539/3539 3542/3542
f 3543/3543 3544/3544 3545/3545
f 3544/3544 3543/3543 3546/3546
f 3547/3547 3548/3548 3549/3549
f 3548/3548 3547/3547 3550/3550
f 3551/3551 3552/3552 3553/3553
f 3552/3552 3551/3551 3554/3554
f 3555/3555 3556/3556 3557/3557
f 3556/3556 3555/3555 3558/3558
f 3559/3559 3560/3560 3561/3561
f 3560/3560 3559/3559 3562/3562
f 3563/3563 3564/3564 3565/3565
f 3564/3564 3563/3563 3566/3566
f 3567/3567 3568/3568 3569/3569
f 3568/3568 3567/3567 3570/3570
f 3571/3571 3572/3572 3573/3573
f 3572/3572 3571/3571 3574/3574
f 3575/3575 3576/3576 3577/3577
f 3576/3576 3575/3575 3578/3578
f 3579/3579 3580/3580 3581/3581
f 3582/3582 3500/3500 3580/3580
f 3583/3583 3584/3584 3585/3585
f 3586/3586 3585/3585 3587/3587
f 3588/3588 3499/3499 3589/3589
f 3590/3590 3588/3588 3591/3591
f 3592/3592 3507/3507 3593/3593
f 3508/3508 3510/3510 3507/3507
f 3582/3582 3594/3594 3500/3500
f 3579/3579 3595/3595 3580/3580
f 3596/3596 3507/3507 3592/3592
f 3590/3590 3591/3591 3597/3597
f 3588/3588 3589/3589 3598/3598
f 3586/3586 3587/3587 3599/3599
f 3585/3585 3584/3584 3600/3600
f 3601/3601 3602/3602 3603/3603
f 3604/3604 3605/3605 3606/3606
f 3605/3605 3604/3604 3607/3607
f 3608/3608 3609/3609 3610/3610
f 3611/3611 3612/3612 3613/3613
f 3612/3612 3611/3611 3614/3614
f 3615/3615 3616/3616 3617/3617
f 3618/3618 3619/3619 3620/3620
f 3621/3621 3622/3622 3623/3623
f 3624/3624 3625/3625 3626/3626
f 3627/3627 3628/3628 3629/3629
f 3630/3630 3631/3631 3632/3632
f 3633/3633 3634/3634 3635/3635
f 3636/3636 3637/3637 3638/3638
f 3639/3639 3640/3640 3641/3641
f 3642/3642 3643/3643 3644/3644
f 3645/3645 3646/3646 3647/3647
f 3648/3648 3649/3649 3637/3637
f 3649/3649 3648/3648 3650/3650
f 3651/3651 3652/3652 3653/3653
f 3654/3654 3655/3655 3656/3656
f 3645/3645 3657/3657 3646/3646
f 3657/3657 3645/3645 3658/3658
f 3650/3650 3659/3659 3649/3649
f 3660/3660 3661/3661 3662/3662
f 3663/3663 3655/3655 3664/3664
f 3655/3655 3663/3663 3656/3656
f 3658/3658 3665/3665 3666/3666
f 3667/3667 3668/3668 3669/3669
f 3670/3670 3671/3671 3672/3672
f 3671/3671 3670/3670 3660/3660
f 3673/3673 3674/3674 3664/3664
f 3675/3675 3676/3676 3677/3677
f 3678/3678 3679/3679 3680/3680
f 3670/3670 3672/3672 3681/3681
f 3682/3682 3683/3683 3684/3684
f 3685/3685 3686/3686 3687/3687
f 3688/3688 3689/3689 3690/3690
f 3691/3691 3692/3692 3693/3693
f 3694/3694 3695/3695 3696/3696
f 3697/3697 3698/3698 3699/3699
f 3700/3700 3701/3701 3702/3702
f 3701/3701 3700/3700 3703/3703
f 3704/3704 3705/3705 3706/3706
f 3707/3707 3708/3708 3709/3709
f 3710/3710 3711/3711 3712/3712
f 3711/3711 3710/3710 3713/3713
f 3714/3714 3715/3715 3716/3716
f 3717/3717 3718/3718 3719/3719
f 3720/3720 3721/3721 3722/3722
f 3721/3721 3720/3720 3723/3723
f 3724/3724 3725/3725 3726/3726
f 3727/3727 3728/3728 3729/3729
f 3728/3728 3727/3727 3730/3730
f 3731/3731 3732/3732 3733/3733
f 3734/3734 3735/3735 3736/3736
f 3737/3737 3738/3738 3739/3739
f 3740/3740 3741/3741 3742/3742
f 3743/3743 3744/3744 3745/3745
f 3746/3746 3747/3747 3748/3748
f 3749/3749 3750/3750 3751/3751
f 3752/3752 3753/3753 3754/3754
f 3755/3755 3756/3756 3757/3757
f 3758/3758 3759/3759 3760/3760
f 3761/3761 3762/3762 3763/3763
f 3764/3764 3765/3765 3766/3766
f 3765/3765 3764/3764 3752/3752
f 3767/3767 3768/3768 3769/3769
f 3770/3770 3771/3771 3772/3772
f 3773/3773 3763/3763 3774/3774
f 3763/3763 3773/3773 3761/3761
f 3764/3764 3766/3766 3775/3775
f 3776/3776 3777/3777 3778/3778
f 3770/3770 3779/3779 3771/3771
f 3779/3779 3770/3770 3780/3780
f 3781/3781 3774/3774 3782/3782
f 3783/3783 3784/3784 3785/3785
f 3786/3786 3787/3787 3778/3778
f 3787/3787 3786/3786 3788/3788
f 3780/3780 3789/3789 3790/3790
f 3791/3791 3792/3792 3793/3793
f 3794/3794 3795/3795 3796/3796
f 3797/3797 3787/3787 3788/3788
f 3798/3798 3799/3799 3800/3800
f 3801/3801 3802/3802 3803/3803
f 3794/3794 3804/3804 3795/3795
f 3805/3805 3806/3806 3807/3807
f 3808/3808 3809/3809 3810/3810
f 3801/3801 3803/3803 3811/3811
f 3812/3812 3813/3813 3814/3814
f 3813/3813 3812/3812 3815/3815
f 3816/3816 3817/3817 3818/3818
f 3808/3808 3810/3810 3819/3819
f 3820/3820 3821/3821 3822/3822
f 3821/3821 3820/3820 3823/3823
f 3816/3816 3824/3824 3817/3817
f 3825/3825 3826/3826 3827/3827
f 3826/3826 3825/3825 3828/3828
f 3829/3829 3830/3830 3831/3831
f 3830/3830 3829/3829 3832/3832
f 3833/3833 3834/3834 3835/3835
f 3834/3834 3833/3833 3836/3836
f 3836/3836 3833/3833 3837/3837
f 3836/3836 3837/3837 3838/3838
f 3838/3838 3837/3837 3839/3839
f 3840/3840 3841/3841 3842/3842
f 3841/3841 3840/3840 3843/3843
f 3843/3843 3840/3840 3844/3844
f 3844/3844 3840/3840 3845/3845
f 3845/3845 3840/3840 3846/3846
f 3845/3845 3846/3846 3847/3847
f 3847/3847 3846/3846 3835/3835
f 3848/3848 3849/3849 3850/3850
f 3849/3849 3848/3848 3851/3851
f 3849/3849 3851/3851 3852/3852
f 3852/3852 3851/3851 3841/3841
f 3852/3852 3841/3841 3843/3843
f 3853/3853 3854/3854 3855/3855
f 3854/3854 3853/3853 3856/3856
f 3857/3857 3858/3858 3859/3859
f 3858/3858 3857/3857 3860/3860
f 3858/3858 3860/3860 3861/3861
f 3861/3861 3860/3860 3862/3862
f 3861/3861 3862/3862 3863/3863
f 3863/3863 3862/3862 3864/3864
f 3863/3863 3864/3864 3865/3865
f 3865/3865 3864/3864 3866/3866
f 3865/3865 3866/3866 3867/3867
f 3867/3867 3866/3866 3868/3868
f 3869/3869 3870/3870 3871/3871
f 3872/3872 3873/3873 3874/3874
f 3875/3875 3876/3876 3877/3877
f 3878/3878 3879/3879 3880/3880
f 3881/3881 3882/3882 3883/3883
f 3882/3882 3881/3881 3884/3884
f 3885/3885 3886/3886 3887/3887
f 3886/3886 3885/3885 3888/3888
f 3889/3889 3890/3890 3891/3891
f 3890/3890 3889/3889 3892/3892
f 3893/3893 3894/3894 3895/3895
f 3894/3894 3893/3893 3896/3896
f 3897/3897 3898/3898 3899/3899
f 3898/3898 3897/3897 3900/3900
f 3901/3901 3902/3902 3903/3903
f 3902/3902 3901/3901 3904/3904
f 3905/3905 3906/3906 3907/3907
f 3906/3906 3905/3905 3908/3908
f 3909/3909 3910/3910 3911/3911
f 3910/3910 3909/3909 3912/3912
f 3913/3913 3914/3914 3915/3915
f 3914/3914 3913/3913 3916/3916
f 3917/3917 3918/3918 3919/3919
f 3920/3920 3921/3921 3922/3922
f 3921/3921 3920/3920 3923/3923
f 3924/3924 3925/3925 3926/3926
f 3925/3925 3924/3924 3927/3927
f 3928/3928 3929/3929 3930/3930
f 3929/3929 3928/3928 3931/3931
f 3932/3932 3933/3933 3934/3934
f 3933/3933 3932/3932 3935/3935
f 3936/3936 3868/3868 3937/3937
f 3938/3938 3939/3939 3940/3940
f 3941/3941 3942/3942 3943/3943
f 3944/3944 3861/3861 3942/3942
f 3945/3945 3946/3946 3947/3947
f 3948/3948 3947/3947 3949/3949
f 3950/3950 3860/3860 3951/3951
f 3869/3869 3950/3950 3870/3870
f 3952/3952 3953/3953 3868/3868
f 3954/3954 3955/3955 3956/3956
f 3957/3957 3958/3958 3959/3959
f 3950/3950 3951/3951 3960/3960
f 3948/3948 3949/3949 3961/3961
f 3947/3947 3946/3946 3962/3962
f 3944/3944 3963/3963 3861/3861
f 3964/3964 3965/3965 3966/3966
f 3941/3941 3967/3967 3942/3942
f 3952/3952 3968/3968 3953/3953
f 3969/3969 3868/3868 3936/3936
f 3970/3970 3971/3971 3972/3972
f 3971/3971 3970/3970 3973/3973
f 3971/3971 3973/3973 3974/3974
f 3974/3974 3973/3973 3975/3975
f 3974/3974 3975/3975 3976/3976
f 3976/3976 3975/3975 3977/3977
f 3976/3976 3977/3977 3978/3978
f 3978/3978 3977/3977 3979/3979
f 3978/3978 3979/3979 3980/3980
f 3980/3980 3979/3979 3981/3981
f 3982/3982 3983/3983 3984/3984
f 3983/3983 3982/3982 3985/3985
f 3986/3986 3987/3987 3988/3988
f 3987/3987 3986/3986 3989/3989
f 3990/3990 3991/3991 3992/3992
f 3991/3991 3990/3990 3993/3993
f 3994/3994 3995/3995 3996/3996
f 3995/3995 3994/3994 3997/3997
f 3998/3998 3999/3999 4000/4000
f 3999/3999 3998/3998 4001/4001
f 4002/4002 4003/4003 4004/4004
f 4003/4003 4002/4002 4005/4005
f 4006/4006 4007/4007 4008/4008
f 4007/4007 4006/4006 4009/4009
f 4010/4010 4011/4011 4012/4012
f 4011/4011 4010/4010 4013/4013
f 4014/4014 4015/4015 4016/4016
f 4015/4015 4014/4014 4017/4017
f 4018/4018 4019/4019 4020/4020
f 4019/4019 4018/4018 4021/4021
f 4022/4022 4023/4023 4024/4024
f 4023/4023 4022/4022 4025/4025
f 4026/4026 4027/4027 4028/4028
f 4027/4027 4026/4026 4029/4029
f 4030/4030 4031/4031 4032/4032
f 4031/4031 4030/4030 4033/4033
f 4031/4031 4033/4033 4034/4034
f 4034/4034 4033/4033 4035/4035
f 4034/4034 4035/4035 4036/4036
f 4036/4036 4035/4035 4037/4037
f 4036/4036 4037/4037 4038/4038
f 4038/4038 4037/4037 4039/4039
f 4038/4038 4039/4039 4040/4040
f 4040/4040 4039/4039 4041/4041
f 4042/4042 4043/4043 4044/4044
f 4045/4045 4046/4046 4047/4047
f 4046/4046 4045/4045 4048/4048
f 4049/4049 4050/4050 4051/4051
f 4052/4052 4053/4053 4054/4054
f 4053/4053 4052/4052 4055/4055
f 4056/4056 4057/4057 4058/4058
f 4059/4059 4060/4060 4061/4061
f 4062/4062 4063/4063 4064/4064
f 4065/4065 4066/4066 4067/4067
f 4068/4068 4069/4069 4070/4070
f 4071/4071 4072/4072 4073/4073
f 4074/4074 4075/4075 4076/4076
f 4077/4077 4078/4078 4079/4079
f 4080/4080 4081/4081 4082/4082
f 4083/4083 4084/4084 4085/4085
f 4086/4086 4087/4087 4088/4088
f 4089/4089 4090/4090 4078/4078
f 4090/4090 4089/4089 4091/4091
f 4092/4092 4093/4093 4094/4094
f 4095/4095 4096/4096 4097/4097
f 4086/4086 4098/4098 4087/4087
f 4098/4098 4086/4086 4099/4099
f 4091/4091 4100/4100 4090/4090
f 4101/4101 4102/4102 4103/4103
f 4104/4104 4096/4096 4105/4105
f 4096/4096 4104/4104 4097/4097
f 4099/4099 4106/4106 4107/4107
f 4108/4108 4109/4109 4110/4110
f 4111/4111 4112/4112 4113/4113
f 4112/4112 4111/4111 4101/4101
f 4114/4114 4115/4115 4105/4105
f 4116/4116 4117/4117 4118/4118
f 4119/4119 4120/4120 4121/4121
f 4111/4111 4113/4113 4122/4122
f 4123/4123 4124/4124 4125/4125
f 4126/4126 4127/4127 4128/4128
f 4129/4129 4130/4130 4131/4131
f 4132/4132 4133/4133 4134/4134
f 4135/4135 4136/4136 4137/4137
f 4138/4138 4139/4139 4140/4140
f 4141/4141 4142/4142 4143/4143
f 4142/4142 4141/4141 4144/4144
f 4145/4145 4146/4146 4147/4147
f 4148/4148 4149/4149 4150/4150
f 4151/4151 4152/4152 4153/4153
f 4152/4152 4151/4151 4154/4154
f 4155/4155 4156/4156 4157/4157
f 4158/4158 4159/4159 4160/4160
f 4161/4161 4162/4162 4163/4163
f 4162/4162 4161/4161 4164/4164
f 4165/4165 4166/4166 4167/4167
f 4168/4168 4169/4169 4170/4170
f 4169/4169 4168/4168 4171/4171
f 4172/4172 4173/4173 4174/4174
f 4175/4175 4176/4176 4177/4177
f 4178/4178 4179/4179 4180/4180
f 4181/4181 4182/4182 4183/4183
f 4184/4184 4185/4185 4186/4186
f 4187/4187 4188/4188 4189/4189
f 4190/4190 4191/4191 4192/4192
f 4193/4193 4194/4194 4195/4195
f 4196/4196 4197/4197 4198/4198
f 4199/4199 4200/4200 4201/4201
f 4202/4202 4203/4203 4204/4204
f 4205/4205 4206/4206 4194/4194
f 4206/4206 4205/4205 4207/4207
f 4208/4208 4209/4209 4210/4210
f 4211/4211 4212/4212 4213/4213
f 4202/4202 4214/4214 4203/4203
f 4214/4214 4202/4202 4215/4215
f 4207/4207 4216/4216 4206/4206
f 4217/4217 4218/4218 4219/4219
f 4220/4220 4212/4212 4221/4221
f 4212/4212 4220/4220 4213/4213
f 4215/4215 4222/4222 4223/4223
f 4224/4224 4225/4225 4226/4226
f 4227/4227 4228/4228 4229/4229
f 4228/4228 4227/4227 4217/4217
f 4230/4230 4231/4231 4221/4221
f 4232/4232 4233/4233 4234/4234
f 4235/4235 4236/4236 4237/4237
f 4227/4227 4229/4229 4238/4238
f 4239/4239 4240/4240 4241/4241
f 4242/4242 4243/4243 4244/4244
f 4245/4245 4246/4246 4247/4247
f 4248/4248 4249/4249 4250/4250
f 4251/4251 4252/4252 4253/4253
f 4254/4254 4255/4255 4256/4256
f 4257/4257 4258/4258 4259/4259
f 4258/4258 4257/4257 4260/4260
f 4261/4261 4262/4262 4263/4263
f 4264/4264 4265/4265 4266/4266
f 4267/4267 4268/4268 4269/4269
f 4268/4268 4267/4267 4270/4270
f 4271/4271 4272/4272 4273/4273
f 4274/4274 4275/4275 4276/4276
f 4277/4277 4278/4278 4279/4279
f 4278/4278 4277/4277 4280/4280
f 4281/4281 4282/4282 4283/4283
f 4284/4284 4285/4285 4286/4286
f 4285/4285 4284/4284 4287/4287
f 4288/4288 4289/4289 4290/4290
f 4291/4291 4292/4292 4293/4293
f 4294/4294 4295/4295 4296/4296
f 4297/4297 4298/4298 4299/4299
f 4300/4300 4301/4301 4302/4302
f 4303/4303 4304/4304 4305/4305
f 4306/4306 4307/4307 4308/4308
f 4309/4309 4310/4310 4311/4311
f 4312/4312 4313/4313 4314/4314
f 4315/4315 4316/4316 4317/4317
f 4318/4318 4319/4319 4320/4320
f 4321/4321 4322/4322 4310/4310
f 4322/4322 4321/4321 4323/4323
f 4324/4324 4325/4325 4326/4326
f 4327/4327 4328/4328 4329/4329
f 4318/4318 4330/4330 4319/4319
f 4330/4330 4318/4318 4331/4331
f 4323/4323 4332/4332 4322/4322
f 4333/4333 4334/4334 4335/4335
f 4336/4336 4328/4328 4337/4337
f 4328/4328 4336/4336 4329/4329
f 4331/4331 4338/4338 4339/4339
f 4340/4340 4341/4341 4342/4342
f 4343/4343 4344/4344 4345/4345
f 4344/4344 4343/4343 4333/4333
f 4346/4346 4347/4347 4337/4337
f 4348/4348 4349/4349 4350/4350
f 4351/4351 4352/4352 4353/4353
f 4343/4343 4345/4345 4354/4354
f 4355/4355 4356/4356 4357/4357
f 4358/4358 4359/4359 4360/4360
f 4361/4361 4362/4362 4363/4363
f 4364/4364 4365/4365 4366/4366
f 4367/4367 4368/4368 4369/4369
f 4370/4370 4371/4371 4372/4372
f 4373/4373 4374/4374 4375/4375
f 4374/4374 4373/4373 4376/4376
f 4377/4377 4378/4378 4379/4379
f 4380/4380 4381/4381 4382/4382
f 4383/4383 4384/4384 4385/4385
f 4384/4384 4383/4383 4386/4386
f 4387/4387 4388/4388 4389/4389
f 4390/4390 4391/4391 4392/4392
f 4391/4391 4390/4390 4393/4393
f 4394/4394 4395/4395 4396/4396
f 4395/4395 4394/4394 4397/4397
f 4398/4398 4399/4399 4400/4400
f 4399/4399 4398/4398 4401/4401
f 4401/4401 4398/4398 4402/4402
f 4401/4401 4402/4402 4403/4403
f 4403/4403 4402/4402 4404/4404
f 4405/4405 4406/4406 4407/4407
f 4406/4406 4405/4405 4408/4408
f 4408/4408 4405/4405 4409/4409
f 4409/4409 4405/4405 4410/4410
f 4410/4410 4405/4405 4411/4411
f 4410/4410 4411/4411 4412/4412
f 4412/4412 4411/4411 4400/4400
f 4413/4413 4414/4414 4415/4415
f 4414/4414 4413/4413 4416/4416
f 4414/4414 4416/4416 4417/4417
f 4417/4417 4416/4416 4406/4406
f 4417/4417 4406/4406 4408/4408
f 4418/4418 4419/4419 4420/4420
f 4419/4419 4418/4418 4421/4421
f 4422/4422 4423/4423 4424/4424
f 4423/4423 4422/4422 4425/4425
f 4423/4423 4425/4425 4426/4426
f 4426/4426 4425/4425 4427/4427
f 4426/4426 4427/4427 4428/4428
f 4428/4428 4427/4427 4429/4429
f 4428/4428 4429/4429 4430/4430
f 4430/4430 4429/4429 4431/4431
f 4430/4430 4431/4431 4432/4432
f 4432/4432 4431/4431 4433/4433
f 4434/4434 4435/4435 4436/4436
f 4437/4437 4438/4438 4439/4439
f 4438/4438 4437/4437 4440/4440
f 4441/4441 4442/4442 4443/4443
f 4442/4442 4441/4441 4444/4444
f 4445/4445 4446/4446 4447/4447
f 4446/4446 4445/4445 4448/4448
f 4449/4449 4450/4450 4451/4451
f 4450/4450 4449/4449 4452/4452
f 4453/4453 4454/4454 4455/4455
f 4454/4454 4453/4453 4456/4456
f 4457/4457 4458/4458 4459/4459
f 4458/4458 4457/4457 4460/4460
f 4461/4461 4462/4462 4463/4463
f 4462/4462 4461/4461 4464/4464
f 4465/4465 4466/4466 4467/4467
f 4466/4466 4465/4465 4468/4468
f 4469/4469 4470/4470 4471/4471
f 4470/4470 4469/4469 4472/4472
f 4473/4473 4474/4474 4475/4475
f 4474/4474 4473/4473 4476/4476
f 4477/4477 4478/4478 4479/4479
f 4478/4478 4477/4477 4480/4480
f 4481/4481 4482/4482 4483/4483
f 4482/4482 4481/4481 4484/4484
f 4485/4485 4486/4486 4487/4487
f 4486/4486 4485/4485 4488/4488
f 4489/4489 4490/4490 4491/4491
f 4490/4490 4489/4489 4492/4492
f 4493/4493 4494/4494 4495/4495
f 4494/4494 4493/4493 4496/4496
f 4497/4497 4498/4498 4499/4499
f 4498/4498 4497/4497 4500/4500
f 4501/4501 4502/4502 4503/4503
f 4502/4502 4501/4501 4504/4504
f 4505/4505 4506/4506 4507/4507
f 4508/4508 4426/4426 4506/4506
f 4509/4509 4510/4510 4511/4511
f 4512/4512 4511/4511 4513/4513
f 4514/4514 4425/4425 4515/4515
f 4516/4516 4514/4514 4517/4517
f 4518/4518 4433/4433 4519/4519
f 4434/4434 4436/4436 4433/4433
f 4508/4508 4520/4520 4426/4426
f 4505/4505 4521/4521 4506/4506
f 4522/4522 4433/4433 4518/4518
f 4516/4516 4517/4517 4523/4523
f 4514/4514 4515/4515 4524/4524
f 4512/4512 4513/4513 4525/4525
f 4511/4511 4510/4510 4526/4526
f 4527/4527 4528/4528 4529/4529
f 4530/4530 4531/4531 4532/4532
f 4531/4531 4530/4530 4533/4533
f 4534/4534 4535/4535 4536/4536
f 4537/4537 4538/4538 4539/4539
f 4538/4538 4537/4537 4540/4540
f 4541/4541 4542/4542 4543/4543
f 4544/4544 4545/4545 4546/4546
f 4547/4547 4548/4548 4549/4549
f 4550/4550 4551/4551 4552/4552
f 4553/4553 4554/4554 4555/4555
f 4556/4556 4557/4557 4558/4558
f 4559/4559 4560/4560 4561/4561
f 4545/4545 4562/4562 4546/4546
f 4563/4563 4564/4564 4565/4565
f 4566/4566 4567/4567 4568/4568
f 4561/4561 4560/4560 4569/4569
f 4546/4546 4570/4570 4571/4571
f 4570/4570 4546/4546 4572/4572
f 4573/4573 4574/4574 4575/4575
f 4576/4576 4577/4577 4578/4578
f 4579/4579 4560/4560 4580/4580
f 4560/4560 4579/4579 4569/4569
f 4570/4570 4581/4581 4571/4571
f 4582/4582 4583/4583 4584/4584
f 4585/4585 4577/4577 4586/4586
f 4577/4577 4585/4585 4578/4578
f 4587/4587 4580/4580 4588/4588
f 4571/4571 4581/4581 4589/4589
f 4584/4584 4590/4590 4591/4591
f 4590/4590 4584/4584 4592/4592
f 4593/4593 4586/4586 4594/4594
f 4580/4580 4595/4595 4588/4588
f 4596/4596 4597/4597 4598/4598
f 4590/4590 4599/4599 4591/4591
f 4600/4600 4601/4601 4602/4602
f 4603/4603 4604/4604 4605/4605
f 4606/4606 4607/4607 4608/4608
f 4609/4609 4610/4610 4611/4611
f 4612/4612 4613/4613 4614/4614
f 4615/4615 4616/4616 4617/4617
f 4618/4618 4619/4619 4620/4620
f 4619/4619 4618/4618 4621/4621
f 4622/4622 4623/4623 4624/4624
f 4625/4625 4626/4626 4627/4627
f 4628/4628 4629/4629 4630/4630
f 4629/4629 4628/4628 4631/4631
f 4632/4632 4633/4633 4634/4634
f 4635/4635 4636/4636 4637/4637
f 4636/4636 4635/4635 4638/4638
f 4636/4636 4638/4638 4639/4639
f 4639/4639 4638/4638 4640/4640
f 4639/4639 4640/4640 4641/4641
f 4641/4641 4640/4640 4642/4642
f 4641/4641 4642/4642 4643/4643
f 4643/4643 4642/4642 4644/4644
f 4643/4643 4644/4644 4645/4645
f 4645/4645 4644/4644 4646/4646
f 4647/4647 4648/4648 4649/4649
f 4648/4648 4647/4647 4650/4650
f 4651/4651 4652/4652 4653/4653
f 4652/4652 4651/4651 4654/4654
f 4655/4655 4656/4656 4657/4657
f 4656/4656 4655/4655 4658/4658
f 4659/4659 4660/4660 4661/4661
f 4660/4660 4659/4659 4662/4662
f 4663/4663 4664/4664 4665/4665
f 4664/4664 4663/4663 4666/4666
f 4667/4667 4668/4668 4669/4669
f 4668/4668 4667/4667 4670/4670
f 4671/4671 4672/4672 4673/4673
f 4672/4672 4671/4671 4674/4674
f 4675/4675 4676/4676 4677/4677
f 4676/4676 4675/4675 4678/4678
f 4679/4679 4680/4680 4681/4681
f 4680/4680 4679/4679 4682/4682
f 4683/4683 4684/4684 4685/4685
f 4684/4684 4683/4683 4686/4686
f 4687/4687 4688/4688 4689/4689
f 4688/4688 4687/4687 4690/4690
f 4691/4691 4692/4692 4693/4693
f 4692/4692 4691/4691 4694/4694
f 4695/4695 4696/4696 4697/4697
f 4696/4696 4695/4695 4698/4698
f 4696/4696 4698/4698 4699/4699
f 4699/4699 4698/4698 4700/4700
f 4699/4699 4700/4700 4701/4701
f 4701/4701 4700/4700 4702/4702
f 4701/4701 4702/4702 4703/4703
f 4703/4703 4702/4702 4704/4704
f 4703/4703 4704/4704 4705/4705
f 4705/4705 4704/4704 4706/4706
f 4707/4707 4708/4708 4709/4709
f 4710/4710 4711/4711 4712/4712
f 4711/4711 4710/4710 4713/4713
f 4714/4714 4715/4715 4716/4716
f 4717/4717 4718/4718 4719/4719
f 4718/4718 4717/4717 4720/4720
f 4721/4721 4722/4722 4723/4723
f 4724/4724 4725/4725 4726/4726
f 4727/4727 4728/4728 4729/4729
f 4730/4730 4731/4731 4732/4732
f 4733/4733 4734/4734 4735/4735
f 4736/4736 4737/4737 4738/4738
f 4739/4739 4740/4740 4741/4741
f 4742/4742 4743/4743 4744/4744
f 4745/4745 4746/4746 4747/4747
f 4748/4748 4749/4749 4750/4750
f 4751/4751 4752/4752 4753/4753
f 4754/4754 4755/4755 4756/4756
f 4755/4755 4754/4754 4742/4742
f 4757/4757 4758/4758 4759/4759
f 4760/4760 4761/4761 4762/4762
f 4763/4763 4753/4753 4764/4764
f 4753/4753 4763/4763 4751/4751
f 4754/4754 4756/4756 4765/4765
f 4766/4766 4767/4767 4768/4768
f 4760/4760 4769/4769 4761/4761
f 4769/4769 4760/4760 4770/4770
f 4771/4771 4764/4764 4772/4772
f 4773/4773 4774/4774 4775/4775
f 4776/4776 4777/4777 4768/4768
f 4777/4777 4776/4776 4778/4778
f 4770/4770 4779/4779 4780/4780
f 4781/4781 4782/4782 4783/4783
f 4784/4784 4785/4785 4786/4786
f 4787/4787 4777/4777 4778/4778
f 4788/4788 4789/4789 4790/4790
f 4791/4791 4792/4792 4793/4793
f 4794/4794 4795/4795 4796/4796
f 4797/4797 4798/4798 4799/4799
f 4800/4800 4801/4801 4802/4802
f 4803/4803 4804/4804 4805/4805
f 4806/4806 4807/4807 4808/4808
f 4807/4807 4806/4806 4809/4809
f 4810/4810 4811/4811 4812/4812
f 4813/4813 4814/4814 4815/4815
f 4816/4816 4817/4817 4818/4818
f 4817/4817 4816/4816 4819/4819
f 4820/4820 4821/4821 4822/4822
f 4823/4823 4824/4824 4825/4825
f 4826/4826 4827/4827 4828/4828
f 4827/4827 4826/4826 4829/4829
f 4830/4830 4831/4831 4832/4832
f 4833/4833 4834/4834 4835/4835
f 4834/4834 4833/4833 4836/4836
f 4837/4837 4838/4838 4839/4839
f 4840/4840 4841/4841 4842/4842
f 4843/4843 4844/4844 4845/4845
f 4846/4846 4847/4847 4848/4848
f 4849/4849 4850/4850 4851/4851
f 4852/4852 4853/4853 4854/4854
f 4855/4855 4856/4856 4857/4857
f 4858/4858 4859/4859 4860/4860
f 4861/4861 4862/4862 4863/4863
f 4864/4864 4865/4865 4866/4866
f 4867/4867 4868/4868 4869/4869
f 4860/4860 4870/4870 4871/4871
f 4870/4870 4860/4860 4872/4872
f 4873/4873 4874/4874 4875/4875
f 4876/4876 4877/4877 4878/4878
f 4879/4879 4868/4868 4880/4880
f 4868/4868 4879/4879 4869/4869
f 4870/4870 4881/4881 4871/4871
f 4882/4882 4883/4883 4884/4884
f 4885/4885 4877/4877 4886/4886
f 4877/4877 4885/4885 4878/4878
f 4887/4887 4880/4880 4888/4888
f 4889/4889 4890/4890 4891/4891
f 4884/4884 4892/4892 4893/4893
f 4892/4892 4884/4884 4894/4894
f 4895/4895 4886/4886 4896/4896
f 4897/4897 4898/4898 4899/4899
f 4900/4900 4901/4901 4902/4902
f 4892/4892 4903/4903 4893/4893
f 4904/4904 4905/4905 4906/4906
f 4907/4907 4908/4908 4909/4909
f 4910/4910 4911/4911 4912/4912
f 4913/4913 4914/4914 4915/4915
f 4916/4916 4917/4917 4918/4918
f 4919/4919 4920/4920 4921/4921
f 4922/4922 4923/4923 4924/4924
f 4923/4923 4922/4922 4925/4925
f 4926/4926 4927/4927 4928/4928
f 4929/4929 4930/4930 4931/4931
f 4932/4932 4933/4933 4934/4934
f 4933/4933 4932/4932 4935/4935
f 4936/4936 4937/4937 4938/4938
f 4939/4939 4940/4940 4941/4941
f 4940/4940 4939/4939 4942/4942
f 4943/4943 4944/4944 4945/4945
f 4944/4944 4943/4943 4946/4946
f 4947/4947 4948/4948 4949/4949
f 4948/4948 4947/4947 4950/4950
f 4950/4950 4947/4947 4951/4951
f 4950/4950 4951/4951 4952/4952
f 4952/4952 4951/4951 4953/4953
f 4954/4954 4955/4955 4956/4956
f 4955/4955 4954/4954 4957/4957
f 4957/4957 4954/4954 4958/4958
f 4958/4958 4954/4954 4959/4959
f 4959/4959 4954/4954 4960/4960
f 4959/4959 4960/4960 4961/4961
f 4961/4961 4960/4960 4949/4949
f 4962/4962 4963/4963 4964/4964
f 4963/4963 4962/4962 4965/4965
f 4963/4963 4965/4965 4966/4966
f 4966/4966 4965/4965 4955/4955
f 4966/4966 4955/4955 4957/4957
f 4967/4967 4968/4968 4969/4969
f 4968/4968 4967/4967 4970/4970
f 4971/4971 4972/4972 4973/4973
f 4972/4972 4971/4971 4974/4974
f 4972/4972 4974/4974 4975/4975
f 4975/4975 4974/4974 4976/4976
f 4975/4975 4976/4976 4977/4977
f 4977/4977 4976/4976 4978/4978
f 4977/4977 4978/4978 4979/4979
f 4979/4979 4978/4978 4980/4980
f 4979/4979 4980/4980 4981/4981
f 4981/4981 4980/4980 4982/4982
f 4983/4983 4984/4984 4985/4985
f 4986/4986 4987/4987 4988/4988
f 4987/4987 4986/4986 4989/4989
f 4990/4990 4991/4991 4992/4992
f 4991/4991 4990/4990 4993/4993
f 4994/4994 4995/4995 4996/4996
f 4995/4995 4994/4994 4997/4997
f 4998/4998 4999/4999 5000/5000
f 4999/4999 4998/4998 5001/5001
f 5002/5002 5003/5003 5004/5004
f 5003/5003 5002/5002 5005/5005
f 5006/5006 5007/5007 5008/5008
f 5007/5007 5006/5006 5009/5009
f 5010/5010 5011/5011 5012/5012
f 5011/5011 5010/5010 5013/5013
f 5014/5014 5015/5015 5016/5016
f 5015/5015 5014/5014 5017/5017
f 5018/5018 5019/5019 5020/5020
f 5019/5019 5018/5018 5021/5021
f 5022/5022 5023/5023 5024/5024
f 5023/5023 5022/5022 5025/5025
f 5026/5026 5027/5027 5028/5028
f 5027/5027 5026/5026 5029/5029
f 5030/5030 5031/5031 5032/5032
f 5031/5031 5030/5030 5033/5033
f 5034/5034 5035/5035 5036/5036
f 5035/5035 5034/5034 5037/5037
f 5038/5038 5039/5039 5040/5040
f 5039/5039 5038/5038 5041/5041
f 5042/5042 5043/5043 5044/5044
f 5043/5043 5042/5042 5045/5045
f 5046/5046 5047/5047 5048/5048
f 5047/5047 5046/5046 5049/5049
f 5050/5050 5051/5051 5052/5052
f 5051/5051 5050/5050 5053/5053
f 5054/5054 5055/5055 5056/5056
f 5057/5057 4981/4981 5055/5055
f 5058/5058 5059/5059 5060/5060
f 5061/5061 5062/5062 5059/5059
f 4972/4972 5063/5063 5064/5064
f 5065/5065 5064/5064 5066/5066
f 4976/4976 5067/5067 5068/5068
f 4983/4983 4976/4976 4984/4984
f 5057/5057 5069/5069 4981/4981
f 5070/5070 5055/5055 5054/5054
f 4976/4976 5068/5068 5071/5071
f 5065/5065 5066/5066 5072/5072
f 5064/5064 5063/5063 5073/5073
f 5061/5061 5074/5074 5062/5062
f 5058/5058 5075/5075 5059/5059
f 5076/5076 5077/5077 5078/5078
f 5077/5077 5076/5076 5079/5079
f 5080/5080 5081/5081 5082/5082
f 5081/5081 5080/5080 5083/5083
f 5084/5084 5085/5085 5086/5086
f 5085/5085 5084/5084 5087/5087
f 5087/5087 5084/5084 5088/5088
f 5087/5087 5088/5088 5089/5089
f 5089/5089 5088/5088 5090/5090
f 5091/5091 5092/5092 5093/5093
f 5092/5092 5091/5091 5094/5094
f 5094/5094 5091/5091 5095/5095
f 5095/5095 5091/5091 5096/5096
f 5096/5096 5091/5091 5097/5097
f 5096/5096 5097/5097 5098/5098
f 5098/5098 5097/5097 5086/5086
f 5099/5099 5100/5100 5101/5101
f 5100/5100 5099/5099 5102/5102
f 5100/5100 5102/5102 5103/5103
f 5103/5103 5102/5102 5092/5092
f 5103/5103 5092/5092 5094/5094
f 5104/5104 5105/5105 5106/5106
f 5105/5105 5104/5104 5107/5107
f 5108/5108 5109/5109 5110/5110
f 5109/5109 5108/5108 5111/5111
f 5109/5109 5111/5111 5112/5112
f 5112/5112 5111/5111 5113/5113
f 5112/5112 5113/5113 5114/5114
f 5114/5114 5113/5113 5115/5115
f 5114/5114 5115/5115 5116/5116
f 5116/5116 5115/5115 5117/5117
f 5116/5116 5117/5117 5118/5118
f 5118/5118 5117/5117 5119/5119
f 5120/5120 5121/5121 5122/5122
f 5123/5123 5124/5124 5125/5125
f 5124/5124 5123/5123 5126/5126
f 5127/5127 5128/5128 5129/5129
f 5128/5128 5127/5127 5130/5130
f 5131/5131 5132/5132 5133/5133
f 5132/5132 5131/5131 5134/5134
f 5135/5135 5136/5136 5137/5137
f 5136/5136 5135/5135 5138/5138
f 5139/5139 5140/5140 5141/5141
f 5140/5140 5139/5139 5142/5142
f 5143/5143 5144/5144 5145/5145
f 5144/5144 5143/5143 5146/5146
f 5147/5147 5148/5148 5149/5149
f 5148/5148 5147/5147 5150/5150
f 5151/5151 5152/5152 5153/5153
f 5154/5154 5155/5155 5156/5156
f 5157/5157 5158/5158 5159/5159
f 5158/5158 5157/5157 5160/5160
f 5161/5161 5162/5162 5163/5163
f 5162/5162 5161/5161 5164/5164
f 5165/5165 5166/5166 5167/5167
f 5166/5166 5165/5165 5168/5168
f 5169/5169 5170/5170 5171/5171
f 5170/5170 5169/5169 5172/5172
f 5173/5173 5174/5174 5175/5175
f 5174/5174 5173/5173 5176/5176
f 5177/5177 5178/5178 5179/5179
f 5178/5178 5177/5177 5180/5180
f 5181/5181 5182/5182 5183/5183
f 5182/5182 5181/5181 5184/5184
f 5185/5185 5186/5186 5187/5187
f 5186/5186 5185/5185 5188/5188
f 5189/5189 5114/5114 5190/5190
f 5191/5191 5192/5192 5193/5193
f 5108/5108 5193/5193 5194/5194
f 5195/5195 5196/5196 5197/5197
f 5198/5198 5195/5195 5199/5199
f 5200/5200 5201/5201 5117/5117
f 5120/5120 5122/5122 5201/5201
f 5202/5202 5203/5203 5114/5114
f 5202/5202 5204/5204 5203/5203
f 5189/5189 5205/5205 5114/5114
f 5206/5206 5201/5201 5200/5200
f 5198/5198 5199/5199 5207/5207
f 5208/5208 5209/5209 5210/5210
f 5211/5211 5212/5212 5213/5213
f 5108/5108 5194/5194 5214/5214
f 5193/5193 5192/5192 5215/5215
f 5195/5195 5197/5197 5216/5216
f 5217/5217 5218/5218 5219/5219
f 5220/5220 5221/5221 5222/5222
f 5221/5221 5220/5220 5223/5223
f 5224/5224 5225/5225 5226/5226
f 5227/5227 5228/5228 5229/5229
f 5228/5228 5227/5227 5230/5230
f 5231/5231 5232/5232 5233/5233
f 5234/5234 5235/5235 5236/5236
f 5237/5237 5238/5238 5239/5239
f 5240/5240 5241/5241 5242/5242
f 5243/5243 5244/5244 5245/5245
f 5246/5246 5247/5247 5248/5248
f 5249/5249 5250/5250 5251/5251
f 5252/5252 5253/5253 5254/5254
f 5255/5255 5256/5256 5257/5257
f 5258/5258 5259/5259 5260/5260
f 5261/5261 5262/5262 5263/5263
f 5254/5254 5264/5264 5265/5265
f 5264/5264 5254/5254 5266/5266
f 5267/5267 5268/5268 5269/5269
f 5270/5270 5271/5271 5272/5272
f 5273/5273 5262/5262 5274/5274
f 5262/5262 5273/5273 5263/5263
f 5264/5264 5275/5275 5265/5265
f 5276/5276 5277/5277 5278/5278
f 5279/5279 5271/5271 5280/5280
f 5271/5271 5279/5279 5272/5272
f 5281/5281 5274/5274 5282/5282
f 5283/5283 5284/5284 5285/5285
f 5278/5278 5286/5286 5287/5287
f 5286/5286 5278/5278 5288/5288
f 5289/5289 5280/5280 5290/5290
f 5291/5291 5292/5292 5293/5293
f 5294/5294 5295/5295 5296/5296
f 5286/5286 5297/5297 5287/5287
f 5298/5298 5299/5299 5300/5300
f 5301/5301 5302/5302 5303/5303
f 5304/5304 5305/5305 5306/5306
f 5307/5307 5308/5308 5309/5309
f 5310/5310 5311/5311 5312/5312
f 5313/5313 5314/5314 5315/5315
f 5316/5316 5317/5317 5318/5318
f 5317/5317 5316/5316 5319/5319
f 5320/5320 5321/5321 5322/5322
f 5323/5323 5324/5324 5325/5325
f 5326/5326 5327/5327 5328/5328
f 5327/5327 5326/5326 5329/5329
f 5330/5330 5331/5331 5332/5332
f 5333/5333 5334/5334 5335/5335
f 5334/5334 5333/5333 5336/5336
f 5334/5334 5336/5336 5337/5337
f 5337/5337 5336/5336 5338/5338
f 5337/5337 5338/5338 5339/5339
f 5339/5339 5338/5338 5340/5340
f 5339/5339 5340/5340 5341/5341
f 5341/5341 5340/5340 5342/5342
f 5341/5341 5342/5342 5343/5343
f 5343/5343 5342/5342 5344/5344
f 5345/5345 5346/5346 5347/5347
f 5346/5346 5345/5345 5348/5348
f 5349/5349 5350/5350 5351/5351
f 5350/5350 5349/5349 5352/5352
f 5353/5353 5354/5354 5355/5355
f 5354/5354 5353/5353 5356/5356
f 5357/5357 5358/5358 5359/5359
f 5358/5358 5357/5357 5360/5360
f 5361/5361 5362/5362 5363/5363
f 5362/5362 5361/5361 5364/5364
f 5365/5365 5366/5366 5367/5367
f 5366/5366 5365/5365 5368/5368
f 5369/5369 5370/5370 5371/5371
f 5370/5370 5369/5369 5372/5372
f 5373/5373 5374/5374 5375/5375
f 5374/5374 5373/5373 5376/5376
f 5377/5377 5378/5378 5379/5379
f 5378/5378 5377/5377 5380/5380
f 5381/5381 5382/5382 5383/5383
f 5382/5382 5381/5381 5384/5384
f 5385/5385 5386/5386 5387/5387
f 5386/5386 5385/5385 5388/5388
f 5389/5389 5390/5390 5391/5391
f 5390/5390 5389/5389 5392/5392
f 5393/5393 5394/5394 5395/5395
f 5394/5394 5393/5393 5396/5396
f 5394/5394 5396/5396 5397/5397
f 5397/5397 5396/5396 5398/5398
f 5397/5397 5398/5398 5399/5399
f 5399/5399 5398/5398 5400/5400
f 5399/5399 5400/5400 5401/5401
f 5401/5401 5400/5400 5402/5402
f 5401/5401 5402/5402 5403/5403
f 5403/5403 5402/5402 5404/5404
f 5405/5405 5406/5406 5407/5407
f 5406/5406 5405/5405 5408/5408
f 5406/5406 5408/5408 5409/5409
f 5409/5409 5408/5408 5410/5410
f 5409/5409 5410/5410 5411/5411
f 5411/5411 5410/5410 5412/5412
f 5411/5411 5412/5412 5413/5413
f 5413/5413 5412/5412 5414/5414
f 5413/5413 5414/5414 5415/5415
f 5415/5415 5414/5414 5416/5416
f 5417/5417 5418/5418 5419/5419
f 5418/5418 5417/5417 5420/5420
f 5421/5421 5422/5422 5423/5423
f 5422/5422 5421/5421 5424/5424
f 5425/5425 5426/5426 5427/5427
f 5426/5426 5425/5425 5428/5428
f 5429/5429 5430/5430 5431/5431
f 5430/5430 5429/5429 5432/5432
f 5433/5433 5434/5434 5435/5435
f 5434/5434 5433/5433 5436/5436
f 5437/5437 5438/5438 5439/5439
f 5438/5438 5437/5437 5440/5440
f 5441/5441 5442/5442 5443/5443
f 5442/5442 5441/5441 5444/5444
f 5445/5445 5446/5446 5447/5447
f 5446/5446 5445/5445 5448/5448
f 5449/5449 5450/5450 5451/5451
f 5450/5450 5449/5449 5452/5452
f 5453/5453 5454/5454 5455/5455
f 5454/5454 5453/5453 5456/5456
f 5457/5457 5458/5458 5459/5459
f 5458/5458 5457/5457 5460/5460
f 5461/5461 5462/5462 5463/5463
f 5462/5462 5461/5461 5464/5464
f 5465/5465 5466/5466 5467/5467
f 5466/5466 5465/5465 5468/5468
f 5466/5466 5468/5468 5469/5469
f 5469/5469 5468/5468 5470/5470
f 5469/5469 5470/5470 5471/5471
f 5471/5471 5470/5470 5472/5472
f 5471/5471 5472/5472 5473/5473
f 5473/5473 5472/5472 5474/5474
f 5473/5473 5474/5474 5475/5475
f 5475/5475 5474/5474 5476/5476
f 5477/5477 5478/5478 5479/5479
f 5478/5478 5477/5477 5480/5480
f 5481/5481 5482/5482 5483/5483
f 5482/5482 5481/5481 5484/5484
f 5485/5485 5486/5486 5487/5487
f 5486/5486 5485/5485 5488/5488
f 5488/5488 5485/5485 5489/5489
f 5488/5488 5489/5489 5490/5490
f 5490/5490 5489/5489 5491/5491
f 5492/5492 5493/5493 5494/5494
f 5493/5493 5492/5492 5495/5495
f 5495/5495 5492/5492 5496/5496
f 5496/5496 5492/5492 5497/5497
f 5497/5497 5492/5492 5498/5498
f 5497/5497 5498/5498 5499/5499
f 5499/5499 5498/5498 5487/5487
f 5500/5500 5501/5501 5502/5502
f 5501/5501 5500/5500 5503/5503
f 5501/5501 5503/5503 5504/5504
f 5504/5504 5503/5503 5493/5493
f 5504/5504 5493/5493 5495/5495
f 5505/5505 5506/5506 5507/5507
f 5506/5506 5505/5505 5508/5508
f 5509/5509 5510/5510 5511/5511
f 5510/5510 5509/5509 5512/5512
f 5510/5510 5512/5512 5513/5513
f 5513/5513 5512/5512 5514/5514
f 5513/5513 5514/5514 5515/5515
f 5515/5515 5514/5514 5516/5516
f 5515/5515 5516/5516 5517/5517
f 5517/5517 5516/5516 5518/5518
f 5517/5517 5518/5518 5519/5519
f 5519/5519 5518/5518 5520/5520
f 5521/5521 5522/5522 5523/5523
f 5524/5524 5525/5525 5526/5526
f 5527/5527 5528/5528 5529/5529
f 5528/5528 5527/5527 5530/5530
f 5531/5531 5532/5532 5533/5533
f 5532/5532 5531/5531 5534/5534
f 5535/5535 5536/5536 5537/5537
f 5536/5536 5535/5535 5538/5538
f 5539/5539 5540/5540 5541/5541
f 5540/5540 5539/5539 5542/5542
f 5543/5543 5544/5544 5545/5545
f 5544/5544 5543/5543 5546/5546
f 5547/5547 5548/5548 5549/5549
f 5548/5548 5547/5547 5550/5550
f 5551/5551 5552/5552 5553/5553
f 5554/5554 5555/5555 5556/5556
f 5557/5557 5558/5558 5559/5559
f 5558/5558 5557/5557 5560/5560
f 5561/5561 5562/5562 5563/5563
f 5562/5562 5561/5561 5564/5564
f 5565/5565 5566/5566 5567/5567
f 5566/5566 5565/5565 5568/5568
f 5569/5569 5570/5570 5571/5571
f 5572/5572 5573/5573 5574/5574
f 5575/5575 5576/5576 5577/5577
f 5576/5576 5575/5575 5578/5578
f 5579/5579 5580/5580 5581/5581
f 5580/5580 5579/5579 5582/5582
f 5583/5583 5584/5584 5585/5585
f 5584/5584 5583/5583 5586/5586
f 5587/5587 5520/5520 5588/5588
f 5589/5589 5590/5590 5591/5591
f 5592/5592 5513/5513 5590/5590
f 5593/5593 5594/5594 5595/5595
f 5596/5596 5595/5595 5597/5597
f 5598/5598 5512/5512 5599/5599
f 5521/5521 5598/5598 5522/5522
f 5600/5600 5601/5601 5520/5520
f 5602/5602 5603/5603 5604/5604
f 5600/5600 5605/5605 5601/5601
f 5606/5606 5520/5520 5587/5587
f 5598/5598 5599/5599 5607/5607
f 5596/5596 5597/5597 5608/5608
f 5609/5609 5610/5610 5611/5611
f 5612/5612 5613/5613 5614/5614
f 5592/5592 5615/5615 5513/5513
f 5616/5616 5617/5617 5618/5618
f 5619/5619 5620/5620 5621/5621
f 5589/5589 5622/5622 5590/5590
f 5595/5595 5594/5594 5623/5623
f 5624/5624 5625/5625 5626/5626
f 5625/5625 5624/5624 5627/5627
f 5628/5628 5629/5629 5630/5630
f 5629/5629 5628/5628 5631/5631
f 5632/5632 5633/5633 5634/5634
f 5633/5633 5632/5632 5635/5635
f 5635/5635 5632/5632 5636/5636
f 5635/5635 5636/5636 5637/5637
f 5637/5637 5636/5636 5638/5638
f 5639/5639 5640/5640 5641/5641
f 5640/5640 5639/5639 5642/5642
f 5642/5642 5639/5639 5643/5643
f 5643/5643 5639/5639 5644/5644
f 5644/5644 5639/5639 5645/5645
f 5644/5644 5645/5645 5646/5646
f 5646/5646 5645/5645 5634/5634
f 5647/5647 5648/5648 5649/5649
f 5648/5648 5647/5647 5650/5650
f 5648/5648 5650/5650 5651/5651
f 5651/5651 5650/5650 5640/5640
f 5651/5651 5640/5640 5642/5642
f 5652/5652 5653/5653 5654/5654
f 5653/5653 5652/5652 5655/5655
f 5656/5656 5657/5657 5658/5658
f 5657/5657 5656/5656 5659/5659
f 5657/5657 5659/5659 5660/5660
f 5660/5660 5659/5659 5661/5661
f 5660/5660 5661/5661 5662/5662
f 5662/5662 5661/5661 5663/5663
f 5662/5662 5663/5663 5664/5664
f 5664/5664 5663/5663 5665/5665
f 5664/5664 5665/5665 5666/5666
f 5666/5666 5665/5665 5667/5667
f 5668/5668 5669/5669 5670/5670
f 5671/5671 5672/5672 5673/5673
f 5674/5674 5675/5675 5676/5676
f 5675/5675 5674/5674 5677/5677
f 5678/5678 5679/5679 5680/5680
f 5679/5679 5678/5678 5681/5681
f 5682/5682 5683/5683 5684/5684
f 5685/5685 5686/5686 5687/5687
f 5686/5686 5685/5685 5688/5688
f 5689/5689 5690/5690 5691/5691
f 5690/5690 5689/5689 5692/5692
f 5693/5693 5694/5694 5695/5695
f 5694/5694 5693/5693 5696/5696
f 5697/5697 5698/5698 5699/5699
f 5700/5700 5701/5701 5702/5702
f 5703/5703 5704/5704 5705/5705
f 5704/5704 5703/5703 5706/5706
f 5707/5707 5708/5708 5709/5709
f 5708/5708 5707/5707 5710/5710
f 5711/5711 5712/5712 5713/5713
f 5712/5712 5711/5711 5714/5714
f 5715/5715 5716/5716 5717/5717
f 5718/5718 5719/5719 5720/5720
f 5721/5721 5722/5722 5723/5723
f 5722/5722 5721/5721 5724/5724
f 5725/5725 5726/5726 5727/5727
f 5726/5726 5725/5725 5728/5728
f 5729/5729 5730/5730 5731/5731
f 5730/5730 5729/5729 5732/5732
f 5733/5733 5662/5662 5734/5734
f 5735/5735 5736/5736 5737/5737
f 5656/5656 5737/5737 5738/5738
f 5739/5739 5740/5740 5741/5741
f 5742/5742 5739/5739 5743/5743
f 5744/5744 5745/5745 5665/5665
f 5668/5668 5670/5670 5745/5745
f 5746/5746 5747/5747 5662/5662
f 5748/5748 5749/5749 5750/5750
f 5746/5746 5751/5751 5747/5747
f 5733/5733 5752/5752 5662/5662
f 5753/5753 5754/5754 5755/5755
f 5742/5742 5743/5743 5756/5756
f 5757/5757 5758/5758 5759/5759
f 5760/5760 5761/5761 5762/5762
f 5656/5656 5738/5738 5763/5763
f 5764/5764 5765/5765 5766/5766
f 5767/5767 5768/5768 5769/5769
f 5737/5737 5736/5736 5770/5770
f 5739/5739 5741/5741 5771/5771
f 5772/5772 5745/5745 5744/5744
f 5773/5773 5774/5774 5775/5775
f 5774/5774 5773/5773 5776/5776
f 5774/5774 5776/5776 5777/5777
f 5777/5777 5776/5776 5778/5778
f 5777/5777 5778/5778 5779/5779
f 5779/5779 5778/5778 5780/5780
f 5779/5779 5780/5780 5781/5781
f 5781/5781 5780/5780 5782/5782
f 5781/5781 5782/5782 5783/5783
f 5783/5783 5782/5782 5784/5784
f 5785/5785 5786/5786 5787/5787
f 5786/5786 5785/5785 5788/5788
f 5789/5789 5790/5790 5791/5791
f 5790/5790 5789/5789 5792/5792
f 5793/5793 5794/5794 5795/5795
f 5794/5794 5793/5793 5796/5796
f 5797/5797 5798/5798 5799/5799
f 5798/5798 5797/5797 5800/5800
f 5801/5801 5802/5802 5803/5803
f 5802/5802 5801/5801 5804/5804
f 5805/5805 5806/5806 5807/5807
f 5806/5806 5805/5805 5808/5808
f 5809/5809 5810/5810 5811/5811
f 5810/5810 5809/5809 5812/5812
f 5813/5813 5814/5814 5815/5815
f 5814/5814 5813/5813 5816/5816
f 5817/5817 5818/5818 5819/5819
f 5818/5818 5817/5817 5820/5820
f 5821/5821 5822/5822 5823/5823
f 5822/5822 5821/5821 5824/5824
f 5825/5825 5826/5826 5827/5827
f 5826/5826 5825/5825 5828/5828
f 5829/5829 5830/5830 5831/5831
f 5830/5830 5829/5829 5832/5832
f 5833/5833 5834/5834 5835/5835
f 5834/5834 5833/5833 5836/5836
f 5834/5834 5836/5836 5837/5837
f 5837/5837 5836/5836 5838/5838
f 5837/5837 5838/5838 5839/5839
f 5839/5839 5838/5838 5840/5840
f 5839/5839 5840/5840 5841/5841
f 5841/5841 5840/5840 5842/5842
f 5841/5841 5842/5842 5843/5843
f 5843/5843 5842/5842 5844/5844

