# https://github.com/mikedh/trimesh
v 3.23390918 -2.47039816 -1.28371514
v 3.23020304 -2.47949762 -1.28371623
v 3.22882098 -2.47903502 -1.28372037
v 3.23491452 -2.47148985 -1.28371747
v 3.28906568 -2.47039849 -1.28372247
v 3.28806112 -2.47148954 -1.28371886
v 3.29277748 -2.47949150 -1.28371813
v 3.29416791 -2.47904128 -1.28371627
v 3.29277939 -2.57337305 -1.28372052
v 3.23019906 -2.57337519 -1.28371678
v 3.22881200 -2.57382741 -1.28371825
v 3.23391079 -2.58247170 -1.28371625
v 3.23491689 -2.58137807 -1.28371459
v 3.28908051 -2.58247742 -1.28371175
v 3.28806919 -2.58137453 -1.28371661
v 3.29416138 -2.57382094 -1.28371002
v 3.22882292 -2.57382149 -1.28371624
v 3.23390400 -2.58247255 -1.28371508
v 3.22811755 -2.57404906 -1.28237311
v 3.22812526 -2.47881930 -1.28237735
v 3.22881422 -2.57383114 -1.28371088
v 3.22812063 -2.57404932 -1.28237579
v 3.22882207 -2.47903357 -1.28371517
v 3.23019408 -2.57337321 -1.28371498
v 3.22881982 -2.47904110 -1.28371056
v 3.23019751 -2.47949811 -1.28371400
v 3.23020283 -2.57336564 -1.28371690
v 3.23542479 -2.58083215 -1.28237902
v 3.23491447 -2.58137511 -1.28371538
v 3.23543227 -2.58083362 -1.28236822
v 3.28806285 -2.58137145 -1.28371931
v 3.23491658 -2.58137659 -1.28371363
v 3.28755678 -2.58083296 -1.28237999
v 3.29207708 -2.57314349 -1.28237094
v 3.29277524 -2.57337759 -1.28371424
v 3.28805899 -2.58138033 -1.28371522
v 3.29207378 -2.57314395 -1.28237704
v 3.29277630 -2.47949584 -1.28371685
v 3.29277858 -2.57337636 -1.28371211
v 3.29208534 -2.47971718 -1.28237026
v 3.28806702 -2.47148415 -1.28371734
v 3.29277034 -2.47949607 -1.28372062
v 3.28755063 -2.47203452 -1.28237699
v 3.28755215 -2.47203957 -1.28237374
v 3.23492083 -2.47148229 -1.28371769
v 3.28806801 -2.47148198 -1.28371317
v 3.23541806 -2.47203075 -1.28237346
v 3.23492108 -2.47148598 -1.28371615
v 3.23090212 -2.47972185 -1.28238217
v 3.23020221 -2.47949867 -1.28371344
v 3.23339976 -2.46984922 -1.28237808
v 3.23390671 -2.47039769 -1.28372340
v 3.22881709 -2.47903911 -1.28372224
v 3.23339156 -2.46984756 -1.28237594
v 3.28907265 -2.47039856 -1.28371058
v 3.23390850 -2.47039731 -1.28372341
v 3.28958403 -2.46984598 -1.28237064
v 3.28907489 -2.47039408 -1.28371619
v 3.29486322 -2.47881529 -1.28238051
v 3.29416659 -2.47904621 -1.28371856
v 3.29416180 -2.47904275 -1.28371525
v 3.29486006 -2.57405229 -1.28237276
v 3.29416075 -2.57382120 -1.28371627
v 3.29416076 -2.57383415 -1.28372271
v 3.28958186 -2.58301564 -1.28237588
v 3.28908109 -2.58247752 -1.28371991
v 3.28957580 -2.58301316 -1.28237736
v 3.23390631 -2.58247877 -1.28371480
v 3.28907784 -2.58247438 -1.28371700
v 3.23339586 -2.58301727 -1.28236943
v 3.22812309 -2.57404162 -1.28237784
v 3.23391095 -2.58247329 -1.28371543
v 3.23340085 -2.58301762 -1.28237815
v 3.22882783 -2.57382690 -1.28103809
v 3.22812004 -2.47881206 -1.28237672
v 3.22812784 -2.57404670 -1.28237537
v 3.22881408 -2.47904260 -1.28103297
v 3.22811684 -2.47881002 -1.28236860
v 3.23019776 -2.47950013 -1.28372450
v 3.23089714 -2.57315751 -1.28237922
v 3.23020767 -2.57337476 -1.28371431
v 3.23089898 -2.47971362 -1.28237401
v 3.23089940 -2.57313553 -1.28237604
v 3.23542250 -2.58082990 -1.28237493
v 3.23020678 -2.57337699 -1.28371451
v 3.23492275 -2.58138016 -1.28102962
v 3.28755293 -2.58082158 -1.28237752
v 3.23542549 -2.58083483 -1.28237613
v 3.28806394 -2.58137458 -1.28103263
v 3.29208180 -2.57315095 -1.28237800
v 3.28807467 -2.58137352 -1.28372067
v 3.28755096 -2.58083448 -1.28237487
v 3.29277601 -2.47949844 -1.28103525
v 3.29208804 -2.57314369 -1.28237624
v 3.29277502 -2.57337547 -1.28104166
v 3.29208297 -2.47972462 -1.28237868
v 3.29208003 -2.47971761 -1.28237933
v 3.28805839 -2.47148494 -1.28102732
v 3.23542352 -2.47203334 -1.28237592
v 3.28755732 -2.47204042 -1.28237155
v 3.23492411 -2.47148495 -1.28102809
v 3.23490478 -2.47148641 -1.28371773
v 3.23542667 -2.47203797 -1.28237457
v 3.23090248 -2.47972148 -1.28237658
v 3.23391347 -2.47040194 -1.28102625
v 3.28957832 -2.46985267 -1.28237591
v 3.23339731 -2.46984693 -1.28237343
v 3.28907254 -2.47040193 -1.28102908
v 3.28958136 -2.46984999 -1.28237316
v 3.29485938 -2.47881443 -1.28237591
v 3.28907585 -2.47040351 -1.28371513
v 3.29485995 -2.47881330 -1.28237610
v 3.29486208 -2.57405476 -1.28237016
v 3.29415598 -2.47904273 -1.28371672
v 3.29416828 -2.57382552 -1.28371860
v 3.29485530 -2.57405134 -1.28237486
v 3.28958420 -2.58301303 -1.28238072
v 3.28908258 -2.58247407 -1.28103367
v 3.23340661 -2.58301564 -1.28237621
v 3.28957849 -2.58301216 -1.28237092
v 3.23390335 -2.58246477 -1.28102658
v 3.22881445 -2.57382978 -1.28103402
v 3.22812304 -2.57405312 -1.28237775
v 3.23340403 -2.58301403 -1.28237632
v 3.22881877 -2.57382129 -1.28103451
v 3.23020029 -2.57336975 -1.28102746
v 3.22881680 -2.47903418 -1.28103448
v 3.23390295 -2.58247590 -1.28102978
v 3.23491634 -2.58137946 -1.28103404
v 3.28907230 -2.58247644 -1.28102883
v 3.28806705 -2.58137943 -1.28103106
v 3.29277362 -2.57337135 -1.28102991
v 3.29416879 -2.57383085 -1.28102885
v 3.29277760 -2.47949694 -1.28102799
v 3.23019705 -2.47948731 -1.28103547
v 3.23391226 -2.47040200 -1.28102578
v 3.23491794 -2.47148681 -1.28103005
v 3.28907898 -2.47039889 -1.28104178
v 3.28806101 -2.47148671 -1.28103197
v 3.29416559 -2.47903475 -1.28103083
v 3.23390291 -2.47039227 -1.28102605
v 3.22812140 -2.47880651 -1.28237614
v 3.22881150 -2.47903930 -1.28102607
v 3.23339724 -2.46984197 -1.28237826
v 3.23090459 -2.57314333 -1.28237538
v 3.23020683 -2.47950137 -1.28102498
v 3.23020239 -2.57337552 -1.28102734
v 3.23090500 -2.47971747 -1.28236702
v 3.23090508 -2.57314046 -1.28237688
v 3.23491985 -2.58137538 -1.28103032
v 3.23542842 -2.58082903 -1.28237150
v 3.29277548 -2.57337477 -1.28103347
v 3.28755269 -2.58082613 -1.28237511
v 3.28806702 -2.58138260 -1.28103778
v 3.29207844 -2.57314099 -1.28237063
v 3.28755744 -2.58083380 -1.28237529
v 3.29277472 -2.57337475 -1.28103999
v 3.28806063 -2.47148817 -1.28102436
v 3.29208314 -2.47971502 -1.28237631
v 3.29277490 -2.47951069 -1.28102845
v 3.28755828 -2.47202867 -1.28237667
v 3.23491980 -2.47149017 -1.28103482
v 3.23019987 -2.47949688 -1.28102499
v 3.23542725 -2.47203859 -1.28237423
v 3.23542809 -2.47203815 -1.28237034
v 3.23019530 -2.47949637 -1.28102767
v 3.23089568 -2.47971906 -1.28236976
v 3.28957940 -2.46985611 -1.28237761
v 3.28907949 -2.47039649 -1.28103029
v 3.29416431 -2.47903590 -1.28103301
v 3.28957651 -2.46984899 -1.28237690
v 3.29416208 -2.47903366 -1.28103401
v 3.29486832 -2.47880740 -1.28238144
v 3.29486029 -2.47881337 -1.28237774
v 3.29415972 -2.57382752 -1.28102738
v 3.29485885 -2.57404350 -1.28237366
v 3.29486044 -2.57404497 -1.28237235
v 3.28907614 -2.58247382 -1.28102321
v 3.28958079 -2.58301623 -1.28238091
v 3.22881737 -2.57383104 -1.28103692
v 3.23339979 -2.58301435 -1.28236980
v 3.23390979 -2.58246940 -1.28103502
v 3.29416251 -2.57382612 -1.28102691
v 3.28907516 -2.58246941 -1.28103221
v 3.29486223 -2.57404899 -1.28237964
v 3.29486152 -2.47881594 -1.28238218
v 3.29416632 -2.47904010 -1.28103357
v 3.29416113 -2.57382606 -1.28102440
v 3.23090023 -2.57314361 -1.28236945
v 3.23020471 -2.57336926 -1.28103211
v 3.23492243 -2.58137779 -1.28102608
v 3.39140968 -2.78688871 -1.26288949
v 3.38562668 -2.79530504 -1.26155005
v 3.38613258 -2.79584535 -1.26289927
v 3.38562686 -2.79530230 -1.26155076
v 3.32477960 -2.79585390 -1.26289277
v 3.38613125 -2.79584801 -1.26290034
v 3.32528349 -2.79530351 -1.26155521
v 3.39072275 -2.78665779 -1.26424175
v 3.39140767 -2.78689176 -1.26289422
v 3.38613076 -2.79585583 -1.26289532
v 3.39072906 -2.78665664 -1.26154739
v 3.38562827 -2.79530061 -1.26155557
v 3.39141190 -2.78688467 -1.26289449
v 3.32019701 -2.78666030 -1.26155135
v 3.32158147 -2.78621394 -1.26155499
v 3.32019960 -2.68786047 -1.26154331
v 3.32528602 -2.79530018 -1.26154682
v 3.32629858 -2.79421924 -1.26155023
v 3.38562060 -2.79530489 -1.26154799
v 3.38461118 -2.79421252 -1.26154553
v 3.38933490 -2.78620250 -1.26154683
v 3.39072695 -2.78665713 -1.26154557
v 3.38933325 -2.68832060 -1.26154913
v 3.32158212 -2.68832071 -1.26155271
v 3.32527673 -2.67922017 -1.26155526
v 3.32630085 -2.68030595 -1.26155237
v 3.38562534 -2.67921528 -1.26154823
v 3.38462049 -2.68031296 -1.26154744
v 3.39071755 -2.68786914 -1.26154803
v 3.32019543 -2.78665474 -1.26154106
v 3.32477617 -2.79585345 -1.26289007
v 3.32528508 -2.79529914 -1.26155427
v 3.38613654 -2.79585111 -1.26289388
v 3.32528693 -2.79530839 -1.26424190
v 3.38563288 -2.79530251 -1.26423732
v 3.32478254 -2.79584914 -1.26289891
v 3.39071633 -2.78665265 -1.26423714
v 3.39141688 -2.68763999 -1.26288907
v 3.39141492 -2.78688381 -1.26289229
v 3.39071712 -2.68787376 -1.26424190
v 3.39072655 -2.78665266 -1.26423908
v 3.38613408 -2.79584650 -1.26289507
v 3.38562240 -2.79529873 -1.26423587
v 3.39140380 -2.68763885 -1.26289386
v 3.39072208 -2.78665712 -1.26155282
v 3.39141312 -2.78688454 -1.26289546
v 3.39071877 -2.68786165 -1.26155403
v 3.38612901 -2.67868160 -1.26289232
v 3.38563066 -2.67921845 -1.26154679
v 3.39072193 -2.68786519 -1.26154851
v 3.32528461 -2.67921597 -1.26155170
v 3.38612469 -2.67867041 -1.26288723
v 3.32477899 -2.67867410 -1.26289708
v 3.38562596 -2.67922040 -1.26155517
v 3.32528457 -2.67922627 -1.26155256
v 3.31949491 -2.68764175 -1.26290110
v 3.32020249 -2.68786454 -1.26155780
v 3.32019544 -2.78666032 -1.26155303
v 3.31949389 -2.68763470 -1.26289596
v 3.31950133 -2.78688364 -1.26288908
v 3.32019070 -2.68785976 -1.26154542
v 3.32019998 -2.78664846 -1.26154955
v 3.31950270 -2.78688855 -1.26289001
v 3.32478337 -2.79585228 -1.26288620
v 3.32019657 -2.68786648 -1.26423849
v 3.32158154 -2.68831642 -1.26423486
v 3.32019913 -2.78666688 -1.26423381
v 3.32528428 -2.67922531 -1.26423538
v 3.32630346 -2.68031564 -1.26422813
v 3.38562274 -2.67922731 -1.26424221
v 3.38462222 -2.68031227 -1.26423917
v 3.38933325 -2.68832080 -1.26424041
v 3.39071772 -2.68786377 -1.26423376
v 3.38932940 -2.78620360 -1.26423467
v 3.32158027 -2.78620648 -1.26424176
v 3.32528063 -2.79530325 -1.26424059
v 3.32630372 -2.79421276 -1.26423613
v 3.38562631 -2.79530612 -1.26423808
v 3.38461668 -2.79421539 -1.26423607
v 3.39072311 -2.78665710 -1.26423107
v 3.31949706 -2.78688366 -1.26289601
v 3.32528656 -2.79530687 -1.26423340
v 3.32478340 -2.79584589 -1.26289934
v 3.38562552 -2.67922405 -1.26423979
v 3.39141088 -2.68763810 -1.26289449
v 3.39072006 -2.68786867 -1.26423700
v 3.39141698 -2.68764114 -1.26289442
v 3.32478243 -2.67867189 -1.26289467
v 3.38562738 -2.67922443 -1.26423764
v 3.32528206 -2.67921858 -1.26423813
v 3.38613053 -2.67867717 -1.26289130
v 3.32478540 -2.67867036 -1.26288577
v 3.31949931 -2.68763296 -1.26289490
v 3.32528718 -2.67921916 -1.26154932
v 3.31950207 -2.68763881 -1.26289426
v 3.32019983 -2.78665093 -1.26424100
v 3.31949250 -2.78688756 -1.26289407
v 3.32019843 -2.68786616 -1.26423313
v 3.32020154 -2.78665791 -1.26423955
v 3.32528430 -2.79530503 -1.26423860
v 3.31949340 -2.78688747 -1.26289607
v 3.32478198 -2.67867469 -1.26289181
v 3.32528358 -2.67922228 -1.26423562
v 3.32019684 -2.68786568 -1.26423513
v 3.38613201 -2.67867273 -1.26289518
v 3.32478536 -2.67867302 -1.26289638
v 3.32019717 -2.68787125 -1.26424146
v 3.31949220 -2.68764028 -1.26288923
v 3.22127958 -2.47998962 -1.25175346
v 3.22422824 -2.48094726 -1.25175118
v 3.22127493 -2.57259056 -1.25175762
v 3.23208671 -2.46164291 -1.25175461
v 3.23424019 -2.46396158 -1.25175957
v 3.29011291 -2.46164441 -1.25175568
v 3.28796547 -2.46396143 -1.25175221
v 3.29796762 -2.48095178 -1.25175582
v 3.30091569 -2.47999706 -1.25175233
v 3.29797108 -2.57163358 -1.25175790
v 3.22423024 -2.57163763 -1.25175704
v 3.23208676 -2.59094592 -1.25175085
v 3.23424550 -2.58862065 -1.25175750
v 3.29011369 -2.59094659 -1.25175491
v 3.28796828 -2.58862015 -1.25175745
v 3.30092157 -2.57259011 -1.25174663
v 3.23101046 -2.46048798 -1.24890045
v 3.23207603 -2.46164757 -1.25175450
v 3.22127995 -2.47999883 -1.25175440
v 3.23101017 -2.46048168 -1.24890423
v 3.29011365 -2.46164641 -1.25175124
v 3.23207751 -2.46164683 -1.25175049
v 3.29118756 -2.46049055 -1.24889939
v 3.29011605 -2.46164656 -1.25175795
v 3.30238726 -2.47951263 -1.24890406
v 3.30091295 -2.47999566 -1.25175368
v 3.29118700 -2.46048491 -1.24890034
v 3.30092389 -2.57258604 -1.25175060
v 3.30238468 -2.47952173 -1.24890103
v 3.30239041 -2.57307916 -1.24889968
v 3.30091743 -2.47999111 -1.25175471
v 3.30092195 -2.57260138 -1.25175515
v 3.29118839 -2.59210697 -1.24889343
v 3.29011265 -2.59093515 -1.25175602
v 3.29118807 -2.59209684 -1.24889956
v 3.23208815 -2.59093952 -1.25175875
v 3.29011323 -2.59094427 -1.25175268
v 3.23101107 -2.59210161 -1.24890104
v 3.22128160 -2.57259474 -1.25175598
v 3.23208331 -2.59094313 -1.25174928
v 3.21980858 -2.57307237 -1.24889538
v 3.21980255 -2.47950943 -1.24890484
v 3.22128044 -2.47999079 -1.25174717
v 3.22127870 -2.57259497 -1.25174895
v 3.23100740 -2.46048321 -1.24890186
v 3.22127831 -2.47999211 -1.25175113
v 3.21980359 -2.47950994 -1.24889999
v 3.23208258 -2.46163947 -1.24604532
v 3.29118562 -2.46048690 -1.24889767
v 3.23101126 -2.46049176 -1.24889659
v 3.29011478 -2.46163810 -1.24604817
v 3.30239088 -2.47950025 -1.24890133
v 3.29011105 -2.46164462 -1.24604515
v 3.30091588 -2.47999620 -1.24604781
v 3.29117655 -2.46048886 -1.24889757
v 3.30238786 -2.47951773 -1.24889318
v 3.30091493 -2.57259664 -1.24605100
v 3.30239046 -2.57307608 -1.24890105
v 3.30092063 -2.47999301 -1.24604919
v 3.30091117 -2.57259289 -1.25175890
v 3.30238172 -2.57306928 -1.24890573
v 3.29118966 -2.59210444 -1.24890337
v 3.29011662 -2.59094462 -1.24604811
v 3.23101466 -2.59209692 -1.24890204
v 3.29119303 -2.59209476 -1.24889458
v 3.23208968 -2.59093881 -1.24603849
v 3.21981580 -2.57307762 -1.24889715
v 3.23208974 -2.59094027 -1.25175285
v 3.23101508 -2.59209780 -1.24889989
v 3.21980845 -2.47950601 -1.24889943
v 3.22128386 -2.57259076 -1.25174710
v 3.21981189 -2.57307318 -1.24889993
v 3.23208265 -2.46164437 -1.24605359
v 3.21980315 -2.47950889 -1.24890105
v 3.22128357 -2.47999511 -1.24604489
v 3.23101374 -2.46048001 -1.24889805
v 3.23208804 -2.59094241 -1.24604943
v 3.22423417 -2.57163090 -1.24605420
v 3.22128572 -2.57259544 -1.24604639
v 3.23423313 -2.58861996 -1.24605265
v 3.29011525 -2.59094171 -1.24605067
v 3.28796411 -2.58862303 -1.24605632
v 3.29797460 -2.57162987 -1.24605128
v 3.30091505 -2.57259712 -1.24604588
v 3.29797362 -2.48095362 -1.24604607
v 3.22127769 -2.47999506 -1.24604771
v 3.22423058 -2.48095474 -1.24605931
v 3.23209001 -2.46164425 -1.24605633
v 3.23423817 -2.46396459 -1.24604847
v 3.29011842 -2.46164838 -1.24604679
v 3.28796896 -2.46396158 -1.24604320
v 3.30092297 -2.47999486 -1.24604257
v 3.30091611 -2.57259640 -1.24605330
v 3.29011435 -2.59093635 -1.24604452
v 3.30239194 -2.57307701 -1.24890289
v 3.30238779 -2.57307095 -1.24890426
v 3.29011810 -2.59094068 -1.24604889
v 3.29119484 -2.59210329 -1.24889428
v 3.22127626 -2.57259781 -1.24605569
v 3.23101028 -2.59209918 -1.24889787
v 3.23208859 -2.59093951 -1.24605411
v 3.22127658 -2.57259342 -1.24604432
v 3.21980571 -2.57307957 -1.24890669
v 3.23101054 -2.59209531 -1.24890154
v 3.22127771 -2.57259697 -1.24605143
v 3.21980816 -2.47951398 -1.24890412
v 3.21980640 -2.57307283 -1.24889795
v 3.22128388 -2.47999445 -1.24605614
v 3.22422786 -2.57163250 -1.25175862
v 3.23531104 -2.58746689 -1.24890300
v 3.23424019 -2.58862159 -1.25174812
v 3.23530641 -2.58746021 -1.24889721
v 3.28795468 -2.58862278 -1.25174745
v 3.23423886 -2.58862415 -1.25175435
v 3.28688703 -2.58746380 -1.24890770
v 3.22570162 -2.57114922 -1.24890082
v 3.23530865 -2.58746501 -1.24889009
v 3.22423498 -2.57163662 -1.25174697
v 3.23423549 -2.58861956 -1.24605184
v 3.28688845 -2.58746148 -1.24890372
v 3.23530702 -2.58746111 -1.24890525
v 3.28796080 -2.58862032 -1.24605717
v 3.29649366 -2.57115498 -1.24890596
v 3.28796197 -2.58861985 -1.25175231
v 3.28688842 -2.58746254 -1.24889484
v 3.22422598 -2.48095222 -1.25174577
v 3.22570794 -2.57115041 -1.24890152
v 3.22422786 -2.57162917 -1.25175091
v 3.22570537 -2.48143430 -1.24890745
v 3.22570617 -2.57115625 -1.24890125
v 3.23423845 -2.58861925 -1.24604676
v 3.23531882 -2.58746007 -1.24890364
v 3.29796801 -2.57162456 -1.24605213
v 3.28689192 -2.58745782 -1.24889408
v 3.28796610 -2.58862150 -1.24605591
v 3.29649305 -2.57115498 -1.24890076
v 3.28689083 -2.58746401 -1.24889222
v 3.29797299 -2.57163241 -1.24604955
v 3.29649591 -2.57114878 -1.24890459
v 3.29797070 -2.57163786 -1.25175311
v 3.28796677 -2.58861886 -1.25174879
v 3.22570814 -2.57114726 -1.24889457
v 3.22423218 -2.48095100 -1.24605708
v 3.22423220 -2.57163363 -1.24605611
v 3.22570389 -2.48142878 -1.24890547
v 3.23424086 -2.46396269 -1.25175433
v 3.22570501 -2.48142927 -1.24890622
v 3.22423888 -2.48095561 -1.25175642
v 3.22571031 -2.57115050 -1.24889559
v 3.22423502 -2.57163214 -1.24605451
v 3.23423400 -2.58862167 -1.24604962
v 3.29796322 -2.48094840 -1.24604283
v 3.29650227 -2.57115752 -1.24889904
v 3.29796293 -2.57162704 -1.24605709
v 3.29649818 -2.48142798 -1.24889565
v 3.29649792 -2.57115910 -1.24890113
v 3.29797015 -2.48095102 -1.25174961
v 3.29797376 -2.57162537 -1.25175088
v 3.29649507 -2.48142616 -1.24890188
v 3.23531115 -2.46512076 -1.24890957
v 3.22423203 -2.48095133 -1.24605037
v 3.22570502 -2.48143748 -1.24890034
v 3.23424168 -2.46396523 -1.25175547
v 3.23530770 -2.46511363 -1.24890593
v 3.22570885 -2.48143206 -1.24889320
v 3.28797140 -2.46396488 -1.24605554
v 3.29650213 -2.48142683 -1.24890495
v 3.29797409 -2.48095556 -1.24605257
v 3.28688584 -2.46511784 -1.24889961
v 3.29797311 -2.48094681 -1.25175085
v 3.29649885 -2.48142958 -1.24890480
v 3.23423571 -2.46396922 -1.24605305
v 3.22423060 -2.48094833 -1.24604156
v 3.23530584 -2.46512079 -1.24890094
v 3.28689414 -2.46511920 -1.24889925
v 3.23423208 -2.46396301 -1.25174998
v 3.28796431 -2.46395686 -1.25175436
v 3.23530760 -2.46512031 -1.24890166
v 3.28796100 -2.46396464 -1.24604336
v 3.28689987 -2.46512366 -1.24889715
v 3.29649710 -2.48143139 -1.24889574
v 3.28796962 -2.46396394 -1.25175705
v 3.29796683 -2.48095270 -1.25175219
v 3.28689404 -2.46511842 -1.24889686
v 3.28795698 -2.46396103 -1.24605363
v 3.23531439 -2.46512015 -1.24889821
v 3.28688999 -2.46512036 -1.24890791
v 3.23424009 -2.46396582 -1.24605961
v 3.26755051 -2.46204091 -1.25163440
v 3.26955793 -2.46871538 -1.29135987
v 3.26754500 -2.46871120 -1.29135055
v 3.26955363 -2.46204627 -1.25163015
v 3.26955238 -2.46204976 -1.25163203
v 3.27055772 -2.46994563 -1.29012542
v 3.26955112 -2.46871214 -1.29134987
v 3.26955297 -2.46871318 -1.29134899
v 3.26754955 -2.47476878 -1.29612914
v 3.26754462 -2.46870972 -1.29134907
v 3.26955586 -2.47477020 -1.29612566
v 3.26755114 -2.46205270 -1.25162716
v 3.26754632 -2.46871818 -1.29135261
v 3.26655009 -2.46378585 -1.25163569
v 3.26754527 -2.46552686 -1.25163585
v 3.26754809 -2.46204432 -1.25163314
v 3.26654744 -2.46378507 -1.25163138
v 3.26955370 -2.46551788 -1.25162902
v 3.26954934 -2.46204542 -1.25163185
v 3.27055727 -2.46378683 -1.25163109
v 3.26955299 -2.46871403 -1.29135647
v 3.27055245 -2.46994396 -1.29012044
v 3.27056756 -2.47477212 -1.29437857
v 3.27056372 -2.46378381 -1.25163069
v 3.26955155 -2.47476453 -1.29612820
v 3.26955307 -2.47476605 -1.29612276
v 3.26754417 -2.57806153 -1.29612029
v 3.26754859 -2.47477033 -1.29611943
v 3.26955690 -2.57806674 -1.29612381
v 3.26754976 -2.46871057 -1.29135016
v 3.26754900 -2.47476773 -1.29612567
v 3.26654064 -2.46994894 -1.29011392
v 3.26654131 -2.46994537 -1.29012186
v 3.27056309 -2.46379032 -1.25163115
v 3.26955794 -2.46551935 -1.25162940
v 3.26955221 -2.47116688 -1.28889815
v 3.26654922 -2.46378160 -1.25162870
v 3.26654644 -2.46994366 -1.29011752
v 3.26754191 -2.46552852 -1.25163036
v 3.26955343 -2.46552305 -1.25162482
v 3.26754414 -2.47117079 -1.28889017
v 3.26956241 -2.47117915 -1.28889378
v 3.26754461 -2.46551855 -1.25163418
v 3.27056552 -2.46993825 -1.29011777
v 3.26955492 -2.47477747 -1.29264446
v 3.27055353 -2.47477283 -1.29438175
v 3.26955202 -2.57805875 -1.29612284
v 3.27055307 -2.47477554 -1.29438748
v 3.27055785 -2.57805759 -1.29438057
v 3.26955454 -2.47477642 -1.29611314
v 3.26955311 -2.57805305 -1.29612571
v 3.26754418 -2.58381253 -1.29123874
v 3.26754801 -2.57806375 -1.29612550
v 3.26956162 -2.58382653 -1.29123108
v 3.26654970 -2.47477535 -1.29438990
v 3.26753947 -2.57806554 -1.29612148
v 3.26654671 -2.57806317 -1.29438294
v 3.26755017 -2.47476844 -1.29612087
v 3.26654301 -2.47476840 -1.29438183
v 3.26754348 -2.47117595 -1.28888689
v 3.26956039 -2.47117576 -1.28889973
v 3.26754867 -2.47477493 -1.29264232
v 3.26955176 -2.47476276 -1.29264473
v 3.26754989 -2.47117843 -1.28890261
v 3.27055961 -2.57806142 -1.29437974
v 3.26955107 -2.47477644 -1.29265138
v 3.26955537 -2.57805968 -1.29264857
v 3.27055703 -2.47477425 -1.29438990
v 3.26955400 -2.57805915 -1.29612321
v 3.27055356 -2.57806321 -1.29437723
v 3.27056735 -2.58259356 -1.29000816
v 3.26954551 -2.58382864 -1.29123491
v 3.26955410 -2.59014854 -1.25159577
v 3.26754039 -2.58382875 -1.29123400
v 3.26955002 -2.58381756 -1.29124024
v 3.26755294 -2.59015212 -1.25159389
v 3.26754725 -2.57806378 -1.29613016
v 3.26754451 -2.58381672 -1.29123954
v 3.26653826 -2.57806329 -1.29438414
v 3.26754137 -2.47477435 -1.29264704
v 3.26654381 -2.57806181 -1.29437979
v 3.26754789 -2.57806111 -1.29263864
v 3.26654966 -2.47478274 -1.29438394
v 3.26653929 -2.46994713 -1.29011814
v 3.26654463 -2.47477309 -1.29437742
v 3.26754055 -2.47117407 -1.28888953
v 3.26754648 -2.47477594 -1.29264526
v 3.26955636 -2.57806105 -1.29264393
v 3.26754758 -2.47477090 -1.29264999
v 3.26754519 -2.57806077 -1.29265727
v 3.26955616 -2.47477011 -1.29264938
v 3.27055618 -2.57806323 -1.29438093
v 3.26955177 -2.57805791 -1.29264356
v 3.26955017 -2.58136352 -1.28877427
v 3.27056191 -2.58259196 -1.29000547
v 3.27055966 -2.58259470 -1.29000190
v 3.27055525 -2.58841013 -1.25160195
v 3.26955497 -2.58382164 -1.29123457
v 3.26954494 -2.59014345 -1.25159126
v 3.26754649 -2.59014775 -1.25159840
v 3.26754838 -2.58666661 -1.25159933
v 3.26655587 -2.58841417 -1.25159154
v 3.26955001 -2.59014802 -1.25159970
v 3.26955066 -2.58667356 -1.25159730
v 3.27055814 -2.58840868 -1.25159971
v 3.26654077 -2.58259442 -1.29000728
v 3.26754249 -2.58382212 -1.29123676
v 3.26754769 -2.59014969 -1.25159553
v 3.26654515 -2.58259063 -1.28999999
v 3.26654479 -2.57806644 -1.29438840
v 3.26653673 -2.58259917 -1.29000840
v 3.26754618 -2.57806974 -1.29263962
v 3.26755052 -2.58135686 -1.28877715
v 3.26955417 -2.57806612 -1.29263915
v 3.26754168 -2.57806443 -1.29263964
v 3.26956289 -2.58136205 -1.28877677
v 3.26954348 -2.58135505 -1.28877396
v 3.26954591 -2.58666928 -1.25159237
v 3.27055771 -2.58259677 -1.29000226
v 3.27055999 -2.58841058 -1.25158999
v 3.26755102 -2.58666971 -1.25159248
v 3.26954826 -2.58136603 -1.28877198
v 3.26754890 -2.58135968 -1.28877189
v 3.26955107 -2.58667047 -1.25159859
v 3.26754663 -2.58135808 -1.28877779
v 3.26655300 -2.58840807 -1.25158942
v 3.26754557 -2.58667806 -1.25159747
v 3.26654755 -2.58841356 -1.25159195
v 3.25060849 -2.58667496 -1.25159112
v 3.25262000 -2.58136454 -1.28877317
v 3.25060852 -2.58136060 -1.28877556
v 3.25260988 -2.58666719 -1.25159881
v 3.25060453 -2.58135915 -1.28877446
v 3.24960384 -2.58841503 -1.25159537
v 3.25060622 -2.58667016 -1.25159928
v 3.25060932 -2.59014359 -1.25159397
v 3.25060446 -2.58667548 -1.25159458
v 3.24960451 -2.58840768 -1.25160190
v 3.25262111 -2.59015740 -1.25159491
v 3.25261054 -2.58666948 -1.25159776
v 3.25361620 -2.58841380 -1.25159635
v 3.25260723 -2.58135993 -1.28878445
v 3.25261931 -2.58667395 -1.25159105
v 3.25361827 -2.58259768 -1.29000256
v 3.25060564 -2.58136771 -1.28877550
v 3.25260940 -2.57806249 -1.29263981
v 3.25061165 -2.57806243 -1.29264581
v 3.25261352 -2.58136417 -1.28877378
v 3.24960632 -2.58259609 -1.29000404
v 3.25361277 -2.58840488 -1.25159231
v 3.24960152 -2.58259416 -1.29000948
v 3.25060582 -2.59015301 -1.25159051
v 3.24959947 -2.58841385 -1.25160116
v 3.25261467 -2.59015077 -1.25160022
v 3.25061350 -2.58381656 -1.29123676
v 3.25261677 -2.58382321 -1.29123362
v 3.25061386 -2.59015058 -1.25158779
v 3.25261363 -2.58382300 -1.29122723
v 3.25362167 -2.58842037 -1.25159388
v 3.25260977 -2.59015599 -1.25159841
v 3.25362187 -2.57806676 -1.29438798
v 3.25261327 -2.58136012 -1.28877786
v 3.25361553 -2.58260304 -1.29000811
v 3.25061119 -2.57805855 -1.29264210
v 3.25261407 -2.57806194 -1.29264024
v 3.25261137 -2.57806102 -1.29265243
v 3.25061056 -2.47477318 -1.29264966
v 3.25061091 -2.57806676 -1.29264854
v 3.25262072 -2.47477549 -1.29264772
v 3.25361795 -2.58259156 -1.29001222
v 3.25061277 -2.58382358 -1.29123580
v 3.25261126 -2.57806300 -1.29611663
v 3.25060874 -2.58382625 -1.29123592
v 3.25060999 -2.57806211 -1.29612334
v 3.25261709 -2.58382123 -1.29123876
v 3.25260731 -2.57806050 -1.29611513
v 3.25361742 -2.57806299 -1.29437727
v 3.25362736 -2.58259435 -1.29000024
v 3.24960985 -2.57806460 -1.29439038
v 3.25361707 -2.57806100 -1.29438091
v 3.25261280 -2.47477475 -1.29265138
v 3.25260822 -2.57806291 -1.29265128
v 3.25362055 -2.47477452 -1.29438419
v 3.25061617 -2.47477124 -1.29264650
v 3.24960626 -2.57806816 -1.29437733
v 3.25061120 -2.57806451 -1.29264428
v 3.24960433 -2.47476988 -1.29438775
v 3.25261578 -2.47116788 -1.28888993
v 3.25060562 -2.47476773 -1.29263759
v 3.25261759 -2.47477105 -1.29264828
v 3.25060960 -2.47116624 -1.28889949
v 3.25261854 -2.58382206 -1.29122869
v 3.24960644 -2.57807084 -1.29437480
v 3.25060341 -2.58381952 -1.29123507
v 3.24960678 -2.58259407 -1.29000721
v 3.25060863 -2.57806124 -1.29611923
v 3.25261523 -2.47477019 -1.29611718
v 3.25060441 -2.57806217 -1.29612048
v 3.25061193 -2.47477167 -1.29612196
v 3.25261341 -2.57805762 -1.29612359
v 3.25261741 -2.57806283 -1.29612222
v 3.25361586 -2.47477120 -1.29438265
v 3.25361484 -2.57806531 -1.29438430
v 3.25260881 -2.47477615 -1.29611663
v 3.25361661 -2.46994779 -1.29012656
v 3.25261951 -2.47476786 -1.29264393
v 3.25362093 -2.47477333 -1.29438364
v 3.25060529 -2.47117115 -1.28888897
v 3.24961048 -2.47476347 -1.29437979
v 3.25061037 -2.47476752 -1.29265116
v 3.24960695 -2.47477730 -1.29437641
v 3.25060600 -2.57805555 -1.29611822
v 3.24960479 -2.57806889 -1.29438690
v 3.25061194 -2.47477267 -1.29612809
v 3.25261387 -2.47116713 -1.28888541
v 3.25261291 -2.46552248 -1.25162861
v 3.25060217 -2.47117578 -1.28889323
v 3.25261632 -2.47117569 -1.28889709
v 3.25060917 -2.46552618 -1.25163576
v 3.25260999 -2.46871333 -1.29134543
v 3.25060723 -2.47476726 -1.29613107
v 3.25060465 -2.46871735 -1.29135214
v 3.25261774 -2.47477355 -1.29612717
v 3.25261843 -2.46871542 -1.29135001
v 3.25361802 -2.47476941 -1.29438402
v 3.25261783 -2.47476901 -1.29611371
v 3.25362029 -2.46994825 -1.29012565
v 3.24960461 -2.46994300 -1.29012391
v 3.24961283 -2.46994368 -1.29012493
v 3.25060611 -2.47477390 -1.29612165
v 3.24960295 -2.47476644 -1.29438392
v 3.25361968 -2.46377998 -1.25163390
v 3.25060790 -2.46551672 -1.25162940
v 3.24960807 -2.46994631 -1.29012500
v 3.25061470 -2.47117433 -1.28888429
v 3.25261209 -2.46551881 -1.25163179
v 3.25060953 -2.46551896 -1.25162928
v 3.25061103 -2.46205349 -1.25163278
v 3.24961488 -2.46378446 -1.25162976
v 3.25261411 -2.46552610 -1.25163680
v 3.25261031 -2.46204089 -1.25163130
v 3.25361599 -2.46378708 -1.25162760
v 3.25060423 -2.46871489 -1.29135541
v 3.25060302 -2.46204102 -1.25163154
v 3.25261350 -2.46871480 -1.29134830
v 3.25060815 -2.46871133 -1.29135054
v 3.25261336 -2.46204929 -1.25163773
v 3.25261284 -2.46203902 -1.25163581
v 3.25362062 -2.46994315 -1.29011650
v 3.25262507 -2.46871400 -1.29135448
v 3.25362472 -2.46378274 -1.25162320
v 3.24960975 -2.46378617 -1.25163176
v 3.25060955 -2.46204548 -1.25163540
v 3.25060044 -2.46871869 -1.29134867
v 3.24960634 -2.46379070 -1.25163313
v 3.24959941 -2.46994548 -1.29012450
v 3.23511258 -2.46204775 -1.25163028
v 3.23712670 -2.46870745 -1.29134174
v 3.23511806 -2.46871320 -1.29134815
v 3.23712364 -2.46205063 -1.25163438
v 3.23712760 -2.46204261 -1.25162235
v 3.23813258 -2.46994175 -1.29012381
v 3.23712676 -2.46871035 -1.29135155
v 3.23713370 -2.46871565 -1.29135384
v 3.23511622 -2.47476363 -1.29612938
v 3.23511146 -2.46870746 -1.29135371
v 3.23713446 -2.47477461 -1.29611818
v 3.23511440 -2.46204564 -1.25163502
v 3.23510851 -2.46870945 -1.29135313
v 3.23411020 -2.46378786 -1.25163505
v 3.23512000 -2.46552727 -1.25163310
v 3.23512238 -2.46204910 -1.25163101
v 3.23411520 -2.46378472 -1.25163367
v 3.23713143 -2.46552244 -1.25163344
v 3.23712108 -2.46205192 -1.25163497
v 3.23811907 -2.46377901 -1.25163060
v 3.23712855 -2.46871797 -1.29135295
v 3.23812651 -2.46994416 -1.29012194
v 3.23812261 -2.47476718 -1.29437978
v 3.23812773 -2.46377956 -1.25162630
v 3.23713188 -2.47477079 -1.29612356
v 3.23712460 -2.47476796 -1.29612507
v 3.23511120 -2.57806029 -1.29612031
v 3.23511722 -2.47477472 -1.29612117
v 3.23713002 -2.57806430 -1.29612338
v 3.23511359 -2.46870656 -1.29134757
v 3.23510954 -2.47477733 -1.29611982
v 3.23411294 -2.46994239 -1.29012010
v 3.23411769 -2.46995077 -1.29012326
v 3.23812842 -2.46378266 -1.25163468
v 3.23712442 -2.46552596 -1.25163082
v 3.23712919 -2.47117478 -1.28889225
v 3.23410564 -2.46378769 -1.25162380
v 3.23410711 -2.46993916 -1.29012229
v 3.23510712 -2.46551802 -1.25162601
v 3.23712451 -2.46552031 -1.25163238
v 3.23511494 -2.47117306 -1.28889256
v 3.23712850 -2.47117221 -1.28889369
v 3.23511590 -2.46552570 -1.25163047
v 3.23812551 -2.46994408 -1.29011492
v 3.23712393 -2.47477711 -1.29263898
v 3.23812858 -2.47477395 -1.29438350
v 3.23712292 -2.57805880 -1.29611957
v 3.23812988 -2.47477057 -1.29439050
v 3.23812283 -2.57806133 -1.29439285
v 3.23712616 -2.47477541 -1.29611988
v 3.23712570 -2.57805833 -1.29612103
v 3.23511519 -2.58382641 -1.29123213
v 3.23512399 -2.57806908 -1.29612632
v 3.23713293 -2.58382064 -1.29123572
v 3.23411681 -2.47477013 -1.29438507
v 3.23511215 -2.57805912 -1.29612101
v 3.23411796 -2.57805990 -1.29438492
v 3.23512067 -2.47477501 -1.29612410
v 3.23411073 -2.47477687 -1.29438012
v 3.23511066 -2.47117636 -1.28888800
v 3.23712983 -2.47117612 -1.28889674
v 3.23511434 -2.47477763 -1.29264909
v 3.23712496 -2.47477204 -1.29264732
v 3.23511418 -2.47116834 -1.28888922
v 3.23813280 -2.57805896 -1.29438163
v 3.23712175 -2.47477661 -1.29264525
v 3.23712488 -2.57806607 -1.29264358
v 3.23813220 -2.47477169 -1.29438220
v 3.23712434 -2.57806511 -1.29611468
v 3.23812256 -2.57806307 -1.29438427
v 3.23812701 -2.58259054 -1.29000123
v 3.23712592 -2.58381827 -1.29123755
v 3.23712785 -2.59014262 -1.25159700
v 3.23511554 -2.58381681 -1.29123784
v 3.23712671 -2.58382385 -1.29123891
v 3.23511632 -2.59015281 -1.25158832
v 3.23511483 -2.57806326 -1.29612218
v 3.23511515 -2.58382341 -1.29123435
v 3.23411154 -2.57806438 -1.29438049
v 3.23510645 -2.47477453 -1.29264514
v 3.23411510 -2.57806396 -1.29438200
v 3.23511339 -2.57806967 -1.29264152
v 3.23411481 -2.47477514 -1.29437681
v 3.23411640 -2.46994689 -1.29011684
v 3.23411586 -2.47476820 -1.29438487
v 3.23511258 -2.47117690 -1.28889376
v 3.23510576 -2.47476721 -1.29264975
v 3.23712868 -2.57806748 -1.29264471
v 3.23511011 -2.47477150 -1.29265138
v 3.23511245 -2.57805988 -1.29264434
v 3.23712713 -2.47477476 -1.29265370
v 3.23812397 -2.57806442 -1.29437679
v 3.23712868 -2.57806121 -1.29264743
v 3.23712363 -2.58135921 -1.28877660
v 3.23812613 -2.58258716 -1.29000891
v 3.23812635 -2.58259557 -1.29000762
v 3.23812196 -2.58840753 -1.25160024
v 3.23712294 -2.58382164 -1.29123940
v 3.23712586 -2.59015053 -1.25159567
v 3.23511420 -2.59015501 -1.25159689
v 3.23511974 -2.58666815 -1.25159701
v 3.23411798 -2.58841613 -1.25160005
v 3.23711863 -2.59015386 -1.25159297
v 3.23712520 -2.58666621 -1.25159149
v 3.23812607 -2.58841334 -1.25159559
v 3.23411765 -2.58259610 -1.29000515
v 3.23511189 -2.58381759 -1.29123593
v 3.23511223 -2.59015544 -1.25159100
v 3.23411147 -2.58259488 -1.29000669
v 3.23411305 -2.57807014 -1.29438558
v 3.23410956 -2.58258614 -1.28999986
v 3.23511645 -2.57805278 -1.29264021
v 3.23510952 -2.58136669 -1.28877412
v 3.23712620 -2.57806162 -1.29264837
v 3.23512191 -2.57806380 -1.29264082
v 3.23713213 -2.58136397 -1.28877292
v 3.23713265 -2.58135603 -1.28877224
v 3.23712817 -2.58667236 -1.25158983
v 3.23812971 -2.58259412 -1.29000693
v 3.23812219 -2.58841315 -1.25158751
v 3.23511287 -2.58667516 -1.25159569
v 3.23712564 -2.58136387 -1.28877266
v 3.23511601 -2.58135710 -1.28877282
v 3.23712719 -2.58668084 -1.25159399
v 3.23511221 -2.58135751 -1.28877487
v 3.23411081 -2.58841459 -1.25159942
v 3.23511262 -2.58667144 -1.25159017
v 3.23411579 -2.58840933 -1.25159129
v 3.32255490 -2.57382096 -1.28103550
v 3.32394335 -2.57337546 -1.28103789
v 3.32256260 -2.47904646 -1.28102758
v 3.32765101 -2.58247332 -1.28103070
v 3.32865229 -2.58137853 -1.28102462
v 3.38281291 -2.58247632 -1.28103925
v 3.38180431 -2.58137596 -1.28103143
v 3.38651528 -2.57337547 -1.28103155
v 3.38791108 -2.57383008 -1.28102913
v 3.38651210 -2.47949517 -1.28103023
v 3.32393780 -2.47949608 -1.28103120
v 3.32764144 -2.47040088 -1.28103415
v 3.32865652 -2.47148584 -1.28103011
v 3.38282137 -2.47039530 -1.28103257
v 3.38179722 -2.47148810 -1.28103161
v 3.38790285 -2.47903116 -1.28103084
v 3.32866018 -2.47149206 -1.28103608
v 3.32394234 -2.47949717 -1.28102947
v 3.32916787 -2.47203751 -1.28237744
v 3.38180312 -2.47148912 -1.28103003
v 3.32916219 -2.47202822 -1.28238132
v 3.38128832 -2.47203299 -1.28237028
v 3.32865567 -2.47148285 -1.28103208
v 3.38179650 -2.47148987 -1.28102888
v 3.38582464 -2.47972386 -1.28237398
v 3.38650975 -2.47950018 -1.28102368
v 3.38650747 -2.47949515 -1.28103478
v 3.38582108 -2.57314509 -1.28237416
v 3.38650725 -2.57337388 -1.28102890
v 3.38582852 -2.47971736 -1.28237062
v 3.38651369 -2.57337600 -1.28103153
v 3.38129502 -2.58083336 -1.28237914
v 3.38179915 -2.58138462 -1.28103329
v 3.32865524 -2.58137917 -1.28102516
v 3.38130051 -2.58082839 -1.28237851
v 3.32916544 -2.58082906 -1.28237712
v 3.38180274 -2.58137944 -1.28103250
v 3.32463645 -2.57314278 -1.28237621
v 3.32394425 -2.57338052 -1.28102912
v 3.32865781 -2.58137959 -1.28104006
v 3.32463060 -2.57315223 -1.28237243
v 3.32393929 -2.47949448 -1.28102770
v 3.32394075 -2.57337740 -1.28102555
v 3.32463725 -2.47972525 -1.28237292
v 3.32255357 -2.57382479 -1.28102705
v 3.32185474 -2.47881279 -1.28238648
v 3.32186004 -2.57405821 -1.28236497
v 3.32255753 -2.47904108 -1.28102585
v 3.32255311 -2.57382614 -1.28103136
v 3.32714112 -2.58301762 -1.28237308
v 3.32764117 -2.58247210 -1.28102781
v 3.38281263 -2.58246929 -1.28102837
v 3.32713997 -2.58301744 -1.28237497
v 3.38331611 -2.58301744 -1.28237530
v 3.32764322 -2.58247212 -1.28102474
v 3.38790637 -2.57382330 -1.28102825
v 3.38281260 -2.58247665 -1.28103114
v 3.38860080 -2.57404594 -1.28238045
v 3.38858930 -2.47880819 -1.28236925
v 3.38790040 -2.57382690 -1.28103006
v 3.38860048 -2.57405249 -1.28237248
v 3.38790390 -2.47903753 -1.28102616
v 3.38331844 -2.46985452 -1.28237128
v 3.38281305 -2.47039416 -1.28102923
v 3.38789903 -2.47903771 -1.28103272
v 3.32764509 -2.47039921 -1.28102633
v 3.38331511 -2.46985098 -1.28237750
v 3.32713803 -2.46985060 -1.28237395
v 3.38281712 -2.47039745 -1.28103202
v 3.32763799 -2.47039398 -1.28103223
v 3.32185947 -2.47881883 -1.28236890
v 3.32255884 -2.47904215 -1.28102890
v 3.32916781 -2.47203621 -1.28238139
v 3.32394465 -2.47948837 -1.28103646
v 3.32464021 -2.47972136 -1.28237514
v 3.38129225 -2.47203547 -1.28237143
v 3.32865514 -2.47148776 -1.28372127
v 3.38179733 -2.47147588 -1.28372092
v 3.32916434 -2.47203433 -1.28238224
v 3.38128705 -2.47204258 -1.28237538
v 3.38581765 -2.57314893 -1.28238075
v 3.38651385 -2.47949323 -1.28371186
v 3.38651055 -2.57337055 -1.28371324
v 3.38583088 -2.47972531 -1.28237793
v 3.38581894 -2.57315083 -1.28237201
v 3.32916543 -2.58083612 -1.28237900
v 3.38180053 -2.58137947 -1.28371674
v 3.32865901 -2.58137345 -1.28371326
v 3.38128440 -2.58082542 -1.28237665
v 3.32463183 -2.57314311 -1.28237859
v 3.32865478 -2.58137890 -1.28102497
v 3.32915554 -2.58083473 -1.28238135
v 3.32393819 -2.47949612 -1.28372276
v 3.32463744 -2.57314504 -1.28237198
v 3.32395033 -2.57337725 -1.28371950
v 3.32463388 -2.47972222 -1.28237322
v 3.32186024 -2.47881666 -1.28236961
v 3.32255510 -2.57382705 -1.28372109
v 3.32186050 -2.57404770 -1.28237477
v 3.32254779 -2.47903964 -1.28371533
v 3.32255453 -2.57382697 -1.28102826
v 3.32185084 -2.57404751 -1.28238214
v 3.32714148 -2.58301321 -1.28237673
v 3.38331969 -2.58301352 -1.28237685
v 3.32764239 -2.58246941 -1.28371644
v 3.38281727 -2.58247094 -1.28371984
v 3.32713701 -2.58301941 -1.28237997
v 3.38858839 -2.57405289 -1.28237828
v 3.38281519 -2.58247342 -1.28102881
v 3.38332224 -2.58301925 -1.28237575
v 3.38790135 -2.57382999 -1.28372227
v 3.38859642 -2.47881367 -1.28237586
v 3.38859838 -2.57404939 -1.28237085
v 3.38790300 -2.47903810 -1.28371328
v 3.38331619 -2.46984775 -1.28237092
v 3.38790634 -2.47903547 -1.28102783
v 3.38859510 -2.47881087 -1.28237674
v 3.32713948 -2.46985037 -1.28237268
v 3.38282119 -2.47039251 -1.28371268
v 3.32764673 -2.47039704 -1.28372100
v 3.38331561 -2.46984901 -1.28236815
v 3.32714336 -2.46984810 -1.28237252
v 3.32185270 -2.47881726 -1.28237278
v 3.32764802 -2.47039995 -1.28102808
v 3.32865236 -2.47148547 -1.28371209
v 3.32916182 -2.47203791 -1.28236439
v 3.32463642 -2.47971509 -1.28237731
v 3.38179470 -2.47149337 -1.28371376
v 3.38650479 -2.47950330 -1.28372001
v 3.38129000 -2.47203659 -1.28237960
v 3.38581962 -2.47972024 -1.28238229
v 3.38582313 -2.57314309 -1.28236945
v 3.38651300 -2.57336892 -1.28371646
v 3.38180512 -2.58137707 -1.28370953
v 3.38129383 -2.58083285 -1.28237407
v 3.32393611 -2.57336871 -1.28371869
v 3.32916739 -2.58082211 -1.28237474
v 3.32865982 -2.58137815 -1.28371618
v 3.32464484 -2.57314046 -1.28237384
v 3.32916672 -2.58083868 -1.28237430
v 3.32393188 -2.57336905 -1.28372606
v 3.32866180 -2.47149093 -1.28370769
v 3.32463132 -2.47972174 -1.28236821
v 3.32394459 -2.47949474 -1.28371852
v 3.32255652 -2.47904161 -1.28371828
v 3.32394270 -2.47949271 -1.28371732
v 3.32255944 -2.57383237 -1.28371215
v 3.32764582 -2.47039128 -1.28371557
v 3.32865927 -2.47148688 -1.28372211
v 3.38281406 -2.47039692 -1.28371711
v 3.38179296 -2.47148552 -1.28372153
v 3.38651040 -2.47949224 -1.28372038
v 3.38790235 -2.47904041 -1.28371553
v 3.38650676 -2.57337944 -1.28372569
v 3.32395132 -2.57337078 -1.28371135
v 3.32764259 -2.58246817 -1.28371936
v 3.32865476 -2.58137427 -1.28371878
v 3.38281595 -2.58247091 -1.28371533
v 3.38179849 -2.58138653 -1.28372225
v 3.38790503 -2.57381904 -1.28371777
v 3.32256151 -2.57383583 -1.28371184
v 3.32763963 -2.58247647 -1.28371880
v 3.32185906 -2.57405525 -1.28237091
v 3.32713551 -2.46984902 -1.28237822
v 3.32255698 -2.47904653 -1.28372144
v 3.32185306 -2.47881116 -1.28238348
v 3.32186463 -2.57405259 -1.28237405
v 3.32763415 -2.58247563 -1.28371438
v 3.32714694 -2.58301929 -1.28237038
v 3.38790351 -2.57382411 -1.28371846
v 3.38332376 -2.58302207 -1.28237229
v 3.38282091 -2.58246955 -1.28371875
v 3.38790484 -2.57382558 -1.28371870
v 3.38860035 -2.57404538 -1.28238007
v 3.38332509 -2.58301524 -1.28237545
v 3.38281854 -2.47040062 -1.28371581
v 3.38859492 -2.47881483 -1.28237328
v 3.38790291 -2.47903997 -1.28371295
v 3.38332010 -2.46984761 -1.28237135
v 3.38858808 -2.47881117 -1.28236582
v 3.38281092 -2.47038786 -1.28372458
v 3.32713840 -2.46984693 -1.28237710
v 3.32764059 -2.47039705 -1.28371593
v 3.32255955 -2.47903975 -1.28372551
v 3.28363748 -2.46204239 -1.25163278
v 3.28564515 -2.46871776 -1.29135388
v 3.28363065 -2.46871209 -1.29135562
v 3.28564852 -2.46204543 -1.25163082
v 3.28564487 -2.46204246 -1.25162948
v 3.28664470 -2.46994412 -1.29012283
v 3.28564418 -2.46871397 -1.29135080
v 3.28564617 -2.46871557 -1.29135164
v 3.28363435 -2.47477379 -1.29611240
v 3.28363980 -2.46871502 -1.29135356
v 3.28564342 -2.47476650 -1.29612274
v 3.28363857 -2.46205421 -1.25162942
v 3.28364040 -2.46871183 -1.29135354
v 3.28263371 -2.46378739 -1.25163209
v 3.28363764 -2.46552721 -1.25162070
v 3.28363452 -2.46205524 -1.25162670
v 3.28263080 -2.46378371 -1.25162908
v 3.28564459 -2.46552407 -1.25162829
v 3.28564364 -2.46204369 -1.25163284
v 3.28664648 -2.46378110 -1.25162824
v 3.28564203 -2.46871206 -1.29134734
v 3.28664467 -2.46994910 -1.29011802
v 3.28664947 -2.47477414 -1.29438362
v 3.28664502 -2.46378558 -1.25162584
v 3.28564230 -2.47477573 -1.29612029
v 3.28564415 -2.47477166 -1.29612260
v 3.28363722 -2.57805944 -1.29612272
v 3.28363306 -2.47477231 -1.29611853
v 3.28564510 -2.57806407 -1.29611131
v 3.28364501 -2.46871655 -1.29134707
v 3.28363138 -2.47477125 -1.29611631
v 3.28263240 -2.46994909 -1.29011912
v 3.28261987 -2.46995062 -1.29012100
v 3.28664474 -2.46377744 -1.25163047
v 3.28564705 -2.46552322 -1.25163033
v 3.28564276 -2.47116607 -1.28888538
v 3.28262505 -2.46378458 -1.25162444
v 3.28262355 -2.46993732 -1.29011867
v 3.28363129 -2.46553231 -1.25163076
v 3.28564886 -2.46552277 -1.25162884
v 3.28363714 -2.47117466 -1.28889012
v 3.28563965 -2.47117593 -1.28889525
v 3.28363380 -2.46552514 -1.25163027
v 3.28664661 -2.46995090 -1.29012543
v 3.28564105 -2.47476937 -1.29264629
v 3.28664947 -2.47477740 -1.29437791
v 3.28564030 -2.57806557 -1.29612219
v 3.28664970 -2.47477230 -1.29437997
v 3.28664109 -2.57806283 -1.29437919
v 3.28564395 -2.47477252 -1.29612108
v 3.28564891 -2.57806683 -1.29612132
v 3.28363574 -2.58381992 -1.29123900
v 3.28364148 -2.57805905 -1.29611333
v 3.28564240 -2.58382497 -1.29124155
v 3.28262756 -2.47477635 -1.29439035
v 3.28363189 -2.57806346 -1.29612299
v 3.28263943 -2.57805638 -1.29438177
v 3.28363805 -2.47477289 -1.29612395
v 3.28263133 -2.47477186 -1.29437632
v 3.28363818 -2.47117773 -1.28889745
v 3.28564271 -2.47116903 -1.28889572
v 3.28363164 -2.47476209 -1.29264505
v 3.28564080 -2.47476176 -1.29264631
v 3.28363087 -2.47117338 -1.28889651
v 3.28664179 -2.57805869 -1.29438470
v 3.28564400 -2.47477572 -1.29264610
v 3.28563731 -2.57806610 -1.29263837
v 3.28665086 -2.47476877 -1.29438261
v 3.28564074 -2.57806254 -1.29612401
v 3.28664995 -2.57806280 -1.29438176
v 3.28665835 -2.58259461 -1.29000931
v 3.28564828 -2.58382663 -1.29123859
v 3.28564913 -2.59014780 -1.25159867
v 3.28363565 -2.58381712 -1.29123808
v 3.28564293 -2.58381313 -1.29123506
v 3.28362878 -2.59015101 -1.25159583
v 3.28363324 -2.57805563 -1.29612151
v 3.28363542 -2.58382045 -1.29123395
v 3.28262191 -2.57805979 -1.29438038
v 3.28363679 -2.47476855 -1.29264081
v 3.28263481 -2.57806864 -1.29438547
v 3.28363131 -2.57806421 -1.29264374
v 3.28262246 -2.47476882 -1.29438842
v 3.28262554 -2.46994920 -1.29012305
v 3.28263064 -2.47477942 -1.29437647
v 3.28363150 -2.47116530 -1.28889764
v 3.28363861 -2.47476921 -1.29264607
v 3.28563653 -2.57806426 -1.29264016
v 3.28363859 -2.47476808 -1.29263937
v 3.28363714 -2.57806268 -1.29264178
v 3.28564480 -2.47476607 -1.29264331
v 3.28665032 -2.57805851 -1.29438253
v 3.28563788 -2.57806257 -1.29264478
v 3.28564647 -2.58135916 -1.28877710
v 3.28664885 -2.58259576 -1.29000701
v 3.28665111 -2.58259866 -1.29000096
v 3.28664662 -2.58841080 -1.25159631
v 3.28563952 -2.58382508 -1.29123129
v 3.28563550 -2.59014908 -1.25159725
v 3.28363328 -2.59014245 -1.25159748
v 3.28363239 -2.58667868 -1.25160202
v 3.28262846 -2.58841514 -1.25159207
v 3.28564288 -2.59015307 -1.25158905
v 3.28564636 -2.58667259 -1.25159171
v 3.28665460 -2.58841095 -1.25159688
v 3.28262985 -2.58259393 -1.29000401
v 3.28363970 -2.58382140 -1.29124099
v 3.28363214 -2.59015368 -1.25159338
v 3.28262835 -2.58259323 -1.29000701
v 3.28262657 -2.57805849 -1.29438097
v 3.28262846 -2.58260106 -1.29001009
v 3.28363065 -2.57806268 -1.29264889
v 3.28363941 -2.58135881 -1.28877580
v 3.28563878 -2.57806439 -1.29264404
v 3.28363534 -2.57806326 -1.29264061
v 3.28564073 -2.58136223 -1.28877301
v 3.28564314 -2.58135750 -1.28877707
v 3.28563907 -2.58667011 -1.25159426
v 3.28665103 -2.58259180 -1.29000235
v 3.28664416 -2.58841285 -1.25159685
v 3.28363344 -2.58667219 -1.25158887
v 3.28565020 -2.58136489 -1.28877532
v 3.28363213 -2.58136472 -1.28877621
v 3.28563579 -2.58667127 -1.25159913
v 3.28363457 -2.58136480 -1.28877252
v 3.28263250 -2.58841013 -1.25159499
v 3.28362900 -2.58667678 -1.25159304
v 3.28262703 -2.58841372 -1.25159276
v 3.22121182 -2.56988449 -1.25167662
v 3.22660667 -2.57189402 -1.28773669
v 3.22120263 -2.57189134 -1.25167632
v 3.22660776 -2.56988960 -1.28773330
v 3.22120548 -2.56988717 -1.25168092
v 3.22783748 -2.56887493 -1.28650646
v 3.22661258 -2.56988453 -1.28773204
v 3.23266358 -2.56988303 -1.29250415
v 3.22661198 -2.57188741 -1.28773585
v 3.22661295 -2.56987696 -1.28773656
v 3.23266399 -2.57189554 -1.29251003
v 3.22120739 -2.57189336 -1.25167700
v 3.22660874 -2.57188326 -1.28773481
v 3.22293460 -2.57289532 -1.25167665
v 3.22294425 -2.57289187 -1.25167336
v 3.22120459 -2.56988895 -1.25168078
v 3.22120443 -2.57189231 -1.25167694
v 3.22294300 -2.56887130 -1.25168104
v 3.22467551 -2.57189452 -1.25168014
v 3.22468212 -2.56988220 -1.25168097
v 3.22783505 -2.56887848 -1.28650308
v 3.23266791 -2.56887271 -1.29076718
v 3.22661007 -2.56988401 -1.28773414
v 3.22294766 -2.56887714 -1.25167540
v 3.23266358 -2.56987975 -1.29251098
v 3.28862051 -2.56988541 -1.29251495
v 3.23266691 -2.57188039 -1.29250819
v 3.23266049 -2.56988021 -1.29250119
v 3.28862584 -2.57188466 -1.29250742
v 3.22784026 -2.57289957 -1.28650413
v 3.22660527 -2.57189372 -1.28774143
v 3.23266591 -2.57188077 -1.29251018
v 3.22783831 -2.57289508 -1.28650378
v 3.22468400 -2.57188979 -1.25167985
v 3.22293491 -2.57289122 -1.25167799
v 3.22783233 -2.57289824 -1.28650932
v 3.22906809 -2.57189313 -1.28527360
v 3.22467648 -2.56988355 -1.25168236
v 3.22468286 -2.57189132 -1.25167827
v 3.22907197 -2.56988163 -1.28527717
v 3.22294482 -2.56887611 -1.25167785
v 3.22467868 -2.56988096 -1.25168109
v 3.22907563 -2.56988049 -1.28527487
v 3.22783686 -2.56887843 -1.28650281
v 3.23265600 -2.56988264 -1.28903278
v 3.23265917 -2.56887492 -1.29077292
v 3.22783532 -2.56887368 -1.28651279
v 3.23266759 -2.56887342 -1.29077788
v 3.28862460 -2.56988048 -1.29250343
v 3.23266151 -2.56988224 -1.29250449
v 3.28862199 -2.56887530 -1.29076565
v 3.29437825 -2.56988043 -1.28761854
v 3.28862141 -2.57188906 -1.29250838
v 3.28862241 -2.56988299 -1.29251118
v 3.29438387 -2.57188806 -1.28761591
v 3.28862588 -2.57289286 -1.29077211
v 3.23266610 -2.57189208 -1.29250519
v 3.28862371 -2.57189266 -1.29250587
v 3.23266992 -2.57289035 -1.29077168
v 3.23265818 -2.57289951 -1.29076885
v 3.22907046 -2.57189714 -1.28527724
v 3.23266776 -2.57188975 -1.28903041
v 3.22906532 -2.56987891 -1.28527937
v 3.22906761 -2.57188520 -1.28528056
v 3.23266279 -2.56988163 -1.28902879
v 3.23266955 -2.56988166 -1.28902826
v 3.28862513 -2.56888407 -1.29076562
v 3.23266642 -2.56887290 -1.29077403
v 3.28862604 -2.56987421 -1.28902172
v 3.22907012 -2.56988044 -1.28528035
v 3.29315594 -2.56888054 -1.28638599
v 3.28862392 -2.56988195 -1.29250430
v 3.28862498 -2.56887353 -1.29077059
v 3.29438523 -2.56988552 -1.28761891
v 3.29437659 -2.57189300 -1.28762171
v 3.30071796 -2.56988570 -1.25163453
v 3.30071301 -2.57188785 -1.25164489
v 3.29438549 -2.56987426 -1.28761504
v 3.29438387 -2.57188935 -1.28761616
v 3.28862611 -2.57289448 -1.29076656
v 3.28862420 -2.57188620 -1.29249921
v 3.28862922 -2.57189152 -1.28903101
v 3.23266769 -2.57289688 -1.29076268
v 3.28862473 -2.57289314 -1.29076830
v 3.23267623 -2.57188999 -1.28903251
v 3.22906826 -2.57188709 -1.28527003
v 3.22783540 -2.57289505 -1.28650634
v 3.23266207 -2.57288785 -1.29076650
v 3.23266908 -2.57189151 -1.28903454
v 3.28862529 -2.57189255 -1.28902945
v 3.23266769 -2.56989008 -1.28902742
v 3.23267189 -2.57189441 -1.28902904
v 3.28862091 -2.56988498 -1.28902984
v 3.29193336 -2.56987534 -1.28515968
v 3.28862948 -2.56888830 -1.29077131
v 3.28862451 -2.56987936 -1.28903333
v 3.29315330 -2.56888115 -1.28638784
v 3.29897362 -2.56887899 -1.25163842
v 3.29438178 -2.56988403 -1.28762154
v 3.29314860 -2.56887693 -1.28638736
v 3.30071238 -2.56987126 -1.25164342
v 3.29896716 -2.57288673 -1.25163597
v 3.29723084 -2.56988182 -1.25164396
v 3.29723599 -2.57189096 -1.25163906
v 3.29897599 -2.56886986 -1.25164366
v 3.30071346 -2.57188560 -1.25164111
v 3.30071675 -2.56987987 -1.25164150
v 3.30071871 -2.57189264 -1.25163742
v 3.29315389 -2.57289135 -1.28638688
v 3.29316045 -2.57288803 -1.28639264
v 3.28862065 -2.57188882 -1.28902902
v 3.28862518 -2.57288399 -1.29076944
v 3.29192131 -2.56988436 -1.28515828
v 3.28862514 -2.57188503 -1.28902682
v 3.29192985 -2.57188629 -1.28515694
v 3.28862503 -2.56987551 -1.28902590
v 3.29723118 -2.56987985 -1.25163800
v 3.29316238 -2.56887570 -1.28638669
v 3.29191871 -2.56988256 -1.28516009
v 3.29896822 -2.56887757 -1.25164307
v 3.29722938 -2.56987940 -1.25164462
v 3.29192476 -2.57188588 -1.28516263
v 3.29723933 -2.57188782 -1.25164529
v 3.29192063 -2.56988128 -1.28516297
v 3.29722930 -2.57189459 -1.25164407
v 3.29192442 -2.57188902 -1.28516498
v 3.29897011 -2.57289610 -1.25164499
v 3.29897722 -2.57289262 -1.25163372
v 3.22120669 -2.50404916 -1.25167342
v 3.22661344 -2.50606586 -1.28773847
v 3.22120274 -2.50605846 -1.25167720
v 3.22660289 -2.50404913 -1.28773361
v 3.22120012 -2.50405514 -1.25167608
v 3.22783764 -2.50304327 -1.28650156
v 3.22661035 -2.50405617 -1.28773881
v 3.23265647 -2.50405258 -1.29251084
v 3.22661496 -2.50605707 -1.28773631
v 3.22660415 -2.50404358 -1.28773875
v 3.23265575 -2.50606249 -1.29251298
v 3.22120679 -2.50606356 -1.25167631
v 3.22661473 -2.50606314 -1.28773581
v 3.22294931 -2.50705976 -1.25167929
v 3.22294068 -2.50706163 -1.25168138
v 3.22120767 -2.50404578 -1.25168180
v 3.22121141 -2.50605317 -1.25167950
v 3.22293547 -2.50305054 -1.25167908
v 3.22467924 -2.50605290 -1.25168326
v 3.22467973 -2.50405135 -1.25167510
v 3.22783845 -2.50304766 -1.28650556
v 3.23266178 -2.50304443 -1.29076780
v 3.22660551 -2.50404729 -1.28773407
v 3.22294144 -2.50304277 -1.25167330
v 3.23266060 -2.50405200 -1.29250697
v 3.28863194 -2.50404905 -1.29250646
v 3.23267136 -2.50606049 -1.29250358
v 3.23266095 -2.50405022 -1.29250383
v 3.28862271 -2.50606213 -1.29250789
v 3.22784518 -2.50706513 -1.28650780
v 3.22661274 -2.50606810 -1.28772800
v 3.23266421 -2.50605178 -1.29251106
v 3.22784257 -2.50706125 -1.28650438
v 3.22467730 -2.50606204 -1.25168496
v 3.22293088 -2.50705893 -1.25166912
v 3.22783822 -2.50706061 -1.28650359
v 3.22906722 -2.50606157 -1.28528152
v 3.22467657 -2.50404641 -1.25168160
v 3.22468096 -2.50606101 -1.25168167
v 3.22907103 -2.50404739 -1.28528137
v 3.22294325 -2.50304352 -1.25167948
v 3.22467987 -2.50405058 -1.25167750
v 3.22906544 -2.50405260 -1.28527502
v 3.22783641 -2.50304691 -1.28650577
v 3.23266055 -2.50405008 -1.28902521
v 3.23266049 -2.50304896 -1.29077056
v 3.22783467 -2.50304891 -1.28651125
v 3.23265632 -2.50304527 -1.29076669
v 3.28863223 -2.50405122 -1.29250367
v 3.23266243 -2.50405345 -1.29250488
v 3.28862451 -2.50304401 -1.29076880
v 3.29437853 -2.50405487 -1.28762287
v 3.28862293 -2.50605605 -1.29250782
v 3.28863101 -2.50404848 -1.29250807
v 3.29437900 -2.50606720 -1.28761463
v 3.28863055 -2.50705962 -1.29076315
v 3.23266332 -2.50605966 -1.29250295
v 3.28862554 -2.50606133 -1.29250877
v 3.23265690 -2.50705902 -1.29077002
v 3.23266831 -2.50705621 -1.29077284
v 3.22907296 -2.50605843 -1.28527054
v 3.23266708 -2.50605997 -1.28902623
v 3.22906838 -2.50405432 -1.28527568
v 3.22907199 -2.50605551 -1.28527674
v 3.23266380 -2.50404778 -1.28903057
v 3.23266983 -2.50405637 -1.28903520
v 3.28862442 -2.50304227 -1.29077030
v 3.23265831 -2.50304355 -1.29077431
v 3.28863047 -2.50404708 -1.28902444
v 3.22907469 -2.50404634 -1.28527384
v 3.29315554 -2.50304696 -1.28639000
v 3.28862626 -2.50405269 -1.29251022
v 3.28863100 -2.50305112 -1.29076575
v 3.29439023 -2.50405455 -1.28761344
v 3.29438188 -2.50605388 -1.28762103
v 3.30071548 -2.50405327 -1.25164714
v 3.30071732 -2.50606281 -1.25164699
v 3.29438246 -2.50405182 -1.28761422
v 3.29437896 -2.50606126 -1.28761577
v 3.28862270 -2.50705470 -1.29076576
v 3.28863320 -2.50605141 -1.29251019
v 3.28862271 -2.50606312 -1.28903035
v 3.23266309 -2.50705956 -1.29077440
v 3.28863054 -2.50706447 -1.29077203
v 3.23266668 -2.50605713 -1.28903109
v 3.22907352 -2.50606085 -1.28526892
v 3.22784343 -2.50706162 -1.28650216
v 3.23266272 -2.50705722 -1.29076519
v 3.23266037 -2.50605411 -1.28903132
v 3.28862974 -2.50605785 -1.28903243
v 3.23265830 -2.50405535 -1.28902913
v 3.23265935 -2.50606149 -1.28903124
v 3.28862300 -2.50405233 -1.28902793
v 3.29193062 -2.50404879 -1.28515762
v 3.28862756 -2.50304827 -1.29076922
v 3.28861892 -2.50405028 -1.28903195
v 3.29316154 -2.50305379 -1.28639421
v 3.29898102 -2.50304372 -1.25163668
v 3.29437926 -2.50405624 -1.28761697
v 3.29315736 -2.50304446 -1.28638405
v 3.30071377 -2.50405661 -1.25164404
v 3.29896360 -2.50705659 -1.25164386
v 3.29722895 -2.50404920 -1.25164635
v 3.29723780 -2.50605679 -1.25163338
v 3.29896924 -2.50304286 -1.25164381
v 3.30070577 -2.50605235 -1.25164618
v 3.30071686 -2.50405198 -1.25163924
v 3.30070879 -2.50606257 -1.25164555
v 3.29315512 -2.50705776 -1.28638461
v 3.29315366 -2.50705861 -1.28639110
v 3.28862516 -2.50606354 -1.28903565
v 3.28862367 -2.50705884 -1.29076060
v 3.29193209 -2.50405217 -1.28516515
v 3.28861885 -2.50605591 -1.28902561
v 3.29193434 -2.50606059 -1.28515861
v 3.28862416 -2.50404506 -1.28902668
v 3.29723088 -2.50404994 -1.25164594
v 3.29315717 -2.50305207 -1.28638929
v 3.29193090 -2.50404569 -1.28516493
v 3.29897237 -2.50305176 -1.25163782
v 3.29723547 -2.50405501 -1.25164560
v 3.29192844 -2.50606617 -1.28515985
v 3.29723529 -2.50606213 -1.25164309
v 3.29192662 -2.50404835 -1.28516497
v 3.29723170 -2.50605646 -1.25165220
v 3.29193008 -2.50605438 -1.28515275
v 3.29896300 -2.50706050 -1.25164457
v 3.29897780 -2.50705612 -1.25163808
v 3.22784709 -2.57539960 -1.26423610
v 3.23306039 -2.58285198 -1.26289364
v 3.23256033 -2.58340056 -1.26423495
v 3.23306581 -2.58285231 -1.26288876
v 3.29087800 -2.58340059 -1.26423778
v 3.23255599 -2.58339594 -1.26423933
v 3.29037369 -2.58285486 -1.26289580
v 3.22854019 -2.57517119 -1.26289080
v 3.23307415 -2.58285276 -1.26289891
v 3.22784398 -2.57538505 -1.26423651
v 3.23256027 -2.58340467 -1.26154829
v 3.29037261 -2.58284871 -1.26289020
v 3.23307084 -2.58285341 -1.26289233
v 3.29087769 -2.58340240 -1.26154519
v 3.29489954 -2.57517053 -1.26290094
v 3.29087563 -2.58340745 -1.26423477
v 3.29037040 -2.58285725 -1.26290322
v 3.22784531 -2.47750881 -1.26423493
v 3.22853888 -2.57516448 -1.26289155
v 3.22785061 -2.57539544 -1.26423334
v 3.22853931 -2.47773213 -1.26289526
v 3.22854788 -2.57516676 -1.26288681
v 3.23256259 -2.58340079 -1.26155060
v 3.23306992 -2.58285648 -1.26289856
v 3.29559120 -2.57539507 -1.26155233
v 3.29038203 -2.58285438 -1.26289555
v 3.29088137 -2.58339797 -1.26155316
v 3.29490325 -2.57516449 -1.26289762
v 3.29037303 -2.58285090 -1.26289088
v 3.29559040 -2.57538900 -1.26154820
v 3.29489638 -2.57516937 -1.26288727
v 3.29559481 -2.57540100 -1.26424253
v 3.29088235 -2.58340168 -1.26423705
v 3.22853796 -2.57516246 -1.26289485
v 3.22784191 -2.47750810 -1.26153857
v 3.22784436 -2.57539221 -1.26155591
v 3.22854005 -2.47773977 -1.26289062
v 3.23255840 -2.46950125 -1.26423716
v 3.22854390 -2.47772453 -1.26289425
v 3.22784835 -2.47751039 -1.26424150
v 3.22853972 -2.57516868 -1.26289341
v 3.22784835 -2.57539009 -1.26155254
v 3.23256219 -2.58339729 -1.26155554
v 3.29559065 -2.47751256 -1.26154791
v 3.29489981 -2.57517184 -1.26289244
v 3.29559188 -2.57538984 -1.26155111
v 3.29490119 -2.47773794 -1.26289258
v 3.29489843 -2.57517503 -1.26290145
v 3.29558948 -2.47750459 -1.26424588
v 3.29559783 -2.57539435 -1.26423682
v 3.29490283 -2.47773562 -1.26289445
v 3.23306828 -2.47004990 -1.26289102
v 3.22784471 -2.47750469 -1.26154693
v 3.22854404 -2.47772954 -1.26289871
v 3.23255595 -2.46949387 -1.26423912
v 3.23307138 -2.47004334 -1.26289292
v 3.22854562 -2.47773726 -1.26289945
v 3.29087197 -2.46950187 -1.26156039
v 3.29489834 -2.47773974 -1.26289047
v 3.29559494 -2.47750574 -1.26155780
v 3.29037201 -2.47004196 -1.26289711
v 3.29559659 -2.47751108 -1.26423825
v 3.29491018 -2.47772994 -1.26288923
v 3.23256085 -2.46950547 -1.26155591
v 3.22784746 -2.47750646 -1.26154462
v 3.23306700 -2.47004623 -1.26289705
v 3.29037612 -2.47005569 -1.26289420
v 3.23255759 -2.46950001 -1.26423371
v 3.29087797 -2.46949708 -1.26424073
v 3.23305847 -2.47005198 -1.26289333
v 3.29087192 -2.46949807 -1.26155743
v 3.29037293 -2.47004243 -1.26289239
v 3.29489660 -2.47772991 -1.26289486
v 3.29087404 -2.46949514 -1.26423618
v 3.29558565 -2.47751012 -1.26423166
v 3.29037309 -2.47003992 -1.26289142
v 3.29088015 -2.46950598 -1.26155213
v 3.23307471 -2.47004227 -1.26289358
v 3.29037096 -2.47005109 -1.26289540
v 3.23256062 -2.46950332 -1.26155406
v 3.29438453 -2.52809353 -1.28761724
v 3.30071090 -2.52608539 -1.25164672
v 3.30070982 -2.52809999 -1.25164409
v 3.29437860 -2.52608681 -1.28761655
v 3.29897127 -2.52508072 -1.25164786
v 3.30070972 -2.52609434 -1.25163554
v 3.29438163 -2.52608949 -1.28762022
v 3.29897644 -2.52909943 -1.25164017
v 3.29723450 -2.52608736 -1.25164006
v 3.29723630 -2.52810399 -1.25163731
v 3.29897641 -2.52508397 -1.25164315
v 3.30071062 -2.52810260 -1.25164391
v 3.30071823 -2.52609114 -1.25164418
v 3.30071161 -2.52809890 -1.25164616
v 3.29315867 -2.52910321 -1.28638980
v 3.29438697 -2.52809738 -1.28761359
v 3.29438445 -2.52609325 -1.28762177
v 3.28862586 -2.52810242 -1.29250559
v 3.28863134 -2.52609151 -1.29250781
v 3.29438978 -2.52809498 -1.28761660
v 3.29316052 -2.52508597 -1.28638393
v 3.29897584 -2.52509578 -1.25163909
v 3.29315834 -2.52509253 -1.28638561
v 3.29723371 -2.52609284 -1.25165008
v 3.29723384 -2.52609065 -1.25163962
v 3.29192724 -2.52809852 -1.28516308
v 3.29723269 -2.52809626 -1.25164858
v 3.29192431 -2.52609070 -1.28516027
v 3.29723653 -2.52809138 -1.25164328
v 3.29192537 -2.52809996 -1.28516839
v 3.29897686 -2.52910025 -1.25163930
v 3.29897232 -2.52909823 -1.25164294
v 3.28862824 -2.52910394 -1.29076519
v 3.29315228 -2.52508393 -1.28638901
v 3.29438556 -2.52609169 -1.28762155
v 3.28862345 -2.52609175 -1.29250790
v 3.28862181 -2.52809959 -1.29251454
v 3.28862400 -2.52609138 -1.29249978
v 3.23266974 -2.52809368 -1.29250440
v 3.23266346 -2.52609726 -1.29250867
v 3.28862390 -2.52810127 -1.29250388
v 3.29192530 -2.52609374 -1.28516648
v 3.29193163 -2.52608690 -1.28516029
v 3.28862718 -2.52809884 -1.28902739
v 3.29192758 -2.52810013 -1.28516248
v 3.28862059 -2.52609201 -1.28902581
v 3.29314987 -2.52909975 -1.28638827
v 3.28862313 -2.52810457 -1.28903263
v 3.28862316 -2.52909936 -1.29076799
v 3.28862440 -2.52508439 -1.29077312
v 3.28862564 -2.52909723 -1.29077118
v 3.23266328 -2.52810370 -1.29250811
v 3.28862736 -2.52810029 -1.29250171
v 3.23266611 -2.52910126 -1.29076625
v 3.23266836 -2.52508182 -1.29077377
v 3.28862279 -2.52609060 -1.29251022
v 3.23267123 -2.52609799 -1.29250659
v 3.28861978 -2.52509087 -1.29076491
v 3.23266312 -2.52609023 -1.29250554
v 3.22660706 -2.52809614 -1.28773299
v 3.22660893 -2.52609210 -1.28773451
v 3.23266730 -2.52809905 -1.29250769
v 3.29192112 -2.52608729 -1.28516255
v 3.29316035 -2.52508462 -1.28638511
v 3.28862715 -2.52509009 -1.29076082
v 3.28863033 -2.52609062 -1.28903285
v 3.28862140 -2.52809239 -1.28903115
v 3.23266490 -2.52608735 -1.28902903
v 3.23266569 -2.52809891 -1.28902744
v 3.28862952 -2.52609103 -1.28902890
v 3.28862421 -2.52809736 -1.28902501
v 3.23266509 -2.52910292 -1.29077013
v 3.28862138 -2.52910256 -1.29076491
v 3.23266968 -2.52810516 -1.28902744
v 3.22784023 -2.52910810 -1.28650381
v 3.23266509 -2.52809590 -1.29251224
v 3.23266172 -2.52909986 -1.29077614
v 3.23266938 -2.52608930 -1.28903209
v 3.28863073 -2.52508196 -1.29077139
v 3.23265997 -2.52508361 -1.29075933
v 3.28862648 -2.52609207 -1.28903458
v 3.22661195 -2.52609559 -1.28773288
v 3.23266560 -2.52508569 -1.29077092
v 3.23267169 -2.52609039 -1.29250022
v 3.22661131 -2.52809311 -1.28773710
v 3.22120565 -2.52609045 -1.25167905
v 3.22660422 -2.52809798 -1.28772667
v 3.22121068 -2.52809894 -1.25167071
v 3.22660965 -2.52609378 -1.28773554
v 3.23266559 -2.52809546 -1.28902947
v 3.22906997 -2.52608824 -1.28527608
v 3.22906593 -2.52809892 -1.28527657
v 3.23266186 -2.52608892 -1.28902969
v 3.22906736 -2.52809342 -1.28527808
v 3.23266456 -2.52910199 -1.29077279
v 3.23266575 -2.52809749 -1.28902743
v 3.22784680 -2.52910127 -1.28650626
v 3.22782824 -2.52508458 -1.28650804
v 3.23266070 -2.52609290 -1.28902850
v 3.23266253 -2.52508765 -1.29077113
v 3.22783925 -2.52508790 -1.28650828
v 3.22293774 -2.52909790 -1.25167640
v 3.22660874 -2.52810101 -1.28772867
v 3.22783779 -2.52909896 -1.28651015
v 3.22120781 -2.52608799 -1.25168170
v 3.22783968 -2.52509066 -1.28650672
v 3.22660391 -2.52608996 -1.28773141
v 3.22120108 -2.52809996 -1.25167708
v 3.22293498 -2.52910108 -1.25168014
v 3.22120372 -2.52610131 -1.25168248
v 3.22120231 -2.52809551 -1.25168346
v 3.22293667 -2.52508793 -1.25168033
v 3.22468107 -2.52810148 -1.25167810
v 3.22467614 -2.52609054 -1.25167486
v 3.22906748 -2.52609268 -1.28527124
v 3.22906645 -2.52810268 -1.28528297
v 3.22467680 -2.52609125 -1.25168019
v 3.22468853 -2.52810173 -1.25168206
v 3.22906925 -2.52608628 -1.28527847
v 3.22468070 -2.52809782 -1.25168007
v 3.22783906 -2.52910624 -1.28651542
v 3.22906800 -2.52809514 -1.28527694
v 3.22293773 -2.52910276 -1.25167341
v 3.22293797 -2.52508653 -1.25167803
v 3.22294529 -2.52508925 -1.25167383
v 3.22467832 -2.52608801 -1.25167426
v 3.22907644 -2.52608388 -1.28528044
v 3.22784493 -2.52509260 -1.28650756
v 3.22120464 -2.48386378 -1.25167806
v 3.22661080 -2.48586210 -1.28773602
v 3.22120845 -2.48586529 -1.25167504
v 3.22661281 -2.48385146 -1.28773574
v 3.22120581 -2.48385901 -1.25167899
v 3.22783610 -2.48285074 -1.28650917
v 3.22660416 -2.48385928 -1.28773748
v 3.23267245 -2.48385763 -1.29249882
v 3.22660341 -2.48586826 -1.28773008
v 3.22660643 -2.48386127 -1.28773329
v 3.23266085 -2.48586821 -1.29250438
v 3.22120251 -2.48586494 -1.25167384
v 3.22661373 -2.48586214 -1.28772760
v 3.22294048 -2.48687309 -1.25167123
v 3.22294337 -2.48687053 -1.25168657
v 3.22120774 -2.48385534 -1.25168110
v 3.22120516 -2.48586187 -1.25168348
v 3.22294482 -2.48285374 -1.25168181
v 3.22467862 -2.48586707 -1.25168099
v 3.22467881 -2.48386598 -1.25167899
v 3.22784638 -2.48285327 -1.28650819
v 3.23266543 -2.48285206 -1.29076801
v 3.22661311 -2.48386251 -1.28773140
v 3.22293731 -2.48285398 -1.25168449
v 3.23266456 -2.48386533 -1.29250665
v 3.28863659 -2.48386552 -1.29250696
v 3.23266437 -2.48586565 -1.29250503
v 3.23265815 -2.48385240 -1.29250542
v 3.28862817 -2.48586577 -1.29250415
v 3.22783406 -2.48686595 -1.28650784
v 3.22661028 -2.48586268 -1.28773255
v 3.23266698 -2.48586378 -1.29251255
v 3.22784354 -2.48686825 -1.28650436
v 3.22467480 -2.48586560 -1.25167639
v 3.22294360 -2.48686881 -1.25167392
v 3.22783528 -2.48687454 -1.28651294
v 3.22907081 -2.48586342 -1.28527585
v 3.22468073 -2.48386657 -1.25167644
v 3.22467897 -2.48585872 -1.25168313
v 3.22906554 -2.48385728 -1.28528384
v 3.22293882 -2.48284916 -1.25167658
v 3.22467861 -2.48385171 -1.25167670
v 3.22907088 -2.48386073 -1.28527157
v 3.22783287 -2.48284973 -1.28650177
v 3.23266374 -2.48385078 -1.28902921
v 3.23266493 -2.48285792 -1.29077175
v 3.22784175 -2.48285226 -1.28650422
v 3.23266473 -2.48284963 -1.29077084
v 3.28862696 -2.48386460 -1.29250407
v 3.23266253 -2.48385237 -1.29250499
v 3.28862730 -2.48286160 -1.29077576
v 3.29438190 -2.48386119 -1.28762084
v 3.28862406 -2.48586880 -1.29250400
v 3.28862711 -2.48385251 -1.29251130
v 3.29439055 -2.48586762 -1.28761802
v 3.28863307 -2.48686528 -1.29077593
v 3.23266691 -2.48585951 -1.29250566
v 3.28862807 -2.48586921 -1.29250751
v 3.23266166 -2.48687470 -1.29077307
v 3.23266185 -2.48687277 -1.29077292
v 3.22906712 -2.48586010 -1.28527097
v 3.23267296 -2.48586845 -1.28902890
v 3.22907029 -2.48386081 -1.28527970
v 3.22907338 -2.48586173 -1.28526866
v 3.23265922 -2.48385312 -1.28903230
v 3.23265954 -2.48385517 -1.28903051
v 3.28863182 -2.48286164 -1.29076545
v 3.23265984 -2.48285746 -1.29077794
v 3.28862783 -2.48386019 -1.28902543
v 3.22907090 -2.48386243 -1.28528065
v 3.29315238 -2.48285976 -1.28638811
v 3.28862121 -2.48386101 -1.29250737
v 3.28862442 -2.48285434 -1.29076722
v 3.29438421 -2.48386293 -1.28761882
v 3.29437655 -2.48586664 -1.28761710
v 3.30070908 -2.48385694 -1.25163663
v 3.30071590 -2.48587401 -1.25164472
v 3.29438183 -2.48385452 -1.28762028
v 3.29438906 -2.48586310 -1.28762222
v 3.28862208 -2.48687251 -1.29077636
v 3.28862441 -2.48586005 -1.29250575
v 3.28863019 -2.48586785 -1.28903350
v 3.23266196 -2.48687303 -1.29076231
v 3.28862439 -2.48686556 -1.29076869
v 3.23266139 -2.48586153 -1.28902806
v 3.22907130 -2.48586554 -1.28527555
v 3.22784155 -2.48686277 -1.28650656
v 3.23266183 -2.48687395 -1.29077040
v 3.23266496 -2.48585848 -1.28903453
v 3.28861741 -2.48586758 -1.28903132
v 3.23266076 -2.48384980 -1.28904142
v 3.23265921 -2.48586757 -1.28902854
v 3.28862853 -2.48385845 -1.28902800
v 3.29192501 -2.48386518 -1.28516011
v 3.28862121 -2.48286349 -1.29077329
v 3.28862387 -2.48385875 -1.28903027
v 3.29315717 -2.48284852 -1.28638899
v 3.29897318 -2.48284900 -1.25163755
v 3.29437909 -2.48385711 -1.28762185
v 3.29315691 -2.48284868 -1.28638956
v 3.30070908 -2.48386379 -1.25164054
v 3.29897182 -2.48686628 -1.25163918
v 3.29723689 -2.48385407 -1.25164261
v 3.29723922 -2.48587194 -1.25163757
v 3.29896800 -2.48286147 -1.25164291
v 3.30070934 -2.48586194 -1.25164507
v 3.30070577 -2.48385814 -1.25164019
v 3.30070721 -2.48586499 -1.25164670
v 3.29315723 -2.48686963 -1.28639975
v 3.29315859 -2.48687025 -1.28639388
v 3.28863279 -2.48586366 -1.28903201
v 3.28862310 -2.48686850 -1.29076661
v 3.29192677 -2.48385645 -1.28516382
v 3.28862466 -2.48586147 -1.28902983
v 3.29192862 -2.48586658 -1.28515506
v 3.28862295 -2.48386177 -1.28903540
v 3.29723504 -2.48385917 -1.25163879
v 3.29315490 -2.48286074 -1.28638989
v 3.29192279 -2.48386118 -1.28515602
v 3.29897392 -2.48285641 -1.25164221
v 3.29722924 -2.48386397 -1.25163992
v 3.29193073 -2.48586393 -1.28516421
v 3.29723339 -2.48586586 -1.25164230
v 3.29192109 -2.48385684 -1.28516090
v 3.29722952 -2.48587267 -1.25164679
v 3.29192322 -2.48586460 -1.28515713
v 3.29896610 -2.48686692 -1.25163898
v 3.29896922 -2.48687250 -1.25163483
v 3.31502103 -2.47999036 -1.25175482
v 3.31796516 -2.48095822 -1.25175432
v 3.31501738 -2.57259834 -1.25175156
v 3.32582548 -2.46163713 -1.25175447
v 3.32797433 -2.46396311 -1.25175913
v 3.38384136 -2.46165204 -1.25175423
v 3.38170583 -2.46396706 -1.25175285
v 3.39171207 -2.48094218 -1.25175559
v 3.39465373 -2.47999291 -1.25175295
v 3.39170245 -2.57163370 -1.25175580
v 3.31796571 -2.57163744 -1.25175033
v 3.32583175 -2.59093843 -1.25175006
v 3.32796773 -2.58862582 -1.25175584
v 3.38385282 -2.59093690 -1.25174993
v 3.38170231 -2.58862134 -1.25175024
v 3.39465306 -2.57259600 -1.25175191
v 3.32475951 -2.46048219 -1.24890079
v 3.32582571 -2.46164496 -1.25176406
v 3.31502475 -2.47999079 -1.25175676
v 3.32475473 -2.46048438 -1.24890467
v 3.38385542 -2.46164483 -1.25175749
v 3.32583607 -2.46164568 -1.25175606
v 3.38492722 -2.46048116 -1.24889944
v 3.38383881 -2.46164572 -1.25175373
v 3.39612996 -2.47950899 -1.24889969
v 3.39465482 -2.47999836 -1.25175082
v 3.39465479 -2.57259398 -1.25174894
v 3.39613367 -2.47951067 -1.24890414
v 3.39612707 -2.57307969 -1.24890289
v 3.39466267 -2.47999305 -1.25175357
v 3.39465603 -2.57259236 -1.25174882
v 3.38492350 -2.59209831 -1.24888868
v 3.38384033 -2.59094174 -1.25175373
v 3.38492445 -2.59210068 -1.24890329
v 3.32583985 -2.59094173 -1.25175257
v 3.38384924 -2.59093848 -1.25175138
v 3.32475462 -2.59209595 -1.24890128
v 3.31502590 -2.57260032 -1.25174949
v 3.32582974 -2.59093831 -1.25175290
v 3.31354610 -2.57308375 -1.24890294
v 3.31354639 -2.47951440 -1.24889905
v 3.31502053 -2.47999058 -1.25175574
v 3.31502376 -2.57259427 -1.25175407
v 3.32474906 -2.46047957 -1.24890211
v 3.31501719 -2.47998748 -1.25175673
v 3.31354391 -2.47951079 -1.24890623
v 3.32582506 -2.46165250 -1.24605693
v 3.38492427 -2.46048544 -1.24889579
v 3.32476043 -2.46048356 -1.24889906
v 3.38384548 -2.46164727 -1.24604917
v 3.38492813 -2.46048225 -1.24890132
v 3.39612964 -2.47951460 -1.24890614
v 3.39465224 -2.57259486 -1.24604870
v 3.39612952 -2.57307352 -1.24889372
v 3.39465660 -2.47999387 -1.24604999
v 3.39612254 -2.57307248 -1.24889985
v 3.38385105 -2.59094401 -1.24605269
v 3.32474794 -2.59210128 -1.24888970
v 3.38492605 -2.59209351 -1.24890386
v 3.32582822 -2.59093657 -1.24604487
v 3.31354051 -2.57307652 -1.24889693
v 3.32583403 -2.59094323 -1.25175657
v 3.32474784 -2.59210207 -1.24890364
v 3.31355397 -2.47950594 -1.24889993
v 3.31502719 -2.57259169 -1.25175324
v 3.31355020 -2.57307178 -1.24890064
v 3.32582520 -2.46164637 -1.24604873
v 3.31355258 -2.47951385 -1.24890128
v 3.31502662 -2.47999462 -1.24604589
v 3.32474942 -2.46048597 -1.24890160
v 3.32583323 -2.59094021 -1.24605442
v 3.31796144 -2.57162596 -1.24604746
v 3.31502021 -2.57259134 -1.24605219
v 3.32797268 -2.58862490 -1.24604905
v 3.38384549 -2.59093905 -1.24604547
v 3.38170096 -2.58862014 -1.24605251
v 3.39171043 -2.57163284 -1.24604631
v 3.39465603 -2.57259654 -1.24605401
v 3.39171089 -2.48095696 -1.24604644
v 3.31501504 -2.47999178 -1.24605052
v 3.31796518 -2.48095256 -1.24604709
v 3.32582884 -2.46165072 -1.24604547
v 3.32796721 -2.46396546 -1.24604731
v 3.38384963 -2.46164906 -1.24605243
v 3.38169979 -2.46395888 -1.24605475
v 3.39465984 -2.47999785 -1.24605161
v 3.38492621 -2.46048767 -1.24890103
v 3.38384893 -2.46164923 -1.24604317
v 3.39465509 -2.47998670 -1.24605780
v 3.39613457 -2.47951149 -1.24890117
v 3.39466010 -2.57259107 -1.24604472
v 3.38385331 -2.59094153 -1.24605129
v 3.39612836 -2.57307917 -1.24889682
v 3.38492742 -2.59210017 -1.24890232
v 3.31501890 -2.57259619 -1.24605042
v 3.32475542 -2.59209894 -1.24890684
v 3.32582797 -2.59093995 -1.24604837
v 3.31501787 -2.57259367 -1.24605082
v 3.31354934 -2.57307325 -1.24889805
v 3.32475919 -2.59209958 -1.24889851
v 3.31502561 -2.57259782 -1.24605151
v 3.31354725 -2.47951267 -1.24889441
v 3.31354756 -2.57307939 -1.24890716
v 3.31503230 -2.47999272 -1.24604566
v 3.31494644 -2.52608381 -1.25167851
v 3.32033500 -2.52810332 -1.28773616
v 3.31494159 -2.52809604 -1.25168016
v 3.32035156 -2.52609313 -1.28773376
v 3.31493799 -2.52608681 -1.25168445
v 3.32157513 -2.52508732 -1.28651049
v 3.32034084 -2.52608908 -1.28773796
v 3.32640602 -2.52609256 -1.29250630
v 3.32034184 -2.52809536 -1.28773704
v 3.32033951 -2.52608960 -1.28773145
v 3.32640118 -2.52809886 -1.29250878
v 3.31494760 -2.52810105 -1.25168150
v 3.32034150 -2.52809532 -1.28773606
v 3.31668553 -2.52910240 -1.25167825
v 3.31667861 -2.52910203 -1.25168432
v 3.31494433 -2.52609463 -1.25167817
v 3.31494438 -2.52809627 -1.25167867
v 3.31668035 -2.52507806 -1.25167317
v 3.31842190 -2.52810242 -1.25167640
v 3.31841691 -2.52608709 -1.25167944
v 3.32157421 -2.52507996 -1.28650047
v 3.32640567 -2.52508759 -1.29077458
v 3.32034797 -2.52609088 -1.28773552
v 3.31667420 -2.52509093 -1.25168605
v 3.32640407 -2.52609116 -1.29251449
v 3.38236549 -2.52609418 -1.29251686
v 3.32640582 -2.52809104 -1.29250991
v 3.32640623 -2.52609083 -1.29250897
v 3.38237400 -2.52810303 -1.29250481
v 3.32156966 -2.52910585 -1.28650271
v 3.32034037 -2.52809852 -1.28773746
v 3.32640465 -2.52810127 -1.29250551
v 3.32157111 -2.52910170 -1.28650687
v 3.31841601 -2.52810378 -1.25168072
v 3.31667290 -2.52909259 -1.25167475
v 3.32157637 -2.52909492 -1.28651410
v 3.32280790 -2.52810457 -1.28527533
v 3.31842017 -2.52609702 -1.25167572
v 3.31842480 -2.52809740 -1.25167760
v 3.32280581 -2.52609589 -1.28527684
v 3.31668488 -2.52508550 -1.25167223
v 3.31842116 -2.52609422 -1.25167669
v 3.32280771 -2.52609252 -1.28527429
v 3.32157789 -2.52508894 -1.28650236
v 3.32640775 -2.52609531 -1.28903039
v 3.32640682 -2.52508628 -1.29076689
v 3.32157296 -2.52509151 -1.28650499
v 3.32639615 -2.52508560 -1.29076414
v 3.38236723 -2.52609231 -1.29250977
v 3.32640367 -2.52608267 -1.29250432
v 3.38236528 -2.52508806 -1.29076915
v 3.38812975 -2.52609462 -1.28762153
v 3.38236366 -2.52809869 -1.29250610
v 3.38237328 -2.52608800 -1.29251377
v 3.38811718 -2.52809940 -1.28761864
v 3.38236721 -2.52910414 -1.29077093
v 3.32639932 -2.52810241 -1.29250767
v 3.38236957 -2.52810347 -1.29250321
v 3.32640280 -2.52910494 -1.29076714
v 3.32640268 -2.52910085 -1.29077068
v 3.32280449 -2.52809918 -1.28527457
v 3.32640059 -2.52809349 -1.28902679
v 3.32280796 -2.52608915 -1.28527576
v 3.32281002 -2.52809510 -1.28527560
v 3.32640535 -2.52608454 -1.28902393
v 3.32640947 -2.52609133 -1.28902455
v 3.38236480 -2.52508318 -1.29076756
v 3.32640368 -2.52508400 -1.29076681
v 3.38236479 -2.52609012 -1.28903393
v 3.32281507 -2.52609367 -1.28527478
v 3.38689260 -2.52508263 -1.28639197
v 3.38236963 -2.52608532 -1.29250604
v 3.38236446 -2.52508424 -1.29077441
v 3.38812320 -2.52608558 -1.28761802
v 3.38811387 -2.52810124 -1.28761900
v 3.39444909 -2.52609809 -1.25164685
v 3.39445377 -2.52809826 -1.25165229
v 3.38812638 -2.52609160 -1.28761929
v 3.38811751 -2.52809663 -1.28762166
v 3.38236445 -2.52910605 -1.29077840
v 3.38237082 -2.52810270 -1.29251044
v 3.38236547 -2.52809571 -1.28903255
v 3.32640572 -2.52909448 -1.29076838
v 3.38236317 -2.52909709 -1.29077333
v 3.32640214 -2.52809631 -1.28902862
v 3.32279912 -2.52809051 -1.28527423
v 3.32157984 -2.52910154 -1.28649970
v 3.32640156 -2.52910178 -1.29077009
v 3.32640675 -2.52810377 -1.28902690
v 3.38236437 -2.52810070 -1.28902916
v 3.32639620 -2.52608838 -1.28903354
v 3.32640541 -2.52809644 -1.28901810
v 3.38235538 -2.52609422 -1.28902270
v 3.38565782 -2.52609146 -1.28516114
v 3.38236327 -2.52507905 -1.29076994
v 3.38236402 -2.52608536 -1.28903215
v 3.38689162 -2.52508742 -1.28638293
v 3.39271068 -2.52509183 -1.25163951
v 3.38811864 -2.52609338 -1.28761769
v 3.38689075 -2.52509153 -1.28639016
v 3.39444627 -2.52609019 -1.25164662
v 3.39271097 -2.52909462 -1.25164541
v 3.39096931 -2.52608660 -1.25163777
v 3.39097177 -2.52809861 -1.25163751
v 3.39271083 -2.52507867 -1.25164124
v 3.39444460 -2.52808888 -1.25164384
v 3.39445241 -2.52608711 -1.25163803
v 3.39444781 -2.52810051 -1.25164172
v 3.38690368 -2.52909973 -1.28639022
v 3.38689304 -2.52909784 -1.28638312
v 3.38236526 -2.52810084 -1.28903259
v 3.38236346 -2.52909810 -1.29076801
v 3.38566439 -2.52608389 -1.28516099
v 3.38236999 -2.52809665 -1.28903204
v 3.38565974 -2.52809968 -1.28515975
v 3.38236941 -2.52608670 -1.28902905
v 3.39097335 -2.52608966 -1.25164069
v 3.38689161 -2.52507889 -1.28638371
v 3.38565971 -2.52608732 -1.28515919
v 3.39271152 -2.52508380 -1.25164135
v 3.39096986 -2.52609158 -1.25164242
v 3.38565637 -2.52810102 -1.28516044
v 3.39097265 -2.52809222 -1.25164066
v 3.38565701 -2.52609353 -1.28515846
v 3.39096732 -2.52810272 -1.25164325
v 3.38566156 -2.52809685 -1.28516372
v 3.39271185 -2.52909910 -1.25163937
v 3.39271681 -2.52909952 -1.25164162
v 3.31797463 -2.57163379 -1.25174705
v 3.32904339 -2.58746010 -1.24890637
v 3.32797411 -2.58862496 -1.25175467
v 3.32904440 -2.58746696 -1.24891146
v 3.38170927 -2.58862393 -1.25175881
v 3.32797590 -2.58861597 -1.25175370
v 3.38063151 -2.58746937 -1.24889920
v 3.31943700 -2.57114611 -1.24890137
v 3.32904748 -2.58746800 -1.24890303
v 3.31796780 -2.57163779 -1.25175015
v 3.32796807 -2.58862124 -1.24605312
v 3.38063585 -2.58747022 -1.24890101
v 3.32904496 -2.58747200 -1.24890382
v 3.38170214 -2.58862669 -1.24605067
v 3.39022137 -2.57115333 -1.24890445
v 3.38169708 -2.58862555 -1.25175502
v 3.38063015 -2.58746340 -1.24889729
v 3.31796802 -2.48095340 -1.25174872
v 3.31943721 -2.57115524 -1.24891236
v 3.31796621 -2.57163562 -1.25174905
v 3.31943905 -2.48143488 -1.24889175
v 3.31944254 -2.57115663 -1.24890686
v 3.32796597 -2.58861809 -1.24604951
v 3.32904741 -2.58746333 -1.24890334
v 3.39170914 -2.57163058 -1.24605066
v 3.38063093 -2.58746571 -1.24890048
v 3.38170685 -2.58862101 -1.24604604
v 3.39022783 -2.57115738 -1.24889590
v 3.39171319 -2.57163243 -1.25175422
v 3.31944701 -2.57115213 -1.24890225
v 3.31796477 -2.48095354 -1.24604611
v 3.31796880 -2.57163145 -1.24604214
v 3.31944273 -2.48143214 -1.24889793
v 3.32797356 -2.46397097 -1.25175739
v 3.31944392 -2.48142910 -1.24890161
v 3.31796461 -2.48095753 -1.25175286
v 3.31944221 -2.57115095 -1.24890225
v 3.31796411 -2.57162975 -1.24604999
v 3.32797164 -2.58862875 -1.24605140
v 3.39171653 -2.48094726 -1.24605053
v 3.39023377 -2.57115329 -1.24889266
v 3.39170151 -2.57163390 -1.24606227
v 3.39023484 -2.48142639 -1.24890108
v 3.39023253 -2.57115157 -1.24889608
v 3.39170315 -2.48095380 -1.25175222
v 3.39170994 -2.57163617 -1.25175694
v 3.39023081 -2.48143157 -1.24889614
v 3.32904580 -2.46512499 -1.24890016
v 3.31797043 -2.48095456 -1.24604989
v 3.31944393 -2.48143489 -1.24890124
v 3.32797129 -2.46396256 -1.25176102
v 3.32904636 -2.46512308 -1.24890100
v 3.31944480 -2.48143036 -1.24889194
v 3.38170365 -2.46397213 -1.24605192
v 3.39023341 -2.48143211 -1.24889577
v 3.39170425 -2.48095079 -1.24604905
v 3.38063316 -2.46512220 -1.24890167
v 3.39170585 -2.48094544 -1.25175722
v 3.39023581 -2.48143332 -1.24890130
v 3.32797846 -2.46396530 -1.24604510
v 3.31796586 -2.48095017 -1.24605108
v 3.32904145 -2.46512425 -1.24889754
v 3.38063411 -2.46512011 -1.24890143
v 3.32797207 -2.46396106 -1.25175271
v 3.38170247 -2.46396997 -1.25175585
v 3.32904276 -2.46512487 -1.24889969
v 3.38063936 -2.46511622 -1.24889855
v 3.38169786 -2.46396219 -1.25174708
v 3.38169745 -2.46396762 -1.24605973
v 3.32903942 -2.46511390 -1.24889308
v 3.38063545 -2.46511986 -1.24890279
v 3.32797449 -2.46396524 -1.24604181
v 3.31494770 -2.54872456 -1.25167760
v 3.32034185 -2.55073076 -1.28773686
v 3.31493874 -2.55073062 -1.25167505
v 3.32034428 -2.54872672 -1.28772531
v 3.31493475 -2.54872891 -1.25167655
v 3.32157365 -2.54772779 -1.28649954
v 3.32035324 -2.54872473 -1.28773021
v 3.32640114 -2.54872962 -1.29250591
v 3.32034757 -2.55073645 -1.28773003
v 3.32034574 -2.54872507 -1.28772909
v 3.32640629 -2.55073886 -1.29251211
v 3.31494153 -2.55073579 -1.25167847
v 3.32034259 -2.55073433 -1.28773493
v 3.31668433 -2.55174120 -1.25167387
v 3.31667326 -2.55173816 -1.25167796
v 3.31494618 -2.54872169 -1.25167470
v 3.31494470 -2.55073708 -1.25167567
v 3.31668129 -2.54772627 -1.25167375
v 3.31842151 -2.55073385 -1.25167819
v 3.31841718 -2.54873654 -1.25167633
v 3.32157737 -2.54772372 -1.28650965
v 3.32640199 -2.54772483 -1.29077553
v 3.32034367 -2.54872785 -1.28773539
v 3.31667754 -2.54772588 -1.25168100
v 3.32639891 -2.54873388 -1.29250769
v 3.38236281 -2.54872075 -1.29250693
v 3.32640491 -2.55073565 -1.29250992
v 3.32640693 -2.54872660 -1.29250503
v 3.38236735 -2.55074243 -1.29250516
v 3.32157383 -2.55173940 -1.28650170
v 3.32034314 -2.55074037 -1.28773354
v 3.32641185 -2.55074043 -1.29250608
v 3.32157329 -2.55173470 -1.28650547
v 3.31841537 -2.55074336 -1.25167268
v 3.31668205 -2.55174241 -1.25167901
v 3.32157470 -2.55174263 -1.28650636
v 3.32280799 -2.55074035 -1.28527242
v 3.31841795 -2.54872768 -1.25167254
v 3.31841645 -2.55073560 -1.25167657
v 3.32280877 -2.54873179 -1.28527100
v 3.31667460 -2.54772370 -1.25168247
v 3.31841977 -2.54872557 -1.25167931
v 3.32280913 -2.54872787 -1.28527412
v 3.32157673 -2.54773285 -1.28649917
v 3.32639788 -2.54872778 -1.28902902
v 3.32639736 -2.54772558 -1.29077216
v 3.32157132 -2.54772342 -1.28650460
v 3.32640413 -2.54772380 -1.29077521
v 3.38236733 -2.54873324 -1.29250902
v 3.32640166 -2.54873404 -1.29250515
v 3.38237187 -2.54772586 -1.29076724
v 3.38811953 -2.54872649 -1.28761243
v 3.38236866 -2.55073960 -1.29250698
v 3.38236432 -2.54872970 -1.29249999
v 3.38812040 -2.55073848 -1.28761620
v 3.38236240 -2.55174374 -1.29077798
v 3.32639870 -2.55073798 -1.29251000
v 3.38236749 -2.55073478 -1.29250161
v 3.32640586 -2.55174066 -1.29076952
v 3.32641244 -2.55173870 -1.29076675
v 3.32281070 -2.55073747 -1.28527345
v 3.32640567 -2.55073669 -1.28902451
v 3.32280187 -2.54872966 -1.28527784
v 3.32280004 -2.55073122 -1.28527746
v 3.32639901 -2.54873106 -1.28903328
v 3.32640926 -2.54872617 -1.28902557
v 3.38236654 -2.54772283 -1.29077350
v 3.32640648 -2.54772601 -1.29076802
v 3.38236521 -2.54873279 -1.28902432
v 3.32280368 -2.54872025 -1.28527596
v 3.38689253 -2.54772222 -1.28638728
v 3.38236845 -2.54872839 -1.29250524
v 3.38236295 -2.54772919 -1.29076298
v 3.38812488 -2.54872824 -1.28762458
v 3.38812767 -2.55073538 -1.28762387
v 3.39444943 -2.54872554 -1.25164104
v 3.39445532 -2.55074857 -1.25163761
v 3.38812050 -2.54872715 -1.28762006
v 3.38812479 -2.55073258 -1.28761454
v 3.38236654 -2.55173654 -1.29076795
v 3.38236326 -2.55073557 -1.29250276
v 3.38235770 -2.55072961 -1.28903077
v 3.32640772 -2.55174017 -1.29077550
v 3.38235969 -2.55174200 -1.29077541
v 3.32640695 -2.55074134 -1.28903747
v 3.32280854 -2.55073639 -1.28528058
v 3.32157194 -2.55174035 -1.28650593
v 3.32640212 -2.55174962 -1.29077353
v 3.32639826 -2.55073649 -1.28902905
v 3.38236532 -2.55073667 -1.28903120
v 3.32639615 -2.54872578 -1.28902763
v 3.32640627 -2.55073472 -1.28903390
v 3.38236425 -2.54872982 -1.28903378
v 3.38566740 -2.54872716 -1.28515385
v 3.38236948 -2.54772362 -1.29077108
v 3.38236615 -2.54873057 -1.28903391
v 3.38688829 -2.54772342 -1.28639497
v 3.39271171 -2.54773015 -1.25163731
v 3.38812207 -2.54872949 -1.28761787
v 3.38689050 -2.54772988 -1.28639188
v 3.39445638 -2.54872748 -1.25163766
v 3.39272214 -2.55173850 -1.25164274
v 3.39097422 -2.54872835 -1.25164607
v 3.39096409 -2.55073819 -1.25164104
v 3.39271108 -2.54772610 -1.25164661
v 3.39444880 -2.55073519 -1.25164915
v 3.39444743 -2.54872025 -1.25163777
v 3.39445571 -2.55074345 -1.25164257
v 3.38689395 -2.55173971 -1.28638669
v 3.38689363 -2.55173726 -1.28638605
v 3.38235899 -2.55073413 -1.28903483
v 3.38236743 -2.55173440 -1.29077025
v 3.38565543 -2.54873396 -1.28516030
v 3.38236328 -2.55072924 -1.28903142
v 3.38566879 -2.55073552 -1.28516443
v 3.38237439 -2.54872979 -1.28902447
v 3.39097499 -2.54872921 -1.25163935
v 3.38689593 -2.54771921 -1.28639107
v 3.38565744 -2.54872410 -1.28515781
v 3.39270518 -2.54772045 -1.25164739
v 3.39096787 -2.54873092 -1.25164313
v 3.38566151 -2.55073908 -1.28515612
v 3.39097143 -2.55073296 -1.25163709
v 3.38566654 -2.54872782 -1.28515934
v 3.39096706 -2.55073386 -1.25164319
v 3.38565489 -2.55073370 -1.28516410
v 3.39271818 -2.55173228 -1.25163910
v 3.39270839 -2.55173913 -1.25164599
v 3.22645462 -2.47705792 -1.26423811
v 3.22784465 -2.47750791 -1.26423644
v 3.22645357 -2.57584218 -1.26423362
v 3.23154791 -2.46840775 -1.26424015
v 3.23255780 -2.46949972 -1.26423398
v 3.29189115 -2.46840833 -1.26423652
v 3.29087128 -2.46951056 -1.26424320
v 3.29559090 -2.47751076 -1.26424135
v 3.29697293 -2.47705358 -1.26423359
v 3.29559856 -2.57539150 -1.26424070
v 3.22784627 -2.57540087 -1.26423430
v 3.23155368 -2.58449494 -1.26423661
v 3.23256224 -2.58340095 -1.26423073
v 3.29189264 -2.58449626 -1.26424234
v 3.29088083 -2.58340769 -1.26423697
v 3.29697392 -2.57584434 -1.26423823
v 3.29239892 -2.58504544 -1.26290023
v 3.23154914 -2.58449376 -1.26423305
v 3.29189164 -2.58449141 -1.26423892
v 3.23104767 -2.58504827 -1.26289517
v 3.22645216 -2.57585296 -1.26423041
v 3.23155526 -2.58448774 -1.26424098
v 3.22576610 -2.57606869 -1.26289429
v 3.22576676 -2.47682206 -1.26289145
v 3.22646253 -2.57584228 -1.26423873
v 3.22576649 -2.57607507 -1.26290066
v 3.22646172 -2.47705791 -1.26423645
v 3.23103977 -2.46786149 -1.26288922
v 3.23155516 -2.46840996 -1.26423564
v 3.22645663 -2.47705248 -1.26424148
v 3.23104607 -2.46786006 -1.26289726
v 3.29189667 -2.46841091 -1.26424271
v 3.23155021 -2.46840842 -1.26423462
v 3.29239447 -2.46785731 -1.26289273
v 3.29188929 -2.46841012 -1.26423199
v 3.29766633 -2.47682157 -1.26289696
v 3.29698332 -2.47705622 -1.26423424
v 3.29698270 -2.57585370 -1.26424456
v 3.29767167 -2.47683091 -1.26289843
v 3.29767643 -2.57607270 -1.26289710
v 3.29697790 -2.47705877 -1.26423982
v 3.29697651 -2.57584004 -1.26423249
v 3.29239531 -2.58503501 -1.26289179
v 3.29189141 -2.58449169 -1.26423831
v 3.29189868 -2.58448767 -1.26155186
v 3.23103860 -2.58504323 -1.26289392
v 3.29239710 -2.58503837 -1.26289780
v 3.23155117 -2.58448844 -1.26155829
v 3.23103834 -2.58504388 -1.26289644
v 3.22645667 -2.57584954 -1.26155032
v 3.22575330 -2.47682603 -1.26289768
v 3.22577064 -2.57607682 -1.26289959
v 3.22645393 -2.47704979 -1.26155585
v 3.23104294 -2.46785746 -1.26289345
v 3.22645207 -2.47705473 -1.26423816
v 3.22576273 -2.47682958 -1.26289180
v 3.23155110 -2.46840565 -1.26154690
v 3.29239191 -2.46786398 -1.26288746
v 3.23103394 -2.46785662 -1.26288814
v 3.29189217 -2.46840714 -1.26153836
v 3.29239178 -2.46785719 -1.26289195
v 3.29767141 -2.47682240 -1.26289135
v 3.29189008 -2.46840445 -1.26423941
v 3.29767329 -2.47682525 -1.26288731
v 3.29698537 -2.57584277 -1.26155130
v 3.29767773 -2.57607728 -1.26289765
v 3.29698413 -2.47705128 -1.26154426
v 3.29698609 -2.57584713 -1.26424201
v 3.29766762 -2.57606854 -1.26289240
v 3.29240403 -2.58504045 -1.26289069
v 3.22646652 -2.57584312 -1.26154116
v 3.22784922 -2.57539628 -1.26155509
v 3.22645826 -2.47705065 -1.26155148
v 3.23155525 -2.58449001 -1.26155077
v 3.23256068 -2.58340240 -1.26155071
v 3.29189157 -2.58448953 -1.26155539
v 3.29087442 -2.58340559 -1.26155732
v 3.29559291 -2.57540419 -1.26155596
v 3.29697744 -2.57585308 -1.26155056
v 3.29559699 -2.47750841 -1.26155499
v 3.22784786 -2.47750540 -1.26155523
v 3.23155326 -2.46840946 -1.26155010
v 3.23255962 -2.46950178 -1.26155359
v 3.29189205 -2.46841195 -1.26155210
v 3.29087835 -2.46950069 -1.26155560
v 3.29697623 -2.47705097 -1.26154401
v 3.22645725 -2.57584809 -1.26155191
v 3.23104361 -2.58503960 -1.26288493
v 3.23154973 -2.58449205 -1.26154818
v 3.29767767 -2.57607215 -1.26289730
v 3.29189226 -2.58449080 -1.26155055
v 3.29240223 -2.58503723 -1.26288928
v 3.22576870 -2.57607646 -1.26289700
v 3.23154959 -2.46840911 -1.26154933
v 3.22576075 -2.47682456 -1.26289814
v 3.22645995 -2.47704914 -1.26154921
v 3.23104368 -2.46785281 -1.26289381
v 3.22576158 -2.47682998 -1.26289630
v 3.23155185 -2.46841196 -1.26154661
v 3.29239272 -2.46786604 -1.26289657
v 3.29189365 -2.46841036 -1.26154826
v 3.29698198 -2.47704667 -1.26154297
v 3.29239662 -2.46785791 -1.26289340
v 3.29697748 -2.47705079 -1.26155617
v 3.29768550 -2.47682844 -1.26289640
v 3.29697909 -2.57584840 -1.26155857
v 3.29189832 -2.58449503 -1.26155460
v 3.29767067 -2.57606902 -1.26288957
v 3.36128772 -2.46204027 -1.25162603
v 3.36329314 -2.46871636 -1.29134736
v 3.36128699 -2.46871100 -1.29134864
v 3.36329431 -2.46204863 -1.25163457
v 3.36329915 -2.46204502 -1.25162840
v 3.36429688 -2.46994178 -1.29012481
v 3.36329064 -2.46870653 -1.29134325
v 3.36329679 -2.46871976 -1.29134881
v 3.36128256 -2.47476868 -1.29611671
v 3.36128619 -2.46871936 -1.29135221
v 3.36328929 -2.47477177 -1.29612410
v 3.36129248 -2.46205628 -1.25163364
v 3.36128499 -2.46871518 -1.29135156
v 3.36028223 -2.46377640 -1.25163107
v 3.36127916 -2.46552431 -1.25163264
v 3.36129032 -2.46204842 -1.25162611
v 3.36027521 -2.46379251 -1.25162886
v 3.36329816 -2.46552618 -1.25162904
v 3.36329243 -2.46203946 -1.25162711
v 3.36430045 -2.46378285 -1.25162479
v 3.36329417 -2.46871160 -1.29135064
v 3.36430127 -2.46993510 -1.29012218
v 3.36430236 -2.47477502 -1.29438125
v 3.36429285 -2.46377745 -1.25162716
v 3.36329386 -2.47477613 -1.29611384
v 3.36330073 -2.47477573 -1.29612505
v 3.36128408 -2.57806468 -1.29612375
v 3.36128754 -2.47477608 -1.29611850
v 3.36329314 -2.57806255 -1.29611689
v 3.36129138 -2.46871216 -1.29135266
v 3.36128824 -2.47477254 -1.29611811
v 3.36027576 -2.46994623 -1.29012285
v 3.36027981 -2.46994432 -1.29012285
v 3.36027582 -2.46378364 -1.25162745
v 3.36027223 -2.46994396 -1.29012043
v 3.36129051 -2.46552592 -1.25163093
v 3.36329584 -2.46552536 -1.25163208
v 3.36128540 -2.47117889 -1.28888939
v 3.36329508 -2.47117343 -1.28889504
v 3.36128804 -2.46552287 -1.25163312
v 3.36429366 -2.46378182 -1.25163100
v 3.36329620 -2.46552831 -1.25164074
v 3.36329476 -2.47117448 -1.28889638
v 3.36429728 -2.46994602 -1.29012428
v 3.36329607 -2.47477816 -1.29265274
v 3.36429062 -2.47477010 -1.29439490
v 3.36329424 -2.57806119 -1.29612285
v 3.36429966 -2.47476839 -1.29438450
v 3.36429929 -2.57805501 -1.29438393
v 3.36329236 -2.47476852 -1.29612118
v 3.36329329 -2.57806164 -1.29612484
v 3.36128682 -2.58381874 -1.29123367
v 3.36128211 -2.57806612 -1.29612840
v 3.36329451 -2.58381856 -1.29123699
v 3.36028646 -2.47477341 -1.29438870
v 3.36128417 -2.57806136 -1.29612197
v 3.36028062 -2.57806800 -1.29438092
v 3.36128434 -2.47477667 -1.29612153
v 3.36028139 -2.47476797 -1.29438381
v 3.36129605 -2.47116957 -1.28888855
v 3.36328742 -2.47118210 -1.28889168
v 3.36128990 -2.47476657 -1.29264886
v 3.36330018 -2.47477642 -1.29264812
v 3.36128372 -2.47117099 -1.28889325
v 3.36430411 -2.57806529 -1.29437642
v 3.36329393 -2.47477363 -1.29264532
v 3.36329655 -2.57806468 -1.29264831
v 3.36430311 -2.47476666 -1.29437732
v 3.36328851 -2.57806101 -1.29611988
v 3.36429326 -2.57806068 -1.29438004
v 3.36430660 -2.58259894 -1.29000535
v 3.36330350 -2.58382605 -1.29123659
v 3.36329154 -2.59015535 -1.25159141
v 3.36129606 -2.58382012 -1.29123098
v 3.36328806 -2.58382362 -1.29123763
v 3.36128186 -2.59015601 -1.25159218
v 3.36128259 -2.57805981 -1.29612015
v 3.36128786 -2.58382686 -1.29122902
v 3.36028382 -2.57805615 -1.29437735
v 3.36128831 -2.47476583 -1.29264395
v 3.36027972 -2.57806503 -1.29438212
v 3.36128706 -2.57806913 -1.29264416
v 3.36028576 -2.47477348 -1.29437344
v 3.36027772 -2.46994270 -1.29011634
v 3.36028550 -2.47476919 -1.29438172
v 3.36128890 -2.47117870 -1.28889298
v 3.36128291 -2.47476925 -1.29263885
v 3.36329158 -2.57806213 -1.29263784
v 3.36128629 -2.47477020 -1.29264425
v 3.36128792 -2.57806886 -1.29264174
v 3.36329584 -2.47477867 -1.29263760
v 3.36429892 -2.57806771 -1.29438297
v 3.36329643 -2.57806503 -1.29264277
v 3.36329282 -2.58135831 -1.28877539
v 3.36430123 -2.58259143 -1.29000399
v 3.36430197 -2.58259447 -1.29000372
v 3.36430500 -2.58841431 -1.25159289
v 3.36328470 -2.58382292 -1.29123147
v 3.36329523 -2.59015276 -1.25159436
v 3.36128591 -2.59014684 -1.25159250
v 3.36128361 -2.58666401 -1.25159870
v 3.36028453 -2.58841374 -1.25159113
v 3.36329991 -2.59014546 -1.25159386
v 3.36329480 -2.58667392 -1.25159603
v 3.36430352 -2.58841326 -1.25159303
v 3.36028647 -2.58259261 -1.29000898
v 3.36128282 -2.58382772 -1.29123842
v 3.36128347 -2.59014769 -1.25159829
v 3.36027877 -2.58260172 -1.29000891
v 3.36027991 -2.57806208 -1.29437791
v 3.36028033 -2.58258858 -1.29001251
v 3.36129069 -2.57806364 -1.29264110
v 3.36129145 -2.58135947 -1.28877844
v 3.36329454 -2.57805892 -1.29264780
v 3.36128914 -2.57805868 -1.29264453
v 3.36328938 -2.58136430 -1.28877589
v 3.36329699 -2.58136228 -1.28877842
v 3.36329822 -2.58666995 -1.25159042
v 3.36429408 -2.58259943 -1.29000284
v 3.36430009 -2.58842189 -1.25159391
v 3.36128349 -2.58666893 -1.25159176
v 3.36329527 -2.58136619 -1.28877163
v 3.36127856 -2.58136555 -1.28878204
v 3.36328275 -2.58667638 -1.25159402
v 3.36128495 -2.58135746 -1.28878284
v 3.36027789 -2.58841609 -1.25159367
v 3.36128389 -2.58667071 -1.25159446
v 3.36028315 -2.58842213 -1.25159473
v 3.34434469 -2.46204756 -1.25163437
v 3.34635809 -2.46871517 -1.29134740
v 3.34434932 -2.46871331 -1.29135059
v 3.34635180 -2.46205291 -1.25163641
v 3.34635850 -2.46205081 -1.25163010
v 3.34735888 -2.46994354 -1.29011932
v 3.34635614 -2.46870706 -1.29135617
v 3.34634889 -2.46870782 -1.29135481
v 3.34434615 -2.47476193 -1.29611882
v 3.34433742 -2.46870944 -1.29134993
v 3.34634681 -2.47476743 -1.29611823
v 3.34434420 -2.46204601 -1.25162841
v 3.34434445 -2.46871391 -1.29134807
v 3.34334489 -2.46378439 -1.25163604
v 3.34434452 -2.46552221 -1.25163412
v 3.34435355 -2.46204795 -1.25163649
v 3.34332962 -2.46378345 -1.25162854
v 3.34635399 -2.46552484 -1.25163405
v 3.34635232 -2.46205150 -1.25162713
v 3.34735910 -2.46378248 -1.25162951
v 3.34636398 -2.46871342 -1.29135125
v 3.34736543 -2.46994011 -1.29011625
v 3.34736049 -2.47477732 -1.29438507
v 3.34735070 -2.46378998 -1.25162280
v 3.34635838 -2.47477351 -1.29612495
v 3.34635121 -2.47477508 -1.29612106
v 3.34435132 -2.57806309 -1.29611756
v 3.34433837 -2.47476771 -1.29611510
v 3.34635750 -2.57806535 -1.29612411
v 3.34434303 -2.46871619 -1.29135810
v 3.34434906 -2.47477315 -1.29612085
v 3.34334465 -2.46994363 -1.29012460
v 3.34333862 -2.46994383 -1.29012519
v 3.34334396 -2.46378120 -1.25163122
v 3.34334274 -2.46994543 -1.29011876
v 3.34434641 -2.46552419 -1.25162214
v 3.34635128 -2.46552467 -1.25162871
v 3.34434628 -2.47117264 -1.28889101
v 3.34635665 -2.47117113 -1.28888406
v 3.34435138 -2.46552066 -1.25162694
v 3.34736186 -2.46377645 -1.25163349
v 3.34635448 -2.46552106 -1.25163089
v 3.34635273 -2.47117555 -1.28889191
v 3.34735641 -2.46994712 -1.29012236
v 3.34635207 -2.47476818 -1.29264744
v 3.34736329 -2.47477741 -1.29438216
v 3.34636121 -2.57806496 -1.29611576
v 3.34736747 -2.47476988 -1.29438317
v 3.34736369 -2.57807073 -1.29438182
v 3.34635889 -2.47477000 -1.29612337
v 3.34635651 -2.57806408 -1.29612405
v 3.34435000 -2.58382321 -1.29123581
v 3.34434225 -2.57805744 -1.29612657
v 3.34635197 -2.58382198 -1.29123498
v 3.34333695 -2.47477351 -1.29438349
v 3.34435278 -2.57806553 -1.29612605
v 3.34334308 -2.57806455 -1.29438619
v 3.34435003 -2.47477205 -1.29612249
v 3.34334652 -2.47477122 -1.29438428
v 3.34434209 -2.47117853 -1.28889349
v 3.34635307 -2.47117878 -1.28889327
v 3.34434673 -2.47477782 -1.29264760
v 3.34634887 -2.47477780 -1.29264100
v 3.34435034 -2.47118181 -1.28889623
v 3.34736031 -2.57806439 -1.29438274
v 3.34635477 -2.47476995 -1.29265137
v 3.34635459 -2.57806132 -1.29265028
v 3.34736152 -2.47476695 -1.29438466
v 3.34635606 -2.57806274 -1.29611182
v 3.34736466 -2.57806359 -1.29438976
v 3.34736268 -2.58259568 -1.28999825
v 3.34636195 -2.58381694 -1.29123302
v 3.34635012 -2.59014544 -1.25159481
v 3.34435346 -2.58382381 -1.29124087
v 3.34634798 -2.58382695 -1.29123085
v 3.34434240 -2.59014967 -1.25159752
v 3.34435340 -2.57806222 -1.29612611
v 3.34434866 -2.58381767 -1.29123320
v 3.34334330 -2.57806845 -1.29437871
v 3.34434878 -2.47476771 -1.29264624
v 3.34334005 -2.57805696 -1.29438699
v 3.34434503 -2.57806165 -1.29265403
v 3.34334188 -2.47476626 -1.29438694
v 3.34333627 -2.46994611 -1.29011637
v 3.34334014 -2.47477792 -1.29437896
v 3.34434746 -2.47117300 -1.28888102
v 3.34434707 -2.47477835 -1.29264177
v 3.34636029 -2.57806199 -1.29264284
v 3.34434974 -2.47476909 -1.29263805
v 3.34434175 -2.57806318 -1.29264328
v 3.34635940 -2.47477775 -1.29264476
v 3.34735970 -2.57806622 -1.29437715
v 3.34635780 -2.57805759 -1.29264100
v 3.34635616 -2.58136575 -1.28878130
v 3.34736164 -2.58259459 -1.29000891
v 3.34736095 -2.58259664 -1.29000361
v 3.34736966 -2.58841191 -1.25159244
v 3.34635722 -2.58381571 -1.29123596
v 3.34635094 -2.59015111 -1.25159880
v 3.34435141 -2.59014917 -1.25160056
v 3.34435032 -2.58667886 -1.25159807
v 3.34334437 -2.58841885 -1.25159176
v 3.34635087 -2.59015773 -1.25159271
v 3.34635771 -2.58667420 -1.25159349
v 3.34735617 -2.58840987 -1.25158726
v 3.34333802 -2.58259873 -1.29000715
v 3.34435352 -2.58382593 -1.29123485
v 3.34434608 -2.59015225 -1.25159745
v 3.34334473 -2.58259631 -1.28999738
v 3.34333995 -2.57805626 -1.29437875
v 3.34333857 -2.58259038 -1.29000201
v 3.34434702 -2.57806334 -1.29264191
v 3.34434839 -2.58135911 -1.28877291
v 3.34636012 -2.57806413 -1.29264868
v 3.34435340 -2.57806503 -1.29263993
v 3.34635452 -2.58136440 -1.28877228
v 3.34635760 -2.58135594 -1.28877910
v 3.34636331 -2.58667354 -1.25159555
v 3.34736101 -2.58259277 -1.29000667
v 3.34735977 -2.58841399 -1.25158915
v 3.34434239 -2.58667653 -1.25159570
v 3.34635437 -2.58136664 -1.28877815
v 3.34434605 -2.58135885 -1.28877352
v 3.34635879 -2.58667498 -1.25159928
v 3.34435107 -2.58136403 -1.28878008
v 3.34333960 -2.58841241 -1.25160237
v 3.34434647 -2.58666843 -1.25159675
v 3.34334500 -2.58840704 -1.25159349
v 3.39141368 -2.57607059 -1.26288586
v 3.38562863 -2.58448924 -1.26154661
v 3.38613371 -2.58503623 -1.26290209
v 3.38562913 -2.58448920 -1.26154973
v 3.32478018 -2.58504036 -1.26288909
v 3.38613761 -2.58503793 -1.26289491
v 3.32528118 -2.58449457 -1.26155163
v 3.39072183 -2.57584200 -1.26424654
v 3.39140996 -2.57606999 -1.26288718
v 3.38612984 -2.58504139 -1.26288941
v 3.39072254 -2.57585465 -1.26155824
v 3.38562457 -2.58449779 -1.26155076
v 3.39141791 -2.57607090 -1.26289361
v 3.32019278 -2.57584974 -1.26154785
v 3.32158650 -2.57538980 -1.26154830
v 3.32020274 -2.47706065 -1.26154563
v 3.32527583 -2.58448932 -1.26154193
v 3.32629974 -2.58339976 -1.26155094
v 3.38562321 -2.58449217 -1.26154881
v 3.38461722 -2.58339933 -1.26155116
v 3.38932713 -2.57538819 -1.26155061
v 3.39071536 -2.57584987 -1.26155352
v 3.38933222 -2.47750738 -1.26155306
v 3.32157706 -2.47751004 -1.26154394
v 3.32528613 -2.46840495 -1.26155478
v 3.32630163 -2.46950022 -1.26154117
v 3.38563378 -2.46841604 -1.26155213
v 3.38462137 -2.46950386 -1.26155922
v 3.39071961 -2.47705178 -1.26155009
v 3.32019665 -2.57584154 -1.26154925
v 3.32477993 -2.58504131 -1.26289607
v 3.32528897 -2.58449021 -1.26155668
v 3.38613726 -2.58504465 -1.26289611
v 3.32529106 -2.58449807 -1.26424059
v 3.38562565 -2.58449633 -1.26423315
v 3.32478053 -2.58503960 -1.26289515
v 3.39072356 -2.57584498 -1.26423334
v 3.39140943 -2.47682777 -1.26289085
v 3.39141579 -2.57606805 -1.26289372
v 3.39071721 -2.47705357 -1.26423845
v 3.39072180 -2.57584938 -1.26424137
v 3.38613422 -2.58503595 -1.26288957
v 3.38562429 -2.58448941 -1.26423622
v 3.39140641 -2.47682874 -1.26289108
v 3.39072373 -2.57585038 -1.26155088
v 3.39140964 -2.57607574 -1.26289661
v 3.39072275 -2.47705796 -1.26155124
v 3.38612424 -2.46786274 -1.26290261
v 3.38562738 -2.46840147 -1.26155060
v 3.39071820 -2.47705012 -1.26155305
v 3.32529055 -2.46840916 -1.26155146
v 3.38613528 -2.46786468 -1.26289269
v 3.32478006 -2.46786507 -1.26288814
v 3.38562687 -2.46841080 -1.26154224
v 3.32528827 -2.46840148 -1.26154550
v 3.31950299 -2.47682963 -1.26288916
v 3.32019535 -2.47705086 -1.26154954
v 3.32020278 -2.57584275 -1.26155442
v 3.31950325 -2.47682811 -1.26289188
v 3.31950060 -2.57607136 -1.26289486
v 3.32020003 -2.47705103 -1.26154621
v 3.31949539 -2.57606978 -1.26289080
v 3.32020817 -2.47705557 -1.26423804
v 3.32159041 -2.47750963 -1.26423924
v 3.32020376 -2.57584329 -1.26423483
v 3.32528593 -2.46841388 -1.26423743
v 3.32630091 -2.46950630 -1.26423832
v 3.38562691 -2.46840728 -1.26423873
v 3.38461961 -2.46950123 -1.26423194
v 3.38934278 -2.47751077 -1.26423287
v 3.39072350 -2.47705056 -1.26423835
v 3.38933408 -2.57539209 -1.26423685
v 3.32159030 -2.57538471 -1.26423974
v 3.32528096 -2.58449521 -1.26423198
v 3.32630320 -2.58340102 -1.26424334
v 3.38562640 -2.58449274 -1.26423103
v 3.38461694 -2.58339710 -1.26423933
v 3.39072323 -2.57584731 -1.26423476
v 3.31950334 -2.57607596 -1.26288924
v 3.32529297 -2.58448508 -1.26423693
v 3.32478666 -2.58503845 -1.26289549
v 3.38562431 -2.46841194 -1.26423670
v 3.39141368 -2.47682217 -1.26289667
v 3.39072358 -2.47706074 -1.26423916
v 3.39141259 -2.47682324 -1.26288744
v 3.32477824 -2.46786527 -1.26289584
v 3.38561442 -2.46840541 -1.26423784
v 3.32529287 -2.46841319 -1.26423824
v 3.38612428 -2.46787086 -1.26289718
v 3.32478758 -2.46786651 -1.26288555
v 3.31950261 -2.47682803 -1.26289634
v 3.32529030 -2.46841164 -1.26155138
v 3.31950617 -2.47682243 -1.26289392
v 3.32019755 -2.57584027 -1.26423383
v 3.31950407 -2.57607621 -1.26289182
v 3.32020143 -2.47705274 -1.26423538
v 3.32019233 -2.57584670 -1.26424795
v 3.32478577 -2.46786353 -1.26289356
v 3.32528958 -2.46840553 -1.26423802
v 3.32020068 -2.47705761 -1.26423396
v 3.38613320 -2.46786177 -1.26289856
v 3.32478074 -2.46786134 -1.26289445
v 3.32019475 -2.47705454 -1.26423519
v 3.31949592 -2.47683041 -1.26289818
v 3.33086200 -2.59014642 -1.25158979
v 3.32885631 -2.58382441 -1.29123923
v 3.33086394 -2.58382185 -1.29123561
v 3.32886125 -2.59015258 -1.25159236
v 3.33085753 -2.58382119 -1.29123249
v 3.33186313 -2.58840310 -1.25158990
v 3.33085561 -2.59014866 -1.25159237
v 3.32885908 -2.59015130 -1.25159771
v 3.32885218 -2.58667506 -1.25159559
v 3.32784732 -2.58841130 -1.25159833
v 3.33086089 -2.59014868 -1.25159179
v 3.33086526 -2.58666788 -1.25159475
v 3.33186683 -2.58841275 -1.25159882
v 3.32784580 -2.58260108 -1.29000915
v 3.32885517 -2.58381643 -1.29123115
v 3.32885537 -2.59015253 -1.25159062
v 3.33086387 -2.57806319 -1.29611877
v 3.32885062 -2.58382188 -1.29123159
v 3.32884861 -2.57806353 -1.29612323
v 3.33085553 -2.58382242 -1.29123555
v 3.33186467 -2.58259761 -1.29000024
v 3.33186363 -2.58259003 -1.29000583
v 3.33086399 -2.58667469 -1.25159082
v 3.33186523 -2.58840896 -1.25159030
v 3.32885117 -2.58666994 -1.25159736
v 3.33086614 -2.58135883 -1.28877736
v 3.32885549 -2.58136061 -1.28878020
v 3.33086905 -2.58667294 -1.25159155
v 3.32886005 -2.58136576 -1.28877993
v 3.32784456 -2.58840955 -1.25159550
v 3.32885892 -2.58666894 -1.25159487
v 3.32785519 -2.58841102 -1.25159782
v 3.32785246 -2.57806402 -1.29438024
v 3.32885275 -2.58381892 -1.29123457
v 3.32784893 -2.58259632 -1.28999748
v 3.32885490 -2.57805614 -1.29613367
v 3.33086232 -2.47477207 -1.29612068
v 3.32885867 -2.57806644 -1.29611308
v 3.32885921 -2.47477002 -1.29612216
v 3.33086302 -2.57806587 -1.29612339
v 3.33086057 -2.57806449 -1.29611916
v 3.33186644 -2.58259273 -1.29000091
v 3.33086485 -2.58381724 -1.29123510
v 3.33086374 -2.58136414 -1.28877900
v 3.32885619 -2.58136050 -1.28877603
v 3.33086437 -2.57806480 -1.29265036
v 3.32885034 -2.57806245 -1.29264306
v 3.33086645 -2.58135987 -1.28877725
v 3.32784609 -2.58260196 -1.29000585
v 3.32785524 -2.57806305 -1.29437977
v 3.32885714 -2.57805939 -1.29264076
v 3.32785430 -2.47477131 -1.29439025
v 3.32885918 -2.57806119 -1.29612122
v 3.32785045 -2.57806394 -1.29438786
v 3.32885315 -2.47476624 -1.29612198
v 3.33086280 -2.46871256 -1.29134683
v 3.32885206 -2.47476983 -1.29612360
v 3.32885921 -2.46871578 -1.29134350
v 3.33086452 -2.47476577 -1.29611940
v 3.33085712 -2.57806073 -1.29611949
v 3.33187121 -2.47477085 -1.29437697
v 3.33186567 -2.57806250 -1.29437871
v 3.33085994 -2.47477639 -1.29611333
v 3.33187050 -2.57806767 -1.29437969
v 3.33186804 -2.57806310 -1.29438354
v 3.33086277 -2.58135785 -1.28877569
v 3.33186890 -2.58259179 -1.29000224
v 3.33085905 -2.57806587 -1.29264629
v 3.33085813 -2.57806874 -1.29264372
v 3.32885930 -2.47477029 -1.29264868
v 3.32884394 -2.57806212 -1.29264475
v 3.33085579 -2.47476567 -1.29264179
v 3.32885599 -2.47476611 -1.29264709
v 3.32785146 -2.57806252 -1.29438191
v 3.32886539 -2.57805920 -1.29265050
v 3.32784779 -2.47476771 -1.29438827
v 3.32784519 -2.46994801 -1.29012215
v 3.32885927 -2.47476844 -1.29612135
v 3.32785086 -2.47476642 -1.29438792
v 3.32885529 -2.46871084 -1.29135196
v 3.32885277 -2.46204261 -1.25163093
v 3.33086655 -2.46870787 -1.29135368
v 3.32885485 -2.46871378 -1.29135169
v 3.33085993 -2.46205232 -1.25163956
v 3.33085582 -2.46871365 -1.29134818
v 3.33186319 -2.47477191 -1.29438127
v 3.33086053 -2.47477728 -1.29612455
v 3.33186904 -2.57806252 -1.29437696
v 3.33086987 -2.47476457 -1.29264572
v 3.33086948 -2.57806647 -1.29264362
v 3.33186987 -2.47477193 -1.29438335
v 3.33086151 -2.47117067 -1.28889070
v 3.32885654 -2.47476712 -1.29265162
v 3.33086187 -2.47477181 -1.29265205
v 3.32885404 -2.47117492 -1.28889543
v 3.32885443 -2.47117716 -1.28889406
v 3.32785175 -2.47477501 -1.29438790
v 3.32885772 -2.47476804 -1.29264558
v 3.32784524 -2.46995235 -1.29012428
v 3.32785290 -2.46378394 -1.25162549
v 3.32885233 -2.46871658 -1.29135865
v 3.32783986 -2.46995531 -1.29012841
v 3.33086736 -2.46204470 -1.25163158
v 3.33186751 -2.46994042 -1.29011759
v 3.33085824 -2.46871426 -1.29135511
v 3.32885334 -2.46204317 -1.25163133
v 3.32885325 -2.46552776 -1.25163731
v 3.32886064 -2.46205089 -1.25163310
v 3.32785327 -2.46377749 -1.25163267
v 3.33086606 -2.46551369 -1.25162440
v 3.33086000 -2.46204305 -1.25163383
v 3.33186707 -2.46378223 -1.25163404
v 3.33186213 -2.46994649 -1.29011719
v 3.33187042 -2.46994263 -1.29012196
v 3.33086330 -2.47477179 -1.29264610
v 3.33186391 -2.47477503 -1.29438518
v 3.33086479 -2.47117128 -1.28888790
v 3.33085040 -2.46552359 -1.25163338
v 3.32884341 -2.47117657 -1.28888976
v 3.33086124 -2.47117481 -1.28889225
v 3.32885626 -2.46552571 -1.25163296
v 3.32885145 -2.46551870 -1.25162922
v 3.32784445 -2.46994966 -1.29011857
v 3.32885567 -2.47117896 -1.28889818
v 3.32784193 -2.46377913 -1.25162642
v 3.33187110 -2.46378595 -1.25163423
v 3.33186479 -2.46379334 -1.25162729
v 3.33086540 -2.46552595 -1.25163461
v 3.37737362 -2.46204941 -1.25162970
v 3.37937209 -2.46870568 -1.29135314
v 3.37736044 -2.46870972 -1.29134605
v 3.37937544 -2.46203995 -1.25162503
v 3.37937986 -2.46204766 -1.25162719
v 3.38038381 -2.46994142 -1.29012244
v 3.37937684 -2.46871234 -1.29134703
v 3.37937600 -2.46871590 -1.29134609
v 3.37736772 -2.47476478 -1.29612303
v 3.37736813 -2.46871558 -1.29134980
v 3.37937729 -2.47477406 -1.29611833
v 3.37737140 -2.46204651 -1.25162795
v 3.37737532 -2.46870825 -1.29135112
v 3.37637029 -2.46377738 -1.25163649
v 3.37737484 -2.46551976 -1.25163337
v 3.37736435 -2.46204609 -1.25163219
v 3.37637187 -2.46379141 -1.25162712
v 3.37938387 -2.46552722 -1.25163485
v 3.37938425 -2.46204450 -1.25163037
v 3.38038741 -2.46378482 -1.25163330
v 3.37938364 -2.46871387 -1.29134884
v 3.38038099 -2.46995204 -1.29011764
v 3.38038722 -2.47477481 -1.29437381
v 3.38039017 -2.46378591 -1.25163161
v 3.37937993 -2.47476984 -1.29612538
v 3.37937829 -2.47477023 -1.29613165
v 3.37737067 -2.57806173 -1.29612600
v 3.37736966 -2.47476832 -1.29612532
v 3.37937047 -2.57806849 -1.29612299
v 3.37737571 -2.46870647 -1.29135693
v 3.37736791 -2.47477209 -1.29612021
v 3.37636745 -2.46994283 -1.29012565
v 3.37636413 -2.46994817 -1.29012036
v 3.37637036 -2.46378611 -1.25163411
v 3.37637186 -2.46994699 -1.29012408
v 3.37737419 -2.46552543 -1.25163782
v 3.37937925 -2.46551840 -1.25163170
v 3.37737271 -2.47117267 -1.28888493
v 3.37937045 -2.47117553 -1.28888881
v 3.37737155 -2.46552027 -1.25163120
v 3.38038505 -2.46378192 -1.25162809
v 3.37937978 -2.46552257 -1.25162882
v 3.37938159 -2.47117488 -1.28889498
v 3.38038815 -2.46994777 -1.29011914
v 3.37938612 -2.47476951 -1.29264294
v 3.38039215 -2.47477327 -1.29438167
v 3.37938160 -2.57805957 -1.29612112
v 3.38037485 -2.47477311 -1.29438086
v 3.38038449 -2.57806387 -1.29438096
v 3.37937547 -2.47476328 -1.29612117
v 3.37937531 -2.57806552 -1.29612052
v 3.37737313 -2.58382091 -1.29123119
v 3.37736066 -2.57806177 -1.29611783
v 3.37938226 -2.58382167 -1.29123708
v 3.37636729 -2.47476586 -1.29438390
v 3.37736901 -2.57807260 -1.29612746
v 3.37636734 -2.57806371 -1.29438181
v 3.37737189 -2.47476842 -1.29612117
v 3.37636936 -2.47477156 -1.29437791
v 3.37737276 -2.47118028 -1.28889197
v 3.37937893 -2.47117156 -1.28889781
v 3.37736992 -2.47476936 -1.29264790
v 3.37937575 -2.47477353 -1.29264206
v 3.37736666 -2.47117725 -1.28889640
v 3.38039156 -2.57805981 -1.29438228
v 3.37937883 -2.47476184 -1.29264424
v 3.37938426 -2.57806526 -1.29264969
v 3.38038202 -2.47477036 -1.29438014
v 3.37937713 -2.57805790 -1.29611776
v 3.38039084 -2.57806380 -1.29438704
v 3.38038476 -2.58259613 -1.29000393
v 3.37937445 -2.58382008 -1.29123069
v 3.37938052 -2.59014620 -1.25159227
v 3.37737047 -2.58382954 -1.29123741
v 3.37937859 -2.58381919 -1.29124125
v 3.37737774 -2.59014913 -1.25159025
v 3.37736766 -2.57805721 -1.29612563
v 3.37737867 -2.58382467 -1.29122881
v 3.37636911 -2.57805990 -1.29437841
v 3.37737338 -2.47477042 -1.29264719
v 3.37637255 -2.57805985 -1.29438593
v 3.37737020 -2.57806735 -1.29264449
v 3.37636777 -2.47477531 -1.29438716
v 3.37637325 -2.46994732 -1.29011977
v 3.37636075 -2.47476894 -1.29438475
v 3.37737566 -2.47117654 -1.28888692
v 3.37737002 -2.47477421 -1.29264176
v 3.37938037 -2.57806457 -1.29264367
v 3.37736635 -2.47477411 -1.29264493
v 3.37737614 -2.57807052 -1.29265141
v 3.37937030 -2.47477953 -1.29264195
v 3.38038081 -2.57806594 -1.29438072
v 3.37937962 -2.57805997 -1.29263863
v 3.37937453 -2.58136284 -1.28877760
v 3.38038745 -2.58259552 -1.29000705
v 3.38038419 -2.58259420 -1.29000183
v 3.38038689 -2.58841313 -1.25159599
v 3.37937487 -2.58382390 -1.29122579
v 3.37937810 -2.59015202 -1.25158997
v 3.37736972 -2.59015949 -1.25159611
v 3.37736982 -2.58666767 -1.25158897
v 3.37637240 -2.58840722 -1.25159679
v 3.37937441 -2.59015002 -1.25159463
v 3.37937838 -2.58667319 -1.25159390
v 3.38038512 -2.58841466 -1.25159201
v 3.37636900 -2.58259595 -1.29000531
v 3.37737591 -2.58381878 -1.29123186
v 3.37737076 -2.59015616 -1.25159347
v 3.37636604 -2.58259513 -1.29000550
v 3.37636889 -2.57806357 -1.29438464
v 3.37637373 -2.58259386 -1.29000457
v 3.37737247 -2.57806081 -1.29264543
v 3.37736804 -2.58135969 -1.28877252
v 3.37937641 -2.57805761 -1.29264893
v 3.37737324 -2.57807248 -1.29264376
v 3.37938006 -2.58136584 -1.28877851
v 3.37937538 -2.58136635 -1.28877239
v 3.37938439 -2.58667535 -1.25159276
v 3.38038028 -2.58260556 -1.29000768
v 3.38038413 -2.58841550 -1.25159532
v 3.37737353 -2.58667690 -1.25159272
v 3.37937672 -2.58136141 -1.28877035
v 3.37737123 -2.58136558 -1.28877436
v 3.37937753 -2.58667269 -1.25159759
v 3.37737271 -2.58135456 -1.28878366
v 3.37637330 -2.58840596 -1.25159099
v 3.37737270 -2.58667601 -1.25159625
v 3.37637317 -2.58841699 -1.25159381
v 3.32228142 -2.57516811 -1.26289412
v 3.32158332 -2.57539614 -1.26154280
v 3.32630609 -2.58339791 -1.26155109
v 3.32227756 -2.57516447 -1.26289126
v 3.32158056 -2.47750745 -1.26155071
v 3.32157903 -2.57539326 -1.26154939
v 3.32227602 -2.47773544 -1.26288721
v 3.32227680 -2.57516860 -1.26289617
v 3.32629784 -2.58339787 -1.26154748
v 3.32680125 -2.58285426 -1.26289694
v 3.32158215 -2.47750491 -1.26424016
v 3.32227623 -2.57516749 -1.26289533
v 3.32158579 -2.57539061 -1.26423634
v 3.32228407 -2.47773256 -1.26289297
v 3.32680900 -2.47005360 -1.26289853
v 3.32158343 -2.47750603 -1.26154707
v 3.32227392 -2.47773158 -1.26289583
v 3.32629715 -2.58340276 -1.26155029
v 3.38410506 -2.58285143 -1.26290376
v 3.32680464 -2.58285031 -1.26289358
v 3.38461457 -2.58340701 -1.26155229
v 3.32227608 -2.57517485 -1.26289333
v 3.32680688 -2.58285605 -1.26289395
v 3.32158770 -2.57538894 -1.26424204
v 3.32630498 -2.46949839 -1.26423718
v 3.32228613 -2.47773284 -1.26290292
v 3.32158755 -2.47750856 -1.26423785
v 3.32629729 -2.46949896 -1.26423201
v 3.32680833 -2.47004778 -1.26289495
v 3.32228216 -2.47772920 -1.26288813
v 3.32630048 -2.46949804 -1.26154965
v 3.32158526 -2.47750814 -1.26154812
v 3.32680935 -2.47004918 -1.26289041
v 3.38933114 -2.57538787 -1.26154833
v 3.38410565 -2.58286104 -1.26289565
v 3.38462165 -2.58340576 -1.26154965
v 3.32680288 -2.58285385 -1.26289272
v 3.38461554 -2.58339846 -1.26423565
v 3.32629896 -2.58339516 -1.26423746
v 3.38410511 -2.58284787 -1.26288844
v 3.32158688 -2.57538466 -1.26424072
v 3.32680812 -2.58285862 -1.26288817
v 3.32630387 -2.58339769 -1.26424103
v 3.38410874 -2.47004733 -1.26289466
v 3.32630163 -2.46949602 -1.26423130
v 3.38462224 -2.46949626 -1.26424170
v 3.32680385 -2.47005336 -1.26289258
v 3.38462367 -2.46949665 -1.26154797
v 3.32680504 -2.47004948 -1.26288624
v 3.38411397 -2.47004906 -1.26289554
v 3.32629910 -2.46949573 -1.26155109
v 3.38863356 -2.57516009 -1.26289553
v 3.38411368 -2.58285775 -1.26289530
v 3.38933285 -2.57538951 -1.26155177
v 3.38864060 -2.57517008 -1.26289523
v 3.38462072 -2.58340553 -1.26423750
v 3.38410723 -2.58285343 -1.26289189
v 3.38461793 -2.46949469 -1.26423431
v 3.38933150 -2.47750629 -1.26423859
v 3.38410489 -2.47004925 -1.26289225
v 3.38460921 -2.46949787 -1.26154544
v 3.38411036 -2.47005139 -1.26288906
v 3.38863642 -2.47772715 -1.26289631
v 3.38933922 -2.47751062 -1.26154562
v 3.38862956 -2.57516577 -1.26289143
v 3.38933126 -2.57538985 -1.26155104
v 3.38863340 -2.47773211 -1.26289346
v 3.38864333 -2.57516102 -1.26288954
v 3.38933078 -2.57539479 -1.26424315
v 3.38461191 -2.58339883 -1.26423699
v 3.38410069 -2.47004378 -1.26289150
v 3.38933740 -2.47750613 -1.26424405
v 3.38863878 -2.47773020 -1.26289001
v 3.38461776 -2.46950282 -1.26154745
v 3.38863754 -2.47773066 -1.26289483
v 3.38933258 -2.47751509 -1.26155458
v 3.38863521 -2.57517789 -1.26290036
v 3.38933268 -2.47750457 -1.26423355
v 3.38933502 -2.57539124 -1.26423220
v 3.38864477 -2.47773113 -1.26289629
v 3.31494461 -2.56988658 -1.25167891
v 3.32034778 -2.57188497 -1.28773166
v 3.31494488 -2.57188487 -1.25167273
v 3.32034677 -2.56988378 -1.28773697
v 3.31494439 -2.56988423 -1.25167544
v 3.32158392 -2.56887936 -1.28649651
v 3.32034065 -2.56988084 -1.28773519
v 3.32640466 -2.56987957 -1.29251089
v 3.32034344 -2.57188043 -1.28773921
v 3.32034726 -2.56988099 -1.28773175
v 3.32640510 -2.57189401 -1.29251041
v 3.31494790 -2.57188450 -1.25167430
v 3.32034410 -2.57188839 -1.28773267
v 3.31667871 -2.57289005 -1.25168424
v 3.31668808 -2.57289488 -1.25167478
v 3.31494664 -2.56988719 -1.25167796
v 3.31494142 -2.57188831 -1.25168334
v 3.31668594 -2.56887333 -1.25167928
v 3.31843142 -2.57189422 -1.25168060
v 3.31842059 -2.56988231 -1.25168071
v 3.32157935 -2.56887695 -1.28650812
v 3.32640217 -2.56888764 -1.29076286
v 3.32034047 -2.56988101 -1.28773434
v 3.31668048 -2.56888005 -1.25168275
v 3.32639473 -2.56987811 -1.29250547
v 3.38236292 -2.56988089 -1.29250867
v 3.32640201 -2.57189054 -1.29250305
v 3.32640489 -2.56988582 -1.29250416
v 3.38236287 -2.57188720 -1.29250503
v 3.32156263 -2.57289264 -1.28650830
v 3.32034358 -2.57188226 -1.28773344
v 3.32640378 -2.57189757 -1.29250102
v 3.32157435 -2.57288965 -1.28650532
v 3.31841883 -2.57189568 -1.25167653
v 3.31667835 -2.57288911 -1.25167250
v 3.32157073 -2.57289855 -1.28651010
v 3.32280228 -2.57189005 -1.28527998
v 3.31841251 -2.56988103 -1.25168408
v 3.31841583 -2.57189041 -1.25168372
v 3.32280589 -2.56987914 -1.28527461
v 3.31668563 -2.56887306 -1.25167870
v 3.31841832 -2.56988591 -1.25167435
v 3.32279935 -2.56987798 -1.28527984
v 3.32157461 -2.56887631 -1.28651200
v 3.32640673 -2.56988418 -1.28903401
v 3.32640201 -2.56887728 -1.29076664
v 3.32157882 -2.56887629 -1.28650720
v 3.32640311 -2.56887739 -1.29077391
v 3.38236379 -2.56988203 -1.29252062
v 3.32640298 -2.56988452 -1.29250245
v 3.38236798 -2.56888429 -1.29076863
v 3.38811392 -2.56987565 -1.28762260
v 3.38236517 -2.57188554 -1.29250995
v 3.38236410 -2.56988585 -1.29250273
v 3.38813006 -2.57188953 -1.28762123
v 3.38236623 -2.57289444 -1.29076826
v 3.32640469 -2.57188756 -1.29250619
v 3.38236335 -2.57189586 -1.29251093
v 3.32640359 -2.57288992 -1.29077203
v 3.32640594 -2.57289683 -1.29077187
v 3.32280471 -2.57188406 -1.28527736
v 3.32640583 -2.57189046 -1.28903123
v 3.32281054 -2.56987836 -1.28528547
v 3.32280927 -2.57188937 -1.28528107
v 3.32640328 -2.56988282 -1.28903104
v 3.32640731 -2.56988489 -1.28902967
v 3.38236731 -2.56887888 -1.29077251
v 3.32640808 -2.56887463 -1.29076616
v 3.38236571 -2.56987706 -1.28902378
v 3.32280347 -2.56988344 -1.28527163
v 3.38689387 -2.56887256 -1.28638763
v 3.38236653 -2.56988098 -1.29250815
v 3.38236745 -2.56887801 -1.29077250
v 3.38812834 -2.56988278 -1.28761641
v 3.38811760 -2.57189071 -1.28762086
v 3.39444764 -2.56988133 -1.25163861
v 3.39445097 -2.57188406 -1.25164137
v 3.38812119 -2.56987884 -1.28762100
v 3.38811771 -2.57188750 -1.28762352
v 3.38236376 -2.57289932 -1.29076793
v 3.38236061 -2.57188669 -1.29250731
v 3.38236110 -2.57189483 -1.28903170
v 3.32640618 -2.57289135 -1.29076064
v 3.38237452 -2.57289480 -1.29076965
v 3.32639861 -2.57189254 -1.28903539
v 3.32280612 -2.57189006 -1.28527250
v 3.32157634 -2.57289752 -1.28650583
v 3.32639774 -2.57289283 -1.29076959
v 3.32639892 -2.57188772 -1.28902823
v 3.38237279 -2.57189220 -1.28902836
v 3.32640407 -2.56987437 -1.28902551
v 3.32640663 -2.57188789 -1.28903212
v 3.38236328 -2.56988730 -1.28903304
v 3.38566154 -2.56988130 -1.28516088
v 3.38237286 -2.56887386 -1.29077632
v 3.38236424 -2.56987840 -1.28902893
v 3.38689390 -2.56888073 -1.28638991
v 3.39272348 -2.56887834 -1.25164389
v 3.38812128 -2.56988274 -1.28761327
v 3.38689004 -2.56887401 -1.28638857
v 3.39444843 -2.56988551 -1.25164459
v 3.39271526 -2.57289765 -1.25162853
v 3.39097282 -2.56987847 -1.25163759
v 3.39097043 -2.57188582 -1.25164187
v 3.39271780 -2.56888496 -1.25164156
v 3.39444563 -2.57189258 -1.25163810
v 3.39445358 -2.56988367 -1.25164418
v 3.39444783 -2.57188928 -1.25164302
v 3.38688675 -2.57289519 -1.28638752
v 3.38689234 -2.57289210 -1.28639063
v 3.38236787 -2.57189462 -1.28903425
v 3.38236316 -2.57288927 -1.29076612
v 3.38566294 -2.56987900 -1.28515868
v 3.38237629 -2.57189044 -1.28902318
v 3.38566233 -2.57188867 -1.28516328
v 3.38236467 -2.56987886 -1.28903468
v 3.39096788 -2.56988193 -1.25164435
v 3.38689526 -2.56887448 -1.28639050
v 3.38566395 -2.56987881 -1.28516063
v 3.39270695 -2.56887030 -1.25164623
v 3.39097323 -2.56987286 -1.25163921
v 3.38566845 -2.57189095 -1.28515946
v 3.39097521 -2.57189205 -1.25164586
v 3.38566166 -2.56988035 -1.28515938
v 3.39096683 -2.57188646 -1.25164222
v 3.38565620 -2.57189127 -1.28515899
v 3.39271441 -2.57288869 -1.25164546
v 3.39270791 -2.57289218 -1.25164755
v 3.29723332 -2.54872976 -1.25163816
v 3.29192834 -2.55073246 -1.28516346
v 3.29722747 -2.55073405 -1.25164044
v 3.29193390 -2.54872953 -1.28516579
v 3.29723276 -2.55073133 -1.25164323
v 3.29192324 -2.55073649 -1.28515687
v 3.29896737 -2.55174425 -1.25163963
v 3.29897965 -2.55174034 -1.25163715
v 3.29723008 -2.54873098 -1.25164824
v 3.29723590 -2.55073808 -1.25163974
v 3.29897572 -2.54772531 -1.25163835
v 3.30070583 -2.55072892 -1.25164531
v 3.30070912 -2.54873078 -1.25164176
v 3.29723045 -2.54872552 -1.25164110
v 3.29316842 -2.54772237 -1.28638824
v 3.29193105 -2.54873131 -1.28516288
v 3.29192500 -2.54873845 -1.28515842
v 3.28862164 -2.55072990 -1.28903588
v 3.29192638 -2.55074658 -1.28517004
v 3.28862849 -2.54872591 -1.28903361
v 3.29315932 -2.55173811 -1.28638220
v 3.29896926 -2.54772524 -1.25163972
v 3.30071061 -2.55072608 -1.25163749
v 3.29897142 -2.55173288 -1.25164339
v 3.29315095 -2.55173635 -1.28638783
v 3.29438199 -2.55073302 -1.28762497
v 3.30070796 -2.54872850 -1.25163945
v 3.30071208 -2.55073296 -1.25164131
v 3.29437800 -2.54873002 -1.28762066
v 3.29897389 -2.54772064 -1.25164508
v 3.30070836 -2.54872895 -1.25163668
v 3.29438422 -2.54873124 -1.28761826
v 3.29192175 -2.54872362 -1.28515539
v 3.29316021 -2.54772678 -1.28639024
v 3.28862234 -2.54771800 -1.29077076
v 3.28862669 -2.55073331 -1.28903232
v 3.28862758 -2.54872628 -1.28903193
v 3.28862438 -2.55073765 -1.28902656
v 3.23266709 -2.54872620 -1.28902721
v 3.23266660 -2.55073367 -1.28903091
v 3.28862880 -2.54872632 -1.28902816
v 3.29316090 -2.54772656 -1.28639658
v 3.29438279 -2.55073295 -1.28761816
v 3.29438574 -2.54872966 -1.28761654
v 3.28862479 -2.55073591 -1.29250908
v 3.28863115 -2.54872210 -1.29250957
v 3.29437273 -2.55074136 -1.28761732
v 3.29315944 -2.54772608 -1.28639194
v 3.28862664 -2.54872520 -1.29250825
v 3.28862340 -2.54772297 -1.29076781
v 3.28862669 -2.55174373 -1.29076561
v 3.23266326 -2.54873180 -1.28902959
v 3.28862234 -2.54772251 -1.29076632
v 3.23266211 -2.54771448 -1.29077074
v 3.28862823 -2.54873082 -1.28902839
v 3.28862232 -2.55073424 -1.28902395
v 3.23265855 -2.55174494 -1.29077300
v 3.28862603 -2.55173631 -1.29076889
v 3.23266737 -2.55073606 -1.28903322
v 3.23266444 -2.55073980 -1.28903185
v 3.22906908 -2.54873355 -1.28527235
v 3.22907195 -2.55074176 -1.28527352
v 3.23266225 -2.54873023 -1.28902998
v 3.29438100 -2.54872334 -1.28762194
v 3.28862040 -2.55174271 -1.29076938
v 3.28861682 -2.55073999 -1.29251227
v 3.28861670 -2.54872985 -1.29250914
v 3.23266473 -2.55073612 -1.29251162
v 3.23265994 -2.54872521 -1.29251126
v 3.28862840 -2.55073469 -1.29250965
v 3.23266396 -2.54772780 -1.29076572
v 3.28861908 -2.54872934 -1.29251077
v 3.23266504 -2.54873071 -1.29250952
v 3.28862709 -2.54772763 -1.29076489
v 3.22783830 -2.54772490 -1.28650630
v 3.23265584 -2.54873011 -1.28903715
v 3.23266610 -2.54773436 -1.29077405
v 3.22907108 -2.55072902 -1.28527347
v 3.23266266 -2.55174105 -1.29076785
v 3.23266486 -2.55074154 -1.28902389
v 3.28862882 -2.55173724 -1.29076989
v 3.23266188 -2.55073244 -1.29250837
v 3.28862569 -2.55073277 -1.29250472
v 3.23266544 -2.55173796 -1.29077410
v 3.22906148 -2.54871924 -1.28527710
v 3.22906475 -2.55073299 -1.28527851
v 3.22468228 -2.54872743 -1.25168250
v 3.22467646 -2.55074016 -1.25167531
v 3.22906567 -2.54872847 -1.28527351
v 3.23266330 -2.54872959 -1.29250495
v 3.22660938 -2.55074219 -1.28773278
v 3.22660450 -2.54872406 -1.28773287
v 3.23266165 -2.55073184 -1.29251191
v 3.22661506 -2.54873511 -1.28773448
v 3.23266406 -2.54773142 -1.29076324
v 3.23266465 -2.54873439 -1.29250772
v 3.22784114 -2.54772208 -1.28650252
v 3.22783334 -2.55174018 -1.28649859
v 3.22784161 -2.55174014 -1.28650408
v 3.23266056 -2.55073660 -1.29250736
v 3.23266225 -2.55173501 -1.29077226
v 3.22294600 -2.54772159 -1.25167362
v 3.22906470 -2.54872846 -1.28527421
v 3.22784301 -2.54772534 -1.28651165
v 3.22468621 -2.55073495 -1.25167669
v 3.22784341 -2.55174229 -1.28649857
v 3.22906605 -2.55073124 -1.28527843
v 3.22467954 -2.54873330 -1.25167940
v 3.22294573 -2.55174311 -1.25167711
v 3.22120378 -2.54873368 -1.25168200
v 3.22120408 -2.55073937 -1.25168368
v 3.22294794 -2.54773266 -1.25167891
v 3.22467651 -2.55073562 -1.25167180
v 3.22468044 -2.54872774 -1.25167532
v 3.22660886 -2.55072988 -1.28773282
v 3.22120613 -2.54873424 -1.25167489
v 3.22660555 -2.55073799 -1.28773715
v 3.22120826 -2.55073308 -1.25167540
v 3.22661001 -2.54872393 -1.28773545
v 3.22120667 -2.54872639 -1.25167639
v 3.22784105 -2.54772278 -1.28650231
v 3.22660848 -2.54873432 -1.28773647
v 3.22294249 -2.54772325 -1.25167788
v 3.22294441 -2.55174153 -1.25167915
v 3.22120544 -2.55073351 -1.25167724
v 3.22661100 -2.55073819 -1.28773882
v 3.22293695 -2.55173165 -1.25167387
v 3.22783717 -2.55173811 -1.28650327
v 3.31667754 -2.48686881 -1.25167429
v 3.31493969 -2.48385416 -1.25167795
v 3.31494291 -2.48587198 -1.25167206
v 3.31667922 -2.48285966 -1.25168144
v 3.31842267 -2.48587525 -1.25167372
v 3.31841045 -2.48385964 -1.25168066
v 3.31842698 -2.48586168 -1.25167815
v 3.31668447 -2.48687145 -1.25167354
v 3.32157550 -2.48686721 -1.28650486
v 3.32280845 -2.48586480 -1.28527624
v 3.31842751 -2.48385874 -1.25167226
v 3.31841825 -2.48586735 -1.25167632
v 3.32280268 -2.48385958 -1.28528692
v 3.31667976 -2.48285685 -1.25166998
v 3.31842117 -2.48385903 -1.25167792
v 3.32280120 -2.48385753 -1.28527484
v 3.31668544 -2.48285745 -1.25167646
v 3.32157303 -2.48285128 -1.28650437
v 3.31493896 -2.48385549 -1.25168460
v 3.31494375 -2.48385571 -1.25167850
v 3.32034032 -2.48586735 -1.28773729
v 3.31494722 -2.48586311 -1.25168309
v 3.32034758 -2.48385543 -1.28773465
v 3.31493586 -2.48586202 -1.25167677
v 3.32034754 -2.48587443 -1.28773795
v 3.31668270 -2.48687283 -1.25166842
v 3.32156958 -2.48686727 -1.28650045
v 3.32281220 -2.48586256 -1.28527434
v 3.32640152 -2.48586653 -1.28903870
v 3.32280118 -2.48385972 -1.28527713
v 3.32280887 -2.48586338 -1.28528051
v 3.32640783 -2.48385722 -1.28903764
v 3.32156670 -2.48285622 -1.28650117
v 3.32034516 -2.48385629 -1.28773872
v 3.32640385 -2.48386170 -1.29250644
v 3.32034623 -2.48587145 -1.28774241
v 3.32033572 -2.48385847 -1.28773155
v 3.32640445 -2.48586485 -1.29250708
v 3.32157160 -2.48686585 -1.28650319
v 3.32034939 -2.48585874 -1.28773466
v 3.32639988 -2.48586532 -1.29250731
v 3.32280175 -2.48587090 -1.28527467
v 3.32157406 -2.48686917 -1.28650885
v 3.32640162 -2.48686988 -1.29077267
v 3.32640137 -2.48587493 -1.28902651
v 3.38236585 -2.48586405 -1.28902988
v 3.32640108 -2.48385370 -1.28902807
v 3.32640579 -2.48586577 -1.28902963
v 3.38236809 -2.48385926 -1.28903037
v 3.32279899 -2.48385685 -1.28527507
v 3.32640663 -2.48386518 -1.28902935
v 3.32157442 -2.48285782 -1.28650725
v 3.32157285 -2.48285656 -1.28650259
v 3.32640460 -2.48285215 -1.29076743
v 3.32034287 -2.48386003 -1.28773881
v 3.32640552 -2.48386297 -1.29250454
v 3.38236920 -2.48385815 -1.29251111
v 3.32640545 -2.48586618 -1.29250386
v 3.32640108 -2.48385696 -1.29251204
v 3.38236828 -2.48586413 -1.29250453
v 3.32640162 -2.48686701 -1.29077121
v 3.38236299 -2.48586890 -1.28903222
v 3.32640200 -2.48686338 -1.29076976
v 3.38236613 -2.48686764 -1.29076756
v 3.32640202 -2.48586616 -1.28902509
v 3.38565990 -2.48386026 -1.28516504
v 3.38236973 -2.48586358 -1.28903548
v 3.38565729 -2.48586724 -1.28515360
v 3.38236172 -2.48384922 -1.28903014
v 3.32640024 -2.48386306 -1.28902683
v 3.38235995 -2.48285571 -1.29076748
v 3.32639853 -2.48285422 -1.29077454
v 3.38236927 -2.48386199 -1.28902816
v 3.32640913 -2.48285226 -1.29077032
v 3.32640366 -2.48285798 -1.29077027
v 3.38236961 -2.48385590 -1.29251143
v 3.32640924 -2.48386225 -1.29251191
v 3.38236588 -2.48285106 -1.29076857
v 3.38811405 -2.48385661 -1.28762199
v 3.38236584 -2.48586282 -1.29250153
v 3.38236504 -2.48385914 -1.29250733
v 3.38812553 -2.48587129 -1.28762177
v 3.38235758 -2.48686429 -1.29076983
v 3.32640224 -2.48586129 -1.29250965
v 3.38236547 -2.48586209 -1.29250913
v 3.32640784 -2.48686554 -1.29077079
v 3.38689211 -2.48686749 -1.28639230
v 3.38236055 -2.48586454 -1.28903262
v 3.38236319 -2.48687100 -1.29077379
v 3.38565969 -2.48587342 -1.28515635
v 3.39096885 -2.48386145 -1.25164479
v 3.38566364 -2.48586579 -1.28515970
v 3.39096284 -2.48586984 -1.25164005
v 3.38566198 -2.48385080 -1.28516235
v 3.38566388 -2.48386416 -1.28516642
v 3.38236345 -2.48285795 -1.29077327
v 3.38236645 -2.48385903 -1.28903078
v 3.38689683 -2.48285375 -1.28639552
v 3.38236902 -2.48385607 -1.29250980
v 3.38236862 -2.48285211 -1.29077221
v 3.38812125 -2.48385523 -1.28762465
v 3.38812136 -2.48587069 -1.28762460
v 3.39445188 -2.48384813 -1.25163176
v 3.39445933 -2.48586602 -1.25164858
v 3.38812976 -2.48386197 -1.28761217
v 3.38812182 -2.48586585 -1.28761801
v 3.38236666 -2.48686801 -1.29077764
v 3.38236870 -2.48586623 -1.29250564
v 3.38689180 -2.48687125 -1.28638686
v 3.39271450 -2.48686748 -1.25164104
v 3.39096583 -2.48586513 -1.25164649
v 3.39271584 -2.48687594 -1.25164470
v 3.39095666 -2.48386367 -1.25164250
v 3.39096715 -2.48586770 -1.25163608
v 3.39271202 -2.48285771 -1.25164447
v 3.39445301 -2.48586733 -1.25164448
v 3.39445303 -2.48385886 -1.25164582
v 3.39097178 -2.48385762 -1.25164192
v 3.38689561 -2.48284908 -1.28638686
v 3.38566395 -2.48385965 -1.28516325
v 3.38689833 -2.48285596 -1.28639108
v 3.39271539 -2.48285117 -1.25164078
v 3.38812528 -2.48385603 -1.28761867
v 3.38689321 -2.48284991 -1.28638740
v 3.39445322 -2.48386400 -1.25164196
v 3.39445263 -2.48587144 -1.25163912
v 3.39271222 -2.48686834 -1.25164413
v 3.39270502 -2.48285797 -1.25164041
v 3.31493868 -2.50404820 -1.25168041
v 3.32034165 -2.50605875 -1.28773130
v 3.31494412 -2.50605622 -1.25168393
v 3.32035059 -2.50404988 -1.28773028
v 3.31494725 -2.50405114 -1.25167174
v 3.32157230 -2.50304425 -1.28649717
v 3.32033871 -2.50405039 -1.28772853
v 3.32641185 -2.50405640 -1.29250875
v 3.32034456 -2.50606150 -1.28773925
v 3.32034781 -2.50404483 -1.28773711
v 3.32640665 -2.50605567 -1.29250281
v 3.31494249 -2.50606226 -1.25167954
v 3.32035102 -2.50605995 -1.28773834
v 3.31667769 -2.50705628 -1.25167661
v 3.31667878 -2.50705646 -1.25168089
v 3.31494205 -2.50405136 -1.25168457
v 3.31494125 -2.50606481 -1.25167755
v 3.31668692 -2.50304028 -1.25167395
v 3.31842554 -2.50606039 -1.25167456
v 3.31842557 -2.50405831 -1.25168044
v 3.32157489 -2.50303572 -1.28650379
v 3.32639515 -2.50304953 -1.29076486
v 3.32034714 -2.50404808 -1.28773274
v 3.31668637 -2.50305124 -1.25167946
v 3.32639868 -2.50405103 -1.29251639
v 3.38236880 -2.50404936 -1.29250262
v 3.32641513 -2.50605841 -1.29251087
v 3.32640473 -2.50404587 -1.29250461
v 3.38236678 -2.50606797 -1.29250403
v 3.32157165 -2.50706474 -1.28650434
v 3.32034841 -2.50606227 -1.28773793
v 3.32639916 -2.50605712 -1.29251290
v 3.32157009 -2.50706213 -1.28650414
v 3.31842575 -2.50606226 -1.25168201
v 3.31668078 -2.50705754 -1.25167515
v 3.32157576 -2.50706422 -1.28651035
v 3.32280181 -2.50605987 -1.28527478
v 3.31842571 -2.50405174 -1.25167682
v 3.31842450 -2.50606450 -1.25168056
v 3.32280735 -2.50405056 -1.28528800
v 3.31667659 -2.50304757 -1.25167885
v 3.31841678 -2.50404672 -1.25167958
v 3.32281067 -2.50405252 -1.28528220
v 3.32157293 -2.50304512 -1.28651052
v 3.32641518 -2.50405791 -1.28902921
v 3.32641140 -2.50304495 -1.29077252
v 3.32156642 -2.50304711 -1.28649998
v 3.32639886 -2.50304411 -1.29076422
v 3.38236903 -2.50404686 -1.29250742
v 3.32640606 -2.50405438 -1.29250580
v 3.38236507 -2.50305259 -1.29076934
v 3.38811344 -2.50405174 -1.28762174
v 3.38236508 -2.50606307 -1.29250388
v 3.38236580 -2.50405046 -1.29250910
v 3.38812483 -2.50605556 -1.28761891
v 3.38236257 -2.50706038 -1.29076858
v 3.32639720 -2.50605989 -1.29250767
v 3.38236480 -2.50605414 -1.29250807
v 3.32640178 -2.50705990 -1.29077093
v 3.32639736 -2.50705076 -1.29076667
v 3.32280499 -2.50606265 -1.28528111
v 3.32640344 -2.50606272 -1.28903220
v 3.32280961 -2.50405203 -1.28527682
v 3.32280931 -2.50606164 -1.28527636
v 3.32640236 -2.50404385 -1.28903679
v 3.32640354 -2.50405103 -1.28903669
v 3.38236689 -2.50304103 -1.29076571
v 3.32640767 -2.50304646 -1.29077581
v 3.38236737 -2.50405570 -1.28903068
v 3.32280882 -2.50405320 -1.28527932
v 3.38688685 -2.50304970 -1.28639478
v 3.38236759 -2.50404744 -1.29251879
v 3.38236700 -2.50305291 -1.29076532
v 3.38812310 -2.50404831 -1.28761710
v 3.38812361 -2.50605959 -1.28761535
v 3.39445300 -2.50404834 -1.25163535
v 3.39444573 -2.50605855 -1.25164495
v 3.38811913 -2.50405047 -1.28761453
v 3.38811800 -2.50606076 -1.28762328
v 3.38235957 -2.50705819 -1.29076822
v 3.38237310 -2.50606325 -1.29250988
v 3.38236246 -2.50605513 -1.28903454
v 3.32640092 -2.50705971 -1.29076885
v 3.38236755 -2.50705956 -1.29077211
v 3.32640682 -2.50605804 -1.28903335
v 3.32281172 -2.50605362 -1.28527692
v 3.32157112 -2.50705319 -1.28650000
v 3.32640436 -2.50706118 -1.29076433
v 3.32640029 -2.50605445 -1.28903197
v 3.38236456 -2.50605873 -1.28902866
v 3.32639369 -2.50404933 -1.28903143
v 3.32640000 -2.50606115 -1.28903751
v 3.38236486 -2.50405416 -1.28902606
v 3.38566036 -2.50404652 -1.28516177
v 3.38236147 -2.50303740 -1.29077270
v 3.38235908 -2.50405700 -1.28903144
v 3.38689520 -2.50305275 -1.28638424
v 3.39271867 -2.50303125 -1.25163544
v 3.38812583 -2.50404898 -1.28761093
v 3.38689062 -2.50304592 -1.28638669
v 3.39444203 -2.50405377 -1.25164230
v 3.39271007 -2.50705603 -1.25163540
v 3.39097209 -2.50405066 -1.25163976
v 3.39096563 -2.50605816 -1.25164933
v 3.39271635 -2.50305036 -1.25163990
v 3.39445086 -2.50605428 -1.25164679
v 3.39444970 -2.50404737 -1.25163919
v 3.39444683 -2.50605702 -1.25163690
v 3.38688946 -2.50705480 -1.28639529
v 3.38689016 -2.50705028 -1.28638999
v 3.38236124 -2.50605618 -1.28902839
v 3.38236979 -2.50706031 -1.29077001
v 3.38565786 -2.50404925 -1.28516032
v 3.38236800 -2.50606380 -1.28902687
v 3.38566277 -2.50606103 -1.28515759
v 3.38236479 -2.50404756 -1.28903270
v 3.39096792 -2.50405220 -1.25164494
v 3.38689372 -2.50304377 -1.28639346
v 3.38567114 -2.50405095 -1.28516705
v 3.39270736 -2.50305117 -1.25164136
v 3.39096632 -2.50405234 -1.25163968
v 3.38566385 -2.50606233 -1.28516355
v 3.39097370 -2.50606080 -1.25164931
v 3.38566717 -2.50405125 -1.28515990
v 3.39096588 -2.50606133 -1.25164138
v 3.38566083 -2.50605475 -1.28515599
v 3.39270557 -2.50706238 -1.25164268
v 3.39271094 -2.50705458 -1.25163501
v 3.22422672 -2.78244482 -1.25175865
v 3.23530914 -2.79827186 -1.24889374
v 3.23423862 -2.79943711 -1.25175497
v 3.23531007 -2.79827539 -1.24889842
v 3.28797133 -2.79944000 -1.25176084
v 3.23423780 -2.79943423 -1.25175686
v 3.28689108 -2.79827166 -1.24890248
v 3.22570716 -2.78196028 -1.24889706
v 3.23530805 -2.79826755 -1.24890096
v 3.22423290 -2.78244623 -1.25174784
v 3.23424344 -2.79943621 -1.24604151
v 3.28689090 -2.79827622 -1.24890629
v 3.23531602 -2.79827805 -1.24889263
v 3.28796510 -2.79943158 -1.24604545
v 3.29649263 -2.78196586 -1.24889805
v 3.28797036 -2.79943355 -1.25175434
v 3.28688770 -2.79827471 -1.24890405
v 3.22422335 -2.69176698 -1.25175174
v 3.22570431 -2.78196786 -1.24890151
v 3.22423085 -2.78243942 -1.25175548
v 3.22570983 -2.69224103 -1.24890285
v 3.22570199 -2.78196463 -1.24890121
v 3.23423504 -2.79944324 -1.24605262
v 3.23530650 -2.79827556 -1.24890180
v 3.29796966 -2.78244253 -1.24604868
v 3.28688671 -2.79827510 -1.24889919
v 3.28797050 -2.79943869 -1.24604896
v 3.29650004 -2.78196809 -1.24890404
v 3.28688781 -2.79827374 -1.24889717
v 3.29797349 -2.78244435 -1.24605545
v 3.29650099 -2.78195988 -1.24890152
v 3.29796868 -2.78244523 -1.25175624
v 3.28796673 -2.79943751 -1.25175257
v 3.22570638 -2.78196793 -1.24890515
v 3.22423026 -2.69176284 -1.24605165
v 3.22422130 -2.78244505 -1.24604945
v 3.22570988 -2.69224190 -1.24889897
v 3.23423556 -2.67477546 -1.25175605
v 3.22570851 -2.69224000 -1.24888885
v 3.22422852 -2.69175120 -1.25175625
v 3.22570606 -2.78196668 -1.24889826
v 3.22423368 -2.78244631 -1.24605363
v 3.23423332 -2.79943552 -1.24606079
v 3.29796534 -2.69176300 -1.24604439
v 3.29649842 -2.78196486 -1.24889885
v 3.29797155 -2.78244366 -1.24605449
v 3.29649235 -2.69224727 -1.24889953
v 3.29649362 -2.78196354 -1.24890316
v 3.29796793 -2.69176269 -1.25175683
v 3.29797264 -2.78244391 -1.25175092
v 3.29649829 -2.69224562 -1.24889763
v 3.23530976 -2.67592646 -1.24890174
v 3.22422952 -2.69176533 -1.24604401
v 3.22570055 -2.69224303 -1.24889158
v 3.23424267 -2.67477527 -1.25175274
v 3.23531465 -2.67593012 -1.24889609
v 3.22570492 -2.69223952 -1.24890337
v 3.28796058 -2.67477522 -1.24604814
v 3.29649539 -2.69223961 -1.24889596
v 3.29797038 -2.69176359 -1.24605460
v 3.28688989 -2.67593703 -1.24890137
v 3.29796866 -2.69176528 -1.25174899
v 3.29649578 -2.69223995 -1.24889471
v 3.23423359 -2.67477315 -1.24604739
v 3.22422830 -2.69177067 -1.24604265
v 3.23531855 -2.67593441 -1.24889518
v 3.28688288 -2.67592831 -1.24889969
v 3.23423065 -2.67478014 -1.25175405
v 3.28796988 -2.67477226 -1.25175320
v 3.23531438 -2.67593385 -1.24890328
v 3.28796715 -2.67477156 -1.24605008
v 3.28689150 -2.67593384 -1.24889976
v 3.29648974 -2.69223670 -1.24889940
v 3.28796827 -2.67476854 -1.25174878
v 3.29797792 -2.69176391 -1.25175355
v 3.28689382 -2.67593844 -1.24890442
v 3.28796519 -2.67477958 -1.24604601
v 3.23530473 -2.67593078 -1.24890377
v 3.28689031 -2.67592778 -1.24890189
v 3.23423971 -2.67477761 -1.24604828
v 3.31501875 -2.69080982 -1.25175682
v 3.31796431 -2.69176327 -1.25175287
v 3.31502464 -2.78340804 -1.25175355
v 3.32582592 -2.67245308 -1.25175214
v 3.32797493 -2.67478067 -1.25175014
v 3.38384893 -2.67245409 -1.25175648
v 3.38170338 -2.67477651 -1.25175632
v 3.39170684 -2.69175755 -1.25175272
v 3.39465743 -2.69081194 -1.25175639
v 3.39171343 -2.78244709 -1.25175635
v 3.31796671 -2.78244782 -1.25175630
v 3.32582417 -2.80175468 -1.25175620
v 3.32797558 -2.79944337 -1.25175187
v 3.38385233 -2.80176228 -1.25175431
v 3.38169835 -2.79944117 -1.25174871
v 3.39465697 -2.78340841 -1.25175755
v 3.32475540 -2.67129666 -1.24889907
v 3.32583158 -2.67245620 -1.25175521
v 3.31501708 -2.69080146 -1.25175039
v 3.32474266 -2.67129472 -1.24889944
v 3.38383988 -2.67245564 -1.25175852
v 3.32582959 -2.67245043 -1.25175855
v 3.38492038 -2.67129572 -1.24890297
v 3.38384409 -2.67245641 -1.25175794
v 3.39613123 -2.69032791 -1.24889674
v 3.39465512 -2.69080862 -1.25175649
v 3.39465799 -2.78340620 -1.25174872
v 3.39613267 -2.69032510 -1.24889562
v 3.39612661 -2.78388789 -1.24889845
v 3.39466114 -2.69080431 -1.25175606
v 3.39465808 -2.78340648 -1.25175325
v 3.38492732 -2.80291753 -1.24890303
v 3.38385030 -2.80175180 -1.25175382
v 3.38491974 -2.80291403 -1.24890118
v 3.32582175 -2.80175371 -1.25176220
v 3.38385266 -2.80175870 -1.25176098
v 3.32475690 -2.80291494 -1.24890486
v 3.31502117 -2.78340793 -1.25175769
v 3.32583077 -2.80175823 -1.25175181
v 3.31354844 -2.78388655 -1.24890177
v 3.31354165 -2.69032490 -1.24890238
v 3.31502540 -2.69079977 -1.25175044
v 3.31501979 -2.78340628 -1.25175305
v 3.32475768 -2.67129633 -1.24889781
v 3.31503022 -2.69080932 -1.25175113
v 3.31355039 -2.69032593 -1.24890100
v 3.32582416 -2.67245596 -1.24604993
v 3.38492254 -2.67129371 -1.24889705
v 3.32475483 -2.67129329 -1.24889687
v 3.38384463 -2.67245545 -1.24605240
v 3.38492332 -2.67129352 -1.24889570
v 3.39611842 -2.69032026 -1.24890529
v 3.38385069 -2.67245296 -1.25175908
v 3.39612831 -2.69032090 -1.24890272
v 3.39465060 -2.78340539 -1.24605375
v 3.39613123 -2.78388472 -1.24890441
v 3.39465709 -2.69080434 -1.24604712
v 3.39612893 -2.78388695 -1.24889939
v 3.38385641 -2.80175476 -1.24604359
v 3.32475199 -2.80291047 -1.24889738
v 3.38492545 -2.80290939 -1.24889967
v 3.32583069 -2.80175498 -1.24605358
v 3.31354729 -2.78388837 -1.24890824
v 3.32583214 -2.80175721 -1.25175455
v 3.32475143 -2.80291929 -1.24890306
v 3.31355220 -2.69032596 -1.24890030
v 3.31501967 -2.78340452 -1.25175145
v 3.31355448 -2.78388643 -1.24889747
v 3.32474835 -2.67129348 -1.24889780
v 3.31355404 -2.69032477 -1.24890413
v 3.32582282 -2.67246219 -1.24605187
v 3.32582350 -2.80175734 -1.24605520
v 3.31797125 -2.78244284 -1.24604509
v 3.31502207 -2.78340492 -1.24605657
v 3.32796892 -2.79944447 -1.24605476
v 3.38385074 -2.80175671 -1.24604862
v 3.38170294 -2.79943828 -1.24603745
v 3.39170980 -2.78244046 -1.24604980
v 3.39465534 -2.78340131 -1.24604509
v 3.39170886 -2.69176440 -1.24604654
v 3.31502276 -2.69080790 -1.24605053
v 3.31796563 -2.69176581 -1.24604724
v 3.32582315 -2.67245607 -1.24604150
v 3.32797398 -2.67478018 -1.24605316
v 3.38384943 -2.67245594 -1.24604750
v 3.38170360 -2.67477494 -1.24605079
v 3.39465005 -2.69080073 -1.24604544
v 3.38492640 -2.67128669 -1.24889395
v 3.38385343 -2.67246327 -1.24605040
v 3.39465982 -2.69080433 -1.24604579
v 3.38492605 -2.67129299 -1.24890196
v 3.39465731 -2.69079518 -1.24604621
v 3.39613283 -2.69031749 -1.24890211
v 3.39465631 -2.78340357 -1.24605064
v 3.38385287 -2.80176269 -1.24605559
v 3.39612997 -2.78388664 -1.24890146
v 3.38492655 -2.80291032 -1.24889784
v 3.31502348 -2.78340415 -1.24605533
v 3.32475033 -2.80291256 -1.24889775
v 3.32582475 -2.80175487 -1.24604318
v 3.31503022 -2.78340259 -1.24605332
v 3.31354969 -2.78388939 -1.24889567
v 3.32475354 -2.80291123 -1.24890037
v 3.31502233 -2.78339937 -1.24605351
v 3.31354781 -2.69031821 -1.24889563
v 3.31354741 -2.78388902 -1.24890370
v 3.31502310 -2.69080201 -1.24605001
v 3.32583173 -2.67245720 -1.24605376
v 3.31354403 -2.69032614 -1.24890307
v 3.31502261 -2.69080541 -1.24605219
v 3.22120330 -2.69467246 -1.25166843
v 3.22661072 -2.69667079 -1.28773915
v 3.22120491 -2.69667516 -1.25167398
v 3.22660875 -2.69467591 -1.28773548
v 3.22120231 -2.69467189 -1.25168430
v 3.22784412 -2.69366300 -1.28650494
v 3.22660649 -2.69466835 -1.28772859
v 3.23267058 -2.69466883 -1.29251219
v 3.22660505 -2.69667577 -1.28773310
v 3.22661126 -2.69466293 -1.28773480
v 3.23266642 -2.69667852 -1.29250482
v 3.22120457 -2.69667145 -1.25167936
v 3.22660421 -2.69667332 -1.28774530
v 3.22294189 -2.69767792 -1.25168342
v 3.22293948 -2.69767100 -1.25167972
v 3.22120574 -2.69466624 -1.25168019
v 3.22120365 -2.69667574 -1.25167260
v 3.22293607 -2.69366246 -1.25168060
v 3.22468445 -2.69667828 -1.25168075
v 3.22467920 -2.69466945 -1.25167466
v 3.22783859 -2.69366571 -1.28650893
v 3.23266474 -2.69366636 -1.29076731
v 3.22660754 -2.69466881 -1.28773553
v 3.22294659 -2.69367438 -1.25167579
v 3.23266708 -2.69466785 -1.29250989
v 3.28862396 -2.69466981 -1.29251057
v 3.23266203 -2.69667942 -1.29250747
v 3.23266506 -2.69467268 -1.29251488
v 3.28862922 -2.69667836 -1.29250524
v 3.22783827 -2.69768550 -1.28650399
v 3.22660632 -2.69667841 -1.28774309
v 3.23265584 -2.69667202 -1.29251048
v 3.22783685 -2.69768320 -1.28650437
v 3.22466903 -2.69666438 -1.25167745
v 3.22294863 -2.69768978 -1.25167920
v 3.22783580 -2.69767970 -1.28650372
v 3.22906690 -2.69667747 -1.28527856
v 3.22468608 -2.69466579 -1.25167405
v 3.22467908 -2.69667314 -1.25167377
v 3.22906638 -2.69466512 -1.28527578
v 3.22294941 -2.69366439 -1.25167887
v 3.22467692 -2.69466454 -1.25168280
v 3.22906894 -2.69467208 -1.28528493
v 3.22784047 -2.69366283 -1.28650723
v 3.23266793 -2.69467110 -1.28902343
v 3.23266773 -2.69366690 -1.29078017
v 3.22783822 -2.69366098 -1.28650088
v 3.23267198 -2.69366224 -1.29076514
v 3.28862480 -2.69467464 -1.29250856
v 3.23266596 -2.69466942 -1.29251236
v 3.28862653 -2.69366256 -1.29077105
v 3.29438466 -2.69466975 -1.28762159
v 3.28862978 -2.69667357 -1.29250855
v 3.28862611 -2.69466156 -1.29250325
v 3.29437437 -2.69667672 -1.28762095
v 3.28861839 -2.69768865 -1.29077146
v 3.23265883 -2.69668030 -1.29250487
v 3.28862506 -2.69667785 -1.29250489
v 3.23266094 -2.69768135 -1.29076581
v 3.23266553 -2.69768447 -1.29077312
v 3.22906710 -2.69667860 -1.28527009
v 3.23266878 -2.69667437 -1.28902785
v 3.22907493 -2.69466697 -1.28528205
v 3.22907288 -2.69668004 -1.28527403
v 3.23266647 -2.69466296 -1.28903158
v 3.23266031 -2.69466751 -1.28902468
v 3.28861828 -2.69366668 -1.29076758
v 3.23266528 -2.69366364 -1.29076985
v 3.28862708 -2.69467049 -1.28902842
v 3.22906704 -2.69466810 -1.28528247
v 3.29315281 -2.69366481 -1.28639132
v 3.28862230 -2.69466803 -1.29250465
v 3.28862273 -2.69366094 -1.29076866
v 3.29438741 -2.69466795 -1.28762084
v 3.29438431 -2.69667538 -1.28762333
v 3.30070781 -2.69466588 -1.25164784
v 3.30070413 -2.69667167 -1.25164647
v 3.29438095 -2.69467007 -1.28761952
v 3.29437635 -2.69668063 -1.28761582
v 3.28862502 -2.69768551 -1.29077032
v 3.28862517 -2.69667305 -1.29250642
v 3.28862524 -2.69667924 -1.28902784
v 3.23266375 -2.69767883 -1.29077212
v 3.28862823 -2.69767607 -1.29077046
v 3.23265887 -2.69667279 -1.28903022
v 3.22906782 -2.69667664 -1.28527931
v 3.22782834 -2.69767408 -1.28649799
v 3.23266923 -2.69767848 -1.29076983
v 3.23266693 -2.69667668 -1.28902836
v 3.28862508 -2.69668269 -1.28903081
v 3.23265113 -2.69466212 -1.28902639
v 3.23266386 -2.69668209 -1.28902979
v 3.28862291 -2.69467145 -1.28903917
v 3.29193092 -2.69466909 -1.28515920
v 3.28862503 -2.69366450 -1.29076677
v 3.28862885 -2.69467528 -1.28902794
v 3.29315829 -2.69366829 -1.28639226
v 3.29897196 -2.69366177 -1.25164150
v 3.29439097 -2.69467187 -1.28761737
v 3.29315915 -2.69366187 -1.28638489
v 3.30070435 -2.69465980 -1.25164774
v 3.29896611 -2.69768099 -1.25164340
v 3.29724085 -2.69467307 -1.25163837
v 3.29723538 -2.69667444 -1.25164729
v 3.29896992 -2.69367021 -1.25164854
v 3.30071148 -2.69667374 -1.25164323
v 3.30070436 -2.69467125 -1.25163767
v 3.30071099 -2.69667446 -1.25164256
v 3.29316131 -2.69768051 -1.28639254
v 3.29316199 -2.69767881 -1.28638523
v 3.28862247 -2.69667920 -1.28903047
v 3.28862345 -2.69768422 -1.29076820
v 3.29192687 -2.69466861 -1.28516325
v 3.28862803 -2.69667358 -1.28903576
v 3.29192422 -2.69667489 -1.28515603
v 3.28862671 -2.69465726 -1.28903568
v 3.29723263 -2.69467373 -1.25164451
v 3.29314930 -2.69366743 -1.28639345
v 3.29193059 -2.69467212 -1.28515757
v 3.29897198 -2.69366603 -1.25164947
v 3.29722978 -2.69466627 -1.25163531
v 3.29192947 -2.69666858 -1.28515491
v 3.29723210 -2.69667145 -1.25163424
v 3.29192911 -2.69467185 -1.28515816
v 3.29724033 -2.69667835 -1.25163948
v 3.29193063 -2.69667293 -1.28515928
v 3.29897364 -2.69767822 -1.25164065
v 3.29896901 -2.69767785 -1.25165065
v 3.29437932 -2.73890299 -1.28762258
v 3.30070694 -2.73690239 -1.25164316
v 3.30071697 -2.73891143 -1.25164264
v 3.29438363 -2.73689423 -1.28761419
v 3.29897608 -2.73589993 -1.25164490
v 3.30070598 -2.73689870 -1.25164454
v 3.29438153 -2.73690040 -1.28761146
v 3.29897882 -2.73991284 -1.25163805
v 3.29722696 -2.73689960 -1.25164590
v 3.29723115 -2.73891438 -1.25163925
v 3.29897848 -2.73589295 -1.25164726
v 3.30070784 -2.73890870 -1.25164156
v 3.30071084 -2.73690245 -1.25164547
v 3.30071491 -2.73891302 -1.25163754
v 3.29315805 -2.73991324 -1.28638617
v 3.29438845 -2.73890669 -1.28762170
v 3.29438220 -2.73690198 -1.28762106
v 3.28862568 -2.73891037 -1.29250408
v 3.28862168 -2.73690686 -1.29250650
v 3.29438381 -2.73890488 -1.28762055
v 3.29316156 -2.73589582 -1.28638861
v 3.29897008 -2.73590109 -1.25163983
v 3.29315321 -2.73589208 -1.28639497
v 3.29723008 -2.73690116 -1.25164234
v 3.29723601 -2.73689764 -1.25163370
v 3.29193260 -2.73891240 -1.28516134
v 3.29723178 -2.73890894 -1.25164660
v 3.29192176 -2.73690136 -1.28516084
v 3.29723529 -2.73890745 -1.25164894
v 3.29192671 -2.73890988 -1.28515699
v 3.29897255 -2.73991641 -1.25164427
v 3.29897137 -2.73991378 -1.25164333
v 3.28862419 -2.73991345 -1.29077075
v 3.29315532 -2.73588882 -1.28638653
v 3.29438207 -2.73690113 -1.28761796
v 3.28862224 -2.73690374 -1.29251329
v 3.28862197 -2.73890789 -1.29251431
v 3.28862603 -2.73690230 -1.29251102
v 3.23266746 -2.73890885 -1.29250899
v 3.23266742 -2.73689917 -1.29250917
v 3.28861899 -2.73891077 -1.29251199
v 3.29192784 -2.73689716 -1.28515394
v 3.29192466 -2.73689816 -1.28516211
v 3.28862566 -2.73890527 -1.28902985
v 3.29192842 -2.73890525 -1.28516123
v 3.28862830 -2.73689171 -1.28902967
v 3.29315652 -2.73991047 -1.28639091
v 3.28862849 -2.73890722 -1.28903176
v 3.28862521 -2.73991001 -1.29077215
v 3.28861893 -2.73590495 -1.29076906
v 3.28862221 -2.73991876 -1.29077610
v 3.23266280 -2.73890995 -1.29250540
v 3.28862647 -2.73890256 -1.29250350
v 3.23266359 -2.73990937 -1.29076861
v 3.23265855 -2.73589505 -1.29076534
v 3.28862395 -2.73690004 -1.29250778
v 3.23266676 -2.73689998 -1.29250135
v 3.28862034 -2.73589003 -1.29076978
v 3.23266288 -2.73690414 -1.29250596
v 3.22661206 -2.73890721 -1.28773578
v 3.22660202 -2.73690186 -1.28773721
v 3.23266341 -2.73891389 -1.29250738
v 3.29192162 -2.73690254 -1.28515992
v 3.29315818 -2.73589488 -1.28639077
v 3.28861400 -2.73589854 -1.29077327
v 3.28862315 -2.73689973 -1.28902594
v 3.28863225 -2.73890854 -1.28902936
v 3.23267174 -2.73690414 -1.28902867
v 3.23266938 -2.73891100 -1.28903066
v 3.28862209 -2.73690419 -1.28902505
v 3.28863071 -2.73891343 -1.28902928
v 3.23266109 -2.73991987 -1.29076932
v 3.28862247 -2.73990829 -1.29076861
v 3.23266560 -2.73890398 -1.28903248
v 3.22784438 -2.73992509 -1.28650467
v 3.23266790 -2.73890661 -1.29250060
v 3.23265870 -2.73991670 -1.29076700
v 3.23266358 -2.73691385 -1.28903347
v 3.28862905 -2.73590385 -1.29076027
v 3.23265960 -2.73589559 -1.29076849
v 3.28862424 -2.73690398 -1.28903024
v 3.22660237 -2.73690001 -1.28773707
v 3.23265742 -2.73589285 -1.29076931
v 3.23266770 -2.73690331 -1.29251505
v 3.22661313 -2.73891130 -1.28773684
v 3.22120055 -2.73689450 -1.25167883
v 3.22660912 -2.73889873 -1.28773521
v 3.22120353 -2.73891188 -1.25168660
v 3.22660870 -2.73689468 -1.28773675
v 3.23267073 -2.73891008 -1.28902992
v 3.22906708 -2.73689874 -1.28527159
v 3.22907200 -2.73890749 -1.28527667
v 3.23266531 -2.73690505 -1.28902724
v 3.22907025 -2.73891203 -1.28528297
v 3.23266488 -2.73991151 -1.29076981
v 3.23266205 -2.73891068 -1.28902778
v 3.22783491 -2.73991758 -1.28650240
v 3.22783832 -2.73589774 -1.28649988
v 3.23266761 -2.73690370 -1.28903154
v 3.23266735 -2.73589839 -1.29077220
v 3.22784442 -2.73590106 -1.28650200
v 3.22293353 -2.73991514 -1.25167788
v 3.22661083 -2.73891663 -1.28773945
v 3.22784186 -2.73991407 -1.28650995
v 3.22120332 -2.73689643 -1.25167685
v 3.22783434 -2.73589206 -1.28650319
v 3.22661091 -2.73690013 -1.28773501
v 3.22120455 -2.73890955 -1.25168208
v 3.22294249 -2.73991952 -1.25167315
v 3.22121159 -2.73690096 -1.25167430
v 3.22120106 -2.73890498 -1.25167751
v 3.22293197 -2.73590517 -1.25167980
v 3.22467627 -2.73890442 -1.25167782
v 3.22468134 -2.73690972 -1.25167485
v 3.22906672 -2.73690324 -1.28528128
v 3.22906904 -2.73890690 -1.28528329
v 3.22468203 -2.73690320 -1.25167706
v 3.22468010 -2.73890535 -1.25167581
v 3.22907019 -2.73690915 -1.28527681
v 3.22467844 -2.73890372 -1.25166999
v 3.22784131 -2.73991665 -1.28651215
v 3.22906968 -2.73891409 -1.28527793
v 3.22294188 -2.73991525 -1.25167950
v 3.22293739 -2.73589704 -1.25167928
v 3.22294455 -2.73589019 -1.25168146
v 3.22466908 -2.73690283 -1.25167880
v 3.22907259 -2.73690118 -1.28527749
v 3.22783754 -2.73589001 -1.28650673
v 3.22120703 -2.71485678 -1.25167948
v 3.22660880 -2.71687289 -1.28773101
v 3.22120705 -2.71686817 -1.25167761
v 3.22661641 -2.71485727 -1.28773971
v 3.22120397 -2.71485897 -1.25167601
v 3.22784248 -2.71385661 -1.28650182
v 3.22661318 -2.71485796 -1.28773682
v 3.23266817 -2.71486402 -1.29251096
v 3.22660120 -2.71686846 -1.28773980
v 3.22660701 -2.71486024 -1.28773217
v 3.23265669 -2.71686620 -1.29250861
v 3.22120683 -2.71686484 -1.25168036
v 3.22661116 -2.71687023 -1.28773948
v 3.22294087 -2.71786995 -1.25167519
v 3.22294489 -2.71787468 -1.25168511
v 3.22120656 -2.71486383 -1.25167818
v 3.22120386 -2.71686846 -1.25167846
v 3.22294309 -2.71385934 -1.25168231
v 3.22467842 -2.71686533 -1.25167037
v 3.22468473 -2.71486781 -1.25168188
v 3.22783698 -2.71385987 -1.28650987
v 3.23266589 -2.71386076 -1.29077147
v 3.22661246 -2.71486366 -1.28774111
v 3.22294550 -2.71385676 -1.25168078
v 3.23266125 -2.71486195 -1.29251514
v 3.28863101 -2.71485539 -1.29251069
v 3.23265670 -2.71687582 -1.29250385
v 3.23266644 -2.71485724 -1.29250909
v 3.28862855 -2.71687279 -1.29251136
v 3.22783532 -2.71787847 -1.28650468
v 3.22661002 -2.71686310 -1.28773377
v 3.23266482 -2.71687266 -1.29250572
v 3.22783327 -2.71787777 -1.28651208
v 3.22468499 -2.71686995 -1.25167739
v 3.22294519 -2.71787203 -1.25167971
v 3.22783242 -2.71787431 -1.28650428
v 3.22907466 -2.71686659 -1.28528117
v 3.22468272 -2.71486035 -1.25168307
v 3.22467952 -2.71687131 -1.25167981
v 3.22907256 -2.71485876 -1.28528000
v 3.22293988 -2.71386270 -1.25168438
v 3.22468248 -2.71486308 -1.25168653
v 3.22907210 -2.71486792 -1.28527262
v 3.22783514 -2.71385711 -1.28650685
v 3.23265955 -2.71486382 -1.28902848
v 3.23266238 -2.71386311 -1.29076935
v 3.22783884 -2.71386150 -1.28650374
v 3.23266124 -2.71386119 -1.29076810
v 3.28862927 -2.71485795 -1.29250593
v 3.23266234 -2.71486348 -1.29250468
v 3.28862172 -2.71385573 -1.29077088
v 3.29438503 -2.71485975 -1.28761906
v 3.28862844 -2.71686992 -1.29250906
v 3.28863253 -2.71485572 -1.29251045
v 3.29438178 -2.71686339 -1.28761743
v 3.28862410 -2.71787702 -1.29076880
v 3.23266543 -2.71686755 -1.29250818
v 3.28862615 -2.71687015 -1.29251048
v 3.23266312 -2.71787372 -1.29076806
v 3.23265910 -2.71787961 -1.29077152
v 3.22906903 -2.71687016 -1.28526919
v 3.23266822 -2.71687268 -1.28903165
v 3.22906787 -2.71485376 -1.28527879
v 3.22907166 -2.71686918 -1.28528161
v 3.23266649 -2.71486037 -1.28902861
v 3.23266510 -2.71487007 -1.28902653
v 3.28862175 -2.71385199 -1.29077206
v 3.23266239 -2.71385909 -1.29077271
v 3.28862080 -2.71486127 -1.28903488
v 3.22907309 -2.71486636 -1.28527423
v 3.29315709 -2.71385329 -1.28638521
v 3.28863038 -2.71486818 -1.29250392
v 3.28862721 -2.71385093 -1.29077013
v 3.29438445 -2.71486409 -1.28761902
v 3.29438342 -2.71686643 -1.28762362
v 3.30071450 -2.71486827 -1.25163707
v 3.30071177 -2.71686402 -1.25165275
v 3.29438856 -2.71486317 -1.28761694
v 3.29438194 -2.71686706 -1.28762038
v 3.28862146 -2.71787200 -1.29077324
v 3.28862197 -2.71687327 -1.29250187
v 3.28862292 -2.71686329 -1.28903184
v 3.23266024 -2.71787567 -1.29077416
v 3.28862162 -2.71787497 -1.29078030
v 3.23266912 -2.71687165 -1.28902600
v 3.22906382 -2.71687123 -1.28528226
v 3.22783951 -2.71787327 -1.28649942
v 3.23266494 -2.71786916 -1.29076929
v 3.23267163 -2.71687297 -1.28902315
v 3.28862535 -2.71686670 -1.28903036
v 3.23266828 -2.71486475 -1.28902990
v 3.23267088 -2.71686660 -1.28902880
v 3.28862564 -2.71486705 -1.28902683
v 3.29193008 -2.71485862 -1.28515993
v 3.28862907 -2.71385859 -1.29077202
v 3.28862805 -2.71486225 -1.28902950
v 3.29316247 -2.71385748 -1.28638545
v 3.29897635 -2.71386294 -1.25163911
v 3.29438239 -2.71486084 -1.28762170
v 3.29315890 -2.71385350 -1.28639212
v 3.30071238 -2.71486011 -1.25164388
v 3.29897467 -2.71787124 -1.25164299
v 3.29723200 -2.71485952 -1.25164480
v 3.29723043 -2.71686658 -1.25164435
v 3.29897146 -2.71385694 -1.25163983
v 3.30071567 -2.71686838 -1.25164304
v 3.30070783 -2.71486795 -1.25163773
v 3.30071017 -2.71686647 -1.25164070
v 3.29315640 -2.71788176 -1.28639272
v 3.29315746 -2.71786884 -1.28638644
v 3.28862868 -2.71686908 -1.28903172
v 3.28862249 -2.71787117 -1.29076841
v 3.29192478 -2.71486052 -1.28516714
v 3.28862686 -2.71687360 -1.28902831
v 3.29192291 -2.71687178 -1.28516353
v 3.28862570 -2.71485877 -1.28903107
v 3.29723500 -2.71485951 -1.25164620
v 3.29316171 -2.71385405 -1.28639055
v 3.29192663 -2.71486685 -1.28516203
v 3.29896932 -2.71385333 -1.25164297
v 3.29723116 -2.71486263 -1.25164555
v 3.29191722 -2.71687188 -1.28515341
v 3.29724113 -2.71686983 -1.25163842
v 3.29192639 -2.71486766 -1.28515804
v 3.29724087 -2.71686945 -1.25164814
v 3.29193111 -2.71687293 -1.28516509
v 3.29896986 -2.71787768 -1.25163930
v 3.29897673 -2.71787965 -1.25164338
v 3.22120742 -2.78069709 -1.25167152
v 3.22661075 -2.78270096 -1.28773446
v 3.22120702 -2.78270017 -1.25168272
v 3.22660679 -2.78069820 -1.28772891
v 3.22120130 -2.78070168 -1.25167768
v 3.22783931 -2.77969370 -1.28650440
v 3.22660765 -2.78069708 -1.28773221
v 3.23266935 -2.78069542 -1.29250768
v 3.22660859 -2.78270306 -1.28773663
v 3.22660341 -2.78069595 -1.28773576
v 3.23266827 -2.78270831 -1.29250116
v 3.22120559 -2.78269908 -1.25167941
v 3.22660579 -2.78270662 -1.28773420
v 3.22293608 -2.78369590 -1.25167605
v 3.22293740 -2.78370331 -1.25168109
v 3.22119959 -2.78069653 -1.25168393
v 3.22120525 -2.78269582 -1.25167572
v 3.22293911 -2.77969446 -1.25167767
v 3.22468211 -2.78269724 -1.25167499
v 3.22467983 -2.78069665 -1.25167419
v 3.22783621 -2.77969414 -1.28650907
v 3.23265919 -2.77969293 -1.29077070
v 3.22660461 -2.78069238 -1.28773734
v 3.22293957 -2.77969476 -1.25168158
v 3.23266151 -2.78069330 -1.29250267
v 3.28862982 -2.78069378 -1.29250622
v 3.23266454 -2.78269746 -1.29250654
v 3.23266584 -2.78069668 -1.29250797
v 3.28862812 -2.78270314 -1.29249938
v 3.22783107 -2.78371307 -1.28650877
v 3.22661068 -2.78270485 -1.28773104
v 3.23266482 -2.78270156 -1.29251309
v 3.22784582 -2.78370115 -1.28650642
v 3.22468507 -2.78270345 -1.25168042
v 3.22293936 -2.78369861 -1.25167266
v 3.22783782 -2.78370254 -1.28650296
v 3.22906790 -2.78269987 -1.28527314
v 3.22467738 -2.78069473 -1.25168258
v 3.22467868 -2.78269793 -1.25168189
v 3.22907293 -2.78069566 -1.28527803
v 3.22294010 -2.77969045 -1.25167440
v 3.22468211 -2.78069871 -1.25167782
v 3.22907822 -2.78069999 -1.28527694
v 3.22784531 -2.77969542 -1.28651490
v 3.23266280 -2.78069482 -1.28902934
v 3.23266131 -2.77969323 -1.29076677
v 3.22783917 -2.77969287 -1.28650714
v 3.23266466 -2.77969089 -1.29077108
v 3.28862201 -2.78069713 -1.29251152
v 3.23266531 -2.78069454 -1.29250912
v 3.28862586 -2.77969495 -1.29077530
v 3.29438327 -2.78068748 -1.28762315
v 3.28862572 -2.78269674 -1.29250713
v 3.28863514 -2.78069362 -1.29250896
v 3.29439291 -2.78270194 -1.28762088
v 3.28863024 -2.78370187 -1.29076804
v 3.23266055 -2.78269613 -1.29250812
v 3.28862931 -2.78270244 -1.29250908
v 3.23266667 -2.78370377 -1.29076979
v 3.23266383 -2.78370666 -1.29076990
v 3.22907518 -2.78269461 -1.28527451
v 3.23266321 -2.78270021 -1.28903283
v 3.22907278 -2.78069313 -1.28527253
v 3.22907158 -2.78269828 -1.28527747
v 3.23267012 -2.78069774 -1.28902390
v 3.23265778 -2.78069881 -1.28902804
v 3.28862985 -2.77969026 -1.29077021
v 3.23266211 -2.77969498 -1.29077102
v 3.28862631 -2.78069862 -1.28903280
v 3.22906804 -2.78069395 -1.28527644
v 3.29315133 -2.77969995 -1.28639662
v 3.28862866 -2.78070042 -1.29250931
v 3.28862339 -2.77968550 -1.29077029
v 3.29437625 -2.78070015 -1.28762098
v 3.29438019 -2.78269654 -1.28761438
v 3.30070851 -2.78069823 -1.25164670
v 3.30071518 -2.78269731 -1.25164226
v 3.29437706 -2.78069813 -1.28762989
v 3.29438271 -2.78269826 -1.28761533
v 3.28862596 -2.78370042 -1.29076445
v 3.28861882 -2.78269728 -1.29250050
v 3.28861761 -2.78269461 -1.28903591
v 3.23266095 -2.78370845 -1.29077705
v 3.28862306 -2.78370220 -1.29076495
v 3.23265957 -2.78269180 -1.28902745
v 3.22907192 -2.78270336 -1.28527982
v 3.22783469 -2.78370643 -1.28650949
v 3.23265486 -2.78370234 -1.29077020
v 3.23266267 -2.78270053 -1.28902987
v 3.28862228 -2.78269487 -1.28902809
v 3.23266393 -2.78069704 -1.28903498
v 3.23266467 -2.78269638 -1.28902416
v 3.28862537 -2.78069269 -1.28903314
v 3.29192487 -2.78069789 -1.28515699
v 3.28862969 -2.77969380 -1.29077026
v 3.28863431 -2.78069850 -1.28903560
v 3.29315667 -2.77969385 -1.28638847
v 3.29897386 -2.77969343 -1.25164055
v 3.29438457 -2.78069819 -1.28762357
v 3.29315261 -2.77968615 -1.28638204
v 3.30071243 -2.78068979 -1.25164448
v 3.29897007 -2.78370188 -1.25164388
v 3.29723087 -2.78069950 -1.25164374
v 3.29723212 -2.78269695 -1.25164927
v 3.29896722 -2.77970449 -1.25164339
v 3.30070827 -2.78269937 -1.25164266
v 3.30071306 -2.78069726 -1.25164556
v 3.30070915 -2.78269829 -1.25163832
v 3.29314805 -2.78370821 -1.28638803
v 3.29315934 -2.78370431 -1.28639117
v 3.28862799 -2.78270186 -1.28903262
v 3.28862647 -2.78369925 -1.29076407
v 3.29193199 -2.78069511 -1.28516830
v 3.28862573 -2.78269835 -1.28903592
v 3.29192199 -2.78269552 -1.28516173
v 3.28862804 -2.78069252 -1.28903114
v 3.29723912 -2.78069825 -1.25164403
v 3.29315219 -2.77969329 -1.28639101
v 3.29192583 -2.78069508 -1.28516163
v 3.29897569 -2.77969449 -1.25164845
v 3.29723789 -2.78069335 -1.25164753
v 3.29192126 -2.78269487 -1.28515986
v 3.29723083 -2.78270600 -1.25164208
v 3.29192509 -2.78069369 -1.28516082
v 3.29723263 -2.78270609 -1.25164908
v 3.29192787 -2.78270185 -1.28515426
v 3.29897207 -2.78371063 -1.25164648
v 3.29897451 -2.78370863 -1.25164248
v 3.28363416 -2.67285371 -1.25163339
v 3.28564122 -2.67952951 -1.29135128
v 3.28363771 -2.67952423 -1.29135204
v 3.28564073 -2.67285537 -1.25163345
v 3.28563709 -2.67286602 -1.25163479
v 3.28664173 -2.68075310 -1.29012638
v 3.28564032 -2.67952269 -1.29135412
v 3.28564323 -2.67952320 -1.29135161
v 3.28363320 -2.68558740 -1.29613220
v 3.28363136 -2.67952222 -1.29135867
v 3.28563988 -2.68558376 -1.29612248
v 3.28363489 -2.67285624 -1.25163621
v 3.28364074 -2.67951910 -1.29134717
v 3.28263022 -2.67459322 -1.25163848
v 3.28363182 -2.67634163 -1.25163109
v 3.28363188 -2.67285961 -1.25162730
v 3.28262856 -2.67459203 -1.25163261
v 3.28564779 -2.67633634 -1.25163346
v 3.28563868 -2.67285557 -1.25162883
v 3.28665336 -2.67459968 -1.25163139
v 3.28563962 -2.67952032 -1.29134889
v 3.28664469 -2.68075482 -1.29012280
v 3.28664181 -2.68558172 -1.29438732
v 3.28665259 -2.67459085 -1.25163086
v 3.28564186 -2.68557866 -1.29612053
v 3.28563826 -2.68558400 -1.29612166
v 3.28363346 -2.78887274 -1.29612332
v 3.28363761 -2.68557847 -1.29612487
v 3.28564453 -2.78887714 -1.29611958
v 3.28363189 -2.67952228 -1.29135397
v 3.28363130 -2.68558106 -1.29612324
v 3.28263347 -2.68076196 -1.29012353
v 3.28262679 -2.68075442 -1.29012950
v 3.28664657 -2.67458914 -1.25163154
v 3.28564154 -2.67633416 -1.25163178
v 3.28564391 -2.68198884 -1.28889408
v 3.28263013 -2.67459560 -1.25163675
v 3.28263655 -2.68075234 -1.29012224
v 3.28363788 -2.67633679 -1.25162597
v 3.28563911 -2.67633769 -1.25163802
v 3.28363808 -2.68198207 -1.28888918
v 3.28563998 -2.68198890 -1.28888429
v 3.28363509 -2.67633666 -1.25162872
v 3.28664740 -2.68075726 -1.29012602
v 3.28564816 -2.68557888 -1.29264116
v 3.28664450 -2.68558249 -1.29438196
v 3.28563704 -2.78886884 -1.29611767
v 3.28664815 -2.68558134 -1.29438735
v 3.28664104 -2.78886974 -1.29437918
v 3.28564068 -2.68558500 -1.29611983
v 3.28564017 -2.78887714 -1.29612767
v 3.28363842 -2.79463549 -1.29123659
v 3.28363402 -2.78888242 -1.29613267
v 3.28564390 -2.79463269 -1.29122980
v 3.28263677 -2.68557931 -1.29438528
v 3.28363602 -2.78887117 -1.29611659
v 3.28263226 -2.78887245 -1.29438315
v 3.28363570 -2.68557985 -1.29612229
v 3.28263140 -2.68558145 -1.29437991
v 3.28363777 -2.68198461 -1.28889399
v 3.28564321 -2.68197971 -1.28889155
v 3.28364118 -2.68557950 -1.29263896
v 3.28564596 -2.68558442 -1.29265104
v 3.28363789 -2.68197800 -1.28889579
v 3.28664061 -2.78886997 -1.29438896
v 3.28564662 -2.68558145 -1.29264652
v 3.28563845 -2.78887150 -1.29264671
v 3.28665777 -2.68557721 -1.29438564
v 3.28563707 -2.78887660 -1.29611840
v 3.28665114 -2.78887269 -1.29437992
v 3.28664662 -2.79340543 -1.29000016
v 3.28564779 -2.79464018 -1.29124015
v 3.28563740 -2.80096175 -1.25159469
v 3.28364093 -2.79462723 -1.29123206
v 3.28564536 -2.79462965 -1.29123944
v 3.28363699 -2.80096033 -1.25158887
v 3.28364120 -2.78887829 -1.29612167
v 3.28363291 -2.79463343 -1.29123443
v 3.28263005 -2.78887744 -1.29437965
v 3.28363912 -2.68557520 -1.29264521
v 3.28263135 -2.78888019 -1.29437943
v 3.28363838 -2.78888064 -1.29264337
v 3.28263365 -2.68558377 -1.29438507
v 3.28262771 -2.68075573 -1.29012766
v 3.28263540 -2.68557688 -1.29437960
v 3.28363208 -2.68197670 -1.28888993
v 3.28363802 -2.68557667 -1.29264384
v 3.28564509 -2.78887267 -1.29264219
v 3.28363043 -2.68558542 -1.29264002
v 3.28364306 -2.78887592 -1.29264272
v 3.28564617 -2.68558534 -1.29264781
v 3.28664897 -2.78887876 -1.29438992
v 3.28564196 -2.78886941 -1.29264892
v 3.28564114 -2.79218873 -1.28877973
v 3.28664681 -2.79340193 -1.29001254
v 3.28665038 -2.79340292 -1.29000096
v 3.28664198 -2.79922509 -1.25159089
v 3.28564281 -2.79463340 -1.29123411
v 3.28564243 -2.80096267 -1.25160158
v 3.28363126 -2.80096004 -1.25159779
v 3.28362648 -2.79748097 -1.25159807
v 3.28263554 -2.79922075 -1.25159620
v 3.28563799 -2.80096516 -1.25159029
v 3.28564339 -2.79748593 -1.25158588
v 3.28664422 -2.79923168 -1.25159110
v 3.28262855 -2.79340084 -1.29000578
v 3.28364423 -2.79463462 -1.29123374
v 3.28363859 -2.80095689 -1.25159282
v 3.28262494 -2.79340274 -1.29000889
v 3.28263215 -2.78887673 -1.29438313
v 3.28262570 -2.79340992 -1.29000014
v 3.28363173 -2.78887261 -1.29265149
v 3.28363632 -2.79217357 -1.28877676
v 3.28564061 -2.78887069 -1.29264529
v 3.28363790 -2.78887707 -1.29264128
v 3.28564073 -2.79217656 -1.28877483
v 3.28564081 -2.79217760 -1.28877278
v 3.28563576 -2.79748257 -1.25159958
v 3.28664947 -2.79340126 -1.29000338
v 3.28664646 -2.79922590 -1.25159689
v 3.28363441 -2.79748691 -1.25159765
v 3.28564424 -2.79217901 -1.28878289
v 3.28364158 -2.79217310 -1.28876998
v 3.28564387 -2.79748668 -1.25159649
v 3.28363342 -2.79217597 -1.28877365
v 3.28263117 -2.79922193 -1.25159907
v 3.28363651 -2.79748502 -1.25159212
v 3.28261939 -2.79922051 -1.25159770
v 3.23511626 -2.67286272 -1.25162752
v 3.23713377 -2.67952274 -1.29134839
v 3.23511092 -2.67952207 -1.29134780
v 3.23712721 -2.67285819 -1.25163465
v 3.23712675 -2.67285576 -1.25162751
v 3.23812201 -2.68075774 -1.29012025
v 3.23712741 -2.67951567 -1.29134834
v 3.23713065 -2.67951413 -1.29135419
v 3.23511428 -2.68558369 -1.29611758
v 3.23511316 -2.67951785 -1.29135289
v 3.23712472 -2.68558454 -1.29612011
v 3.23512006 -2.67285960 -1.25162711
v 3.23511586 -2.67952213 -1.29134652
v 3.23410743 -2.67459380 -1.25163840
v 3.23511839 -2.67634042 -1.25163231
v 3.23510982 -2.67285432 -1.25162693
v 3.23410639 -2.67459198 -1.25163597
v 3.23712140 -2.67633149 -1.25163122
v 3.23712759 -2.67284982 -1.25163204
v 3.23813043 -2.67460112 -1.25163378
v 3.23712846 -2.67953098 -1.29135022
v 3.23812697 -2.68075818 -1.29012527
v 3.23812929 -2.68558085 -1.29437769
v 3.23812362 -2.67458708 -1.25162686
v 3.23712527 -2.68558499 -1.29612882
v 3.23712948 -2.68557811 -1.29612543
v 3.23511441 -2.78887830 -1.29612149
v 3.23511419 -2.68558307 -1.29611745
v 3.23711979 -2.78887238 -1.29612991
v 3.23511279 -2.67952994 -1.29135054
v 3.23510978 -2.68558675 -1.29611296
v 3.23411775 -2.68076100 -1.29012797
v 3.23411177 -2.68075878 -1.29011428
v 3.23812561 -2.67458910 -1.25163294
v 3.23712543 -2.67633374 -1.25163561
v 3.23712513 -2.68198287 -1.28889542
v 3.23411085 -2.67459391 -1.25163094
v 3.23411233 -2.68075546 -1.29012477
v 3.23511016 -2.67634001 -1.25163619
v 3.23712270 -2.67633782 -1.25163178
v 3.23511527 -2.68198534 -1.28888727
v 3.23712735 -2.68198015 -1.28888698
v 3.23511373 -2.67633647 -1.25163118
v 3.23812332 -2.68075264 -1.29012254
v 3.23712159 -2.68558726 -1.29264429
v 3.23812656 -2.68557919 -1.29437980
v 3.23713227 -2.78887459 -1.29611881
v 3.23812480 -2.68558069 -1.29438591
v 3.23813154 -2.78887443 -1.29438121
v 3.23712399 -2.68557801 -1.29612340
v 3.23712621 -2.78887784 -1.29612586
v 3.23510954 -2.79463097 -1.29123780
v 3.23511282 -2.78887051 -1.29612620
v 3.23712344 -2.79463456 -1.29122890
v 3.23411407 -2.68558098 -1.29438420
v 3.23511829 -2.78887733 -1.29612192
v 3.23411581 -2.78887442 -1.29437930
v 3.23511544 -2.68557972 -1.29612394
v 3.23411722 -2.68558150 -1.29437890
v 3.23511765 -2.68198591 -1.28889534
v 3.23712981 -2.68198525 -1.28888722
v 3.23511484 -2.68557978 -1.29264761
v 3.23711624 -2.68558291 -1.29264865
v 3.23511006 -2.68198791 -1.28889261
v 3.23813547 -2.78888566 -1.29438385
v 3.23713512 -2.68558650 -1.29264172
v 3.23711912 -2.78887388 -1.29264748
v 3.23812848 -2.68558049 -1.29437434
v 3.23712642 -2.78887632 -1.29612113
v 3.23812740 -2.78887149 -1.29438685
v 3.23812663 -2.79340480 -1.29000794
v 3.23712565 -2.79463086 -1.29123969
v 3.23712760 -2.80095492 -1.25158732
v 3.23511368 -2.79463390 -1.29123808
v 3.23713011 -2.79462977 -1.29123205
v 3.23511626 -2.80095984 -1.25158549
v 3.23512008 -2.78887224 -1.29612195
v 3.23512042 -2.79463461 -1.29123075
v 3.23411752 -2.78887695 -1.29438353
v 3.23510758 -2.68557824 -1.29264584
v 3.23411387 -2.78887258 -1.29438181
v 3.23511508 -2.78886935 -1.29263883
v 3.23411183 -2.68558213 -1.29438001
v 3.23411776 -2.68075598 -1.29012349
v 3.23411521 -2.68558789 -1.29438506
v 3.23511422 -2.68198001 -1.28888583
v 3.23511646 -2.68557881 -1.29264957
v 3.23712361 -2.78887590 -1.29264480
v 3.23511333 -2.68558659 -1.29266047
v 3.23511448 -2.78887666 -1.29264035
v 3.23712940 -2.68557744 -1.29265487
v 3.23812904 -2.78887335 -1.29438290
v 3.23712778 -2.78887248 -1.29264796
v 3.23712456 -2.79218228 -1.28877453
v 3.23812555 -2.79340548 -1.29000366
v 3.23811924 -2.79340615 -1.29000717
v 3.23812220 -2.79922775 -1.25158973
v 3.23712069 -2.79463917 -1.29123656
v 3.23712349 -2.80096322 -1.25159388
v 3.23511673 -2.80096598 -1.25160352
v 3.23511056 -2.79748069 -1.25159341
v 3.23411951 -2.79922027 -1.25159760
v 3.23712969 -2.80096625 -1.25159355
v 3.23712218 -2.79748144 -1.25159637
v 3.23812191 -2.79922955 -1.25159265
v 3.23411521 -2.79340588 -1.29000238
v 3.23511981 -2.79463564 -1.29124154
v 3.23511814 -2.80096304 -1.25159892
v 3.23411335 -2.79340141 -1.29001224
v 3.23411879 -2.78886964 -1.29438200
v 3.23411276 -2.79340868 -1.29000258
v 3.23510951 -2.78888169 -1.29264324
v 3.23511886 -2.79218062 -1.28877685
v 3.23712856 -2.78887015 -1.29264720
v 3.23511557 -2.78886920 -1.29265232
v 3.23712893 -2.79217891 -1.28877526
v 3.23712862 -2.79217840 -1.28878061
v 3.23712528 -2.79748122 -1.25159429
v 3.23812590 -2.79340946 -1.29000367
v 3.23812665 -2.79922247 -1.25159641
v 3.23511678 -2.79747977 -1.25159840
v 3.23713014 -2.79218044 -1.28877265
v 3.23510852 -2.79218001 -1.28878173
v 3.23712794 -2.79748557 -1.25160239
v 3.23511503 -2.79217921 -1.28877070
v 3.23411136 -2.79922745 -1.25159458
v 3.23511143 -2.79748099 -1.25160257
v 3.23412302 -2.79922893 -1.25159554
v 3.25061331 -2.79748304 -1.25158713
v 3.25261806 -2.79218213 -1.28877433
v 3.25061425 -2.79217123 -1.28876611
v 3.25261637 -2.79749240 -1.25159656
v 3.25060696 -2.79218041 -1.28877228
v 3.24960488 -2.79922445 -1.25159208
v 3.25060898 -2.79748739 -1.25159307
v 3.25061075 -2.80096369 -1.25159304
v 3.25060615 -2.79748868 -1.25159309
v 3.24960880 -2.79922453 -1.25160088
v 3.25261530 -2.80097033 -1.25159037
v 3.25262193 -2.79747481 -1.25159511
v 3.25362030 -2.79922657 -1.25159105
v 3.25261645 -2.79217585 -1.28877048
v 3.25261728 -2.79748303 -1.25160299
v 3.25362650 -2.79340470 -1.29000412
v 3.25060313 -2.79217798 -1.28877784
v 3.25261420 -2.78887872 -1.29265210
v 3.25060652 -2.78886905 -1.29263914
v 3.25261358 -2.79217154 -1.28877790
v 3.24960478 -2.79340654 -1.29000856
v 3.25361965 -2.79922764 -1.25160157
v 3.24960358 -2.79340572 -1.29000878
v 3.25060836 -2.80095465 -1.25159799
v 3.24960548 -2.79923023 -1.25159265
v 3.25261813 -2.80096515 -1.25158786
v 3.25060536 -2.79463963 -1.29124175
v 3.25261188 -2.79463505 -1.29123823
v 3.25060767 -2.80095350 -1.25159363
v 3.25261565 -2.79463297 -1.29123866
v 3.25361617 -2.79922771 -1.25159969
v 3.25262048 -2.80095887 -1.25159364
v 3.25362094 -2.78888231 -1.29438455
v 3.25260902 -2.79218225 -1.28876952
v 3.25361986 -2.79340635 -1.29000631
v 3.25061243 -2.78887831 -1.29264583
v 3.25261577 -2.78887404 -1.29264454
v 3.25261406 -2.78887051 -1.29264111
v 3.25060929 -2.68558194 -1.29264126
v 3.25060559 -2.78887329 -1.29263446
v 3.25261931 -2.68557658 -1.29264411
v 3.25362336 -2.79340888 -1.29000680
v 3.25060675 -2.79463413 -1.29124011
v 3.25262121 -2.78887202 -1.29612852
v 3.25061028 -2.79463012 -1.29122941
v 3.25060710 -2.78887097 -1.29612487
v 3.25261427 -2.79463007 -1.29123413
v 3.25261507 -2.78887811 -1.29611957
v 3.25361809 -2.78886928 -1.29438361
v 3.25362277 -2.79340389 -1.29000885
v 3.24959991 -2.78886919 -1.29439025
v 3.25362501 -2.78887928 -1.29437548
v 3.25261336 -2.68558562 -1.29264169
v 3.25261220 -2.78887715 -1.29264635
v 3.25362047 -2.68557842 -1.29438541
v 3.25060767 -2.68557905 -1.29264456
v 3.24959296 -2.78887998 -1.29438739
v 3.25060636 -2.78887593 -1.29264203
v 3.24961074 -2.68558191 -1.29438542
v 3.25261861 -2.68198187 -1.28888564
v 3.25060445 -2.68558163 -1.29265153
v 3.25261355 -2.68558649 -1.29264120
v 3.25060394 -2.68198288 -1.28889117
v 3.25261733 -2.79463467 -1.29123932
v 3.24960735 -2.78887005 -1.29438159
v 3.25060306 -2.79462362 -1.29123390
v 3.24959980 -2.79340161 -1.29001050
v 3.25060927 -2.78887717 -1.29611355
v 3.25262045 -2.68558021 -1.29612258
v 3.25060689 -2.78886939 -1.29612500
v 3.25061300 -2.68558009 -1.29611864
v 3.25261236 -2.78887997 -1.29612179
v 3.25261804 -2.78886216 -1.29612322
v 3.25361819 -2.68558049 -1.29437588
v 3.25361807 -2.78886997 -1.29437921
v 3.25261094 -2.68558742 -1.29611642
v 3.25361974 -2.68074666 -1.29013187
v 3.25261734 -2.68558021 -1.29264803
v 3.25362724 -2.68557783 -1.29437227
v 3.25060689 -2.68197856 -1.28888836
v 3.24960725 -2.68558192 -1.29438644
v 3.25060666 -2.68558680 -1.29264676
v 3.24960801 -2.68557833 -1.29438107
v 3.25060784 -2.78887609 -1.29612025
v 3.24961477 -2.78887746 -1.29438778
v 3.25060337 -2.68557635 -1.29612554
v 3.25261129 -2.68197657 -1.28889740
v 3.25261628 -2.67633092 -1.25163110
v 3.25060400 -2.68198262 -1.28889414
v 3.25261008 -2.68198795 -1.28889517
v 3.25060547 -2.67633453 -1.25163062
v 3.25262046 -2.67952690 -1.29135228
v 3.25060574 -2.68558560 -1.29612778
v 3.25061002 -2.67951853 -1.29134676
v 3.25261583 -2.68558390 -1.29612362
v 3.25260635 -2.67952481 -1.29134698
v 3.25361953 -2.68558488 -1.29438813
v 3.25261540 -2.68558669 -1.29611908
v 3.25361461 -2.68075672 -1.29012177
v 3.24961271 -2.68074602 -1.29012390
v 3.24960600 -2.68075505 -1.29012131
v 3.25060804 -2.68558808 -1.29611989
v 3.24960502 -2.68558614 -1.29438579
v 3.25362529 -2.67459500 -1.25163571
v 3.25060872 -2.67634010 -1.25162893
v 3.24960620 -2.68075214 -1.29011216
v 3.25060640 -2.68198988 -1.28888957
v 3.25261585 -2.67633598 -1.25163569
v 3.25060603 -2.67633296 -1.25163773
v 3.25060891 -2.67286134 -1.25162700
v 3.24960706 -2.67459119 -1.25162555
v 3.25261339 -2.67633312 -1.25162584
v 3.25261256 -2.67284975 -1.25162566
v 3.25362534 -2.67459732 -1.25163627
v 3.25061556 -2.67952639 -1.29134928
v 3.25060704 -2.67285477 -1.25162867
v 3.25261579 -2.67952084 -1.29134955
v 3.25060613 -2.67951747 -1.29135160
v 3.25261409 -2.67285856 -1.25162954
v 3.25261764 -2.67285522 -1.25163138
v 3.25362146 -2.68074996 -1.29011475
v 3.25261036 -2.67952917 -1.29135477
v 3.25362481 -2.67459746 -1.25163688
v 3.24960237 -2.67459146 -1.25163304
v 3.25061184 -2.67285932 -1.25163692
v 3.25060432 -2.67952303 -1.29135556
v 3.24960787 -2.67459498 -1.25163329
v 3.24961053 -2.68075928 -1.29011791
v 3.26755259 -2.67284815 -1.25162654
v 3.26955270 -2.67952077 -1.29135566
v 3.26754477 -2.67952579 -1.29135519
v 3.26955686 -2.67285339 -1.25163247
v 3.26955349 -2.67286254 -1.25163654
v 3.27056745 -2.68075227 -1.29012676
v 3.26955477 -2.67952513 -1.29135127
v 3.26954948 -2.67952122 -1.29134883
v 3.26753824 -2.68558249 -1.29612576
v 3.26755574 -2.67951674 -1.29135077
v 3.26954643 -2.68558153 -1.29611924
v 3.26754259 -2.67285862 -1.25163234
v 3.26754545 -2.67952544 -1.29134860
v 3.26654790 -2.67459315 -1.25163086
v 3.26754599 -2.67633671 -1.25163984
v 3.26755037 -2.67286063 -1.25162660
v 3.26654954 -2.67459309 -1.25163500
v 3.26955382 -2.67633573 -1.25163580
v 3.26954795 -2.67285455 -1.25162998
v 3.27055647 -2.67459796 -1.25162833
v 3.26955045 -2.67952185 -1.29134701
v 3.27055920 -2.68075483 -1.29011989
v 3.27056133 -2.68557931 -1.29439098
v 3.27056392 -2.67459265 -1.25163068
v 3.26955163 -2.68557935 -1.29612734
v 3.26954991 -2.68558016 -1.29612360
v 3.26755138 -2.78887643 -1.29611998
v 3.26755065 -2.68558550 -1.29612458
v 3.26956148 -2.78887832 -1.29611587
v 3.26755222 -2.67951958 -1.29134906
v 3.26754490 -2.68557910 -1.29612295
v 3.26654436 -2.68075092 -1.29011169
v 3.26655293 -2.68074972 -1.29012090
v 3.27055770 -2.67459134 -1.25163527
v 3.26955329 -2.67633240 -1.25163517
v 3.26955823 -2.68198066 -1.28888784
v 3.26654429 -2.67459436 -1.25162927
v 3.26654642 -2.68075629 -1.29011968
v 3.26754816 -2.67633393 -1.25162992
v 3.26955523 -2.67633019 -1.25162991
v 3.26754429 -2.68198050 -1.28888713
v 3.26955401 -2.68198526 -1.28889672
v 3.26754934 -2.67634203 -1.25162239
v 3.27056030 -2.68076126 -1.29011843
v 3.26954913 -2.68558242 -1.29264353
v 3.27056394 -2.68557889 -1.29438305
v 3.26955066 -2.78887272 -1.29613006
v 3.27055655 -2.68558517 -1.29438387
v 3.27056211 -2.78887160 -1.29437738
v 3.26956005 -2.68558265 -1.29612162
v 3.26955131 -2.78887362 -1.29612070
v 3.26754903 -2.79463547 -1.29123732
v 3.26754429 -2.78887271 -1.29612045
v 3.26955720 -2.79463483 -1.29123222
v 3.26654234 -2.68557957 -1.29438621
v 3.26754170 -2.78887698 -1.29611668
v 3.26654684 -2.78887405 -1.29438321
v 3.26754270 -2.68558251 -1.29612245
v 3.26654357 -2.68557858 -1.29438648
v 3.26755058 -2.68197718 -1.28889127
v 3.26955113 -2.68198214 -1.28889538
v 3.26754404 -2.68557900 -1.29264961
v 3.26955305 -2.68557801 -1.29264404
v 3.26753942 -2.68197174 -1.28888431
v 3.27055990 -2.78887525 -1.29437954
v 3.26956287 -2.68557814 -1.29264704
v 3.26955351 -2.78887149 -1.29265423
v 3.27055757 -2.68558181 -1.29437989
v 3.26955172 -2.78887523 -1.29612029
v 3.27055747 -2.78887483 -1.29437956
v 3.27056162 -2.79340974 -1.29000689
v 3.26955588 -2.79463342 -1.29123204
v 3.26955237 -2.80096382 -1.25159434
v 3.26753962 -2.79463626 -1.29123348
v 3.26955537 -2.79463199 -1.29122927
v 3.26754928 -2.80095537 -1.25159684
v 3.26754295 -2.78887813 -1.29612029
v 3.26754253 -2.79462776 -1.29123561
v 3.26654185 -2.78887166 -1.29437871
v 3.26753951 -2.68558293 -1.29263906
v 3.26654443 -2.78887326 -1.29438044
v 3.26754593 -2.78886962 -1.29264544
v 3.26654454 -2.68558353 -1.29438415
v 3.26653554 -2.68076060 -1.29012622
v 3.26654451 -2.68558491 -1.29437976
v 3.26754620 -2.68198285 -1.28889284
v 3.26755331 -2.68558254 -1.29264216
v 3.26955357 -2.78887175 -1.29264033
v 3.26755646 -2.68558581 -1.29264487
v 3.26754354 -2.78886957 -1.29264738
v 3.26955969 -2.68558495 -1.29263570
v 3.27056155 -2.78887358 -1.29438267
v 3.26954712 -2.78887967 -1.29264566
v 3.26955596 -2.79217743 -1.28877297
v 3.27055987 -2.79341000 -1.29001152
v 3.27055652 -2.79341319 -1.28999915
v 3.27055875 -2.79922203 -1.25159257
v 3.26955768 -2.79462833 -1.29122997
v 3.26955572 -2.80095853 -1.25159622
v 3.26754408 -2.80095777 -1.25159130
v 3.26753847 -2.79748405 -1.25159247
v 3.26654435 -2.79922930 -1.25158834
v 3.26954894 -2.80094951 -1.25159846
v 3.26955193 -2.79747932 -1.25159137
v 3.27056038 -2.79922249 -1.25158726
v 3.26654519 -2.79340544 -1.29000004
v 3.26755488 -2.79463372 -1.29123443
v 3.26754491 -2.80096206 -1.25159897
v 3.26654248 -2.79340848 -1.29000102
v 3.26654856 -2.78887319 -1.29438806
v 3.26654790 -2.79340916 -1.29000353
v 3.26754903 -2.78887778 -1.29264584
v 3.26754942 -2.79217030 -1.28877644
v 3.26955024 -2.78887662 -1.29264909
v 3.26754963 -2.78887758 -1.29264689
v 3.26955511 -2.79218068 -1.28877541
v 3.26955263 -2.79217545 -1.28877553
v 3.26955563 -2.79748012 -1.25159169
v 3.27055776 -2.79340518 -1.29000410
v 3.27056176 -2.79922795 -1.25159472
v 3.26754856 -2.79747623 -1.25159245
v 3.26954975 -2.79217269 -1.28876800
v 3.26754058 -2.79217833 -1.28878139
v 3.26955407 -2.79748207 -1.25159232
v 3.26754781 -2.79217919 -1.28876840
v 3.26654544 -2.79922034 -1.25158874
v 3.26754768 -2.79748978 -1.25159098
v 3.26654696 -2.79922123 -1.25159511
v 3.31796113 -2.78244632 -1.25175144
v 3.32904382 -2.79827620 -1.24890545
v 3.32797704 -2.79943493 -1.25175747
v 3.31944077 -2.78196263 -1.24889818
v 3.31796282 -2.69176239 -1.25175197
v 3.31943694 -2.78196658 -1.24890256
v 3.31796394 -2.78244550 -1.25175114
v 3.31943843 -2.69225128 -1.24889282
v 3.31944151 -2.78197240 -1.24889916
v 3.32796913 -2.79943700 -1.24605062
v 3.32904170 -2.79827709 -1.24889917
v 3.32904839 -2.79827784 -1.24890072
v 3.38170346 -2.79943123 -1.25175134
v 3.32796823 -2.79943566 -1.25174731
v 3.38062804 -2.79826933 -1.24890284
v 3.31943779 -2.78196463 -1.24890422
v 3.31796618 -2.69176625 -1.24604752
v 3.31797453 -2.78244510 -1.24604718
v 3.31943794 -2.69223722 -1.24890503
v 3.32797289 -2.67477162 -1.25175614
v 3.31943422 -2.69224208 -1.24889651
v 3.31796407 -2.69176042 -1.25175093
v 3.32797606 -2.79943999 -1.24605328
v 3.38063311 -2.79827371 -1.24890300
v 3.32903907 -2.79827161 -1.24890167
v 3.38169913 -2.79943471 -1.24604460
v 3.31944147 -2.78196456 -1.24890376
v 3.31796129 -2.78244729 -1.24604802
v 3.32797351 -2.79943836 -1.24604534
v 3.39023982 -2.78196688 -1.24889634
v 3.38169932 -2.79944099 -1.25175254
v 3.38063525 -2.79827873 -1.24890153
v 3.32905203 -2.67593095 -1.24889766
v 3.31796670 -2.69176115 -1.24604768
v 3.31944314 -2.69224106 -1.24889844
v 3.32796657 -2.67477688 -1.25174928
v 3.32904323 -2.67593157 -1.24890758
v 3.31944462 -2.69224062 -1.24890468
v 3.39171393 -2.78244012 -1.24605544
v 3.38063934 -2.79828278 -1.24889628
v 3.38169607 -2.79943427 -1.24605094
v 3.39022958 -2.78195968 -1.24889808
v 3.38062908 -2.79827100 -1.24890454
v 3.39171098 -2.78244066 -1.24605206
v 3.39024042 -2.78196594 -1.24889924
v 3.39171399 -2.78244301 -1.25175466
v 3.38170081 -2.79943459 -1.25175520
v 3.32797436 -2.67477619 -1.24604548
v 3.31796487 -2.69176774 -1.24604906
v 3.32904152 -2.67593775 -1.24890174
v 3.38063560 -2.67593193 -1.24890094
v 3.32797132 -2.67477139 -1.25174639
v 3.38170350 -2.67476946 -1.25175062
v 3.32904656 -2.67593095 -1.24890113
v 3.39171140 -2.69176190 -1.24605480
v 3.39023530 -2.78196668 -1.24889585
v 3.39171252 -2.78244482 -1.24605485
v 3.39023001 -2.69224253 -1.24890191
v 3.39022807 -2.78196572 -1.24889720
v 3.39171210 -2.69175789 -1.25175167
v 3.39170494 -2.78244118 -1.25175254
v 3.39023718 -2.69224424 -1.24889129
v 3.38170833 -2.67478249 -1.24604694
v 3.32904586 -2.67593567 -1.24890585
v 3.38063104 -2.67593307 -1.24890078
v 3.32797139 -2.67477869 -1.24605638
v 3.38170952 -2.67478126 -1.25175210
v 3.39171661 -2.69176458 -1.25175239
v 3.38063110 -2.67592612 -1.24890340
v 3.38170192 -2.67477328 -1.24604199
v 3.39023687 -2.69224905 -1.24890056
v 3.39171621 -2.69176003 -1.24605251
v 3.39023522 -2.69224704 -1.24890491
v 3.38062583 -2.67593562 -1.24891255
v 3.22127552 -2.69079475 -1.25175492
v 3.22423460 -2.69177005 -1.25175432
v 3.22128271 -2.78340556 -1.25175235
v 3.23208799 -2.67245843 -1.25175676
v 3.23423665 -2.67477926 -1.25176051
v 3.29011766 -2.67245591 -1.25175339
v 3.28797066 -2.67476798 -1.25175387
v 3.29797012 -2.69176243 -1.25175770
v 3.30092710 -2.69080107 -1.25175454
v 3.29796852 -2.78244766 -1.25175109
v 3.22422832 -2.78244683 -1.25175717
v 3.23209081 -2.80174982 -1.25175370
v 3.23423158 -2.79944255 -1.25175560
v 3.29011457 -2.80176218 -1.25175713
v 3.28797672 -2.79943728 -1.25175443
v 3.30091906 -2.78340112 -1.25175064
v 3.23101865 -2.67129471 -1.24889836
v 3.23208552 -2.67245832 -1.25175150
v 3.22128667 -2.69080269 -1.25175033
v 3.23101144 -2.67129927 -1.24890764
v 3.29011049 -2.67244935 -1.25174935
v 3.23209884 -2.67246029 -1.25175200
v 3.29119366 -2.67129145 -1.24890173
v 3.29011361 -2.67245942 -1.25174707
v 3.30239902 -2.69032739 -1.24890294
v 3.30092364 -2.69080111 -1.25174940
v 3.30091670 -2.78341143 -1.25176055
v 3.30239609 -2.69032313 -1.24889992
v 3.30239813 -2.78387979 -1.24889426
v 3.30091649 -2.69080913 -1.25175656
v 3.30091843 -2.78340495 -1.25175550
v 3.29119030 -2.80290812 -1.24890758
v 3.29011541 -2.80175081 -1.25175167
v 3.29118811 -2.80290931 -1.24889932
v 3.23208640 -2.80175539 -1.25175398
v 3.29011645 -2.80175241 -1.25175614
v 3.23101742 -2.80291937 -1.24890553
v 3.22128699 -2.78340515 -1.25175089
v 3.23208766 -2.80175643 -1.25175948
v 3.21981008 -2.78388367 -1.24890588
v 3.21980419 -2.69032548 -1.24890133
v 3.22127910 -2.69080481 -1.25176435
v 3.22128329 -2.78340001 -1.25176041
v 3.23102136 -2.67129349 -1.24889855
v 3.22127616 -2.69080593 -1.25175313
v 3.21980189 -2.69032097 -1.24890044
v 3.23208832 -2.67246066 -1.24604687
v 3.29119007 -2.67129181 -1.24890022
v 3.23101998 -2.67128989 -1.24890722
v 3.29011365 -2.67246457 -1.24604931
v 3.29119093 -2.67129066 -1.24889865
v 3.30238872 -2.69032871 -1.24889588
v 3.29012050 -2.67245253 -1.25175361
v 3.30239447 -2.69032546 -1.24890629
v 3.30091950 -2.78340784 -1.24605221
v 3.30238946 -2.78388828 -1.24890053
v 3.30091777 -2.69080758 -1.24605215
v 3.30092871 -2.78340610 -1.25174936
v 3.30238186 -2.78388118 -1.24889571
v 3.29119174 -2.80291584 -1.24890045
v 3.29011129 -2.80175644 -1.24605321
v 3.23101308 -2.80291106 -1.24889791
v 3.29119262 -2.80291321 -1.24889540
v 3.23208944 -2.80175280 -1.24605090
v 3.21980598 -2.78388904 -1.24890121
v 3.23208326 -2.80175718 -1.25174383
v 3.23101834 -2.80291682 -1.24890385
v 3.21980484 -2.69032046 -1.24890367
v 3.22128752 -2.78340463 -1.25175425
v 3.21980393 -2.78388572 -1.24890217
v 3.23101183 -2.67129891 -1.24889955
v 3.21980951 -2.69032111 -1.24890403
v 3.23209371 -2.67245771 -1.24605445
v 3.23208267 -2.80175666 -1.24604830
v 3.22423321 -2.78244576 -1.24604788
v 3.22128561 -2.78340339 -1.24604741
v 3.23422933 -2.79944329 -1.24605431
v 3.29011293 -2.80175456 -1.24605059
v 3.28796689 -2.79943623 -1.24605338
v 3.29797744 -2.78243610 -1.24604552
v 3.30092436 -2.78340989 -1.24605273
v 3.29797448 -2.69175860 -1.24604686
v 3.22128762 -2.69080402 -1.24604346
v 3.22422858 -2.69176763 -1.24604632
v 3.23208735 -2.67245928 -1.24605349
v 3.23423941 -2.67477769 -1.24604759
v 3.29011438 -2.67246045 -1.24604837
v 3.28796625 -2.67477745 -1.24604694
v 3.30091859 -2.69079949 -1.24604844
v 3.29118469 -2.67128952 -1.24890057
v 3.29011672 -2.67245007 -1.24605083
v 3.30091626 -2.69080388 -1.24605215
v 3.29118725 -2.67128960 -1.24889667
v 3.30092256 -2.69081206 -1.24605187
v 3.30239788 -2.69032138 -1.24889464
v 3.30092612 -2.78340859 -1.24604772
v 3.29012006 -2.80175197 -1.24604235
v 3.30238490 -2.78388466 -1.24889736
v 3.30239793 -2.78388741 -1.24890233
v 3.29010987 -2.80176016 -1.24604920
v 3.29119473 -2.80291702 -1.24889161
v 3.22128259 -2.78339901 -1.24605120
v 3.23101079 -2.80291745 -1.24889351
v 3.23208459 -2.80175780 -1.24604531
v 3.22127740 -2.78340276 -1.24604300
v 3.21980896 -2.78388393 -1.24890490
v 3.23101767 -2.80291556 -1.24889807
v 3.22128910 -2.78340282 -1.24604754
v 3.21980770 -2.69031917 -1.24890239
v 3.21980096 -2.78388234 -1.24889663
v 3.22128386 -2.69080400 -1.24604541
v 3.23208170 -2.67245782 -1.24604162
v 3.21981158 -2.69032088 -1.24890040
v 3.22128484 -2.69079634 -1.24604561
v 3.32254702 -2.78463385 -1.28103132
v 3.32394706 -2.78418268 -1.28102839
v 3.32255515 -2.68985721 -1.28102844
v 3.32764842 -2.79328738 -1.28103191
v 3.32866537 -2.79219345 -1.28103431
v 3.38281296 -2.79328264 -1.28102422
v 3.38179410 -2.79218284 -1.28103109
v 3.38651039 -2.78418769 -1.28103054
v 3.38790390 -2.78463472 -1.28103211
v 3.38650887 -2.69030570 -1.28103119
v 3.32393361 -2.69031163 -1.28103076
v 3.32764235 -2.68121532 -1.28102320
v 3.32866326 -2.68229528 -1.28103282
v 3.38281895 -2.68120928 -1.28102886
v 3.38179849 -2.68229439 -1.28102772
v 3.38790329 -2.68985273 -1.28103134
v 3.32764269 -2.68120709 -1.28103242
v 3.38331451 -2.68065930 -1.28237552
v 3.32714167 -2.68066888 -1.28237517
v 3.38281712 -2.68121658 -1.28102319
v 3.32764872 -2.68120989 -1.28102314
v 3.32185898 -2.68962953 -1.28237607
v 3.32255814 -2.68985131 -1.28103357
v 3.32255133 -2.78464114 -1.28102162
v 3.32186318 -2.68962605 -1.28237551
v 3.32185510 -2.78485919 -1.28238001
v 3.32256040 -2.68985133 -1.28103163
v 3.32255514 -2.78463660 -1.28103056
v 3.32714902 -2.79382952 -1.28236174
v 3.32763716 -2.79329040 -1.28102955
v 3.38281401 -2.79328332 -1.28103110
v 3.32713862 -2.79382951 -1.28236620
v 3.38332444 -2.79383004 -1.28237730
v 3.32764389 -2.79329392 -1.28102814
v 3.38790202 -2.78464556 -1.28102716
v 3.38281219 -2.79328589 -1.28102641
v 3.38859751 -2.78486105 -1.28237109
v 3.38859317 -2.68962953 -1.28237543
v 3.38790807 -2.78463910 -1.28102683
v 3.38859646 -2.78486325 -1.28237625
v 3.38789838 -2.68985405 -1.28103428
v 3.38331804 -2.68065532 -1.28236721
v 3.38281573 -2.68120690 -1.28102588
v 3.38789868 -2.68985609 -1.28103425
v 3.32713866 -2.68066739 -1.28237891
v 3.38281265 -2.68120546 -1.28372382
v 3.32763948 -2.68121220 -1.28371745
v 3.38332033 -2.68066025 -1.28237003
v 3.32714492 -2.68067725 -1.28237749
v 3.32185235 -2.68962937 -1.28237520
v 3.32764738 -2.68121136 -1.28103289
v 3.32186392 -2.68962147 -1.28238136
v 3.32255515 -2.78463812 -1.28371766
v 3.32186407 -2.78486448 -1.28237579
v 3.32255632 -2.68985350 -1.28371581
v 3.32255157 -2.78463655 -1.28103010
v 3.32186066 -2.78486576 -1.28237663
v 3.32713730 -2.79383319 -1.28237375
v 3.38331814 -2.79382681 -1.28237819
v 3.32764185 -2.79328895 -1.28372258
v 3.38281660 -2.79328660 -1.28371762
v 3.32713568 -2.79382516 -1.28237958
v 3.38859490 -2.78486135 -1.28237487
v 3.38281427 -2.79328309 -1.28102966
v 3.38331749 -2.79382569 -1.28237983
v 3.38790523 -2.78463790 -1.28372849
v 3.38860185 -2.68962498 -1.28237250
v 3.38859404 -2.78486507 -1.28237170
v 3.38789832 -2.68984689 -1.28371807
v 3.38331638 -2.68066219 -1.28236846
v 3.38789502 -2.68985803 -1.28102365
v 3.38860045 -2.68962662 -1.28238165
v 3.32256143 -2.68985354 -1.28371166
v 3.32394198 -2.69030578 -1.28371928
v 3.32255696 -2.78463679 -1.28372571
v 3.32764470 -2.68121263 -1.28371764
v 3.32865986 -2.68229696 -1.28372270
v 3.38282369 -2.68120664 -1.28371783
v 3.38179836 -2.68230058 -1.28371755
v 3.38650866 -2.69030820 -1.28371857
v 3.38790696 -2.68985171 -1.28371555
v 3.38651249 -2.78418910 -1.28373037
v 3.32394504 -2.78419097 -1.28371850
v 3.32764667 -2.79328870 -1.28371688
v 3.32866351 -2.79219237 -1.28371757
v 3.38281805 -2.79328635 -1.28371984
v 3.38180174 -2.79218987 -1.28372104
v 3.38790291 -2.78463986 -1.28371440
v 3.32714203 -2.68065181 -1.28238190
v 3.32764169 -2.68120936 -1.28371991
v 3.32255491 -2.68985005 -1.28372840
v 3.38331629 -2.68065545 -1.28237686
v 3.38858697 -2.68962624 -1.28237800
v 3.38281286 -2.68120488 -1.28372009
v 3.32714216 -2.68065995 -1.28237132
v 3.32255302 -2.68985397 -1.28371796
v 3.32185432 -2.68962830 -1.28237769
v 3.32255487 -2.78463903 -1.28370867
v 3.32764215 -2.79328935 -1.28371721
v 3.32185932 -2.78486461 -1.28236918
v 3.32186208 -2.78487169 -1.28236936
v 3.32764098 -2.79328663 -1.28372215
v 3.32714182 -2.79382961 -1.28237897
v 3.38790294 -2.78463823 -1.28372297
v 3.38331707 -2.79382524 -1.28236884
v 3.38281697 -2.79328377 -1.28371762
v 3.38790029 -2.78463571 -1.28371812
v 3.38859869 -2.78486060 -1.28238033
v 3.38331617 -2.79383392 -1.28237388
v 3.38281684 -2.68120599 -1.28371337
v 3.38859549 -2.68962577 -1.28237384
v 3.38790394 -2.68985410 -1.28371973
v 3.38180335 -2.68230641 -1.28103577
v 3.32916011 -2.68284541 -1.28237622
v 3.38129852 -2.68284560 -1.28237517
v 3.32865778 -2.68229302 -1.28103070
v 3.32865358 -2.68229946 -1.28102911
v 3.32394356 -2.69030603 -1.28103048
v 3.32915602 -2.68284535 -1.28237406
v 3.38129077 -2.68285099 -1.28237012
v 3.32865798 -2.68230120 -1.28371465
v 3.38179735 -2.68229827 -1.28371756
v 3.32916377 -2.68283778 -1.28237596
v 3.38180363 -2.68229926 -1.28103803
v 3.38129334 -2.68285104 -1.28237343
v 3.38582011 -2.69053411 -1.28238282
v 3.32916316 -2.68284446 -1.28237528
v 3.32394703 -2.69031222 -1.28102687
v 3.32464189 -2.69053260 -1.28236992
v 3.32866433 -2.68229733 -1.28371695
v 3.32916372 -2.68284995 -1.28237354
v 3.32463484 -2.69052888 -1.28237969
v 3.38180449 -2.68230968 -1.28371681
v 3.38650682 -2.69030577 -1.28371984
v 3.38129009 -2.68284587 -1.28237560
v 3.38582290 -2.69052943 -1.28237207
v 3.38651461 -2.69030415 -1.28103268
v 3.32463183 -2.78395537 -1.28237440
v 3.32394516 -2.69030424 -1.28104036
v 3.32394756 -2.78418359 -1.28102620
v 3.32463380 -2.69052568 -1.28237968
v 3.32866103 -2.68229897 -1.28372169
v 3.32463402 -2.69052713 -1.28237180
v 3.32394031 -2.69030697 -1.28371300
v 3.38582752 -2.78396473 -1.28237876
v 3.38650390 -2.69030691 -1.28371204
v 3.38651075 -2.78418597 -1.28371617
v 3.38582288 -2.69053392 -1.28237768
v 3.38650860 -2.69030124 -1.28103658
v 3.38582520 -2.78395014 -1.28237520
v 3.38650818 -2.78418170 -1.28103372
v 3.38582839 -2.69053650 -1.28237232
v 3.32394500 -2.69030741 -1.28371807
v 3.32463319 -2.78395780 -1.28238297
v 3.32393996 -2.78418204 -1.28371736
v 3.32463946 -2.69052386 -1.28237346
v 3.32463674 -2.78395327 -1.28237056
v 3.32394499 -2.78418974 -1.28103221
v 3.32866115 -2.79219425 -1.28102875
v 3.38581981 -2.78395558 -1.28237502
v 3.38651309 -2.78418291 -1.28371269
v 3.38179912 -2.79219405 -1.28371394
v 3.38582055 -2.78395329 -1.28237147
v 3.38129455 -2.79164306 -1.28236670
v 3.38650945 -2.78418361 -1.28102378
v 3.32463328 -2.78395967 -1.28237684
v 3.32916384 -2.79164783 -1.28237766
v 3.32394648 -2.78419100 -1.28371574
v 3.32463889 -2.78395643 -1.28237575
v 3.32865983 -2.79218690 -1.28102240
v 3.32915724 -2.79164744 -1.28237998
v 3.38129053 -2.79164605 -1.28237214
v 3.38180073 -2.79219123 -1.28102640
v 3.32394835 -2.78418549 -1.28371680
v 3.32915602 -2.79163964 -1.28237630
v 3.32866086 -2.79219037 -1.28371958
v 3.32866007 -2.79219054 -1.28103053
v 3.38128498 -2.79164411 -1.28237338
v 3.32916695 -2.79164920 -1.28237852
v 3.38180079 -2.79218797 -1.28102269
v 3.32916734 -2.79164405 -1.28237745
v 3.38180140 -2.79219254 -1.28371690
v 3.32865892 -2.79219017 -1.28371990
v 3.38129436 -2.79164611 -1.28237939
v 3.22882025 -2.68985606 -1.28371325
v 3.23020383 -2.69030738 -1.28371125
v 3.22881186 -2.78463752 -1.28372617
v 3.23390608 -2.68120842 -1.28372465
v 3.23492274 -2.68229271 -1.28371640
v 3.28907398 -2.68120019 -1.28371884
v 3.28807013 -2.68230085 -1.28371085
v 3.29277352 -2.69030245 -1.28371515
v 3.29415968 -2.68985803 -1.28371819
v 3.29278006 -2.78418802 -1.28371746
v 3.23019917 -2.78418652 -1.28371778
v 3.23391243 -2.79328925 -1.28371969
v 3.23492020 -2.79220166 -1.28371424
v 3.28907540 -2.79329161 -1.28371683
v 3.28805876 -2.79219273 -1.28371276
v 3.29416126 -2.78463738 -1.28371799
v 3.22811873 -2.68963169 -1.28238148
v 3.22881669 -2.78463870 -1.28372006
v 3.22811865 -2.78486240 -1.28237775
v 3.22881593 -2.68985600 -1.28371269
v 3.23339934 -2.68066624 -1.28237504
v 3.23390397 -2.68120917 -1.28372344
v 3.22881564 -2.68985518 -1.28372145
v 3.23339921 -2.68065597 -1.28238153
v 3.28907054 -2.68121378 -1.28371430
v 3.23390536 -2.68121169 -1.28371335
v 3.28957450 -2.68065619 -1.28237605
v 3.28907600 -2.68120526 -1.28371561
v 3.29486167 -2.68963483 -1.28237408
v 3.29416158 -2.68985045 -1.28371440
v 3.29415448 -2.68985748 -1.28371692
v 3.29486705 -2.78486643 -1.28237485
v 3.29415703 -2.78463794 -1.28371826
v 3.28907469 -2.79328568 -1.28371589
v 3.29485781 -2.78485755 -1.28237061
v 3.28958256 -2.79382963 -1.28237699
v 3.29415679 -2.78463872 -1.28372337
v 3.28957312 -2.79382214 -1.28237511
v 3.23390649 -2.79328536 -1.28372166
v 3.28907806 -2.79328271 -1.28372110
v 3.23340298 -2.79382673 -1.28237229
v 3.22881422 -2.78463672 -1.28371478
v 3.23391138 -2.79328429 -1.28371488
v 3.22811927 -2.78486046 -1.28237789
v 3.22881786 -2.78462917 -1.28103218
v 3.22812868 -2.68963271 -1.28237350
v 3.22812201 -2.78486177 -1.28237211
v 3.22882215 -2.68985340 -1.28102900
v 3.23340415 -2.68066645 -1.28237520
v 3.22881465 -2.68985800 -1.28371623
v 3.22811654 -2.68962322 -1.28237396
v 3.23390910 -2.68121133 -1.28102973
v 3.28957894 -2.68065962 -1.28237837
v 3.23340150 -2.68065564 -1.28236877
v 3.28907369 -2.68120765 -1.28103053
v 3.28957598 -2.68066570 -1.28237279
v 3.29486877 -2.68962094 -1.28237522
v 3.28907608 -2.68121030 -1.28373067
v 3.29485802 -2.68962222 -1.28236948
v 3.29485541 -2.78485956 -1.28237459
v 3.29416279 -2.68985768 -1.28372559
v 3.29485307 -2.78486337 -1.28237712
v 3.28907788 -2.79328028 -1.28103207
v 3.28957959 -2.79382978 -1.28236863
v 3.29416010 -2.78464108 -1.28102501
v 3.28907577 -2.79328801 -1.28103782
v 3.23339931 -2.79382977 -1.28237413
v 3.28958159 -2.79383435 -1.28237684
v 3.23391000 -2.79328548 -1.28103282
v 3.23340438 -2.79383410 -1.28238252
v 3.22881875 -2.78463801 -1.28103136
v 3.22811837 -2.78486503 -1.28237669
v 3.23340577 -2.79382680 -1.28236851
v 3.22881532 -2.78463781 -1.28102952
v 3.23019875 -2.78418057 -1.28103624
v 3.22880997 -2.68985652 -1.28103811
v 3.23390472 -2.79327775 -1.28103648
v 3.23492079 -2.79218700 -1.28102991
v 3.28907538 -2.79328215 -1.28102884
v 3.28806221 -2.79218894 -1.28102983
v 3.29277380 -2.78418726 -1.28102919
v 3.29415622 -2.78463514 -1.28102913
v 3.29277772 -2.69031539 -1.28102788
v 3.23020863 -2.69030489 -1.28102875
v 3.23390646 -2.68120769 -1.28103667
v 3.23492084 -2.68229205 -1.28103015
v 3.28907385 -2.68121358 -1.28103144
v 3.28805446 -2.68230187 -1.28102693
v 3.29415768 -2.68985477 -1.28102328
v 3.23390965 -2.68119995 -1.28103171
v 3.22811858 -2.68962872 -1.28237621
v 3.22881709 -2.68985461 -1.28103013
v 3.23340083 -2.68065797 -1.28237214
v 3.22812940 -2.68962497 -1.28236961
v 3.23390265 -2.68120719 -1.28102905
v 3.28957761 -2.68066401 -1.28237309
v 3.28907588 -2.68121026 -1.28102488
v 3.29416069 -2.68985412 -1.28103380
v 3.28957836 -2.68065911 -1.28237206
v 3.29416368 -2.68985171 -1.28103079
v 3.29485902 -2.68962639 -1.28237680
v 3.29485907 -2.68962543 -1.28237611
v 3.29415699 -2.78463620 -1.28102891
v 3.29485995 -2.78485928 -1.28237540
v 3.23390607 -2.79328216 -1.28102488
v 3.29486560 -2.68962045 -1.28237824
v 3.29416394 -2.68985904 -1.28103698
v 3.29416813 -2.78464058 -1.28102758
v 3.23020057 -2.69030909 -1.28372077
v 3.23090604 -2.78396198 -1.28237511
v 3.23019865 -2.78419005 -1.28370899
v 3.23089929 -2.69053112 -1.28237826
v 3.23491460 -2.68229549 -1.28372020
v 3.23090113 -2.69052772 -1.28237664
v 3.23020231 -2.69030866 -1.28371678
v 3.23089973 -2.78395598 -1.28238082
v 3.23020061 -2.69031043 -1.28103122
v 3.23019725 -2.78418284 -1.28103263
v 3.23091189 -2.69053159 -1.28237490
v 3.23090453 -2.78395520 -1.28237408
v 3.23542654 -2.79163889 -1.28237814
v 3.23019808 -2.78418404 -1.28371545
v 3.23491666 -2.68229829 -1.28371997
v 3.23542161 -2.68284585 -1.28237197
v 3.23090222 -2.69053631 -1.28237472
v 3.23090087 -2.78395798 -1.28237896
v 3.23020582 -2.78418702 -1.28102737
v 3.23491256 -2.79219019 -1.28102652
v 3.23542588 -2.68284603 -1.28237896
v 3.23020490 -2.69030561 -1.28102729
v 3.23090614 -2.69053531 -1.28237202
v 3.23089665 -2.78396408 -1.28237870
v 3.23491431 -2.79219106 -1.28102279
v 3.23542760 -2.79164167 -1.28237149
v 3.23020444 -2.78418191 -1.28371084
v 3.23542227 -2.79164533 -1.28237814
v 3.23491552 -2.79218980 -1.28372157
v 3.28755926 -2.68284649 -1.28237218
v 3.23492452 -2.68229292 -1.28371579
v 3.28806668 -2.68229489 -1.28371563
v 3.23542287 -2.68284690 -1.28236755
v 3.23491529 -2.68229899 -1.28103164
v 3.23019918 -2.69030772 -1.28103210
v 3.23542253 -2.68284558 -1.28237377
v 3.23492441 -2.79219080 -1.28103296
v 3.28755543 -2.79165485 -1.28237907
v 3.23542491 -2.79164594 -1.28238173
v 3.28806865 -2.79218699 -1.28102116
v 3.23542937 -2.79164425 -1.28237108
v 3.28806821 -2.79219786 -1.28372125
v 3.23491533 -2.79219326 -1.28371317
v 3.28755733 -2.79163868 -1.28237724
v 3.28805988 -2.68230016 -1.28103063
v 3.23542018 -2.68284682 -1.28237273
v 3.28756101 -2.68284813 -1.28237436
v 3.23491581 -2.68230081 -1.28103186
v 3.28805803 -2.68230360 -1.28371313
v 3.29278353 -2.69030556 -1.28371673
v 3.28755037 -2.68284719 -1.28236803
v 3.29277433 -2.78418758 -1.28103131
v 3.28755257 -2.79165181 -1.28236942
v 3.28805735 -2.79219383 -1.28102987
v 3.29208294 -2.78395357 -1.28237878
v 3.28806209 -2.79218655 -1.28372039
v 3.28756301 -2.79164656 -1.28238291
v 3.28806406 -2.68229784 -1.28103132
v 3.28755770 -2.68284775 -1.28237471
v 3.29208285 -2.69052804 -1.28237198
v 3.29208131 -2.69052593 -1.28237969
v 3.29208629 -2.78395242 -1.28236663
v 3.28755554 -2.79164414 -1.28237736
v 3.29278192 -2.78419035 -1.28102794
v 3.29208241 -2.78395412 -1.28237039
v 3.29277876 -2.78418160 -1.28371521
v 3.28806111 -2.79219394 -1.28372259
v 3.29277557 -2.69030586 -1.28102861
v 3.29208190 -2.78396066 -1.28237641
v 3.29276490 -2.69030743 -1.28371587
v 3.29278093 -2.78418026 -1.28371606
v 3.29208970 -2.69053550 -1.28237047
v 3.29278089 -2.69030893 -1.28103126
v 3.29207876 -2.78395945 -1.28237834
v 3.29276965 -2.78418398 -1.28103758
v 3.29208124 -2.69053096 -1.28236926
v 3.22784429 -2.78621450 -1.26423303
v 3.23306420 -2.79366809 -1.26289269
v 3.23255960 -2.79421516 -1.26423569
v 3.22854234 -2.78597845 -1.26289586
v 3.22784453 -2.68831824 -1.26424471
v 3.22854257 -2.78598254 -1.26288387
v 3.22784249 -2.78620487 -1.26423299
v 3.22853935 -2.68854258 -1.26289059
v 3.23306984 -2.79366597 -1.26289354
v 3.22784175 -2.78620490 -1.26154476
v 3.23255490 -2.79421220 -1.26155161
v 3.22854056 -2.78597773 -1.26289484
v 3.23306648 -2.79366069 -1.26289366
v 3.29087392 -2.79421351 -1.26423906
v 3.23255982 -2.79420935 -1.26423957
v 3.29037342 -2.79365968 -1.26289636
v 3.22855182 -2.78597245 -1.26289340
v 3.22784762 -2.68832192 -1.26154686
v 3.22784570 -2.78620381 -1.26155000
v 3.22854446 -2.68854313 -1.26289498
v 3.23256485 -2.68031450 -1.26424642
v 3.22854922 -2.68854807 -1.26289497
v 3.22783885 -2.68831758 -1.26423824
v 3.23256523 -2.79420843 -1.26155057
v 3.29037157 -2.79366546 -1.26289603
v 3.23306747 -2.79366925 -1.26289255
v 3.29087856 -2.79421459 -1.26155127
v 3.29489644 -2.78598139 -1.26289082
v 3.29087382 -2.79421036 -1.26424053
v 3.29037400 -2.79366501 -1.26290249
v 3.23306503 -2.68085986 -1.26288801
v 3.22784201 -2.68832410 -1.26155759
v 3.22854580 -2.68854370 -1.26289195
v 3.23256591 -2.68030833 -1.26424087
v 3.23306744 -2.68085346 -1.26289292
v 3.22854550 -2.68854563 -1.26289883
v 3.29559140 -2.78620192 -1.26154898
v 3.29036923 -2.79366583 -1.26289242
v 3.29087694 -2.79421309 -1.26154984
v 3.29489947 -2.78598199 -1.26288882
v 3.29037795 -2.79366257 -1.26289400
v 3.29559702 -2.78620393 -1.26155239
v 3.29490493 -2.78597901 -1.26289507
v 3.29558837 -2.78620566 -1.26424427
v 3.29087254 -2.79421286 -1.26424126
v 3.23255781 -2.68031619 -1.26155044
v 3.22784318 -2.68831662 -1.26154418
v 3.23306782 -2.68085874 -1.26289488
v 3.29037580 -2.68085701 -1.26290127
v 3.23255558 -2.68031136 -1.26423877
v 3.29088056 -2.68031228 -1.26424068
v 3.23307677 -2.68085602 -1.26289543
v 3.29559367 -2.68832215 -1.26154741
v 3.29490037 -2.78597808 -1.26289720
v 3.29560098 -2.78621276 -1.26155200
v 3.29490321 -2.68853839 -1.26289421
v 3.29489738 -2.78597780 -1.26289569
v 3.29558703 -2.68831857 -1.26423940
v 3.29559246 -2.78620355 -1.26423952
v 3.29490256 -2.68853951 -1.26289374
v 3.29087876 -2.68031635 -1.26154300
v 3.23306621 -2.68085739 -1.26289666
v 3.29037536 -2.68085946 -1.26289422
v 3.23256015 -2.68031501 -1.26154220
v 3.29087310 -2.68030937 -1.26423278
v 3.29559539 -2.68831993 -1.26423309
v 3.29037911 -2.68085883 -1.26289410
v 3.29087843 -2.68030469 -1.26154901
v 3.29489913 -2.68854420 -1.26289370
v 3.29559879 -2.68831754 -1.26154883
v 3.29037024 -2.68085594 -1.26290272
v 3.29559894 -2.68831807 -1.26423828
v 3.29490269 -2.68854866 -1.26289912
v 3.29087232 -2.68031535 -1.26154736
v 3.29037550 -2.68086019 -1.26288983
v 3.29490558 -2.68854451 -1.26289398
v 3.22645665 -2.68786420 -1.26423834
v 3.22785009 -2.68831396 -1.26424102
v 3.22645797 -2.78666071 -1.26423709
v 3.23155458 -2.67921356 -1.26423982
v 3.23256125 -2.68031737 -1.26423596
v 3.29189474 -2.67921763 -1.26423511
v 3.29087818 -2.68031402 -1.26424153
v 3.29559359 -2.68832099 -1.26422945
v 3.29698046 -2.68786172 -1.26423704
v 3.29559588 -2.78620739 -1.26423085
v 3.22784760 -2.78620109 -1.26423082
v 3.23155494 -2.79530158 -1.26423894
v 3.23256076 -2.79421358 -1.26423817
v 3.29189205 -2.79529710 -1.26424150
v 3.29087824 -2.79420969 -1.26423783
v 3.29698340 -2.78666050 -1.26423443
v 3.29239710 -2.79585139 -1.26289748
v 3.23154479 -2.79530252 -1.26423118
v 3.29189502 -2.79530512 -1.26423480
v 3.23104065 -2.79584967 -1.26288906
v 3.22645762 -2.78665795 -1.26423871
v 3.23154829 -2.79530969 -1.26423639
v 3.22576615 -2.78688775 -1.26289836
v 3.22576807 -2.68763838 -1.26289187
v 3.22646197 -2.78665164 -1.26423586
v 3.22576111 -2.78688358 -1.26289326
v 3.22645404 -2.68786364 -1.26423409
v 3.23104160 -2.67867060 -1.26289218
v 3.23155029 -2.67921580 -1.26424906
v 3.22645468 -2.68786734 -1.26423776
v 3.23103749 -2.67867413 -1.26289640
v 3.29189409 -2.67921915 -1.26424181
v 3.23155003 -2.67921842 -1.26423463
v 3.29239542 -2.67867081 -1.26289751
v 3.29188682 -2.67922060 -1.26423907
v 3.29767466 -2.68763743 -1.26289423
v 3.29697696 -2.68786925 -1.26424741
v 3.29697996 -2.78664413 -1.26423916
v 3.29767461 -2.68764105 -1.26289663
v 3.29767533 -2.78687801 -1.26289513
v 3.29698043 -2.68786013 -1.26423590
v 3.29697712 -2.78665403 -1.26423457
v 3.29238849 -2.79584987 -1.26289583
v 3.29189050 -2.79530353 -1.26423453
v 3.29188964 -2.79530372 -1.26155028
v 3.23104139 -2.79585406 -1.26289105
v 3.29238933 -2.79585447 -1.26289660
v 3.23155291 -2.79530588 -1.26154529
v 3.22576329 -2.78688903 -1.26289084
v 3.23155060 -2.79530202 -1.26423640
v 3.23104451 -2.79585645 -1.26290021
v 3.22645785 -2.78665255 -1.26154532
v 3.22576250 -2.68764030 -1.26289772
v 3.22576057 -2.78688502 -1.26289828
v 3.22646063 -2.68786683 -1.26154670
v 3.23104077 -2.67867511 -1.26289379
v 3.22646284 -2.68786590 -1.26423663
v 3.22576907 -2.68763428 -1.26289938
v 3.23155252 -2.67921254 -1.26154966
v 3.29239701 -2.67867217 -1.26290243
v 3.23104224 -2.67867756 -1.26289883
v 3.29190034 -2.67921791 -1.26155289
v 3.29239876 -2.67868017 -1.26289942
v 3.29767708 -2.68764037 -1.26289312
v 3.29189106 -2.67922125 -1.26423460
v 3.29767363 -2.68764007 -1.26288979
v 3.29698327 -2.78665941 -1.26154786
v 3.29767989 -2.78689160 -1.26289482
v 3.29697154 -2.68786206 -1.26154694
v 3.29697619 -2.78666525 -1.26423984
v 3.29766843 -2.78687942 -1.26288989
v 3.29239266 -2.79584986 -1.26290018
v 3.22645854 -2.78665851 -1.26154834
v 3.22784323 -2.78620393 -1.26155505
v 3.22645540 -2.68786897 -1.26154561
v 3.23155906 -2.79530406 -1.26154919
v 3.23255699 -2.79421249 -1.26155130
v 3.29189169 -2.79531254 -1.26154622
v 3.29088012 -2.79420794 -1.26155514
v 3.29558491 -2.78620663 -1.26154837
v 3.29697773 -2.78665669 -1.26154593
v 3.29559460 -2.68831536 -1.26154948
v 3.22784115 -2.68831881 -1.26155226
v 3.23154839 -2.67921850 -1.26154648
v 3.23256151 -2.68031065 -1.26155638
v 3.29189295 -2.67922013 -1.26155019
v 3.29087787 -2.68030705 -1.26155479
v 3.29697926 -2.68786689 -1.26154209
v 3.22645704 -2.78666040 -1.26154391
v 3.23104734 -2.79585623 -1.26289376
v 3.23155626 -2.79530826 -1.26155128
v 3.29766851 -2.78688652 -1.26289964
v 3.29188585 -2.79530199 -1.26155010
v 3.29239225 -2.79585131 -1.26290009
v 3.22645548 -2.78666051 -1.26154699
v 3.22576919 -2.78689378 -1.26289634
v 3.23104026 -2.79584560 -1.26289533
v 3.23154678 -2.67922476 -1.26155430
v 3.22576105 -2.68764176 -1.26289406
v 3.22645759 -2.68786909 -1.26154831
v 3.23103939 -2.67867625 -1.26289989
v 3.22576724 -2.68763760 -1.26289135
v 3.23155460 -2.67922528 -1.26154926
v 3.29239204 -2.67867515 -1.26289666
v 3.29189772 -2.67922176 -1.26155535
v 3.29698136 -2.68786019 -1.26155001
v 3.29240035 -2.67867900 -1.26289117
v 3.29699145 -2.68786576 -1.26155599
v 3.29767480 -2.68764086 -1.26289406
v 3.29698234 -2.78665927 -1.26155082
v 3.29188870 -2.79530117 -1.26155061
v 3.29767851 -2.78689257 -1.26289371
v 3.32227438 -2.78597970 -1.26288859
v 3.32159009 -2.78620364 -1.26155423
v 3.32630347 -2.79421254 -1.26155125
v 3.32227562 -2.78597645 -1.26289811
v 3.32158099 -2.68831869 -1.26155448
v 3.32158381 -2.78621186 -1.26155040
v 3.32227621 -2.68854132 -1.26289022
v 3.32228417 -2.78597662 -1.26288871
v 3.32630299 -2.79421335 -1.26155130
v 3.32680328 -2.79366398 -1.26289371
v 3.32159115 -2.68832170 -1.26423497
v 3.32227430 -2.78598533 -1.26289525
v 3.32158287 -2.78620497 -1.26423296
v 3.32227966 -2.68854549 -1.26288904
v 3.32680960 -2.68085482 -1.26290221
v 3.32158910 -2.68831841 -1.26154506
v 3.32227766 -2.68854186 -1.26289534
v 3.32629650 -2.79421590 -1.26154836
v 3.38410907 -2.79366372 -1.26289261
v 3.32680065 -2.79365545 -1.26289444
v 3.38461347 -2.79421324 -1.26155012
v 3.32228050 -2.78598510 -1.26288854
v 3.32679755 -2.79366370 -1.26289662
v 3.32158694 -2.78620156 -1.26423022
v 3.32630566 -2.68031540 -1.26423863
v 3.32228891 -2.68854314 -1.26288851
v 3.32158569 -2.68831497 -1.26424144
v 3.32629419 -2.68031917 -1.26424048
v 3.32680861 -2.68085493 -1.26289175
v 3.32227359 -2.68853627 -1.26288864
v 3.32630022 -2.68030369 -1.26155258
v 3.32158385 -2.68831348 -1.26155167
v 3.32680240 -2.68085444 -1.26289800
v 3.38933305 -2.78620866 -1.26155248
v 3.38410684 -2.79365895 -1.26289544
v 3.38460928 -2.79421941 -1.26155923
v 3.32680383 -2.79366831 -1.26289791
v 3.38461976 -2.79421157 -1.26423448
v 3.32630406 -2.79420954 -1.26424154
v 3.38410291 -2.79366475 -1.26289075
v 3.32158179 -2.78620303 -1.26424080
v 3.32680369 -2.79367050 -1.26289544
v 3.32629502 -2.79421174 -1.26423568
v 3.38410510 -2.68085921 -1.26288991
v 3.32630847 -2.68031290 -1.26424939
v 3.38461269 -2.68032091 -1.26424387
v 3.32680056 -2.68084900 -1.26289961
v 3.38461917 -2.68030833 -1.26155256
v 3.32680561 -2.68085501 -1.26288873
v 3.38410432 -2.68086173 -1.26289779
v 3.32630276 -2.68030275 -1.26155380
v 3.38863782 -2.78598001 -1.26290020
v 3.38411399 -2.79365863 -1.26289720
v 3.38933336 -2.78620647 -1.26154645
v 3.38864075 -2.78597955 -1.26289208
v 3.38461911 -2.79420905 -1.26423452
v 3.38410657 -2.79366487 -1.26288910
v 3.38461967 -2.68031447 -1.26423850
v 3.38933421 -2.68831799 -1.26423822
v 3.38411253 -2.68085478 -1.26289442
v 3.38461660 -2.68030606 -1.26154980
v 3.38410953 -2.68085811 -1.26289579
v 3.38863586 -2.68854645 -1.26289141
v 3.38933436 -2.68831333 -1.26155208
v 3.38864224 -2.78598121 -1.26289644
v 3.38933421 -2.78620034 -1.26155200
v 3.38863779 -2.68854390 -1.26289274
v 3.38863271 -2.78597959 -1.26289002
v 3.38933279 -2.78620472 -1.26424355
v 3.38460894 -2.79421351 -1.26423572
v 3.38410657 -2.68085195 -1.26289316
v 3.38933254 -2.68831456 -1.26424100
v 3.38863392 -2.68854690 -1.26289560
v 3.38461470 -2.68031041 -1.26155314
v 3.38863611 -2.68854674 -1.26289071
v 3.38933108 -2.68831426 -1.26154705
v 3.38863277 -2.78598156 -1.26289986
v 3.38932981 -2.68831231 -1.26423658
v 3.38933724 -2.78620277 -1.26422816
v 3.38864115 -2.68854137 -1.26288827
v 3.31494214 -2.75953551 -1.25167401
v 3.32033973 -2.76155167 -1.28773519
v 3.31494791 -2.76154202 -1.25168068
v 3.32034473 -2.75953618 -1.28773587
v 3.31494089 -2.75954442 -1.25168739
v 3.32157504 -2.75853564 -1.28650867
v 3.32034895 -2.75953882 -1.28773503
v 3.32640645 -2.75953941 -1.29250849
v 3.32034049 -2.76154558 -1.28773841
v 3.32034455 -2.75953503 -1.28773518
v 3.32640600 -2.76154378 -1.29250983
v 3.31494743 -2.76154987 -1.25167849
v 3.32034878 -2.76154733 -1.28773321
v 3.31668191 -2.76254777 -1.25167476
v 3.31668930 -2.76254990 -1.25167494
v 3.31495595 -2.75953856 -1.25168236
v 3.31494528 -2.76154696 -1.25167895
v 3.31668338 -2.75853151 -1.25168010
v 3.31841862 -2.76155172 -1.25167323
v 3.31842807 -2.75954302 -1.25168972
v 3.32157215 -2.75853443 -1.28650319
v 3.32640862 -2.75853991 -1.29077337
v 3.32033980 -2.75953798 -1.28773376
v 3.31668809 -2.75853253 -1.25167774
v 3.32640545 -2.75953866 -1.29250672
v 3.38235850 -2.75953697 -1.29250852
v 3.32640770 -2.76154290 -1.29251163
v 3.32639677 -2.75953924 -1.29250893
v 3.38236337 -2.76154848 -1.29250942
v 3.32157957 -2.76255386 -1.28650657
v 3.32034130 -2.76154605 -1.28773976
v 3.32640212 -2.76154622 -1.29251226
v 3.32157290 -2.76255341 -1.28650790
v 3.31841427 -2.76154946 -1.25167553
v 3.31668695 -2.76254813 -1.25167604
v 3.32157455 -2.76255638 -1.28650185
v 3.32280080 -2.76154972 -1.28527729
v 3.31841644 -2.75953960 -1.25167376
v 3.31841788 -2.76154792 -1.25167837
v 3.32281044 -2.75953667 -1.28527835
v 3.31668559 -2.75853329 -1.25168206
v 3.31841691 -2.75954233 -1.25168199
v 3.32281001 -2.75953805 -1.28527720
v 3.32157518 -2.75853582 -1.28650526
v 3.32640730 -2.75953105 -1.28903038
v 3.32640203 -2.75854438 -1.29076959
v 3.32157106 -2.75853038 -1.28650285
v 3.32640465 -2.75853679 -1.29076738
v 3.38236358 -2.75953761 -1.29251226
v 3.32640731 -2.75953748 -1.29250532
v 3.38235882 -2.75853677 -1.29076808
v 3.38811242 -2.75953776 -1.28762173
v 3.38236395 -2.76154846 -1.29250689
v 3.38236482 -2.75953734 -1.29250446
v 3.38811875 -2.76155290 -1.28761920
v 3.38236155 -2.76255440 -1.29077611
v 3.32640798 -2.76154303 -1.29250649
v 3.38237382 -2.76154613 -1.29251136
v 3.32641030 -2.76255164 -1.29076838
v 3.32640611 -2.76255671 -1.29076965
v 3.32280156 -2.76155148 -1.28527868
v 3.32640055 -2.76155262 -1.28903572
v 3.32280706 -2.75954151 -1.28527767
v 3.32280206 -2.76154871 -1.28527367
v 3.32640169 -2.75954021 -1.28903124
v 3.32640098 -2.75953934 -1.28902838
v 3.38236945 -2.75853793 -1.29076885
v 3.32640307 -2.75852587 -1.29077544
v 3.38237146 -2.75954047 -1.28903931
v 3.32279866 -2.75954528 -1.28528214
v 3.38689805 -2.75852985 -1.28638524
v 3.38236011 -2.75953906 -1.29250958
v 3.38236895 -2.75853694 -1.29076916
v 3.38812651 -2.75953978 -1.28762512
v 3.38812863 -2.76155644 -1.28762040
v 3.39444856 -2.75953691 -1.25163458
v 3.39444974 -2.76154079 -1.25164179
v 3.38812993 -2.75953349 -1.28761855
v 3.38812438 -2.76154969 -1.28762588
v 3.38237276 -2.76255105 -1.29076428
v 3.38236690 -2.76154074 -1.29250391
v 3.38236607 -2.76154931 -1.28903235
v 3.32640515 -2.76255029 -1.29077079
v 3.38236630 -2.76254646 -1.29077160
v 3.32639944 -2.76155049 -1.28902594
v 3.32281151 -2.76155149 -1.28528577
v 3.32157345 -2.76255003 -1.28650496
v 3.32640289 -2.76254921 -1.29076779
v 3.32640789 -2.76154536 -1.28903736
v 3.38236487 -2.76155204 -1.28902717
v 3.32640259 -2.75953953 -1.28902980
v 3.32640354 -2.76154571 -1.28903251
v 3.38236342 -2.75954836 -1.28903366
v 3.38566128 -2.75953749 -1.28516325
v 3.38236705 -2.75852998 -1.29076484
v 3.38236729 -2.75953895 -1.28903169
v 3.38689000 -2.75853345 -1.28639243
v 3.39270991 -2.75853449 -1.25164689
v 3.38812255 -2.75953782 -1.28761927
v 3.38688814 -2.75853542 -1.28638511
v 3.39444927 -2.75954448 -1.25164197
v 3.39271412 -2.76255554 -1.25163954
v 3.39096754 -2.75953595 -1.25164376
v 3.39096466 -2.76154901 -1.25164131
v 3.39271175 -2.75853594 -1.25164514
v 3.39445285 -2.76154399 -1.25164531
v 3.39445060 -2.75953899 -1.25164553
v 3.39445111 -2.76154882 -1.25163667
v 3.38689605 -2.76254996 -1.28639248
v 3.38689707 -2.76254561 -1.28639240
v 3.38236524 -2.76154508 -1.28902918
v 3.38236704 -2.76255374 -1.29077062
v 3.38566472 -2.75953514 -1.28516122
v 3.38237383 -2.76155443 -1.28902543
v 3.38566110 -2.76154680 -1.28515971
v 3.38235991 -2.75953393 -1.28902265
v 3.39097633 -2.75954058 -1.25163876
v 3.38689646 -2.75854457 -1.28639121
v 3.38566306 -2.75953525 -1.28515794
v 3.39271233 -2.75853626 -1.25164912
v 3.39096986 -2.75954021 -1.25162866
v 3.38566173 -2.76154586 -1.28515486
v 3.39096761 -2.76155076 -1.25163717
v 3.38565920 -2.75953462 -1.28515731
v 3.39097485 -2.76155165 -1.25163518
v 3.38565904 -2.76154476 -1.28516786
v 3.39271860 -2.76254809 -1.25164163
v 3.39270282 -2.76254806 -1.25164014
v 3.29723553 -2.75953676 -1.25164483
v 3.29192221 -2.76153992 -1.28515604
v 3.29723290 -2.76154710 -1.25163906
v 3.29192208 -2.75952373 -1.28515894
v 3.29723439 -2.76155143 -1.25163957
v 3.29192641 -2.76154999 -1.28515845
v 3.29897136 -2.76255697 -1.25163806
v 3.29897928 -2.76255687 -1.25164330
v 3.29723180 -2.75954642 -1.25164341
v 3.29723500 -2.76154630 -1.25164160
v 3.29897715 -2.75854041 -1.25164669
v 3.30071956 -2.76154576 -1.25164468
v 3.30070774 -2.75953366 -1.25163657
v 3.29723329 -2.75954213 -1.25163353
v 3.29315393 -2.75853580 -1.28639253
v 3.29192722 -2.75953487 -1.28516019
v 3.29192949 -2.75954592 -1.28516369
v 3.28862853 -2.76154785 -1.28902958
v 3.29192190 -2.76154060 -1.28516205
v 3.28863244 -2.75954263 -1.28903532
v 3.29315972 -2.76255306 -1.28639039
v 3.29897734 -2.75854009 -1.25163398
v 3.30071253 -2.76154798 -1.25164661
v 3.29896861 -2.76254837 -1.25163823
v 3.29315648 -2.76254590 -1.28638905
v 3.29438130 -2.76155026 -1.28761031
v 3.30070835 -2.75954426 -1.25164718
v 3.30071515 -2.76154023 -1.25164003
v 3.29437955 -2.75954113 -1.28761785
v 3.29897283 -2.75854729 -1.25164391
v 3.30070851 -2.75954310 -1.25164108
v 3.29437924 -2.75954337 -1.28761496
v 3.29192920 -2.75954531 -1.28515874
v 3.29316119 -2.75853307 -1.28639232
v 3.28862626 -2.75853794 -1.29076920
v 3.28862524 -2.76155278 -1.28903218
v 3.28862966 -2.75954065 -1.28903140
v 3.28862163 -2.76155468 -1.28903457
v 3.23266513 -2.75953252 -1.28902808
v 3.23266240 -2.76154876 -1.28903200
v 3.28862198 -2.75953643 -1.28903045
v 3.29315151 -2.75853311 -1.28638609
v 3.29438300 -2.76155191 -1.28761454
v 3.29437841 -2.75954056 -1.28762105
v 3.28862193 -2.76155111 -1.29251096
v 3.28861893 -2.75953915 -1.29250756
v 3.29438699 -2.76154780 -1.28762130
v 3.29315819 -2.75853618 -1.28639687
v 3.28862390 -2.75953432 -1.29250914
v 3.28862960 -2.75853535 -1.29077230
v 3.28863248 -2.76255401 -1.29077093
v 3.23266905 -2.75954355 -1.28903159
v 3.28862817 -2.75853699 -1.29076421
v 3.23265881 -2.75853880 -1.29076925
v 3.28862663 -2.75953912 -1.28903269
v 3.28862543 -2.76155290 -1.28902862
v 3.23265948 -2.76255387 -1.29077656
v 3.28863167 -2.76255347 -1.29076513
v 3.23266069 -2.76154366 -1.28902171
v 3.23266678 -2.76154281 -1.28902965
v 3.22906761 -2.75953908 -1.28528432
v 3.22906606 -2.76154857 -1.28528891
v 3.23266490 -2.75953729 -1.28903698
v 3.29438494 -2.75954054 -1.28761828
v 3.28862180 -2.76254691 -1.29076709
v 3.28862170 -2.76154780 -1.29250800
v 3.28862834 -2.75953713 -1.29250598
v 3.23266535 -2.76154195 -1.29251025
v 3.23266297 -2.75953584 -1.29250670
v 3.28863037 -2.76153875 -1.29251502
v 3.23265800 -2.75853583 -1.29076644
v 3.28862090 -2.75953847 -1.29250941
v 3.23266402 -2.75954021 -1.29250714
v 3.28862936 -2.75853665 -1.29077816
v 3.22784148 -2.75854206 -1.28649661
v 3.23266127 -2.75954159 -1.28903379
v 3.23266259 -2.75853894 -1.29076663
v 3.22906524 -2.76154916 -1.28527254
v 3.23266275 -2.76254566 -1.29076708
v 3.23266444 -2.76155496 -1.28903155
v 3.28862698 -2.76255307 -1.29077095
v 3.23266454 -2.76154216 -1.29251149
v 3.28862255 -2.76154474 -1.29251220
v 3.23266044 -2.76255101 -1.29076718
v 3.22906580 -2.75953234 -1.28528179
v 3.22906424 -2.76154202 -1.28527282
v 3.22467818 -2.75953826 -1.25168188
v 3.22468527 -2.76154928 -1.25168112
v 3.22907388 -2.75953516 -1.28527445
v 3.23265895 -2.75953810 -1.29251035
v 3.22660691 -2.76154888 -1.28773463
v 3.22661217 -2.75953593 -1.28773447
v 3.23266947 -2.76155082 -1.29250811
v 3.22660540 -2.75953590 -1.28774050
v 3.23265900 -2.75854733 -1.29076937
v 3.23266047 -2.75953852 -1.29250664
v 3.22784291 -2.75853090 -1.28650195
v 3.22783734 -2.76255495 -1.28650007
v 3.22784141 -2.76255011 -1.28650341
v 3.23266041 -2.76154552 -1.29250835
v 3.23265507 -2.76255293 -1.29076529
v 3.22294851 -2.75853153 -1.25168060
v 3.22906775 -2.75953852 -1.28527755
v 3.22784318 -2.75853737 -1.28650753
v 3.22467630 -2.76154769 -1.25168277
v 3.22783683 -2.76255783 -1.28650215
v 3.22906518 -2.76154821 -1.28528376
v 3.22468548 -2.75954209 -1.25168514
v 3.22293879 -2.76255316 -1.25167003
v 3.22120034 -2.75953338 -1.25167838
v 3.22120408 -2.76154602 -1.25167346
v 3.22294359 -2.75854224 -1.25167820
v 3.22467635 -2.76154268 -1.25168120
v 3.22468126 -2.75953809 -1.25168116
v 3.22660593 -2.76154301 -1.28773879
v 3.22120824 -2.75953362 -1.25168019
v 3.22660933 -2.76154729 -1.28773897
v 3.22119742 -2.76154591 -1.25168046
v 3.22660996 -2.75953348 -1.28773824
v 3.22120193 -2.75954144 -1.25167857
v 3.22784279 -2.75853105 -1.28650282
v 3.22660573 -2.75953641 -1.28773125
v 3.22295228 -2.75853154 -1.25167673
v 3.22294531 -2.76255046 -1.25167673
v 3.22119962 -2.76154918 -1.25168325
v 3.22660604 -2.76154699 -1.28773904
v 3.22294323 -2.76255046 -1.25168292
v 3.22784025 -2.76255379 -1.28650710
v 3.31668864 -2.69767960 -1.25167983
v 3.31494081 -2.69467284 -1.25168340
v 3.31494096 -2.69667432 -1.25167807
v 3.31668226 -2.69366177 -1.25168247
v 3.31842130 -2.69668132 -1.25168377
v 3.31841341 -2.69466592 -1.25168135
v 3.31841708 -2.69668231 -1.25168364
v 3.31667988 -2.69768238 -1.25167792
v 3.32157170 -2.69768247 -1.28650187
v 3.32280850 -2.69667354 -1.28528186
v 3.31841954 -2.69467283 -1.25168993
v 3.31841590 -2.69667679 -1.25168377
v 3.32280332 -2.69466916 -1.28528134
v 3.31668286 -2.69366677 -1.25168128
v 3.31842774 -2.69467363 -1.25167171
v 3.32280260 -2.69466054 -1.28527462
v 3.31667667 -2.69366262 -1.25167530
v 3.32157261 -2.69366463 -1.28651165
v 3.31493786 -2.69466338 -1.25167408
v 3.31494749 -2.69467315 -1.25167284
v 3.32034591 -2.69666839 -1.28773100
v 3.31495092 -2.69668050 -1.25168288
v 3.32034349 -2.69466790 -1.28773927
v 3.31494299 -2.69668158 -1.25167920
v 3.32033985 -2.69667441 -1.28773006
v 3.31668118 -2.69768875 -1.25168329
v 3.32157181 -2.69768642 -1.28650408
v 3.32280816 -2.69667362 -1.28527548
v 3.32639921 -2.69667543 -1.28903215
v 3.32280974 -2.69466684 -1.28527370
v 3.32281040 -2.69667732 -1.28527126
v 3.32639718 -2.69466691 -1.28903205
v 3.32157581 -2.69366259 -1.28651153
v 3.32034785 -2.69466754 -1.28773831
v 3.32640556 -2.69466725 -1.29249993
v 3.32034579 -2.69667570 -1.28773430
v 3.32034980 -2.69467573 -1.28773773
v 3.32640580 -2.69667866 -1.29251308
v 3.32158258 -2.69768176 -1.28650422
v 3.32034262 -2.69667274 -1.28773939
v 3.32640036 -2.69667481 -1.29250003
v 3.32281234 -2.69667587 -1.28527298
v 3.32156822 -2.69768271 -1.28650327
v 3.32640754 -2.69768496 -1.29077047
v 3.32640676 -2.69667218 -1.28902585
v 3.38236557 -2.69667542 -1.28903681
v 3.32640459 -2.69466801 -1.28903072
v 3.32640640 -2.69667878 -1.28902660
v 3.38237102 -2.69467219 -1.28903046
v 3.32280393 -2.69467748 -1.28527791
v 3.32640334 -2.69466374 -1.28903167
v 3.32157807 -2.69366550 -1.28650001
v 3.32157292 -2.69366841 -1.28651309
v 3.32640338 -2.69366242 -1.29076685
v 3.32034123 -2.69466419 -1.28774012
v 3.32640536 -2.69466416 -1.29251312
v 3.38236605 -2.69466835 -1.29251181
v 3.32640446 -2.69667719 -1.29250313
v 3.32640743 -2.69466722 -1.29250931
v 3.38236224 -2.69667630 -1.29250801
v 3.32640306 -2.69768676 -1.29076915
v 3.38235999 -2.69667827 -1.28902694
v 3.32640847 -2.69767761 -1.29076841
v 3.38236322 -2.69768038 -1.29077424
v 3.32640376 -2.69668126 -1.28903123
v 3.38565734 -2.69466919 -1.28515675
v 3.38236820 -2.69667507 -1.28903642
v 3.38566430 -2.69668288 -1.28516246
v 3.38236716 -2.69467414 -1.28903297
v 3.32640476 -2.69466672 -1.28903277
v 3.38236697 -2.69366398 -1.29077504
v 3.32640810 -2.69365868 -1.29076843
v 3.38236519 -2.69467245 -1.28903245
v 3.32640666 -2.69366295 -1.29077006
v 3.32640198 -2.69366945 -1.29076953
v 3.38236987 -2.69466663 -1.29250116
v 3.32640439 -2.69467001 -1.29250953
v 3.38236735 -2.69366325 -1.29076370
v 3.38812982 -2.69466379 -1.28762073
v 3.38236551 -2.69667443 -1.29250862
v 3.38236552 -2.69466544 -1.29249754
v 3.38811776 -2.69666816 -1.28762023
v 3.38237049 -2.69768233 -1.29077905
v 3.32639984 -2.69667426 -1.29250175
v 3.38236862 -2.69667229 -1.29250732
v 3.32639919 -2.69767991 -1.29077184
v 3.38689541 -2.69768149 -1.28638618
v 3.38235930 -2.69667695 -1.28902927
v 3.38236332 -2.69767980 -1.29076869
v 3.38566191 -2.69668040 -1.28515866
v 3.39097356 -2.69467357 -1.25163754
v 3.38566034 -2.69668100 -1.28515249
v 3.39096959 -2.69667522 -1.25163352
v 3.38566864 -2.69466804 -1.28515623
v 3.38566511 -2.69467051 -1.28516373
v 3.38236652 -2.69366631 -1.29076689
v 3.38236237 -2.69466742 -1.28904029
v 3.38689239 -2.69366512 -1.28638838
v 3.38236133 -2.69466521 -1.29251182
v 3.38237201 -2.69366253 -1.29077423
v 3.38812173 -2.69466730 -1.28761294
v 3.38812732 -2.69667838 -1.28761870
v 3.39445274 -2.69466698 -1.25164550
v 3.39445456 -2.69667890 -1.25164314
v 3.38812009 -2.69467049 -1.28761855
v 3.38811950 -2.69667926 -1.28761698
v 3.38236772 -2.69767806 -1.29077013
v 3.38236106 -2.69667850 -1.29250666
v 3.38689165 -2.69768149 -1.28638919
v 3.39271113 -2.69768113 -1.25164904
v 3.39097395 -2.69668074 -1.25163840
v 3.39272290 -2.69767726 -1.25164464
v 3.39097158 -2.69466968 -1.25164494
v 3.39097300 -2.69666993 -1.25164107
v 3.39271750 -2.69366765 -1.25164220
v 3.39445472 -2.69668000 -1.25164517
v 3.39444720 -2.69466947 -1.25164757
v 3.39097398 -2.69467672 -1.25164479
v 3.38689695 -2.69366769 -1.28638307
v 3.38565940 -2.69466696 -1.28516018
v 3.38689684 -2.69366446 -1.28639071
v 3.39271501 -2.69366085 -1.25164712
v 3.38812209 -2.69466091 -1.28761810
v 3.38689552 -2.69366393 -1.28638625
v 3.39444582 -2.69466867 -1.25164106
v 3.39445568 -2.69668216 -1.25164632
v 3.39271605 -2.69767872 -1.25164177
v 3.39271346 -2.69365739 -1.25164343
v 3.31494045 -2.73689568 -1.25167813
v 3.32034485 -2.73891119 -1.28773801
v 3.31494186 -2.73891239 -1.25167540
v 3.32034562 -2.73690240 -1.28774054
v 3.31494735 -2.73690564 -1.25167563
v 3.32157758 -2.73589187 -1.28651398
v 3.32033851 -2.73690092 -1.28773636
v 3.32640728 -2.73690337 -1.29250653
v 3.32034180 -2.73891004 -1.28774711
v 3.32034573 -2.73689948 -1.28772930
v 3.32640038 -2.73891091 -1.29250663
v 3.31494295 -2.73891547 -1.25167296
v 3.32033726 -2.73891488 -1.28773749
v 3.31668037 -2.73991106 -1.25167917
v 3.31668458 -2.73991310 -1.25168156
v 3.31494769 -2.73689825 -1.25168486
v 3.31494698 -2.73891149 -1.25167464
v 3.31669105 -2.73588921 -1.25167724
v 3.31842315 -2.73891420 -1.25167527
v 3.31841877 -2.73690265 -1.25168445
v 3.32156580 -2.73589500 -1.28650637
v 3.32640933 -2.73589636 -1.29077074
v 3.32034403 -2.73689192 -1.28773625
v 3.31668623 -2.73589590 -1.25167962
v 3.32640334 -2.73690595 -1.29249827
v 3.38236612 -2.73690596 -1.29250550
v 3.32640524 -2.73890862 -1.29250479
v 3.32640844 -2.73689923 -1.29250318
v 3.38236587 -2.73891766 -1.29250887
v 3.32156972 -2.73991788 -1.28650612
v 3.32034453 -2.73890913 -1.28773694
v 3.32640535 -2.73890545 -1.29250709
v 3.32157334 -2.73991065 -1.28650278
v 3.31842494 -2.73891416 -1.25167779
v 3.31668189 -2.73991735 -1.25167727
v 3.32157460 -2.73991167 -1.28651023
v 3.32280857 -2.73890536 -1.28526750
v 3.31842276 -2.73689966 -1.25167513
v 3.31841611 -2.73890909 -1.25168029
v 3.32280088 -2.73690203 -1.28528058
v 3.31667666 -2.73590026 -1.25167674
v 3.31841863 -2.73690200 -1.25167475
v 3.32280335 -2.73689712 -1.28527377
v 3.32157119 -2.73589305 -1.28650853
v 3.32639894 -2.73689938 -1.28902511
v 3.32640446 -2.73588775 -1.29077128
v 3.32157846 -2.73590201 -1.28650868
v 3.32640519 -2.73590061 -1.29077534
v 3.38236906 -2.73689944 -1.29250700
v 3.32640275 -2.73689146 -1.29250888
v 3.38235963 -2.73589553 -1.29076370
v 3.38812475 -2.73690475 -1.28761927
v 3.38236880 -2.73890986 -1.29250230
v 3.38236316 -2.73689755 -1.29250526
v 3.38812614 -2.73890978 -1.28761919
v 3.38236608 -2.73991282 -1.29078053
v 3.32640566 -2.73891319 -1.29250045
v 3.38236579 -2.73891406 -1.29250017
v 3.32640665 -2.73991026 -1.29076579
v 3.32640610 -2.73991592 -1.29077493
v 3.32280775 -2.73891425 -1.28527698
v 3.32640461 -2.73891002 -1.28904115
v 3.32280239 -2.73690620 -1.28527775
v 3.32280425 -2.73890841 -1.28528135
v 3.32640639 -2.73690012 -1.28902558
v 3.32640671 -2.73689305 -1.28903566
v 3.38236734 -2.73589587 -1.29077290
v 3.32640336 -2.73589586 -1.29076910
v 3.38236382 -2.73690146 -1.28903117
v 3.32280696 -2.73689538 -1.28528117
v 3.38689393 -2.73589211 -1.28638409
v 3.38236278 -2.73690495 -1.29250532
v 3.38236934 -2.73589985 -1.29076488
v 3.38811759 -2.73690637 -1.28762349
v 3.38812522 -2.73891081 -1.28762083
v 3.39444871 -2.73690813 -1.25165013
v 3.39444751 -2.73890906 -1.25164807
v 3.38811617 -2.73689980 -1.28761452
v 3.38812024 -2.73891336 -1.28761616
v 3.38236211 -2.73991529 -1.29077505
v 3.38236790 -2.73890982 -1.29249960
v 3.38236037 -2.73891097 -1.28902757
v 3.32640274 -2.73990833 -1.29077366
v 3.38236119 -2.73991105 -1.29076515
v 3.32640578 -2.73891211 -1.28903399
v 3.32280488 -2.73891810 -1.28527086
v 3.32158119 -2.73991177 -1.28651160
v 3.32640034 -2.73991055 -1.29077032
v 3.32640979 -2.73890882 -1.28903140
v 3.38237281 -2.73890154 -1.28902787
v 3.32640355 -2.73690537 -1.28902325
v 3.32639922 -2.73890902 -1.28902248
v 3.38236438 -2.73690201 -1.28902758
v 3.38565515 -2.73689862 -1.28516335
v 3.38236014 -2.73590044 -1.29076304
v 3.38236272 -2.73690752 -1.28902804
v 3.38689165 -2.73589502 -1.28638816
v 3.39270620 -2.73589455 -1.25164415
v 3.38812231 -2.73690287 -1.28761426
v 3.38688914 -2.73589872 -1.28639281
v 3.39445027 -2.73690279 -1.25163972
v 3.39270967 -2.73991031 -1.25164515
v 3.39095976 -2.73689916 -1.25164478
v 3.39097140 -2.73890497 -1.25164105
v 3.39271726 -2.73590019 -1.25163806
v 3.39444357 -2.73891118 -1.25163933
v 3.39445378 -2.73690020 -1.25163824
v 3.39445395 -2.73890723 -1.25164220
v 3.38688907 -2.73991039 -1.28638808
v 3.38689253 -2.73991785 -1.28638431
v 3.38236240 -2.73891630 -1.28902482
v 3.38236527 -2.73991403 -1.29076972
v 3.38566116 -2.73689753 -1.28516055
v 3.38236689 -2.73890948 -1.28903054
v 3.38565898 -2.73890695 -1.28516471
v 3.38236046 -2.73690612 -1.28903036
v 3.39097126 -2.73690289 -1.25163408
v 3.38689301 -2.73589617 -1.28638813
v 3.38566625 -2.73689990 -1.28515511
v 3.39271558 -2.73589236 -1.25164520
v 3.39096199 -2.73689550 -1.25164453
v 3.38566386 -2.73890554 -1.28516258
v 3.39097118 -2.73890684 -1.25163730
v 3.38566244 -2.73690754 -1.28515506
v 3.39096576 -2.73891373 -1.25164658
v 3.38566246 -2.73891346 -1.28516373
v 3.39271323 -2.73991190 -1.25163820
v 3.39271286 -2.73991007 -1.25164139
v 3.31494016 -2.71486821 -1.25168148
v 3.32034354 -2.71686380 -1.28774028
v 3.31494256 -2.71687165 -1.25167953
v 3.32034351 -2.71485987 -1.28773784
v 3.31494671 -2.71486020 -1.25167070
v 3.32157381 -2.71385447 -1.28650070
v 3.32034818 -2.71486186 -1.28774268
v 3.32640246 -2.71486484 -1.29250923
v 3.32034128 -2.71687471 -1.28773618
v 3.32035119 -2.71486350 -1.28773365
v 3.32640958 -2.71687123 -1.29250717
v 3.31494049 -2.71687476 -1.25167394
v 3.32033856 -2.71687501 -1.28773795
v 3.31667662 -2.71787964 -1.25168294
v 3.31668478 -2.71786760 -1.25168051
v 3.31494872 -2.71486464 -1.25167668
v 3.31493965 -2.71686563 -1.25167974
v 3.31668363 -2.71385830 -1.25168112
v 3.31842363 -2.71686121 -1.25168095
v 3.31843028 -2.71486105 -1.25166626
v 3.32157213 -2.71386054 -1.28650050
v 3.32640674 -2.71386280 -1.29076834
v 3.32034263 -2.71485982 -1.28773759
v 3.31667944 -2.71385673 -1.25168103
v 3.32640334 -2.71486236 -1.29250351
v 3.38236245 -2.71487043 -1.29251046
v 3.32640573 -2.71687138 -1.29250587
v 3.32640282 -2.71485938 -1.29251326
v 3.38236798 -2.71686426 -1.29250951
v 3.32157929 -2.71786561 -1.28649868
v 3.32034948 -2.71686633 -1.28772591
v 3.32639763 -2.71686642 -1.29250820
v 3.32157674 -2.71787139 -1.28650722
v 3.31842031 -2.71686308 -1.25167873
v 3.31668485 -2.71787505 -1.25168432
v 3.32157921 -2.71787244 -1.28650556
v 3.32280749 -2.71686930 -1.28527700
v 3.31841790 -2.71485963 -1.25167659
v 3.31842437 -2.71687627 -1.25167850
v 3.32280138 -2.71486039 -1.28527498
v 3.31667892 -2.71385542 -1.25167681
v 3.31842051 -2.71486601 -1.25167875
v 3.32280591 -2.71486239 -1.28527827
v 3.32158258 -2.71386183 -1.28650697
v 3.32640502 -2.71485963 -1.28902752
v 3.32640702 -2.71385809 -1.29077885
v 3.32157183 -2.71385792 -1.28650927
v 3.32640404 -2.71385013 -1.29077128
v 3.38236292 -2.71486188 -1.29250686
v 3.32640314 -2.71486620 -1.29250787
v 3.38236511 -2.71385445 -1.29077850
v 3.38811472 -2.71485736 -1.28762024
v 3.38236696 -2.71687645 -1.29250736
v 3.38236380 -2.71485698 -1.29250249
v 3.38812611 -2.71687203 -1.28761426
v 3.38236161 -2.71787448 -1.29076685
v 3.32639961 -2.71686584 -1.29250265
v 3.38236693 -2.71686609 -1.29250370
v 3.32641068 -2.71787223 -1.29077001
v 3.32640398 -2.71786868 -1.29077368
v 3.32280592 -2.71687283 -1.28527233
v 3.32640311 -2.71686888 -1.28902887
v 3.32280057 -2.71486692 -1.28527318
v 3.32281439 -2.71687305 -1.28528025
v 3.32641001 -2.71486720 -1.28902472
v 3.32640622 -2.71486056 -1.28902729
v 3.38236075 -2.71384631 -1.29076434
v 3.32639904 -2.71385222 -1.29076625
v 3.38236344 -2.71486689 -1.28903235
v 3.32280187 -2.71485995 -1.28527693
v 3.38689136 -2.71385704 -1.28638740
v 3.38236966 -2.71486534 -1.29250506
v 3.38235962 -2.71385626 -1.29076601
v 3.38813009 -2.71486478 -1.28761695
v 3.38812611 -2.71687131 -1.28761765
v 3.39444984 -2.71486438 -1.25164249
v 3.39445002 -2.71686975 -1.25164392
v 3.38812286 -2.71486419 -1.28761769
v 3.38812149 -2.71687226 -1.28762145
v 3.38237633 -2.71787471 -1.29076494
v 3.38236255 -2.71687025 -1.29250839
v 3.38236671 -2.71687260 -1.28902999
v 3.32640610 -2.71786866 -1.29077313
v 3.38236624 -2.71788282 -1.29076961
v 3.32640248 -2.71686668 -1.28903235
v 3.32280974 -2.71686944 -1.28528133
v 3.32157754 -2.71787106 -1.28650305
v 3.32640561 -2.71787886 -1.29077052
v 3.32640999 -2.71686687 -1.28902936
v 3.38237100 -2.71686716 -1.28903154
v 3.32640417 -2.71486627 -1.28902610
v 3.32640331 -2.71686768 -1.28902375
v 3.38236354 -2.71485805 -1.28902656
v 3.38566598 -2.71485935 -1.28515439
v 3.38236597 -2.71386200 -1.29076895
v 3.38237223 -2.71486757 -1.28902679
v 3.38688401 -2.71385217 -1.28638715
v 3.39271299 -2.71385188 -1.25163889
v 3.38813021 -2.71486381 -1.28762137
v 3.38689416 -2.71385703 -1.28638936
v 3.39444798 -2.71486063 -1.25164242
v 3.39270573 -2.71787279 -1.25164234
v 3.39097189 -2.71486914 -1.25163673
v 3.39097038 -2.71686731 -1.25164073
v 3.39270977 -2.71386076 -1.25163889
v 3.39444918 -2.71687712 -1.25164174
v 3.39445155 -2.71486170 -1.25163903
v 3.39445370 -2.71687383 -1.25164631
v 3.38689145 -2.71786852 -1.28639894
v 3.38688670 -2.71787020 -1.28638519
v 3.38236608 -2.71686158 -1.28903252
v 3.38236798 -2.71786931 -1.29077344
v 3.38566326 -2.71486068 -1.28516256
v 3.38236556 -2.71686959 -1.28903455
v 3.38566109 -2.71687399 -1.28516577
v 3.38236134 -2.71486616 -1.28902983
v 3.39096554 -2.71486657 -1.25163648
v 3.38689018 -2.71385346 -1.28638963
v 3.38566169 -2.71486310 -1.28515327
v 3.39271053 -2.71386754 -1.25164566
v 3.39097227 -2.71486054 -1.25163940
v 3.38565784 -2.71687180 -1.28516466
v 3.39097061 -2.71686798 -1.25163632
v 3.38566316 -2.71486079 -1.28516065
v 3.39096035 -2.71686961 -1.25164061
v 3.38566302 -2.71686687 -1.28516217
v 3.39271822 -2.71787356 -1.25164114
v 3.39271764 -2.71787312 -1.25164516
v 3.31494211 -2.78069965 -1.25167475
v 3.32034094 -2.78270338 -1.28774010
v 3.31494434 -2.78269695 -1.25167450
v 3.32034256 -2.78069033 -1.28774020
v 3.31494353 -2.78069446 -1.25167761
v 3.32157257 -2.77968873 -1.28650527
v 3.32034783 -2.78070061 -1.28773230
v 3.32641060 -2.78069896 -1.29250495
v 3.32034558 -2.78270387 -1.28773396
v 3.32034160 -2.78070218 -1.28773336
v 3.32640580 -2.78270581 -1.29250877
v 3.31493744 -2.78270113 -1.25167814
v 3.32034572 -2.78269347 -1.28774059
v 3.31667632 -2.78370800 -1.25168134
v 3.31667993 -2.78370580 -1.25168060
v 3.31494708 -2.78070400 -1.25168023
v 3.31493563 -2.78270539 -1.25167439
v 3.31668602 -2.77969253 -1.25167800
v 3.31841618 -2.78270091 -1.25167731
v 3.31841860 -2.78069359 -1.25167405
v 3.32157303 -2.77968933 -1.28650487
v 3.32639870 -2.77969159 -1.29076973
v 3.32035244 -2.78069797 -1.28773835
v 3.31668132 -2.77969557 -1.25166824
v 3.32640051 -2.78069202 -1.29251240
v 3.38236569 -2.78068945 -1.29249834
v 3.32639830 -2.78270111 -1.29250370
v 3.32640490 -2.78069741 -1.29251038
v 3.38236545 -2.78270249 -1.29250194
v 3.32157461 -2.78370363 -1.28650889
v 3.32034867 -2.78270307 -1.28773211
v 3.32640087 -2.78270265 -1.29250398
v 3.32156919 -2.78370663 -1.28650301
v 3.31842190 -2.78270351 -1.25167992
v 3.31667873 -2.78369719 -1.25167971
v 3.32157309 -2.78370597 -1.28650582
v 3.32281155 -2.78269814 -1.28527190
v 3.31842168 -2.78069456 -1.25167631
v 3.31841785 -2.78269598 -1.25167982
v 3.32280814 -2.78070007 -1.28528212
v 3.31668203 -2.77969612 -1.25166870
v 3.31841467 -2.78069618 -1.25167917
v 3.32279676 -2.78069677 -1.28527961
v 3.32157655 -2.77969657 -1.28649840
v 3.32640472 -2.78070057 -1.28903467
v 3.32640555 -2.77969873 -1.29076711
v 3.32157351 -2.77969184 -1.28651114
v 3.32640365 -2.77968425 -1.29076323
v 3.38237040 -2.78069743 -1.29250398
v 3.32640512 -2.78070131 -1.29250791
v 3.38235460 -2.77969081 -1.29076669
v 3.38812844 -2.78069369 -1.28761575
v 3.38236142 -2.78269643 -1.29250491
v 3.38236904 -2.78069303 -1.29250979
v 3.38812255 -2.78269984 -1.28761962
v 3.38236877 -2.78370188 -1.29077265
v 3.32640782 -2.78270105 -1.29250694
v 3.38236514 -2.78270143 -1.29251233
v 3.32640207 -2.78370503 -1.29076242
v 3.32640801 -2.78370584 -1.29076937
v 3.32280911 -2.78269368 -1.28526958
v 3.32640641 -2.78270437 -1.28902657
v 3.32280189 -2.78069013 -1.28527630
v 3.32280279 -2.78270340 -1.28527491
v 3.32640469 -2.78069197 -1.28903581
v 3.32640525 -2.78069192 -1.28903485
v 3.38236442 -2.77969312 -1.29076749
v 3.32640297 -2.77969508 -1.29076510
v 3.38236512 -2.78068890 -1.28902764
v 3.32280775 -2.78069584 -1.28527312
v 3.38689759 -2.77969003 -1.28638772
v 3.38236456 -2.78069482 -1.29249807
v 3.38237081 -2.77969150 -1.29076877
v 3.38812224 -2.78069785 -1.28761866
v 3.38812263 -2.78269971 -1.28761706
v 3.39445451 -2.78069762 -1.25164086
v 3.39444924 -2.78270396 -1.25164300
v 3.38812261 -2.78069405 -1.28762242
v 3.38812764 -2.78270055 -1.28761699
v 3.38236434 -2.78370418 -1.29077483
v 3.38236601 -2.78270193 -1.29250644
v 3.38236685 -2.78269307 -1.28902758
v 3.32640055 -2.78370594 -1.29077189
v 3.38237366 -2.78370963 -1.29076907
v 3.32639738 -2.78271006 -1.28902853
v 3.32280119 -2.78270472 -1.28527757
v 3.32157381 -2.78370579 -1.28650606
v 3.32639800 -2.78370631 -1.29076957
v 3.32640528 -2.78270639 -1.28902770
v 3.38236453 -2.78270755 -1.28903323
v 3.32640441 -2.78069851 -1.28903371
v 3.32640078 -2.78269798 -1.28903130
v 3.38236199 -2.78069332 -1.28903358
v 3.38566407 -2.78069690 -1.28515714
v 3.38236635 -2.77969092 -1.29076625
v 3.38237360 -2.78069626 -1.28903020
v 3.38689067 -2.77968638 -1.28638850
v 3.39271294 -2.77969996 -1.25163518
v 3.38812605 -2.78069827 -1.28761496
v 3.38689151 -2.77969606 -1.28639104
v 3.39445547 -2.78069803 -1.25163768
v 3.39271672 -2.78370355 -1.25164441
v 3.39097186 -2.78069474 -1.25163760
v 3.39097011 -2.78270073 -1.25164030
v 3.39271331 -2.77969579 -1.25164086
v 3.39445064 -2.78270377 -1.25164110
v 3.39445453 -2.78069712 -1.25164325
v 3.39445275 -2.78269608 -1.25164448
v 3.38689015 -2.78370235 -1.28639727
v 3.38689148 -2.78370956 -1.28639316
v 3.38236834 -2.78270704 -1.28903554
v 3.38236713 -2.78370092 -1.29077450
v 3.38566401 -2.78070038 -1.28515842
v 3.38236905 -2.78270209 -1.28903329
v 3.38566081 -2.78270234 -1.28515694
v 3.38235906 -2.78069461 -1.28903024
v 3.39097167 -2.78069783 -1.25164241
v 3.38689379 -2.77969294 -1.28639173
v 3.38566218 -2.78069375 -1.28515793
v 3.39270499 -2.77968639 -1.25164268
v 3.39096643 -2.78069900 -1.25164350
v 3.38566547 -2.78269413 -1.28515867
v 3.39097248 -2.78269896 -1.25163170
v 3.38566012 -2.78069157 -1.28516057
v 3.39096929 -2.78269573 -1.25164227
v 3.38565941 -2.78270206 -1.28516185
v 3.39271041 -2.78370783 -1.25164464
v 3.39272292 -2.78370706 -1.25163884
v 3.37737102 -2.67285424 -1.25163762
v 3.37937381 -2.67952345 -1.29135013
v 3.37736680 -2.67952303 -1.29134839
v 3.37938153 -2.67285909 -1.25163492
v 3.37937372 -2.67285949 -1.25162636
v 3.38038219 -2.68075842 -1.29012965
v 3.37936861 -2.67952667 -1.29136149
v 3.37938207 -2.67952600 -1.29135406
v 3.37737416 -2.68558291 -1.29611790
v 3.37737236 -2.67952273 -1.29135365
v 3.37937931 -2.68558547 -1.29612489
v 3.37736729 -2.67286047 -1.25162796
v 3.37737193 -2.67952138 -1.29135493
v 3.37636157 -2.67458477 -1.25162486
v 3.37736824 -2.67633746 -1.25163352
v 3.37737409 -2.67285832 -1.25163322
v 3.37636431 -2.67459784 -1.25163078
v 3.37937670 -2.67633651 -1.25162482
v 3.37937220 -2.67286007 -1.25162812
v 3.38038538 -2.67459082 -1.25163153
v 3.37937495 -2.67952189 -1.29135040
v 3.38038332 -2.68075802 -1.29011948
v 3.38038535 -2.68558743 -1.29437829
v 3.38038038 -2.67459493 -1.25163558
v 3.37938491 -2.68558741 -1.29612294
v 3.37937769 -2.68558600 -1.29611937
v 3.37736552 -2.78887352 -1.29611901
v 3.37736351 -2.68557901 -1.29612342
v 3.37937608 -2.78887489 -1.29611307
v 3.37736804 -2.67952698 -1.29135650
v 3.37737467 -2.68558895 -1.29612543
v 3.37637029 -2.68075530 -1.29011601
v 3.37636970 -2.68075424 -1.29012191
v 3.37637180 -2.67459348 -1.25163431
v 3.37637004 -2.68076110 -1.29011680
v 3.37737376 -2.67633789 -1.25163080
v 3.37938077 -2.67633271 -1.25162331
v 3.37736607 -2.68198776 -1.28889299
v 3.37936786 -2.68198080 -1.28889645
v 3.37736694 -2.67633255 -1.25163091
v 3.38038736 -2.67459585 -1.25163515
v 3.37938888 -2.67634029 -1.25163360
v 3.37938400 -2.68198572 -1.28889594
v 3.38038375 -2.68075667 -1.29012003
v 3.37938169 -2.68558405 -1.29264318
v 3.38038421 -2.68557733 -1.29438209
v 3.37938332 -2.78887802 -1.29612700
v 3.38038215 -2.68558067 -1.29438434
v 3.38038772 -2.78887043 -1.29438130
v 3.37937590 -2.68558101 -1.29612723
v 3.37938463 -2.78887152 -1.29612576
v 3.37737764 -2.79463186 -1.29123420
v 3.37737342 -2.78887799 -1.29611702
v 3.37937400 -2.79464070 -1.29123526
v 3.37636563 -2.68558460 -1.29438533
v 3.37736904 -2.78887004 -1.29612158
v 3.37637053 -2.78888033 -1.29438342
v 3.37736878 -2.68558931 -1.29611294
v 3.37636933 -2.68558509 -1.29438506
v 3.37737362 -2.68198070 -1.28889264
v 3.37938149 -2.68198790 -1.28889290
v 3.37736696 -2.68558217 -1.29264537
v 3.37937645 -2.68558284 -1.29264288
v 3.37736826 -2.68198852 -1.28889333
v 3.38038587 -2.78887548 -1.29438527
v 3.37937301 -2.68558451 -1.29264173
v 3.37938049 -2.78887346 -1.29263621
v 3.38038300 -2.68558017 -1.29438507
v 3.37937722 -2.78887680 -1.29611958
v 3.38038090 -2.78887225 -1.29438142
v 3.38037898 -2.79340128 -1.29000322
v 3.37937713 -2.79463130 -1.29122885
v 3.37937257 -2.80096775 -1.25159765
v 3.37737130 -2.79462954 -1.29123436
v 3.37938206 -2.79463417 -1.29123906
v 3.37736532 -2.80095966 -1.25159104
v 3.37737430 -2.78887588 -1.29612984
v 3.37736966 -2.79463291 -1.29123710
v 3.37637019 -2.78887260 -1.29438536
v 3.37737248 -2.68558701 -1.29264307
v 3.37636717 -2.78886788 -1.29438070
v 3.37737128 -2.78887885 -1.29264471
v 3.37636674 -2.68558021 -1.29438272
v 3.37637532 -2.68075998 -1.29012852
v 3.37637397 -2.68558119 -1.29438433
v 3.37738079 -2.68198105 -1.28890077
v 3.37736875 -2.68557971 -1.29264146
v 3.37937184 -2.78887689 -1.29264700
v 3.37736869 -2.68557817 -1.29263951
v 3.37736480 -2.78887222 -1.29264846
v 3.37938372 -2.68558415 -1.29264470
v 3.38037970 -2.78887857 -1.29438662
v 3.37937950 -2.78887040 -1.29263850
v 3.37938017 -2.79217077 -1.28877478
v 3.38037680 -2.79340871 -1.29000947
v 3.38038243 -2.79340984 -1.29000109
v 3.38038893 -2.79921887 -1.25159957
v 3.37938074 -2.79462957 -1.29123620
v 3.37938528 -2.80096256 -1.25159281
v 3.37737509 -2.80095780 -1.25159808
v 3.37736620 -2.79748900 -1.25158966
v 3.37637370 -2.79922617 -1.25159672
v 3.37938329 -2.80096574 -1.25159901
v 3.37937302 -2.79748029 -1.25159557
v 3.38037780 -2.79922493 -1.25159733
v 3.37636461 -2.79340724 -1.29000269
v 3.37736089 -2.79463720 -1.29122554
v 3.37737143 -2.80095710 -1.25159360
v 3.37636372 -2.79340474 -1.29000504
v 3.37636264 -2.78887450 -1.29438205
v 3.37637201 -2.79340523 -1.29000756
v 3.37737389 -2.78886991 -1.29264595
v 3.37737355 -2.79217105 -1.28877820
v 3.37937994 -2.78887931 -1.29264577
v 3.37736378 -2.78886770 -1.29265049
v 3.37937284 -2.79217479 -1.28877350
v 3.37937951 -2.79218420 -1.28877312
v 3.37937993 -2.79748351 -1.25159714
v 3.38037744 -2.79340655 -1.29000107
v 3.38038774 -2.79922209 -1.25159414
v 3.37737195 -2.79747950 -1.25160149
v 3.37937718 -2.79217538 -1.28877086
v 3.37736908 -2.79218028 -1.28877498
v 3.37937796 -2.79748464 -1.25159669
v 3.37736700 -2.79217498 -1.28877030
v 3.37636939 -2.79923190 -1.25159750
v 3.37737141 -2.79748691 -1.25159030
v 3.37637128 -2.79922254 -1.25159497
v 3.33086195 -2.80096047 -1.25159114
v 3.32886045 -2.79463158 -1.29124510
v 3.33085968 -2.79463253 -1.29123124
v 3.32885565 -2.80096302 -1.25160008
v 3.33086460 -2.79464312 -1.29123235
v 3.33187536 -2.79922839 -1.25159806
v 3.33086420 -2.80095975 -1.25159148
v 3.32885194 -2.80096164 -1.25159499
v 3.32885011 -2.79747921 -1.25159498
v 3.32784310 -2.79922716 -1.25160032
v 3.33086117 -2.80096280 -1.25159807
v 3.33086312 -2.79748319 -1.25159438
v 3.33186579 -2.79922170 -1.25159967
v 3.32784538 -2.79340704 -1.28999806
v 3.32886163 -2.79463536 -1.29123064
v 3.32885264 -2.80096001 -1.25159322
v 3.33086147 -2.78887353 -1.29611507
v 3.32886125 -2.79462921 -1.29123103
v 3.32884933 -2.78887243 -1.29612029
v 3.33086431 -2.79463539 -1.29122778
v 3.33187122 -2.79340578 -1.29000351
v 3.33186782 -2.79340320 -1.29001179
v 3.33086260 -2.79748207 -1.25159245
v 3.33187079 -2.79922357 -1.25158900
v 3.32885568 -2.79748210 -1.25159796
v 3.33086071 -2.79217943 -1.28877268
v 3.32885232 -2.79217859 -1.28878440
v 3.33085941 -2.79748393 -1.25159628
v 3.32885094 -2.79217323 -1.28877608
v 3.32784933 -2.79922691 -1.25159334
v 3.32885457 -2.79748193 -1.25160026
v 3.32784998 -2.79921747 -1.25159633
v 3.32785263 -2.78886739 -1.29437962
v 3.32885084 -2.79463027 -1.29123818
v 3.32784490 -2.79340252 -1.29000451
v 3.32885630 -2.78887802 -1.29612363
v 3.33085996 -2.68557680 -1.29612523
v 3.32885313 -2.78887558 -1.29612241
v 3.32885389 -2.68558402 -1.29611739
v 3.33085878 -2.78887276 -1.29612558
v 3.33086626 -2.78887605 -1.29612036
v 3.33187358 -2.79340924 -1.28999744
v 3.33086191 -2.79463709 -1.29123553
v 3.33086391 -2.79217716 -1.28876769
v 3.32885384 -2.79217643 -1.28877199
v 3.33086383 -2.78887529 -1.29264144
v 3.32886155 -2.78887350 -1.29264688
v 3.33086406 -2.79217544 -1.28878053
v 3.32785576 -2.79341105 -1.29000695
v 3.32784128 -2.78887207 -1.29438218
v 3.32885545 -2.78887740 -1.29264414
v 3.32784707 -2.68558136 -1.29438481
v 3.32885499 -2.78887546 -1.29611637
v 3.32784845 -2.78887687 -1.29438420
v 3.32885857 -2.68558029 -1.29611814
v 3.33086350 -2.67952076 -1.29134987
v 3.32885680 -2.68558575 -1.29612079
v 3.32885304 -2.67952363 -1.29135150
v 3.33086005 -2.68557874 -1.29612453
v 3.33085863 -2.78887008 -1.29612345
v 3.33186762 -2.68558628 -1.29438038
v 3.33186745 -2.78887282 -1.29438369
v 3.33086134 -2.68558557 -1.29612011
v 3.33186656 -2.78886976 -1.29437876
v 3.33186678 -2.78886840 -1.29438894
v 3.33086113 -2.79217925 -1.28877068
v 3.33186683 -2.79340527 -1.29000004
v 3.33086244 -2.78887743 -1.29264610
v 3.33086098 -2.78887486 -1.29264885
v 3.32885360 -2.68558359 -1.29264493
v 3.32884906 -2.78887378 -1.29263892
v 3.33085306 -2.68558765 -1.29263811
v 3.32885752 -2.68558105 -1.29264495
v 3.32783901 -2.78887514 -1.29438475
v 3.32885969 -2.78887997 -1.29264034
v 3.32785313 -2.68557800 -1.29439137
v 3.32785305 -2.68075220 -1.29011904
v 3.32884489 -2.68558163 -1.29612475
v 3.32784413 -2.68558284 -1.29437961
v 3.32885369 -2.67952562 -1.29135222
v 3.32885197 -2.67286315 -1.25163159
v 3.33085531 -2.67951982 -1.29135326
v 3.32885294 -2.67952364 -1.29134227
v 3.33086392 -2.67286171 -1.25163352
v 3.33085759 -2.67952037 -1.29135152
v 3.33186665 -2.68557991 -1.29438334
v 3.33086443 -2.68557790 -1.29611735
v 3.33186780 -2.78887388 -1.29438126
v 3.33085828 -2.68557389 -1.29264999
v 3.33086234 -2.78887365 -1.29264689
v 3.33186719 -2.68558567 -1.29437868
v 3.33086422 -2.68198251 -1.28889011
v 3.32885242 -2.68558654 -1.29264692
v 3.33086102 -2.68558386 -1.29264404
v 3.32885315 -2.68198396 -1.28888892
v 3.32885974 -2.68198122 -1.28889027
v 3.32785382 -2.68559155 -1.29438165
v 3.32885592 -2.68558399 -1.29264743
v 3.32785306 -2.68075999 -1.29013164
v 3.32784744 -2.67459468 -1.25164169
v 3.32885344 -2.67952661 -1.29135135
v 3.32785480 -2.68075272 -1.29012678
v 3.33085064 -2.67286398 -1.25163530
v 3.33186775 -2.68075486 -1.29012188
v 3.33085632 -2.67952354 -1.29134547
v 3.32885265 -2.67285314 -1.25163285
v 3.32885088 -2.67633508 -1.25162522
v 3.32885860 -2.67285934 -1.25162930
v 3.32784851 -2.67459605 -1.25162662
v 3.33085475 -2.67633531 -1.25163080
v 3.33086348 -2.67285981 -1.25162811
v 3.33186830 -2.67460193 -1.25163510
v 3.33186150 -2.68075276 -1.29012310
v 3.33186486 -2.68075776 -1.29012452
v 3.33085836 -2.68558231 -1.29265059
v 3.33186790 -2.68558197 -1.29437625
v 3.33085881 -2.68197635 -1.28888080
v 3.33086445 -2.67633679 -1.25163238
v 3.32885447 -2.68198227 -1.28889529
v 3.33086180 -2.68198589 -1.28889648
v 3.32885222 -2.67633098 -1.25162788
v 3.32885626 -2.67633977 -1.25163796
v 3.32785097 -2.68074923 -1.29012229
v 3.32885792 -2.68198231 -1.28889550
v 3.32784808 -2.67459894 -1.25163200
v 3.33187050 -2.67459595 -1.25162952
v 3.33187084 -2.67459792 -1.25162843
v 3.33085763 -2.67632235 -1.25162860
v 3.34434841 -2.67285624 -1.25163705
v 3.34636401 -2.67952866 -1.29135232
v 3.34435105 -2.67953126 -1.29134888
v 3.34635435 -2.67285525 -1.25163021
v 3.34636148 -2.67285157 -1.25163008
v 3.34736051 -2.68075301 -1.29011906
v 3.34635422 -2.67952395 -1.29135864
v 3.34635715 -2.67952401 -1.29135738
v 3.34434463 -2.68559003 -1.29612885
v 3.34434922 -2.67952673 -1.29135090
v 3.34635241 -2.68558420 -1.29612108
v 3.34434502 -2.67285397 -1.25163321
v 3.34435215 -2.67952365 -1.29135550
v 3.34333886 -2.67459014 -1.25162852
v 3.34433776 -2.67634224 -1.25163208
v 3.34435081 -2.67286493 -1.25163866
v 3.34334065 -2.67459888 -1.25163316
v 3.34635544 -2.67633450 -1.25163076
v 3.34635340 -2.67286371 -1.25162423
v 3.34736118 -2.67460115 -1.25163251
v 3.34635886 -2.67952131 -1.29135353
v 3.34735870 -2.68075735 -1.29012242
v 3.34736284 -2.68557859 -1.29438252
v 3.34735255 -2.67458863 -1.25163025
v 3.34635712 -2.68558348 -1.29612694
v 3.34635433 -2.68557970 -1.29612467
v 3.34435423 -2.78888019 -1.29612336
v 3.34435021 -2.68558738 -1.29612875
v 3.34634992 -2.78887116 -1.29612385
v 3.34434789 -2.67951294 -1.29135038
v 3.34435127 -2.68558501 -1.29612485
v 3.34334592 -2.68074744 -1.29012310
v 3.34333554 -2.68075152 -1.29011827
v 3.34334373 -2.67460006 -1.25162967
v 3.34333971 -2.68074552 -1.29012365
v 3.34435302 -2.67633260 -1.25163446
v 3.34635155 -2.67632861 -1.25163668
v 3.34434627 -2.68198607 -1.28888886
v 3.34635687 -2.68199347 -1.28888835
v 3.34434874 -2.67634544 -1.25163775
v 3.34736508 -2.67458900 -1.25162506
v 3.34635574 -2.67632815 -1.25163352
v 3.34635550 -2.68198966 -1.28889512
v 3.34736258 -2.68074959 -1.29011889
v 3.34635582 -2.68558614 -1.29264624
v 3.34735887 -2.68557681 -1.29438864
v 3.34635303 -2.78887240 -1.29612187
v 3.34735853 -2.68558313 -1.29438482
v 3.34735755 -2.78887413 -1.29438948
v 3.34635616 -2.68558002 -1.29612666
v 3.34635229 -2.78887750 -1.29612488
v 3.34434112 -2.79463349 -1.29123559
v 3.34434756 -2.78887576 -1.29612765
v 3.34635442 -2.79463228 -1.29123723
v 3.34334431 -2.68558720 -1.29437891
v 3.34435122 -2.78888338 -1.29612361
v 3.34334590 -2.78887889 -1.29438183
v 3.34435004 -2.68558250 -1.29612067
v 3.34334129 -2.68558164 -1.29438335
v 3.34434679 -2.68198282 -1.28889341
v 3.34635076 -2.68198086 -1.28888846
v 3.34435129 -2.68558246 -1.29264367
v 3.34635825 -2.68558477 -1.29264190
v 3.34435148 -2.68197733 -1.28889006
v 3.34736094 -2.78887957 -1.29438850
v 3.34635585 -2.68558635 -1.29265171
v 3.34634990 -2.78886969 -1.29264926
v 3.34735978 -2.68557952 -1.29438146
v 3.34635683 -2.78887594 -1.29612017
v 3.34735710 -2.78886907 -1.29438223
v 3.34735792 -2.79339903 -1.29000671
v 3.34635651 -2.79463676 -1.29123676
v 3.34635184 -2.80096112 -1.25159615
v 3.34434984 -2.79463467 -1.29123787
v 3.34635186 -2.79462921 -1.29124162
v 3.34435268 -2.80096582 -1.25159059
v 3.34433982 -2.78887170 -1.29612226
v 3.34435058 -2.79463294 -1.29123158
v 3.34333873 -2.78886813 -1.29438832
v 3.34435790 -2.68558555 -1.29264524
v 3.34333879 -2.78887405 -1.29438781
v 3.34434973 -2.78887299 -1.29264399
v 3.34334666 -2.68558205 -1.29438045
v 3.34334326 -2.68075845 -1.29011519
v 3.34334740 -2.68557894 -1.29438792
v 3.34434827 -2.68198619 -1.28889133
v 3.34434685 -2.68558411 -1.29264436
v 3.34635631 -2.78887137 -1.29264051
v 3.34435895 -2.68558324 -1.29263888
v 3.34434590 -2.78887814 -1.29264535
v 3.34635773 -2.68558502 -1.29264935
v 3.34736308 -2.78887274 -1.29438730
v 3.34635639 -2.78887138 -1.29264444
v 3.34635634 -2.79217516 -1.28877377
v 3.34736404 -2.79340278 -1.29000023
v 3.34735893 -2.79340662 -1.29000979
v 3.34735870 -2.79922610 -1.25159899
v 3.34635714 -2.79463556 -1.29122804
v 3.34635657 -2.80096102 -1.25159415
v 3.34434618 -2.80095524 -1.25158897
v 3.34435182 -2.79748231 -1.25159672
v 3.34333718 -2.79922637 -1.25158651
v 3.34635190 -2.80096166 -1.25159334
v 3.34636020 -2.79748148 -1.25159461
v 3.34736738 -2.79922293 -1.25159786
v 3.34333699 -2.79340929 -1.29000235
v 3.34435631 -2.79462889 -1.29123584
v 3.34434972 -2.80097088 -1.25159890
v 3.34334835 -2.79339954 -1.29000776
v 3.34334394 -2.78886373 -1.29438148
v 3.34334338 -2.79340172 -1.29000833
v 3.34434039 -2.78888082 -1.29264462
v 3.34434353 -2.79218051 -1.28877106
v 3.34635366 -2.78887583 -1.29264230
v 3.34435243 -2.78887928 -1.29263885
v 3.34635277 -2.79217574 -1.28877419
v 3.34635514 -2.79217484 -1.28877859
v 3.34635080 -2.79748512 -1.25159643
v 3.34735823 -2.79340342 -1.29000583
v 3.34736352 -2.79922186 -1.25159130
v 3.34434929 -2.79748521 -1.25159973
v 3.34635789 -2.79217556 -1.28877647
v 3.34434206 -2.79217781 -1.28877518
v 3.34635307 -2.79748288 -1.25159788
v 3.34434691 -2.79217819 -1.28877202
v 3.34334464 -2.79922998 -1.25159944
v 3.34434851 -2.79748443 -1.25159656
v 3.34334217 -2.79921801 -1.25160350
v 3.36128397 -2.67285959 -1.25163215
v 3.36328977 -2.67952673 -1.29134983
v 3.36128509 -2.67952426 -1.29134898
v 3.36329425 -2.67285412 -1.25163120
v 3.36328486 -2.67285332 -1.25163728
v 3.36429224 -2.68075192 -1.29012348
v 3.36329443 -2.67952028 -1.29134717
v 3.36328842 -2.67951775 -1.29134963
v 3.36128072 -2.68558364 -1.29612963
v 3.36128525 -2.67952173 -1.29135038
v 3.36328935 -2.68558606 -1.29611988
v 3.36128794 -2.67286018 -1.25162894
v 3.36128557 -2.67952530 -1.29134934
v 3.36027914 -2.67459142 -1.25162982
v 3.36129126 -2.67633889 -1.25163648
v 3.36128717 -2.67286489 -1.25162627
v 3.36028099 -2.67459712 -1.25162816
v 3.36328845 -2.67633224 -1.25162681
v 3.36329467 -2.67285726 -1.25162818
v 3.36429792 -2.67459591 -1.25162683
v 3.36329721 -2.67952216 -1.29135139
v 3.36430169 -2.68075337 -1.29012925
v 3.36429690 -2.68557932 -1.29438698
v 3.36429778 -2.67458962 -1.25163277
v 3.36330154 -2.68558487 -1.29611636
v 3.36328903 -2.68558369 -1.29612252
v 3.36128607 -2.78887389 -1.29612338
v 3.36128381 -2.68558512 -1.29612510
v 3.36329348 -2.78887546 -1.29612654
v 3.36128771 -2.67951793 -1.29134890
v 3.36128194 -2.68558649 -1.29612271
v 3.36028210 -2.68075137 -1.29011720
v 3.36027613 -2.68075937 -1.29011797
v 3.36028082 -2.67459529 -1.25163249
v 3.36028012 -2.68075849 -1.29012318
v 3.36129286 -2.67633101 -1.25163600
v 3.36329431 -2.67633595 -1.25162909
v 3.36128186 -2.68197976 -1.28889009
v 3.36329084 -2.68198366 -1.28888987
v 3.36128214 -2.67633117 -1.25163248
v 3.36429726 -2.67459969 -1.25162578
v 3.36329242 -2.67633596 -1.25162982
v 3.36329393 -2.68197972 -1.28889704
v 3.36430036 -2.68075433 -1.29011685
v 3.36329183 -2.68558231 -1.29264939
v 3.36429917 -2.68557993 -1.29437968
v 3.36329609 -2.78886578 -1.29612296
v 3.36430457 -2.68558169 -1.29438438
v 3.36430568 -2.78887064 -1.29437903
v 3.36329047 -2.68558696 -1.29612616
v 3.36328947 -2.78887605 -1.29612102
v 3.36129389 -2.79462722 -1.29122987
v 3.36128629 -2.78887380 -1.29612122
v 3.36329826 -2.79464141 -1.29123343
v 3.36028232 -2.68558068 -1.29438461
v 3.36128153 -2.78887268 -1.29611698
v 3.36027605 -2.78887502 -1.29438667
v 3.36129272 -2.68558571 -1.29612028
v 3.36027304 -2.68558332 -1.29437675
v 3.36129156 -2.68198829 -1.28888477
v 3.36329220 -2.68198488 -1.28889032
v 3.36127840 -2.68558242 -1.29264430
v 3.36329668 -2.68558528 -1.29264717
v 3.36128097 -2.68198340 -1.28888769
v 3.36430463 -2.78887086 -1.29437961
v 3.36329496 -2.68558153 -1.29264236
v 3.36328994 -2.78886465 -1.29264912
v 3.36430789 -2.68557850 -1.29437744
v 3.36329469 -2.78887107 -1.29612382
v 3.36429685 -2.78887696 -1.29437746
v 3.36430324 -2.79340636 -1.29000578
v 3.36329645 -2.79463560 -1.29123772
v 3.36329358 -2.80095497 -1.25159315
v 3.36129227 -2.79463521 -1.29123079
v 3.36329395 -2.79463266 -1.29123601
v 3.36129495 -2.80096645 -1.25159467
v 3.36128103 -2.78887536 -1.29611838
v 3.36128493 -2.79463287 -1.29124013
v 3.36028436 -2.78887154 -1.29437769
v 3.36128396 -2.68557836 -1.29264371
v 3.36027848 -2.78887492 -1.29437692
v 3.36128975 -2.78887549 -1.29265165
v 3.36028176 -2.68557873 -1.29438634
v 3.36028898 -2.68074477 -1.29011895
v 3.36027704 -2.68558396 -1.29438873
v 3.36128571 -2.68198429 -1.28889666
v 3.36127821 -2.68558474 -1.29264762
v 3.36329674 -2.78887501 -1.29264322
v 3.36128017 -2.68558203 -1.29264253
v 3.36128698 -2.78887336 -1.29264748
v 3.36329533 -2.68558140 -1.29265015
v 3.36429753 -2.78887418 -1.29438260
v 3.36329209 -2.78887419 -1.29264573
v 3.36329176 -2.79217562 -1.28878250
v 3.36429515 -2.79340433 -1.29000856
v 3.36429402 -2.79340463 -1.29000370
v 3.36429925 -2.79922838 -1.25160330
v 3.36329256 -2.79463050 -1.29123394
v 3.36329406 -2.80095397 -1.25159795
v 3.36128533 -2.80096105 -1.25159551
v 3.36128128 -2.79749212 -1.25158838
v 3.36027965 -2.79922968 -1.25159530
v 3.36329768 -2.80096093 -1.25159605
v 3.36329502 -2.79749385 -1.25159521
v 3.36429478 -2.79922556 -1.25159918
v 3.36028041 -2.79341023 -1.29000070
v 3.36128311 -2.79462868 -1.29123263
v 3.36127882 -2.80096452 -1.25158779
v 3.36028187 -2.79340833 -1.29000396
v 3.36027794 -2.78887995 -1.29438339
v 3.36028978 -2.79340782 -1.29000748
v 3.36128001 -2.78887561 -1.29264311
v 3.36128571 -2.79217848 -1.28877243
v 3.36329108 -2.78886888 -1.29264659
v 3.36128499 -2.78887534 -1.29264640
v 3.36329030 -2.79218394 -1.28878213
v 3.36330180 -2.79217660 -1.28877241
v 3.36329087 -2.79748602 -1.25158741
v 3.36430039 -2.79340153 -1.29000479
v 3.36430374 -2.79921999 -1.25159297
v 3.36128081 -2.79748016 -1.25159792
v 3.36328942 -2.79217528 -1.28876750
v 3.36128298 -2.79218485 -1.28877179
v 3.36329321 -2.79748724 -1.25160242
v 3.36128496 -2.79217026 -1.28876987
v 3.36028787 -2.79922567 -1.25159882
v 3.36129117 -2.79748530 -1.25159852
v 3.36028952 -2.79922464 -1.25159960
vt 0.02209997 0.82669997
vt 0.02298282 0.74813151
vt 0.00812929 0.74730170
vt 0.03589999 0.82169998
vt 0.54110003 0.99400002
vt 0.53586161 0.98286295
vt 0.61165452 0.93789023
vt 0.62292498 0.94548148
vt 0.98029369 0.24307668
vt 0.39162201 0.05331802
vt 0.38033971 0.04575711
vt 0.46219289 -0.00278997
vt 0.46741420 0.00837922
vt 0.98119289 0.16451007
vt 0.96737587 0.16954219
vt 0.99513549 0.24393690
vt 0.37729999 0.05390000
vt 0.45890000 0.00599998
vt 0.37160000 0.05010003
vt 0.00050000 0.74750000
vt 0.37729999 0.05390000
vt 0.37160000 0.05010003
vt 0.00794888 0.74801338
vt 0.38859999 0.06140000
vt 0.00790000 0.74790001
vt 0.02269995 0.74880004
vt 0.38859999 0.06140000
vt 0.46680000 0.02260000
vt 0.46410000 0.01709998
vt 0.46672359 0.02257037
vt 0.96410000 0.17830002
vt 0.46410000 0.01709998
vt 0.95719999 0.18070000
vt 0.96980000 0.25070000
vt 0.97729999 0.25120002
vt 0.96410000 0.17830002
vt 0.96993530 0.25071520
vt 0.61140001 0.93860000
vt 0.97729999 0.25120002
vt 0.60579997 0.93480003
vt 0.53590000 0.98290002
vt 0.61140001 0.93860000
vt 0.53320003 0.97740000
vt 0.53327632 0.97742963
vt 0.03589999 0.82169998
vt 0.53590000 0.98290002
vt 0.04279994 0.81930000
vt 0.03589999 0.82169998
vt 0.03020000 0.74930000
vt 0.02269995 0.74880004
vt 0.01519995 0.82910001
vt 0.02209997 0.82669997
vt 0.00790000 0.74790001
vt 0.01519995 0.82910001
vt 0.54117572 0.99402970
vt 0.02209997 0.82669997
vt 0.54380000 0.99949998
vt 0.54110003 0.99400002
vt 0.62840003 0.94989997
vt 0.62269998 0.94610000
vt 0.62269998 0.94610000
vt 0.99949998 0.25250000
vt 0.99210000 0.25209999
vt 0.99210000 0.25209999
vt 0.98479998 0.17089999
vt 0.97790003 0.17330003
vt 0.98479998 0.17089999
vt 0.45882431 0.00597030
vt 0.97790003 0.17330003
vt 0.45620000 0.00050002
vt 0.37160000 0.05010003
vt 0.45890000 0.00599998
vt 0.45620000 0.00050002
vt 0.62274891 0.05378658
vt 0.99949998 0.74750000
vt 0.62840003 0.05010003
vt 0.99210000 0.74790001
vt 0.00050000 0.74750000
vt 0.02269995 0.74880004
vt 0.39420000 0.06519997
vt 0.38859999 0.06140000
vt 0.03006462 0.74928480
vt 0.39420000 0.06519997
vt 0.46680000 0.02260000
vt 0.38859999 0.06140000
vt 0.53590000 0.01709998
vt 0.04272362 0.18072963
vt 0.53320003 0.02260000
vt 0.03589999 0.17830002
vt 0.96980000 0.25070000
vt 0.96410000 0.17830002
vt 0.95719999 0.18070000
vt 0.38859999 0.93860000
vt 0.03020000 0.25070000
vt 0.02269995 0.25120002
vt 0.39433539 0.93478483
vt 0.60579997 0.93480003
vt 0.46410000 0.98290002
vt 0.95727640 0.81927037
vt 0.46680000 0.97740000
vt 0.96410000 0.82169998
vt 0.03589999 0.82169998
vt 0.04279994 0.81930000
vt 0.03020000 0.74930000
vt 0.97797573 0.82667029
vt 0.45620000 0.99949998
vt 0.98479998 0.82910001
vt 0.45890000 0.99400002
vt 0.54380000 0.99949998
vt 0.62840003 0.94989997
vt 0.54110003 0.99400002
vt 0.62840003 0.94989997
vt 0.99949998 0.25250000
vt 0.62269998 0.94610000
vt 0.99210000 0.25209999
vt 0.99949998 0.25250000
vt 0.98479998 0.17089999
vt 0.02202424 0.17332971
vt 0.54380000 0.00050002
vt 0.01519995 0.17089999
vt 0.54110003 0.00599998
vt 0.62269998 0.05390000
vt 0.62840003 0.05010003
vt 0.54380000 0.00050002
vt 0.62269998 0.05390000
vt 0.61140001 0.06140000
vt 0.99214470 0.74795920
vt 0.54108268 0.00594348
vt 0.53582609 0.01700783
vt 0.02190480 0.17224348
vt 0.03569315 0.17720741
vt 0.02252659 0.25002450
vt 0.00769355 0.25089532
vt 0.38842660 0.93742448
vt 0.97729999 0.74880004
vt 0.97790539 0.82658291
vt 0.96413398 0.82165062
vt 0.45872760 0.99288291
vt 0.46400100 0.98185027
vt 0.37713820 0.94495451
vt 0.97790003 0.82669997
vt 0.99949998 0.74750000
vt 0.99210000 0.74790001
vt 0.98479998 0.82910001
vt 0.60566467 0.06521517
vt 0.97729999 0.74880004
vt 0.61140001 0.06140000
vt 0.96980000 0.74930000
vt 0.60579997 0.06519997
vt 0.53590000 0.01709998
vt 0.53320003 0.02260000
vt 0.02269995 0.25120002
vt 0.04279994 0.18070000
vt 0.03589999 0.17830002
vt 0.03020000 0.25070000
vt 0.04279994 0.18070000
vt 0.02269995 0.25120002
vt 0.46410000 0.98290002
vt 0.39420000 0.93480003
vt 0.38859999 0.93860000
vt 0.46680000 0.97740000
vt 0.96410000 0.82169998
vt 0.97729999 0.74880004
vt 0.95719999 0.81930000
vt 0.95719999 0.81930000
vt 0.97729999 0.74880004
vt 0.96980000 0.74930000
vt 0.45620000 0.99949998
vt 0.45890000 0.99400002
vt 0.37729999 0.94610000
vt 0.45620000 0.99949998
vt 0.37729999 0.94610000
vt 0.37160000 0.94989997
vt 0.37160000 0.94989997
vt 0.00790000 0.25209999
vt 0.00050000 0.25250000
vt 0.00050000 0.25250000
vt 0.02209997 0.17330003
vt 0.01519995 0.17089999
vt 0.62269998 0.05390000
vt 0.54380000 0.00050002
vt 0.54110003 0.00599998
vt 0.00790000 0.25209999
vt 0.02209997 0.17330003
vt 0.00050000 0.25250000
vt 0.37160000 0.94989997
vt 0.37729999 0.94610000
vt 0.00790000 0.25209999
vt 0.60579997 0.06519997
vt 0.61140001 0.06140000
vt 0.53590000 0.01709998
vt 0.00050000 0.25669998
vt 0.02079999 0.18089998
vt 0.01429998 0.17850000
vt 0.02086060 0.18085879
vt 0.55659997 0.00050002
vt 0.01429998 0.17850000
vt 0.55419999 0.00580001
vt 0.99250001 0.25629997
vt 0.99949998 0.25669998
vt 0.98570001 0.17850000
vt 0.00749999 0.25629997
vt 0.02079999 0.18089998
vt 0.00050000 0.25669998
vt 0.63080001 0.05159998
vt 0.62019998 0.05879998
vt 0.99251550 0.74374419
vt 0.55419582 0.00579423
vt 0.54925841 0.01637250
vt 0.02153880 0.18082678
vt 0.03446499 0.18553507
vt 0.02214993 0.25532091
vt 0.00825879 0.25616878
vt 0.38054991 0.94112092
vt 0.97860003 0.74460000
vt 0.97922498 0.81908959
vt 0.96629882 0.81438130
vt 0.44656810 0.99412215
vt 0.45150539 0.98354381
vt 0.36997429 0.94831294
vt 0.63080001 0.05159998
vt 0.55659997 0.00050002
vt 0.55419999 0.00580001
vt 0.98570001 0.17850000
vt 0.44586059 0.00584120
vt 0.97920001 0.18089998
vt 0.44340000 0.00050002
vt 0.99252778 0.25629950
vt 0.63609999 0.95200002
vt 0.99949998 0.25669998
vt 0.63080001 0.94840002
vt 0.99250001 0.25629997
vt 0.98570001 0.17850000
vt 0.97920001 0.18089998
vt 0.36390001 0.95200002
vt 0.00749999 0.25629997
vt 0.00050000 0.25669998
vt 0.36922780 0.94840056
vt 0.44340000 0.99949998
vt 0.44580001 0.99419999
vt 0.36919999 0.94840002
vt 0.97917360 0.81913000
vt 0.44340000 0.99949998
vt 0.98570001 0.82150006
vt 0.44580001 0.99419999
vt 0.97920001 0.81910002
vt 0.99949998 0.74329996
vt 0.99250001 0.74370003
vt 0.63077217 0.05159950
vt 0.99949998 0.74329996
vt 0.63609999 0.04799998
vt 0.99250001 0.74370003
vt 0.63080001 0.05159998
vt 0.63609999 0.04799998
vt 0.55659997 0.00050002
vt 0.00749999 0.74370003
vt 0.02141531 0.74455631
vt 0.36919999 0.05159998
vt 0.02079152 0.81904233
vt 0.03371748 0.81433463
vt 0.55344540 0.99408364
vt 0.54850793 0.98350567
vt 0.61946189 0.94108707
vt 0.63003761 0.94827902
vt 0.97784662 0.25533080
vt 0.37979999 0.05879998
vt 0.44580260 0.00579882
vt 0.45074010 0.01637679
vt 0.97845650 0.18084019
vt 0.96553051 0.18554783
vt 0.99173760 0.25617898
vt 0.36390001 0.04799998
vt 0.44580001 0.00580001
vt 0.44340000 0.00050002
vt 0.55419999 0.99419999
vt 0.63609999 0.95200002
vt 0.63080001 0.94840002
vt 0.36390001 0.95200002
vt 0.01429998 0.82150006
vt 0.55417359 0.99416995
vt 0.02079999 0.81910002
vt 0.55659997 0.99949998
vt 0.98570001 0.82150006
vt 0.99949998 0.74329996
vt 0.97920001 0.81910002
vt 0.00050000 0.74329996
vt 0.36919999 0.05159998
vt 0.36390001 0.04799998
vt 0.00747220 0.74370050
vt 0.36919999 0.05159998
vt 0.44580001 0.00580001
vt 0.36390001 0.04799998
vt 0.01429998 0.82150006
vt 0.02079999 0.81910002
vt 0.00749999 0.74370003
vt 0.55659997 0.99949998
vt 0.01429998 0.82150006
vt 0.00749999 0.74370003
vt 0.00050000 0.74329996
vt 0.01405657 0.69011128
vt 0.04159893 0.69176543
vt 0.32899901 0.09817493
vt 0.04062389 0.83594513
vt 0.06619995 0.82679999
vt 0.51840001 0.98930001
vt 0.50860000 0.96880001
vt 0.64875883 0.88664949
vt 0.66975999 0.90057671
vt 0.95716012 0.30698609
vt 0.35000029 0.11210209
vt 0.48034930 0.00944841
vt 0.49015260 0.02994949
vt 0.95812541 0.16280329
vt 0.93255258 0.17194951
vt 0.98469269 0.30863708
vt 0.02789998 0.84039998
vt 0.04069995 0.83590001
vt 0.01429998 0.69019997
vt 0.02789998 0.84039998
vt 0.51842833 0.98932463
vt 0.04069995 0.83590001
vt 0.52329999 0.99949998
vt 0.51843739 0.98941350
vt 0.68043739 0.90781337
vt 0.66992140 0.90089548
vt 0.52333748 0.99961346
vt 0.98572111 0.30973548
vt 0.68040001 0.90770000
vt 0.99949998 0.31059998
vt 0.66990000 0.90069997
vt 0.98570001 0.30980003
vt 0.97210002 0.15960002
vt 0.95929998 0.16409999
vt 0.97210002 0.15960002
vt 0.48157170 0.01067531
vt 0.95929998 0.16409999
vt 0.47670001 0.00050002
vt 0.33010000 0.09930003
vt 0.48159999 0.01069999
vt 0.31959999 0.09230000
vt 0.00050000 0.68939996
vt 0.01429998 0.69019997
vt 0.33010000 0.09930003
vt 0.02789998 0.84039998
vt 0.01429998 0.69019997
vt 0.00050000 0.68939996
vt 0.95932829 0.83587539
vt 0.47670001 0.99949998
vt 0.97210002 0.84039998
vt 0.48159999 0.98930001
vt 0.31973979 0.90763146
vt 0.48172379 0.98914951
vt 0.33023989 0.90063149
vt 0.47683969 0.99943155
vt 0.31959999 0.90770000
vt 0.01429998 0.30980003
vt 0.00050000 0.31059998
vt 0.33012101 0.90076447
vt 0.98570001 0.30980003
vt 0.99949998 0.31059998
vt 0.97210002 0.15960002
vt 0.04067165 0.16412473
vt 0.52329999 0.00050002
vt 0.02789998 0.15960002
vt 0.51840001 0.01069999
vt 0.31959999 0.09230000
vt 0.48159999 0.01069999
vt 0.47670001 0.00050002
vt 0.00050000 0.68939996
vt 0.33010000 0.09930003
vt 0.31959999 0.09230000
vt 0.95944363 0.83597851
vt 0.99964339 0.68947840
vt 0.98586428 0.69037664
vt 0.97224361 0.84047842
vt 0.51833761 0.01070601
vt 0.64889997 0.11320001
vt 0.66990000 0.09930003
vt 0.50855130 0.03117001
vt 0.04039870 0.16372550
vt 0.06600052 0.17285949
vt 0.04153330 0.30765778
vt 0.01398288 0.30930197
vt 0.35083330 0.88635778
vt 0.98576021 0.69025266
vt 0.95819998 0.69190001
vt 0.95934433 0.83582920
vt 0.93373930 0.82669628
vt 0.48140541 0.98884869
vt 0.49118850 0.96838570
vt 0.32983330 0.90025783
vt 0.01429998 0.30980003
vt 0.04069995 0.16409999
vt 0.00050000 0.31059998
vt 0.00050000 0.31059998
vt 0.04069995 0.16409999
vt 0.02789998 0.15960002
vt 0.66990000 0.09930003
vt 0.52329999 0.00050002
vt 0.51840001 0.01069999
vt 0.66990000 0.09930003
vt 0.68040001 0.09230000
vt 0.52329999 0.00050002
vt 0.66986972 0.09922582
vt 0.99949181 0.68939000
vt 0.68039292 0.09228969
vt 0.98569179 0.69018990
vt 0.35110000 0.11320001
vt 0.49630001 0.04140002
vt 0.49140000 0.03119999
vt 0.49627340 0.04147279
vt 0.93379998 0.17320001
vt 0.49140000 0.03119999
vt 0.92100000 0.17780000
vt 0.36160001 0.12019998
vt 0.49630001 0.04140002
vt 0.35110000 0.11320001
vt 0.50860000 0.03119999
vt 0.07897339 0.17772722
vt 0.50370002 0.04140002
vt 0.06619995 0.17320001
vt 0.94440001 0.30729997
vt 0.93379998 0.17320001
vt 0.92100000 0.17780000
vt 0.04179996 0.69190001
vt 0.36160001 0.12019998
vt 0.35110000 0.11320001
vt 0.05557786 0.69276714
vt 0.63840002 0.12019998
vt 0.50860000 0.03119999
vt 0.50370002 0.04140002
vt 0.04179996 0.30809999
vt 0.07899999 0.17780000
vt 0.06619995 0.17320001
vt 0.05559998 0.30729997
vt 0.07899999 0.17780000
vt 0.04179996 0.30809999
vt 0.94440001 0.30729997
vt 0.95819998 0.30809999
vt 0.93379998 0.17320001
vt 0.63837790 0.12013292
vt 0.95819998 0.69190001
vt 0.64889997 0.11320001
vt 0.94440001 0.69270003
vt 0.06619995 0.82679999
vt 0.05559998 0.69270003
vt 0.04179996 0.69190001
vt 0.63840002 0.12019998
vt 0.64889997 0.11320001
vt 0.50860000 0.03119999
vt 0.35110000 0.88679999
vt 0.05559998 0.30729997
vt 0.04179996 0.30809999
vt 0.36162210 0.87986708
vt 0.94442213 0.30723292
vt 0.64889997 0.88679999
vt 0.95819998 0.30809999
vt 0.63840002 0.87980002
vt 0.92100000 0.82220012
vt 0.95819998 0.69190001
vt 0.94440001 0.69270003
vt 0.06619995 0.82679999
vt 0.07899999 0.82220012
vt 0.05559998 0.69270003
vt 0.49140000 0.96880001
vt 0.36160001 0.87980002
vt 0.35110000 0.88679999
vt 0.50370002 0.95859998
vt 0.64889997 0.88679999
vt 0.63840002 0.87980002
vt 0.93379998 0.82679999
vt 0.95819998 0.69190001
vt 0.92100000 0.82220012
vt 0.50372660 0.95852733
vt 0.06619995 0.82679999
vt 0.50860000 0.96880001
vt 0.07899999 0.82220012
vt 0.49140000 0.96880001
vt 0.49630001 0.95859998
vt 0.36160001 0.87980002
vt 0.50860000 0.96880001
vt 0.64889997 0.88679999
vt 0.50370002 0.95859998
vt 0.49140000 0.96880001
vt 0.92102659 0.82227272
vt 0.49630001 0.95859998
vt 0.93379998 0.82679999
vt 0.74980003 0.00129998
vt 0.25020000 0.89240003
vt 0.74970001 0.89240003
vt 0.25029999 0.00129998
vt 0.00129998 0.00050002
vt 0.86489999 0.06209999
vt 0.89240003 0.05250001
vt 0.25020000 0.05250001
vt 0.74970001 0.09969997
vt 0.74970001 0.05250001
vt 0.25020000 0.09969997
vt 0.99870002 0.00050002
vt 0.10760000 0.05250001
vt 0.99870002 0.01410002
vt 0.25019991 0.02760023
vt 0.25019991 0.00050020
vt 0.00043333 0.01401311
vt 0.74973321 0.02764380
vt 0.74973321 0.00054377
vt 0.99949980 0.01410019
vt 0.89240003 0.05250001
vt 0.86489999 0.06209999
vt 0.96050000 0.09969997
vt 0.00129998 0.01410002
vt 0.99949998 0.09969997
vt 0.25020000 0.09969997
vt 0.74970001 0.90520000
vt 0.74970001 0.09969997
vt 0.25020000 0.90520000
vt 0.10760000 0.05250001
vt 0.00050000 0.09969997
vt 0.13510001 0.06209999
vt 0.13510001 0.06209999
vt 0.00129998 0.01410002
vt 0.00129998 0.02759999
vt 0.83730000 0.07169998
vt 0.99870002 0.01410002
vt 0.13510001 0.06209999
vt 0.99870002 0.02759999
vt 0.74970001 0.00129998
vt 0.25029999 0.83730012
vt 0.74980003 0.83730012
vt 0.25020000 0.00129998
vt 0.86489999 0.06209999
vt 0.92150003 0.09969997
vt 0.96050000 0.09969997
vt 0.99949998 0.90520000
vt 0.96050000 0.09969997
vt 0.96050000 0.90520000
vt 0.99949998 0.09969997
vt 0.25020000 0.90520000
vt 0.74980003 0.95020002
vt 0.74970001 0.90520000
vt 0.25029999 0.95020002
vt 0.03949999 0.09969997
vt 0.00050000 0.90520000
vt 0.03949999 0.90520000
vt 0.00050000 0.09969997
vt 0.03949999 0.09969997
vt 0.16269989 0.07169998
vt 0.74980003 0.07169998
vt 0.25029999 0.09969997
vt 0.74980003 0.09969997
vt 0.25029999 0.07169998
vt 0.96050000 0.90520000
vt 0.92150003 0.09969997
vt 0.92150003 0.90520000
vt 0.96050000 0.09969997
vt 0.99949998 0.90520000
vt 0.96050000 0.90520000
vt 0.86220002 0.94059998
vt 0.88980001 0.95020002
vt 0.74970001 0.00050002
vt 0.25029999 0.88980001
vt 0.74970001 0.88980001
vt 0.25029999 0.00050002
vt 0.00050000 0.90520000
vt 0.11020000 0.95020002
vt 0.03949999 0.90520000
vt 0.07849997 0.09969997
vt 0.03949999 0.90520000
vt 0.07849997 0.90520000
vt 0.03949999 0.09969997
vt 0.13510001 0.06209999
vt 0.03949999 0.09969997
vt 0.16269989 0.07169998
vt 0.07849997 0.09969997
vt 0.74980003 0.90520000
vt 0.25029999 0.09969997
vt 0.25029999 0.90520000
vt 0.74980003 0.09969997
vt 0.96050000 0.90520000
vt 0.92150003 0.90520000
vt 0.83469999 0.93099999
vt 0.86220002 0.94059998
vt 0.86220002 0.94059998
vt 0.00050000 0.98589998
vt 0.88980001 0.95020002
vt 0.00050000 0.99949998
vt 0.25023329 0.99945641
vt 0.25023329 0.97235644
vt 0.00050000 0.98589998
vt 0.74969977 0.99949998
vt 0.74969977 0.97240001
vt 0.99972701 0.98598713
vt 0.13779999 0.94059998
vt 0.11020000 0.95020002
vt 0.99949998 0.99949998
vt 0.13779999 0.94059998
vt 0.03949999 0.90520000
vt 0.13779999 0.94059998
vt 0.07849997 0.90520000
vt 0.25029999 0.93099999
vt 0.74980003 0.90520000
vt 0.25029999 0.90520000
vt 0.74980003 0.93099999
vt 0.83469999 0.93099999
vt 0.00050000 0.97240001
vt 0.86220002 0.94059998
vt 0.00050000 0.98589998
vt 0.74980003 0.00050002
vt 0.25029999 0.83469999
vt 0.74970001 0.83469999
vt 0.25040001 0.00050002
vt 0.16530000 0.93099999
vt 0.99949998 0.98589998
vt 0.99949998 0.97240001
vt 0.99949998 0.98589998
vt 0.74980003 0.00050002
vt 0.25029999 0.83469999
vt 0.74970001 0.83469999
vt 0.25040001 0.00050002
vt 0.16530000 0.93099999
vt 0.99949998 0.98589998
vt 0.99949998 0.97240001
vt 0.25026590 0.99945641
vt 0.25026590 0.97235644
vt 0.00050000 0.98589998
vt 0.74969977 0.99949998
vt 0.74969977 0.97240001
vt 0.99946570 0.98598713
vt 0.83469999 0.93099999
vt 0.00050000 0.97240001
vt 0.86220002 0.94059998
vt 0.25029999 0.93099999
vt 0.74980003 0.90520000
vt 0.25029999 0.90520000
vt 0.74980003 0.93099999
vt 0.13779999 0.94059998
vt 0.00050000 0.98589998
vt 0.13779999 0.94059998
vt 0.99949998 0.99949998
vt 0.99949998 0.98589998
vt 0.74970001 0.00050002
vt 0.25029999 0.88980001
vt 0.74970001 0.88980001
vt 0.25029999 0.00050002
vt 0.88980001 0.95020002
vt 0.00050000 0.98589998
vt 0.00050000 0.99949998
vt 0.96050000 0.90520000
vt 0.83469999 0.93099999
vt 0.86220002 0.94059998
vt 0.07849997 0.90520000
vt 0.92150003 0.90520000
vt 0.74980003 0.90520000
vt 0.25029999 0.09969997
vt 0.25029999 0.90520000
vt 0.74980003 0.09969997
vt 0.86220002 0.94059998
vt 0.11020000 0.95020002
vt 0.25020000 0.90520000
vt 0.74980003 0.95020002
vt 0.74970001 0.90520000
vt 0.25029999 0.95020002
vt 0.99949998 0.90520000
vt 0.96050000 0.90520000
vt 0.86220002 0.94059998
vt 0.03949999 0.90520000
vt 0.96050000 0.90520000
vt 0.92150003 0.09969997
vt 0.92150003 0.90520000
vt 0.96050000 0.09969997
vt 0.07849997 0.09969997
vt 0.03949999 0.90520000
vt 0.07849997 0.90520000
vt 0.03949999 0.09969997
vt 0.74980003 0.07169998
vt 0.25029999 0.09969997
vt 0.74980003 0.09969997
vt 0.25029999 0.07169998
vt 0.88980001 0.95020002
vt 0.03949999 0.90520000
vt 0.11020000 0.95020002
vt 0.13779999 0.94059998
vt 0.00050000 0.90520000
vt 0.25020000 0.09969997
vt 0.74970001 0.90520000
vt 0.74970001 0.09969997
vt 0.25020000 0.90520000
vt 0.99949998 0.90520000
vt 0.96050000 0.09969997
vt 0.96050000 0.90520000
vt 0.99949998 0.09969997
vt 0.86489999 0.06209999
vt 0.92150003 0.09969997
vt 0.96050000 0.09969997
vt 0.16269989 0.07169998
vt 0.03949999 0.09969997
vt 0.07849997 0.09969997
vt 0.03949999 0.09969997
vt 0.00050000 0.90520000
vt 0.03949999 0.90520000
vt 0.00050000 0.09969997
vt 0.83730000 0.07169998
vt 0.74970001 0.00129998
vt 0.25029999 0.83730012
vt 0.74980003 0.83730012
vt 0.25020000 0.00129998
vt 0.25020000 0.05250001
vt 0.74970001 0.09969997
vt 0.74970001 0.05250001
vt 0.25020000 0.09969997
vt 0.89240003 0.05250001
vt 0.96050000 0.09969997
vt 0.99949998 0.09969997
vt 0.86489999 0.06209999
vt 0.13510001 0.06209999
vt 0.13510001 0.06209999
vt 0.00050000 0.09969997
vt 0.03949999 0.09969997
vt 0.00129998 0.01410002
vt 0.99870002 0.02759999
vt 0.13510001 0.06209999
vt 0.16269989 0.07169998
vt 0.00129998 0.02759999
vt 0.25019991 0.02760023
vt 0.25019991 0.00050020
vt 0.00040068 0.01401311
vt 0.74970049 0.02764380
vt 0.74970049 0.00054377
vt 0.99949980 0.01410019
vt 0.10760000 0.05250001
vt 0.74980003 0.00129998
vt 0.25020000 0.89240003
vt 0.74970001 0.89240003
vt 0.25029999 0.00129998
vt 0.00129998 0.00050002
vt 0.86489999 0.06209999
vt 0.89240003 0.05250001
vt 0.00129998 0.01410002
vt 0.99870002 0.01410002
vt 0.99870002 0.00050002
vt 0.10760000 0.05250001
vt 0.99870002 0.01410002
vt 0.13510001 0.06209999
vt 0.74980003 0.00129998
vt 0.25020000 0.89240003
vt 0.74970001 0.89240003
vt 0.25029999 0.00129998
vt 0.00129998 0.00050002
vt 0.86489999 0.06209999
vt 0.89240003 0.05250001
vt 0.25020000 0.05250001
vt 0.74970001 0.09969997
vt 0.74970001 0.05250001
vt 0.25020000 0.09969997
vt 0.99870002 0.00050002
vt 0.10760000 0.05250001
vt 0.99870002 0.01410002
vt 0.25019991 0.02760023
vt 0.25019991 0.00050020
vt 0.00053128 0.01401311
vt 0.74973321 0.02764380
vt 0.74973321 0.00054377
vt 0.99949980 0.01410019
vt 0.89240003 0.05250001
vt 0.86489999 0.06209999
vt 0.96050000 0.09969997
vt 0.00129998 0.01410002
vt 0.99949998 0.09969997
vt 0.25020000 0.09969997
vt 0.74970001 0.90520000
vt 0.74970001 0.09969997
vt 0.25020000 0.90520000
vt 0.10760000 0.05250001
vt 0.00050000 0.09969997
vt 0.13510001 0.06209999
vt 0.13510001 0.06209999
vt 0.00129998 0.01410002
vt 0.00129998 0.02759999
vt 0.83730000 0.07169998
vt 0.99870002 0.01410002
vt 0.13510001 0.06209999
vt 0.99870002 0.02759999
vt 0.74970001 0.00129998
vt 0.25029999 0.83730012
vt 0.74980003 0.83730012
vt 0.25020000 0.00129998
vt 0.86489999 0.06209999
vt 0.92150003 0.09969997
vt 0.96050000 0.09969997
vt 0.99949998 0.90520000
vt 0.96050000 0.09969997
vt 0.96050000 0.90520000
vt 0.99949998 0.09969997
vt 0.25020000 0.90520000
vt 0.74980003 0.95020002
vt 0.74970001 0.90520000
vt 0.25029999 0.95020002
vt 0.03949999 0.09969997
vt 0.00050000 0.90520000
vt 0.03949999 0.90520000
vt 0.00050000 0.09969997
vt 0.03949999 0.09969997
vt 0.16269989 0.07169998
vt 0.74980003 0.07169998
vt 0.25029999 0.09969997
vt 0.74980003 0.09969997
vt 0.25029999 0.07169998
vt 0.96050000 0.90520000
vt 0.92150003 0.09969997
vt 0.92150003 0.90520000
vt 0.96050000 0.09969997
vt 0.99949998 0.90520000
vt 0.96050000 0.90520000
vt 0.86220002 0.94059998
vt 0.88980001 0.95020002
vt 0.74970001 0.00050002
vt 0.25029999 0.88980001
vt 0.74970001 0.88980001
vt 0.25029999 0.00050002
vt 0.00050000 0.90520000
vt 0.11020000 0.95020002
vt 0.03949999 0.90520000
vt 0.07849997 0.09969997
vt 0.03949999 0.90520000
vt 0.07849997 0.90520000
vt 0.03949999 0.09969997
vt 0.13510001 0.06209999
vt 0.03949999 0.09969997
vt 0.16269989 0.07169998
vt 0.07849997 0.09969997
vt 0.74980003 0.90520000
vt 0.25029999 0.09969997
vt 0.25029999 0.90520000
vt 0.74980003 0.09969997
vt 0.96050000 0.90520000
vt 0.92150003 0.90520000
vt 0.83469999 0.93099999
vt 0.86220002 0.94059998
vt 0.86220002 0.94059998
vt 0.00050000 0.98589998
vt 0.88980001 0.95020002
vt 0.00050000 0.99949998
vt 0.25016800 0.99945641
vt 0.25016800 0.97235644
vt 0.00050000 0.98589998
vt 0.74969977 0.99949998
vt 0.74969977 0.97240001
vt 0.99946570 0.98598713
vt 0.13779999 0.94059998
vt 0.11020000 0.95020002
vt 0.99949998 0.99949998
vt 0.13779999 0.94059998
vt 0.03949999 0.90520000
vt 0.13779999 0.94059998
vt 0.07849997 0.90520000
vt 0.25029999 0.93099999
vt 0.74980003 0.90520000
vt 0.25029999 0.90520000
vt 0.74980003 0.93099999
vt 0.83469999 0.93099999
vt 0.00050000 0.97240001
vt 0.86220002 0.94059998
vt 0.00050000 0.98589998
vt 0.74980003 0.00050002
vt 0.25029999 0.83469999
vt 0.74970001 0.83469999
vt 0.25040001 0.00050002
vt 0.16530000 0.93099999
vt 0.99949998 0.98589998
vt 0.99949998 0.97240001
vt 0.99949998 0.98589998
vt 0.61604238 0.04926503
vt 0.60477269 0.05681157
vt 0.99156010 0.74759740
vt 0.53389668 0.00100797
vt 0.52871388 0.01213992
vt 0.01489674 0.16830802
vt 0.02875161 0.17330313
vt 0.01612576 0.24656242
vt 0.00125754 0.24744129
vt 0.38804039 0.93819457
vt 0.97668737 0.74844384
vt 0.97790003 0.82669997
vt 0.96406227 0.82173681
vt 0.45890000 0.99400002
vt 0.46410000 0.98290002
vt 0.37677521 0.94577378
vt 0.96410000 0.82169998
vt 0.97729999 0.74880004
vt 0.95719999 0.81930000
vt 0.46410000 0.98290002
vt 0.95726192 0.81927508
vt 0.46680000 0.97740000
vt 0.96410000 0.82169998
vt 0.46410000 0.98290002
vt 0.39420000 0.93480003
vt 0.38859999 0.93860000
vt 0.38859999 0.93860000
vt 0.03020000 0.25070000
vt 0.02269995 0.25120002
vt 0.39433539 0.93478483
vt 0.02269995 0.25120002
vt 0.04279994 0.18070000
vt 0.03589999 0.17830002
vt 0.53590000 0.01709998
vt 0.04273809 0.18072492
vt 0.53320003 0.02260000
vt 0.03589999 0.17830002
vt 0.60579997 0.06519997
vt 0.61140001 0.06140000
vt 0.53590000 0.01709998
vt 0.60566467 0.06521517
vt 0.97729999 0.74880004
vt 0.61140001 0.06140000
vt 0.96980000 0.74930000
vt 0.62274891 0.05378658
vt 0.99949998 0.74750000
vt 0.62840003 0.05010003
vt 0.99210000 0.74790001
vt 0.62269998 0.05390000
vt 0.54380000 0.00050002
vt 0.54110003 0.00599998
vt 0.02200572 0.17333567
vt 0.54380000 0.00050002
vt 0.01519995 0.17089999
vt 0.54110003 0.00599998
vt 0.00790000 0.25209999
vt 0.02209997 0.17330003
vt 0.00050000 0.25250000
vt 0.37160000 0.94989997
vt 0.00790000 0.25209999
vt 0.00050000 0.25250000
vt 0.37725109 0.94621336
vt 0.45620000 0.99949998
vt 0.45890000 0.99400002
vt 0.37729999 0.94610000
vt 0.97799420 0.82666433
vt 0.45620000 0.99949998
vt 0.98479998 0.82910001
vt 0.45890000 0.99400002
vt 0.97790003 0.82669997
vt 0.99949998 0.74750000
vt 0.99210000 0.74790001
vt 0.95719999 0.81930000
vt 0.97729999 0.74880004
vt 0.96980000 0.74930000
vt 0.53326190 0.97742498
vt 0.03589999 0.82169998
vt 0.53590000 0.98290002
vt 0.04279994 0.81930000
vt 0.46680000 0.97740000
vt 0.96993530 0.25071520
vt 0.61140001 0.93860000
vt 0.97729999 0.25120002
vt 0.60579997 0.93480003
vt 0.03020000 0.25070000
vt 0.46673810 0.02257508
vt 0.96410000 0.17830002
vt 0.46410000 0.01709998
vt 0.95719999 0.18070000
vt 0.60579997 0.06519997
vt 0.53590000 0.01709998
vt 0.53320003 0.02260000
vt 0.02269995 0.74880004
vt 0.39420000 0.06519997
vt 0.38859999 0.06140000
vt 0.03006462 0.74928480
vt 0.00050000 0.74750000
vt 0.37729999 0.05390000
vt 0.37160000 0.05010003
vt 0.00794888 0.74801338
vt 0.62269998 0.05390000
vt 0.62840003 0.05010003
vt 0.54380000 0.00050002
vt 0.98479998 0.17089999
vt 0.45880580 0.00596428
vt 0.97790003 0.17330003
vt 0.45620000 0.00050002
vt 0.00050000 0.25250000
vt 0.02209997 0.17330003
vt 0.01519995 0.17089999
vt 0.99205112 0.25198668
vt 0.62840003 0.94989997
vt 0.99949998 0.25250000
vt 0.62269998 0.94610000
vt 0.45620000 0.99949998
vt 0.37729999 0.94610000
vt 0.37160000 0.94989997
vt 0.01519995 0.82910001
vt 0.54119432 0.99403566
vt 0.02209997 0.82669997
vt 0.54380000 0.99949998
vt 0.98479998 0.82910001
vt 0.99949998 0.74750000
vt 0.97790003 0.82669997
vt 0.03589999 0.82169998
vt 0.04279994 0.81930000
vt 0.03020000 0.74930000
vt 0.53590000 0.98290002
vt 0.61140001 0.93860000
vt 0.53320003 0.97740000
vt 0.60579997 0.93480003
vt 0.96980000 0.25070000
vt 0.97729999 0.25120002
vt 0.96410000 0.17830002
vt 0.95719999 0.18070000
vt 0.38859999 0.06140000
vt 0.46680000 0.02260000
vt 0.46410000 0.01709998
vt 0.39420000 0.06519997
vt 0.46680000 0.02260000
vt 0.38859999 0.06140000
vt 0.03589999 0.82169998
vt 0.03020000 0.74930000
vt 0.02269995 0.74880004
vt 0.00790000 0.74790001
vt 0.02274425 0.74874127
vt 0.37729999 0.05390000
vt 0.02212153 0.82651258
vt 0.03588964 0.82158029
vt 0.54116231 0.99278259
vt 0.53589118 0.98175132
vt 0.61143738 0.93732387
vt 0.62273312 0.94485629
vt 0.97729307 0.24998260
vt 0.38859999 0.06140000
vt 0.45889151 0.00594318
vt 0.46414569 0.01700610
vt 0.97793221 0.17221320
vt 0.96414721 0.17717707
vt 0.99213308 0.25085628
vt 0.37729999 0.05390000
vt 0.45890000 0.00599998
vt 0.37160000 0.05010003
vt 0.01519995 0.82910001
vt 0.00790000 0.74790001
vt 0.00050000 0.74750000
vt 0.37160000 0.05010003
vt 0.45890000 0.00599998
vt 0.45620000 0.00050002
vt 0.99210000 0.25209999
vt 0.98479998 0.17089999
vt 0.97790003 0.17330003
vt 0.99210000 0.25209999
vt 0.99949998 0.25250000
vt 0.98479998 0.17089999
vt 0.54110003 0.99400002
vt 0.62840003 0.94989997
vt 0.62269998 0.94610000
vt 0.54380000 0.99949998
vt 0.62840003 0.94989997
vt 0.54110003 0.99400002
vt 0.01519995 0.82910001
vt 0.02209997 0.82669997
vt 0.00790000 0.74790001
vt 0.74980003 0.00129998
vt 0.25020000 0.89240003
vt 0.74970001 0.89240003
vt 0.25029999 0.00129998
vt 0.00129998 0.00050002
vt 0.86489999 0.06209999
vt 0.89240003 0.05250001
vt 0.25020000 0.05250001
vt 0.74970001 0.09969997
vt 0.74970001 0.05250001
vt 0.25020000 0.09969997
vt 0.99870002 0.00050002
vt 0.10760000 0.05250001
vt 0.99870002 0.01410002
vt 0.25019991 0.02760023
vt 0.25019991 0.00050020
vt 0.00040068 0.01401311
vt 0.74970049 0.02764380
vt 0.74970049 0.00054377
vt 0.99949980 0.01410019
vt 0.89240003 0.05250001
vt 0.86489999 0.06209999
vt 0.96050000 0.09969997
vt 0.00129998 0.01410002
vt 0.99949998 0.09969997
vt 0.25020000 0.09969997
vt 0.74970001 0.90520000
vt 0.74970001 0.09969997
vt 0.25020000 0.90520000
vt 0.10760000 0.05250001
vt 0.00050000 0.09969997
vt 0.13510001 0.06209999
vt 0.13510001 0.06209999
vt 0.00129998 0.01410002
vt 0.00129998 0.02759999
vt 0.83730000 0.07169998
vt 0.99870002 0.01410002
vt 0.13510001 0.06209999
vt 0.99870002 0.02759999
vt 0.74970001 0.00129998
vt 0.25029999 0.83730012
vt 0.74980003 0.83730012
vt 0.25020000 0.00129998
vt 0.86489999 0.06209999
vt 0.92150003 0.09969997
vt 0.96050000 0.09969997
vt 0.99949998 0.90520000
vt 0.96050000 0.09969997
vt 0.96050000 0.90520000
vt 0.99949998 0.09969997
vt 0.25020000 0.90520000
vt 0.74980003 0.95020002
vt 0.74970001 0.90520000
vt 0.25029999 0.95020002
vt 0.03949999 0.09969997
vt 0.00050000 0.90520000
vt 0.03949999 0.90520000
vt 0.00050000 0.09969997
vt 0.03949999 0.09969997
vt 0.16269989 0.07169998
vt 0.74980003 0.07169998
vt 0.25029999 0.09969997
vt 0.74980003 0.09969997
vt 0.25029999 0.07169998
vt 0.96050000 0.90520000
vt 0.92150003 0.09969997
vt 0.92150003 0.90520000
vt 0.96050000 0.09969997
vt 0.99949998 0.90520000
vt 0.96050000 0.90520000
vt 0.86220002 0.94059998
vt 0.88980001 0.95020002
vt 0.74970001 0.00050002
vt 0.25029999 0.88980001
vt 0.74970001 0.88980001
vt 0.25029999 0.00050002
vt 0.00050000 0.90520000
vt 0.11020000 0.95020002
vt 0.03949999 0.90520000
vt 0.07849997 0.09969997
vt 0.03949999 0.90520000
vt 0.07849997 0.90520000
vt 0.03949999 0.09969997
vt 0.13510001 0.06209999
vt 0.03949999 0.09969997
vt 0.16269989 0.07169998
vt 0.07849997 0.09969997
vt 0.74980003 0.90520000
vt 0.25029999 0.09969997
vt 0.25029999 0.90520000
vt 0.74980003 0.09969997
vt 0.96050000 0.90520000
vt 0.92150003 0.90520000
vt 0.83469999 0.93099999
vt 0.86220002 0.94059998
vt 0.86220002 0.94059998
vt 0.00050000 0.98589998
vt 0.88980001 0.95020002
vt 0.00050000 0.99949998
vt 0.25026590 0.99945641
vt 0.25026590 0.97235644
vt 0.00050000 0.98589998
vt 0.74969977 0.99949998
vt 0.74969977 0.97240001
vt 0.99946570 0.98598713
vt 0.13779999 0.94059998
vt 0.11020000 0.95020002
vt 0.99949998 0.99949998
vt 0.13779999 0.94059998
vt 0.03949999 0.90520000
vt 0.13779999 0.94059998
vt 0.07849997 0.90520000
vt 0.25029999 0.93099999
vt 0.74980003 0.90520000
vt 0.25029999 0.90520000
vt 0.74980003 0.93099999
vt 0.83469999 0.93099999
vt 0.00050000 0.97240001
vt 0.86220002 0.94059998
vt 0.00050000 0.98589998
vt 0.74980003 0.00050002
vt 0.25029999 0.83469999
vt 0.74970001 0.83469999
vt 0.25040001 0.00050002
vt 0.16530000 0.93099999
vt 0.99949998 0.98589998
vt 0.99949998 0.97240001
vt 0.99949998 0.98589998
vt 0.25029999 0.00139999
vt 0.74970001 0.88279998
vt 0.74980003 0.00139999
vt 0.25020000 0.88279998
vt 0.00139999 0.00050002
vt 0.85280001 0.08389997
vt 0.88279998 0.06840003
vt 0.25020000 0.14450002
vt 0.74970001 0.06840003
vt 0.25020000 0.06840003
vt 0.74970001 0.14450002
vt 0.99860001 0.00050002
vt 0.11720000 0.06840003
vt 0.99860001 0.02230000
vt 0.00040068 0.02236670
vt 0.74970073 0.00046670
vt 0.25020000 0.00050002
vt 0.99949998 0.02230000
vt 0.25020000 0.04420000
vt 0.74970073 0.04416668
vt 0.85280001 0.08389997
vt 0.95700002 0.14450002
vt 0.88279998 0.06840003
vt 0.00139999 0.02230000
vt 0.99949998 0.14450002
vt 0.25020000 0.84759998
vt 0.74970001 0.14450002
vt 0.25020000 0.14450002
vt 0.74970001 0.84759998
vt 0.14720000 0.08389997
vt 0.11720000 0.06840003
vt 0.00050000 0.14450002
vt 0.14720000 0.08389997
vt 0.99860001 0.04420000
vt 0.99860001 0.02230000
vt 0.14720000 0.08389997
vt 0.25029999 0.82270002
vt 0.74970001 0.00139999
vt 0.25020000 0.00139999
vt 0.74980003 0.82270002
vt 0.00139999 0.02230000
vt 0.00139999 0.04420000
vt 0.82270002 0.09930003
vt 0.85280001 0.08389997
vt 0.91450000 0.14450002
vt 0.95700002 0.14450002
vt 0.85280001 0.08389997
vt 0.95700002 0.14450002
vt 0.99949998 0.84759998
vt 0.99949998 0.14450002
vt 0.95700002 0.84759998
vt 0.25020000 0.92000002
vt 0.74970001 0.84759998
vt 0.25020000 0.84759998
vt 0.74970001 0.92000002
vt 0.04299998 0.84759998
vt 0.00050000 0.14450002
vt 0.00050000 0.84759998
vt 0.04299998 0.14450002
vt 0.04299998 0.14450002
vt 0.17730001 0.09930003
vt 0.25029999 0.14450002
vt 0.74980003 0.09930003
vt 0.25029999 0.09930003
vt 0.74980003 0.14450002
vt 0.91450000 0.14450002
vt 0.95700002 0.84759998
vt 0.95700002 0.14450002
vt 0.91450000 0.84759998
vt 0.82270002 0.09930003
vt 0.84990001 0.90450001
vt 0.99949998 0.84759998
vt 0.95700002 0.84759998
vt 0.88000000 0.92000002
vt 0.25029999 0.88000000
vt 0.74970001 0.00050002
vt 0.25020000 0.00050002
vt 0.74980003 0.88000000
vt 0.12000000 0.92000002
vt 0.04299998 0.84759998
vt 0.00050000 0.84759998
vt 0.08550000 0.84759998
vt 0.04299998 0.14450002
vt 0.04299998 0.84759998
vt 0.08550000 0.14450002
vt 0.17730001 0.09930003
vt 0.14720000 0.08389997
vt 0.04299998 0.14450002
vt 0.08550000 0.14450002
vt 0.25029999 0.84759998
vt 0.74980003 0.14450002
vt 0.25029999 0.14450002
vt 0.74980003 0.84759998
vt 0.81989998 0.88910002
vt 0.95700002 0.84759998
vt 0.91450000 0.84759998
vt 0.84990001 0.90450001
vt 0.00050000 0.97770000
vt 0.88000000 0.92000002
vt 0.84990001 0.90450001
vt 0.00050000 0.99949998
vt 0.00050000 0.97770000
vt 0.74970001 0.95580000
vt 0.25026599 0.95583171
vt 0.99946600 0.97763664
vt 0.25026599 0.99953169
vt 0.74970001 0.99949998
vt 0.99949998 0.99949998
vt 0.15009990 0.90450001
vt 0.15009990 0.90450001
vt 0.08550000 0.84759998
vt 0.04299998 0.84759998
vt 0.74980003 0.88910002
vt 0.25029999 0.84759998
vt 0.25029999 0.88910002
vt 0.74980003 0.84759998
vt 0.00050000 0.95580000
vt 0.84990001 0.90450001
vt 0.81989998 0.88910002
vt 0.00050000 0.97770000
vt 0.25029999 0.00050002
vt 0.74970001 0.81990004
vt 0.74980003 0.00050002
vt 0.25020000 0.81990004
vt 0.99949998 0.95580000
vt 0.18009999 0.88910002
vt 0.99949998 0.97770000
vt 0.99949998 0.97770000
vt 0.25029999 0.00139999
vt 0.74970001 0.88279998
vt 0.74980003 0.00139999
vt 0.25020000 0.88279998
vt 0.00139999 0.00050002
vt 0.85280001 0.08389997
vt 0.88279998 0.06840003
vt 0.25020000 0.14450002
vt 0.74970001 0.06840003
vt 0.25020000 0.06840003
vt 0.74970001 0.14450002
vt 0.99860001 0.00050002
vt 0.11720000 0.06840003
vt 0.99860001 0.02230000
vt 0.00154326 0.02236658
vt 0.74976599 0.00046670
vt 0.25020000 0.00050002
vt 0.99949998 0.02230000
vt 0.25020000 0.04420000
vt 0.74976599 0.04416668
vt 0.85280001 0.08389997
vt 0.95700002 0.14450002
vt 0.88279998 0.06840003
vt 0.00139999 0.02230000
vt 0.99949998 0.14450002
vt 0.25020000 0.84759998
vt 0.74970001 0.14450002
vt 0.25020000 0.14450002
vt 0.74970001 0.84759998
vt 0.14720000 0.08389997
vt 0.11720000 0.06840003
vt 0.00050000 0.14450002
vt 0.14720000 0.08389997
vt 0.99860001 0.04420000
vt 0.99860001 0.02230000
vt 0.14720000 0.08389997
vt 0.25029999 0.82270002
vt 0.74970001 0.00139999
vt 0.25020000 0.00139999
vt 0.74980003 0.82270002
vt 0.00139999 0.02230000
vt 0.00139999 0.04420000
vt 0.82270002 0.09930003
vt 0.85280001 0.08389997
vt 0.91450000 0.14450002
vt 0.95700002 0.14450002
vt 0.85280001 0.08389997
vt 0.95700002 0.14450002
vt 0.99949998 0.84759998
vt 0.99949998 0.14450002
vt 0.95700002 0.84759998
vt 0.25020000 0.92000002
vt 0.74970001 0.84759998
vt 0.25020000 0.84759998
vt 0.74970001 0.92000002
vt 0.04299998 0.84759998
vt 0.00050000 0.14450002
vt 0.00050000 0.84759998
vt 0.04299998 0.14450002
vt 0.04299998 0.14450002
vt 0.17730001 0.09930003
vt 0.25029999 0.14450002
vt 0.74980003 0.09930003
vt 0.25029999 0.09930003
vt 0.74980003 0.14450002
vt 0.91450000 0.14450002
vt 0.95700002 0.84759998
vt 0.95700002 0.14450002
vt 0.91450000 0.84759998
vt 0.82270002 0.09930003
vt 0.84990001 0.90450001
vt 0.99949998 0.84759998
vt 0.95700002 0.84759998
vt 0.88000000 0.92000002
vt 0.25029999 0.88000000
vt 0.74970001 0.00050002
vt 0.25020000 0.00050002
vt 0.74980003 0.88000000
vt 0.12000000 0.92000002
vt 0.04299998 0.84759998
vt 0.00050000 0.84759998
vt 0.08550000 0.84759998
vt 0.04299998 0.14450002
vt 0.04299998 0.84759998
vt 0.08550000 0.14450002
vt 0.17730001 0.09930003
vt 0.14720000 0.08389997
vt 0.04299998 0.14450002
vt 0.08550000 0.14450002
vt 0.25029999 0.84759998
vt 0.74980003 0.14450002
vt 0.25029999 0.14450002
vt 0.74980003 0.84759998
vt 0.81989998 0.88910002
vt 0.95700002 0.84759998
vt 0.91450000 0.84759998
vt 0.84990001 0.90450001
vt 0.00050000 0.97770000
vt 0.88000000 0.92000002
vt 0.84990001 0.90450001
vt 0.00050000 0.99949998
vt 0.00050000 0.97770000
vt 0.74970001 0.95580000
vt 0.24948150 0.95583177
vt 0.99976021 0.97763658
vt 0.24948150 0.99953175
vt 0.74970001 0.99949998
vt 0.99949998 0.99949998
vt 0.15009990 0.90450001
vt 0.15009990 0.90450001
vt 0.08550000 0.84759998
vt 0.04299998 0.84759998
vt 0.74980003 0.88910002
vt 0.25029999 0.84759998
vt 0.25029999 0.88910002
vt 0.74980003 0.84759998
vt 0.00050000 0.95580000
vt 0.84990001 0.90450001
vt 0.81989998 0.88910002
vt 0.00050000 0.97770000
vt 0.25029999 0.00050002
vt 0.74970001 0.81990004
vt 0.74980003 0.00050002
vt 0.25020000 0.81990004
vt 0.99949998 0.95580000
vt 0.18009999 0.88910002
vt 0.99949998 0.97770000
vt 0.99949998 0.97770000
vt 0.37979999 0.05879998
vt 0.45320001 0.02170002
vt 0.45080000 0.01639998
vt 0.45334220 0.02173561
vt 0.96619999 0.18559998
vt 0.45080000 0.01639998
vt 0.95980000 0.18800002
vt 0.38510001 0.06239998
vt 0.45320001 0.02170002
vt 0.37979999 0.05879998
vt 0.54920000 0.01639998
vt 0.04034218 0.18796438
vt 0.54680002 0.02170002
vt 0.03379994 0.18559998
vt 0.97160000 0.25500000
vt 0.96619999 0.18559998
vt 0.95980000 0.18800002
vt 0.02139997 0.74460000
vt 0.38510001 0.06239998
vt 0.37979999 0.05879998
vt 0.02834616 0.74505001
vt 0.61489999 0.06239998
vt 0.54920000 0.01639998
vt 0.54680002 0.02170002
vt 0.02139997 0.25540000
vt 0.04019999 0.18800002
vt 0.03379994 0.18559998
vt 0.02840000 0.25500000
vt 0.04019999 0.18800002
vt 0.02139997 0.25540000
vt 0.97160000 0.25500000
vt 0.97860003 0.25540000
vt 0.96619999 0.18559998
vt 0.61484623 0.06234998
vt 0.97860003 0.74460000
vt 0.62019998 0.05879998
vt 0.97160000 0.74500000
vt 0.03379994 0.81440002
vt 0.02840000 0.74500000
vt 0.02139997 0.74460000
vt 0.61489999 0.06239998
vt 0.62019998 0.05879998
vt 0.54920000 0.01639998
vt 0.37979999 0.94120002
vt 0.02840000 0.25500000
vt 0.02139997 0.25540000
vt 0.38515380 0.93765002
vt 0.97165382 0.25494999
vt 0.62019998 0.94120002
vt 0.97860003 0.25540000
vt 0.61489999 0.93760002
vt 0.95980000 0.81200004
vt 0.97860003 0.74460000
vt 0.97160000 0.74500000
vt 0.03379994 0.81440002
vt 0.04019999 0.81200004
vt 0.02840000 0.74500000
vt 0.45080000 0.98360002
vt 0.38510001 0.93760002
vt 0.37979999 0.94120002
vt 0.54680002 0.97829998
vt 0.62019998 0.94120002
vt 0.61489999 0.93760002
vt 0.96619999 0.81440002
vt 0.97860003 0.74460000
vt 0.95980000 0.81200004
vt 0.54665780 0.97826439
vt 0.03379994 0.81440002
vt 0.54920000 0.98360002
vt 0.04019999 0.81200004
vt 0.45080000 0.98360002
vt 0.45320001 0.97829998
vt 0.38510001 0.93760002
vt 0.54920000 0.98360002
vt 0.62019998 0.94120002
vt 0.54680002 0.97829998
vt 0.45080000 0.98360002
vt 0.95965779 0.81203562
vt 0.45320001 0.97829998
vt 0.96619999 0.81440002
vt 0.25029999 0.88000000
vt 0.74970001 0.00050002
vt 0.25020000 0.00050002
vt 0.74980003 0.88000000
vt 0.00050000 0.97770000
vt 0.00050000 0.99949998
vt 0.88000000 0.92000002
vt 0.00050000 0.97770000
vt 0.74970001 0.95580000
vt 0.25023329 0.95583171
vt 0.99933541 0.97763664
vt 0.25023329 0.99953169
vt 0.74970001 0.99949998
vt 0.99949998 0.99949998
vt 0.15009990 0.90450001
vt 0.12000000 0.92000002
vt 0.25020000 0.92000002
vt 0.74970001 0.84759998
vt 0.25020000 0.84759998
vt 0.74970001 0.92000002
vt 0.84990001 0.90450001
vt 0.00050000 0.97770000
vt 0.84990001 0.90450001
vt 0.00050000 0.95580000
vt 0.25029999 0.00050002
vt 0.74970001 0.81990004
vt 0.74980003 0.00050002
vt 0.25020000 0.81990004
vt 0.99949998 0.95580000
vt 0.18009999 0.88910002
vt 0.99949998 0.97770000
vt 0.99949998 0.97770000
vt 0.04299998 0.84759998
vt 0.84990001 0.90450001
vt 0.88000000 0.92000002
vt 0.99949998 0.84759998
vt 0.00050000 0.84759998
vt 0.25020000 0.84759998
vt 0.74970001 0.14450002
vt 0.25020000 0.14450002
vt 0.74970001 0.84759998
vt 0.81989998 0.88910002
vt 0.74980003 0.88910002
vt 0.25029999 0.84759998
vt 0.25029999 0.88910002
vt 0.74980003 0.84759998
vt 0.15009990 0.90450001
vt 0.08550000 0.84759998
vt 0.04299998 0.84759998
vt 0.95700002 0.84759998
vt 0.04299998 0.84759998
vt 0.00050000 0.14450002
vt 0.00050000 0.84759998
vt 0.04299998 0.14450002
vt 0.95700002 0.14450002
vt 0.99949998 0.84759998
vt 0.99949998 0.14450002
vt 0.95700002 0.84759998
vt 0.25020000 0.14450002
vt 0.74970001 0.06840003
vt 0.25020000 0.06840003
vt 0.74970001 0.14450002
vt 0.81989998 0.88910002
vt 0.84990001 0.90450001
vt 0.95700002 0.84759998
vt 0.91450000 0.84759998
vt 0.25029999 0.84759998
vt 0.74980003 0.14450002
vt 0.25029999 0.14450002
vt 0.74980003 0.84759998
vt 0.08550000 0.84759998
vt 0.04299998 0.14450002
vt 0.04299998 0.84759998
vt 0.08550000 0.14450002
vt 0.14720000 0.08389997
vt 0.00050000 0.14450002
vt 0.04299998 0.14450002
vt 0.91450000 0.14450002
vt 0.95700002 0.84759998
vt 0.95700002 0.14450002
vt 0.91450000 0.84759998
vt 0.88279998 0.06840003
vt 0.95700002 0.14450002
vt 0.99949998 0.14450002
vt 0.11720000 0.06840003
vt 0.25029999 0.00139999
vt 0.74970001 0.88279998
vt 0.74980003 0.00139999
vt 0.25020000 0.88279998
vt 0.25029999 0.14450002
vt 0.74980003 0.09930003
vt 0.25029999 0.09930003
vt 0.74980003 0.14450002
vt 0.17730001 0.09930003
vt 0.04299998 0.14450002
vt 0.08550000 0.14450002
vt 0.14720000 0.08389997
vt 0.85280001 0.08389997
vt 0.91450000 0.14450002
vt 0.95700002 0.14450002
vt 0.85280001 0.08389997
vt 0.99860001 0.02230000
vt 0.11720000 0.06840003
vt 0.14720000 0.08389997
vt 0.00139999 0.00050002
vt 0.85280001 0.08389997
vt 0.88279998 0.06840003
vt 0.99860001 0.00050002
vt 0.00040068 0.02236670
vt 0.74979860 0.00046670
vt 0.25020000 0.00050002
vt 0.99949998 0.02230000
vt 0.25020000 0.04420000
vt 0.74979860 0.04416668
vt 0.82270002 0.09930003
vt 0.25029999 0.82270002
vt 0.74970001 0.00139999
vt 0.25020000 0.00139999
vt 0.74980003 0.82270002
vt 0.99860001 0.04420000
vt 0.14720000 0.08389997
vt 0.17730001 0.09930003
vt 0.99860001 0.02230000
vt 0.00139999 0.02230000
vt 0.00139999 0.02230000
vt 0.00139999 0.04420000
vt 0.82270002 0.09930003
vt 0.85280001 0.08389997
vt 0.25029999 0.00139999
vt 0.74970001 0.88279998
vt 0.74980003 0.00139999
vt 0.25020000 0.88279998
vt 0.00139999 0.00050002
vt 0.85280001 0.08389997
vt 0.88279998 0.06840003
vt 0.25020000 0.14450002
vt 0.74970001 0.06840003
vt 0.25020000 0.06840003
vt 0.74970001 0.14450002
vt 0.99860001 0.00050002
vt 0.11720000 0.06840003
vt 0.99860001 0.02230000
vt 0.00040068 0.02236670
vt 0.74970073 0.00046670
vt 0.25020000 0.00050002
vt 0.99949998 0.02230000
vt 0.25020000 0.04420000
vt 0.74970073 0.04416668
vt 0.85280001 0.08389997
vt 0.95700002 0.14450002
vt 0.88279998 0.06840003
vt 0.00139999 0.02230000
vt 0.99949998 0.14450002
vt 0.25020000 0.84759998
vt 0.74970001 0.14450002
vt 0.25020000 0.14450002
vt 0.74970001 0.84759998
vt 0.14720000 0.08389997
vt 0.11720000 0.06840003
vt 0.00050000 0.14450002
vt 0.14720000 0.08389997
vt 0.99860001 0.04420000
vt 0.99860001 0.02230000
vt 0.14720000 0.08389997
vt 0.25029999 0.82270002
vt 0.74970001 0.00139999
vt 0.25020000 0.00139999
vt 0.74980003 0.82270002
vt 0.00139999 0.02230000
vt 0.00139999 0.04420000
vt 0.82270002 0.09930003
vt 0.85280001 0.08389997
vt 0.91450000 0.14450002
vt 0.95700002 0.14450002
vt 0.85280001 0.08389997
vt 0.95700002 0.14450002
vt 0.99949998 0.84759998
vt 0.99949998 0.14450002
vt 0.95700002 0.84759998
vt 0.25020000 0.92000002
vt 0.74970001 0.84759998
vt 0.25020000 0.84759998
vt 0.74970001 0.92000002
vt 0.04299998 0.84759998
vt 0.00050000 0.14450002
vt 0.00050000 0.84759998
vt 0.04299998 0.14450002
vt 0.04299998 0.14450002
vt 0.17730001 0.09930003
vt 0.25029999 0.14450002
vt 0.74980003 0.09930003
vt 0.25029999 0.09930003
vt 0.74980003 0.14450002
vt 0.91450000 0.14450002
vt 0.95700002 0.84759998
vt 0.95700002 0.14450002
vt 0.91450000 0.84759998
vt 0.82270002 0.09930003
vt 0.84990001 0.90450001
vt 0.99949998 0.84759998
vt 0.95700002 0.84759998
vt 0.88000000 0.92000002
vt 0.25029999 0.88000000
vt 0.74970001 0.00050002
vt 0.25020000 0.00050002
vt 0.74980003 0.88000000
vt 0.12000000 0.92000002
vt 0.04299998 0.84759998
vt 0.00050000 0.84759998
vt 0.08550000 0.84759998
vt 0.04299998 0.14450002
vt 0.04299998 0.84759998
vt 0.08550000 0.14450002
vt 0.17730001 0.09930003
vt 0.14720000 0.08389997
vt 0.04299998 0.14450002
vt 0.08550000 0.14450002
vt 0.25029999 0.84759998
vt 0.74980003 0.14450002
vt 0.25029999 0.14450002
vt 0.74980003 0.84759998
vt 0.81989998 0.88910002
vt 0.95700002 0.84759998
vt 0.91450000 0.84759998
vt 0.84990001 0.90450001
vt 0.00050000 0.97770000
vt 0.88000000 0.92000002
vt 0.84990001 0.90450001
vt 0.00050000 0.99949998
vt 0.00050000 0.97770000
vt 0.74970001 0.95580000
vt 0.25026599 0.95583171
vt 0.99946600 0.97763664
vt 0.25026599 0.99953169
vt 0.74970001 0.99949998
vt 0.99949998 0.99949998
vt 0.15009990 0.90450001
vt 0.15009990 0.90450001
vt 0.08550000 0.84759998
vt 0.04299998 0.84759998
vt 0.74980003 0.88910002
vt 0.25029999 0.84759998
vt 0.25029999 0.88910002
vt 0.74980003 0.84759998
vt 0.00050000 0.95580000
vt 0.84990001 0.90450001
vt 0.81989998 0.88910002
vt 0.00050000 0.97770000
vt 0.25029999 0.00050002
vt 0.74970001 0.81990004
vt 0.74980003 0.00050002
vt 0.25020000 0.81990004
vt 0.99949998 0.95580000
vt 0.18009999 0.88910002
vt 0.99949998 0.97770000
vt 0.99949998 0.97770000
vt 0.01414967 0.69014120
vt 0.04168814 0.69179410
vt 0.32962030 0.09837431
vt 0.04061365 0.83594179
vt 0.06619995 0.82679999
vt 0.51840001 0.98930001
vt 0.50860000 0.96880001
vt 0.64887631 0.88668722
vt 0.66985297 0.90060651
vt 0.95779490 0.30718988
vt 0.35060671 0.11229670
vt 0.48107651 0.00968182
vt 0.49086350 0.03017771
vt 0.95886290 0.16303998
vt 0.93326360 0.17217767
vt 0.98531389 0.30883652
vt 0.02789998 0.84039998
vt 0.04069995 0.83590001
vt 0.01429998 0.69019997
vt 0.02789998 0.84039998
vt 0.51844722 0.98933071
vt 0.04069995 0.83590001
vt 0.52329999 0.99949998
vt 0.51840001 0.98930001
vt 0.68040001 0.90770000
vt 0.66990000 0.90069997
vt 0.98572111 0.30973548
vt 0.68040001 0.90770000
vt 0.99949998 0.31059998
vt 0.66990000 0.90069997
vt 0.98570001 0.30980003
vt 0.97210002 0.15960002
vt 0.95929998 0.16409999
vt 0.97210002 0.15960002
vt 0.48155281 0.01066929
vt 0.95929998 0.16409999
vt 0.47670001 0.00050002
vt 0.33010000 0.09930003
vt 0.48159999 0.01069999
vt 0.31959999 0.09230000
vt 0.00050000 0.68939996
vt 0.01429998 0.69019997
vt 0.33010000 0.09930003
vt 0.02789998 0.84039998
vt 0.01429998 0.69019997
vt 0.00050000 0.68939996
vt 0.95934719 0.83586931
vt 0.47670001 0.99949998
vt 0.97210002 0.84039998
vt 0.48159999 0.98930001
vt 0.52329999 0.99949998
vt 0.31959999 0.90770000
vt 0.01429998 0.30980003
vt 0.00050000 0.31059998
vt 0.33012101 0.90076447
vt 0.99949998 0.31059998
vt 0.04065278 0.16413069
vt 0.52329999 0.00050002
vt 0.02789998 0.15960002
vt 0.51840001 0.01069999
vt 0.31959999 0.09230000
vt 0.48159999 0.01069999
vt 0.47670001 0.00050002
vt 0.00050000 0.68939996
vt 0.33010000 0.09930003
vt 0.31959999 0.09230000
vt 0.95945209 0.83598197
vt 0.99965191 0.68948197
vt 0.98587269 0.69038022
vt 0.97225207 0.84048200
vt 0.51830190 0.01071739
vt 0.64889997 0.11320001
vt 0.66990000 0.09930003
vt 0.50851178 0.03118271
vt 0.04016817 0.16379929
vt 0.06579006 0.17292678
vt 0.04127034 0.30774200
vt 0.01372965 0.30938298
vt 0.35057029 0.88644201
vt 0.98576021 0.69025266
vt 0.95819998 0.69190001
vt 0.95930868 0.83584058
vt 0.93369973 0.82670891
vt 0.48117489 0.98892248
vt 0.49097800 0.96845311
vt 0.32958010 0.90033889
vt 0.47670001 0.99949998
vt 0.48159999 0.98930001
vt 0.33010000 0.90069997
vt 0.31959999 0.90770000
vt 0.01429998 0.30980003
vt 0.04069995 0.16409999
vt 0.00050000 0.31059998
vt 0.02789998 0.15960002
vt 0.66990000 0.09930003
vt 0.52329999 0.00050002
vt 0.51840001 0.01069999
vt 0.66990000 0.09930003
vt 0.68040001 0.09230000
vt 0.52329999 0.00050002
vt 0.66981608 0.09923840
vt 0.99943823 0.68940258
vt 0.68033928 0.09230232
vt 0.98563820 0.69020259
vt 0.25029999 0.00139999
vt 0.74970001 0.88279998
vt 0.74980003 0.00139999
vt 0.25020000 0.88279998
vt 0.00139999 0.00050002
vt 0.85280001 0.08389997
vt 0.88279998 0.06840003
vt 0.25020000 0.14450002
vt 0.74970001 0.06840003
vt 0.25020000 0.06840003
vt 0.74970001 0.14450002
vt 0.99860001 0.00050002
vt 0.11720000 0.06840003
vt 0.99860001 0.02230000
vt 0.00040068 0.02236342
vt 0.74979860 0.00046831
vt 0.25020000 0.00050002
vt 0.99949998 0.02230000
vt 0.25020000 0.04420000
vt 0.74979860 0.04416829
vt 0.85280001 0.08389997
vt 0.95700002 0.14450002
vt 0.88279998 0.06840003
vt 0.00139999 0.02230000
vt 0.99949998 0.14450002
vt 0.25020000 0.84759998
vt 0.74970001 0.14450002
vt 0.25020000 0.14450002
vt 0.74970001 0.84759998
vt 0.14720000 0.08389997
vt 0.11720000 0.06840003
vt 0.00050000 0.14450002
vt 0.14720000 0.08389997
vt 0.99860001 0.04420000
vt 0.99860001 0.02230000
vt 0.14720000 0.08389997
vt 0.25029999 0.82270002
vt 0.74970001 0.00139999
vt 0.25020000 0.00139999
vt 0.74980003 0.82270002
vt 0.00139999 0.02230000
vt 0.00139999 0.04420000
vt 0.82270002 0.09930003
vt 0.85280001 0.08389997
vt 0.91450000 0.14450002
vt 0.95700002 0.14450002
vt 0.85280001 0.08389997
vt 0.95700002 0.14450002
vt 0.99949998 0.84759998
vt 0.99949998 0.14450002
vt 0.95700002 0.84759998
vt 0.25020000 0.92000002
vt 0.74970001 0.84759998
vt 0.25020000 0.84759998
vt 0.74970001 0.92000002
vt 0.04299998 0.84759998
vt 0.00050000 0.14450002
vt 0.00050000 0.84759998
vt 0.04299998 0.14450002
vt 0.04299998 0.14450002
vt 0.17730001 0.09930003
vt 0.25029999 0.14450002
vt 0.74980003 0.09930003
vt 0.25029999 0.09930003
vt 0.74980003 0.14450002
vt 0.91450000 0.14450002
vt 0.95700002 0.84759998
vt 0.95700002 0.14450002
vt 0.91450000 0.84759998
vt 0.82270002 0.09930003
vt 0.84990001 0.90450001
vt 0.99949998 0.84759998
vt 0.95700002 0.84759998
vt 0.88000000 0.92000002
vt 0.25029999 0.88000000
vt 0.74970001 0.00050002
vt 0.25020000 0.00050002
vt 0.74980003 0.88000000
vt 0.12000000 0.92000002
vt 0.04299998 0.84759998
vt 0.00050000 0.84759998
vt 0.08550000 0.84759998
vt 0.04299998 0.14450002
vt 0.04299998 0.84759998
vt 0.08550000 0.14450002
vt 0.17730001 0.09930003
vt 0.14720000 0.08389997
vt 0.04299998 0.14450002
vt 0.08550000 0.14450002
vt 0.25029999 0.84759998
vt 0.74980003 0.14450002
vt 0.25029999 0.14450002
vt 0.74980003 0.84759998
vt 0.81989998 0.88910002
vt 0.95700002 0.84759998
vt 0.91450000 0.84759998
vt 0.84990001 0.90450001
vt 0.00050000 0.97770000
vt 0.88000000 0.92000002
vt 0.84990001 0.90450001
vt 0.00050000 0.99949998
vt 0.00050000 0.97770000
vt 0.74970001 0.95580000
vt 0.25023329 0.95583332
vt 0.99933541 0.97763330
vt 0.25023329 0.99953330
vt 0.74970001 0.99949998
vt 0.99949998 0.99949998
vt 0.15009990 0.90450001
vt 0.15009990 0.90450001
vt 0.08550000 0.84759998
vt 0.04299998 0.84759998
vt 0.74980003 0.88910002
vt 0.25029999 0.84759998
vt 0.25029999 0.88910002
vt 0.74980003 0.84759998
vt 0.00050000 0.95580000
vt 0.84990001 0.90450001
vt 0.81989998 0.88910002
vt 0.00050000 0.97770000
vt 0.25029999 0.00050002
vt 0.74970001 0.81990004
vt 0.74980003 0.00050002
vt 0.25020000 0.81990004
vt 0.99949998 0.95580000
vt 0.18009999 0.88910002
vt 0.99949998 0.97770000
vt 0.99949998 0.97770000
vt 0.35110000 0.11320001
vt 0.49630001 0.04140002
vt 0.49140000 0.03119999
vt 0.49625421 0.04146659
vt 0.93379998 0.17320001
vt 0.49140000 0.03119999
vt 0.92100000 0.17780000
vt 0.36160001 0.12019998
vt 0.49630001 0.04140002
vt 0.35110000 0.11320001
vt 0.50860000 0.03119999
vt 0.07895420 0.17773342
vt 0.50370002 0.04140002
vt 0.06619995 0.17320001
vt 0.94440001 0.30729997
vt 0.93379998 0.17320001
vt 0.92100000 0.17780000
vt 0.04179996 0.69190001
vt 0.36160001 0.12019998
vt 0.35110000 0.11320001
vt 0.05557786 0.69276714
vt 0.63840002 0.12019998
vt 0.50860000 0.03119999
vt 0.50370002 0.04140002
vt 0.04179996 0.30809999
vt 0.07899999 0.17780000
vt 0.06619995 0.17320001
vt 0.05559998 0.30729997
vt 0.95819998 0.30809999
vt 0.63837790 0.12013292
vt 0.95819998 0.69190001
vt 0.64889997 0.11320001
vt 0.94440001 0.69270003
vt 0.06619995 0.82679999
vt 0.05559998 0.69270003
vt 0.04179996 0.69190001
vt 0.63840002 0.12019998
vt 0.64889997 0.11320001
vt 0.50860000 0.03119999
vt 0.35110000 0.88679999
vt 0.05559998 0.30729997
vt 0.04179996 0.30809999
vt 0.36162210 0.87986708
vt 0.94442213 0.30723292
vt 0.64889997 0.88679999
vt 0.95819998 0.30809999
vt 0.63840002 0.87980002
vt 0.92100000 0.82220012
vt 0.95819998 0.69190001
vt 0.94440001 0.69270003
vt 0.06619995 0.82679999
vt 0.07899999 0.82220012
vt 0.05559998 0.69270003
vt 0.49140000 0.96880001
vt 0.36160001 0.87980002
vt 0.35110000 0.88679999
vt 0.50370002 0.95859998
vt 0.64889997 0.88679999
vt 0.63840002 0.87980002
vt 0.93379998 0.82679999
vt 0.95819998 0.69190001
vt 0.92100000 0.82220012
vt 0.50374579 0.95853353
vt 0.06619995 0.82679999
vt 0.50860000 0.96880001
vt 0.07899999 0.82220012
vt 0.49630001 0.95859998
vt 0.50860000 0.96880001
vt 0.49140000 0.96880001
vt 0.92104578 0.82226658
vt 0.49630001 0.95859998
vt 0.93379998 0.82679999
vt 0.25029999 0.00139999
vt 0.74970001 0.88279998
vt 0.74980003 0.00139999
vt 0.25020000 0.88279998
vt 0.00139999 0.00050002
vt 0.85280001 0.08389997
vt 0.88279998 0.06840003
vt 0.25020000 0.14450002
vt 0.74970001 0.06840003
vt 0.25020000 0.06840003
vt 0.74970001 0.14450002
vt 0.99860001 0.00050002
vt 0.11720000 0.06840003
vt 0.99860001 0.02230000
vt 0.00040068 0.02236342
vt 0.74970073 0.00046831
vt 0.25020000 0.00050002
vt 0.99949998 0.02230000
vt 0.25020000 0.04420000
vt 0.74970073 0.04416829
vt 0.85280001 0.08389997
vt 0.95700002 0.14450002
vt 0.88279998 0.06840003
vt 0.00139999 0.02230000
vt 0.99949998 0.14450002
vt 0.25020000 0.84759998
vt 0.74970001 0.14450002
vt 0.25020000 0.14450002
vt 0.74970001 0.84759998
vt 0.14720000 0.08389997
vt 0.11720000 0.06840003
vt 0.00050000 0.14450002
vt 0.14720000 0.08389997
vt 0.99860001 0.04420000
vt 0.99860001 0.02230000
vt 0.14720000 0.08389997
vt 0.25029999 0.82270002
vt 0.74970001 0.00139999
vt 0.25020000 0.00139999
vt 0.74980003 0.82270002
vt 0.00139999 0.02230000
vt 0.00139999 0.04420000
vt 0.82270002 0.09930003
vt 0.85280001 0.08389997
vt 0.91450000 0.14450002
vt 0.95700002 0.14450002
vt 0.85280001 0.08389997
vt 0.95700002 0.14450002
vt 0.99949998 0.84759998
vt 0.99949998 0.14450002
vt 0.95700002 0.84759998
vt 0.25020000 0.92000002
vt 0.74970001 0.84759998
vt 0.25020000 0.84759998
vt 0.74970001 0.92000002
vt 0.04299998 0.84759998
vt 0.00050000 0.14450002
vt 0.00050000 0.84759998
vt 0.04299998 0.14450002
vt 0.04299998 0.14450002
vt 0.17730001 0.09930003
vt 0.25029999 0.14450002
vt 0.74980003 0.09930003
vt 0.25029999 0.09930003
vt 0.74980003 0.14450002
vt 0.91450000 0.14450002
vt 0.95700002 0.84759998
vt 0.95700002 0.14450002
vt 0.91450000 0.84759998
vt 0.82270002 0.09930003
vt 0.84990001 0.90450001
vt 0.99949998 0.84759998
vt 0.95700002 0.84759998
vt 0.88000000 0.92000002
vt 0.25029999 0.88000000
vt 0.74970001 0.00050002
vt 0.25020000 0.00050002
vt 0.74980003 0.88000000
vt 0.12000000 0.92000002
vt 0.04299998 0.84759998
vt 0.00050000 0.84759998
vt 0.08550000 0.84759998
vt 0.04299998 0.14450002
vt 0.04299998 0.84759998
vt 0.08550000 0.14450002
vt 0.17730001 0.09930003
vt 0.14720000 0.08389997
vt 0.04299998 0.14450002
vt 0.08550000 0.14450002
vt 0.25029999 0.84759998
vt 0.74980003 0.14450002
vt 0.25029999 0.14450002
vt 0.74980003 0.84759998
vt 0.81989998 0.88910002
vt 0.95700002 0.84759998
vt 0.91450000 0.84759998
vt 0.84990001 0.90450001
vt 0.00050000 0.97770000
vt 0.88000000 0.92000002
vt 0.84990001 0.90450001
vt 0.00050000 0.99949998
vt 0.00050000 0.97770000
vt 0.74970001 0.95580000
vt 0.25026599 0.95583332
vt 0.99946600 0.97763330
vt 0.25026599 0.99953330
vt 0.74970001 0.99949998
vt 0.99949998 0.99949998
vt 0.15009990 0.90450001
vt 0.15009990 0.90450001
vt 0.08550000 0.84759998
vt 0.04299998 0.84759998
vt 0.74980003 0.88910002
vt 0.25029999 0.84759998
vt 0.25029999 0.88910002
vt 0.74980003 0.84759998
vt 0.00050000 0.95580000
vt 0.84990001 0.90450001
vt 0.81989998 0.88910002
vt 0.00050000 0.97770000
vt 0.25029999 0.00050002
vt 0.74970001 0.81990004
vt 0.74980003 0.00050002
vt 0.25020000 0.81990004
vt 0.99949998 0.95580000
vt 0.18009999 0.88910002
vt 0.99949998 0.97770000
vt 0.99949998 0.97770000
vt 0.00749999 0.74370003
vt 0.02141529 0.74455631
vt 0.36919999 0.05159998
vt 0.02080388 0.81903940
vt 0.03373293 0.81433928
vt 0.55361873 0.99413496
vt 0.54867232 0.98356056
vt 0.61961699 0.94113946
vt 0.63022041 0.94834065
vt 0.97800171 0.25538319
vt 0.37979999 0.05879998
vt 0.44580871 0.00580788
vt 0.45075509 0.01638240
vt 0.97862351 0.18090349
vt 0.96569449 0.18560362
vt 0.99192041 0.25624061
vt 0.98570001 0.17850000
vt 0.44584331 0.00583547
vt 0.97920001 0.18089998
vt 0.44340000 0.00050002
vt 0.36919999 0.05159998
vt 0.44580001 0.00580001
vt 0.36390001 0.04799998
vt 0.00050000 0.74329996
vt 0.36919999 0.05159998
vt 0.36390001 0.04799998
vt 0.00745641 0.74373078
vt 0.01429998 0.82150006
vt 0.02079999 0.81910002
vt 0.00749999 0.74370003
vt 0.01429998 0.82150006
vt 0.55415672 0.99416441
vt 0.02079999 0.81910002
vt 0.55659997 0.99949998
vt 0.55419999 0.99419999
vt 0.63609999 0.95200002
vt 0.63080001 0.94840002
vt 0.99254358 0.25626922
vt 0.63609999 0.95200002
vt 0.99949998 0.25669998
vt 0.63080001 0.94840002
vt 0.99250001 0.25629997
vt 0.98570001 0.17850000
vt 0.97920001 0.18089998
vt 0.02084331 0.18086451
vt 0.55659997 0.00050002
vt 0.01429998 0.17850000
vt 0.55419999 0.00580001
vt 0.44340000 0.00050002
vt 0.63075638 0.05156922
vt 0.99949998 0.74329996
vt 0.63609999 0.04799998
vt 0.99250001 0.74370003
vt 0.01429998 0.82150006
vt 0.00749999 0.74370003
vt 0.00050000 0.74329996
vt 0.97915667 0.81913561
vt 0.44340000 0.99949998
vt 0.98570001 0.82150006
vt 0.44580001 0.99419999
vt 0.55659997 0.99949998
vt 0.63609999 0.95200002
vt 0.55419999 0.99419999
vt 0.36390001 0.95200002
vt 0.00749999 0.25629997
vt 0.00050000 0.25669998
vt 0.36924359 0.94843078
vt 0.99250001 0.25629997
vt 0.99949998 0.25669998
vt 0.98570001 0.17850000
vt 0.63080001 0.05159998
vt 0.62019998 0.05879998
vt 0.99251539 0.74374413
vt 0.55418968 0.00580329
vt 0.54924339 0.01637810
vt 0.02137180 0.18089008
vt 0.03430107 0.18559080
vt 0.02199487 0.25537330
vt 0.00807596 0.25623041
vt 0.38039491 0.94117332
vt 0.97860003 0.74460000
vt 0.97921258 0.81908667
vt 0.96628338 0.81438589
vt 0.44639480 0.99417341
vt 0.45134100 0.98359865
vt 0.36979139 0.94837445
vt 0.63080001 0.05159998
vt 0.55659997 0.00050002
vt 0.55419999 0.00580001
vt 0.00050000 0.25669998
vt 0.02079999 0.18089998
vt 0.01429998 0.17850000
vt 0.63609999 0.04799998
vt 0.97920001 0.81910002
vt 0.99949998 0.74329996
vt 0.99250001 0.74370003
vt 0.98570001 0.82150006
vt 0.99949998 0.74329996
vt 0.97920001 0.81910002
vt 0.44340000 0.99949998
vt 0.44580001 0.99419999
vt 0.36919999 0.94840002
vt 0.44340000 0.99949998
vt 0.36919999 0.94840002
vt 0.36390001 0.95200002
vt 0.00749999 0.25629997
vt 0.02079999 0.18089998
vt 0.00050000 0.25669998
vt 0.74980003 0.00129998
vt 0.25020000 0.89240003
vt 0.74970001 0.89240003
vt 0.25029999 0.00129998
vt 0.00129998 0.00050002
vt 0.86489999 0.06209999
vt 0.89240003 0.05250001
vt 0.25020000 0.05250001
vt 0.74970001 0.09969997
vt 0.74970001 0.05250001
vt 0.25020000 0.09969997
vt 0.99870002 0.00050002
vt 0.10760000 0.05250001
vt 0.99870002 0.01410002
vt 0.25019991 0.02760023
vt 0.25019991 0.00050020
vt 0.00043333 0.01401311
vt 0.74973321 0.02764380
vt 0.74973321 0.00054377
vt 0.99949980 0.01410019
vt 0.89240003 0.05250001
vt 0.86489999 0.06209999
vt 0.96050000 0.09969997
vt 0.00129998 0.01410002
vt 0.99949998 0.09969997
vt 0.25020000 0.09969997
vt 0.74970001 0.90520000
vt 0.74970001 0.09969997
vt 0.25020000 0.90520000
vt 0.10760000 0.05250001
vt 0.00050000 0.09969997
vt 0.13510001 0.06209999
vt 0.13510001 0.06209999
vt 0.99870002 0.01410002
vt 0.13510001 0.06209999
vt 0.99870002 0.02759999
vt 0.74970001 0.00129998
vt 0.25029999 0.83730012
vt 0.74980003 0.83730012
vt 0.25020000 0.00129998
vt 0.00129998 0.01410002
vt 0.00129998 0.02759999
vt 0.83730000 0.07169998
vt 0.86489999 0.06209999
vt 0.92150003 0.09969997
vt 0.96050000 0.09969997
vt 0.99949998 0.90520000
vt 0.96050000 0.09969997
vt 0.96050000 0.90520000
vt 0.99949998 0.09969997
vt 0.25020000 0.90520000
vt 0.74980003 0.95020002
vt 0.74970001 0.90520000
vt 0.25029999 0.95020002
vt 0.03949999 0.09969997
vt 0.00050000 0.90520000
vt 0.03949999 0.90520000
vt 0.00050000 0.09969997
vt 0.03949999 0.09969997
vt 0.16269989 0.07169998
vt 0.74980003 0.07169998
vt 0.25029999 0.09969997
vt 0.74980003 0.09969997
vt 0.25029999 0.07169998
vt 0.96050000 0.90520000
vt 0.92150003 0.09969997
vt 0.92150003 0.90520000
vt 0.96050000 0.09969997
vt 0.99949998 0.90520000
vt 0.96050000 0.90520000
vt 0.86220002 0.94059998
vt 0.88980001 0.95020002
vt 0.74970001 0.00050002
vt 0.25029999 0.88980001
vt 0.74970001 0.88980001
vt 0.25029999 0.00050002
vt 0.00050000 0.90520000
vt 0.11020000 0.95020002
vt 0.03949999 0.90520000
vt 0.07849997 0.09969997
vt 0.03949999 0.90520000
vt 0.07849997 0.90520000
vt 0.03949999 0.09969997
vt 0.13510001 0.06209999
vt 0.03949999 0.09969997
vt 0.16269989 0.07169998
vt 0.07849997 0.09969997
vt 0.74980003 0.90520000
vt 0.25029999 0.09969997
vt 0.25029999 0.90520000
vt 0.74980003 0.09969997
vt 0.96050000 0.90520000
vt 0.92150003 0.90520000
vt 0.83469999 0.93099999
vt 0.86220002 0.94059998
vt 0.86220002 0.94059998
vt 0.00050000 0.98589998
vt 0.88980001 0.95020002
vt 0.00050000 0.99949998
vt 0.25023329 0.99945641
vt 0.25023329 0.97235644
vt 0.00050000 0.98589998
vt 0.74969977 0.99949998
vt 0.74969977 0.97240001
vt 0.99943310 0.98598713
vt 0.13779999 0.94059998
vt 0.11020000 0.95020002
vt 0.99949998 0.99949998
vt 0.13779999 0.94059998
vt 0.03949999 0.90520000
vt 0.13779999 0.94059998
vt 0.07849997 0.90520000
vt 0.25029999 0.93099999
vt 0.74980003 0.90520000
vt 0.25029999 0.90520000
vt 0.74980003 0.93099999
vt 0.83469999 0.93099999
vt 0.00050000 0.97240001
vt 0.86220002 0.94059998
vt 0.00050000 0.98589998
vt 0.74980003 0.00050002
vt 0.25029999 0.83469999
vt 0.74970001 0.83469999
vt 0.25040001 0.00050002
vt 0.16530000 0.93099999
vt 0.99949998 0.98589998
vt 0.99949998 0.97240001
vt 0.99949998 0.98589998
vt 0.74980003 0.00129998
vt 0.25020000 0.89240003
vt 0.74970001 0.89240003
vt 0.25029999 0.00129998
vt 0.00129998 0.00050002
vt 0.86489999 0.06209999
vt 0.89240003 0.05250001
vt 0.25020000 0.05250001
vt 0.74970001 0.09969997
vt 0.74970001 0.05250001
vt 0.25020000 0.09969997
vt 0.99870002 0.00050002
vt 0.10760000 0.05250001
vt 0.99870002 0.01410002
vt 0.25019991 0.02760023
vt 0.25019991 0.00050020
vt 0.00059654 0.01401311
vt 0.74979842 0.02764380
vt 0.74979842 0.00054377
vt 0.99949980 0.01410019
vt 0.89240003 0.05250001
vt 0.86489999 0.06209999
vt 0.96050000 0.09969997
vt 0.00129998 0.01410002
vt 0.99949998 0.09969997
vt 0.25020000 0.09969997
vt 0.74970001 0.90520000
vt 0.74970001 0.09969997
vt 0.25020000 0.90520000
vt 0.10760000 0.05250001
vt 0.00050000 0.09969997
vt 0.13510001 0.06209999
vt 0.13510001 0.06209999
vt 0.99870002 0.01410002
vt 0.13510001 0.06209999
vt 0.99870002 0.02759999
vt 0.74970001 0.00129998
vt 0.25029999 0.83730012
vt 0.74980003 0.83730012
vt 0.25020000 0.00129998
vt 0.00129998 0.01410002
vt 0.00129998 0.02759999
vt 0.83730000 0.07169998
vt 0.86489999 0.06209999
vt 0.92150003 0.09969997
vt 0.96050000 0.09969997
vt 0.99949998 0.90520000
vt 0.96050000 0.09969997
vt 0.96050000 0.90520000
vt 0.99949998 0.09969997
vt 0.25020000 0.90520000
vt 0.74980003 0.95020002
vt 0.74970001 0.90520000
vt 0.25029999 0.95020002
vt 0.03949999 0.09969997
vt 0.00050000 0.90520000
vt 0.03949999 0.90520000
vt 0.00050000 0.09969997
vt 0.03949999 0.09969997
vt 0.16269989 0.07169998
vt 0.74980003 0.07169998
vt 0.25029999 0.09969997
vt 0.74980003 0.09969997
vt 0.25029999 0.07169998
vt 0.96050000 0.90520000
vt 0.92150003 0.09969997
vt 0.92150003 0.90520000
vt 0.96050000 0.09969997
vt 0.99949998 0.90520000
vt 0.96050000 0.90520000
vt 0.86220002 0.94059998
vt 0.88980001 0.95020002
vt 0.74970001 0.00050002
vt 0.25029999 0.88980001
vt 0.74970001 0.88980001
vt 0.25029999 0.00050002
vt 0.00050000 0.90520000
vt 0.11020000 0.95020002
vt 0.03949999 0.90520000
vt 0.07849997 0.09969997
vt 0.03949999 0.90520000
vt 0.07849997 0.90520000
vt 0.03949999 0.09969997
vt 0.13510001 0.06209999
vt 0.03949999 0.09969997
vt 0.16269989 0.07169998
vt 0.07849997 0.09969997
vt 0.74980003 0.90520000
vt 0.25029999 0.09969997
vt 0.25029999 0.90520000
vt 0.74980003 0.09969997
vt 0.96050000 0.90520000
vt 0.92150003 0.90520000
vt 0.83469999 0.93099999
vt 0.86220002 0.94059998
vt 0.86220002 0.94059998
vt 0.00050000 0.98589998
vt 0.88980001 0.95020002
vt 0.00050000 0.99949998
vt 0.25010270 0.99945641
vt 0.25010270 0.97235644
vt 0.00050000 0.98589998
vt 0.74969977 0.99949998
vt 0.74969977 0.97240001
vt 0.99940050 0.98598713
vt 0.13779999 0.94059998
vt 0.11020000 0.95020002
vt 0.99949998 0.99949998
vt 0.13779999 0.94059998
vt 0.03949999 0.90520000
vt 0.13779999 0.94059998
vt 0.07849997 0.90520000
vt 0.25029999 0.93099999
vt 0.74980003 0.90520000
vt 0.25029999 0.90520000
vt 0.74980003 0.93099999
vt 0.83469999 0.93099999
vt 0.00050000 0.97240001
vt 0.86220002 0.94059998
vt 0.00050000 0.98589998
vt 0.74980003 0.00050002
vt 0.25029999 0.83469999
vt 0.74970001 0.83469999
vt 0.25040001 0.00050002
vt 0.16530000 0.93099999
vt 0.99949998 0.98589998
vt 0.99949998 0.97240001
vt 0.99949998 0.98589998
vt 0.00050000 0.25669998
vt 0.02079999 0.18089998
vt 0.01429998 0.17850000
vt 0.02086060 0.18085879
vt 0.55659997 0.00050002
vt 0.01429998 0.17850000
vt 0.55419999 0.00580001
vt 0.99250001 0.25629997
vt 0.99949998 0.25669998
vt 0.98570001 0.17850000
vt 0.00749999 0.25629997
vt 0.02079999 0.18089998
vt 0.00050000 0.25669998
vt 0.63080001 0.05159998
vt 0.62019998 0.05879998
vt 0.99251539 0.74374413
vt 0.55419898 0.00580031
vt 0.54925871 0.01637310
vt 0.02154257 0.18083400
vt 0.03446583 0.18553668
vt 0.02215058 0.25532222
vt 0.00825947 0.25617009
vt 0.38055059 0.94112217
vt 0.97860003 0.74460000
vt 0.97922188 0.81908357
vt 0.96629870 0.81438088
vt 0.44656551 0.99411726
vt 0.45150581 0.98354453
vt 0.36997491 0.94831419
vt 0.63080001 0.05159998
vt 0.55659997 0.00050002
vt 0.55419999 0.00580001
vt 0.98570001 0.17850000
vt 0.44586059 0.00584120
vt 0.97920001 0.18089998
vt 0.44340000 0.00050002
vt 0.99254358 0.25626922
vt 0.63609999 0.95200002
vt 0.99949998 0.25669998
vt 0.63080001 0.94840002
vt 0.99250001 0.25629997
vt 0.98570001 0.17850000
vt 0.97920001 0.18089998
vt 0.36390001 0.95200002
vt 0.00749999 0.25629997
vt 0.00050000 0.25669998
vt 0.36924359 0.94843078
vt 0.44340000 0.99949998
vt 0.44580001 0.99419999
vt 0.36919999 0.94840002
vt 0.97917360 0.81913000
vt 0.44340000 0.99949998
vt 0.98570001 0.82150006
vt 0.44580001 0.99419999
vt 0.97920001 0.81910002
vt 0.99949998 0.74329996
vt 0.99250001 0.74370003
vt 0.63075638 0.05156922
vt 0.99949998 0.74329996
vt 0.63609999 0.04799998
vt 0.99250001 0.74370003
vt 0.63609999 0.04799998
vt 0.00749999 0.74370003
vt 0.02141529 0.74455631
vt 0.36919999 0.05159998
vt 0.02079461 0.81903636
vt 0.03371764 0.81433427
vt 0.55344790 0.99407887
vt 0.54850751 0.98350644
vt 0.61946130 0.94108832
vt 0.63003689 0.94828033
vt 0.97784603 0.25533199
vt 0.37979999 0.05879998
vt 0.44579941 0.00580490
vt 0.45073980 0.01637727
vt 0.97845280 0.18084741
vt 0.96552968 0.18554938
vt 0.99173689 0.25618029
vt 0.36390001 0.04799998
vt 0.44580001 0.00580001
vt 0.44340000 0.00050002
vt 0.55419999 0.99419999
vt 0.63609999 0.95200002
vt 0.63080001 0.94840002
vt 0.36390001 0.95200002
vt 0.01429998 0.82150006
vt 0.55417359 0.99416995
vt 0.02079999 0.81910002
vt 0.55659997 0.99949998
vt 0.98570001 0.82150006
vt 0.99949998 0.74329996
vt 0.97920001 0.81910002
vt 0.00050000 0.74329996
vt 0.36919999 0.05159998
vt 0.36390001 0.04799998
vt 0.00745641 0.74373078
vt 0.36919999 0.05159998
vt 0.01429998 0.82150006
vt 0.02079999 0.81910002
vt 0.00749999 0.74370003
vt 0.55659997 0.99949998
vt 0.01429998 0.82150006
vt 0.00749999 0.74370003
vt 0.00050000 0.74329996
vt 0.74970001 0.00050002
vt 0.25029999 0.88980001
vt 0.74970001 0.88980001
vt 0.25029999 0.00050002
vt 0.88980001 0.95020002
vt 0.00050000 0.98589998
vt 0.00050000 0.99949998
vt 0.25023329 0.99945641
vt 0.25023329 0.97235644
vt 0.00050000 0.98589998
vt 0.74969977 0.99949998
vt 0.74969977 0.97240001
vt 0.99933523 0.98598713
vt 0.13779999 0.94059998
vt 0.11020000 0.95020002
vt 0.99949998 0.99949998
vt 0.25029999 0.90520000
vt 0.74970001 0.95020002
vt 0.74970001 0.90520000
vt 0.25029999 0.95020002
vt 0.86220002 0.94059998
vt 0.86220002 0.94059998
vt 0.00050000 0.97240001
vt 0.00050000 0.98589998
vt 0.74980003 0.00050002
vt 0.25029999 0.83469999
vt 0.74970001 0.83469999
vt 0.25040001 0.00050002
vt 0.16530000 0.93099999
vt 0.99949998 0.98589998
vt 0.99949998 0.97240001
vt 0.99949998 0.98589998
vt 0.03949999 0.90520000
vt 0.11020000 0.95020002
vt 0.13779999 0.94059998
vt 0.00050000 0.90520000
vt 0.25020000 0.09969997
vt 0.74970001 0.90520000
vt 0.74970001 0.09969997
vt 0.25020000 0.90520000
vt 0.99949998 0.90520000
vt 0.86220002 0.94059998
vt 0.88980001 0.95020002
vt 0.83469999 0.93099999
vt 0.25029999 0.93099999
vt 0.74980003 0.90520000
vt 0.25029999 0.90520000
vt 0.74980003 0.93099999
vt 0.13779999 0.94059998
vt 0.03949999 0.90520000
vt 0.07849997 0.90520000
vt 0.03949999 0.09969997
vt 0.00050000 0.90520000
vt 0.03949999 0.90520000
vt 0.00050000 0.09969997
vt 0.25020000 0.05250001
vt 0.74970001 0.09969997
vt 0.74970001 0.05250001
vt 0.25020000 0.09969997
vt 0.99949998 0.90520000
vt 0.96050000 0.09969997
vt 0.96050000 0.90520000
vt 0.99949998 0.09969997
vt 0.96050000 0.90520000
vt 0.96050000 0.90520000
vt 0.83469999 0.93099999
vt 0.86220002 0.94059998
vt 0.92150003 0.90520000
vt 0.74980003 0.90520000
vt 0.25029999 0.09969997
vt 0.25029999 0.90520000
vt 0.74980003 0.09969997
vt 0.07849997 0.09969997
vt 0.03949999 0.90520000
vt 0.07849997 0.90520000
vt 0.03949999 0.09969997
vt 0.13510001 0.06209999
vt 0.00050000 0.09969997
vt 0.03949999 0.09969997
vt 0.10760000 0.05250001
vt 0.74980003 0.00129998
vt 0.25020000 0.89240003
vt 0.74970001 0.89240003
vt 0.25029999 0.00129998
vt 0.89240003 0.05250001
vt 0.96050000 0.09969997
vt 0.99949998 0.09969997
vt 0.96050000 0.90520000
vt 0.92150003 0.09969997
vt 0.92150003 0.90520000
vt 0.96050000 0.09969997
vt 0.74980003 0.07169998
vt 0.25029999 0.09969997
vt 0.74980003 0.09969997
vt 0.25029999 0.07169998
vt 0.16269989 0.07169998
vt 0.03949999 0.09969997
vt 0.07849997 0.09969997
vt 0.13510001 0.06209999
vt 0.99870002 0.01410002
vt 0.10760000 0.05250001
vt 0.13510001 0.06209999
vt 0.00129998 0.00050002
vt 0.86489999 0.06209999
vt 0.89240003 0.05250001
vt 0.99870002 0.00050002
vt 0.25019991 0.02760023
vt 0.25019991 0.00050020
vt 0.00040068 0.01401311
vt 0.74979848 0.02764380
vt 0.74979848 0.00054377
vt 0.99949980 0.01410019
vt 0.86489999 0.06209999
vt 0.86489999 0.06209999
vt 0.92150003 0.09969997
vt 0.96050000 0.09969997
vt 0.83730000 0.07169998
vt 0.74970001 0.00129998
vt 0.25029999 0.83730012
vt 0.74980003 0.83730012
vt 0.25020000 0.00129998
vt 0.99870002 0.02759999
vt 0.13510001 0.06209999
vt 0.16269989 0.07169998
vt 0.99870002 0.01410002
vt 0.00129998 0.01410002
vt 0.00129998 0.01410002
vt 0.00129998 0.02759999
vt 0.74980003 0.00129998
vt 0.25020000 0.89240003
vt 0.74970001 0.89240003
vt 0.25029999 0.00129998
vt 0.00129998 0.00050002
vt 0.86489999 0.06209999
vt 0.89240003 0.05250001
vt 0.25020000 0.05250001
vt 0.74970001 0.09969997
vt 0.74970001 0.05250001
vt 0.25020000 0.09969997
vt 0.99870002 0.00050002
vt 0.10760000 0.05250001
vt 0.99870002 0.01410002
vt 0.25019991 0.02760023
vt 0.25019991 0.00050020
vt 0.00043333 0.01401311
vt 0.74973321 0.02764380
vt 0.74973321 0.00054377
vt 0.99949980 0.01410019
vt 0.89240003 0.05250001
vt 0.86489999 0.06209999
vt 0.96050000 0.09969997
vt 0.00129998 0.01410002
vt 0.99949998 0.09969997
vt 0.25020000 0.09969997
vt 0.74970001 0.90520000
vt 0.74970001 0.09969997
vt 0.25020000 0.90520000
vt 0.10760000 0.05250001
vt 0.00050000 0.09969997
vt 0.13510001 0.06209999
vt 0.13510001 0.06209999
vt 0.99870002 0.01410002
vt 0.13510001 0.06209999
vt 0.99870002 0.02759999
vt 0.74970001 0.00129998
vt 0.25029999 0.83730012
vt 0.74980003 0.83730012
vt 0.25020000 0.00129998
vt 0.00129998 0.01410002
vt 0.00129998 0.02759999
vt 0.83730000 0.07169998
vt 0.86489999 0.06209999
vt 0.92150003 0.09969997
vt 0.96050000 0.09969997
vt 0.99949998 0.90520000
vt 0.96050000 0.09969997
vt 0.96050000 0.90520000
vt 0.99949998 0.09969997
vt 0.25020000 0.90520000
vt 0.74980003 0.95020002
vt 0.74970001 0.90520000
vt 0.25029999 0.95020002
vt 0.03949999 0.09969997
vt 0.00050000 0.90520000
vt 0.03949999 0.90520000
vt 0.00050000 0.09969997
vt 0.03949999 0.09969997
vt 0.16269989 0.07169998
vt 0.74980003 0.07169998
vt 0.25029999 0.09969997
vt 0.74980003 0.09969997
vt 0.25029999 0.07169998
vt 0.96050000 0.90520000
vt 0.92150003 0.09969997
vt 0.92150003 0.90520000
vt 0.96050000 0.09969997
vt 0.99949998 0.90520000
vt 0.96050000 0.90520000
vt 0.86220002 0.94059998
vt 0.88980001 0.95020002
vt 0.74970001 0.00050002
vt 0.25029999 0.88980001
vt 0.74970001 0.88980001
vt 0.25029999 0.00050002
vt 0.00050000 0.90520000
vt 0.11020000 0.95020002
vt 0.03949999 0.90520000
vt 0.07849997 0.09969997
vt 0.03949999 0.90520000
vt 0.07849997 0.90520000
vt 0.03949999 0.09969997
vt 0.13510001 0.06209999
vt 0.03949999 0.09969997
vt 0.16269989 0.07169998
vt 0.07849997 0.09969997
vt 0.74980003 0.90520000
vt 0.25029999 0.09969997
vt 0.25029999 0.90520000
vt 0.74980003 0.09969997
vt 0.96050000 0.90520000
vt 0.92150003 0.90520000
vt 0.83469999 0.93099999
vt 0.86220002 0.94059998
vt 0.86220002 0.94059998
vt 0.00050000 0.98589998
vt 0.88980001 0.95020002
vt 0.00050000 0.99949998
vt 0.25023329 0.99945641
vt 0.25023329 0.97235644
vt 0.00050000 0.98589998
vt 0.74969977 0.99949998
vt 0.74969977 0.97240001
vt 0.99943310 0.98598713
vt 0.13779999 0.94059998
vt 0.11020000 0.95020002
vt 0.99949998 0.99949998
vt 0.13779999 0.94059998
vt 0.03949999 0.90520000
vt 0.13779999 0.94059998
vt 0.07849997 0.90520000
vt 0.25029999 0.93099999
vt 0.74980003 0.90520000
vt 0.25029999 0.90520000
vt 0.74980003 0.93099999
vt 0.83469999 0.93099999
vt 0.00050000 0.97240001
vt 0.86220002 0.94059998
vt 0.00050000 0.98589998
vt 0.74980003 0.00050002
vt 0.25029999 0.83469999
vt 0.74970001 0.83469999
vt 0.25040001 0.00050002
vt 0.16530000 0.93099999
vt 0.99949998 0.98589998
vt 0.99949998 0.97240001
vt 0.99949998 0.98589998
vt 0.61489999 0.06239998
vt 0.62019998 0.05879998
vt 0.54920000 0.01639998
vt 0.61484623 0.06234998
vt 0.97860003 0.74460000
vt 0.62019998 0.05879998
vt 0.97160000 0.74500000
vt 0.61489999 0.06239998
vt 0.54920000 0.01639998
vt 0.54680002 0.02170002
vt 0.02139997 0.74460000
vt 0.38510001 0.06239998
vt 0.37979999 0.05879998
vt 0.02834616 0.74505001
vt 0.95980000 0.81200004
vt 0.97860003 0.74460000
vt 0.97160000 0.74500000
vt 0.54920000 0.01639998
vt 0.04035964 0.18795860
vt 0.54680002 0.02170002
vt 0.03379994 0.18559998
vt 0.38510001 0.06239998
vt 0.45320001 0.02170002
vt 0.37979999 0.05879998
vt 0.03379994 0.81440002
vt 0.02840000 0.74500000
vt 0.02139997 0.74460000
vt 0.03379994 0.81440002
vt 0.04019999 0.81200004
vt 0.02840000 0.74500000
vt 0.96619999 0.81440002
vt 0.97860003 0.74460000
vt 0.95980000 0.81200004
vt 0.02139997 0.25540000
vt 0.04019999 0.18800002
vt 0.03379994 0.18559998
vt 0.45335969 0.02174139
vt 0.96619999 0.18559998
vt 0.45080000 0.01639998
vt 0.95980000 0.18800002
vt 0.37979999 0.05879998
vt 0.45320001 0.02170002
vt 0.45080000 0.01639998
vt 0.54664040 0.97825867
vt 0.03379994 0.81440002
vt 0.54920000 0.98360002
vt 0.04019999 0.81200004
vt 0.45080000 0.98360002
vt 0.95964032 0.81204128
vt 0.45320001 0.97829998
vt 0.96619999 0.81440002
vt 0.02840000 0.25500000
vt 0.04019999 0.18800002
vt 0.02139997 0.25540000
vt 0.97160000 0.25500000
vt 0.96619999 0.18559998
vt 0.95980000 0.18800002
vt 0.54920000 0.98360002
vt 0.62019998 0.94120002
vt 0.54680002 0.97829998
vt 0.45080000 0.98360002
vt 0.45320001 0.97829998
vt 0.38510001 0.93760002
vt 0.37979999 0.94120002
vt 0.02840000 0.25500000
vt 0.02139997 0.25540000
vt 0.38515380 0.93765002
vt 0.97160000 0.25500000
vt 0.97860003 0.25540000
vt 0.96619999 0.18559998
vt 0.54680002 0.97829998
vt 0.62019998 0.94120002
vt 0.61489999 0.93760002
vt 0.45080000 0.98360002
vt 0.38510001 0.93760002
vt 0.37979999 0.94120002
vt 0.97165382 0.25494999
vt 0.62019998 0.94120002
vt 0.97860003 0.25540000
vt 0.61489999 0.93760002
vt 0.25029999 0.00139999
vt 0.74970001 0.88279998
vt 0.74980003 0.00139999
vt 0.25020000 0.88279998
vt 0.00139999 0.00050002
vt 0.85280001 0.08389997
vt 0.88279998 0.06840003
vt 0.25020000 0.14450002
vt 0.74970001 0.06840003
vt 0.25020000 0.06840003
vt 0.74970001 0.14450002
vt 0.99860001 0.00050002
vt 0.11720000 0.06840003
vt 0.99860001 0.02230000
vt 0.00040068 0.02236342
vt 0.74970073 0.00046831
vt 0.25020000 0.00050002
vt 0.99949998 0.02230000
vt 0.25020000 0.04420000
vt 0.74970073 0.04416829
vt 0.85280001 0.08389997
vt 0.95700002 0.14450002
vt 0.88279998 0.06840003
vt 0.00139999 0.02230000
vt 0.99949998 0.14450002
vt 0.25020000 0.84759998
vt 0.74970001 0.14450002
vt 0.25020000 0.14450002
vt 0.74970001 0.84759998
vt 0.14720000 0.08389997
vt 0.11720000 0.06840003
vt 0.00050000 0.14450002
vt 0.14720000 0.08389997
vt 0.99860001 0.04420000
vt 0.99860001 0.02230000
vt 0.14720000 0.08389997
vt 0.25029999 0.82270002
vt 0.74970001 0.00139999
vt 0.25020000 0.00139999
vt 0.74980003 0.82270002
vt 0.00139999 0.02230000
vt 0.00139999 0.04420000
vt 0.82270002 0.09930003
vt 0.85280001 0.08389997
vt 0.91450000 0.14450002
vt 0.95700002 0.14450002
vt 0.85280001 0.08389997
vt 0.95700002 0.14450002
vt 0.99949998 0.84759998
vt 0.99949998 0.14450002
vt 0.95700002 0.84759998
vt 0.25020000 0.92000002
vt 0.74970001 0.84759998
vt 0.25020000 0.84759998
vt 0.74970001 0.92000002
vt 0.04299998 0.84759998
vt 0.00050000 0.14450002
vt 0.00050000 0.84759998
vt 0.04299998 0.14450002
vt 0.04299998 0.14450002
vt 0.17730001 0.09930003
vt 0.25029999 0.14450002
vt 0.74980003 0.09930003
vt 0.25029999 0.09930003
vt 0.74980003 0.14450002
vt 0.91450000 0.14450002
vt 0.95700002 0.84759998
vt 0.95700002 0.14450002
vt 0.91450000 0.84759998
vt 0.82270002 0.09930003
vt 0.84990001 0.90450001
vt 0.99949998 0.84759998
vt 0.95700002 0.84759998
vt 0.88000000 0.92000002
vt 0.25029999 0.88000000
vt 0.74970001 0.00050002
vt 0.25020000 0.00050002
vt 0.74980003 0.88000000
vt 0.12000000 0.92000002
vt 0.04299998 0.84759998
vt 0.00050000 0.84759998
vt 0.08550000 0.84759998
vt 0.04299998 0.14450002
vt 0.04299998 0.84759998
vt 0.08550000 0.14450002
vt 0.17730001 0.09930003
vt 0.14720000 0.08389997
vt 0.04299998 0.14450002
vt 0.08550000 0.14450002
vt 0.25029999 0.84759998
vt 0.74980003 0.14450002
vt 0.25029999 0.14450002
vt 0.74980003 0.84759998
vt 0.81989998 0.88910002
vt 0.95700002 0.84759998
vt 0.91450000 0.84759998
vt 0.84990001 0.90450001
vt 0.00050000 0.97770000
vt 0.88000000 0.92000002
vt 0.84990001 0.90450001
vt 0.00050000 0.99949998
vt 0.00050000 0.97770000
vt 0.74970001 0.95580000
vt 0.25026599 0.95583332
vt 0.99946600 0.97763330
vt 0.25026599 0.99953330
vt 0.74970001 0.99949998
vt 0.99949998 0.99949998
vt 0.15009990 0.90450001
vt 0.15009990 0.90450001
vt 0.08550000 0.84759998
vt 0.04299998 0.84759998
vt 0.74980003 0.88910002
vt 0.25029999 0.84759998
vt 0.25029999 0.88910002
vt 0.74980003 0.84759998
vt 0.00050000 0.95580000
vt 0.84990001 0.90450001
vt 0.81989998 0.88910002
vt 0.00050000 0.97770000
vt 0.25029999 0.00050002
vt 0.74970001 0.81990004
vt 0.74980003 0.00050002
vt 0.25020000 0.81990004
vt 0.99949998 0.95580000
vt 0.18009999 0.88910002
vt 0.99949998 0.97770000
vt 0.99949998 0.97770000
vt 0.25029999 0.00050002
vt 0.74970001 0.81990004
vt 0.74980003 0.00050002
vt 0.25020000 0.81990004
vt 0.99949998 0.95580000
vt 0.18009999 0.88910002
vt 0.99949998 0.97770000
vt 0.00050000 0.97770000
vt 0.74970001 0.95580000
vt 0.25026599 0.95583171
vt 0.99946600 0.97763664
vt 0.25026599 0.99953169
vt 0.74970001 0.99949998
vt 0.00050000 0.95580000
vt 0.84990001 0.90450001
vt 0.81989998 0.88910002
vt 0.74980003 0.88910002
vt 0.25029999 0.84759998
vt 0.25029999 0.88910002
vt 0.74980003 0.84759998
vt 0.15009990 0.90450001
vt 0.00050000 0.97770000
vt 0.99949998 0.99949998
vt 0.99949998 0.97770000
vt 0.15009990 0.90450001
vt 0.25029999 0.88000000
vt 0.74970001 0.00050002
vt 0.25020000 0.00050002
vt 0.74980003 0.88000000
vt 0.00050000 0.97770000
vt 0.00050000 0.99949998
vt 0.88000000 0.92000002
vt 0.81989998 0.88910002
vt 0.84990001 0.90450001
vt 0.95700002 0.84759998
vt 0.08550000 0.84759998
vt 0.91450000 0.84759998
vt 0.25029999 0.84759998
vt 0.74980003 0.14450002
vt 0.25029999 0.14450002
vt 0.74980003 0.84759998
vt 0.84990001 0.90450001
vt 0.12000000 0.92000002
vt 0.25020000 0.92000002
vt 0.74970001 0.84759998
vt 0.25020000 0.84759998
vt 0.74970001 0.92000002
vt 0.84990001 0.90450001
vt 0.99949998 0.84759998
vt 0.95700002 0.84759998
vt 0.04299998 0.84759998
vt 0.91450000 0.14450002
vt 0.95700002 0.84759998
vt 0.95700002 0.14450002
vt 0.91450000 0.84759998
vt 0.08550000 0.84759998
vt 0.04299998 0.14450002
vt 0.04299998 0.84759998
vt 0.08550000 0.14450002
vt 0.25029999 0.14450002
vt 0.74980003 0.09930003
vt 0.25029999 0.09930003
vt 0.74980003 0.14450002
vt 0.88000000 0.92000002
vt 0.04299998 0.84759998
vt 0.00050000 0.84759998
vt 0.25020000 0.84759998
vt 0.74970001 0.14450002
vt 0.25020000 0.14450002
vt 0.74970001 0.84759998
vt 0.95700002 0.14450002
vt 0.99949998 0.84759998
vt 0.99949998 0.14450002
vt 0.95700002 0.84759998
vt 0.85280001 0.08389997
vt 0.91450000 0.14450002
vt 0.95700002 0.14450002
vt 0.17730001 0.09930003
vt 0.04299998 0.14450002
vt 0.08550000 0.14450002
vt 0.04299998 0.84759998
vt 0.00050000 0.14450002
vt 0.00050000 0.84759998
vt 0.04299998 0.14450002
vt 0.82270002 0.09930003
vt 0.25029999 0.82270002
vt 0.74970001 0.00139999
vt 0.25020000 0.00139999
vt 0.74980003 0.82270002
vt 0.25020000 0.14450002
vt 0.74970001 0.06840003
vt 0.25020000 0.06840003
vt 0.74970001 0.14450002
vt 0.88279998 0.06840003
vt 0.95700002 0.14450002
vt 0.99949998 0.14450002
vt 0.85280001 0.08389997
vt 0.14720000 0.08389997
vt 0.14720000 0.08389997
vt 0.00050000 0.14450002
vt 0.04299998 0.14450002
vt 0.00139999 0.02230000
vt 0.82270002 0.09930003
vt 0.85280001 0.08389997
vt 0.99860001 0.04420000
vt 0.14720000 0.08389997
vt 0.17730001 0.09930003
vt 0.00139999 0.04420000
vt 0.00040068 0.02236670
vt 0.74970073 0.00046670
vt 0.25020000 0.00050002
vt 0.99949998 0.02230000
vt 0.25020000 0.04420000
vt 0.74970073 0.04416668
vt 0.11720000 0.06840003
vt 0.25029999 0.00139999
vt 0.74970001 0.88279998
vt 0.74980003 0.00139999
vt 0.25020000 0.88279998
vt 0.00139999 0.00050002
vt 0.85280001 0.08389997
vt 0.88279998 0.06840003
vt 0.00139999 0.02230000
vt 0.99860001 0.02230000
vt 0.99860001 0.00050002
vt 0.11720000 0.06840003
vt 0.99860001 0.02230000
vt 0.14720000 0.08389997
vt 0.00040068 0.02236342
vt 0.74970073 0.00046831
vt 0.25020000 0.00050002
vt 0.99949998 0.02230000
vt 0.25020000 0.04420000
vt 0.74970073 0.04416829
vt 0.99860001 0.04420000
vt 0.99860001 0.02230000
vt 0.14720000 0.08389997
vt 0.25029999 0.82270002
vt 0.74970001 0.00139999
vt 0.25020000 0.00139999
vt 0.74980003 0.82270002
vt 0.00139999 0.02230000
vt 0.00139999 0.04420000
vt 0.82270002 0.09930003
vt 0.00139999 0.02230000
vt 0.85280001 0.08389997
vt 0.00139999 0.00050002
vt 0.25029999 0.00139999
vt 0.74970001 0.88279998
vt 0.74980003 0.00139999
vt 0.25020000 0.88279998
vt 0.99860001 0.00050002
vt 0.11720000 0.06840003
vt 0.99860001 0.02230000
vt 0.14720000 0.08389997
vt 0.17730001 0.09930003
vt 0.25029999 0.14450002
vt 0.74980003 0.09930003
vt 0.25029999 0.09930003
vt 0.74980003 0.14450002
vt 0.85280001 0.08389997
vt 0.88279998 0.06840003
vt 0.25020000 0.14450002
vt 0.74970001 0.06840003
vt 0.25020000 0.06840003
vt 0.74970001 0.14450002
vt 0.14720000 0.08389997
vt 0.11720000 0.06840003
vt 0.00050000 0.14450002
vt 0.17730001 0.09930003
vt 0.14720000 0.08389997
vt 0.04299998 0.14450002
vt 0.08550000 0.14450002
vt 0.25029999 0.84759998
vt 0.74980003 0.14450002
vt 0.25029999 0.14450002
vt 0.74980003 0.84759998
vt 0.82270002 0.09930003
vt 0.91450000 0.14450002
vt 0.85280001 0.08389997
vt 0.85280001 0.08389997
vt 0.95700002 0.14450002
vt 0.88279998 0.06840003
vt 0.99949998 0.14450002
vt 0.25020000 0.84759998
vt 0.74970001 0.14450002
vt 0.25020000 0.14450002
vt 0.74970001 0.84759998
vt 0.04299998 0.14450002
vt 0.08550000 0.84759998
vt 0.04299998 0.14450002
vt 0.04299998 0.84759998
vt 0.08550000 0.14450002
vt 0.74980003 0.88910002
vt 0.25029999 0.84759998
vt 0.25029999 0.88910002
vt 0.74980003 0.84759998
vt 0.91450000 0.14450002
vt 0.95700002 0.84759998
vt 0.95700002 0.14450002
vt 0.91450000 0.84759998
vt 0.95700002 0.14450002
vt 0.95700002 0.14450002
vt 0.99949998 0.84759998
vt 0.99949998 0.14450002
vt 0.95700002 0.84759998
vt 0.25020000 0.92000002
vt 0.74970001 0.84759998
vt 0.25020000 0.84759998
vt 0.74970001 0.92000002
vt 0.04299998 0.84759998
vt 0.00050000 0.14450002
vt 0.00050000 0.84759998
vt 0.04299998 0.14450002
vt 0.15009990 0.90450001
vt 0.08550000 0.84759998
vt 0.04299998 0.84759998
vt 0.18009999 0.88910002
vt 0.25029999 0.00050002
vt 0.74970001 0.81990004
vt 0.74980003 0.00050002
vt 0.25020000 0.81990004
vt 0.81989998 0.88910002
vt 0.95700002 0.84759998
vt 0.91450000 0.84759998
vt 0.84990001 0.90450001
vt 0.99949998 0.84759998
vt 0.95700002 0.84759998
vt 0.88000000 0.92000002
vt 0.25029999 0.88000000
vt 0.74970001 0.00050002
vt 0.25020000 0.00050002
vt 0.74980003 0.88000000
vt 0.12000000 0.92000002
vt 0.04299998 0.84759998
vt 0.00050000 0.84759998
vt 0.15009990 0.90450001
vt 0.99949998 0.97770000
vt 0.99949998 0.95580000
vt 0.00050000 0.97770000
vt 0.74970001 0.95580000
vt 0.25026599 0.95583332
vt 0.99946600 0.97763330
vt 0.25026599 0.99953330
vt 0.74970001 0.99949998
vt 0.00050000 0.95580000
vt 0.84990001 0.90450001
vt 0.81989998 0.88910002
vt 0.84990001 0.90450001
vt 0.00050000 0.97770000
vt 0.88000000 0.92000002
vt 0.84990001 0.90450001
vt 0.00050000 0.99949998
vt 0.99949998 0.99949998
vt 0.99949998 0.97770000
vt 0.00050000 0.97770000
vt 0.25029999 0.00139999
vt 0.74970001 0.88279998
vt 0.74980003 0.00139999
vt 0.25020000 0.88279998
vt 0.00139999 0.00050002
vt 0.85280001 0.08389997
vt 0.88279998 0.06840003
vt 0.25020000 0.14450002
vt 0.74970001 0.06840003
vt 0.25020000 0.06840003
vt 0.74970001 0.14450002
vt 0.99860001 0.00050002
vt 0.11720000 0.06840003
vt 0.99860001 0.02230000
vt 0.00154326 0.02236331
vt 0.74976599 0.00046831
vt 0.25020000 0.00050002
vt 0.99949998 0.02230000
vt 0.25020000 0.04420000
vt 0.74976599 0.04416829
vt 0.85280001 0.08389997
vt 0.95700002 0.14450002
vt 0.88279998 0.06840003
vt 0.00139999 0.02230000
vt 0.99949998 0.14450002
vt 0.25020000 0.84759998
vt 0.74970001 0.14450002
vt 0.25020000 0.14450002
vt 0.74970001 0.84759998
vt 0.14720000 0.08389997
vt 0.11720000 0.06840003
vt 0.00050000 0.14450002
vt 0.14720000 0.08389997
vt 0.99860001 0.04420000
vt 0.99860001 0.02230000
vt 0.14720000 0.08389997
vt 0.25029999 0.82270002
vt 0.74970001 0.00139999
vt 0.25020000 0.00139999
vt 0.74980003 0.82270002
vt 0.00139999 0.02230000
vt 0.00139999 0.04420000
vt 0.82270002 0.09930003
vt 0.85280001 0.08389997
vt 0.91450000 0.14450002
vt 0.95700002 0.14450002
vt 0.85280001 0.08389997
vt 0.95700002 0.14450002
vt 0.99949998 0.84759998
vt 0.99949998 0.14450002
vt 0.95700002 0.84759998
vt 0.25020000 0.92000002
vt 0.74970001 0.84759998
vt 0.25020000 0.84759998
vt 0.74970001 0.92000002
vt 0.04299998 0.84759998
vt 0.00050000 0.14450002
vt 0.00050000 0.84759998
vt 0.04299998 0.14450002
vt 0.04299998 0.14450002
vt 0.17730001 0.09930003
vt 0.25029999 0.14450002
vt 0.74980003 0.09930003
vt 0.25029999 0.09930003
vt 0.74980003 0.14450002
vt 0.91450000 0.14450002
vt 0.95700002 0.84759998
vt 0.95700002 0.14450002
vt 0.91450000 0.84759998
vt 0.82270002 0.09930003
vt 0.84990001 0.90450001
vt 0.99949998 0.84759998
vt 0.95700002 0.84759998
vt 0.88000000 0.92000002
vt 0.25029999 0.88000000
vt 0.74970001 0.00050002
vt 0.25020000 0.00050002
vt 0.74980003 0.88000000
vt 0.12000000 0.92000002
vt 0.04299998 0.84759998
vt 0.00050000 0.84759998
vt 0.08550000 0.84759998
vt 0.04299998 0.14450002
vt 0.04299998 0.84759998
vt 0.08550000 0.14450002
vt 0.17730001 0.09930003
vt 0.14720000 0.08389997
vt 0.04299998 0.14450002
vt 0.08550000 0.14450002
vt 0.25029999 0.84759998
vt 0.74980003 0.14450002
vt 0.25029999 0.14450002
vt 0.74980003 0.84759998
vt 0.81989998 0.88910002
vt 0.95700002 0.84759998
vt 0.91450000 0.84759998
vt 0.84990001 0.90450001
vt 0.00050000 0.97770000
vt 0.88000000 0.92000002
vt 0.84990001 0.90450001
vt 0.00050000 0.99949998
vt 0.00050000 0.97770000
vt 0.74970001 0.95580000
vt 0.24948150 0.95583338
vt 0.99976021 0.97763330
vt 0.24948150 0.99953336
vt 0.74970001 0.99949998
vt 0.99949998 0.99949998
vt 0.15009990 0.90450001
vt 0.15009990 0.90450001
vt 0.08550000 0.84759998
vt 0.04299998 0.84759998
vt 0.74980003 0.88910002
vt 0.25029999 0.84759998
vt 0.25029999 0.88910002
vt 0.74980003 0.84759998
vt 0.00050000 0.95580000
vt 0.84990001 0.90450001
vt 0.81989998 0.88910002
vt 0.00050000 0.97770000
vt 0.25029999 0.00050002
vt 0.74970001 0.81990004
vt 0.74980003 0.00050002
vt 0.25020000 0.81990004
vt 0.99949998 0.95580000
vt 0.18009999 0.88910002
vt 0.99949998 0.97770000
vt 0.99949998 0.97770000
vt 0.35110000 0.11320001
vt 0.49630001 0.04140002
vt 0.49140000 0.03119999
vt 0.49627340 0.04147279
vt 0.93379998 0.17320001
vt 0.49140000 0.03119999
vt 0.92100000 0.17780000
vt 0.36160001 0.12019998
vt 0.49630001 0.04140002
vt 0.35110000 0.11320001
vt 0.50860000 0.03119999
vt 0.07897339 0.17772722
vt 0.50370002 0.04140002
vt 0.06619995 0.17320001
vt 0.94440001 0.30729997
vt 0.93379998 0.17320001
vt 0.92100000 0.17780000
vt 0.04179996 0.69190001
vt 0.36160001 0.12019998
vt 0.35110000 0.11320001
vt 0.05557520 0.69277203
vt 0.63840002 0.12019998
vt 0.50860000 0.03119999
vt 0.50370002 0.04140002
vt 0.04179996 0.30809999
vt 0.07899999 0.17780000
vt 0.06619995 0.17320001
vt 0.05559998 0.30729997
vt 0.07899999 0.17780000
vt 0.04179996 0.30809999
vt 0.94440001 0.30729997
vt 0.95819998 0.30809999
vt 0.93379998 0.17320001
vt 0.63837522 0.12012798
vt 0.95819998 0.69190001
vt 0.64889997 0.11320001
vt 0.94440001 0.69270003
vt 0.06619995 0.82679999
vt 0.05559998 0.69270003
vt 0.04179996 0.69190001
vt 0.63840002 0.12019998
vt 0.64889997 0.11320001
vt 0.50860000 0.03119999
vt 0.35110000 0.88679999
vt 0.05559998 0.30729997
vt 0.04179996 0.30809999
vt 0.36162481 0.87987202
vt 0.94442481 0.30722803
vt 0.64889997 0.88679999
vt 0.95819998 0.30809999
vt 0.63840002 0.87980002
vt 0.92100000 0.82220012
vt 0.95819998 0.69190001
vt 0.94440001 0.69270003
vt 0.06619995 0.82679999
vt 0.07899999 0.82220012
vt 0.05559998 0.69270003
vt 0.49140000 0.96880001
vt 0.36160001 0.87980002
vt 0.35110000 0.88679999
vt 0.50370002 0.95859998
vt 0.64889997 0.88679999
vt 0.63840002 0.87980002
vt 0.93379998 0.82679999
vt 0.95819998 0.69190001
vt 0.92100000 0.82220012
vt 0.50372660 0.95852733
vt 0.06619995 0.82679999
vt 0.50860000 0.96880001
vt 0.07899999 0.82220012
vt 0.49140000 0.96880001
vt 0.49630001 0.95859998
vt 0.36160001 0.87980002
vt 0.50860000 0.96880001
vt 0.64889997 0.88679999
vt 0.50370002 0.95859998
vt 0.49140000 0.96880001
vt 0.92102659 0.82227272
vt 0.49630001 0.95859998
vt 0.93379998 0.82679999
vt 0.01414698 0.69014621
vt 0.04168814 0.69179410
vt 0.32962030 0.09837431
vt 0.04061365 0.83594179
vt 0.06619995 0.82679999
vt 0.51840001 0.98930001
vt 0.50860000 0.96880001
vt 0.64887631 0.88668722
vt 0.66985029 0.90061158
vt 0.95779222 0.30719489
vt 0.35060400 0.11230183
vt 0.48108861 0.00965917
vt 0.49087560 0.03015500
vt 0.95887488 0.16301739
vt 0.93327570 0.17215502
vt 0.98531389 0.30883652
vt 0.02789998 0.84039998
vt 0.04069995 0.83590001
vt 0.01429998 0.69019997
vt 0.02789998 0.84039998
vt 0.51844722 0.98933071
vt 0.04069995 0.83590001
vt 0.52329999 0.99949998
vt 0.51840001 0.98930001
vt 0.68040001 0.90770000
vt 0.66990000 0.90069997
vt 0.98572642 0.30972552
vt 0.68040001 0.90770000
vt 0.99949998 0.31059998
vt 0.66990000 0.90069997
vt 0.98570001 0.30980003
vt 0.97210002 0.15960002
vt 0.95929998 0.16409999
vt 0.97210002 0.15960002
vt 0.48155281 0.01066929
vt 0.95929998 0.16409999
vt 0.47670001 0.00050002
vt 0.33010000 0.09930003
vt 0.48159999 0.01069999
vt 0.31959999 0.09230000
vt 0.00050000 0.68939996
vt 0.01429998 0.69019997
vt 0.33010000 0.09930003
vt 0.02789998 0.84039998
vt 0.01429998 0.69019997
vt 0.00050000 0.68939996
vt 0.95934719 0.83586931
vt 0.47670001 0.99949998
vt 0.97210002 0.84039998
vt 0.48159999 0.98930001
vt 0.52329999 0.99949998
vt 0.68040001 0.90770000
vt 0.51840001 0.98930001
vt 0.31959999 0.90770000
vt 0.01429998 0.30980003
vt 0.00050000 0.31059998
vt 0.33012640 0.90077448
vt 0.99949998 0.31059998
vt 0.04065278 0.16413069
vt 0.52329999 0.00050002
vt 0.02789998 0.15960002
vt 0.51840001 0.01069999
vt 0.31959999 0.09230000
vt 0.48159999 0.01069999
vt 0.47670001 0.00050002
vt 0.00050000 0.68939996
vt 0.33010000 0.09930003
vt 0.31959999 0.09230000
vt 0.97210002 0.84039998
vt 0.99949998 0.68939996
vt 0.95929998 0.83590001
vt 0.51827931 0.01067519
vt 0.64889997 0.11320001
vt 0.66990000 0.09930003
vt 0.50848728 0.03113681
vt 0.04009213 0.16365701
vt 0.06571607 0.17278838
vt 0.04120240 0.30761492
vt 0.01365629 0.30924582
vt 0.35050240 0.88631487
vt 0.98576558 0.69026291
vt 0.95819998 0.69190001
vt 0.95930201 0.83582807
vt 0.93369102 0.82669258
vt 0.48111480 0.98881000
vt 0.49091980 0.96834421
vt 0.32951209 0.90021175
vt 0.47670001 0.99949998
vt 0.48159999 0.98930001
vt 0.33010000 0.90069997
vt 0.47670001 0.99949998
vt 0.33010000 0.90069997
vt 0.31959999 0.90770000
vt 0.01429998 0.30980003
vt 0.04069995 0.16409999
vt 0.00050000 0.31059998
vt 0.02789998 0.15960002
vt 0.66990000 0.09930003
vt 0.52329999 0.00050002
vt 0.51840001 0.01069999
vt 0.66990000 0.09930003
vt 0.68040001 0.09230000
vt 0.52329999 0.00050002
vt 0.66981310 0.09922773
vt 0.99944049 0.68940187
vt 0.68034160 0.09230149
vt 0.98564053 0.69020176
vt 0.95929998 0.83590001
vt 0.99949998 0.68939996
vt 0.98570001 0.69019997
vt 0.25029999 0.00139999
vt 0.74970001 0.88279998
vt 0.74980003 0.00139999
vt 0.25020000 0.88279998
vt 0.00139999 0.00050002
vt 0.85280001 0.08389997
vt 0.88279998 0.06840003
vt 0.25020000 0.14450002
vt 0.74970001 0.06840003
vt 0.25020000 0.06840003
vt 0.74970001 0.14450002
vt 0.99860001 0.00050002
vt 0.11720000 0.06840003
vt 0.99860001 0.02230000
vt 0.00033539 0.02236670
vt 0.74973333 0.00046670
vt 0.25020000 0.00050002
vt 0.99949998 0.02230000
vt 0.25020000 0.04420000
vt 0.74973333 0.04416668
vt 0.85280001 0.08389997
vt 0.95700002 0.14450002
vt 0.88279998 0.06840003
vt 0.00139999 0.02230000
vt 0.99949998 0.14450002
vt 0.25020000 0.84759998
vt 0.74970001 0.14450002
vt 0.25020000 0.14450002
vt 0.74970001 0.84759998
vt 0.14720000 0.08389997
vt 0.11720000 0.06840003
vt 0.00050000 0.14450002
vt 0.14720000 0.08389997
vt 0.99860001 0.04420000
vt 0.99860001 0.02230000
vt 0.14720000 0.08389997
vt 0.25029999 0.82270002
vt 0.74970001 0.00139999
vt 0.25020000 0.00139999
vt 0.74980003 0.82270002
vt 0.00139999 0.02230000
vt 0.00139999 0.04420000
vt 0.82270002 0.09930003
vt 0.85280001 0.08389997
vt 0.91450000 0.14450002
vt 0.95700002 0.14450002
vt 0.85280001 0.08389997
vt 0.95700002 0.14450002
vt 0.99949998 0.84759998
vt 0.99949998 0.14450002
vt 0.95700002 0.84759998
vt 0.25020000 0.92000002
vt 0.74970001 0.84759998
vt 0.25020000 0.84759998
vt 0.74970001 0.92000002
vt 0.04299998 0.84759998
vt 0.00050000 0.14450002
vt 0.00050000 0.84759998
vt 0.04299998 0.14450002
vt 0.04299998 0.14450002
vt 0.17730001 0.09930003
vt 0.25029999 0.14450002
vt 0.74980003 0.09930003
vt 0.25029999 0.09930003
vt 0.74980003 0.14450002
vt 0.91450000 0.14450002
vt 0.95700002 0.84759998
vt 0.95700002 0.14450002
vt 0.91450000 0.84759998
vt 0.82270002 0.09930003
vt 0.84990001 0.90450001
vt 0.99949998 0.84759998
vt 0.95700002 0.84759998
vt 0.88000000 0.92000002
vt 0.25029999 0.88000000
vt 0.74970001 0.00050002
vt 0.25020000 0.00050002
vt 0.74980003 0.88000000
vt 0.12000000 0.92000002
vt 0.04299998 0.84759998
vt 0.00050000 0.84759998
vt 0.08550000 0.84759998
vt 0.04299998 0.14450002
vt 0.04299998 0.84759998
vt 0.08550000 0.14450002
vt 0.17730001 0.09930003
vt 0.14720000 0.08389997
vt 0.04299998 0.14450002
vt 0.08550000 0.14450002
vt 0.25029999 0.84759998
vt 0.74980003 0.14450002
vt 0.25029999 0.14450002
vt 0.74980003 0.84759998
vt 0.81989998 0.88910002
vt 0.95700002 0.84759998
vt 0.91450000 0.84759998
vt 0.84990001 0.90450001
vt 0.00050000 0.97770000
vt 0.88000000 0.92000002
vt 0.84990001 0.90450001
vt 0.00050000 0.99949998
vt 0.00050000 0.97770000
vt 0.74970001 0.95580000
vt 0.25029859 0.95583171
vt 0.99940068 0.97763664
vt 0.25029859 0.99953169
vt 0.74970001 0.99949998
vt 0.99949998 0.99949998
vt 0.15009990 0.90450001
vt 0.15009990 0.90450001
vt 0.08550000 0.84759998
vt 0.04299998 0.84759998
vt 0.74980003 0.88910002
vt 0.25029999 0.84759998
vt 0.25029999 0.88910002
vt 0.74980003 0.84759998
vt 0.00050000 0.95580000
vt 0.84990001 0.90450001
vt 0.81989998 0.88910002
vt 0.00050000 0.97770000
vt 0.25029999 0.00050002
vt 0.74970001 0.81990004
vt 0.74980003 0.00050002
vt 0.25020000 0.81990004
vt 0.99949998 0.95580000
vt 0.18009999 0.88910002
vt 0.99949998 0.97770000
vt 0.99949998 0.97770000
vt 0.25029999 0.88000000
vt 0.74970001 0.00050002
vt 0.25020000 0.00050002
vt 0.74980003 0.88000000
vt 0.00050000 0.97770000
vt 0.00050000 0.99949998
vt 0.88000000 0.92000002
vt 0.00050000 0.97770000
vt 0.74970001 0.95580000
vt 0.25020069 0.95583171
vt 0.99940068 0.97763664
vt 0.25020069 0.99953169
vt 0.74970001 0.99949998
vt 0.99949998 0.99949998
vt 0.15009990 0.90450001
vt 0.12000000 0.92000002
vt 0.25020000 0.92000002
vt 0.74970001 0.84759998
vt 0.25020000 0.84759998
vt 0.74970001 0.92000002
vt 0.84990001 0.90450001
vt 0.00050000 0.97770000
vt 0.84990001 0.90450001
vt 0.00050000 0.95580000
vt 0.25029999 0.00050002
vt 0.74970001 0.81990004
vt 0.74980003 0.00050002
vt 0.25020000 0.81990004
vt 0.99949998 0.95580000
vt 0.18009999 0.88910002
vt 0.99949998 0.97770000
vt 0.99949998 0.97770000
vt 0.04299998 0.84759998
vt 0.84990001 0.90450001
vt 0.88000000 0.92000002
vt 0.99949998 0.84759998
vt 0.00050000 0.84759998
vt 0.25020000 0.84759998
vt 0.74970001 0.14450002
vt 0.25020000 0.14450002
vt 0.74970001 0.84759998
vt 0.81989998 0.88910002
vt 0.74980003 0.88910002
vt 0.25029999 0.84759998
vt 0.25029999 0.88910002
vt 0.74980003 0.84759998
vt 0.15009990 0.90450001
vt 0.08550000 0.84759998
vt 0.04299998 0.84759998
vt 0.95700002 0.84759998
vt 0.04299998 0.84759998
vt 0.00050000 0.14450002
vt 0.00050000 0.84759998
vt 0.04299998 0.14450002
vt 0.95700002 0.14450002
vt 0.99949998 0.84759998
vt 0.99949998 0.14450002
vt 0.95700002 0.84759998
vt 0.25020000 0.14450002
vt 0.74970001 0.06840003
vt 0.25020000 0.06840003
vt 0.74970001 0.14450002
vt 0.81989998 0.88910002
vt 0.84990001 0.90450001
vt 0.95700002 0.84759998
vt 0.91450000 0.84759998
vt 0.25029999 0.84759998
vt 0.74980003 0.14450002
vt 0.25029999 0.14450002
vt 0.74980003 0.84759998
vt 0.08550000 0.84759998
vt 0.04299998 0.14450002
vt 0.04299998 0.84759998
vt 0.08550000 0.14450002
vt 0.14720000 0.08389997
vt 0.00050000 0.14450002
vt 0.04299998 0.14450002
vt 0.91450000 0.14450002
vt 0.95700002 0.84759998
vt 0.95700002 0.14450002
vt 0.91450000 0.84759998
vt 0.88279998 0.06840003
vt 0.95700002 0.14450002
vt 0.99949998 0.14450002
vt 0.11720000 0.06840003
vt 0.25029999 0.00139999
vt 0.74970001 0.88279998
vt 0.74980003 0.00139999
vt 0.25020000 0.88279998
vt 0.25029999 0.14450002
vt 0.74980003 0.09930003
vt 0.25029999 0.09930003
vt 0.74980003 0.14450002
vt 0.17730001 0.09930003
vt 0.04299998 0.14450002
vt 0.08550000 0.14450002
vt 0.14720000 0.08389997
vt 0.85280001 0.08389997
vt 0.91450000 0.14450002
vt 0.95700002 0.14450002
vt 0.85280001 0.08389997
vt 0.99860001 0.02230000
vt 0.11720000 0.06840003
vt 0.14720000 0.08389997
vt 0.00139999 0.00050002
vt 0.85280001 0.08389997
vt 0.88279998 0.06840003
vt 0.99860001 0.00050002
vt 0.00046598 0.02236670
vt 0.74976599 0.00046670
vt 0.25020000 0.00050002
vt 0.99949998 0.02230000
vt 0.25020000 0.04420000
vt 0.74976599 0.04416668
vt 0.82270002 0.09930003
vt 0.25029999 0.82270002
vt 0.74970001 0.00139999
vt 0.25020000 0.00139999
vt 0.74980003 0.82270002
vt 0.99860001 0.04420000
vt 0.14720000 0.08389997
vt 0.17730001 0.09930003
vt 0.99860001 0.02230000
vt 0.00139999 0.02230000
vt 0.00139999 0.02230000
vt 0.00139999 0.04420000
vt 0.82270002 0.09930003
vt 0.85280001 0.08389997
vt 0.25029999 0.00139999
vt 0.74970001 0.88279998
vt 0.74980003 0.00139999
vt 0.25020000 0.88279998
vt 0.00139999 0.00050002
vt 0.85280001 0.08389997
vt 0.88279998 0.06840003
vt 0.25020000 0.14450002
vt 0.74970001 0.06840003
vt 0.25020000 0.06840003
vt 0.74970001 0.14450002
vt 0.99860001 0.00050002
vt 0.11720000 0.06840003
vt 0.99860001 0.02230000
vt 0.00040068 0.02236670
vt 0.74970073 0.00046670
vt 0.25020000 0.00050002
vt 0.99949998 0.02230000
vt 0.25020000 0.04420000
vt 0.74970073 0.04416668
vt 0.85280001 0.08389997
vt 0.95700002 0.14450002
vt 0.88279998 0.06840003
vt 0.00139999 0.02230000
vt 0.99949998 0.14450002
vt 0.25020000 0.84759998
vt 0.74970001 0.14450002
vt 0.25020000 0.14450002
vt 0.74970001 0.84759998
vt 0.14720000 0.08389997
vt 0.11720000 0.06840003
vt 0.00050000 0.14450002
vt 0.14720000 0.08389997
vt 0.99860001 0.04420000
vt 0.99860001 0.02230000
vt 0.14720000 0.08389997
vt 0.25029999 0.82270002
vt 0.74970001 0.00139999
vt 0.25020000 0.00139999
vt 0.74980003 0.82270002
vt 0.00139999 0.02230000
vt 0.00139999 0.04420000
vt 0.82270002 0.09930003
vt 0.85280001 0.08389997
vt 0.91450000 0.14450002
vt 0.95700002 0.14450002
vt 0.85280001 0.08389997
vt 0.95700002 0.14450002
vt 0.99949998 0.84759998
vt 0.99949998 0.14450002
vt 0.95700002 0.84759998
vt 0.25020000 0.92000002
vt 0.74970001 0.84759998
vt 0.25020000 0.84759998
vt 0.74970001 0.92000002
vt 0.04299998 0.84759998
vt 0.00050000 0.14450002
vt 0.00050000 0.84759998
vt 0.04299998 0.14450002
vt 0.04299998 0.14450002
vt 0.17730001 0.09930003
vt 0.25029999 0.14450002
vt 0.74980003 0.09930003
vt 0.25029999 0.09930003
vt 0.74980003 0.14450002
vt 0.91450000 0.14450002
vt 0.95700002 0.84759998
vt 0.95700002 0.14450002
vt 0.91450000 0.84759998
vt 0.82270002 0.09930003
vt 0.84990001 0.90450001
vt 0.99949998 0.84759998
vt 0.95700002 0.84759998
vt 0.88000000 0.92000002
vt 0.25029999 0.88000000
vt 0.74970001 0.00050002
vt 0.25020000 0.00050002
vt 0.74980003 0.88000000
vt 0.12000000 0.92000002
vt 0.04299998 0.84759998
vt 0.00050000 0.84759998
vt 0.08550000 0.84759998
vt 0.04299998 0.14450002
vt 0.04299998 0.84759998
vt 0.08550000 0.14450002
vt 0.17730001 0.09930003
vt 0.14720000 0.08389997
vt 0.04299998 0.14450002
vt 0.08550000 0.14450002
vt 0.25029999 0.84759998
vt 0.74980003 0.14450002
vt 0.25029999 0.14450002
vt 0.74980003 0.84759998
vt 0.81989998 0.88910002
vt 0.95700002 0.84759998
vt 0.91450000 0.84759998
vt 0.84990001 0.90450001
vt 0.00050000 0.97770000
vt 0.88000000 0.92000002
vt 0.84990001 0.90450001
vt 0.00050000 0.99949998
vt 0.00050000 0.97770000
vt 0.74970001 0.95580000
vt 0.25026599 0.95583171
vt 0.99946600 0.97763664
vt 0.25026599 0.99953169
vt 0.74970001 0.99949998
vt 0.99949998 0.99949998
vt 0.15009990 0.90450001
vt 0.15009990 0.90450001
vt 0.08550000 0.84759998
vt 0.04299998 0.84759998
vt 0.74980003 0.88910002
vt 0.25029999 0.84759998
vt 0.25029999 0.88910002
vt 0.74980003 0.84759998
vt 0.00050000 0.95580000
vt 0.84990001 0.90450001
vt 0.81989998 0.88910002
vt 0.00050000 0.97770000
vt 0.25029999 0.00050002
vt 0.74970001 0.81990004
vt 0.74980003 0.00050002
vt 0.25020000 0.81990004
vt 0.99949998 0.95580000
vt 0.18009999 0.88910002
vt 0.99949998 0.97770000
vt 0.99949998 0.97770000
vt 0.25029999 0.00139999
vt 0.74970001 0.88279998
vt 0.74980003 0.00139999
vt 0.25020000 0.88279998
vt 0.00139999 0.00050002
vt 0.85280001 0.08389997
vt 0.88279998 0.06840003
vt 0.25020000 0.14450002
vt 0.74970001 0.06840003
vt 0.25020000 0.06840003
vt 0.74970001 0.14450002
vt 0.99860001 0.00050002
vt 0.11720000 0.06840003
vt 0.99860001 0.02230000
vt 0.00010641 0.02236670
vt 0.74940640 0.00046670
vt 0.25020000 0.00050002
vt 0.99949998 0.02230000
vt 0.25020000 0.04420000
vt 0.74940640 0.04416668
vt 0.85280001 0.08389997
vt 0.95700002 0.14450002
vt 0.88279998 0.06840003
vt 0.00139999 0.02230000
vt 0.99949998 0.14450002
vt 0.25020000 0.84759998
vt 0.74970001 0.14450002
vt 0.25020000 0.14450002
vt 0.74970001 0.84759998
vt 0.14720000 0.08389997
vt 0.11720000 0.06840003
vt 0.00050000 0.14450002
vt 0.14720000 0.08389997
vt 0.99860001 0.04420000
vt 0.99860001 0.02230000
vt 0.14720000 0.08389997
vt 0.25029999 0.82270002
vt 0.74970001 0.00139999
vt 0.25020000 0.00139999
vt 0.74980003 0.82270002
vt 0.00139999 0.02230000
vt 0.00139999 0.04420000
vt 0.82270002 0.09930003
vt 0.85280001 0.08389997
vt 0.91450000 0.14450002
vt 0.95700002 0.14450002
vt 0.85280001 0.08389997
vt 0.95700002 0.14450002
vt 0.99949998 0.84759998
vt 0.99949998 0.14450002
vt 0.95700002 0.84759998
vt 0.25020000 0.92000002
vt 0.74970001 0.84759998
vt 0.25020000 0.84759998
vt 0.74970001 0.92000002
vt 0.04299998 0.84759998
vt 0.00050000 0.14450002
vt 0.00050000 0.84759998
vt 0.04299998 0.14450002
vt 0.04299998 0.14450002
vt 0.17730001 0.09930003
vt 0.25029999 0.14450002
vt 0.74980003 0.09930003
vt 0.25029999 0.09930003
vt 0.74980003 0.14450002
vt 0.91450000 0.14450002
vt 0.95700002 0.84759998
vt 0.95700002 0.14450002
vt 0.91450000 0.84759998
vt 0.82270002 0.09930003
vt 0.84990001 0.90450001
vt 0.99949998 0.84759998
vt 0.95700002 0.84759998
vt 0.88000000 0.92000002
vt 0.25029999 0.88000000
vt 0.74970001 0.00050002
vt 0.25020000 0.00050002
vt 0.74980003 0.88000000
vt 0.12000000 0.92000002
vt 0.04299998 0.84759998
vt 0.00050000 0.84759998
vt 0.08550000 0.84759998
vt 0.04299998 0.14450002
vt 0.04299998 0.84759998
vt 0.08550000 0.14450002
vt 0.17730001 0.09930003
vt 0.14720000 0.08389997
vt 0.04299998 0.14450002
vt 0.08550000 0.14450002
vt 0.25029999 0.84759998
vt 0.74980003 0.14450002
vt 0.25029999 0.14450002
vt 0.74980003 0.84759998
vt 0.81989998 0.88910002
vt 0.95700002 0.84759998
vt 0.91450000 0.84759998
vt 0.84990001 0.90450001
vt 0.00050000 0.97770000
vt 0.88000000 0.92000002
vt 0.84990001 0.90450001
vt 0.00050000 0.99949998
vt 0.00050000 0.97770000
vt 0.74970001 0.95580000
vt 0.25056019 0.95583165
vt 0.99976021 0.97763658
vt 0.25056019 0.99953163
vt 0.74970001 0.99949998
vt 0.99949998 0.99949998
vt 0.15009990 0.90450001
vt 0.15009990 0.90450001
vt 0.08550000 0.84759998
vt 0.04299998 0.84759998
vt 0.74980003 0.88910002
vt 0.25029999 0.84759998
vt 0.25029999 0.88910002
vt 0.74980003 0.84759998
vt 0.00050000 0.95580000
vt 0.84990001 0.90450001
vt 0.81989998 0.88910002
vt 0.00050000 0.97770000
vt 0.25029999 0.00050002
vt 0.74970001 0.81990004
vt 0.74980003 0.00050002
vt 0.25020000 0.81990004
vt 0.99949998 0.95580000
vt 0.18009999 0.88910002
vt 0.99949998 0.97770000
vt 0.99949998 0.97770000
vt 0.74980003 0.00129998
vt 0.25020000 0.89240003
vt 0.74970001 0.89240003
vt 0.25029999 0.00129998
vt 0.00129998 0.00050002
vt 0.86489999 0.06209999
vt 0.89240003 0.05250001
vt 0.25020000 0.05250001
vt 0.74970001 0.09969997
vt 0.74970001 0.05250001
vt 0.25020000 0.09969997
vt 0.99870002 0.00050002
vt 0.10760000 0.05250001
vt 0.99870002 0.01410002
vt 0.25019991 0.02760023
vt 0.25019991 0.00050020
vt 0.00040068 0.01401311
vt 0.74970049 0.02764380
vt 0.74970049 0.00054377
vt 0.99949980 0.01410019
vt 0.89240003 0.05250001
vt 0.86489999 0.06209999
vt 0.96050000 0.09969997
vt 0.00129998 0.01410002
vt 0.99949998 0.09969997
vt 0.25020000 0.09969997
vt 0.74970001 0.90520000
vt 0.74970001 0.09969997
vt 0.25020000 0.90520000
vt 0.10760000 0.05250001
vt 0.00050000 0.09969997
vt 0.13510001 0.06209999
vt 0.13510001 0.06209999
vt 0.00129998 0.01410002
vt 0.00129998 0.02759999
vt 0.83730000 0.07169998
vt 0.99870002 0.01410002
vt 0.13510001 0.06209999
vt 0.99870002 0.02759999
vt 0.74970001 0.00129998
vt 0.25029999 0.83730012
vt 0.74980003 0.83730012
vt 0.25020000 0.00129998
vt 0.86489999 0.06209999
vt 0.92150003 0.09969997
vt 0.96050000 0.09969997
vt 0.99949998 0.90520000
vt 0.96050000 0.09969997
vt 0.96050000 0.90520000
vt 0.99949998 0.09969997
vt 0.25020000 0.90520000
vt 0.74980003 0.95020002
vt 0.74970001 0.90520000
vt 0.25029999 0.95020002
vt 0.03949999 0.09969997
vt 0.00050000 0.90520000
vt 0.03949999 0.90520000
vt 0.00050000 0.09969997
vt 0.03949999 0.09969997
vt 0.16269989 0.07169998
vt 0.74980003 0.07169998
vt 0.25029999 0.09969997
vt 0.74980003 0.09969997
vt 0.25029999 0.07169998
vt 0.96050000 0.90520000
vt 0.92150003 0.09969997
vt 0.92150003 0.90520000
vt 0.96050000 0.09969997
vt 0.99949998 0.90520000
vt 0.96050000 0.90520000
vt 0.86220002 0.94059998
vt 0.88980001 0.95020002
vt 0.74970001 0.00050002
vt 0.25029999 0.88980001
vt 0.74970001 0.88980001
vt 0.25029999 0.00050002
vt 0.00050000 0.90520000
vt 0.11020000 0.95020002
vt 0.03949999 0.90520000
vt 0.07849997 0.09969997
vt 0.03949999 0.90520000
vt 0.07849997 0.90520000
vt 0.03949999 0.09969997
vt 0.13510001 0.06209999
vt 0.03949999 0.09969997
vt 0.16269989 0.07169998
vt 0.07849997 0.09969997
vt 0.74980003 0.90520000
vt 0.25029999 0.09969997
vt 0.25029999 0.90520000
vt 0.74980003 0.09969997
vt 0.96050000 0.90520000
vt 0.92150003 0.90520000
vt 0.83469999 0.93099999
vt 0.86220002 0.94059998
vt 0.86220002 0.94059998
vt 0.00050000 0.98589998
vt 0.88980001 0.95020002
vt 0.00050000 0.99949998
vt 0.25026590 0.99945641
vt 0.25026590 0.97235644
vt 0.00050000 0.98589998
vt 0.74969977 0.99949998
vt 0.74969977 0.97240001
vt 0.99946570 0.98598713
vt 0.13779999 0.94059998
vt 0.11020000 0.95020002
vt 0.99949998 0.99949998
vt 0.13779999 0.94059998
vt 0.03949999 0.90520000
vt 0.13779999 0.94059998
vt 0.07849997 0.90520000
vt 0.25029999 0.93099999
vt 0.74980003 0.90520000
vt 0.25029999 0.90520000
vt 0.74980003 0.93099999
vt 0.83469999 0.93099999
vt 0.00050000 0.97240001
vt 0.86220002 0.94059998
vt 0.00050000 0.98589998
vt 0.74980003 0.00050002
vt 0.25029999 0.83469999
vt 0.74970001 0.83469999
vt 0.25040001 0.00050002
vt 0.16530000 0.93099999
vt 0.99949998 0.98589998
vt 0.99949998 0.97240001
vt 0.99949998 0.98589998
vt 0.74980003 0.00129998
vt 0.25020000 0.89240003
vt 0.74970001 0.89240003
vt 0.25029999 0.00129998
vt 0.00129998 0.00050002
vt 0.86489999 0.06209999
vt 0.89240003 0.05250001
vt 0.25020000 0.05250001
vt 0.74970001 0.09969997
vt 0.74970001 0.05250001
vt 0.25020000 0.09969997
vt 0.99870002 0.00050002
vt 0.10760000 0.05250001
vt 0.99870002 0.01410002
vt 0.25019991 0.02760023
vt 0.25019991 0.00050020
vt 0.00053128 0.01401311
vt 0.74973321 0.02764380
vt 0.74973321 0.00054377
vt 0.99949980 0.01410019
vt 0.89240003 0.05250001
vt 0.86489999 0.06209999
vt 0.96050000 0.09969997
vt 0.00129998 0.01410002
vt 0.99949998 0.09969997
vt 0.25020000 0.09969997
vt 0.74970001 0.90520000
vt 0.74970001 0.09969997
vt 0.25020000 0.90520000
vt 0.10760000 0.05250001
vt 0.00050000 0.09969997
vt 0.13510001 0.06209999
vt 0.13510001 0.06209999
vt 0.00129998 0.01410002
vt 0.00129998 0.02759999
vt 0.83730000 0.07169998
vt 0.99870002 0.01410002
vt 0.13510001 0.06209999
vt 0.99870002 0.02759999
vt 0.74970001 0.00129998
vt 0.25029999 0.83730012
vt 0.74980003 0.83730012
vt 0.25020000 0.00129998
vt 0.86489999 0.06209999
vt 0.92150003 0.09969997
vt 0.96050000 0.09969997
vt 0.99949998 0.90520000
vt 0.96050000 0.09969997
vt 0.96050000 0.90520000
vt 0.99949998 0.09969997
vt 0.25020000 0.90520000
vt 0.74980003 0.95020002
vt 0.74970001 0.90520000
vt 0.25029999 0.95020002
vt 0.03949999 0.09969997
vt 0.00050000 0.90520000
vt 0.03949999 0.90520000
vt 0.00050000 0.09969997
vt 0.03949999 0.09969997
vt 0.16269989 0.07169998
vt 0.74980003 0.07169998
vt 0.25029999 0.09969997
vt 0.74980003 0.09969997
vt 0.25029999 0.07169998
vt 0.96050000 0.90520000
vt 0.92150003 0.09969997
vt 0.92150003 0.90520000
vt 0.96050000 0.09969997
vt 0.99949998 0.90520000
vt 0.96050000 0.90520000
vt 0.86220002 0.94059998
vt 0.88980001 0.95020002
vt 0.74970001 0.00050002
vt 0.25029999 0.88980001
vt 0.74970001 0.88980001
vt 0.25029999 0.00050002
vt 0.00050000 0.90520000
vt 0.11020000 0.95020002
vt 0.03949999 0.90520000
vt 0.07849997 0.09969997
vt 0.03949999 0.90520000
vt 0.07849997 0.90520000
vt 0.03949999 0.09969997
vt 0.13510001 0.06209999
vt 0.03949999 0.09969997
vt 0.16269989 0.07169998
vt 0.07849997 0.09969997
vt 0.74980003 0.90520000
vt 0.25029999 0.09969997
vt 0.25029999 0.90520000
vt 0.74980003 0.09969997
vt 0.96050000 0.90520000
vt 0.92150003 0.90520000
vt 0.83469999 0.93099999
vt 0.86220002 0.94059998
vt 0.86220002 0.94059998
vt 0.00050000 0.98589998
vt 0.88980001 0.95020002
vt 0.00050000 0.99949998
vt 0.25016800 0.99945641
vt 0.25016800 0.97235644
vt 0.00050000 0.98589998
vt 0.74969977 0.99949998
vt 0.74969977 0.97240001
vt 0.99946570 0.98598713
vt 0.13779999 0.94059998
vt 0.11020000 0.95020002
vt 0.99949998 0.99949998
vt 0.13779999 0.94059998
vt 0.03949999 0.90520000
vt 0.13779999 0.94059998
vt 0.07849997 0.90520000
vt 0.25029999 0.93099999
vt 0.74980003 0.90520000
vt 0.25029999 0.90520000
vt 0.74980003 0.93099999
vt 0.83469999 0.93099999
vt 0.00050000 0.97240001
vt 0.86220002 0.94059998
vt 0.00050000 0.98589998
vt 0.74980003 0.00050002
vt 0.25029999 0.83469999
vt 0.74970001 0.83469999
vt 0.25040001 0.00050002
vt 0.16530000 0.93099999
vt 0.99949998 0.98589998
vt 0.99949998 0.97240001
vt 0.99949998 0.98589998
vt 0.74980003 0.00050002
vt 0.25029999 0.83469999
vt 0.74970001 0.83469999
vt 0.25040001 0.00050002
vt 0.16530000 0.93099999
vt 0.99949998 0.98589998
vt 0.99949998 0.97240001
vt 0.25026590 0.99945641
vt 0.25026590 0.97235644
vt 0.00050000 0.98589998
vt 0.74969977 0.99949998
vt 0.74969977 0.97240001
vt 0.99946570 0.98598713
vt 0.83469999 0.93099999
vt 0.00050000 0.97240001
vt 0.86220002 0.94059998
vt 0.25029999 0.93099999
vt 0.74980003 0.90520000
vt 0.25029999 0.90520000
vt 0.74980003 0.93099999
vt 0.13779999 0.94059998
vt 0.00050000 0.98589998
vt 0.13779999 0.94059998
vt 0.99949998 0.99949998
vt 0.99949998 0.98589998
vt 0.74970001 0.00050002
vt 0.25029999 0.88980001
vt 0.74970001 0.88980001
vt 0.25029999 0.00050002
vt 0.88980001 0.95020002
vt 0.00050000 0.98589998
vt 0.00050000 0.99949998
vt 0.96050000 0.90520000
vt 0.83469999 0.93099999
vt 0.86220002 0.94059998
vt 0.07849997 0.90520000
vt 0.92150003 0.90520000
vt 0.74980003 0.90520000
vt 0.25029999 0.09969997
vt 0.25029999 0.90520000
vt 0.74980003 0.09969997
vt 0.86220002 0.94059998
vt 0.11020000 0.95020002
vt 0.25020000 0.90520000
vt 0.74980003 0.95020002
vt 0.74970001 0.90520000
vt 0.25029999 0.95020002
vt 0.99949998 0.90520000
vt 0.96050000 0.90520000
vt 0.86220002 0.94059998
vt 0.03949999 0.90520000
vt 0.96050000 0.90520000
vt 0.92150003 0.09969997
vt 0.92150003 0.90520000
vt 0.96050000 0.09969997
vt 0.07849997 0.09969997
vt 0.03949999 0.90520000
vt 0.07849997 0.90520000
vt 0.03949999 0.09969997
vt 0.74980003 0.07169998
vt 0.25029999 0.09969997
vt 0.74980003 0.09969997
vt 0.25029999 0.07169998
vt 0.88980001 0.95020002
vt 0.03949999 0.90520000
vt 0.11020000 0.95020002
vt 0.13779999 0.94059998
vt 0.00050000 0.90520000
vt 0.25020000 0.09969997
vt 0.74970001 0.90520000
vt 0.74970001 0.09969997
vt 0.25020000 0.90520000
vt 0.99949998 0.90520000
vt 0.96050000 0.09969997
vt 0.96050000 0.90520000
vt 0.99949998 0.09969997
vt 0.86489999 0.06209999
vt 0.92150003 0.09969997
vt 0.96050000 0.09969997
vt 0.16269989 0.07169998
vt 0.03949999 0.09969997
vt 0.07849997 0.09969997
vt 0.03949999 0.09969997
vt 0.00050000 0.90520000
vt 0.03949999 0.90520000
vt 0.00050000 0.09969997
vt 0.83730000 0.07169998
vt 0.74970001 0.00129998
vt 0.25029999 0.83730012
vt 0.74980003 0.83730012
vt 0.25020000 0.00129998
vt 0.25020000 0.05250001
vt 0.74970001 0.09969997
vt 0.74970001 0.05250001
vt 0.25020000 0.09969997
vt 0.89240003 0.05250001
vt 0.96050000 0.09969997
vt 0.99949998 0.09969997
vt 0.86489999 0.06209999
vt 0.13510001 0.06209999
vt 0.13510001 0.06209999
vt 0.00050000 0.09969997
vt 0.03949999 0.09969997
vt 0.00129998 0.01410002
vt 0.99870002 0.02759999
vt 0.13510001 0.06209999
vt 0.16269989 0.07169998
vt 0.00129998 0.02759999
vt 0.25019991 0.02760023
vt 0.25019991 0.00050020
vt 0.00040068 0.01401311
vt 0.74970049 0.02764380
vt 0.74970049 0.00054377
vt 0.99949980 0.01410019
vt 0.10760000 0.05250001
vt 0.74980003 0.00129998
vt 0.25020000 0.89240003
vt 0.74970001 0.89240003
vt 0.25029999 0.00129998
vt 0.00129998 0.00050002
vt 0.86489999 0.06209999
vt 0.89240003 0.05250001
vt 0.00129998 0.01410002
vt 0.99870002 0.01410002
vt 0.99870002 0.00050002
vt 0.10760000 0.05250001
vt 0.99870002 0.01410002
vt 0.13510001 0.06209999
vt 0.74980003 0.00129998
vt 0.25020000 0.89240003
vt 0.74970001 0.89240003
vt 0.25029999 0.00129998
vt 0.00129998 0.00050002
vt 0.86489999 0.06209999
vt 0.89240003 0.05250001
vt 0.25020000 0.05250001
vt 0.74970001 0.09969997
vt 0.74970001 0.05250001
vt 0.25020000 0.09969997
vt 0.99870002 0.00050002
vt 0.10760000 0.05250001
vt 0.99870002 0.01410002
vt 0.25019991 0.02760023
vt 0.25019991 0.00050020
vt 0.00043333 0.01401311
vt 0.74973321 0.02764380
vt 0.74973321 0.00054377
vt 0.99949980 0.01410019
vt 0.89240003 0.05250001
vt 0.86489999 0.06209999
vt 0.96050000 0.09969997
vt 0.00129998 0.01410002
vt 0.99949998 0.09969997
vt 0.25020000 0.09969997
vt 0.74970001 0.90520000
vt 0.74970001 0.09969997
vt 0.25020000 0.90520000
vt 0.10760000 0.05250001
vt 0.00050000 0.09969997
vt 0.13510001 0.06209999
vt 0.13510001 0.06209999
vt 0.00129998 0.01410002
vt 0.00129998 0.02759999
vt 0.83730000 0.07169998
vt 0.99870002 0.01410002
vt 0.13510001 0.06209999
vt 0.99870002 0.02759999
vt 0.74970001 0.00129998
vt 0.25029999 0.83730012
vt 0.74980003 0.83730012
vt 0.25020000 0.00129998
vt 0.86489999 0.06209999
vt 0.92150003 0.09969997
vt 0.96050000 0.09969997
vt 0.99949998 0.90520000
vt 0.96050000 0.09969997
vt 0.96050000 0.90520000
vt 0.99949998 0.09969997
vt 0.25029999 0.90520000
vt 0.74970001 0.95020002
vt 0.74970001 0.90520000
vt 0.25029999 0.95020002
vt 0.03949999 0.09969997
vt 0.00050000 0.90520000
vt 0.03949999 0.90520000
vt 0.00050000 0.09969997
vt 0.03949999 0.09969997
vt 0.16269989 0.07169998
vt 0.74980003 0.07169998
vt 0.25029999 0.09969997
vt 0.74980003 0.09969997
vt 0.25029999 0.07169998
vt 0.96050000 0.90520000
vt 0.92150003 0.09969997
vt 0.92150003 0.90520000
vt 0.96050000 0.09969997
vt 0.99949998 0.90520000
vt 0.96050000 0.90520000
vt 0.86220002 0.94059998
vt 0.88980001 0.95020002
vt 0.74970001 0.00050002
vt 0.25029999 0.88980001
vt 0.74970001 0.88980001
vt 0.25029999 0.00050002
vt 0.00050000 0.90520000
vt 0.11020000 0.95020002
vt 0.03949999 0.90520000
vt 0.07849997 0.09969997
vt 0.03949999 0.90520000
vt 0.07849997 0.90520000
vt 0.03949999 0.09969997
vt 0.13510001 0.06209999
vt 0.03949999 0.09969997
vt 0.16269989 0.07169998
vt 0.07849997 0.09969997
vt 0.74980003 0.90520000
vt 0.25029999 0.09969997
vt 0.25029999 0.90520000
vt 0.74980003 0.09969997
vt 0.96050000 0.90520000
vt 0.92150003 0.90520000
vt 0.83469999 0.93099999
vt 0.86220002 0.94059998
vt 0.86220002 0.94059998
vt 0.00050000 0.98589998
vt 0.88980001 0.95020002
vt 0.00050000 0.99949998
vt 0.25023329 0.99945641
vt 0.25023329 0.97235644
vt 0.00050000 0.98589998
vt 0.74969977 0.99949998
vt 0.74969977 0.97240001
vt 0.99972701 0.98598713
vt 0.13779999 0.94059998
vt 0.11020000 0.95020002
vt 0.99949998 0.99949998
vt 0.13779999 0.94059998
vt 0.03949999 0.90520000
vt 0.13779999 0.94059998
vt 0.07849997 0.90520000
vt 0.25029999 0.93099999
vt 0.74980003 0.90520000
vt 0.25029999 0.90520000
vt 0.74980003 0.93099999
vt 0.83469999 0.93099999
vt 0.00050000 0.97240001
vt 0.86220002 0.94059998
vt 0.00050000 0.98589998
vt 0.74980003 0.00050002
vt 0.25029999 0.83469999
vt 0.74970001 0.83469999
vt 0.25040001 0.00050002
vt 0.16530000 0.93099999
vt 0.99949998 0.98589998
vt 0.99949998 0.97240001
vt 0.99949998 0.98589998
vt 0.35106161 0.11304820
vt 0.49626169 0.04124838
vt 0.49136180 0.03104842
vt 0.36158979 0.11995929
vt 0.04179996 0.69190001
vt 0.36160001 0.12019998
vt 0.35110000 0.11320001
vt 0.05557520 0.69277203
vt 0.63840002 0.12019998
vt 0.50860000 0.03119999
vt 0.50370002 0.04140002
vt 0.49625421 0.04146659
vt 0.93379998 0.17320001
vt 0.49140000 0.03119999
vt 0.92100000 0.17780000
vt 0.63837522 0.12012798
vt 0.95819998 0.69190001
vt 0.64889997 0.11320001
vt 0.94440001 0.69270003
vt 0.06619995 0.82679999
vt 0.05559998 0.69270003
vt 0.04179996 0.69190001
vt 0.50860000 0.03119999
vt 0.07895420 0.17773342
vt 0.50370002 0.04140002
vt 0.06619995 0.17320001
vt 0.63840002 0.12019998
vt 0.64889997 0.11320001
vt 0.50860000 0.03119999
vt 0.94440001 0.30729997
vt 0.93379998 0.17320001
vt 0.92100000 0.17780000
vt 0.92100000 0.82220012
vt 0.95819998 0.69190001
vt 0.94440001 0.69270003
vt 0.06619995 0.82679999
vt 0.07899999 0.82220012
vt 0.05559998 0.69270003
vt 0.04179996 0.30809999
vt 0.07899999 0.17780000
vt 0.06619995 0.17320001
vt 0.05559998 0.30729997
vt 0.07899999 0.17780000
vt 0.04179996 0.30809999
vt 0.94440001 0.30729997
vt 0.95819998 0.30809999
vt 0.93379998 0.17320001
vt 0.93379998 0.82679999
vt 0.95819998 0.69190001
vt 0.92100000 0.82220012
vt 0.50374579 0.95853353
vt 0.06619995 0.82679999
vt 0.50860000 0.96880001
vt 0.07899999 0.82220012
vt 0.35110000 0.88679999
vt 0.05559998 0.30729997
vt 0.04179996 0.30809999
vt 0.36162481 0.87987202
vt 0.94442481 0.30722803
vt 0.64889997 0.88679999
vt 0.95819998 0.30809999
vt 0.63840002 0.87980002
vt 0.49140000 0.96880001
vt 0.92104578 0.82226658
vt 0.49630001 0.95859998
vt 0.93379998 0.82679999
vt 0.50860000 0.96880001
vt 0.64889997 0.88679999
vt 0.50370002 0.95859998
vt 0.49140000 0.96880001
vt 0.36160001 0.87980002
vt 0.35110000 0.88679999
vt 0.63840002 0.87980002
vt 0.49630001 0.95859998
vt 0.01405389 0.69011629
vt 0.04159893 0.69176543
vt 0.32899901 0.09817493
vt 0.04062389 0.83594513
vt 0.06619995 0.82679999
vt 0.51840001 0.98930001
vt 0.50860000 0.96880001
vt 0.64875883 0.88664949
vt 0.66975731 0.90058172
vt 0.95715737 0.30699122
vt 0.34999761 0.11210710
vt 0.48036140 0.00942582
vt 0.49016461 0.02992678
vt 0.95813751 0.16278070
vt 0.93256468 0.17192680
vt 0.98469269 0.30863708
vt 0.02789998 0.84039998
vt 0.04069995 0.83590001
vt 0.01429998 0.69019997
vt 0.02789998 0.84039998
vt 0.51842833 0.98932463
vt 0.04069995 0.83590001
vt 0.52329999 0.99949998
vt 0.51840001 0.98930001
vt 0.68040001 0.90770000
vt 0.66990000 0.90069997
vt 0.98572642 0.30972552
vt 0.68040001 0.90770000
vt 0.99949998 0.31059998
vt 0.66990000 0.90069997
vt 0.98570001 0.30980003
vt 0.97210002 0.15960002
vt 0.95929998 0.16409999
vt 0.97210002 0.15960002
vt 0.48157170 0.01067531
vt 0.95929998 0.16409999
vt 0.47670001 0.00050002
vt 0.33010000 0.09930003
vt 0.48159999 0.01069999
vt 0.31959999 0.09230000
vt 0.00050000 0.68939996
vt 0.01429998 0.69019997
vt 0.33010000 0.09930003
vt 0.02789998 0.84039998
vt 0.01429998 0.69019997
vt 0.00050000 0.68939996
vt 0.95932829 0.83587539
vt 0.47670001 0.99949998
vt 0.97210002 0.84039998
vt 0.48159999 0.98930001
vt 0.52329999 0.99949998
vt 0.68040001 0.90770000
vt 0.51840001 0.98930001
vt 0.31959999 0.90770000
vt 0.01429998 0.30980003
vt 0.00050000 0.31059998
vt 0.33012640 0.90077448
vt 0.98570001 0.30980003
vt 0.99949998 0.31059998
vt 0.97210002 0.15960002
vt 0.04067165 0.16412473
vt 0.52329999 0.00050002
vt 0.02789998 0.15960002
vt 0.51840001 0.01069999
vt 0.31959999 0.09230000
vt 0.48159999 0.01069999
vt 0.47670001 0.00050002
vt 0.00050000 0.68939996
vt 0.33010000 0.09930003
vt 0.31959999 0.09230000
vt 0.97210002 0.84039998
vt 0.99949998 0.68939996
vt 0.95929998 0.83590001
vt 0.51831502 0.01066381
vt 0.64889997 0.11320001
vt 0.66990000 0.09930003
vt 0.50852680 0.03112417
vt 0.04032269 0.16358328
vt 0.06592655 0.17272109
vt 0.04146540 0.30753070
vt 0.01390955 0.30916482
vt 0.35076541 0.88623071
vt 0.98576558 0.69026291
vt 0.95819998 0.69190001
vt 0.95933771 0.83581668
vt 0.93373060 0.82668000
vt 0.48134530 0.98873621
vt 0.49113029 0.96827686
vt 0.32976541 0.90013075
vt 0.47670001 0.99949998
vt 0.48159999 0.98930001
vt 0.33010000 0.90069997
vt 0.47670001 0.99949998
vt 0.33010000 0.90069997
vt 0.31959999 0.90770000
vt 0.01429998 0.30980003
vt 0.04069995 0.16409999
vt 0.00050000 0.31059998
vt 0.00050000 0.31059998
vt 0.04069995 0.16409999
vt 0.02789998 0.15960002
vt 0.66990000 0.09930003
vt 0.52329999 0.00050002
vt 0.51840001 0.01069999
vt 0.66990000 0.09930003
vt 0.68040001 0.09230000
vt 0.52329999 0.00050002
vt 0.66986668 0.09921509
vt 0.99949408 0.68938929
vt 0.68039519 0.09228891
vt 0.98569411 0.69018924
vt 0.95929998 0.83590001
vt 0.99949998 0.68939996
vt 0.98570001 0.69019997
vt 0.61618721 0.04953432
vt 0.60491842 0.05708259
vt 0.99155527 0.74758852
vt 0.53405392 0.00130028
vt 0.52885550 0.01240319
vt 0.01505391 0.16860032
vt 0.02889318 0.17356640
vt 0.01627147 0.24683332
vt 0.00140235 0.24771059
vt 0.38805190 0.93821585
vt 0.97669882 0.74846506
vt 0.97790003 0.82669997
vt 0.96406227 0.82173681
vt 0.45890000 0.99400002
vt 0.46410000 0.98290002
vt 0.37677041 0.94576484
vt 0.97799420 0.82666433
vt 0.45620000 0.99949998
vt 0.98479998 0.82910001
vt 0.45890000 0.99400002
vt 0.97790003 0.82669997
vt 0.99949998 0.74750000
vt 0.99210000 0.74790001
vt 0.62276423 0.05381542
vt 0.99949998 0.74750000
vt 0.62840003 0.05010003
vt 0.99210000 0.74790001
vt 0.62269998 0.05390000
vt 0.54380000 0.00050002
vt 0.54110003 0.00599998
vt 0.02200572 0.17333567
vt 0.54380000 0.00050002
vt 0.01519995 0.17089999
vt 0.54110003 0.00599998
vt 0.00790000 0.25209999
vt 0.02209997 0.17330003
vt 0.00050000 0.25250000
vt 0.37160000 0.94989997
vt 0.00790000 0.25209999
vt 0.00050000 0.25250000
vt 0.37723580 0.94618452
vt 0.45620000 0.99949998
vt 0.45890000 0.99400002
vt 0.37729999 0.94610000
vt 0.01519995 0.82910001
vt 0.54119432 0.99403566
vt 0.02209997 0.82669997
vt 0.54380000 0.99949998
vt 0.98479998 0.82910001
vt 0.99949998 0.74750000
vt 0.97790003 0.82669997
vt 0.00050000 0.74750000
vt 0.37729999 0.05390000
vt 0.37160000 0.05010003
vt 0.00796421 0.74798459
vt 0.62269998 0.05390000
vt 0.62840003 0.05010003
vt 0.54380000 0.00050002
vt 0.98479998 0.17089999
vt 0.45880580 0.00596428
vt 0.97790003 0.17330003
vt 0.45620000 0.00050002
vt 0.00050000 0.25250000
vt 0.02209997 0.17330003
vt 0.01519995 0.17089999
vt 0.99203581 0.25201547
vt 0.62840003 0.94989997
vt 0.99949998 0.25250000
vt 0.62269998 0.94610000
vt 0.45620000 0.99949998
vt 0.37729999 0.94610000
vt 0.37160000 0.94989997
vt 0.00790000 0.74790001
vt 0.02273057 0.74876702
vt 0.37729999 0.05390000
vt 0.02210926 0.82653558
vt 0.03588023 0.82159799
vt 0.54121357 0.99268621
vt 0.53594297 0.98165393
vt 0.61149579 0.93721414
vt 0.62280852 0.94471478
vt 0.97736520 0.24984711
vt 0.38859999 0.06140000
vt 0.45889860 0.00592983
vt 0.46416759 0.01696491
vt 0.97800291 0.17208040
vt 0.96423042 0.17702079
vt 0.99220848 0.25071478
vt 0.01519995 0.82910001
vt 0.02209997 0.82669997
vt 0.00790000 0.74790001
vt 0.54380000 0.99949998
vt 0.62840003 0.94989997
vt 0.54110003 0.99400002
vt 0.01519995 0.82910001
vt 0.00790000 0.74790001
vt 0.00050000 0.74750000
vt 0.37729999 0.05390000
vt 0.45890000 0.00599998
vt 0.37160000 0.05010003
vt 0.37160000 0.05010003
vt 0.45890000 0.00599998
vt 0.45620000 0.00050002
vt 0.99210000 0.25209999
vt 0.98479998 0.17089999
vt 0.97790003 0.17330003
vt 0.99210000 0.25209999
vt 0.99949998 0.25250000
vt 0.98479998 0.17089999
vt 0.54110003 0.99400002
vt 0.62840003 0.94989997
vt 0.62269998 0.94610000
vt 0.46410000 0.98290002
vt 0.95726192 0.81927508
vt 0.46680000 0.97740000
vt 0.96410000 0.82169998
vt 0.96410000 0.82169998
vt 0.97729999 0.74880004
vt 0.95719999 0.81930000
vt 0.53326190 0.97742498
vt 0.03589999 0.82169998
vt 0.53590000 0.98290002
vt 0.04279994 0.81930000
vt 0.46410000 0.98290002
vt 0.46680000 0.97740000
vt 0.39420000 0.93480003
vt 0.95719999 0.81930000
vt 0.97729999 0.74880004
vt 0.96980000 0.74930000
vt 0.03589999 0.82169998
vt 0.04279994 0.81930000
vt 0.03020000 0.74930000
vt 0.53590000 0.98290002
vt 0.61140001 0.93860000
vt 0.53320003 0.97740000
vt 0.60579997 0.93480003
vt 0.38859999 0.93860000
vt 0.60566467 0.06521517
vt 0.97729999 0.74880004
vt 0.61140001 0.06140000
vt 0.96980000 0.74930000
vt 0.03589999 0.82169998
vt 0.03020000 0.74930000
vt 0.02269995 0.74880004
vt 0.96993530 0.25071520
vt 0.61140001 0.93860000
vt 0.97729999 0.25120002
vt 0.60579997 0.93480003
vt 0.38859999 0.93860000
vt 0.03020000 0.25070000
vt 0.02269995 0.25120002
vt 0.39433539 0.93478483
vt 0.02269995 0.74880004
vt 0.39420000 0.06519997
vt 0.38859999 0.06140000
vt 0.03006462 0.74928480
vt 0.60579997 0.06519997
vt 0.61140001 0.06140000
vt 0.53590000 0.01709998
vt 0.96980000 0.25070000
vt 0.97729999 0.25120002
vt 0.96410000 0.17830002
vt 0.03020000 0.25070000
vt 0.04279994 0.18070000
vt 0.02269995 0.25120002
vt 0.39420000 0.06519997
vt 0.46680000 0.02260000
vt 0.38859999 0.06140000
vt 0.60579997 0.06519997
vt 0.53590000 0.01709998
vt 0.53320003 0.02260000
vt 0.95719999 0.18070000
vt 0.03589999 0.17830002
vt 0.38859999 0.06140000
vt 0.46680000 0.02260000
vt 0.46410000 0.01709998
vt 0.53590000 0.01709998
vt 0.04273809 0.18072492
vt 0.53320003 0.02260000
vt 0.03589999 0.17830002
vt 0.46673810 0.02257508
vt 0.96410000 0.17830002
vt 0.46410000 0.01709998
vt 0.95719999 0.18070000
vt 0.00813404 0.74729270
vt 0.02297147 0.74815291
vt 0.38019621 0.04602760
vt 0.02209997 0.82669997
vt 0.03589999 0.82169998
vt 0.54110003 0.99400002
vt 0.53586161 0.98286295
vt 0.61164308 0.93791163
vt 0.62292981 0.94547254
vt 0.98014921 0.24334902
vt 0.39147761 0.05359018
vt 0.46203709 -0.00249600
vt 0.46727389 0.00864369
vt 0.98103708 0.16480368
vt 0.96723551 0.16980660
vt 0.99499190 0.24420750
vt 0.00050000 0.74750000
vt 0.37729999 0.05390000
vt 0.37160000 0.05010003
vt 0.00796421 0.74798459
vt 0.01519995 0.82910001
vt 0.02209997 0.82669997
vt 0.00790000 0.74790001
vt 0.01519995 0.82910001
vt 0.54117572 0.99402970
vt 0.02209997 0.82669997
vt 0.54380000 0.99949998
vt 0.54110003 0.99400002
vt 0.62840003 0.94989997
vt 0.62269998 0.94610000
vt 0.62269998 0.94610000
vt 0.99949998 0.25250000
vt 0.99210000 0.25209999
vt 0.97813648 0.17346931
vt 0.99970812 0.25253582
vt 0.98500818 0.17093581
vt 0.99230808 0.25213581
vt 0.98479998 0.17089999
vt 0.45882431 0.00597030
vt 0.97790003 0.17330003
vt 0.45620000 0.00050002
vt 0.37729999 0.05390000
vt 0.45890000 0.00599998
vt 0.37160000 0.05010003
vt 0.62276423 0.05381542
vt 0.99949998 0.74750000
vt 0.62840003 0.05010003
vt 0.99210000 0.74790001
vt 0.01519995 0.82910001
vt 0.00790000 0.74790001
vt 0.00050000 0.74750000
vt 0.97797573 0.82667029
vt 0.45620000 0.99949998
vt 0.98479998 0.82910001
vt 0.45890000 0.99400002
vt 0.54380000 0.99949998
vt 0.62840003 0.94989997
vt 0.54110003 0.99400002
vt 0.62840003 0.94989997
vt 0.99949998 0.25250000
vt 0.62269998 0.94610000
vt 0.00067289 0.25257748
vt 0.02227278 0.17337751
vt 0.01537276 0.17097747
vt 0.00810121 0.25204390
vt 0.02202424 0.17332971
vt 0.54380000 0.00050002
vt 0.01519995 0.17089999
vt 0.54110003 0.00599998
vt 0.45620000 0.00050002
vt 0.62269998 0.05390000
vt 0.62840003 0.05010003
vt 0.54380000 0.00050002
vt 0.62269998 0.05390000
vt 0.61140001 0.06140000
vt 0.99213088 0.74793327
vt 0.54107708 0.00593293
vt 0.53580558 0.01696920
vt 0.02183819 0.17211831
vt 0.03561385 0.17705840
vt 0.02245743 0.24989450
vt 0.00762132 0.25075960
vt 0.38835740 0.93729454
vt 0.97729999 0.74880004
vt 0.97790289 0.82657808
vt 0.96412879 0.82164079
vt 0.45866400 0.99276352
vt 0.46393701 0.98173010
vt 0.37705219 0.94479287
vt 0.97790003 0.82669997
vt 0.99949998 0.74750000
vt 0.99210000 0.74790001
vt 0.98479998 0.82910001
vt 0.99949998 0.74750000
vt 0.97790003 0.82669997
vt 0.45620000 0.99949998
vt 0.45890000 0.99400002
vt 0.37729999 0.94610000
vt 0.45620000 0.99949998
vt 0.37729999 0.94610000
vt 0.37160000 0.94989997
vt 0.37160000 0.94989997
vt 0.00790000 0.25209999
vt 0.00050000 0.25250000
vt 0.54110003 0.00599998
vt 0.37160000 0.94989997
vt 0.37729999 0.94610000
vt 0.00790000 0.25209999
vt 0.02269995 0.74880004
vt 0.39420000 0.06519997
vt 0.38859999 0.06140000
vt 0.03006462 0.74928480
vt 0.03589999 0.82169998
vt 0.03020000 0.74930000
vt 0.02269995 0.74880004
vt 0.60566467 0.06521517
vt 0.97729999 0.74880004
vt 0.61140001 0.06140000
vt 0.96980000 0.74930000
vt 0.39420000 0.06519997
vt 0.46680000 0.02260000
vt 0.38859999 0.06140000
vt 0.03589999 0.82169998
vt 0.04279994 0.81930000
vt 0.03020000 0.74930000
vt 0.60579997 0.06519997
vt 0.61140001 0.06140000
vt 0.53590000 0.01709998
vt 0.95719999 0.81930000
vt 0.97729999 0.74880004
vt 0.96980000 0.74930000
vt 0.60579997 0.06519997
vt 0.53590000 0.01709998
vt 0.53320003 0.02260000
vt 0.38859999 0.06140000
vt 0.46680000 0.02260000
vt 0.46410000 0.01709998
vt 0.53327632 0.97742963
vt 0.03589999 0.82169998
vt 0.53590000 0.98290002
vt 0.04279994 0.81930000
vt 0.96410000 0.82169998
vt 0.97729999 0.74880004
vt 0.95719999 0.81930000
vt 0.53590000 0.01709998
vt 0.04272362 0.18072963
vt 0.53320003 0.02260000
vt 0.03589999 0.17830002
vt 0.46672359 0.02257037
vt 0.96410000 0.17830002
vt 0.46410000 0.01709998
vt 0.95719999 0.18070000
vt 0.46410000 0.98290002
vt 0.95727640 0.81927037
vt 0.46680000 0.97740000
vt 0.96410000 0.82169998
vt 0.53590000 0.98290002
vt 0.61140001 0.93860000
vt 0.53320003 0.97740000
vt 0.02269995 0.25120002
vt 0.04279994 0.18070000
vt 0.03589999 0.17830002
vt 0.96980000 0.25070000
vt 0.96410000 0.17830002
vt 0.95719999 0.18070000
vt 0.46410000 0.98290002
vt 0.46680000 0.97740000
vt 0.39420000 0.93480003
vt 0.60579997 0.93480003
vt 0.03020000 0.25070000
vt 0.04279994 0.18070000
vt 0.02269995 0.25120002
vt 0.96980000 0.25070000
vt 0.97729999 0.25120002
vt 0.96410000 0.17830002
vt 0.38859999 0.93860000
vt 0.96993530 0.25071520
vt 0.61140001 0.93860000
vt 0.97729999 0.25120002
vt 0.60579997 0.93480003
vt 0.38859999 0.93860000
vt 0.03020000 0.25070000
vt 0.02269995 0.25120002
vt 0.39433539 0.93478483
vt 0.37983021 0.05892903
vt 0.45323020 0.02182889
vt 0.45083010 0.01652890
vt 0.38508859 0.06252182
vt 0.02139997 0.74460000
vt 0.38510001 0.06239998
vt 0.37979999 0.05879998
vt 0.02834184 0.74505830
vt 0.54692131 0.02163041
vt 0.62036288 0.05872327
vt 0.54936302 0.01632333
vt 0.61506289 0.06232327
vt 0.45334220 0.02173561
vt 0.96619999 0.18559998
vt 0.45080000 0.01639998
vt 0.95980000 0.18800002
vt 0.61484188 0.06234169
vt 0.97860003 0.74460000
vt 0.62019998 0.05879998
vt 0.97160000 0.74500000
vt 0.03379994 0.81440002
vt 0.02840000 0.74500000
vt 0.02139997 0.74460000
vt 0.54920000 0.01639998
vt 0.04034218 0.18796438
vt 0.54680002 0.02170002
vt 0.03379994 0.18559998
vt 0.97160000 0.25500000
vt 0.96619999 0.18559998
vt 0.95980000 0.18800002
vt 0.95980000 0.81200004
vt 0.97860003 0.74460000
vt 0.97160000 0.74500000
vt 0.03379994 0.81440002
vt 0.04019999 0.81200004
vt 0.02840000 0.74500000
vt 0.02139997 0.25540000
vt 0.04019999 0.18800002
vt 0.03379994 0.18559998
vt 0.02840000 0.25500000
vt 0.04019999 0.18800002
vt 0.02139997 0.25540000
vt 0.97160000 0.25500000
vt 0.97860003 0.25540000
vt 0.96619999 0.18559998
vt 0.96619999 0.81440002
vt 0.97860003 0.74460000
vt 0.95980000 0.81200004
vt 0.54665780 0.97826439
vt 0.03379994 0.81440002
vt 0.54920000 0.98360002
vt 0.04019999 0.81200004
vt 0.37979999 0.94120002
vt 0.02840000 0.25500000
vt 0.02139997 0.25540000
vt 0.38515821 0.93765831
vt 0.97165811 0.25494170
vt 0.62019998 0.94120002
vt 0.97860003 0.25540000
vt 0.61489999 0.93760002
vt 0.45080000 0.98360002
vt 0.95965779 0.81203562
vt 0.45320001 0.97829998
vt 0.96619999 0.81440002
vt 0.54920000 0.98360002
vt 0.62019998 0.94120002
vt 0.54680002 0.97829998
vt 0.45080000 0.98360002
vt 0.38510001 0.93760002
vt 0.37979999 0.94120002
vt 0.54680002 0.97829998
vt 0.62019998 0.94120002
vt 0.61489999 0.93760002
vt 0.45080000 0.98360002
vt 0.45320001 0.97829998
vt 0.38510001 0.93760002
vt 0.00749999 0.74370003
vt 0.02141531 0.74455631
vt 0.36919999 0.05159998
vt 0.02080079 0.81904542
vt 0.03373276 0.81433958
vt 0.55361623 0.99413979
vt 0.54867268 0.98355979
vt 0.61961758 0.94113821
vt 0.63022113 0.94833934
vt 0.97800231 0.25538188
vt 0.37979999 0.05879998
vt 0.44581190 0.00580192
vt 0.45075539 0.01638180
vt 0.97862732 0.18089628
vt 0.96569532 0.18560201
vt 0.99192113 0.25623930
vt 0.98570001 0.17850000
vt 0.44584331 0.00583547
vt 0.97920001 0.18089998
vt 0.44340000 0.00050002
vt 0.36919999 0.05159998
vt 0.44580001 0.00580001
vt 0.36390001 0.04799998
vt 0.00050000 0.74329996
vt 0.36919999 0.05159998
vt 0.36390001 0.04799998
vt 0.00747220 0.74370050
vt 0.01429998 0.82150006
vt 0.02079999 0.81910002
vt 0.00749999 0.74370003
vt 0.01429998 0.82150006
vt 0.55415672 0.99416441
vt 0.02079999 0.81910002
vt 0.55659997 0.99949998
vt 0.55419999 0.99419999
vt 0.63609999 0.95200002
vt 0.63080001 0.94840002
vt 0.99252778 0.25629950
vt 0.63609999 0.95200002
vt 0.99949998 0.25669998
vt 0.63080001 0.94840002
vt 0.99250001 0.25629997
vt 0.98570001 0.17850000
vt 0.97920001 0.18089998
vt 0.02084331 0.18086451
vt 0.55659997 0.00050002
vt 0.01429998 0.17850000
vt 0.55419999 0.00580001
vt 0.36390001 0.04799998
vt 0.44580001 0.00580001
vt 0.44340000 0.00050002
vt 0.63077217 0.05159950
vt 0.99949998 0.74329996
vt 0.63609999 0.04799998
vt 0.99250001 0.74370003
vt 0.01429998 0.82150006
vt 0.00749999 0.74370003
vt 0.00050000 0.74329996
vt 0.97915667 0.81913561
vt 0.44340000 0.99949998
vt 0.98570001 0.82150006
vt 0.44580001 0.99419999
vt 0.55659997 0.99949998
vt 0.63609999 0.95200002
vt 0.55419999 0.99419999
vt 0.36390001 0.95200002
vt 0.00749999 0.25629997
vt 0.00050000 0.25669998
vt 0.36922780 0.94840056
vt 0.99250001 0.25629997
vt 0.99949998 0.25669998
vt 0.98570001 0.17850000
vt 0.63080001 0.05159998
vt 0.62019998 0.05879998
vt 0.99251550 0.74374419
vt 0.55418652 0.00579733
vt 0.54924309 0.01637763
vt 0.02136804 0.18088287
vt 0.03430023 0.18558919
vt 0.02199422 0.25537211
vt 0.00807528 0.25622910
vt 0.38039419 0.94117206
vt 0.97860003 0.74460000
vt 0.97921580 0.81909263
vt 0.96628362 0.81438631
vt 0.44639730 0.99417824
vt 0.45134071 0.98359793
vt 0.36979070 0.94837320
vt 0.63080001 0.05159998
vt 0.55659997 0.00050002
vt 0.55419999 0.00580001
vt 0.00050000 0.25669998
vt 0.02079999 0.18089998
vt 0.01429998 0.17850000
vt 0.63080001 0.05159998
vt 0.63609999 0.04799998
vt 0.55659997 0.00050002
vt 0.97920001 0.81910002
vt 0.99949998 0.74329996
vt 0.99250001 0.74370003
vt 0.98570001 0.82150006
vt 0.99949998 0.74329996
vt 0.97920001 0.81910002
vt 0.44340000 0.99949998
vt 0.44580001 0.99419999
vt 0.36919999 0.94840002
vt 0.44340000 0.99949998
vt 0.36919999 0.94840002
vt 0.36390001 0.95200002
vt 0.00749999 0.25629997
vt 0.02079999 0.18089998
vt 0.00050000 0.25669998
vt 0.61489999 0.06239998
vt 0.62019998 0.05879998
vt 0.54920000 0.01639998
vt 0.61484188 0.06234169
vt 0.97860003 0.74460000
vt 0.62019998 0.05879998
vt 0.97160000 0.74500000
vt 0.61489999 0.06239998
vt 0.54920000 0.01639998
vt 0.54680002 0.02170002
vt 0.02139997 0.74460000
vt 0.38510001 0.06239998
vt 0.37979999 0.05879998
vt 0.02834184 0.74505830
vt 0.95980000 0.81200004
vt 0.97860003 0.74460000
vt 0.97160000 0.74500000
vt 0.54920000 0.01639998
vt 0.04035964 0.18795860
vt 0.54680002 0.02170002
vt 0.03379994 0.18559998
vt 0.38510001 0.06239998
vt 0.45320001 0.02170002
vt 0.37979999 0.05879998
vt 0.03379994 0.81440002
vt 0.02840000 0.74500000
vt 0.02139997 0.74460000
vt 0.03379994 0.81440002
vt 0.04019999 0.81200004
vt 0.02840000 0.74500000
vt 0.96619999 0.81440002
vt 0.97860003 0.74460000
vt 0.95980000 0.81200004
vt 0.02139997 0.25540000
vt 0.04019999 0.18800002
vt 0.03379994 0.18559998
vt 0.45335969 0.02174139
vt 0.96619999 0.18559998
vt 0.45080000 0.01639998
vt 0.95980000 0.18800002
vt 0.37979999 0.05879998
vt 0.45320001 0.02170002
vt 0.45080000 0.01639998
vt 0.54664040 0.97825867
vt 0.03379994 0.81440002
vt 0.54920000 0.98360002
vt 0.04019999 0.81200004
vt 0.45080000 0.98360002
vt 0.95964032 0.81204128
vt 0.45320001 0.97829998
vt 0.96619999 0.81440002
vt 0.02840000 0.25500000
vt 0.04019999 0.18800002
vt 0.02139997 0.25540000
vt 0.97160000 0.25500000
vt 0.96619999 0.18559998
vt 0.95980000 0.18800002
vt 0.54920000 0.98360002
vt 0.62019998 0.94120002
vt 0.54680002 0.97829998
vt 0.45080000 0.98360002
vt 0.45320001 0.97829998
vt 0.38510001 0.93760002
vt 0.37979999 0.94120002
vt 0.02840000 0.25500000
vt 0.02139997 0.25540000
vt 0.38515821 0.93765831
vt 0.97160000 0.25500000
vt 0.97860003 0.25540000
vt 0.96619999 0.18559998
vt 0.54680002 0.97829998
vt 0.62019998 0.94120002
vt 0.61489999 0.93760002
vt 0.45080000 0.98360002
vt 0.38510001 0.93760002
vt 0.37979999 0.94120002
vt 0.97165811 0.25494170
vt 0.62019998 0.94120002
vt 0.97860003 0.25540000
vt 0.61489999 0.93760002
vt 0.25029999 0.00139999
vt 0.74970001 0.88279998
vt 0.74980003 0.00139999
vt 0.25020000 0.88279998
vt 0.00139999 0.00050002
vt 0.85280001 0.08389997
vt 0.88279998 0.06840003
vt 0.25020000 0.14450002
vt 0.74970001 0.06840003
vt 0.25020000 0.06840003
vt 0.74970001 0.14450002
vt 0.99860001 0.00050002
vt 0.11720000 0.06840003
vt 0.99860001 0.02230000
vt 0.00046598 0.02236342
vt 0.74976599 0.00046831
vt 0.25020000 0.00050002
vt 0.99949998 0.02230000
vt 0.25020000 0.04420000
vt 0.74976599 0.04416829
vt 0.85280001 0.08389997
vt 0.95700002 0.14450002
vt 0.88279998 0.06840003
vt 0.00139999 0.02230000
vt 0.99949998 0.14450002
vt 0.25020000 0.84759998
vt 0.74970001 0.14450002
vt 0.25020000 0.14450002
vt 0.74970001 0.84759998
vt 0.14720000 0.08389997
vt 0.11720000 0.06840003
vt 0.00050000 0.14450002
vt 0.14720000 0.08389997
vt 0.99860001 0.04420000
vt 0.99860001 0.02230000
vt 0.14720000 0.08389997
vt 0.25029999 0.82270002
vt 0.74970001 0.00139999
vt 0.25020000 0.00139999
vt 0.74980003 0.82270002
vt 0.00139999 0.02230000
vt 0.00139999 0.04420000
vt 0.82270002 0.09930003
vt 0.85280001 0.08389997
vt 0.91450000 0.14450002
vt 0.95700002 0.14450002
vt 0.85280001 0.08389997
vt 0.95700002 0.14450002
vt 0.99949998 0.84759998
vt 0.99949998 0.14450002
vt 0.95700002 0.84759998
vt 0.25020000 0.92000002
vt 0.74970001 0.84759998
vt 0.25020000 0.84759998
vt 0.74970001 0.92000002
vt 0.04299998 0.84759998
vt 0.00050000 0.14450002
vt 0.00050000 0.84759998
vt 0.04299998 0.14450002
vt 0.04299998 0.14450002
vt 0.17730001 0.09930003
vt 0.25029999 0.14450002
vt 0.74980003 0.09930003
vt 0.25029999 0.09930003
vt 0.74980003 0.14450002
vt 0.91450000 0.14450002
vt 0.95700002 0.84759998
vt 0.95700002 0.14450002
vt 0.91450000 0.84759998
vt 0.82270002 0.09930003
vt 0.84990001 0.90450001
vt 0.99949998 0.84759998
vt 0.95700002 0.84759998
vt 0.88000000 0.92000002
vt 0.25029999 0.88000000
vt 0.74970001 0.00050002
vt 0.25020000 0.00050002
vt 0.74980003 0.88000000
vt 0.12000000 0.92000002
vt 0.04299998 0.84759998
vt 0.00050000 0.84759998
vt 0.08550000 0.84759998
vt 0.04299998 0.14450002
vt 0.04299998 0.84759998
vt 0.08550000 0.14450002
vt 0.17730001 0.09930003
vt 0.14720000 0.08389997
vt 0.04299998 0.14450002
vt 0.08550000 0.14450002
vt 0.25029999 0.84759998
vt 0.74980003 0.14450002
vt 0.25029999 0.14450002
vt 0.74980003 0.84759998
vt 0.81989998 0.88910002
vt 0.95700002 0.84759998
vt 0.91450000 0.84759998
vt 0.84990001 0.90450001
vt 0.00050000 0.97770000
vt 0.88000000 0.92000002
vt 0.84990001 0.90450001
vt 0.00050000 0.99949998
vt 0.00050000 0.97770000
vt 0.74970001 0.95580000
vt 0.25020069 0.95583332
vt 0.99940068 0.97763330
vt 0.25020069 0.99953330
vt 0.74970001 0.99949998
vt 0.99949998 0.99949998
vt 0.15009990 0.90450001
vt 0.15009990 0.90450001
vt 0.08550000 0.84759998
vt 0.04299998 0.84759998
vt 0.74980003 0.88910002
vt 0.25029999 0.84759998
vt 0.25029999 0.88910002
vt 0.74980003 0.84759998
vt 0.00050000 0.95580000
vt 0.84990001 0.90450001
vt 0.81989998 0.88910002
vt 0.00050000 0.97770000
vt 0.25029999 0.00050002
vt 0.74970001 0.81990004
vt 0.74980003 0.00050002
vt 0.25020000 0.81990004
vt 0.99949998 0.95580000
vt 0.18009999 0.88910002
vt 0.99949998 0.97770000
vt 0.99949998 0.97770000
vt 0.25029999 0.00050002
vt 0.74970001 0.81990004
vt 0.74980003 0.00050002
vt 0.25020000 0.81990004
vt 0.99949998 0.95580000
vt 0.18009999 0.88910002
vt 0.99949998 0.97770000
vt 0.00050000 0.97770000
vt 0.74970001 0.95580000
vt 0.25020069 0.95583171
vt 0.99940068 0.97763664
vt 0.25020069 0.99953169
vt 0.74970001 0.99949998
vt 0.00050000 0.95580000
vt 0.84990001 0.90450001
vt 0.81989998 0.88910002
vt 0.74980003 0.88910002
vt 0.25029999 0.84759998
vt 0.25029999 0.88910002
vt 0.74980003 0.84759998
vt 0.15009990 0.90450001
vt 0.00050000 0.97770000
vt 0.99949998 0.99949998
vt 0.99949998 0.97770000
vt 0.15009990 0.90450001
vt 0.25029999 0.88000000
vt 0.74970001 0.00050002
vt 0.25020000 0.00050002
vt 0.74980003 0.88000000
vt 0.00050000 0.97770000
vt 0.00050000 0.99949998
vt 0.88000000 0.92000002
vt 0.81989998 0.88910002
vt 0.84990001 0.90450001
vt 0.95700002 0.84759998
vt 0.08550000 0.84759998
vt 0.91450000 0.84759998
vt 0.25029999 0.84759998
vt 0.74980003 0.14450002
vt 0.25029999 0.14450002
vt 0.74980003 0.84759998
vt 0.84990001 0.90450001
vt 0.12000000 0.92000002
vt 0.25020000 0.92000002
vt 0.74970001 0.84759998
vt 0.25020000 0.84759998
vt 0.74970001 0.92000002
vt 0.84990001 0.90450001
vt 0.99949998 0.84759998
vt 0.95700002 0.84759998
vt 0.04299998 0.84759998
vt 0.91450000 0.14450002
vt 0.95700002 0.84759998
vt 0.95700002 0.14450002
vt 0.91450000 0.84759998
vt 0.08550000 0.84759998
vt 0.04299998 0.14450002
vt 0.04299998 0.84759998
vt 0.08550000 0.14450002
vt 0.25029999 0.14450002
vt 0.74980003 0.09930003
vt 0.25029999 0.09930003
vt 0.74980003 0.14450002
vt 0.88000000 0.92000002
vt 0.04299998 0.84759998
vt 0.00050000 0.84759998
vt 0.25020000 0.84759998
vt 0.74970001 0.14450002
vt 0.25020000 0.14450002
vt 0.74970001 0.84759998
vt 0.95700002 0.14450002
vt 0.99949998 0.84759998
vt 0.99949998 0.14450002
vt 0.95700002 0.84759998
vt 0.85280001 0.08389997
vt 0.91450000 0.14450002
vt 0.95700002 0.14450002
vt 0.17730001 0.09930003
vt 0.04299998 0.14450002
vt 0.08550000 0.14450002
vt 0.04299998 0.84759998
vt 0.00050000 0.14450002
vt 0.00050000 0.84759998
vt 0.04299998 0.14450002
vt 0.82270002 0.09930003
vt 0.25029999 0.82270002
vt 0.74970001 0.00139999
vt 0.25020000 0.00139999
vt 0.74980003 0.82270002
vt 0.25020000 0.14450002
vt 0.74970001 0.06840003
vt 0.25020000 0.06840003
vt 0.74970001 0.14450002
vt 0.88279998 0.06840003
vt 0.95700002 0.14450002
vt 0.99949998 0.14450002
vt 0.85280001 0.08389997
vt 0.14720000 0.08389997
vt 0.14720000 0.08389997
vt 0.00050000 0.14450002
vt 0.04299998 0.14450002
vt 0.00139999 0.02230000
vt 0.82270002 0.09930003
vt 0.85280001 0.08389997
vt 0.99860001 0.04420000
vt 0.14720000 0.08389997
vt 0.17730001 0.09930003
vt 0.00139999 0.04420000
vt 0.00046598 0.02236670
vt 0.74976599 0.00046670
vt 0.25020000 0.00050002
vt 0.99949998 0.02230000
vt 0.25020000 0.04420000
vt 0.74976599 0.04416668
vt 0.11720000 0.06840003
vt 0.25029999 0.00139999
vt 0.74970001 0.88279998
vt 0.74980003 0.00139999
vt 0.25020000 0.88279998
vt 0.00139999 0.00050002
vt 0.85280001 0.08389997
vt 0.88279998 0.06840003
vt 0.00139999 0.02230000
vt 0.99860001 0.02230000
vt 0.99860001 0.00050002
vt 0.11720000 0.06840003
vt 0.99860001 0.02230000
vt 0.14720000 0.08389997
vt 0.00033539 0.02236342
vt 0.74973333 0.00046831
vt 0.25020000 0.00050002
vt 0.99949998 0.02230000
vt 0.25020000 0.04420000
vt 0.74973333 0.04416829
vt 0.99860001 0.04420000
vt 0.99860001 0.02230000
vt 0.14720000 0.08389997
vt 0.25029999 0.82270002
vt 0.74970001 0.00139999
vt 0.25020000 0.00139999
vt 0.74980003 0.82270002
vt 0.00139999 0.02230000
vt 0.00139999 0.04420000
vt 0.82270002 0.09930003
vt 0.00139999 0.02230000
vt 0.85280001 0.08389997
vt 0.00139999 0.00050002
vt 0.25029999 0.00139999
vt 0.74970001 0.88279998
vt 0.74980003 0.00139999
vt 0.25020000 0.88279998
vt 0.99860001 0.00050002
vt 0.11720000 0.06840003
vt 0.99860001 0.02230000
vt 0.14720000 0.08389997
vt 0.17730001 0.09930003
vt 0.25029999 0.14450002
vt 0.74980003 0.09930003
vt 0.25029999 0.09930003
vt 0.74980003 0.14450002
vt 0.85280001 0.08389997
vt 0.88279998 0.06840003
vt 0.25020000 0.14450002
vt 0.74970001 0.06840003
vt 0.25020000 0.06840003
vt 0.74970001 0.14450002
vt 0.14720000 0.08389997
vt 0.11720000 0.06840003
vt 0.00050000 0.14450002
vt 0.17730001 0.09930003
vt 0.14720000 0.08389997
vt 0.04299998 0.14450002
vt 0.08550000 0.14450002
vt 0.25029999 0.84759998
vt 0.74980003 0.14450002
vt 0.25029999 0.14450002
vt 0.74980003 0.84759998
vt 0.82270002 0.09930003
vt 0.91450000 0.14450002
vt 0.85280001 0.08389997
vt 0.85280001 0.08389997
vt 0.95700002 0.14450002
vt 0.88279998 0.06840003
vt 0.99949998 0.14450002
vt 0.25020000 0.84759998
vt 0.74970001 0.14450002
vt 0.25020000 0.14450002
vt 0.74970001 0.84759998
vt 0.04299998 0.14450002
vt 0.08550000 0.84759998
vt 0.04299998 0.14450002
vt 0.04299998 0.84759998
vt 0.08550000 0.14450002
vt 0.74980003 0.88910002
vt 0.25029999 0.84759998
vt 0.25029999 0.88910002
vt 0.74980003 0.84759998
vt 0.91450000 0.14450002
vt 0.95700002 0.84759998
vt 0.95700002 0.14450002
vt 0.91450000 0.84759998
vt 0.95700002 0.14450002
vt 0.95700002 0.14450002
vt 0.99949998 0.84759998
vt 0.99949998 0.14450002
vt 0.95700002 0.84759998
vt 0.25020000 0.92000002
vt 0.74970001 0.84759998
vt 0.25020000 0.84759998
vt 0.74970001 0.92000002
vt 0.04299998 0.84759998
vt 0.00050000 0.14450002
vt 0.00050000 0.84759998
vt 0.04299998 0.14450002
vt 0.15009990 0.90450001
vt 0.08550000 0.84759998
vt 0.04299998 0.84759998
vt 0.18009999 0.88910002
vt 0.25029999 0.00050002
vt 0.74970001 0.81990004
vt 0.74980003 0.00050002
vt 0.25020000 0.81990004
vt 0.81989998 0.88910002
vt 0.95700002 0.84759998
vt 0.91450000 0.84759998
vt 0.84990001 0.90450001
vt 0.99949998 0.84759998
vt 0.95700002 0.84759998
vt 0.88000000 0.92000002
vt 0.25029999 0.88000000
vt 0.74970001 0.00050002
vt 0.25020000 0.00050002
vt 0.74980003 0.88000000
vt 0.12000000 0.92000002
vt 0.04299998 0.84759998
vt 0.00050000 0.84759998
vt 0.15009990 0.90450001
vt 0.99949998 0.97770000
vt 0.99949998 0.95580000
vt 0.00050000 0.97770000
vt 0.74970001 0.95580000
vt 0.25029859 0.95583332
vt 0.99940068 0.97763330
vt 0.25029859 0.99953330
vt 0.74970001 0.99949998
vt 0.00050000 0.95580000
vt 0.84990001 0.90450001
vt 0.81989998 0.88910002
vt 0.84990001 0.90450001
vt 0.00050000 0.97770000
vt 0.88000000 0.92000002
vt 0.84990001 0.90450001
vt 0.00050000 0.99949998
vt 0.99949998 0.99949998
vt 0.99949998 0.97770000
vt 0.00050000 0.97770000
vt 0.25029999 0.00139999
vt 0.74970001 0.88279998
vt 0.74980003 0.00139999
vt 0.25020000 0.88279998
vt 0.00139999 0.00050002
vt 0.85280001 0.08389997
vt 0.88279998 0.06840003
vt 0.25020000 0.14450002
vt 0.74970001 0.06840003
vt 0.25020000 0.06840003
vt 0.74970001 0.14450002
vt 0.99860001 0.00050002
vt 0.11720000 0.06840003
vt 0.99860001 0.02230000
vt 0.00046598 0.02236342
vt 0.74976599 0.00046831
vt 0.25020000 0.00050002
vt 0.99949998 0.02230000
vt 0.25020000 0.04420000
vt 0.74976599 0.04416829
vt 0.85280001 0.08389997
vt 0.95700002 0.14450002
vt 0.88279998 0.06840003
vt 0.00139999 0.02230000
vt 0.99949998 0.14450002
vt 0.25020000 0.84759998
vt 0.74970001 0.14450002
vt 0.25020000 0.14450002
vt 0.74970001 0.84759998
vt 0.14720000 0.08389997
vt 0.11720000 0.06840003
vt 0.00050000 0.14450002
vt 0.14720000 0.08389997
vt 0.99860001 0.04420000
vt 0.99860001 0.02230000
vt 0.14720000 0.08389997
vt 0.25029999 0.82270002
vt 0.74970001 0.00139999
vt 0.25020000 0.00139999
vt 0.74980003 0.82270002
vt 0.00139999 0.02230000
vt 0.00139999 0.04420000
vt 0.82270002 0.09930003
vt 0.85280001 0.08389997
vt 0.91450000 0.14450002
vt 0.95700002 0.14450002
vt 0.85280001 0.08389997
vt 0.95700002 0.14450002
vt 0.99949998 0.84759998
vt 0.99949998 0.14450002
vt 0.95700002 0.84759998
vt 0.25020000 0.92000002
vt 0.74970001 0.84759998
vt 0.25020000 0.84759998
vt 0.74970001 0.92000002
vt 0.04299998 0.84759998
vt 0.00050000 0.14450002
vt 0.00050000 0.84759998
vt 0.04299998 0.14450002
vt 0.04299998 0.14450002
vt 0.17730001 0.09930003
vt 0.25029999 0.14450002
vt 0.74980003 0.09930003
vt 0.25029999 0.09930003
vt 0.74980003 0.14450002
vt 0.91450000 0.14450002
vt 0.95700002 0.84759998
vt 0.95700002 0.14450002
vt 0.91450000 0.84759998
vt 0.82270002 0.09930003
vt 0.84990001 0.90450001
vt 0.99949998 0.84759998
vt 0.95700002 0.84759998
vt 0.88000000 0.92000002
vt 0.25029999 0.88000000
vt 0.74970001 0.00050002
vt 0.25020000 0.00050002
vt 0.74980003 0.88000000
vt 0.12000000 0.92000002
vt 0.04299998 0.84759998
vt 0.00050000 0.84759998
vt 0.08550000 0.84759998
vt 0.04299998 0.14450002
vt 0.04299998 0.84759998
vt 0.08550000 0.14450002
vt 0.17730001 0.09930003
vt 0.14720000 0.08389997
vt 0.04299998 0.14450002
vt 0.08550000 0.14450002
vt 0.25029999 0.84759998
vt 0.74980003 0.14450002
vt 0.25029999 0.14450002
vt 0.74980003 0.84759998
vt 0.81989998 0.88910002
vt 0.95700002 0.84759998
vt 0.91450000 0.84759998
vt 0.84990001 0.90450001
vt 0.00050000 0.97770000
vt 0.88000000 0.92000002
vt 0.84990001 0.90450001
vt 0.00050000 0.99949998
vt 0.00050000 0.97770000
vt 0.74970001 0.95580000
vt 0.25020069 0.95583332
vt 0.99940068 0.97763330
vt 0.25020069 0.99953330
vt 0.74970001 0.99949998
vt 0.99949998 0.99949998
vt 0.15009990 0.90450001
vt 0.15009990 0.90450001
vt 0.08550000 0.84759998
vt 0.04299998 0.84759998
vt 0.74980003 0.88910002
vt 0.25029999 0.84759998
vt 0.25029999 0.88910002
vt 0.74980003 0.84759998
vt 0.00050000 0.95580000
vt 0.84990001 0.90450001
vt 0.81989998 0.88910002
vt 0.00050000 0.97770000
vt 0.25029999 0.00050002
vt 0.74970001 0.81990004
vt 0.74980003 0.00050002
vt 0.25020000 0.81990004
vt 0.99949998 0.95580000
vt 0.18009999 0.88910002
vt 0.99949998 0.97770000
vt 0.99949998 0.97770000
vt 0.25029999 0.00139999
vt 0.74970001 0.88279998
vt 0.74980003 0.00139999
vt 0.25020000 0.88279998
vt 0.00139999 0.00050002
vt 0.85280001 0.08389997
vt 0.88279998 0.06840003
vt 0.25020000 0.14450002
vt 0.74970001 0.06840003
vt 0.25020000 0.06840003
vt 0.74970001 0.14450002
vt 0.99860001 0.00050002
vt 0.11720000 0.06840003
vt 0.99860001 0.02230000
vt 0.00040068 0.02236342
vt 0.74970073 0.00046831
vt 0.25020000 0.00050002
vt 0.99949998 0.02230000
vt 0.25020000 0.04420000
vt 0.74970073 0.04416829
vt 0.85280001 0.08389997
vt 0.95700002 0.14450002
vt 0.88279998 0.06840003
vt 0.00139999 0.02230000
vt 0.99949998 0.14450002
vt 0.25020000 0.84759998
vt 0.74970001 0.14450002
vt 0.25020000 0.14450002
vt 0.74970001 0.84759998
vt 0.14720000 0.08389997
vt 0.11720000 0.06840003
vt 0.00050000 0.14450002
vt 0.14720000 0.08389997
vt 0.99860001 0.04420000
vt 0.99860001 0.02230000
vt 0.14720000 0.08389997
vt 0.25029999 0.82270002
vt 0.74970001 0.00139999
vt 0.25020000 0.00139999
vt 0.74980003 0.82270002
vt 0.00139999 0.02230000
vt 0.00139999 0.04420000
vt 0.82270002 0.09930003
vt 0.85280001 0.08389997
vt 0.91450000 0.14450002
vt 0.95700002 0.14450002
vt 0.85280001 0.08389997
vt 0.95700002 0.14450002
vt 0.99949998 0.84759998
vt 0.99949998 0.14450002
vt 0.95700002 0.84759998
vt 0.25020000 0.92000002
vt 0.74970001 0.84759998
vt 0.25020000 0.84759998
vt 0.74970001 0.92000002
vt 0.04299998 0.84759998
vt 0.00050000 0.14450002
vt 0.00050000 0.84759998
vt 0.04299998 0.14450002
vt 0.04299998 0.14450002
vt 0.17730001 0.09930003
vt 0.25029999 0.14450002
vt 0.74980003 0.09930003
vt 0.25029999 0.09930003
vt 0.74980003 0.14450002
vt 0.91450000 0.14450002
vt 0.95700002 0.84759998
vt 0.95700002 0.14450002
vt 0.91450000 0.84759998
vt 0.82270002 0.09930003
vt 0.84990001 0.90450001
vt 0.99949998 0.84759998
vt 0.95700002 0.84759998
vt 0.88000000 0.92000002
vt 0.25029999 0.88000000
vt 0.74970001 0.00050002
vt 0.25020000 0.00050002
vt 0.74980003 0.88000000
vt 0.12000000 0.92000002
vt 0.04299998 0.84759998
vt 0.00050000 0.84759998
vt 0.08550000 0.84759998
vt 0.04299998 0.14450002
vt 0.04299998 0.84759998
vt 0.08550000 0.14450002
vt 0.17730001 0.09930003
vt 0.14720000 0.08389997
vt 0.04299998 0.14450002
vt 0.08550000 0.14450002
vt 0.25029999 0.84759998
vt 0.74980003 0.14450002
vt 0.25029999 0.14450002
vt 0.74980003 0.84759998
vt 0.81989998 0.88910002
vt 0.95700002 0.84759998
vt 0.91450000 0.84759998
vt 0.84990001 0.90450001
vt 0.00050000 0.97770000
vt 0.88000000 0.92000002
vt 0.84990001 0.90450001
vt 0.00050000 0.99949998
vt 0.00050000 0.97770000
vt 0.74970001 0.95580000
vt 0.25026599 0.95583332
vt 0.99946600 0.97763330
vt 0.25026599 0.99953330
vt 0.74970001 0.99949998
vt 0.99949998 0.99949998
vt 0.15009990 0.90450001
vt 0.15009990 0.90450001
vt 0.08550000 0.84759998
vt 0.04299998 0.84759998
vt 0.74980003 0.88910002
vt 0.25029999 0.84759998
vt 0.25029999 0.88910002
vt 0.74980003 0.84759998
vt 0.00050000 0.95580000
vt 0.84990001 0.90450001
vt 0.81989998 0.88910002
vt 0.00050000 0.97770000
vt 0.25029999 0.00050002
vt 0.74970001 0.81990004
vt 0.74980003 0.00050002
vt 0.25020000 0.81990004
vt 0.99949998 0.95580000
vt 0.18009999 0.88910002
vt 0.99949998 0.97770000
vt 0.99949998 0.97770000
vt 0.25029999 0.00139999
vt 0.74970001 0.88279998
vt 0.74980003 0.00139999
vt 0.25020000 0.88279998
vt 0.00139999 0.00050002
vt 0.85280001 0.08389997
vt 0.88279998 0.06840003
vt 0.25020000 0.14450002
vt 0.74970001 0.06840003
vt 0.25020000 0.06840003
vt 0.74970001 0.14450002
vt 0.99860001 0.00050002
vt 0.11720000 0.06840003
vt 0.99860001 0.02230000
vt 0.00010641 0.02236342
vt 0.74940640 0.00046831
vt 0.25020000 0.00050002
vt 0.99949998 0.02230000
vt 0.25020000 0.04420000
vt 0.74940640 0.04416829
vt 0.85280001 0.08389997
vt 0.95700002 0.14450002
vt 0.88279998 0.06840003
vt 0.00139999 0.02230000
vt 0.99949998 0.14450002
vt 0.25020000 0.84759998
vt 0.74970001 0.14450002
vt 0.25020000 0.14450002
vt 0.74970001 0.84759998
vt 0.14720000 0.08389997
vt 0.11720000 0.06840003
vt 0.00050000 0.14450002
vt 0.14720000 0.08389997
vt 0.99860001 0.04420000
vt 0.99860001 0.02230000
vt 0.14720000 0.08389997
vt 0.25029999 0.82270002
vt 0.74970001 0.00139999
vt 0.25020000 0.00139999
vt 0.74980003 0.82270002
vt 0.00139999 0.02230000
vt 0.00139999 0.04420000
vt 0.82270002 0.09930003
vt 0.85280001 0.08389997
vt 0.91450000 0.14450002
vt 0.95700002 0.14450002
vt 0.85280001 0.08389997
vt 0.95700002 0.14450002
vt 0.99949998 0.84759998
vt 0.99949998 0.14450002
vt 0.95700002 0.84759998
vt 0.25020000 0.92000002
vt 0.74970001 0.84759998
vt 0.25020000 0.84759998
vt 0.74970001 0.92000002
vt 0.04299998 0.84759998
vt 0.00050000 0.14450002
vt 0.00050000 0.84759998
vt 0.04299998 0.14450002
vt 0.04299998 0.14450002
vt 0.17730001 0.09930003
vt 0.25029999 0.14450002
vt 0.74980003 0.09930003
vt 0.25029999 0.09930003
vt 0.74980003 0.14450002
vt 0.91450000 0.14450002
vt 0.95700002 0.84759998
vt 0.95700002 0.14450002
vt 0.91450000 0.84759998
vt 0.82270002 0.09930003
vt 0.84990001 0.90450001
vt 0.99949998 0.84759998
vt 0.95700002 0.84759998
vt 0.88000000 0.92000002
vt 0.25029999 0.88000000
vt 0.74970001 0.00050002
vt 0.25020000 0.00050002
vt 0.74980003 0.88000000
vt 0.12000000 0.92000002
vt 0.04299998 0.84759998
vt 0.00050000 0.84759998
vt 0.08550000 0.84759998
vt 0.04299998 0.14450002
vt 0.04299998 0.84759998
vt 0.08550000 0.14450002
vt 0.17730001 0.09930003
vt 0.14720000 0.08389997
vt 0.04299998 0.14450002
vt 0.08550000 0.14450002
vt 0.25029999 0.84759998
vt 0.74980003 0.14450002
vt 0.25029999 0.14450002
vt 0.74980003 0.84759998
vt 0.81989998 0.88910002
vt 0.95700002 0.84759998
vt 0.91450000 0.84759998
vt 0.84990001 0.90450001
vt 0.00050000 0.97770000
vt 0.88000000 0.92000002
vt 0.84990001 0.90450001
vt 0.00050000 0.99949998
vt 0.00050000 0.97770000
vt 0.74970001 0.95580000
vt 0.25056019 0.95583332
vt 0.99976021 0.97763330
vt 0.25056019 0.99953330
vt 0.74970001 0.99949998
vt 0.99949998 0.99949998
vt 0.15009990 0.90450001
vt 0.15009990 0.90450001
vt 0.08550000 0.84759998
vt 0.04299998 0.84759998
vt 0.74980003 0.88910002
vt 0.25029999 0.84759998
vt 0.25029999 0.88910002
vt 0.74980003 0.84759998
vt 0.00050000 0.95580000
vt 0.84990001 0.90450001
vt 0.81989998 0.88910002
vt 0.00050000 0.97770000
vt 0.25029999 0.00050002
vt 0.74970001 0.81990004
vt 0.74980003 0.00050002
vt 0.25020000 0.81990004
vt 0.99949998 0.95580000
vt 0.18009999 0.88910002
vt 0.99949998 0.97770000
vt 0.99949998 0.97770000
vt 0.74980003 0.00129998
vt 0.25020000 0.89240003
vt 0.74970001 0.89240003
vt 0.25029999 0.00129998
vt 0.00129998 0.00050002
vt 0.86489999 0.06209999
vt 0.89240003 0.05250001
vt 0.25020000 0.05250001
vt 0.74970001 0.09969997
vt 0.74970001 0.05250001
vt 0.25020000 0.09969997
vt 0.99870002 0.00050002
vt 0.10760000 0.05250001
vt 0.99870002 0.01410002
vt 0.25019991 0.02760023
vt 0.25019991 0.00050020
vt 0.00043333 0.01401311
vt 0.74973321 0.02764380
vt 0.74973321 0.00054377
vt 0.99949980 0.01410019
vt 0.89240003 0.05250001
vt 0.86489999 0.06209999
vt 0.96050000 0.09969997
vt 0.00129998 0.01410002
vt 0.99949998 0.09969997
vt 0.25020000 0.09969997
vt 0.74970001 0.90520000
vt 0.74970001 0.09969997
vt 0.25020000 0.90520000
vt 0.10760000 0.05250001
vt 0.00050000 0.09969997
vt 0.13510001 0.06209999
vt 0.13510001 0.06209999
vt 0.99870002 0.01410002
vt 0.13510001 0.06209999
vt 0.99870002 0.02759999
vt 0.74970001 0.00129998
vt 0.25029999 0.83730012
vt 0.74980003 0.83730012
vt 0.25020000 0.00129998
vt 0.00129998 0.01410002
vt 0.00129998 0.02759999
vt 0.83730000 0.07169998
vt 0.86489999 0.06209999
vt 0.92150003 0.09969997
vt 0.96050000 0.09969997
vt 0.99949998 0.90520000
vt 0.96050000 0.09969997
vt 0.96050000 0.90520000
vt 0.99949998 0.09969997
vt 0.25020000 0.90520000
vt 0.74980003 0.95020002
vt 0.74970001 0.90520000
vt 0.25029999 0.95020002
vt 0.03949999 0.09969997
vt 0.00050000 0.90520000
vt 0.03949999 0.90520000
vt 0.00050000 0.09969997
vt 0.03949999 0.09969997
vt 0.16269989 0.07169998
vt 0.74980003 0.07169998
vt 0.25029999 0.09969997
vt 0.74980003 0.09969997
vt 0.25029999 0.07169998
vt 0.96050000 0.90520000
vt 0.92150003 0.09969997
vt 0.92150003 0.90520000
vt 0.96050000 0.09969997
vt 0.99949998 0.90520000
vt 0.96050000 0.90520000
vt 0.86220002 0.94059998
vt 0.88980001 0.95020002
vt 0.74970001 0.00050002
vt 0.25029999 0.88980001
vt 0.74970001 0.88980001
vt 0.25029999 0.00050002
vt 0.00050000 0.90520000
vt 0.11020000 0.95020002
vt 0.03949999 0.90520000
vt 0.07849997 0.09969997
vt 0.03949999 0.90520000
vt 0.07849997 0.90520000
vt 0.03949999 0.09969997
vt 0.13510001 0.06209999
vt 0.03949999 0.09969997
vt 0.16269989 0.07169998
vt 0.07849997 0.09969997
vt 0.74980003 0.90520000
vt 0.25029999 0.09969997
vt 0.25029999 0.90520000
vt 0.74980003 0.09969997
vt 0.96050000 0.90520000
vt 0.92150003 0.90520000
vt 0.83469999 0.93099999
vt 0.86220002 0.94059998
vt 0.86220002 0.94059998
vt 0.00050000 0.98589998
vt 0.88980001 0.95020002
vt 0.00050000 0.99949998
vt 0.25023329 0.99945641
vt 0.25023329 0.97235644
vt 0.00050000 0.98589998
vt 0.74969977 0.99949998
vt 0.74969977 0.97240001
vt 0.99943310 0.98598713
vt 0.13779999 0.94059998
vt 0.11020000 0.95020002
vt 0.99949998 0.99949998
vt 0.13779999 0.94059998
vt 0.03949999 0.90520000
vt 0.13779999 0.94059998
vt 0.07849997 0.90520000
vt 0.25029999 0.93099999
vt 0.74980003 0.90520000
vt 0.25029999 0.90520000
vt 0.74980003 0.93099999
vt 0.83469999 0.93099999
vt 0.00050000 0.97240001
vt 0.86220002 0.94059998
vt 0.00050000 0.98589998
vt 0.74980003 0.00050002
vt 0.25029999 0.83469999
vt 0.74970001 0.83469999
vt 0.25040001 0.00050002
vt 0.16530000 0.93099999
vt 0.99949998 0.98589998
vt 0.99949998 0.97240001
vt 0.99949998 0.98589998
vt 0.74970001 0.00050002
vt 0.25029999 0.88980001
vt 0.74970001 0.88980001
vt 0.25029999 0.00050002
vt 0.88980001 0.95020002
vt 0.00050000 0.98589998
vt 0.00050000 0.99949998
vt 0.25023329 0.99945641
vt 0.25023329 0.97235644
vt 0.00050000 0.98589998
vt 0.74969977 0.99949998
vt 0.74969977 0.97240001
vt 0.99933523 0.98598713
vt 0.13779999 0.94059998
vt 0.11020000 0.95020002
vt 0.99949998 0.99949998
vt 0.25020000 0.90520000
vt 0.74980003 0.95020002
vt 0.74970001 0.90520000
vt 0.25029999 0.95020002
vt 0.86220002 0.94059998
vt 0.86220002 0.94059998
vt 0.00050000 0.97240001
vt 0.00050000 0.98589998
vt 0.74980003 0.00050002
vt 0.25029999 0.83469999
vt 0.74970001 0.83469999
vt 0.25040001 0.00050002
vt 0.16530000 0.93099999
vt 0.99949998 0.98589998
vt 0.99949998 0.97240001
vt 0.99949998 0.98589998
vt 0.03949999 0.90520000
vt 0.11020000 0.95020002
vt 0.13779999 0.94059998
vt 0.00050000 0.90520000
vt 0.25020000 0.09969997
vt 0.74970001 0.90520000
vt 0.74970001 0.09969997
vt 0.25020000 0.90520000
vt 0.99949998 0.90520000
vt 0.86220002 0.94059998
vt 0.88980001 0.95020002
vt 0.83469999 0.93099999
vt 0.25029999 0.93099999
vt 0.74980003 0.90520000
vt 0.25029999 0.90520000
vt 0.74980003 0.93099999
vt 0.13779999 0.94059998
vt 0.03949999 0.90520000
vt 0.07849997 0.90520000
vt 0.03949999 0.09969997
vt 0.00050000 0.90520000
vt 0.03949999 0.90520000
vt 0.00050000 0.09969997
vt 0.25020000 0.05250001
vt 0.74970001 0.09969997
vt 0.74970001 0.05250001
vt 0.25020000 0.09969997
vt 0.99949998 0.90520000
vt 0.96050000 0.09969997
vt 0.96050000 0.90520000
vt 0.99949998 0.09969997
vt 0.96050000 0.90520000
vt 0.96050000 0.90520000
vt 0.83469999 0.93099999
vt 0.86220002 0.94059998
vt 0.92150003 0.90520000
vt 0.74980003 0.90520000
vt 0.25029999 0.09969997
vt 0.25029999 0.90520000
vt 0.74980003 0.09969997
vt 0.07849997 0.09969997
vt 0.03949999 0.90520000
vt 0.07849997 0.90520000
vt 0.03949999 0.09969997
vt 0.13510001 0.06209999
vt 0.00050000 0.09969997
vt 0.03949999 0.09969997
vt 0.10760000 0.05250001
vt 0.74980003 0.00129998
vt 0.25020000 0.89240003
vt 0.74970001 0.89240003
vt 0.25029999 0.00129998
vt 0.89240003 0.05250001
vt 0.96050000 0.09969997
vt 0.99949998 0.09969997
vt 0.96050000 0.90520000
vt 0.92150003 0.09969997
vt 0.92150003 0.90520000
vt 0.96050000 0.09969997
vt 0.74980003 0.07169998
vt 0.25029999 0.09969997
vt 0.74980003 0.09969997
vt 0.25029999 0.07169998
vt 0.16269989 0.07169998
vt 0.03949999 0.09969997
vt 0.07849997 0.09969997
vt 0.13510001 0.06209999
vt 0.99870002 0.01410002
vt 0.10760000 0.05250001
vt 0.13510001 0.06209999
vt 0.00129998 0.00050002
vt 0.86489999 0.06209999
vt 0.89240003 0.05250001
vt 0.99870002 0.00050002
vt 0.25019991 0.02760023
vt 0.25019991 0.00050020
vt 0.00040068 0.01401311
vt 0.74979848 0.02764380
vt 0.74979848 0.00054377
vt 0.99949980 0.01410019
vt 0.86489999 0.06209999
vt 0.86489999 0.06209999
vt 0.92150003 0.09969997
vt 0.96050000 0.09969997
vt 0.83730000 0.07169998
vt 0.74970001 0.00129998
vt 0.25029999 0.83730012
vt 0.74980003 0.83730012
vt 0.25020000 0.00129998
vt 0.99870002 0.02759999
vt 0.13510001 0.06209999
vt 0.16269989 0.07169998
vt 0.99870002 0.01410002
vt 0.00129998 0.01410002
vt 0.00129998 0.01410002
vt 0.00129998 0.02759999
vt 0.74980003 0.00129998
vt 0.25020000 0.89240003
vt 0.74970001 0.89240003
vt 0.25029999 0.00129998
vt 0.00129998 0.00050002
vt 0.86489999 0.06209999
vt 0.89240003 0.05250001
vt 0.25020000 0.05250001
vt 0.74970001 0.09969997
vt 0.74970001 0.05250001
vt 0.25020000 0.09969997
vt 0.99870002 0.00050002
vt 0.10760000 0.05250001
vt 0.99870002 0.01410002
vt 0.25019991 0.02760023
vt 0.25019991 0.00050020
vt 0.00059654 0.01401311
vt 0.74979842 0.02764380
vt 0.74979842 0.00054377
vt 0.99949980 0.01410019
vt 0.89240003 0.05250001
vt 0.86489999 0.06209999
vt 0.96050000 0.09969997
vt 0.00129998 0.01410002
vt 0.99949998 0.09969997
vt 0.25020000 0.09969997
vt 0.74970001 0.90520000
vt 0.74970001 0.09969997
vt 0.25020000 0.90520000
vt 0.10760000 0.05250001
vt 0.00050000 0.09969997
vt 0.13510001 0.06209999
vt 0.13510001 0.06209999
vt 0.99870002 0.01410002
vt 0.13510001 0.06209999
vt 0.99870002 0.02759999
vt 0.74970001 0.00129998
vt 0.25029999 0.83730012
vt 0.74980003 0.83730012
vt 0.25020000 0.00129998
vt 0.00129998 0.01410002
vt 0.00129998 0.02759999
vt 0.83730000 0.07169998
vt 0.86489999 0.06209999
vt 0.92150003 0.09969997
vt 0.96050000 0.09969997
vt 0.99949998 0.90520000
vt 0.96050000 0.09969997
vt 0.96050000 0.90520000
vt 0.99949998 0.09969997
vt 0.25020000 0.90520000
vt 0.74980003 0.95020002
vt 0.74970001 0.90520000
vt 0.25029999 0.95020002
vt 0.03949999 0.09969997
vt 0.00050000 0.90520000
vt 0.03949999 0.90520000
vt 0.00050000 0.09969997
vt 0.03949999 0.09969997
vt 0.16269989 0.07169998
vt 0.74980003 0.07169998
vt 0.25029999 0.09969997
vt 0.74980003 0.09969997
vt 0.25029999 0.07169998
vt 0.96050000 0.90520000
vt 0.92150003 0.09969997
vt 0.92150003 0.90520000
vt 0.96050000 0.09969997
vt 0.99949998 0.90520000
vt 0.96050000 0.90520000
vt 0.86220002 0.94059998
vt 0.88980001 0.95020002
vt 0.74970001 0.00050002
vt 0.25029999 0.88980001
vt 0.74970001 0.88980001
vt 0.25029999 0.00050002
vt 0.00050000 0.90520000
vt 0.11020000 0.95020002
vt 0.03949999 0.90520000
vt 0.07849997 0.09969997
vt 0.03949999 0.90520000
vt 0.07849997 0.90520000
vt 0.03949999 0.09969997
vt 0.13510001 0.06209999
vt 0.03949999 0.09969997
vt 0.16269989 0.07169998
vt 0.07849997 0.09969997
vt 0.74980003 0.90520000
vt 0.25029999 0.09969997
vt 0.25029999 0.90520000
vt 0.74980003 0.09969997
vt 0.96050000 0.90520000
vt 0.92150003 0.90520000
vt 0.83469999 0.93099999
vt 0.86220002 0.94059998
vt 0.86220002 0.94059998
vt 0.00050000 0.98589998
vt 0.88980001 0.95020002
vt 0.00050000 0.99949998
vt 0.25010270 0.99945641
vt 0.25010270 0.97235644
vt 0.00050000 0.98589998
vt 0.74969977 0.99949998
vt 0.74969977 0.97240001
vt 0.99940050 0.98598713
vt 0.13779999 0.94059998
vt 0.11020000 0.95020002
vt 0.99949998 0.99949998
vt 0.13779999 0.94059998
vt 0.03949999 0.90520000
vt 0.13779999 0.94059998
vt 0.07849997 0.90520000
vt 0.25029999 0.93099999
vt 0.74980003 0.90520000
vt 0.25029999 0.90520000
vt 0.74980003 0.93099999
vt 0.83469999 0.93099999
vt 0.00050000 0.97240001
vt 0.86220002 0.94059998
vt 0.00050000 0.98589998
vt 0.74980003 0.00050002
vt 0.25029999 0.83469999
vt 0.74970001 0.83469999
vt 0.25040001 0.00050002
vt 0.16530000 0.93099999
vt 0.99949998 0.98589998
vt 0.99949998 0.97240001
vt 0.99949998 0.98589998
vt 0.74980003 0.00129998
vt 0.25020000 0.89240003
vt 0.74970001 0.89240003
vt 0.25029999 0.00129998
vt 0.00129998 0.00050002
vt 0.86489999 0.06209999
vt 0.89240003 0.05250001
vt 0.25020000 0.05250001
vt 0.74970001 0.09969997
vt 0.74970001 0.05250001
vt 0.25020000 0.09969997
vt 0.99870002 0.00050002
vt 0.10760000 0.05250001
vt 0.99870002 0.01410002
vt 0.25019991 0.02760023
vt 0.25019991 0.00050020
vt 0.00043333 0.01401311
vt 0.74973321 0.02764380
vt 0.74973321 0.00054377
vt 0.99949980 0.01410019
vt 0.89240003 0.05250001
vt 0.86489999 0.06209999
vt 0.96050000 0.09969997
vt 0.00129998 0.01410002
vt 0.99949998 0.09969997
vt 0.25020000 0.09969997
vt 0.74970001 0.90520000
vt 0.74970001 0.09969997
vt 0.25020000 0.90520000
vt 0.10760000 0.05250001
vt 0.00050000 0.09969997
vt 0.13510001 0.06209999
vt 0.13510001 0.06209999
vt 0.99870002 0.01410002
vt 0.13510001 0.06209999
vt 0.99870002 0.02759999
vt 0.74970001 0.00129998
vt 0.25029999 0.83730012
vt 0.74980003 0.83730012
vt 0.25020000 0.00129998
vt 0.00129998 0.01410002
vt 0.00129998 0.02759999
vt 0.83730000 0.07169998
vt 0.86489999 0.06209999
vt 0.92150003 0.09969997
vt 0.96050000 0.09969997
vt 0.99949998 0.90520000
vt 0.96050000 0.09969997
vt 0.96050000 0.90520000
vt 0.99949998 0.09969997
vt 0.25020000 0.90520000
vt 0.74980003 0.95020002
vt 0.74970001 0.90520000
vt 0.25029999 0.95020002
vt 0.03949999 0.09969997
vt 0.00050000 0.90520000
vt 0.03949999 0.90520000
vt 0.00050000 0.09969997
vt 0.03949999 0.09969997
vt 0.16269989 0.07169998
vt 0.74980003 0.07169998
vt 0.25029999 0.09969997
vt 0.74980003 0.09969997
vt 0.25029999 0.07169998
vt 0.96050000 0.90520000
vt 0.92150003 0.09969997
vt 0.92150003 0.90520000
vt 0.96050000 0.09969997
vt 0.99949998 0.90520000
vt 0.96050000 0.90520000
vt 0.86220002 0.94059998
vt 0.88980001 0.95020002
vt 0.74970001 0.00050002
vt 0.25029999 0.88980001
vt 0.74970001 0.88980001
vt 0.25029999 0.00050002
vt 0.00050000 0.90520000
vt 0.11020000 0.95020002
vt 0.03949999 0.90520000
vt 0.07849997 0.09969997
vt 0.03949999 0.90520000
vt 0.07849997 0.90520000
vt 0.03949999 0.09969997
vt 0.13510001 0.06209999
vt 0.03949999 0.09969997
vt 0.16269989 0.07169998
vt 0.07849997 0.09969997
vt 0.74980003 0.90520000
vt 0.25029999 0.09969997
vt 0.25029999 0.90520000
vt 0.74980003 0.09969997
vt 0.96050000 0.90520000
vt 0.92150003 0.90520000
vt 0.83469999 0.93099999
vt 0.86220002 0.94059998
vt 0.86220002 0.94059998
vt 0.00050000 0.98589998
vt 0.88980001 0.95020002
vt 0.00050000 0.99949998
vt 0.25023329 0.99945641
vt 0.25023329 0.97235644
vt 0.00050000 0.98589998
vt 0.74969977 0.99949998
vt 0.74969977 0.97240001
vt 0.99943310 0.98598713
vt 0.13779999 0.94059998
vt 0.11020000 0.95020002
vt 0.99949998 0.99949998
vt 0.13779999 0.94059998
vt 0.03949999 0.90520000
vt 0.13779999 0.94059998
vt 0.07849997 0.90520000
vt 0.25029999 0.93099999
vt 0.74980003 0.90520000
vt 0.25029999 0.90520000
vt 0.74980003 0.93099999
vt 0.83469999 0.93099999
vt 0.00050000 0.97240001
vt 0.86220002 0.94059998
vt 0.00050000 0.98589998
vt 0.74980003 0.00050002
vt 0.25029999 0.83469999
vt 0.74970001 0.83469999
vt 0.25040001 0.00050002
vt 0.16530000 0.93099999
vt 0.99949998 0.98589998
vt 0.99949998 0.97240001
vt 0.99949998 0.98589998
f 1/1 2/2 3/3
f 2/2 1/1 4/4
f 4/4 1/1 5/5
f 4/4 5/5 6/6
f 6/6 5/5 7/7
f 7/7 5/5 8/8
f 7/7 8/8 9/9
f 10/10 11/11 3/3
f 11/11 10/10 12/12
f 12/12 10/10 13/13
f 12/12 13/13 14/14
f 14/14 13/13 15/15
f 14/14 15/15 9/9
f 14/14 9/9 16/16
f 16/16 9/9 8/8
f 17/17 18/18 19/19
f 20/20 21/21 22/22
f 21/21 20/20 23/23
f 24/24 25/25 26/26
f 27/27 28/28 29/29
f 30/30 31/31 32/32
f 31/31 30/30 33/33
f 34/34 35/35 36/36
f 37/37 38/38 39/39
f 38/38 37/37 40/40
f 41/41 42/42 43/43
f 44/44 45/45 46/46
f 45/45 44/44 47/47
f 48/48 49/49 50/50
f 51/51 52/52 53/53
f 54/54 55/55 56/56
f 55/55 54/54 57/57
f 58/58 59/59 60/60
f 61/61 62/62 63/63
f 64/64 65/65 66/66
f 67/67 68/68 69/69
f 68/68 67/67 70/70
f 71/71 72/72 73/73
f 74/74 75/75 76/76
f 75/75 74/74 77/77
f 51/51 53/53 78/78
f 79/79 80/80 81/81
f 80/80 79/79 82/82
f 83/83 84/84 85/85
f 86/86 87/87 88/88
f 87/87 86/86 89/89
f 90/90 91/91 92/92
f 93/93 94/94 95/95
f 94/94 93/93 96/96
f 43/43 42/42 97/97
f 98/98 99/99 100/100
f 99/99 98/98 101/101
f 102/102 103/103 104/104
f 105/105 106/106 107/107
f 106/106 105/105 108/108
f 109/109 110/110 111/111
f 112/112 113/113 114/114
f 115/115 116/116 117/117
f 118/118 119/119 120/120
f 119/119 118/118 121/121
f 122/122 123/123 124/124
f 125/125 126/126 127/127
f 126/126 125/125 128/128
f 126/126 128/128 129/129
f 129/129 128/128 130/130
f 129/129 130/130 131/131
f 131/131 130/130 132/132
f 132/132 130/130 133/133
f 132/132 133/133 134/134
f 127/127 135/135 136/136
f 135/135 127/127 126/126
f 136/136 135/135 137/137
f 136/136 137/137 138/138
f 138/138 137/137 139/139
f 138/138 139/139 134/134
f 138/138 134/134 140/140
f 140/140 134/134 133/133
f 141/141 142/142 143/143
f 144/144 142/142 141/141
f 145/145 146/146 147/147
f 146/146 145/145 148/148
f 149/149 150/150 151/151
f 152/152 153/153 154/154
f 155/155 156/156 157/157
f 158/158 159/159 160/160
f 158/158 161/161 159/159
f 162/162 163/163 164/164
f 165/165 166/166 167/167
f 168/168 169/169 170/170
f 171/171 172/172 173/173
f 174/174 175/175 176/176
f 177/177 178/178 179/179
f 180/180 181/181 182/182
f 183/183 184/184 185/185
f 186/186 187/187 188/188
f 189/189 190/190 191/191
f 192/192 193/193 194/194
f 195/195 196/196 197/197
f 196/196 195/195 198/198
f 199/199 200/200 201/201
f 202/202 203/203 204/204
f 205/205 206/206 207/207
f 206/206 205/205 208/208
f 206/206 208/208 209/209
f 209/209 208/208 210/210
f 209/209 210/210 211/211
f 211/211 210/210 212/212
f 212/212 210/210 213/213
f 212/212 213/213 214/214
f 207/207 215/215 216/216
f 215/215 207/207 206/206
f 216/216 215/215 217/217
f 216/216 217/217 218/218
f 218/218 217/217 219/219
f 218/218 219/219 214/214
f 218/218 214/214 220/220
f 220/220 214/214 213/213
f 221/221 222/222 223/223
f 224/224 225/225 226/226
f 225/225 224/224 227/227
f 228/228 229/229 230/230
f 229/229 228/228 231/231
f 232/232 233/233 234/234
f 235/235 236/236 237/237
f 236/236 235/235 238/238
f 239/239 240/240 241/241
f 242/242 243/243 244/244
f 243/243 242/242 245/245
f 246/246 247/247 248/248
f 249/249 250/250 251/251
f 250/250 249/249 252/252
f 253/253 254/254 255/255
f 256/256 257/257 258/258
f 257/257 256/256 259/259
f 257/257 259/259 260/260
f 260/260 259/259 261/261
f 260/260 261/261 262/262
f 262/262 261/261 263/263
f 263/263 261/261 264/264
f 263/263 264/264 265/265
f 258/258 266/266 267/267
f 266/266 258/258 257/257
f 267/267 266/266 268/268
f 267/267 268/268 269/269
f 269/269 268/268 270/270
f 269/269 270/270 265/265
f 269/269 265/265 271/271
f 271/271 265/265 264/264
f 272/272 273/273 274/274
f 275/275 276/276 277/277
f 239/239 241/241 278/278
f 279/279 280/280 281/281
f 280/280 279/279 282/282
f 283/283 284/284 285/285
f 286/286 287/287 288/288
f 287/287 286/286 289/289
f 290/290 291/291 292/292
f 293/293 294/294 295/295
f 296/296 276/276 275/275
f 297/297 298/298 299/299
f 300/300 301/301 302/302
f 301/301 300/300 303/303
f 301/301 303/303 304/304
f 304/304 303/303 305/305
f 304/304 305/305 306/306
f 306/306 305/305 307/307
f 307/307 305/305 308/308
f 307/307 308/308 309/309
f 302/302 310/310 311/311
f 310/310 302/302 301/301
f 311/311 310/310 312/312
f 311/311 312/312 313/313
f 313/313 312/312 314/314
f 313/313 314/314 309/309
f 313/313 309/309 315/315
f 315/315 309/309 308/308
f 316/316 317/317 318/318
f 319/319 320/320 321/321
f 320/320 319/319 322/322
f 323/323 324/324 325/325
f 324/324 323/323 326/326
f 327/327 328/328 329/329
f 328/328 327/327 330/330
f 331/331 332/332 333/333
f 334/334 335/335 336/336
f 335/335 334/334 337/337
f 338/338 339/339 340/340
f 341/341 342/342 343/343
f 344/344 345/345 346/346
f 347/347 348/348 349/349
f 348/348 347/347 350/350
f 351/351 352/352 353/353
f 352/352 351/351 354/354
f 355/355 356/356 357/357
f 356/356 355/355 358/358
f 359/359 360/360 361/361
f 362/362 363/363 364/364
f 363/363 362/362 365/365
f 366/366 367/367 368/368
f 369/369 370/370 371/371
f 372/372 373/373 374/374
f 373/373 372/372 375/375
f 376/376 377/377 378/378
f 377/377 376/376 379/379
f 379/379 376/376 380/380
f 379/379 380/380 381/381
f 381/381 380/380 382/382
f 382/382 380/380 383/383
f 382/382 383/383 384/384
f 385/385 386/386 387/387
f 386/386 385/385 378/378
f 386/386 378/378 377/377
f 387/387 386/386 388/388
f 387/387 388/388 389/389
f 389/389 388/388 390/390
f 389/389 390/390 384/384
f 389/389 384/384 391/391
f 391/391 384/384 383/383
f 392/392 393/393 394/394
f 395/395 396/396 397/397
f 398/398 399/399 400/400
f 401/401 402/402 403/403
f 404/404 405/405 406/406
f 405/405 404/404 407/407
f 408/408 409/409 410/410
f 411/411 412/412 413/413
f 412/412 411/411 414/414
f 415/415 416/416 417/417
f 418/418 419/419 420/420
f 419/419 418/418 421/421
f 422/422 423/423 424/424
f 425/425 426/426 427/427
f 426/426 425/425 428/428
f 429/429 430/430 431/431
f 432/432 433/433 434/434
f 435/435 436/436 437/437
f 438/438 439/439 440/440
f 441/441 442/442 443/443
f 442/442 441/441 444/444
f 445/445 446/446 447/447
f 448/448 449/449 450/450
f 451/451 452/452 453/453
f 452/452 451/451 454/454
f 455/455 456/456 457/457
f 456/456 455/455 458/458
f 459/459 460/460 461/461
f 462/462 463/463 464/464
f 465/465 466/466 467/467
f 468/468 469/469 470/470
f 471/471 472/472 473/473
f 474/474 475/475 476/476
f 475/475 474/474 477/477
f 478/478 479/479 480/480
f 481/481 482/482 483/483
f 484/484 485/485 486/486
f 485/485 484/484 487/487
f 488/488 489/489 490/490
f 489/489 488/488 491/491
f 492/492 493/493 494/494
f 495/495 496/496 497/497
f 496/496 495/495 498/498
f 499/499 500/500 501/501
f 502/502 503/503 504/504
f 503/503 502/502 505/505
f 503/503 505/505 506/506
f 506/506 505/505 507/507
f 508/508 509/509 510/510
f 492/492 511/511 493/493
f 508/508 510/510 512/512
f 513/513 514/514 515/515
f 514/514 513/513 516/516
f 517/517 518/518 519/519
f 501/501 500/500 520/520
f 521/521 522/522 523/523
f 524/524 525/525 526/526
f 527/527 528/528 529/529
f 528/528 527/527 530/530
f 531/531 532/532 533/533
f 521/521 523/523 531/531
f 534/534 535/535 536/536
f 535/535 534/534 537/537
f 538/538 539/539 540/540
f 539/539 538/538 541/541
f 542/542 543/543 544/544
f 543/543 542/542 545/545
f 519/519 518/518 546/546
f 526/526 525/525 547/547
f 548/548 549/549 550/550
f 549/549 548/548 551/551
f 552/552 553/553 554/554
f 553/553 552/552 555/555
f 531/531 523/523 532/532
f 556/556 557/557 558/558
f 556/556 558/558 559/559
f 560/560 561/561 562/562
f 561/561 560/560 563/563
f 564/564 565/565 566/566
f 567/567 568/568 569/569
f 568/568 567/567 570/570
f 571/571 572/572 573/573
f 573/573 572/572 574/574
f 575/575 576/576 577/577
f 576/576 575/575 578/578
f 579/579 580/580 581/581
f 579/579 581/581 582/582
f 583/583 584/584 585/585
f 585/585 584/584 586/586
f 587/587 588/588 589/589
f 588/588 587/587 590/590
f 588/588 590/590 591/591
f 591/591 590/590 592/592
f 593/593 594/594 595/595
f 566/566 565/565 596/596
f 597/597 598/598 599/599
f 600/600 601/601 602/602
f 601/601 600/600 603/603
f 604/604 605/605 606/606
f 606/606 605/605 607/607
f 608/608 609/609 610/610
f 609/609 608/608 611/611
f 612/612 613/613 614/614
f 593/593 595/595 615/615
f 599/599 598/598 612/612
f 612/612 598/598 613/613
f 616/616 617/617 618/618
f 617/617 616/616 619/619
f 620/620 621/621 622/622
f 623/623 624/624 625/625
f 624/624 623/623 626/626
f 624/624 626/626 627/627
f 627/627 626/626 628/628
f 629/629 630/630 631/631
f 632/632 633/633 634/634
f 633/633 632/632 635/635
f 620/620 636/636 621/621
f 631/631 630/630 637/637
f 638/638 639/639 640/640
f 641/641 642/642 643/643
f 642/642 641/641 644/644
f 645/645 646/646 647/647
f 648/648 649/649 650/650
f 651/651 636/636 620/620
f 648/648 652/652 649/649
f 653/653 654/654 655/655
f 654/654 653/653 656/656
f 657/657 646/646 645/645
f 638/638 658/658 639/639
f 659/659 660/660 661/661
f 660/660 659/659 662/662
f 663/663 664/664 665/665
f 666/666 636/636 651/651
f 667/667 668/668 669/669
f 668/668 667/667 670/670
f 671/671 672/672 673/673
f 672/672 671/671 674/674
f 675/675 676/676 677/677
f 676/676 675/675 678/678
f 663/663 665/665 679/679
f 680/680 681/681 682/682
f 683/683 681/681 680/680
f 684/684 685/685 686/686
f 685/685 684/684 687/687
f 688/688 689/689 690/690
f 689/689 688/688 691/691
f 692/692 693/693 694/694
f 695/695 696/696 697/697
f 698/698 699/699 700/700
f 699/699 698/698 701/701
f 692/692 702/702 693/693
f 703/703 704/704 705/705
f 704/704 703/703 706/706
f 707/707 708/708 709/709
f 708/708 707/707 710/710
f 711/711 712/712 713/713
f 711/711 714/714 712/712
f 715/715 696/696 695/695
f 716/716 717/717 718/718
f 719/719 702/702 692/692
f 720/720 721/721 722/722
f 719/719 723/723 702/702
f 724/724 725/725 726/726
f 725/725 724/724 727/727
f 725/725 727/727 728/728
f 728/728 727/727 729/729
f 730/730 717/717 716/716
f 731/731 732/732 733/733
f 732/732 731/731 734/734
f 735/735 736/736 737/737
f 735/735 738/738 736/736
f 739/739 721/721 720/720
f 740/740 741/741 742/742
f 742/742 741/741 743/743
f 744/744 745/745 746/746
f 745/745 744/744 747/747
f 748/748 749/749 750/750
f 751/751 752/752 753/753
f 752/752 751/751 754/754
f 755/755 756/756 757/757
f 758/758 759/759 760/760
f 759/759 758/758 761/761
f 759/759 761/761 762/762
f 762/762 761/761 763/763
f 764/764 765/765 766/766
f 748/748 767/767 749/749
f 764/764 766/766 768/768
f 769/769 770/770 771/771
f 770/770 769/769 772/772
f 773/773 774/774 775/775
f 757/757 756/756 776/776
f 777/777 778/778 779/779
f 780/780 781/781 782/782
f 783/783 784/784 785/785
f 784/784 783/783 786/786
f 787/787 788/788 789/789
f 777/777 779/779 787/787
f 790/790 791/791 792/792
f 791/791 790/790 793/793
f 794/794 795/795 796/796
f 795/795 794/794 797/797
f 798/798 799/799 800/800
f 799/799 798/798 801/801
f 775/775 774/774 802/802
f 782/782 781/781 803/803
f 804/804 805/805 806/806
f 805/805 804/804 807/807
f 808/808 809/809 810/810
f 809/809 808/808 811/811
f 787/787 779/779 788/788
f 812/812 813/813 814/814
f 812/812 814/814 815/815
f 816/816 817/817 818/818
f 817/817 816/816 819/819
f 820/820 821/821 822/822
f 823/823 824/824 825/825
f 824/824 823/823 826/826
f 827/827 828/828 829/829
f 829/829 828/828 830/830
f 831/831 832/832 833/833
f 832/832 831/831 834/834
f 835/835 836/836 837/837
f 835/835 837/837 838/838
f 839/839 840/840 841/841
f 841/841 840/840 842/842
f 843/843 844/844 845/845
f 844/844 843/843 846/846
f 844/844 846/846 847/847
f 847/847 846/846 848/848
f 849/849 850/850 851/851
f 822/822 821/821 852/852
f 853/853 854/854 855/855
f 856/856 857/857 858/858
f 857/857 856/856 859/859
f 860/860 861/861 862/862
f 862/862 861/861 863/863
f 864/864 865/865 866/866
f 865/865 864/864 867/867
f 868/868 869/869 870/870
f 849/849 851/851 871/871
f 855/855 854/854 868/868
f 868/868 854/854 869/869
f 872/872 873/873 874/874
f 873/873 872/872 875/875
f 873/873 875/875 876/876
f 876/876 875/875 877/877
f 876/876 877/877 878/878
f 878/878 877/877 879/879
f 879/879 877/877 880/880
f 879/879 880/880 881/881
f 882/882 883/883 874/874
f 883/883 882/882 884/884
f 883/883 884/884 885/885
f 885/885 884/884 886/886
f 885/885 886/886 881/881
f 885/885 881/881 887/887
f 887/887 881/881 880/880
f 882/882 874/874 873/873
f 888/888 889/889 890/890
f 891/891 892/892 893/893
f 892/892 891/891 894/894
f 895/895 896/896 897/897
f 898/898 899/899 900/900
f 899/899 898/898 901/901
f 902/902 903/903 904/904
f 905/905 906/906 907/907
f 906/906 905/905 908/908
f 909/909 910/910 911/911
f 912/912 913/913 914/914
f 913/913 912/912 915/915
f 916/916 917/917 918/918
f 917/917 916/916 919/919
f 920/920 921/921 922/922
f 923/923 924/924 925/925
f 924/924 923/923 926/926
f 927/927 928/928 929/929
f 930/930 931/931 932/932
f 931/931 930/930 933/933
f 934/934 935/935 936/936
f 937/937 938/938 939/939
f 938/938 937/937 940/940
f 941/941 942/942 943/943
f 944/944 945/945 946/946
f 947/947 948/948 949/949
f 948/948 947/947 950/950
f 895/895 951/951 896/896
f 952/952 953/953 954/954
f 953/953 952/952 955/955
f 956/956 903/903 902/902
f 957/957 958/958 959/959
f 958/958 957/957 960/960
f 961/961 962/962 963/963
f 964/964 965/965 966/966
f 965/965 964/964 967/967
f 968/968 969/969 970/970
f 969/969 968/968 971/971
f 972/972 973/973 974/974
f 975/975 976/976 977/977
f 976/976 975/975 978/978
f 979/979 980/980 981/981
f 982/982 983/983 984/984
f 983/983 982/982 985/985
f 986/986 987/987 988/988
f 989/989 990/990 991/991
f 990/990 989/989 992/992
f 993/993 994/994 995/995
f 996/996 997/997 998/998
f 999/999 1000/1000 1001/1001
f 1001/1001 1000/1000 1002/1002
f 1003/1003 1004/1004 1005/1005
f 1003/1003 1005/1005 1006/1006
f 1007/1007 1008/1008 1009/1009
f 1010/1010 1011/1011 1012/1012
f 1013/1013 1014/1014 1015/1015
f 1016/1016 1017/1017 1018/1018
f 1017/1017 1016/1016 1019/1019
f 1017/1017 1019/1019 1020/1020
f 1020/1020 1019/1019 1021/1021
f 1020/1020 1021/1021 1022/1022
f 1022/1022 1021/1021 1023/1023
f 1023/1023 1021/1021 1024/1024
f 1023/1023 1024/1024 1025/1025
f 1018/1018 1026/1026 1027/1027
f 1026/1026 1018/1018 1017/1017
f 1027/1027 1026/1026 1028/1028
f 1027/1027 1028/1028 1029/1029
f 1029/1029 1028/1028 1030/1030
f 1029/1029 1030/1030 1025/1025
f 1029/1029 1025/1025 1031/1031
f 1031/1031 1025/1025 1024/1024
f 1032/1032 1033/1033 1034/1034
f 1035/1035 1036/1036 1037/1037
f 1038/1038 1039/1039 1040/1040
f 1041/1041 1042/1042 1043/1043
f 1044/1044 1045/1045 1046/1046
f 1047/1047 1048/1048 1049/1049
f 1050/1050 1051/1051 1052/1052
f 1053/1053 1054/1054 1055/1055
f 1056/1056 1057/1057 1058/1058
f 1057/1057 1056/1056 1059/1059
f 1060/1060 1061/1061 1062/1062
f 1063/1063 1064/1064 1065/1065
f 1064/1064 1063/1063 1066/1066
f 1067/1067 1068/1068 1069/1069
f 1070/1070 1071/1071 1072/1072
f 1071/1071 1070/1070 1073/1073
f 1071/1071 1073/1073 1074/1074
f 1074/1074 1073/1073 1075/1075
f 1076/1076 1077/1077 1078/1078
f 1060/1060 1079/1079 1061/1061
f 1076/1076 1078/1078 1080/1080
f 1081/1081 1082/1082 1083/1083
f 1082/1082 1081/1081 1084/1084
f 1085/1085 1086/1086 1087/1087
f 1069/1069 1068/1068 1088/1088
f 1089/1089 1090/1090 1091/1091
f 1092/1092 1093/1093 1094/1094
f 1095/1095 1096/1096 1097/1097
f 1096/1096 1095/1095 1098/1098
f 1099/1099 1100/1100 1101/1101
f 1089/1089 1091/1091 1099/1099
f 1102/1102 1103/1103 1104/1104
f 1103/1103 1102/1102 1105/1105
f 1106/1106 1107/1107 1108/1108
f 1107/1107 1106/1106 1109/1109
f 1110/1110 1111/1111 1112/1112
f 1111/1111 1110/1110 1113/1113
f 1087/1087 1086/1086 1114/1114
f 1094/1094 1093/1093 1115/1115
f 1116/1116 1117/1117 1118/1118
f 1117/1117 1116/1116 1119/1119
f 1120/1120 1121/1121 1122/1122
f 1121/1121 1120/1120 1123/1123
f 1099/1099 1091/1091 1100/1100
f 1124/1124 1125/1125 1126/1126
f 1124/1124 1126/1126 1127/1127
f 1128/1128 1129/1129 1130/1130
f 1129/1129 1128/1128 1131/1131
f 1132/1132 1133/1133 1134/1134
f 1135/1135 1136/1136 1137/1137
f 1136/1136 1135/1135 1138/1138
f 1139/1139 1140/1140 1141/1141
f 1141/1141 1140/1140 1142/1142
f 1143/1143 1144/1144 1145/1145
f 1144/1144 1143/1143 1146/1146
f 1147/1147 1148/1148 1149/1149
f 1147/1147 1149/1149 1150/1150
f 1151/1151 1152/1152 1153/1153
f 1153/1153 1152/1152 1154/1154
f 1155/1155 1156/1156 1157/1157
f 1156/1156 1155/1155 1158/1158
f 1156/1156 1158/1158 1159/1159
f 1159/1159 1158/1158 1160/1160
f 1161/1161 1162/1162 1163/1163
f 1134/1134 1133/1133 1164/1164
f 1165/1165 1166/1166 1167/1167
f 1168/1168 1169/1169 1170/1170
f 1169/1169 1168/1168 1171/1171
f 1172/1172 1173/1173 1174/1174
f 1174/1174 1173/1173 1175/1175
f 1176/1176 1177/1177 1178/1178
f 1177/1177 1176/1176 1179/1179
f 1180/1180 1181/1181 1182/1182
f 1161/1161 1163/1163 1183/1183
f 1167/1167 1166/1166 1180/1180
f 1180/1180 1166/1166 1181/1181
f 1184/1184 1185/1185 1186/1186
f 1185/1185 1184/1184 1187/1187
f 1188/1188 1189/1189 1190/1190
f 1191/1191 1192/1192 1193/1193
f 1192/1192 1191/1191 1194/1194
f 1195/1195 1196/1196 1197/1197
f 1198/1198 1199/1199 1200/1200
f 1199/1199 1198/1198 1201/1201
f 1201/1201 1198/1198 1202/1202
f 1201/1201 1202/1202 1203/1203
f 1204/1204 1205/1205 1206/1206
f 1207/1207 1189/1189 1188/1188
f 1206/1206 1205/1205 1208/1208
f 1209/1209 1210/1210 1211/1211
f 1210/1210 1209/1209 1212/1212
f 1213/1213 1214/1214 1215/1215
f 1197/1197 1196/1196 1216/1216
f 1217/1217 1218/1218 1219/1219
f 1220/1220 1221/1221 1222/1222
f 1221/1221 1220/1220 1223/1223
f 1224/1224 1225/1225 1226/1226
f 1227/1227 1228/1228 1229/1229
f 1224/1224 1226/1226 1230/1230
f 1231/1231 1232/1232 1233/1233
f 1232/1232 1231/1231 1234/1234
f 1235/1235 1236/1236 1237/1237
f 1236/1236 1235/1235 1238/1238
f 1239/1239 1240/1240 1241/1241
f 1240/1240 1239/1239 1242/1242
f 1213/1213 1215/1215 1243/1243
f 1217/1217 1219/1219 1244/1244
f 1245/1245 1246/1246 1247/1247
f 1246/1246 1245/1245 1248/1248
f 1249/1249 1250/1250 1251/1251
f 1250/1250 1249/1249 1252/1252
f 1253/1253 1228/1228 1227/1227
f 1254/1254 1255/1255 1256/1256
f 1254/1254 1257/1257 1255/1255
f 1258/1258 1259/1259 1260/1260
f 1259/1259 1258/1258 1261/1261
f 1262/1262 1263/1263 1264/1264
f 1265/1265 1266/1266 1267/1267
f 1266/1266 1265/1265 1268/1268
f 1269/1269 1270/1270 1271/1271
f 1269/1269 1271/1271 1272/1272
f 1273/1273 1274/1274 1275/1275
f 1274/1274 1273/1273 1276/1276
f 1277/1277 1278/1278 1279/1279
f 1277/1277 1280/1280 1278/1278
f 1281/1281 1282/1282 1283/1283
f 1281/1281 1284/1284 1282/1282
f 1285/1285 1286/1286 1287/1287
f 1286/1286 1285/1285 1288/1288
f 1288/1288 1285/1285 1289/1289
f 1288/1288 1289/1289 1290/1290
f 1291/1291 1292/1292 1262/1262
f 1292/1292 1263/1263 1262/1262
f 1293/1293 1294/1294 1295/1295
f 1296/1296 1297/1297 1298/1298
f 1297/1297 1296/1296 1299/1299
f 1300/1300 1301/1301 1302/1302
f 1303/1303 1301/1301 1300/1300
f 1304/1304 1305/1305 1306/1306
f 1305/1305 1304/1304 1307/1307
f 1308/1308 1309/1309 1310/1310
f 1291/1291 1311/1311 1292/1292
f 1309/1309 1294/1294 1293/1293
f 1310/1310 1309/1309 1293/1293
f 1312/1312 1313/1313 1314/1314
f 1313/1313 1312/1312 1315/1315
f 1316/1316 1317/1317 1318/1318
f 1319/1319 1320/1320 1321/1321
f 1320/1320 1319/1319 1322/1322
f 1323/1323 1324/1324 1325/1325
f 1326/1326 1327/1327 1328/1328
f 1327/1327 1326/1326 1329/1329
f 1329/1329 1326/1326 1330/1330
f 1329/1329 1330/1330 1331/1331
f 1332/1332 1333/1333 1334/1334
f 1335/1335 1317/1317 1316/1316
f 1334/1334 1333/1333 1336/1336
f 1337/1337 1338/1338 1339/1339
f 1338/1338 1337/1337 1340/1340
f 1341/1341 1342/1342 1343/1343
f 1325/1325 1324/1324 1344/1344
f 1345/1345 1346/1346 1347/1347
f 1348/1348 1349/1349 1350/1350
f 1349/1349 1348/1348 1351/1351
f 1352/1352 1353/1353 1354/1354
f 1355/1355 1356/1356 1357/1357
f 1352/1352 1354/1354 1358/1358
f 1359/1359 1360/1360 1361/1361
f 1360/1360 1359/1359 1362/1362
f 1363/1363 1364/1364 1365/1365
f 1364/1364 1363/1363 1366/1366
f 1367/1367 1368/1368 1369/1369
f 1368/1368 1367/1367 1370/1370
f 1341/1341 1343/1343 1371/1371
f 1345/1345 1347/1347 1372/1372
f 1373/1373 1374/1374 1375/1375
f 1374/1374 1373/1373 1376/1376
f 1377/1377 1378/1378 1379/1379
f 1378/1378 1377/1377 1380/1380
f 1381/1381 1356/1356 1355/1355
f 1382/1382 1383/1383 1384/1384
f 1382/1382 1385/1385 1383/1383
f 1386/1386 1387/1387 1388/1388
f 1387/1387 1386/1386 1389/1389
f 1390/1390 1391/1391 1392/1392
f 1393/1393 1394/1394 1395/1395
f 1394/1394 1393/1393 1396/1396
f 1397/1397 1398/1398 1399/1399
f 1397/1397 1399/1399 1400/1400
f 1401/1401 1402/1402 1403/1403
f 1402/1402 1401/1401 1404/1404
f 1405/1405 1406/1406 1407/1407
f 1405/1405 1408/1408 1406/1406
f 1409/1409 1410/1410 1411/1411
f 1409/1409 1412/1412 1410/1410
f 1413/1413 1414/1414 1415/1415
f 1414/1414 1413/1413 1416/1416
f 1416/1416 1413/1413 1417/1417
f 1416/1416 1417/1417 1418/1418
f 1419/1419 1420/1420 1390/1390
f 1420/1420 1391/1391 1390/1390
f 1421/1421 1422/1422 1423/1423
f 1424/1424 1425/1425 1426/1426
f 1425/1425 1424/1424 1427/1427
f 1428/1428 1429/1429 1430/1430
f 1431/1431 1429/1429 1428/1428
f 1432/1432 1433/1433 1434/1434
f 1433/1433 1432/1432 1435/1435
f 1436/1436 1437/1437 1438/1438
f 1419/1419 1439/1439 1420/1420
f 1437/1437 1422/1422 1421/1421
f 1438/1438 1437/1437 1421/1421
f 1440/1440 1441/1441 1442/1442
f 1443/1443 1444/1444 1445/1445
f 1444/1444 1443/1443 1446/1446
f 1447/1447 1448/1448 1449/1449
f 1450/1450 1451/1451 1452/1452
f 1451/1451 1450/1450 1453/1453
f 1454/1454 1455/1455 1456/1456
f 1457/1457 1458/1458 1459/1459
f 1458/1458 1457/1457 1460/1460
f 1461/1461 1462/1462 1463/1463
f 1464/1464 1465/1465 1466/1466
f 1467/1467 1468/1468 1469/1469
f 1470/1470 1471/1471 1472/1472
f 1473/1473 1474/1474 1475/1475
f 1474/1474 1473/1473 1476/1476
f 1477/1477 1478/1478 1479/1479
f 1480/1480 1481/1481 1482/1482
f 1483/1483 1484/1484 1485/1485
f 1484/1484 1483/1483 1486/1486
f 1487/1487 1488/1488 1489/1489
f 1488/1488 1487/1487 1490/1490
f 1491/1491 1492/1492 1493/1493
f 1494/1494 1495/1495 1496/1496
f 1497/1497 1498/1498 1499/1499
f 1500/1500 1501/1501 1502/1502
f 1503/1503 1504/1504 1505/1505
f 1506/1506 1507/1507 1508/1508
f 1507/1507 1506/1506 1509/1509
f 1510/1510 1511/1511 1512/1512
f 1513/1513 1514/1514 1515/1515
f 1516/1516 1517/1517 1518/1518
f 1517/1517 1516/1516 1519/1519
f 1520/1520 1521/1521 1522/1522
f 1521/1521 1520/1520 1523/1523
f 1524/1524 1525/1525 1526/1526
f 1527/1527 1528/1528 1529/1529
f 1528/1528 1527/1527 1530/1530
f 1530/1530 1527/1527 1531/1531
f 1530/1530 1531/1531 1532/1532
f 1533/1533 1534/1534 1535/1535
f 1536/1536 1537/1537 1538/1538
f 1537/1537 1536/1536 1539/1539
f 1524/1524 1526/1526 1540/1540
f 1541/1541 1542/1542 1543/1543
f 1544/1544 1545/1545 1546/1546
f 1545/1545 1544/1544 1547/1547
f 1548/1548 1549/1549 1550/1550
f 1533/1533 1551/1551 1534/1534
f 1534/1534 1552/1552 1535/1535
f 1553/1553 1554/1554 1555/1555
f 1535/1535 1552/1552 1556/1556
f 1557/1557 1558/1558 1559/1559
f 1558/1558 1557/1557 1560/1560
f 1543/1543 1542/1542 1561/1561
f 1562/1562 1563/1563 1564/1564
f 1563/1563 1562/1562 1565/1565
f 1550/1550 1549/1549 1566/1566
f 1566/1566 1567/1567 1568/1568
f 1553/1553 1555/1555 1569/1569
f 1570/1570 1571/1571 1572/1572
f 1571/1571 1570/1570 1573/1573
f 1574/1574 1575/1575 1576/1576
f 1575/1575 1574/1574 1577/1577
f 1578/1578 1579/1579 1580/1580
f 1579/1579 1578/1578 1581/1581
f 1582/1582 1583/1583 1584/1584
f 1582/1582 1584/1584 1585/1585
f 1586/1586 1587/1587 1588/1588
f 1587/1587 1586/1586 1589/1589
f 1549/1549 1567/1567 1566/1566
f 1590/1590 1591/1591 1592/1592
f 1591/1591 1590/1590 1593/1593
f 1594/1594 1595/1595 1596/1596
f 1597/1597 1598/1598 1599/1599
f 1598/1598 1597/1597 1600/1600
f 1601/1601 1602/1602 1603/1603
f 1594/1594 1604/1604 1595/1595
f 1605/1605 1606/1606 1607/1607
f 1606/1606 1605/1605 1608/1608
f 1609/1609 1610/1610 1611/1611
f 1610/1610 1609/1609 1612/1612
f 1613/1613 1614/1614 1615/1615
f 1613/1613 1616/1616 1614/1614
f 1617/1617 1618/1618 1619/1619
f 1620/1620 1602/1602 1601/1601
f 1621/1621 1622/1622 1623/1623
f 1624/1624 1625/1625 1626/1626
f 1627/1627 1622/1622 1621/1621
f 1628/1628 1629/1629 1630/1630
f 1629/1629 1628/1628 1631/1631
f 1631/1631 1628/1628 1632/1632
f 1631/1631 1632/1632 1633/1633
f 1634/1634 1618/1618 1617/1617
f 1635/1635 1636/1636 1637/1637
f 1636/1636 1635/1635 1638/1638
f 1639/1639 1640/1640 1641/1641
f 1639/1639 1642/1642 1640/1640
f 1643/1643 1625/1625 1624/1624
f 1644/1644 1645/1645 1646/1646
f 1644/1644 1646/1646 1647/1647
f 1648/1648 1649/1649 1650/1650
f 1649/1649 1648/1648 1651/1651
f 1652/1652 1653/1653 1654/1654
f 1655/1655 1656/1656 1657/1657
f 1656/1656 1655/1655 1658/1658
f 1659/1659 1660/1660 1661/1661
f 1662/1662 1663/1663 1664/1664
f 1663/1663 1662/1662 1665/1665
f 1665/1665 1662/1662 1666/1666
f 1665/1665 1666/1666 1667/1667
f 1668/1668 1669/1669 1670/1670
f 1671/1671 1653/1653 1652/1652
f 1670/1670 1669/1669 1672/1672
f 1673/1673 1674/1674 1675/1675
f 1674/1674 1673/1673 1676/1676
f 1677/1677 1678/1678 1679/1679
f 1661/1661 1660/1660 1680/1680
f 1681/1681 1682/1682 1683/1683
f 1684/1684 1685/1685 1686/1686
f 1685/1685 1684/1684 1687/1687
f 1688/1688 1689/1689 1690/1690
f 1691/1691 1692/1692 1693/1693
f 1688/1688 1690/1690 1694/1694
f 1695/1695 1696/1696 1697/1697
f 1696/1696 1695/1695 1698/1698
f 1699/1699 1700/1700 1701/1701
f 1700/1700 1699/1699 1702/1702
f 1703/1703 1704/1704 1705/1705
f 1704/1704 1703/1703 1706/1706
f 1677/1677 1679/1679 1707/1707
f 1681/1681 1683/1683 1708/1708
f 1709/1709 1710/1710 1711/1711
f 1710/1710 1709/1709 1712/1712
f 1713/1713 1714/1714 1715/1715
f 1714/1714 1713/1713 1716/1716
f 1717/1717 1692/1692 1691/1691
f 1718/1718 1719/1719 1720/1720
f 1718/1718 1721/1721 1719/1719
f 1722/1722 1723/1723 1724/1724
f 1723/1723 1722/1722 1725/1725
f 1726/1726 1727/1727 1728/1728
f 1729/1729 1730/1730 1731/1731
f 1730/1730 1729/1729 1732/1732
f 1733/1733 1734/1734 1735/1735
f 1733/1733 1735/1735 1736/1736
f 1737/1737 1738/1738 1739/1739
f 1738/1738 1737/1737 1740/1740
f 1741/1741 1742/1742 1743/1743
f 1741/1741 1744/1744 1742/1742
f 1745/1745 1746/1746 1747/1747
f 1745/1745 1748/1748 1746/1746
f 1749/1749 1750/1750 1751/1751
f 1750/1750 1749/1749 1752/1752
f 1752/1752 1749/1749 1753/1753
f 1752/1752 1753/1753 1754/1754
f 1755/1755 1756/1756 1726/1726
f 1756/1756 1727/1727 1726/1726
f 1757/1757 1758/1758 1759/1759
f 1760/1760 1761/1761 1762/1762
f 1761/1761 1760/1760 1763/1763
f 1764/1764 1765/1765 1766/1766
f 1767/1767 1765/1765 1764/1764
f 1768/1768 1769/1769 1770/1770
f 1769/1769 1768/1768 1771/1771
f 1772/1772 1773/1773 1774/1774
f 1755/1755 1775/1775 1756/1756
f 1773/1773 1758/1758 1757/1757
f 1774/1774 1773/1773 1757/1757
f 1776/1776 1777/1777 1778/1778
f 1777/1777 1776/1776 1779/1779
f 1777/1777 1779/1779 1780/1780
f 1780/1780 1779/1779 1781/1781
f 1780/1780 1781/1781 1782/1782
f 1782/1782 1781/1781 1783/1783
f 1783/1783 1781/1781 1784/1784
f 1783/1783 1784/1784 1785/1785
f 1778/1778 1786/1786 1787/1787
f 1786/1786 1778/1778 1777/1777
f 1787/1787 1786/1786 1788/1788
f 1787/1787 1788/1788 1789/1789
f 1789/1789 1788/1788 1790/1790
f 1789/1789 1790/1790 1785/1785
f 1789/1789 1785/1785 1791/1791
f 1791/1791 1785/1785 1784/1784
f 1792/1792 1793/1793 1794/1794
f 1795/1795 1796/1796 1797/1797
f 1796/1796 1795/1795 1798/1798
f 1799/1799 1800/1800 1801/1801
f 1802/1802 1803/1803 1804/1804
f 1803/1803 1802/1802 1805/1805
f 1806/1806 1807/1807 1808/1808
f 1809/1809 1810/1810 1811/1811
f 1810/1810 1809/1809 1812/1812
f 1813/1813 1814/1814 1815/1815
f 1816/1816 1817/1817 1818/1818
f 1819/1819 1820/1820 1821/1821
f 1822/1822 1823/1823 1824/1824
f 1823/1823 1822/1822 1825/1825
f 1826/1826 1800/1800 1799/1799
f 1827/1827 1828/1828 1829/1829
f 1828/1828 1827/1827 1830/1830
f 1806/1806 1831/1831 1807/1807
f 1832/1832 1833/1833 1834/1834
f 1833/1833 1832/1832 1835/1835
f 1836/1836 1837/1837 1838/1838
f 1839/1839 1840/1840 1841/1841
f 1842/1842 1843/1843 1844/1844
f 1843/1843 1842/1842 1845/1845
f 1846/1846 1847/1847 1848/1848
f 1847/1847 1846/1846 1849/1849
f 1849/1849 1846/1846 1850/1850
f 1849/1849 1850/1850 1851/1851
f 1851/1851 1850/1850 1852/1852
f 1852/1852 1850/1850 1853/1853
f 1852/1852 1853/1853 1854/1854
f 1855/1855 1856/1856 1857/1857
f 1856/1856 1855/1855 1848/1848
f 1856/1856 1848/1848 1847/1847
f 1857/1857 1856/1856 1858/1858
f 1857/1857 1858/1858 1859/1859
f 1859/1859 1858/1858 1860/1860
f 1859/1859 1860/1860 1854/1854
f 1859/1859 1854/1854 1861/1861
f 1861/1861 1854/1854 1853/1853
f 1862/1862 1863/1863 1864/1864
f 1862/1862 1864/1864 1865/1865
f 1866/1866 1867/1867 1868/1868
f 1868/1868 1867/1867 1869/1869
f 1870/1870 1871/1871 1872/1872
f 1873/1873 1874/1874 1875/1875
f 1876/1876 1877/1877 1878/1878
f 1877/1877 1876/1876 1879/1879
f 1880/1880 1881/1881 1882/1882
f 1881/1881 1880/1880 1883/1883
f 1884/1884 1885/1885 1886/1886
f 1887/1887 1888/1888 1889/1889
f 1888/1888 1887/1887 1890/1890
f 1891/1891 1892/1892 1893/1893
f 1894/1894 1895/1895 1896/1896
f 1895/1895 1894/1894 1897/1897
f 1897/1897 1894/1894 1898/1898
f 1897/1897 1898/1898 1899/1899
f 1900/1900 1901/1901 1902/1902
f 1903/1903 1885/1885 1884/1884
f 1902/1902 1901/1901 1904/1904
f 1905/1905 1906/1906 1907/1907
f 1906/1906 1905/1905 1908/1908
f 1909/1909 1910/1910 1911/1911
f 1893/1893 1892/1892 1912/1912
f 1913/1913 1914/1914 1915/1915
f 1916/1916 1917/1917 1918/1918
f 1917/1917 1916/1916 1919/1919
f 1920/1920 1921/1921 1922/1922
f 1923/1923 1924/1924 1925/1925
f 1920/1920 1922/1922 1926/1926
f 1927/1927 1928/1928 1929/1929
f 1928/1928 1927/1927 1930/1930
f 1931/1931 1932/1932 1933/1933
f 1932/1932 1931/1931 1934/1934
f 1935/1935 1936/1936 1937/1937
f 1936/1936 1935/1935 1938/1938
f 1909/1909 1911/1911 1939/1939
f 1913/1913 1915/1915 1940/1940
f 1941/1941 1942/1942 1943/1943
f 1942/1942 1941/1941 1944/1944
f 1945/1945 1946/1946 1947/1947
f 1946/1946 1945/1945 1948/1948
f 1949/1949 1924/1924 1923/1923
f 1950/1950 1951/1951 1952/1952
f 1950/1950 1953/1953 1951/1951
f 1954/1954 1955/1955 1956/1956
f 1955/1955 1954/1954 1957/1957
f 1958/1958 1959/1959 1960/1960
f 1961/1961 1962/1962 1963/1963
f 1962/1962 1961/1961 1964/1964
f 1965/1965 1966/1966 1967/1967
f 1965/1965 1967/1967 1968/1968
f 1969/1969 1970/1970 1971/1971
f 1970/1970 1969/1969 1972/1972
f 1973/1973 1974/1974 1975/1975
f 1973/1973 1976/1976 1974/1974
f 1977/1977 1978/1978 1979/1979
f 1977/1977 1980/1980 1978/1978
f 1981/1981 1982/1982 1983/1983
f 1982/1982 1981/1981 1984/1984
f 1984/1984 1981/1981 1985/1985
f 1984/1984 1985/1985 1986/1986
f 1987/1987 1988/1988 1958/1958
f 1988/1988 1959/1959 1958/1958
f 1989/1989 1990/1990 1991/1991
f 1992/1992 1993/1993 1994/1994
f 1993/1993 1992/1992 1995/1995
f 1996/1996 1997/1997 1998/1998
f 1999/1999 1997/1997 1996/1996
f 2000/2000 2001/2001 2002/2002
f 2001/2001 2000/2000 2003/2003
f 2004/2004 2005/2005 2006/2006
f 1987/1987 2007/2007 1988/1988
f 2005/2005 1990/1990 1989/1989
f 2006/2006 2005/2005 1989/1989
f 2008/2008 2009/2009 2010/2010
f 2011/2011 2012/2012 2013/2013
f 2012/2012 2011/2011 2014/2014
f 2015/2015 2016/2016 2017/2017
f 2018/2018 2019/2019 2020/2020
f 2019/2019 2018/2018 2021/2021
f 2022/2022 2023/2023 2024/2024
f 2025/2025 2026/2026 2027/2027
f 2026/2026 2025/2025 2028/2028
f 2029/2029 2030/2030 2031/2031
f 2032/2032 2033/2033 2034/2034
f 2035/2035 2033/2033 2032/2032
f 2022/2022 2036/2036 2023/2023
f 2037/2037 2038/2038 2039/2039
f 2038/2038 2037/2037 2040/2040
f 2041/2041 2042/2042 2043/2043
f 2044/2044 2045/2045 2046/2046
f 2047/2047 2048/2048 2049/2049
f 2048/2048 2047/2047 2050/2050
f 2051/2051 2052/2052 2053/2053
f 2052/2052 2051/2051 2054/2054
f 2055/2055 2056/2056 2057/2057
f 2058/2058 2059/2059 2060/2060
f 2061/2061 2062/2062 2063/2063
f 2064/2064 2065/2065 2066/2066
f 2067/2067 2068/2068 2069/2069
f 2070/2070 2071/2071 2072/2072
f 2071/2071 2070/2070 2073/2073
f 2061/2061 2074/2074 2062/2062
f 2075/2075 2065/2065 2064/2064
f 2076/2076 2077/2077 2078/2078
f 2077/2077 2076/2076 2079/2079
f 2080/2080 2081/2081 2082/2082
f 2081/2081 2080/2080 2083/2083
f 2084/2084 2085/2085 2086/2086
f 2087/2087 2088/2088 2089/2089
f 2088/2088 2087/2087 2090/2090
f 2091/2091 2092/2092 2093/2093
f 2094/2094 2095/2095 2096/2096
f 2095/2095 2094/2094 2097/2097
f 2097/2097 2094/2094 2098/2098
f 2097/2097 2098/2098 2099/2099
f 2100/2100 2101/2101 2102/2102
f 2103/2103 2085/2085 2084/2084
f 2102/2102 2101/2101 2104/2104
f 2105/2105 2106/2106 2107/2107
f 2106/2106 2105/2105 2108/2108
f 2109/2109 2110/2110 2111/2111
f 2093/2093 2092/2092 2112/2112
f 2113/2113 2114/2114 2115/2115
f 2116/2116 2117/2117 2118/2118
f 2117/2117 2116/2116 2119/2119
f 2120/2120 2121/2121 2122/2122
f 2123/2123 2124/2124 2125/2125
f 2120/2120 2122/2122 2126/2126
f 2127/2127 2128/2128 2129/2129
f 2128/2128 2127/2127 2130/2130
f 2131/2131 2132/2132 2133/2133
f 2132/2132 2131/2131 2134/2134
f 2135/2135 2136/2136 2137/2137
f 2136/2136 2135/2135 2138/2138
f 2109/2109 2111/2111 2139/2139
f 2113/2113 2115/2115 2140/2140
f 2141/2141 2142/2142 2143/2143
f 2142/2142 2141/2141 2144/2144
f 2145/2145 2146/2146 2147/2147
f 2146/2146 2145/2145 2148/2148
f 2149/2149 2124/2124 2123/2123
f 2150/2150 2151/2151 2152/2152
f 2150/2150 2153/2153 2151/2151
f 2154/2154 2155/2155 2156/2156
f 2155/2155 2154/2154 2157/2157
f 2158/2158 2159/2159 2160/2160
f 2161/2161 2162/2162 2163/2163
f 2162/2162 2161/2161 2164/2164
f 2165/2165 2166/2166 2167/2167
f 2165/2165 2167/2167 2168/2168
f 2169/2169 2170/2170 2171/2171
f 2170/2170 2169/2169 2172/2172
f 2173/2173 2174/2174 2175/2175
f 2173/2173 2176/2176 2174/2174
f 2177/2177 2178/2178 2179/2179
f 2177/2177 2180/2180 2178/2178
f 2181/2181 2182/2182 2183/2183
f 2182/2182 2181/2181 2184/2184
f 2184/2184 2181/2181 2185/2185
f 2184/2184 2185/2185 2186/2186
f 2187/2187 2188/2188 2158/2158
f 2188/2188 2159/2159 2158/2158
f 2189/2189 2190/2190 2191/2191
f 2192/2192 2193/2193 2194/2194
f 2193/2193 2192/2192 2195/2195
f 2196/2196 2197/2197 2198/2198
f 2199/2199 2197/2197 2196/2196
f 2200/2200 2201/2201 2202/2202
f 2201/2201 2200/2200 2203/2203
f 2204/2204 2205/2205 2206/2206
f 2187/2187 2207/2207 2188/2188
f 2205/2205 2190/2190 2189/2189
f 2206/2206 2205/2205 2189/2189
f 2208/2208 2209/2209 2210/2210
f 2209/2209 2208/2208 2211/2211
f 2209/2209 2211/2211 2212/2212
f 2212/2212 2211/2211 2213/2213
f 2212/2212 2213/2213 2214/2214
f 2214/2214 2213/2213 2215/2215
f 2215/2215 2213/2213 2216/2216
f 2215/2215 2216/2216 2217/2217
f 2210/2210 2218/2218 2219/2219
f 2218/2218 2210/2210 2209/2209
f 2219/2219 2218/2218 2220/2220
f 2219/2219 2220/2220 2221/2221
f 2221/2221 2220/2220 2222/2222
f 2221/2221 2222/2222 2217/2217
f 2221/2221 2217/2217 2223/2223
f 2223/2223 2217/2217 2216/2216
f 2224/2224 2225/2225 2226/2226
f 2225/2225 2224/2224 2227/2227
f 2228/2228 2229/2229 2230/2230
f 2231/2231 2232/2232 2233/2233
f 2232/2232 2231/2231 2234/2234
f 2235/2235 2236/2236 2237/2237
f 2238/2238 2239/2239 2240/2240
f 2239/2239 2238/2238 2241/2241
f 2242/2242 2243/2243 2244/2244
f 2245/2245 2246/2246 2247/2247
f 2246/2246 2245/2245 2248/2248
f 2249/2249 2250/2250 2251/2251
f 2252/2252 2253/2253 2254/2254
f 2253/2253 2252/2252 2255/2255
f 2230/2230 2229/2229 2256/2256
f 2257/2257 2258/2258 2259/2259
f 2258/2258 2257/2257 2260/2260
f 2261/2261 2262/2262 2263/2263
f 2264/2264 2265/2265 2266/2266
f 2265/2265 2264/2264 2267/2267
f 2268/2268 2269/2269 2270/2270
f 2271/2271 2272/2272 2273/2273
f 2272/2272 2271/2271 2274/2274
f 2275/2275 2276/2276 2277/2277
f 2278/2278 2279/2279 2280/2280
f 2279/2279 2278/2278 2281/2281
f 2279/2279 2281/2281 2282/2282
f 2282/2282 2281/2281 2283/2283
f 2282/2282 2283/2283 2284/2284
f 2284/2284 2283/2283 2285/2285
f 2285/2285 2283/2283 2286/2286
f 2285/2285 2286/2286 2287/2287
f 2280/2280 2288/2288 2289/2289
f 2288/2288 2280/2280 2279/2279
f 2289/2289 2288/2288 2290/2290
f 2289/2289 2290/2290 2291/2291
f 2291/2291 2290/2290 2292/2292
f 2291/2291 2292/2292 2287/2287
f 2291/2291 2287/2287 2293/2293
f 2293/2293 2287/2287 2286/2286
f 2294/2294 2295/2295 2296/2296
f 2297/2297 2298/2298 2299/2299
f 2294/2294 2300/2300 2295/2295
f 2301/2301 2302/2302 2303/2303
f 2304/2304 2305/2305 2306/2306
f 2307/2307 2308/2308 2309/2309
f 2310/2310 2311/2311 2312/2312
f 2313/2313 2314/2314 2315/2315
f 2316/2316 2317/2317 2318/2318
f 2317/2317 2316/2316 2319/2319
f 2320/2320 2321/2321 2322/2322
f 2323/2323 2324/2324 2325/2325
f 2324/2324 2323/2323 2326/2326
f 2327/2327 2328/2328 2329/2329
f 2330/2330 2331/2331 2332/2332
f 2331/2331 2330/2330 2333/2333
f 2331/2331 2333/2333 2334/2334
f 2334/2334 2333/2333 2335/2335
f 2336/2336 2337/2337 2338/2338
f 2320/2320 2339/2339 2321/2321
f 2336/2336 2338/2338 2340/2340
f 2341/2341 2342/2342 2343/2343
f 2342/2342 2341/2341 2344/2344
f 2345/2345 2346/2346 2347/2347
f 2329/2329 2328/2328 2348/2348
f 2349/2349 2350/2350 2351/2351
f 2352/2352 2353/2353 2354/2354
f 2353/2353 2352/2352 2355/2355
f 2356/2356 2357/2357 2358/2358
f 2359/2359 2360/2360 2361/2361
f 2356/2356 2358/2358 2359/2359
f 2362/2362 2363/2363 2364/2364
f 2363/2363 2362/2362 2365/2365
f 2366/2366 2367/2367 2368/2368
f 2367/2367 2366/2366 2369/2369
f 2370/2370 2371/2371 2372/2372
f 2371/2371 2370/2370 2373/2373
f 2347/2347 2346/2346 2374/2374
f 2351/2351 2350/2350 2375/2375
f 2376/2376 2377/2377 2378/2378
f 2377/2377 2376/2376 2379/2379
f 2380/2380 2381/2381 2382/2382
f 2381/2381 2380/2380 2383/2383
f 2359/2359 2358/2358 2360/2360
f 2384/2384 2385/2385 2386/2386
f 2384/2384 2386/2386 2387/2387
f 2388/2388 2389/2389 2390/2390
f 2389/2389 2388/2388 2391/2391
f 2392/2392 2393/2393 2394/2394
f 2395/2395 2396/2396 2397/2397
f 2396/2396 2395/2395 2398/2398
f 2399/2399 2400/2400 2401/2401
f 2401/2401 2400/2400 2402/2402
f 2403/2403 2404/2404 2405/2405
f 2404/2404 2403/2403 2406/2406
f 2407/2407 2408/2408 2409/2409
f 2407/2407 2409/2409 2410/2410
f 2411/2411 2412/2412 2413/2413
f 2413/2413 2412/2412 2414/2414
f 2415/2415 2416/2416 2417/2417
f 2416/2416 2415/2415 2418/2418
f 2416/2416 2418/2418 2419/2419
f 2419/2419 2418/2418 2420/2420
f 2421/2421 2422/2422 2423/2423
f 2394/2394 2393/2393 2424/2424
f 2425/2425 2426/2426 2427/2427
f 2428/2428 2429/2429 2430/2430
f 2429/2429 2428/2428 2431/2431
f 2432/2432 2433/2433 2434/2434
f 2434/2434 2433/2433 2435/2435
f 2436/2436 2437/2437 2438/2438
f 2437/2437 2436/2436 2439/2439
f 2440/2440 2441/2441 2442/2442
f 2421/2421 2423/2423 2443/2443
f 2427/2427 2426/2426 2440/2440
f 2440/2440 2426/2426 2441/2441
f 2444/2444 2445/2445 2446/2446
f 2445/2445 2444/2444 2447/2447
f 2448/2448 2449/2449 2450/2450
f 2451/2451 2452/2452 2453/2453
f 2452/2452 2451/2451 2454/2454
f 2455/2455 2456/2456 2457/2457
f 2458/2458 2459/2459 2460/2460
f 2459/2459 2458/2458 2461/2461
f 2459/2459 2461/2461 2462/2462
f 2462/2462 2461/2461 2463/2463
f 2464/2464 2465/2465 2466/2466
f 2448/2448 2467/2467 2449/2449
f 2464/2464 2466/2466 2468/2468
f 2469/2469 2470/2470 2471/2471
f 2470/2470 2469/2469 2472/2472
f 2473/2473 2474/2474 2475/2475
f 2457/2457 2456/2456 2476/2476
f 2477/2477 2478/2478 2479/2479
f 2480/2480 2481/2481 2482/2482
f 2481/2481 2480/2480 2483/2483
f 2484/2484 2485/2485 2486/2486
f 2487/2487 2488/2488 2489/2489
f 2484/2484 2486/2486 2487/2487
f 2490/2490 2491/2491 2492/2492
f 2491/2491 2490/2490 2493/2493
f 2494/2494 2495/2495 2496/2496
f 2495/2495 2494/2494 2497/2497
f 2498/2498 2499/2499 2500/2500
f 2499/2499 2498/2498 2501/2501
f 2475/2475 2474/2474 2502/2502
f 2479/2479 2478/2478 2503/2503
f 2504/2504 2505/2505 2506/2506
f 2505/2505 2504/2504 2507/2507
f 2508/2508 2509/2509 2510/2510
f 2509/2509 2508/2508 2511/2511
f 2487/2487 2486/2486 2488/2488
f 2512/2512 2513/2513 2514/2514
f 2512/2512 2514/2514 2515/2515
f 2516/2516 2517/2517 2518/2518
f 2517/2517 2516/2516 2519/2519
f 2520/2520 2521/2521 2522/2522
f 2523/2523 2524/2524 2525/2525
f 2524/2524 2523/2523 2526/2526
f 2527/2527 2528/2528 2529/2529
f 2529/2529 2528/2528 2530/2530
f 2531/2531 2532/2532 2533/2533
f 2532/2532 2531/2531 2534/2534
f 2535/2535 2536/2536 2537/2537
f 2535/2535 2537/2537 2538/2538
f 2539/2539 2540/2540 2541/2541
f 2541/2541 2540/2540 2542/2542
f 2543/2543 2544/2544 2545/2545
f 2544/2544 2543/2543 2546/2546
f 2544/2544 2546/2546 2547/2547
f 2547/2547 2546/2546 2548/2548
f 2549/2549 2550/2550 2551/2551
f 2522/2522 2521/2521 2552/2552
f 2553/2553 2554/2554 2555/2555
f 2556/2556 2557/2557 2558/2558
f 2557/2557 2556/2556 2559/2559
f 2560/2560 2561/2561 2562/2562
f 2562/2562 2561/2561 2563/2563
f 2564/2564 2565/2565 2566/2566
f 2565/2565 2564/2564 2567/2567
f 2568/2568 2569/2569 2570/2570
f 2549/2549 2551/2551 2571/2571
f 2555/2555 2554/2554 2568/2568
f 2568/2568 2554/2554 2569/2569
f 2572/2572 2573/2573 2574/2574
f 2575/2575 2576/2576 2577/2577
f 2576/2576 2575/2575 2578/2578
f 2579/2579 2580/2580 2581/2581
f 2582/2582 2583/2583 2584/2584
f 2585/2585 2586/2586 2587/2587
f 2586/2586 2585/2585 2588/2588
f 2586/2586 2588/2588 2589/2589
f 2589/2589 2588/2588 2590/2590
f 2589/2589 2590/2590 2591/2591
f 2591/2591 2590/2590 2592/2592
f 2592/2592 2590/2590 2593/2593
f 2592/2592 2593/2593 2594/2594
f 2587/2587 2595/2595 2596/2596
f 2595/2595 2587/2587 2586/2586
f 2596/2596 2595/2595 2597/2597
f 2596/2596 2597/2597 2598/2598
f 2598/2598 2597/2597 2599/2599
f 2598/2598 2599/2599 2594/2594
f 2598/2598 2594/2594 2600/2600
f 2600/2600 2594/2594 2593/2593
f 2601/2601 2602/2602 2603/2603
f 2604/2604 2605/2605 2606/2606
f 2605/2605 2604/2604 2607/2607
f 2608/2608 2609/2609 2610/2610
f 2609/2609 2608/2608 2611/2611
f 2612/2612 2613/2613 2614/2614
f 2615/2615 2616/2616 2617/2617
f 2616/2616 2615/2615 2618/2618
f 2619/2619 2620/2620 2621/2621
f 2622/2622 2623/2623 2624/2624
f 2623/2623 2622/2622 2625/2625
f 2626/2626 2627/2627 2628/2628
f 2629/2629 2630/2630 2631/2631
f 2630/2630 2629/2629 2632/2632
f 2601/2601 2633/2633 2602/2602
f 2634/2634 2635/2635 2636/2636
f 2635/2635 2634/2634 2637/2637
f 2635/2635 2637/2637 2638/2638
f 2638/2638 2637/2637 2639/2639
f 2638/2638 2639/2639 2640/2640
f 2640/2640 2639/2639 2641/2641
f 2641/2641 2639/2639 2642/2642
f 2641/2641 2642/2642 2643/2643
f 2636/2636 2644/2644 2645/2645
f 2644/2644 2636/2636 2635/2635
f 2645/2645 2644/2644 2646/2646
f 2645/2645 2646/2646 2647/2647
f 2647/2647 2646/2646 2648/2648
f 2647/2647 2648/2648 2643/2643
f 2647/2647 2643/2643 2649/2649
f 2649/2649 2643/2643 2642/2642
f 2650/2650 2651/2651 2652/2652
f 2653/2653 2654/2654 2655/2655
f 2619/2619 2621/2621 2656/2656
f 2657/2657 2658/2658 2659/2659
f 2658/2658 2657/2657 2660/2660
f 2661/2661 2662/2662 2663/2663
f 2664/2664 2665/2665 2666/2666
f 2665/2665 2664/2664 2667/2667
f 2668/2668 2651/2651 2650/2650
f 2669/2669 2670/2670 2671/2671
f 2672/2672 2654/2654 2653/2653
f 2673/2673 2674/2674 2675/2675
f 2676/2676 2677/2677 2678/2678
f 2677/2677 2676/2676 2679/2679
f 2680/2680 2681/2681 2682/2682
f 2683/2683 2684/2684 2685/2685
f 2684/2684 2683/2683 2686/2686
f 2684/2684 2686/2686 2687/2687
f 2687/2687 2686/2686 2688/2688
f 2689/2689 2690/2690 2691/2691
f 2692/2692 2693/2693 2694/2694
f 2693/2693 2692/2692 2695/2695
f 2696/2696 2681/2681 2680/2680
f 2697/2697 2698/2698 2699/2699
f 2700/2700 2701/2701 2702/2702
f 2701/2701 2700/2700 2703/2703
f 2704/2704 2705/2705 2706/2706
f 2689/2689 2691/2691 2707/2707
f 2708/2708 2709/2709 2710/2710
f 2711/2711 2709/2709 2708/2708
f 2712/2712 2713/2713 2714/2714
f 2713/2713 2712/2712 2715/2715
f 2716/2716 2717/2717 2718/2718
f 2719/2719 2698/2698 2697/2697
f 2720/2720 2721/2721 2722/2722
f 2721/2721 2720/2720 2723/2723
f 2704/2704 2724/2724 2705/2705
f 2725/2725 2724/2724 2726/2726
f 2727/2727 2728/2728 2729/2729
f 2728/2728 2727/2727 2730/2730
f 2731/2731 2732/2732 2733/2733
f 2732/2732 2731/2731 2734/2734
f 2735/2735 2736/2736 2737/2737
f 2736/2736 2735/2735 2738/2738
f 2716/2716 2739/2739 2717/2717
f 2740/2740 2741/2741 2742/2742
f 2726/2726 2724/2724 2704/2704
f 2740/2740 2743/2743 2741/2741
f 2744/2744 2745/2745 2746/2746
f 2745/2745 2744/2744 2747/2747
f 2748/2748 2749/2749 2750/2750
f 2749/2749 2748/2748 2751/2751
f 2752/2752 2753/2753 2754/2754
f 2755/2755 2753/2753 2752/2752
f 2756/2756 2757/2757 2758/2758
f 2757/2757 2756/2756 2759/2759
f 2760/2760 2761/2761 2762/2762
f 2763/2763 2764/2764 2765/2765
f 2764/2764 2763/2763 2766/2766
f 2767/2767 2768/2768 2769/2769
f 2768/2768 2767/2767 2770/2770
f 2771/2771 2772/2772 2773/2773
f 2774/2774 2772/2772 2771/2771
f 2775/2775 2776/2776 2777/2777
f 2778/2778 2779/2779 2780/2780
f 2781/2781 2776/2776 2775/2775
f 2782/2782 2783/2783 2784/2784
f 2783/2783 2782/2782 2785/2785
f 2783/2783 2785/2785 2786/2786
f 2786/2786 2785/2785 2787/2787
f 2760/2760 2788/2788 2761/2761
f 2789/2789 2790/2790 2791/2791
f 2789/2789 2792/2792 2790/2790
f 2793/2793 2794/2794 2795/2795
f 2794/2794 2793/2793 2796/2796
f 2797/2797 2798/2798 2799/2799
f 2800/2800 2798/2798 2797/2797
f 2778/2778 2801/2801 2779/2779
f 2802/2802 2803/2803 2792/2792
f 2802/2802 2792/2792 2789/2789
f 2804/2804 2805/2805 2806/2806
f 2805/2805 2804/2804 2807/2807
f 2808/2808 2809/2809 2810/2810
f 2811/2811 2812/2812 2813/2813
f 2812/2812 2811/2811 2814/2814
f 2815/2815 2816/2816 2817/2817
f 2818/2818 2819/2819 2820/2820
f 2819/2819 2818/2818 2821/2821
f 2819/2819 2821/2821 2822/2822
f 2822/2822 2821/2821 2823/2823
f 2824/2824 2825/2825 2826/2826
f 2808/2808 2827/2827 2809/2809
f 2824/2824 2826/2826 2828/2828
f 2829/2829 2830/2830 2831/2831
f 2830/2830 2829/2829 2832/2832
f 2833/2833 2834/2834 2835/2835
f 2817/2817 2816/2816 2836/2836
f 2837/2837 2838/2838 2839/2839
f 2840/2840 2841/2841 2842/2842
f 2841/2841 2840/2840 2843/2843
f 2844/2844 2845/2845 2846/2846
f 2847/2847 2848/2848 2849/2849
f 2844/2844 2846/2846 2847/2847
f 2850/2850 2851/2851 2852/2852
f 2851/2851 2850/2850 2853/2853
f 2854/2854 2855/2855 2856/2856
f 2855/2855 2854/2854 2857/2857
f 2858/2858 2859/2859 2860/2860
f 2859/2859 2858/2858 2861/2861
f 2835/2835 2834/2834 2862/2862
f 2839/2839 2838/2838 2863/2863
f 2864/2864 2865/2865 2866/2866
f 2865/2865 2864/2864 2867/2867
f 2868/2868 2869/2869 2870/2870
f 2869/2869 2868/2868 2871/2871
f 2847/2847 2846/2846 2848/2848
f 2872/2872 2873/2873 2874/2874
f 2872/2872 2874/2874 2875/2875
f 2876/2876 2877/2877 2878/2878
f 2877/2877 2876/2876 2879/2879
f 2880/2880 2881/2881 2882/2882
f 2883/2883 2884/2884 2885/2885
f 2884/2884 2883/2883 2886/2886
f 2887/2887 2888/2888 2889/2889
f 2889/2889 2888/2888 2890/2890
f 2891/2891 2892/2892 2893/2893
f 2892/2892 2891/2891 2894/2894
f 2895/2895 2896/2896 2897/2897
f 2895/2895 2897/2897 2898/2898
f 2899/2899 2900/2900 2901/2901
f 2901/2901 2900/2900 2902/2902
f 2903/2903 2904/2904 2905/2905
f 2904/2904 2903/2903 2906/2906
f 2904/2904 2906/2906 2907/2907
f 2907/2907 2906/2906 2908/2908
f 2909/2909 2910/2910 2911/2911
f 2882/2882 2881/2881 2912/2912
f 2913/2913 2914/2914 2915/2915
f 2916/2916 2917/2917 2918/2918
f 2917/2917 2916/2916 2919/2919
f 2920/2920 2921/2921 2922/2922
f 2922/2922 2921/2921 2923/2923
f 2924/2924 2925/2925 2926/2926
f 2925/2925 2924/2924 2927/2927
f 2928/2928 2929/2929 2930/2930
f 2909/2909 2911/2911 2931/2931
f 2915/2915 2914/2914 2928/2928
f 2928/2928 2914/2914 2929/2929
f 2932/2932 2933/2933 2934/2934
f 2935/2935 2936/2936 2937/2937
f 2936/2936 2935/2935 2938/2938
f 2939/2939 2940/2940 2941/2941
f 2942/2942 2943/2943 2944/2944
f 2943/2943 2942/2942 2945/2945
f 2946/2946 2947/2947 2948/2948
f 2949/2949 2950/2950 2951/2951
f 2950/2950 2949/2949 2952/2952
f 2953/2953 2954/2954 2955/2955
f 2956/2956 2957/2957 2958/2958
f 2959/2959 2960/2960 2961/2961
f 2962/2962 2963/2963 2964/2964
f 2965/2965 2966/2966 2967/2967
f 2968/2968 2969/2969 2970/2970
f 2969/2969 2968/2968 2971/2971
f 2972/2972 2973/2973 2974/2974
f 2975/2975 2976/2976 2977/2977
f 2976/2976 2975/2975 2978/2978
f 2979/2979 2980/2980 2981/2981
f 2980/2980 2979/2979 2982/2982
f 2983/2983 2984/2984 2985/2985
f 2986/2986 2987/2987 2988/2988
f 2989/2989 2990/2990 2991/2991
f 2992/2992 2993/2993 2994/2994
f 2995/2995 2996/2996 2997/2997
f 2996/2996 2995/2995 2998/2998
f 2999/2999 3000/3000 3001/3001
f 3002/3002 3003/3003 3004/3004
f 3005/3005 3006/3006 3007/3007
f 3008/3008 3009/3009 3010/3010
f 3009/3009 3008/3008 3011/3011
f 3012/3012 3013/3013 3014/3014
f 3013/3013 3012/3012 3015/3015
f 3016/3016 3017/3017 3018/3018
f 3019/3019 3020/3020 3021/3021
f 3020/3020 3019/3019 3022/3022
f 3023/3023 3024/3024 3025/3025
f 3026/3026 3027/3027 3028/3028
f 3027/3027 3026/3026 3029/3029
f 3029/3029 3026/3026 3030/3030
f 3029/3029 3030/3030 3031/3031
f 3032/3032 3033/3033 3034/3034
f 3035/3035 3017/3017 3016/3016
f 3034/3034 3033/3033 3036/3036
f 3037/3037 3038/3038 3039/3039
f 3038/3038 3037/3037 3040/3040
f 3041/3041 3042/3042 3043/3043
f 3025/3025 3024/3024 3044/3044
f 3045/3045 3046/3046 3047/3047
f 3048/3048 3049/3049 3050/3050
f 3049/3049 3048/3048 3051/3051
f 3052/3052 3053/3053 3054/3054
f 3055/3055 3056/3056 3057/3057
f 3052/3052 3054/3054 3058/3058
f 3059/3059 3060/3060 3061/3061
f 3060/3060 3059/3059 3062/3062
f 3063/3063 3064/3064 3065/3065
f 3064/3064 3063/3063 3066/3066
f 3067/3067 3068/3068 3069/3069
f 3068/3068 3067/3067 3070/3070
f 3041/3041 3043/3043 3071/3071
f 3045/3045 3047/3047 3072/3072
f 3073/3073 3074/3074 3075/3075
f 3074/3074 3073/3073 3076/3076
f 3077/3077 3078/3078 3079/3079
f 3078/3078 3077/3077 3080/3080
f 3081/3081 3056/3056 3055/3055
f 3082/3082 3083/3083 3084/3084
f 3082/3082 3085/3085 3083/3083
f 3086/3086 3087/3087 3088/3088
f 3087/3087 3086/3086 3089/3089
f 3090/3090 3091/3091 3092/3092
f 3093/3093 3094/3094 3095/3095
f 3094/3094 3093/3093 3096/3096
f 3097/3097 3098/3098 3099/3099
f 3097/3097 3099/3099 3100/3100
f 3101/3101 3102/3102 3103/3103
f 3102/3102 3101/3101 3104/3104
f 3105/3105 3106/3106 3107/3107
f 3105/3105 3108/3108 3106/3106
f 3109/3109 3110/3110 3111/3111
f 3109/3109 3112/3112 3110/3110
f 3113/3113 3114/3114 3115/3115
f 3114/3114 3113/3113 3116/3116
f 3116/3116 3113/3113 3117/3117
f 3116/3116 3117/3117 3118/3118
f 3119/3119 3120/3120 3090/3090
f 3120/3120 3091/3091 3090/3090
f 3121/3121 3122/3122 3123/3123
f 3124/3124 3125/3125 3126/3126
f 3125/3125 3124/3124 3127/3127
f 3128/3128 3129/3129 3130/3130
f 3131/3131 3129/3129 3128/3128
f 3132/3132 3133/3133 3134/3134
f 3133/3133 3132/3132 3135/3135
f 3136/3136 3137/3137 3138/3138
f 3119/3119 3139/3139 3120/3120
f 3137/3137 3122/3122 3121/3121
f 3138/3138 3137/3137 3121/3121
f 3140/3140 3141/3141 3142/3142
f 3141/3141 3140/3140 3143/3143
f 3144/3144 3145/3145 3146/3146
f 3147/3147 3148/3148 3149/3149
f 3148/3148 3147/3147 3150/3150
f 3150/3150 3147/3147 3151/3151
f 3150/3150 3151/3151 3152/3152
f 3153/3153 3154/3154 3155/3155
f 3156/3156 3157/3157 3158/3158
f 3157/3157 3156/3156 3159/3159
f 3146/3146 3145/3145 3160/3160
f 3161/3161 3154/3154 3153/3153
f 3162/3162 3163/3163 3164/3164
f 3165/3165 3166/3166 3167/3167
f 3166/3166 3165/3165 3168/3168
f 3169/3169 3170/3170 3171/3171
f 3172/3172 3173/3173 3174/3174
f 3145/3145 3175/3175 3160/3160
f 3172/3172 3174/3174 3176/3176
f 3177/3177 3178/3178 3179/3179
f 3178/3178 3177/3177 3180/3180
f 3169/3169 3171/3171 3181/3181
f 3162/3162 3164/3164 3182/3182
f 3183/3183 3184/3184 3185/3185
f 3184/3184 3183/3183 3186/3186
f 3187/3187 3188/3188 3189/3189
f 3160/3160 3175/3175 3190/3190
f 3191/3191 3192/3192 3193/3193
f 3192/3192 3191/3191 3194/3194
f 3195/3195 3196/3196 3197/3197
f 3196/3196 3195/3195 3198/3198
f 3199/3199 3200/3200 3201/3201
f 3200/3200 3199/3199 3202/3202
f 3187/3187 3203/3203 3188/3188
f 3164/3164 3204/3204 3182/3182
f 3182/3182 3204/3204 3205/3205
f 3206/3206 3207/3207 3208/3208
f 3207/3207 3206/3206 3209/3209
f 3210/3210 3211/3211 3212/3212
f 3211/3211 3210/3210 3213/3213
f 3214/3214 3215/3215 3216/3216
f 3217/3217 3218/3218 3219/3219
f 3220/3220 3221/3221 3222/3222
f 3221/3221 3220/3220 3223/3223
f 3224/3224 3215/3215 3214/3214
f 3225/3225 3226/3226 3227/3227
f 3226/3226 3225/3225 3228/3228
f 3229/3229 3230/3230 3231/3231
f 3230/3230 3229/3229 3232/3232
f 3233/3233 3234/3234 3235/3235
f 3236/3236 3234/3234 3233/3233
f 3217/3217 3237/3237 3218/3218
f 3238/3238 3239/3239 3240/3240
f 3241/3241 3242/3242 3243/3243
f 3244/3244 3245/3245 3246/3246
f 3241/3241 3247/3247 3242/3242
f 3248/3248 3249/3249 3250/3250
f 3249/3249 3248/3248 3251/3251
f 3251/3251 3248/3248 3252/3252
f 3251/3251 3252/3252 3253/3253
f 3238/3238 3254/3254 3239/3239
f 3255/3255 3256/3256 3257/3257
f 3256/3256 3255/3255 3258/3258
f 3259/3259 3260/3260 3261/3261
f 3262/3262 3260/3260 3259/3259
f 3244/3244 3263/3263 3245/3245
f 3264/3264 3265/3265 3266/3266
f 3266/3266 3265/3265 3267/3267
f 3268/3268 3269/3269 3270/3270
f 3269/3269 3268/3268 3271/3271
f 3271/3271 3268/3268 3272/3272
f 3271/3271 3272/3272 3273/3273
f 3274/3274 3275/3275 3276/3276
f 3277/3277 3278/3278 3279/3279
f 3278/3278 3277/3277 3280/3280
f 3281/3281 3282/3282 3283/3283
f 3284/3284 3285/3285 3286/3286
f 3287/3287 3288/3288 3289/3289
f 3288/3288 3287/3287 3290/3290
f 3291/3291 3292/3292 3293/3293
f 3293/3293 3292/3292 3294/3294
f 3274/3274 3276/3276 3295/3295
f 3296/3296 3297/3297 3298/3298
f 3297/3297 3296/3296 3299/3299
f 3281/3281 3283/3283 3300/3300
f 3286/3286 3285/3285 3301/3301
f 3302/3302 3303/3303 3304/3304
f 3303/3303 3302/3302 3305/3305
f 3306/3306 3307/3307 3308/3308
f 3309/3309 3310/3310 3311/3311
f 3309/3309 3311/3311 3312/3312
f 3313/3313 3314/3314 3315/3315
f 3314/3314 3313/3313 3316/3316
f 3317/3317 3318/3318 3319/3319
f 3320/3320 3321/3321 3322/3322
f 3322/3322 3321/3321 3323/3323
f 3324/3324 3325/3325 3326/3326
f 3325/3325 3324/3324 3327/3327
f 3306/3306 3308/3308 3328/3328
f 3329/3329 3330/3330 3331/3331
f 3330/3330 3329/3329 3332/3332
f 3333/3333 3334/3334 3335/3335
f 3334/3334 3333/3333 3336/3336
f 3337/3337 3338/3338 3339/3339
f 3338/3338 3337/3337 3340/3340
f 3319/3319 3318/3318 3341/3341
f 3342/3342 3343/3343 3344/3344
f 3343/3343 3342/3342 3345/3345
f 3346/3346 3347/3347 3348/3348
f 3347/3347 3346/3346 3349/3349
f 3350/3350 3351/3351 3352/3352
f 3351/3351 3350/3350 3353/3353
f 3354/3354 3355/3355 3356/3356
f 3357/3357 3355/3355 3354/3354
f 3358/3358 3359/3359 3360/3360
f 3359/3359 3358/3358 3361/3361
f 3362/3362 3363/3363 3364/3364
f 3365/3365 3366/3366 3367/3367
f 3365/3365 3368/3368 3366/3366
f 3369/3369 3370/3370 3371/3371
f 3370/3370 3369/3369 3372/3372
f 3373/3373 3374/3374 3375/3375
f 3376/3376 3374/3374 3373/3373
f 3377/3377 3357/3357 3354/3354
f 3378/3378 3357/3357 3377/3377
f 3379/3379 3380/3380 3381/3381
f 3380/3380 3379/3379 3382/3382
f 3382/3382 3379/3379 3383/3383
f 3382/3382 3383/3383 3384/3384
f 3385/3385 3386/3386 3387/3387
f 3362/3362 3388/3388 3363/3363
f 3389/3389 3390/3390 3391/3391
f 3389/3389 3392/3392 3390/3390
f 3393/3393 3376/3376 3373/3373
f 3393/3393 3394/3394 3376/3376
f 3395/3395 3386/3386 3385/3385
f 3396/3396 3397/3397 3398/3398
f 3397/3397 3396/3396 3399/3399
f 3400/3400 3401/3401 3402/3402
f 3403/3403 3404/3404 3405/3405
f 3404/3404 3403/3403 3406/3406
f 3407/3407 3408/3408 3409/3409
f 3410/3410 3411/3411 3412/3412
f 3411/3411 3410/3410 3413/3413
f 3413/3413 3410/3410 3414/3414
f 3413/3413 3414/3414 3415/3415
f 3416/3416 3417/3417 3418/3418
f 3419/3419 3401/3401 3400/3400
f 3418/3418 3417/3417 3420/3420
f 3421/3421 3422/3422 3423/3423
f 3422/3422 3421/3421 3424/3424
f 3425/3425 3426/3426 3427/3427
f 3409/3409 3408/3408 3428/3428
f 3429/3429 3430/3430 3431/3431
f 3432/3432 3433/3433 3434/3434
f 3433/3433 3432/3432 3435/3435
f 3436/3436 3437/3437 3438/3438
f 3439/3439 3440/3440 3441/3441
f 3436/3436 3438/3438 3442/3442
f 3443/3443 3444/3444 3445/3445
f 3444/3444 3443/3443 3446/3446
f 3447/3447 3448/3448 3449/3449
f 3448/3448 3447/3447 3450/3450
f 3451/3451 3452/3452 3453/3453
f 3452/3452 3451/3451 3454/3454
f 3425/3425 3427/3427 3455/3455
f 3429/3429 3431/3431 3456/3456
f 3457/3457 3458/3458 3459/3459
f 3458/3458 3457/3457 3460/3460
f 3461/3461 3462/3462 3463/3463
f 3462/3462 3461/3461 3464/3464
f 3465/3465 3440/3440 3439/3439
f 3466/3466 3467/3467 3468/3468
f 3466/3466 3469/3469 3467/3467
f 3470/3470 3471/3471 3472/3472
f 3471/3471 3470/3470 3473/3473
f 3474/3474 3475/3475 3476/3476
f 3477/3477 3478/3478 3479/3479
f 3478/3478 3477/3477 3480/3480
f 3481/3481 3482/3482 3483/3483
f 3481/3481 3483/3483 3484/3484
f 3485/3485 3486/3486 3487/3487
f 3486/3486 3485/3485 3488/3488
f 3489/3489 3490/3490 3491/3491
f 3489/3489 3492/3492 3490/3490
f 3493/3493 3494/3494 3495/3495
f 3493/3493 3496/3496 3494/3494
f 3497/3497 3498/3498 3499/3499
f 3498/3498 3497/3497 3500/3500
f 3500/3500 3497/3497 3501/3501
f 3500/3500 3501/3501 3502/3502
f 3503/3503 3504/3504 3474/3474
f 3504/3504 3475/3475 3474/3474
f 3505/3505 3506/3506 3507/3507
f 3508/3508 3509/3509 3510/3510
f 3509/3509 3508/3508 3511/3511
f 3512/3512 3513/3513 3514/3514
f 3515/3515 3513/3513 3512/3512
f 3516/3516 3517/3517 3518/3518
f 3517/3517 3516/3516 3519/3519
f 3520/3520 3521/3521 3522/3522
f 3503/3503 3523/3523 3504/3504
f 3521/3521 3506/3506 3505/3505
f 3522/3522 3521/3521 3505/3505
f 3524/3524 3525/3525 3526/3526
f 3527/3527 3528/3528 3529/3529
f 3528/3528 3527/3527 3530/3530
f 3531/3531 3532/3532 3533/3533
f 3534/3534 3535/3535 3536/3536
f 3535/3535 3534/3534 3537/3537
f 3538/3538 3539/3539 3540/3540
f 3541/3541 3542/3542 3543/3543
f 3542/3542 3541/3541 3544/3544
f 3545/3545 3546/3546 3547/3547
f 3548/3548 3549/3549 3550/3550
f 3551/3551 3552/3552 3553/3553
f 3554/3554 3555/3555 3556/3556
f 3557/3557 3558/3558 3559/3559
f 3558/3558 3557/3557 3560/3560
f 3561/3561 3562/3562 3563/3563
f 3564/3564 3565/3565 3566/3566
f 3567/3567 3568/3568 3569/3569
f 3568/3568 3567/3567 3570/3570
f 3571/3571 3572/3572 3573/3573
f 3572/3572 3571/3571 3574/3574
f 3575/3575 3576/3576 3577/3577
f 3578/3578 3579/3579 3580/3580
f 3581/3581 3582/3582 3583/3583
f 3584/3584 3585/3585 3586/3586
f 3587/3587 3588/3588 3589/3589
f 3590/3590 3591/3591 3592/3592
f 3591/3591 3590/3590 3593/3593
f 3594/3594 3595/3595 3596/3596
f 3597/3597 3598/3598 3599/3599
f 3600/3600 3601/3601 3602/3602
f 3601/3601 3600/3600 3603/3603
f 3604/3604 3605/3605 3606/3606
f 3605/3605 3604/3604 3607/3607
f 3605/3605 3607/3607 3608/3608
f 3608/3608 3607/3607 3609/3609
f 3608/3608 3609/3609 3610/3610
f 3610/3610 3609/3609 3611/3611
f 3611/3611 3609/3609 3612/3612
f 3611/3611 3612/3612 3613/3613
f 3606/3606 3614/3614 3615/3615
f 3614/3614 3606/3606 3605/3605
f 3615/3615 3614/3614 3616/3616
f 3615/3615 3616/3616 3617/3617
f 3617/3617 3616/3616 3618/3618
f 3617/3617 3618/3618 3613/3613
f 3617/3617 3613/3613 3619/3619
f 3619/3619 3613/3613 3612/3612
f 3620/3620 3621/3621 3622/3622
f 3623/3623 3624/3624 3625/3625
f 3624/3624 3623/3623 3626/3626
f 3627/3627 3628/3628 3629/3629
f 3630/3630 3631/3631 3632/3632
f 3631/3631 3630/3630 3633/3633
f 3634/3634 3635/3635 3636/3636
f 3637/3637 3638/3638 3639/3639
f 3638/3638 3637/3637 3640/3640
f 3641/3641 3642/3642 3643/3643
f 3644/3644 3645/3645 3646/3646
f 3647/3647 3648/3648 3649/3649
f 3650/3650 3651/3651 3652/3652
f 3651/3651 3650/3650 3653/3653
f 3654/3654 3655/3655 3656/3656
f 3657/3657 3658/3658 3659/3659
f 3658/3658 3657/3657 3660/3660
f 3634/3634 3661/3661 3635/3635
f 3662/3662 3663/3663 3664/3664
f 3663/3663 3662/3662 3665/3665
f 3666/3666 3667/3667 3668/3668
f 3669/3669 3670/3670 3671/3671
f 3672/3672 3673/3673 3674/3674
f 3675/3675 3676/3676 3677/3677
f 3676/3676 3675/3675 3678/3678
f 3678/3678 3675/3675 3679/3679
f 3678/3678 3679/3679 3680/3680
f 3680/3680 3679/3679 3681/3681
f 3681/3681 3679/3679 3682/3682
f 3681/3681 3682/3682 3683/3683
f 3684/3684 3685/3685 3686/3686
f 3685/3685 3684/3684 3677/3677
f 3685/3685 3677/3677 3676/3676
f 3686/3686 3685/3685 3687/3687
f 3686/3686 3687/3687 3688/3688
f 3688/3688 3687/3687 3689/3689
f 3688/3688 3689/3689 3683/3683
f 3688/3688 3683/3683 3690/3690
f 3690/3690 3683/3683 3682/3682
f 3691/3691 3692/3692 3693/3693
f 3694/3694 3695/3695 3696/3696
f 3697/3697 3698/3698 3699/3699
f 3699/3699 3698/3698 3700/3700
f 3701/3701 3702/3702 3703/3703
f 3704/3704 3705/3705 3706/3706
f 3707/3707 3708/3708 3709/3709
f 3708/3708 3707/3707 3710/3710
f 3711/3711 3712/3712 3713/3713
f 3714/3714 3715/3715 3716/3716
f 3715/3715 3714/3714 3717/3717
f 3718/3718 3719/3719 3720/3720
f 3721/3721 3722/3722 3723/3723
f 3722/3722 3721/3721 3724/3724
f 3725/3725 3726/3726 3727/3727
f 3728/3728 3729/3729 3730/3730
f 3729/3729 3728/3728 3731/3731
f 3731/3731 3728/3728 3732/3732
f 3731/3731 3732/3732 3733/3733
f 3734/3734 3735/3735 3736/3736
f 3737/3737 3719/3719 3718/3718
f 3736/3736 3735/3735 3738/3738
f 3739/3739 3740/3740 3741/3741
f 3740/3740 3739/3739 3742/3742
f 3743/3743 3744/3744 3745/3745
f 3727/3727 3726/3726 3746/3746
f 3747/3747 3748/3748 3749/3749
f 3750/3750 3751/3751 3752/3752
f 3751/3751 3750/3750 3753/3753
f 3754/3754 3755/3755 3756/3756
f 3757/3757 3758/3758 3759/3759
f 3754/3754 3756/3756 3760/3760
f 3761/3761 3762/3762 3763/3763
f 3762/3762 3761/3761 3764/3764
f 3765/3765 3766/3766 3767/3767
f 3766/3766 3765/3765 3768/3768
f 3769/3769 3770/3770 3771/3771
f 3770/3770 3769/3769 3772/3772
f 3743/3743 3745/3745 3773/3773
f 3747/3747 3749/3749 3774/3774
f 3775/3775 3776/3776 3777/3777
f 3776/3776 3775/3775 3778/3778
f 3779/3779 3780/3780 3781/3781
f 3780/3780 3779/3779 3782/3782
f 3783/3783 3758/3758 3757/3757
f 3784/3784 3785/3785 3786/3786
f 3784/3784 3787/3787 3785/3785
f 3788/3788 3789/3789 3790/3790
f 3789/3789 3788/3788 3791/3791
f 3792/3792 3793/3793 3794/3794
f 3795/3795 3796/3796 3797/3797
f 3796/3796 3795/3795 3798/3798
f 3799/3799 3800/3800 3801/3801
f 3799/3799 3801/3801 3802/3802
f 3803/3803 3804/3804 3805/3805
f 3804/3804 3803/3803 3806/3806
f 3807/3807 3808/3808 3809/3809
f 3807/3807 3810/3810 3808/3808
f 3811/3811 3812/3812 3813/3813
f 3811/3811 3814/3814 3812/3812
f 3815/3815 3816/3816 3817/3817
f 3816/3816 3815/3815 3818/3818
f 3818/3818 3815/3815 3819/3819
f 3818/3818 3819/3819 3820/3820
f 3821/3821 3822/3822 3792/3792
f 3822/3822 3793/3793 3792/3792
f 3823/3823 3824/3824 3825/3825
f 3826/3826 3827/3827 3828/3828
f 3827/3827 3826/3826 3829/3829
f 3830/3830 3831/3831 3832/3832
f 3833/3833 3831/3831 3830/3830
f 3834/3834 3835/3835 3836/3836
f 3835/3835 3834/3834 3837/3837
f 3838/3838 3839/3839 3840/3840
f 3821/3821 3841/3841 3822/3822
f 3839/3839 3824/3824 3823/3823
f 3840/3840 3839/3839 3823/3823
f 3842/3842 3843/3843 3844/3844
f 3843/3843 3842/3842 3845/3845
f 3846/3846 3847/3847 3848/3848
f 3849/3849 3850/3850 3851/3851
f 3850/3850 3849/3849 3852/3852
f 3852/3852 3849/3849 3853/3853
f 3852/3852 3853/3853 3854/3854
f 3855/3855 3856/3856 3857/3857
f 3858/3858 3859/3859 3860/3860
f 3859/3859 3858/3858 3861/3861
f 3846/3846 3848/3848 3862/3862
f 3863/3863 3864/3864 3865/3865
f 3866/3866 3867/3867 3868/3868
f 3867/3867 3866/3866 3869/3869
f 3870/3870 3871/3871 3872/3872
f 3855/3855 3873/3873 3856/3856
f 3856/3856 3874/3874 3857/3857
f 3875/3875 3876/3876 3877/3877
f 3857/3857 3874/3874 3878/3878
f 3879/3879 3880/3880 3881/3881
f 3880/3880 3879/3879 3882/3882
f 3865/3865 3864/3864 3883/3883
f 3884/3884 3885/3885 3886/3886
f 3885/3885 3884/3884 3887/3887
f 3872/3872 3871/3871 3888/3888
f 3888/3888 3889/3889 3890/3890
f 3875/3875 3877/3877 3891/3891
f 3892/3892 3893/3893 3894/3894
f 3893/3893 3892/3892 3895/3895
f 3896/3896 3897/3897 3898/3898
f 3897/3897 3896/3896 3899/3899
f 3900/3900 3901/3901 3902/3902
f 3901/3901 3900/3900 3903/3903
f 3904/3904 3905/3905 3906/3906
f 3904/3904 3906/3906 3907/3907
f 3908/3908 3909/3909 3910/3910
f 3909/3909 3908/3908 3911/3911
f 3871/3871 3889/3889 3888/3888
f 3912/3912 3913/3913 3914/3914
f 3913/3913 3912/3912 3915/3915
f 3916/3916 3917/3917 3918/3918
f 3919/3919 3920/3920 3921/3921
f 3920/3920 3919/3919 3922/3922
f 3923/3923 3924/3924 3925/3925
f 3916/3916 3926/3926 3917/3917
f 3927/3927 3928/3928 3929/3929
f 3928/3928 3927/3927 3930/3930
f 3931/3931 3932/3932 3933/3933
f 3932/3932 3931/3931 3934/3934
f 3935/3935 3936/3936 3937/3937
f 3935/3935 3938/3938 3936/3936
f 3939/3939 3940/3940 3941/3941
f 3942/3942 3924/3924 3923/3923
f 3943/3943 3944/3944 3945/3945
f 3946/3946 3947/3947 3948/3948
f 3949/3949 3944/3944 3943/3943
f 3950/3950 3951/3951 3952/3952
f 3951/3951 3950/3950 3953/3953
f 3953/3953 3950/3950 3954/3954
f 3953/3953 3954/3954 3955/3955
f 3956/3956 3940/3940 3939/3939
f 3957/3957 3958/3958 3959/3959
f 3958/3958 3957/3957 3960/3960
f 3961/3961 3962/3962 3963/3963
f 3961/3961 3964/3964 3962/3962
f 3965/3965 3947/3947 3946/3946
f 3966/3966 3967/3967 3968/3968
f 3966/3966 3968/3968 3969/3969
f 3970/3970 3971/3971 3972/3972
f 3971/3971 3970/3970 3973/3973
f 3974/3974 3975/3975 3976/3976
f 3977/3977 3978/3978 3979/3979
f 3978/3978 3977/3977 3980/3980
f 3981/3981 3982/3982 3983/3983
f 3984/3984 3985/3985 3986/3986
f 3985/3985 3984/3984 3987/3987
f 3987/3987 3984/3984 3988/3988
f 3987/3987 3988/3988 3989/3989
f 3990/3990 3991/3991 3992/3992
f 3993/3993 3975/3975 3974/3974
f 3992/3992 3991/3991 3994/3994
f 3995/3995 3996/3996 3997/3997
f 3996/3996 3995/3995 3998/3998
f 3999/3999 4000/4000 4001/4001
f 3983/3983 3982/3982 4002/4002
f 4003/4003 4004/4004 4005/4005
f 4006/4006 4007/4007 4008/4008
f 4007/4007 4006/4006 4009/4009
f 4010/4010 4011/4011 4012/4012
f 4013/4013 4014/4014 4015/4015
f 4010/4010 4012/4012 4016/4016
f 4017/4017 4018/4018 4019/4019
f 4018/4018 4017/4017 4020/4020
f 4021/4021 4022/4022 4023/4023
f 4022/4022 4021/4021 4024/4024
f 4025/4025 4026/4026 4027/4027
f 4026/4026 4025/4025 4028/4028
f 3999/3999 4001/4001 4029/4029
f 4003/4003 4005/4005 4030/4030
f 4031/4031 4032/4032 4033/4033
f 4032/4032 4031/4031 4034/4034
f 4035/4035 4036/4036 4037/4037
f 4036/4036 4035/4035 4038/4038
f 4039/4039 4014/4014 4013/4013
f 4040/4040 4041/4041 4042/4042
f 4040/4040 4043/4043 4041/4041
f 4044/4044 4045/4045 4046/4046
f 4045/4045 4044/4044 4047/4047
f 4048/4048 4049/4049 4050/4050
f 4051/4051 4052/4052 4053/4053
f 4052/4052 4051/4051 4054/4054
f 4055/4055 4056/4056 4057/4057
f 4055/4055 4057/4057 4058/4058
f 4059/4059 4060/4060 4061/4061
f 4060/4060 4059/4059 4062/4062
f 4063/4063 4064/4064 4065/4065
f 4063/4063 4066/4066 4064/4064
f 4067/4067 4068/4068 4069/4069
f 4067/4067 4070/4070 4068/4068
f 4071/4071 4072/4072 4073/4073
f 4072/4072 4071/4071 4074/4074
f 4074/4074 4071/4071 4075/4075
f 4074/4074 4075/4075 4076/4076
f 4077/4077 4078/4078 4048/4048
f 4078/4078 4049/4049 4048/4048
f 4079/4079 4080/4080 4081/4081
f 4082/4082 4083/4083 4084/4084
f 4083/4083 4082/4082 4085/4085
f 4086/4086 4087/4087 4088/4088
f 4089/4089 4087/4087 4086/4086
f 4090/4090 4091/4091 4092/4092
f 4091/4091 4090/4090 4093/4093
f 4094/4094 4095/4095 4096/4096
f 4077/4077 4097/4097 4078/4078
f 4095/4095 4080/4080 4079/4079
f 4096/4096 4095/4095 4079/4079
f 4098/4098 4099/4099 4100/4100
f 4099/4099 4098/4098 4101/4101
f 4102/4102 4103/4103 4104/4104
f 4105/4105 4106/4106 4107/4107
f 4106/4106 4105/4105 4108/4108
f 4109/4109 4110/4110 4111/4111
f 4112/4112 4113/4113 4114/4114
f 4113/4113 4112/4112 4115/4115
f 4115/4115 4112/4112 4116/4116
f 4115/4115 4116/4116 4117/4117
f 4118/4118 4119/4119 4120/4120
f 4121/4121 4103/4103 4102/4102
f 4120/4120 4119/4119 4122/4122
f 4123/4123 4124/4124 4125/4125
f 4124/4124 4123/4123 4126/4126
f 4127/4127 4128/4128 4129/4129
f 4111/4111 4110/4110 4130/4130
f 4131/4131 4132/4132 4133/4133
f 4134/4134 4135/4135 4136/4136
f 4135/4135 4134/4134 4137/4137
f 4138/4138 4139/4139 4140/4140
f 4141/4141 4142/4142 4143/4143
f 4138/4138 4140/4140 4144/4144
f 4145/4145 4146/4146 4147/4147
f 4146/4146 4145/4145 4148/4148
f 4149/4149 4150/4150 4151/4151
f 4150/4150 4149/4149 4152/4152
f 4153/4153 4154/4154 4155/4155
f 4154/4154 4153/4153 4156/4156
f 4127/4127 4129/4129 4157/4157
f 4131/4131 4133/4133 4158/4158
f 4159/4159 4160/4160 4161/4161
f 4160/4160 4159/4159 4162/4162
f 4163/4163 4164/4164 4165/4165
f 4164/4164 4163/4163 4166/4166
f 4167/4167 4142/4142 4141/4141
f 4168/4168 4169/4169 4170/4170
f 4168/4168 4171/4171 4169/4169
f 4172/4172 4173/4173 4174/4174
f 4173/4173 4172/4172 4175/4175
f 4176/4176 4177/4177 4178/4178
f 4179/4179 4180/4180 4181/4181
f 4180/4180 4179/4179 4182/4182
f 4183/4183 4184/4184 4185/4185
f 4183/4183 4185/4185 4186/4186
f 4187/4187 4188/4188 4189/4189
f 4188/4188 4187/4187 4190/4190
f 4191/4191 4192/4192 4193/4193
f 4191/4191 4194/4194 4192/4192
f 4195/4195 4196/4196 4197/4197
f 4195/4195 4198/4198 4196/4196
f 4199/4199 4200/4200 4201/4201
f 4200/4200 4199/4199 4202/4202
f 4202/4202 4199/4199 4203/4203
f 4202/4202 4203/4203 4204/4204
f 4205/4205 4206/4206 4176/4176
f 4206/4206 4177/4177 4176/4176
f 4207/4207 4208/4208 4209/4209
f 4210/4210 4211/4211 4212/4212
f 4211/4211 4210/4210 4213/4213
f 4214/4214 4215/4215 4216/4216
f 4217/4217 4215/4215 4214/4214
f 4218/4218 4219/4219 4220/4220
f 4219/4219 4218/4218 4221/4221
f 4222/4222 4223/4223 4224/4224
f 4205/4205 4225/4225 4206/4206
f 4223/4223 4208/4208 4207/4207
f 4224/4224 4223/4223 4207/4207
f 4226/4226 4227/4227 4228/4228
f 4227/4227 4226/4226 4229/4229
f 4230/4230 4231/4231 4232/4232
f 4233/4233 4234/4234 4235/4235
f 4234/4234 4233/4233 4236/4236
f 4237/4237 4238/4238 4239/4239
f 4240/4240 4241/4241 4242/4242
f 4241/4241 4240/4240 4243/4243
f 4241/4241 4243/4243 4244/4244
f 4244/4244 4243/4243 4245/4245
f 4246/4246 4247/4247 4248/4248
f 4230/4230 4249/4249 4231/4231
f 4246/4246 4248/4248 4250/4250
f 4251/4251 4252/4252 4253/4253
f 4252/4252 4251/4251 4254/4254
f 4255/4255 4256/4256 4257/4257
f 4239/4239 4238/4238 4258/4258
f 4259/4259 4260/4260 4261/4261
f 4262/4262 4263/4263 4264/4264
f 4265/4265 4266/4266 4267/4267
f 4266/4266 4265/4265 4268/4268
f 4269/4269 4270/4270 4271/4271
f 4259/4259 4261/4261 4269/4269
f 4272/4272 4273/4273 4274/4274
f 4273/4273 4272/4272 4275/4275
f 4276/4276 4277/4277 4278/4278
f 4277/4277 4276/4276 4279/4279
f 4280/4280 4281/4281 4282/4282
f 4281/4281 4280/4280 4283/4283
f 4257/4257 4256/4256 4284/4284
f 4264/4264 4263/4263 4285/4285
f 4286/4286 4287/4287 4288/4288
f 4287/4287 4286/4286 4289/4289
f 4290/4290 4291/4291 4292/4292
f 4291/4291 4290/4290 4293/4293
f 4269/4269 4261/4261 4270/4270
f 4294/4294 4295/4295 4296/4296
f 4294/4294 4296/4296 4297/4297
f 4298/4298 4299/4299 4300/4300
f 4299/4299 4298/4298 4301/4301
f 4302/4302 4303/4303 4304/4304
f 4305/4305 4306/4306 4307/4307
f 4306/4306 4305/4305 4308/4308
f 4309/4309 4310/4310 4311/4311
f 4311/4311 4310/4310 4312/4312
f 4313/4313 4314/4314 4315/4315
f 4314/4314 4313/4313 4316/4316
f 4317/4317 4318/4318 4319/4319
f 4317/4317 4319/4319 4320/4320
f 4321/4321 4322/4322 4323/4323
f 4323/4323 4322/4322 4324/4324
f 4325/4325 4326/4326 4327/4327
f 4326/4326 4325/4325 4328/4328
f 4326/4326 4328/4328 4329/4329
f 4329/4329 4328/4328 4330/4330
f 4331/4331 4332/4332 4333/4333
f 4304/4304 4303/4303 4334/4334
f 4335/4335 4336/4336 4337/4337
f 4338/4338 4339/4339 4340/4340
f 4339/4339 4338/4338 4341/4341
f 4342/4342 4343/4343 4344/4344
f 4344/4344 4343/4343 4345/4345
f 4346/4346 4347/4347 4348/4348
f 4347/4347 4346/4346 4349/4349
f 4350/4350 4351/4351 4352/4352
f 4331/4331 4333/4333 4353/4353
f 4337/4337 4336/4336 4350/4350
f 4350/4350 4336/4336 4351/4351
f 4354/4354 4355/4355 4356/4356
f 4355/4355 4354/4354 4357/4357
f 4358/4358 4359/4359 4360/4360
f 4361/4361 4362/4362 4363/4363
f 4362/4362 4361/4361 4364/4364
f 4365/4365 4366/4366 4367/4367
f 4368/4368 4369/4369 4370/4370
f 4369/4369 4368/4368 4371/4371
f 4369/4369 4371/4371 4372/4372
f 4372/4372 4371/4371 4373/4373
f 4374/4374 4375/4375 4376/4376
f 4358/4358 4377/4377 4359/4359
f 4374/4374 4376/4376 4378/4378
f 4379/4379 4380/4380 4381/4381
f 4380/4380 4379/4379 4382/4382
f 4383/4383 4384/4384 4385/4385
f 4367/4367 4366/4366 4386/4386
f 4387/4387 4388/4388 4389/4389
f 4390/4390 4391/4391 4392/4392
f 4393/4393 4394/4394 4395/4395
f 4394/4394 4393/4393 4396/4396
f 4397/4397 4398/4398 4399/4399
f 4387/4387 4389/4389 4397/4397
f 4400/4400 4401/4401 4402/4402
f 4401/4401 4400/4400 4403/4403
f 4404/4404 4405/4405 4406/4406
f 4405/4405 4404/4404 4407/4407
f 4408/4408 4409/4409 4410/4410
f 4409/4409 4408/4408 4411/4411
f 4385/4385 4384/4384 4412/4412
f 4392/4392 4391/4391 4413/4413
f 4414/4414 4415/4415 4416/4416
f 4415/4415 4414/4414 4417/4417
f 4418/4418 4419/4419 4420/4420
f 4419/4419 4418/4418 4421/4421
f 4397/4397 4389/4389 4398/4398
f 4422/4422 4423/4423 4424/4424
f 4422/4422 4424/4424 4425/4425
f 4426/4426 4427/4427 4428/4428
f 4427/4427 4426/4426 4429/4429
f 4430/4430 4431/4431 4432/4432
f 4433/4433 4434/4434 4435/4435
f 4434/4434 4433/4433 4436/4436
f 4437/4437 4438/4438 4439/4439
f 4439/4439 4438/4438 4440/4440
f 4441/4441 4442/4442 4443/4443
f 4442/4442 4441/4441 4444/4444
f 4445/4445 4446/4446 4447/4447
f 4445/4445 4447/4447 4448/4448
f 4449/4449 4450/4450 4451/4451
f 4451/4451 4450/4450 4452/4452
f 4453/4453 4454/4454 4455/4455
f 4454/4454 4453/4453 4456/4456
f 4454/4454 4456/4456 4457/4457
f 4457/4457 4456/4456 4458/4458
f 4459/4459 4460/4460 4461/4461
f 4432/4432 4431/4431 4462/4462
f 4463/4463 4464/4464 4465/4465
f 4466/4466 4467/4467 4468/4468
f 4467/4467 4466/4466 4469/4469
f 4470/4470 4471/4471 4472/4472
f 4472/4472 4471/4471 4473/4473
f 4474/4474 4475/4475 4476/4476
f 4475/4475 4474/4474 4477/4477
f 4478/4478 4479/4479 4480/4480
f 4459/4459 4461/4461 4481/4481
f 4465/4465 4464/4464 4478/4478
f 4478/4478 4464/4464 4479/4479
f 4482/4482 4483/4483 4484/4484
f 4483/4483 4482/4482 4485/4485
f 4486/4486 4487/4487 4488/4488
f 4489/4489 4490/4490 4491/4491
f 4490/4490 4489/4489 4492/4492
f 4490/4490 4492/4492 4493/4493
f 4493/4493 4492/4492 4494/4494
f 4495/4495 4496/4496 4497/4497
f 4498/4498 4499/4499 4500/4500
f 4499/4499 4498/4498 4501/4501
f 4486/4486 4502/4502 4487/4487
f 4497/4497 4496/4496 4503/4503
f 4504/4504 4505/4505 4506/4506
f 4507/4507 4508/4508 4509/4509
f 4508/4508 4507/4507 4510/4510
f 4511/4511 4512/4512 4513/4513
f 4514/4514 4515/4515 4516/4516
f 4517/4517 4502/4502 4486/4486
f 4514/4514 4518/4518 4515/4515
f 4519/4519 4520/4520 4521/4521
f 4520/4520 4519/4519 4522/4522
f 4523/4523 4512/4512 4511/4511
f 4504/4504 4524/4524 4505/4505
f 4525/4525 4526/4526 4527/4527
f 4526/4526 4525/4525 4528/4528
f 4529/4529 4530/4530 4531/4531
f 4532/4532 4502/4502 4517/4517
f 4533/4533 4534/4534 4535/4535
f 4534/4534 4533/4533 4536/4536
f 4537/4537 4538/4538 4539/4539
f 4538/4538 4537/4537 4540/4540
f 4541/4541 4542/4542 4543/4543
f 4542/4542 4541/4541 4544/4544
f 4529/4529 4531/4531 4545/4545
f 4546/4546 4547/4547 4548/4548
f 4549/4549 4547/4547 4546/4546
f 4550/4550 4551/4551 4552/4552
f 4551/4551 4550/4550 4553/4553
f 4554/4554 4555/4555 4556/4556
f 4555/4555 4554/4554 4557/4557
f 4558/4558 4559/4559 4560/4560
f 4561/4561 4562/4562 4563/4563
f 4564/4564 4565/4565 4566/4566
f 4565/4565 4564/4564 4567/4567
f 4558/4558 4568/4568 4559/4559
f 4569/4569 4570/4570 4571/4571
f 4570/4570 4569/4569 4572/4572
f 4573/4573 4574/4574 4575/4575
f 4574/4574 4573/4573 4576/4576
f 4577/4577 4578/4578 4579/4579
f 4577/4577 4580/4580 4578/4578
f 4581/4581 4562/4562 4561/4561
f 4582/4582 4583/4583 4584/4584
f 4585/4585 4568/4568 4558/4558
f 4586/4586 4587/4587 4588/4588
f 4585/4585 4589/4589 4568/4568
f 4590/4590 4591/4591 4592/4592
f 4591/4591 4590/4590 4593/4593
f 4591/4591 4593/4593 4594/4594
f 4594/4594 4593/4593 4595/4595
f 4596/4596 4583/4583 4582/4582
f 4597/4597 4598/4598 4599/4599
f 4598/4598 4597/4597 4600/4600
f 4601/4601 4602/4602 4603/4603
f 4601/4601 4604/4604 4602/4602
f 4605/4605 4587/4587 4586/4586
f 4606/4606 4607/4607 4608/4608
f 4608/4608 4607/4607 4609/4609
f 4610/4610 4611/4611 4612/4612
f 4611/4611 4610/4610 4613/4613
f 4614/4614 4615/4615 4616/4616
f 4617/4617 4618/4618 4619/4619
f 4618/4618 4617/4617 4620/4620
f 4621/4621 4622/4622 4623/4623
f 4624/4624 4625/4625 4626/4626
f 4625/4625 4624/4624 4627/4627
f 4625/4625 4627/4627 4628/4628
f 4628/4628 4627/4627 4629/4629
f 4630/4630 4631/4631 4632/4632
f 4614/4614 4633/4633 4615/4615
f 4630/4630 4632/4632 4634/4634
f 4635/4635 4636/4636 4637/4637
f 4636/4636 4635/4635 4638/4638
f 4639/4639 4640/4640 4641/4641
f 4623/4623 4622/4622 4642/4642
f 4643/4643 4644/4644 4645/4645
f 4646/4646 4647/4647 4648/4648
f 4649/4649 4650/4650 4651/4651
f 4650/4650 4649/4649 4652/4652
f 4653/4653 4654/4654 4655/4655
f 4643/4643 4645/4645 4653/4653
f 4656/4656 4657/4657 4658/4658
f 4657/4657 4656/4656 4659/4659
f 4660/4660 4661/4661 4662/4662
f 4661/4661 4660/4660 4663/4663
f 4664/4664 4665/4665 4666/4666
f 4665/4665 4664/4664 4667/4667
f 4641/4641 4640/4640 4668/4668
f 4648/4648 4647/4647 4669/4669
f 4670/4670 4671/4671 4672/4672
f 4671/4671 4670/4670 4673/4673
f 4674/4674 4675/4675 4676/4676
f 4675/4675 4674/4674 4677/4677
f 4653/4653 4645/4645 4654/4654
f 4678/4678 4679/4679 4680/4680
f 4678/4678 4680/4680 4681/4681
f 4682/4682 4683/4683 4684/4684
f 4683/4683 4682/4682 4685/4685
f 4686/4686 4687/4687 4688/4688
f 4689/4689 4690/4690 4691/4691
f 4690/4690 4689/4689 4692/4692
f 4693/4693 4694/4694 4695/4695
f 4695/4695 4694/4694 4696/4696
f 4697/4697 4698/4698 4699/4699
f 4698/4698 4697/4697 4700/4700
f 4701/4701 4702/4702 4703/4703
f 4701/4701 4703/4703 4704/4704
f 4705/4705 4706/4706 4707/4707
f 4707/4707 4706/4706 4708/4708
f 4709/4709 4710/4710 4711/4711
f 4710/4710 4709/4709 4712/4712
f 4710/4710 4712/4712 4713/4713
f 4713/4713 4712/4712 4714/4714
f 4715/4715 4716/4716 4717/4717
f 4688/4688 4687/4687 4718/4718
f 4719/4719 4720/4720 4721/4721
f 4722/4722 4723/4723 4724/4724
f 4723/4723 4722/4722 4725/4725
f 4726/4726 4727/4727 4728/4728
f 4728/4728 4727/4727 4729/4729
f 4730/4730 4731/4731 4732/4732
f 4731/4731 4730/4730 4733/4733
f 4734/4734 4735/4735 4736/4736
f 4715/4715 4717/4717 4737/4737
f 4721/4721 4720/4720 4734/4734
f 4734/4734 4720/4720 4735/4735
f 4738/4738 4739/4739 4740/4740
f 4739/4739 4738/4738 4741/4741
f 4742/4742 4743/4743 4744/4744
f 4743/4743 4742/4742 4745/4745
f 4746/4746 4747/4747 4748/4748
f 4749/4749 4750/4750 4751/4751
f 4750/4750 4749/4749 4752/4752
f 4753/4753 4754/4754 4755/4755
f 4754/4754 4753/4753 4756/4756
f 4757/4757 4758/4758 4759/4759
f 4760/4760 4761/4761 4762/4762
f 4761/4761 4760/4760 4763/4763
f 4764/4764 4765/4765 4766/4766
f 4767/4767 4768/4768 4769/4769
f 4770/4770 4771/4771 4772/4772
f 4773/4773 4774/4774 4775/4775
f 4776/4776 4777/4777 4778/4778
f 4779/4779 4780/4780 4781/4781
f 4782/4782 4783/4783 4784/4784
f 4785/4785 4786/4786 4787/4787
f 4788/4788 4789/4789 4790/4790
f 4789/4789 4788/4788 4791/4791
f 4792/4792 4793/4793 4794/4794
f 4793/4793 4792/4792 4795/4795
f 4796/4796 4797/4797 4798/4798
f 4797/4797 4796/4796 4799/4799
f 4800/4800 4801/4801 4802/4802
f 4801/4801 4800/4800 4803/4803
f 4804/4804 4805/4805 4806/4806
f 4807/4807 4808/4808 4809/4809
f 4806/4806 4805/4805 4810/4810
f 4807/4807 4811/4811 4808/4808
f 4812/4812 4813/4813 4814/4814
f 4813/4813 4812/4812 4815/4815
f 4813/4813 4815/4815 4816/4816
f 4816/4816 4815/4815 4817/4817
f 4816/4816 4817/4817 4818/4818
f 4818/4818 4817/4817 4819/4819
f 4819/4819 4817/4817 4820/4820
f 4819/4819 4820/4820 4821/4821
f 4814/4814 4822/4822 4823/4823
f 4822/4822 4814/4814 4813/4813
f 4823/4823 4822/4822 4824/4824
f 4823/4823 4824/4824 4825/4825
f 4825/4825 4824/4824 4826/4826
f 4825/4825 4826/4826 4821/4821
f 4825/4825 4821/4821 4827/4827
f 4827/4827 4821/4821 4820/4820
f 4828/4828 4829/4829 4830/4830
f 4831/4831 4832/4832 4833/4833
f 4832/4832 4831/4831 4834/4834
f 4835/4835 4836/4836 4837/4837
f 4838/4838 4839/4839 4840/4840
f 4839/4839 4838/4838 4841/4841
f 4842/4842 4843/4843 4844/4844
f 4845/4845 4846/4846 4847/4847
f 4846/4846 4845/4845 4848/4848
f 4849/4849 4850/4850 4851/4851
f 4852/4852 4853/4853 4854/4854
f 4855/4855 4856/4856 4857/4857
f 4858/4858 4859/4859 4860/4860
f 4859/4859 4858/4858 4861/4861
f 4862/4862 4863/4863 4864/4864
f 4865/4865 4866/4866 4867/4867
f 4866/4866 4865/4865 4868/4868
f 4869/4869 4870/4870 4871/4871
f 4872/4872 4873/4873 4874/4874
f 4873/4873 4872/4872 4875/4875
f 4876/4876 4877/4877 4878/4878
f 4879/4879 4880/4880 4881/4881
f 4882/4882 4883/4883 4884/4884
f 4885/4885 4886/4886 4887/4887
f 4886/4886 4885/4885 4888/4888
f 4888/4888 4885/4885 4889/4889
f 4888/4888 4889/4889 4890/4890
f 4890/4890 4889/4889 4891/4891
f 4891/4891 4889/4889 4892/4892
f 4891/4891 4892/4892 4893/4893
f 4894/4894 4895/4895 4896/4896
f 4895/4895 4894/4894 4887/4887
f 4895/4895 4887/4887 4886/4886
f 4896/4896 4895/4895 4897/4897
f 4896/4896 4897/4897 4898/4898
f 4898/4898 4897/4897 4899/4899
f 4898/4898 4899/4899 4893/4893
f 4898/4898 4893/4893 4900/4900
f 4900/4900 4893/4893 4892/4892
f 4901/4901 4902/4902 4903/4903
f 4904/4904 4905/4905 4906/4906
f 4907/4907 4908/4908 4909/4909
f 4910/4910 4911/4911 4912/4912
f 4913/4913 4914/4914 4915/4915
f 4916/4916 4917/4917 4918/4918
f 4919/4919 4920/4920 4921/4921
f 4920/4920 4919/4919 4922/4922
f 4923/4923 4924/4924 4925/4925
f 4926/4926 4927/4927 4928/4928
f 4927/4927 4926/4926 4929/4929
f 4927/4927 4929/4929 4930/4930
f 4930/4930 4929/4929 4931/4931
f 4930/4930 4931/4931 4932/4932
f 4932/4932 4931/4931 4933/4933
f 4933/4933 4931/4931 4934/4934
f 4933/4933 4934/4934 4935/4935
f 4928/4928 4936/4936 4937/4937
f 4936/4936 4928/4928 4927/4927
f 4937/4937 4936/4936 4938/4938
f 4937/4937 4938/4938 4939/4939
f 4939/4939 4938/4938 4940/4940
f 4939/4939 4940/4940 4935/4935
f 4939/4939 4935/4935 4941/4941
f 4941/4941 4935/4935 4934/4934
f 4942/4942 4943/4943 4944/4944
f 4943/4943 4942/4942 4945/4945
f 4946/4946 4947/4947 4948/4948
f 4949/4949 4950/4950 4951/4951
f 4950/4950 4949/4949 4952/4952
f 4953/4953 4954/4954 4955/4955
f 4956/4956 4957/4957 4958/4958
f 4957/4957 4956/4956 4959/4959
f 4960/4960 4961/4961 4962/4962
f 4963/4963 4964/4964 4965/4965
f 4964/4964 4963/4963 4966/4966
f 4967/4967 4968/4968 4969/4969
f 4970/4970 4971/4971 4972/4972
f 4971/4971 4970/4970 4973/4973
f 4974/4974 4975/4975 4976/4976
f 4977/4977 4978/4978 4979/4979
f 4978/4978 4977/4977 4980/4980
f 4981/4981 4982/4982 4983/4983
f 4984/4984 4985/4985 4986/4986
f 4985/4985 4984/4984 4987/4987
f 4988/4988 4989/4989 4990/4990
f 4991/4991 4992/4992 4993/4993
f 4992/4992 4991/4991 4994/4994
f 4995/4995 4996/4996 4997/4997
f 4998/4998 4999/4999 5000/5000
f 4999/4999 4998/4998 5001/5001
f 4999/4999 5001/5001 5002/5002
f 5002/5002 5001/5001 5003/5003
f 5002/5002 5003/5003 5004/5004
f 5004/5004 5003/5003 5005/5005
f 5005/5005 5003/5003 5006/5006
f 5005/5005 5006/5006 5007/5007
f 5000/5000 5008/5008 5009/5009
f 5008/5008 5000/5000 4999/4999
f 5009/5009 5008/5008 5010/5010
f 5009/5009 5010/5010 5011/5011
f 5011/5011 5010/5010 5012/5012
f 5011/5011 5012/5012 5007/5007
f 5011/5011 5007/5007 5013/5013
f 5013/5013 5007/5007 5006/5006
f 5014/5014 5015/5015 5016/5016
f 5017/5017 5018/5018 5019/5019
f 5020/5020 5021/5021 5022/5022
f 5023/5023 5024/5024 5025/5025
f 5026/5026 5027/5027 5028/5028
f 5029/5029 5030/5030 5031/5031
f 5032/5032 5033/5033 5034/5034
f 5035/5035 5036/5036 5037/5037
f 5038/5038 5039/5039 5040/5040
f 5039/5039 5038/5038 5041/5041
f 5042/5042 5043/5043 5044/5044
f 5045/5045 5046/5046 5047/5047
f 5046/5046 5045/5045 5048/5048
f 5049/5049 5050/5050 5051/5051
f 5052/5052 5053/5053 5054/5054
f 5055/5055 5056/5056 5057/5057
f 5058/5058 5059/5059 5060/5060
f 5060/5060 5059/5059 5061/5061
f 5049/5049 5051/5051 5062/5062
f 5063/5063 5064/5064 5065/5065
f 5064/5064 5063/5063 5066/5066
f 5067/5067 5068/5068 5069/5069
f 5070/5070 5071/5071 5072/5072
f 5071/5071 5070/5070 5073/5073
f 5074/5074 5075/5075 5076/5076
f 5075/5075 5074/5074 5077/5077
f 5078/5078 5079/5079 5080/5080
f 5079/5079 5078/5078 5081/5081
f 5082/5082 5083/5083 5084/5084
f 5085/5085 5086/5086 5087/5087
f 5088/5088 5089/5089 5090/5090
f 5091/5091 5092/5092 5093/5093
f 5094/5094 5095/5095 5096/5096
f 5085/5085 5087/5087 5097/5097
f 5090/5090 5089/5089 5098/5098
f 5099/5099 5100/5100 5101/5101
f 5102/5102 5103/5103 5104/5104
f 5103/5103 5102/5102 5105/5105
f 5106/5106 5107/5107 5108/5108
f 5107/5107 5106/5106 5109/5109
f 5110/5110 5111/5111 5112/5112
f 5111/5111 5110/5110 5113/5113
f 5111/5111 5113/5113 5114/5114
f 5114/5114 5113/5113 5115/5115
f 5114/5114 5115/5115 5116/5116
f 5116/5116 5115/5115 5117/5117
f 5117/5117 5115/5115 5118/5118
f 5117/5117 5118/5118 5119/5119
f 5112/5112 5120/5120 5121/5121
f 5120/5120 5112/5112 5111/5111
f 5121/5121 5120/5120 5122/5122
f 5121/5121 5122/5122 5123/5123
f 5123/5123 5122/5122 5124/5124
f 5123/5123 5124/5124 5119/5119
f 5123/5123 5119/5119 5125/5125
f 5125/5125 5119/5119 5118/5118
f 5126/5126 5127/5127 5128/5128
f 5127/5127 5126/5126 5129/5129
f 5130/5130 5131/5131 5132/5132
f 5133/5133 5134/5134 5135/5135
f 5134/5134 5133/5133 5136/5136
f 5137/5137 5138/5138 5139/5139
f 5140/5140 5141/5141 5142/5142
f 5143/5143 5144/5144 5145/5145
f 5144/5144 5143/5143 5146/5146
f 5147/5147 5148/5148 5149/5149
f 5148/5148 5147/5147 5150/5150
f 5151/5151 5152/5152 5153/5153
f 5154/5154 5155/5155 5156/5156
f 5155/5155 5154/5154 5157/5157
f 5158/5158 5159/5159 5160/5160
f 5161/5161 5162/5162 5163/5163
f 5162/5162 5161/5161 5164/5164
f 5165/5165 5166/5166 5167/5167
f 5168/5168 5169/5169 5170/5170
f 5171/5171 5172/5172 5173/5173
f 5172/5172 5171/5171 5174/5174
f 5175/5175 5176/5176 5177/5177
f 5176/5176 5175/5175 5178/5178
f 5153/5153 5152/5152 5179/5179
f 5180/5180 5181/5181 5182/5182
f 5183/5183 5184/5184 5185/5185
f 5184/5184 5183/5183 5186/5186
f 5184/5184 5186/5186 5187/5187
f 5187/5187 5186/5186 5188/5188
f 5187/5187 5188/5188 5189/5189
f 5189/5189 5188/5188 5190/5190
f 5190/5190 5188/5188 5191/5191
f 5190/5190 5191/5191 5192/5192
f 5185/5185 5193/5193 5194/5194
f 5193/5193 5185/5185 5184/5184
f 5194/5194 5193/5193 5195/5195
f 5194/5194 5195/5195 5196/5196
f 5196/5196 5195/5195 5197/5197
f 5196/5196 5197/5197 5192/5192
f 5196/5196 5192/5192 5198/5198
f 5198/5198 5192/5192 5191/5191
f 5199/5199 5200/5200 5201/5201
f 5202/5202 5203/5203 5204/5204
f 5205/5205 5206/5206 5207/5207
f 5208/5208 5209/5209 5210/5210
f 5211/5211 5212/5212 5213/5213
f 5180/5180 5182/5182 5214/5214
f 5215/5215 5216/5216 5217/5217
f 5218/5218 5219/5219 5220/5220
f 5219/5219 5218/5218 5221/5221
f 5222/5222 5223/5223 5224/5224
f 5225/5225 5226/5226 5227/5227
f 5226/5226 5225/5225 5228/5228
f 5229/5229 5230/5230 5231/5231
f 5232/5232 5233/5233 5234/5234
f 5235/5235 5236/5236 5237/5237
f 5238/5238 5239/5239 5240/5240
f 5241/5241 5242/5242 5243/5243
f 5244/5244 5245/5245 5246/5246
f 5247/5247 5248/5248 5249/5249
f 5248/5248 5247/5247 5250/5250
f 5251/5251 5252/5252 5253/5253
f 5254/5254 5255/5255 5256/5256
f 5255/5255 5254/5254 5257/5257
f 5258/5258 5259/5259 5260/5260
f 5259/5259 5258/5258 5261/5261
f 5262/5262 5263/5263 5264/5264
f 5263/5263 5262/5262 5265/5265
f 5266/5266 5267/5267 5268/5268
f 5269/5269 5270/5270 5271/5271
f 5272/5272 5273/5273 5274/5274
f 5275/5275 5276/5276 5277/5277
f 5268/5268 5267/5267 5278/5278
f 5279/5279 5280/5280 5281/5281
f 5282/5282 5283/5283 5284/5284
f 5275/5275 5277/5277 5285/5285
f 5286/5286 5287/5287 5288/5288
f 5287/5287 5286/5286 5289/5289
f 5290/5290 5291/5291 5292/5292
f 5291/5291 5290/5290 5293/5293
f 5294/5294 5295/5295 5296/5296
f 5295/5295 5294/5294 5297/5297
f 5298/5298 5299/5299 5300/5300
f 5299/5299 5298/5298 5301/5301
f 5302/5302 5303/5303 5304/5304
f 5303/5303 5302/5302 5305/5305
f 5306/5306 5307/5307 5308/5308
f 5307/5307 5306/5306 5309/5309
f 5310/5310 5311/5311 5312/5312
f 5311/5311 5310/5310 5313/5313
f 5314/5314 5315/5315 5316/5316
f 5317/5317 5318/5318 5319/5319
f 5318/5318 5317/5317 5320/5320
f 5321/5321 5322/5322 5323/5323
f 5324/5324 5325/5325 5326/5326
f 5327/5327 5328/5328 5329/5329
f 5330/5330 5331/5331 5332/5332
f 5333/5333 5334/5334 5335/5335
f 5336/5336 5337/5337 5338/5338
f 5339/5339 5340/5340 5341/5341
f 5342/5342 5343/5343 5344/5344
f 5343/5343 5342/5342 5345/5345
f 5346/5346 5347/5347 5348/5348
f 5347/5347 5346/5346 5349/5349
f 5350/5350 5351/5351 5352/5352
f 5351/5351 5350/5350 5353/5353
f 5354/5354 5355/5355 5356/5356
f 5355/5355 5354/5354 5357/5357
f 5358/5358 5359/5359 5360/5360
f 5361/5361 5362/5362 5363/5363
f 5364/5364 5365/5365 5366/5366
f 5367/5367 5368/5368 5369/5369
f 5370/5370 5371/5371 5372/5372
f 5371/5371 5370/5370 5373/5373
f 5371/5371 5373/5373 5374/5374
f 5374/5374 5373/5373 5375/5375
f 5374/5374 5375/5375 5376/5376
f 5376/5376 5375/5375 5377/5377
f 5377/5377 5375/5375 5378/5378
f 5377/5377 5378/5378 5379/5379
f 5372/5372 5380/5380 5381/5381
f 5380/5380 5372/5372 5371/5371
f 5381/5381 5380/5380 5382/5382
f 5381/5381 5382/5382 5383/5383
f 5383/5383 5382/5382 5384/5384
f 5383/5383 5384/5384 5379/5379
f 5383/5383 5379/5379 5385/5385
f 5385/5385 5379/5379 5378/5378
f 5386/5386 5387/5387 5388/5388
f 5387/5387 5386/5386 5389/5389
f 5390/5390 5391/5391 5392/5392
f 5393/5393 5394/5394 5395/5395
f 5394/5394 5393/5393 5396/5396
f 5397/5397 5398/5398 5399/5399
f 5400/5400 5401/5401 5402/5402
f 5401/5401 5400/5400 5403/5403
f 5404/5404 5405/5405 5406/5406
f 5407/5407 5408/5408 5409/5409
f 5408/5408 5407/5407 5410/5410
f 5411/5411 5412/5412 5413/5413
f 5414/5414 5415/5415 5416/5416
f 5415/5415 5414/5414 5417/5417
f 5418/5418 5419/5419 5420/5420
f 5421/5421 5422/5422 5423/5423
f 5422/5422 5421/5421 5424/5424
f 5425/5425 5426/5426 5427/5427
f 5428/5428 5429/5429 5430/5430
f 5429/5429 5428/5428 5431/5431
f 5432/5432 5433/5433 5434/5434
f 5435/5435 5436/5436 5437/5437
f 5436/5436 5435/5435 5438/5438
f 5439/5439 5440/5440 5441/5441
f 5442/5442 5443/5443 5444/5444
f 5443/5443 5442/5442 5445/5445
f 5443/5443 5445/5445 5446/5446
f 5446/5446 5445/5445 5447/5447
f 5446/5446 5447/5447 5448/5448
f 5448/5448 5447/5447 5449/5449
f 5449/5449 5447/5447 5450/5450
f 5449/5449 5450/5450 5451/5451
f 5444/5444 5452/5452 5453/5453
f 5452/5452 5444/5444 5443/5443
f 5453/5453 5452/5452 5454/5454
f 5453/5453 5454/5454 5455/5455
f 5455/5455 5454/5454 5456/5456
f 5455/5455 5456/5456 5451/5451
f 5455/5455 5451/5451 5457/5457
f 5457/5457 5451/5451 5450/5450
f 5458/5458 5459/5459 5460/5460
f 5461/5461 5462/5462 5463/5463
f 5464/5464 5465/5465 5466/5466
f 5467/5467 5468/5468 5469/5469
f 5470/5470 5471/5471 5472/5472
f 5473/5473 5474/5474 5475/5475
f 5476/5476 5477/5477 5478/5478
f 5479/5479 5480/5480 5481/5481
f 5482/5482 5483/5483 5484/5484
f 5485/5485 5486/5486 5487/5487
f 5486/5486 5485/5485 5488/5488
f 5489/5489 5490/5490 5491/5491
f 5492/5492 5493/5493 5494/5494
f 5493/5493 5492/5492 5495/5495
f 5496/5496 5497/5497 5498/5498
f 5499/5499 5500/5500 5501/5501
f 5500/5500 5499/5499 5502/5502
f 5503/5503 5504/5504 5505/5505
f 5506/5506 5507/5507 5508/5508
f 5509/5509 5510/5510 5511/5511
f 5512/5512 5513/5513 5514/5514
f 5515/5515 5516/5516 5517/5517
f 5518/5518 5519/5519 5520/5520
f 5519/5519 5518/5518 5521/5521
f 5522/5522 5523/5523 5524/5524
f 5525/5525 5526/5526 5527/5527
f 5526/5526 5525/5525 5528/5528
f 5529/5529 5530/5530 5531/5531
f 5530/5530 5529/5529 5532/5532
f 5533/5533 5534/5534 5535/5535
f 5536/5536 5537/5537 5538/5538
f 5539/5539 5540/5540 5541/5541
f 5542/5542 5543/5543 5544/5544
f 5545/5545 5546/5546 5547/5547
f 5546/5546 5545/5545 5548/5548
f 5549/5549 5550/5550 5551/5551
f 5552/5552 5553/5553 5554/5554
f 5555/5555 5556/5556 5557/5557
f 5558/5558 5559/5559 5560/5560
f 5559/5559 5558/5558 5561/5561
f 5562/5562 5563/5563 5564/5564
f 5563/5563 5562/5562 5565/5565
f 5566/5566 5567/5567 5568/5568
f 5569/5569 5570/5570 5571/5571
f 5570/5570 5569/5569 5572/5572
f 5573/5573 5574/5574 5575/5575
f 5576/5576 5577/5577 5578/5578
f 5577/5577 5576/5576 5579/5579
f 5579/5579 5576/5576 5580/5580
f 5579/5579 5580/5580 5581/5581
f 5582/5582 5583/5583 5584/5584
f 5585/5585 5567/5567 5566/5566
f 5584/5584 5583/5583 5586/5586
f 5587/5587 5588/5588 5589/5589
f 5588/5588 5587/5587 5590/5590
f 5591/5591 5592/5592 5593/5593
f 5575/5575 5574/5574 5594/5594
f 5595/5595 5596/5596 5597/5597
f 5598/5598 5599/5599 5600/5600
f 5599/5599 5598/5598 5601/5601
f 5602/5602 5603/5603 5604/5604
f 5605/5605 5606/5606 5607/5607
f 5602/5602 5604/5604 5608/5608
f 5609/5609 5610/5610 5611/5611
f 5610/5610 5609/5609 5612/5612
f 5613/5613 5614/5614 5615/5615
f 5614/5614 5613/5613 5616/5616
f 5617/5617 5618/5618 5619/5619
f 5618/5618 5617/5617 5620/5620
f 5591/5591 5593/5593 5621/5621
f 5595/5595 5597/5597 5622/5622
f 5623/5623 5624/5624 5625/5625
f 5624/5624 5623/5623 5626/5626
f 5627/5627 5628/5628 5629/5629
f 5628/5628 5627/5627 5630/5630
f 5631/5631 5606/5606 5605/5605
f 5632/5632 5633/5633 5634/5634
f 5632/5632 5635/5635 5633/5633
f 5636/5636 5637/5637 5638/5638
f 5637/5637 5636/5636 5639/5639
f 5640/5640 5641/5641 5642/5642
f 5643/5643 5644/5644 5645/5645
f 5644/5644 5643/5643 5646/5646
f 5647/5647 5648/5648 5649/5649
f 5647/5647 5649/5649 5650/5650
f 5651/5651 5652/5652 5653/5653
f 5652/5652 5651/5651 5654/5654
f 5655/5655 5656/5656 5657/5657
f 5655/5655 5658/5658 5656/5656
f 5659/5659 5660/5660 5661/5661
f 5659/5659 5662/5662 5660/5660
f 5663/5663 5664/5664 5665/5665
f 5664/5664 5663/5663 5666/5666
f 5666/5666 5663/5663 5667/5667
f 5666/5666 5667/5667 5668/5668
f 5669/5669 5670/5670 5640/5640
f 5670/5670 5641/5641 5640/5640
f 5671/5671 5672/5672 5673/5673
f 5674/5674 5675/5675 5676/5676
f 5675/5675 5674/5674 5677/5677
f 5678/5678 5679/5679 5680/5680
f 5681/5681 5679/5679 5678/5678
f 5682/5682 5683/5683 5684/5684
f 5683/5683 5682/5682 5685/5685
f 5686/5686 5687/5687 5688/5688
f 5669/5669 5689/5689 5670/5670
f 5687/5687 5672/5672 5671/5671
f 5688/5688 5687/5687 5671/5671
f 5690/5690 5691/5691 5692/5692
f 5691/5691 5690/5690 5693/5693
f 5694/5694 5695/5695 5696/5696
f 5697/5697 5698/5698 5699/5699
f 5698/5698 5697/5697 5700/5700
f 5700/5700 5697/5697 5701/5701
f 5700/5700 5701/5701 5702/5702
f 5703/5703 5704/5704 5705/5705
f 5706/5706 5707/5707 5708/5708
f 5707/5707 5706/5706 5709/5709
f 5696/5696 5695/5695 5710/5710
f 5711/5711 5704/5704 5703/5703
f 5712/5712 5713/5713 5714/5714
f 5715/5715 5716/5716 5717/5717
f 5716/5716 5715/5715 5718/5718
f 5719/5719 5720/5720 5721/5721
f 5722/5722 5723/5723 5724/5724
f 5695/5695 5725/5725 5710/5710
f 5722/5722 5724/5724 5726/5726
f 5727/5727 5728/5728 5729/5729
f 5728/5728 5727/5727 5730/5730
f 5719/5719 5721/5721 5731/5731
f 5712/5712 5714/5714 5732/5732
f 5733/5733 5734/5734 5735/5735
f 5734/5734 5733/5733 5736/5736
f 5737/5737 5738/5738 5739/5739
f 5710/5710 5725/5725 5740/5740
f 5741/5741 5742/5742 5743/5743
f 5742/5742 5741/5741 5744/5744
f 5745/5745 5746/5746 5747/5747
f 5746/5746 5745/5745 5748/5748
f 5749/5749 5750/5750 5751/5751
f 5750/5750 5749/5749 5752/5752
f 5737/5737 5753/5753 5738/5738
f 5714/5714 5754/5754 5732/5732
f 5732/5732 5754/5754 5755/5755
f 5756/5756 5757/5757 5758/5758
f 5757/5757 5756/5756 5759/5759
f 5760/5760 5761/5761 5762/5762
f 5761/5761 5760/5760 5763/5763
f 5764/5764 5765/5765 5766/5766
f 5767/5767 5768/5768 5769/5769
f 5770/5770 5771/5771 5772/5772
f 5771/5771 5770/5770 5773/5773
f 5774/5774 5765/5765 5764/5764
f 5775/5775 5776/5776 5777/5777
f 5776/5776 5775/5775 5778/5778
f 5779/5779 5780/5780 5781/5781
f 5780/5780 5779/5779 5782/5782
f 5783/5783 5784/5784 5785/5785
f 5786/5786 5784/5784 5783/5783
f 5767/5767 5787/5787 5768/5768
f 5788/5788 5789/5789 5790/5790
f 5791/5791 5792/5792 5793/5793
f 5794/5794 5795/5795 5796/5796
f 5791/5791 5797/5797 5792/5792
f 5798/5798 5799/5799 5800/5800
f 5799/5799 5798/5798 5801/5801
f 5801/5801 5798/5798 5802/5802
f 5801/5801 5802/5802 5803/5803
f 5788/5788 5804/5804 5789/5789
f 5805/5805 5806/5806 5807/5807
f 5806/5806 5805/5805 5808/5808
f 5809/5809 5810/5810 5811/5811
f 5812/5812 5810/5810 5809/5809
f 5794/5794 5813/5813 5795/5795
f 5814/5814 5815/5815 5816/5816
f 5816/5816 5815/5815 5817/5817
f 5818/5818 5819/5819 5820/5820
f 5819/5819 5818/5818 5821/5821
f 5821/5821 5818/5818 5822/5822
f 5821/5821 5822/5822 5823/5823
f 5824/5824 5825/5825 5826/5826
f 5827/5827 5828/5828 5829/5829
f 5828/5828 5827/5827 5830/5830
f 5831/5831 5832/5832 5833/5833
f 5834/5834 5835/5835 5836/5836
f 5837/5837 5838/5838 5839/5839
f 5838/5838 5837/5837 5840/5840
f 5841/5841 5842/5842 5843/5843
f 5843/5843 5842/5842 5844/5844
f 5824/5824 5826/5826 5845/5845
f 5846/5846 5847/5847 5848/5848
f 5847/5847 5846/5846 5849/5849
f 5831/5831 5833/5833 5850/5850
f 5836/5836 5835/5835 5851/5851
f 5852/5852 5853/5853 5854/5854
f 5853/5853 5852/5852 5855/5855
f 5856/5856 5857/5857 5858/5858
f 5859/5859 5860/5860 5861/5861
f 5859/5859 5861/5861 5862/5862
f 5863/5863 5864/5864 5865/5865
f 5864/5864 5863/5863 5866/5866
f 5867/5867 5868/5868 5869/5869
f 5870/5870 5871/5871 5872/5872
f 5872/5872 5871/5871 5873/5873
f 5874/5874 5875/5875 5876/5876
f 5875/5875 5874/5874 5877/5877
f 5856/5856 5858/5858 5878/5878
f 5879/5879 5880/5880 5881/5881
f 5880/5880 5879/5879 5882/5882
f 5883/5883 5884/5884 5885/5885
f 5884/5884 5883/5883 5886/5886
f 5887/5887 5888/5888 5889/5889
f 5888/5888 5887/5887 5890/5890
f 5869/5869 5868/5868 5891/5891
f 5892/5892 5893/5893 5894/5894
f 5893/5893 5892/5892 5895/5895
f 5896/5896 5897/5897 5898/5898
f 5897/5897 5896/5896 5899/5899
f 5900/5900 5901/5901 5902/5902
f 5901/5901 5900/5900 5903/5903
f 5904/5904 5905/5905 5906/5906
f 5907/5907 5905/5905 5904/5904
f 5908/5908 5909/5909 5910/5910
f 5909/5909 5908/5908 5911/5911
f 5912/5912 5913/5913 5914/5914
f 5915/5915 5916/5916 5917/5917
f 5915/5915 5918/5918 5916/5916
f 5919/5919 5920/5920 5921/5921
f 5920/5920 5919/5919 5922/5922
f 5923/5923 5924/5924 5925/5925
f 5926/5926 5924/5924 5923/5923
f 5927/5927 5907/5907 5904/5904
f 5928/5928 5907/5907 5927/5927
f 5929/5929 5930/5930 5931/5931
f 5930/5930 5929/5929 5932/5932
f 5932/5932 5929/5929 5933/5933
f 5932/5932 5933/5933 5934/5934
f 5935/5935 5936/5936 5937/5937
f 5912/5912 5938/5938 5913/5913
f 5939/5939 5940/5940 5941/5941
f 5939/5939 5942/5942 5940/5940
f 5943/5943 5926/5926 5923/5923
f 5943/5943 5944/5944 5926/5926
f 5945/5945 5936/5936 5935/5935
f 5946/5946 5947/5947 5948/5948
f 5947/5947 5946/5946 5949/5949
f 5950/5950 5951/5951 5952/5952
f 5953/5953 5954/5954 5955/5955
f 5954/5954 5953/5953 5956/5956
f 5957/5957 5958/5958 5959/5959
f 5960/5960 5961/5961 5962/5962
f 5961/5961 5960/5960 5963/5963
f 5963/5963 5960/5960 5964/5964
f 5963/5963 5964/5964 5965/5965
f 5966/5966 5967/5967 5968/5968
f 5969/5969 5951/5951 5950/5950
f 5968/5968 5967/5967 5970/5970
f 5971/5971 5972/5972 5973/5973
f 5972/5972 5971/5971 5974/5974
f 5975/5975 5976/5976 5977/5977
f 5959/5959 5958/5958 5978/5978
f 5979/5979 5980/5980 5981/5981
f 5982/5982 5983/5983 5984/5984
f 5983/5983 5982/5982 5985/5985
f 5986/5986 5987/5987 5988/5988
f 5989/5989 5990/5990 5991/5991
f 5986/5986 5988/5988 5992/5992
f 5993/5993 5994/5994 5995/5995
f 5994/5994 5993/5993 5996/5996
f 5997/5997 5998/5998 5999/5999
f 5998/5998 5997/5997 6000/6000
f 6001/6001 6002/6002 6003/6003
f 6002/6002 6001/6001 6004/6004
f 5975/5975 5977/5977 6005/6005
f 5979/5979 5981/5981 6006/6006
f 6007/6007 6008/6008 6009/6009
f 6008/6008 6007/6007 6010/6010
f 6011/6011 6012/6012 6013/6013
f 6012/6012 6011/6011 6014/6014
f 6015/6015 5990/5990 5989/5989
f 6016/6016 6017/6017 6018/6018
f 6016/6016 6019/6019 6017/6017
f 6020/6020 6021/6021 6022/6022
f 6021/6021 6020/6020 6023/6023
f 6024/6024 6025/6025 6026/6026
f 6027/6027 6028/6028 6029/6029
f 6028/6028 6027/6027 6030/6030
f 6031/6031 6032/6032 6033/6033
f 6031/6031 6033/6033 6034/6034
f 6035/6035 6036/6036 6037/6037
f 6036/6036 6035/6035 6038/6038
f 6039/6039 6040/6040 6041/6041
f 6039/6039 6042/6042 6040/6040
f 6043/6043 6044/6044 6045/6045
f 6043/6043 6046/6046 6044/6044
f 6047/6047 6048/6048 6049/6049
f 6048/6048 6047/6047 6050/6050
f 6050/6050 6047/6047 6051/6051
f 6050/6050 6051/6051 6052/6052
f 6053/6053 6054/6054 6024/6024
f 6054/6054 6025/6025 6024/6024
f 6055/6055 6056/6056 6057/6057
f 6058/6058 6059/6059 6060/6060
f 6059/6059 6058/6058 6061/6061
f 6062/6062 6063/6063 6064/6064
f 6065/6065 6063/6063 6062/6062
f 6066/6066 6067/6067 6068/6068
f 6067/6067 6066/6066 6069/6069
f 6070/6070 6071/6071 6072/6072
f 6053/6053 6073/6073 6054/6054
f 6071/6071 6056/6056 6055/6055
f 6072/6072 6071/6071 6055/6055
f 6074/6074 6075/6075 6076/6076
f 6075/6075 6074/6074 6077/6077
f 6078/6078 6079/6079 6080/6080
f 6081/6081 6082/6082 6083/6083
f 6082/6082 6081/6081 6084/6084
f 6085/6085 6086/6086 6087/6087
f 6088/6088 6089/6089 6090/6090
f 6089/6089 6088/6088 6091/6091
f 6091/6091 6088/6088 6092/6092
f 6091/6091 6092/6092 6093/6093
f 6094/6094 6095/6095 6096/6096
f 6097/6097 6079/6079 6078/6078
f 6096/6096 6095/6095 6098/6098
f 6099/6099 6100/6100 6101/6101
f 6100/6100 6099/6099 6102/6102
f 6103/6103 6104/6104 6105/6105
f 6087/6087 6086/6086 6106/6106
f 6107/6107 6108/6108 6109/6109
f 6110/6110 6111/6111 6112/6112
f 6111/6111 6110/6110 6113/6113
f 6114/6114 6115/6115 6116/6116
f 6117/6117 6118/6118 6119/6119
f 6114/6114 6116/6116 6120/6120
f 6121/6121 6122/6122 6123/6123
f 6122/6122 6121/6121 6124/6124
f 6125/6125 6126/6126 6127/6127
f 6126/6126 6125/6125 6128/6128
f 6129/6129 6130/6130 6131/6131
f 6130/6130 6129/6129 6132/6132
f 6103/6103 6105/6105 6133/6133
f 6107/6107 6109/6109 6134/6134
f 6135/6135 6136/6136 6137/6137
f 6136/6136 6135/6135 6138/6138
f 6139/6139 6140/6140 6141/6141
f 6140/6140 6139/6139 6142/6142
f 6143/6143 6118/6118 6117/6117
f 6144/6144 6145/6145 6146/6146
f 6144/6144 6147/6147 6145/6145
f 6148/6148 6149/6149 6150/6150
f 6149/6149 6148/6148 6151/6151
f 6152/6152 6153/6153 6154/6154
f 6155/6155 6156/6156 6157/6157
f 6156/6156 6155/6155 6158/6158
f 6159/6159 6160/6160 6161/6161
f 6159/6159 6161/6161 6162/6162
f 6163/6163 6164/6164 6165/6165
f 6164/6164 6163/6163 6166/6166
f 6167/6167 6168/6168 6169/6169
f 6167/6167 6170/6170 6168/6168
f 6171/6171 6172/6172 6173/6173
f 6171/6171 6174/6174 6172/6172
f 6175/6175 6176/6176 6177/6177
f 6176/6176 6175/6175 6178/6178
f 6178/6178 6175/6175 6179/6179
f 6178/6178 6179/6179 6180/6180
f 6181/6181 6182/6182 6152/6152
f 6182/6182 6153/6153 6152/6152
f 6183/6183 6184/6184 6185/6185
f 6186/6186 6187/6187 6188/6188
f 6187/6187 6186/6186 6189/6189
f 6190/6190 6191/6191 6192/6192
f 6193/6193 6191/6191 6190/6190
f 6194/6194 6195/6195 6196/6196
f 6195/6195 6194/6194 6197/6197
f 6198/6198 6199/6199 6200/6200
f 6181/6181 6201/6201 6182/6182
f 6199/6199 6184/6184 6183/6183
f 6200/6200 6199/6199 6183/6183
f 6202/6202 6203/6203 6204/6204
f 6203/6203 6202/6202 6205/6205
f 6206/6206 6207/6207 6208/6208
f 6209/6209 6210/6210 6211/6211
f 6210/6210 6209/6209 6212/6212
f 6213/6213 6214/6214 6215/6215
f 6216/6216 6217/6217 6218/6218
f 6217/6217 6216/6216 6219/6219
f 6219/6219 6216/6216 6220/6220
f 6219/6219 6220/6220 6221/6221
f 6222/6222 6223/6223 6224/6224
f 6225/6225 6207/6207 6206/6206
f 6224/6224 6223/6223 6226/6226
f 6227/6227 6228/6228 6229/6229
f 6228/6228 6227/6227 6230/6230
f 6231/6231 6232/6232 6233/6233
f 6215/6215 6214/6214 6234/6234
f 6235/6235 6236/6236 6237/6237
f 6238/6238 6239/6239 6240/6240
f 6239/6239 6238/6238 6241/6241
f 6242/6242 6243/6243 6244/6244
f 6245/6245 6246/6246 6247/6247
f 6242/6242 6244/6244 6248/6248
f 6249/6249 6250/6250 6251/6251
f 6250/6250 6249/6249 6252/6252
f 6253/6253 6254/6254 6255/6255
f 6254/6254 6253/6253 6256/6256
f 6257/6257 6258/6258 6259/6259
f 6258/6258 6257/6257 6260/6260
f 6231/6231 6233/6233 6261/6261
f 6235/6235 6237/6237 6262/6262
f 6263/6263 6264/6264 6265/6265
f 6264/6264 6263/6263 6266/6266
f 6267/6267 6268/6268 6269/6269
f 6268/6268 6267/6267 6270/6270
f 6271/6271 6246/6246 6245/6245
f 6272/6272 6273/6273 6274/6274
f 6272/6272 6275/6275 6273/6273
f 6276/6276 6277/6277 6278/6278
f 6277/6277 6276/6276 6279/6279
f 6280/6280 6281/6281 6282/6282
f 6283/6283 6284/6284 6285/6285
f 6284/6284 6283/6283 6286/6286
f 6287/6287 6288/6288 6289/6289
f 6287/6287 6289/6289 6290/6290
f 6291/6291 6292/6292 6293/6293
f 6292/6292 6291/6291 6294/6294
f 6295/6295 6296/6296 6297/6297
f 6295/6295 6298/6298 6296/6296
f 6299/6299 6300/6300 6301/6301
f 6299/6299 6302/6302 6300/6300
f 6303/6303 6304/6304 6305/6305
f 6304/6304 6303/6303 6306/6306
f 6306/6306 6303/6303 6307/6307
f 6306/6306 6307/6307 6308/6308
f 6309/6309 6310/6310 6280/6280
f 6310/6310 6281/6281 6280/6280
f 6311/6311 6312/6312 6313/6313
f 6314/6314 6315/6315 6316/6316
f 6315/6315 6314/6314 6317/6317
f 6318/6318 6319/6319 6320/6320
f 6321/6321 6319/6319 6318/6318
f 6322/6322 6323/6323 6324/6324
f 6323/6323 6322/6322 6325/6325
f 6326/6326 6327/6327 6328/6328
f 6309/6309 6329/6329 6310/6310
f 6327/6327 6312/6312 6311/6311
f 6328/6328 6327/6327 6311/6311
f 6330/6330 6331/6331 6332/6332
f 6331/6331 6330/6330 6333/6333
f 6334/6334 6335/6335 6336/6336
f 6337/6337 6338/6338 6339/6339
f 6338/6338 6337/6337 6340/6340
f 6341/6341 6342/6342 6343/6343
f 6344/6344 6345/6345 6346/6346
f 6345/6345 6344/6344 6347/6347
f 6345/6345 6347/6347 6348/6348
f 6348/6348 6347/6347 6349/6349
f 6350/6350 6351/6351 6352/6352
f 6334/6334 6353/6353 6335/6335
f 6350/6350 6352/6352 6354/6354
f 6355/6355 6356/6356 6357/6357
f 6356/6356 6355/6355 6358/6358
f 6359/6359 6360/6360 6361/6361
f 6343/6343 6342/6342 6362/6362
f 6363/6363 6364/6364 6365/6365
f 6366/6366 6367/6367 6368/6368
f 6367/6367 6366/6366 6369/6369
f 6370/6370 6371/6371 6372/6372
f 6373/6373 6374/6374 6375/6375
f 6370/6370 6372/6372 6373/6373
f 6376/6376 6377/6377 6378/6378
f 6377/6377 6376/6376 6379/6379
f 6380/6380 6381/6381 6382/6382
f 6381/6381 6380/6380 6383/6383
f 6384/6384 6385/6385 6386/6386
f 6385/6385 6384/6384 6387/6387
f 6361/6361 6360/6360 6388/6388
f 6365/6365 6364/6364 6389/6389
f 6390/6390 6391/6391 6392/6392
f 6391/6391 6390/6390 6393/6393
f 6394/6394 6395/6395 6396/6396
f 6395/6395 6394/6394 6397/6397
f 6373/6373 6372/6372 6374/6374
f 6398/6398 6399/6399 6400/6400
f 6398/6398 6400/6400 6401/6401
f 6402/6402 6403/6403 6404/6404
f 6403/6403 6402/6402 6405/6405
f 6406/6406 6407/6407 6408/6408
f 6409/6409 6410/6410 6411/6411
f 6410/6410 6409/6409 6412/6412
f 6413/6413 6414/6414 6415/6415
f 6415/6415 6414/6414 6416/6416
f 6417/6417 6418/6418 6419/6419
f 6418/6418 6417/6417 6420/6420
f 6421/6421 6422/6422 6423/6423
f 6421/6421 6423/6423 6424/6424
f 6425/6425 6426/6426 6427/6427
f 6427/6427 6426/6426 6428/6428
f 6429/6429 6430/6430 6431/6431
f 6430/6430 6429/6429 6432/6432
f 6430/6430 6432/6432 6433/6433
f 6433/6433 6432/6432 6434/6434
f 6435/6435 6436/6436 6437/6437
f 6408/6408 6407/6407 6438/6438
f 6439/6439 6440/6440 6441/6441
f 6442/6442 6443/6443 6444/6444
f 6443/6443 6442/6442 6445/6445
f 6446/6446 6447/6447 6448/6448
f 6448/6448 6447/6447 6449/6449
f 6450/6450 6451/6451 6452/6452
f 6451/6451 6450/6450 6453/6453
f 6454/6454 6455/6455 6456/6456
f 6435/6435 6437/6437 6457/6457
f 6441/6441 6440/6440 6454/6454
f 6454/6454 6440/6440 6455/6455
f 6458/6458 6459/6459 6460/6460
f 6459/6459 6458/6458 6461/6461
f 6462/6462 6463/6463 6464/6464
f 6465/6465 6466/6466 6467/6467
f 6466/6466 6465/6465 6468/6468
f 6466/6466 6468/6468 6469/6469
f 6469/6469 6468/6468 6470/6470
f 6471/6471 6472/6472 6473/6473
f 6474/6474 6475/6475 6476/6476
f 6475/6475 6474/6474 6477/6477
f 6478/6478 6463/6463 6462/6462
f 6479/6479 6480/6480 6481/6481
f 6482/6482 6483/6483 6484/6484
f 6483/6483 6482/6482 6485/6485
f 6486/6486 6487/6487 6488/6488
f 6471/6471 6473/6473 6489/6489
f 6490/6490 6491/6491 6492/6492
f 6493/6493 6491/6491 6490/6490
f 6494/6494 6495/6495 6496/6496
f 6495/6495 6494/6494 6497/6497
f 6498/6498 6499/6499 6500/6500
f 6501/6501 6480/6480 6479/6479
f 6502/6502 6503/6503 6504/6504
f 6503/6503 6502/6502 6505/6505
f 6486/6486 6506/6506 6487/6487
f 6507/6507 6506/6506 6508/6508
f 6509/6509 6510/6510 6511/6511
f 6510/6510 6509/6509 6512/6512
f 6513/6513 6514/6514 6515/6515
f 6514/6514 6513/6513 6516/6516
f 6517/6517 6518/6518 6519/6519
f 6518/6518 6517/6517 6520/6520
f 6498/6498 6521/6521 6499/6499
f 6522/6522 6523/6523 6524/6524
f 6508/6508 6506/6506 6486/6486
f 6522/6522 6525/6525 6523/6523
f 6526/6526 6527/6527 6528/6528
f 6527/6527 6526/6526 6529/6529
f 6530/6530 6531/6531 6532/6532
f 6531/6531 6530/6530 6533/6533
f 6534/6534 6535/6535 6536/6536
f 6537/6537 6535/6535 6534/6534
f 6538/6538 6539/6539 6540/6540
f 6539/6539 6538/6538 6541/6541
f 6542/6542 6543/6543 6544/6544
f 6545/6545 6546/6546 6547/6547
f 6546/6546 6545/6545 6548/6548
f 6549/6549 6550/6550 6551/6551
f 6550/6550 6549/6549 6552/6552
f 6553/6553 6554/6554 6555/6555
f 6556/6556 6554/6554 6553/6553
f 6557/6557 6558/6558 6559/6559
f 6560/6560 6561/6561 6562/6562
f 6563/6563 6558/6558 6557/6557
f 6564/6564 6565/6565 6566/6566
f 6565/6565 6564/6564 6567/6567
f 6565/6565 6567/6567 6568/6568
f 6568/6568 6567/6567 6569/6569
f 6542/6542 6570/6570 6543/6543
f 6571/6571 6572/6572 6573/6573
f 6571/6571 6574/6574 6572/6572
f 6575/6575 6576/6576 6577/6577
f 6576/6576 6575/6575 6578/6578
f 6579/6579 6580/6580 6581/6581
f 6582/6582 6580/6580 6579/6579
f 6560/6560 6583/6583 6561/6561
f 6584/6584 6585/6585 6574/6574
f 6584/6584 6574/6574 6571/6571
f 6586/6586 6587/6587 6588/6588
f 6587/6587 6586/6586 6589/6589
f 6590/6590 6591/6591 6592/6592
f 6593/6593 6594/6594 6595/6595
f 6594/6594 6593/6593 6596/6596
f 6597/6597 6598/6598 6599/6599
f 6600/6600 6601/6601 6602/6602
f 6601/6601 6600/6600 6603/6603
f 6601/6601 6603/6603 6604/6604
f 6604/6604 6603/6603 6605/6605
f 6606/6606 6607/6607 6608/6608
f 6590/6590 6609/6609 6591/6591
f 6606/6606 6608/6608 6610/6610
f 6611/6611 6612/6612 6613/6613
f 6612/6612 6611/6611 6614/6614
f 6615/6615 6616/6616 6617/6617
f 6599/6599 6598/6598 6618/6618
f 6619/6619 6620/6620 6621/6621
f 6622/6622 6623/6623 6624/6624
f 6623/6623 6622/6622 6625/6625
f 6626/6626 6627/6627 6628/6628
f 6629/6629 6630/6630 6631/6631
f 6626/6626 6628/6628 6629/6629
f 6632/6632 6633/6633 6634/6634
f 6633/6633 6632/6632 6635/6635
f 6636/6636 6637/6637 6638/6638
f 6637/6637 6636/6636 6639/6639
f 6640/6640 6641/6641 6642/6642
f 6641/6641 6640/6640 6643/6643
f 6617/6617 6616/6616 6644/6644
f 6621/6621 6620/6620 6645/6645
f 6646/6646 6647/6647 6648/6648
f 6647/6647 6646/6646 6649/6649
f 6650/6650 6651/6651 6652/6652
f 6651/6651 6650/6650 6653/6653
f 6629/6629 6628/6628 6630/6630
f 6654/6654 6655/6655 6656/6656
f 6654/6654 6656/6656 6657/6657
f 6658/6658 6659/6659 6660/6660
f 6659/6659 6658/6658 6661/6661
f 6662/6662 6663/6663 6664/6664
f 6665/6665 6666/6666 6667/6667
f 6666/6666 6665/6665 6668/6668
f 6669/6669 6670/6670 6671/6671
f 6671/6671 6670/6670 6672/6672
f 6673/6673 6674/6674 6675/6675
f 6674/6674 6673/6673 6676/6676
f 6677/6677 6678/6678 6679/6679
f 6677/6677 6679/6679 6680/6680
f 6681/6681 6682/6682 6683/6683
f 6683/6683 6682/6682 6684/6684
f 6685/6685 6686/6686 6687/6687
f 6686/6686 6685/6685 6688/6688
f 6686/6686 6688/6688 6689/6689
f 6689/6689 6688/6688 6690/6690
f 6691/6691 6692/6692 6693/6693
f 6664/6664 6663/6663 6694/6694
f 6695/6695 6696/6696 6697/6697
f 6698/6698 6699/6699 6700/6700
f 6699/6699 6698/6698 6701/6701
f 6702/6702 6703/6703 6704/6704
f 6704/6704 6703/6703 6705/6705
f 6706/6706 6707/6707 6708/6708
f 6707/6707 6706/6706 6709/6709
f 6710/6710 6711/6711 6712/6712
f 6691/6691 6693/6693 6713/6713
f 6697/6697 6696/6696 6710/6710
f 6710/6710 6696/6696 6711/6711
f 6714/6714 6715/6715 6716/6716
f 6715/6715 6714/6714 6717/6717
f 6718/6718 6719/6719 6720/6720
f 6721/6721 6722/6722 6723/6723
f 6722/6722 6721/6721 6724/6724
f 6725/6725 6726/6726 6727/6727
f 6728/6728 6729/6729 6730/6730
f 6729/6729 6728/6728 6731/6731
f 6729/6729 6731/6731 6732/6732
f 6732/6732 6731/6731 6733/6733
f 6734/6734 6735/6735 6736/6736
f 6718/6718 6737/6737 6719/6719
f 6734/6734 6736/6736 6738/6738
f 6739/6739 6740/6740 6741/6741
f 6740/6740 6739/6739 6742/6742
f 6743/6743 6744/6744 6745/6745
f 6727/6727 6726/6726 6746/6746
f 6747/6747 6748/6748 6749/6749
f 6750/6750 6751/6751 6752/6752
f 6751/6751 6750/6750 6753/6753
f 6754/6754 6755/6755 6756/6756
f 6757/6757 6758/6758 6759/6759
f 6754/6754 6756/6756 6757/6757
f 6760/6760 6761/6761 6762/6762
f 6761/6761 6760/6760 6763/6763
f 6764/6764 6765/6765 6766/6766
f 6765/6765 6764/6764 6767/6767
f 6768/6768 6769/6769 6770/6770
f 6769/6769 6768/6768 6771/6771
f 6745/6745 6744/6744 6772/6772
f 6749/6749 6748/6748 6773/6773
f 6774/6774 6775/6775 6776/6776
f 6775/6775 6774/6774 6777/6777
f 6778/6778 6779/6779 6780/6780
f 6779/6779 6778/6778 6781/6781
f 6757/6757 6756/6756 6758/6758
f 6782/6782 6783/6783 6784/6784
f 6782/6782 6784/6784 6785/6785
f 6786/6786 6787/6787 6788/6788
f 6787/6787 6786/6786 6789/6789
f 6790/6790 6791/6791 6792/6792
f 6793/6793 6794/6794 6795/6795
f 6794/6794 6793/6793 6796/6796
f 6797/6797 6798/6798 6799/6799
f 6799/6799 6798/6798 6800/6800
f 6801/6801 6802/6802 6803/6803
f 6802/6802 6801/6801 6804/6804
f 6805/6805 6806/6806 6807/6807
f 6805/6805 6807/6807 6808/6808
f 6809/6809 6810/6810 6811/6811
f 6811/6811 6810/6810 6812/6812
f 6813/6813 6814/6814 6815/6815
f 6814/6814 6813/6813 6816/6816
f 6814/6814 6816/6816 6817/6817
f 6817/6817 6816/6816 6818/6818
f 6819/6819 6820/6820 6821/6821
f 6792/6792 6791/6791 6822/6822
f 6823/6823 6824/6824 6825/6825
f 6826/6826 6827/6827 6828/6828
f 6827/6827 6826/6826 6829/6829
f 6830/6830 6831/6831 6832/6832
f 6832/6832 6831/6831 6833/6833
f 6834/6834 6835/6835 6836/6836
f 6835/6835 6834/6834 6837/6837
f 6838/6838 6839/6839 6840/6840
f 6819/6819 6821/6821 6841/6841
f 6825/6825 6824/6824 6838/6838
f 6838/6838 6824/6824 6839/6839

