# https://github.com/mikedh/trimesh
v -3.12700796 -2.23111261 0.42089877
v -3.34788055 -2.15087253 0.42085253
v -3.34768170 -2.23093364 0.42067585
v -3.12723866 -2.15088705 0.42079941
v -3.34828353 -2.15081998 0.42058594
v -3.12715025 -2.15087395 0.34042913
v -3.26755137 -2.15061080 0.34046027
v -3.12680220 -2.15089401 0.42085085
v -3.34774812 -2.15076810 0.42066926
v -3.54883694 -2.23116661 0.11966819
v -3.34806538 -2.23112539 0.42076616
v -3.54859439 -2.15074809 0.11969061
v -3.34800638 -2.15080519 0.42092257
v -3.26737196 -2.23129950 0.34073265
v -3.34767475 -2.23096113 0.42083642
v -3.26767169 -2.15054190 0.34080667
v -3.26732085 -2.15056560 0.34054085
v -3.34809833 -2.15078443 0.42090143
v -3.26783329 -2.23102517 0.34055287
v -3.34778252 -2.23128707 0.42068283
v -3.12710119 -2.23128470 0.42108101
v -3.26770187 -2.23103614 0.34043871
v -3.12676621 -2.23087173 0.34058662
v -3.34826337 -2.23108207 0.42090594
v -3.12686231 -2.23119317 0.34078374
v -3.12724779 -2.15089340 0.42094763
v -3.12702067 -2.23075863 0.42082382
v -3.12713382 -2.15084631 0.34030063
v -4.04023386 -2.15067915 -0.20204395
v -3.46815201 -2.15090883 0.03960478
v -3.96085577 -2.15052260 -0.28144016
v -3.54880605 -2.15074227 0.11980273
v -3.26759293 -2.15088079 0.34025916
v -3.34813037 -2.15070033 0.42095669
v -3.54871133 -2.23126887 0.11977646
v -4.04023431 -2.15090195 -0.20203734
v -4.04039513 -2.23102662 -0.20223679
v -3.54866596 -2.15079625 0.11966519
v -3.46825158 -2.23121646 0.03956032
v -4.03990156 -2.23095078 -0.20194715
v -3.96067749 -2.23095072 -0.28135585
v -3.54892069 -2.23111309 0.11950406
v -3.26785557 -2.23104784 0.34038730
v -3.34806873 -2.23126367 0.42083707
v -3.46830722 -2.23087138 0.03932236
v -3.26744685 -2.15055114 0.34067233
v -3.26801189 -2.23088694 0.34053791
v -3.46829642 -2.15072213 0.03938814
v -3.46831373 -2.15084321 0.03900930
v -3.96082617 -2.23122399 -0.28118926
v -3.96085599 -2.15076985 -0.28150929
v -3.46845138 -2.23109261 0.03907833
v -4.03997211 -2.15080128 -0.20233697
v -3.96120582 -2.23100561 -0.28141774
v -4.04010987 -2.23112986 -0.20183909
v -3.96081636 -2.15076933 -0.28161500
v -3.12730738 1.48336482 0.42097057
v -3.26812442 1.48336468 0.34054417
v -3.12747888 1.48318742 0.34023823
v -3.46874783 1.48289185 0.03928487
v -4.04060765 1.48303979 -0.20203774
v -3.96139309 1.48314029 -0.28128218
v -3.54931487 1.48344308 0.11968996
v -3.34852837 1.48289023 0.42057675
v -3.34826947 1.56351524 0.42074668
v -3.54896333 1.48300003 0.11953455
v -3.34852808 1.48330990 0.42068359
v -3.54933757 1.56325752 0.11975263
v -3.54910215 1.48313374 0.11965876
v -4.04078810 1.56344547 -0.20191090
v -4.04055122 1.48359588 -0.20226996
v -3.54913961 1.56349129 0.11972551
v -4.04057493 1.56343064 -0.20228330
v -3.96085140 1.48319991 -0.28170283
v -4.04068129 1.48332518 -0.20222234
v -3.96113425 1.56369010 -0.28139365
v -3.46899677 1.56335708 0.03920858
v -3.96160417 1.48341247 -0.28110459
v -3.96156818 1.56332790 -0.28166168
v -3.46907830 1.48269759 0.03913523
v -3.46870338 1.48315541 0.03946639
v -3.26821341 1.56381570 0.34051569
v -3.26819567 1.48363595 0.34042884
v -3.46912098 1.56355720 0.03931822
v -3.12740373 1.48305982 0.34061611
v -3.12743915 1.56341291 0.42082070
v -3.12771834 1.48360169 0.42067686
v -3.12765570 1.56334696 0.34042525
v -3.12758154 1.48333999 0.42069239
v -3.34848052 1.56328873 0.42065641
v -3.34799269 1.48338534 0.42066404
v -3.12780236 1.56336185 0.42079003
v -4.04056797 1.56340027 -0.20235278
v -3.46868257 1.56359862 0.03926255
v -3.96139646 1.56343605 -0.28185530
v -3.54921666 1.56334618 0.11946539
v -3.26823850 1.56364516 0.34028854
v -3.34868757 1.56362975 0.42091873
v -3.12773959 1.56361698 0.34043429
v -3.12753060 1.56331452 0.42093175
v 3.38824398 -6.00552362 0.42088424
v 3.30711123 -5.78472057 0.42078743
v 3.30771243 -6.00573385 0.42080083
v 3.38811278 -5.78480754 0.42071481
v 3.38824837 -6.61872701 -0.28119847
v 3.38807376 -6.20651095 0.11958251
v 3.38789186 -6.69764379 -0.20208767
v 3.38795210 -6.12624541 0.03937363
v 3.38820320 -6.00564815 0.42086102
v 3.38798207 -5.92530313 0.34043237
v 3.38809320 -5.78501417 0.42089848
v 3.38800630 -5.78470432 0.34042423
v 3.30778994 -5.78494167 0.42098885
v 3.38776192 -5.78493614 0.34051975
v 3.30797941 -5.78471767 0.34043956
v 3.38780810 -5.78479551 0.42078835
v 3.30801718 -6.20627439 0.11937702
v 3.30807293 -6.61860921 -0.28151515
v 3.30798140 -6.69776399 -0.20220630
v 3.30777310 -6.12592251 0.03948833
v 3.30750876 -6.00529785 0.42094867
v 3.30767393 -5.92545010 0.34031997
v 3.30775728 -5.78487126 0.42066480
v 3.30787135 -5.78470333 0.34041524
v 3.38816620 -6.00540251 0.42061014
v 3.30763677 -6.20622124 0.11974983
v 3.38808203 -6.20618479 0.11945014
v 3.30749152 -6.00577297 0.42081197
v 3.38791241 -6.69783654 -0.20230706
v 3.30763393 -6.20654420 0.11969154
v 3.30786864 -6.69783541 -0.20217974
v 3.38794808 -6.20628946 0.11964537
v 3.38830880 -6.69793741 -0.20208525
v 3.30781045 -6.61860348 -0.28127253
v 3.38780587 -6.61819232 -0.28159187
v 3.30788936 -6.69794166 -0.20195451
v 3.38798062 -6.12603635 0.03933244
v 3.30791936 -6.61859703 -0.28186138
v 3.30761077 -6.12603216 0.03925055
v 3.38817210 -6.61837532 -0.28139381
v 3.30748978 -5.92508478 0.34066028
v 3.38799482 -6.12571299 0.03926574
v 3.30754824 -6.12608847 0.03950234
v 3.38788897 -5.92499074 0.34033199
v 3.88010701 -2.23100041 0.11960612
v 3.67932714 -2.15103241 0.42101770
v 3.67913739 -2.23118065 0.42091680
v 3.88012450 -2.15065603 0.11996327
v 3.45849710 -2.15057084 0.42070303
v 3.59887265 -2.15069033 0.34047864
v 3.45836789 -2.15071303 0.34062159
v 3.79962426 -2.15084170 0.03918730
v 4.37113386 -2.15058925 -0.20215847
v 4.29221302 -2.15099884 -0.28168584
v 3.87977475 -2.15059354 0.11980880
v 3.67920301 -2.15091672 0.42077087
v 3.67909857 -2.23114791 0.42037696
v 3.45817559 -2.15081522 0.42104404
v 3.45834453 -2.23085838 0.42072727
v 3.67910604 -2.15143036 0.42086940
v 4.37137247 -2.23079820 -0.20222517
v 3.79965673 -2.23120770 0.03912960
v 4.29196426 -2.23114791 -0.28113964
v 3.87994910 -2.23122180 0.11965520
v 3.59889106 -2.23120284 0.34067118
v 3.67883479 -2.23112611 0.42090285
v 3.45809591 -2.23103079 0.34069600
v 3.45839311 -2.23137099 0.42067180
v 4.37148610 -2.23104122 -0.20214609
v 3.88002190 -2.15066411 0.11951418
v 3.87990057 -2.23106700 0.11954146
v 4.37125961 -2.15056846 -0.20230495
v 3.59917449 -2.15047203 0.34019743
v 3.79961773 -2.23103387 0.03919848
v 3.59873208 -2.23113007 0.34060417
v 3.79955631 -2.15048076 0.03937275
v 3.45830086 -2.15054335 0.42089642
v 3.45837911 -2.23114561 0.34078241
v 3.45845250 -2.23112443 0.42053100
v 3.45837972 -2.15097337 0.34019702
v 4.29203623 -2.23104402 -0.28115174
v 4.37132858 -2.15065002 -0.20234775
v 4.37127800 -2.23107010 -0.20200146
v 4.29210177 -2.15065034 -0.28144804
v 4.29214188 -2.15071489 -0.28157168
v 3.79967022 -2.23114383 0.03900890
v 3.79980005 -2.15084370 0.03918331
v 4.29201995 -2.23106778 -0.28111435
v 3.38801692 0.21842090 0.42102035
v 3.30782530 0.43937013 0.42071354
v 3.30786469 0.21833294 0.42097074
v 3.38787801 0.43906364 0.42100296
v 3.38801192 0.21828310 0.34049445
v 3.38793009 0.43941381 0.42058540
v 3.38801946 0.21840009 0.42077524
v 3.38791138 0.35873794 0.34055213
v 3.38787354 0.55976280 0.03907190
v 3.38795240 0.63997106 0.11942402
v 3.38815256 1.05211755 -0.28152815
v 3.38779254 1.13104881 -0.20213492
v 3.30754497 0.43896658 0.42075421
v 3.38842213 0.64001106 0.11975819
v 3.30777209 0.64009489 0.11940894
v 3.38797304 0.43923627 0.42078959
v 3.30770498 0.43908250 0.42074971
v 3.30760843 0.21794100 0.34028349
v 3.30781570 0.21860077 0.42109332
v 3.30775286 0.35903011 0.34063216
v 3.30762201 0.55937405 0.03932979
v 3.30744458 0.63991198 0.11973252
v 3.30750132 1.05212598 -0.28115069
v 3.30779677 1.13139506 -0.20199301
v 3.38833182 0.21836766 0.42099646
v 3.30772617 0.21825205 0.34053380
v 3.38794397 0.21824758 0.34038080
v 3.30735615 0.21836005 0.42058297
v 3.38802664 0.64020550 0.11954527
v 3.30764693 1.13153463 -0.20205278
v 3.30789876 0.63990612 0.11975573
v 3.38793064 1.13119633 -0.20204450
v 3.38794520 0.35900917 0.34087822
v 3.30745719 0.55953088 0.03951043
v 3.38802037 0.55984818 0.03915716
v 3.30779177 0.35885698 0.34050487
v 3.38809935 1.05191831 -0.28153447
v 3.30796886 0.55970425 0.03934230
v 3.30772951 1.05217976 -0.28154803
v 3.38787876 0.55987196 0.03934975
v 3.30787783 1.13120800 -0.20191507
v 3.38810169 1.05220044 -0.28126533
v 3.30760464 1.05181122 -0.28153458
v 3.38831484 1.13152414 -0.20220092
v 3.67909792 -0.37376867 0.42076463
v 3.45810240 -0.29341966 0.42087169
v 3.45790057 -0.37399252 0.42081639
v 3.67922776 -0.29360430 0.42068713
v 3.45829867 -0.29358064 0.42074812
v 3.59879331 -0.29342189 0.34032460
v 3.45825992 -0.29396639 0.34057130
v 3.79977847 -0.29353857 0.03947685
v 4.37135482 -0.29357273 -0.20206585
v 4.29203819 -0.29343246 -0.28142223
v 3.87970622 -0.29348861 0.11993859
v 3.67898872 -0.29364639 0.42067889
v 3.45825476 -0.29362189 0.42058662
v 3.45827183 -0.37418369 0.34038735
v 3.45812118 -0.37411621 0.42050733
v 3.45852009 -0.29354511 0.34016360
v 4.37118276 -0.37405177 -0.20225904
v 3.79940117 -0.37381548 0.03925902
v 4.29216016 -0.37385323 -0.28113632
v 3.87964776 -0.37365226 0.11984209
v 3.59895002 -0.37354529 0.34051558
v 3.67928418 -0.37406304 0.42098068
v 3.45834570 -0.37401541 0.34083265
v 3.45826732 -0.37393911 0.42075984
v 3.87982341 -0.37385248 0.11975413
v 3.67920672 -0.29402100 0.42095972
v 3.67908987 -0.37414229 0.42089261
v 3.88004207 -0.29380251 0.12004170
v 3.59865438 -0.29391693 0.34029018
v 3.79987674 -0.37396975 0.03926296
v 3.59884467 -0.37403952 0.34036711
v 3.79953478 -0.29351213 0.03949390
v 4.37110676 -0.37390091 -0.20201374
v 3.87976934 -0.29371288 0.11945952
v 3.87973463 -0.37392369 0.11950959
v 4.37138640 -0.29363441 -0.20207602
v 4.29203405 -0.37404589 -0.28137946
v 4.37128091 -0.29374659 -0.20207371
v 4.37140555 -0.37391437 -0.20186029
v 4.29197765 -0.29354320 -0.28143221
v 4.29212143 -0.29376717 -0.28117949
v 3.79967030 -0.37374286 0.03911470
v 3.79955927 -0.29377755 0.03923645
v 4.29196766 -0.37396057 -0.28136728
v -2.91624947 -7.46131283 0.42082273
v -2.91609747 -7.60192148 0.34048082
v -2.91625496 -7.68200912 0.42078105
v -2.91624527 -7.46138506 0.34048427
v -2.83607818 -7.68200127 0.42077453
v -2.91623607 -7.46136850 0.42092494
v -2.91612786 -7.68194392 0.42116103
v -2.83593400 -7.46102113 0.42077111
v -2.91617732 -7.46116012 0.42083552
v -2.83581613 -7.46127111 0.34048746
v -2.91615390 -7.46093084 0.34034098
v -2.83622482 -7.46130098 0.42080656
v -2.91621366 -7.80254330 0.03951975
v -2.91608081 -7.80256676 0.03924573
v -2.91630006 -7.88293262 0.11959319
v -2.83618610 -7.60184831 0.34041021
v -2.91627400 -7.68212896 0.42090309
v -2.91633089 -7.60184458 0.34057054
v -2.83596432 -7.68205090 0.42090265
v -2.83585531 -7.60173036 0.34044809
v -2.83581221 -7.46119159 0.42070792
v -2.83595030 -7.68228880 0.42063218
v -2.83623755 -7.46133346 0.34070215
v -2.83601758 -7.68195619 0.42079107
v -2.91635885 -7.88265160 0.11972716
v -2.83621581 -7.88270083 0.11945236
v -2.91627218 -7.68197599 0.42074192
v -2.91605711 -8.29487314 -0.28161189
v -2.91632102 -8.37416587 -0.20224072
v -2.83596116 -7.80242596 0.03937613
v -2.91639535 -7.88284458 0.11952907
v -2.91644420 -7.80274600 0.03937119
v -2.83592996 -7.88287263 0.11944052
v -2.83595580 -7.68225879 0.42063801
v -2.91627006 -7.60200127 0.34059166
v -2.91583026 -7.68201070 0.42061869
v -2.83597027 -7.60202980 0.34041805
v -2.91615854 -7.60167411 0.34030957
v -2.83587568 -7.80236682 0.03961466
v -2.91635889 -7.80270191 0.03933262
v -2.83641088 -7.60185992 0.34043573
v -2.83600147 -7.80282126 0.03928288
v -2.83605408 -7.80243297 0.03917128
v -2.83597212 -7.88291217 0.11972473
v -2.83634750 -8.37426913 -0.20201939
v -2.91630266 -7.88312676 0.11968477
v -2.91618684 -8.37425750 -0.20233770
v -2.83604812 -7.88292557 0.11948541
v -2.83624373 -7.80268617 0.03931336
v -2.91632677 -8.29501192 -0.28133651
v -2.91609399 -7.80219312 0.03944495
v -2.83615818 -8.29544001 -0.28136605
v -2.83591345 -8.29519207 -0.28130527
v -2.91636986 -8.37414587 -0.20219935
v -2.91617676 -8.29528848 -0.28142310
v -2.83594994 -8.37444894 -0.20183320
v -2.83601497 -7.88264303 0.11952043
v -2.91628081 -7.80236226 0.03937398
v -2.91621083 -7.88282943 0.11940404
v -2.83598990 -7.80271721 0.03935634
v -2.83601551 -8.29500670 -0.28136320
v -2.83593132 -8.37421841 -0.20225356
v -0.97894677 -7.80266877 0.03950130
v -1.05901754 -8.29490205 -0.28112947
v -1.05927518 -7.80247402 0.03914531
v -0.97882742 -8.29491908 -0.28109060
v -0.97890169 -8.29501511 -0.28116657
v -0.97901904 -7.88281348 0.11957948
v -0.97891819 -8.37414927 -0.20203465
v -0.97892323 -7.80249558 0.03935235
v -0.97897791 -7.80230098 0.03950434
v -0.97891458 -8.37427087 -0.20200549
v -1.05916175 -8.29530448 -0.28118437
v -0.97877052 -8.29468313 -0.28129904
v -1.05904792 -8.37369688 -0.20216181
v -1.05923744 -7.88283553 0.11981895
v -1.05927281 -8.29515001 -0.28128373
v -1.05960983 -8.37435479 -0.20200139
v -1.05917689 -7.80282833 0.03964293
v -1.05931351 -7.80264539 0.03926178
v -0.97875818 -7.88293481 0.11961718
v -1.05907006 -7.80257297 0.03933907
v -1.05947411 -7.88280039 0.11939769
v -0.97913128 -7.80232951 0.03911041
v -1.05904976 -7.60189997 0.34036816
v -0.97869176 -7.80273243 0.03938540
v -1.05901646 -7.80236548 0.03926784
v -0.97859841 -7.60148649 0.34074380
v -0.97867478 -7.68201230 0.42126419
v -0.97840179 -7.60189898 0.34063384
v -0.97867215 -8.37416160 -0.20210789
v -1.05899870 -7.88271809 0.11966688
v -1.05902324 -8.37394271 -0.20208062
v -0.97868159 -7.88270932 0.11990146
v -1.05887610 -7.68202424 0.42082611
v -1.05928251 -7.60172342 0.34030867
v -0.97894180 -7.80245071 0.03930692
v -1.05900128 -7.88297751 0.11982981
v -1.05905575 -7.80236162 0.03943528
v -0.97874457 -7.88295289 0.11963583
v -0.97863466 -7.68197109 0.42059337
v -1.05890949 -7.60180732 0.34061587
v -1.05919526 -7.68198101 0.42065954
v -0.97875052 -7.60182128 0.34043331
v -0.97886593 -7.68211226 0.42050298
v -1.05893422 -7.88271405 0.11955718
v -0.97900079 -7.88298078 0.11978775
v -1.05897585 -7.68213660 0.42094045
v -0.97894469 -7.46132230 0.42087035
v -0.97878788 -7.46131842 0.34006407
v -1.05896828 -7.46116702 0.42050260
v -1.05898003 -7.46122309 0.34052691
v -0.97861522 -7.60189455 0.34059901
v -1.05896618 -7.68196050 0.42106295
v -1.05897035 -7.60186498 0.34077891
v -0.97895561 -7.68216353 0.42063170
v -0.97878901 -7.68190732 0.42100687
v -1.05900272 -7.46132176 0.42069983
v -1.05917962 -7.68192878 0.42064131
v -0.97862860 -7.46122611 0.42082018
v -1.05882889 -7.46129953 0.42106722
v -0.97900571 -7.46135748 0.34021891
v -1.05920343 -7.46112404 0.34060301
v -0.97872110 -7.46117641 0.42059706
v 3.20657928 1.48326313 -0.20191987
v 2.63511784 1.48300236 0.03907039
v 3.12748722 1.48347469 -0.28139887
v 2.71530883 1.48311166 0.11955148
v 2.43441661 1.48310321 0.34033507
v 2.51465388 1.48329038 0.42091254
v 2.29392187 1.48313679 0.34020155
v 2.29369814 1.48325977 0.42057246
v 3.20684121 1.48311490 -0.20223993
v 2.71566661 1.56355999 0.11985891
v 2.71532519 1.48340026 0.11978243
v 3.20630263 1.56350907 -0.20188762
v 2.71560999 1.48313955 0.11959307
v 2.51445920 1.56355785 0.42049625
v 2.51451668 1.48339826 0.42079022
v 2.71542069 1.56350615 0.12008638
v 2.51485673 1.48308403 0.42107004
v 2.29381584 1.56364631 0.42069634
v 2.29367503 1.48334565 0.42066612
v 2.51454572 1.56367253 0.42060091
v 2.29359520 1.56361403 0.42046861
v 2.29370590 1.48315202 0.34025955
v 2.29364526 1.48332309 0.42084213
v 2.29367373 1.56361152 0.34073461
v 2.43415989 1.56353387 0.34081046
v 2.63527958 1.48334763 0.03929147
v 2.43424023 1.48340228 0.34059107
v 2.63516968 1.56344654 0.03903483
v 3.12762595 1.56340915 -0.28138629
v 2.63528950 1.48334873 0.03944390
v 2.63555220 1.56371693 0.03920094
v 3.12746439 1.48359883 -0.28147443
v 3.12759278 1.48350210 -0.28107996
v 3.20679026 1.56356384 -0.20241455
v 3.20664868 1.48315216 -0.20214432
v 3.12754648 1.56354912 -0.28100079
v 2.29390757 1.56357483 0.42079393
v 2.43434405 1.56372818 0.34031827
v 2.29380974 1.56334199 0.34049710
v 2.63519797 1.56367637 0.03952328
v 3.20690928 1.56379274 -0.20187995
v 3.12765240 1.56358578 -0.28168553
v 2.71553407 1.56352287 0.11935166
v 2.51460375 1.56368241 0.42058819
v 3.67991901 -4.08814971 0.42075469
v 3.45884603 -4.00781494 0.42055518
v 3.45920806 -4.08836335 0.42066565
v 3.67990704 -4.00782156 0.42101236
v 3.45904309 -4.00789016 0.42058089
v 3.59932832 -4.00791967 0.34047874
v 3.45852920 -4.00777937 0.34076868
v 3.67994739 -4.00812138 0.42086486
v 3.45851698 -4.00767231 0.42047086
v 3.45893771 -4.08803566 0.34069574
v 3.45892667 -4.08846488 0.42077578
v 3.45882513 -4.00789149 0.34064539
v 3.67981438 -4.08787661 0.42090219
v 3.45880515 -4.08795814 0.34042943
v 3.59945348 -4.08819847 0.34010128
v 3.45891554 -4.08818045 0.42075778
v 3.59938331 -4.08844146 0.34049526
v 3.67995383 -4.00798197 0.42070597
v 3.67960381 -4.08789395 0.42056781
v 3.59954686 -4.00793410 0.34080014
v 3.59962420 -4.00796722 0.34022595
v 3.59964383 -4.08798666 0.34029835
v 3.67982818 -4.00808537 0.42066384
v 3.67943770 -4.08807374 0.42083752
v 3.88057273 -4.08798758 0.11974149
v 3.67980153 -4.00782832 0.42061601
v 3.67969887 -4.08842850 0.42064332
v 3.88047550 -4.00777647 0.11997193
v 3.59922677 -4.00792383 0.34046983
v 3.88057816 -4.00785599 0.11969071
v 3.80001295 -4.00788712 0.03947158
v 3.67961945 -4.00762452 0.42075360
v 3.88038560 -4.08817930 0.11958789
v 3.59918001 -4.08823279 0.34074621
v 3.80050544 -4.08832249 0.03947373
v 3.67972657 -4.08818138 0.42100274
v 3.88063203 -4.00792698 0.11947658
v 3.79998694 -4.08823907 0.03937726
v 3.80025678 -4.00782290 0.03948605
v 3.88009220 -4.08807863 0.11945690
v 3.88067548 -4.08817263 0.11973517
v 3.88040102 -4.00790570 0.11932095
v 3.80035497 -4.08828332 0.03889423
v 3.80034937 -4.00767450 0.03917830
v 4.37203461 -4.08835279 -0.20252033
v 3.88043137 -4.00789849 0.11965275
v 3.88050790 -4.08817930 0.11966652
v 4.37179767 -4.00805231 -0.20218853
v 3.80011502 -4.00800281 0.03914069
v 4.37174351 -4.00793894 -0.20209314
v 4.29261878 -4.00798303 -0.28127671
v 3.88062579 -4.00783979 0.11934040
v 3.59933121 -4.00783555 0.34056706
v 3.80028608 -4.08817632 0.03918205
v 3.59960949 -4.08845393 0.34064506
v 3.80017062 -4.00819680 0.03925790
v 4.37203312 -4.08832603 -0.20234521
v 3.80012545 -4.08836412 0.03911620
v 4.29270195 -4.08809609 -0.28145684
v 3.88057756 -4.08829264 0.11961407
v 4.29264986 -4.08798081 -0.28128116
v 4.37166781 -4.00786703 -0.20218113
v 4.37175616 -4.08836772 -0.20214881
v 4.29261942 -4.00801927 -0.28159604
v 4.29234628 -4.00793135 -0.28133578
v 3.80053538 -4.08825808 0.03949299
v 3.80037155 -4.00796270 0.03933633
v 4.29255811 -4.08793407 -0.28161549
v -1.23979417 4.98692296 0.42077577
v -1.32019478 5.20771593 0.42088102
v -1.32000599 4.98674013 0.42091802
v -1.23963076 5.20749374 0.42073079
v -1.23964337 4.98677445 0.34052156
v -1.23967608 5.20783521 0.42065133
v -1.23999107 4.98650210 0.42110187
v -1.23996246 5.12720566 0.34045190
v -1.23961661 5.32774303 0.03931907
v -1.23958621 5.40853145 0.11970047
v -1.23983087 5.82076390 -0.28165665
v -1.23962491 5.89976964 -0.20204537
v -1.32005602 5.20771133 0.42094799
v -1.23997882 5.40813983 0.11965953
v -1.32009145 5.40837370 0.11989634
v -1.23988367 5.20780190 0.42085738
v -1.31970763 5.20744477 0.42070308
v -1.32017585 4.98691243 0.34034668
v -1.31982515 4.98695845 0.42093718
v -1.32002756 5.12698649 0.34051286
v -1.32033736 5.32797117 0.03935926
v -1.32015132 5.40850424 0.11961117
v -1.32035691 5.82029661 -0.28159064
v -1.32015257 5.89989226 -0.20205951
v -1.23973129 4.98648026 0.42118653
v -1.32010478 4.98709424 0.34033880
v -1.23988177 4.98712454 0.34030438
v -1.32003066 4.98663733 0.42065873
v -1.23942921 5.40818003 0.11978142
v -1.31991696 5.89951757 -0.20245801
v -1.32039539 5.40821396 0.11966951
v -1.23973197 5.89965401 -0.20216085
v -1.23962606 5.12737196 0.34054547
v -1.32020241 5.32816026 0.03935563
v -1.23991162 5.32793564 0.03952934
v -1.31979406 5.12715672 0.34013803
v -1.23969017 5.82032262 -0.28125790
v -1.32016245 5.32840106 0.03934419
v -1.31995037 5.82027091 -0.28184692
v -1.23976515 5.32807475 0.03944503
v -1.32019194 5.89947113 -0.20240881
v -1.23969587 5.82059021 -0.28152461
v -1.32018767 5.82035165 -0.28169367
v -1.23975458 5.89982567 -0.20218042
v 2.51443939 3.26002250 0.42101990
v 2.29418379 3.34041099 0.42066279
v 2.29350128 3.25979901 0.42077889
v 2.51471273 3.34040892 0.42075002
v 2.29357464 3.34010493 0.42081806
v 2.43423581 3.34058275 0.34024071
v 2.29411035 3.34025583 0.34051967
v 2.63521523 3.34030931 0.03899075
v 3.20671932 3.34061884 -0.20235579
v 3.12729461 3.34033007 -0.28143281
v 2.71526656 3.34024156 0.11955281
v 2.51460682 3.34039336 0.42091082
v 2.29389476 3.34042304 0.42107226
v 2.29401221 3.25957233 0.34042243
v 2.29356911 3.25994110 0.42092150
v 2.29379720 3.34029532 0.34070106
v 3.20654505 3.26003983 -0.20205238
v 2.63517734 3.25986247 0.03932092
v 3.12772425 3.26011463 -0.28131876
v 2.71551241 3.26007781 0.11942582
v 2.43432618 3.26012684 0.33996615
v 2.51480086 3.26011135 0.42061383
v 2.29370679 3.26002158 0.34055122
v 2.29376854 3.26024892 0.42086214
v 2.51454485 3.34028822 0.42083137
v 2.51479608 3.26016816 0.42077744
v 2.71548622 3.26005123 0.11976799
v 2.63501467 3.34046634 0.03901747
v 2.43445224 3.26009788 0.34048259
v 2.43401889 3.34062619 0.34063165
v 2.71548518 3.34044243 0.11947680
v 2.51476025 3.34062508 0.42059826
v 2.71590799 3.25998293 0.11976889
v 3.20666232 3.34043111 -0.20235465
v 2.71537167 3.34032846 0.11952383
v 3.20675440 3.26021724 -0.20235517
v 3.12739203 3.26006319 -0.28146500
v 3.20663286 3.34038826 -0.20223698
v 3.20685018 3.26004880 -0.20217675
v 3.12758878 3.34053606 -0.28114649
v 3.12757363 3.34019556 -0.28161505
v 2.63480293 3.25986037 0.03918332
v 2.63516951 3.34005450 0.03956176
v 3.20697081 3.26026189 -0.20222844
v 2.71552142 3.34020925 0.11988960
v 2.71526026 3.25997021 0.11986773
v 2.63559113 3.34035115 0.03925597
v 2.63475756 3.26033905 0.03937577
v 2.43406501 3.26019989 0.34058446
v 3.12754132 3.34027385 -0.28124334
v 3.12762913 3.26013612 -0.28116804
v 2.63537122 3.26018151 0.03942173
v 3.67949262 -5.94557866 0.42092739
v 3.45897696 -5.86499280 0.42093101
v 3.45877775 -5.94529999 0.42062765
v 3.67972470 -5.86492462 0.42067940
v 3.45919349 -5.86489066 0.42101919
v 3.59937172 -5.86530908 0.34036482
v 3.45896112 -5.86512500 0.34060030
v 3.67973931 -5.86517654 0.42094657
v 3.45909380 -5.86520015 0.42087654
v 3.45889560 -5.94534710 0.34046341
v 3.45866189 -5.94515992 0.42061858
v 3.45872525 -5.92461590 0.34051050
v 3.45873762 -5.86518778 0.34045435
v 3.67963227 -5.94528646 0.42059857
v 3.45892988 -5.94513986 0.34051406
v 3.59925943 -5.94551358 0.34048791
v 3.45876611 -5.94518893 0.42048644
v 3.67998616 -5.86541456 0.42078484
v 3.67953476 -5.86494272 0.42066328
v 3.67951668 -5.94545007 0.42072348
v 3.67938369 -5.94531830 0.42039486
v 3.59845436 -5.92477947 0.34063872
v 3.67961476 -5.86521026 0.42089973
v 3.67960772 -5.94565033 0.42077720
v 3.88026235 -5.94539582 0.11985928
v 3.59956639 -5.86507843 0.34045319
v 3.88043819 -5.86518446 0.11968949
v 3.80014716 -5.86514204 0.03936838
v 3.67937963 -5.86475428 0.42089615
v 3.59917560 -5.86505966 0.34029343
v 3.59816985 -5.92487317 0.34066174
v 3.45855110 -5.94545245 0.34020719
v 3.45886624 -5.92477742 0.34024738
v 3.59964550 -5.94513440 0.34038711
v 3.88057728 -5.94541835 0.11967098
v 3.59966082 -5.94543823 0.34077788
v 3.80012555 -5.94540919 0.03963692
v 3.67975023 -5.94573065 0.42082893
v 3.59919416 -5.94566940 0.34032435
v 3.59946081 -5.86526337 0.34024829
v 3.67964161 -5.94532658 0.42067616
v 3.67949770 -5.86543905 0.42066292
v 3.88063074 -5.86491255 0.11976158
v 3.67968529 -5.86505728 0.42100188
v 3.88034666 -5.94533330 0.11932034
v 3.80028649 -5.86515354 0.03913195
v 3.59838744 -5.92490902 0.34033684
v 3.59966160 -5.86525221 0.34037188
v 3.80006003 -5.86494859 0.03901913
v 4.37204086 -5.86511909 -0.20219792
v 4.29248069 -5.86510286 -0.28112149
v 3.88052602 -5.86523339 0.11957300
v 3.88057936 -5.86506459 0.11958793
v 3.80027360 -5.94533379 0.03914487
v 3.79985577 -5.86499574 0.03963163
v 3.88035461 -5.94541706 0.11985516
v 3.59969524 -5.86506792 0.34068792
v 3.59838376 -5.92481691 0.34014588
v 3.59925592 -5.94533244 0.34055020
v 3.80009005 -5.94553592 0.03905821
v 3.59912808 -5.94541393 0.34021952
v 4.37183099 -5.94552601 -0.20221604
v 3.80052581 -5.94538567 0.03926662
v 4.29260065 -5.94563806 -0.28114326
v 3.88063132 -5.94548190 0.11966863
v 3.59929537 -5.86501302 0.34025796
v 3.59945110 -5.94514471 0.34055468
v 3.67960673 -5.94523617 0.42111512
v 4.37195471 -5.94537755 -0.20227840
v 3.88056297 -5.86475995 0.11929613
v 3.88065279 -5.94536917 0.11988158
v 4.37181228 -5.86543756 -0.20181511
v 4.29243713 -5.94526095 -0.28138649
v 4.37182693 -5.86505591 -0.20223589
v 4.37186444 -5.94534265 -0.20201243
v 4.29265013 -5.86502588 -0.28114507
v 4.29247981 -5.86506710 -0.28128602
v 3.80034505 -5.94540422 0.03934007
v 3.80011613 -5.86487305 0.03927033
v 4.29274304 -5.94541057 -0.28136022
v 3.88028789 -5.94538427 0.11962569
v 3.79992730 -5.86520153 0.03924833
v 3.79991982 -5.94559553 0.03956731
v 3.88031991 -5.86522080 0.11939913
v -3.12682526 4.94668761 0.42084640
v -3.34788398 5.02676901 0.42074646
v -3.34800975 4.94664450 0.42090842
v -3.12687746 5.02719037 0.42091090
v -4.03991674 5.02701704 -0.20238705
v -3.46836591 5.02659976 0.03958715
v -3.96088987 5.02714464 -0.28118731
v -3.54877566 5.02657533 0.11944618
v -3.26740831 5.02679730 0.34023700
v -3.34793521 5.02713130 0.42106050
v -3.12710726 5.02690168 0.34058427
v -3.12727411 5.02676221 0.42072640
v -3.34783094 5.02676596 0.42056189
v -3.54863032 4.94642887 0.11942896
v -3.34810117 4.94649836 0.42103427
v -3.54871303 5.02702855 0.11926009
v -3.12716789 4.94632672 0.42074810
v -3.26745284 4.94644471 0.34027627
v -3.12687164 4.94640895 0.34052785
v -3.46847698 4.94662110 0.03926197
v -4.03989011 4.94663833 -0.20176296
v -3.96082140 4.94637359 -0.28155591
v -3.54878314 4.94659758 0.11951421
v -3.34764605 4.94656856 0.42063160
v -3.12710558 4.94642947 0.34051222
v -3.12719885 5.02706318 0.42073454
v -3.12706816 4.94668843 0.42066950
v -3.12702904 5.02714780 0.34055084
v -3.54863536 4.94645634 0.11946770
v -4.03973195 5.02682403 -0.20181657
v -4.04013539 4.94674346 -0.20216538
v -3.54861496 5.02705236 0.11970581
v -3.46823360 4.94627615 0.03924918
v -3.26724148 5.02681259 0.34053550
v -3.26760761 4.94643226 0.34023488
v -3.46855604 5.02712962 0.03931247
v -3.46856385 5.02670066 0.03947043
v -3.96096518 4.94643163 -0.28154853
v -3.96101692 5.02712406 -0.28138672
v -3.46842002 4.94643560 0.03944373
v -4.04001178 5.02689907 -0.20210863
v -3.96086736 4.94645559 -0.28165107
v -4.04010353 4.94689414 -0.20233687
v -3.96080738 5.02690626 -0.28116534
v 2.51511614 4.90631268 0.42064817
v 2.29400638 4.98672875 0.42112636
v 2.29395085 4.90626757 0.42076102
v 2.51475521 4.98677645 0.42060555
v 2.29351146 4.98642745 0.42089598
v 2.43434715 4.98638913 0.34039130
v 2.29350934 4.98664978 0.34033915
v 2.63508569 4.98667943 0.03935587
v 3.20680919 4.98690763 -0.20174520
v 3.12774139 4.98666197 -0.28123865
v 2.71536035 4.98655647 0.11948810
v 2.51473354 4.98689881 0.42116247
v 2.29405018 4.98680912 0.42067948
v 2.29384328 4.90646861 0.34046238
v 2.29413950 4.90624250 0.42067520
v 2.29389359 4.98702622 0.34018203
v 3.20665413 4.90659206 -0.20225598
v 2.63551482 4.90624224 0.03950341
v 3.12757571 4.90645469 -0.28154323
v 2.71519506 4.90650709 0.11954481
v 2.43422509 4.90619518 0.34030935
v 2.51489971 4.90622547 0.42070367
v 2.29415672 4.90630678 0.34048172
v 2.29389154 4.90632939 0.42067951
v 2.51489715 4.98674646 0.42068923
v 2.51444556 4.90618649 0.42062372
v 2.71510388 4.90657316 0.11964952
v 3.12767933 4.90614318 -0.28145189
v 3.20675950 4.98670596 -0.20217759
v 3.20658798 4.90655955 -0.20202559
v 3.12761251 4.98686460 -0.28116300
v 3.12783126 4.98672046 -0.28141556
v 2.63509377 4.90652628 0.03920925
v 2.63502673 4.98678536 0.03941231
v 2.63528379 4.98655259 0.03937545
v 2.43452923 4.90629890 0.34043819
v 2.43432315 4.98694536 0.34063204
v 2.71525864 4.98644122 0.11974040
v 2.51464972 4.98678174 0.42083769
v 2.71562886 4.90610887 0.11954173
v 3.20684094 4.98673230 -0.20230062
v 2.71539353 4.98659627 0.11964000
v 3.20691061 4.90633280 -0.20216877
v 3.20644714 4.90620251 -0.20183609
v 2.71519659 4.98691969 0.11958319
v 2.71513585 4.90662022 0.11984553
v 2.63509477 4.98683725 0.03926656
v 2.63518179 4.90640605 0.03928727
v 2.43446440 4.90644245 0.34039594
v 3.12764918 4.98660709 -0.28134116
v 3.12750793 4.90639461 -0.28110599
v 2.63506490 4.90613584 0.03958995
v 0.48692106 4.98658552 0.42075223
v 0.40640852 5.20783284 0.42091193
v 0.40666430 4.98672994 0.42045365
v 0.48667571 5.20772447 0.42035334
v 0.48685942 4.98652338 0.34058768
v 0.48683995 5.20785292 0.42084962
v 0.48689142 4.98653200 0.42089773
v 0.48726713 5.12696091 0.34031288
v 0.48714853 5.32811619 0.03927650
v 0.48700224 5.40840170 0.11952436
v 0.48676173 5.82061425 -0.28129849
v 0.48705128 5.89979379 -0.20224521
v 0.40681281 5.20752421 0.42071846
v 0.48674274 5.40811419 0.11973584
v 0.40638546 5.40823309 0.11978893
v 0.48701604 5.20757425 0.42057671
v 0.40654277 5.20741232 0.42062606
v 0.40649575 4.98666720 0.34039058
v 0.40653595 4.98692261 0.42089763
v 0.40678879 5.12739316 0.34052113
v 0.40635876 5.32780974 0.03932217
v 0.40649230 5.40819158 0.11970053
v 0.40676306 5.82046112 -0.28134118
v 0.40646935 5.89957128 -0.20181608
v 0.48666420 4.98666668 0.42071948
v 0.40654183 4.98686694 0.34064746
v 0.48684932 4.98687974 0.34035553
v 0.40661904 4.98698853 0.42069784
v 0.48690657 5.40859508 0.11949287
v 0.40657073 5.89963316 -0.20232861
v 0.40662710 5.40820657 0.11990717
v 0.48687598 5.89965051 -0.20213660
v 0.48688960 5.12721153 0.34049215
v 0.40646473 5.32794849 0.03941298
v 0.48651827 5.32789873 0.03932700
v 0.40661684 5.12717980 0.34050525
v 0.48681460 5.82016384 -0.28119945
v 0.40660450 5.32787255 0.03957019
v 0.40667241 5.82036868 -0.28117191
v 0.48696195 5.32816877 0.03922578
v 0.40646775 5.89954897 -0.20223311
v 0.48648896 5.82065214 -0.28155118
v 0.40665454 5.82025712 -0.28133605
v 0.48667482 5.89968207 -0.20240867
v 2.21342479 4.98735396 0.42082910
v 2.13323882 5.20796799 0.42042936
v 2.13306235 4.98715983 0.42103894
v 2.21361740 5.20816283 0.42069713
v 2.21340201 4.98735081 0.34042095
v 2.21346708 5.20842840 0.42063081
v 2.21347625 4.98720316 0.42068561
v 2.21328886 5.12800641 0.34024842
v 2.21337243 5.32862496 0.03911932
v 2.21349711 5.40885485 0.11959333
v 2.21349972 5.82078999 -0.28145051
v 2.21373597 5.90042954 -0.20223970
v 2.13339037 5.20795449 0.42056743
v 2.21318841 5.40871282 0.11970885
v 2.13315646 5.40917296 0.11977180
v 2.21346421 5.20807332 0.42075782
v 2.13337614 5.20804664 0.42079122
v 2.13308848 4.98745995 0.34042476
v 2.13310319 4.98699247 0.42095387
v 2.13311232 5.12778374 0.34041459
v 2.13317952 5.32825368 0.03919547
v 2.13303075 5.40925866 0.11985595
v 2.13328310 5.82143596 -0.28114756
v 2.13298744 5.90002337 -0.20209896
v 2.21351144 4.98727964 0.42065682
v 2.13351650 4.98718634 0.34066843
v 2.21376497 4.98714751 0.34057824
v 2.13347463 4.98748640 0.42091830
v 2.21359587 5.40891048 0.11984300
v 2.13330714 5.90025712 -0.20222178
v 2.13298613 5.40886862 0.11994178
v 2.21344275 5.90013017 -0.20218329
v 2.21348765 5.12770268 0.34058933
v 2.13326448 5.32877862 0.03942533
v 2.21355388 5.32823369 0.03935828
v 2.13310214 5.12797414 0.34049483
v 2.21339648 5.82093347 -0.28155864
v 2.13311965 5.32863473 0.03952107
v 2.13329666 5.82115784 -0.28121161
v 2.21346928 5.32882344 0.03910142
v 2.13323091 5.90014932 -0.20246933
v 2.21379807 5.82069227 -0.28124507
v 2.13350783 5.82098987 -0.28137852
v 2.21320806 5.90019508 -0.20190277
v 1.18949105 -6.98957138 0.42040761
v 0.96894124 -6.90902656 0.42074156
v 0.96890096 -6.98949780 0.42073625
v 1.18992988 -6.90924348 0.42083979
v 0.96876510 -6.90907869 0.42079269
v 1.10904356 -6.90911765 0.34044046
v 0.96861709 -6.90923308 0.34031455
v 1.18944340 -6.90902701 0.42079769
v 0.96900257 -6.90899479 0.42069296
v 0.96863862 -6.98943848 0.34042262
v 0.96872864 -6.98908787 0.42076644
v 0.96874992 -6.90929247 0.34023182
v 1.18955514 -6.98947899 0.42082510
v 0.96895307 -6.98949444 0.34036714
v 1.10942253 -6.98948204 0.34049021
v 0.96871050 -6.98909815 0.42051252
v 1.18944150 -6.90898692 0.42098403
v 1.10908960 -6.98921429 0.34040256
v 1.10913981 -6.90919935 0.34053935
v 1.18965800 -6.98955486 0.42082580
v 1.39029552 -6.98960760 0.11991117
v 1.18941719 -6.90907784 0.42059847
v 1.18950610 -6.98939472 0.42081841
v 1.39018911 -6.90911473 0.11968864
v 1.10950639 -6.90896248 0.34065860
v 1.39046387 -6.90920548 0.11957615
v 1.31021137 -6.90920885 0.03913763
v 1.18957038 -6.90939634 0.42066189
v 1.39016991 -6.98947820 0.11984824
v 1.10964486 -6.98931144 0.34032136
v 1.31018228 -6.98934006 0.03922370
v 1.18972375 -6.98948998 0.42069555
v 1.18958715 -6.98929611 0.42073056
v 1.10931916 -6.90939824 0.34052914
v 1.10918091 -6.98949651 0.34006180
v 1.18933730 -6.90938433 0.42089205
v 1.30990814 -6.98936446 0.03943287
v 1.39026827 -6.90926524 0.11983135
v 1.39040233 -6.98961422 0.11971027
v 1.30995095 -6.90901775 0.03946061
v 1.88156130 -6.98932826 -0.20264478
v 1.39044962 -6.90941990 0.12004944
v 1.39041762 -6.98951154 0.11981854
v 1.88156669 -6.90907508 -0.20219261
v 1.10926045 -6.90918764 0.34055333
v 1.30993834 -6.98939113 0.03942782
v 1.10916150 -6.98927121 0.34056122
v 1.31001203 -6.90918009 0.03931550
v 1.30998594 -6.90918006 0.03930159
v 1.88166158 -6.90907714 -0.20190991
v 1.80264876 -6.90895396 -0.28126764
v 1.39025876 -6.90927075 0.11959287
v 1.88189349 -6.98921092 -0.20238716
v 1.30976681 -6.98913204 0.03955992
v 1.80239365 -6.98942260 -0.28134515
v 1.39054184 -6.98949071 0.11972874
v 1.39040429 -6.90904499 0.11980540
v 1.31008536 -6.98962228 0.03947325
v 1.39027812 -6.98926090 0.11967451
v 1.30989884 -6.90905255 0.03921828
v 1.80254237 -6.98947684 -0.28118593
v 1.88157875 -6.90915582 -0.20226143
v 1.88156512 -6.98945453 -0.20210984
v 1.80259055 -6.90908638 -0.28142891
v 1.80223900 -6.90893861 -0.28143762
v 1.31012749 -6.98958643 0.03957471
v 1.31017572 -6.90924222 0.03938132
v 1.80272023 -6.98943908 -0.28163558
v -3.12750481 3.34067273 0.42052875
v -3.34827975 3.42063491 0.42077851
v -3.34841791 3.34036841 0.42093671
v -3.12777370 3.42065925 0.42063847
v -4.04065843 3.42116649 -0.20227971
v -3.46884402 3.42072432 0.03900626
v -3.96155012 3.42037233 -0.28139679
v -3.54945386 3.42052472 0.11937801
v -3.26802068 3.42077251 0.34072915
v -3.34847887 3.42079593 0.42098096
v -3.12723363 3.42046630 0.34034827
v -3.12774325 3.42044357 0.42091211
v -3.34832896 3.42044171 0.42061357
v -3.54918382 3.34028482 0.11967057
v -3.34847775 3.34054215 0.42098048
v -3.54953930 3.42089845 0.11955268
v -3.12776863 3.34046635 0.42063116
v -3.26834082 3.34030915 0.34070839
v -3.12788205 3.34019367 0.34020213
v -3.46911825 3.34034173 0.03910579
v -4.04052226 3.34038391 -0.20201965
v -3.96104145 3.34020244 -0.28144708
v -3.54933606 3.34029138 0.11969948
v -3.34835023 3.34028246 0.42101448
v -3.12762561 3.34034714 0.34033507
v -3.12746979 3.42079719 0.42079409
v -3.12793762 3.34032592 0.42089202
v -3.12764977 3.42065748 0.34056766
v -3.46922018 3.34049816 0.03901062
v -3.26811648 3.42076887 0.34039941
v -3.26805485 3.34044826 0.34039447
v -3.46898884 3.42080684 0.03937549
v -3.46881887 3.42074166 0.03923025
v -3.96153515 3.34019698 -0.28158887
v -3.96169300 3.42057567 -0.28152083
v -3.96134919 3.42063566 -0.28130956
v -4.04038703 3.34020369 -0.20218092
v -4.04063687 3.42052865 -0.20233726
v -3.54922595 3.34041007 0.11958660
v -4.04048047 3.42072523 -0.20197164
v -4.04056656 3.34039177 -0.20195355
v -3.54930742 3.42075015 0.11979765
v -3.96121017 3.42081147 -0.28126778
v -3.96140665 3.34052962 -0.28145072
v -4.04064341 3.34033115 -0.20204952
v -3.46865154 3.34058548 0.03953601
v -3.96124513 3.34039217 -0.28151118
v -3.46901517 3.42069672 0.03960778
v -3.12693285 -0.37387874 0.42088901
v -3.34812021 -0.29373901 0.42087821
v -3.34772819 -0.37403894 0.42088526
v -3.12734098 -0.29354588 0.42102932
v -3.34793112 -0.29373152 0.42123625
v -3.12702058 -0.29340009 0.34037388
v -3.26781669 -0.29388318 0.34064677
v -3.12730370 -0.29396047 0.42069084
v -3.34796237 -0.29367520 0.42058690
v -3.54881795 -0.37393111 0.11931116
v -3.34788170 -0.37384009 0.42102030
v -3.54860851 -0.29343759 0.11968163
v -3.34765010 -0.29360836 0.42113872
v -3.26752015 -0.37403300 0.34051222
v -3.34818679 -0.37373974 0.42074723
v -3.26741518 -0.29326314 0.34048332
v -3.12702246 -0.37396562 0.42085443
v -3.26725206 -0.37372764 0.34052163
v -3.12685294 -0.37428187 0.34050214
v -3.34836719 -0.37375413 0.42043290
v -3.12693799 -0.37409031 0.34090599
v -3.12723852 -0.29368406 0.42107326
v -3.12695523 -0.37390620 0.42075445
v -3.12701313 -0.29375384 0.34045413
v -4.04002922 -0.29350832 -0.20213098
v -3.46822628 -0.29387612 0.03955861
v -3.96073219 -0.29335763 -0.28128013
v -3.54870092 -0.29360612 0.11944038
v -3.26765713 -0.29359863 0.34050392
v -3.34816932 -0.29354814 0.42062617
v -3.54871968 -0.37379941 0.11951454
v -4.04004272 -0.29370252 -0.20205485
v -4.04021305 -0.37419783 -0.20248844
v -3.54832323 -0.29351711 0.11990004
v -3.46842873 -0.37375443 0.03925084
v -4.04023139 -0.37380012 -0.20219328
v -3.96076500 -0.37387111 -0.28128632
v -3.54871936 -0.37432358 0.11943465
v -3.26752585 -0.37361771 0.34047575
v -3.34766913 -0.37433473 0.42103967
v -3.26780795 -0.37410866 0.34043187
v -3.34784875 -0.29382816 0.42095775
v -3.34813712 -0.37391802 0.42064599
v -3.26758424 -0.29396412 0.34031918
v -3.46857384 -0.37378972 0.03895324
v -3.26733258 -0.29371465 0.34051307
v -3.26804210 -0.37407275 0.34062050
v -3.46811788 -0.29379387 0.03951252
v -3.46833768 -0.29352306 0.03928942
v -3.96055686 -0.37422376 -0.28127787
v -3.96055310 -0.29350198 -0.28141593
v -3.96072228 -0.29358618 -0.28141405
v -4.03984459 -0.37371790 -0.20237010
v -4.03971377 -0.29362095 -0.20217276
v -3.96065447 -0.29375676 -0.28129075
v -3.96086241 -0.37394638 -0.28132016
v -4.04001847 -0.37399501 -0.20194459
v -3.46827156 -0.37385778 0.03947142
v -3.96115459 -0.37378979 -0.28100183
v -3.46853822 -0.29321194 0.03902780
v -2.96655365 4.98680524 0.42069450
v -3.04690298 5.20770269 0.42086615
v -3.04661036 4.98664829 0.42045721
v -2.96634303 5.20789214 0.42071713
v -2.96630752 4.98646735 0.34036286
v -2.96663474 5.20769323 0.42059935
v -2.96616332 4.98677840 0.42080086
v -2.96631928 5.12745642 0.34054713
v -2.96657672 5.32804579 0.03925322
v -2.96634868 5.40828236 0.11964434
v -2.96626384 5.82033997 -0.28140387
v -2.96647669 5.89958428 -0.20171902
v -3.04656144 5.20756807 0.42068713
v -2.96638138 5.40855659 0.11961560
v -3.04661399 5.40805683 0.11969965
v -2.96621820 5.20770423 0.42068825
v -3.04657108 5.20751422 0.42074683
v -3.04665355 4.98654286 0.34092232
v -3.04678680 4.98635968 0.42097672
v -3.04669527 5.12723848 0.34056438
v -3.04664870 5.32801454 0.03944079
v -3.04668936 5.40850589 0.11955369
v -3.04681792 5.82057793 -0.28123781
v -3.04675800 5.89970259 -0.20198395
v -2.96657802 4.98649539 0.42092649
v -3.04669031 4.98657762 0.34043611
v -2.96656312 4.98660757 0.34070266
v -3.04674645 4.98650954 0.42088108
v -2.96635012 5.40833664 0.11962142
v -3.04667151 5.89981326 -0.20215941
v -3.04684890 5.40830889 0.11979521
v -2.96630967 5.89961560 -0.20167221
v -2.96602152 5.12707007 0.34065346
v -3.04692059 5.32803864 0.03958326
v -2.96630962 5.32783334 0.03941146
v -3.04716216 5.12698153 0.34048850
v -2.96657491 5.32829289 0.03934772
v -3.04654350 5.82049191 -0.28132731
v -2.96640933 5.82079853 -0.28111112
v -2.96662350 5.89964227 -0.20186378
v -2.96668772 5.82077738 -0.28127416
v -3.04692462 5.89931689 -0.20213344
v -3.04646629 5.89972425 -0.20205146
v -2.96635726 5.82043166 -0.28131350
v -3.04685947 5.82037735 -0.28150861
v -2.96650001 5.32796919 0.03935653
v -3.04681268 5.32775645 0.03914225
v -3.04679981 5.82056016 -0.28140343
v -3.12696400 -5.94564884 0.42098887
v -3.34797444 -5.86521238 0.42079807
v -3.34782320 -5.94543116 0.42090110
v -3.12732169 -5.86509533 0.42093444
v -3.34781842 -5.86512577 0.42084562
v -3.12673748 -5.86526602 0.34052411
v -3.26759870 -5.86496298 0.34029142
v -3.12676317 -5.86493419 0.42117620
v -3.34788458 -5.86517856 0.42049366
v -3.54876236 -5.94560411 0.11929707
v -3.34804159 -5.94543706 0.42076396
v -3.54825541 -5.86482015 0.11966312
v -3.34777845 -5.86514125 0.42072303
v -3.26753696 -5.94541214 0.34074620
v -3.34777318 -5.94556529 0.42054451
v -3.26759324 -5.86487900 0.34030729
v -3.26777376 -5.86468029 0.34048566
v -3.34795290 -5.86466605 0.42074293
v -3.26780685 -5.94537979 0.34027361
v -3.34816082 -5.94523358 0.42069928
v -3.12694737 -5.94557732 0.42075180
v -3.26782351 -5.94555014 0.34077113
v -3.12690435 -5.94528050 0.34047726
v -3.34795551 -5.94539797 0.42072036
v -3.12694321 -5.94540915 0.34051356
v -3.12658479 -5.86507910 0.42061137
v -3.12676443 -5.94556457 0.42062005
v -3.12672822 -5.86500461 0.34031342
v -4.04000518 -5.86484357 -0.20229530
v -3.46833077 -5.86467323 0.03930273
v -3.96108457 -5.86514146 -0.28143147
v -3.54877005 -5.86478795 0.11966591
v -3.26761262 -5.86498557 0.34050726
v -3.34821739 -5.86496572 0.42088346
v -3.54861858 -5.94527094 0.11981651
v -4.03979094 -5.86534349 -0.20227068
v -4.04019058 -5.94546913 -0.20208424
v -3.54898018 -5.86496779 0.11937950
v -3.46853147 -5.94559596 0.03924181
v -4.03996872 -5.94573490 -0.20188642
v -3.96096819 -5.94503483 -0.28164055
v -3.54854086 -5.94529923 0.11959197
v -3.26785709 -5.94547134 0.34069454
v -3.34775563 -5.94525102 0.42103913
v -3.46828599 -5.94540394 0.03946836
v -3.26750398 -5.86485026 0.34055989
v -3.26751823 -5.94522579 0.34048072
v -3.46854652 -5.86508453 0.03934009
v -3.46817969 -5.86497041 0.03924061
v -3.96076975 -5.94544312 -0.28146723
v -3.96067307 -5.86525196 -0.28120890
v -3.46842357 -5.94532201 0.03925728
v -4.04013181 -5.86518321 -0.20200521
v -3.96108965 -5.94537414 -0.28149206
v -4.04010605 -5.94509129 -0.20226163
v -3.96093035 -5.86533525 -0.28169547
v 1.93239893 -6.00574294 0.42090622
v 1.85216006 -5.78491474 0.42103518
v 1.85230880 -6.00562612 0.42092159
v 1.93272303 -5.78469851 0.42070092
v 1.93245840 -6.61851490 -0.28132327
v 1.93262899 -6.20632488 0.11935663
v 1.93230621 -6.69793261 -0.20208657
v 1.93239442 -6.12600413 0.03924161
v 1.93231818 -6.00546056 0.42085848
v 1.93239927 -5.92559010 0.34026731
v 1.93224255 -5.78477394 0.42063267
v 1.93261642 -5.78464067 0.34045332
v 1.85198521 -5.78484715 0.42083992
v 1.93244245 -5.78479901 0.34067519
v 1.85206849 -5.78478669 0.34057254
v 1.93248387 -5.78458455 0.42071000
v 1.85199733 -6.20626846 0.11965174
v 1.85225779 -6.61842401 -0.28125206
v 1.85196476 -6.69777179 -0.20223484
v 1.85204902 -6.12604217 0.03957499
v 1.85247282 -6.00576573 0.42078488
v 1.85199298 -5.92544365 0.34043584
v 1.85185752 -5.78470417 0.42060465
v 1.85209746 -5.78489621 0.34059335
v 1.93257168 -6.00552902 0.42078166
v 1.85185954 -6.20655331 0.11970395
v 1.93233780 -6.20643077 0.11971586
v 1.85247686 -6.00575290 0.42086322
v 1.93234427 -6.69794250 -0.20220255
v 1.85208452 -6.20644986 0.11971493
v 1.85207843 -6.69809775 -0.20205789
v 1.93251867 -6.20661560 0.11951846
v 1.93235900 -6.69764334 -0.20218696
v 1.85228411 -6.61866935 -0.28122799
v 1.93243924 -6.61860526 -0.28123112
v 1.85225848 -6.69766032 -0.20216665
v 1.93261253 -6.12586466 0.03927200
v 1.85214429 -6.61879516 -0.28148237
v 1.85228792 -6.12622107 0.03937899
v 1.93243264 -6.61827113 -0.28134619
v 1.85181517 -5.92538442 0.34055071
v 1.93253970 -6.12598561 0.03953428
v 1.85216837 -6.12637667 0.03921753
v 1.93247402 -5.92542780 0.34053838
v -3.12698176 -4.08796101 0.42067555
v -3.34809729 -4.00816065 0.42071366
v -3.34781497 -4.08825441 0.42067825
v -3.12721263 -4.00799159 0.42089538
v -3.34771299 -4.00774552 0.42091036
v -3.12697839 -4.00805601 0.34053319
v -3.26737356 -4.00793466 0.34060519
v -3.12702840 -4.00787403 0.42063900
v -3.34811035 -4.00811566 0.42046955
v -3.54854149 -4.08783316 0.11959599
v -3.34802962 -4.08816946 0.42105700
v -3.54866908 -4.00773961 0.11962902
v -3.34785935 -4.00820404 0.42085055
v -3.26777392 -4.08840216 0.34022178
v -3.34779833 -4.08784946 0.42067302
v -3.26766434 -4.00801238 0.34055474
v -3.26745653 -4.00795866 0.34041522
v -3.34819602 -4.00784764 0.42080570
v -3.26791942 -4.08842316 0.34031804
v -3.34797190 -4.08837731 0.42092152
v -3.12718656 -4.08831223 0.42061900
v -3.26750506 -4.08829994 0.34048247
v -3.12693716 -4.08823016 0.34045806
v -3.34777323 -4.08816632 0.42081178
v -3.12709263 -4.08820141 0.34036232
v -3.12678078 -4.00790552 0.42086724
v -3.12713516 -4.08826547 0.42090703
v -3.12735206 -4.00799744 0.34037515
v -4.04021003 -4.00783974 -0.20226768
v -3.46853907 -4.00778655 0.03901200
v -3.96063671 -4.00777577 -0.28170835
v -3.54872189 -4.00790501 0.11979939
v -3.26770762 -4.00798007 0.34060507
v -3.34804749 -4.00785604 0.42097583
v -3.54885800 -4.08817881 0.11964354
v -4.04019617 -4.00792741 -0.20218306
v -4.04015361 -4.08828835 -0.20230235
v -3.54861805 -4.00788466 0.11975607
v -3.46835005 -4.08819347 0.03923088
v -4.03991392 -4.08833210 -0.20204669
v -3.96088402 -4.08835687 -0.28130468
v -3.54841301 -4.08808649 0.11955608
v -3.26785006 -4.08847768 0.34052807
v -3.34787079 -4.08854852 0.42076621
v -3.46818809 -4.08823270 0.03931823
v -3.26781203 -4.00783821 0.34036439
v -3.26771421 -4.08803838 0.34031355
v -3.46840029 -4.00795425 0.03938748
v -3.46811167 -4.00795562 0.03941018
v -3.96082341 -4.08850608 -0.28118484
v -3.96068664 -4.00775335 -0.28154378
v -3.46834316 -4.08791315 0.03968922
v -4.04000947 -4.00790347 -0.20229953
v -3.96084225 -4.08835540 -0.28119588
v -4.04008886 -4.08824361 -0.20200858
v -3.96083000 -4.00778016 -0.28139723
v 0.87850552 -7.80272634 0.03932076
v 0.79782415 -8.29514249 -0.28148072
v 0.79838940 -7.80273416 0.03964503
v 0.87849085 -8.29492279 -0.28147925
v 0.87851635 -8.29468643 -0.28119598
v 0.87844731 -7.88286089 0.11974516
v 0.87840774 -8.37420795 -0.20198898
v 0.87832638 -7.80241142 0.03967256
v 0.87854058 -7.80263858 0.03929258
v 0.87855724 -8.37431018 -0.20182347
v 0.79803650 -8.29497641 -0.28128833
v 0.87892151 -8.29501389 -0.28145323
v 0.79800190 -8.37406455 -0.20185199
v 0.79790015 -7.88293200 0.11959424
v 0.79800482 -8.29475046 -0.28121144
v 0.79830374 -8.37425314 -0.20231520
v 0.79806037 -7.80268257 0.03935926
v 0.79824459 -7.80292121 0.03944606
v 0.87873654 -7.88307685 0.11968392
v 0.79787352 -7.80270336 0.03934253
v 0.79837143 -7.88260670 0.11964948
v 0.87855163 -7.80301723 0.03926519
v 0.79802724 -7.60167672 0.34035070
v 0.87823456 -7.80271165 0.03941804
v 0.79813100 -7.80261936 0.03947894
v 0.87835797 -7.60187590 0.34036555
v 0.87803407 -7.68205955 0.42090682
v 0.87846396 -7.60133052 0.34042233
v 0.87816745 -8.37387712 -0.20187362
v 0.79793879 -7.88288332 0.11954937
v 0.79815859 -8.37422945 -0.20200561
v 0.87854443 -7.88254467 0.11956222
v 0.79819730 -7.68191389 0.42083181
v 0.79833801 -7.60169842 0.34050445
v 0.87873412 -7.80268625 0.03952173
v 0.79794705 -7.88277429 0.11976610
v 0.79822747 -7.80231765 0.03921335
v 0.87817472 -7.88283828 0.11968461
v 0.87836829 -7.68167302 0.42081300
v 0.79785690 -7.60189014 0.34055930
v 0.79805380 -7.68188976 0.42093963
v 0.87853429 -7.60162865 0.34061669
v 0.87836199 -7.68182720 0.42097908
v 0.79795345 -7.88279923 0.11980360
v 0.87862204 -7.88279405 0.11977426
v 0.79774592 -7.68212830 0.42079315
v 0.87821282 -7.46122094 0.42074846
v 0.87818898 -7.46112711 0.34037122
v 0.79800426 -7.46105985 0.42068461
v 0.79830113 -7.46114252 0.34034267
v 0.87814056 -7.60175836 0.34035926
v 0.79787307 -7.68229762 0.42070566
v 0.79798994 -7.60174506 0.34027321
v 0.87829361 -7.68219007 0.42066656
v 0.87859725 -7.68204176 0.42114764
v 0.79820014 -7.46115919 0.42099992
v 0.79826312 -7.68235547 0.42065831
v 0.87834391 -7.46117336 0.42083830
v 0.79781289 -7.46115810 0.42086586
v 0.87823222 -7.46141446 0.34057525
v 0.79799543 -7.46107976 0.34064859
v 0.87844373 -7.46145854 0.42064392
vt -10.37500000 93.24980164
vt -11.37500000 95.99961090
vt -10.37500000 95.99961090
vt -11.37500000 93.24980164
vt -95.99961090 -26.50000000
vt -93.24983215 -25.50000000
vt -95.00019836 -25.50000000
vt -93.24980164 -26.50000000
vt -11.37500000 -26.50000000
vt -10.37500000 -22.75000000
vt -10.37500000 -26.50000000
vt -11.37500000 -22.75000000
vt -11.37500000 95.99961090
vt -10.37500000 95.00019836
vt -10.37500000 95.99961090
vt -11.37500000 95.00019836
vt -11.37500000 95.00019836
vt -11.37500000 95.99961090
vt -10.37500000 95.00019836
vt -10.37500000 95.99961090
vt -93.24980164 -26.50000000
vt -95.00019836 -25.50000000
vt -93.24983215 -25.50000000
vt -95.99961090 -26.50000000
vt 10.87500000 -25.50000000
vt 11.87500000 -26.50000000
vt 10.87500000 -26.50000000
vt 11.87500000 -25.50000000
vt -104.61840057 -18.74337006
vt -97.49990082 -21.75000000
vt -103.63200378 -17.75679970
vt -98.50000000 -22.75000000
vt -95.00006866 -25.49999046
vt -95.99967957 -26.50004005
vt -10.50000000 98.50000000
vt -11.50000000 104.61799622
vt -10.50000000 104.61799622
vt -11.50000000 98.50000000
vt -97.49990082 -21.75000000
vt -104.61840057 -18.74337006
vt -103.63200378 -17.75679970
vt -98.50000000 -22.75000000
vt -95.00006866 -25.49999046
vt -95.99967957 -26.50004005
vt -10.37500000 -21.75000000
vt -11.37500000 -25.50000000
vt -10.37500000 -25.50000000
vt -11.37500000 -21.75000000
vt -11.50000000 97.49990082
vt -10.50000000 103.63200378
vt -11.50000000 103.63200378
vt -10.50000000 97.49990082
vt -11.50000000 104.61799622
vt -10.50000000 103.63200378
vt -10.50000000 104.61799622
vt -11.50000000 103.63200378
vt -93.24973297 -26.50003052
vt -94.99980164 -25.50000000
vt -93.24980927 -25.50001907
vt -97.50009155 -21.75004959
vt -104.61789703 -18.74333000
vt -103.63169861 -17.75680923
vt -98.50000000 -22.75000000
vt -95.99971008 -26.50000000
vt -58.37500000 -26.50000000
vt -57.37500000 -22.75000000
vt -57.37500000 -26.50000000
vt -58.37500000 -22.75000000
vt -57.50000000 98.50000000
vt -58.50000000 104.61799622
vt -57.50000000 104.61799622
vt -58.50000000 98.50000000
vt -58.50000000 104.61799622
vt -57.50000000 103.63200378
vt -57.50000000 104.61799622
vt -58.50000000 103.63200378
vt -58.50000000 97.50000000
vt -57.50000000 103.63200378
vt -58.50000000 103.63200378
vt -57.50000000 97.50000000
vt -57.37500000 -21.75000000
vt -58.37500000 -25.50000000
vt -57.37500000 -25.50000000
vt -58.37500000 -21.75000000
vt 57.87500000 -25.50000000
vt 58.87500000 -26.50000000
vt 57.87500000 -26.50000000
vt 58.87500000 -25.50000000
vt -57.37500000 93.24980164
vt -58.37500000 95.99971008
vt -57.37500000 95.99971008
vt -58.37500000 93.24980164
vt -104.61830139 -18.74337006
vt -97.50000000 -21.75000000
vt -103.63200378 -17.75679970
vt -98.50000000 -22.75000000
vt -94.99961090 -25.49999046
vt -95.99961090 -26.50004005
vt -93.24949646 -25.49996948
vt -93.24944305 -26.50000000
vt -10.37500000 34.99969864
vt -11.37500000 32.24980164
vt -11.37500000 34.99969864
vt -10.37500000 32.24980164
vt -42.63172150 -17.75680923
vt -37.49950027 -22.75000000
vt -43.61790085 -18.74328041
vt -36.49959946 -21.75004959
vt -34.99969864 -26.50000000
vt -33.99980164 -25.50000000
vt -32.24974060 -26.50003052
vt -32.24982071 -25.50001907
vt 11.87500000 -26.50000000
vt 10.87500000 -25.50000000
vt 11.87500000 -25.50000000
vt 10.87500000 -26.50000000
vt -37.49950027 -22.75000000
vt -42.63172150 -17.75680923
vt -43.61790085 -18.74328041
vt -36.49959946 -21.75004959
vt -34.99969864 -26.50000000
vt -33.99980164 -25.50000000
vt -32.24974060 -26.50003052
vt -32.24982071 -25.50001907
vt -10.37500000 -26.50000000
vt -11.37500000 -22.75000000
vt -10.37500000 -22.75000000
vt -11.37500000 -26.50000000
vt -10.50000000 43.61790085
vt -11.50000000 37.49950027
vt -11.50000000 43.61790085
vt -10.50000000 37.49950027
vt -10.50000000 43.61790085
vt -11.50000000 42.63169861
vt -10.50000000 42.63169861
vt -11.50000000 43.61790085
vt -10.50000000 36.49950027
vt -11.50000000 42.63169861
vt -11.50000000 36.49950027
vt -10.50000000 42.63169861
vt -11.37500000 -25.50000000
vt -10.37500000 -21.75000000
vt -11.37500000 -21.75000000
vt -10.37500000 -25.50000000
vt 10.62500000 -22.75000000
vt 11.62500000 -26.50000000
vt 10.62500000 -26.50000000
vt 11.62500000 -22.75000000
vt 10.75020981 -26.50004959
vt 9.00022030 -25.50001907
vt 10.75022030 -25.50000954
vt 6.50010014 -21.75000000
vt -0.61797512 -18.74327087
vt 0.36820000 -17.75679970
vt 5.50010014 -22.75000000
vt 8.00041580 -26.50007057
vt 10.62500000 -8.00049973
vt 11.62500000 -10.75020027
vt 10.62500000 -10.75020027
vt 11.62500000 -8.00049973
vt -0.61797512 -18.74327087
vt 6.50010014 -21.75000000
vt 0.36820000 -17.75679970
vt 5.50010014 -22.75000000
vt 9.00022030 -25.50001907
vt 8.00041580 -26.50007057
vt 10.75022030 -25.50000954
vt 10.75020981 -26.50004959
vt 10.50000000 0.61790001
vt 11.50000000 -5.50010014
vt 10.50000000 -5.50010014
vt 11.50000000 0.61790001
vt 11.62500000 -25.50000000
vt 10.62500000 -21.75000000
vt 10.62500000 -25.50000000
vt 11.62500000 -21.75000000
vt -12.12500000 -26.50000000
vt -11.12500000 -25.50000000
vt -11.12500000 -26.50000000
vt -12.12500000 -25.50000000
vt 10.50000000 -0.36819994
vt 11.50000000 0.61790001
vt 10.50000000 0.61790001
vt 11.50000000 -0.36819994
vt 11.50000000 -0.36819994
vt 10.50000000 -6.50010014
vt 11.50000000 -6.50010014
vt 10.50000000 -0.36819994
vt 11.62500000 42.24980164
vt 12.62500000 44.99980164
vt 12.62500000 42.24980164
vt 11.62500000 44.99980164
vt -42.24983978 -25.50001907
vt -44.99980164 -26.50000000
vt -42.24982834 -26.50003052
vt -43.99980164 -25.50000000
vt -46.49982071 -21.75004959
vt -47.49980164 -22.75000000
vt -52.63190079 -17.75695992
vt -53.61791992 -18.74328041
vt 12.62500000 -26.50000000
vt 11.62500000 -22.75000000
vt 12.62500000 -22.75000000
vt 11.62500000 -26.50000000
vt -44.99980164 -26.50000000
vt -42.24983978 -25.50001907
vt -42.24982834 -26.50003052
vt -43.99980164 -25.50000000
vt -46.49982071 -21.75004959
vt -47.49980164 -22.75000000
vt -52.63190079 -17.75695992
vt -53.61791992 -18.74328041
vt -11.12500000 -26.50000000
vt -12.12500000 -25.50000000
vt -11.12500000 -25.50000000
vt -12.12500000 -26.50000000
vt 11.50000000 47.49980164
vt 12.50000000 53.61790085
vt 12.50000000 47.49980164
vt 11.50000000 53.61790085
vt 11.62500000 -25.50000000
vt 12.62500000 -21.75000000
vt 11.62500000 -21.75000000
vt 12.62500000 -25.50000000
vt 11.50000000 52.63190079
vt 12.50000000 46.49980164
vt 12.50000000 52.63190079
vt 11.50000000 46.49980164
vt 12.50000000 53.61790085
vt 11.50000000 52.63190079
vt 12.50000000 52.63190079
vt 11.50000000 53.61790085
vt 33.62500000 -8.00049973
vt 34.62500000 -10.75020027
vt 33.62500000 -10.75020027
vt 34.62500000 -8.00049973
vt 10.75020981 -26.50004959
vt 9.00022030 -25.50001907
vt 10.75022030 -25.50000954
vt 6.50010014 -21.75000000
vt -0.61797512 -18.74327087
vt 0.36820000 -17.75679970
vt 5.50010014 -22.75000000
vt 8.00041580 -26.50007057
vt -35.12500000 -26.50000000
vt -34.12500000 -25.50000000
vt -34.12500000 -26.50000000
vt -35.12500000 -25.50000000
vt -0.61797512 -18.74327087
vt 6.50010014 -21.75000000
vt 0.36820000 -17.75679970
vt 5.50010014 -22.75000000
vt 9.00022030 -25.50001907
vt 8.00041580 -26.50007057
vt 10.75022030 -25.50000954
vt 10.75020981 -26.50004959
vt 33.62500000 -22.75000000
vt 34.62500000 -26.50000000
vt 33.62500000 -26.50000000
vt 34.62500000 -22.75000000
vt 34.62500000 -25.50000000
vt 33.62500000 -21.75000000
vt 33.62500000 -25.50000000
vt 34.62500000 -21.75000000
vt 33.50000000 0.61790001
vt 34.50000000 -5.50010014
vt 33.50000000 -5.50010014
vt 34.50000000 0.61790001
vt 33.50000000 -0.36819994
vt 34.50000000 0.61790001
vt 33.50000000 0.61790001
vt 34.50000000 -0.36819994
vt 34.50000000 -0.36819994
vt 33.50000000 -6.50010014
vt 34.50000000 -6.50010014
vt 33.50000000 -0.36819994
vt -54.24980164 -26.50000000
vt -55.99959946 -25.50000000
vt -56.99959946 -26.50000000
vt -54.24972916 -25.50000000
vt -88.37500000 56.99959946
vt -89.37500000 54.24980164
vt -89.37500000 56.99959946
vt -88.37500000 54.24980164
vt 88.87500000 -26.50000000
vt 87.87500000 -25.50000000
vt 88.87500000 -25.50000000
vt 87.87500000 -26.50000000
vt -58.50000000 -21.75004959
vt -58.50000000 -21.75000000
vt -59.50000000 -22.75000000
vt -88.37500000 55.99959946
vt -89.37500000 56.99959946
vt -89.37500000 55.99959946
vt -88.37500000 56.99959946
vt -55.99959946 -25.50000000
vt -54.24980164 -26.50000000
vt -56.99959946 -26.50000000
vt -54.24972916 -25.50000000
vt -88.37500000 -26.50000000
vt -89.37500000 -22.75000000
vt -88.37500000 -22.75000000
vt -89.37500000 -26.50000000
vt -64.63179779 -17.75699997
vt -65.61807251 -18.74327087
vt -88.37500000 58.50000000
vt -89.37500000 59.50000000
vt -89.37500000 58.50000000
vt -88.37500000 59.50000000
vt -88.37500000 56.99959946
vt -89.37500000 55.99959946
vt -89.37500000 56.99959946
vt -88.37500000 55.99959946
vt -89.37500000 -25.50000000
vt -88.37500000 -21.75000000
vt -89.37500000 -21.75000000
vt -88.37500000 -25.50000000
vt -58.50000000 -21.75004959
vt -58.50000000 -21.75000000
vt -59.50000000 -22.75000000
vt -88.50000000 65.61789703
vt -89.50000000 59.50000000
vt -89.50000000 65.61789703
vt -88.50000000 59.50000000
vt -88.50000000 58.50000000
vt -89.50000000 64.63180542
vt -89.50000000 58.50000000
vt -88.50000000 64.63180542
vt -88.50000000 64.63180542
vt -89.50000000 65.61789703
vt -89.50000000 64.63180542
vt -88.50000000 65.61789703
vt -88.50000000 59.50000000
vt -89.50000000 58.50000000
vt -89.50000000 59.50000000
vt -88.50000000 58.50000000
vt -64.63179779 -17.75699997
vt -65.61807251 -18.74327087
vt -65.50000000 58.49980164
vt -66.50000000 64.63169861
vt -66.50000000 58.49980164
vt -65.50000000 64.63169861
vt -64.63169861 -17.75690079
vt -59.49980164 -22.75000000
vt -65.61747742 -18.74341965
vt -58.49980164 -21.75000000
vt -58.49950027 -21.75004959
vt -65.50000000 65.61769867
vt -66.50000000 64.63169861
vt -65.50000000 64.63169861
vt -66.50000000 65.61769867
vt -59.49980164 -22.75000000
vt -64.63169861 -17.75690079
vt -65.61747742 -18.74341965
vt -58.49980164 -21.75000000
vt -58.49950027 -21.75004959
vt -65.50000000 59.49980164
vt -66.50000000 58.49980164
vt -66.50000000 59.49980164
vt -65.50000000 58.49980164
vt -66.37500000 -25.50000000
vt -65.37500000 -21.75000000
vt -66.37500000 -21.75000000
vt -65.37500000 -25.50000000
vt -56.99990082 -26.50000000
vt -55.99959946 -25.50000000
vt -65.50000000 65.61769867
vt -66.50000000 59.49980164
vt -66.50000000 65.61769867
vt -65.50000000 59.49980164
vt -56.99990082 -26.50000000
vt -55.99959946 -25.50000000
vt -65.37500000 58.49980164
vt -66.37500000 59.49980164
vt -66.37500000 58.49980164
vt -65.37500000 59.49980164
vt -65.37500000 56.99990082
vt -66.37500000 55.99959946
vt -66.37500000 56.99990082
vt -65.37500000 55.99959946
vt -65.37500000 -26.50000000
vt -66.37500000 -22.75000000
vt -65.37500000 -22.75000000
vt -66.37500000 -26.50000000
vt -54.24980164 -26.50000000
vt -54.24953842 -25.50000000
vt -54.24980164 -26.50000000
vt -54.24953842 -25.50000000
vt -65.37500000 55.99959946
vt -66.37500000 56.99990082
vt -66.37500000 55.99959946
vt -65.37500000 56.99990082
vt -65.37500000 56.99990082
vt -66.37500000 54.24980164
vt -66.37500000 56.99990082
vt -65.37500000 54.24980164
vt 65.87500000 -26.50000000
vt 64.87500000 -25.50000000
vt 65.87500000 -25.50000000
vt 64.87500000 -26.50000000
vt 12.38220978 -18.74328041
vt 19.49978065 -21.75004959
vt 13.36830997 -17.75686073
vt 18.49990082 -22.75000000
vt 22.00020027 -25.50000000
vt 21.00020027 -26.50000000
vt 23.75011063 -25.50001907
vt 23.75013924 -26.50003052
vt 56.50000000 -12.38210011
vt 57.50000000 -18.49990082
vt 56.50000000 -18.49990082
vt 57.50000000 -12.38210011
vt 56.62522125 -22.74983978
vt 57.62540054 -26.49979973
vt 56.62540054 -26.49976921
vt 57.62522125 -22.74979973
vt 56.62500000 -21.00020027
vt 57.62500000 -23.75020027
vt 56.62500000 -23.75020027
vt 57.62500000 -21.00035095
vt -58.12500000 -26.50000000
vt -57.12500000 -25.50000000
vt -57.12500000 -26.50000000
vt -58.12500000 -25.50000000
vt 57.62500000 -25.50000000
vt 56.62500000 -21.75000000
vt 56.62500000 -25.50000000
vt 57.62500000 -21.75000000
vt 57.50000000 -13.36830044
vt 56.50000000 -19.49990082
vt 57.50000000 -19.49990082
vt 56.50000000 -13.36830044
vt 56.50000000 -13.36830044
vt 57.50000000 -12.38210011
vt 56.50000000 -12.38210011
vt 57.50000000 -13.36830044
vt 23.75024033 -26.50004959
vt 22.00024986 -25.50001907
vt 23.75027084 -25.50000954
vt 19.49990082 -21.75000000
vt 12.38206959 -18.74327087
vt 13.36830044 -17.75679970
vt 18.49990082 -22.75000000
vt 21.00027084 -26.50007057
vt -12.37500000 -8.00039959
vt -11.37500000 -10.75020027
vt -12.37500000 -10.75020027
vt -11.37500000 -8.00039959
vt 10.75020027 -26.50000000
vt 9.00020123 -25.50000000
vt 10.75018024 -25.50000000
vt 8.00039959 -26.50000000
vt 11.87500000 -26.50000000
vt 12.87500000 -25.50000000
vt 12.87500000 -26.50000000
vt 11.87500000 -25.50000000
vt 8.00039959 -26.50000000
vt 10.75018024 -25.50000000
vt 9.00020123 -25.50000000
vt 10.75020027 -26.50000000
vt -12.37500000 -9.00020027
vt -11.37500000 -8.00039959
vt -12.37500000 -8.00039959
vt -11.37500000 -9.00020027
vt -11.37500000 -9.00020027
vt -12.37500000 -9.00020027
vt -11.37500000 -8.00039959
vt -12.37500000 -8.00039959
vt -12.37500000 -22.75000000
vt -11.37500000 -26.50000000
vt -12.37500000 -26.50000000
vt -11.37500000 -22.75000000
vt 9.00020123 -25.50000000
vt 5.50019979 -22.75000000
vt 6.50029993 -21.75000000
vt 8.00034618 -26.50004959
vt 5.50019979 -22.75000000
vt 9.00020123 -25.50000000
vt 6.50029993 -21.75000000
vt 8.00034618 -26.50004959
vt -11.37500000 -5.50019979
vt -12.37500000 -6.50029993
vt -11.37500000 -6.50029993
vt -12.37500000 -5.50019979
vt -12.50000000 -5.50019979
vt -11.50000000 -5.50019979
vt -12.50000000 -6.50029993
vt -11.50000000 -6.50029993
vt -12.50000000 0.61790001
vt -11.50000000 -5.50019979
vt -12.50000000 -5.50019979
vt -11.50000000 0.61790001
vt 6.50029993 -21.75000000
vt -0.61797512 -18.74327087
vt 0.36829999 -17.75679970
vt 5.50019979 -22.75000000
vt -11.37500000 -25.50000000
vt -12.37500000 -21.75000000
vt -12.37500000 -25.50000000
vt -11.37500000 -21.75000000
vt -0.61797512 -18.74327087
vt 6.50029993 -21.75000000
vt 0.36829999 -17.75679970
vt 5.50019979 -22.75000000
vt -12.50000000 -0.36829996
vt -11.50000000 0.61790001
vt -12.50000000 0.61790001
vt -11.50000000 -0.36829996
vt -11.50000000 -0.36829996
vt -12.50000000 -6.50029993
vt -11.50000000 -6.50029993
vt -12.50000000 -0.36829996
vt 68.62500000 101.25000000
vt 69.62500000 104.00199890
vt 69.62500000 101.25000000
vt 68.62500000 104.00199890
vt -101.24960327 -25.50001907
vt -104.00199890 -26.50000000
vt -101.24990082 -26.50003052
vt -103.00000000 -25.50000000
vt -105.49949646 -21.75004959
vt -106.50000000 -22.75000000
vt -111.63110352 -17.75667000
vt -112.61789703 -18.74328041
vt 69.62500000 -26.50000000
vt 68.62500000 -22.75000000
vt 69.62500000 -22.75000000
vt 68.62500000 -26.50000000
vt -104.00199890 -26.50000000
vt -101.24960327 -25.50001907
vt -101.24990082 -26.50003052
vt -103.00000000 -25.50000000
vt -105.49949646 -21.75004959
vt -106.50000000 -22.75000000
vt -111.63110352 -17.75667000
vt -112.61789703 -18.74328041
vt -68.12500000 -26.50000000
vt -69.12500000 -25.50000000
vt -68.12500000 -25.50000000
vt -69.12500000 -26.50000000
vt 68.50000000 106.50000000
vt 69.50000000 112.61799622
vt 69.50000000 106.50000000
vt 68.50000000 112.61799622
vt 68.62500000 -25.50000000
vt 69.62500000 -21.75000000
vt 68.62500000 -21.75000000
vt 69.62500000 -25.50000000
vt 68.50000000 111.63200378
vt 69.50000000 105.50000000
vt 69.50000000 111.63200378
vt 68.50000000 105.50000000
vt 69.50000000 112.61799622
vt 68.50000000 111.63200378
vt 69.50000000 111.63200378
vt 68.50000000 112.61799622
vt 79.62500000 -21.00029945
vt 80.62500000 -23.75020027
vt 79.62500000 -23.75020027
vt 80.62500000 -21.00029945
vt 23.75024033 -26.50004959
vt 22.00024986 -25.50001907
vt 23.75027084 -25.50000954
vt 19.49990082 -21.75000000
vt 12.38206959 -18.74327087
vt 13.36830044 -17.75679970
vt 18.49990082 -22.75000000
vt 21.00027084 -26.50007057
vt -81.12500000 -26.50000000
vt -80.12500000 -25.50000000
vt -80.12500000 -26.50000000
vt -81.12500000 -25.50000000
vt 12.38232040 -18.74328041
vt 19.49991035 -21.75004959
vt 13.36855030 -17.75675964
vt 18.50020027 -22.75000000
vt 22.00009918 -25.50000000
vt 21.00029945 -26.50000000
vt 23.75012970 -25.50001907
vt 23.75013924 -26.50003052
vt 80.62500000 -26.50000000
vt 79.62500000 -26.50000000
vt 79.62500000 -22.75000000
vt 80.62500000 -21.75000000
vt 79.62500000 -25.50000000
vt 80.62500000 -25.50000000
vt 80.62500000 -22.75000000
vt 80.62500000 -26.50000000
vt 79.62500000 -22.75000000
vt 80.50000000 -12.38210011
vt 80.50000000 -18.49990082
vt 79.50000000 -12.38210011
vt 79.49996948 -13.36826038
vt 80.49996185 -12.38195038
vt 79.49996185 -12.38195992
vt 80.49996948 -13.36816978
vt 80.50000000 -13.36830044
vt 79.50000000 -19.49990082
vt 80.50000000 -19.49990082
vt 79.50000000 -12.38210011
vt 80.50000000 -18.49990082
vt 79.50000000 -18.50020027
vt 80.62500000 -21.75000000
vt 79.62500000 -21.75000000
vt 79.62500000 -25.50000000
vt 80.50000763 -13.36830044
vt 79.50000763 -13.36839962
vt 79.50000763 -19.49990082
vt -35.37500000 -8.00039959
vt -34.37500000 -10.75020027
vt -35.37500000 -10.75024986
vt -34.37500000 -8.00020123
vt 10.75020027 -26.50000000
vt 9.00020123 -25.50000000
vt 10.75020981 -25.50000000
vt 8.00020123 -26.50000000
vt 34.87500000 -26.50000000
vt 35.87500000 -25.50000000
vt 35.87500000 -26.50000000
vt 35.61764908 -25.50000000
vt 34.87500000 -25.50000000
vt 8.00039959 -26.50000000
vt 10.75020027 -25.50000000
vt 9.00022507 -25.50000000
vt 10.75020027 -26.50000000
vt -34.37500000 -8.00020218
vt -34.37500000 -8.00020123
vt -35.37500000 -8.00040054
vt -35.37500000 -8.00039959
vt -35.11750031 -9.01449966
vt -34.37500000 -26.50000000
vt -35.37500000 -26.50000000
vt -35.37500000 -22.75000000
vt 9.00020123 -25.50000000
vt 5.50019979 -22.75000000
vt 6.50029993 -21.75000000
vt 8.00019932 -26.50004959
vt -34.37500000 -9.00020027
vt -35.11750031 -9.01449966
vt -35.37500000 -10.75020027
vt -35.11750031 -10.75020027
vt -35.37500000 -9.00018978
vt 5.50019979 -22.75000000
vt 9.00020123 -25.50000000
vt 6.50029993 -21.75000000
vt 8.00034618 -26.50004959
vt -35.37500000 -9.00020027
vt -34.37500000 -9.00020027
vt -35.37500000 -8.00039959
vt -34.37500000 -8.00020123
vt -34.37500000 -22.75000000
vt -34.37500000 -26.50000000
vt -35.37500000 -22.75000000
vt -34.37500000 -21.75000000
vt -35.11750031 -25.50000000
vt -34.37500000 -25.50000000
vt 6.50029993 -21.75000000
vt -0.61797512 -18.74327087
vt 0.36829999 -17.75679970
vt 5.50019979 -22.75000000
vt -34.37500000 -5.50019979
vt -35.37500000 -6.50029993
vt -34.37500000 -6.50029993
vt -35.37500000 -5.50019979
vt -34.37500000 -9.00020027
vt -35.11750031 -9.01449966
vt -35.37500000 -9.00020027
vt -35.37500000 -21.75000000
vt -35.37500000 -25.50000000
vt -0.61797512 -18.74327087
vt 6.50029993 -21.75000000
vt 0.36829999 -17.75679970
vt 5.50019979 -22.75000000
vt -34.37500000 -9.00020027
vt -35.37500000 -9.00020027
vt -35.37500000 -8.00039959
vt -35.50000000 0.61790001
vt -34.50000000 -5.50019979
vt -35.50000000 -5.50019979
vt -34.50000000 0.61790001
vt -35.50000000 -0.36829996
vt -34.50000000 0.61790001
vt -35.50000000 0.61790001
vt -34.50000000 -0.36829996
vt -34.50000000 -0.36829996
vt -35.50000000 -6.50029993
vt -34.50000000 -6.50029993
vt -35.50000000 -0.36829996
vt -35.50000000 -5.50019979
vt -34.50000000 -6.50029993
vt -35.50000000 -6.50029993
vt -34.50000000 -5.50019979
vt -100.37500000 92.24980164
vt -101.37500000 94.99971008
vt -100.37500000 94.99971008
vt -101.37500000 92.24980164
vt -103.61789703 -18.74342918
vt -96.50009155 -21.75004959
vt -102.63169861 -17.75686073
vt -97.50000000 -22.75000000
vt -93.99980164 -25.50000000
vt -94.99971008 -26.50000000
vt -92.24980927 -25.50001907
vt -92.24973297 -26.50003052
vt -101.37500000 -26.50000000
vt -100.37500000 -22.75000000
vt -100.37500000 -26.50000000
vt -101.37500000 -22.75000000
vt -92.24973297 -26.50003052
vt -93.99980164 -25.50000000
vt -92.24980927 -25.50001907
vt -96.50009155 -21.75004959
vt -103.61789703 -18.74342918
vt -102.63169861 -17.75686073
vt -97.50000000 -22.75000000
vt -94.99971008 -26.50000000
vt 99.87500000 -25.50000000
vt 100.87500000 -26.50000000
vt 99.87500000 -26.50000000
vt 100.87500000 -25.50000000
vt -100.50000000 97.50000000
vt -101.50000000 103.61799622
vt -100.50000000 103.61799622
vt -101.50000000 97.50000000
vt -100.37500000 -21.75000000
vt -101.37500000 -25.50000000
vt -100.37500000 -25.50000000
vt -101.37500000 -21.75000000
vt -101.50000000 96.49971008
vt -100.50000000 102.63200378
vt -101.50000000 102.63200378
vt -100.50000000 96.49971008
vt -101.50000000 103.61799622
vt -100.50000000 102.63200378
vt -100.50000000 103.61799622
vt -101.50000000 102.63200378
vt 100.62500000 -21.00029945
vt 101.62500000 -23.75020027
vt 100.62500000 -23.75015068
vt 101.62500000 -21.00020027
vt 23.75013924 -26.50003052
vt 22.00020027 -25.50000000
vt 23.75011063 -25.50001907
vt 19.49978065 -21.75004959
vt 12.38220978 -18.74328041
vt 13.36830997 -17.75686073
vt 18.49990082 -22.75000000
vt 21.00020027 -26.50000000
vt -101.12500000 -26.50000000
vt -100.12500000 -25.50000000
vt -100.12500000 -26.50000000
vt -101.12500000 -25.50000000
vt 12.38232040 -18.74328041
vt 19.49991035 -21.75004959
vt 13.36855030 -17.75675964
vt 18.50020027 -22.75000000
vt 22.00009918 -25.50000000
vt 21.00029945 -26.50000000
vt 23.75012970 -25.50001907
vt 23.75013924 -26.50003052
vt 101.62500000 -26.50000000
vt 100.62500000 -26.50000000
vt 100.62500000 -22.75000000
vt 100.50000000 -13.36814022
vt 101.50000000 -12.38183022
vt 100.50000000 -12.38183975
vt 101.50000000 -13.36804008
vt 101.50000000 -13.36830044
vt 100.50000000 -19.49990082
vt 101.50000000 -19.49990082
vt 101.62500000 -21.75000000
vt 100.62500000 -25.50000000
vt 101.62500000 -25.50000000
vt 101.62500000 -22.75000000
vt 101.62500000 -26.50000000
vt 100.62500000 -22.75000000
vt 101.50000000 -12.38210011
vt 101.50000000 -18.49990082
vt 100.50000000 -12.38210011
vt 100.50000000 -12.38210011
vt 101.50000000 -18.49990082
vt 100.50000000 -18.50020027
vt 101.62500000 -21.75000000
vt 100.62500000 -21.75000000
vt 100.62500000 -25.50000000
vt 101.50000000 -13.36830044
vt 100.50000000 -13.36839962
vt 100.50000000 -19.49990082
vt 47.62500000 101.25000000
vt 48.62500000 104.00199890
vt 48.62500000 101.25000000
vt 47.62500000 104.00199890
vt -101.24960327 -25.50001907
vt -104.00199890 -26.50000000
vt -101.24990082 -26.50003052
vt -103.00000000 -25.50000000
vt -105.49949646 -21.75004959
vt -106.50000000 -22.75000000
vt -111.63110352 -17.75695992
vt -112.61789703 -18.74328041
vt 48.62500000 -26.50000000
vt 47.62500000 -22.75000000
vt 48.62500000 -22.75000000
vt 47.62500000 -26.50000000
vt -104.00199890 -26.50000000
vt -101.24960327 -25.50001907
vt -101.24990082 -26.50003052
vt -103.00000000 -25.50000000
vt -105.49949646 -21.75004959
vt -106.50000000 -22.75000000
vt -111.63110352 -17.75695992
vt -112.61789703 -18.74328041
vt -48.12500000 -26.50000000
vt -49.12500000 -25.50000000
vt -48.12500000 -25.50000000
vt -49.12500000 -26.50000000
vt 47.50000000 106.50000000
vt 48.50000000 112.61799622
vt 48.50000000 106.50000000
vt 47.50000000 112.61799622
vt 47.62500000 -25.50000000
vt 48.62500000 -21.75000000
vt 47.62500000 -21.75000000
vt 48.62500000 -25.50000000
vt 47.50000000 111.63200378
vt 48.50000000 105.50000000
vt 48.50000000 111.63200378
vt 47.50000000 105.50000000
vt 48.50000000 112.61799622
vt 47.50000000 111.63200378
vt 48.50000000 111.63200378
vt 47.50000000 112.61799622
vt 26.62500000 101.25000000
vt 27.62500000 104.00000000
vt 27.62500000 101.25000000
vt 26.62500000 104.00000000
vt -101.25000000 -25.50001907
vt -104.00000000 -26.50000000
vt -101.25000000 -26.50003052
vt -103.00000000 -25.50000000
vt -105.50000000 -21.75004959
vt -106.50000000 -22.75000000
vt -111.63140106 -17.75691032
vt -112.61759949 -18.74328041
vt 27.62500000 -26.50000000
vt 26.62500000 -22.75000000
vt 27.62500000 -22.75000000
vt 26.62500000 -26.50000000
vt -104.00000000 -26.50000000
vt -101.25000000 -25.50001907
vt -101.25000000 -26.50003052
vt -103.00000000 -25.50000000
vt -105.50000000 -21.75004959
vt -106.50000000 -22.75000000
vt -111.63140106 -17.75691032
vt -112.61759949 -18.74328041
vt -26.12500000 -26.50000000
vt -27.12500000 -25.50000000
vt -26.12500000 -25.50000000
vt -27.12500000 -26.50000000
vt 26.50000000 106.50000000
vt 27.50000000 112.61799622
vt 27.50000000 106.50000000
vt 26.50000000 112.61799622
vt 26.62500000 -25.50000000
vt 27.62500000 -21.75000000
vt 26.62500000 -21.75000000
vt 27.62500000 -25.50000000
vt 26.50000000 111.63200378
vt 27.50000000 105.50000000
vt 27.50000000 111.63200378
vt 26.50000000 105.50000000
vt 27.50000000 112.61799622
vt 26.50000000 111.63200378
vt 27.50000000 111.63200378
vt 26.50000000 112.61799622
vt -47.37500000 -39.00019836
vt -46.37500000 -41.75019836
vt -47.37500000 -41.75019836
vt -46.37500000 -39.00019836
vt 41.75019836 -26.50000000
vt 40.00030136 -25.50000000
vt 41.75022888 -25.50000000
vt 39.00019836 -26.50000000
vt 46.87500000 -26.50000000
vt 47.87500000 -25.50000000
vt 47.87500000 -26.50000000
vt 46.87500000 -25.50000000
vt 39.00019836 -26.50000000
vt 41.75022888 -25.50000000
vt 40.00030136 -25.50000000
vt 41.75019836 -26.50000000
vt -46.37500000 -39.00019836
vt -47.37500000 -40.00030136
vt -46.37500000 -40.00030136
vt -47.37500000 -39.00019836
vt -47.37500000 -22.75000000
vt -46.37500000 -26.50000000
vt -47.37500000 -26.50000000
vt -46.37500000 -22.75000000
vt 40.00030136 -25.50000000
vt 36.50009918 -22.75000000
vt 37.50000000 -21.75004959
vt 39.00019836 -26.50000000
vt 36.50009918 -22.75000000
vt 40.00030136 -25.50000000
vt 37.50000000 -21.75004959
vt 39.00019836 -26.50000000
vt -47.37500000 -39.00019836
vt -46.37500000 -40.00030136
vt -47.37500000 -40.00030136
vt -46.37500000 -39.00019836
vt -47.37500000 -37.49990082
vt -46.37500000 -36.50009918
vt -47.37500000 -36.50009918
vt -46.37500000 -37.49990082
vt -47.50000000 -30.38209915
vt -46.50000000 -36.50009918
vt -47.50000000 -36.50009918
vt -46.50000000 -30.38209915
vt -46.37500000 -25.50000000
vt -47.37500000 -21.75000000
vt -47.37500000 -25.50000000
vt -46.37500000 -21.75000000
vt 37.49990082 -21.75000000
vt 30.38212967 -18.74332047
vt 31.36820030 -17.75699997
vt 36.50009918 -22.75000000
vt 30.38212967 -18.74332047
vt 37.49990082 -21.75000000
vt 31.36820030 -17.75699997
vt 36.50009918 -22.75000000
vt -46.50000000 -36.50009918
vt -47.50000000 -37.49990082
vt -47.50000000 -36.50009918
vt -46.50000000 -37.49990082
vt -47.50000000 -31.36819839
vt -46.50000000 -30.38209915
vt -47.50000000 -30.38209915
vt -46.50000000 -31.36819839
vt -46.50000000 -31.36819839
vt -47.50000000 -37.49990082
vt -46.50000000 -37.49990082
vt -47.50000000 -31.36819839
vt -81.37500000 93.24980164
vt -82.37500000 95.99971008
vt -81.37500000 95.99971008
vt -82.37500000 93.24980164
vt -104.61840057 -18.74332047
vt -97.49971008 -21.75000000
vt -103.63200378 -17.75670052
vt -98.49980164 -22.75000000
vt -94.99925995 -25.50001907
vt -95.99935150 -26.50007057
vt -93.24903870 -25.50000954
vt -93.24900055 -26.50004959
vt -82.37500000 -26.50000000
vt -81.37500000 -22.75000000
vt -81.37500000 -26.50000000
vt -82.37500000 -22.75000000
vt -93.24944305 -26.50000000
vt -94.99961090 -25.49999046
vt -93.24949646 -25.49996948
vt -97.50000000 -21.75000000
vt -104.61830139 -18.74337006
vt -103.63200378 -17.75679970
vt -98.50000000 -22.75000000
vt -95.99961090 -26.50004005
vt 80.87500000 -25.50000000
vt 81.87500000 -26.50000000
vt 80.87500000 -26.50000000
vt 81.87500000 -25.50000000
vt -81.37500000 -21.75000000
vt -82.37500000 -25.50000000
vt -81.37500000 -25.50000000
vt -82.37500000 -21.75000000
vt -81.50000000 97.49971008
vt -80.50000000 103.63200378
vt -81.50000000 103.63200378
vt -81.50000000 103.63200378
vt -80.50000000 104.61799622
vt -81.50000000 104.61799622
vt -80.50000000 98.50000000
vt -81.50000000 104.61799622
vt -80.50000000 104.61820221
vt -81.50000000 98.49980164
vt -81.50000000 103.63200378
vt -80.50000000 103.63200378
vt -80.50000000 104.61799622
vt -80.50000763 97.50000763
vt -80.50000763 103.63200378
vt -81.50000763 97.49971771
vt -33.37500000 93.24980164
vt -34.37500000 95.99961090
vt -33.37500000 95.99961090
vt -34.37500000 93.24980164
vt -95.99961090 -26.50000000
vt -93.24983215 -25.50000000
vt -95.00019836 -25.50000000
vt -93.24980164 -26.50000000
vt -34.37500000 -26.50000000
vt -33.37500000 -22.75000000
vt -33.37500000 -26.50000000
vt -34.37500000 -22.75000000
vt -34.37500000 95.99981689
vt -33.37500000 95.00000763
vt -33.37500000 95.99961853
vt -34.37500000 95.00021362
vt -93.24980164 -26.50000000
vt -95.00000000 -25.50000000
vt -93.24963379 -25.50000000
vt -95.99961090 -26.50000000
vt 33.87500000 -25.50000000
vt 34.87500000 -26.50000000
vt 33.87500000 -26.50000000
vt 34.87500000 -25.50000000
vt -104.61840057 -18.74332047
vt -97.49990082 -21.75000000
vt -103.63200378 -17.75679970
vt -98.50000000 -22.75000000
vt -95.00006866 -25.49999046
vt -95.99967957 -26.50004005
vt -33.50000000 98.49980164
vt -34.50000000 104.61799622
vt -33.50000000 104.61779785
vt -34.50000000 98.50000000
vt -97.49980164 -21.75000000
vt -104.61830139 -18.74331093
vt -103.63200378 -17.75659943
vt -98.49980164 -22.75000000
vt -94.99977875 -25.49999046
vt -95.99929047 -26.50004005
vt -33.37500000 95.00000000
vt -34.37500000 95.99961090
vt -33.37500000 95.99961090
vt -34.37500000 95.00000000
vt -33.37500000 -21.75000000
vt -34.37500000 -25.50000000
vt -33.37500000 -25.50000000
vt -34.37500000 -21.75000000
vt -34.50001144 97.49992371
vt -33.50001144 103.63200378
vt -34.50001144 103.63200378
vt -34.50000000 103.63200378
vt -33.50000000 104.61799622
vt -34.50000000 104.61799622
vt -34.50000000 103.63200378
vt -33.50000000 103.63200378
vt -33.50000000 104.61799622
vt -33.50000000 97.49980164
vt -33.50000000 103.63200378
vt -34.50000000 97.49990082
vt 89.62500000 101.25000000
vt 90.62500000 104.00199890
vt 90.62500000 101.25000000
vt 89.62500000 104.00199890
vt -101.24960327 -25.50001907
vt -104.00199890 -26.50000000
vt -101.24990082 -26.50003052
vt -103.00000000 -25.50000000
vt -105.49949646 -21.75004959
vt -106.50000000 -22.75000000
vt -111.63110352 -17.75667000
vt -112.61789703 -18.74328041
vt 90.62500000 -26.50000000
vt 89.62500000 -22.75000000
vt 90.62500000 -22.75000000
vt 89.62500000 -26.50000000
vt -104.00109863 -26.50007057
vt -101.24949646 -25.50000954
vt -101.24939728 -26.50004959
vt -102.99960327 -25.50001907
vt -105.50000000 -21.75000000
vt -106.50000000 -22.75000000
vt -111.63200378 -17.75690079
vt -112.61830139 -18.74327087
vt -90.12500000 -26.50000000
vt -91.12500000 -25.50000000
vt -90.12500000 -25.50000000
vt -91.12500000 -26.50000000
vt 89.50000000 106.50000000
vt 90.50000000 112.61799622
vt 90.50000000 106.50000000
vt 89.50000000 112.61799622
vt 89.62500000 -25.50000000
vt 90.62500000 -21.75000000
vt 89.62500000 -21.75000000
vt 90.62500000 -25.50000000
vt 89.50003815 105.50000000
vt 90.50003815 111.63200378
vt 89.50003815 111.63200378
vt 89.50000000 112.61799622
vt 89.50000000 111.63200378
vt 90.50000000 112.61799622
vt 90.50002289 112.61799622
vt 89.50002289 111.63200378
vt 90.50002289 111.63200378
vt 89.50000000 105.50000000
vt 90.50000000 105.50000000
vt 90.50000000 111.63200378
vt 35.62500000 93.24980164
vt 34.62500000 96.00000000
vt 35.62500000 96.00000000
vt 34.62500000 93.24980164
vt -96.00000000 -26.50000000
vt -93.24938202 -25.50000000
vt -95.00000000 -25.50000000
vt -93.24980164 -26.50000000
vt 34.62500000 -26.50000000
vt 35.62500000 -22.75000000
vt 35.62500000 -26.50000000
vt 34.62500000 -22.75000000
vt 34.62500000 95.99961090
vt 35.62500000 95.00000000
vt 35.62500000 95.99961090
vt 34.62500000 95.00000000
vt 34.62498856 95.00036621
vt 34.62498856 95.99997711
vt 35.62498856 94.99997711
vt 35.62498856 95.99958801
vt -93.24980164 -26.50000000
vt -95.00000000 -25.50000000
vt -93.24963379 -25.50000000
vt -95.99961090 -26.50000000
vt -35.12500000 -25.50000000
vt -34.12500000 -26.50000000
vt -35.12500000 -26.50000000
vt -34.12500000 -25.50000000
vt -104.61789703 -18.74329948
vt -97.49980164 -21.75000000
vt -103.63159943 -17.75658989
vt -98.49980164 -22.75000000
vt -95.00000000 -25.50000000
vt -95.99951172 -26.50004959
vt 35.50000000 98.49980164
vt 34.50000000 104.61799622
vt 35.50000000 104.61799622
vt 34.50000000 98.49980164
vt -97.49980164 -21.75000000
vt -104.61830139 -18.74331093
vt -103.63200378 -17.75659943
vt -98.49980164 -22.75000000
vt -94.99977875 -25.49999046
vt -95.99929047 -26.50004005
vt 35.62500000 -21.75000000
vt 34.62500000 -25.50000000
vt 35.62500000 -25.50000000
vt 34.62500000 -21.75000000
vt 34.50000000 97.49980164
vt 35.50000000 103.63200378
vt 34.50000000 103.63200378
vt 35.50000000 97.49980164
vt 34.50000000 104.61799622
vt 35.50000000 103.63200378
vt 35.50000000 104.61799622
vt 34.50000000 103.63200378
vt -28.37500000 34.99969864
vt -29.37500000 32.24980164
vt -29.37500000 34.99969864
vt -28.37500000 32.24980164
vt -42.63172150 -17.75680923
vt -37.49950027 -22.75000000
vt -43.61790085 -18.74328041
vt -36.49959946 -21.75004959
vt -34.99969864 -26.50000000
vt -33.99980164 -25.50000000
vt -32.24974060 -26.50003052
vt -32.24982071 -25.50001907
vt 29.87500000 -26.50000000
vt 28.87500000 -25.50000000
vt 29.87500000 -25.50000000
vt 28.87500000 -26.50000000
vt -37.49950027 -22.75000000
vt -42.63172150 -17.75680923
vt -43.61790085 -18.74328041
vt -36.49959946 -21.75004959
vt -34.99969864 -26.50000000
vt -33.99980164 -25.50000000
vt -32.24974060 -26.50003052
vt -32.24982071 -25.50001907
vt -28.37500000 -26.50000000
vt -29.37500000 -22.75000000
vt -28.37500000 -22.75000000
vt -29.37500000 -26.50000000
vt -28.50000000 43.61790085
vt -29.50000000 37.49950027
vt -29.50000000 43.61790085
vt -28.50000000 37.49950027
vt -28.50000000 43.61790085
vt -29.50000000 42.63169861
vt -28.50000000 42.63169861
vt -29.50000000 43.61790085
vt -28.50000000 36.49950027
vt -29.50000000 42.63169861
vt -29.50000000 36.49950027
vt -28.50000000 42.63169861
vt -29.37500000 -25.50000000
vt -28.37500000 -21.75000000
vt -29.37500000 -21.75000000
vt -28.37500000 -25.50000000
vt 12.62500000 93.24980164
vt 11.62500000 95.99961090
vt 12.62500000 95.99961090
vt 11.62500000 93.24980164
vt -95.99961090 -26.50000000
vt -93.24983215 -25.50000000
vt -95.00019836 -25.50000000
vt -93.24980164 -26.50000000
vt 11.62500000 -26.50000000
vt 12.62500000 -22.75000000
vt 12.62500000 -26.50000000
vt 11.62500000 -22.75000000
vt 11.62500000 95.99961090
vt 12.62500000 95.00019836
vt 12.62500000 95.99961090
vt 11.62500000 95.00019836
vt 11.62500000 95.00019836
vt 11.62500000 95.99961090
vt 12.62500000 95.00019836
vt 12.62500000 95.99961090
vt -93.24980164 -26.50000000
vt -95.00019836 -25.50000000
vt -93.24983215 -25.50000000
vt -95.99961090 -26.50000000
vt -12.12500000 -25.50000000
vt -11.12500000 -26.50000000
vt -12.12500000 -26.50000000
vt -11.12500000 -25.50000000
vt -104.61840057 -18.74337006
vt -97.49990082 -21.75000000
vt -103.63200378 -17.75679970
vt -98.50000000 -22.75000000
vt -95.00006866 -25.49999046
vt -95.99967957 -26.50004005
vt 12.50000000 98.50000000
vt 11.50000000 104.61799622
vt 12.50000000 104.61799622
vt 11.50000000 98.50000000
vt -97.49990082 -21.75000000
vt -104.61840057 -18.74337006
vt -103.63200378 -17.75679970
vt -98.50000000 -22.75000000
vt -95.00006866 -25.49999046
vt -95.99967957 -26.50004005
vt 12.62500000 -21.75000000
vt 11.62500000 -25.50000000
vt 12.62500000 -25.50000000
vt 11.62500000 -21.75000000
vt 11.50000000 97.49990082
vt 12.50000000 103.63200378
vt 11.50000000 103.63200378
vt 12.50000000 97.49990082
vt 11.50000000 104.61799622
vt 12.50000000 103.63200378
vt 12.50000000 104.61799622
vt 11.50000000 103.63200378
vt -41.50000000 58.49980164
vt -42.50000000 64.63169861
vt -42.50000000 58.49980164
vt -41.50000000 64.63169861
vt -64.63169861 -17.75690079
vt -59.49980164 -22.75000000
vt -65.61747742 -18.74341965
vt -58.49980164 -21.75000000
vt -58.49950027 -21.75004959
vt -41.50000000 65.61769867
vt -42.50000000 64.63169861
vt -41.50000000 64.63169861
vt -42.50000000 65.61769867
vt -59.49980164 -22.75000000
vt -64.63169861 -17.75690079
vt -65.61747742 -18.74341965
vt -58.49980164 -21.75000000
vt -58.49950027 -21.75004959
vt -41.50000000 59.49980164
vt -42.50000000 58.49980164
vt -42.50000000 59.49980164
vt -41.50000000 58.49980164
vt -43.37500000 -25.50000000
vt -42.37500000 -21.75000000
vt -43.37500000 -21.75000000
vt -42.37500000 -25.50000000
vt -56.99990082 -26.50000000
vt -55.99959946 -25.50000000
vt -41.50000000 65.61769867
vt -42.50000000 59.49980164
vt -42.50000000 65.61769867
vt -41.50000000 59.49980164
vt -56.99990082 -26.50000000
vt -55.99959946 -25.50000000
vt -42.37500000 58.49980164
vt -43.37500000 59.49980164
vt -43.37500000 58.49980164
vt -42.37500000 59.49980164
vt -42.37500000 56.99990082
vt -43.37500000 55.99959946
vt -43.37500000 56.99990082
vt -42.37500000 55.99959946
vt -42.37500000 -26.50000000
vt -43.37500000 -22.75000000
vt -42.37500000 -22.75000000
vt -43.37500000 -26.50000000
vt -54.24980164 -26.50000000
vt -54.24953842 -25.50000000
vt -54.24980164 -26.50000000
vt -54.24953842 -25.50000000
vt -42.37500000 55.99959946
vt -43.37500000 56.99990082
vt -43.37500000 55.99959946
vt -42.37500000 56.99990082
vt -42.37500000 56.99990082
vt -43.37500000 54.24980164
vt -43.37500000 56.99990082
vt -42.37500000 54.24980164
vt 42.87500000 -26.50000000
vt 41.87500000 -25.50000000
vt 42.87500000 -25.50000000
vt 41.87500000 -26.50000000
f 1/1 2/2 3/3
f 2/2 1/1 4/4
f 5/5 6/6 7/7
f 6/6 5/5 8/8
f 9/9 10/10 11/11
f 10/10 9/9 12/12
f 13/13 14/14 15/15
f 14/14 13/13 16/16
f 21/21 22/22 23/23
f 22/22 21/21 24/24
f 25/25 26/26 27/27
f 26/26 25/25 28/28
f 29/29 30/30 31/31
f 30/30 29/29 32/32
f 30/30 32/32 33/33
f 33/33 32/32 34/34
f 35/35 36/36 37/37
f 36/36 35/35 38/38
f 39/39 40/40 41/41
f 40/40 39/39 42/42
f 42/42 39/39 43/43
f 42/42 43/43 44/44
f 19/19 18/18 20/20
f 18/18 19/19 17/17
f 45/45 46/46 47/47
f 46/46 45/45 48/48
f 49/49 50/50 51/51
f 50/50 49/49 52/52
f 53/53 54/54 55/55
f 54/54 53/53 56/56
f 57/57 58/58 59/59
f 60/60 61/61 62/62
f 61/61 60/60 63/63
f 63/63 60/60 58/58
f 63/63 58/58 64/64
f 64/64 58/58 57/57
f 65/65 66/66 67/67
f 66/66 65/65 68/68
f 69/69 70/70 71/71
f 70/70 69/69 72/72
f 73/73 74/74 75/75
f 74/74 73/73 76/76
f 77/77 78/78 79/79
f 78/78 77/77 80/80
f 81/81 82/82 83/83
f 82/82 81/81 84/84
f 85/85 86/86 87/87
f 86/86 85/85 88/88
f 89/89 90/90 91/91
f 90/90 89/89 92/92
f 93/93 94/94 95/95
f 94/94 93/93 96/96
f 94/94 96/96 97/97
f 97/97 96/96 98/98
f 97/97 98/98 99/99
f 99/99 98/98 100/100
f 101/101 102/102 103/103
f 102/102 101/101 104/104
f 105/105 106/106 107/107
f 106/106 105/105 108/108
f 106/106 108/108 109/109
f 109/109 108/108 110/110
f 109/109 110/110 111/111
f 111/111 110/110 112/112
f 113/113 114/114 115/115
f 114/114 113/113 116/116
f 117/117 118/118 119/119
f 118/118 117/117 120/120
f 120/120 117/117 121/121
f 120/120 121/121 122/122
f 122/122 121/121 123/123
f 122/122 123/123 124/124
f 125/125 126/126 127/127
f 126/126 125/125 128/128
f 129/129 130/130 131/131
f 130/130 129/129 132/132
f 133/133 134/134 135/135
f 134/134 133/133 136/136
f 137/137 138/138 139/139
f 138/138 137/137 140/140
f 141/141 142/142 143/143
f 142/142 141/141 144/144
f 145/145 146/146 147/147
f 146/146 145/145 148/148
f 149/149 150/150 151/151
f 152/152 153/153 154/154
f 153/153 152/152 155/155
f 155/155 152/152 150/150
f 155/155 150/150 156/156
f 156/156 150/150 149/149
f 157/157 158/158 159/159
f 158/158 157/157 160/160
f 161/161 162/162 163/163
f 162/162 161/161 164/164
f 162/162 164/164 165/165
f 165/165 164/164 166/166
f 165/165 166/166 167/167
f 167/167 166/166 168/168
f 169/169 170/170 171/171
f 170/170 169/169 172/172
f 173/173 174/174 175/175
f 174/174 173/173 176/176
f 177/177 178/178 179/179
f 178/178 177/177 180/180
f 181/181 182/182 183/183
f 182/182 181/181 184/184
f 185/185 186/186 187/187
f 186/186 185/185 188/188
f 189/189 190/190 191/191
f 190/190 189/189 192/192
f 193/193 194/194 195/195
f 194/194 193/193 196/196
f 194/194 196/196 197/197
f 194/194 197/197 198/198
f 198/198 197/197 199/199
f 198/198 199/199 200/200
f 201/201 202/202 203/203
f 202/202 201/201 204/204
f 205/205 206/206 207/207
f 206/206 205/205 208/208
f 208/208 205/205 209/209
f 209/209 205/205 210/210
f 209/209 210/210 211/211
f 211/211 210/210 212/212
f 213/213 214/214 215/215
f 214/214 213/213 216/216
f 217/217 218/218 219/219
f 218/218 217/217 220/220
f 221/221 222/222 223/223
f 222/222 221/221 224/224
f 225/225 226/226 227/227
f 226/226 225/225 228/228
f 229/229 230/230 231/231
f 230/230 229/229 232/232
f 233/233 234/234 235/235
f 234/234 233/233 236/236
f 237/237 238/238 239/239
f 240/240 241/241 242/242
f 241/241 240/240 243/243
f 243/243 240/240 238/238
f 243/243 238/238 244/244
f 244/244 238/238 237/237
f 245/245 246/246 247/247
f 246/246 245/245 248/248
f 249/249 250/250 251/251
f 250/250 249/249 252/252
f 250/250 252/252 253/253
f 253/253 252/252 254/254
f 253/253 254/254 255/255
f 255/255 254/254 256/256
f 257/257 258/258 259/259
f 258/258 257/257 260/260
f 261/261 262/262 263/263
f 262/262 261/261 264/264
f 265/265 266/266 267/267
f 266/266 265/265 268/268
f 269/269 270/270 271/271
f 270/270 269/269 272/272
f 273/273 274/274 275/275
f 274/274 273/273 276/276
f 277/277 278/278 279/279
f 278/278 277/277 280/280
f 281/281 282/282 283/283
f 282/282 281/281 284/284
f 285/285 286/286 287/287
f 286/286 285/285 288/288
f 279/279 289/289 291/291
f 289/289 279/279 278/278
f 292/292 293/293 294/294
f 293/293 292/292 295/295
f 296/296 297/297 298/298
f 297/297 296/296 299/299
f 300/300 301/301 302/302
f 301/301 300/300 303/303
f 291/291 304/304 305/305
f 304/304 291/291 290/290
f 306/306 307/307 308/308
f 307/307 306/306 309/309
f 310/310 311/311 312/312
f 311/311 310/310 313/313
f 314/314 315/315 316/316
f 315/315 314/314 317/317
f 318/318 298/298 320/320
f 298/298 318/318 296/296
f 321/321 322/322 323/323
f 322/322 321/321 324/324
f 325/325 326/326 327/327
f 326/326 325/325 328/328
f 329/329 330/330 331/331
f 330/330 329/329 332/332
f 333/333 334/334 335/335
f 334/334 333/333 336/336
f 337/337 320/320 338/338
f 320/320 337/337 319/319
f 339/339 340/340 341/341
f 340/340 339/339 342/342
f 343/343 344/344 345/345
f 344/344 343/343 346/346
f 348/348 349/349 350/350
f 349/349 348/348 351/351
f 352/352 353/353 354/354
f 353/353 352/352 355/355
f 357/357 358/358 359/359
f 358/358 357/357 360/360
f 361/361 362/362 363/363
f 362/362 361/361 364/364
f 347/347 365/365 344/344
f 365/365 347/347 366/366
f 367/367 368/368 369/369
f 368/368 367/367 370/370
f 371/371 356/356 352/352
f 356/356 371/371 372/372
f 373/373 374/374 375/375
f 374/374 373/373 376/376
f 377/377 378/378 379/379
f 378/378 377/377 380/380
f 381/381 382/382 383/383
f 382/382 381/381 384/384
f 366/366 385/385 365/365
f 385/385 366/366 386/386
f 387/387 372/372 371/371
f 372/372 387/387 388/388
f 389/389 390/390 391/391
f 390/390 389/389 392/392
f 393/393 394/394 395/395
f 394/394 393/393 396/396
f 397/397 398/398 399/399
f 398/398 397/397 400/400
f 401/401 402/402 403/403
f 402/402 401/401 404/404
f 402/402 404/404 405/405
f 405/405 404/404 406/406
f 405/405 406/406 407/407
f 407/407 406/406 408/408
f 409/409 410/410 411/411
f 410/410 409/409 412/412
f 413/413 414/414 415/415
f 414/414 413/413 416/416
f 417/417 418/418 419/419
f 418/418 417/417 420/420
f 421/421 422/422 423/423
f 422/422 421/421 424/424
f 425/425 426/426 427/427
f 426/426 425/425 428/428
f 429/429 430/430 431/431
f 430/430 429/429 432/432
f 433/433 434/434 435/435
f 434/434 433/433 436/436
f 437/437 438/438 439/439
f 440/440 441/441 442/442
f 441/441 440/440 443/443
f 443/443 440/440 438/438
f 443/443 438/438 444/444
f 444/444 438/438 437/437
f 445/445 446/446 447/447
f 446/446 445/445 448/448
f 449/449 450/450 451/451
f 450/450 449/449 452/452
f 453/453 454/454 455/455
f 454/454 453/453 456/456
f 457/457 458/458 459/459
f 458/458 457/457 460/460
f 461/461 462/462 463/463
f 462/462 461/461 464/464
f 469/469 470/470 471/471
f 470/470 469/469 472/472
f 473/473 474/474 475/475
f 474/474 473/473 476/476
f 477/477 478/478 479/479
f 478/478 477/477 480/480
f 467/467 466/466 468/468
f 466/466 467/467 465/465
f 481/481 482/482 483/483
f 482/482 481/481 484/484
f 489/489 490/490 491/491
f 490/490 489/489 492/492
f 493/493 494/494 495/495
f 494/494 493/493 496/496
f 497/497 498/498 499/499
f 498/498 497/497 500/500
f 501/501 502/502 503/503
f 502/502 501/501 504/504
f 485/485 488/488 487/487
f 488/488 485/485 486/486
f 505/505 506/506 507/507
f 506/506 505/505 508/508
f 509/509 510/510 511/511
f 510/510 509/509 512/512
f 513/513 514/514 515/515
f 514/514 513/513 516/516
f 517/517 518/518 519/519
f 518/518 517/517 520/520
f 518/518 520/520 521/521
f 518/518 521/521 522/522
f 522/522 521/521 523/523
f 522/522 523/523 524/524
f 525/525 526/526 527/527
f 526/526 525/525 528/528
f 529/529 530/530 531/531
f 530/530 529/529 532/532
f 532/532 529/529 533/533
f 533/533 529/529 534/534
f 533/533 534/534 535/535
f 535/535 534/534 536/536
f 537/537 538/538 539/539
f 538/538 537/537 540/540
f 541/541 542/542 543/543
f 542/542 541/541 544/544
f 545/545 546/546 547/547
f 546/546 545/545 548/548
f 549/549 550/550 551/551
f 550/550 549/549 552/552
f 553/553 554/554 555/555
f 554/554 553/553 556/556
f 557/557 558/558 559/559
f 558/558 557/557 560/560
f 561/561 562/562 563/563
f 564/564 565/565 566/566
f 565/565 564/564 567/567
f 567/567 564/564 562/562
f 567/567 562/562 568/568
f 568/568 562/562 561/561
f 569/569 570/570 571/571
f 570/570 569/569 572/572
f 573/573 574/574 575/575
f 574/574 573/573 576/576
f 574/574 576/576 577/577
f 577/577 576/576 578/578
f 577/577 578/578 579/579
f 579/579 578/578 580/580
f 581/581 582/582 583/583
f 584/584 585/585 586/586
f 587/587 588/588 589/589
f 590/590 591/591 592/592
f 593/593 594/594 595/595
f 594/594 593/593 596/596
f 597/597 598/598 599/599
f 600/600 601/601 602/602
f 603/603 604/604 605/605
f 606/606 607/607 608/608
f 609/609 610/610 611/611
f 610/610 609/609 612/612
f 613/613 614/614 615/615
f 614/614 613/613 616/616
f 617/617 618/618 619/619
f 618/618 617/617 620/620
f 620/620 617/617 621/621
f 622/622 623/623 624/624
f 623/623 622/622 625/625
f 626/626 628/628 630/630
f 631/631 632/632 633/633
f 634/634 635/635 636/636
f 635/635 634/634 637/637
f 638/638 627/627 630/630
f 639/639 640/640 641/641
f 640/640 639/639 642/642
f 643/643 644/644 645/645
f 644/644 643/643 646/646
f 630/630 629/629 647/647
f 648/648 649/649 650/650
f 651/651 652/652 653/653
f 654/654 655/655 656/656
f 657/657 658/658 659/659
f 658/658 657/657 660/660
f 661/661 662/662 663/663
f 662/662 661/661 664/664
f 665/665 666/666 667/667
f 655/655 668/668 669/669
f 670/670 671/671 672/672
f 671/671 670/670 673/673
f 674/674 675/675 676/676
f 677/677 678/678 679/679
f 678/678 677/677 680/680
f 654/654 668/668 655/655
f 681/681 682/682 683/683
f 682/682 681/681 684/684
f 685/685 686/686 687/687
f 686/686 685/685 688/688
f 689/689 690/690 691/691
f 690/690 689/689 692/692
f 693/693 694/694 695/695
f 694/694 693/693 696/696
f 697/697 698/698 699/699
f 698/698 697/697 700/700
f 698/698 700/700 701/701
f 701/701 700/700 702/702
f 701/701 702/702 703/703
f 703/703 702/702 704/704
f 705/705 706/706 707/707
f 706/706 705/705 708/708
f 709/709 710/710 711/711
f 712/712 713/713 714/714
f 713/713 712/712 715/715
f 715/715 712/712 710/710
f 715/715 710/710 716/716
f 716/716 710/710 709/709
f 717/717 718/718 719/719
f 718/718 717/717 720/720
f 721/721 722/722 723/723
f 722/722 721/721 724/724
f 725/725 726/726 727/727
f 726/726 725/725 728/728
f 729/729 730/730 731/731
f 730/730 729/729 732/732
f 733/733 734/734 735/735
f 734/734 733/733 736/736
f 737/737 738/738 739/739
f 738/738 737/737 740/740
f 741/741 742/742 743/743
f 744/744 745/745 746/746
f 745/745 744/744 747/747
f 747/747 744/744 742/742
f 747/747 742/742 748/748
f 748/748 742/742 741/741
f 749/749 750/750 751/751
f 750/750 749/749 752/752
f 753/753 754/754 755/755
f 754/754 753/753 756/756
f 754/754 756/756 757/757
f 757/757 756/756 758/758
f 757/757 758/758 759/759
f 759/759 758/758 760/760
f 761/761 762/762 763/763
f 764/764 765/765 766/766
f 765/765 764/764 767/767
f 768/768 769/769 770/770
f 771/771 772/772 773/773
f 774/774 775/775 776/776
f 777/777 778/778 779/779
f 780/780 781/781 782/782
f 783/783 784/784 785/785
f 786/786 787/787 788/788
f 789/789 790/790 791/791
f 790/790 789/789 792/792
f 793/793 794/794 795/795
f 794/794 793/793 796/796
f 794/794 796/796 797/797
f 794/794 797/797 798/798
f 798/798 797/797 799/799
f 798/798 799/799 800/800
f 801/801 802/802 803/803
f 802/802 801/801 804/804
f 805/805 806/806 807/807
f 806/806 805/805 808/808
f 808/808 805/805 809/809
f 809/809 805/805 810/810
f 809/809 810/810 811/811
f 811/811 810/810 812/812
f 813/813 814/814 815/815
f 814/814 813/813 816/816
f 817/817 818/818 819/819
f 818/818 817/817 820/820
f 821/821 822/822 823/823
f 822/822 821/821 824/824
f 825/825 826/826 827/827
f 826/826 825/825 828/828
f 829/829 830/830 831/831
f 830/830 829/829 832/832
f 833/833 834/834 835/835
f 834/834 833/833 836/836
f 837/837 838/838 839/839
f 838/838 837/837 840/840
f 838/838 840/840 841/841
f 838/838 841/841 842/842
f 842/842 841/841 843/843
f 842/842 843/843 844/844
f 845/845 846/846 847/847
f 846/846 845/845 848/848
f 849/849 850/850 851/851
f 850/850 849/849 852/852
f 852/852 849/849 853/853
f 853/853 849/849 854/854
f 853/853 854/854 855/855
f 855/855 854/854 856/856
f 857/857 858/858 859/859
f 858/858 857/857 860/860
f 861/861 862/862 863/863
f 862/862 861/861 864/864
f 865/865 866/866 867/867
f 866/866 865/865 868/868
f 869/869 870/870 871/871
f 870/870 869/869 872/872
f 873/873 874/874 875/875
f 874/874 873/873 876/876
f 877/877 878/878 879/879
f 878/878 877/877 880/880
f 881/881 882/882 883/883
f 882/882 881/881 884/884
f 885/885 886/886 887/887
f 886/886 885/885 888/888
f 889/889 890/890 891/891
f 890/890 889/889 892/892
f 893/893 894/894 895/895
f 894/894 893/893 896/896
f 897/897 898/898 899/899
f 898/898 897/897 900/900
f 901/901 902/902 903/903
f 902/902 901/901 904/904
f 905/905 906/906 907/907
f 906/906 905/905 908/908
f 909/909 910/910 911/911
f 910/910 909/909 912/912
f 913/913 914/914 915/915
f 914/914 913/913 916/916
f 917/917 918/918 919/919
f 918/918 917/917 920/920
f 921/921 922/922 923/923
f 922/922 921/921 924/924
f 925/925 926/926 927/927
f 926/926 925/925 928/928
f 929/929 930/930 931/931
f 930/930 929/929 932/932
f 933/933 934/934 935/935
f 934/934 933/933 936/936
f 937/937 938/938 939/939
f 938/938 937/937 940/940
f 941/941 942/942 943/943
f 942/942 941/941 944/944
f 945/945 946/946 947/947
f 946/946 945/945 948/948
f 949/949 950/950 951/951
f 950/950 949/949 952/952
f 950/950 952/952 953/953
f 953/953 952/952 954/954
f 953/953 954/954 955/955
f 955/955 954/954 956/956
f 957/957 958/958 959/959
f 958/958 957/957 960/960
f 961/961 962/962 963/963
f 964/964 965/965 966/966
f 965/965 964/964 967/967
f 967/967 964/964 962/962
f 967/967 962/962 968/968
f 968/968 962/962 961/961
f 969/969 970/970 971/971
f 970/970 969/969 972/972
f 973/973 974/974 975/975
f 974/974 973/973 976/976
f 977/977 978/978 979/979
f 980/980 981/981 982/982
f 983/983 984/984 985/985
f 984/984 983/983 986/986
f 987/987 988/988 989/989
f 990/990 991/991 992/992
f 993/993 994/994 995/995
f 994/994 993/993 996/996
f 997/997 998/998 999/999
f 998/998 997/997 1000/1000
f 1001/1001 1002/1002 1003/1003
f 1002/1002 1001/1001 1004/1004
f 1005/1005 1006/1006 1007/1007
f 1006/1006 1005/1005 1008/1008
f 1009/1009 1010/1010 1011/1011
f 1010/1010 1009/1009 1012/1012
f 1013/1013 1014/1014 1015/1015
f 1014/1014 1013/1013 1016/1016
f 1017/1017 1018/1018 1019/1019
f 1018/1018 1017/1017 1020/1020
f 1018/1018 1020/1020 1021/1021
f 1021/1021 1020/1020 1022/1022
f 1023/1023 1024/1024 1025/1025
f 1024/1024 1023/1023 1026/1026
f 1027/1027 1028/1028 1029/1029
f 1028/1028 1027/1027 1030/1030
f 1030/1030 1027/1027 1031/1031
f 1030/1030 1031/1031 1032/1032
f 1033/1033 1034/1034 1035/1035
f 1034/1034 1033/1033 1036/1036
f 1037/1037 1038/1038 1039/1039
f 1038/1038 1037/1037 1040/1040
f 1041/1041 1042/1042 1043/1043
f 1044/1044 1045/1045 1046/1046
f 1047/1047 1048/1048 1049/1049
f 1050/1050 1051/1051 1052/1052
f 1053/1053 1054/1054 1055/1055
f 1054/1054 1053/1053 1056/1056
f 1057/1057 1058/1058 1059/1059
f 1058/1058 1057/1057 1060/1060
f 1058/1058 1060/1060 1061/1061
f 1058/1058 1061/1061 1062/1062
f 1062/1062 1061/1061 1063/1063
f 1062/1062 1063/1063 1064/1064
f 1065/1065 1066/1066 1067/1067
f 1066/1066 1065/1065 1068/1068
f 1069/1069 1070/1070 1071/1071
f 1070/1070 1069/1069 1072/1072
f 1072/1072 1069/1069 1073/1073
f 1073/1073 1069/1069 1074/1074
f 1073/1073 1074/1074 1075/1075
f 1075/1075 1074/1074 1076/1076
f 1077/1077 1078/1078 1079/1079
f 1078/1078 1077/1077 1080/1080
f 1081/1081 1082/1082 1083/1083
f 1082/1082 1081/1081 1084/1084
f 1085/1085 1086/1086 1087/1087
f 1086/1086 1085/1085 1088/1088
f 1089/1089 1090/1090 1091/1091
f 1092/1092 1093/1093 1094/1094
f 1095/1095 1096/1096 1097/1097
f 1098/1098 1099/1099 1100/1100
f 1101/1101 1102/1102 1103/1103
f 1102/1102 1101/1101 1104/1104
f 1105/1105 1106/1106 1107/1107
f 1106/1106 1105/1105 1108/1108
f 1109/1109 1110/1110 1111/1111
f 1110/1110 1109/1109 1112/1112
f 1113/1113 1114/1114 1115/1115
f 1114/1114 1113/1113 1116/1116
f 1121/1121 1122/1122 1123/1123
f 1122/1122 1121/1121 1124/1124
f 1125/1125 1126/1126 1127/1127
f 1126/1126 1125/1125 1128/1128
f 1129/1129 1130/1130 1131/1131
f 1130/1130 1129/1129 1132/1132
f 1130/1130 1132/1132 1133/1133
f 1133/1133 1132/1132 1134/1134
f 1135/1135 1136/1136 1137/1137
f 1136/1136 1135/1135 1138/1138
f 1139/1139 1140/1140 1141/1141
f 1140/1140 1139/1139 1142/1142
f 1142/1142 1139/1139 1143/1143
f 1142/1142 1143/1143 1144/1144
f 1119/1119 1118/1118 1120/1120
f 1118/1118 1119/1119 1117/1117
f 1145/1145 1146/1146 1147/1147
f 1146/1146 1145/1145 1148/1148
f 1149/1149 1150/1150 1151/1151
f 1150/1150 1149/1149 1152/1152
f 1153/1153 1154/1154 1155/1155
f 1154/1154 1153/1153 1156/1156
f 1157/1157 1158/1158 1159/1159
f 1158/1158 1157/1157 1160/1160
f 1161/1161 1162/1162 1163/1163
f 1162/1162 1161/1161 1164/1164
f 1162/1162 1164/1164 1165/1165
f 1165/1165 1164/1164 1166/1166
f 1165/1165 1166/1166 1167/1167
f 1167/1167 1166/1166 1168/1168
f 1169/1169 1170/1170 1171/1171
f 1170/1170 1169/1169 1172/1172
f 1173/1173 1174/1174 1175/1175
f 1174/1174 1173/1173 1176/1176
f 1176/1176 1173/1173 1177/1177
f 1176/1176 1177/1177 1178/1178
f 1178/1178 1177/1177 1179/1179
f 1178/1178 1179/1179 1180/1180
f 1181/1181 1182/1182 1183/1183
f 1182/1182 1181/1181 1184/1184
f 1185/1185 1186/1186 1187/1187
f 1186/1186 1185/1185 1188/1188
f 1189/1189 1190/1190 1191/1191
f 1190/1190 1189/1189 1192/1192
f 1193/1193 1194/1194 1195/1195
f 1194/1194 1193/1193 1196/1196
f 1197/1197 1198/1198 1199/1199
f 1198/1198 1197/1197 1200/1200
f 1201/1201 1202/1202 1203/1203
f 1202/1202 1201/1201 1204/1204
f 1205/1205 1206/1206 1207/1207
f 1206/1206 1205/1205 1208/1208
f 1209/1209 1210/1210 1211/1211
f 1210/1210 1209/1209 1212/1212
f 1213/1213 1214/1214 1215/1215
f 1214/1214 1213/1213 1216/1216
f 1221/1221 1222/1222 1223/1223
f 1222/1222 1221/1221 1224/1224
f 1225/1225 1226/1226 1227/1227
f 1226/1226 1225/1225 1228/1228
f 1229/1229 1230/1230 1231/1231
f 1230/1230 1229/1229 1232/1232
f 1230/1230 1232/1232 1233/1233
f 1233/1233 1232/1232 1234/1234
f 1235/1235 1236/1236 1237/1237
f 1236/1236 1235/1235 1238/1238
f 1239/1239 1240/1240 1241/1241
f 1240/1240 1239/1239 1242/1242
f 1242/1242 1239/1239 1243/1243
f 1242/1242 1243/1243 1244/1244
f 1219/1219 1218/1218 1220/1220
f 1218/1218 1219/1219 1217/1217
f 1245/1245 1246/1246 1247/1247
f 1246/1246 1245/1245 1248/1248
f 1249/1249 1250/1250 1251/1251
f 1250/1250 1249/1249 1252/1252
f 1253/1253 1254/1254 1255/1255
f 1254/1254 1253/1253 1256/1256
f 1257/1257 1258/1258 1259/1259
f 1258/1258 1257/1257 1260/1260
f 1261/1261 1262/1262 1263/1263
f 1262/1262 1261/1261 1264/1264
f 1266/1266 1267/1267 1268/1268
f 1267/1267 1266/1266 1269/1269
f 1270/1270 1271/1271 1272/1272
f 1271/1271 1270/1270 1273/1273
f 1275/1275 1276/1276 1277/1277
f 1276/1276 1275/1275 1278/1278
f 1279/1279 1280/1280 1281/1281
f 1280/1280 1279/1279 1282/1282
f 1265/1265 1283/1283 1262/1262
f 1283/1283 1265/1265 1284/1284
f 1285/1285 1286/1286 1287/1287
f 1286/1286 1285/1285 1288/1288
f 1289/1289 1274/1274 1270/1270
f 1274/1274 1289/1289 1290/1290
f 1291/1291 1292/1292 1293/1293
f 1292/1292 1291/1291 1294/1294
f 1295/1295 1296/1296 1297/1297
f 1296/1296 1295/1295 1298/1298
f 1299/1299 1300/1300 1301/1301
f 1300/1300 1299/1299 1302/1302
f 1284/1284 1303/1303 1283/1283
f 1303/1303 1284/1284 1304/1304
f 1305/1305 1290/1290 1289/1289
f 1290/1290 1305/1305 1306/1306
f 1307/1307 1308/1308 1309/1309
f 1308/1308 1307/1307 1310/1310
f 1311/1311 1312/1312 1313/1313
f 1312/1312 1311/1311 1314/1314
f 1315/1315 1316/1316 1317/1317
f 1316/1316 1315/1315 1318/1318

